11區	(11 qū)
4S店	(sì s diàn)
502膠	(wǔ líng èr jiāo)
95後	(jiǔ wǔ hòu)
AA制	(aa zhì)
AB制	(a b zhì)
A菜	(a cài)
A貨	(a huò)
A咖	(a kā)
A片	(a piàn)
A圈兒	(a quān r)
BP機	(bp jī)
B超	(b chāo)
B格	(bī gé)
B型超聲	(b xíng chāo shēng)
B站	(b zhàn)
CP值	(cp zhí)
C羅	(c luó)
C盤	(c pán)
C位	(c wèi)
DNA鑒定	(d n a jiàn dìng)
e人	(e rén)
E仔	(e zǎi)
G點	(g diǎn)
G弦褲	(g xián kù)
H橋	(h qiáo)
IP劇	(i p jù)
i人	(i rén)
JK制服	(j k zhì fú)
K房	(k fáng)
K粉	(k fěn)
K歌	(k gē)
K人	(k rén)
K書	(k shū)
K他命	(k tā mìng)
K線	(k xiàn)
K線圖	(k xiàn tú)
K仔	(k zǎi)
L照	(l zhào)
M巾	(m jīn)
NG鏡頭	(n g jìng tóu)
NG片段	(n g piàn duàn)
N擋	(n dǎng)
N久	(n jiǔ)
OK繃	(ok bēng)
OK鏡	(o k jìng)
O型腿	(o xíng tuǐ)
PA部	(p a bù)
PO文	(pō wén)
P擋	(p dǎng)
P民	(p mín)
P圖	(p tú)
QR扣	(q r kòu)
Q彈	(q tán)
Q勁	(q jìn)
TF卡	(t f kǎ)
Tony老師	(t o n y lǎo shī)
T台	(t tái)
T型台	(t xíng tái)
T裇	(t xù)
T恤	(t xù)
T字褲	(t zì kù)
T字帳	(t zì zhàng)
UP主	(u p zhǔ)
USB手指	(u s b shǒu zhǐ)
U盾	(u dùn)
U盤	(u pán)
U凸內褲	(u tū nèi kù)
U形轉彎	(u xíng zhuǎn wān)
U型池	(u xíng chí)
U型枕	(u xíng zhěn)
V溝	(v gōu)
word姐	(w o r d jiě)
X光	(x guāng)
Z世代	(z shì dài)
吖丁啶	(ā dīng dìng)
吖啶	(ā dìng)
吖嗪	(ā qín)
嗄	(shà)
啊	(à)
啊呀	(ā yā)
啊喲	(ā yo)
哎	(āi)
哎呀	(āi yā)
哎唷	(āi yō)
哎喲	(āi yō)
哎呦	(āi yōu)
哀	(āi)
哀兵必勝	(āi bīng bì shèng)
哀愁	(āi chóu)
哀詞	(āi cí)
哀辭	(āi cí)
哀悼	(āi dào)
哀的美敦書	(āi dì měi dūn shū)
哀而不傷	(āi ér bù shāng)
哀告	(āi gào)
哀告賓服	(āi gào bīn fú)
哀歌	(āi gē)
哀嚎	(āi háo)
哀號	(āi háo)
哀鴻遍野	(āi hóng biàn yě)
哀毀骨立	(āi huǐ gǔ lì)
哀家	(āi jiā)
哀江南賦	(āi jiāng nán fù)
哀矜	(āi jīn)
哀哭	(āi kū)
哀憐	(āi lián)
哀憫	(āi mǐn)
哀鳴	(āi míng)
哀莫大於心死	(āi mò dà yú xīn sǐ)
哀平	(āi píng)
哀戚	(āi qī)
哀啟	(āi qǐ)
哀泣	(āi qì)
哀求	(āi qiú)
哀勸	(āi quàn)
哀榮	(āi róng)
哀傷	(āi shāng)
哀失	(āi shī)
哀思	(āi sī)
哀嘆	(āi tàn)
哀痛	(āi tòng)
哀慟	(āi tòng)
哀婉	(āi wǎn)
哀艷	(āi yàn)
哀豔	(āi yàn)
哀怨	(āi yuàn)
哀樂	(āi yuè)
哀子	(āi zǐ)
埃	(āi)
埃奧羅斯	(āi ào luó sī)
埃博拉	(āi bó lā)
埃博拉病毒	(āi bó lā bìng dú)
埃布羅	(āi bù luó)
埃布羅河	(āi bù luó hé)
埃德加	(āi dé jiā)
埃德加·愛倫·坡	(āi dé jiā · ài lún · pō)
埃德蒙	(āi dé méng)
埃德蒙·伯克	(āi dé méng · bó kè)
埃德蒙頓	(āi dé méng dùn)
埃迪卡拉	(āi dí kǎ lā)
埃迪卡拉紀	(āi dí kǎ lā jì)
埃爾福特	(āi ěr fú tè)
埃爾朗根	(āi ěr lǎng gēn)
埃爾朗根綱領	(āi ěr lǎng gēn gāng lǐng)
埃爾南德斯	(āi ěr nán dé sī)
埃爾帕索	(āi ěr pà suǒ)
埃爾維斯·普雷斯利	(āi ěr wéi sī · pǔ léi sī lì)
埃菲爾鐵塔	(āi fēi ěr tiě tǎ)
埃夫伯里	(āi fū bó lǐ)
埃弗頓	(āi fú dùn)
埃格爾松	(āi gé ěr sōng)
埃及	(āi jí)
埃及豆	(āi jí dòu)
埃及古物學	(āi jí gǔ wù xué)
埃及學	(āi jí xué)
埃及夜鷹	(āi jí yè yīng)
埃加迪群島	(āi jiā dí qún dǎo)
埃克托	(āi kè tuō)
埃克托·柏遼茲	(āi kè tuō · bó liáo zī)
埃拉特	(āi lā tè)
埃拉托斯特尼	(āi lā tuō sī tè ní)
埃蕾	(āi lěi)
埃里溫	(āi lǐ wēn)
埃利斯島	(āi lì sī dǎo)
埃琳娜	(āi lín nà)
埃隆·馬斯克	(āi lóng · mǎ sī kè)
埃曼塔	(āi màn tǎ)
埃米	(āi mǐ)
埃米爾	(āi mǐ ěr)
埃涅阿斯	(āi niè ā sī)
埃涅阿斯紀	(āi niè ā sī jì)
埃塞	(āi sài)
埃塞俄比亞	(āi sài é bǐ yà)
埃塞俄比亞界	(āi sài é bǐ yà jiè)
埃森	(āi sēn)
埃森納赫	(āi sēn nà hè)
埃森哲	(āi sēn zhé)
埃斯庫多	(āi sī kù duō)
埃斯庫羅斯	(āi sī kù luó sī)
埃斯特哈齊	(āi sī tè hā qí)
埃斯特朗	(āi sī tè lǎng)
埃塔	(āi tǎ)
埃特納火山	(āi tè nà huǒ shān)
埃文	(āi wén)
埃文河畔斯特拉特福	(āi wén hé pàn sī tè lā tè fú)
埃文斯	(āi wén sī)
埃敘	(āi xù)
埃因霍溫	(āi yīn huò wēn)
挨	(ái)
挨板子	(ái bǎn zi)
挨邊	(āi biān)
挨邊兒	(āi biān r)
挨不上	(āi bù shàng)
挨擦	(āi cā)
挨呲兒	(ái cī r)
挨次	(āi cì)
挨打	(ái dǎ)
挨打受罵	(ái dǎ shòu mà)
挨打受氣	(ái dǎ shòu qì)
挨鬥	(ái dòu)
挨餓	(ái è)
挨餓受凍	(ái è shòu dòng)
挨罰	(ái fá)
挨個	(āi gè)
挨個兒	(āi gè r)
挨戶	(āi hù)
挨飢抵餓	(ái jī dǐ è)
挨擠	(ái jǐ)
挨家	(āi jiā)
挨家挨戶	(āi jiā āi hù)
挨肩擦背	(āi jiān cā bèi)
挨肩兒	(āi jiān r)
挨近	(āi jìn)
挨剋	(ái kēi)
挨罵	(ái mà)
挨門	(āi mén)
挨批	(ái pī)
挨時間	(ái shí jiān)
挨說	(ái shuō)
挨踢	(āi tī)
挨頭子	(ái tóu zi)
挨延	(ái yán)
挨宰	(ái zǎi)
挨整	(ái zhěng)
挨著	(āi zhe)
挨揍	(ái zòu)
唉	(āi)
唉唉	(āi āi)
唉姐	(āi jiě)
唉聲嘆氣	(āi shēng tàn qì)
欸	(èi)
欸乃	(ǎi nǎi)
捱	(ái)
嘊	(ái)
敱	(ái)
毐	(ǎi)
㤅	(ài)
嗌	(ài)
愛	(ài)
愛愛	(ài ai)
愛奧華	(ài ào huá)
愛奧尼亞海	(ài ào ní yà hǎi)
愛彼迎	(ài bǐ yíng)
愛別離苦	(ài bié lí kǔ)
愛不忍釋	(ài bù rěn shì)
愛不釋手	(ài bù shì shǒu)
愛才	(ài cái)
愛才若渴	(ài cái ruò kě)
愛財	(ài cái)
愛財如命	(ài cái rú mìng)
愛巢	(ài cháo)
愛稱	(ài chēng)
愛詞霸	(ài cí bà)
愛達荷	(ài dá hé)
愛戴	(ài dài)
愛得死去活來	(ài de sǐ qù huó lái)
愛德	(ài dé)
愛德華	(ài dé huá)
愛德華·達拉第	(ài dé huá · dá lā dì)
愛德華島	(ài dé huá dǎo)
愛德華王子島	(ài dé huá wáng zǐ dǎo)
愛德華茲	(ài dé huá zī)
愛德玲	(ài dé líng)
愛德蒙	(ài dé méng)
愛德斯沃爾	(ài dé sī wò ěr)
愛迪生	(ài dí shēng)
愛丁堡	(ài dīng bǎo)
愛豆	(ài dòu)
愛耳日	(ài ěr rì)
愛爾蘭	(ài ěr lán)
愛爾蘭共和國	(ài ěr lán gòng hé guó)
愛爾蘭共和軍	(ài ěr lán gòng hé jūn)
愛爾蘭海	(ài ěr lán hǎi)
愛爾蘭人	(ài ěr lán rén)
愛爾蘭語	(ài ěr lán yǔ)
愛瘋	(ài fēng)
愛撫	(ài fǔ)
愛崗敬業	(ài gǎng jìng yè)
愛港	(ài gǎng)
愛國	(ài guó)
愛國如家	(ài guó rú jiā)
愛國衛生運動委員會	(ài guó wèi shēng yùn dòng wěi yuán huì)
愛國者	(ài guó zhě)
愛國主義	(ài guó zhǔ yì)
愛好	(ài hào)
愛好者	(ài hào zhě)
愛河	(ài hé)
愛荷華	(ài hé huá)
愛恨交加	(ài hèn jiāo jiā)
愛恨交織	(ài hèn jiāo zhī)
愛護	(ài hù)
愛輝區	(ài huī qū)
愛將	(ài jiàng)
愛經	(ài jīng)
愛克斯光	(ài kè sī guāng)
愛克斯射線	(ài kè sī shè xiàn)
愛哭鬼	(ài kū guǐ)
愛理不理	(ài lǐ bù lǐ)
愛立信	(ài lì xìn)
愛莉絲	(ài lì sī)
愛麗舍宮	(ài lì shè gōng)
愛麗斯泉	(ài lì sī quán)
愛麗絲	(ài lì sī)
愛麗絲漫遊奇境記	(ài lì sī màn yóu qí jìng jì)
愛麗絲泉	(ài lì sī quán)
愛憐	(ài lián)
愛戀	(ài liàn)
愛留根納	(ài liú gēn nà)
愛羅先珂	(ài luó xiān kē)
愛侶	(ài lǚ)
愛馬仕	(ài mǎ shì)
愛瑪	(ài mǎ)
愛瑪·沃特森	(ài mǎ · wò tè sēn)
愛美	(ài měi)
愛美之心，人皆有之	(ài měi zhī xīn , rén jiē yǒu zhī)
愛面子	(ài miàn zi)
愛民區	(ài mín qū)
愛民如子	(ài mín rú zǐ)
愛莫利維爾	(ài mò lì wéi ěr)
愛莫能助	(ài mò néng zhù)
愛默生	(ài mò shēng)
愛慕	(ài mù)
愛慕虛榮	(ài mù xū róng)
愛昵	(ài nì)
愛漂亮	(ài piào liang)
愛普生	(ài pǔ shēng)
愛琴海	(ài qín hǎi)
愛情	(ài qíng)
愛情片	(ài qíng piàn)
愛情喜劇	(ài qíng xǐ jù)
愛犬	(ài quǎn)
愛人	(ài ren)
愛人如己	(ài rén rú jǐ)
愛沙尼亞	(ài shā ní yà)
愛上	(ài shàng)
愛神	(ài shén)
愛誰誰	(ài shéi shéi)
愛斯基摩	(ài sī jī mó)
愛死病	(ài sǐ bìng)
愛晚亭	(ài wǎn tíng)
愛維養	(ài wéi yǎng)
愛衛會	(ài wèi huì)
愛問	(ài wèn)
愛窩窩	(ài wō wo)
愛屋及烏	(ài wū jí wū)
愛惜	(ài xī)
愛惜羽毛	(ài xī yǔ máo)
愛現	(ài xiàn)
愛心	(ài xīn)
愛心傘	(ài xīn sǎn)
愛新覺羅	(ài xīn jué luó)
愛意	(ài yì)
愛因斯坦	(ài yīn sī tǎn)
愛優騰	(ài yōu téng)
愛玉冰	(ài yù bīng)
愛玉子	(ài yù zǐ)
愛樂	(ài yuè)
愛樂樂團	(ài yuè yuè tuán)
愛憎	(ài zēng)
愛憎分明	(ài zēng fēn míng)
愛之如命	(ài zhī rú mìng)
愛知	(ài zhī)
愛滋	(ài zī)
愛滋病	(ài zī bìng)
愛滋病毒	(ài zī bìng dú)
愛子	(ài zǐ)
僾	(ài)
壒	(ài)
噯	(ǎi)
噯腐	(ǎi fǔ)
噯腐吞酸	(ǎi fǔ tūn suān)
噯氣	(ǎi qì)
噯氣腐臭	(ǎi qì fǔ chòu)
噯氣嘔逆	(ǎi qì ǒu nì)
噯氣酸腐	(ǎi qì suān fǔ)
噯氣吞酸	(ǎi qì tūn suān)
噯酸	(ǎi suān)
嬡	(ài)
曖	(ài)
曖昧	(ài mèi)
曖昧關係	(ài mèi guān xì)
安	(ān)
安安	(ān ān)
安邦	(ān bāng)
安邦定國	(ān bāng dìng guó)
安保	(ān bǎo)
安倍	(ān bèi)
安步當車	(ān bù dàng chē)
安瓿	(ān bù)
安瓿瓶	(ān bù píng)
安插	(ān chā)
安次區	(ān cì qū)
安達曼島	(ān dá màn dǎo)
安達曼海	(ān dá màn hǎi)
安達曼群島	(ān dá màn qún dǎo)
安達仕	(ān dá shì)
安達市	(ān dá shì)
安打	(ān dǎ)
安大略湖	(ān dà lüè hú)
安大略省	(ān dà lüè shěng)
安道爾	(ān dào ěr)
安道爾城	(ān dào ěr chéng)
安道爾共和國	(ān dào ěr gòng hé guó)
安得	(ān dé)
安得拉邦	(ān dé lā bāng)
安德肋	(ān dé lèi)
安德烈	(ān dé liè)
安德魯	(ān dé lǔ)
安地卡及巴布達	(ān dì kǎ jí bā bù dá)
安地斯	(ān dì sī)
安抵	(ān dǐ)
安第斯山脈	(ān dì sī shān mài)
安定	(ān dìng)
安定化	(ān dìng huà)
安定門	(ān dìng mén)
安定器	(ān dìng qì)
安定區	(ān dìng qū)
安定時間	(ān dìng shí jiān)
安東尼	(ān dōng ní)
安頓	(ān dùn)
安多芬	(ān duō fēn)
安多縣	(ān duō xiàn)
安放	(ān fàng)
安非他明	(ān fēi tā míng)
安非他命	(ān fēi tā mìng)
安分	(ān fèn)
安分守己	(ān fèn shǒu jǐ)
安福縣	(ān fú xiàn)
安撫	(ān fǔ)
安撫奶嘴	(ān fǔ nǎi zuǐ)
安富恤貧	(ān fù xù pín)
安富恤窮	(ān fù xù qióng)
安富尊榮	(ān fù zūn róng)
安哥拉	(ān gē lā)
安格爾	(ān gé ěr)
安格斯	(ān gé sī)
安格斯牛	(ān gé sī niú)
安圭拉	(ān guī lā)
安國市	(ān guó shì)
安好	(ān hǎo)
安好心	(ān hǎo xīn)
安化縣	(ān huà xiàn)
安徽大學	(ān huī dà xué)
安徽省	(ān huī shěng)
安魂彌撒	(ān hún mí sa)
安吉爾	(ān jí ěr)
安吉縣	(ān jí xiàn)
安吉星	(ān jí xīng)
安家	(ān jiā)
安家立業	(ān jiā lì yè)
安家落戶	(ān jiā luò hù)
安檢	(ān jiǎn)
安捷倫科技	(ān jié lún kē jì)
安靜	(ān jìng)
安居	(ān jū)
安居工程	(ān jū gōng chéng)
安居區	(ān jū qū)
安居樂業	(ān jū lè yè)
安卡拉	(ān kǎ lā)
安康	(ān kāng)
安康市	(ān kāng shì)
安可	(ān kě)
安克拉治	(ān kè lā zhì)
安克雷奇	(ān kè léi qí)
安拉	(ān lā)
安老院	(ān lǎo yuàn)
安理會	(ān lǐ huì)
安利	(ān lì)
安聯	(ān lián)
安龍縣	(ān lóng xiàn)
安陸市	(ān lù shì)
安祿山	(ān lù shān)
安曼	(ān màn)
安謐	(ān mì)
安眠	(ān mián)
安眠酮	(ān mián tóng)
安眠藥	(ān mián yào)
安民告示	(ān mín gào shì)
安娜	(ān nà)
安娜·卡列尼娜	(ān nà · kǎ liè ní nà)
安納波利斯	(ān nà bō lì sī)
安納托利亞	(ān nà tuō lì yà)
安乃近	(ān nǎi jìn)
安南	(ān nán)
安南區	(ān nán qū)
安南山脈	(ān nán shān mài)
安難	(ān nàn)
安妮	(ān nī)
安寧	(ān níng)
安寧病房	(ān níng bìng fáng)
安寧片	(ān níng piàn)
安寧區	(ān níng qū)
安寧市	(ān níng shì)
安排	(ān pái)
安培	(ān péi)
安培表	(ān péi biǎo)
安培計	(ān péi jì)
安培小時	(ān péi xiǎo shí)
安貧樂道	(ān pín lè dào)
安平區	(ān píng qū)
安平縣	(ān píng xiàn)
安瓶	(ān píng)
安琪兒	(ān qí ér)
安寢	(ān qǐn)
安慶市	(ān qìng shì)
安親班	(ān qīn bān)
安丘市	(ān qiū shì)
安全	(ān quán)
安全掣	(ān quán chè)
安全詞	(ān quán cí)
安全措施	(ān quán cuò shī)
安全帶	(ān quán dài)
安全島	(ān quán dǎo)
安全燈	(ān quán dēng)
安全閥	(ān quán fá)
安全感	(ān quán gǎn)
安全港	(ān quán gǎng)
安全局	(ān quán jú)
安全考慮	(ān quán kǎo lǜ)
安全褲	(ān quán kù)
安全理事會	(ān quán lǐ shì huì)
安全帽	(ān quán mào)
安全期	(ān quán qī)
安全氣囊	(ān quán qì náng)
安全殼	(ān quán ké)
安全套	(ān quán tào)
安全網	(ān quán wǎng)
安全問題	(ān quán wèn tí)
安全無事	(ān quán wú shì)
安全無虞	(ān quán wú yú)
安全性	(ān quán xìng)
安全眼罩	(ān quán yǎn zhào)
安然	(ān rán)
安然無恙	(ān rán wú yàng)
安人	(ān rén)
安仁縣	(ān rén xiàn)
安如磐石	(ān rú pán shí)
安如泰山	(ān rú tài shān)
安塞區	(ān sài qū)
安賽蜜	(ān sài mì)
安山岩	(ān shān yán)
安設	(ān shè)
安身	(ān shēn)
安身立命	(ān shēn lì mìng)
安神	(ān shén)
安生	(ān shēng)
安石榴	(ān shí liú)
安時	(ān shí)
安史之亂	(ān shǐ zhī luàn)
安士	(ān shì)
安適	(ān shì)
安舒	(ān shū)
安順市	(ān shùn shì)
安塔那那利佛	(ān tǎ nà nà lì fó)
安太歲	(ān tài suì)
安泰	(ān tài)
安特衛普	(ān tè wèi pǔ)
安提法	(ān tí fǎ)
安提瓜島	(ān tí guā dǎo)
安提瓜和巴布達	(ān tí guā hé bā bù dá)
安替比林	(ān tì bǐ lín)
安徒生	(ān tú shēng)
安圖縣	(ān tú xiàn)
安土重遷	(ān tǔ zhòng qiān)
安瓦爾	(ān wǎ ěr)
安危	(ān wēi)
安慰	(ān wèi)
安慰劑	(ān wèi jì)
安慰獎	(ān wèi jiǎng)
安穩	(ān wěn)
安息	(ān xī)
安息國	(ān xī guó)
安息茴香	(ān xī huí xiāng)
安息日	(ān xī rì)
安息香	(ān xī xiāng)
安息香科	(ān xī xiāng kē)
安息香屬	(ān xī xiāng shǔ)
安息香脂	(ān xī xiāng zhī)
安溪縣	(ān xī xiàn)
安閑	(ān xián)
安閑隨意	(ān xián suí yì)
安閑自得	(ān xián zì dé)
安閑自在	(ān xián zì zai)
安閒	(ān xián)
安閒舒適	(ān xián shū shì)
安鄉縣	(ān xiāng xiàn)
安祥	(ān xiáng)
安詳	(ān xiáng)
安歇	(ān xiē)
安心	(ān xīn)
安新縣	(ān xīn xiàn)
安陽市	(ān yáng shì)
安陽縣	(ān yáng xiàn)
安養	(ān yǎng)
安養院	(ān yǎng yuàn)
安逸	(ān yì)
安義縣	(ān yì xiàn)
安營	(ān yíng)
安營紮寨	(ān yíng zhā zhài)
安於	(ān yú)
安於現狀	(ān yú xiàn zhuàng)
安源區	(ān yuán qū)
安遠縣	(ān yuǎn xiàn)
安岳縣	(ān yuè xiàn)
安樂	(ān lè)
安樂區	(ān lè qū)
安樂死	(ān lè sǐ)
安樂窩	(ān lè wō)
安樂椅	(ān lè yǐ)
安匝	(ān zā)
安葬	(ān zàng)
安澤縣	(ān zé xiàn)
安貞	(ān zhēn)
安枕	(ān zhěn)
安之若素	(ān zhī ruò sù)
安置	(ān zhì)
安州區	(ān zhōu qū)
安裝	(ān zhuāng)
安裝包	(ān zhuāng bāo)
安卓	(ān zhuó)
安祖花	(ān zǔ huā)
桉	(ān)
桉樹	(ān shù)
桉葉油	(ān yè yóu)
庵	(ān)
庵堂	(ān táng)
啽	(án)
媕	(ān)
媕婀	(ān ē)
垵	(ǎn)
埯	(ǎn)
唵	(ǎn)
唵嘛呢叭咪吽	(ǎn má ní bā mī hōng)
揞	(ǎn)
晻	(àn)
㟁	(àn)
岸	(àn)
岸邊	(àn biān)
岸標	(àn biāo)
岸然	(àn rán)
岸上	(àn shàng)
按	(àn)
按兵不動	(àn bīng bù dòng)
按步就班	(àn bù jiù bān)
按部就班	(àn bù jiù bān)
按察	(àn chá)
按季	(àn jì)
按鍵	(àn jiàn)
按鍵音	(àn jiàn yīn)
按揭	(àn jiē)
按扣	(àn kòu)
按勞分配	(àn láo fēn pèi)
按理	(àn lǐ)
按理說	(àn lǐ shuō)
按立	(àn lì)
按脈	(àn mài)
按摩	(àn mó)
按摩棒	(àn mó bàng)
按摩師	(àn mó shī)
按摩浴缸	(àn mó yù gāng)
按納	(àn nà)
按捺	(àn nà)
按捺不住	(àn nà bu zhù)
按鈕	(àn niǔ)
按期	(àn qī)
按蹻	(àn qiāo)
按日	(àn rì)
按時	(àn shí)
按時間先後	(àn shí jiān xiān hòu)
按手禮	(àn shǒu lǐ)
按說	(àn shuō)
按天	(àn tiān)
按圖索驥	(àn tú suǒ jì)
按蚊	(àn wén)
按下	(àn xià)
按下葫蘆浮起瓢	(àn xià hú lú fú qǐ piáo)
按需	(àn xū)
按需出版	(àn xū chū bǎn)
按需分配	(àn xū fēn pèi)
按壓	(àn yā)
按語	(àn yǔ)
按月	(àn yuè)
按讚	(àn zàn)
按照	(àn zhào)
按診	(àn zhěn)
案	(àn)
案板	(àn bǎn)
案兵束甲	(àn bīng shù jiǎ)
案稱	(àn chèng)
案秤	(àn chèng)
案底	(àn dǐ)
案牘	(àn dú)
案發	(àn fā)
案發現場	(àn fā xiàn chǎng)
案甲休兵	(àn jiǎ xiū bīng)
案件	(àn jiàn)
案卷	(àn juàn)
案例	(àn lì)
案例法	(àn lì fǎ)
案情	(àn qíng)
案頭	(àn tóu)
案文	(àn wén)
案驗	(àn yàn)
案由	(àn yóu)
案語	(àn yǔ)
案子	(àn zi)
暗	(àn)
暗暗	(àn àn)
暗堡	(àn bǎo)
暗背雨燕	(àn bèi yǔ yàn)
暗藏	(àn cáng)
暗娼	(àn chāng)
暗潮	(àn cháo)
暗處	(àn chù)
暗瘡	(àn chuāng)
暗袋	(àn dài)
暗淡	(àn dàn)
暗道	(àn dào)
暗地	(àn dì)
暗地裡	(àn dì li)
暗疔	(àn dīng)
暗渡陳倉	(àn dù chén cāng)
暗煅	(àn duàn)
暗房	(àn fáng)
暗訪	(àn fǎng)
暗腹雪雞	(àn fù xuě jī)
暗公鳥	(àn gōng niǎo)
暗溝	(àn gōu)
暗光鳥	(àn guāng niǎo)
暗害	(àn hài)
暗含	(àn hán)
暗號	(àn hào)
暗合	(àn hé)
暗河	(àn hé)
暗盒	(àn hé)
暗黑	(àn hēi)
暗黑破壞神	(àn hēi pò huài shén)
暗花兒	(àn huā r)
暗灰鵑鵙	(àn huī juān jú)
暗疾	(àn jí)
暗記	(àn jì)
暗記兒	(àn jì r)
暗間兒	(àn jiān r)
暗箭	(àn jiàn)
暗礁	(àn jiāo)
暗經	(àn jīng)
暗井	(àn jǐng)
暗扣	(àn kòu)
暗虧	(àn kuī)
暗裡	(àn li)
暗戀	(àn liàn)
暗流	(àn liú)
暗鷺	(àn lù)
暗綠背鸕鶿	(àn lǜ bèi lú cí)
暗綠柳鶯	(àn lǜ liǔ yīng)
暗綠繡眼鳥	(àn lǜ xiù yǎn niǎo)
暗罵	(àn mà)
暗昧	(àn mèi)
暗冕鷦鶯	(àn miǎn jiāo yīng)
暗能量	(àn néng liàng)
暗器	(àn qì)
暗渠	(àn qú)
暗色鴉雀	(àn sè yā què)
暗沙	(àn shā)
暗殺	(àn shā)
暗傷	(àn shāng)
暗哨	(àn shào)
暗哨兒	(àn shào r)
暗示	(àn shì)
暗室	(àn shì)
暗適應	(àn shì yìng)
暗爽	(àn shuǎng)
暗送秋波	(àn sòng qiū bō)
暗算	(àn suàn)
暗鎖	(àn suǒ)
暗灘	(àn tān)
暗探	(àn tàn)
暗網	(àn wǎng)
暗無天日	(àn wú tiān rì)
暗物質	(àn wù zhì)
暗喜	(àn xǐ)
暗線光譜	(àn xiàn guāng pǔ)
暗香	(àn xiāng)
暗箱	(àn xiāng)
暗箱操作	(àn xiāng cāo zuò)
暗想	(àn xiǎng)
暗笑	(àn xiào)
暗星雲	(àn xīng yún)
暗胸朱雀	(àn xiōng zhū què)
暗影	(àn yǐng)
暗語	(àn yǔ)
暗喻	(àn yù)
暗指	(àn zhǐ)
暗滯	(àn zhì)
暗中	(àn zhōng)
暗中監視	(àn zhōng jiān shì)
暗轉	(àn zhuǎn)
暗樁	(àn zhuāng)
暗自	(àn zì)
卬	(áng)
枊	(àng)
昂	(áng)
昂昂	(áng áng)
昂昂溪區	(áng áng xī qū)
昂藏	(áng cáng)
昂船洲	(áng chuán zhōu)
昂奮	(áng fèn)
昂貴	(áng guì)
昂利	(áng lì)
昂納克	(áng nà kè)
昂然	(áng rán)
昂仁縣	(áng rén xiàn)
昂撒	(áng sā)
昂山	(áng shān)
昂山素季	(áng shān sù jì)
昂首	(áng shǒu)
昂首闊步	(áng shǒu kuò bù)
昂首天外	(áng shǒu tiān wài)
昂首挺胸	(áng shǒu tǐng xiōng)
昂揚	(áng yáng)
昻	(áng)
凹	(āo)
凹岸	(āo àn)
凹板	(āo bǎn)
凹版	(āo bǎn)
凹槽	(āo cáo)
凹雕	(āo diāo)
凹洞	(āo dòng)
凹度	(āo dù)
凹痕	(āo hén)
凹進	(āo jìn)
凹鏡	(āo jìng)
凹坑	(āo kēng)
凹面鏡	(āo miàn jìng)
凹朴皮	(āo pò pí)
凹入	(āo rù)
凹透鏡	(āo tòu jìng)
凹凸	(āo tū)
凹凸不平	(āo tū bù píng)
凹凸形	(āo tū xíng)
凹凸性	(āo tū xìng)
凹凸軋花	(āo tū yà huā)
凹凸印刷	(āo tū yìn shuā)
凹凸有致	(āo tū yǒu zhì)
凹紋	(āo wén)
凹陷	(āo xiàn)
凹線	(āo xiàn)
凹造型	(āo zào xíng)
㘭	(ào)
敖	(áo)
敖包	(áo bāo)
敖貝得	(áo bèi dé)
敖德薩	(áo dé sà)
敖廣	(áo guǎng)
敖漢	(áo hàn)
敖漢旗	(áo hàn qí)
敖閏	(áo rùn)
敖順	(áo shùn)
嶅	(áo)
嗷	(áo)
嗷嗷待哺	(áo áo dài bǔ)
廒	(áo)
摮	(áo)
媼	(ǎo)
媼神	(ǎo shén)
䴈	(ǎo)
抝	(ào)
垇	(ào)
坳	(ào)
坳陷	(ào xiàn)
拗	(ǎo)
拗不過	(niù bu guò)
拗斷	(ǎo duàn)
拗口	(ào kǒu)
拗口令	(ào kǒu lìng)
奡	(ào)
傲	(ào)
傲岸	(ào àn)
傲骨	(ào gǔ)
傲嬌	(ào jiāo)
傲立	(ào lì)
傲慢	(ào màn)
傲慢無禮	(ào màn wú lǐ)
傲慢與偏見	(ào màn yǔ piān jiàn)
傲睨	(ào nì)
傲氣	(ào qì)
傲然	(ào rán)
傲人	(ào rén)
傲視	(ào shì)
傲視群倫	(ào shì qún lún)
奧	(ào)
奧波萊	(ào bō lái)
奧布里	(ào bù lǐ)
奧黛	(ào dài)
奧黛莉	(ào dài lì)
奧黛麗	(ào dài lì)
奧德賽	(ào dé sài)
奧德修斯	(ào dé xiū sī)
奧地利	(ào dì lì)
奧迪	(ào dí)
奧迪修斯	(ào dí xiū sī)
奧丁	(ào dīng)
奧丁諧振器	(ào dīng xié zhèn qì)
奧爾巴尼	(ào ěr bā ní)
奧爾德尼島	(ào ěr dé ní dǎo)
奧爾德斯·赫胥黎	(ào ěr dé sī hè xū lí)
奧爾良	(ào ěr liáng)
奧古斯都	(ào gǔ sī dū)
奧古斯塔	(ào gǔ sī tǎ)
奧國	(ào guó)
奧胡斯	(ào hú sī)
奧會	(ào huì)
奧迹	(ào jì)
奧卡姆剃刀	(ào kǎ mǔ tì dāo)
奧康納	(ào kāng nà)
奧康內爾	(ào kāng nèi ěr)
奧克拉荷馬	(ào kè lā hé mǎ)
奧克蘭	(ào kè lán)
奧克蘇斯河	(ào kè sū sī hé)
奧客	(ào kè)
奧臘涅斯塔德	(ào là niè sī tǎ dé)
奧賴恩	(ào lài ēn)
奧蘭多	(ào lán duō)
奧蘭群島	(ào lán qún dǎo)
奧里里亞	(ào lǐ lǐ yà)
奧里薩邦	(ào lǐ sà bāng)
奧利安	(ào lì ān)
奧利奧	(ào lì ào)
奧利給	(ào lì gěi)
奧利維亞	(ào lì wéi yà)
奧林巴斯	(ào lín bā sī)
奧林匹克	(ào lín pǐ kè)
奧林匹克體育場	(ào lín pǐ kè tǐ yù chǎng)
奧林匹克運動會	(ào lín pǐ kè yùn dòng huì)
奧林匹克運動會組織委員會	(ào lín pǐ kè yùn dòng huì zǔ zhī wěi yuán huì)
奧林匹亞	(ào lín pǐ yà)
奧盧	(ào lú)
奧馬爾	(ào mǎ ěr)
奧馬哈	(ào mǎ hā)
奧米伽	(ào mǐ gā)
奧祕	(ào mì)
奧密克戎	(ào mì kè róng)
奧妙	(ào miào)
奧陌陌	(ào mò mò)
奧納西斯	(ào nà xī sī)
奧派	(ào pài)
奧切諾斯	(ào qiē nuò sī)
奧塞羅	(ào sài luó)
奧塞梯	(ào sài tī)
奧賽羅	(ào sài luó)
奧什	(ào shí)
奧氏體	(ào shì tǐ)
奧數	(ào shù)
奧司他韋	(ào sī tā wéi)
奧斯丁	(ào sī dīng)
奧斯卡	(ào sī kǎ)
奧斯卡金像獎	(ào sī kǎ jīn xiàng jiǎng)
奧斯陸	(ào sī lù)
奧斯曼	(ào sī màn)
奧斯曼帝國	(ào sī màn dì guó)
奧斯特洛夫斯基	(ào sī tè luò fū sī jī)
奧斯汀	(ào sī tīng)
奧斯瓦爾德	(ào sī wǎ ěr dé)
奧斯威辛	(ào sī wēi xīn)
奧斯威辛集中營	(ào sī wēi xīn jí zhōng yíng)
奧斯維辛	(ào sī wéi xīn)
奧陶紀	(ào táo jì)
奧陶系	(ào táo xì)
奧特萊斯	(ào tè lái sī)
奧特朗托	(ào tè lǎng tuō)
奧特朗托海峽	(ào tè lǎng tuō hǎi xiá)
奧特曼	(ào tè màn)
奧托	(ào tuō)
奧威爾	(ào wēi ěr)
奧維耶多	(ào wéi yē duō)
奧委會	(ào wěi huì)
奧西娜斯	(ào xī nuó sī)
奧援	(ào yuán)
奧運	(ào yùn)
奧運村	(ào yùn cūn)
奧運會	(ào yùn huì)
奧運賽	(ào yùn sài)
奧組委	(ào zǔ wěi)
嶴	(ào)
懊	(ào)
懊悔	(ào huǐ)
懊惱	(ào nǎo)
懊憹	(ào náo)
懊喪	(ào sàng)
八	(bā)
八八六	(bā bā liù)
八佰伴	(bā bǎi bàn)
八拜之交	(bā bài zhī jiāo)
八般頭風	(bā bān tóu fēng)
八寶丹	(bā bǎo dān)
八寶飯	(bā bǎo fàn)
八寶山	(bā bǎo shān)
八寶山革命公墓	(bā bǎo shān gé mìng gōng mù)
八寶眼藥	(bā bǎo yǎn yào)
八寶粥	(bā bǎo zhōu)
八倍體	(bā bèi tǐ)
八輩子	(bā bèi zi)
八邊形	(bā biān xíng)
八步區	(bā bù qū)
八成	(bā chéng)
八沖	(bā chōng)
八達嶺	(bā dá lǐng)
八達通	(bā dá tōng)
八達通卡	(bā dá tōng kǎ)
八大菜系	(bā dà cài xì)
八大元老	(bā dà yuán lǎo)
八帶蛸	(bā dài shāo)
八帶魚	(bā dài yú)
八疸	(bā dǎn)
八疸身面黃	(bā dǎn shēn miàn huáng)
八度	(bā dù)
八段錦	(bā duàn jǐn)
八二丹	(bā èr dān)
八法	(bā fǎ)
八法拳	(bā fǎ quán)
八方	(bā fāng)
八分音符	(bā fēn yīn fú)
八分之一	(bā fēn zhī yī)
八風穴	(bā fēng xué)
八杆子打不著	(bā gān zi dǎ bù zháo)
八竿子打不著	(bā gān zi dǎ bù zháo)
八綱	(bā gāng)
八綱辨證	(bā gāng biàn zhèng)
八哥	(bā ge)
八哥兒	(bā gē r)
八哥狗	(bā gē gǒu)
八公山區	(bā gōng shān qū)
八股	(bā gǔ)
八股文	(bā gǔ wén)
八卦	(bā guà)
八卦拳	(bā guà quán)
八卦山	(bā guà shān)
八卦掌	(bā guà zhǎng)
八卦陣	(bā guà zhèn)
八會穴	(bā huì xué)
八級風	(bā jí fēng)
八級工	(bā jí gōng)
八級工資制	(bā jí gōng zī zhì)
八極拳	(bā jí quán)
八加一	(bā jiā yī)
八家將	(bā jiā jiàng)
八角	(bā jiǎo)
八角床	(bā jiǎo chuáng)
八角楓	(bā jiǎo fēng)
八角茴香	(bā jiǎo huí xiāng)
八角街	(bā jiǎo jiē)
八角籠	(bā jiǎo lóng)
八角形	(bā jiǎo xíng)
八戒	(bā jiè)
八進制	(bā jìn zhì)
八九不離十	(bā jiǔ bù lí shí)
八開	(bā kāi)
八苦	(bā kǔ)
八塊腹肌	(bā kuài fù jī)
八廓	(bā kuò)
八廓街	(bā kuò jiē)
八老	(bā lǎo)
八里	(bā lǐ)
八里鄉	(bā lǐ xiāng)
八路軍	(bā lù jūn)
八美	(bā měi)
八面玲瓏	(bā miàn líng lóng)
八面體	(bā miàn tǐ)
八目鰻	(bā mù mán)
八婆	(bā pó)
八岐大蛇	(bā qí dà shé)
八旗子弟	(bā qí zǐ dì)
八強	(bā qiáng)
八強賽	(bā qiáng sài)
八榮八恥	(bā róng bā chǐ)
八聲杜鵑	(bā shēng dù juān)
八十	(bā shí)
八十天環遊地球	(bā shí tiān huán yóu dì qiú)
八宿縣	(bā sù xiàn)
八抬大轎	(bā tái dà jiào)
八仙	(bā xiān)
八仙過海，各顯神通	(bā xiān guò hǎi , gè xiǎn shén tōng)
八仙桌	(bā xiān zhuō)
八相成道	(bā xiàng chéng dào)
八小時工作制	(bā xiǎo shí gōng zuò zhì)
八行書	(bā háng shū)
八音	(bā yīn)
八音盒	(bā yīn hé)
八月	(bā yuè)
八月份	(bā yuè fèn)
八月之光	(bā yuè zhī guāng)
八爪魚	(bā zhuǎ yú)
八珍湯	(bā zhēn tāng)
八正道	(bā zhèng dào)
八重奏	(bā chóng zòu)
八字	(bā zì)
八字步	(bā zì bù)
八字方針	(bā zì fāng zhēn)
八字還沒一撇	(bā zì hái méi yī piě)
八字還沒一撇兒	(bā zì hái méi yī piě r)
八字鬍	(bā zì hú)
八字鬍鬚	(bā zì hú xū)
八字腳	(bā zì jiǎo)
八字沒一撇	(bā zì méi yī piě)
八字眉	(bā zì méi)
八字命理	(bā zì mìng lǐ)
八字形	(bā zì xíng)
丷	(bā)
仈	(bā)
巴	(bā)
巴阿	(bā ā)
巴巴	(bā bā)
巴巴多斯	(bā bā duō sī)
巴巴結結	(bā bā jiē jiē)
巴巴拉	(bā bā lā)
巴寶莉	(bā bǎo lì)
巴貝蟲病	(bā bèi chóng bìng)
巴貝多	(bā bèi duō)
巴貝氏蟲病	(bā bèi shì chóng bìng)
巴比Q	(bā bǐ q)
巴比倫	(bā bǐ lún)
巴比妥	(bā bǐ tuǒ)
巴閉	(bā bì)
巴不得	(bā bu de)
巴不能夠	(bā bù néng gòu)
巴布·狄倫	(bā bù dí lún)
巴布爾	(bā bù ěr)
巴布拉族	(bā bù lā zú)
巴布亞紐幾內亞	(bā bù yà niǔ jī nèi yà)
巴布亞新幾內亞	(bā bù yà xīn jǐ nèi yà)
巴布延群島	(bā bù yán qún dǎo)
巴楚縣	(bā chǔ xiàn)
巴達木	(bā dá mù)
巴旦木	(bā dàn mù)
巴旦杏	(bā dàn xìng)
巴德爾	(bā dé ěr)
巴登	(bā dēng)
巴登－符騰堡州	(bā dēng fú téng bǎo zhōu)
巴東縣	(bā dōng xiàn)
巴斗	(bā dǒu)
巴豆	(bā dòu)
巴豆殼	(bā dòu ké)
巴豆屬	(bā dòu shǔ)
巴豆樹	(bā dòu shù)
巴爾的摩	(bā ěr dì mó)
巴爾多祿茂	(bā ěr duō lù mào)
巴爾幹	(bā ěr gàn)
巴爾幹半島	(bā ěr gàn bàn dǎo)
巴爾喀什湖	(bā ěr kā shí hú)
巴爾舍夫斯基	(bā ěr shě fū sī jī)
巴爾扎克	(bā ěr zhā kè)
巴伐利亞	(bā fá lì yà)
巴甫洛夫	(bā fǔ luò fū)
巴高望上	(bā gāo wàng shàng)
巴哥	(bā gē)
巴哥犬	(bā gē quǎn)
巴格達	(bā gé dá)
巴格蘭	(bā gé lán)
巴格蘭省	(bā gé lán shěng)
巴哈	(bā hā)
巴哈馬	(bā hā mǎ)
巴哈伊	(bā hā yī)
巴赫	(bā hè)
巴唧	(bā ji)
巴唧巴唧	(bā ji bā ji)
巴基斯坦	(bā jī sī tǎn)
巴戟	(bā jǐ)
巴結	(bā jie)
巴解	(bā jiě)
巴解組織	(bā jiě zǔ zhī)
巴金	(bā jīn)
巴金森氏症	(bā jīn sēn shì zhèng)
巴卡拉瓦	(bā kǎ lā wǎ)
巴克科斯	(bā kè kē sī)
巴克拉瓦	(bā kè lā wǎ)
巴克萊	(bā kè lái)
巴克萊銀行	(bā kè lái yín háng)
巴克斯	(bā kè sī)
巴克特里亞	(bā kè tè lǐ yà)
巴克夏豬	(bā kè xià zhū)
巴控克什米爾	(bā kòng kè shí mǐ ěr)
巴枯寧主義	(bā kū níng zhǔ yì)
巴庫	(bā kù)
巴拉巴斯	(bā lā bā sī)
巴拉圭	(bā lā guī)
巴拉基列夫	(bā lā jī liè fū)
巴拉克	(bā lā kè)
巴拉馬利波	(bā lā mǎ lì bō)
巴勒莫	(bā lè mò)
巴勒斯坦	(bā lè sī tǎn)
巴勒斯坦解放組織	(bā lè sī tǎn jiě fàng zǔ zhī)
巴勒斯坦民族權力機構	(bā lè sī tǎn mín zú quán lì jī gòu)
巴厘	(bā lí)
巴厘島	(bā lí dǎo)
巴黎	(bā lí)
巴黎大學	(bā lí dà xué)
巴黎綠	(bā lí lǜ)
巴黎聖母院	(bā lí shèng mǔ yuàn)
巴里	(bā lǐ)
巴里坤草原	(bā lǐ kūn cǎo yuán)
巴里坤哈薩克自治縣	(bā lǐ kūn hā sà kè zì zhì xiàn)
巴力	(bā lì)
巴力門	(bā lì mén)
巴利	(bā lì)
巴利文	(bā lì wén)
巴林	(bā lín)
巴林右	(bā lín yòu)
巴林右旗	(bā lín yòu qí)
巴林左	(bā lín zuǒ)
巴林左旗	(bā lín zuǒ qí)
巴錄	(bā lù)
巴倫西亞	(bā lún xī yà)
巴倫支海	(bā lún zhī hǎi)
巴羅克	(bā luó kè)
巴洛克	(bā luò kè)
巴馬科	(bā mǎ kē)
巴馬乾酪	(bā mǎ gān lào)
巴馬瑤族自治縣	(bā mǎ yáo zú zì zhì xiàn)
巴莫	(bā mò)
巴拿芬	(bā ná fēn)
巴拿馬	(bā ná mǎ)
巴拿馬城	(bā ná mǎ chéng)
巴拿馬運河	(bā ná mǎ yùn hé)
巴南區	(bā nán qū)
巴尼亞盧卡	(bā ní yà lú kǎ)
巴紐	(bā niǔ)
巴前算後	(bā qián suàn hòu)
巴青縣	(bā qīng xiàn)
巴瑞	(bā ruì)
巴薩	(bā sà)
巴塞爾	(bā sài ěr)
巴塞隆納	(bā sài lóng nà)
巴塞羅那	(bā sài luó nà)
巴三覽四	(bā sān lǎn sì)
巴沙魚	(bā shā yú)
巴剎	(bā shā)
巴山	(bā shān)
巴山蜀水	(bā shān shǔ shuǐ)
巴山夜雨	(bā shān yè yǔ)
巴山越嶺	(bā shān yuè lǐng)
巴蛸	(bā shāo)
巴生	(bā shēng)
巴士	(bā shì)
巴士底	(bā shì dǐ)
巴士海峽	(bā shì hǎi xiá)
巴士拉	(bā shì lā)
巴士站	(bā shì zhàn)
巴氏	(bā shì)
巴氏殺菌	(bā shì shā jūn)
巴氏塗片	(bā shì tú piàn)
巴適	(bā shì)
巴蜀	(bā shǔ)
巴斯	(bā sī)
巴斯德	(bā sī dé)
巴斯蒂亞	(bā sī dì yà)
巴斯克	(bā sī kè)
巴斯克語	(bā sī kè yǔ)
巴斯特爾	(bā sī tè ěr)
巴松	(bā sōng)
巴松管	(bā sōng guǎn)
巴頌管	(bā sòng guǎn)
巴坦群島	(bā tǎn qún dǎo)
巴塘縣	(bā táng xiàn)
巴特	(bā tè)
巴特納	(bā tè nà)
巴鐵	(bā tiě)
巴頭探腦	(bā tóu tàn nǎo)
巴吞魯日	(bā tūn lǔ rì)
巴望	(bā wàng)
巴烏	(bā wū)
巴西	(bā xī)
巴西利亞	(bā xī lì yà)
巴西柔術	(bā xī róu shù)
巴西戰舞	(bā xī zhàn wǔ)
巴希爾	(bā xī ěr)
巴仙	(bā xiān)
巴先	(bā xiān)
巴縣	(bā xiàn)
巴心巴肝	(bā xīn bā gān)
巴新	(bā xīn)
巴顏喀拉	(bā yán kā lā)
巴彥淖爾市	(bā yàn nào ěr shì)
巴彥縣	(bā yàn xiàn)
巴耶利巴	(bā yē lì bā)
巴伊蘭大學	(bā yī lán dà xué)
巴宜區	(bā yí qū)
巴以	(bā yǐ)
巴音布克草原	(bā yīn bù kè cǎo yuán)
巴音郭楞蒙古自治州	(bā yīn guō léng měng gǔ zì zhì zhōu)
巴音滿都呼	(bā yīn mǎn dū hū)
巴宰族	(bā zǎi zú)
巴扎	(bā zhā)
巴掌	(bā zhang)
巴中市	(bā zhōng shì)
巴州	(bā zhōu)
巴州區	(bā zhōu qū)
巴祖卡	(bā zǔ kǎ)
扒	(bā)
扒車	(bā chē)
扒釘	(bā dīng)
扒飯	(pá fàn)
扒糞	(pá fèn)
扒高踩低	(pá gāo cǎi dī)
扒糕	(pá gāo)
扒灰	(pá huī)
扒開	(bā kāi)
扒拉	(bā la)
扒犁	(pá lí)
扒摟	(pá lou)
扒皮	(bā pí)
扒竊	(pá qiè)
扒手	(pá shǒu)
扒頭兒	(bā tou r)
扒屋牽牛	(bā wū qiān niú)
叭	(bā)
叭啦狗	(bā lā gǒu)
朳	(bā)
岜	(bā)
捌	(bā)
䰾	(bā)
䰾魚	(bā yú)
拔	(bá)
拔出蘿蔔帶出泥	(bá chū luó bo dài chū ní)
拔除	(bá chú)
拔萃	(bá cuì)
拔地	(bá dì)
拔地而起	(bá dì ér qǐ)
拔掉	(bá diào)
拔釘錘	(bá dīng chuí)
拔頂	(bá dǐng)
拔毒	(bá dú)
拔高	(bá gāo)
拔根	(bá gēn)
拔根汗毛比腰粗	(bá gēn hàn máo bǐ yāo cū)
拔罐	(bá guàn)
拔罐法	(bá guàn fǎ)
拔罐子	(bá guàn zi)
拔海	(bá hǎi)
拔河	(bá hé)
拔火罐	(bá huǒ guàn)
拔火罐兒	(bá huǒ guàn r)
拔尖	(bá jiān)
拔尖兒	(bá jiān r)
拔節	(bá jié)
拔節期	(bá jié qī)
拔涼拔涼	(bá liáng bá liáng)
拔毛	(bá máo)
拔毛連茹	(bá máo lián rú)
拔茅連茹	(bá máo lián rú)
拔茅茹	(bá máo rú)
拔錨	(bá máo)
拔苗助長	(bá miáo zhù zhǎng)
拔取	(bá qǔ)
拔群	(bá qún)
拔染	(bá rǎn)
拔示巴	(bá shì bā)
拔絲	(bá sī)
拔腿	(bá tuǐ)
拔牙	(bá yá)
拔秧	(bá yāng)
拔營	(bá yíng)
拔擢	(bá zhuó)
妭	(bá)
把	(bǎ)
把拔	(bǎ bá)
把柄	(bǎ bǐng)
把持	(bǎ chí)
把持不定	(bǎ chí bù dìng)
把舵	(bǎ duò)
把兒	(bà r)
把方便當隨便	(bǎ fāng biàn dàng suí biàn)
把風	(bǎ fēng)
把關	(bǎ guān)
把酒	(bǎ jiǔ)
把酒言歡	(bǎ jiǔ yán huān)
把控	(bǎ kòng)
把立	(bǎ lì)
把馬子	(bǎ mǎ zi)
把脈	(bǎ mài)
把妹	(bǎ mèi)
把袂	(bǎ mèi)
把門	(bǎ mén)
把尿	(bǎ niào)
把弄	(bǎ nòng)
把屎	(bǎ shǐ)
把式	(bǎ shì)
把手	(bǎ shǒu)
把守	(bǎ shǒu)
把頭	(bǎ tóu)
把玩	(bǎ wán)
把穩	(bǎ wěn)
把握	(bǎ wò)
把戲	(bǎ xì)
把心放在肚子裡	(bǎ xīn fàng zài dù zi lǐ)
把兄弟	(bǎ xiōng dì)
把子	(bà zi)
把總	(bǎ zǒng)
㞎	(bǎ)
㞎㞎	(bǎ ba)
弝	(bà)
垻	(bà)
壩	(bà)
欛	(bà)
吧	(ba)
吧嗒	(bā da)
吧唧	(bā jī)
吧唧吧唧	(bā ji bā ji)
吧啦吧啦	(bā lā bā lā)
吧女	(bā nǚ)
吧台	(bā tái)
吧托	(bā tuō)
吧托女	(bā tuō nǚ)
吧務	(bā wù)
吧主	(bā zhǔ)
掰	(bāi)
掰掰	(bāi bāi)
掰扯	(bāi che)
掰開	(bāi kāi)
掰開揉碎	(bāi kāi róu suì)
掰手腕	(bāi shǒu wàn)
掰彎	(bāi wān)
掰腕子	(bāi wàn zi)
掰直	(bāi zhí)
佰	(bǎi)
柏	(bǎi)
柏柏爾	(bò bò ěr)
柏蒂切利	(bó dì qiè lì)
柏節松操	(bǎi jié sōng cāo)
柏舉之戰	(bǎi jǔ zhī zhàn)
柏克郡	(bó kè jùn)
柏克萊	(bǎi kè lái)
柏拉圖	(bó lā tú)
柏拉圖哲學	(bó lā tú zhé xué)
柏遼茲	(bó liáo zī)
柏林	(bó lín)
柏林工業大學	(bó lín gōng yè dà xué)
柏林牆	(bó lín qiáng)
柏林圍牆	(bó lín wéi qiáng)
柏崎	(bǎi qí)
柏崎市	(bǎi qí shì)
柏崎刈羽	(bǎi qí yì yǔ)
柏青哥	(bó qīng gē)
柏樹	(bǎi shù)
柏鄉縣	(bǎi xiāng xiàn)
柏油	(bǎi yóu)
柏油路	(bǎi yóu lù)
柏油馬路	(bǎi yóu mǎ lù)
柏悅	(bó yuè)
柏孜克里克千佛洞	(bó zī kè lǐ kè qiān fó dòng)
栢	(bǎi)
捭	(bǎi)
擺	(bǎi)
擺布	(bǎi bù)
擺出	(bǎi chū)
擺蕩	(bǎi dàng)
擺地攤	(bǎi dì tān)
擺動	(bǎi dòng)
擺渡	(bǎi dù)
擺渡車	(bǎi dù chē)
擺放	(bǎi fàng)
擺花架子	(bǎi huā jià zi)
擺晃	(bǎi huàng)
擺架子	(bǎi jià zi)
擺闊	(bǎi kuò)
擺爛	(bǎi làn)
擺了一道	(bǎi le yī dào)
擺龍門陣	(bǎi lóng mén zhèn)
擺輪	(bǎi lún)
擺賣	(bǎi mài)
擺滿	(bǎi mǎn)
擺門面	(bǎi mén miàn)
擺明	(bǎi míng)
擺弄	(bǎi nòng)
擺拍	(bǎi pāi)
擺盤	(bǎi pán)
擺平	(bǎi píng)
擺譜	(bǎi pǔ)
擺譜兒	(bǎi pǔ r)
擺設	(bǎi shè)
擺設兒	(bǎi she r)
擺事實講道理	(bǎi shì shí jiǎng dào lǐ)
擺飾	(bǎi shì)
擺手	(bǎi shǒu)
擺攤	(bǎi tān)
擺攤子	(bǎi tān zi)
擺脫	(bǎi tuō)
擺烏龍	(bǎi wū lóng)
擺線	(bǎi xiàn)
擺樣子	(bǎi yàng zi)
擺造型	(bǎi zào xíng)
擺鐘	(bǎi zhōng)
擺子	(bǎi zi)
拜	(bài)
拜把子	(bài bǎ zi)
拜拜	(bài bai)
拜別	(bài bié)
拜懺	(bài chàn)
拜城縣	(bài chéng xiàn)
拜倒	(bài dǎo)
拜登	(bài dēng)
拜讀	(bài dú)
拜訪	(bài fǎng)
拜佛	(bài fó)
拜會	(bài huì)
拜祭	(bài jì)
拜見	(bài jiàn)
拜節	(bài jié)
拜金	(bài jīn)
拜金女	(bài jīn nǚ)
拜金主義	(bài jīn zhǔ yì)
拜科努爾	(bài kē nǔ ěr)
拜科努爾航天發射基地	(bài kē nǔ ěr háng tiān fā shè jī dì)
拜倫	(bài lún)
拜魔	(bài mó)
拜你所賜	(bài nǐ suǒ cì)
拜年	(bài nián)
拜票	(bài piào)
拜泉縣	(bài quán xiàn)
拜人為師	(bài rén wéi shī)
拜認	(bài rèn)
拜師	(bài shī)
拜壽	(bài shòu)
拜堂	(bài táng)
拜天地	(bài tiān dì)
拜託	(bài tuō)
拜望	(bài wàng)
拜物教	(bài wù jiào)
拜謁	(bài yè)
拜占庭	(bài zhàn tíng)
敗	(bài)
敗北	(bài běi)
敗筆	(bài bǐ)
敗德	(bài dé)
敗毒	(bài dú)
敗光	(bài guāng)
敗壞	(bài huài)
敗火	(bài huǒ)
敗績	(bài jì)
敗家	(bài jiā)
敗家子	(bài jiā zǐ)
敗局	(bài jú)
敗類	(bài lèi)
敗柳殘花	(bài liǔ cán huā)
敗露	(bài lù)
敗落	(bài luò)
敗訴	(bài sù)
敗退	(bài tuì)
敗亡	(bài wáng)
敗胃	(bài wèi)
敗興	(bài xìng)
敗絮	(bài xù)
敗選	(bài xuǎn)
敗血症	(bài xuè zhèng)
敗戰	(bài zhàn)
敗仗	(bài zhàng)
敗陣	(bài zhèn)
敗子回頭	(bài zǐ huí tóu)
敗走	(bài zǒu)
扳	(bān)
扳本	(bān běn)
扳本兒	(bān běn r)
扳不倒兒	(bān bù dǎo r)
扳道	(bān dào)
扳道岔	(bān dào chà)
扳道員	(bān dào yuán)
扳動	(bān dòng)
扳回	(bān huí)
扳回一城	(bān huí yī chéng)
扳機	(bān jī)
扳價	(bān jià)
扳龍附鳳	(bān lóng fù fèng)
扳平	(bān píng)
扳鉗	(bān qián)
扳手	(bān shǒu)
扳罾	(bān zēng)
扳指	(bān zhǐ)
扳指兒	(bān zhǐ r)
扳子	(bān zi)
攽	(bān)
斑	(bān)
斑白	(bān bái)
斑斑	(bān bān)
斑背大尾鶯	(bān bèi dà wěi yīng)
斑背潛鴨	(bān bèi qián yā)
斑背燕尾	(bān bèi yàn wěi)
斑背噪鶥	(bān bèi zào méi)
斑鱉	(bān biē)
斑剝	(bān bō)
斑駁	(bān bó)
斑駮陸離	(bān bó lù lí)
斑翅鳳頭鵑	(bān chì fèng tóu juān)
斑翅椋鳥	(bān chì liáng niǎo)
斑翅鷯鶥	(bān chì liáo méi)
斑翅擬蠟嘴雀	(bān chì nǐ là zuǐ què)
斑翅山鶉	(bān chì shān chún)
斑翅朱雀	(bān chì zhū què)
斑點	(bān diǎn)
斑點狗	(bān diǎn gǒu)
斑鶇	(bān dōng)
斑海豹	(bān hǎi bào)
斑痕	(bān hén)
斑喉希鶥	(bān hóu xī méi)
斑姬鶲	(bān jī wēng)
斑姬啄木鳥	(bān jī zhuó mù niǎo)
斑魢	(bān jǐ)
斑頸穗鶥	(bān jǐng suì méi)
斑鳩	(bān jiū)
斑塊	(bān kuài)
斑斕	(bān lán)
斑鱧	(bān lǐ)
斑臉海番鴨	(bān liǎn hǎi fān yā)
斑椋鳥	(bān liáng niǎo)
斑羚	(bān líng)
斑鷺	(bān lù)
斑馬	(bān mǎ)
斑馬線	(bān mǎ xiàn)
斑馬魚	(bān mǎ yú)
斑頭大翠鳥	(bān tóu dà cuì niǎo)
斑頭綠擬啄木鳥	(bān tóu lǜ nǐ zhuó mù niǎo)
斑頭鵂鶹	(bān tóu xiū liú)
斑頭雁	(bān tóu yàn)
斑禿	(bān tū)
斑尾塍鷸	(bān wěi chéng yù)
斑尾鵑鳩	(bān wěi juān jiū)
斑尾林鴿	(bān wěi lín gē)
斑尾榛雞	(bān wěi zhēn jī)
斑文鳥	(bān wén niǎo)
斑紋	(bān wén)
斑鶲	(bān wēng)
斑脅姬鶥	(bān xié jī méi)
斑脅田雞	(bān xié tián jī)
斑胸濱鷸	(bān xiōng bīn yù)
斑胸短翅鶯	(bān xiōng duǎn chì yīng)
斑胸鉤嘴鶥	(bān xiōng gōu zuǐ méi)
斑胸田雞	(bān xiōng tián jī)
斑胸噪鶥	(bān xiōng zào méi)
斑岩	(bān yán)
斑腰燕	(bān yāo yàn)
斑魚狗	(bān yú gǒu)
斑疹熱	(bān zhěn rè)
斑疹傷寒	(bān zhěn shāng hán)
斑竹	(bān zhú)
斑嘴鵜鶘	(bān zuǐ tí hú)
斑嘴鴨	(bān zuǐ yā)
搬	(bān)
搬兵	(bān bīng)
搬場	(bān chǎng)
搬出去	(bān chū qù)
搬唇遞舌	(bān chún dì shé)
搬動	(bān dòng)
搬家	(bān jiā)
搬口	(bān kǒu)
搬弄	(bān nòng)
搬弄是非	(bān nòng shì fēi)
搬鋪	(bān pù)
搬起石頭砸自己的腳	(bān qǐ shí tou zá zì jǐ de jiǎo)
搬遷	(bān qiān)
搬遷戶	(bān qiān hù)
搬請	(bān qǐng)
搬石頭砸自己的腳	(bān shí tou zá zì jǐ de jiǎo)
搬唆	(bān suō)
搬楦頭	(bān xuàn tou)
搬移	(bān yí)
搬用	(bān yòng)
搬運	(bān yùn)
搬運工	(bān yùn gōng)
搬指	(bān zhǐ)
搬磚	(bān zhuān)
搬磚砸腳	(bān zhuān zá jiǎo)
搬走	(bān zǒu)
斒	(bān)
坂	(bǎn)
坂本	(bǎn běn)
坂井	(bǎn jǐng)
岅	(bǎn)
板	(bǎn)
板板	(bǎn bǎn)
板板六十四	(bǎn bǎn liù shí sì)
板壁	(bǎn bì)
板擦	(bǎn cā)
板擦兒	(bǎn cā r)
板材	(bǎn cái)
板車	(bǎn chē)
板寸	(bǎn cùn)
板凳	(bǎn dèng)
板兒爺	(bǎn r yé)
板房	(bǎn fáng)
板斧	(bǎn fǔ)
板溝	(bǎn gōu)
板鼓	(bǎn gǔ)
板規	(bǎn guī)
板胡	(bǎn hú)
板結	(bǎn jié)
板塊	(bǎn kuài)
板塊構造	(bǎn kuài gòu zào)
板塊理論	(bǎn kuài lǐ lùn)
板藍根	(bǎn lán gēn)
板栗	(bǎn lì)
板臉	(bǎn liǎn)
板梁橋	(bǎn liáng qiáo)
板樓	(bǎn lóu)
板門店	(bǎn mén diàn)
板麵	(bǎn miàn)
板皮	(bǎn pí)
板橋	(bǎn qiáo)
板橋市	(bǎn qiáo shì)
板球	(bǎn qiú)
板上釘釘	(bǎn shàng dìng dīng)
板式塔	(bǎn shì tǎ)
板書	(bǎn shū)
板刷	(bǎn shuā)
板條	(bǎn tiáo)
板條箱	(bǎn tiáo xiāng)
板鞋	(bǎn xié)
板鴨	(bǎn yā)
板牙	(bǎn yá)
板煙	(bǎn yān)
板岩	(bǎn yán)
板眼	(bǎn yǎn)
板油	(bǎn yóu)
板羽球	(bǎn yǔ qiú)
板扎	(bǎn zhā)
板紙	(bǎn zhǐ)
板滯	(bǎn zhì)
板主	(bǎn zhǔ)
板築	(bǎn zhù)
板磚	(bǎn zhuān)
板樁	(bǎn zhuāng)
板狀	(bǎn zhuàng)
板子	(bǎn zi)
昄	(bǎn)
半	(bàn)
半白	(bàn bái)
半百	(bàn bǎi)
半半拉拉	(bàn bàn lā lā)
半保留複製	(bàn bǎo liú fù zhì)
半寶石	(bàn bǎo shí)
半輩子	(bàn bèi zi)
半壁江山	(bàn bì jiāng shān)
半邊	(bàn biān)
半邊天	(bàn biān tiān)
半表半裡	(bàn biǎo bàn lǐ)
半長軸	(bàn cháng zhóu)
半場	(bàn chǎng)
半成品	(bàn chéng pǐn)
半翅目	(bàn chì mù)
半打	(bàn dá)
半大	(bàn dà)
半大不小	(bàn dà bù xiǎo)
半大小子	(bàn dà xiǎo zǐ)
半島	(bàn dǎo)
半島電視台	(bàn dǎo diàn shì tái)
半島國際學校	(bàn dǎo guó jì xué xiào)
半導瓷	(bàn dǎo cí)
半導體	(bàn dǎo tǐ)
半點	(bàn diǎn)
半吊子	(bàn diào zi)
半懂不懂	(bàn dǒng bù dǒng)
半蹲	(bàn dūn)
半分	(bàn fēn)
半分兒	(bàn fēn r)
半封建	(bàn fēng jiàn)
半封建半殖民地	(bàn fēng jiàn bàn zhí mín dì)
半復賽	(bàn fù sài)
半個	(bàn ge)
半個人	(bàn ge rén)
半工半讀	(bàn gōng bàn dú)
半公開	(bàn gōng kāi)
半拱	(bàn gǒng)
半官方	(bàn guān fāng)
半胱氨酸	(bàn guāng ān suān)
半規管	(bàn guī guǎn)
半規則	(bàn guī zé)
半跏坐	(bàn jiā zuò)
半價	(bàn jià)
半間不界	(bàn gān bù gà)
半腱肌	(bàn jiàn jī)
半截	(bàn jié)
半截衫	(bàn jié shān)
半斤八兩	(bàn jīn bā liǎng)
半徑	(bàn jìng)
半決賽	(bàn jué sài)
半開半關	(bàn kāi bàn guān)
半開化	(bàn kāi huà)
半開門	(bàn kāi mén)
半開門兒	(bàn kāi mén r)
半空	(bàn kōng)
半空中	(bàn kōng zhōng)
半拉	(bàn lǎ)
半勞動力	(bàn láo dòng lì)
半老徐娘	(bàn lǎo xú niáng)
半流食	(bàn liú shí)
半流體	(bàn liú tǐ)
半路	(bàn lù)
半路出家	(bàn lù chū jiā)
半路殺出個程咬金	(bàn lù shā chū gè chéng yǎo jīn)
半裸	(bàn luǒ)
半裸體	(bàn luǒ tǐ)
半履帶車	(bàn lǚ dài chē)
半麻醉	(bàn má zuì)
半馬	(bàn mǎ)
半夢半醒	(bàn mèng bàn xǐng)
半明不滅	(bàn míng bù miè)
半膜肌	(bàn mó jī)
半年	(bàn nián)
半票	(bàn piào)
半瓶醋	(bàn píng cù)
半瓶水響叮噹	(bàn píng shuǐ xiǎng dīng dāng)
半坡	(bàn pō)
半坡村	(bàn pō cūn)
半坡遺址	(bàn pō yí zhǐ)
半蹼鷸	(bàn pǔ yù)
半旗	(bàn qí)
半橋	(bàn qiáo)
半球	(bàn qiú)
半人馬	(bàn rén mǎ)
半人馬座	(bàn rén mǎ zuò)
半日工作	(bàn rì gōng zuò)
半日制學校	(bàn rì zhì xué xiào)
半乳糖	(bàn rǔ táng)
半乳糖血症	(bàn rǔ táng xuè zhèng)
半山區	(bàn shān qū)
半山腰	(bàn shān yāo)
半晌	(bàn shǎng)
半身不遂	(bàn shēn bù suí)
半身像	(bàn shēn xiàng)
半神	(bàn shén)
半生	(bàn shēng)
半生不熟	(bàn shēng bù shóu)
半失業	(bàn shī yè)
半視野	(bàn shì yě)
半熟	(bàn shú)
半熟蛋	(bàn shú dàn)
半熟練	(bàn shú liàn)
半數	(bàn shù)
半數以上	(bàn shù yǐ shàng)
半衰期	(bàn shuāi qī)
半死	(bàn sǐ)
半糖夫妻	(bàn táng fū qī)
半天	(bàn tiān)
半條命	(bàn tiáo mìng)
半通不通	(bàn tōng bù tōng)
半桶水	(bàn tǒng shuǐ)
半透明	(bàn tòu míng)
半途	(bàn tú)
半途而廢	(bàn tú ér fèi)
半推半就	(bàn tuī bàn jiù)
半托	(bàn tuō)
半脫產	(bàn tuō chǎn)
半文盲	(bàn wén máng)
半無限	(bàn wú xiàn)
半夏	(bàn xià)
半響	(bàn xiǎng)
半信半疑	(bàn xìn bàn yí)
半腰	(bàn yāo)
半夜	(bàn yè)
半音	(bàn yīn)
半音程	(bàn yīn chéng)
半圓	(bàn yuán)
半圓形	(bàn yuán xíng)
半圓儀	(bàn yuán yí)
半月	(bàn yuè)
半月板	(bàn yuè bǎn)
半月瓣	(bàn yuè bàn)
半月刊	(bàn yuè kān)
半載	(bàn zǎi)
半真半假	(bàn zhēn bàn jiǎ)
半殖民地	(bàn zhí mín dì)
半職	(bàn zhí)
半中腰	(bàn zhōng yāo)
半軸	(bàn zhóu)
半自動	(bàn zì dòng)
半自耕農	(bàn zì gēng nóng)
扮	(bàn)
扮家家酒	(bàn jiā jiā jiǔ)
扮酷	(bàn kù)
扮相	(bàn xiàng)
扮演	(bàn yǎn)
扮豬吃老虎	(bàn zhū chī lǎo hǔ)
扮裝	(bàn zhuāng)
扮裝皇后	(bàn zhuāng huáng hòu)
伴	(bàn)
伴唱	(bàn chàng)
伴君如伴虎	(bàn jūn rú bàn hǔ)
伴郎	(bàn láng)
伴侶	(bàn lǚ)
伴娘	(bàn niáng)
伴熱	(bàn rè)
伴生氣	(bàn shēng qì)
伴手禮	(bàn shǒu lǐ)
伴隨	(bàn suí)
伴隨矩陣	(bàn suí jǔ zhèn)
伴同	(bàn tóng)
伴舞	(bàn wǔ)
伴星	(bàn xīng)
伴有	(bàn yǒu)
伴奏	(bàn zòu)
拌	(bàn)
拌炒	(bàn chǎo)
拌飯	(bàn fàn)
拌和	(bàn huò)
拌麵	(bàn miàn)
拌蒜	(bàn suàn)
拌種	(bàn zhǒng)
拌嘴	(bàn zuǐ)
拌嘴鬥舌	(bàn zuǐ dòu shé)
姅	(bàn)
柈	(pán)
梆	(bāng)
梆子	(bāng zi)
梆子腔	(bāng zi qiāng)
幇	(bāng)
幚	(bāng)
幫	(bāng)
幫辦	(bāng bàn)
幫幫忙	(bāng bang máng)
幫寶適	(bāng bǎo shì)
幫襯	(bāng chèn)
幫廚	(bāng chú)
幫倒忙	(bāng dào máng)
幫扶	(bāng fú)
幫工	(bāng gōng)
幫會	(bāng huì)
幫教	(bāng jiào)
幫忙	(bāng máng)
幫派	(bāng pài)
幫浦	(bāng pǔ)
幫腔	(bāng qiāng)
幫手	(bāng shou)
幫同	(bāng tóng)
幫閑	(bāng xián)
幫凶	(bāng xiōng)
幫兇	(bāng xiōng)
幫傭	(bāng yōng)
幫助	(bāng zhù)
幫子	(bāng zi)
榜	(bǎng)
榜笞	(péng chī)
榜單	(bǎng dān)
榜葛剌	(bǎng gé là)
榜首	(bǎng shǒu)
榜眼	(bǎng yǎn)
榜樣	(bǎng yàng)
榜一大哥	(bǎng yī dà gē)
棒	(bàng)
棒棒噠	(bàng bàng dā)
棒棒機	(bàng bàng jī)
棒棒糖	(bàng bàng táng)
棒棒腿	(bàng bàng tuǐ)
棒冰	(bàng bīng)
棒材	(bàng cái)
棒槌	(bàng chuí)
棒打鴛鴦	(bàng dǎ yuān yāng)
棒國	(bàng guó)
棒喝	(bàng hè)
棒極了	(bàng jí le)
棒磨機	(bàng mó jī)
棒球	(bàng qiú)
棒球迷	(bàng qiú mí)
棒賽	(bàng sài)
棒殺	(bàng shā)
棒壇	(bàng tán)
棒糖	(bàng táng)
棒旋星系	(bàng xuán xīng xì)
棒約翰	(bàng yuē hàn)
棒子	(bàng zi)
棒子國	(bàng zi guó)
棒子麵	(bàng zi miàn)
棒子麵兒	(bàng zi miàn r)
傍	(bàng)
傍邊	(bàng biān)
傍大款	(bàng dà kuǎn)
傍黑	(bàng hēi)
傍家兒	(bàng jiā r)
傍近	(bàng jìn)
傍亮	(bàng liàng)
傍柳隨花	(bàng liǔ suí huā)
傍人籬壁	(bàng rén lí bì)
傍人門戶	(bàng rén mén hù)
傍晚	(bàng wǎn)
傍午	(bàng wǔ)
塝	(bàng)
搒	(péng)
勹	(bāo)
包	(bāo)
包辦	(bāo bàn)
包辦代替	(bāo bàn dài tì)
包辦婚姻	(bāo bàn hūn yīn)
包包	(bāo bāo)
包被	(bāo bèi)
包庇	(bāo bì)
包菜	(bāo cài)
包藏	(bāo cáng)
包藏禍心	(bāo cáng huò xīn)
包層	(bāo céng)
包產	(bāo chǎn)
包產到戶	(bāo chǎn dào hù)
包產到戶制	(bāo chǎn dào hù zhì)
包長	(bāo cháng)
包場	(bāo chǎng)
包抄	(bāo chāo)
包車	(bāo chē)
包承組	(bāo chéng zǔ)
包乘	(bāo chéng)
包乘制	(bāo chéng zhì)
包乘組	(bāo chéng zǔ)
包吃包住	(bāo chī bāo zhù)
包船	(bāo chuán)
包打天下	(bāo dǎ tiān xià)
包待制	(bāo dài zhì)
包袋	(bāo dài)
包爾	(bāo ěr)
包二奶	(bāo èr nǎi)
包飯	(bāo fàn)
包房	(bāo fáng)
包封	(bāo fēng)
包袱	(bāo fu)
包袱底兒	(bāo fu dǐ r)
包袱皮兒	(bāo fu pí r)
包工	(bāo gōng)
包工頭	(bāo gōng tóu)
包公	(bāo gōng)
包穀	(bāo gǔ)
包管	(bāo guǎn)
包裹	(bāo guǒ)
包含	(bāo hán)
包涵	(bāo han)
包豪斯	(bāo háo sī)
包河區	(bāo hé qū)
包換	(bāo huàn)
包荒	(bāo huāng)
包活	(bāo huó)
包機	(bāo jī)
包夾	(bāo jiā)
包價	(bāo jià)
包價旅遊	(bāo jià lǚ yóu)
包間	(bāo jiān)
包剪錘	(bāo jiǎn chuí)
包漿	(bāo jiāng)
包剿	(bāo jiǎo)
包餃子	(bāo jiǎo zi)
包巾	(bāo jīn)
包金	(bāo jīn)
包莖	(bāo jīng)
包舉	(bāo jǔ)
包括	(bāo kuò)
包攬	(bāo lǎn)
包攬詞訟	(bāo lǎn cí sòng)
包里斯	(bāo lǐ sī)
包龍圖	(bāo lóng tú)
包羅	(bāo luó)
包羅萬象	(bāo luó wàn xiàng)
包埋	(bāo mái)
包茅	(bāo máo)
包米	(bāo mǐ)
包囊	(bāo náng)
包賠	(bāo péi)
包皮	(bāo pí)
包皮環切	(bāo pí huán qiē)
包皮環切術	(bāo pí huán qiē shù)
包票	(bāo piào)
包乾	(bāo gān)
包乾兒	(bāo gān r)
包乾制	(bāo gān zhì)
包青天	(bāo qīng tiān)
包容	(bāo róng)
包容心	(bāo róng xīn)
包柔氏螺旋體	(bāo róu shì luó xuán tǐ)
包商	(bāo shāng)
包身工	(bāo shēn gōng)
包氏螺旋體	(bāo shì luó xuán tǐ)
包書皮	(bāo shū pí)
包粟	(bāo sù)
包探	(bāo tàn)
包頭	(bāo tóu)
包頭市	(bāo tóu shì)
包退	(bāo tuì)
包退換	(bāo tuì huàn)
包圍	(bāo wéi)
包廂	(bāo xiāng)
包銷	(bāo xiāo)
包心菜	(bāo xīn cài)
包養	(bāo yǎng)
包夜	(bāo yè)
包衣	(bāo yī)
包衣種子	(bāo yī zhǒng zi)
包銀	(bāo yín)
包郵	(bāo yóu)
包圓兒	(bāo yuán r)
包月	(bāo yuè)
包在我身上	(bāo zài wǒ shēn shang)
包扎	(bāo zā)
包紮	(bāo zā)
包拯	(bāo zhěng)
包治百病	(bāo zhì bǎi bìng)
包住	(bāo zhù)
包裝	(bāo zhuāng)
包裝物	(bāo zhuāng wù)
包裝紙	(bāo zhuāng zhǐ)
包子	(bāo zi)
包子有肉不在褶上	(bāo zi yǒu ròu bù zài zhě shàng)
包租	(bāo zū)
孢	(bāo)
孢子	(bāo zǐ)
枹	(fū)
宀	(mián)
保	(bǎo)
保安	(bǎo ān)
保安部隊	(bǎo ān bù duì)
保安人員	(bǎo ān rén yuán)
保安團	(bǎo ān tuán)
保安族	(bǎo ān zú)
保本	(bǎo běn)
保鏢	(bǎo biāo)
保鑣	(bǎo biāo)
保不定	(bǎo bù dìng)
保不齊	(bǎo bu qí)
保不住	(bǎo bu zhù)
保殘守缺	(bǎo cán shǒu quē)
保藏	(bǎo cáng)
保長	(bǎo zhǎng)
保長對應	(bǎo cháng duì yìng)
保呈	(bǎo chéng)
保持	(bǎo chí)
保持器	(bǎo chí qì)
保存	(bǎo cún)
保單	(bǎo dān)
保德縣	(bǎo dé xiàn)
保底	(bǎo dǐ)
保定市	(bǎo dìng shì)
保爾	(bǎo ěr)
保爾森	(bǎo ěr sēn)
保費	(bǎo fèi)
保固	(bǎo gù)
保管	(bǎo guǎn)
保管箱	(bǎo guǎn xiāng)
保管員	(bǎo guǎn yuán)
保戶	(bǎo hù)
保護	(bǎo hù)
保護國	(bǎo hù guó)
保護劑	(bǎo hù jì)
保護模式	(bǎo hù mó shì)
保護區	(bǎo hù qū)
保護人	(bǎo hù rén)
保護傘	(bǎo hù sǎn)
保護色	(bǎo hù sè)
保護神	(bǎo hù shén)
保護性	(bǎo hù xìng)
保護者	(bǎo hù zhě)
保護主義	(bǎo hù zhǔ yì)
保皇黨	(bǎo huáng dǎng)
保惠師	(bǎo huì shī)
保級	(bǎo jí)
保加利亞	(bǎo jiā lì yà)
保家衛國	(bǎo jiā wèi guó)
保甲	(bǎo jiǎ)
保駕	(bǎo jià)
保駕護航	(bǎo jià hù háng)
保監會	(bǎo jiān huì)
保健	(bǎo jiàn)
保健操	(bǎo jiàn cāo)
保角	(bǎo jiǎo)
保角對應	(bǎo jiǎo duì yìng)
保潔	(bǎo jié)
保潔箱	(bǎo jié xiāng)
保靖縣	(bǎo jìng xiàn)
保康縣	(bǎo kāng xiàn)
保力龍	(bǎo lì lóng)
保利科技有限公司	(bǎo lì kē jì yǒu xiàn gōng sī)
保麗龍	(bǎo lì lóng)
保齡球	(bǎo líng qiú)
保留	(bǎo liú)
保留價	(bǎo liú jià)
保留劇目	(bǎo liú jù mù)
保留區	(bǎo liú qū)
保羅	(bǎo luó)
保媒	(bǎo méi)
保密	(bǎo mì)
保密協議	(bǎo mì xié yì)
保密性	(bǎo mì xìng)
保苗	(bǎo miáo)
保命	(bǎo mìng)
保母	(bǎo mǔ)
保姆	(bǎo mǔ)
保暖	(bǎo nuǎn)
保暖內衣	(bǎo nuǎn nèi yī)
保全	(bǎo quán)
保全員	(bǎo quán yuán)
保人	(bǎo rén)
保山市	(bǎo shān shì)
保墒	(bǎo shāng)
保濕	(bǎo shī)
保時捷	(bǎo shí jié)
保釋	(bǎo shì)
保守	(bǎo shǒu)
保守黨	(bǎo shǒu dǎng)
保守派	(bǎo shǒu pài)
保守主義	(bǎo shǒu zhǔ yì)
保稅	(bǎo shuì)
保稅區	(bǎo shuì qū)
保送	(bǎo sòng)
保胎	(bǎo tāi)
保特瓶	(bǎo tè píng)
保亭	(bǎo tíng)
保亭黎族苗族自治縣	(bǎo tíng lí zú miáo zú zì zhì xiàn)
保亭縣	(bǎo tíng xiàn)
保外就醫	(bǎo wài jiù yī)
保衛	(bǎo wèi)
保衛祖國	(bǎo wèi zǔ guó)
保溫	(bǎo wēn)
保溫杯	(bǎo wēn bēi)
保溫瓶	(bǎo wēn píng)
保鮮	(bǎo xiān)
保鮮膜	(bǎo xiān mó)
保鮮期	(bǎo xiān qī)
保鮮紙	(bǎo xiān zhǐ)
保險	(bǎo xiǎn)
保險單	(bǎo xiǎn dān)
保險燈	(bǎo xiǎn dēng)
保險費	(bǎo xiǎn fèi)
保險槓	(bǎo xiǎn gàng)
保險櫃	(bǎo xiǎn guì)
保險盒	(bǎo xiǎn hé)
保險人	(bǎo xiǎn rén)
保險絲	(bǎo xiǎn sī)
保險套	(bǎo xiǎn tào)
保險箱	(bǎo xiǎn xiāng)
保修	(bǎo xiū)
保修期	(bǎo xiū qī)
保研	(bǎo yán)
保養	(bǎo yǎng)
保養品	(bǎo yǎng pǐn)
保有	(bǎo yǒu)
保佑	(bǎo yòu)
保祐	(bǎo yòu)
保語	(bǎo yǔ)
保育	(bǎo yù)
保育箱	(bǎo yù xiāng)
保育院	(bǎo yù yuàn)
保障	(bǎo zhàng)
保障監督	(bǎo zhàng jiān dū)
保真度	(bǎo zhēn dù)
保證	(bǎo zhèng)
保證金	(bǎo zhèng jīn)
保證人	(bǎo zhèng rén)
保值	(bǎo zhí)
保質期	(bǎo zhì qī)
保種	(bǎo zhǒng)
保重	(bǎo zhòng)
保住	(bǎo zhù)
保准	(bǎo zhǔn)
保準	(bǎo zhǔn)
堡	(pù)
堡礁	(bǎo jiāo)
堡壘	(bǎo lěi)
堡壘機	(bǎo lěi jī)
堡寨	(bǎo zhài)
堡子	(bǔ zi)
媬	(bǎo)
寳	(bǎo)
寶	(bǎo)
寶安區	(bǎo ān qū)
寶爸	(bǎo bà)
寶寶	(bǎo bao)
寶貝	(bǎo bèi)
寶貝兒	(bǎo bèi r)
寶貝疙瘩	(bǎo bèi gē da)
寶藏	(bǎo zàng)
寶成鐵路	(bǎo chéng tiě lù)
寶船	(bǎo chuán)
寶刀不老	(bǎo dāo bù lǎo)
寶刀未老	(bǎo dāo wèi lǎo)
寶島	(bǎo dǎo)
寶地	(bǎo dì)
寶坻	(bǎo dǐ)
寶坻區	(bǎo dǐ qū)
寶典	(bǎo diǎn)
寶殿	(bǎo diàn)
寶豐縣	(bǎo fēng xiàn)
寶蓋	(bǎo gài)
寶蓋草	(bǎo gài cǎo)
寶貴	(bǎo guì)
寶葫蘆	(bǎo hú lu)
寶葫蘆的秘密	(bǎo hú lu de mì mì)
寶貨	(bǎo huò)
寶雞市	(bǎo jī shì)
寶嘉康蒂	(bǎo jiā kāng dì)
寶劍	(bǎo jiàn)
寶潔	(bǎo jié)
寶潔公司	(bǎo jié gōng sī)
寶可夢	(bǎo kě mèng)
寶庫	(bǎo kù)
寶萊塢	(bǎo lái wù)
寶藍	(bǎo lán)
寶麗金	(bǎo lì jīn)
寶麗來	(bǎo lì lái)
寶林	(bǎo lín)
寶媽	(bǎo mā)
寶馬	(bǎo mǎ)
寶馬香車	(bǎo mǎ xiāng chē)
寶瓶	(bǎo píng)
寶瓶座	(bǎo píng zuò)
寶清縣	(bǎo qīng xiàn)
寶山	(bǎo shān)
寶山區	(bǎo shān qū)
寶山鄉	(bǎo shān xiāng)
寶生佛	(bǎo shēng fó)
寶石	(bǎo shí)
寶書	(bǎo shū)
寶塔	(bǎo tǎ)
寶塔菜	(bǎo tǎ cài)
寶塔區	(bǎo tǎ qū)
寶特瓶	(bǎo tè píng)
寶貼	(bǎo tiē)
寶物	(bǎo wù)
寶興歌鶇	(bǎo xīng gē dōng)
寶興鶥雀	(bǎo xìng méi què)
寶興縣	(bǎo xīng xiàn)
寶血	(bǎo xuè)
寶應縣	(bǎo yìng xiàn)
寶玉	(bǎo yù)
寶誌	(bǎo zhì)
寶子	(bǎo zi)
寶座	(bǎo zuò)
抱	(bào)
抱抱	(bào bào)
抱抱團	(bào bào tuán)
抱抱裝	(bào bào zhuāng)
抱臂	(bào bì)
抱病	(bào bìng)
抱不平	(bào bù píng)
抱殘守缺	(bào cán shǒu quē)
抱成一團	(bào chéng yī tuán)
抱持	(bào chí)
抱粗腿	(bào cū tuǐ)
抱大腿	(bào dà tuǐ)
抱定	(bào dìng)
抱犢崮	(bào dú gù)
抱佛腳	(bào fó jiǎo)
抱負	(bào fù)
抱恨	(bào hèn)
抱恨黃泉	(bào hèn huáng quán)
抱恨終天	(bào hèn zhōng tiān)
抱愧	(bào kuì)
抱朴子	(bào pǔ zǐ)
抱歉	(bào qiàn)
抱屈	(bào qū)
抱拳	(bào quán)
抱石	(bào shí)
抱摔	(bào shuāi)
抱睡	(bào shuì)
抱死	(bào sǐ)
抱頭	(bào tóu)
抱頭鼠竄	(bào tóu shǔ cuàn)
抱頭痛哭	(bào tóu tòng kū)
抱團	(bào tuán)
抱窩	(bào wō)
抱薪救火	(bào xīn jiù huǒ)
抱養	(bào yǎng)
抱有	(bào yǒu)
抱怨	(bào yuàn)
抱枕	(bào zhěn)
報	(bào)
報案	(bào àn)
報班	(bào bān)
報備	(bào bèi)
報本反始	(bào běn fǎn shǐ)
報表	(bào biǎo)
報償	(bào cháng)
報仇	(bào chóu)
報仇雪恥	(bào chóu xuě chǐ)
報仇雪恨	(bào chóu xuě hèn)
報酬	(bào chou)
報春花	(bào chūn huā)
報錯	(bào cuò)
報答	(bào dá)
報單	(bào dān)
報導	(bào dǎo)
報到	(bào dào)
報道	(bào dào)
報道攝影師	(bào dào shè yǐng shī)
報德	(bào dé)
報毒	(bào dú)
報端	(bào duān)
報恩	(bào ēn)
報廢	(bào fèi)
報分	(bào fēn)
報復	(bào fù)
報復心	(bào fù xīn)
報復性	(bào fù xìng)
報告	(bào gào)
報告會	(bào gào huì)
報告書	(bào gào shū)
報告文學	(bào gào wén xué)
報告員	(bào gào yuán)
報功	(bào gōng)
報官	(bào guān)
報關	(bào guān)
報關員	(bào guān yuán)
報館	(bào guǎn)
報國	(bào guó)
報戶口	(bào hù kǒu)
報話機	(bào huà jī)
報價	(bào jià)
報價單	(bào jià dān)
報檢	(bào jiǎn)
報捷	(bào jié)
報界	(bào jiè)
報禁	(bào jìn)
報警	(bào jǐng)
報警器	(bào jǐng qì)
報刊	(bào kān)
報刊攤	(bào kān tān)
報刊亭	(bào kān tíng)
報考	(bào kǎo)
報料	(bào liào)
報料人	(bào liào rén)
報錄	(bào lù)
報錄人	(bào lù rén)
報名	(bào míng)
報名表	(bào míng biǎo)
報名費	(bào míng fèi)
報幕	(bào mù)
報盤	(bào pán)
報批	(bào pī)
報請	(bào qǐng)
報人	(bào rén)
報喪	(bào sāng)
報上	(bào shàng)
報社	(bào shè)
報審	(bào shěn)
報失	(bào shī)
報時	(bào shí)
報收	(bào shōu)
報數	(bào shù)
報稅	(bào shuì)
報稅表	(bào shuì biǎo)
報稅單	(bào shuì dān)
報攤	(bào tān)
報條	(bào tiáo)
報帖	(bào tiě)
報亭	(bào tíng)
報童	(bào tóng)
報頭	(bào tóu)
報窩	(bào wō)
報務員	(bào wù yuán)
報喜	(bào xǐ)
報喜不報憂	(bào xǐ bù bào yōu)
報系	(bào xì)
報銷	(bào xiāo)
報曉	(bào xiǎo)
報效	(bào xiào)
報信	(bào xìn)
報業	(bào yè)
報以	(bào yǐ)
報應	(bào yìng)
報應不爽	(bào yìng bù shuǎng)
報憂	(bào yōu)
報怨	(bào yuàn)
報載	(bào zǎi)
報摘	(bào zhāi)
報章	(bào zhāng)
報帳	(bào zhàng)
報賬	(bào zhàng)
報紙	(bào zhǐ)
報紙報導	(bào zhǐ bào dǎo)
報子	(bào zi)
暴	(bào)
暴斃	(bào bì)
暴病	(bào bìng)
暴打	(bào dǎ)
暴跌	(bào diē)
暴動	(bào dòng)
暴發	(bào fā)
暴發戶	(bào fā hù)
暴風	(bào fēng)
暴風圈	(bào fēng quān)
暴風雪	(bào fēng xuě)
暴風雨	(bào fēng yǔ)
暴風驟雨	(bào fēng zhòu yǔ)
暴富	(bào fù)
暴光	(bào guāng)
暴洪	(bào hóng)
暴虎馮河	(bào hǔ píng hé)
暴擊	(bào jī)
暴君	(bào jūn)
暴恐	(bào kǒng)
暴扣	(bào kòu)
暴雷	(bào léi)
暴力	(bào lì)
暴力法	(bào lì fǎ)
暴力犯罪	(bào lì fàn zuì)
暴力分揀	(bào lì fēn jiǎn)
暴利	(bào lì)
暴利稅	(bào lì shuì)
暴戾	(bào lì)
暴戾恣睢	(bào lì zì suī)
暴斂	(bào liǎn)
暴烈	(bào liè)
暴龍	(bào lóng)
暴龍科	(bào lóng kē)
暴龍屬	(bào lóng shǔ)
暴露	(bào lù)
暴露狂	(bào lù kuáng)
暴露癖	(bào lù pǐ)
暴露無遺	(bào lù wú yí)
暴亂	(bào luàn)
暴論	(bào lùn)
暴漫	(bào màn)
暴民	(bào mín)
暴怒	(bào nù)
暴虐	(bào nüè)
暴虐無道	(bào nüè wú dào)
暴胖	(bào pàng)
暴熱	(bào rè)
暴曬	(bào shài)
暴食	(bào shí)
暴食症	(bào shí zhèng)
暴瘦	(bào shòu)
暴死	(bào sǐ)
暴殄天物	(bào tiǎn tiān wù)
暴跳如雷	(bào tiào rú léi)
暴徒	(bào tú)
暴行	(bào xíng)
暴雪	(bào xuě)
暴雪鸌	(bào xuě hù)
暴牙	(bào yá)
暴飲暴食	(bào yǐn bào shí)
暴雨	(bào yǔ)
暴燥	(bào zào)
暴躁	(bào zào)
暴漲	(bào zhǎng)
暴政	(bào zhèng)
暴走	(bào zǒu)
暴走漫畫	(bào zǒu màn huà)
暴走鞋	(bào zǒu xié)
暴走族	(bào zǒu zú)
暴卒	(bào zú)
曓	(bào)
儤	(bào)
杯	(bēi)
杯墊	(bēi diàn)
杯蓋	(bēi gài)
杯葛	(bēi gé)
杯弓蛇影	(bēi gōng shé yǐng)
杯酒解怨	(bēi jiǔ jiě yuàn)
杯酒釋兵權	(bēi jiǔ shì bīng quán)
杯酒言歡	(bēi jiǔ yán huān)
杯具	(bēi jù)
杯麵	(bēi miàn)
杯盤狼藉	(bēi pán láng jí)
杯水車薪	(bēi shuǐ chē xīn)
杯套	(bēi tào)
杯托	(bēi tuō)
杯中物	(bēi zhōng wù)
杯子	(bēi zi)
卑	(bēi)
卑卑不足道	(bēi bēi bù zú dào)
卑鄙	(bēi bǐ)
卑鄙齷齪	(bēi bǐ wò chuò)
卑鄙無恥	(bēi bǐ wú chǐ)
卑不足道	(bēi bù zú dào)
卑辭厚幣	(bēi cí hòu bì)
卑辭厚禮	(bēi cí hòu lǐ)
卑爾根	(bēi ěr gēn)
卑躬屈節	(bēi gōng qū jié)
卑躬屈膝	(bēi gōng qū xī)
卑賤	(bēi jiàn)
卑劣	(bēi liè)
卑陋	(bēi lòu)
卑陋齷齪	(bēi lòu wò chuò)
卑南	(bēi nán)
卑南鄉	(bēi nán xiāng)
卑南族	(bēi nán zú)
卑怯	(bēi qiè)
卑親屬	(bēi qīn shǔ)
卑詩	(bēi shī)
卑微	(bēi wēi)
卑污	(bēi wū)
卑下	(bēi xià)
卑以自牧	(bēi yǐ zì mù)
卑之，毋甚高論	(bēi zhī , wú shèn gāo lùn)
卑之，無甚高論	(bēi zhī , wú shèn gāo lùn)
桮	(bēi)
揹	(bēi)
揹債	(bēi zhài)
椑	(bēi)
悲	(bēi)
悲哀	(bēi āi)
悲報	(bēi bào)
悲不自勝	(bēi bù zì shèng)
悲慘	(bēi cǎn)
悲慘世界	(bēi cǎn shì jiè)
悲惻	(bēi cè)
悲愁	(bēi chóu)
悲楚	(bēi chǔ)
悲愴	(bēi chuàng)
悲催	(bēi cuī)
悲摧	(bēi cuī)
悲悼	(bēi dào)
悲憤	(bēi fèn)
悲歌	(bēi gē)
悲歌當哭	(bēi gē dàng kū)
悲哽	(bēi gěng)
悲觀	(bēi guān)
悲歡離合	(bēi huān lí hé)
悲劇	(bēi jù)
悲劇缺陷	(bēi jù quē xiàn)
悲劇性	(bēi jù xìng)
悲苦	(bēi kǔ)
悲涼	(bēi liáng)
悲憫	(bēi mǐn)
悲鳴	(bēi míng)
悲戚	(bēi qī)
悲悽	(bēi qī)
悲泣	(bēi qì)
悲切	(bēi qiè)
悲傷	(bēi shāng)
悲聲載道	(bēi shēng zài dào)
悲酸	(bēi suān)
悲嘆	(bēi tàn)
悲歎	(bēi tàn)
悲啼	(bēi tí)
悲天憫人	(bēi tiān mǐn rén)
悲痛	(bēi tòng)
悲痛欲絕	(bēi tòng yù jué)
悲慟	(bēi tòng)
悲喜交集	(bēi xǐ jiāo jí)
悲喜劇	(bēi xǐ jù)
悲壯	(bēi zhuàng)
㮎	(bēi)
北	(běi)
北愛	(běi ài)
北愛爾蘭	(běi ài ěr lán)
北安普敦	(běi ān pǔ dūn)
北安市	(běi ān shì)
北半球	(běi bàn qiú)
北碚區	(běi bèi qū)
北鼻	(běi bí)
北邊	(běi biān)
北邊兒	(běi biān r)
北冰洋	(běi bīng yáng)
北布拉班特	(běi bù lā bān tè)
北部	(běi bù)
北部灣	(běi bù wān)
北側	(běi cè)
北柴胡	(běi chái hú)
北長尾山雀	(běi cháng wěi shān què)
北朝	(běi cháo)
北朝鮮	(běi cháo xiǎn)
北車	(běi chē)
北辰	(běi chén)
北辰區	(běi chén qū)
北川羌族自治縣	(běi chuān qiāng zú zì zhì xiàn)
北達科他	(běi dá kē tā)
北大	(běi dà)
北大荒	(běi dà huāng)
北大西洋	(běi dà xī yáng)
北大西洋公約組織	(běi dà xī yáng gōng yuē zǔ zhī)
北戴河區	(běi dài hé qū)
北島	(běi dǎo)
北斗	(běi dǒu)
北斗七星	(běi dǒu qī xīng)
北斗衛星導航系統	(běi dǒu wèi xīng dǎo háng xì tǒng)
北斗星	(běi dǒu xīng)
北斗鎮	(běi dǒu zhèn)
北端	(běi duān)
北短翅鶯	(běi duǎn chì yīng)
北二外	(běi èr wài)
北伐軍	(běi fá jūn)
北方	(běi fāng)
北方邦	(běi fāng bāng)
北方工業	(běi fāng gōng yè)
北方佬	(běi fāng lǎo)
北方民族大學	(běi fāng mín zú dà xué)
北方中杜鵑	(běi fāng zhōng dù juān)
北非	(běi fēi)
北風	(běi fēng)
北竿	(běi gān)
北竿鄉	(běi gān xiāng)
北港	(běi gǎng)
北港鎮	(běi gǎng zhèn)
北關區	(běi guān qū)
北國	(běi guó)
北海	(běi hǎi)
北海道	(běi hǎi dào)
北海公園	(běi hǎi gōng yuán)
北海艦隊	(běi hǎi jiàn duì)
北海市	(běi hǎi shì)
北寒帶	(běi hán dài)
北韓	(běi hán)
北漢	(běi hàn)
北荷蘭	(běi hé lán)
北紅尾鴝	(běi hóng wěi qú)
北湖區	(běi hú qū)
北蝗鶯	(běi huáng yīng)
北回歸線	(běi huí guī xiàn)
北極	(běi jí)
北極光	(běi jí guāng)
北極狐	(běi jí hú)
北極鷗	(běi jí ōu)
北極圈	(běi jí quān)
北極星	(běi jí xīng)
北極熊	(běi jí xióng)
北江	(běi jiāng)
北疆	(běi jiāng)
北角	(běi jiǎo)
北京	(běi jīng)
北京產權交易所	(běi jīng chǎn quán jiāo yì suǒ)
北京大興國際機場	(běi jīng dà xīng guó jì jī chǎng)
北京大學	(běi jīng dà xué)
北京第二外國語學院	(běi jīng dì èr wài guó yǔ xué yuàn)
北京電影學院	(běi jīng diàn yǐng xué yuàn)
北京工人體育場	(běi jīng gōng rén tǐ yù chǎng)
北京工業大學	(běi jīng gōng yè dà xué)
北京廣播學院	(běi jīng guǎng bō xué yuàn)
北京國家體育場	(běi jīng guó jiā tǐ yù chǎng)
北京咳	(běi jīng ké)
北京航空航天大學	(běi jīng háng kōng háng tiān dà xué)
北京話	(běi jīng huà)
北京環球金融中心	(běi jīng huán qiú jīn róng zhōng xīn)
北京教育學院	(běi jīng jiào yù xué yuàn)
北京烤鴨	(běi jīng kǎo yā)
北京科技大學	(běi jīng kē jì dà xué)
北京理工大學	(běi jīng lǐ gōng dà xué)
北京林業大學	(běi jīng lín yè dà xué)
北京南苑機場	(běi jīng nán yuàn jī chǎng)
北京汽車製造廠有限公司	(běi jīng qì chē zhì zào chǎng yǒu xiàn gōng sī)
北京人	(běi jīng rén)
北京日報	(běi jīng rì bào)
北京師範大學	(běi jīng shī fàn dà xué)
北京時間	(běi jīng shí jiān)
北京市	(běi jīng shì)
北京癱	(běi jīng tān)
北京外國語大學	(běi jīng wài guó yǔ dà xué)
北京晚報	(běi jīng wǎn bào)
北京舞蹈學院	(běi jīng wǔ dǎo xué yuàn)
北京物資學院	(běi jīng wù zī xué yuàn)
北京音	(běi jīng yīn)
北京語言大學	(běi jīng yǔ yán dà xué)
北京語言學院	(běi jīng yǔ yán xué yuàn)
北京猿人	(běi jīng yuán rén)
北京中醫藥大學	(běi jīng zhōng yī yào dà xué)
北京周報	(běi jīng zhōu bào)
北京週報	(běi jīng zhōu bào)
北卡羅來納	(běi kǎ luó lái nà)
北萊茵·威斯特法倫州	(běi lái yīn · wēi sī tè fǎ lún zhōu)
北佬	(běi lǎo)
北涼	(běi liáng)
北椋鳥	(běi liáng niǎo)
北林區	(běi lín qū)
北領地	(běi lǐng dì)
北領角鴞	(běi lǐng jiǎo xiāo)
北流市	(běi liú shì)
北鷚	(běi liù)
北侖區	(běi lún qū)
北馬里亞納	(běi mǎ lǐ yà nà)
北馬里亞納群島	(běi mǎ lǐ yà nà qún dǎo)
北馬其頓	(běi mǎ qí dùn)
北邙	(běi máng)
北美	(běi měi)
北美洲	(běi měi zhōu)
北冕座	(běi miǎn zuò)
北面	(běi miàn)
北歐	(běi ōu)
北歐航空公司	(běi ōu háng kōng gōng sī)
北歐兩項	(běi ōu liǎng xiàng)
北派螳螂拳	(běi pài táng láng quán)
北票市	(běi piào shì)
北漂	(běi piāo)
北平	(běi píng)
北坡	(běi pō)
北埔	(běi pǔ)
北埔鄉	(běi pǔ xiāng)
北圻	(běi qí)
北齊	(běi qí)
北汽	(běi qì)
北山	(běi shān)
北山羊	(běi shān yáng)
北上	(běi shàng)
北上廣	(běi shàng guǎng)
北上廣深	(běi shàng guǎng shēn)
北師大	(běi shī dà)
北市	(běi shì)
北宋	(běi sòng)
北宋四大部書	(běi sòng sì dà bù shū)
北叟失馬	(běi sǒu shī mǎ)
北塔區	(běi tǎ qū)
北投區	(běi tóu qū)
北屯	(běi tún)
北屯區	(běi tún qū)
北屯市	(běi tún shì)
北外	(běi wài)
北威州	(běi wēi zhōu)
北緯	(běi wěi)
北魏	(běi wèi)
北溫帶	(běi wēn dài)
北亞	(běi yà)
北燕	(běi yān)
北洋	(běi yáng)
北洋軍	(běi yáng jūn)
北洋軍閥	(běi yáng jūn fá)
北洋陸軍	(běi yáng lù jūn)
北洋水師	(běi yáng shuǐ shī)
北洋系	(běi yáng xì)
北印度語	(běi yìn dù yǔ)
北鷹鵑	(běi yīng juān)
北苑	(běi yuàn)
北約	(běi yuē)
北越	(běi yuè)
北嶽	(běi yuè)
北噪鴉	(běi zào yā)
北鎮市	(běi zhèn shì)
北征	(běi zhēng)
北周	(běi zhōu)
北朱雀	(běi zhū què)
孛	(bèi)
孛星	(bèi xīng)
俻	(bèi)
倍	(bèi)
倍兒	(bèi r)
倍兒棒	(bèi r bàng)
倍感	(bèi gǎn)
倍率	(bèi lǜ)
倍頻器	(bèi pín qì)
倍數	(bèi shù)
倍速	(bèi sù)
倍增	(bèi zēng)
倍增器	(bèi zēng qì)
倍足綱	(bèi zú gāng)
倍足類	(bèi zú lèi)
悖	(bèi)
悖晦	(bèi huì)
悖亂	(bèi luàn)
悖論	(bèi lùn)
悖繆	(bèi miù)
悖謬	(bèi miù)
悖逆	(bèi nì)
偝	(bèi)
備	(bèi)
備案	(bèi àn)
備辦	(bèi bàn)
備查	(bèi chá)
備嘗辛苦	(bèi cháng xīn kǔ)
備抵	(bèi dǐ)
備而不用	(bèi ér bù yòng)
備份	(bèi fèn)
備耕	(bèi gēng)
備荒	(bèi huāng)
備貨	(bèi huò)
備件	(bèi jiàn)
備降	(bèi jiàng)
備考	(bèi kǎo)
備課	(bèi kè)
備料	(bèi liào)
備皮	(bèi pí)
備品	(bèi pǐn)
備取	(bèi qǔ)
備受	(bèi shòu)
備胎	(bèi tāi)
備妥	(bèi tuǒ)
備忘錄	(bèi wàng lù)
備悉	(bèi xī)
備細	(bèi xì)
備下	(bèi xià)
備選	(bèi xuǎn)
備用	(bèi yòng)
備用二級頭呼吸器	(bèi yòng èr jí tóu hū xī qì)
備用環	(bèi yòng huán)
備援	(bèi yuán)
備孕	(bèi yùn)
備戰	(bèi zhàn)
備至	(bèi zhì)
備註	(bèi zhù)
備註欄	(bèi zhù lán)
僃	(bèi)
憊	(bèi)
憊倦	(bèi juàn)
憊賴	(bèi lài)
憊懶	(bèi lǎn)
唄	(bei)
奔	(bēn)
奔波	(bēn bō)
奔馳	(bēn chí)
奔竄	(bēn cuàn)
奔放	(bēn fàng)
奔赴	(bēn fù)
奔流	(bēn liú)
奔馬	(bēn mǎ)
奔忙	(bēn máng)
奔命	(bēn mìng)
奔跑	(bēn pǎo)
奔喪	(bēn sāng)
奔逃	(bēn táo)
奔騰	(bēn téng)
奔頭	(bèn tou)
奔頭兒	(bèn tou r)
奔襲	(bēn xí)
奔現	(bēn xiàn)
奔瀉	(bēn xiè)
奔月	(bèn yuè)
奔走	(bēn zǒu)
奔走相告	(bēn zǒu xiāng gào)
栟	(bīng)
本	(běn)
本·拉登	(běn · lā dēng)
本幫菜	(běn bāng cài)
本報	(běn bào)
本本	(běn běn)
本本分分	(běn běn fèn fèn)
本本主義	(běn běn zhǔ yì)
本幣	(běn bì)
本部	(běn bù)
本埠	(běn bù)
本草	(běn cǎo)
本朝	(běn cháo)
本初子午線	(běn chū zǐ wǔ xiàn)
本處	(běn chù)
本茨	(běn cí)
本島	(běn dǎo)
本地	(běn dì)
本地管理界面	(běn dì guǎn lǐ jiè miàn)
本地化	(běn dì huà)
本地人	(běn dì rén)
本底	(běn dǐ)
本底調查	(běn dǐ diào chá)
本底輻射	(běn dǐ fú shè)
本底計數	(běn dǐ jì shù)
本篤會	(běn dǔ huì)
本分	(běn fèn)
本俸	(běn fèng)
本固枝榮	(běn gù zhī róng)
本貫	(běn guàn)
本國	(běn guó)
本國人	(běn guó rén)
本紀	(běn jì)
本家	(běn jiā)
本傑明	(běn jié míng)
本傑明·富蘭克林	(běn jié míng · fù lán kè lín)
本屆	(běn jiè)
本金	(běn jīn)
本經	(běn jīng)
本就	(běn jiù)
本科	(běn kē)
本科生	(běn kē shēng)
本科系	(běn kē xì)
本拉登	(běn lā dēng)
本來	(běn lái)
本來面目	(běn lái miàn mù)
本壘	(běn lěi)
本壘打	(běn lěi dǎ)
本利	(běn lì)
本領	(běn lǐng)
本名	(běn míng)
本末	(běn mò)
本末倒置	(běn mò dào zhì)
本那比市	(běn nà bǐ shì)
本內特	(běn nèi tè)
本能	(běn néng)
本尼迪	(běn ní dí)
本年度	(běn nián dù)
本票	(běn piào)
本期	(běn qī)
本錢	(běn qián)
本人	(běn rén)
本日	(běn rì)
本色	(běn shǎi)
本身	(běn shēn)
本生燈	(běn shēng dēng)
本省人	(běn shěng rén)
本士	(běn shì)
本市	(běn shì)
本事	(běn shì)
本臺	(běn tái)
本題	(běn tí)
本體	(běn tǐ)
本體論	(běn tǐ lùn)
本田	(běn tián)
本土	(běn tǔ)
本土化	(běn tǔ huà)
本土派	(běn tǔ pài)
本位	(běn wèi)
本位號	(běn wèi hào)
本位貨幣	(běn wèi huò bì)
本位音	(běn wèi yīn)
本位制	(běn wèi zhì)
本位主義	(běn wèi zhǔ yì)
本文	(běn wén)
本我	(běn wǒ)
本息	(běn xī)
本溪滿族自治縣	(běn xī mǎn zú zì zhì xiàn)
本溪市	(běn xī shì)
本相	(běn xiàng)
本鄉	(běn xiāng)
本小利微	(běn xiǎo lì wēi)
本星期	(běn xīng qī)
本行	(běn háng)
本性	(běn xìng)
本性難移	(běn xìng nán yí)
本業	(běn yè)
本益比	(běn yì bǐ)
本意	(běn yì)
本義	(běn yì)
本因坊	(běn yīn fāng)
本因坊秀策	(běn yīn fāng xiù cè)
本影	(běn yǐng)
本應	(běn yīng)
本源	(běn yuán)
本月	(běn yuè)
本真	(běn zhēn)
本職	(běn zhí)
本徵向量	(běn zhēng xiàng liàng)
本徵值	(běn zhēng zhí)
本質	(běn zhì)
本質上	(běn zhì shàng)
本州	(běn zhōu)
本著	(běn zhe)
本子	(běn zi)
本字	(běn zì)
本族語	(běn zú yǔ)
本罪	(běn zuì)
本尊	(běn zūn)
楍	(běn)
坌	(bèn)
伻	(bēng)
崩	(bēng)
崩殂	(bēng cú)
崩摧	(bēng cuī)
崩大碗	(bēng dà wǎn)
崩倒	(bēng dǎo)
崩壞	(bēng huài)
崩壞作用	(bēng huài zuò yòng)
崩毀	(bēng huǐ)
崩決	(bēng jué)
崩潰	(bēng kuì)
崩裂	(bēng liè)
崩龍族	(bēng lóng zú)
崩漏	(bēng lòu)
崩落	(bēng luò)
崩盤	(bēng pán)
崩塌	(bēng tā)
崩坍	(bēng tān)
崩陷	(bēng xiàn)
崩症	(bēng zhèng)
嘣	(bēng)
埲	(běng)
屄	(bī)
屄屄	(bī bi)
屄樣兒	(bī yàng r)
偪	(bī)
楅	(bì)
柲	(bì)
匕	(bǐ)
匕首	(bǐ shǒu)
比	(bǐ)
夶	(bǐ)
吡	(bǐ)
吡咯	(bǐ luò)
吡拉西坦	(bǐ lā xī tǎn)
吡叻	(bǐ lè)
吡喃	(bǐ nán)
吡嗪	(bǐ qín)
吡唑	(bǐ zuò)
妣	(bǐ)
彼	(bǐ)
彼岸	(bǐ àn)
彼岸花	(bǐ àn huā)
彼倡此和	(bǐ chàng cǐ hé)
彼唱此和	(bǐ chàng cǐ hé)
彼此	(bǐ cǐ)
彼此彼此	(bǐ cǐ bǐ cǐ)
彼得	(bǐ dé)
彼得堡	(bǐ dé bǎo)
彼得格勒	(bǐ dé gé lè)
彼得後書	(bǐ dé hòu shū)
彼得羅維奇	(bǐ dé luó wéi qí)
彼得潘	(bǐ dé pān)
彼得前書	(bǐ dé qián shū)
彼爾姆	(bǐ ěr mǔ)
彼拉多	(bǐ lā duō)
彼拉提斯	(bǐ lā tí sī)
彼時	(bǐ shí)
彼一時此一時	(bǐ yī shí cǐ yī shí)
俾	(bǐ)
俾格米	(bǐ gé mǐ)
俾利	(bǐ lì)
俾路支	(bǐ lù zhī)
俾路支省	(bǐ lù zhī shěng)
俾倪	(bǐ ní)
俾使	(bǐ shǐ)
俾斯麥	(bǐ sī mài)
俾夜作晝	(bǐ yè zuò zhòu)
俾晝作夜	(bǐ zhòu zuò yè)
必	(bì)
必備	(bì bèi)
必不可少	(bì bù kě shǎo)
必得	(bì děi)
必定	(bì dìng)
必恭必敬	(bì gōng bì jìng)
必和必拓	(bì huó bì tuò)
必將	(bì jiāng)
必經	(bì jīng)
必經之路	(bì jīng zhī lù)
必然	(bì rán)
必然結果	(bì rán jié guǒ)
必然王國	(bì rán wáng guó)
必殺技	(bì shā jì)
必勝	(bì shèng)
必勝客	(bì shèng kè)
必死無疑	(bì sǐ wú yí)
必死之症	(bì sǐ zhī zhèng)
必修	(bì xiū)
必修課	(bì xiū kè)
必須	(bì xū)
必需	(bì xū)
必需品	(bì xū pǐn)
必要	(bì yào)
必要條件	(bì yào tiáo jiàn)
必要性	(bì yào xìng)
必應	(bì yìng)
必有重謝	(bì yǒu zhòng xiè)
坒	(bì)
庇	(bì)
庇古	(bì gǔ)
庇護	(bì hù)
庇護所	(bì hù suǒ)
庇蔭	(bì yìn)
庇佑	(bì yòu)
庇祐	(bì yòu)
怭	(bì)
梐	(bì)
庳	(bì)
敝	(bì)
敝屣	(bì xǐ)
敝屣尊榮	(bì xǐ zūn róng)
敝帚千金	(bì zhǒu qiān jīn)
敝帚自珍	(bì zhǒu zì zhēn)
婢	(bì)
婢女	(bì nǚ)
愊	(bì)
愎	(bì)
弼	(bì)
嗶嗶啪啪	(bì bì pā pā)
嗶嘰	(bì jī)
嗶哩嗶哩	(bī lī bī lī)
弊	(bì)
弊案	(bì àn)
弊病	(bì bìng)
弊端	(bì duān)
幣	(bì)
幣別	(bì bié)
幣值	(bì zhí)
幣制	(bì zhì)
幣種	(bì zhǒng)
壁	(bì)
壁癌	(bì ái)
壁報	(bì bào)
壁櫥	(bì chú)
壁燈	(bì dēng)
壁咚	(bì dōng)
壁掛	(bì guà)
壁虎	(bì hǔ)
壁畫	(bì huà)
壁架	(bì jià)
壁龕	(bì kān)
壁壘	(bì lěi)
壁壘森嚴	(bì lěi sēn yán)
壁壘一新	(bì lěi yī xīn)
壁立	(bì lì)
壁立千仞	(bì lì qiān rèn)
壁爐	(bì lú)
壁球	(bì qiú)
壁塞	(bì sāi)
壁虱	(bì shī)
壁毯	(bì tǎn)
壁網球	(bì wǎng qiú)
壁廂	(bì xiāng)
壁效應	(bì xiào yìng)
壁紙	(bì zhǐ)
壁助	(bì zhù)
嬖	(bì)
䟆	(bì)
斃	(bì)
斃命	(bì mìng)
奰	(bì)
扁	(piān)
扁蟲	(biǎn chóng)
扁擔	(biǎn dan)
扁擔星	(biǎn dan xīng)
扁豆	(biǎn dòu)
扁額	(biǎn é)
扁骨	(biǎn gǔ)
扁坯	(biǎn pī)
扁平	(biǎn píng)
扁平足	(biǎn píng zú)
扁鍬形蟲	(biǎn qiāo xíng chóng)
扁鵲	(biǎn què)
扁虱	(biǎn shī)
扁食	(biǎn shi)
扁桃	(biǎn táo)
扁桃體	(biǎn táo tǐ)
扁桃體炎	(biǎn táo tǐ yán)
扁桃腺	(biǎn táo xiàn)
扁桃腺炎	(biǎn táo xiàn yán)
扁形動物	(biǎn xíng dòng wù)
扁穴	(biǎn xué)
扁圓	(biǎn yuán)
扁舟	(piān zhōu)
扁嘴海雀	(biǎn zuǐ hǎi què)
匾	(biǎn)
匾額	(biǎn é)
卞	(biàn)
弁	(biàn)
抃	(biàn)
抃舞	(biàn wǔ)
抃悅	(biàn yuè)
抃掌	(biàn zhǎng)
忭	(biàn)
忭舞	(biàn wǔ)
昪	(biàn)
便	(biàn)
便便	(pián pián)
便步走	(biàn bù zǒu)
便車	(biàn chē)
便池	(biàn chí)
便當	(biàn dāng)
便道	(biàn dào)
便飯	(biàn fàn)
便服	(biàn fú)
便服店	(biàn fú diàn)
便函	(biàn hán)
便壺	(biàn hú)
便急	(biàn jí)
便箋	(biàn jiān)
便捷	(biàn jié)
便捷化	(biàn jié huà)
便覽	(biàn lǎn)
便利	(biàn lì)
便利店	(biàn lì diàn)
便利商店	(biàn lì shāng diàn)
便利貼	(biàn lì tiē)
便利性	(biàn lì xìng)
便帽	(biàn mào)
便門	(biàn mén)
便秘	(biàn mì)
便民	(biàn mín)
便民利民	(biàn mín lì mín)
便難	(biàn nàn)
便溺	(biàn niào)
便盆	(biàn pén)
便器	(biàn qì)
便簽	(biàn qiān)
便橋	(biàn qiáo)
便人	(biàn rén)
便士	(biàn shì)
便是	(biàn shì)
便所	(biàn suǒ)
便條	(biàn tiáo)
便條紙	(biàn tiáo zhǐ)
便桶	(biàn tǒng)
便鞋	(biàn xié)
便攜	(biàn xié)
便攜式	(biàn xié shì)
便嬛	(pián xuān)
便血	(biàn xiě)
便宴	(biàn yàn)
便衣	(biàn yī)
便衣警察	(biàn yī jǐng chá)
便宜	(pián yi)
便宜貨	(pián yi huò)
便宜行事	(biàn yí xíng shì)
便意	(biàn yì)
便於	(biàn yú)
便中	(biàn zhōng)
便裝	(biàn zhuāng)
便酌	(biàn zhuó)
徧	(biàn)
杓	(biāo)
杓子	(sháo zi)
彪	(biāo)
彪炳	(biāo bǐng)
彪炳千古	(biāo bǐng qiān gǔ)
彪個子	(biāo gè zi)
彪悍	(biāo hàn)
彪煥	(biāo huàn)
彪馬	(biāo mǎ)
彪蒙	(biāo méng)
彪形	(biāo xíng)
彪形大漢	(biāo xíng dà hàn)
彪休	(biāo xiū)
彪壯	(biāo zhuàng)
彪子	(biāo zi)
摽	(biào)
標	(biāo)
標榜	(biāo bǎng)
標本	(biāo běn)
標本蟲	(biāo běn chóng)
標兵	(biāo bīng)
標稱	(biāo chēng)
標尺	(biāo chǐ)
標得	(biāo dé)
標地	(biāo dì)
標的	(biāo dì)
標燈	(biāo dēng)
標底	(biāo dǐ)
標點	(biāo diǎn)
標點符號	(biāo diǎn fú hào)
標定	(biāo dìng)
標度	(biāo dù)
標杆	(biāo gān)
標竿	(biāo gān)
標高	(biāo gāo)
標格	(biāo gé)
標號	(biāo hào)
標會	(biāo huì)
標繪	(biāo huì)
標記	(biāo jì)
標架	(biāo jià)
標價	(biāo jià)
標間	(biāo jiān)
標界	(biāo jiè)
標金	(biāo jīn)
標量	(biāo liàng)
標賣	(biāo mài)
標明	(biāo míng)
標牌	(biāo pái)
標配	(biāo pèi)
標普	(biāo pǔ)
標籤	(biāo qiān)
標籤頁	(biāo qiān yè)
標槍	(biāo qiāng)
標清	(biāo qīng)
標識	(biāo zhì)
標示	(biāo shì)
標售	(biāo shòu)
標書	(biāo shū)
標題	(biāo tí)
標題黨	(biāo tí dǎng)
標題欄	(biāo tí lán)
標題新聞	(biāo tí xīn wén)
標題語	(biāo tí yǔ)
標圖	(biāo tú)
標線	(biāo xiàn)
標新競異	(biāo xīn jìng yì)
標新立異	(biāo xīn lì yì)
標新領異	(biāo xīn lǐng yì)
標新取異	(biāo xīn qǔ yì)
標音法	(biāo yīn fǎ)
標語	(biāo yǔ)
標語牌	(biāo yǔ pái)
標章	(biāo zhāng)
標致	(biāo zhi)
標誌	(biāo zhì)
標誌性	(biāo zhì xìng)
標幟	(biāo zhì)
標注	(biāo zhù)
標柱	(biāo zhù)
標磚	(biāo zhuān)
標樁	(biāo zhuāng)
標準	(biāo zhǔn)
標準差	(biāo zhǔn chā)
標準尺寸	(biāo zhǔn chǐ cùn)
標準桿	(biāo zhǔn gān)
標準規格	(biāo zhǔn guī gé)
標準化	(biāo zhǔn huà)
標準間	(biāo zhǔn jiān)
標準模型	(biāo zhǔn mó xíng)
標準普爾	(biāo zhǔn pǔ ěr)
標準時	(biāo zhǔn shí)
標準像	(biāo zhǔn xiàng)
標準音	(biāo zhǔn yīn)
標準語	(biāo zhǔn yǔ)
標準狀況	(biāo zhǔn zhuàng kuàng)
標準狀態	(biāo zhǔn zhuàng tài)
標準組織	(biāo zhǔn zǔ zhī)
儦	(biāo)
嫑	(biáo)
婊	(biǎo)
婊子	(biǎo zi)
俵	(biào)
憋	(biē)
憋不住	(biē bu zhù)
憋悶	(biē men)
憋尿	(biē niào)
憋氣	(biē qì)
憋屈	(biē qū)
憋笑	(biē xiào)
別	(bié)
別稱	(bié chēng)
別出心裁	(bié chū xīn cái)
別處	(bié chù)
別傳	(bié zhuàn)
別的	(bié de)
別動隊	(bié dòng duì)
別管	(bié guǎn)
別號	(bié hào)
別赫捷列夫	(bié hè jié liè fū)
別具匠心	(bié jù jiàng xīn)
別具一格	(bié jù yī gé)
別開生面	(bié kāi shēng miàn)
別看	(bié kàn)
別克	(bié kè)
別客氣	(bié kè qi)
別來無恙	(bié lái wú yàng)
別離	(bié lí)
別理	(bié lǐ)
別臉	(bié liǎn)
別論	(bié lùn)
別苗頭	(bié miáo tou)
別名	(bié míng)
別人	(bié ren)
別人牽驢你拔橛子	(bié ren qiān lǘ nǐ bá jué zi)
別墅	(bié shù)
別樹一旗	(bié shù yī qí)
別樹一幟	(bié shù yī zhì)
別說	(bié shuō)
別太客氣	(bié tài kè qi)
別提了	(bié tí le)
別無	(bié wú)
別無長物	(bié wú cháng wù)
別無二致	(bié wú èr zhì)
別無他法	(bié wú tā fǎ)
別無他物	(bié wú tā wù)
別無選擇	(bié wú xuǎn zé)
別緒	(bié xù)
別筵	(bié yán)
別樣	(bié yàng)
別有	(bié yǒu)
別有洞天	(bié yǒu dòng tiān)
別有天地	(bié yǒu tiān dì)
別有用心	(bié yǒu yòng xīn)
別有韻味	(bié yǒu yùn wèi)
別針	(bié zhēn)
別致	(bié zhì)
別緻	(bié zhì)
別莊	(bié zhuāng)
別子	(bié zi)
咇	(bì)
㿜	(biě)
彆	(biè)
彆扭	(biè niu)
彆嘴	(biè zuǐ)
彬	(bīn)
彬彬	(bīn bīn)
彬彬君子	(bīn bīn jūn zǐ)
彬彬有禮	(bīn bīn yǒu lǐ)
彬馬那	(bīn mǎ nà)
彬蔚	(bīn wèi)
彬州市	(bīn zhōu shì)
斌	(bīn)
儐	(bīn)
儐相	(bīn xiàng)
檳	(bīn)
檳城	(bīng chéng)
檳榔	(bīng lang)
檳榔西施	(bīng lang xī shī)
檳榔嶼	(bīng lang yǔ)
檳知	(bīn zhī)
檳椥	(bīn zhī)
檳州	(bīng zhōu)
檳子	(bīn zi)
擯	(bìn)
擯斥	(bìn chì)
擯除	(bìn chú)
擯棄	(bìn qì)
殯	(bìn)
殯車	(bìn chē)
殯殮	(bìn liàn)
殯儀	(bìn yí)
殯儀館	(bìn yí guǎn)
殯儀員	(bìn yí yuán)
殯葬	(bìn zàng)
仌	(bīng)
冰	(bīng)
冰壩	(bīng bà)
冰棒	(bīng bàng)
冰雹	(bīng báo)
冰菜	(bīng cài)
冰碴	(bīng chá)
冰場	(bīng chǎng)
冰川	(bīng chuān)
冰川期	(bīng chuān qī)
冰船	(bīng chuán)
冰醋酸	(bīng cù suān)
冰鑹	(bīng cuān)
冰袋	(bīng dài)
冰蛋	(bīng dàn)
冰刀	(bīng dāo)
冰島	(bīng dǎo)
冰燈	(bīng dēng)
冰點	(bīng diǎn)
冰店	(bīng diàn)
冰雕	(bīng diāo)
冰釣	(bīng diào)
冰洞	(bīng dòng)
冰凍	(bīng dòng)
冰凍三尺，非一日之寒	(bīng dòng sān chǐ , fēi yī rì zhī hán)
冰斗	(bīng dǒu)
冰毒	(bīng dú)
冰墩墩	(bīng dūn dūn)
冰封	(bīng fēng)
冰風暴	(bīng fēng bào)
冰蓋	(bīng gài)
冰糕	(bīng gāo)
冰鎬	(bīng gǎo)
冰溝	(bīng gōu)
冰棺	(bīng guān)
冰櫃	(bīng guì)
冰棍	(bīng gùn)
冰棍兒	(bīng gùn r)
冰河	(bīng hé)
冰河期	(bīng hé qī)
冰河時代	(bīng hé shí dài)
冰河時期	(bīng hé shí qī)
冰壑	(bīng hè)
冰壺	(bīng hú)
冰壺秋月	(bīng hú qiū yuè)
冰湖	(bīng hú)
冰花	(bīng huā)
冰火	(bīng huǒ)
冰肌玉骨	(bīng jī yù gǔ)
冰積物	(bīng jī wù)
冰激凌	(bīng jī líng)
冰窖	(bīng jiào)
冰晶	(bīng jīng)
冰晶石	(bīng jīng shí)
冰咖啡	(bīng kā fēi)
冰塊	(bīng kuài)
冰塊盒	(bīng kuài hé)
冰冷	(bīng lěng)
冰涼	(bīng liáng)
冰凌	(bīng líng)
冰溜	(bīng liù)
冰輪	(bīng lún)
冰帽	(bīng mào)
冰凝器	(bīng níng qì)
冰排	(bīng pái)
冰皮月餅	(bīng pí yuè bǐng)
冰片	(bīng piàn)
冰品	(bīng pǐn)
冰期	(bīng qī)
冰淇淋	(bīng qí lín)
冰磧	(bīng qì)
冰橇	(bīng qiāo)
冰橋	(bīng qiáo)
冰清玉潔	(bīng qīng yù jié)
冰球	(bīng qiú)
冰球場	(bīng qiú chǎng)
冰染染料	(bīng rǎn rǎn liào)
冰塞	(bīng sāi)
冰沙	(bīng shā)
冰山	(bīng shān)
冰山美人	(bīng shān měi rén)
冰山一角	(bīng shān yī jiǎo)
冰上運動	(bīng shàng yùn dòng)
冰蝕	(bīng shí)
冰釋	(bīng shì)
冰釋前嫌	(bīng shì qián xián)
冰霜	(bīng shuāng)
冰水	(bīng shuǐ)
冰塔	(bīng tǎ)
冰塔林	(bīng tǎ lín)
冰炭不相容	(bīng tàn bù xiāng róng)
冰炭不言，冷熱自明	(bīng tàn bù yán , lěng rè zì míng)
冰糖	(bīng táng)
冰糖葫蘆	(bīng táng hú lu)
冰天雪地	(bīng tiān xuě dì)
冰桶	(bīng tǒng)
冰坨子	(bīng tuó zi)
冰屋	(bīng wū)
冰隙	(bīng xì)
冰箱	(bīng xiāng)
冰消瓦解	(bīng xiāo wǎ jiě)
冰鞋	(bīng xié)
冰心	(bīng xīn)
冰雪	(bīng xuě)
冰雪聰明	(bīng xuě cōng ming)
冰雪皇后	(bīng xuě huáng hòu)
冰葉日中花	(bīng yè rì zhōng huā)
冰飲	(bīng yǐn)
冰硬	(bīng yìng)
冰原	(bīng yuán)
冰爪	(bīng zhuǎ)
冰鎮	(bīng zhèn)
冰洲石	(bīng zhōu shí)
冰柱	(bīng zhù)
冰磚	(bīng zhuān)
冰錐	(bīng zhuī)
冰鑽	(bīng zuàn)
兵	(bīng)
兵敗如山倒	(bīng bài rú shān dǎo)
兵變	(bīng biàn)
兵不血刃	(bīng bù xuè rèn)
兵不厭詐	(bīng bù yàn zhà)
兵部	(bīng bù)
兵差	(bīng chāi)
兵船	(bīng chuán)
兵隊	(bīng duì)
兵法	(bīng fǎ)
兵戈	(bīng gē)
兵戈擾攘	(bīng gē rǎo rǎng)
兵工廠	(bīng gōng chǎng)
兵貴神速	(bīng guì shén sù)
兵荒馬亂	(bīng huāng mǎ luàn)
兵家	(bīng jiā)
兵家常事	(bīng jiā cháng shì)
兵艦	(bīng jiàn)
兵精糧足	(bīng jīng liáng zú)
兵庫	(bīng kù)
兵來將擋，水來土掩	(bīng lái jiàng dǎng , shuǐ lái tǔ yǎn)
兵來將敵，水來土堰	(bīng lái jiàng dí , shuǐ lái tǔ yàn)
兵力	(bīng lì)
兵連禍結	(bīng lián huò jié)
兵臨城下	(bīng lín chéng xià)
兵亂	(bīng luàn)
兵馬	(bīng mǎ)
兵馬未動，糧草先行	(bīng mǎ wèi dòng , liáng cǎo xiān xíng)
兵馬俑	(bīng mǎ yǒng)
兵痞	(bīng pǐ)
兵棋推演	(bīng qí tuī yǎn)
兵器	(bīng qì)
兵器術	(bīng qì shù)
兵強馬壯	(bīng qiáng mǎ zhuàng)
兵權	(bīng quán)
兵刃	(bīng rèn)
兵戎	(bīng róng)
兵戎相見	(bīng róng xiāng jiàn)
兵士	(bīng shì)
兵書	(bīng shū)
兵團	(bīng tuán)
兵推	(bīng tuī)
兵餉	(bīng xiǎng)
兵蟻	(bīng yǐ)
兵役	(bīng yì)
兵營	(bīng yíng)
兵員	(bīng yuán)
兵源	(bīng yuán)
兵站	(bīng zhàn)
兵制	(bīng zhì)
兵種	(bīng zhǒng)
兵卒	(bīng zú)
掤	(péng)
梹	(bīng)
丙	(bǐng)
丙氨酸	(bǐng ān suān)
丙醇	(bǐng chún)
丙等	(bǐng děng)
丙二醇	(bǐng èr chún)
丙環唑	(bǐng huán zuò)
丙基	(bǐng jī)
丙綸	(bǐng lún)
丙醚	(bǐng mí)
丙醛	(bǐng quán)
丙三醇	(bǐng sān chún)
丙酸氟替卡松	(bǐng suān fú tì kǎ sōng)
丙酮酸脫氫酶	(bǐng tóng suān tuō qīng méi)
丙烷	(bǐng wán)
丙烯腈	(bǐng xī jīng)
丙烯酸酯	(bǐng xī suān zhǐ)
丙型	(bǐng xíng)
丙型肝炎	(bǐng xíng gān yán)
丙種射線	(bǐng zhǒng shè xiàn)
丙子胡亂	(bǐng zǐ hú luàn)
丙子戰爭	(bǐng zǐ zhàn zhēng)
抦	(bǐng)
怲	(bǐng)
柄	(bǐng)
柄臣	(bǐng chén)
柄國	(bǐng guó)
柄權	(bǐng quán)
柄政	(bǐng zhèng)
昞	(bǐng)
昺	(bǐng)
并	(bīng)
幷	(bìng)
併	(bìng)
併發	(bìng fā)
併發症	(bìng fā zhèng)
併購	(bìng gòu)
併集	(bìng jí)
併捲機	(bìng juǎn jī)
併攏	(bìng lǒng)
併入	(bìng rù)
併紗	(bìng shā)
併吞	(bìng tūn)
併系群	(bìng xì qún)
並	(bìng)
並不	(bìng bù)
並不在乎	(bìng bù zài hu)
並稱	(bìng chēng)
並處	(bìng chǔ)
並存	(bìng cún)
並蒂蓮	(bìng dì lián)
並發	(bìng fā)
並發計算	(bìng fā jì suàn)
並非	(bìng fēi)
並激	(bìng jī)
並駕齊驅	(bìng jià qí qū)
並肩	(bìng jiān)
並肩作戰	(bìng jiān zuò zhàn)
並進	(bìng jìn)
並舉	(bìng jǔ)
並口	(bìng kǒu)
並立	(bìng lì)
並聯	(bìng lián)
並列	(bìng liè)
並排	(bìng pái)
並且	(bìng qiě)
並入	(bìng rù)
並條	(bìng tiáo)
並未	(bìng wèi)
並系群	(bìng xì qún)
並行	(bìng xíng)
並行不悖	(bìng xíng bù bèi)
並行程序	(bìng xíng chéng xù)
並行計算	(bìng xíng jì suàn)
並行口	(bìng xíng kǒu)
並臻	(bìng zhēn)
並重	(bìng zhòng)
並坐	(bìng zuò)
倂	(bìng)
摒	(bìng)
摒除	(bìng chú)
摒擋	(bìng dàng)
摒棄	(bìng qì)
寎	(bìng)
哱	(bō)
剝	(bāo)
剝採比	(bō cǎi bǐ)
剝除	(bō chú)
剝掉	(bō diào)
剝奪	(bō duó)
剝離	(bō lí)
剝落	(bō luò)
剝皮	(bāo pí)
剝皮器	(bō pí qì)
剝皮鉗	(bāo pí qián)
剝蝕	(bō shí)
剝削	(bō xuē)
剝削階級	(bō xuē jiē jí)
剝削者	(bō xuē zhě)
剝啄	(bō zhuó)
播	(bō)
播報	(bō bào)
播報員	(bō bào yuán)
播出	(bō chū)
播發	(bō fā)
播放	(bō fàng)
播放機	(bō fàng jī)
播放列表	(bō fàng liè biǎo)
播講	(bō jiǎng)
播客	(bō kè)
播弄	(bō nong)
播撒	(bō sǎ)
播送	(bō sòng)
播音	(bō yīn)
播音員	(bō yīn yuán)
播映	(bō yìng)
播種	(bō zhòng)
播州區	(bō zhōu qū)
撥	(bō)
撥出	(bō chū)
撥打	(bō dǎ)
撥動	(bō dòng)
撥付	(bō fù)
撥號	(bō hào)
撥號連接	(bō hào lián jiē)
撥號盤	(bō hào pán)
撥號音	(bō hào yīn)
撥火棍	(bō huǒ gùn)
撥接	(bō jiē)
撥開	(bō kāi)
撥空	(bō kòng)
撥款	(bō kuǎn)
撥浪鼓	(bō lang gǔ)
撥亂反正	(bō luàn fǎn zhèng)
撥弄	(bō nòng)
撥片	(bō piàn)
撥冗	(bō rǒng)
撥通	(bō tōng)
撥弦樂器	(bō xián yuè qì)
撥用	(bō yòng)
撥雲見日	(bō yún jiàn rì)
撥正	(bō zhèng)
撥轉	(bō zhuǎn)
撥子	(bō zi)
撥奏	(bō zòu)
嶓	(bō)
伯	(bó)
伯伯	(bó bo)
伯都	(bó dōu)
伯多祿	(bó duō lù)
伯恩	(bó ēn)
伯恩茅斯	(bó ēn máo sī)
伯恩斯	(bó ēn sī)
伯爾尼	(bó ěr ní)
伯父	(bó fù)
伯傑	(bó jié)
伯爵	(bó jué)
伯克利	(bó kè lì)
伯勞	(bó láo)
伯勞鳥	(bó láo niǎo)
伯里克利	(bó lǐ kè lì)
伯利恆	(bó lì héng)
伯利茲	(bó lì zī)
伯羅奔尼撒	(bó luó bēn ní sā)
伯明翰	(bó míng hàn)
伯母	(bó mǔ)
伯納斯－李	(bó nà sī lǐ)
伯賽大	(bó sài dà)
伯莎	(bó shā)
伯叔	(bó shū)
伯叔祖父	(bó shū zǔ fù)
伯叔祖母	(bó shū zǔ mǔ)
伯特蘭	(bó tè lán)
伯特蘭德	(bó tè lán dé)
伯顏	(bà yán)
伯邑考	(bó yì kǎo)
伯樂	(bó lè)
伯仲叔季	(bó zhòng shū jì)
伯仲之間	(bó zhòng zhī jiān)
帛	(bó)
帛畫	(bó huà)
帛金	(bó jīn)
帛琉	(bó liú)
勃	(bó)
勃勃	(bó bó)
勃發	(bó fā)
勃艮第	(bó gèn dì)
勃固	(bó gù)
勃固河	(bó gù hé)
勃固山脈	(bó gù shān mài)
勃海	(bó hǎi)
勃拉姆斯	(bó lā mǔ sī)
勃蘭登堡	(bó lán dēng bǎo)
勃朗峰	(bó lǎng fēng)
勃朗寧	(bó lǎng níng)
勃利縣	(bó lì xiàn)
勃起	(bó qǐ)
勃起功能障礙	(bó qǐ gōng néng zhàng ài)
勃然	(bó rán)
勃然變色	(bó rán biàn sè)
勃然大怒	(bó rán dà nù)
勃興	(bó xīng)
亳	(bó)
亳州市	(bó zhōu shì)
博	(bó)
博愛	(bó ài)
博愛縣	(bó ài xiàn)
博愛座	(bó ài zuò)
博鰲鎮	(bó áo zhèn)
博白縣	(bó bái xiàn)
博彩	(bó cǎi)
博茨瓦納	(bó cí wǎ nà)
博大	(bó dà)
博大精深	(bó dà jīng shēn)
博導	(bó dǎo)
博得	(bó dé)
博德	(bó dé)
博德利圖書館	(bó dé lì tú shū guǎn)
博登湖	(bó dēng hú)
博蒂	(bó dì)
博鬥	(bó dòu)
博而不精	(bó ér bù jīng)
博爾德	(bó ěr dé)
博爾頓	(bó ěr dùn)
博爾赫斯	(bó ěr hè sī)
博爾塔拉蒙古自治州	(bó ěr tǎ lā měng gǔ zì zhì zhōu)
博格	(bó gé)
博格達峰	(bó gé dá fēng)
博格達山脈	(bó gé dá shān mài)
博格多	(bó gé duō)
博格多汗宮	(bó gé duō hán gōng)
博古通今	(bó gǔ tōng jīn)
博後	(bó hòu)
博湖縣	(bó hú xiàn)
博科聖地	(bó kē shèng dì)
博客	(bó kè)
博客話劇	(bó kè huà jù)
博客圈	(bó kè quān)
博客寫手	(bó kè xiě shǒu)
博拉博拉島	(bó lā bó lā dǎo)
博覽	(bó lǎn)
博覽會	(bó lǎn huì)
博羅縣	(bó luó xiàn)
博洛尼亞	(bó luò ní yà)
博美犬	(bó měi quǎn)
博蒙特	(bó méng tè)
博帕爾	(bó pà ěr)
博取	(bó qǔ)
博山區	(bó shān qū)
博識	(bó shí)
博識多通	(bó shí duō tōng)
博識洽聞	(bó shí qià wén)
博士	(bó shì)
博士茶	(bó shì chá)
博士導師	(bó shì dǎo shī)
博士後	(bó shì hòu)
博士買驢	(bó shì mǎi lǘ)
博士山	(bó shì shān)
博士生	(bó shì shēng)
博士學位	(bó shì xué wèi)
博世	(bó shì)
博斯普魯斯	(bó sī pǔ lǔ sī)
博斯騰湖	(bó sī téng hú)
博斯沃思	(bó sī wò sī)
博徒	(bó tú)
博望區	(bó wàng qū)
博文	(bó wén)
博文約禮	(bó wén yuē lǐ)
博聞多識	(bó wén duō shí)
博聞強記	(bó wén qiáng jì)
博聞強識	(bó wén qiáng zhì)
博物	(bó wù)
博物多聞	(bó wù duō wén)
博物館	(bó wù guǎn)
博物洽聞	(bó wù qià wén)
博物學	(bó wù xué)
博物學家	(bó wù xué jiā)
博物院	(bó wù yuàn)
博興縣	(bó xīng xiàn)
博學	(bó xué)
博學多才	(bó xué duō cái)
博訊	(bó xùn)
博雅	(bó yǎ)
博眼球	(bó yǎn qiú)
博野縣	(bó yě xiàn)
博伊西	(bó yī xī)
博弈	(bó yì)
博弈論	(bó yì lùn)
博友	(bó yǒu)
博樂市	(bó lè shì)
博主	(bó zhǔ)
䬪	(bó)
搏	(bó)
搏髀	(bó bì)
搏動	(bó dòng)
搏鬥	(bó dòu)
搏感情	(bó gǎn qíng)
搏擊	(bó jī)
搏命	(bó mìng)
搏殺	(bó shā)
搏魚	(bó yú)
搏戰	(bó zhàn)
愽	(bó)
僰	(bó)
壆	(bó)
欂	(bó)
檗	(bò)
擘	(bò)
擘畫	(bò huà)
擘劃	(bò huà)
擘開	(bò kāi)
卜	(bǔ)
卜卜米	(bo bo mǐ)
卜辭	(bǔ cí)
卜骨	(bǔ gǔ)
卜卦	(bǔ guà)
卜甲	(bǔ jiǎ)
卜居	(bǔ jū)
卜課	(bǔ kè)
卜筮	(bǔ shì)
卜問	(bǔ wèn)
卜宅	(bǔ zhái)
卜占	(bǔ zhān)
卜征	(bǔ zhēng)
卜晝卜夜	(bǔ zhòu bǔ yè)
啵	(bō)
啵啵	(bō bō)
卟	(bǔ)
卟啉	(bǔ lín)
捕	(bǔ)
捕蟲葉	(bǔ chóng yè)
捕風捉影	(bǔ fēng zhuō yǐng)
捕俘	(bǔ fú)
捕獲	(bǔ huò)
捕鯨	(bǔ jīng)
捕鯨船	(bǔ jīng chuán)
捕快	(bǔ kuài)
捕撈	(bǔ lāo)
捕獵	(bǔ liè)
捕虜岩	(bǔ lǔ yán)
捕拿	(bǔ ná)
捕鳥蛛	(bǔ niǎo zhū)
捕禽人	(bǔ qín rén)
捕殺	(bǔ shā)
捕食	(bǔ shí)
捕食者	(bǔ shí zhě)
捕手	(bǔ shǒu)
捕鼠器	(bǔ shǔ qì)
捕頭	(bǔ tóu)
捕蠅草	(bǔ yíng cǎo)
捕魚	(bǔ yú)
捕捉	(bǔ zhuō)
哺	(bǔ)
哺母乳	(bǔ mǔ rǔ)
哺乳	(bǔ rǔ)
哺乳動物	(bǔ rǔ dòng wù)
哺乳綱	(bǔ rǔ gāng)
哺乳類	(bǔ rǔ lèi)
哺乳類動物	(bǔ rǔ lèi dòng wù)
哺乳期	(bǔ rǔ qī)
哺養	(bǔ yǎng)
哺育	(bǔ yù)
不	(bù)
不安	(bù ān)
不安分	(bù ān fen)
不安好心	(bù ān hǎo xīn)
不安其室	(bù ān qí shì)
不諳世故	(bù ān shì gù)
不諳水性	(bù ān shuǐ xìng)
不白之冤	(bù bái zhī yuān)
不敗之地	(bù bài zhī dì)
不飽和	(bù bǎo hé)
不飽和脂肪酸	(bù bǎo hé zhī fáng suān)
不卑不亢	(bù bēi bù kàng)
不備	(bù bèi)
不比	(bù bǐ)
不必	(bù bì)
不必要	(bù bì yào)
不避斧鉞	(bù bì fǔ yuè)
不避艱險	(bù bì jiān xiǎn)
不便	(bù biàn)
不便險	(bù biàn xiǎn)
不辨菽麥	(bù biàn shū mài)
不變	(bù biàn)
不變價格	(bù biàn jià gé)
不變量	(bù biàn liàng)
不變資本	(bù biàn zī běn)
不標準	(bù biāo zhǔn)
不才	(bù cái)
不材	(bù cái)
不測	(bù cè)
不曾	(bù céng)
不插電	(bù chā diàn)
不差	(bù chā)
不長進	(bù zhǎng jìn)
不成	(bù chéng)
不成材	(bù chéng cái)
不成功便成仁	(bù chéng gōng biàn chéng rén)
不成體統	(bù chéng tǐ tǒng)
不成文	(bù chéng wén)
不成文法	(bù chéng wén fǎ)
不成樣子	(bù chéng yàng zi)
不承認主義	(bù chéng rèn zhǔ yì)
不逞之徒	(bù chěng zhī tú)
不恥下問	(bù chǐ xià wèn)
不齒	(bù chǐ)
不啻	(bù chì)
不啻天淵	(bù chì tiān yuān)
不瞅不睬	(bù chǒu bù cǎi)
不出所料	(bù chū suǒ liào)
不觸目	(bù chù mù)
不揣冒昧	(bù chuǎi mào mèi)
不輟	(bù chuò)
不辭而別	(bù cí ér bié)
不辭勞苦	(bù cí láo kǔ)
不辭辛苦	(bù cí xīn kǔ)
不湊巧	(bù còu qiǎo)
不錯	(bù cuò)
不打不成才	(bù dǎ bù chéng cái)
不打不成器	(bù dǎ bù chéng qì)
不打不成相識	(bù dǎ bù chéng xiāng shí)
不打不相識	(bù dǎ bù xiāng shí)
不打緊	(bù dǎ jǐn)
不打自招	(bù dǎ zì zhāo)
不大	(bù dà)
不大離	(bù dà lí)
不大離兒	(bù dà lí r)
不逮捕特權	(bù dài bǔ tè quán)
不待說	(bù dài shuō)
不怠	(bù dài)
不帶	(bù dài)
不帶電	(bù dài diàn)
不丹	(bù dān)
不單	(bù dān)
不但	(bù dàn)
不憚	(bù dàn)
不當	(bù dàng)
不當得利	(bù dàng dé lì)
不當家不知柴米貴	(bù dāng jiā bù zhī chái mǐ guì)
不當緊	(bù dāng jǐn)
不當事	(bù dāng shì)
不當一回事	(bù dàng yī huí shì)
不到	(bù dào)
不到長城非好漢	(bù dào cháng chéng fēi hǎo hàn)
不到黃河心不死	(bù dào huáng hé xīn bù sǐ)
不到火候不揭鍋	(bù dào huǒ hòu bù jiē guō)
不倒翁	(bù dǎo wēng)
不道德	(bù dào dé)
不得	(bù dé)
不得不	(bù dé bù)
不得而知	(bù dé ér zhī)
不得勁	(bù dé jìn)
不得了	(bù dé liǎo)
不得其門而入	(bù dé qí mén ér rù)
不得人心	(bù dé rén xīn)
不得要領	(bù dé yào lǐng)
不得已	(bù dé yǐ)
不得已而為之	(bù dé yǐ ér wéi zhī)
不登大雅之堂	(bù dēng dà yǎ zhī táng)
不等	(bù děng)
不等邊三角形	(bù děng biān sān jiǎo xíng)
不等號	(bù děng hào)
不等價交換	(bù děng jià jiāo huàn)
不等式	(bù děng shì)
不敵	(bù dí)
不抵抗主義	(bù dǐ kàng zhǔ yì)
不第	(bù dì)
不調和	(bù tiáo hé)
不迭	(bù dié)
不定	(bù dìng)
不定詞	(bù dìng cí)
不定方程	(bù dìng fāng chéng)
不定冠詞	(bù dìng guàn cí)
不定積分	(bù dìng jī fēn)
不定期	(bù dìng qī)
不定式	(bù dìng shì)
不定形	(bù dìng xíng)
不定元	(bù dìng yuán)
不懂裝懂	(bù dǒng zhuāng dǒng)
不凍港	(bù dòng gǎng)
不動	(bù dòng)
不動產	(bù dòng chǎn)
不動點	(bù dòng diǎn)
不動點定理	(bù dòng diǎn dìng lǐ)
不動聲色	(bù dòng shēng sè)
不動搖	(bù dòng yáo)
不獨	(bù dú)
不端	(bù duān)
不斷	(bù duàn)
不對	(bù duì)
不對碴兒	(bù duì chá r)
不對稱	(bù duì chèn)
不對勁	(bù duì jìn)
不對勁兒	(bù duì jìn r)
不對盤	(bù duì pán)
不對頭	(bù duì tóu)
不兒道	(bū r dào)
不二	(bù èr)
不二法門	(bù èr fǎ mén)
不二價	(bù èr jià)
不貳過	(bù èr guò)
不乏	(bù fá)
不法	(bù fǎ)
不法分子	(bù fǎ fèn zǐ)
不法份子	(bù fǎ fèn zǐ)
不凡	(bù fán)
不方便	(bù fāng biàn)
不妨	(bù fáng)
不菲	(bù fěi)
不悱不發	(bù fěi bù fā)
不費吹灰之力	(bù fèi chuī huī zhī lì)
不費事	(bù fèi shì)
不分	(bù fēn)
不分彼此	(bù fēn bǐ cǐ)
不分伯仲	(bù fēn bó zhòng)
不分高下	(bù fēn gāo xià)
不分青紅皂白	(bù fēn qīng hóng zào bái)
不分情由	(bù fēn qíng yóu)
不分上下	(bù fēn shàng xià)
不分勝敗	(bù fēn shèng bài)
不分勝負	(bù fēn shèng fù)
不分系	(bù fēn xì)
不分軒輊	(bù fēn xuān zhì)
不分皂白	(bù fēn zào bái)
不分晝夜	(bù fēn zhòu yè)
不忿	(bù fèn)
不憤不啟	(bù fèn bù qǐ)
不孚眾望	(bù fú zhòng wàng)
不服	(bù fú)
不服氣	(bù fú qì)
不服水土	(bù fú shuǐ tǔ)
不符	(bù fú)
不負	(bù fù)
不負眾望	(bù fù zhòng wàng)
不復	(bù fù)
不該	(bù gāi)
不甘	(bù gān)
不甘後人	(bù gān hòu rén)
不甘寂寞	(bù gān jì mò)
不甘人後	(bù gān rén hòu)
不甘示弱	(bù gān shì ruò)
不甘心	(bù gān xīn)
不甘於	(bù gān yú)
不敢當	(bù gǎn dāng)
不敢高攀	(bù gǎn gāo pān)
不敢恭維	(bù gǎn gōng wei)
不敢苟同	(bù gǎn gǒu tóng)
不敢越雷池一步	(bù gǎn yuè léi chí yī bù)
不敢自專	(bù gǎn zì zhuān)
不干涉	(bù gān shè)
不給力	(bù gěi lì)
不公	(bù gōng)
不攻自破	(bù gōng zì pò)
不恭	(bù gōng)
不共戴天	(bù gòng dài tiān)
不苟	(bù gǒu)
不夠	(bù gòu)
不顧	(bù gù)
不顧大局	(bù gù dà jú)
不顧前後	(bù gù qián hòu)
不顧一切	(bù gù yī qiè)
不關痛癢	(bù guān tòng yǎng)
不管	(bù guǎn)
不管白貓黑貓，捉住老鼠就是好貓	(bù guǎn bái māo hēi māo , zhuō zhù lǎo shǔ jiù shì hǎo māo)
不管不顧	(bù guǎn bù gù)
不管三七二十一	(bù guǎn sān qī èr shí yī)
不管怎樣	(bù guǎn zěn yàng)
不光	(bù guāng)
不光彩	(bù guāng cǎi)
不規範	(bù guī fàn)
不規則	(bù guī zé)
不規則三角形	(bù guī zé sān jiǎo xíng)
不規則四邊形	(bù guī zé sì biān xíng)
不歸路	(bù guī lù)
不軌	(bù guǐ)
不過	(bù guò)
不過爾爾	(bù guò ěr ěr)
不過如此	(bù guò rú cǐ)
不過意	(bù guò yì)
不含糊	(bù hán hu)
不寒而慄	(bù hán ér lì)
不好	(bù hǎo)
不好惹	(bù hǎo rě)
不好受	(bù hǎo shòu)
不好說	(bù hǎo shuō)
不好意思	(bù hǎo yì si)
不合	(bù hé)
不合法	(bù hé fǎ)
不合理	(bù hé lǐ)
不合時宜	(bù hé shí yí)
不合體統	(bù hé tǐ tǒng)
不合作	(bù hé zuò)
不和	(bù hé)
不很	(bù hěn)
不許	(bù xǔ)
不划算	(bù huá suàn)
不懷好意	(bù huái hǎo yì)
不歡而散	(bù huān ér sàn)
不患寡而患不均	(bù huàn guǎ ér huàn bù jūn)
不慌不忙	(bù huāng bù máng)
不遑	(bù huáng)
不遑多讓	(bù huáng duō ràng)
不會	(bù huì)
不諱	(bù huì)
不惑	(bù huò)
不羈	(bù jī)
不及	(bù jí)
不及格	(bù jí gé)
不及物動詞	(bù jí wù dòng cí)
不吉	(bù jí)
不吉利	(bù jí lì)
不即不離	(bù jí bù lí)
不急之務	(bù jí zhī wù)
不疾不徐	(bù jí bù xú)
不計	(bù jì)
不計其數	(bù jì qí shù)
不記名投票	(bù jì míng tóu piào)
不濟	(bù jì)
不加	(bù jiā)
不加拘束	(bù jiā jū shù)
不加理睬	(bù jiā lǐ cǎi)
不加區別	(bù jiā qū bié)
不加修飾	(bù jiā xiū shì)
不加選擇	(bù jiā xuǎn zé)
不加掩飾	(bù jiā yǎn shì)
不佳	(bù jiā)
不假思索	(bù jiǎ sī suǒ)
不兼容性	(bù jiān róng xìng)
不減當年	(bù jiǎn dāng nián)
不簡單	(bù jiǎn dān)
不見	(bù jiàn)
不見不散	(bù jiàn bù sàn)
不見得	(bù jiàn de)
不見棺材不落淚	(bù jiàn guān cai bù luò lèi)
不見經傳	(bù jiàn jīng zhuàn)
不見了	(bù jiàn le)
不見天日	(bù jiàn tiān rì)
不見兔子不撒鷹	(bù jiàn tù zi bù sā yīng)
不見一點蹤影	(bù jiàn yī diǎn zōng yǐng)
不結盟	(bù jié méng)
不結盟運動	(bù jié méng yùn dòng)
不解	(bù jiě)
不解風情	(bù jiě fēng qíng)
不僅	(bù jǐn)
不僅僅	(bù jǐn jǐn)
不僅如此	(bù jǐn rú cǐ)
不緊不慢	(bù jǐn bù màn)
不近人情	(bù jìn rén qíng)
不禁	(bù jīn)
不盡	(bù jìn)
不盡根	(bù jìn gēn)
不盡然	(bù jìn rán)
不經一事，不長一智	(bù jīng yī shì , bù zhǎng yī zhì)
不經意	(bù jīng yì)
不經意間	(bù jīng yì jiān)
不經之談	(bù jīng zhī tán)
不景氣	(bù jǐng qì)
不脛而走	(bù jìng ér zǒu)
不敬	(bù jìng)
不久	(bù jiǔ)
不久前	(bù jiǔ qián)
不咎既往	(bù jiù jì wǎng)
不拘	(bù jū)
不拘小節	(bù jū xiǎo jié)
不拘一格	(bù jū yī gé)
不舉	(bù jǔ)
不倦	(bù juàn)
不絕	(bù jué)
不絕如縷	(bù jué rú lǚ)
不絕於耳	(bù jué yú ěr)
不絕於途	(bù jué yú tú)
不覺	(bù jué)
不均	(bù jūn)
不開竅	(bù kāi qiào)
不刊之論	(bù kān zhī lùn)
不堪	(bù kān)
不堪忍受	(bù kān rěn shòu)
不堪入目	(bù kān rù mù)
不堪設想	(bù kān shè xiǎng)
不堪一擊	(bù kān yī jī)
不看僧面看佛面	(bù kàn sēng miàn kàn fó miàn)
不亢不卑	(bù kàng bù bēi)
不可	(bù kě)
不可避免	(bù kě bì miǎn)
不可撤銷信用證	(bù kě chè xiāo xìn yòng zhèng)
不可導	(bù kě dǎo)
不可端倪	(bù kě duān ní)
不可多得	(bù kě duō dé)
不可分割	(bù kě fēn gē)
不可分離	(bù kě fēn lí)
不可告人	(bù kě gào rén)
不可估量	(bù kě gū liàng)
不可或缺	(bù kě huò quē)
不可解	(bù kě jiě)
不可開交	(bù kě kāi jiāo)
不可抗拒	(bù kě kàng jù)
不可抗力	(bù kě kàng lì)
不可理喻	(bù kě lǐ yù)
不可枚舉	(bù kě méi jǔ)
不可名狀	(bù kě míng zhuàng)
不可磨滅	(bù kě mó miè)
不可能	(bù kě néng)
不可逆	(bù kě nì)
不可逆轉	(bù kě nì zhuǎn)
不可侵犯	(bù kě qīn fàn)
不可缺少	(bù kě quē shǎo)
不可少	(bù kě shǎo)
不可勝數	(bù kě shèng shǔ)
不可勝言	(bù kě shèng yán)
不可收拾	(bù kě shōu shi)
不可數	(bù kě shǔ)
不可數集	(bù kě shuò jí)
不可數名詞	(bù kě shǔ míng cí)
不可思議	(bù kě sī yì)
不可同日而語	(bù kě tóng rì ér yǔ)
不可挽回	(bù kě wǎn huí)
不可言喻	(bù kě yán yù)
不可一世	(bù kě yī shì)
不可以	(bù kě yǐ)
不可逾越	(bù kě yú yuè)
不可知論	(bù kě zhī lùn)
不可置信	(bù kě zhì xìn)
不可終日	(bù kě zhōng rì)
不克	(bù kè)
不客氣	(bù kè qi)
不空成就佛	(bù kōng chéng jiù fó)
不快	(bù kuài)
不愧	(bù kuì)
不愧不怍	(bù kuì bù zuò)
不愧下學	(bù kuì xià xué)
不匱	(bù kuì)
不擴散核武器條約	(bù kuò sàn hé wǔ qì tiáo yuē)
不拉嘰	(bù lā jī)
不拉幾	(bù lā jī)
不來梅	(bù lái méi)
不來梅港	(bù lái méi gǎng)
不萊梅	(bù lái méi)
不賴	(bù lài)
不稂不莠	(bù láng bù yǒu)
不勞而獲	(bù láo ér huò)
不了	(bù liǎo)
不了了之	(bù liǎo liǎo zhī)
不離不棄	(bù lí bù qì)
不離兒	(bù lí r)
不理	(bù lǐ)
不理不睬	(bù lǐ bù cǎi)
不力	(bù lì)
不利	(bù lì)
不連續	(bù lián xù)
不連續面	(bù lián xù miàn)
不良	(bù liáng)
不良傾向	(bù liáng qīng xiàng)
不良人	(bù liáng rén)
不料	(bù liào)
不列顛	(bù liè diān)
不列顛哥倫比亞	(bù liè diān gē lún bǐ yà)
不列顛哥倫比亞省	(bù liè diān gē lún bǐ yà shěng)
不列顛戰役	(bù liè diān zhàn yì)
不列顛諸島	(bù liè diān zhū dǎo)
不吝	(bù lìn)
不吝賜教	(bù lìn cì jiào)
不吝珠玉	(bù lìn zhū yù)
不靈	(bù líng)
不露聲色	(bù lù shēng sè)
不倫	(bù lún)
不倫不類	(bù lún bù lèi)
不論	(bù lùn)
不落痕跡	(bù luò hén jì)
不落窠臼	(bù luò kē jiù)
不落俗套	(bù luò sú tào)
不滿	(bù mǎn)
不滿意	(bù mǎn yì)
不忙	(bù máng)
不毛	(bù máo)
不毛之地	(bù máo zhī dì)
不眠不休	(bù mián bù xiū)
不免	(bù miǎn)
不免一死	(bù miǎn yī sǐ)
不妙	(bù miào)
不名數	(bù míng shù)
不名一錢	(bù míng yī qián)
不名一文	(bù míng yī wén)
不名譽	(bù míng yù)
不明	(bù míng)
不明不白	(bù míng bù bái)
不明飛行物	(bù míng fēi xíng wù)
不明就裡	(bù míng jiù lǐ)
不明覺厲	(bù míng jué lì)
不明確	(bù míng què)
不明事理	(bù míng shì lǐ)
不摸頭	(bù mō tóu)
不謀而合	(bù móu ér hé)
不睦	(bù mù)
不耐煩	(bù nài fán)
不耐受	(bù nài shòu)
不能	(bù néng)
不能不	(bù néng bù)
不能自已	(bù néng zì yǐ)
不念舊惡	(bù niàn jiù è)
不佞	(bù nìng)
不怒而威	(bù nù ér wēi)
不怕	(bù pà)
不怕不識貨，就怕貨比貨	(bù pà bù shí huò , jiù pà huò bǐ huò)
不怕不識貨，只怕貨比貨	(bù pà bù shí huò , zhǐ pà huò bǐ huò)
不怕官，只怕管	(bù pà guān , zhǐ pà guǎn)
不怕慢，就怕站	(bù pà màn , jiù pà zhàn)
不怕神一樣的對手，就怕豬一樣的隊友	(bù pà shén yī yàng de duì shǒu , jiù pà zhū yī yàng de duì yǒu)
不怕一萬，就怕萬一	(bù pà yī wàn , jiù pà wàn yī)
不怕賊偷就怕賊惦記	(bù pà zéi tōu jiù pà zéi diàn jì)
不偏不倚	(bù piān bù yǐ)
不偏斜	(bù piān xié)
不平	(bù píng)
不平常	(bù píng cháng)
不平等	(bù píng děng)
不平等條約	(bù píng děng tiáo yuē)
不平凡	(bù píng fán)
不平衡	(bù píng héng)
不平則鳴	(bù píng zé míng)
不破不立	(bù pò bù lì)
不期	(bù qī)
不期而遇	(bù qī ér yù)
不期而至	(bù qī ér zhì)
不期然而然	(bù qī rán ér rán)
不起眼	(bù qǐ yǎn)
不起眼兒	(bù qǐ yǎn r)
不乾不淨	(bù gān bù jìng)
不乾不淨，吃了沒病	(bù gān bù jìng , chī le méi bìng)
不巧	(bù qiǎo)
不切合實際	(bù qiè hé shí jì)
不切實際	(bù qiè shí jì)
不清	(bù qīng)
不清楚	(bù qīng chu)
不輕饒	(bù qīng ráo)
不情願	(bù qíng yuàn)
不情之請	(bù qíng zhī qǐng)
不請自來	(bù qǐng zì lái)
不窮	(bù qióng)
不求人	(bù qiú rén)
不求甚解	(bù qiú shèn jiě)
不求收獲	(bù qiú shōu huò)
不求有功，但求無過	(bù qiú yǒu gōng , dàn qiú wú guò)
不屈	(bù qū)
不屈不撓	(bù qū bù náo)
不區分大小寫	(bù qū fēn dà xiǎo xiě)
不去理	(bù qù lǐ)
不確定性原理	(bù què dìng xìng yuán lǐ)
不確實	(bù què shí)
不然	(bù rán)
不讓鬚眉	(bù ràng xū méi)
不人道	(bù rén dào)
不仁	(bù rén)
不忍	(bù rěn)
不忍心	(bù rěn xīn)
不日	(bù rì)
不容	(bù róng)
不容小覷	(bù róng xiǎo qù)
不容置辯	(bù róng zhì biàn)
不容置疑	(bù róng zhì yí)
不溶	(bù róng)
不如	(bù rú)
不如人意	(bù rú rén yì)
不入虎穴，焉得虎子	(bù rù hǔ xué , yān dé hǔ zǐ)
不入時宜	(bù rù shí yí)
不若	(bù ruò)
不三不四	(bù sān bù sì)
不善	(bù shàn)
不傷脾胃	(bù shāng pí wèi)
不少	(bù shǎo)
不捨	(bù shě)
不甚	(bù shèn)
不慎	(bù shèn)
不聲不響	(bù shēng bù xiǎng)
不省人事	(bù xǐng rén shì)
不勝	(bù shèng)
不勝酒力	(bù shèng jiǔ lì)
不勝枚舉	(bù shèng méi jǔ)
不勝其煩	(bù shèng qí fán)
不勝其苦	(bù shèng qí kǔ)
不勝其擾	(bù shèng qí rǎo)
不失	(bù shī)
不失時機	(bù shī shí jī)
不失為	(bù shī wéi)
不食人間煙火	(bù shí rén jiān yān huǒ)
不時	(bù shí)
不時之需	(bù shí zhī xū)
不實	(bù shí)
不識大體	(bù shí dà tǐ)
不識高低	(bù shí gāo dī)
不識好歹	(bù shí hǎo dǎi)
不識廬山真面目	(bù shí lú shān zhēn miàn mù)
不識時變	(bù shí shí biàn)
不識時務	(bù shí shí wù)
不識抬舉	(bù shí tái jǔ)
不識泰山	(bù shí tài shān)
不識一丁	(bù shí yī dīng)
不識字	(bù shí zì)
不事生產	(bù shì shēng chǎn)
不事張揚	(bù shì zhāng yáng)
不是	(bù shì)
不是吃素的	(bù shì chī sù de)
不是東西	(bù shì dōng xi)
不是嗎	(bù shì ma)
不是味兒	(bù shì wèi r)
不是一家人不進一家門	(bù shì yī jiā rén bù jìn yī jiā mén)
不是魚死就是網破	(bù shì yú sǐ jiù shì wǎng pò)
不是冤家不聚頭	(bù shì yuān jiā bù jù tóu)
不是滋味	(bù shì zī wèi)
不適	(bù shì)
不適當	(bù shì dàng)
不首先使用	(bù shǒu xiān shǐ yòng)
不受歡迎	(bù shòu huān yíng)
不舒服	(bù shū fu)
不舒適	(bù shū shì)
不衰	(bù shuāi)
不爽	(bù shuǎng)
不順	(bù shùn)
不說自明	(bù shuō zì míng)
不死不休	(bù sǐ bù xiū)
不死心	(bù sǐ xīn)
不死藥	(bù sǐ yào)
不送	(bù sòng)
不送氣	(bù sòng qì)
不俗	(bù sú)
不速	(bù sù)
不速而至	(bù sù ér zhì)
不速之客	(bù sù zhī kè)
不算	(bù suàn)
不隨意	(bù suí yì)
不隨意肌	(bù suí yì jī)
不遂	(bù suì)
不碎玻璃	(bù suì bō li)
不太好	(bù tài hǎo)
不特	(bù tè)
不提也罷	(bù tí yě bà)
不題	(bù tí)
不體面	(bù tǐ miàn)
不聽老人言，吃虧在眼前	(bù tīng lǎo rén yán , chī kuī zài yǎn qián)
不聽命	(bù tīng mìng)
不停	(bù tíng)
不通	(bù tōng)
不同	(bù tóng)
不同凡響	(bù tóng fán xiǎng)
不同尋常	(bù tóng xún cháng)
不痛不癢	(bù tòng bù yǎng)
不偷不搶	(bù tōu bù qiǎng)
不透明	(bù tòu míng)
不透氣	(bù tòu qì)
不透水	(bù tòu shuǐ)
不圖	(bù tú)
不吐不快	(bù tǔ bù kuài)
不吐氣	(bù tǔ qì)
不妥	(bù tuǒ)
不妥協	(bù tuǒ xié)
不外	(bù wài)
不外乎	(bù wài hū)
不外露	(bù wài lù)
不完全歸納推理	(bù wán quán guī nà tuī lǐ)
不完全葉	(bù wán quán yè)
不完善	(bù wán shàn)
不枉	(bù wǎng)
不為過	(bù wéi guò)
不為酒困	(bù wéi jiǔ kùn)
不為人知	(bù wéi rén zhī)
不為所動	(bù wéi suǒ dòng)
不為已甚	(bù wéi yǐ shèn)
不為左右袒	(bù wèi zuǒ yòu tǎn)
不惟	(bù wéi)
不違農時	(bù wéi nóng shí)
不韙	(bù wěi)
不畏	(bù wèi)
不畏強暴	(bù wèi qiáng bào)
不畏強權	(bù wèi qiáng quán)
不謂	(bù wèi)
不溫不火	(bù wēn bù huǒ)
不聞不問	(bù wén bù wèn)
不穩	(bù wěn)
不穩平衡	(bù wěn píng héng)
不穩性	(bù wěn xìng)
不問	(bù wèn)
不問青紅皂白	(bù wèn qīng hóng zào bái)
不無	(bù wú)
不無小補	(bù wú xiǎo bǔ)
不務正業	(bù wù zhèng yè)
不誤	(bù wù)
不息	(bù xī)
不惜	(bù xī)
不惜血本	(bù xī xuè běn)
不惜一戰	(bù xī yī zhàn)
不喜勿噴	(bù xǐ wù pēn)
不暇	(bù xiá)
不下	(bù xià)
不下於	(bù xià yú)
不顯山不露水	(bù xiǎn shān bù lù shuǐ)
不相符	(bù xiāng fú)
不相干	(bù xiāng gān)
不相容	(bù xiāng róng)
不相容原理	(bù xiāng róng yuán lǐ)
不相上下	(bù xiāng shàng xià)
不香嗎	(bù xiāng ma)
不祥	(bù xiáng)
不祥之兆	(bù xiáng zhī zhào)
不詳	(bù xiáng)
不想	(bù xiǎng)
不象話	(bù xiàng huà)
不像話	(bù xiàng huà)
不像樣	(bù xiàng yàng)
不消	(bù xiāo)
不孝	(bù xiào)
不孝有三，無後為大	(bù xiào yǒu sān , wú hòu wéi dà)
不肖	(bù xiào)
不協調	(bù xié tiáo)
不屑	(bù xiè)
不屑一顧	(bù xiè yī gù)
不懈	(bù xiè)
不懈怠	(bù xiè dài)
不謝	(bù xiè)
不信任案	(bù xìn rèn àn)
不信任動議	(bù xìn rèn dòng yì)
不信任投票	(bù xìn rèn tóu piào)
不行	(bù xíng)
不行了	(bù xíng le)
不幸	(bù xìng)
不幸言中	(bù xìng yán zhòng)
不幸之事	(bù xìng zhī shì)
不幸之幸	(bù xìng zhī xìng)
不興	(bù xīng)
不休	(bù xiū)
不修邊幅	(bù xiū biān fú)
不朽	(bù xiǔ)
不銹鋼	(bù xiù gāng)
不鏽鋼	(bù xiù gāng)
不鏽鐵	(bù xiù tiě)
不虛此行	(bù xū cǐ xíng)
不恤	(bù xù)
不恤人言	(bù xù rén yán)
不宣而戰	(bù xuān ér zhàn)
不學無術	(bù xué wú shù)
不遜	(bù xùn)
不雅	(bù yǎ)
不雅觀	(bù yǎ guān)
不亞	(bù yà)
不亞於	(bù yà yú)
不言不語	(bù yán bù yǔ)
不言而喻	(bù yán ér yù)
不言自明	(bù yán zì míng)
不厭	(bù yàn)
不厭其煩	(bù yàn qí fán)
不要	(bù yào)
不要緊	(bù yào jǐn)
不要臉	(bù yào liǎn)
不要在一棵樹上吊死	(bù yào zài yī kē shù shàng diào sǐ)
不一	(bù yī)
不一定	(bù yī dìng)
不一而足	(bù yī ér zú)
不一會	(bù yī huì)
不一樣	(bù yī yàng)
不一致字	(bù yī zhì zì)
不依	(bù yī)
不依不饒	(bù yī bù ráo)
不宜	(bù yí)
不移	(bù yí)
不遺餘力	(bù yí yú lì)
不已	(bù yǐ)
不以詞害誌	(bù yǐ cí hài zhì)
不以辭害志	(bù yǐ cí hài zhì)
不以規矩，不能成方圓	(bù yǐ guī ju , bù néng chéng fāng yuán)
不以人廢言	(bù yǐ rén fèi yán)
不以為然	(bù yǐ wéi rán)
不以為意	(bù yǐ wéi yì)
不以物喜，不以己悲	(bù yǐ wù xǐ , bù yǐ jǐ bēi)
不亦	(bù yì)
不亦樂乎	(bù yì lè hū)
不易	(bù yì)
不易之論	(bù yì zhī lùn)
不意	(bù yì)
不義	(bù yì)
不義之財	(bù yì zhī cái)
不翼而飛	(bù yì ér fēi)
不應期	(bù yìng qī)
不用	(bù yòng)
不用客氣	(bù yòng kè qi)
不用說	(bù yòng shuō)
不用謝	(bù yòng xiè)
不用找	(bù yòng zhǎo)
不由	(bù yóu)
不由得	(bù yóu de)
不由分說	(bù yóu fēn shuō)
不由自主	(bù yóu zì zhǔ)
不渝	(bù yú)
不愉快	(bù yú kuài)
不虞	(bù yú)
不虞匱乏	(bù yú kuì fá)
不予理會	(bù yǔ lǐ huì)
不予評論	(bù yǔ píng lùn)
不予置評	(bù yǔ zhì píng)
不語	(bù yǔ)
不育	(bù yù)
不育性	(bù yù xìng)
不育症	(bù yù zhèng)
不豫	(bù yù)
不圓通	(bù yuán tōng)
不遠千里	(bù yuǎn qiān lǐ)
不願	(bù yuàn)
不約而同	(bù yuē ér tóng)
不月	(bù yuè)
不悅	(bù yuè)
不越雷池	(bù yuè léi chí)
不孕	(bù yùn)
不孕症	(bù yùn zhèng)
不慍不火	(bù yùn bù huǒ)
不咋地	(bù zǎ de)
不咋的	(bù zǎ de)
不再	(bù zài)
不在	(bù zài)
不在乎	(bù zài hu)
不在話下	(bù zài huà xià)
不在了	(bù zài le)
不在其位，不謀其政	(bù zài qí wèi , bù móu qí zhèng)
不在意	(bù zài yì)
不在狀態	(bù zài zhuàng tài)
不贊成	(bù zàn chéng)
不贊一詞	(bù zàn yī cí)
不擇手段	(bù zé shǒu duàn)
不怎麼	(bù zěn me)
不怎麼樣	(bù zěn me yàng)
不沾鍋	(bù zhān guō)
不粘鍋	(bù zhān guō)
不戰不和	(bù zhàn bù hé)
不折不扣	(bù zhé bù kòu)
不振	(bù zhèn)
不爭	(bù zhēng)
不爭氣	(bù zhēng qì)
不蒸饅頭爭口氣	(bù zhēng mán tou zhēng kǒu qì)
不正常	(bù zhèng cháng)
不正當	(bù zhèng dàng)
不正當關係	(bù zhèng dàng guān xì)
不正當競爭	(bù zhèng dàng jìng zhēng)
不正確	(bù zhèng què)
不正之風	(bù zhèng zhī fēng)
不支	(bù zhī)
不知	(bù zhī)
不知不覺	(bù zhī bù jué)
不知丁董	(bù zhī dīng dǒng)
不知凡幾	(bù zhī fán jǐ)
不知好歹	(bù zhī hǎo dǎi)
不知何故	(bù zhī hé gù)
不知進退	(bù zhī jìn tuì)
不知就裡	(bù zhī jiù lǐ)
不知疲倦	(bù zhī pí juàn)
不知輕重	(bù zhī qīng zhòng)
不知去向	(bù zhī qù xiàng)
不知死活	(bù zhī sǐ huó)
不知所措	(bù zhī suǒ cuò)
不知所謂	(bù zhī suǒ wèi)
不知所以	(bù zhī suǒ yǐ)
不知所云	(bù zhī suǒ yún)
不知所之	(bù zhī suǒ zhī)
不知所終	(bù zhī suǒ zhōng)
不知所蹤	(bù zhī suǒ zōng)
不知天高地厚	(bù zhī tiān gāo dì hòu)
不知痛癢	(bù zhī tòng yǎng)
不知羞恥	(bù zhī xiū chǐ)
不知者不罪	(bù zhī zhě bù zuì)
不值	(bù zhí)
不值得	(bù zhí de)
不值錢	(bù zhí qián)
不值一駁	(bù zhí yī bó)
不值一文	(bù zhí yī wén)
不值一笑	(bù zhí yī xiào)
不止	(bù zhǐ)
不止一次	(bù zhǐ yī cì)
不只	(bù zhǐ)
不至於	(bù zhì yú)
不忮不求	(bù zhì bù qiú)
不治	(bù zhì)
不治而癒	(bù zhì ér yù)
不治之症	(bù zhì zhī zhèng)
不致	(bù zhì)
不智	(bù zhì)
不置可否	(bù zhì kě fǒu)
不中意	(bù zhòng yì)
不中用	(bù zhōng yòng)
不周	(bù zhōu)
不周山	(bù zhōu shān)
不周延	(bù zhōu yán)
不主故常	(bù zhǔ gù cháng)
不住	(bù zhù)
不注意	(bù zhù yì)
不著	(bù zháo)
不著邊際	(bù zhuó biān jì)
不著痕跡	(bù zhuó hén jì)
不著陸飛行	(bù zhuó lù fēi xíng)
不撞南牆不回頭	(bù zhuàng nán qiáng bù huí tóu)
不准	(bù zhǔn)
不准許	(bù zhǔn xǔ)
不準確	(bù zhǔn què)
不貲	(bù zī)
不自量	(bù zì liàng)
不自量力	(bù zì liàng lì)
不自然	(bù zì rán)
不自由，毋寧死	(bù zì yóu , wú nìng sǐ)
不自在	(bù zì zai)
不足	(bù zú)
不足齒數	(bù zú chǐ shù)
不足道	(bù zú dào)
不足掛齒	(bù zú guà chǐ)
不足為道	(bù zú wéi dào)
不足為怪	(bù zú wéi guài)
不足為慮	(bù zú wéi lǜ)
不足為奇	(bù zú wéi qí)
不足為外人道	(bù zú wèi wài rén dào)
不足為訓	(bù zú wéi xùn)
不足月	(bù zú yuè)
不醉不歸	(bù zuì bù guī)
不作死就不會死	(bù zuò sǐ jiù bù huì sǐ)
不作為	(bù zuò wéi)
不做虧心事，不怕鬼敲門	(bù zuò kuī xīn shì , bù pà guǐ qiāo mén)
不做聲	(bù zuò shēng)
布	(bù)
布帛	(bù bó)
布帛菽粟	(bù bó shū sù)
布城	(bù chéng)
布達拉宮	(bù dá lā gōng)
布達拉山	(bù dá lā shān)
布達佩斯	(bù dá pèi sī)
布袋	(bù dài)
布袋彈	(bù dài dàn)
布袋戲	(bù dài xì)
布袋戲偶	(bù dài xì ǒu)
布袋鎮	(bù dài zhèn)
布道	(bù dào)
布迪亞	(bù dí yà)
布丁	(bù dīng)
布爾	(bù ěr)
布爾代數	(bù ěr dài shù)
布爾津縣	(bù ěr jīn xiàn)
布爾諾	(bù ěr nuò)
布爾喬亞	(bù ěr qiáo yà)
布爾什維克	(bù ěr shí wéi kè)
布法羅	(bù fǎ luó)
布防	(bù fáng)
布防迎戰	(bù fáng yíng zhàn)
布斐	(bù fěi)
布干維爾	(bù gān wéi ěr)
布干維爾島	(bù gān wéi ěr dǎo)
布格麥	(bù gé mài)
布谷鳥	(bù gǔ niǎo)
布穀	(bù gǔ)
布哈拉	(bù hā lā)
布痕瓦爾德	(bù hén wǎ ěr dé)
布基納法索	(bù jī nà fǎ suǒ)
布吉河	(bù jí hé)
布吉納法索	(bù jí nà fǎ suǒ)
布加迪	(bù jiā dí)
布加勒斯特	(bù jiā lè sī tè)
布加綜合徵	(bù jiā zōng hé zhēng)
布巾	(bù jīn)
布坎南	(bù kǎn nán)
布控	(bù kòng)
布拉柴維爾	(bù lā chái wéi ěr)
布拉德福德	(bù lā dé fú dé)
布拉迪斯拉發	(bù lā dí sī lā fā)
布拉戈維申斯克	(bù lā gē wéi shēn sī kè)
布拉格	(bù lā gé)
布拉吉	(bù lā jí)
布拉薩市	(bù lā sà shì)
布拉索夫	(bù lā suǒ fū)
布拉提斯拉瓦	(bù lā tí sī lā wǎ)
布萊德湖	(bù lái dé hú)
布萊頓	(bù lái dùn)
布萊恩	(bù lái ēn)
布萊爾	(bù lái ěr)
布萊克本	(bù lái kè běn)
布萊克史密斯	(bù lái kè shǐ mì sī)
布萊尼	(bù lái ní)
布萊氏鷚	(bù lái shì liù)
布萊葉	(bù lái yè)
布蘭妮·斯皮爾斯	(bù lán nī · sī pí ěr sī)
布蘭森	(bù lán sēn)
布朗	(bù lǎng)
布朗大學	(bù lǎng dà xué)
布朗克士	(bù lǎng kè shì)
布朗克斯	(bù lǎng kè sī)
布朗尼	(bù lǎng ní)
布朗士	(bù lǎng shì)
布朗運動	(bù lǎng yùn dòng)
布朗族	(bù lǎng zú)
布勞恩	(bù láo ēn)
布雷斯特	(bù léi sī tè)
布里奇頓	(bù lǐ qí dùn)
布里斯班	(bù lǐ sī bān)
布里斯托	(bù lǐ sī tuō)
布里斯托爾	(bù lǐ sī tuō ěr)
布里斯托爾海峽	(bù lǐ sī tuō ěr hǎi xiá)
布里坦尼	(bù lǐ tǎn ní)
布里特妮	(bù lǐ tè nī)
布料	(bù liào)
布列斯特	(bù liè sī tè)
布列塔尼	(bù liè tǎ ní)
布林	(bù lín)
布林迪西	(bù lín dí xī)
布隆伯格	(bù lōng bó gé)
布隆迪	(bù lóng dí)
布隆方丹	(bù lóng fāng dān)
布魯克	(bù lǔ kè)
布魯克海文國家實驗室	(bù lǔ kè hǎi wén guó jiā shí yàn shì)
布魯克海文實驗室	(bù lǔ kè hǎi wén shí yàn shì)
布魯克林	(bù lǔ kè lín)
布魯克林大橋	(bù lǔ kè lín dà qiáo)
布魯姆斯伯里	(bù lǔ mǔ sī bó lǐ)
布魯日	(bù lǔ rì)
布魯塞爾	(bù lǔ sài ěr)
布魯氏菌病	(bù lǔ shì jūn bìng)
布魯斯	(bù lǔ sī)
布魯特斯	(bù lǔ tè sī)
布魯圖斯	(bù lǔ tú sī)
布倫尼	(bù lún ní)
布洛芬	(bù luò fēn)
布洛陀	(bù luò tuó)
布滿	(bù mǎn)
布幕	(bù mù)
布囊	(bù náng)
布尼亞病毒	(bù ní yà bìng dú)
布匿戰爭	(bù nì zhàn zhēng)
布農族	(bù nóng zú)
布偶	(bù ǒu)
布偶貓	(bù ǒu māo)
布偶裝	(bù ǒu zhuāng)
布匹	(bù pǐ)
布瓊布拉	(bù qióng bù lā)
布熱津斯基	(bù rè jīn sī jī)
布灑器	(bù sǎ qì)
布什	(bù shí)
布什爾	(bù shí ěr)
布施	(bù shī)
布氏非鯽	(bù shì fēi jì)
布氏桿菌病	(bù shì gǎn jūn bìng)
布氏鷚	(bù shì liù)
布氏葦鶯	(bù shì wěi yīng)
布署	(bù shǔ)
布松布拉	(bù sōng bù lā)
布托	(bù tuō)
布拖縣	(bù tuō xiàn)
布娃娃	(bù wá wa)
布伍	(bù wǔ)
布希	(bù xī)
布希威克	(bù xī wēi kè)
布希鞋	(bù xī xié)
布下	(bù xià)
布線	(bù xiàn)
布鞋	(bù xié)
布須曼人	(bù xū màn rén)
布衣	(bù yī)
布衣韋帶	(bù yī wéi dài)
布依	(bù yī)
布依族	(bù yī zú)
布宜諾斯艾利斯	(bù yí nuò sī ài lì sī)
布展	(bù zhǎn)
步	(bù)
步兵	(bù bīng)
步步	(bù bù)
步步高陞	(bù bù gāo shēng)
步步為營	(bù bù wéi yíng)
步操	(bù cāo)
步測	(bù cè)
步道	(bù dào)
步登公寓	(bù dēng gōng yù)
步調	(bù diào)
步調一致	(bù diào yī zhì)
步斗踏罡	(bù dǒu tà gāng)
步伐	(bù fá)
步法	(bù fǎ)
步罡踏斗	(bù gāng tà dǒu)
步話機	(bù huà jī)
步進馬達	(bù jìn mǎ dá)
步進制	(bù jìn zhì)
步犁	(bù lí)
步履	(bù lǚ)
步履蹣跚	(bù lǚ pán shān)
步履維艱	(bù lǚ wéi jiān)
步輦	(bù niǎn)
步槍	(bù qiāng)
步人後塵	(bù rén hòu chén)
步入	(bù rù)
步哨	(bù shào)
步態	(bù tài)
步態蹣跚	(bù tài pán shān)
步武	(bù wǔ)
步行	(bù xíng)
步行蟲	(bù xíng chóng)
步行街	(bù xíng jiē)
步行區	(bù xíng qū)
步行者	(bù xíng zhě)
步搖	(bù yáo)
步月	(bù yuè)
步韻	(bù yùn)
步驟	(bù zhòu)
步子	(bù zi)
步子太大，容易扯著蛋	(bù zi tài dà , róng yì chě zhe dàn)
步足	(bù zú)
吥	(bù)
佈	(bù)
佈道	(bù dào)
佈告	(bù gào)
佈告欄	(bù gào lán)
佈建	(bù jiàn)
佈景	(bù jǐng)
佈局	(bù jú)
佈局投手	(bù jú tóu shǒu)
佈雷	(bù léi)
佈雷艦	(bù léi jiàn)
佈伍	(bù wǔ)
佈置	(bù zhì)
歨	(bù)
歩	(bù)
怖	(bù)
埗	(bù)
捗	(bù)
悑	(bù)
埠	(bù)
埠頭	(bù tóu)
攃	(sà)
擦	(cā)
擦棒球	(cā bàng qiú)
擦邊	(cā biān)
擦邊球	(cā biān qiú)
擦擦筆	(cā cā bǐ)
擦除	(cā chú)
擦掉	(cā diào)
擦腚紙	(cā dìng zhǐ)
擦黑兒	(cā hēi r)
擦肩而過	(cā jiān ér guò)
擦亮	(cā liàng)
擦亮眼睛	(cā liàng yǎn jīng)
擦掠	(cā lüè)
擦抹	(cā mǒ)
擦屁股	(cā pì gu)
擦乾	(cā gān)
擦槍走火	(cā qiāng zǒu huǒ)
擦傷	(cā shāng)
擦身而過	(cā shēn ér guò)
擦拭	(cā shì)
擦絲	(cā sī)
擦碗布	(cā wǎn bù)
擦網球	(cā wǎng qiú)
擦洗	(cā xǐ)
擦鞋墊	(cā xié diàn)
擦寫	(cā xiě)
擦音	(cā yīn)
擦油	(cā yóu)
擦澡	(cā zǎo)
擦撞	(cā zhuàng)
擦子	(cā zi)
嚓	(cā)
嚓嚓	(cā cā)
偲	(cāi)
偲偲	(sī sī)
才	(cái)
才不	(cái bù)
才德	(cái dé)
才分	(cái fèn)
才幹	(cái gàn)
才高八斗	(cái gāo bā dǒu)
才怪	(cái guài)
才華	(cái huá)
才華出眾	(cái huá chū zhòng)
才華蓋世	(cái huá gài shì)
才華橫溢	(cái huá héng yì)
才兼文武	(cái jiān wén wǔ)
才略	(cái lüè)
才貌雙全	(cái mào shuāng quán)
才能	(cái néng)
才女	(cái nǚ)
才氣	(cái qì)
才氣過人	(cái qì guò rén)
才識	(cái shí)
才識過人	(cái shí guò rén)
才疏學淺	(cái shū xué qiǎn)
才思	(cái sī)
才學	(cái xué)
才藝	(cái yì)
才藝秀	(cái yì xiù)
才媛	(cái yuàn)
才智	(cái zhì)
才子	(cái zǐ)
才子佳人	(cái zǐ jiā rén)
材	(cái)
材積	(cái jī)
材料	(cái liào)
材料科學	(cái liào kē xué)
材料學	(cái liào xué)
材質	(cái zhì)
倸	(cǎi)
採	(cǎi)
採辦	(cǎi bàn)
採茶	(cǎi chá)
採場	(cǎi chǎng)
採出	(cǎi chū)
採耳	(cǎi ěr)
採伐	(cǎi fá)
採訪	(cǎi fǎng)
採訪記者	(cǎi fǎng jì zhě)
採風	(cǎi fēng)
採購	(cǎi gòu)
採購商	(cǎi gòu shāng)
採購員	(cǎi gòu yuán)
採光	(cǎi guāng)
採果	(cǎi guǒ)
採花	(cǎi huā)
採花大盜	(cǎi huā dà dào)
採花賊	(cǎi huā zéi)
採集	(cǎi jí)
採景	(cǎi jǐng)
採掘	(cǎi jué)
採礦	(cǎi kuàng)
採礦業	(cǎi kuàng yè)
採錄	(cǎi lù)
採買	(cǎi mǎi)
採煤	(cǎi méi)
採煤工作面	(cǎi méi gōng zuò miàn)
採棉機	(cǎi mián jī)
採納	(cǎi nà)
採暖	(cǎi nuǎn)
採取	(cǎi qǔ)
採取行動	(cǎi qǔ xíng dòng)
採砂場	(cǎi shā chǎng)
採石場	(cǎi shí chǎng)
採食	(cǎi shí)
採收	(cǎi shōu)
採收率	(cǎi shōu lǜ)
採行	(cǎi xíng)
採樣	(cǎi yàng)
採樣率	(cǎi yàng lǜ)
採用	(cǎi yòng)
採油	(cǎi yóu)
採擇	(cǎi zé)
採摘	(cǎi zhāi)
採證	(cǎi zhèng)
採脂	(cǎi zhī)
採製	(cǎi zhì)
採種	(cǎi zhǒng)
採珠	(cǎi zhū)
彩	(cǎi)
彩蚌	(cǎi bàng)
彩超	(cǎi chāo)
彩車	(cǎi chē)
彩帶	(cǎi dài)
彩蛋	(cǎi dàn)
彩彈	(cǎi dàn)
彩電	(cǎi diàn)
彩鸛	(cǎi guàn)
彩虹	(cǎi hóng)
彩虹蜂虎	(cǎi hóng fēng hǔ)
彩虹屁	(cǎi hóng pì)
彩虹旗	(cǎi hóng qí)
彩虹吸蜜鸚鵡	(cǎi hóng xī mì yīng wǔ)
彩虹鸚鵡	(cǎi hóng yīng wǔ)
彩虹族群	(cǎi hóng zú qún)
彩畫	(cǎi huà)
彩䴉	(cǎi huán)
彩繪	(cǎi huì)
彩卷	(cǎi juǎn)
彩擴	(cǎi kuò)
彩禮	(cǎi lǐ)
彩練	(cǎi liàn)
彩鈴	(cǎi líng)
彩民	(cǎi mín)
彩泥	(cǎi ní)
彩排	(cǎi pái)
彩票	(cǎi piào)
彩旗	(cǎi qí)
彩券	(cǎi quàn)
彩色	(cǎi sè)
彩色筆	(cǎi sè bǐ)
彩聲	(cǎi shēng)
彩塑	(cǎi sù)
彩頭	(cǎi tóu)
彩霞	(cǎi xiá)
彩信	(cǎi xìn)
彩衣	(cǎi yī)
彩印	(cǎi yìn)
彩鷸	(cǎi yù)
彩雲	(cǎi yún)
彩妝	(cǎi zhuāng)
寀	(cài)
埰	(cài)
叄	(sān)
㕘	(cān)
參	(cān)
參拜	(cān bài)
參半	(cān bàn)
參差	(cēn cī)
參差不齊	(cēn cī bù qí)
參差錯落	(cēn cī cuò luò)
參禪	(cān chán)
參訪團	(cān fǎng tuán)
參股	(cān gǔ)
參觀	(cān guān)
參劾	(cān hé)
參會	(cān huì)
參雞湯	(shēn jī tāng)
參加	(cān jiā)
參加者	(cān jiā zhě)
參見	(cān jiàn)
參軍	(cān jūn)
參卡爾	(cān kǎ ěr)
參看	(cān kàn)
參考	(cān kǎo)
參考材料	(cān kǎo cái liào)
參考書	(cān kǎo shū)
參考橢球體	(cān kǎo tuǒ qiú tǐ)
參考文獻	(cān kǎo wén xiàn)
參考系	(cān kǎo xì)
參考消息	(cān kǎo xiāo xī)
參考資料	(cān kǎo zī liào)
參量	(cān liàng)
參量空間	(cān liàng kōng jiān)
參謀	(cān móu)
參謀長	(cān móu zhǎng)
參謀總長	(cān móu zǒng zhǎng)
參茸	(shēn róng)
參賽	(cān sài)
參賽者	(cān sài zhě)
參薯	(shēn shǔ)
參數	(cān shù)
參宿	(shēn xiù)
參宿七	(shēn xiù qī)
參孫	(cān sūn)
參天	(cān tiān)
參透	(cān tòu)
參悟	(cān wù)
參詳	(cān xiáng)
參校	(cān jiào)
參選	(cān xuǎn)
參選率	(cān xuǎn lǜ)
參選人	(cān xuǎn rén)
參演	(cān yǎn)
參謁	(cān yè)
參議	(cān yì)
參議員	(cān yì yuán)
參議院	(cān yì yuàn)
參與	(cān yù)
參與者	(cān yù zhě)
參預	(cān yù)
參院	(cān yuàn)
參閱	(cān yuè)
參雜	(cān zá)
參贊	(cān zàn)
參展	(cān zhǎn)
參戰	(cān zhàn)
參照	(cān zhào)
參照系	(cān zhào xì)
參政	(cān zhèng)
參政權	(cān zhèng quán)
參酌	(cān zhuó)
喰	(cān)
叅	(cān)
嵾	(cēn)
殘	(cán)
殘奧	(cán ào)
殘奧會	(cán ào huì)
殘敗	(cán bài)
殘暴	(cán bào)
殘本	(cán běn)
殘兵敗將	(cán bīng bài jiàng)
殘部	(cán bù)
殘喘	(cán chuǎn)
殘次	(cán cì)
殘次品	(cán cì pǐn)
殘存	(cán cún)
殘敵	(cán dí)
殘冬臘月	(cán dōng là yuè)
殘毒	(cán dú)
殘廢	(cán fèi)
殘羹	(cán gēng)
殘羹剩飯	(cán gēng shèng fàn)
殘骸	(cán hái)
殘害	(cán hài)
殘花敗柳	(cán huā bài liǔ)
殘疾	(cán jí)
殘疾兒	(cán jí ér)
殘疾人	(cán jí rén)
殘莖	(cán jīng)
殘局	(cán jú)
殘卷	(cán juàn)
殘酷	(cán kù)
殘酷無情	(cán kù wú qíng)
殘留	(cán liú)
殘留物	(cán liú wù)
殘民害物	(cán mín hài wù)
殘膜	(cán mó)
殘年短景	(cán nián duǎn jǐng)
殘念	(cán niàn)
殘虐	(cán nüè)
殘品	(cán pǐn)
殘破	(cán pò)
殘缺	(cán quē)
殘忍	(cán rěn)
殘殺	(cán shā)
殘生	(cán shēng)
殘香	(cán xiāng)
殘影	(cán yǐng)
殘餘	(cán yú)
殘餘物	(cán yú wù)
殘餘沾染	(cán yú zhān rǎn)
殘垣	(cán yuán)
殘垣敗壁	(cán yuán bài bì)
殘垣斷壁	(cán yuán duàn bì)
殘月	(cán yuè)
殘渣	(cán zhā)
殘渣餘孽	(cán zhā yú niè)
殘障	(cán zhàng)
殘肢	(cán zhī)
殘值	(cán zhí)
殘株	(cán zhū)
慚	(cán)
慚愧	(cán kuì)
慙	(cán)
慘	(cǎn)
慘案	(cǎn àn)
慘白	(cǎn bái)
慘敗	(cǎn bài)
慘變	(cǎn biàn)
慘不忍睹	(cǎn bù rěn dǔ)
慘不忍聞	(cǎn bù rěn wén)
慘怛	(cǎn dá)
慘淡	(cǎn dàn)
慘淡經營	(cǎn dàn jīng yíng)
慘澹	(cǎn dàn)
慘毒	(cǎn dú)
慘紅	(cǎn hóng)
慘禍	(cǎn huò)
慘叫	(cǎn jiào)
慘景	(cǎn jǐng)
慘境	(cǎn jìng)
慘劇	(cǎn jù)
慘絕人寰	(cǎn jué rén huán)
慘酷	(cǎn kù)
慘況	(cǎn kuàng)
慘烈	(cǎn liè)
慘戮	(cǎn lù)
慘然	(cǎn rán)
慘殺	(cǎn shā)
慘事	(cǎn shì)
慘死	(cǎn sǐ)
慘痛	(cǎn tòng)
慘無人道	(cǎn wú rén dào)
慘笑	(cǎn xiào)
慘遭	(cǎn zāo)
慘遭不幸	(cǎn zāo bù xìng)
慘重	(cǎn zhòng)
慘狀	(cǎn zhuàng)
憯	(cǎn)
倉	(cāng)
倉儲	(cāng chǔ)
倉促	(cāng cù)
倉猝	(cāng cù)
倉敷	(cāng fū)
倉庚	(cāng gēng)
倉皇	(cāng huáng)
倉皇出逃	(cāng huáng chū táo)
倉皇失措	(cāng huáng shī cuò)
倉黃	(cāng huáng)
倉惶	(cāng huáng)
倉庫	(cāng kù)
倉廩	(cāng lǐn)
倉山區	(cāng shān qū)
倉鼠	(cāng shǔ)
倉位	(cāng wèi)
倉頡	(cāng jié)
倉卒	(cāng cù)
凔	(cāng)
撡	(cāo)
操	(cāo)
操辦	(cāo bàn)
操屄	(cào bī)
操逼	(cào bī)
操場	(cāo chǎng)
操持	(cāo chi)
操蛋	(cào dàn)
操刀	(cāo dāo)
操刀手	(cāo dāo shǒu)
操典	(cāo diǎn)
操舵	(cāo duò)
操舵室	(cāo duò shì)
操法	(cāo fǎ)
操斧伐柯	(cāo fǔ fá kē)
操觚	(cāo gū)
操航	(cāo háng)
操課	(cāo kè)
操控	(cāo kòng)
操勞	(cāo láo)
操練	(cāo liàn)
操你媽	(cào nǐ mā)
操弄	(cāo nòng)
操盤	(cāo pán)
操盤手	(cāo pán shǒu)
操坪	(cāo píng)
操切	(cāo qiè)
操神	(cāo shén)
操守	(cāo shǒu)
操心	(cāo xīn)
操行	(cāo xíng)
操演	(cāo yǎn)
操之過急	(cāo zhī guò jí)
操舟	(cāo zhōu)
操縱	(cāo zòng)
操縱桿	(cāo zòng gǎn)
操縱自如	(cāo zòng zì rú)
操作	(cāo zuò)
操作符	(cāo zuò fú)
操作規程	(cāo zuò guī chéng)
操作環境	(cāo zuò huán jìng)
操作數	(cāo zuò shù)
操作台	(cāo zuò tái)
操作系統	(cāo zuò xì tǒng)
操作員	(cāo zuò yuán)
操作者	(cāo zuò zhě)
曹	(cáo)
曹白魚	(cáo bái yú)
曹不興	(cáo bù xīng)
曹參	(cáo cān)
曹操	(cáo cāo)
曹沖	(cáo chōng)
曹妃甸區	(cáo fēi diàn qū)
曹剛川	(cáo gāng chuān)
曹靖華	(cáo jìng huá)
曹錕	(cáo kūn)
曹縣	(cáo xiàn)
曹雪芹	(cáo xuě qín)
曹禺	(cáo yú)
曹植	(cáo zhí)
傮	(zāo)
嘈	(cáo)
嘈雜	(cáo zá)
嘈雜聲	(cáo zá shēng)
槽	(cáo)
槽車	(cáo chē)
槽齒類	(cáo chǐ lèi)
槽齒目	(cáo chǐ mù)
槽點	(cáo diǎn)
槽坊	(cáo fang)
槽鋼	(cáo gāng)
槽孔	(cáo kǒng)
槽頭	(cáo tóu)
槽位	(cáo wèi)
槽牙	(cáo yá)
冊	(cè)
冊封	(cè fēng)
冊亨縣	(cè hēng xiàn)
冊立	(cè lì)
冊歷	(cè lì)
冊子	(cè zi)
敇	(chì)
厠	(cè)
側	(cè)
側壁	(cè bì)
側邊欄	(cè biān lán)
側刀旁	(cè dāo páng)
側耳	(cè ěr)
側翻	(cè fān)
側鋒	(cè fēng)
側根	(cè gēn)
側記	(cè jì)
側空翻	(cè kōng fān)
側鏈	(cè liàn)
側錄	(cè lù)
側門	(cè mén)
側面	(cè miàn)
側目	(cè mù)
側身	(cè shēn)
側生動物	(cè shēng dòng wù)
側室	(cè shì)
側手翻	(cè shǒu fān)
側躺	(cè tǎng)
側臥	(cè wò)
側寫	(cè xiě)
側芽	(cè yá)
側影	(cè yǐng)
側載	(cè zài)
側重	(cè zhòng)
側重點	(cè zhòng diǎn)
䇲	(cè)
廁	(cè)
廁具	(cè jù)
廁身	(cè shēn)
廁所	(cè suǒ)
廁紙	(cè zhǐ)
廁足	(cè zú)
惻	(cè)
惻隱	(cè yǐn)
惻隱之心	(cè yǐn zhī xīn)
岑	(cén)
岑鞏縣	(cén gǒng xiàn)
岑彭	(cén péng)
岑溪市	(cén xī shì)
梣	(chén)
梣樹	(chén shù)
噌	(chēng)
曾	(zēng)
曾參	(zēng shēn)
曾都區	(zēng dū qū)
曾鞏	(zēng gǒng)
曾國藩	(zēng guó fān)
曾幾何時	(céng jǐ hé shí)
曾紀澤	(zēng jì zé)
曾金燕	(zēng jīn yàn)
曾經	(céng jīng)
曾經滄海	(céng jīng cāng hǎi)
曾經滄海難為水，除卻巫山不是雲	(céng jīng cāng hǎi nán wéi shuǐ , chú què wū shān bù shì yún)
曾樸	(zēng pǔ)
曾孫	(zēng sūn)
曾孫女	(zēng sūn nǚ)
曾外祖父	(zēng wài zǔ fù)
曾外祖母	(zēng wài zǔ mǔ)
曾孝谷	(zēng xiào gǔ)
曾蔭權	(zēng yīn quán)
曾子	(zēng zǐ)
曾祖	(zēng zǔ)
曾祖父	(zēng zǔ fù)
曾祖父母	(zēng zǔ fù mǔ)
曾祖母	(zēng zǔ mǔ)
嶒	(céng)
層	(céng)
層報	(céng bào)
層層	(céng céng)
層層傳達	(céng céng chuán dá)
層層加碼	(céng céng jiā mǎ)
層出不窮	(céng chū bù qióng)
層次	(céng cì)
層次分明	(céng cì fēn míng)
層疊	(céng dié)
層積雲	(céng jī yún)
層級	(céng jí)
層見迭出	(céng xiàn dié chū)
層見疊出	(céng xiàn dié chū)
層理	(céng lǐ)
層流	(céng liú)
層樓	(céng lóu)
層巒	(céng luán)
層巒疊嶂	(céng luán dié zhàng)
層面	(céng miàn)
層壓	(céng yā)
層壓式推銷	(céng yā shì tuī xiāo)
層巖	(céng yán)
層雲	(céng yún)
層狀	(céng zhuàng)
層子	(céng zi)
叉	(chǎ)
叉車	(chā chē)
叉乘	(chā chéng)
叉簧	(chā huáng)
叉積	(chā jī)
叉架	(chā jià)
叉圈	(chā quān)
叉燒	(chā shāo)
叉燒包	(chā shāo bāo)
叉勺	(chā sháo)
叉頭	(chā tóu)
叉尾鷗	(chā wěi ōu)
叉尾太陽鳥	(chā wěi tài yáng niǎo)
叉形	(chā xíng)
叉腰	(chā yāo)
叉子	(chā zi)
扱	(xī)
扠	(chā)
杈	(chā)
插	(chā)
插班	(chā bān)
插播	(chā bō)
插播廣告	(chā bō guǎng gào)
插補	(chā bǔ)
插不上手	(chā bu shàng shǒu)
插槽	(chā cáo)
插翅難飛	(chā chì nán fēi)
插隊	(chā duì)
插管	(chā guǎn)
插喉	(chā hóu)
插花	(chā huā)
插畫	(chā huà)
插話	(chā huà)
插件	(chā jiàn)
插腳	(chā jiǎo)
插進	(chā jìn)
插卡式	(chā kǎ shì)
插科打諢	(chā kē dǎ hùn)
插孔	(chā kǒng)
插口	(chā kǒu)
插排	(chā pái)
插曲	(chā qǔ)
插入	(chā rù)
插入因子	(chā rù yīn zǐ)
插入語	(chā rù yǔ)
插上	(chā shang)
插手	(chā shǒu)
插鎖	(chā suǒ)
插頭	(chā tóu)
插圖	(chā tú)
插線板	(chā xiàn bǎn)
插銷	(chā xiāo)
插眼	(chā yǎn)
插秧	(chā yāng)
插腰	(chā yāo)
插值	(chā zhí)
插足	(chā zú)
插嘴	(chā zuǐ)
插座	(chā zuò)
插座板	(chā zuò bǎn)
揷	(chā)
垞	(chá)
查	(chá)
查辦	(chá bàn)
查抄	(chá chāo)
查出	(chá chū)
查處	(chá chǔ)
查德	(chá dé)
查點	(chá diǎn)
查調	(chá diào)
查對	(chá duì)
查爾斯	(chá ěr sī)
查爾斯·狄更斯	(chá ěr sī · dí gēng sī)
查爾斯頓	(chá ěr sī dùn)
查房	(chá fáng)
查訪	(chá fǎng)
查封	(chá fēng)
查崗	(chá gǎng)
查戈斯群島	(chá gē sī qún dǎo)
查核	(chá hé)
查獲	(chá huò)
查緝	(chá jī)
查加斯病	(chá jiā sī bìng)
查檢	(chá jiǎn)
查禁	(chá jìn)
查究	(chá jiū)
查勘	(chá kān)
查看	(chá kàn)
查考	(chá kǎo)
查克·諾里斯	(chá kè · nuò lǐ sī)
查克拉	(chá kè lā)
查克瑞	(chá kè ruì)
查扣	(chá kòu)
查理週刊	(chá lǐ zhōu kān)
查沒	(chá mò)
查明	(chá míng)
查票員	(chá piào yuán)
查鋪	(chá pù)
查普曼	(chá pǔ màn)
查清	(chá qīng)
查拳	(chá quán)
查哨	(chá shào)
查實	(chá shí)
查收	(chá shōu)
查水表	(chá shuǐ biǎo)
查探	(chá tàn)
查韋斯	(chá wéi sī)
查問	(chá wèn)
查詢	(chá xún)
查驗	(chá yàn)
查夜	(chá yè)
查閱	(chá yuè)
查帳	(chá zhàng)
查找	(chá zhǎo)
查證	(chá zhèng)
查字法	(chá zì fǎ)
搽	(chá)
嵖岈山	(chá yá shān)
槎	(chá)
察	(chá)
察布查爾錫伯自治縣	(chá bù chá ěr xī bó zì zhì xiàn)
察察	(chá chá)
察察為明	(chá chá wéi míng)
察爾汗鹽湖	(chá ěr hán yán hú)
察訪	(chá fǎng)
察哈爾	(chá hā ěr)
察哈爾右翼後旗	(chá hā ěr yòu yì hòu qí)
察哈爾右翼前旗	(chá hā ěr yòu yì qián qí)
察哈爾右翼中旗	(chá hā ěr yòu yì zhōng qí)
察合臺	(chá gě tái)
察覺	(chá jué)
察看	(chá kàn)
察納	(chá nà)
察雅縣	(chá yǎ xiàn)
察言觀色	(chá yán guān sè)
察驗	(chá yàn)
察隅縣	(chá yú xiàn)
檫	(chá)
奼	(chà)
奼女	(chà nǚ)
奼紫嫣紅	(chà zǐ yān hóng)
岔	(chà)
岔道	(chà dào)
岔調	(chà diào)
岔開	(chà kāi)
岔口	(chà kǒu)
岔流	(chà liú)
岔路	(chà lù)
岔子	(chà zi)
侘	(chà)
差	(chà)
差別	(chā bié)
差不多	(chà bu duō)
差不多的	(chà bu duō de)
差不離	(chà bù lí)
差不離兒	(chà bù lí r)
差池	(chā chí)
差遲	(chā chí)
差錯	(chā cuò)
差得多	(chà de duō)
差點	(chà diǎn)
差點兒	(chà diǎn r)
差點沒	(chà diǎn méi)
差動齒輪	(chā dòng chǐ lún)
差訛	(chā é)
差額	(chā é)
差額選舉	(chā é xuǎn jǔ)
差分	(chā fēn)
差分方程	(chā fēn fāng chéng)
差價	(chā jià)
差勁	(chà jìn)
差距	(chā jù)
差旅	(chāi lǚ)
差旅費	(chāi lǚ fèi)
差謬	(chà miù)
差派	(chāi pài)
差評	(chà píng)
差遣	(chāi qiǎn)
差強人意	(chā qiáng rén yì)
差商	(chā shāng)
差生	(chà shēng)
差生文具多	(chà shēng wén jù duō)
差失	(chā shī)
差使	(chāi shi)
差事	(chà shì)
差數	(chā shù)
差速器	(chā sù qì)
差誤	(chā wù)
差一點兒	(chà yī diǎn r)
差役	(chāi yì)
差異	(chā yì)
差異化	(chā yì huà)
差異性	(chā yì xìng)
差遠	(chà yuǎn)
差之毫釐，謬以千里	(chā zhī háo lí , miù yǐ qiān lǐ)
差之毫釐，失之千里	(chā zhī háo lí , shī zhī qiān lǐ)
拆	(chāi)
拆除	(chāi chú)
拆穿	(chāi chuān)
拆東補西	(chāi dōng bǔ xī)
拆東牆補西牆	(chāi dōng qiáng bǔ xī qiáng)
拆放款	(chāi fàng kuǎn)
拆分	(chāi fēn)
拆封	(chāi fēng)
拆毀	(chāi huǐ)
拆機	(chāi jī)
拆家	(chāi jiā)
拆解	(chāi jiě)
拆借	(chāi jiè)
拆開	(chāi kāi)
拆遷	(chāi qiān)
拆散	(chāi sàn)
拆臺	(chāi tái)
拆息	(chāi xī)
拆洗	(chāi xǐ)
拆下	(chāi xià)
拆線	(chāi xiàn)
拆卸	(chāi xiè)
拆用	(chāi yòng)
拆魚羹	(chāi yú gēng)
拆賬	(chāi zhàng)
拆字	(chāi zì)
柴	(chái)
柴草	(chái cǎo)
柴車	(chái chē)
柴達木	(chái dá mù)
柴達木盆地	(chái dá mù pén dì)
柴電機車	(chái diàn jī chē)
柴禾	(chái hé)
柴禾妞	(chái hé niū)
柴胡	(chái hú)
柴火	(chái huo)
柴雞	(chái jī)
柴可夫斯基	(chái kě fū sī jī)
柴門	(chái mén)
柴門小戶	(chái mén xiǎo hù)
柴米油鹽	(chái mǐ yóu yán)
柴米油鹽醬醋茶	(chái mǐ yóu yán jiàng cù chá)
柴犬	(chái quǎn)
柴桑區	(chái sāng qū)
柴田	(chái tián)
柴薪	(chái xīn)
柴油	(chái yóu)
柴油發動機	(chái yóu fā dòng jī)
柴油機	(chái yóu jī)
柴魚片	(chái yú piàn)
儕	(chái)
梴	(chān)
摻	(chān)
摻和	(chān huo)
摻假	(chān jiǎ)
摻沙子	(chān shā zi)
摻水	(chān shuǐ)
幨	(chān)
攙	(chān)
攙兌	(chān duì)
攙扶	(chān fú)
攙合	(chān hé)
攙和	(chān huo)
攙假	(chān jiǎ)
攙雜	(chān zá)
孱	(chán)
孱弱	(chán ruò)
孱頭	(càn tou)
僝	(chán)
儃	(chán)
廛	(chán)
嬋	(chán)
嬋娟	(chán juān)
嬋媛	(chán yuán)
儳	(chàn)
劖	(chán)
嚵	(chàn)
巉	(chán)
欃	(chán)
旵	(chǎn)
丳	(chǎn)
剷	(chǎn)
剷除	(chǎn chú)
剷平	(chǎn píng)
嵼	(chǎn)
囅	(chǎn)
剗	(chǎn)
摲	(shàn)
懺	(chàn)
懺悔	(chàn huǐ)
昌	(chāng)
昌迪加爾	(chāng dí jiā ěr)
昌都市	(chāng dū shì)
昌吉回族自治州	(chāng jí huí zú zì zhì zhōu)
昌吉市	(chāng jí shì)
昌江	(chāng jiāng)
昌江黎族自治縣	(chāng jiāng lí zú zì zhì xiàn)
昌江區	(chāng jiāng qū)
昌江縣	(chāng jiāng xiàn)
昌黎縣	(chāng lí xiàn)
昌明	(chāng míng)
昌寧縣	(chāng níng xiàn)
昌披	(chāng pī)
昌平區	(chāng píng qū)
昌盛	(chāng shèng)
昌圖縣	(chāng tú xiàn)
昌邑區	(chāng yì qū)
昌邑市	(chāng yì shì)
昌原	(chāng yuán)
昌原市	(chāng yuán shì)
昌樂縣	(chāng lè xiàn)
倀	(chāng)
倀鬼	(chāng guǐ)
娼	(chāng)
娼婦	(chāng fù)
娼妓	(chāng jì)
娼家	(chāng jiā)
娼女	(chāng nǚ)
常	(cháng)
常常	(cháng cháng)
常春藤	(cháng chūn téng)
常春藤學府	(cháng chūn téng xué fǔ)
常道	(cháng dào)
常德市	(cháng dé shì)
常德絲弦	(cháng dé sī xián)
常法	(cháng fǎ)
常犯	(cháng fàn)
常俸	(cháng fèng)
常規	(cháng guī)
常規賽	(cháng guī sài)
常規武器	(cháng guī wǔ qì)
常軌	(cháng guǐ)
常見	(cháng jiàn)
常見問題	(cháng jiàn wèn tí)
常客	(cháng kè)
常來常往	(cháng lái cháng wǎng)
常理	(cháng lǐ)
常量	(cháng liàng)
常綠	(cháng lǜ)
常綠樹	(cháng lǜ shù)
常綠植物	(cháng lǜ zhí wù)
常模	(cháng mó)
常年	(cháng nián)
常年累月	(cháng nián lěi yuè)
常寧市	(cháng níng shì)
常青	(cháng qīng)
常青藤	(cháng qīng téng)
常青藤八校	(cháng qīng téng bā xiào)
常情	(cháng qíng)
常染色體	(cháng rǎn sè tǐ)
常人	(cháng rén)
常任	(cháng rèn)
常任理事國	(cháng rèn lǐ shì guó)
常山縣	(cháng shān xiàn)
常設	(cháng shè)
常勝軍	(cháng shèng jūn)
常時	(cháng shí)
常識	(cháng shí)
常熟市	(cháng shú shì)
常數	(cháng shù)
常數項	(cháng shù xiàng)
常態	(cháng tài)
常態分班	(cháng tài fēn bān)
常態分布	(cháng tài fēn bù)
常態分佈	(cháng tài fēn bù)
常態化	(cháng tài huà)
常微分方程	(cháng wēi fēn fāng chéng)
常委	(cháng wěi)
常委會	(cháng wěi huì)
常溫	(cháng wēn)
常問問題	(cháng wèn wèn tí)
常務	(cháng wù)
常務理事	(cháng wù lǐ shì)
常務委員會	(cháng wù wěi yuán huì)
常項	(cháng xiàng)
常言	(cháng yán)
常言說得好	(cháng yán shuō de hǎo)
常用	(cháng yòng)
常用品	(cháng yòng pǐn)
常用字	(cháng yòng zì)
常在河邊走，哪有不濕鞋	(cháng zài hé biān zǒu , nǎ yǒu bù shī xié)
常州市	(cháng zhōu shì)
常住	(cháng zhù)
常住論	(cháng zhù lùn)
常駐	(cháng zhù)
徜	(cháng)
徜徉	(cháng yáng)
場	(chǎng)
場次	(chǎng cì)
場地	(chǎng dì)
場地自行車	(chǎng dì zì xíng chē)
場館	(chǎng guǎn)
場合	(chǎng hé)
場記	(chǎng jì)
場記板	(chǎng jì bǎn)
場景	(chǎng jǐng)
場論	(chǎng lùn)
場面	(chǎng miàn)
場區	(chǎng qū)
場區應急	(chǎng qū yìng jí)
場所	(chǎng suǒ)
場外應急	(chǎng wài yìng jí)
場院	(cháng yuàn)
場子	(chǎng zi)
塲	(cháng)
嘗	(cháng)
嘗糞	(cháng fèn)
嘗盡心酸	(cháng jìn xīn suān)
嘗試	(cháng shì)
嘗試錯誤	(cháng shì cuò wù)
嘗鮮	(cháng xiān)
嫦	(cháng)
嫦娥	(cháng é)
㦂	(cháng)
嚐	(cháng)
償	(cháng)
償付	(cháng fù)
償還	(cháng huán)
償命	(cháng mìng)
償清	(cháng qīng)
償債	(cháng zhài)
厂	(hǎn)
厂字旁	(chǎng zì páng)
昶	(chǎng)
惝	(chǎng)
惝恍	(chǎng huǎng)
敞	(chǎng)
敞車	(chǎng chē)
敞開	(chǎng kāi)
敞開兒	(chǎng kāi r)
敞口	(chǎng kǒu)
敞亮	(chǎng liàng)
敞篷車	(chǎng péng chē)
敞篷汽車	(chǎng péng qì chē)
厰	(chǎng)
䠀	(tāng)
廠	(chǎng)
廠長	(chǎng zhǎng)
廠弟	(chǎng dì)
廠房	(chǎng fáng)
廠工	(chǎng gōng)
廠狗	(chǎng gǒu)
廠規	(chǎng guī)
廠家	(chǎng jiā)
廠礦	(chǎng kuàng)
廠禮拜	(chǎng lǐ bài)
廠妹	(chǎng mèi)
廠牌	(chǎng pái)
廠區	(chǎng qū)
廠商	(chǎng shāng)
廠史	(chǎng shǐ)
廠絲	(chǎng sī)
廠務	(chǎng wù)
廠址	(chǎng zhǐ)
廠主	(chǎng zhǔ)
廠子	(chǎng zi)
倡	(chàng)
倡導	(chàng dǎo)
倡導者	(chàng dǎo zhě)
倡狂	(chāng kuáng)
倡始	(chàng shǐ)
倡言	(chàng yán)
倡言者	(chàng yán zhě)
倡議	(chàng yì)
倡議書	(chàng yì shū)
唱	(chàng)
唱K	(chàng k)
唱白臉	(chàng bái liǎn)
唱本	(chàng běn)
唱臂	(chàng bì)
唱詞	(chàng cí)
唱碟	(chàng dié)
唱段	(chàng duàn)
唱對臺戲	(chàng duì tái xì)
唱法	(chàng fǎ)
唱反調	(chàng fǎn diào)
唱高調	(chàng gāo diào)
唱高調兒	(chàng gāo diào r)
唱歌	(chàng gē)
唱功	(chàng gōng)
唱和	(chàng hè)
唱黑臉	(chàng hēi liǎn)
唱紅臉	(chàng hóng liǎn)
唱機	(chàng jī)
唱空城計	(chàng kōng chéng jì)
唱名	(chàng míng)
唱念	(chàng niàn)
唱喏	(chàng rě)
唱盤	(chàng pán)
唱片	(chàng piàn)
唱票	(chàng piào)
唱腔	(chàng qiāng)
唱曲	(chàng qǔ)
唱商	(chàng shāng)
唱詩班	(chàng shī bān)
唱衰	(chàng shuāi)
唱雙簧	(chàng shuāng huáng)
唱頭	(chàng tóu)
唱戲	(chàng xì)
唱針	(chàng zhēn)
唱作人	(chàng zuò rén)
悵	(chàng)
悵悵然	(chàng chàng rán)
悵然	(chàng rán)
悵惘	(chàng wǎng)
暢	(chàng)
暢達	(chàng dá)
暢貨中心	(chàng huò zhōng xīn)
暢快	(chàng kuài)
暢然	(chàng rán)
暢順	(chàng shùn)
暢所欲言	(chàng suǒ yù yán)
暢談	(chàng tán)
暢通	(chàng tōng)
暢旺	(chàng wàng)
暢享	(chàng xiǎng)
暢想	(chàng xiǎng)
暢銷	(chàng xiāo)
暢銷書	(chàng xiāo shū)
暢飲	(chàng yǐn)
抄	(chāo)
抄靶子	(chāo bǎ zi)
抄本	(chāo běn)
抄查	(chāo chá)
抄道	(chāo dào)
抄底	(chāo dǐ)
抄後路	(chāo hòu lù)
抄獲	(chāo huò)
抄家	(chāo jiā)
抄件	(chāo jiàn)
抄近	(chāo jìn)
抄近兒	(chāo jìn r)
抄近路	(chāo jìn lù)
抄經士	(chāo jīng shì)
抄錄	(chāo lù)
抄身	(chāo shēn)
抄手	(chāo shǒu)
抄送	(chāo sòng)
抄網	(chāo wǎng)
抄襲	(chāo xí)
抄小路	(chāo xiǎo lù)
抄寫	(chāo xiě)
怊	(chāo)
弨	(chāo)
晁	(cháo)
巢	(cháo)
巢湖	(cháo hú)
巢湖市	(cháo hú shì)
巢穴	(cháo xué)
朝	(cháo)
朝拜	(cháo bài)
朝拜聖山	(cháo bài shèng shān)
朝不保夕	(zhāo bù bǎo xī)
朝不慮夕	(zhāo bù lǜ xī)
朝朝	(zhāo zhāo)
朝朝暮暮	(zhāo zhāo mù mù)
朝臣	(cháo chén)
朝代	(cháo dài)
朝房	(cháo fáng)
朝服	(cháo fú)
朝綱	(cháo gāng)
朝歌	(zhāo gē)
朝貢	(cháo gòng)
朝過夕改	(zhāo guò xī gǎi)
朝韓	(cháo hán)
朝核問題	(cháo hé wèn tí)
朝後	(cháo hòu)
朝花夕拾	(zhāo huā xī shí)
朝見	(cháo jiàn)
朝覲	(cháo jìn)
朝令夕改	(zhāo lìng xī gǎi)
朝露	(zhāo lù)
朝露溘至	(zhāo lù kè zhì)
朝門	(cháo mén)
朝氣	(zhāo qì)
朝氣蓬勃	(zhāo qì péng bó)
朝前	(cháo qián)
朝乾夕惕	(zhāo qián xī tì)
朝秦暮楚	(zhāo qín mù chǔ)
朝日	(zhāo rì)
朝日新聞	(zhāo rì xīn wén)
朝三暮四	(zhāo sān mù sì)
朝山進香	(cháo shān jìn xiāng)
朝生暮死	(zhāo shēng mù sǐ)
朝聖	(cháo shèng)
朝聖者	(cháo shèng zhě)
朝思暮想	(zhāo sī mù xiǎng)
朝天	(cháo tiān)
朝天椒	(cháo tiān jiāo)
朝天區	(cháo tiān qū)
朝廷	(cháo tíng)
朝庭	(cháo tíng)
朝聞夕改	(zhāo wén xī gǎi)
朝夕	(zhāo xī)
朝夕相處	(zhāo xī xiāng chǔ)
朝曦	(zhāo xī)
朝鮮	(cháo xiǎn)
朝鮮八道	(cháo xiǎn bā dào)
朝鮮半島	(cháo xiǎn bàn dǎo)
朝鮮海峽	(cháo xiǎn hǎi xiá)
朝鮮核談	(cháo xiǎn hé tán)
朝鮮勞動黨	(cháo xiǎn láo dòng dǎng)
朝鮮民主主義人民共和國	(cháo xiǎn mín zhǔ zhǔ yì rén mín gòng hé guó)
朝鮮人	(cháo xiǎn rén)
朝鮮日報	(cháo xiǎn rì bào)
朝鮮文	(cháo xiǎn wén)
朝鮮語	(cháo xiǎn yǔ)
朝鮮戰爭	(cháo xiǎn zhàn zhēng)
朝鮮箏	(cháo xiǎn zhēng)
朝鮮中央通訊社	(cháo xiǎn zhōng yāng tōng xùn shè)
朝鮮字母	(cháo xiǎn zì mǔ)
朝鮮族	(cháo xiǎn zú)
朝向	(cháo xiàng)
朝陽	(cháo yáng)
朝陽產業	(zhāo yáng chǎn yè)
朝陽門	(cháo yáng mén)
朝陽區	(cháo yáng qū)
朝陽市	(cháo yáng shì)
朝陽縣	(cháo yáng xiàn)
朝野	(cháo yě)
朝饔夕飧	(zhāo yōng xī sūn)
朝雨	(zhāo yǔ)
朝戰	(cháo zhàn)
朝政	(cháo zhèng)
朝中	(cháo zhōng)
朝中社	(cháo zhōng shè)
朝珠	(cháo zhū)
朝著	(cháo zhe)
朝族	(cháo zú)
嘲	(cháo)
嘲諷	(cháo fěng)
嘲弄	(cháo nòng)
嘲笑	(cháo xiào)
嘲謔	(cháo xuè)
嘲哳	(zhāo zhā)
吵	(chǎo)
吵吵	(chāo chao)
吵吵嚷嚷	(chǎo chǎo rǎng rǎng)
吵架	(chǎo jià)
吵鬧	(chǎo nào)
吵鬧聲	(chǎo nào shēng)
吵嚷	(chǎo rǎng)
吵醒	(chǎo xǐng)
吵雜	(chǎo zá)
吵嘴	(chǎo zuǐ)
扯	(chě)
扯淡	(chě dàn)
扯蛋	(chě dàn)
扯犢子	(chě dú zi)
扯後腿	(chě hòu tuǐ)
扯謊	(chě huǎng)
扯雞巴蛋	(chě jī ba dàn)
扯家常	(chě jiā cháng)
扯裂	(chě liè)
扯鈴	(chě líng)
扯皮	(chě pí)
扯平	(chě píng)
扯破	(chě pò)
扯嗓子	(chě sǎng zi)
扯談	(chě tán)
扯遠	(chě yuǎn)
扯直	(chě zhí)
扯住	(chě zhù)
撦	(chě)
屮	(chè)
坼	(chè)
掣	(chè)
掣電	(chè diàn)
掣肘	(chè zhǒu)
摰	(niè)
撤	(chè)
撤兵	(chè bīng)
撤併	(chè bìng)
撤出	(chè chū)
撤除	(chè chú)
撤檔	(chè dàng)
撤掉	(chè diào)
撤稿	(chè gǎo)
撤換	(chè huàn)
撤回	(chè huí)
撤軍	(chè jūn)
撤款	(chè kuǎn)
撤離	(chè lí)
撤僑	(chè qiáo)
撤訴	(chè sù)
撤退	(chè tuì)
撤下	(chè xià)
撤消	(chè xiāo)
撤銷	(chè xiāo)
撤營	(chè yíng)
撤職	(chè zhí)
撤走	(chè zǒu)
徹	(chè)
徹查	(chè chá)
徹底	(chè dǐ)
徹骨	(chè gǔ)
徹頭徹尾	(chè tóu chè wěi)
徹悟	(chè wù)
徹夜	(chè yè)
徹夜不眠	(chè yè bù mián)
抻	(chēn)
抻麵	(chēn miàn)
嗔	(chēn)
嗔斥	(chēn chì)
嗔詬	(chēn gòu)
嗔怪	(chēn guài)
嗔喝	(chēn hè)
嗔狂	(chēn kuáng)
嗔目	(chēn mù)
嗔睨	(chēn nì)
嗔怒	(chēn nù)
嗔色	(chēn sè)
嗔視	(chēn shì)
嗔怨	(chēn yuàn)
嗔著	(chēn zhe)
忱	(chén)
宸	(chén)
晨	(chén)
晨報	(chén bào)
晨勃	(chén bó)
晨禱	(chén dǎo)
晨歌	(chén gē)
晨昏	(chén hūn)
晨昏定省	(chén hūn dìng xǐng)
晨間	(chén jiān)
晨練	(chén liàn)
晨露	(chén lù)
晨跑	(chén pǎo)
晨曦	(chén xī)
晨星	(chén xīng)
晨鐘暮鼓	(chén zhōng mù gǔ)
塵	(chén)
塵埃	(chén āi)
塵埃落定	(chén āi luò dìng)
塵暴	(chén bào)
塵肺	(chén fèi)
塵封	(chén fēng)
塵蟎	(chén mǎn)
塵世	(chén shì)
塵俗	(chén sú)
塵土	(chén tǔ)
塵霧	(chén wù)
塵囂	(chén xiāo)
塵雲	(chén yún)
儭	(chèn)
櫬	(chèn)
傖	(cāng)
偁	(chēng)
䞓	(chēng)
撐	(chēng)
撐場面	(chēng chǎng miàn)
撐持	(chēng chí)
撐船	(chēng chuán)
撐杆	(chēng gān)
撐竿跳	(chēng gān tiào)
撐竿跳高	(chēng gān tiào gāo)
撐桿跳	(chēng gān tiào)
撐桿跳高	(chēng gān tiào gāo)
撐拒	(chēng jù)
撐開	(chēng kāi)
撐門面	(chēng mén miàn)
撐破	(chēng pò)
撐傘	(chēng sǎn)
撐死	(chēng sǐ)
撐死膽大的，餓死膽小的	(chēng sǐ dǎn dà de , è sǐ dǎn xiǎo de)
撐腰	(chēng yāo)
橕	(chēng)
檉	(chēng)
朾	(tíng)
成	(chéng)
成安縣	(chéng ān xiàn)
成百上千	(chéng bǎi shàng qiān)
成敗	(chéng bài)
成敗得失	(chéng bài dé shī)
成敗利鈍	(chéng bài lì dùn)
成敗論人	(chéng bài lùn rén)
成敗在此一舉	(chéng bài zài cǐ yī jǔ)
成報	(chéng bào)
成倍	(chéng bèi)
成本	(chéng běn)
成不了氣候	(chéng bu liǎo qì hòu)
成才	(chéng cái)
成材	(chéng cái)
成層	(chéng céng)
成長	(chéng zhǎng)
成長率	(chéng zhǎng lǜ)
成長型思維	(chéng zhǎng xíng sī wéi)
成蟲	(chéng chóng)
成串	(chéng chuàn)
成大	(chéng dà)
成道	(chéng dào)
成丁	(chéng dīng)
成都市	(chéng dū shì)
成都體育大學	(chéng dū tǐ yù dà xué)
成對	(chéng duì)
成反比	(chéng fǎn bǐ)
成方	(chéng fāng)
成方兒	(chéng fāng r)
成分	(chéng fèn)
成份	(chéng fèn)
成份股	(chéng fèn gǔ)
成風	(chéng fēng)
成佛	(chéng fó)
成功	(chéng gōng)
成功大學	(chéng gōng dà xué)
成功感	(chéng gōng gǎn)
成功鎮	(chéng gōng zhèn)
成骨	(chéng gǔ)
成骨不全症	(chéng gǔ bù quán zhèng)
成規	(chéng guī)
成果	(chéng guǒ)
成漢	(chéng hàn)
成何體統	(chéng hé tǐ tǒng)
成核	(chéng hé)
成華區	(chéng huá qū)
成化	(chéng huà)
成話	(chéng huà)
成婚	(chéng hūn)
成活	(chéng huó)
成活率	(chéng huó lǜ)
成吉思汗	(chéng jí sī hán)
成績	(chéng jì)
成績單	(chéng jì dān)
成家	(chéng jiā)
成家立室	(chéng jiā lì shì)
成家立業	(chéng jiā lì yè)
成見	(chéng jiàn)
成交	(chéng jiāo)
成交價	(chéng jiāo jià)
成教	(chéng jiào)
成精	(chéng jīng)
成就	(chéng jiù)
成就感	(chéng jiù gǎn)
成均館	(chéng jūn guǎn)
成軍	(chéng jūn)
成了	(chéng le)
成立	(chéng lì)
成例	(chéng lì)
成龍	(chéng lóng)
成名	(chéng míng)
成名作	(chéng míng zuò)
成年	(chéng nián)
成年累月	(chéng nián lěi yuè)
成年人	(chéng nián rén)
成年者	(chéng nián zhě)
成批	(chéng pī)
成片	(chéng piàn)
成品	(chéng pǐn)
成品油	(chéng pǐn yóu)
成器	(chéng qì)
成千	(chéng qiān)
成千成萬	(chéng qiān chéng wàn)
成千累萬	(chéng qiān lěi wàn)
成千上萬	(chéng qiān shàng wàn)
成親	(chéng qīn)
成圈	(chéng quān)
成全	(chéng quán)
成群	(chéng qún)
成群結隊	(chéng qún jié duì)
成人	(chéng rén)
成人禮	(chéng rén lǐ)
成人向	(chéng rén xiàng)
成人用品	(chéng rén yòng pǐn)
成人之美	(chéng rén zhī měi)
成仁	(chéng rén)
成日	(chéng rì)
成色	(chéng sè)
成聖	(chéng shèng)
成實宗	(chéng shí zōng)
成事	(chéng shì)
成事不足，敗事有餘	(chéng shì bù zú , bài shì yǒu yú)
成書	(chéng shū)
成熟	(chéng shú)
成熟分裂	(chéng shú fēn liè)
成雙成對	(chéng shuāng chéng duì)
成說	(chéng shuō)
成套	(chéng tào)
成體	(chéng tǐ)
成天	(chéng tiān)
成田	(chéng tián)
成田機場	(chéng tián jī chǎng)
成為	(chéng wéi)
成文	(chéng wén)
成文法	(chéng wén fǎ)
成問題	(chéng wèn tí)
成武縣	(chéng wǔ xiàn)
成仙	(chéng xiān)
成縣	(chéng xiàn)
成象	(chéng xiàng)
成像	(chéng xiàng)
成效	(chéng xiào)
成心	(chéng xīn)
成行	(chéng xíng)
成形	(chéng xíng)
成型	(chéng xíng)
成性	(chéng xìng)
成樣	(chéng yàng)
成樣子	(chéng yàng zi)
成藥	(chéng yào)
成也蕭何，敗也蕭何	(chéng yě xiāo hé , bài yě xiāo hé)
成夜	(chéng yè)
成衣	(chéng yī)
成因	(chéng yīn)
成癮	(chéng yǐn)
成癮性	(chéng yǐn xìng)
成蛹	(chéng yǒng)
成渝	(chéng yú)
成語典故	(chéng yǔ diǎn gù)
成語接龍	(chéng yǔ jiē lóng)
成員	(chéng yuán)
成員國	(chéng yuán guó)
成災	(chéng zāi)
成則為王，敗則為寇	(chéng zé wéi wáng , bài zé wéi kòu)
成章	(chéng zhāng)
成真	(chéng zhēn)
成組	(chéng zǔ)
丞	(chéng)
丞相	(chéng xiàng)
呈	(chéng)
呈報	(chéng bào)
呈遞	(chéng dì)
呈給	(chéng gěi)
呈貢區	(chéng gòng qū)
呈交	(chéng jiāo)
呈請	(chéng qǐng)
呈送	(chéng sòng)
呈文	(chéng wén)
呈現	(chéng xiàn)
呈獻	(chéng xiàn)
呈陽性	(chéng yáng xìng)
呈陰性	(chéng yīn xìng)
承	(chéng)
承辦	(chéng bàn)
承包	(chéng bāo)
承包人	(chéng bāo rén)
承包商	(chéng bāo shāng)
承塵	(chéng chén)
承擔	(chéng dān)
承當	(chéng dāng)
承德市	(chéng dé shì)
承德縣	(chéng dé xiàn)
承兌	(chéng duì)
承乏	(chéng fá)
承付	(chéng fù)
承歡	(chéng huān)
承籍	(chéng jí)
承繼	(chéng jì)
承建	(chéng jiàn)
承接	(chéng jiē)
承攬	(chéng lǎn)
承蒙	(chéng méng)
承蒙關照	(chéng méng guān zhào)
承諾	(chéng nuò)
承平	(chéng píng)
承前啟後	(chéng qián qǐ hòu)
承讓	(chéng ràng)
承讓人	(chéng ràng rén)
承認	(chéng rèn)
承認控罪	(chéng rèn kòng zuì)
承上起下	(chéng shàng qǐ xià)
承審法官	(chéng shěn fǎ guān)
承受	(chéng shòu)
承受力	(chéng shòu lì)
承順	(chéng shùn)
承頭	(chéng tóu)
承托	(chéng tuō)
承望	(chéng wàng)
承襲	(chéng xí)
承想	(chéng xiǎng)
承銷	(chéng xiāo)
承銷店	(chéng xiāo diàn)
承銷貨物	(chéng xiāo huò wù)
承銷價差	(chéng xiāo jià chā)
承銷利差	(chéng xiāo lì chā)
承銷品	(chéng xiāo pǐn)
承銷人	(chéng xiāo rén)
承銷商	(chéng xiāo shāng)
承銷團	(chéng xiāo tuán)
承應	(chéng yìng)
承運	(chéng yùn)
承運人	(chéng yùn rén)
承載	(chéng zài)
承載力	(chéng zài lì)
承載量	(chéng zài liàng)
承重	(chéng zhòng)
承重孫	(chéng zhòng sūn)
承轉	(chéng zhuǎn)
承租	(chéng zū)
承租方	(chéng zū fāng)
承租人	(chéng zū rén)
承做	(chéng zuò)
城	(chéng)
城巴佬	(chéng ba lǎo)
城邦	(chéng bāng)
城堡	(chéng bǎo)
城北區	(chéng běi qū)
城步苗族自治縣	(chéng bù miáo zú zì zhì xiàn)
城池	(chéng chí)
城東區	(chéng dōng qū)
城防	(chéng fáng)
城府	(chéng fǔ)
城根	(chéng gēn)
城固縣	(chéng gù xiàn)
城關	(chéng guān)
城關區	(chéng guān qū)
城管	(chéng guǎn)
城郭	(chéng guō)
城隍	(chéng huáng)
城郊	(chéng jiāo)
城口縣	(chéng kǒu xiàn)
城裡人	(chéng lǐ rén)
城樓	(chéng lóu)
城門	(chéng mén)
城門失火，殃及池魚	(chéng mén shī huǒ , yāng jí chí yú)
城牆	(chéng qiáng)
城區	(chéng qū)
城闕	(chéng què)
城市	(chéng shì)
城市管理行政執法局	(chéng shì guǎn lǐ xíng zhèng zhí fǎ jú)
城市規劃	(chéng shì guī huà)
城市化	(chéng shì huà)
城市依賴症	(chéng shì yī lài zhèng)
城鐵	(chéng tiě)
城外	(chéng wài)
城西區	(chéng xī qū)
城鄉	(chéng xiāng)
城廂區	(chéng xiāng qū)
城陽區	(chéng yáng qū)
城邑	(chéng yì)
城域網	(chéng yù wǎng)
城垣	(chéng yuán)
城運會	(chéng yùn huì)
城鎮	(chéng zhèn)
城鎮化	(chéng zhèn huà)
城鎮化水平	(chéng zhèn huà shuǐ píng)
城址	(chéng zhǐ)
城中村	(chéng zhōng cūn)
城中區	(chéng zhōng qū)
城子河區	(chéng zi hé qū)
宬	(chéng)
埕	(chéng)
晟	(shèng)
乘	(chéng)
乘便	(chéng biàn)
乘車	(chéng chē)
乘除	(chéng chú)
乘船	(chéng chuán)
乘搭	(chéng dā)
乘法	(chéng fǎ)
乘法表	(chéng fǎ biǎo)
乘法逆	(chéng fǎ nì)
乘方	(chéng fāng)
乘風	(chéng fēng)
乘風破浪	(chéng fēng pò làng)
乘號	(chéng hào)
乘鶴	(chéng hè)
乘火打劫	(chéng huǒ dǎ jié)
乘機	(chéng jī)
乘積	(chéng jī)
乘堅策肥	(chéng jiān cè féi)
乘警	(chéng jǐng)
乘客	(chéng kè)
乘涼	(chéng liáng)
乘龍	(chéng lóng)
乘龍快婿	(chéng lóng kuài xù)
乘冪	(chéng mì)
乘人不備	(chéng rén bù bèi)
乘人之危	(chéng rén zhī wēi)
乘勝	(chéng shèng)
乘勝追擊	(chéng shèng zhuī jī)
乘勢	(chéng shì)
乘數	(chéng shù)
乘務	(chéng wù)
乘務員	(chéng wù yuán)
乘隙	(chéng xì)
乘興	(chéng xìng)
乘虛	(chéng xū)
乘虛而入	(chéng xū ér rù)
乘以	(chéng yǐ)
乘用車	(chéng yòng chē)
乘組	(chéng zǔ)
乘坐	(chéng zuò)
堘	(chéng)
棖	(chéng)
椉	(chéng)
塍	(chéng)
橙	(chéng)
橙斑翅柳鶯	(chéng bān chì liǔ yīng)
橙翅噪鶥	(chéng chì zào méi)
橙腹葉鵯	(chéng fù yè bēi)
橙紅色	(chéng hóng sè)
橙黃	(chéng huáng)
橙黃色	(chéng huáng sè)
橙劑	(chéng jì)
橙皮	(chéng pí)
橙皮果醬	(chéng pí guǒ jiàng)
橙色	(chéng sè)
橙色劑	(chéng sè jì)
橙色戰劑	(chéng sè zhàn jì)
橙頭地鶇	(chéng tóu dì dōng)
橙胸姬鶲	(chéng xiōng jī wēng)
橙胸綠鳩	(chéng xiōng lǜ jiū)
橙胸咬鵑	(chéng xiōng yǎo juān)
橙汁	(chéng zhī)
橙子	(chéng zi)
懲	(chéng)
懲辦	(chéng bàn)
懲處	(chéng chǔ)
懲惡揚善	(chéng è yáng shàn)
懲罰	(chéng fá)
懲罰性	(chéng fá xìng)
懲戒	(chéng jiè)
懲前毖後	(chéng qián bì hòu)
懲一儆百	(chéng yī jǐng bǎi)
懲一警百	(chéng yī jǐng bǎi)
懲治	(chéng zhì)
悜	(chěng)
庱	(chěng)
吃	(chī)
吃案	(chī àn)
吃霸王餐	(chī bà wáng cān)
吃白飯	(chī bái fàn)
吃白食	(chī bái shí)
吃飽	(chī bǎo)
吃飽撐著	(chī bǎo chēng zhe)
吃飽了飯撐的	(chī bǎo le fàn chēng de)
吃閉門羹	(chī bì mén gēng)
吃別人嚼過的饃不香	(chī bié rén jiáo guò de mó bù xiāng)
吃癟	(chī biě)
吃播	(chī bō)
吃不到葡萄說葡萄酸	(chī bù dào pú tao shuō pú tao suān)
吃不服	(chī bu fú)
吃不開	(chī bu kāi)
吃不來	(chī bu lái)
吃不了兜著走	(chī bu liǎo dōu zhe zǒu)
吃不上	(chī bu shàng)
吃不下	(chī bu xià)
吃不消	(chī bu xiāo)
吃不住	(chī bu zhù)
吃不準	(chī bù zhǔn)
吃布	(chī bù)
吃草	(chī cǎo)
吃吃	(chī chī)
吃穿	(chī chuān)
吃醋	(chī cù)
吃錯藥	(chī cuò yào)
吃大鍋飯	(chī dà guō fàn)
吃大戶	(chī dà hù)
吃大虧	(chī dà kuī)
吃刀	(chī dāo)
吃到飽	(chī dào bǎo)
吃得開	(chī de kāi)
吃得苦中苦，方為人上人	(chī dé kǔ zhōng kǔ , fāng wéi rén shàng rén)
吃得消	(chī de xiāo)
吃得住	(chī de zhù)
吃的	(chī de)
吃掉	(chī diào)
吃豆腐	(chī dòu fu)
吃豆人	(chī dòu rén)
吃法	(chī fǎ)
吃飯	(chī fàn)
吃飯皇帝大	(chī fàn huáng dì dà)
吃公糧	(chī gōng liáng)
吃瓜	(chī guā)
吃瓜群眾	(chī guā qún zhòng)
吃官司	(chī guān sī)
吃館子	(chī guǎn zi)
吃喝	(chī hē)
吃喝拉撒睡	(chī hē lā sā shuì)
吃喝嫖賭	(chī hē piáo dǔ)
吃喝玩樂	(chī hē wán lè)
吃後悔藥	(chī hòu huǐ yào)
吃壞	(chī huài)
吃皇糧	(chī huáng liáng)
吃灰	(chī huī)
吃回扣	(chī huí kòu)
吃貨	(chī huò)
吃雞	(chī jī)
吃角子老虎	(chī jiǎo zi lǎo hǔ)
吃緊	(chī jǐn)
吃驚	(chī jīng)
吃空額	(chī kòng é)
吃空餉	(chī kòng xiǎng)
吃苦	(chī kǔ)
吃苦耐勞	(chī kǔ nài láo)
吃苦頭	(chī kǔ tou)
吃虧	(chī kuī)
吃虧上當	(chī kuī shàng dàng)
吃牢飯	(chī láo fàn)
吃了定心丸	(chī le dìng xīn wán)
吃裡扒外	(chī lǐ pá wài)
吃裡爬外	(chī lǐ pá wài)
吃力	(chī lì)
吃力不討好	(chī lì bù tǎo hǎo)
吃糧不管事	(chī liáng bù guǎn shì)
吃螺絲	(chī luó sī)
吃拿卡要	(chī ná qiǎ yào)
吃奶	(chī nǎi)
吃奶的力氣	(chī nǎi de lì qi)
吃奶的氣力	(chī nǎi de qì lì)
吃奶之力	(chī nǎi zhī lì)
吃膩	(chī nì)
吃藕	(chī ǒu)
吃乾飯	(chī gān fàn)
吃乾抹淨	(chī gān mā jìng)
吃槍藥	(chī qiāng yào)
吃青春飯	(chī qīng chūn fàn)
吃請	(chī qǐng)
吃人	(chī rén)
吃人不吐骨頭	(chī rén bù tǔ gǔ tóu)
吃人家的嘴軟，拿人家的手短	(chī rén jiā de zuǐ ruǎn , ná rén jiā de shǒu duǎn)
吃人血饅頭	(chī rén xuè mán tou)
吃軟不吃硬	(chī ruǎn bù chī yìng)
吃軟飯	(chī ruǎn fàn)
吃傷	(chī shāng)
吃食	(chī shi)
吃屎都趕不上熱乎的	(chī shǐ dōu gǎn bu shàng rè hu de)
吃水	(chī shuǐ)
吃水不忘掘井人	(chī shuǐ bù wàng jué jǐng rén)
吃素	(chī sù)
吃土	(chī tǔ)
吃完	(chī wán)
吃味	(chī wèi)
吃席	(chī xí)
吃閒飯	(chī xián fàn)
吃相	(chī xiàng)
吃香	(chī xiāng)
吃香喝辣	(chī xiāng hē là)
吃小竈	(chī xiǎo zào)
吃熊心豹子膽	(chī xióng xīn bào zi dǎn)
吃啞巴虧	(chī yǎ ba kuī)
吃煙	(chī yān)
吃藥	(chī yào)
吃一塹，長一智	(chī yī qiàn , zhǎng yī zhì)
吃硬不吃軟	(chī yìng bù chī ruǎn)
吃油	(chī yóu)
吃齋	(chī zhāi)
吃重	(chī zhòng)
吃住	(chī zhù)
吃著碗裡，看著鍋裡	(chī zhe wǎn lǐ , kàn zhe guō lǐ)
哧	(chī)
哧溜	(chī liū)
喫	(chī)
摛	(chī)
嗤	(chī)
嗤笑	(chī xiào)
嗤之以鼻	(chī zhī yǐ bí)
媸	(chī)
彲	(chī)
弛	(chí)
弛緩	(chí huǎn)
弛張熱	(chí zhāng rè)
持	(chí)
持不同政見	(chí bù tóng zhèng jiàn)
持不同政見者	(chí bù tóng zhèng jiàn zhě)
持倉	(chí cāng)
持倉量	(chí cāng liàng)
持刀	(chí dāo)
持方	(chí fāng)
持份者	(chí fèn zhě)
持股	(chí gǔ)
持國天	(chí guó tiān)
持家	(chí jiā)
持久	(chí jiǔ)
持久性毒劑	(chí jiǔ xìng dú jì)
持久戰	(chí jiǔ zhàn)
持卡人	(chí kǎ rén)
持平	(chí píng)
持平之論	(chí píng zhī lùn)
持槍	(chí qiāng)
持槍搶劫	(chí qiāng qiǎng jié)
持守	(chí shǒu)
持橐簪筆	(chí tuó zān bǐ)
持械	(chí xiè)
持續	(chí xù)
持續時間	(chí xù shí jiān)
持續性植物狀態	(chí xù xìng zhí wù zhuàng tài)
持用	(chí yòng)
持有	(chí yǒu)
持有人	(chí yǒu rén)
持之以恆	(chí zhī yǐ héng)
持重	(chí zhòng)
墀	(chí)
尺	(chǐ)
尺八	(chǐ bā)
尺寸	(chǐ cun)
尺牘	(chǐ dú)
尺度	(chǐ dù)
尺短寸長	(chǐ duǎn cùn cháng)
尺骨	(chǐ gǔ)
尺規	(chǐ guī)
尺規作圖	(chǐ guī zuò tú)
尺蠖	(chǐ huò)
尺蠖蛾	(chǐ huò é)
尺碼	(chǐ mǎ)
尺素	(chǐ sù)
尺有所短，寸有所長	(chǐ yǒu suǒ duǎn , cùn yǒu suǒ cháng)
尺子	(chǐ zi)
呎	(chǐ)
侈	(chǐ)
侈糜	(chǐ mí)
侈靡	(chǐ mí)
侈談	(chǐ tán)
恥	(chǐ)
恥骨	(chǐ gǔ)
恥罵	(chǐ mà)
恥毛	(chǐ máo)
恥辱	(chǐ rǔ)
恥笑	(chǐ xiào)
欼	(chǐ)
彳	(chì)
彳亍	(chì chù)
叱	(chì)
叱咄	(chì duō)
叱呵	(chì hē)
叱喝	(chì hè)
叱罵	(chì mà)
叱問	(chì wèn)
叱責	(chì zé)
叱吒	(chì zhà)
叱咤	(chì zhà)
叱咤風雲	(chì zhà fēng yún)
斥	(chì)
斥候	(chì hòu)
斥力	(chì lì)
斥鹵	(chì lǔ)
斥罵	(chì mà)
斥退	(chì tuì)
斥責	(chì zé)
斥資	(chì zī)
抶	(chì)
勅	(chì)
敕	(chì)
敕封	(chì fēng)
敕令	(chì lìng)
啻	(chì)
傺	(chì)
充	(chōng)
充暢	(chōng chàng)
充斥	(chōng chì)
充當	(chōng dāng)
充電	(chōng diàn)
充電寶	(chōng diàn bǎo)
充電器	(chōng diàn qì)
充電站	(chōng diàn zhàn)
充電樁	(chōng diàn zhuāng)
充耳不聞	(chōng ěr bù wén)
充發	(chōng fā)
充分	(chōng fèn)
充分就業	(chōng fèn jiù yè)
充分考慮	(chōng fèn kǎo lǜ)
充公	(chōng gōng)
充好	(chōng hǎo)
充飢	(chōng jī)
充軍	(chōng jūn)
充滿	(chōng mǎn)
充滿陽光	(chōng mǎn yáng guāng)
充沛	(chōng pèi)
充其量	(chōng qí liàng)
充氣	(chōng qì)
充氣船	(chōng qì chuán)
充任	(chōng rèn)
充塞	(chōng sè)
充實	(chōng shí)
充數	(chōng shù)
充填	(chōng tián)
充填物	(chōng tián wù)
充填因數	(chōng tián yīn shù)
充血	(chōng xuè)
充氧	(chōng yǎng)
充要條件	(chōng yào tiáo jiàn)
充溢	(chōng yì)
充盈	(chōng yíng)
充裕	(chōng yù)
充值	(chōng zhí)
充值卡	(chōng zhí kǎ)
充足	(chōng zú)
充足理由律	(chōng zú lǐ yóu lǜ)
充作	(chōng zuò)
忡	(chōng)
㳘	(chōng)
摏	(chōng)
憃	(chōng)
憧	(chōng)
憧憧	(chōng chōng)
憧憬	(chōng jǐng)
崇	(chóng)
崇拜	(chóng bài)
崇拜者	(chóng bài zhě)
崇川區	(chóng chuān qū)
崇奉	(chóng fèng)
崇高	(chóng gāo)
崇敬	(chóng jìng)
崇禮區	(chóng lǐ qū)
崇明島	(chóng míng dǎo)
崇慶	(chóng qìng)
崇仁縣	(chóng rén xiàn)
崇山峻嶺	(chóng shān jùn lǐng)
崇尚	(chóng shàng)
崇文門	(chóng wén mén)
崇信縣	(chóng xìn xiàn)
崇洋	(chóng yáng)
崇洋媚外	(chóng yáng mèi wài)
崇陽縣	(chóng yáng xiàn)
崇義縣	(chóng yì xiàn)
崇禎	(chóng zhēn)
崇州市	(chóng zhōu shì)
崇左市	(chóng zuǒ shì)
寵	(chǒng)
寵愛	(chǒng ài)
寵臣	(chǒng chén)
寵兒	(chǒng ér)
寵粉	(chǒng fěn)
寵壞	(chǒng huài)
寵姬	(chǒng jī)
寵溺	(chǒng nì)
寵妾	(chǒng qiè)
寵妾滅妻	(chǒng qiè miè qī)
寵擅專房	(chǒng shàn zhuān fáng)
寵物	(chǒng wù)
寵物門	(chǒng wù mén)
寵信	(chǒng xìn)
寵幸	(chǒng xìng)
揰	(chòng)
抽	(chōu)
抽插	(chōu chā)
抽查	(chōu chá)
抽成	(chōu chéng)
抽抽噎噎	(chōu chou yē yē)
抽出	(chōu chū)
抽搐	(chōu chù)
抽搭	(chōu da)
抽打	(chōu dǎ)
抽貸	(chōu dài)
抽調	(chōu diào)
抽動	(chōu dòng)
抽動症	(chōu dòng zhèng)
抽斗	(chōu dǒu)
抽風	(chōu fēng)
抽風機	(chōu fēng jī)
抽號	(chōu hào)
抽檢	(chōu jiǎn)
抽獎	(chōu jiǎng)
抽筋	(chōu jīn)
抽空	(chōu kòng)
抽冷子	(chōu lěng zi)
抽離	(chōu lí)
抽泣	(chōu qì)
抽氣	(chōu qì)
抽籤	(chōu qiān)
抽取	(chōu qǔ)
抽認卡	(chōu rèn kǎ)
抽射	(chōu shè)
抽身	(chōu shēn)
抽時間	(chōu shí jiān)
抽水	(chōu shuǐ)
抽水泵	(chōu shuǐ bèng)
抽水機	(chōu shuǐ jī)
抽水馬桶	(chōu shuǐ mǎ tǒng)
抽水站	(chōu shuǐ zhàn)
抽稅	(chōu shuì)
抽絲	(chōu sī)
抽絲剝繭	(chōu sī bō jiǎn)
抽穗	(chōu suì)
抽屜	(chōu ti)
抽痛	(chōu tòng)
抽頭	(chōu tóu)
抽象	(chōu xiàng)
抽象詞	(chōu xiàng cí)
抽象代數	(chōu xiàng dài shù)
抽象思維	(chōu xiàng sī wéi)
抽象域	(chōu xiàng yù)
抽血	(chōu xuè)
抽芽	(chōu yá)
抽菸	(chōu yān)
抽煙	(chōu yān)
抽咽	(chōu yè)
抽驗	(chōu yàn)
抽樣	(chōu yàng)
抽噎	(chōu yē)
抽佣	(chōu yòng)
抽油煙機	(chōu yóu yān jī)
抽脂	(chōu zhī)
抽紙	(chōu zhǐ)
抽中	(chōu zhòng)
抽嘴巴	(chōu zuǐ ba)
搊	(chōu)
仇	(chóu)
仇讎	(chóu chóu)
仇敵	(chóu dí)
仇富	(chóu fù)
仇恨	(chóu hèn)
仇恨罪	(chóu hèn zuì)
仇恨罪行	(chóu hèn zuì xíng)
仇家	(chóu jiā)
仇人	(chóu rén)
仇人相見，分外眼紅	(chóu rén xiāng jiàn , fèn wài yǎn hóng)
仇殺	(chóu shā)
仇視	(chóu shì)
仇外	(chóu wài)
仇外心理	(chóu wài xīn lǐ)
仇隙	(chóu xì)
仇怨	(chóu yuàn)
㐜	(chóu)
惆	(chóu)
惆悵	(chóu chàng)
惆悵若失	(chóu chàng ruò shī)
椆	(chóu)
椆苕	(diào tiáo)
椆水	(chóu shuǐ)
愁	(chóu)
愁腸	(chóu cháng)
愁腸百結	(chóu cháng bǎi jié)
愁苦	(chóu kǔ)
愁眉不展	(chóu méi bù zhǎn)
愁眉苦臉	(chóu méi kǔ liǎn)
愁悶	(chóu mèn)
愁緒	(chóu xù)
儔	(chóu)
幬	(chóu)
懤	(chóu)
懤懤	(chóu chóu)
嬦	(chóu)
丑	(chǒu)
丑角	(chǒu jué)
丑鴨	(chǒu yā)
丒	(chǒu)
杽	(chǒu)
杻	(niǔ)
侴	(chǒu)
偢	(chǒu)
殠	(chòu)
出	(chū)
出埃及記	(chū āi jí jì)
出版	(chū bǎn)
出版商	(chū bǎn shāng)
出版社	(chū bǎn shè)
出版物	(chū bǎn wù)
出版者	(chū bǎn zhě)
出榜	(chū bǎng)
出包	(chū bāo)
出奔	(chū bēn)
出殯	(chū bìn)
出兵	(chū bīng)
出彩	(chū cǎi)
出菜	(chū cài)
出菜秀	(chū cài xiù)
出餐	(chū cān)
出操	(chū cāo)
出草	(chū cǎo)
出岔子	(chū chà zi)
出差	(chū chāi)
出產	(chū chǎn)
出場	(chū chǎng)
出場費	(chū chǎng fèi)
出廠	(chū chǎng)
出廠價	(chū chǎng jià)
出廠設置	(chū chǎng shè zhì)
出超	(chū chāo)
出車	(chū chē)
出醜	(chū chǒu)
出臭子兒	(chū chòu zǐ r)
出處	(chū chù)
出錯	(chū cuò)
出錯信息	(chū cuò xìn xī)
出大差	(chū dà chāi)
出道	(chū dào)
出點子	(chū diǎn zi)
出動	(chū dòng)
出爾反爾	(chū ěr fǎn ěr)
出發	(chū fā)
出發點	(chū fā diǎn)
出飯	(chū fàn)
出訪	(chū fǎng)
出份子	(chū fèn zi)
出風口	(chū fēng kǒu)
出風頭	(chū fēng tou)
出鋒頭	(chū fēng tou)
出伏	(chū fú)
出港	(chū gǎng)
出港大廳	(chū gǎng dà tīng)
出格	(chū gé)
出閣	(chū gé)
出恭	(chū gōng)
出菇	(chū gū)
出官	(chū guān)
出軌	(chū guǐ)
出櫃	(chū guì)
出國	(chū guó)
出海	(chū hǎi)
出汗	(chū hàn)
出航	(chū háng)
出號	(chū hào)
出乎	(chū hū)
出乎意料	(chū hū yì liào)
出乎意外	(chū hū yì wài)
出乎預料	(chū hū yù liào)
出活	(chū huó)
出貨	(chū huò)
出擊	(chū jī)
出輯	(chū jí)
出繼	(chū jì)
出家	(chū jiā)
出家人	(chū jiā rén)
出嫁	(chū jià)
出價	(chū jià)
出尖	(chū jiān)
出尖兒	(chū jiān r)
出界	(chū jiè)
出借	(chū jiè)
出警	(chū jǐng)
出境	(chū jìng)
出鏡	(chū jìng)
出局	(chū jú)
出具	(chū jù)
出口	(chū kǒu)
出口成章	(chū kǒu chéng zhāng)
出口調查	(chū kǒu diào chá)
出口額	(chū kǒu é)
出口貨	(chū kǒu huò)
出口氣	(chū kǒu qì)
出口商	(chū kǒu shāng)
出口商品	(chū kǒu shāng pǐn)
出來	(chū lái)
出來混遲早要還的	(chū lái hùn chí zǎo yào huán de)
出欄	(chū lán)
出老千	(chū lǎo qiān)
出了事	(chū le shì)
出類拔萃	(chū lèi bá cuì)
出力	(chū lì)
出糧	(chū liáng)
出列	(chū liè)
出獵	(chū liè)
出溜	(chū liu)
出溜屁	(chū liu pì)
出籠	(chū lóng)
出婁子	(chū lóu zi)
出嘍子	(chū lóu zi)
出樓子	(chū lóu zi)
出漏子	(chū lòu zi)
出爐	(chū lú)
出路	(chū lù)
出露	(chū lù)
出亂子	(chū luàn zi)
出落	(chū luò)
出馬	(chū mǎ)
出賣	(chū mài)
出滿勤，幹滿點	(chū mǎn qín , gàn mǎn diǎn)
出毛病	(chū máo bìng)
出沒	(chū mò)
出沒無常	(chū mò wú cháng)
出門	(chū mén)
出門在外	(chū mén zài wài)
出面	(chū miàn)
出苗	(chū miáo)
出名	(chū míng)
出謀劃策	(chū móu huà cè)
出納	(chū nà)
出納員	(chū nà yuán)
出難題	(chū nán tí)
出盤	(chū pán)
出片	(chū piàn)
出品	(chū pǐn)
出品人	(chū pǐn rén)
出其不意	(chū qí bù yì)
出其不意，攻其不備	(chū qí bù yì , gōng qí bù bèi)
出奇	(chū qí)
出奇制勝	(chū qí zhì shèng)
出氣	(chū qì)
出氣口	(chū qì kǒu)
出氣筒	(chū qì tǒng)
出錢	(chū qián)
出鞘	(chū qiào)
出勤	(chū qín)
出清	(chū qīng)
出糗	(chū qiǔ)
出去	(chū qù)
出圈	(chū juàn)
出圈兒	(chū quān r)
出拳	(chū quán)
出缺	(chū quē)
出讓	(chū ràng)
出人命	(chū rén mìng)
出人頭地	(chū rén tóu dì)
出人意表	(chū rén yì biǎo)
出人意料	(chū rén yì liào)
出人意外	(chū rén yì wài)
出任	(chū rèn)
出入	(chū rù)
出入境	(chū rù jìng)
出入境管理局	(chū rù jìng guǎn lǐ jú)
出入境檢驗檢疫局	(chū rù jìng jiǎn yàn jiǎn yì jú)
出入口	(chū rù kǒu)
出入門	(chū rù mén)
出入平安	(chū rù píng ān)
出賽	(chū sài)
出喪	(chū sāng)
出色	(chū sè)
出山	(chū shān)
出身	(chū shēn)
出神	(chū shén)
出神入化	(chū shén rù huà)
出神音樂	(chū shén yīn yuè)
出生	(chū shēng)
出生地	(chū shēng dì)
出生地點	(chū shēng dì diǎn)
出生率	(chū shēng lǜ)
出生缺陷	(chū shēng quē xiàn)
出生日期	(chū shēng rì qī)
出生入死	(chū shēng rù sǐ)
出生證	(chū shēng zhèng)
出生證明	(chū shēng zhèng míng)
出生證明書	(chū shēng zhèng míng shū)
出聲	(chū shēng)
出師	(chū shī)
出師未捷身先死	(chū shī wèi jié shēn xiān sǐ)
出使	(chū shǐ)
出示	(chū shì)
出世	(chū shì)
出仕	(chū shì)
出事	(chū shì)
出手	(chū shǒu)
出售	(chū shòu)
出書	(chū shū)
出水	(chū shuǐ)
出水芙蓉	(chū shuǐ fú róng)
出水口	(chū shuǐ kǒu)
出臺	(chū tái)
出攤兒	(chū tān r)
出逃	(chū táo)
出題	(chū tí)
出庭	(chū tíng)
出頭	(chū tóu)
出頭的椽子先爛	(chū tóu de chuán zi xiān làn)
出頭鳥	(chū tóu niǎo)
出土	(chū tǔ)
出脫	(chū tuō)
出外	(chū wài)
出亡	(chū wáng)
出問題	(chū wèn tí)
出息	(chū xi)
出席	(chū xí)
出席者	(chū xí zhě)
出戲	(chū xì)
出險	(chū xiǎn)
出現	(chū xiàn)
出線	(chū xiàn)
出校門	(chū xiào mén)
出新	(chū xīn)
出行	(chū xíng)
出血	(chū xuè)
出血熱	(chū xuè rè)
出血性	(chū xuè xìng)
出血性登革熱	(chū xuè xìng dēng gé rè)
出巡	(chū xún)
出言	(chū yán)
出言不遜	(chū yán bù xùn)
出演	(chū yǎn)
出洋	(chū yáng)
出洋相	(chū yáng xiàng)
出迎	(chū yíng)
出遊	(chū yóu)
出淤泥而不染	(chū yū ní ér bù rǎn)
出於	(chū yú)
出獄	(chū yù)
出遠門	(chū yuǎn mén)
出院	(chū yuàn)
出月	(chū yuè)
出月子	(chū yuè zi)
出站	(chū zhàn)
出戰	(chū zhàn)
出招	(chū zhāo)
出診	(chū zhěn)
出征	(chū zhēng)
出汁	(chū zhī)
出鐘	(chū zhōng)
出眾	(chū zhòng)
出主意	(chū zhǔ yi)
出資	(chū zī)
出自	(chū zì)
出自肺腑	(chū zì fèi fǔ)
出走	(chū zǒu)
出租	(chū zū)
出租車	(chū zū chē)
出租汽車	(chū zū qì chē)
出租司機	(chū zū sī jī)
出租屋	(chū zū wū)
出罪	(chū zuì)
岀	(chū)
初	(chū)
初步	(chū bù)
初步設想	(chū bù shè xiǎng)
初潮	(chū cháo)
初出茅廬	(chū chū máo lú)
初創	(chū chuàng)
初創公司	(chū chuàng gōng sī)
初次	(chū cì)
初等	(chū děng)
初等代數	(chū děng dài shù)
初等教育	(chū děng jiào yù)
初冬	(chū dōng)
初二	(chū èr)
初犯	(chū fàn)
初稿	(chū gǎo)
初估	(chū gū)
初婚	(chū hūn)
初級	(chū jí)
初級小學	(chū jí xiǎo xué)
初級中學	(chū jí zhōng xué)
初具規模	(chū jù guī mó)
初刻拍案驚奇	(chū kè pāi àn jīng qí)
初來乍到	(chū lái zhà dào)
初戀	(chū liàn)
初戀感覺	(chū liàn gǎn jué)
初露	(chū lù)
初露才華	(chū lù cái huá)
初露鋒芒	(chū lù fēng máng)
初露頭角	(chū lù tóu jiǎo)
初年	(chū nián)
初期	(chū qī)
初秋	(chū qiū)
初賽	(chū sài)
初三	(chū sān)
初設	(chū shè)
初審	(chū shěn)
初升	(chū shēng)
初生	(chū shēng)
初生牛犢不怕虎	(chū shēng niú dú bù pà hǔ)
初生之犢不畏虎	(chū shēng zhī dú bù wèi hǔ)
初聲	(chū shēng)
初識	(chū shí)
初始	(chū shǐ)
初始化	(chū shǐ huà)
初試	(chū shì)
初試身手	(chū shì shēn shǒu)
初探	(chū tàn)
初唐四傑	(chū táng sì jié)
初文	(chū wén)
初夏	(chū xià)
初小	(chū xiǎo)
初心	(chū xīn)
初選	(chū xuǎn)
初學者	(chū xué zhě)
初夜	(chū yè)
初葉	(chū yè)
初一	(chū yī)
初戰	(chū zhàn)
初中	(chū zhōng)
初中生	(chū zhōng shēng)
初衷	(chū zhōng)
摴	(shū)
樗	(chū)
樗蒱	(chū pú)
媰	(chú)
㕑	(chú)
廚	(chú)
廚房	(chú fáng)
廚工	(chú gōng)
廚具	(chú jù)
廚娘	(chú niáng)
廚師	(chú shī)
廚師長	(chú shī zhǎng)
廚司	(chú sī)
廚衛	(chú wèi)
廚藝	(chú yì)
廚餘	(chú yú)
廚子	(chú zi)
幮	(chú)
櫥	(chú)
櫥窗	(chú chuāng)
櫥櫃	(chú guì)
櫥子	(chú zi)
杵	(chǔ)
楮	(chǔ)
楮紙	(chǔ zhǐ)
楚	(chǔ)
楚楚	(chǔ chǔ)
楚楚可憐	(chǔ chǔ kě lián)
楚辭	(chǔ cí)
楚漢戰爭	(chǔ hàn zhàn zhēng)
楚河漢界	(chǔ hé hàn jiè)
楚懷王	(chǔ huái wáng)
楚雄市	(chǔ xióng shì)
楚雄彝族自治州	(chǔ xióng yí zú zì zhì zhōu)
楚莊王	(chǔ zhuāng wáng)
儲	(chǔ)
儲備	(chǔ bèi)
儲備貨幣	(chǔ bèi huò bì)
儲備金	(chǔ bèi jīn)
儲備糧	(chǔ bèi liáng)
儲幣	(chǔ bì)
儲藏	(chǔ cáng)
儲藏室	(chǔ cáng shì)
儲存	(chǔ cún)
儲戶	(chǔ hù)
儲精囊	(chǔ jīng náng)
儲君	(chǔ jūn)
儲量	(chǔ liàng)
儲能	(chǔ néng)
儲氣	(chǔ qì)
儲氣罐	(chǔ qì guàn)
儲水	(chǔ shuǐ)
儲水管	(chǔ shuǐ guǎn)
儲水箱	(chǔ shuǐ xiāng)
儲物	(chǔ wù)
儲物櫃	(chǔ wù guì)
儲蓄	(chǔ xù)
儲蓄卡	(chǔ xù kǎ)
儲蓄率	(chǔ xù lǜ)
儲值	(chǔ zhí)
儲值卡	(chǔ zhí kǎ)
亍	(chù)
処	(chǔ)
怵	(chù)
怵懼	(chù jù)
怵目驚心	(chù mù jīng xīn)
怵然	(chù rán)
怵惕	(chù tì)
俶	(chù)
搐	(chù)
儊	(chù)
憷	(chù)
憷場	(chù chǎng)
憷頭	(chù tóu)
歜	(chù)
欻	(chuā)
揣	(chuāi)
揣測	(chuǎi cè)
揣度	(chuǎi duó)
揣摩	(chuǎi mó)
揣想	(chuǎi xiǎng)
揣在懷裡	(chuāi zài huái lǐ)
揣著明白裝糊塗	(chuāi zhe míng bai zhuāng hú tu)
搋	(chuāi)
搋麵	(chuāi miàn)
搋子	(chuāi zi)
啜	(chuò)
啜泣	(chuò qì)
啜飲	(chuò yǐn)
川	(chuān)
川貝	(chuān bèi)
川菜	(chuān cài)
川藏	(chuān zàng)
川黨	(chuān dǎng)
川黨參	(chuān dǎng shēn)
川滇藏	(chuān diān zàng)
川端康成	(chuān duān kāng chéng)
川穀	(chuān gǔ)
川褐頭山雀	(chuān hè tóu shān què)
川匯區	(chuān huì qū)
川建國	(chuān jiàn guó)
川劇	(chuān jù)
川流不息	(chuān liú bù xī)
川魯粵蘇浙閩湘徽	(chuān lǔ yuè sū zhè mǐn xiāng huī)
川木香	(chuān mù xiāng)
川普	(chuān pǔ)
川崎	(chuān qí)
川沙	(chuān shā)
川外	(chuān wài)
川西	(chuān xī)
川芎	(chuān xiōng)
川澤	(chuān zé)
川震	(chuān zhèn)
川資	(chuān zī)
巛	(chuān)
圌	(chuí)
椽	(chuán)
椽子	(chuán zi)
傳	(zhuàn)
傳幫帶	(chuán bāng dài)
傳報	(chuán bào)
傳本	(chuán běn)
傳遍	(chuán biàn)
傳播	(chuán bō)
傳布	(chuán bù)
傳參	(chuán cān)
傳產	(chuán chǎn)
傳唱	(chuán chàng)
傳抄	(chuán chāo)
傳承	(chuán chéng)
傳出	(chuán chū)
傳出神經	(chuán chū shén jīng)
傳達	(chuán dá)
傳達室	(chuán dá shì)
傳達員	(chuán dá yuán)
傳代	(chuán dài)
傳單	(chuán dān)
傳導	(chuán dǎo)
傳道	(chuán dào)
傳道部	(chuán dào bù)
傳道受業	(chuán dào shòu yè)
傳道書	(chuán dào shū)
傳道者	(chuán dào zhě)
傳燈	(chuán dēng)
傳遞	(chuán dì)
傳遞者	(chuán dì zhě)
傳動	(chuán dòng)
傳動比	(chuán dòng bǐ)
傳動帶	(chuán dòng dài)
傳動機構	(chuán dòng jī gòu)
傳動器	(chuán dòng qì)
傳動系統	(chuán dòng xì tǒng)
傳動軸	(chuán dòng zhóu)
傳動裝置	(chuán dòng zhuāng zhì)
傳發	(chuán fā)
傳法	(chuán fǎ)
傳粉	(chuán fěn)
傳感	(chuán gǎn)
傳感器	(chuán gǎn qì)
傳告	(chuán gào)
傳給	(chuán gěi)
傳觀	(chuán guān)
傳呼	(chuán hū)
傳呼電話	(chuán hū diàn huà)
傳呼機	(chuán hū jī)
傳話	(chuán huà)
傳話人	(chuán huà rén)
傳喚	(chuán huàn)
傳回	(chuán huí)
傳記	(zhuàn jì)
傳寄	(chuán jì)
傳家	(chuán jiā)
傳家寶	(chuán jiā bǎo)
傳見	(chuán jiàn)
傳講	(chuán jiǎng)
傳教	(chuán jiào)
傳教士	(chuán jiào shì)
傳教團	(chuán jiào tuán)
傳戒	(chuán jiè)
傳經	(chuán jīng)
傳開	(chuán kāi)
傳來	(chuán lái)
傳令	(chuán lìng)
傳令兵	(chuán lìng bīng)
傳流	(chuán liú)
傳略	(zhuàn lüè)
傳媒	(chuán méi)
傳名	(chuán míng)
傳票	(chuán piào)
傳奇	(chuán qí)
傳奇人物	(chuán qí rén wù)
傳情	(chuán qíng)
傳球	(chuán qiú)
傳染	(chuán rǎn)
傳染病	(chuán rǎn bìng)
傳染病學	(chuán rǎn bìng xué)
傳染性	(chuán rǎn xìng)
傳染源	(chuán rǎn yuán)
傳熱	(chuán rè)
傳熱學	(zhuàn rè xué)
傳人	(chuán rén)
傳入	(chuán rù)
傳入神經	(chuán rù shén jīng)
傳三過四	(chuán sān guò sì)
傳神	(chuán shén)
傳聲	(chuán shēng)
傳聲器	(chuán shēng qì)
傳聲筒	(chuán shēng tǒng)
傳世	(chuán shì)
傳授	(chuán shòu)
傳書鴿	(chuán shū gē)
傳輸	(chuán shū)
傳輸層	(chuán shū céng)
傳輸服務	(chuán shū fú wù)
傳輸距離	(chuán shū jù lí)
傳輸控制	(chuán shū kòng zhì)
傳輸控制協定	(chuán shū kòng zhì xié dìng)
傳輸率	(chuán shū lǜ)
傳輸媒體	(chuán shū méi tǐ)
傳輸媒質	(chuán shū méi zhì)
傳輸模式	(chuán shū mó shì)
傳輸設備	(chuán shū shè bèi)
傳輸速率	(chuán shū sù lǜ)
傳輸通道	(chuán shū tōng dào)
傳輸線	(chuán shū xiàn)
傳述	(chuán shù)
傳說	(chuán shuō)
傳送	(chuán sòng)
傳送帶	(chuán sòng dài)
傳送服務	(chuán sòng fú wù)
傳頌	(chuán sòng)
傳誦	(chuán sòng)
傳統	(chuán tǒng)
傳統醫藥	(chuán tǒng yī yào)
傳聞	(chuán wén)
傳聞證據	(chuán wén zhèng jù)
傳習	(chuán xí)
傳檄	(chuán xí)
傳銷	(chuán xiāo)
傳寫	(chuán xiě)
傳心術	(chuán xīn shù)
傳訊	(chuán xùn)
傳言	(chuán yán)
傳揚	(chuán yáng)
傳謠	(chuán yáo)
傳藝	(chuán yì)
傳譯	(chuán yì)
傳語	(chuán yǔ)
傳閱	(chuán yuè)
傳載	(chuán zǎi)
傳贊	(zhuàn zàn)
傳真	(chuán zhēn)
傳真電報	(chuán zhēn diàn bào)
傳真機	(chuán zhēn jī)
傳旨	(chuán zhǐ)
傳質	(chuán zhì)
傳種	(chuán zhǒng)
傳宗接代	(chuán zōng jiē dài)
喘	(chuǎn)
喘不過	(chuǎn bu guò)
喘不過氣來	(chuǎn bu guò qì lái)
喘粗氣	(chuǎn cū qì)
喘氣	(chuǎn qì)
喘息	(chuǎn xī)
喘吁吁	(chuǎn xū xū)
喘噓噓	(chuǎn xū xū)
喘振	(chuǎn zhèn)
串	(chuàn)
串處理	(chuàn chǔ lǐ)
串串	(chuàn chuàn)
串串狗	(chuàn chuàn gǒu)
串串貓	(chuàn chuàn māo)
串串香	(chuàn chuàn xiāng)
串崗	(chuàn gǎng)
串供	(chuàn gòng)
串號	(chuàn hào)
串換	(chuàn huàn)
串口	(chuàn kǒu)
串聯	(chuàn lián)
串流	(chuàn liú)
串門	(chuàn mén)
串門兒	(chuàn mén r)
串謀	(chuàn móu)
串親訪友	(chuàn qīn fǎng yǒu)
串燒	(chuàn shāo)
串通	(chuàn tōng)
串通一氣	(chuàn tōng yī qì)
串味	(chuàn wèi)
串戲	(chuàn xì)
串線	(chuàn xiàn)
串鄉	(chuàn xiāng)
串行	(chuàn háng)
串行口	(chuàn xíng kǒu)
串音	(chuàn yīn)
床	(chuáng)
床邊	(chuáng biān)
床側	(chuáng cè)
床單	(chuáng dān)
床墊	(chuáng diàn)
床技	(chuáng jì)
床笠	(chuáng lì)
床鈴	(chuáng líng)
床鋪	(chuáng pù)
床上戲	(chuáng shàng xì)
床蝨	(chuáng shī)
床頭	(chuáng tóu)
床頭櫃	(chuáng tóu guì)
床位	(chuáng wèi)
床戲	(chuáng xì)
床沿	(chuáng yán)
床友	(chuáng yǒu)
床帳	(chuáng zhàng)
床罩	(chuáng zhào)
床笫	(chuáng zǐ)
床笫之事	(chuáng zǐ zhī shì)
床笫之私	(chuáng zǐ zhī sī)
噇	(chuáng)
幢	(zhuàng)
幢幢	(chuáng chuáng)
刱	(chuāng)
剏	(chuàng)
剙	(chuàng)
創	(chuàng)
創辦	(chuàng bàn)
創辦人	(chuàng bàn rén)
創辦者	(chuàng bàn zhě)
創痕	(chuāng hén)
創匯	(chuàng huì)
創記錄	(chuàng jì lù)
創價學會	(chuàng jià xué huì)
創見	(chuàng jiàn)
創見性	(chuàng jiàn xìng)
創建	(chuàng jiàn)
創建者	(chuàng jiàn zhě)
創舉	(chuàng jǔ)
創巨痛深	(chuāng jù tòng shēn)
創刊	(chuàng kān)
創刊號	(chuàng kān hào)
創可貼	(chuāng kě tiē)
創客	(chuàng kè)
創口	(chuāng kǒu)
創口貼	(chuāng kǒu tiē)
創立	(chuàng lì)
創立人	(chuàng lì rén)
創立者	(chuàng lì zhě)
創利	(chuàng lì)
創練	(chuàng liàn)
創牌子	(chuàng pái zi)
創傷	(chuāng shāng)
創傷後壓力症候群	(chuāng shāng hòu yā lì zhèng hòu qún)
創傷後應激障礙	(chuāng shāng hòu yìng jī zhàng ài)
創設	(chuàng shè)
創始	(chuàng shǐ)
創始人	(chuàng shǐ rén)
創始者	(chuàng shǐ zhě)
創世	(chuàng shì)
創世紀	(chuàng shì jì)
創世記	(chuàng shì jì)
創世論	(chuàng shì lùn)
創收	(chuàng shōu)
創痛	(chuāng tòng)
創投	(chuàng tóu)
創投基金	(chuàng tóu jī jīn)
創下	(chuàng xià)
創下高票房	(chuàng xià gāo piào fáng)
創新	(chuàng xīn)
創新精神	(chuàng xīn jīng shén)
創業	(chuàng yè)
創業精神	(chuàng yè jīng shén)
創業投資	(chuàng yè tóu zī)
創業者	(chuàng yè zhě)
創意	(chuàng yì)
創譯	(chuàng yì)
創議	(chuàng yì)
創優	(chuàng yōu)
創造	(chuàng zào)
創造力	(chuàng zào lì)
創造論	(chuàng zào lùn)
創造性	(chuàng zào xìng)
創造者	(chuàng zào zhě)
創造主	(chuàng zào zhǔ)
創制	(chuàng zhì)
創作	(chuàng zuò)
創作力	(chuàng zuò lì)
創作者	(chuàng zuò zhě)
愴	(chuàng)
吹	(chuī)
吹吹拍拍	(chuī chuī pāi pāi)
吹燈拔蠟	(chuī dēng bá là)
吹風	(chuī fēng)
吹風機	(chuī fēng jī)
吹拂	(chuī fú)
吹鼓手	(chuī gǔ shǒu)
吹管	(chuī guǎn)
吹管樂	(chuī guǎn yuè)
吹號	(chuī hào)
吹鬍子瞪眼	(chuī hú zi dèng yǎn)
吹灰	(chuī huī)
吹灰之力	(chuī huī zhī lì)
吹糠見米	(chuī kāng jiàn mǐ)
吹孔	(chuī kǒng)
吹口哨	(chuī kǒu shào)
吹喇叭	(chuī lǎ ba)
吹了	(chuī le)
吹擂	(chuī léi)
吹冷風	(chuī lěng fēng)
吹毛求疵	(chuī máo qiú cī)
吹滅	(chuī miè)
吹牛	(chuī niú)
吹牛拍馬	(chuī niú pāi mǎ)
吹牛皮	(chuī niú pí)
吹拍	(chuī pāi)
吹捧	(chuī pěng)
吹氣	(chuī qì)
吹乾	(chuī gān)
吹球機	(chuī qiú jī)
吹散	(chuī sàn)
吹哨	(chuī shào)
吹哨人	(chuī shào rén)
吹水	(chuī shuǐ)
吹臺	(chuī tái)
吹熄	(chuī xī)
吹襲	(chuī xí)
吹簫	(chuī xiāo)
吹噓	(chuī xū)
吹葉機	(chuī yè jī)
吹竽手	(chuī yú shǒu)
吹脹	(chuī zhàng)
吹枕邊風	(chuī zhěn biān fēng)
吹奏	(chuī zòu)
垂	(chuí)
垂垂	(chuí chuí)
垂釣	(chuí diào)
垂範	(chuí fàn)
垂感	(chuí gǎn)
垂掛	(chuí guà)
垂老	(chuí lǎo)
垂淚	(chuí lèi)
垂簾聽政	(chuí lián tīng zhèng)
垂柳	(chuí liǔ)
垂幕	(chuí mù)
垂暮之年	(chuí mù zhī nián)
垂念	(chuí niàn)
垂泣	(chuí qì)
垂青	(chuí qīng)
垂死	(chuí sǐ)
垂死掙扎	(chuí sǐ zhēng zhá)
垂體	(chuí tǐ)
垂髫	(chuí tiáo)
垂頭喪氣	(chuí tóu sàng qì)
垂危	(chuí wēi)
垂下	(chuí xià)
垂涎	(chuí xián)
垂涎三尺	(chuí xián sān chǐ)
垂涎欲滴	(chuí xián yù dī)
垂線	(chuí xiàn)
垂懸分詞	(chuí xuán fēn cí)
垂懸結構	(chuí xuán jié gòu)
垂楊柳	(chuí yáng liǔ)
垂直	(chuí zhí)
垂直和短距起落飛機	(chuí zhí hé duǎn jù qǐ luò fēi jī)
垂直起落飛機	(chuí zhí qǐ luò fēi jī)
垂直尾翼	(chuí zhí wěi yì)
垂直線	(chuí zhí xiàn)
垂直軸	(chuí zhí zhóu)
埀	(chuí)
捶	(chuí)
捶背	(chuí bèi)
捶打	(chuí dǎ)
捶擊	(chuí jī)
捶胸	(chuí xiōng)
捶胸頓足	(chuí xiōng dùn zú)
捶子	(chuí zi)
搥	(chuí)
棰	(chuí)
槌	(chuí)
槌球	(chuí qiú)
旾	(chūn)
春	(chūn)
春餅	(chūn bǐng)
春播	(chūn bō)
春蠶	(chūn cán)
春岑	(chūn cén)
春茶	(chūn chá)
春川市	(chūn chuān shì)
春大麥	(chūn dà mài)
春燈謎	(chūn dēng mí)
春凳	(chūn dèng)
春分點	(chūn fēn diǎn)
春風	(chūn fēng)
春風得意	(chūn fēng dé yì)
春風和氣	(chūn fēng hé qì)
春風化雨	(chūn fēng huà yǔ)
春風滿面	(chūn fēng mǎn miàn)
春風一度	(chūn fēng yī dù)
春婦	(chūn fù)
春耕	(chūn gēng)
春宮	(chūn gōng)
春菇	(chūn gū)
春灌	(chūn guàn)
春光	(chūn guāng)
春光明媚	(chūn guāng míng mèi)
春光乍泄	(chūn guāng zhà xiè)
春化	(chūn huà)
春畫	(chūn huà)
春黃菊	(chūn huáng jú)
春黃菊屬	(chūn huáng jú shǔ)
春暉	(chūn huī)
春季	(chūn jì)
春假	(chūn jià)
春江花月夜	(chūn jiāng huā yuè yè)
春江水暖鴨先知	(chūn jiāng shuǐ nuǎn yā xiān zhī)
春節	(chūn jié)
春節聯歡晚會	(chūn jié lián huān wǎn huì)
春景	(chūn jǐng)
春酒	(chūn jiǔ)
春捲	(chūn juǎn)
春困	(chūn kùn)
春聯	(chūn lián)
春霖	(chūn lín)
春令	(chūn lìng)
春夢	(chūn mèng)
春暖花開	(chūn nuǎn huā kāi)
春情	(chūn qíng)
春秋	(chūn qiū)
春秋大夢	(chūn qiū dà mèng)
春秋鼎盛	(chūn qiū dǐng shèng)
春秋繁露	(chūn qiū fán lù)
春秋三傳	(chūn qiū sān zhuàn)
春秋時代	(chūn qiū shí dài)
春秋五霸	(chūn qiū wǔ bà)
春秋戰國	(chūn qiū zhàn guó)
春秋戰國時代	(chūn qiū zhàn guó shí dài)
春秋左氏傳	(chūn qiū zuǒ shì zhuàn)
春日	(chūn rì)
春日部	(chūn rì bù)
春日鄉	(chūn rì xiāng)
春色	(chūn sè)
春生，夏長，秋收，冬藏	(chūn shēng , xià zhǎng , qiū shōu , dōng cáng)
春試	(chūn shì)
春筍	(chūn sǔn)
春天	(chūn tiān)
春晚	(chūn wǎn)
春闈	(chūn wéi)
春武里府	(chūn wǔ lǐ fǔ)
春夏秋冬	(chūn xià qiū dōng)
春宵	(chūn xiāo)
春心	(chūn xīn)
春興	(chūn xìng)
春汛	(chūn xùn)
春藥	(chūn yào)
春意	(chūn yì)
春遊	(chūn yóu)
春雨	(chūn yǔ)
春運	(chūn yùn)
春裝	(chūn zhuāng)
椿	(chūn)
椿象	(chūn xiàng)
橁	(xún)
唇	(chún)
唇彩	(chún cǎi)
唇齒	(chún chǐ)
唇齒相依	(chún chǐ xiāng yī)
唇齒音	(chún chǐ yīn)
唇典	(chún diǎn)
唇讀	(chún dú)
唇顎裂	(chún è liè)
唇膏	(chún gāo)
唇角	(chún jiǎo)
唇裂	(chún liè)
唇蜜	(chún mì)
唇槍舌劍	(chún qiāng shé jiàn)
唇舌	(chún shé)
唇亡齒寒	(chún wáng chǐ hán)
唇線筆	(chún xiàn bǐ)
唇形科	(chún xíng kē)
唇音	(chún yīn)
唇印	(chún yìn)
唇釉	(chún yòu)
㝄	(chún)
㵮	(chún)
㝇	(chún)
惷	(chǔn)
戳	(chuō)
戳壁腳	(chuō bì jiǎo)
戳不住	(chuō bu zhù)
戳穿	(chuō chuān)
戳穿試驗	(chuō chuān shì yàn)
戳刺感	(chuō cì gǎn)
戳搭	(chuō dā)
戳得住	(chuō de zhù)
戳兒	(chuō r)
戳份兒	(chuō fèn r)
戳個兒	(chuō gè r)
戳咕	(chuō gū)
戳禍	(chuō huò)
戳脊梁	(chuō jǐ liang)
戳脊梁骨	(chuō jǐ liang gǔ)
戳記	(chuō jì)
戳破	(chuō pò)
戳痛點	(chuō tòng diǎn)
戳心灌髓	(chuō xīn guàn suǐ)
戳子	(chuō zi)
㲋	(chuò)
惙	(chuò)
婥	(chuò)
婥約	(chuò yuē)
擉	(chuò)
歠	(chuò)
呲	(cī)
呲牙咧嘴	(zī yá liě zuǐ)
偨	(cī)
堲	(jí)
䛐	(cí)
慈	(cí)
慈藹	(cí ǎi)
慈愛	(cí ài)
慈安太后	(cí ān tài hòu)
慈悲	(cí bēi)
慈悲為本	(cí bēi wéi běn)
慈福行動	(cí fú xíng dòng)
慈姑	(cí gu)
慈和	(cí hé)
慈江道	(cí jiāng dào)
慈利縣	(cí lì xiàn)
慈眉善目	(cí méi shàn mù)
慈母	(cí mǔ)
慈善	(cí shàn)
慈善抽獎	(cí shàn chōu jiǎng)
慈善機構	(cí shàn jī gòu)
慈善家	(cí shàn jiā)
慈善組織	(cí shàn zǔ zhī)
慈石	(cí shí)
慈溪市	(cí xī shì)
慈禧	(cí xǐ)
慈祥	(cí xiáng)
慈顏	(cí yán)
慈照寺	(cí zhào sì)
此	(cǐ)
此處	(cǐ chù)
此次	(cǐ cì)
此道	(cǐ dào)
此地	(cǐ dì)
此後	(cǐ hòu)
此話怎講	(cǐ huà zěn jiǎng)
此際	(cǐ jì)
此間	(cǐ jiān)
此刻	(cǐ kè)
此類	(cǐ lèi)
此路不通	(cǐ lù bù tōng)
此起彼伏	(cǐ qǐ bǐ fú)
此起彼落	(cǐ qǐ bǐ luò)
此前	(cǐ qián)
此時	(cǐ shí)
此時此地	(cǐ shí cǐ dì)
此時此刻	(cǐ shí cǐ kè)
此事	(cǐ shì)
此外	(cǐ wài)
此消彼長	(cǐ xiāo bǐ zhǎng)
此行	(cǐ xíng)
此言非虛	(cǐ yán fēi xū)
此致敬禮	(cǐ zhì jìng lǐ)
佌	(cǐ)
朿	(cì)
次	(cì)
次長	(cì zhǎng)
次大陸	(cì dà lù)
次貸	(cì dài)
次貸危機	(cì dài wēi jī)
次等	(cì děng)
次第	(cì dì)
次方	(cì fāng)
次方言	(cì fāng yán)
次官	(cì guān)
次後	(cì hòu)
次貨	(cì huò)
次級	(cì jí)
次級貸款	(cì jí dài kuǎn)
次級抵押貸款	(cì jí dǐ yā dài kuǎn)
次級房屋信貸危機	(cì jí fáng wū xìn dài wēi jī)
次經	(cì jīng)
次氯酸	(cì lǜ suān)
次女	(cì nǚ)
次貧	(cì pín)
次品	(cì pǐn)
次日	(cì rì)
次生	(cì shēng)
次生林	(cì shēng lín)
次生災害	(cì shēng zāi hài)
次聲波	(cì shēng bō)
次世代	(cì shì dài)
次數	(cì shù)
次文化	(cì wén huà)
次溴酸	(cì xiù suān)
次序	(cì xù)
次要	(cì yào)
次一個	(cì yī gè)
次於	(cì yú)
次元	(cì yuán)
次韻	(cì yùn)
次正裝	(cì zhèng zhuāng)
次之	(cì zhī)
次重量級	(cì zhòng liàng jí)
次子	(cì zǐ)
伺	(sì)
伺服	(sì fú)
伺服器	(sì fú qì)
伺候	(cì hou)
伺機	(sì jī)
伺隙	(sì xì)
刺	(cì)
刺柏	(cì bǎi)
刺胞	(cì bāo)
刺胞動物	(cì bāo dòng wù)
刺鼻	(cì bí)
刺穿	(cì chuān)
刺戳	(cì chuō)
刺刺不休	(cì cì bù xiū)
刺刀	(cì dāo)
刺兒	(cì r)
刺兒話	(cì r huà)
刺兒李	(cì r lǐ)
刺兒頭	(cì r tóu)
刺耳	(cì ěr)
刺鋼絲	(cì gāng sī)
刺骨	(cì gǔ)
刺花	(cì huā)
刺花紋	(cì huā wén)
刺槐	(cì huái)
刺激	(cì jī)
刺激劑	(cì jī jì)
刺激物	(cì jī wù)
刺激性	(cì jī xìng)
刺客	(cì kè)
刺棱	(cī lēng)
刺梨	(cì lí)
刺目	(cì mù)
刺破	(cì pò)
刺芹菇	(cì qín gū)
刺青	(cì qīng)
刺殺	(cì shā)
刺傷	(cì shāng)
刺身	(cì shēn)
刺史	(cì shǐ)
刺絲胞	(cì sī bāo)
刺絲胞動物	(cì sī bāo dòng wù)
刺絲囊	(cì sī náng)
刺死	(cì sǐ)
刺探	(cì tàn)
刺桐	(cì tóng)
刺痛	(cì tòng)
刺蝟	(cì wei)
刺五加	(cì wǔ jiā)
刺莧	(cì xiàn)
刺繡	(cì xiù)
刺繡品	(cì xiù pǐn)
刺眼	(cì yǎn)
刺中	(cì zhòng)
刺字	(cì zì)
刾	(cì)
佽	(cì)
匆	(cōng)
匆匆	(cōng cōng)
匆促	(cōng cù)
匆猝	(cōng cù)
匆遽	(cōng jù)
匆忙	(cōng máng)
匆卒	(cōng cù)
囪	(cōng)
怱	(cōng)
悤	(cōng)
樅	(cōng)
樅樹	(cōng shù)
樅陽縣	(zōng yáng xiàn)
聰慧	(cōng huì)
聰明	(cōng míng)
从	(cóng)
従	(cóng)
從	(cóng)
從不	(cóng bù)
從長計議	(cóng cháng jì yì)
從此	(cóng cǐ)
從此往後	(cóng cǐ wǎng hòu)
從從容容	(cóng cóng róng róng)
從動	(cóng dòng)
從而	(cóng ér)
從犯	(cóng fàn)
從父	(cóng fù)
從何	(cóng hé)
從化區	(cóng huà qū)
從緩	(cóng huǎn)
從儉	(cóng jiǎn)
從簡	(cóng jiǎn)
從諫如流	(cóng jiàn rú liú)
從江縣	(cóng jiāng xiàn)
從教	(cóng jiào)
從今以後	(cóng jīn yǐ hòu)
從井救人	(cóng jǐng jiù rén)
從警	(cóng jǐng)
從句	(cóng jù)
從軍	(cóng jūn)
從寬	(cóng kuān)
從來	(cóng lái)
從來不	(cóng lái bù)
從來沒	(cóng lái méi)
從來沒有	(cóng lái méi yǒu)
從裡到外	(cóng lǐ dào wài)
從吏	(cóng lì)
從良	(cóng liáng)
從零開始	(cóng líng kāi shǐ)
從略	(cóng lüè)
從沒	(cóng méi)
從命	(cóng mìng)
從母	(cóng mǔ)
從難從嚴	(cóng nán cóng yán)
從前	(cóng qián)
從輕	(cóng qīng)
從戎	(cóng róng)
從容	(cóng róng)
從容不迫	(cóng róng bù pò)
從善如登，從惡如崩	(cóng shàn rú dēng , cóng è rú bēng)
從善如流	(cóng shàn rú liú)
從實招來	(cóng shí zhāo lái)
從事	(cóng shì)
從屬	(cóng shǔ)
從速	(cóng sù)
從天而降	(cóng tiān ér jiàng)
從頭	(cóng tóu)
從頭到腳	(cóng tóu dào jiǎo)
從頭到尾	(cóng tóu dào wěi)
從未	(cóng wèi)
從先	(cóng xiān)
從小	(cóng xiǎo)
從心所欲	(cóng xīn suǒ yù)
從兄	(cóng xiōng)
從嚴	(cóng yán)
從業	(cóng yè)
從業人員	(cóng yè rén yuán)
從業者	(cóng yè zhě)
從一而終	(cóng yī ér zhōng)
從醫	(cóng yī)
從藝	(cóng yì)
從影	(cóng yǐng)
從優	(cóng yōu)
從早到晚	(cóng zǎo dào wǎn)
從者	(cóng zhě)
從政	(cóng zhèng)
從中	(cóng zhōng)
從中作梗	(cóng zhōng zuò gěng)
從眾	(cóng zhòng)
從子	(cóng zǐ)
悰	(cóng)
叢	(cóng)
叢集	(cóng jí)
叢林	(cóng lín)
叢林法則	(cóng lín fǎ zé)
叢生	(cóng shēng)
叢書	(cóng shū)
叢臺區	(cóng tái qū)
叢談	(cóng tán)
叢冢	(cóng zhǒng)
徂	(cú)
殂	(cú)
促	(cù)
促成	(cù chéng)
促動	(cù dòng)
促進	(cù jìn)
促請	(cù qǐng)
促求	(cù qiú)
促聲	(cù shēng)
促使	(cù shǐ)
促退	(cù tuì)
促膝	(cù xī)
促膝談心	(cù xī tán xīn)
促狹	(cù xiá)
促狹鬼	(cù xiá guǐ)
促弦	(cù xián)
促銷	(cù xiāo)
促織	(cù zhī)
䠞	(cù)
攛	(cuān)
攛掇	(cuān duo)
欑	(zàn)
崔	(cuī)
崔顥	(cuī hào)
崔鴻	(cuī hóng)
崔健	(cuī jiàn)
崔明慧	(cuī míng huì)
崔巍	(cuī wēi)
崔嵬	(cuī wéi)
崔螢	(cuī yíng)
崔永元	(cuī yǒng yuán)
催	(cuī)
催逼	(cuī bī)
催膘	(cuī biāo)
催產	(cuī chǎn)
催產素	(cuī chǎn sù)
催促	(cuī cù)
催肥	(cuī féi)
催肥劑	(cuī féi jì)
催更	(cuī gēng)
催谷	(cuī gǔ)
催化	(cuī huà)
催化劑	(cuī huà jì)
催化作用	(cuī huà zuò yòng)
催婚	(cuī hūn)
催淚	(cuī lèi)
催淚大片	(cuī lèi dà piàn)
催淚彈	(cuī lèi dàn)
催淚劑	(cuī lèi jì)
催淚瓦斯	(cuī lèi wǎ sī)
催眠	(cuī mián)
催眠曲	(cuī mián qǔ)
催眠師	(cuī mián shī)
催眠術	(cuī mián shù)
催眠藥	(cuī mián yào)
催眠狀態	(cuī mián zhuàng tài)
催命	(cuī mìng)
催奶	(cuī nǎi)
催情	(cuī qíng)
催乳	(cuī rǔ)
催乳激素	(cuī rǔ jī sù)
催生	(cuī shēng)
催生婆	(cuī shēng pó)
催生素	(cuī shēng sù)
催生者	(cuī shēng zhě)
催收	(cuī shōu)
催熟	(cuī shú)
催討	(cuī tǎo)
催吐	(cuī tù)
催吐劑	(cuī tù jì)
催芽	(cuī yá)
催帳	(cuī zhàng)
催賬	(cuī zhàng)
催證	(cuī zhèng)
摧	(cuī)
摧殘	(cuī cán)
摧毀	(cuī huǐ)
榱	(cuī)
伜	(cuì)
啐	(cuì)
悴	(cuì)
椊	(zuó)
村	(cūn)
村長	(cūn zhǎng)
村夫	(cūn fū)
村婦	(cūn fù)
村姑	(cūn gū)
村里	(cūn lǐ)
村落	(cūn luò)
村民	(cūn mín)
村山富市	(cūn shān fù shì)
村上	(cūn shàng)
村上春樹	(cūn shàng chūn shù)
村上隆	(cūn shàng lōng)
村舍	(cūn shè)
村塾	(cūn shú)
村田	(cūn tián)
村委會	(cūn wěi huì)
村寨	(cūn zhài)
村鎮	(cūn zhèn)
村證房	(cūn zhèng fáng)
村莊	(cūn zhuāng)
村子	(cūn zi)
存	(cún)
存簿	(cún bù)
存車場	(cún chē chǎng)
存車處	(cún chē chù)
存儲	(cún chǔ)
存儲卡	(cún chǔ kǎ)
存儲器	(cún chǔ qì)
存貸	(cún dài)
存貸款	(cún dài kuǎn)
存單	(cún dān)
存檔	(cún dàng)
存放	(cún fàng)
存根	(cún gēn)
存戶	(cún hù)
存活	(cún huó)
存活率	(cún huó lǜ)
存貨	(cún huò)
存款	(cún kuǎn)
存款單	(cún kuǎn dān)
存款人	(cún kuǎn rén)
存款證	(cún kuǎn zhèng)
存款准備金	(cún kuǎn zhǔn bèi jīn)
存款準備金率	(cún kuǎn zhǔn bèi jīn lǜ)
存欄	(cún lán)
存量	(cún liàng)
存留	(cún liú)
存錢	(cún qián)
存錢罐	(cún qián guàn)
存取	(cún qǔ)
存入	(cún rù)
存食	(cún shí)
存水彎	(cún shuǐ wān)
存託憑證	(cún tuō píng zhèng)
存亡	(cún wáng)
存亡攸關	(cún wáng yōu guān)
存心	(cún xīn)
存續	(cún xù)
存疑	(cún yí)
存有	(cún yǒu)
存在	(cún zài)
存在感	(cún zài gǎn)
存在主義	(cún zài zhǔ yì)
存摺	(cún zhé)
刌	(cǔn)
忖	(cǔn)
忖度	(cǔn duó)
忖量	(cǔn liàng)
忖思	(cǔn sī)
寸	(cùn)
寸步不離	(cùn bù bù lí)
寸步不讓	(cùn bù bù ràng)
寸步難行	(cùn bù nán xíng)
寸草不生	(cùn cǎo bù shēng)
寸金難買寸光陰	(cùn jīn nán mǎi cùn guāng yīn)
寸口	(cùn kǒu)
寸口脈	(cùn kǒu mài)
寸脈	(cùn mài)
寸頭	(cùn tóu)
寸土寸金	(cùn tǔ cùn jīn)
寸陰	(cùn yīn)
吋	(cùn)
搓	(cuō)
搓板	(cuō bǎn)
搓麻將	(cuō má jiàng)
搓揉	(cuō róu)
搓洗	(cuō xǐ)
搓衣板	(cuō yī bǎn)
撮	(cuō)
撮合	(cuō he)
嵯	(cuó)
剉	(cuò)
剉冰	(cuò bīng)
剉屍	(cuò shī)
挫	(cuò)
挫敗	(cuò bài)
挫瘡	(cuò chuāng)
挫折	(cuò zhé)
挫折感	(cuò zhé gǎn)
剒	(cuò)
厝	(cuò)
厝火積薪	(cuò huǒ jī xīn)
措	(cuò)
措辦	(cuò bàn)
措詞	(cuò cí)
措辭	(cuò cí)
措辭強硬	(cuò cí qiáng yìng)
措大	(cuò dà)
措舉	(cuò jǔ)
措美縣	(cuò měi xiàn)
措勤縣	(cuò qín xiàn)
措施	(cuò shī)
措手	(cuò shǒu)
措手不及	(cuò shǒu bù jí)
措意	(cuò yì)
措置	(cuò zhì)
措置裕如	(cuò zhì yù rú)
棤	(cuò)
搭	(dā)
搭把手	(dā bǎ shǒu)
搭把手兒	(dā bǎ shǒu r)
搭白	(dā bái)
搭伴	(dā bàn)
搭幫	(dā bāng)
搭背	(dā bèi)
搭便	(dā biàn)
搭便車	(dā biàn chē)
搭膊	(dā bó)
搭補	(dā bǔ)
搭茬	(dā chá)
搭茬兒	(dā chá r)
搭車	(dā chē)
搭乘	(dā chéng)
搭當	(dā dàng)
搭擋	(dā dàng)
搭檔	(dā dàng)
搭調	(dā diào)
搭縫	(dā fèng)
搭蓋	(dā gài)
搭鉤	(dā gōu)
搭咕	(dā gū)
搭話	(dā huà)
搭伙	(dā huǒ)
搭架子	(dā jià zi)
搭肩	(dā jiān)
搭建	(dā jiàn)
搭接	(dā jiē)
搭接片	(dā jiē piàn)
搭街坊	(dā jiē fang)
搭界	(dā jiè)
搭救	(dā jiù)
搭客	(dā kè)
搭扣	(dā kòu)
搭拉	(dā la)
搭理	(dā li)
搭連	(dā lián)
搭褳	(dā lian)
搭配	(dā pèi)
搭腔	(dā qiāng)
搭赸	(dā shàn)
搭訕	(dā shàn)
搭售	(dā shòu)
搭鐵	(dā tiě)
搭腰	(dā yāo)
搭載	(dā zài)
搭桌	(dā zhuō)
搭子	(dā zi)
搭嘴	(dā zuǐ)
搭坐	(dā zuò)
嗒	(dā)
嗒然	(tà rán)
嗒喪	(tà sàng)
墶	(da)
噠	(dā)
噠嗪	(dā qín)
怛	(dá)
怛羅斯之戰	(dá luó sī zhī zhàn)
妲	(dá)
妲己	(dá jǐ)
剳	(dá)
打	(dǎ)
打call	(dǎ call)
打把式	(dǎ bǎ shi)
打把勢	(dǎ bǎ shi)
打靶	(dǎ bǎ)
打白條	(dǎ bái tiáo)
打擺子	(dǎ bǎi zi)
打敗	(dǎ bài)
打扮	(dǎ ban)
打包	(dǎ bāo)
打包票	(dǎ bāo piào)
打薄剪刀	(dǎ báo jiǎn dāo)
打保票	(dǎ bǎo piào)
打抱不平	(dǎ bào bù píng)
打爆	(dǎ bào)
打邊鼓	(dǎ biān gǔ)
打邊爐	(dǎ biān lú)
打錶	(dǎ biǎo)
打啵	(dǎ bō)
打不過	(dǎ bu guò)
打不通	(dǎ bu tōng)
打擦邊球	(dǎ cā biān qiú)
打草	(dǎ cǎo)
打草驚蛇	(dǎ cǎo jīng shé)
打層次	(dǎ céng cì)
打杈	(dǎ chà)
打鑔	(dǎ chǎ)
打岔	(dǎ chà)
打柴	(dǎ chái)
打禪	(dǎ chán)
打顫	(dǎ zhàn)
打長工	(dǎ cháng gōng)
打長途	(dǎ cháng tú)
打場	(dǎ cháng)
打車	(dǎ chē)
打成	(dǎ chéng)
打成平手	(dǎ chéng píng shǒu)
打成一片	(dǎ chéng yī piàn)
打赤膊	(dǎ chì bó)
打赤腳	(dǎ chì jiǎo)
打衝鋒	(dǎ chōng fēng)
打蟲	(dǎ chóng)
打出手	(dǎ chū shǒu)
打怵	(dǎ chù)
打憷	(dǎ chù)
打從	(dǎ cóng)
打錯	(dǎ cuò)
打蛋器	(dǎ dàn qì)
打檔	(dǎ dǎng)
打檔車	(dǎ dǎng chē)
打倒	(dǎ dǎo)
打道回府	(dǎ dào huí fǔ)
打得火熱	(dǎ de huǒ rè)
打地鋪	(dǎ dì pù)
打地鼠	(dǎ dì shǔ)
打的	(dǎ dī)
打底	(dǎ dǐ)
打底褲	(dǎ dǐ kù)
打底子	(dǎ dǐ zi)
打點	(dǎ dian)
打點滴	(dǎ diǎn dī)
打電動	(dǎ diàn dòng)
打電話	(dǎ diàn huà)
打吊瓶	(dǎ diào píng)
打吊針	(dǎ diào zhēn)
打掉	(dǎ diào)
打掉門牙，往肚子裡嚥	(dǎ diào mén yá , wǎng dù zi lǐ yàn)
打定主意	(dǎ dìng zhǔ yi)
打洞	(dǎ dòng)
打動	(dǎ dòng)
打鬥	(dǎ dòu)
打賭	(dǎ dǔ)
打短兒	(dǎ duǎn r)
打斷	(dǎ duàn)
打兌	(dǎ duì)
打對台	(dǎ duì tái)
打對仗	(dǎ duì zhàng)
打盹	(dǎ dǔn)
打盹兒	(dǎ dǔn r)
打躉兒	(dǎ dǔn r)
打頓	(dǎ dùn)
打頓兒	(dǎ dùn r)
打哆嗦	(dǎ duō suo)
打呃	(dǎ è)
打耳光	(dǎ ěr guāng)
打發	(dǎ fa)
打發時間	(dǎ fā shí jiān)
打法	(dǎ fǎ)
打翻	(dǎ fān)
打翻身仗	(dǎ fān shēn zhàng)
打飯	(dǎ fàn)
打飛機	(dǎ fēi jī)
打分	(dǎ fēn)
打分數	(dǎ fēn shù)
打富濟貧	(dǎ fù jì pín)
打稿子	(dǎ gǎo zi)
打格子	(dǎ gé zi)
打嗝	(dǎ gé)
打嗝兒	(dǎ gé r)
打跟頭	(dǎ gēn tou)
打更	(dǎ gēng)
打工	(dǎ gōng)
打工妹	(dǎ gōng mèi)
打工人	(dǎ gōng rén)
打工仔	(dǎ gōng zǎi)
打躬作揖	(dǎ gōng zuò yī)
打拱	(dǎ gǒng)
打拱作揖	(dǎ gǒng zuò yī)
打勾	(dǎ gōu)
打鉤	(dǎ gōu)
打狗	(dǎ gǒu)
打狗還得看主人	(dǎ gǒu hái děi kàn zhǔ rén)
打狗欺主	(dǎ gǒu qī zhǔ)
打箍	(dǎ gū)
打鼓	(dǎ gǔ)
打穀	(dǎ gǔ)
打穀場	(dǎ gǔ cháng)
打穀機	(dǎ gǔ jī)
打瓜	(dǎ guā)
打卦	(dǎ guà)
打官話	(dǎ guān huà)
打官腔	(dǎ guān qiāng)
打官司	(dǎ guān si)
打光	(dǎ guāng)
打光棍	(dǎ guāng gùn)
打滾	(dǎ gǔn)
打棍子	(dǎ gùn zi)
打哈哈	(dǎ hā ha)
打哈哈兒	(dǎ hā ha r)
打哈欠	(dǎ hā qian)
打鼾	(dǎ hān)
打夯	(dǎ hāng)
打呵欠	(dǎ hē qiàn)
打黑	(dǎ hēi)
打橫炮	(dǎ héng pào)
打哄	(dǎ hǒng)
打呼	(dǎ hū)
打呼嚕	(dǎ hū lu)
打滑	(dǎ huá)
打混	(dǎ hùn)
打諢	(dǎ hùn)
打火機	(dǎ huǒ jī)
打火石	(dǎ huǒ shí)
打擊	(dǎ jī)
打擊報復	(dǎ jī bào fù)
打擊率	(dǎ jī lǜ)
打擊樂器	(dǎ jī yuè qì)
打雞血	(dǎ jī xuè)
打家劫舍	(dǎ jiā jié shè)
打假	(dǎ jiǎ)
打假球	(dǎ jiǎ qiú)
打架	(dǎ jià)
打尖	(dǎ jiān)
打醬油	(dǎ jiàng yóu)
打交道	(dǎ jiāo dào)
打膠槍	(dǎ jiāo qiāng)
打攪	(dǎ jiǎo)
打劫	(dǎ jié)
打結	(dǎ jié)
打緊	(dǎ jǐn)
打進	(dǎ jìn)
打井	(dǎ jǐng)
打酒	(dǎ jiǔ)
打卡	(dǎ kǎ)
打開	(dǎ kāi)
打開話匣子	(dǎ kāi huà xiá zi)
打開天窗說亮話	(dǎ kāi tiān chuāng shuō liàng huà)
打瞌睡	(dǎ kē shuì)
打孔	(dǎ kǒng)
打孔卡	(dǎ kǒng kǎ)
打孔器	(dǎ kǒng qì)
打孔鑽	(dǎ kǒng zuàn)
打口	(dǎ kǒu)
打垮	(dǎ kuǎ)
打蠟	(dǎ là)
打來回	(dǎ lái huí)
打賴	(dǎ lài)
打蘭	(dǎ lán)
打撈	(dǎ lāo)
打雷	(dǎ léi)
打擂臺	(dǎ lèi tái)
打冷戰	(dǎ lěng zhan)
打理	(dǎ lǐ)
打臉	(dǎ liǎn)
打量	(dǎ liang)
打趔趄	(dǎ liè qie)
打獵	(dǎ liè)
打鈴	(dǎ líng)
打落水狗	(dǎ luò shuǐ gǒu)
打麻雀運動	(dǎ má què yùn dòng)
打馬虎眼	(dǎ mǎ hu yǎn)
打馬賽克	(dǎ mǎ sài kè)
打碼	(dǎ mǎ)
打罵	(dǎ mà)
打埋伏	(dǎ mái fu)
打門	(dǎ mén)
打悶雷	(dǎ mèn léi)
打磨	(dǎ mó)
打哪兒指哪兒	(dǎ nǎ r zhǐ nǎ r)
打奶	(dǎ nǎi)
打饢	(dǎ náng)
打鬧	(dǎ nào)
打鳥	(dǎ niǎo)
打拍	(dǎ pāi)
打拍子	(dǎ pāi zi)
打牌	(dǎ pái)
打拋	(dǎ pāo)
打拋豬	(dǎ pāo zhū)
打跑	(dǎ pǎo)
打炮	(dǎ pào)
打噴嚏	(dǎ pēn tì)
打棚	(dǎ péng)
打屁	(dǎ pì)
打屁股	(dǎ pì gu)
打拼	(dǎ pīn)
打破	(dǎ pò)
打破砂鍋問到底	(dǎ pò shā guō wèn dào dǐ)
打撲克	(dǎ pū kè)
打氣	(dǎ qì)
打氣筒	(dǎ qì tǒng)
打千	(dǎ qiān)
打前站	(dǎ qián zhàn)
打錢	(dǎ qián)
打槍	(dǎ qiāng)
打情罵俏	(dǎ qíng mà qiào)
打球	(dǎ qiú)
打趣	(dǎ qù)
打拳	(dǎ quán)
打擾	(dǎ rǎo)
打擾了	(dǎ rǎo le)
打入	(dǎ rù)
打入冷宮	(dǎ rù lěng gōng)
打傘	(dǎ sǎn)
打散	(dǎ sàn)
打掃	(dǎ sǎo)
打掃衛生	(dǎ sǎo wèi shēng)
打殺	(dǎ shā)
打傷	(dǎ shāng)
打賞	(dǎ shǎng)
打蛇不死，反受其害	(dǎ shé bù sǐ , fǎn shòu qí hài)
打食	(dǎ shí)
打手	(dǎ shou)
打手槍	(dǎ shǒu qiāng)
打手語	(dǎ shǒu yǔ)
打水	(dǎ shuǐ)
打水漂	(dǎ shuǐ piāo)
打死	(dǎ sǐ)
打算	(dǎ suàn)
打算盤	(dǎ suàn pán)
打碎	(dǎ suì)
打胎	(dǎ tāi)
打太極	(dǎ tài jí)
打探	(dǎ tàn)
打嚏噴	(dǎ tì pen)
打天下	(dǎ tiān xià)
打鐵	(dǎ tiě)
打聽	(dǎ ting)
打挺兒	(dǎ tǐng r)
打通	(dǎ tōng)
打通宵	(dǎ tōng xiāo)
打頭陣	(dǎ tóu zhèn)
打退	(dǎ tuì)
打退堂鼓	(dǎ tuì táng gǔ)
打網	(dǎ wǎng)
打問	(dǎ wèn)
打窩	(dǎ wō)
打席	(dǎ xí)
打戲	(dǎ xì)
打下	(dǎ xià)
打下手	(dǎ xià shǒu)
打響	(dǎ xiǎng)
打響鼻兒	(dǎ xiǎng bí r)
打響名號	(dǎ xiǎng míng hào)
打消	(dǎ xiāo)
打小	(dǎ xiǎo)
打小報告	(dǎ xiǎo bào gào)
打小算盤	(dǎ xiǎo suàn pán)
打心眼裡	(dǎ xīn yǎn li)
打新	(dǎ xīn)
打旋	(dǎ xuán)
打旋兒	(dǎ xuán r)
打雪仗	(dǎ xuě zhàng)
打壓	(dǎ yā)
打牙祭	(dǎ yá jì)
打啞謎	(dǎ yǎ mí)
打啞語	(dǎ yǎ yǔ)
打眼	(dǎ yǎn)
打烊	(dǎ yàng)
打藥	(dǎ yào)
打野	(dǎ yě)
打野炮	(dǎ yě pào)
打一巴掌，給個甜棗	(dǎ yī bā zhang , gěi gè tián zǎo)
打印	(dǎ yìn)
打印稿	(dǎ yìn gǎo)
打印機	(dǎ yìn jī)
打印頭	(dǎ yìn tóu)
打贏	(dǎ yíng)
打油詩	(dǎ yóu shī)
打遊戲	(dǎ yóu xì)
打游擊	(dǎ yóu jī)
打魚	(dǎ yú)
打圓場	(dǎ yuán chǎng)
打砸	(dǎ zá)
打雜	(dǎ zá)
打雜的	(dǎ zá de)
打早	(dǎ zǎo)
打造	(dǎ zào)
打齋	(dǎ zhāi)
打仗	(dǎ zhàng)
打招呼	(dǎ zhāo hu)
打折	(dǎ zhé)
打折扣	(dǎ zhé kòu)
打針	(dǎ zhēn)
打整	(dǎ zhěng)
打製	(dǎ zhì)
打製石器	(dǎ zhì shí qì)
打中	(dǎ zhòng)
打腫臉充胖子	(dǎ zhǒng liǎn chōng pàng zi)
打住	(dǎ zhù)
打轉	(dǎ zhuàn)
打樁	(dǎ zhuāng)
打樁機	(dǎ zhuāng jī)
打字	(dǎ zì)
打字機	(dǎ zì jī)
打字員	(dǎ zì yuán)
打嘴	(dǎ zuǐ)
打嘴巴	(dǎ zuǐ ba)
打坐	(dǎ zuò)
打坐坡	(dǎ zuò pō)
大	(dà)
大V	(dà v)
大礙	(dà ài)
大安	(dà ān)
大安的列斯群島	(dà ān dì liè sī qún dǎo)
大安區	(dà ān qū)
大安市	(dà ān shì)
大巴	(dà bā)
大壩	(dà bà)
大白	(dà bái)
大白菜	(dà bái cài)
大白話	(dà bái huà)
大白鷺	(dà bái lù)
大白鯊	(dà bái shā)
大白鼠	(dà bái shǔ)
大白天	(dà bái tiān)
大白熊犬	(dà bái xióng quǎn)
大敗	(dà bài)
大班	(dà bān)
大般涅槃經	(dà bān niè pán jīng)
大斑鶺鴒	(dà bān jí líng)
大斑啄木鳥	(dà bān zhuó mù niǎo)
大阪	(dà bǎn)
大阪府	(dà bǎn fǔ)
大阪燒	(dà bǎn shāo)
大坂	(dà bǎn)
大半	(dà bàn)
大半夜	(dà bàn yè)
大棒	(dà bàng)
大包大攬	(dà bāo dà lǎn)
大堡礁	(dà bǎo jiāo)
大飽口福	(dà bǎo kǒu fú)
大飽眼福	(dà bǎo yǎn fú)
大鴇	(dà bǎo)
大寶	(dà bǎo)
大爆炸	(dà bào zhà)
大悲咒	(dà bēi zhòu)
大本涅槃經	(dà běn niè pán jīng)
大本營	(dà běn yíng)
大本鐘	(dà běn zhōng)
大笨鳥	(dà bèn niǎo)
大笨象	(dà bèn xiàng)
大比目魚	(dà bǐ mù yú)
大筆	(dà bǐ)
大便	(dà biàn)
大便祕結	(dà biàn mì jié)
大便乾燥	(dà biàn gān zào)
大變	(dà biàn)
大杓鷸	(dà sháo yù)
大別山	(dà bié shān)
大濱鷸	(dà bīn yù)
大冰期	(dà bīng qī)
大兵	(dà bīng)
大餅	(dà bǐng)
大病	(dà bìng)
大波斯菊	(dà bō sī jú)
大伯	(dà bó)
大伯子	(dà bǎi zi)
大補帖	(dà bǔ tiě)
大不了	(dà bu liǎo)
大不里士	(dà bù lǐ shì)
大不列顛	(dà bù liè diān)
大不列蹀	(dà bu liē diē)
大不韙	(dà bù wěi)
大不相同	(dà bù xiāng tóng)
大步	(dà bù)
大步流星	(dà bù liú xīng)
大部	(dà bù)
大部分	(dà bù fen)
大部制	(dà bù zhì)
大才小用	(dà cái xiǎo yòng)
大材小用	(dà cái xiǎo yòng)
大餐	(dà cān)
大草鶥	(dà cǎo méi)
大草鶯	(dà cǎo yīng)
大草原	(dà cǎo yuán)
大𥻗子	(dà chá zi)
大差不差	(dà chà bù chà)
大柴旦	(dà chái dàn)
大柴旦行政區	(dà chái dàn xíng zhèng qū)
大柴旦行政委員會	(dà chái dàn xíng zhèng wěi yuán huì)
大長腿	(dà cháng tuǐ)
大長嘴地鶇	(dà cháng zuǐ dì dōng)
大場鶇	(dà chǎng dōng)
大腸	(dà cháng)
大腸包小腸	(dà cháng bāo xiǎo cháng)
大腸桿菌	(dà cháng gǎn jūn)
大腸激躁症	(dà cháng jī zào zhèng)
大廠	(dà chǎng)
大廠回族自治縣	(dà chǎng huí zú zì zhì xiàn)
大氅	(dà chǎng)
大潮	(dà cháo)
大吵大鬧	(dà chǎo dà nào)
大徹大悟	(dà chè dà wù)
大臣	(dà chén)
大城市	(dà chéng shì)
大城縣	(dà chéng xiàn)
大城鄉	(dà chéng xiāng)
大乘	(dà shèng)
大吃	(dà chī)
大吃大喝	(dà chī dà hē)
大吃二喝	(dà chī èr hē)
大吃特吃	(dà chī tè chī)
大吃一驚	(dà chī yī jīng)
大蟲	(dà chóng)
大出血	(dà chū xuè)
大處著眼，小處著手	(dà chù zhuó yǎn , xiǎo chù zhuó shǒu)
大瘡	(dà chuāng)
大床房	(dà chuáng fáng)
大吹大擂	(dà chuī dà léi)
大錘	(dà chuí)
大醇小疵	(dà chún xiǎo cī)
大慈恩寺	(dà cí ēn sì)
大蔥	(dà cōng)
大村	(dà cūn)
大村鄉	(dà cūn xiāng)
大錯	(dà cuò)
大錯特錯	(dà cuò tè cuò)
大打出手	(dà dǎ chū shǒu)
大大	(dà dà)
大大方方	(dà dà fāng fāng)
大大咧咧	(dà dà liē liē)
大大小小	(dà dà xiǎo xiǎo)
大丹犬	(dà dān quǎn)
大膽	(dà dǎn)
大啖一番	(dà dàn yī fān)
大刀	(dà dāo)
大刀會	(dà dāo huì)
大刀闊斧	(dà dāo kuò fǔ)
大道	(dà dào)
大道具	(dà dào jù)
大道理	(dà dào li)
大盜	(dà dào)
大地	(dà dì)
大地測量學	(dà dì cè liáng xué)
大地洞	(dà dì dòng)
大地水準面	(dà dì shuǐ zhǔn miàn)
大地線	(dà dì xiàn)
大地之歌	(dà dì zhī gē)
大地主	(dà dì zhǔ)
大燈	(dà dēng)
大敵當前	(dà dí dāng qián)
大抵	(dà dǐ)
大帝	(dà dì)
大典	(dà diǎn)
大殿	(dà diàn)
大調	(dà diào)
大跌	(dà diē)
大跌市	(dà diē shì)
大跌眼鏡	(dà diē yǎn jìng)
大鰈魚	(dà dié yú)
大東區	(dà dōng qū)
大動干戈	(dà dòng gān gē)
大動脈	(dà dòng mài)
大都	(dà dū)
大都會	(dà dū huì)
大都市	(dà dū shì)
大豆	(dà dòu)
大杜鵑	(dà dù juān)
大肚子	(dà dù zi)
大肚子經濟	(dà dù zi jīng jì)
大度	(dà dù)
大度包容	(dà dù bāo róng)
大渡河	(dà dù hé)
大渡口區	(dà dù kǒu qū)
大短趾百靈	(dà duǎn zhǐ bǎi líng)
大隊	(dà duì)
大憝	(dà duì)
大多	(dà duō)
大多數	(dà duō shù)
大舵手	(dà duò shǒu)
大鱷	(dà è)
大恩不言謝	(dà ēn bù yán xiè)
大而化之	(dà ér huà zhī)
大而無當	(dà ér wú dàng)
大耳窿	(dà ěr lóng)
大二	(dà èr)
大發	(dà fā)
大發雷霆	(dà fā léi tíng)
大法官	(dà fǎ guān)
大凡	(dà fán)
大飯店	(dà fàn diàn)
大範圍	(dà fàn wéi)
大方	(dà fang)
大方廣佛華嚴經	(dà fāng guǎng fó huá yán jīng)
大方縣	(dà fāng xiàn)
大方之家	(dà fāng zhī jiā)
大放悲聲	(dà fàng bēi shēng)
大放光明	(dà fàng guāng míng)
大放厥詞	(dà fàng jué cí)
大放異彩	(dà fàng yì cǎi)
大費周章	(dà fèi zhōu zhāng)
大分	(dà fēn)
大分界嶺	(dà fēn jiè lǐng)
大分子	(dà fēn zǐ)
大糞	(dà fèn)
大風	(dà fēng)
大風吹	(dà fēng chuī)
大豐區	(dà fēng qū)
大鳳頭燕鷗	(dà fèng tóu yàn ōu)
大夫	(dà fū)
大幅	(dà fú)
大幅度	(dà fú dù)
大福	(dà fú)
大釜	(dà fǔ)
大副	(dà fù)
大富大貴	(dà fù dà guì)
大富翁	(dà fù wēng)
大腹便便	(dà fù pián pián)
大腹皮	(dà fù pí)
大蓋帽	(dà gài mào)
大概	(dà gài)
大幹	(dà gàn)
大綱	(dà gāng)
大鋼琴	(dà gāng qín)
大港	(dà gǎng)
大港區	(dà gǎng qū)
大哥	(dà gē)
大哥大	(dà gē dà)
大個兒	(dà gè r)
大根蘭	(dà gēn lán)
大公	(dà gōng)
大公報	(dà gōng bào)
大公國	(dà gōng guó)
大公國際	(dà gōng guó jì)
大公司	(dà gōng sī)
大公無私	(dà gōng wú sī)
大功	(dà gōng)
大功告成	(dà gōng gào chéng)
大恭	(dà gōng)
大沽口砲臺	(dà gū kǒu pào tái)
大沽砲臺	(dà gū pào tái)
大姑	(dà gū)
大股東	(dà gǔ dōng)
大鼓	(dà gǔ)
大拐	(dà guǎi)
大關	(dà guān)
大關縣	(dà guān xiàn)
大觀區	(dà guān qū)
大觀園	(dà guān yuán)
大管	(dà guǎn)
大規模	(dà guī mó)
大規模殺傷性武器	(dà guī mó shā shāng xìng wǔ qì)
大鍋	(dà guō)
大鍋飯	(dà guō fàn)
大國	(dà guó)
大過	(dà guò)
大過年	(dà guò nián)
大海	(dà hǎi)
大海撈針	(dà hǎi lāo zhēn)
大韓航空	(dà hán háng kōng)
大韓民國	(dà hán mín guó)
大喊	(dà hǎn)
大喊大叫	(dà hǎn dà jiào)
大汗	(dà hán)
大汗淋漓	(dà hàn lín lí)
大旱望雲霓	(dà hàn wàng yún ní)
大漢	(dà hàn)
大漢族主義	(dà hàn zú zhǔ yì)
大號	(dà hào)
大合唱	(dà hé chàng)
大和	(dà hé)
大河	(dà hé)
大亨	(dà hēng)
大紅	(dà hóng)
大紅鼻子	(dà hóng bí zi)
大紅大綠	(dà hóng dà lǜ)
大紅大紫	(dà hóng dà zǐ)
大紅燈籠高高掛	(dà hóng dēng lóng gāo gāo guà)
大紅鸛	(dà hóng guàn)
大紅袍	(dà hóng páo)
大鴻臚	(dà hóng lú)
大後年	(dà hòu nián)
大後天	(dà hòu tiān)
大呼拉爾	(dà hū lā ěr)
大呼小叫	(dà hū xiǎo jiào)
大湖	(dà hú)
大湖鄉	(dà hú xiāng)
大虎頭蜂	(dà hǔ tóu fēng)
大戶	(dà hù)
大化瑤族自治縣	(dà huà yáo zú zì zhì xiàn)
大話骰	(dà huà tóu)
大壞蛋	(dà huài dàn)
大環	(dà huán)
大環境	(dà huán jìng)
大黃	(dà huáng)
大黃蜂	(dà huáng fēng)
大黃冠啄木鳥	(dà huáng guān zhuó mù niǎo)
大黃魚	(dà huáng yú)
大灰狼	(dà huī láng)
大灰啄木鳥	(dà huī zhuó mù niǎo)
大茴香	(dà huí xiāng)
大茴香子	(dà huí xiāng zi)
大會	(dà huì)
大婚	(dà hūn)
大火	(dà huǒ)
大伙	(dà huǒ)
大伙兒	(dà huǒ r)
大夥	(dà huǒ)
大惑不解	(dà huò bù jiě)
大禍	(dà huò)
大禍臨頭	(dà huò lín tóu)
大獲全勝	(dà huò quán shèng)
大吉	(dà jí)
大吉大利	(dà jí dà lì)
大吉嶺	(dà jí lǐng)
大戟科	(dà jǐ kē)
大計	(dà jì)
大紀元	(dà jì yuán)
大紀元時報	(dà jì yuán shí bào)
大祭司	(dà jì sī)
大加	(dà jiā)
大加那利島	(dà jiā nà lì dǎo)
大家	(dà jiā)
大家閨秀	(dà jiā guī xiù)
大家伙兒	(dà jiā huǒ r)
大家庭	(dà jiā tíng)
大駕	(dà jià)
大駕光臨	(dà jià guāng lín)
大姦似忠	(dà jiān sì zhōng)
大件	(dà jiàn)
大建	(dà jiàn)
大賤賣	(dà jiàn mài)
大鍵琴	(dà jiàn qín)
大江南北	(dà jiāng nán běi)
大將	(dà jiàng)
大將軍	(dà jiāng jūn)
大疆	(dà jiāng)
大獎	(dà jiǎng)
大獎賽	(dà jiǎng sài)
大匠	(dà jiàng)
大角星	(dà jiǎo xīng)
大腳	(dà jiǎo)
大腳怪	(dà jiǎo guài)
大教堂	(dà jiào táng)
大街	(dà jiē)
大街小巷	(dà jiē xiǎo xiàng)
大結局	(dà jié jú)
大節	(dà jié)
大姐	(dà jiě)
大姐大	(dà jiě dà)
大姐頭	(dà jiě tóu)
大解	(dà jiě)
大金背啄木鳥	(dà jīn bèi zhuó mù niǎo)
大進大出	(dà jìn dà chū)
大盡	(dà jìn)
大驚	(dà jīng)
大驚失色	(dà jīng shī sè)
大驚小怪	(dà jīng xiǎo guài)
大久保	(dà jiǔ bǎo)
大久保利通	(dà jiǔ bǎo lì tōng)
大舅哥	(dà jiù gē)
大舅子	(dà jiù zi)
大局	(dà jú)
大舉	(dà jǔ)
大鵑鵙	(dà juān jú)
大絕滅	(dà jué miè)
大軍	(dà jūn)
大軍區	(dà jūn qū)
大咖	(dà kā)
大卡	(dà kǎ)
大開	(dà kāi)
大開大合	(dà kāi dà hé)
大開眼界	(dà kāi yǎn jiè)
大考	(dà kǎo)
大可不必	(dà kě bù bì)
大客車	(dà kè chē)
大坑	(dà kēng)
大口	(dà kǒu)
大口徑	(dà kǒu jìng)
大哭	(dà kū)
大快朵頤	(dà kuài duǒ yí)
大快人心	(dà kuài rén xīn)
大塊頭	(dà kuài tóu)
大款	(dà kuǎn)
大鵟	(dà kuáng)
大括號	(dà kuò hào)
大括弧	(dà kuò hú)
大剌剌	(dà là là)
大浪	(dà làng)
大牢	(dà láo)
大老粗	(dà lǎo cū)
大老婆	(dà lǎo pó)
大老遠	(dà lǎo yuǎn)
大佬	(dà lǎo)
大雷	(dà léi)
大類	(dà lèi)
大冷天	(dà lěng tiān)
大李杜	(dà lǐ dù)
大理	(dà lǐ)
大理白族自治州	(dà lǐ bái zú zì zhì zhōu)
大理花	(dà lǐ huā)
大理石	(dà lǐ shí)
大理市	(dà lǐ shì)
大理寺	(dà lǐ sì)
大理寺卿	(dà lǐ sì qīng)
大理岩	(dà lǐ yán)
大禮帽	(dà lǐ mào)
大力	(dà lì)
大力鉗	(dà lì qián)
大力神	(dà lì shén)
大力神杯	(dà lì shén bēi)
大力士	(dà lì shì)
大力水手	(dà lì shuǐ shǒu)
大利拉	(dà lì lā)
大荔縣	(dà lì xiàn)
大麗花	(dà lì huā)
大連理工大學	(dà lián lǐ gōng dà xué)
大連市	(dà lián shì)
大連外國語大學	(dà lián wài guó yǔ dà xué)
大梁	(dà liáng)
大量	(dà liàng)
大量生產	(dà liàng shēng chǎn)
大料	(dà liào)
大列巴	(dà liè bā)
大林	(dà lín)
大林鎮	(dà lín zhèn)
大鱗大麻哈魚	(dà lín dá má hǎ yú)
大菱鮃	(dà líng píng)
大齡	(dà líng)
大流行	(dà liú xíng)
大樓	(dà lóu)
大陸	(dà lù)
大陸架	(dà lù jià)
大陸客	(dà lù kè)
大陸塊	(dà lù kuài)
大陸妹	(dà lù mèi)
大陸漂移	(dà lù piāo yí)
大陸坡	(dà lù pō)
大陸性	(dà lù xìng)
大陸性氣候	(dà lù xìng qì hòu)
大鹿	(dà lù)
大路	(dà lù)
大路貨	(dà lù huò)
大倫敦地區	(dà lún dūn dì qū)
大綠雀鵯	(dà lǜ què bēi)
大略	(dà lüè)
大媽	(dà mā)
大麻	(dà má)
大麻二酚	(dà má èr fēn)
大麻里	(dà má lǐ)
大麻里鄉	(dà má lǐ xiāng)
大麻鳽	(dà má yán)
大馬	(dà mǎ)
大馬哈魚	(dà mǎ hǎ yú)
大馬士革	(dà mǎ shì gé)
大馬士革李	(dà mǎ shì gé lǐ)
大碼	(dà mǎ)
大罵	(dà mà)
大麥	(dà mài)
大麥地	(dà mài dì)
大麥町	(dà mài tǐng)
大麥克	(dà mài kè)
大賣場	(dà mài chǎng)
大滿貫	(dà mǎn guàn)
大忙人	(dà máng rén)
大湄公河次區域	(dà méi gōng hé cì qū yù)
大媒	(dà méi)
大美人	(dà měi rén)
大門	(dà mén)
大米	(dà mǐ)
大秘	(dà mì)
大面積	(dà miàn jī)
大滅絕	(dà miè jué)
大名	(dà míng)
大名鼎鼎	(dà míng dǐng dǐng)
大名縣	(dà míng xiàn)
大明湖	(dà míng hú)
大明蝦	(dà míng xiā)
大鳴大放	(dà míng dà fàng)
大模大樣	(dà mú dà yàng)
大漠	(dà mò)
大拇哥	(dà mǔ gē)
大拇指	(dà mu zhǐ)
大墓地	(dà mù dì)
大拿	(dà ná)
大男人	(dà nán rén)
大男人主義	(dà nán rén zhǔ yì)
大男子主義	(dà nán zǐ zhǔ yì)
大男子主義者	(dà nán zǐ zhǔ yì zhě)
大難	(dà nàn)
大難不死	(dà nàn bù sǐ)
大難不死，必有後福	(dà nàn bù sǐ , bì yǒu hòu fú)
大難臨頭	(dà nàn lín tóu)
大腦	(dà nǎo)
大腦死亡	(dà nǎo sǐ wáng)
大鬧	(dà nào)
大鬧天宮	(dà nào tiān gōng)
大內	(dà nèi)
大能	(dà néng)
大鯢	(dà ní)
大擬啄木鳥	(dà nǐ zhuó mù niǎo)
大逆不道	(dà nì bù dào)
大年初一	(dà nián chū yī)
大年三十	(dà nián sān shí)
大娘	(dà niáng)
大寧縣	(dà níng xiàn)
大牛	(dà niú)
大農場	(dà nóng chǎng)
大怒	(dà nù)
大排長龍	(dà pái cháng lóng)
大排檔	(dà pái dàng)
大牌	(dà pái)
大牌檔	(dà pái dàng)
大盤雞	(dà pán jī)
大盤尾	(dà pán wěi)
大盤子	(dà pán zi)
大炮打蚊子	(dà pào dǎ wén zi)
大砲	(dà pào)
大陪審團	(dà péi shěn tuán)
大棚	(dà péng)
大篷車	(dà péng chē)
大鵬	(dà péng)
大鵬鳥	(dà péng niǎo)
大鵬新區	(dà péng xīn qū)
大批	(dà pī)
大批特批	(dà pī tè pī)
大埤	(dà pí)
大埤鄉	(dà pí xiāng)
大辟	(dà pì)
大片	(dà piàn)
大破大立	(dà pò dà lì)
大埔	(dà bù)
大埔縣	(dà bù xiàn)
大埔鄉	(dà pǔ xiāng)
大浦洞	(dà pǔ dòng)
大旗	(dà qí)
大起大落	(dà qǐ dà luò)
大氣	(dà qì)
大氣層	(dà qì céng)
大氣層核試驗	(dà qì céng hé shì yàn)
大氣兒	(dà qì r)
大氣候	(dà qì hòu)
大氣環流	(dà qì huán liú)
大氣暖化	(dà qì nuǎn huà)
大氣圈	(dà qì quān)
大氣污染	(dà qì wū rǎn)
大氣壓	(dà qì yā)
大氣壓力	(dà qì yā lì)
大氣壓強	(dà qì yā qiáng)
大器	(dà qì)
大器晚成	(dà qì wǎn chéng)
大千世界	(dà qiān shì jiè)
大前年	(dà qián nián)
大前提	(dà qián tí)
大前天	(dà qián tiān)
大錢	(dà qián)
大淺盤	(dà qiǎn pán)
大橋	(dà qiáo)
大秦	(dà qín)
大青山	(dà qīng shān)
大清	(dà qīng)
大清帝國	(dà qīng dì guó)
大清早	(dà qīng zǎo)
大箐山縣	(dà qìng shān xiàn)
大慶市	(dà qìng shì)
大邱	(dà qiū)
大邱廣域市	(dà qiū guǎng yù shì)
大邱市	(dà qiū shì)
大球	(dà qiú)
大全	(dà quán)
大權	(dà quán)
大權在握	(dà quán zài wò)
大犬座	(dà quǎn zuò)
大染缸	(dà rǎn gāng)
大熱	(dà rè)
大熱天	(dà rè tiān)
大人	(dà ren)
大人不記小人過	(dà rén bù jì xiǎo rén guò)
大日如來	(dà rì rú lái)
大容量	(dà róng liàng)
大熔爐	(dà róng lú)
大融爐	(dà róng lú)
大蠑螈	(dà róng yuán)
大肉	(dà ròu)
大阮	(dà ruǎn)
大潤發	(dà rùn fā)
大賽	(dà sài)
大三	(dà sān)
大三度	(dà sān dù)
大三和弦	(dà sān hé xián)
大嗓	(dà sǎng)
大嫂	(dà sǎo)
大沙河	(dà shā hé)
大沙錐	(dà shā zhuī)
大殺風景	(dà shā fēng jǐng)
大廈	(dà shà)
大廈將傾	(dà shà jiāng qīng)
大山	(dà shān)
大山貓	(dà shān māo)
大山雀	(dà shān què)
大傷元氣	(dà shāng yuán qì)
大舌頭	(dà shé tou)
大蛇丸	(dà shé wán)
大赦	(dà shè)
大赦國際	(dà shè guó jì)
大神	(dà shén)
大生	(dà shēng)
大聲	(dà shēng)
大聲疾呼	(dà shēng jí hū)
大勝	(dà shèng)
大聖	(dà shèng)
大失所望	(dà shī suǒ wàng)
大師	(dà shī)
大石鴴	(dà shí héng)
大石雞	(dà shí jī)
大石橋市	(dà shí qiáo shì)
大使	(dà shǐ)
大使館	(dà shǐ guǎn)
大使級	(dà shǐ jí)
大事	(dà shì)
大事化小，小事化了	(dà shì huà xiǎo , xiǎo shì huà liǎo)
大勢	(dà shì)
大勢所趨	(dà shì suǒ qū)
大勢至菩薩	(dà shì zhì pú sà)
大手大腳	(dà shǒu dà jiǎo)
大叔	(dà shū)
大鼠	(dà shǔ)
大數	(dà shù)
大數據	(dà shù jù)
大樹菠蘿	(dà shù bō luó)
大樹底下好乘涼	(dà shù dǐ xià hǎo chéng liáng)
大樹鶯	(dà shù yīng)
大帥	(dà shuài)
大水	(dà shuǐ)
大水沖了龍王廟	(dà shuǐ chōng le lóng wáng miào)
大司農	(dà sī nóng)
大四	(dà sì)
大寺院	(dà sì yuàn)
大肆	(dà sì)
大肆攻擊	(dà sì gōng jī)
大肆鼓吹	(dà sì gǔ chuī)
大蒜	(dà suàn)
大踏步	(dà tà bù)
大談	(dà tán)
大談特談	(dà tán tè tán)
大唐	(dà táng)
大唐芙蓉園	(dà táng fú róng yuán)
大堂	(dà táng)
大逃港	(dà táo gǎng)
大提琴	(dà tí qín)
大提琴手	(dà tí qín shǒu)
大題小作	(dà tí xiǎo zuò)
大體	(dà tǐ)
大體解剖學	(dà tǐ jiě pōu xué)
大體老師	(dà tǐ lǎo shī)
大體上	(dà tǐ shàng)
大天鵝	(dà tiān é)
大田廣域市	(dà tián guǎng yù shì)
大田市	(dà tián shì)
大田縣	(dà tián xiàn)
大條	(dà tiáo)
大廳	(dà tīng)
大庭廣眾	(dà tíng guǎng zhòng)
大通回族土族自治縣	(dà tōng huí zú tǔ zú zì zhì xiàn)
大通區	(dà tōng qū)
大同	(dà tóng)
大同區	(dà tóng qū)
大同市	(dà tóng shì)
大同鄉	(dà tóng xiāng)
大同小異	(dà tóng xiǎo yì)
大桶	(dà tǒng)
大頭	(dà tóu)
大頭兵	(dà tóu bīng)
大頭釘	(dà tóu dīng)
大頭目	(dà tóu mù)
大頭貼	(dà tóu tiē)
大頭照	(dà tóu zhào)
大屠殺	(dà tú shā)
大腿	(dà tuǐ)
大腿襪	(dà tuǐ wà)
大吞噬細胞	(dà tūn shì xì bāo)
大屯火山群	(dà tún huǒ shān qún)
大窪區	(dà wā qū)
大外	(dà wài)
大外宣	(dà wài xuān)
大宛	(dà yuān)
大晚上	(dà wǎn shang)
大腕	(dà wàn)
大腕兒	(dà wàn r)
大王	(dà wáng)
大為	(dà wéi)
大尾巴狼	(dà yǐ ba láng)
大偉	(dà wěi)
大葦鶯	(dà wěi yīng)
大胃王	(dà wèi wáng)
大尉	(dà wèi)
大衛	(dà wèi)
大衛·艾登堡	(dà wèi ài dēng bǎo)
大衛·米利班德	(dà wèi · mǐ lì bān dé)
大汶口文化	(dà wèn kǒu wén huà)
大我	(dà wǒ)
大烏蘇里島	(dà wū sū lǐ dǎo)
大烏鴉	(dà wū yā)
大無畏	(dà wú wèi)
大五趾跳鼠	(dà wǔ zhǐ tiào shǔ)
大武	(dà wǔ)
大武口區	(dà wǔ kǒu qū)
大武鄉	(dà wǔ xiāng)
大悟縣	(dà wù xiàn)
大霧	(dà wù)
大西	(dà xī)
大西庇阿	(dà xī bì ā)
大西國	(dà xī guó)
大西洋	(dà xī yáng)
大西洋國	(dà xī yáng guó)
大西洋洋中脊	(dà xī yáng yáng zhōng jǐ)
大西洋中脊	(dà xī yáng zhōng jǐ)
大溪地	(dà xī dì)
大溪豆乾	(dà xī dòu gān)
大喜	(dà xǐ)
大喜過望	(dà xǐ guò wàng)
大系	(dà xì)
大戲	(dà xì)
大蝦	(dà xiā)
大俠	(dà xiá)
大峽谷	(dà xiá gǔ)
大夏	(dà xià)
大仙	(dà xiān)
大仙鶲	(dà xiān wēng)
大先知書	(dà xiān zhī shū)
大顯身手	(dà xiǎn shēn shǒu)
大顯神通	(dà xiǎn shén tōng)
大限	(dà xiàn)
大限到來	(dà xiàn dào lái)
大限臨頭	(dà xiàn lín tóu)
大憲章	(dà xiàn zhāng)
大相徑庭	(dà xiāng jìng tíng)
大祥區	(dà xiáng qū)
大象	(dà xiàng)
大項	(dà xiàng)
大蕭條	(dà xiāo tiáo)
大小	(dà xiǎo)
大小便	(dà xiǎo biàn)
大小姐	(dà xiǎo jie)
大小三度	(dà xiǎo sān dù)
大小聲	(dà xiǎo shēng)
大小寫	(dà xiǎo xiě)
大小眼	(dà xiǎo yǎn)
大校	(dà xiào)
大笑	(dà xiào)
大寫	(dà xiě)
大寫鎖定	(dà xiě suǒ dìng)
大寫字母	(dà xiě zì mǔ)
大心	(dà xīn)
大新縣	(dà xīn xiàn)
大星芹	(dà xīng qín)
大猩猩	(dà xīng xing)
大行其道	(dà xíng qí dào)
大型	(dà xíng)
大型空爆炸彈	(dà xíng kōng bào zhà dàn)
大型強子對撞機	(dà xíng qiáng zǐ duì zhuàng jī)
大興	(dà xīng)
大興安嶺地區	(dà xīng ān lǐng dì qū)
大興安嶺山脈	(dà xīng ān lǐng shān mài)
大興機場	(dà xīng jī chǎng)
大興區	(dà xīng qū)
大興土木	(dà xīng tǔ mù)
大興問罪之師	(dà xīng wèn zuì zhī shī)
大雄	(dà xióng)
大雄寶殿	(dà xióng bǎo diàn)
大熊貓	(dà xióng māo)
大熊座	(dà xióng zuò)
大修	(dà xiū)
大修道院	(dà xiū dào yuàn)
大修道院長	(dà xiū dào yuàn zhǎng)
大選	(dà xuǎn)
大學	(dà xué)
大學本科	(dà xué běn kē)
大學部	(dà xué bù)
大學城	(dà xué chéng)
大學入學指定科目考試	(dà xué rù xué zhǐ dìng kē mù kǎo shì)
大學生	(dà xué shēng)
大學學科能力測驗	(dà xué xué kē néng lì cè yàn)
大學預科	(dà xué yù kē)
大雅	(dà yǎ)
大亞灣	(dà yà wān)
大煙	(dà yān)
大言	(dà yán)
大言不慚	(dà yán bù cán)
大眼瞪小眼	(dà yǎn dèng xiǎo yǎn)
大眼角	(dà yǎn jiǎo)
大雁	(dà yàn)
大雁塔	(dà yàn tǎ)
大羊駝	(dà yáng tuó)
大洋	(dà yáng)
大洋龍	(dà yáng lóng)
大洋型地殼	(dà yáng xíng dì qiào)
大洋中脊	(dà yáng zhōng jǐ)
大洋洲	(dà yáng zhōu)
大氧吧	(dà yǎng bā)
大樣	(dà yàng)
大姚縣	(dà yáo xiàn)
大搖大擺	(dà yáo dà bǎi)
大謠	(dà yáo)
大要	(dà yào)
大爺	(dà ye)
大冶市	(dà yě shì)
大野狼	(dà yě láng)
大夜	(dà yè)
大夜班	(dà yè bān)
大葉性肺炎	(dà yè xìng fèi yán)
大業	(dà yè)
大一	(dà yī)
大一統	(dà yī tǒng)
大一些	(dà yī xiē)
大衣	(dà yī)
大姨	(dà yí)
大姨媽	(dà yí mā)
大姨子	(dà yí zi)
大邑縣	(dà yì xiàn)
大意	(dà yì)
大意失荊州	(dà yi shī jīng zhōu)
大義	(dà yì)
大義凜然	(dà yì lǐn rán)
大義滅親	(dà yì miè qīn)
大印	(dà yìn)
大英	(dà yīng)
大英博物館	(dà yīng bó wù guǎn)
大英帝國	(dà yīng dì guó)
大英國協	(dà yīng guó xié)
大英聯合王國	(dà yīng lián hé wáng guó)
大英縣	(dà yīng xiàn)
大櫻桃	(dà yīng táo)
大庸	(dà yōng)
大勇若怯	(dà yǒng ruò qiè)
大勇若怯，大智若愚	(dà yǒng ruò qiè , dà zhì ruò yú)
大用	(dà yòng)
大油	(dà yóu)
大油菜	(dà yóu cài)
大有	(dà yǒu)
大有裨益	(dà yǒu bì yì)
大有可為	(dà yǒu kě wéi)
大有人在	(dà yǒu rén zài)
大有文章	(dà yǒu wén zhāng)
大有希望	(dà yǒu xī wàng)
大有學問	(dà yǒu xué wèn)
大有作為	(dà yǒu zuò wéi)
大於	(dà yú)
大魚大肉	(dà yú dà ròu)
大愚	(dà yú)
大餘縣	(dà yú xiàn)
大宇	(dà yǔ)
大雨	(dà yǔ)
大雨如注	(dà yǔ rú zhù)
大禹	(dà yǔ)
大庾嶺	(dà yǔ lǐng)
大嶼山	(dà yǔ shān)
大獄	(dà yù)
大元帥	(dà yuán shuài)
大員	(dà yuán)
大圓	(dà yuán)
大圓圈	(dà yuán quān)
大院	(dà yuàn)
大願地藏菩薩	(dà yuàn dì zàng pú sà)
大約	(dà yuē)
大月氏	(dà yuè zhī)
大月支	(dà yuè zhī)
大躍進	(dà yuè jìn)
大運	(dà yùn)
大韻	(dà yùn)
大雜燴	(dà zá huì)
大雜院	(dà zá yuàn)
大災	(dà zāi)
大灶	(dà zào)
大噪鶥	(dà zào méi)
大澤鄉起義	(dà zé xiāng qǐ yì)
大閘蟹	(dà zhá xiè)
大齋	(dà zhāi)
大齋節	(dà zhāi jié)
大齋期	(dà zhāi qī)
大寨	(dà zhài)
大戰	(dà zhàn)
大張旗鼓	(dà zhāng qí gǔ)
大張聲勢	(dà zhāng shēng shì)
大張撻伐	(dà zhāng tà fá)
大丈夫	(dà zhàng fu)
大丈夫能屈能伸	(dà zhàng fu néng qū néng shēn)
大昭寺	(dà zhāo sì)
大正	(dà zhèng)
大政方針	(dà zhèng fāng zhēn)
大隻	(dà zhī)
大指	(dà zhǐ)
大志	(dà zhì)
大致	(dà zhì)
大智慧	(dà zhì huì)
大智如愚	(dà zhì rú yú)
大智若愚	(dà zhì ruò yú)
大中華	(dà zhōng huá)
大中學生	(dà zhōng xué sheng)
大塚	(dà zhǒng)
大仲馬	(dà zhòng mǎ)
大眾	(dà zhòng)
大眾部	(dà zhòng bù)
大眾傳播	(dà zhòng chuán bō)
大眾化	(dà zhòng huà)
大眾捷運	(dà zhòng jié yùn)
大眾汽車	(dà zhòng qì chē)
大眾運輸	(dà zhòng yùn shū)
大洲	(dà zhōu)
大軸戲	(dà zhòu xì)
大朱雀	(dà zhū què)
大竹縣	(dà zhú xiàn)
大主教	(dà zhǔ jiào)
大專	(dà zhuān)
大篆	(dà zhuàn)
大轉	(dà zhuǎn)
大紫胸鸚鵡	(dà zǐ xiōng yīng wǔ)
大自然	(dà zì rán)
大字報	(dà zì bào)
大宗	(dà zōng)
大總統	(dà zǒng tǒng)
大足區	(dà zú qū)
大族	(dà zú)
大嘴巴	(dà zuǐ ba)
大嘴鳥	(dà zuǐ niǎo)
大嘴烏鴉	(dà zuǐ wū yā)
大作	(dà zuò)
呆	(dāi)
呆扳手	(dāi bān shǒu)
呆板	(dāi bǎn)
呆笨	(dāi bèn)
呆根	(dāi gēn)
呆瓜	(dāi guā)
呆會兒	(dāi huì r)
呆萌	(dāi méng)
呆若木雞	(dāi ruò mù jī)
呆傻	(dāi shǎ)
呆頭呆腦	(dāi tóu dāi nǎo)
呆站	(dāi zhàn)
呆帳	(dāi zhàng)
呆賬	(dāi zhàng)
呆滯	(dāi zhì)
呆住	(dāi zhù)
呆子	(dāi zi)
呔	(tǎi)
歹	(dǎi)
歹毒	(dǎi dú)
歹命	(dǎi mìng)
歹人	(dǎi rén)
歹勢	(dǎi shì)
歹徒	(dǎi tú)
歹意	(dǎi yì)
傣	(dǎi)
傣族	(dǎi zú)
代	(dài)
代班	(dài bān)
代辦	(dài bàn)
代筆	(dài bǐ)
代幣	(dài bì)
代表	(dài biǎo)
代表處	(dài biǎo chù)
代表隊	(dài biǎo duì)
代表人物	(dài biǎo rén wù)
代表團	(dài biǎo tuán)
代表性	(dài biǎo xìng)
代表作	(dài biǎo zuò)
代步	(dài bù)
代步車	(dài bù chē)
代餐	(dài cān)
代償	(dài cháng)
代稱	(dài chēng)
代詞	(dài cí)
代代	(dài dài)
代代相傳	(dài dài xiāng chuán)
代禱	(dài dǎo)
代頓	(dài dùn)
代爾夫特	(dài ěr fū tè)
代工	(dài gōng)
代溝	(dài gōu)
代購	(dài gòu)
代管	(dài guǎn)
代號	(dài hào)
代換	(dài huàn)
代際	(dài jì)
代價	(dài jià)
代駕	(dài jià)
代金券	(dài jīn quàn)
代考	(dài kǎo)
代可可脂	(dài kě kě zhī)
代客泊車	(dài kè bó chē)
代課	(dài kè)
代扣	(dài kòu)
代勞	(dài láo)
代理	(dài lǐ)
代理人	(dài lǐ rén)
代理商	(dài lǐ shāng)
代理孕母	(dài lǐ yùn mǔ)
代利斯	(dài lì sī)
代碼	(dài mǎ)
代碼段	(dài mǎ duàn)
代碼頁	(dài mǎ yè)
代名詞	(dài míng cí)
代母	(dài mǔ)
代拿買特	(dài ná mǎi tè)
代人受過	(dài rén shòu guò)
代入	(dài rù)
代收	(dài shōu)
代收貨款	(dài shōu huò kuǎn)
代書	(dài shū)
代數	(dài shù)
代數簇	(dài shù cù)
代數方程	(dài shù fāng chéng)
代數函數	(dài shù hán shù)
代數函數論	(dài shù hán shù lùn)
代數和	(dài shù hé)
代數幾何	(dài shù jǐ hé)
代數幾何學	(dài shù jǐ hé xué)
代數結構	(dài shù jié gòu)
代數量	(dài shù liàng)
代數曲面	(dài shù qū miàn)
代數曲線	(dài shù qū xiàn)
代數群	(dài shù qún)
代數式	(dài shù shì)
代數數域	(dài shù shù yù)
代數拓撲	(dài shù tuò pū)
代數學	(dài shù xué)
代糖	(dài táng)
代替	(dài tì)
代替父母	(dài tì fù mǔ)
代替者	(dài tì zhě)
代填	(dài tián)
代為	(dài wéi)
代縣	(dài xiàn)
代銷	(dài xiāo)
代銷店	(dài xiāo diàn)
代寫	(dài xiě)
代謝	(dài xiè)
代行	(dài xíng)
代言	(dài yán)
代言人	(dài yán rén)
代孕	(dài yùn)
代孕母親	(dài yùn mǔ qīn)
代之以	(dài zhī yǐ)
代指	(dài zhǐ)
代誌	(dài zhì)
代字	(dài zì)
代字號	(dài zì hào)
代宗	(dài zōng)
代罪	(dài zuì)
代罪羔羊	(dài zuì gāo yáng)
侢	(dài)
垈	(dài)
岱	(dài)
岱廟	(dài miào)
岱山縣	(dài shān xiàn)
岱嶽區	(dài yuè qū)
岱宗	(dài zōng)
殆	(dài)
殆盡	(dài jìn)
待	(dài)
待辦	(dài bàn)
待辦事項列表	(dài bàn shì xiàng liè biǎo)
待斃	(dài bì)
待產	(dài chǎn)
待定	(dài dìng)
待復	(dài fù)
待崗	(dài gǎng)
待會	(dāi hui)
待會兒	(dāi huì r)
待機	(dài jī)
待價而沽	(dài jià ér gū)
待見	(dài jian)
待解	(dài jiě)
待考	(dài kǎo)
待命	(dài mìng)
待人	(dài rén)
待人接物	(dài rén jiē wù)
待宵草	(dài xiāo cǎo)
待續	(dài xù)
待要	(dài yào)
待業	(dài yè)
待乙妥	(dài yǐ tuǒ)
待用餐	(dài yòng cān)
待遇	(dài yù)
待詔	(dài zhào)
待字	(dài zì)
怠	(dài)
怠惰	(dài duò)
怠工	(dài gōng)
怠忽	(dài hū)
怠慢	(dài màn)
怠速	(dài sù)
埭	(dài)
帶	(dài)
帶兵	(dài bīng)
帶病	(dài bìng)
帶刺	(dài cì)
帶大	(dài dà)
帶電	(dài diàn)
帶電粒子	(dài diàn lì zǐ)
帶調	(dài diào)
帶動	(dài dòng)
帶隊	(dài duì)
帶兒	(dài r)
帶分數	(dài fēn shù)
帶感	(dài gǎn)
帶給	(dài gěi)
帶過	(dài guò)
帶孩子	(dài hái zi)
帶紅色	(dài hóng sè)
帶壞	(dài huài)
帶回	(dài huí)
帶貨	(dài huò)
帶勁	(dài jìn)
帶菌者	(dài jūn zhě)
帶釦	(dài kòu)
帶寬	(dài kuān)
帶來	(dài lái)
帶累	(dài lěi)
帶領	(dài lǐng)
帶路	(dài lù)
帶路人	(dài lù rén)
帶露	(dài lù)
帶霉	(dài méi)
帶牛佩犢	(dài niú pèi dú)
帶氣	(dài qì)
帶去	(dài qu)
帶賽	(dài sài)
帶上	(dài shàng)
帶上門	(dài shàng mén)
帶頭	(dài tóu)
帶頭人	(dài tóu rén)
帶娃	(dài wá)
帶歪	(dài wāi)
帶孝	(dài xiào)
帶薪	(dài xīn)
帶薪休假	(dài xīn xiū jià)
帶有	(dài yǒu)
帶魚	(dài yú)
帶原者	(dài yuán zhě)
帶種	(dài zhǒng)
帶狀電纜	(dài zhuàng diàn lǎn)
帶狀皰疹	(dài zhuàng pào zhěn)
帶子	(dài zi)
帶走	(dài zǒu)
戴	(dài)
戴安娜	(dài ān nà)
戴安娜王妃	(dài ān nà wáng fēi)
戴奧辛	(dài ào xīn)
戴錶	(dài biǎo)
戴秉國	(dài bǐng guó)
戴爾	(dài ěr)
戴高帽子	(dài gāo mào zi)
戴菊	(dài jú)
戴菊鳥	(dài jú niǎo)
戴克里先	(dài kè lǐ xiān)
戴綠帽子	(dài lǜ mào zi)
戴帽子	(dài mào zi)
戴名世	(dài míng shì)
戴盆望天	(dài pén wàng tiān)
戴上	(dài shang)
戴勝	(dài shèng)
戴套	(dài tào)
戴維	(dài wéi)
戴維斯	(dài wéi sī)
戴維斯杯	(dài wéi sī bēi)
戴維營	(dài wéi yíng)
戴孝	(dài xiào)
亻	(rén)
卩	(jié)
丹	(dān)
丹巴縣	(dān bā xiàn)
丹布朗	(dān bù lǎng)
丹彩	(dān cǎi)
丹參	(dān shēn)
丹頂鶴	(dān dǐng hè)
丹東市	(dān dōng shì)
丹毒	(dān dú)
丹方	(dān fāng)
丹鳳	(dān fèng)
丹鳳縣	(dān fèng xiàn)
丹鳳眼	(dān fèng yǎn)
丹佛	(dān fó)
丹桂	(dān guì)
丹江口市	(dān jiāng kǒu shì)
丹稜縣	(dān líng xiàn)
丹麥	(dān mài)
丹麥包	(dān mài bāo)
丹尼	(dān ní)
丹尼爾	(dān ní ěr)
丹尼斯	(dān ní sī)
丹尼索瓦人	(dān ní suǒ wǎ rén)
丹寧	(dān níng)
丹皮	(dān pí)
丹魄	(dān pò)
丹青	(dān qīng)
丹沙	(dān shā)
丹砂	(dān shā)
丹田	(dān tián)
丹徒區	(dān tú qū)
丹霞	(dān xiá)
丹霞地貌	(dān xiá dì mào)
丹霞山	(dān xiá shān)
丹心	(dān xīn)
丹陽市	(dān yáng shì)
丹藥	(dān yào)
丹寨縣	(dān zhài xiàn)
丹衷	(dān zhōng)
妉	(dān)
單	(dān)
單擺	(dān bǎi)
單班課	(dān bān kè)
單板滑雪	(dān bǎn huá xuě)
單板機	(dān bǎn jī)
單瓣	(dān bàn)
單胞藻	(dān bāo zǎo)
單薄	(dān bó)
單倍體	(dān bèi tǐ)
單邊	(dān biān)
單邊主義	(dān biān zhǔ yì)
單兵	(dān bīng)
單側	(dān cè)
單層	(dān céng)
單層塔	(dān céng tǎ)
單產	(dān chǎn)
單車	(dān chē)
單車族	(dān chē zú)
單程	(dān chéng)
單傳	(dān chuán)
單純	(dān chún)
單純詞	(dān chún cí)
單純皰疹	(dān chún pào zhěn)
單純皰疹病毒	(dān chún pào zhěn bìng dú)
單詞	(dān cí)
單叢	(dān cóng)
單打	(dān dǎ)
單打獨鬥	(dān dǎ dú dòu)
單單	(dān dān)
單刀赴會	(dān dāo fù huì)
單刀直入	(dān dāo zhí rù)
單點	(dān diǎn)
單點登錄	(dān diǎn dēng lù)
單點故障	(dān diǎn gù zhàng)
單調	(dān diào)
單調乏味	(dān diào fá wèi)
單獨	(dān dú)
單端	(dān duān)
單反相機	(dān fǎn xiàng jī)
單方	(dān fāng)
單方過失碰撞	(dān fāng guò shī pèng zhuàng)
單方面	(dān fāng miàn)
單方向	(dān fāng xiàng)
單方宣告	(dān fāng xuān gào)
單方製劑	(dān fāng zhì jì)
單房差	(dān fáng chā)
單放機	(dān fàng jī)
單非	(dān fēi)
單飛	(dān fēi)
單峰駝	(dān fēng tuó)
單幹	(dān gàn)
單槓	(dān gàng)
單個	(dān ge)
單個兒	(dān gè r)
單鉻	(dān gè)
單根獨苗	(dān gēn dú miáo)
單軌	(dān guǐ)
單過	(dān guò)
單號	(dān hào)
單核細胞	(dān hé xì bāo)
單核細胞增多症	(dān hé xì bāo zēng duō zhèng)
單簧管	(dān huáng guǎn)
單擊	(dān jī)
單極	(dān jí)
單價	(dān jià)
單肩包	(dān jiān bāo)
單間差	(dān jiān chā)
單鍵	(dān jiàn)
單腳滑行車	(dān jiǎo huá xíng chē)
單腳跳	(dān jiǎo tiào)
單晶	(dān jīng)
單鏡反光相機	(dān jìng fǎn guāng xiàng jī)
單句	(dān jù)
單據	(dān jù)
單抗	(dān kàng)
單克隆抗體	(dān kè lóng kàng tǐ)
單口相聲	(dān kǒu xiàng shēng)
單褲	(dān kù)
單連接站	(dān lián jiē zhàn)
單鏈	(dān liàn)
單戀	(dān liàn)
單另	(dān lìng)
單輪車	(dān lún chē)
單盲	(dān máng)
單模	(dān mó)
單模光纖	(dān mó guāng xiān)
單寧	(dān níng)
單寧酸	(dān níng suān)
單片機	(dān piàn jī)
單品	(dān pǐn)
單槍匹馬	(dān qiāng pǐ mǎ)
單親	(dān qīn)
單親家庭	(dān qīn jiā tíng)
單曲	(dān qǔ)
單人	(dān rén)
單人床	(dān rén chuáng)
單人間	(dān rén jiān)
單人匹馬	(dān rén pǐ mǎ)
單人沙發	(dān rén shā fā)
單日	(dān rì)
單色	(dān sè)
單色畫	(dān sè huà)
單色照片	(dān sè zhào piàn)
單射	(dān shè)
單身	(dān shēn)
單身狗	(dān shēn gǒu)
單身貴族	(dān shēn guì zú)
單身漢	(dān shēn hàn)
單身汪	(dān shēn wāng)
單手	(dān shǒu)
單數	(dān shù)
單絲不成線，獨木不成林	(dān sī bù chéng xiàn , dú mù bù chéng lín)
單速車	(dān sù chē)
單糖	(dān táng)
單趟	(dān tàng)
單套	(dān tào)
單體	(dān tǐ)
單挑	(dān tiǎo)
單團	(dān tuán)
單位	(dān wèi)
單位犯罪	(dān wèi fàn zuì)
單位根	(dān wèi gēn)
單位切向量	(dān wèi qiē xiàng liàng)
單位向量	(dān wèi xiàng liàng)
單位信托	(dān wèi xìn tuō)
單位元	(dān wèi yuán)
單味藥	(dān wèi yào)
單穩	(dān wěn)
單細胞	(dān xì bāo)
單細胞生物	(dān xì bāo shēng wù)
單縣	(shàn xiàn)
單相	(dān xiàng)
單相思	(dān xiāng sī)
單向	(dān xiàng)
單向電流	(dān xiàng diàn liú)
單項	(dān xiàng)
單鞋	(dān xié)
單行	(dān xíng)
單行本	(dān xíng běn)
單行道	(dān xíng dào)
單行線	(dān xíng xiàn)
單姓	(dān xìng)
單眼	(dān yǎn)
單眼皮	(dān yǎn pí)
單眼相機	(dān yǎn xiàng jī)
單葉雙曲面	(dān yè shuāng qū miàn)
單一	(dān yī)
單一登入	(dān yī dēng rù)
單一貨幣	(dān yī huò bì)
單一碼	(dān yī mǎ)
單衣	(dān yī)
單意	(dān yì)
單翼飛機	(dān yì fēi jī)
單音詞	(dān yīn cí)
單音節	(dān yīn jié)
單引號	(dān yǐn hào)
單用	(dān yòng)
單于	(chán yú)
單語	(dān yǔ)
單元	(dān yuán)
單元房	(dān yuán fáng)
單元格	(dān yuán gé)
單源論	(dān yuán lùn)
單院制	(dān yuàn zhì)
單月	(dān yuè)
單韻母	(dān yùn mǔ)
單張	(dān zhāng)
單張匯票	(dān zhāng huì piào)
單證	(dān zhèng)
單質	(dān zhì)
單子	(dān zǐ)
單子葉	(dān zǐ yè)
單字	(dān zì)
㐤	(qiú)
媅	(dān)
儋	(dān)
儋縣	(dān xiàn)
儋州市	(dān zhōu shì)
勯	(dān)
殫	(dān)
殫殘	(dān cán)
殫竭	(dān jié)
殫精極慮	(dān jīng jí lǜ)
殫精竭慮	(dān jīng jié lǜ)
殫力	(dān lì)
殫悶	(dān mèn)
殫心	(dān xīn)
亶	(dǎn)
撣	(dǎn)
撣邦	(shàn bāng)
撣邦高原	(shàn bāng gāo yuán)
撣子	(dǎn zi)
擔	(dàn)
擔保	(dān bǎo)
擔承	(dān chéng)
擔待	(dān dài)
擔擔麵	(dàn dàn miàn)
擔當	(dān dāng)
擔負	(dān fù)
擔綱	(dān gāng)
擔擱	(dān ge)
擔荷	(dān hè)
擔架	(dān jià)
擔架兵	(dān jià bīng)
擔架床	(dān jià chuáng)
擔架抬	(dān jià tái)
擔驚受怕	(dān jīng shòu pà)
擔任	(dān rèn)
擔誤	(dān wu)
擔心	(dān xīn)
擔憂	(dān yōu)
擔懮	(dān yōu)
擔仔麵	(dàn zǎi miàn)
擔子	(dàn zi)
旦	(dàn)
旦角	(dàn jué)
但	(dàn)
但丁	(dàn dīng)
但凡	(dàn fán)
但尼生	(dàn ní shēng)
但是	(dàn shì)
但書	(dàn shū)
但說無妨	(dàn shuō wú fáng)
但以理書	(dàn yǐ lǐ shū)
但願	(dàn yuàn)
但願如此	(dàn yuàn rú cǐ)
柦	(dàn)
啗	(dàn)
啖	(dàn)
噉	(dàn)
僤	(dàn)
憚	(dàn)
彈	(tán)
彈撥	(tán bō)
彈撥樂	(tán bō yuè)
彈撥樂器	(tán bō yuè qì)
彈唱	(tán chàng)
彈斥	(tán chì)
彈出	(tán chū)
彈窗	(tán chuāng)
彈詞	(tán cí)
彈道	(dàn dào)
彈道導彈	(dàn dào dǎo dàn)
彈弓	(dàn gōng)
彈冠相慶	(tán guān xiāng qìng)
彈劾	(tán hé)
彈痕	(dàn hén)
彈痕累累	(dàn hén lěi lěi)
彈花	(tán huā)
彈簧	(tán huáng)
彈簧秤	(tán huáng chèng)
彈簧刀	(tán huáng dāo)
彈簧墊圈	(tán huáng diàn quān)
彈簧門	(tán huáng mén)
彈簧鎖	(tán huáng suǒ)
彈回	(tán huí)
彈夾	(dàn jiā)
彈盡糧絕	(dàn jìn liáng jué)
彈盡援絕	(dàn jìn yuán jué)
彈糾	(tán jiū)
彈坑	(dàn kēng)
彈孔	(dàn kǒng)
彈力	(tán lì)
彈幕	(dàn mù)
彈片	(dàn piàn)
彈殼	(dàn ké)
彈琴	(tán qín)
彈球	(tán qiú)
彈球盤	(tán qiú pán)
彈舌	(tán shé)
彈射	(tán shè)
彈射座艙	(tán shè zuò cāng)
彈射座椅	(tán shè zuò yǐ)
彈跳	(tán tiào)
彈跳板	(tán tiào bǎn)
彈頭	(dàn tóu)
彈塗魚	(tán tú yú)
彈丸	(dàn wán)
彈丸之地	(dàn wán zhī dì)
彈匣	(dàn xiá)
彈性	(tán xìng)
彈性模量	(tán xìng mó liàng)
彈性形變	(tán xìng xíng biàn)
彈壓	(tán yā)
彈牙	(tán yá)
彈藥	(dàn yào)
彈藥補給站	(dàn yào bǔ jǐ zhàn)
彈藥庫	(dàn yào kù)
彈雨	(dàn yǔ)
彈指	(tán zhǐ)
彈指一揮間	(tán zhǐ yī huī jiān)
彈指之間	(tán zhǐ zhī jiān)
彈珠	(dàn zhū)
彈珠機	(dàn zhū jī)
彈珠檯	(dàn zhū tái)
彈子	(dàn zi)
彈子鎖	(dàn zi suǒ)
彈奏	(tán zòu)
憺	(dàn)
噹	(dāng)
噹噹	(dāng dāng)
噹噹車	(dāng dāng chē)
噹啷	(dāng lāng)
擋	(dǎng)
擋拆	(dǎng chāi)
擋風玻璃	(dǎng fēng bō li)
擋風牆	(dǎng fēng qiáng)
擋駕	(dǎng jià)
擋箭牌	(dǎng jiàn pái)
擋郎	(dǎng láng)
擋瑯	(dǎng láng)
擋鋃	(dǎng láng)
擋路	(dǎng lù)
擋泥板	(dǎng ní bǎn)
擋位	(dǎng wèi)
擋雨	(dǎng yǔ)
擋住	(dǎng zhù)
檔	(dàng)
檔案	(dàng àn)
檔案傳輸協定	(dàng àn chuán shū xié dìng)
檔案袋	(dàng àn dài)
檔案館	(dàng àn guǎn)
檔案盒	(dàng àn hé)
檔案夾	(dàng àn jiā)
檔案總管	(dàng àn zǒng guǎn)
檔次	(dàng cì)
檔口	(dàng kǒu)
檔期	(dàng qī)
檔子	(dàng zi)
攩	(dǎng)
凼	(dàng)
凼肥	(dàng féi)
凼子	(dàng zi)
宕	(dàng)
宕昌縣	(tàn chāng xiàn)
宕機	(dàng jī)
愓	(dàng)
儅	(dāng)
壋	(dàng)
刀	(dāo)
刀疤	(dāo bā)
刀背	(dāo bèi)
刀筆	(dāo bǐ)
刀不磨要生鏽，人不學要落後	(dāo bù mó yào shēng xiù , rén bù xué yào luò hòu)
刀叉	(dāo chā)
刀鋒	(dāo fēng)
刀斧手	(dāo fǔ shǒu)
刀耕火種	(dāo gēng huǒ zhòng)
刀工	(dāo gōng)
刀光劍影	(dāo guāng jiàn yǐng)
刀光血影	(dāo guāng xuè yǐng)
刀劍	(dāo jiàn)
刀具	(dāo jù)
刀鋸鼎鑊	(dāo jù dǐng huò)
刀鋸斧鉞	(dāo jù fǔ yuè)
刀客	(dāo kè)
刀口	(dāo kǒu)
刀庫	(dāo kù)
刀郎	(dāo láng)
刀螂	(dāo lang)
刀類	(dāo lèi)
刀馬旦	(dāo mǎ dàn)
刀片	(dāo piàn)
刀片刺網	(dāo piàn cì wǎng)
刀片鐵絲網	(dāo piàn tiě sī wǎng)
刀槍	(dāo qiāng)
刀槍不入	(dāo qiāng bù rù)
刀槍劍戟	(dāo qiāng jiàn jǐ)
刀鞘	(dāo qiào)
刀刃	(dāo rèn)
刀山火海	(dāo shān huǒ hǎi)
刀身	(dāo shēn)
刀塔	(dāo tǎ)
刀削麵	(dāo xiāo miàn)
刀葉	(dāo yè)
刀魚	(dāo yú)
刀樂	(dāo lè)
刀子	(dāo zi)
刀子嘴，豆腐心	(dāo zi zuǐ , dòu fu xīn)
刀子嘴巴，豆腐心	(dāo zi zuǐ ba , dòu fu xīn)
刀俎	(dāo zǔ)
叨	(tāo)
叨叨	(dāo dao)
叨嘮	(dāo lao)
叨擾	(tāo rǎo)
忉	(dāo)
捯	(dáo)
捯飭	(dáo chi)
島	(dǎo)
島鶇	(dǎo dōng)
島蓋部	(dǎo gài bù)
島國	(dǎo guó)
島國動作片	(dǎo guó dòng zuò piàn)
島弧	(dǎo hú)
島鏈	(dǎo liàn)
島民	(dǎo mín)
島嶼	(dǎo yǔ)
搗	(dǎo)
搗蛋	(dǎo dàn)
搗蛋鬼	(dǎo dàn guǐ)
搗鼓	(dǎo gu)
搗鬼	(dǎo guǐ)
搗毀	(dǎo huǐ)
搗爛	(dǎo làn)
搗亂	(dǎo luàn)
搗賣	(dǎo mài)
搗弄	(dǎo nòng)
搗實	(dǎo shí)
搗碎	(dǎo suì)
搗騰	(dǎo teng)
搗衣	(dǎo yī)
嶋	(dǎo)
嶌	(dǎo)
㠀	(dǎo)
導	(dǎo)
導報	(dǎo bào)
導播	(dǎo bō)
導出	(dǎo chū)
導出範疇	(dǎo chū fàn chóu)
導出值	(dǎo chū zhí)
導彈	(dǎo dàn)
導電	(dǎo diàn)
導電性	(dǎo diàn xìng)
導讀	(dǎo dú)
導購	(dǎo gòu)
導管	(dǎo guǎn)
導管組織	(dǎo guǎn zǔ zhī)
導軌	(dǎo guǐ)
導函數	(dǎo hán shù)
導航	(dǎo háng)
導航員	(dǎo háng yuán)
導護	(dǎo hù)
導火索	(dǎo huǒ suǒ)
導火線	(dǎo huǒ xiàn)
導覽	(dǎo lǎn)
導流板	(dǎo liú bǎn)
導輪	(dǎo lún)
導論	(dǎo lùn)
導盲道	(dǎo máng dào)
導盲犬	(dǎo máng quǎn)
導盲磚	(dǎo máng zhuān)
導尿	(dǎo niào)
導尿管	(dǎo niào guǎn)
導熱膏	(dǎo rè gāo)
導熱性	(dǎo rè xìng)
導入	(dǎo rù)
導入期	(dǎo rù qī)
導師	(dǎo shī)
導數	(dǎo shù)
導體	(dǎo tǐ)
導戲	(dǎo xì)
導線	(dǎo xiàn)
導向	(dǎo xiàng)
導言	(dǎo yán)
導演	(dǎo yǎn)
導液管	(dǎo yè guǎn)
導引	(dǎo yǐn)
導遊	(dǎo yóu)
導語	(dǎo yǔ)
導樂	(dǎo lè)
導正	(dǎo zhèng)
導致	(dǎo zhì)
壔	(dǎo)
擣	(dǎo)
到	(dào)
到岸價	(dào àn jià)
到案	(dào àn)
到不行	(dào bù xíng)
到場	(dào chǎng)
到處	(dào chù)
到處可見	(dào chù kě jiàn)
到此	(dào cǐ)
到此為止	(dào cǐ wéi zhǐ)
到此一遊	(dào cǐ yī yóu)
到達	(dào dá)
到達大廳	(dào dá dà tīng)
到得	(dào dé)
到底	(dào dǐ)
到點	(dào diǎn)
到訪	(dào fǎng)
到府服務	(dào fǔ fú wù)
到付	(dào fù)
到貨	(dào huò)
到家	(dào jiā)
到來	(dào lái)
到了	(dào liǎo)
到目前為止	(dào mù qián wéi zhǐ)
到那個時候	(dào nà gè shí hòu)
到期	(dào qī)
到期日	(dào qī rì)
到期收益率	(dào qī shōu yì lǜ)
到齊	(dào qí)
到任	(dào rèn)
到什麼山上，唱什麼歌	(dào shén me shān shàng , chàng shén me gē)
到時	(dào shí)
到時候	(dào shí hòu)
到手	(dào shǒu)
到手軟	(dào shǒu ruǎn)
到頭	(dào tóu)
到頭來	(dào tóu lái)
到位	(dào wèi)
到現在	(dào xiàn zài)
到賬	(dào zhàng)
倒	(dào)
倒把	(dǎo bǎ)
倒敗	(dǎo bài)
倒班	(dǎo bān)
倒背如流	(dào bèi rú liú)
倒背手	(dào bèi shǒu)
倒背手兒	(dào bèi shǒu r)
倒逼	(dào bī)
倒閉	(dǎo bì)
倒斃	(dǎo bì)
倒采	(dào cǎi)
倒彩	(dào cǎi)
倒彩聲	(dào cǎi shēng)
倒倉	(dǎo cāng)
倒槽	(dǎo cáo)
倒插門	(dào chā mén)
倒茬	(dǎo chá)
倒車	(dǎo chē)
倒車擋	(dào chē dǎng)
倒持太阿	(dào chí tài ē)
倒持泰阿	(dào chí tài ē)
倒抽一口氣	(dào chōu yī kǒu qì)
倒春寒	(dào chūn hán)
倒刺	(dào cì)
倒打一耙	(dào dǎ yī pá)
倒帶	(dào dài)
倒蛋	(dǎo dàn)
倒地	(dǎo dì)
倒吊蠟燭	(dào diào là zhú)
倒反	(dào fǎn)
倒反天罡	(dào fǎn tiān gāng)
倒反天綱	(dào fǎn tiān gāng)
倒放	(dào fàng)
倒糞	(dào fèn)
倒伏	(dǎo fú)
倒戈	(dǎo gē)
倒戈卸甲	(dǎo gē xiè jiǎ)
倒鉤	(dào gōu)
倒掛	(dào guà)
倒灌	(dào guàn)
倒果為因	(dào guǒ wéi yīn)
倒過兒	(dào guò r)
倒換	(dǎo huàn)
倒計時	(dào jì shí)
倒角	(dǎo jiǎo)
倒噍	(dǎo jiào)
倒睫	(dào jié)
倒嚼	(dǎo jiào)
倒開	(dào kāi)
倒空	(dào kōng)
倒苦水	(dào kǔ shuǐ)
倒立	(dào lì)
倒立像	(dào lì xiàng)
倒流	(dào liú)
倒買倒賣	(dǎo mǎi dǎo mài)
倒賣	(dǎo mài)
倒楣	(dǎo méi)
倒霉	(dǎo méi)
倒霉蛋	(dǎo méi dàn)
倒霉蛋兒	(dǎo méi dàn r)
倒木	(dǎo mù)
倒弄	(dǎo nong)
倒賠	(dào péi)
倒片	(dào piàn)
倒嗓	(dǎo sǎng)
倒時差	(dǎo shí chā)
倒是	(dào shi)
倒手	(dǎo shǒu)
倒數	(dào shǔ)
倒鎖	(dào suǒ)
倒塌	(dǎo tā)
倒臺	(dǎo tái)
倒坍	(dǎo tān)
倒騰	(dǎo teng)
倒替	(dǎo tì)
倒貼	(dào tiē)
倒頭	(dǎo tóu)
倒退	(dào tuì)
倒位	(dào wèi)
倒胃口	(dǎo wèi kǒu)
倒臥	(dǎo wò)
倒吸一口涼氣	(dào xī yī kǒu liáng qì)
倒下	(dǎo xià)
倒相	(dào xiàng)
倒像	(dào xiàng)
倒寫	(dào xiě)
倒行逆施	(dào xíng nì shī)
倒休	(dǎo xiū)
倒序	(dào xù)
倒敘	(dào xù)
倒懸	(dào xuán)
倒懸之急	(dào xuán zhī jí)
倒懸之苦	(dào xuán zhī kǔ)
倒懸之危	(dào xuán zhī wēi)
倒血霉	(dǎo xuè méi)
倒煙	(dào yān)
倒陽	(dǎo yáng)
倒爺	(dǎo yé)
倒影	(dào yǐng)
倒映	(dào yìng)
倒運	(dǎo yùn)
倒栽蔥	(dào zāi cōng)
倒灶	(dǎo zào)
倒帳	(dǎo zhàng)
倒賬	(dǎo zhàng)
倒置	(dào zhì)
倒著	(dào zhe)
倒轉	(dào zhuǎn)
倒裝	(dào zhuāng)
倒裝句	(dào zhuāng jù)
倒座兒	(dào zuò r)
悼	(dào)
悼詞	(dào cí)
悼辭	(dào cí)
悼念	(dào niàn)
嘚	(dē)
嘚啵	(dē bo)
嘚瑟	(dè se)
㝵	(dé)
得	(děi)
得便	(dé biàn)
得便宜賣乖	(dé pián yi mài guāi)
得標	(dé biāo)
得病	(dé bìng)
得不償失	(dé bù cháng shī)
得不到	(dé bù dào)
得償所願	(dé cháng suǒ yuàn)
得逞	(dé chěng)
得寵	(dé chǒng)
得出	(dé chū)
得寸進尺	(dé cùn jìn chǐ)
得當	(dé dàng)
得到	(dé dào)
得道	(dé dào)
得道多助	(dé dào duō zhù)
得道多助，失道寡助	(dé dào duō zhù , shī dào guǎ zhù)
得而復失	(dé ér fù shī)
得法	(dé fǎ)
得分	(dé fēn)
得過且過	(dé guò qiě guò)
得很	(de hěn)
得獎	(dé jiǎng)
得救	(dé jiù)
得看	(děi kàn)
得可以	(de kě yǐ)
得克薩斯	(dé kè sà sī)
得空	(dé kòng)
得虧	(děi kuī)
得來	(dé lái)
得來不易	(dé lái bù yì)
得來速	(dé lái sù)
得了	(dé le)
得力	(dé lì)
得利	(dé lì)
得令	(dé lìng)
得隴望蜀	(dé lǒng wàng shǔ)
得梅因	(dé méi yīn)
得名	(dé míng)
得票	(dé piào)
得票率	(dé piào lǜ)
得氣	(dé qì)
得饒人處且饒人	(dé ráo rén chù qiě ráo rén)
得榮縣	(dé róng xiàn)
得色	(dé sè)
得瑟	(dè se)
得勝	(dé shèng)
得失	(dé shī)
得勢	(dé shì)
得手	(dé shǒu)
得數	(dé shù)
得所應得	(dé suǒ yīng dé)
得體	(dé tǐ)
得天獨厚	(dé tiān dú hòu)
得文	(dé wén)
得無	(dé wú)
得悉	(dé xī)
得心應手	(dé xīn yìng shǒu)
得要	(děi yào)
得宜	(dé yí)
得以	(dé yǐ)
得益	(dé yì)
得益於	(dé yì yú)
得意	(dé yì)
得意門生	(dé yì mén shēng)
得意忘形	(dé yì wàng xíng)
得意洋洋	(dé yì yáng yáng)
得意揚揚	(dé yì yáng yáng)
得魚忘筌	(dé yú wàng quán)
得證	(dé zhèng)
得知	(dé zhī)
得直	(dé zhí)
得誌	(dé zhì)
得中	(dé zhōng)
得主	(dé zhǔ)
得著	(dé zháo)
得罪	(dé zui)
惪	(dé)
悳	(dé)
㥁	(dé)
德	(dé)
德安縣	(dé ān xiàn)
德昂	(dé áng)
德昂族	(dé áng zú)
德班	(dé bān)
德薄能鮮	(dé bó néng xiǎn)
德保縣	(dé bǎo xiàn)
德比	(dé bǐ)
德彪西	(dé biāo xī)
德不配位	(dé bù pèi wèi)
德不配位，必有災殃	(dé bù pèi wèi , bì yǒu zāi yāng)
德才	(dé cái)
德才兼備	(dé cái jiān bèi)
德昌縣	(dé chāng xiàn)
德城區	(dé chéng qū)
德川	(dé chuān)
德爾塔	(dé ěr tǎ)
德法年鑒	(dé fǎ nián jiàn)
德干	(dé gān)
德高望重	(dé gāo wàng zhòng)
德格縣	(dé gé xiàn)
德古拉	(dé gǔ lā)
德古西加巴	(dé gǔ xī jiā bā)
德國	(dé guó)
德國標準化學會	(dé guó biāo zhǔn huà xué huì)
德國漢莎航空公司	(dé guó hàn shā háng kōng gōng sī)
德國結	(dé guó jié)
德國麻疹	(dé guó má zhěn)
德國馬克	(dé guó mǎ kè)
德國人	(dé guó rén)
德國酸菜	(dé guó suān cài)
德國統一社會黨	(dé guó tǒng yī shè huì dǎng)
德國學術交流總署	(dé guó xué shù jiāo liú zǒng shǔ)
德國戰車	(dé guó zhàn chē)
德國之聲	(dé guó zhī shēng)
德航	(dé háng)
德黑蘭	(dé hēi lán)
德宏傣族景頗族自治州	(dé hóng dǎi zú jǐng pō zú zì zhì zhōu)
德化縣	(dé huà xiàn)
德惠市	(dé huì shì)
德江縣	(dé jiāng xiàn)
德克薩斯	(dé kè sà sī)
德拉克羅瓦	(dé lā kè luó wǎ)
德拉門	(dé lā mén)
德萊塞	(dé lái sè)
德勒巴克	(dé lè bā kè)
德勒斯登	(dé lè sī dēng)
德勒茲	(dé lè zī)
德雷爾	(dé léi ěr)
德雷福斯	(dé léi fú sī)
德雷斯頓	(dé léi sī dùn)
德累斯頓	(dé léi sī dùn)
德里	(dé lǐ)
德里達	(dé lǐ dá)
德令哈市	(dé lìng hā shì)
德倫特	(dé lún tè)
德律風	(dé lǜ fēng)
德梅因	(dé méi yīn)
德謨克拉西	(dé mó kè lā xī)
德牧	(dé mù)
德清縣	(dé qīng xiàn)
德慶縣	(dé qìng xiàn)
德三	(dé sān)
德勝門	(dé shèng mén)
德士	(dé shì)
德式	(dé shì)
德維爾潘	(dé wéi ěr pān)
德文	(dé wén)
德沃夏克	(dé wò xià kè)
德烏帕	(dé wū pà)
德先生	(dé xiān sheng)
德行	(dé xíng)
德性	(dé xing)
德興市	(dé xīng shì)
德陽市	(dé yáng shì)
德意志	(dé yì zhì)
德意志聯邦共和國	(dé yì zhì lián bāng gòng hé guó)
德意志學術交流中心	(dé yì zhì xué shù jiāo liú zhōng xīn)
德意志銀行	(dé yì zhì yín háng)
德藝雙馨	(dé yì shuāng xīn)
德欽縣	(dé qīn xiàn)
德語	(dé yǔ)
德育	(dé yù)
德育處	(dé yù chù)
德政	(dé zhèng)
德治	(dé zhì)
德智體美	(dé zhì tǐ měi)
德州	(dé zhōu)
德州撲克	(dé zhōu pū kè)
德州市	(dé zhōu shì)
德州儀器	(dé zhōu yí qì)
地	(de)
地板	(dì bǎn)
地板價	(dì bǎn jià)
地板磚	(dì bǎn zhuān)
地保	(dì bǎo)
地堡	(dì bǎo)
地標	(dì biāo)
地表	(dì biǎo)
地表水	(dì biǎo shuǐ)
地鱉	(dì biē)
地步	(dì bù)
地藏	(dì zàng)
地藏菩薩	(dì zàng pú sà)
地藏王菩薩	(dì zàng wáng pú sà)
地層	(dì céng)
地層學	(dì céng xué)
地產	(dì chǎn)
地產大亨	(dì chǎn dà hēng)
地產稅	(dì chǎn shuì)
地處	(dì chǔ)
地磁	(dì cí)
地磁暴	(dì cí bào)
地磁場	(dì cí chǎng)
地大物博	(dì dà wù bó)
地帶	(dì dài)
地道	(dì dao)
地地道道	(dì dì dào dào)
地底	(dì dǐ)
地點	(dì diǎn)
地調	(dì diào)
地洞	(dì dòng)
地動	(dì dòng)
地動山搖	(dì dòng shān yáo)
地動儀	(dì dòng yí)
地段	(dì duàn)
地對空導彈	(dì duì kōng dǎo dàn)
地兒	(dì r)
地返	(dì fǎn)
地方	(dì fang)
地方法院	(dì fāng fǎ yuàn)
地方官	(dì fāng guān)
地方戲	(dì fāng xì)
地方戲曲	(dì fāng xì qǔ)
地方性	(dì fāng xìng)
地方性斑疹傷寒	(dì fāng xìng bān zhěn shāng hán)
地方主義	(dì fāng zhǔ yì)
地方自治	(dì fāng zì zhì)
地府	(dì fǔ)
地宮	(dì gōng)
地溝油	(dì gōu yóu)
地瓜	(dì guā)
地瓜麵	(dì guā miàn)
地瓜鳥	(dì guā niǎo)
地瓜乾	(dì guā gān)
地廣人稀	(dì guǎng rén xī)
地滾球	(dì gǔn qiú)
地函	(dì hán)
地和	(dì hú)
地核	(dì hé)
地滑	(dì huá)
地皇	(dì huáng)
地黃	(dì huáng)
地基	(dì jī)
地積	(dì jī)
地積單	(dì jī dān)
地級	(dì jí)
地級市	(dì jí shì)
地籍	(dì jí)
地岬	(dì jiǎ)
地價	(dì jià)
地檢署	(dì jiǎn shǔ)
地角天涯	(dì jiǎo tiān yá)
地腳	(dì jiǎo)
地窖	(dì jiào)
地接	(dì jiē)
地精	(dì jīng)
地景	(dì jǐng)
地塊	(dì kuài)
地拉那	(dì lā nà)
地牢	(dì láo)
地雷	(dì léi)
地理	(dì lǐ)
地理定位	(dì lǐ dìng wèi)
地理極	(dì lǐ jí)
地理緯度	(dì lǐ wěi dù)
地理位置	(dì lǐ wèi zhi)
地理學	(dì lǐ xué)
地理學家	(dì lǐ xué jiā)
地力	(dì lì)
地利	(dì lì)
地利人和	(dì lì rén hé)
地鄰	(dì lín)
地龍	(dì lóng)
地籠	(dì lóng)
地壟	(dì lǒng)
地漏	(dì lòu)
地爐	(dì lú)
地脈	(dì mài)
地幔	(dì màn)
地貌	(dì mào)
地面	(dì miàn)
地面部隊	(dì miàn bù duì)
地面層	(dì miàn céng)
地面灌溉	(dì miàn guàn gài)
地面核爆炸	(dì miàn hé bào zhà)
地面控制	(dì miàn kòng zhì)
地面零點	(dì miàn líng diǎn)
地面氣壓	(dì miàn qì yā)
地面水	(dì miàn shuǐ)
地名	(dì míng)
地畝	(dì mǔ)
地牛翻身	(dì niú fān shēn)
地暖	(dì nuǎn)
地排車	(dì pǎi chē)
地盤	(dì pán)
地陪	(dì péi)
地皮	(dì pí)
地痞	(dì pǐ)
地平線	(dì píng xiàn)
地祇	(dì qí)
地契	(dì qì)
地錢	(dì qián)
地塹	(dì qiàn)
地殼	(dì qiào)
地殼運動	(dì qiào yùn dòng)
地勤	(dì qín)
地勤人員	(dì qín rén yuán)
地球	(dì qiú)
地球磁場	(dì qiú cí chǎng)
地球村	(dì qiú cūn)
地球軌道	(dì qiú guǐ dào)
地球化學	(dì qiú huà xué)
地球靜止軌道	(dì qiú jìng zhǐ guǐ dào)
地球靜止衛星	(dì qiú jìng zhǐ wèi xīng)
地球科學	(dì qiú kē xué)
地球同步軌道	(dì qiú tóng bù guǐ dào)
地球同步衛星	(dì qiú tóng bù wèi xīng)
地球物理	(dì qiú wù lǐ)
地球物理學	(dì qiú wù lǐ xué)
地球儀	(dì qiú yí)
地區	(dì qū)
地區差價	(dì qū chā jià)
地區衝突	(dì qū chōng tū)
地區法院	(dì qū fǎ yuàn)
地區經濟	(dì qū jīng jì)
地區性	(dì qū xìng)
地熱	(dì rè)
地熱電站	(dì rè diàn zhàn)
地熱發電廠	(dì rè fā diàn chǎng)
地熱能	(dì rè néng)
地熱資源	(dì rè zī yuán)
地塞米松	(dì sài mǐ sōng)
地三鮮	(dì sān xiān)
地上	(dì shang)
地史	(dì shǐ)
地市	(dì shì)
地市級	(dì shì jí)
地勢	(dì shì)
地書	(dì shū)
地稅	(dì shuì)
地速	(dì sù)
地台	(dì tái)
地攤	(dì tān)
地壇	(dì tán)
地毯	(dì tǎn)
地毯式轟炸	(dì tǎn shì hōng zhà)
地毯拖鞋	(dì tǎn tuō xié)
地躺拳	(dì tǎng quán)
地鐵	(dì tiě)
地鐵站	(dì tiě zhàn)
地頭	(dì tóu)
地頭蛇	(dì tóu shé)
地圖	(dì tú)
地圖冊	(dì tú cè)
地圖集	(dì tú jí)
地推	(dì tuī)
地委	(dì wěi)
地位	(dì wèi)
地西泮	(dì xī pàn)
地狹人稠	(dì xiá rén chóu)
地下	(dì xià)
地下城	(dì xià chéng)
地下道	(dì xià dào)
地下核爆炸	(dì xià hé bào zhà)
地下核試驗	(dì xià hé shì yàn)
地下街	(dì xià jiē)
地下莖	(dì xià jīng)
地下錢莊	(dì xià qián zhuāng)
地下情	(dì xià qíng)
地下室	(dì xià shì)
地下水	(dì xià shuǐ)
地下鐵路	(dì xià tiě lù)
地下通道	(dì xià tōng dào)
地線	(dì xiàn)
地心	(dì xīn)
地心說	(dì xīn shuō)
地心緯度	(dì xīn wěi dù)
地心吸力	(dì xīn xī lì)
地心引力	(dì xīn yǐn lì)
地形	(dì xíng)
地形圖	(dì xíng tú)
地穴	(dì xué)
地窨	(dì yìn)
地窨子	(dì yìn zi)
地衣	(dì yī)
地域	(dì yù)
地獄	(dì yù)
地獄笑話	(dì yù xiào huà)
地緣	(dì yuán)
地緣戰略	(dì yuán zhàn lüè)
地緣政治	(dì yuán zhèng zhì)
地緣政治學	(dì yuán zhèng zhì xué)
地栽	(dì zāi)
地震	(dì zhèn)
地震波	(dì zhèn bō)
地震帶	(dì zhèn dài)
地震活動帶	(dì zhèn huó dòng dài)
地震局	(dì zhèn jú)
地震烈度	(dì zhèn liè dù)
地震區	(dì zhèn qū)
地震速報	(dì zhèn sù bào)
地震學	(dì zhèn xué)
地震學家	(dì zhèn xué jiā)
地震儀	(dì zhèn yí)
地址	(dì zhǐ)
地址解析協議	(dì zhǐ jiě xī xié yì)
地質	(dì zhì)
地質年表	(dì zhì nián biǎo)
地質年代表	(dì zhì nián dài biǎo)
地質學	(dì zhì xué)
地質學家	(dì zhì xué jiā)
地中海	(dì zhōng hǎi)
地中海貧血	(dì zhōng hǎi pín xuè)
地軸	(dì zhóu)
地主	(dì zhǔ)
地主隊	(dì zhǔ duì)
地主家庭	(dì zhǔ jiā tíng)
地主階級	(dì zhǔ jiē jí)
地磚	(dì zhuān)
地租	(dì zū)
扽	(dèn)
㩐	(dèn)
噔	(dēng)
噔噔	(dēng dēng)
戥	(děng)
僜	(dèng)
凳	(dèng)
凳子	(dèng zi)
嶝	(dèng)
櫈	(dèng)
低	(dī)
低矮	(dī ǎi)
低昂	(dī áng)
低八度	(dī bā dù)
低幫	(dī bāng)
低保	(dī bǎo)
低保真	(dī bǎo zhēn)
低層	(dī céng)
低產	(dī chǎn)
低潮	(dī cháo)
低沉	(dī chén)
低成本	(dī chéng běn)
低垂	(dī chuí)
低檔	(dī dàng)
低地	(dī dì)
低地繡眼鳥	(dī dì xiù yǎn niǎo)
低等	(dī děng)
低等動物	(dī děng dòng wù)
低低切切	(dī dī qiè qiè)
低調	(dī diào)
低端	(dī duān)
低端人口	(dī duān rén kǒu)
低放射性廢物	(dī fàng shè xìng fèi wù)
低分	(dī fēn)
低粉	(dī fěn)
低估	(dī gū)
低谷	(dī gǔ)
低耗	(dī hào)
低緩	(dī huǎn)
低級	(dī jí)
低級語言	(dī jí yǔ yán)
低劑量照射	(dī jì liàng zhào shè)
低價	(dī jià)
低賤	(dī jiàn)
低階	(dī jiē)
低階語言	(dī jiē yǔ yán)
低筋麵粉	(dī jīn miàn fěn)
低聚物	(dī jù wù)
低開	(dī kāi)
低開高走	(dī kāi gāo zǒu)
低空	(dī kōng)
低空飛過	(dī kōng fēi guò)
低空跳傘	(dī kōng tiào sǎn)
低欄	(dī lán)
低利	(dī lì)
低利貸款	(dī lì dài kuǎn)
低廉	(dī lián)
低劣	(dī liè)
低齡	(dī líng)
低齡犯罪	(dī líng fàn zuì)
低齡化	(dī líng huà)
低領口	(dī lǐng kǒu)
低落	(dī luò)
低眉順眼	(dī méi shùn yǎn)
低迷	(dī mí)
低能	(dī néng)
低能兒	(dī néng ér)
低年級	(dī nián jí)
低濃縮鈾	(dī nóng suō yóu)
低平火山口	(dī píng huǒ shān kǒu)
低氣壓	(dī qì yā)
低丘	(dī qiū)
低熱	(dī rè)
低三下四	(dī sān xià sì)
低燒	(dī shāo)
低聲	(dī shēng)
低聲細語	(dī shēng xì yǔ)
低收入	(dī shōu rù)
低首下心	(dī shǒu xià xīn)
低俗	(dī sú)
低俗化	(dī sú huà)
低俗之風	(dī sú zhī fēng)
低速	(dī sù)
低速擋	(dī sù dǎng)
低速率	(dī sù lǜ)
低速區	(dī sù qū)
低碳	(dī tàn)
低體溫症	(dī tǐ wēn zhèng)
低頭	(dī tóu)
低頭認罪	(dī tóu rèn zuì)
低頭族	(dī tóu zú)
低窪	(dī wā)
低微	(dī wēi)
低維	(dī wéi)
低溫	(dī wēn)
低息	(dī xī)
低下	(dī xià)
低陷	(dī xiàn)
低消	(dī xiāo)
低消費	(dī xiāo fèi)
低效	(dī xiào)
低胸	(dī xiōng)
低血糖	(dī xuè táng)
低血壓	(dī xuè yā)
低壓	(dī yā)
低壓帶	(dī yā dài)
低音	(dī yīn)
低音大號	(dī yīn dà hào)
低音大提琴	(dī yīn dà tí qín)
低音管	(dī yīn guǎn)
低音喇叭	(dī yīn lǎ ba)
低音炮	(dī yīn pào)
低音提琴	(dī yīn tí qín)
低吟	(dī yín)
低於	(dī yú)
低語	(dī yǔ)
低脂	(dī zhī)
彽	(chí)
啲	(dī)
堤	(dī)
堤岸	(dī àn)
堤壩	(dī bà)
堤防	(dī fáng)
廸	(dí)
嘀	(dī)
嘀嗒	(dī dā)
嘀咕	(dí gu)
嫡	(dí)
嫡出	(dí chū)
嫡傳	(dí chuán)
嫡母	(dí mǔ)
嫡親	(dí qīn)
嫡堂	(dí táng)
嫡系	(dí xì)
嫡子	(dí zǐ)
敵	(dí)
敵百蟲	(dí bǎi chóng)
敵檔	(dí dàng)
敵地	(dí dì)
敵敵畏	(dí dí wèi)
敵對	(dí duì)
敵對性	(dí duì xìng)
敵方	(dí fāng)
敵國	(dí guó)
敵害	(dí hài)
敵後	(dí hòu)
敵基督	(dí jī dū)
敵機	(dí jī)
敵將	(dí jiàng)
敵軍	(dí jūn)
敵愾	(dí kài)
敵情	(dí qíng)
敵人	(dí rén)
敵殺死	(dí shā sǐ)
敵視	(dí shì)
敵手	(dí shǒu)
敵臺	(dí tái)
敵探	(dí tàn)
敵特	(dí tè)
敵特分子	(dí tè fèn zǐ)
敵我	(dí wǒ)
敵我矛盾	(dí wǒ máo dùn)
敵意	(dí yì)
敵營	(dí yíng)
敵佔區	(dí zhàn qū)
敵陣	(dí zhèn)
敵眾我寡	(dí zhòng wǒ guǎ)
厎	(zhǐ)
坻	(dǐ)
抵	(dǐ)
抵岸	(dǐ àn)
抵補	(dǐ bǔ)
抵償	(dǐ cháng)
抵充	(dǐ chōng)
抵觸	(dǐ chù)
抵達	(dǐ dá)
抵擋	(dǐ dǎng)
抵華	(dǐ huá)
抵減	(dǐ jiǎn)
抵拒	(dǐ jù)
抵抗	(dǐ kàng)
抵抗力	(dǐ kàng lì)
抵扣	(dǐ kòu)
抵賴	(dǐ lài)
抵牾	(dǐ wǔ)
抵消	(dǐ xiāo)
抵銷	(dǐ xiāo)
抵押	(dǐ yā)
抵押貸款	(dǐ yā dài kuǎn)
抵押品	(dǐ yā pǐn)
抵押物	(dǐ yā wù)
抵用	(dǐ yòng)
抵用金	(dǐ yòng jīn)
抵用券	(dǐ yòng quàn)
抵禦	(dǐ yù)
抵債	(dǐ zhài)
抵賬	(dǐ zhàng)
抵制	(dǐ zhì)
抵住	(dǐ zhù)
抵足而眠	(dǐ zú ér mián)
抵罪	(dǐ zuì)
呧	(dǐ)
底	(dǐ)
底版	(dǐ bǎn)
底比斯	(dǐ bǐ sī)
底邊	(dǐ biān)
底部	(dǐ bù)
底層	(dǐ céng)
底朝天	(dǐ cháo tiān)
底定	(dǐ dìng)
底端	(dǐ duān)
底閥	(dǐ fá)
底肥	(dǐ féi)
底格里斯	(dǐ gé lǐ sī)
底格里斯河	(dǐ gé lǐ sī hé)
底界	(dǐ jiè)
底褲	(dǐ kù)
底夸克	(dǐ kuā kè)
底料	(dǐ liào)
底樓	(dǐ lóu)
底面	(dǐ miàn)
底牌	(dǐ pái)
底盤	(dǐ pán)
底片	(dǐ piàn)
底棲生物	(dǐ qī shēng wù)
底棲有孔蟲	(dǐ qī yǒu kǒng chóng)
底漆	(dǐ qī)
底氣	(dǐ qì)
底數	(dǐ shù)
底特律	(dǐ tè lǜ)
底細	(dǐ xì)
底下	(dǐ xia)
底限	(dǐ xiàn)
底線	(dǐ xiàn)
底薪	(dǐ xīn)
底蘊	(dǐ yùn)
底汁	(dǐ zhī)
底止	(dǐ zhǐ)
底子	(dǐ zi)
底座	(dǐ zuò)
弤	(dǐ)
柢	(dǐ)
杕	(dì)
弟	(dì)
弟弟	(dì di)
弟婦	(dì fù)
弟妹	(dì mèi)
弟媳	(dì xí)
弟兄	(dì xiong)
弟兄們	(dì xiōng men)
弟子	(dì zǐ)
俤	(dì)
帝	(dì)
帝都	(dì dū)
帝俄	(dì é)
帝國	(dì guó)
帝國大廈	(dì guó dà shà)
帝國理工學院	(dì guó lǐ gōng xué yuàn)
帝國主義	(dì guó zhǔ yì)
帝后	(dì hòu)
帝京	(dì jīng)
帝俊	(dì jùn)
帝嚳	(dì kù)
帝力	(dì lì)
帝企鵝	(dì qǐ é)
帝師	(dì shī)
帝王	(dì wáng)
帝王譜	(dì wáng pǔ)
帝王企鵝	(dì wáng qǐ é)
帝王蟹	(dì wáng xiè)
帝位	(dì wèi)
帝汶島	(dì wèn dǎo)
帝汶海	(dì wèn hǎi)
帝辛	(dì xīn)
帝制	(dì zhì)
娣	(dì)
娣姒	(dì sì)
梊	(dì)
揥	(tì)
棣	(dì)
墬	(dì)
嗲	(diǎ)
敁	(diān)
掂	(diān)
掂量	(diān liang)
傎	(diān)
攧	(diān)
巔	(diān)
巔峰	(diān fēng)
巓	(diān)
丶	(zhǔ)
奌	(diǎn)
典	(diǎn)
典藏	(diǎn cáng)
典當	(diǎn dàng)
典範	(diǎn fàn)
典故	(diǎn gù)
典籍	(diǎn jí)
典禮	(diǎn lǐ)
典型	(diǎn xíng)
典型登革熱	(diǎn xíng dēng gé rè)
典型化	(diǎn xíng huà)
典型用途	(diǎn xíng yòng tú)
典雅	(diǎn yǎ)
典獄長	(diǎn yù zhǎng)
典章	(diǎn zhāng)
典質	(diǎn zhì)
典座	(diǎn zuò)
佃	(diàn)
佃戶	(diàn hù)
佃農	(diàn nóng)
坫	(diàn)
店	(diàn)
店長	(diàn zhǎng)
店伙	(diàn huǒ)
店家	(diàn jiā)
店面	(diàn miàn)
店鋪	(diàn pù)
店錢	(diàn qián)
店堂	(diàn táng)
店小二	(diàn xiǎo èr)
店員	(diàn yuán)
店主	(diàn zhǔ)
扂	(diàn)
扂楔	(diàn xiē)
惦	(diàn)
惦記	(diàn jì)
惦念	(diàn niàn)
奠	(diàn)
奠定	(diàn dìng)
奠都	(diàn dū)
奠基	(diàn jī)
奠基人	(diàn jī rén)
奠基石	(diàn jī shí)
奠基者	(diàn jī zhě)
奠祭	(diàn jì)
奠濟宮	(diàn jì gōng)
奠酒	(diàn jiǔ)
奠儀	(diàn yí)
殿	(diàn)
殿後	(diàn hòu)
殿軍	(diàn jūn)
殿試	(diàn shì)
殿堂	(diàn táng)
殿衛	(diàn wèi)
殿下	(diàn xià)
殿宇	(diàn yǔ)
墊	(diàn)
墊背	(diàn bèi)
墊被	(diàn bèi)
墊補	(diàn bu)
墊檔	(diàn dàng)
墊底	(diàn dǐ)
墊底兒	(diàn dǐ r)
墊底費	(diàn dǐ fèi)
墊付	(diàn fù)
墊高	(diàn gāo)
墊肩	(diàn jiān)
墊江縣	(diàn jiāng xiàn)
墊腳	(diàn jiao)
墊腳石	(diàn jiǎo shí)
墊款	(diàn kuǎn)
墊料	(diàn liào)
墊片	(diàn piàn)
墊平	(diàn píng)
墊圈	(diàn juàn)
墊褥	(diàn rù)
墊上	(diàn shàng)
墊支	(diàn zhī)
墊子	(diàn zi)
刁	(diāo)
刁斗	(diāo dǒu)
刁婦	(diāo fù)
刁悍	(diāo hàn)
刁滑	(diāo huá)
刁蠻	(diāo mán)
刁民	(diāo mín)
刁難	(diāo nàn)
刁鑽	(diāo zuān)
叼	(diāo)
叼盤	(diāo pán)
凋	(diāo)
凋敝	(diāo bì)
凋零	(diāo líng)
凋落	(diāo luò)
凋謝	(diāo xiè)
彫	(diāo)
屌	(diǎo)
屌爆	(diǎo bào)
屌毛	(diǎo máo)
屌絲	(diǎo sī)
弔	(diào)
弔伐	(diào fá)
弔古	(diào gǔ)
弔詭	(diào guǐ)
弔詭矜奇	(diào guǐ jīn qí)
弔祭	(diào jì)
弔客	(diào kè)
弔民伐罪	(diào mín fá zuì)
弔喪	(diào sāng)
弔死問疾	(diào sǐ wèn jí)
弔慰	(diào wèi)
弔文	(diào wén)
弔孝	(diào xiào)
弔唁	(diào yàn)
吊	(diào)
吊膀子	(diào bàng zi)
吊車	(diào chē)
吊車尾	(diào chē wěi)
吊窗	(diào chuāng)
吊床	(diào chuáng)
吊打	(diào dǎ)
吊帶	(diào dài)
吊帶背心	(diào dài bèi xīn)
吊帶衫	(diào dài shān)
吊襠褲	(diào dāng kù)
吊燈	(diào dēng)
吊點滴	(diào diǎn dī)
吊頂	(diào dǐng)
吊斗	(diào dǒu)
吊兒郎當	(diào r láng dāng)
吊杆	(diào gān)
吊槓	(diào gàng)
吊鉤	(diào gōu)
吊掛	(diào guà)
吊環	(diào huán)
吊機	(diào jī)
吊頸	(diào jǐng)
吊具	(diào jù)
吊卷	(diào juàn)
吊扣	(diào kòu)
吊蘭	(diào lán)
吊籃	(diào lán)
吊樓	(diào lóu)
吊門	(diào mén)
吊牌	(diào pái)
吊瓶	(diào píng)
吊瓶族	(diào píng zú)
吊鋪	(diào pù)
吊起	(diào qǐ)
吊橋	(diào qiáo)
吊球	(diào qiú)
吊嗓子	(diào sǎng zi)
吊扇	(diào shàn)
吊審	(diào shěn)
吊繩	(diào shéng)
吊水	(diào shuǐ)
吊死	(diào sǐ)
吊死鬼	(diào sǐ guǐ)
吊索	(diào suǒ)
吊塔	(diào tǎ)
吊梯	(diào tī)
吊襪帶	(diào wà dài)
吊胃口	(diào wèi kǒu)
吊線	(diào xiàn)
吊銷	(diào xiāo)
吊鹽水	(diào yán shuǐ)
吊唁	(diào yàn)
吊運	(diào yùn)
吊鐘花	(diào zhōng huā)
吊裝	(diào zhuāng)
吊墜	(diào zhuì)
吊墜縛	(diào zhuì fù)
伄	(diào)
伄儅	(diào dāng)
掉	(diào)
掉包	(diào bāo)
掉膘	(diào biāo)
掉秤	(diào chèng)
掉點兒	(diào diǎn r)
掉隊	(diào duì)
掉粉	(diào fěn)
掉過	(diào guò)
掉過兒	(diào guò r)
掉換	(diào huàn)
掉價	(diào jià)
掉價兒	(diào jià r)
掉擧	(diào jǔ)
掉淚	(diào lèi)
掉鏈子	(diào liàn zi)
掉落	(diào luò)
掉期	(diào qī)
掉漆	(diào qī)
掉球	(diào qiú)
掉色	(diào sè)
掉書袋	(diào shū dài)
掉頭	(diào tóu)
掉頭就走	(diào tóu jiù zǒu)
掉下	(diào xià)
掉線	(diào xiàn)
掉向	(diào xiàng)
掉以輕心	(diào yǐ qīng xīn)
掉轉	(diào zhuǎn)
垤	(dié)
昳	(dié)
啑	(dié)
堞	(dié)
揲	(shé)
喋	(dié)
喋喋	(dié dié)
喋喋不休	(dié dié bù xiū)
喋血	(dié xuè)
殜	(dié)
殜殜	(dié dié)
曡	(dié)
哋	(dì)
丁	(dīng)
丁寵家庭	(dīng chǒng jiā tíng)
丁醇	(dīng chún)
丁點	(dīng diǎn)
丁鯛	(dīng diāo)
丁丁	(zhēng zhēng)
丁丁炒麵	(dīng dīng chǎo miàn)
丁冬	(dīng dōng)
丁二醇	(dīng èr chún)
丁二烯	(dīng èr xī)
丁夫	(dīng fū)
丁格犬	(dīng gé quǎn)
丁骨牛排	(dīng gǔ niú pái)
丁鱥	(dīng guì)
丁基	(dīng jī)
丁艱	(dīng jiān)
丁腈手套	(dīng jīng shǒu tào)
丁腈橡膠	(dīng jīng xiàng jiāo)
丁克	(dīng kè)
丁客	(dīng kè)
丁磊	(dīng lěi)
丁零噹啷	(dīng ling dāng lāng)
丁卯胡亂	(dīng mǎo hú luàn)
丁卯戰爭	(dīng mǎo zhàn zhēng)
丁內酯	(dīng nèi zhǐ)
丁寧	(dīng níng)
丁青縣	(dīng qīng xiàn)
丁醛	(dīng quán)
丁汝昌	(dīng rǔ chāng)
丁是丁，卯是卯	(dīng shì dīng , mǎo shì mǎo)
丁烷	(dīng wán)
丁香	(dīng xiāng)
丁型肝炎	(dīng xíng gān yán)
丁憂	(dīng yōu)
丁字	(dīng zì)
丁字步	(dīng zì bù)
丁字尺	(dīng zì chǐ)
丁字鎬	(dīng zì gǎo)
丁字街	(dīng zì jiē)
丁字褲	(dīng zì kù)
丁字梁	(dīng zì liáng)
亇	(gè)
仃	(dīng)
叮	(dīng)
叮噹	(dīng dāng)
叮噹聲	(dīng dāng shēng)
叮噹響	(dīng dāng xiǎng)
叮叮	(dīng dīng)
叮叮噹噹	(dīng dīng dāng dāng)
叮叮貓	(dīng dīng māo)
叮咚	(dīng dōng)
叮鈴	(dīng líng)
叮嚀	(dīng níng)
叮問	(dīng wèn)
叮咬	(dīng yǎo)
叮囑	(dīng zhǔ)
帄	(dīng)
定	(dìng)
定安	(dìng ān)
定安縣	(dìng ān xiàn)
定案	(dìng àn)
定編	(dìng biān)
定邊縣	(dìng biān xiàn)
定標	(dìng biāo)
定標器	(dìng biāo qì)
定艙	(dìng cāng)
定常態	(dìng cháng tài)
定場白	(dìng chǎng bái)
定場詩	(dìng chǎng shī)
定出	(dìng chū)
定存	(dìng cún)
定單	(dìng dān)
定當	(dìng dàng)
定檔	(dìng dàng)
定點	(dìng diǎn)
定點茶	(dìng diǎn chá)
定點廠	(dìng diǎn chǎng)
定調	(dìng diào)
定調子	(dìng diào zi)
定鼎	(dìng dǐng)
定奪	(dìng duó)
定額	(dìng é)
定額組	(dìng é zǔ)
定分	(dìng fèn)
定風針	(dìng fēng zhēn)
定稿	(dìng gǎo)
定格	(dìng gé)
定購	(dìng gòu)
定冠詞	(dìng guàn cí)
定規	(dìng guī)
定海	(dìng hǎi)
定海區	(dìng hǎi qū)
定海神針	(dìng hǎi shén zhēn)
定戶	(dìng hù)
定婚	(dìng hūn)
定貨	(dìng huò)
定級	(dìng jí)
定價	(dìng jià)
定見	(dìng jiàn)
定焦鏡頭	(dìng jiāo jìng tóu)
定結縣	(dìng jié xiàn)
定界	(dìng jiè)
定界符	(dìng jiè fú)
定金	(dìng jīn)
定睛	(dìng jīng)
定居	(dìng jū)
定居點	(dìng jū diǎn)
定居者	(dìng jū zhě)
定局	(dìng jú)
定理	(dìng lǐ)
定禮	(dìng lǐ)
定力	(dìng lì)
定例	(dìng lì)
定量	(dìng liàng)
定量分析	(dìng liàng fēn xī)
定論	(dìng lùn)
定律	(dìng lǜ)
定名	(dìng míng)
定命	(dìng mìng)
定南縣	(dìng nán xiàn)
定能	(dìng néng)
定盤星	(dìng pán xīng)
定票	(dìng piào)
定期	(dìng qī)
定期儲蓄	(dìng qī chǔ xù)
定期存款	(dìng qī cún kuǎn)
定錢	(dìng qian)
定情	(dìng qíng)
定親	(dìng qīn)
定然	(dìng rán)
定日縣	(dìng rì xiàn)
定神	(dìng shén)
定食	(dìng shí)
定時	(dìng shí)
定時器	(dìng shí qì)
定時攝影	(dìng shí shè yǐng)
定時信管	(dìng shí xìn guǎn)
定時炸彈	(dìng shí zhà dàn)
定時鐘	(dìng shí zhōng)
定式	(dìng shì)
定勢	(dìng shì)
定數	(dìng shù)
定說	(dìng shuō)
定速巡航	(dìng sù xún háng)
定損	(dìng sǔn)
定陶區	(dìng táo qū)
定位	(dìng wèi)
定位球	(dìng wèi qiú)
定西市	(dìng xī shì)
定下	(dìng xià)
定弦	(dìng xián)
定襄縣	(dìng xiāng xiàn)
定向	(dìng xiàng)
定向培育	(dìng xiàng péi yù)
定向越野	(dìng xiàng yuè yě)
定心丸	(dìng xīn wán)
定刑	(dìng xíng)
定型	(dìng xíng)
定型水	(dìng xíng shuǐ)
定性	(dìng xìng)
定性分析	(dìng xìng fēn xī)
定性理論	(dìng xìng lǐ lùn)
定興縣	(dìng xīng xiàn)
定讞	(dìng yàn)
定洋	(dìng yáng)
定義	(dìng yì)
定義域	(dìng yì yù)
定音	(dìng yīn)
定音鼓	(dìng yīn gǔ)
定銀	(dìng yín)
定影	(dìng yǐng)
定於	(dìng yú)
定於一尊	(dìng yú yī zūn)
定語	(dìng yǔ)
定員	(dìng yuán)
定遠縣	(dìng yuǎn xiàn)
定約	(dìng yuē)
定閱	(dìng yuè)
定殖	(dìng zhí)
定製	(dìng zhì)
定州市	(dìng zhōu shì)
定子	(dìng zǐ)
定罪	(dìng zuì)
定作	(dìng zuò)
定座率	(dìng zuò lǜ)
定做	(dìng zuò)
啶	(dìng)
椗	(dìng)
丟	(diū)
丟包	(diū bāo)
丟丑	(diū chǒu)
丟到家	(diū dào jiā)
丟掉	(diū diào)
丟番圖方程	(diū fān tú fāng chéng)
丟飯碗	(diū fàn wǎn)
丟份子	(diū fèn zi)
丟官	(diū guān)
丟魂	(diū hún)
丟開	(diū kāi)
丟盔棄甲	(diū kuī qì jiǎ)
丟臉	(diū liǎn)
丟輪扯砲	(diū lún chě pào)
丟眉丟眼	(diū méi diū yǎn)
丟眉弄色	(diū méi nòng sè)
丟面子	(diū miàn zi)
丟命	(diū mìng)
丟棄	(diū qì)
丟人	(diū rén)
丟人現眼	(diū rén xiàn yǎn)
丟三落四	(diū sān là sì)
丟失	(diū shī)
丟手	(diū shǒu)
丟烏紗帽	(diū wū shā mào)
丟下	(diū xià)
冬	(dōng)
冬奧會	(dōng ào huì)
冬病夏治	(dōng bìng xià zhì)
冬不拉	(dōng bù lā)
冬菜	(dōng cài)
冬殘奧會	(dōng cán ào huì)
冬蟲夏草	(dōng chóng xià cǎo)
冬粉	(dōng fěn)
冬耕	(dōng gēng)
冬宮	(dōng gōng)
冬菇	(dōng gū)
冬瓜	(dōng guā)
冬烘	(dōng hōng)
冬季	(dōng jì)
冬令	(dōng lìng)
冬令時	(dōng lìng shí)
冬眠	(dōng mián)
冬青	(dōng qīng)
冬青樹	(dōng qīng shù)
冬日	(dōng rì)
冬山	(dōng shān)
冬山鄉	(dōng shān xiāng)
冬筍	(dōng sǔn)
冬天	(dōng tiān)
冬夏	(dōng xià)
冬閑	(dōng xián)
冬歇期	(dōng xiē qī)
冬衣	(dōng yī)
冬陰	(dōng yīn)
冬陰功	(dōng yīn gōng)
冬蔭	(dōng yīn)
冬蔭功	(dōng yīn gōng)
冬月	(dōng yuè)
冬運會	(dōng yùn huì)
冬蟄	(dōng zhé)
冬至點	(dōng zhì diǎn)
冬裝	(dōng zhuāng)
冬字頭	(dōng zì tóu)
東	(dōng)
東阿縣	(dōng ē xiàn)
東安區	(dōng ān qū)
東安縣	(dōng ān xiàn)
東巴文化	(dōng bā wén huà)
東半球	(dōng bàn qiú)
東寶區	(dōng bǎo qū)
東北	(dōng běi)
東北大學	(dōng běi dà xué)
東北方	(dōng běi fāng)
東北虎	(dōng běi hǔ)
東北平原	(dōng běi píng yuán)
東北亞	(dōng běi yà)
東奔西跑	(dōng bēn xī pǎo)
東奔西走	(dōng bēn xī zǒu)
東邊	(dōng bian)
東邊兒	(dōng biān r)
東部	(dōng bù)
東部時間	(dōng bù shí jiān)
東倉鴞	(dōng cāng xiāo)
東側	(dōng cè)
東昌府區	(dōng chāng fǔ qū)
東昌區	(dōng chāng qū)
東城區	(dōng chéng qū)
東川區	(dōng chuān qū)
東窗事發	(dōng chuāng shì fā)
東床	(dōng chuáng)
東大	(dōng dà)
東倒西歪	(dōng dǎo xī wāi)
東道	(dōng dào)
東道國	(dōng dào guó)
東道主	(dōng dào zhǔ)
東德	(dōng dé)
東帝汶	(dōng dì wèn)
東東	(dōng dōng)
東端	(dōng duān)
東躲西閃	(dōng duǒ xī shǎn)
東方	(dōng fāng)
東方阿閦佛	(dōng fāng ā chù fó)
東方白鸛	(dōng fāng bái guàn)
東方斑䳭	(dōng fāng bān jí)
東方不亮西方亮	(dōng fāng bù liàng xī fāng liàng)
東方大葦鶯	(dōng fāng dà wěi yīng)
東方航空	(dōng fāng háng kōng)
東方鴴	(dōng fāng héng)
東方紅	(dōng fāng hóng)
東方嘰咋柳鶯	(dōng fāng jī zǎ liǔ yīng)
東方馬腦炎病毒	(dōng fāng mǎ nǎo yán bìng dú)
東方明珠電視塔	(dōng fāng míng zhū diàn shì tǎ)
東方明珠塔	(dōng fāng míng zhū tǎ)
東方狍	(dōng fāng páo)
東方日報	(dōng fāng rì bào)
東方三博士	(dōng fāng sān bó shì)
東方市	(dōng fāng shì)
東方壽帶	(dōng fāng shòu dài)
東方文明	(dōng fāng wén míng)
東非	(dōng fēi)
東非大地塹	(dōng fēi dà dì qiàn)
東非大裂谷	(dōng fēi dà liè gǔ)
東非共同體	(dōng fēi gòng tóng tǐ)
東風	(dōng fēng)
東風區	(dōng fēng qū)
東風壓倒西風	(dōng fēng yā dǎo xī fēng)
東豐縣	(dōng fēng xiàn)
東港	(dōng gǎng)
東港區	(dōng gǎng qū)
東港市	(dōng gǎng shì)
東莞市	(dōng guǎn shì)
東光縣	(dōng guāng xiàn)
東歸	(dōng guī)
東郭	(dōng guō)
東海	(dōng hǎi)
東海岸	(dōng hǎi àn)
東海大學	(dōng hǎi dà xué)
東海艦隊	(dōng hǎi jiàn duì)
東海縣	(dōng hǎi xiàn)
東河區	(dōng hé qū)
東河鄉	(dōng hé xiāng)
東胡	(dōng hú)
東湖區	(dōng hú qū)
東華三院	(dōng huá sān yuàn)
東加	(dōng jiā)
東家	(dōng jiā)
東家長西家短	(dōng jiā cháng xī jiā duǎn)
東江	(dōng jiāng)
東疆	(dōng jiāng)
東京	(dōng jīng)
東京大學	(dōng jīng dà xué)
東京帝國大學	(dōng jīng dì guó dà xué)
東京塔	(dōng jīng tǎ)
東京灣	(dōng jīng wān)
東經	(dōng jīng)
東君	(dōng jūn)
東拉西扯	(dōng lā xī chě)
東蘭縣	(dōng lán xiàn)
東麗	(dōng lì)
東麗區	(dōng lì qū)
東遼縣	(dōng liáo xiàn)
東鱗西爪	(dōng lín xī zhǎo)
東羅馬帝國	(dōng luó mǎ dì guó)
東盟	(dōng méng)
東密	(dōng mì)
東密德蘭	(dōng mì dé lán)
東緬高原	(dōng miǎn gāo yuán)
東面	(dōng miàn)
東明縣	(dōng míng xiàn)
東南	(dōng nán)
東南部	(dōng nán bù)
東南大學	(dōng nán dà xué)
東南西北	(dōng nán xī běi)
東南西北中	(dōng nán xī běi zhōng)
東南亞	(dōng nán yà)
東南亞國家聯盟	(dōng nán yà guó jiā lián méng)
東南亞國協	(dōng nán yà guó xié)
東寧市	(dōng níng shì)
東歐	(dōng ōu)
東歐平原	(dōng ōu píng yuán)
東拼西湊	(dōng pīn xī còu)
東平縣	(dōng píng xiàn)
東坡區	(dōng pō qū)
東坡肉	(dōng pō ròu)
東坡肘子	(dōng pō zhǒu zi)
東區	(dōng qū)
東三省	(dōng sān shěng)
東山區	(dōng shān qū)
東山縣	(dōng shān xiàn)
東山再起	(dōng shān zài qǐ)
東勝區	(dōng shèng qū)
東施效顰	(dōng shī xiào pín)
東石	(dōng shí)
東石鄉	(dōng shí xiāng)
東勢	(dōng shì)
東勢鄉	(dōng shì xiāng)
東台市	(dōng tái shì)
東太平洋	(dōng tài píng yáng)
東太平洋海隆	(dōng tài píng yáng hǎi lóng)
東太平洋隆起	(dōng tài píng yáng lóng qǐ)
東討西征	(dōng tǎo xī zhēng)
東頭村	(dōng tóu cūn)
東突	(dōng tū)
東突厥斯坦	(dōng tū jué sī tǎn)
東突厥斯坦解放組織	(dōng tū jué sī tǎn jiě fàng zǔ zhī)
東突厥斯坦伊斯蘭運動	(dōng tū jué sī tǎn yī sī lán yùn dòng)
東突組織	(dōng tū zǔ zhī)
東土	(dōng tǔ)
東兔西烏	(dōng tù xī wū)
東王公	(dōng wáng gōng)
東魏	(dōng wèi)
東烏珠穆沁旗	(dōng wū zhū mù qìn qí)
東吳	(dōng wú)
東吳大學	(dōng wú dà xué)
東西	(dōng xī)
東西半球	(dōng xī bàn qiú)
東西德	(dōng xī dé)
東西方	(dōng xī fāng)
東西方文化	(dōng xī fāng wén huà)
東西湖區	(dōng xī hú qū)
東西寬	(dōng xī kuān)
東西南北	(dōng xī nán běi)
東西周	(dōng xī zhōu)
東鄉	(dōng xiāng)
東鄉族	(dōng xiāng zú)
東鄉族自治縣	(dōng xiāng zú zì zhì xiàn)
東協	(dōng xié)
東興區	(dōng xīng qū)
東興市	(dōng xīng shì)
東亞	(dōng yà)
東亞病夫	(dōng yà bìng fū)
東亞峰會	(dōng yà fēng huì)
東亞石䳭	(dōng yà shí jí)
東亞銀行	(dōng yà yín háng)
東亞運動會	(dōng yà yùn dòng huì)
東掩西遮	(dōng yǎn xī zhē)
東洋	(dōng yáng)
東洋鬼	(dōng yáng guǐ)
東洋鬼子	(dōng yáng guǐ zi)
東洋話	(dōng yáng huà)
東洋界	(dōng yáng jiè)
東陽市	(dōng yáng shì)
東搖西擺	(dōng yáo xī bǎi)
東一榔頭西一棒子	(dōng yī láng tóu xī yī bàng zi)
東伊運	(dōng yī yùn)
東引	(dōng yǐn)
東引鄉	(dōng yǐn xiāng)
東印度公司	(dōng yìn dù gōng sī)
東營區	(dōng yíng qū)
東營市	(dōng yíng shì)
東瀛	(dōng yíng)
東源縣	(dōng yuán xiàn)
東嶽	(dōng yuè)
東張西望	(dōng zhāng xī wàng)
東征	(dōng zhēng)
東征西討	(dōng zhēng xī tǎo)
東征西怨	(dōng zhēng xī yuàn)
東正教	(dōng zhèng jiào)
東芝	(dōng zhī)
東直門	(dōng zhí mén)
東至縣	(dōng zhì xiàn)
東中國海	(dōng zhōng guó hǎi)
東周	(dōng zhōu)
東洲區	(dōng zhōu qū)
東主	(dōng zhǔ)
咚	(dōng)
咚咚	(dōng dōng)
崬	(dōng)
懂	(dǒng)
懂得	(dǒng de)
懂哥	(dǒng gē)
懂局	(dǒng jú)
懂門兒	(dǒng mén r)
懂事	(dǒng shì)
懂行	(dǒng háng)
懂眼	(dǒng yǎn)
侗	(dòng)
侗劇	(dòng jù)
侗人	(dòng rén)
侗族	(dòng zú)
垌	(dòng)
峒	(tóng)
峒劇	(dòng jù)
峒人	(dòng rén)
峒室	(dòng shì)
峝	(tóng)
恫	(dòng)
恫嚇	(dòng hè)
凍	(dòng)
凍穿	(dòng chuān)
凍瘡	(dòng chuāng)
凍櫃	(dòng guì)
凍害	(dòng hài)
凍僵	(dòng jiāng)
凍膠	(dòng jiāo)
凍結	(dòng jié)
凍齡	(dòng líng)
凍卵	(dòng luǎn)
凍品	(dòng pǐn)
凍乾	(dòng gān)
凍容	(dòng róng)
凍肉	(dòng ròu)
凍傷	(dòng shāng)
凍死	(dòng sǐ)
凍土	(dòng tǔ)
凍土層	(dòng tǔ céng)
凍硬	(dòng yìng)
凍雨	(dòng yǔ)
凍原	(dòng yuán)
凍漲	(dòng zhǎng)
崠	(dōng)
動	(dòng)
動L	(dòng l)
動保	(dòng bǎo)
動筆	(dòng bǐ)
動賓式	(dòng bīn shì)
動不動	(dòng bu dòng)
動不動就生氣	(dòng bu dòng jiù shēng qì)
動產	(dòng chǎn)
動車	(dòng chē)
動詞	(dòng cí)
動詞重疊	(dòng cí chóng dié)
動粗	(dòng cū)
動彈	(dòng tan)
動彈不得	(dòng tan bu dé)
動蕩	(dòng dàng)
動盪	(dòng dàng)
動點	(dòng diǎn)
動肝火	(dòng gān huǒ)
動感	(dòng gǎn)
動感單車	(dòng gǎn dān chē)
動工	(dòng gōng)
動毫毛	(dòng háo máo)
動畫	(dòng huà)
動畫片	(dòng huà piàn)
動機	(dòng jī)
動見觀瞻	(dòng jiàn guān zhān)
動靜	(dòng jìng)
動覺	(dòng jué)
動口	(dòng kǒu)
動力	(dòng lì)
動力反應堆	(dòng lì fǎn yìng duī)
動力系統	(dòng lì xì tǒng)
動力學	(dòng lì xué)
動量	(dòng liàng)
動量詞	(dòng liàng cí)
動亂	(dòng luàn)
動脈	(dòng mài)
動脈瘤	(dòng mài liú)
動脈硬化	(dòng mài yìng huà)
動脈粥樣硬化	(dòng mài zhōu yàng yìng huà)
動漫	(dòng màn)
動名詞	(dòng míng cí)
動腦	(dòng nǎo)
動腦筋	(dòng nǎo jīn)
動能	(dòng néng)
動能車	(dòng néng chē)
動怒	(dòng nù)
動平衡	(dòng píng héng)
動魄	(dòng pò)
動氣	(dòng qì)
動情	(dòng qíng)
動情激素	(dòng qíng jī sù)
動情期	(dòng qíng qī)
動情素	(dòng qíng sù)
動人	(dòng rén)
動人心魄	(dòng rén xīn pò)
動容	(dòng róng)
動身	(dòng shēn)
動手	(dòng shǒu)
動手動腳	(dòng shǒu dòng jiǎo)
動手腳	(dòng shǒu jiǎo)
動手術	(dòng shǒu shù)
動態	(dòng tài)
動態存儲器	(dòng tài cún chǔ qì)
動態雕塑	(dòng tài diāo sù)
動態更新	(dòng tài gēng xīn)
動態鏈接庫	(dòng tài liàn jiē kù)
動態清零	(dòng tài qīng líng)
動態圖形	(dòng tài tú xíng)
動態網頁	(dòng tài wǎng yè)
動態影像	(dòng tài yǐng xiàng)
動態助詞	(dòng tài zhù cí)
動聽	(dòng tīng)
動圖	(dòng tú)
動土	(dòng tǔ)
動問	(dòng wèn)
動臥	(dòng wò)
動武	(dòng wǔ)
動物	(dòng wù)
動物澱粉	(dòng wù diàn fěn)
動物毒素	(dòng wù dú sù)
動物分類	(dòng wù fēn lèi)
動物界	(dòng wù jiè)
動物農場	(dòng wù nóng chǎng)
動物性	(dòng wù xìng)
動物性飼料	(dòng wù xìng sì liào)
動物學	(dòng wù xué)
動物油	(dòng wù yóu)
動物園	(dòng wù yuán)
動物莊園	(dòng wù zhuāng yuán)
動線	(dòng xiàn)
動向	(dòng xiàng)
動效	(dòng xiào)
動心	(dòng xīn)
動搖	(dòng yáo)
動議	(dòng yì)
動因	(dòng yīn)
動用	(dòng yòng)
動員	(dòng yuán)
動員令	(dòng yuán lìng)
動輒	(dòng zhé)
動輒得咎	(dòng zhé dé jiù)
動真格	(dòng zhēn gé)
動植物	(dòng zhí wù)
動嘴	(dòng zuǐ)
動嘴皮	(dòng zuǐ pí)
動嘴皮兒	(dòng zuǐ pí r)
動作	(dòng zuò)
動作片	(dòng zuò piàn)
棟	(dòng)
棟梁	(dòng liáng)
働	(xx)
兜	(dōu)
兜捕	(dōu bǔ)
兜抄	(dōu chāo)
兜底	(dōu dǐ)
兜兜	(dōu dou)
兜兜轉轉	(dōu dōu zhuàn zhuàn)
兜肚	(dōu du)
兜兒	(dōu r)
兜翻	(dōu fān)
兜風	(dōu fēng)
兜攬	(dōu lǎn)
兜賣	(dōu mài)
兜帽	(dōu mào)
兜鍪	(dōu móu)
兜圈子	(dōu quān zi)
兜售	(dōu shòu)
兜頭	(dōu tóu)
兠	(dōu)
唞	(dǒu)
抖	(dǒu)
抖M	(dǒu m)
抖動	(dǒu dòng)
抖摟	(dǒu lou)
抖落	(dǒu luò)
抖內	(dǒu nèi)
抖瑟	(dǒu sè)
抖擻	(dǒu sǒu)
抖擻精神	(dǒu sǒu jīng shén)
抖縮	(dǒu suō)
抖音	(dǒu yīn)
枓	(dǒu)
枓拱	(dǒu gǒng)
枓栱	(dǒu gǒng)
斗	(dǒu)
斗柄	(dǒu bǐng)
斗車	(dǒu chē)
斗大	(dǒu dà)
斗膽	(dǒu dǎn)
斗拱	(dǒu gǒng)
斗酒隻雞	(dǒu jiǔ zhī jī)
斗笠	(dǒu lì)
斗六	(dǒu liù)
斗六市	(dǒu liù shì)
斗門區	(dǒu mén qū)
斗南	(dǒu nán)
斗南鎮	(dǒu nán zhèn)
斗內	(dǒu nèi)
斗牛	(dǒu niú)
斗篷	(dǒu peng)
斗筲	(dǒu shāo)
斗筲之材	(dǒu shāo zhī cái)
斗筲之器	(dǒu shāo zhī qì)
斗筲之人	(dǒu shāo zhī rén)
斗室	(dǒu shì)
斗轉星移	(dǒu zhuǎn xīng yí)
厾	(dū)
嘟	(dū)
嘟嘟車	(dū dū chē)
嘟嘟噥噥	(dū dū nóng nóng)
嘟嚕	(dū lu)
嘟囔	(dū nang)
嘟噥	(dū nong)
嘟嘴	(dū zuǐ)
毒	(dú)
毒參	(dú shēn)
毒蟲	(dú chóng)
毒刺	(dú cì)
毒打	(dú dǎ)
毒顎	(dú è)
毒販	(dú fàn)
毒害	(dú hài)
毒化	(dú huà)
毒雞湯	(dú jī tāng)
毒劑	(dú jì)
毒劑彈	(dú jì dàn)
毒駕	(dú jià)
毒辣	(dú là)
毒理學	(dú lǐ xué)
毒力	(dú lì)
毒瘤	(dú liú)
毒奶	(dú nǎi)
毒奶粉	(dú nǎi fěn)
毒品	(dú pǐn)
毒氣	(dú qì)
毒氣彈	(dú qì dàn)
毒殺	(dú shā)
毒舌	(dú shé)
毒蛇	(dú shé)
毒手	(dú shǒu)
毒素	(dú sù)
毒肽	(dú tài)
毒瓦斯	(dú wǎ sī)
毒唯	(dú wéi)
毒物	(dú wù)
毒腺	(dú xiàn)
毒梟	(dú xiāo)
毒刑	(dú xíng)
毒性	(dú xìng)
毒蕈	(dú xùn)
毒牙	(dú yá)
毒藥	(dú yào)
毒液	(dú yè)
毒癮	(dú yǐn)
毒蠅傘	(dú yíng sǎn)
毒莠定	(dú yǒu dìng)
毒爪	(dú zhuǎ)
毒株	(dú zhū)
毒資	(dú zī)
匵	(dú)
凟	(dú)
櫝	(dú)
殰	(dú)
堵	(dǔ)
堵車	(dǔ chē)
堵床上	(dǔ chuáng shàng)
堵擊	(dǔ jī)
堵截	(dǔ jié)
堵塞	(dǔ sè)
堵塞費	(dǔ sè fèi)
堵死	(dǔ sǐ)
堵住	(dǔ zhù)
杜	(dù)
杜拜	(dù bài)
杜邦	(dù bāng)
杜本內	(dù běn nèi)
杜比	(dù bǐ)
杜賓犬	(dù bīn quǎn)
杜布羅夫尼克	(dù bù luó fū ní kè)
杜篤瑪	(dù dǔ mǎ)
杜爾伯特蒙古族自治縣	(dù ěr bó tè měng gǔ zú zì zhì xiàn)
杜甫	(dù fǔ)
杜甫草堂	(dù fǔ cǎo táng)
杜哈	(dù hā)
杜衡	(dù héng)
杜蘅	(dù héng)
杜集區	(dù jí qū)
杜嘉班納	(dù jiā bān nà)
杜漸防萌	(dù jiān fáng méng)
杜鵑	(dù juān)
杜鵑花	(dù juān huā)
杜鵑花科	(dù juān huā kē)
杜鵑科	(dù juān kē)
杜鵑鳥	(dù juān niǎo)
杜鵑啼血	(dù juān tí xuè)
杜鵑座	(dù juān zuò)
杜絕	(dù jué)
杜康	(dù kāng)
杜口	(dù kǒu)
杜口裹足	(dù kǒu guǒ zú)
杜蕾斯	(dù lěi sī)
杜冷丁	(dù lěng dīng)
杜梨	(dù lí)
杜馬	(dù mǎ)
杜門	(dù mén)
杜門不出	(dù mén bù chū)
杜牧	(dù mù)
杜琪峰	(dù qí fēng)
杜塞	(dù sè)
杜塞道夫	(dù sè dào fū)
杜塞爾多夫	(dù sài ěr duō fū)
杜莎夫人	(dù shā fū ren)
杜尚別	(dù shàng bié)
杜氏腺	(dù shì xiàn)
杜氏腺體	(dù shì xiàn tǐ)
杜松子酒	(dù sōng zǐ jiǔ)
杜鬆子	(dù sōng zǐ)
杜瓦利埃	(dù wǎ lì āi)
杜威	(dù wēi)
杜興氏肌肉營養不良症	(dù xīng shì jī ròu yíng yǎng bù liáng zhèng)
杜荀鶴	(dù xún hè)
杜伊斯堡	(dù yī sī bǎo)
杜宇	(dù yǔ)
杜月笙	(dù yuè shēng)
杜仲	(dù zhòng)
杜撰	(dù zhuàn)
妒	(dù)
妒嫉	(dù jí)
妒忌	(dù jì)
妒能害賢	(dù néng hài xián)
妬	(dù)
度	(dù)
度牒	(dù dié)
度估	(dù gū)
度姑	(dù gū)
度過	(dù guò)
度假	(dù jià)
度假村	(dù jià cūn)
度假區	(dù jià qū)
度量	(dù liàng)
度量衡	(dù liàng héng)
度娘	(dù niáng)
度日	(dù rì)
度日如年	(dù rì rú nián)
度數	(dù shu)
度外	(dù wài)
段	(duàn)
段錯誤	(duàn cuò wù)
段落	(duàn luò)
段祺瑞	(duàn qí ruì)
段荃法	(duàn quán fǎ)
段氏	(duàn shì)
段數	(duàn shù)
段位	(duàn wèi)
段玉裁	(duàn yù cái)
段子	(duàn zi)
段子手	(duàn zi shǒu)
塅	(duàn)
椴	(duàn)
毈	(duàn)
斷	(duàn)
斷案	(duàn àn)
斷背	(duàn bèi)
斷壁殘垣	(duàn bì cán yuán)
斷壁頹垣	(duàn bì tuí yuán)
斷層	(duàn céng)
斷層成像	(duàn céng chéng xiàng)
斷層掃描	(duàn céng sǎo miáo)
斷層攝影	(duàn céng shè yǐng)
斷層線	(duàn céng xiàn)
斷腸	(duàn cháng)
斷代	(duàn dài)
斷檔	(duàn dàng)
斷點	(duàn diǎn)
斷電	(duàn diàn)
斷定	(duàn dìng)
斷斷續續	(duàn duàn xù xù)
斷頓	(duàn dùn)
斷港絕潢	(duàn gǎng jué huáng)
斷供	(duàn gōng)
斷乎	(duàn hū)
斷魂椒	(duàn hún jiāo)
斷貨	(duàn huò)
斷交	(duàn jiāo)
斷句	(duàn jù)
斷絕	(duàn jué)
斷開	(duàn kāi)
斷糧	(duàn liáng)
斷裂	(duàn liè)
斷裂帶	(duàn liè dài)
斷裂模數	(duàn liè mó shù)
斷裂強度	(duàn liè qiáng dù)
斷流	(duàn liú)
斷路器	(duàn lù qì)
斷碼	(duàn mǎ)
斷滅	(duàn miè)
斷滅論	(duàn miè lùn)
斷奶	(duàn nǎi)
斷片	(duàn piàn)
斷片兒	(duàn piàn r)
斷氣	(duàn qì)
斷橋	(duàn qiáo)
斷球	(duàn qiú)
斷然	(duàn rán)
斷乳	(duàn rǔ)
斷捨離	(duàn shě lí)
斷生	(duàn shēng)
斷食	(duàn shí)
斷送	(duàn sòng)
斷頭路	(duàn tóu lù)
斷頭台	(duàn tóu tái)
斷腿	(duàn tuǐ)
斷瓦殘垣	(duàn wǎ cán yuán)
斷網	(duàn wǎng)
斷尾	(duàn wěi)
斷弦	(duàn xián)
斷線	(duàn xiàn)
斷線風箏	(duàn xiàn fēng zhēng)
斷線鉗	(duàn xiàn qián)
斷想	(duàn xiǎng)
斷行	(duàn xíng)
斷袖	(duàn xiù)
斷袖之癖	(duàn xiù zhī pǐ)
斷續	(duàn xù)
斷崖	(duàn yá)
斷崖式	(duàn yá shì)
斷言	(duàn yán)
斷語	(duàn yǔ)
斷獄	(duàn yù)
斷垣殘壁	(duàn yuán cán bì)
斷章取義	(duàn zhāng qǔ yì)
斷肢	(duàn zhī)
斷子絕孫	(duàn zǐ jué sūn)
垖	(duī)
堆	(duī)
堆案盈几	(duī àn yíng jī)
堆疊	(duī dié)
堆堆帽	(duī duī mào)
堆放	(duī fàng)
堆肥	(duī féi)
堆高車	(duī gāo chē)
堆高機	(duī gāo jī)
堆積	(duī jī)
堆積木	(duī jī mù)
堆積如山	(duī jī rú shān)
堆金積玉	(duī jīn jī yù)
堆壘	(duī lěi)
堆壘數論	(duī lěi shù lùn)
堆龍德慶區	(duī lóng dé qìng qū)
堆滿	(duī mǎn)
堆砌	(duī qì)
堆芯	(duī xīn)
堆棧	(duī zhàn)
塠	(duī)
㨃	(duǐ)
兌	(duì)
兌付	(duì fù)
兌換	(duì huàn)
兌換率	(duì huàn lǜ)
兌獎	(duì jiǎng)
兌現	(duì xiàn)
對	(duì)
對氨基苯丙酮	(duì ān jī běn bǐng tóng)
對岸	(duì àn)
對案	(duì àn)
對白	(duì bái)
對版	(duì bǎn)
對半	(duì bàn)
對杯	(duì bēi)
對本	(duì běn)
對苯醌	(duì běn kūn)
對比	(duì bǐ)
對比度	(duì bǐ dù)
對比聯想	(duì bǐ lián xiǎng)
對比色	(duì bǐ sè)
對比溫度	(duì bǐ wēn dù)
對標	(duì biāo)
對錶	(duì biǎo)
對不對	(duì bù duì)
對不起	(duì bu qǐ)
對不上	(duì bù shàng)
對不住	(duì bu zhù)
對簿	(duì bù)
對簿公堂	(duì bù gōng táng)
對策	(duì cè)
對茬兒	(duì chá r)
對唱	(duì chàng)
對襯	(duì chèn)
對稱	(duì chèn)
對稱空間	(duì chèn kōng jiān)
對稱美	(duì chèn měi)
對稱破缺	(duì chèn pò quē)
對稱性	(duì chèn xìng)
對稱軸	(duì chèn zhóu)
對沖	(duì chōng)
對沖基金	(duì chōng jī jīn)
對詞	(duì cí)
對刺	(duì cì)
對答	(duì dá)
對答如流	(duì dá rú liú)
對打	(duì dǎ)
對待	(duì dài)
對得起	(duì de qǐ)
對地	(duì dì)
對等	(duì děng)
對敵	(duì dí)
對調	(duì diào)
對頂角	(duì dǐng jiǎo)
對賭	(duì dǔ)
對對碰	(duì duì pèng)
對對子	(duì duì zi)
對方	(duì fāng)
對方付費電話	(duì fāng fù fèi diàn huà)
對方付款電話	(duì fāng fù kuǎn diàn huà)
對付	(duì fu)
對歌	(duì gē)
對工	(duì gōng)
對工兒	(duì gōng r)
對攻	(duì gōng)
對過	(duì guò)
對號	(duì hào)
對號入座	(duì hào rù zuò)
對號座	(duì hào zuò)
對合	(duì hé)
對華	(duì huá)
對話	(duì huà)
對話課	(duì huà kè)
對話框	(duì huà kuàng)
對換	(duì huàn)
對火	(duì huǒ)
對家	(duì jiā)
對價	(duì jià)
對講電話	(duì jiǎng diàn huà)
對講機	(duì jiǎng jī)
對焦	(duì jiāo)
對角	(duì jiǎo)
對角線	(duì jiǎo xiàn)
對接	(duì jiē)
對襟	(duì jīn)
對勁	(duì jìn)
對勁兒	(duì jìn r)
對酒當歌	(duì jiǔ dāng gē)
對局	(duì jú)
對句	(duì jù)
對決	(duì jué)
對開	(duì kāi)
對抗	(duì kàng)
對抗賽	(duì kàng sài)
對抗性	(duì kàng xìng)
對抗者	(duì kàng zhě)
對課	(duì kè)
對空火器	(duì kōng huǒ qì)
對空射擊	(duì kōng shè jī)
對口	(duì kǒu)
對口詞	(duì kǒu cí)
對口徑	(duì kǒu jìng)
對口相聲	(duì kǒu xiàng shēng)
對口型	(duì kǒu xíng)
對了	(duì le)
對壘	(duì lěi)
對立	(duì lì)
對立面	(duì lì miàn)
對聯	(duì lián)
對流	(duì liú)
對流層	(duì liú céng)
對流層頂	(duì liú céng dǐng)
對路	(duì lù)
對馬	(duì mǎ)
對馬島	(duì mǎ dǎo)
對馬海峽	(duì mǎ hǎi xiá)
對罵	(duì mà)
對么	(duì yāo)
對美	(duì měi)
對門	(duì mén)
對面	(duì miàn)
對內	(duì nèi)
對牛彈琴	(duì niú tán qín)
對偶	(duì ǒu)
對偶多面體	(duì ǒu duō miàn tǐ)
對偶性	(duì ǒu xìng)
對齊	(duì qí)
對羥基苯甲酸酯	(duì qiǎng jī běn jiǎ suān zhǐ)
對親	(duì qīn)
對日	(duì rì)
對上	(duì shàng)
對生	(duì shēng)
對世權	(duì shì quán)
對事不對人	(duì shì bù duì rén)
對視	(duì shì)
對手	(duì shǒu)
對數	(duì shù)
對數函數	(duì shù hán shù)
對談	(duì tán)
對頭	(duì tóu)
對外	(duì wài)
對外關係	(duì wài guān xì)
對外經濟貿易大學	(duì wài jīng jì mào yì dà xué)
對外聯絡部	(duì wài lián luò bù)
對外貿易	(duì wài mào yì)
對外政策	(duì wài zhèng cè)
對望	(duì wàng)
對位	(duì wèi)
對味兒	(duì wèi r)
對胃口	(duì wèi kǒu)
對我來說	(duì wǒ lái shuō)
對蝦	(duì xiā)
對蝦科	(duì xiā kē)
對象	(duì xiàng)
對消	(duì xiāo)
對心	(duì xīn)
對心兒	(duì xīn r)
對眼	(duì yǎn)
對乙酰氨基酚	(duì yǐ xiān ān jī fēn)
對弈	(duì yì)
對映	(duì yìng)
對映體	(duì yìng tǐ)
對映異構	(duì yìng yì gòu)
對映異構體	(duì yìng yì gòu tǐ)
對應	(duì yìng)
對應詞	(duì yìng cí)
對於	(duì yú)
對戰	(duì zhàn)
對仗	(duì zhàng)
對帳	(duì zhàng)
對賬	(duì zhàng)
對照	(duì zhào)
對照表	(duì zhào biǎo)
對照組	(duì zhào zǔ)
對摺	(duì zhé)
對陣	(duì zhèn)
對症	(duì zhèng)
對症下藥	(duì zhèng xià yào)
對證	(duì zhèng)
對蹠點	(duì zhí diǎn)
對峙	(duì zhì)
對質	(duì zhì)
對著幹	(duì zhe gàn)
對著和尚罵賊禿	(duì zhe hé shang mà zéi tū)
對撞	(duì zhuàng)
對撞機	(duì zhuàng jī)
對準	(duì zhǔn)
對酌	(duì zhuó)
對子	(duì zi)
對嘴	(duì zuǐ)
對坐	(duì zuò)
憝	(duì)
懟	(duǐ)
惇	(dūn)
敦	(dūn)
敦促	(dūn cù)
敦豪	(dūn háo)
敦厚	(dūn hòu)
敦化市	(dūn huà shì)
敦煌石窟	(dūn huáng shí kū)
敦煌市	(dūn huáng shì)
敦刻爾克	(dūn kè ěr kè)
敦倫	(dūn lún)
敦睦	(dūn mù)
㪟	(dūn)
墩	(dūn)
墩布	(dūn bù)
墩子	(dūn zi)
壿	(cún)
墪	(dūn)
噸	(dūn)
噸公里	(dūn gōng lǐ)
噸級	(dūn jí)
噸數	(dūn shù)
噸位	(dūn wèi)
囤	(tún)
囤貨	(tún huò)
囤積	(tún jī)
囤積居奇	(tún jī jū qí)
楯	(shǔn)
多	(duō)
多巴胺	(duō bā àn)
多半	(duō bàn)
多瓣蒜	(duō bàn suàn)
多胞形	(duō bāo xíng)
多寶魚	(duō bǎo yú)
多報	(duō bào)
多倍體	(duō bèi tǐ)
多邊	(duō biān)
多邊形	(duō biān xíng)
多邊主義	(duō biān zhǔ yì)
多變	(duō biàn)
多才	(duō cái)
多才多藝	(duō cái duō yì)
多采	(duō cǎi)
多彩	(duō cǎi)
多彩多姿	(duō cǎi duō zī)
多側面	(duō cè miàn)
多層	(duō céng)
多層材	(duō céng cái)
多層大廈	(duō céng dà shà)
多產	(duō chǎn)
多吃多佔	(duō chī duō zhàn)
多愁多病	(duō chóu duō bìng)
多愁善感	(duō chóu shàn gǎn)
多舛	(duō chuǎn)
多此一舉	(duō cǐ yī jǔ)
多次	(duō cì)
多達	(duō dá)
多大	(duō dà)
多大點事	(duō dà diǎn shì)
多黨	(duō dǎng)
多黨選舉	(duō dǎng xuǎn jǔ)
多黨制	(duō dǎng zhì)
多得是	(duō de shì)
多點觸控	(duō diǎn chù kòng)
多動症	(duō dòng zhèng)
多端	(duō duān)
多多	(duō duō)
多多馬	(duō duō mǎ)
多多少少	(duō duō shǎo shǎo)
多多益善	(duō duō yì shàn)
多爾	(duō ěr)
多發病	(duō fā bìng)
多發性骨髓瘤	(duō fā xìng gǔ suǐ liú)
多發性硬化症	(duō fā xìng yìng huà zhèng)
多方	(duō fāng)
多方面	(duō fāng miàn)
多方位	(duō fāng wèi)
多放	(duō fàng)
多菲什	(duō fēi shí)
多芬	(duō fēn)
多佛	(duō fó)
多佛爾	(duō fó ěr)
多哥	(duō gē)
多個	(duō ge)
多個朋友多條路	(duō gè péng yǒu duō tiáo lù)
多工	(duō gōng)
多工化	(duō gōng huà)
多工器	(duō gōng qì)
多工運作	(duō gōng yùn zuò)
多工作業	(duō gōng zuò yè)
多功能	(duō gōng néng)
多功能表	(duō gōng néng biǎo)
多寡	(duō guǎ)
多管閒事	(duō guǎn xián shì)
多國	(duō guó)
多國公司	(duō guó gōng sī)
多哈	(duō hā)
多哈回合	(duō hā huí hé)
多鏵犁	(duō huá lí)
多吉幣	(duō jí bì)
多極化	(duō jí huà)
多角體	(duō jiǎo tǐ)
多角形	(duō jiǎo xíng)
多金	(duō jīn)
多晶	(duō jīng)
多晶硅	(duō jīng guī)
多晶片模組	(duō jīng piàn mó zǔ)
多久	(duō jiǔ)
多看幾眼	(duō kàn jǐ yǎn)
多孔	(duō kǒng)
多孔動物	(duō kǒng dòng wù)
多孔動物門	(duō kǒng dòng wù mén)
多孔性	(duō kǒng xìng)
多虧	(duō kuī)
多勞多得	(duō láo duō dé)
多了去了	(duō le qù le)
多累	(duō lèi)
多禮	(duō lǐ)
多力多滋	(duō lì duō zī)
多利	(duō lì)
多粒子	(duō lì zǐ)
多倫多	(duō lún duō)
多倫縣	(duō lún xiàn)
多輪	(duō lún)
多氯聯苯	(duō lǜ lián běn)
多慮	(duō lǜ)
多麼	(duō me)
多媒體	(duō méi tǐ)
多米尼加	(duō mǐ ní jiā)
多米尼加共和國	(duō mǐ ní jiā gòng hé guó)
多米尼克	(duō mǐ ní kè)
多米尼克國	(duō mǐ ní kè guó)
多米諾	(duō mǐ nuò)
多米諾骨牌	(duō mǐ nuò gǔ pái)
多面角	(duō miàn jiǎo)
多面手	(duō miàn shǒu)
多面體	(duō miàn tǐ)
多民族	(duō mín zú)
多民族國家	(duō mín zú guó jiā)
多明尼加	(duō míng ní jiā)
多明尼加共和國	(duō míng ní jiā gòng hé guó)
多模	(duō mó)
多模光纖	(duō mó guāng xiān)
多模塊	(duō mó kuài)
多謀善斷	(duō móu shàn duàn)
多目的	(duō mù dì)
多幕劇	(duō mù jù)
多拿滋	(duō ná zī)
多那太羅	(duō nǎ tài luó)
多難興邦	(duō nàn xīng bāng)
多囊卵巢綜合症	(duō náng luǎn cháo zōng hé zhèng)
多瑙	(duō nǎo)
多瑙河	(duō nǎo hé)
多年	(duō nián)
多年來	(duō nián lái)
多年生	(duō nián shēng)
多平臺	(duō píng tái)
多普達	(duō pǔ dá)
多普勒	(duō pǔ lè)
多普勒效應	(duō pǔ lè xiào yìng)
多妻制	(duō qī zhì)
多錢善賈	(duō qián shàn gǔ)
多情	(duō qíng)
多任務處理	(duō rèn wu chǔ lǐ)
多日賽	(duō rì sài)
多肉	(duō ròu)
多肉植物	(duō ròu zhí wù)
多如牛毛	(duō rú niú máo)
多山	(duō shān)
多少	(duō shao)
多少有些	(duō shǎo yǒu xiē)
多神教	(duō shén jiào)
多神論	(duō shén lùn)
多神論者	(duō shén lùn zhě)
多時	(duō shí)
多士	(duō shì)
多事	(duō shì)
多事之秋	(duō shì zhī qiū)
多手多腳	(duō shǒu duō jiǎo)
多束	(duō shù)
多數	(duō shù)
多數黨	(duō shù dǎng)
多數決	(duō shù jué)
多水分	(duō shuǐ fèn)
多胎妊娠	(duō tāi rèn shēn)
多肽	(duō tài)
多態	(duō tài)
多糖	(duō táng)
多醣	(duō táng)
多特蒙德	(duō tè méng dé)
多頭	(duō tóu)
多頭市場	(duō tóu shì chǎng)
多退少補	(duō tuì shǎo bǔ)
多維	(duō wéi)
多聞天	(duō wén tiān)
多細胞	(duō xì bāo)
多細胞生物	(duō xì bāo shēng wù)
多線染色體	(duō xiàn rǎn sè tǐ)
多香果	(duō xiāng guǒ)
多項式	(duō xiàng shì)
多項式方程	(duō xiàng shì fāng chéng)
多項式方程組	(duō xiàng shì fāng chéng zǔ)
多謝	(duō xiè)
多心	(duō xīn)
多星	(duō xīng)
多行不義必自斃	(duō xíng bù yì bì zì bì)
多形核白細胞	(duō xíng hé bái xì bāo)
多型	(duō xíng)
多選題	(duō xuǎn tí)
多學科	(duō xué kē)
多言	(duō yán)
多樣	(duō yàng)
多樣化	(duō yàng huà)
多樣性	(duō yàng xìng)
多葉	(duō yè)
多一事不如少一事	(duō yī shì bù rú shǎo yī shì)
多伊爾	(duō yī ěr)
多疑	(duō yí)
多益	(duō yì)
多義	(duō yì)
多義詞	(duō yì cí)
多義性	(duō yì xìng)
多音	(duō yīn)
多音多義字	(duō yīn duō yì zì)
多音節詞	(duō yīn jié cí)
多音字	(duō yīn zì)
多用	(duō yòng)
多用表	(duō yòng biǎo)
多用戶	(duō yòng hù)
多用途	(duō yòng tú)
多於	(duō yú)
多餘	(duō yú)
多語言	(duō yǔ yán)
多育	(duō yù)
多元	(duō yuán)
多元不飽和脂肪酸	(duō yuán bù bǎo hé zhī fáng suān)
多元化	(duō yuán huà)
多元論	(duō yuán lùn)
多元文化主義	(duō yuán wén huà zhǔ yì)
多元性	(duō yuán xìng)
多元宇宙	(duō yuán yǔ zhòu)
多元酯	(duō yuán zhǐ)
多雲	(duō yún)
多災多難	(duō zāi duō nàn)
多栽花少栽刺	(duō zāi huā shǎo zāi cì)
多咱	(duō zan)
多早晚	(duō zǎo wǎn)
多站	(duō zhàn)
多站地址	(duō zhàn dì zhǐ)
多汁	(duō zhī)
多值	(duō zhí)
多值函數	(duō zhí hán shù)
多種	(duō zhǒng)
多種多樣	(duō zhǒng duō yàng)
多種維生素	(duō zhǒng wéi shēng sù)
多重	(duō chóng)
多重國籍	(duō chóng guó jí)
多重結局	(duō chóng jié jú)
多重性	(duō chóng xìng)
多助	(duō zhù)
多姿	(duō zī)
多姿多彩	(duō zī duō cǎi)
多子多福	(duō zǐ duō fú)
多字節	(duō zì jié)
多足動物	(duō zú dòng wù)
多足類	(duō zú lèi)
多嘴	(duō zuǐ)
多嘴多舌	(duō zuǐ duō shé)
咄	(duō)
咄咄	(duō duō)
咄咄逼人	(duō duō bī rén)
咄咄稱奇	(duō duō chēng qí)
咄咄怪事	(duō duō guài shì)
哆	(duō)
哆啦A夢	(duō lā a mèng)
哆囉美遠	(duō luō měi yuǎn)
哆囉美遠族	(duō luō měi yuǎn zú)
哆嗦	(duō suo)
剟	(duō)
掇	(duō)
掇刀區	(duō dāo qū)
掇臀捧屁	(duō tún pěng pì)
敪	(duó)
嚉	(duō)
敓	(duó)
喥	(dù)
奪	(duó)
奪標	(duó biāo)
奪得	(duó dé)
奪冠	(duó guàn)
奪回	(duó huí)
奪金	(duó jīn)
奪魁	(duó kuí)
奪門而出	(duó mén ér chū)
奪目	(duó mù)
奪偶	(duó ǒu)
奪取	(duó qǔ)
奪權	(duó quán)
奪舍	(duó shè)
奪走	(duó zǒu)
朵	(duǒ)
朵頤	(duǒ yí)
朶	(duǒ)
垛	(duǒ)
垛口	(duǒ kǒu)
哚	(duǒ)
埵	(duǒ)
嚲	(duǒ)
剁	(duò)
剁椒	(duò jiāo)
剁手黨	(duò shǒu dǎng)
剁手節	(duò shǒu jié)
剁碎	(duò suì)
刴	(duò)
垜	(duǒ)
柮	(duò)
惰	(duò)
惰性	(duò xìng)
惰性氣體	(duò xìng qì tǐ)
媠	(duò)
墮	(duò)
墮樓	(duò lóu)
墮落	(duò luò)
墮胎	(duò tāi)
墮雲霧中	(duò yún wù zhōng)
嶞	(duò)
妸	(ē)
屙	(ē)
屙尿	(ē niào)
屙屎	(ē shǐ)
娿	(ē)
婀	(ē)
婀娜	(ē nuó)
吪	(é)
囮	(é)
俄	(é)
俄巴底亞書	(é bā dǐ yà shū)
俄備得	(é bèi dé)
俄狄浦斯	(é dí pǔ sī)
俄狄浦斯期	(é dí pǔ sī qī)
俄狄浦斯情結	(é dí pǔ sī qíng jié)
俄而	(é ér)
俄國	(é guó)
俄國人	(é guó rén)
俄亥俄	(é hài é)
俄亥俄州	(é hài é zhōu)
俄軍	(é jūn)
俄克拉何馬	(é kè lā hé mǎ)
俄克拉何馬城	(é kè lā hé mǎ chéng)
俄克拉荷馬	(é kè lā hé mǎ)
俄勒岡	(é lè gāng)
俄勒岡州	(é lè gāng zhōu)
俄聯邦	(é lián bāng)
俄羅斯	(é luó sī)
俄羅斯帝國	(é luó sī dì guó)
俄羅斯方塊	(é luó sī fāng kuài)
俄羅斯聯邦	(é luó sī lián bāng)
俄羅斯輪盤	(é luó sī lún pán)
俄羅斯人	(é luó sī rén)
俄羅斯族	(é luó sī zú)
俄期	(é qī)
俄頃	(é qǐng)
俄塔社	(é tǎ shè)
俄文	(é wén)
俄烏	(é wū)
俄語	(é yǔ)
俄中	(é zhōng)
俄中朝	(é zhōng cháo)
峨	(é)
峨邊彝族自治縣	(é biān yí zú zì zhì xiàn)
峨冠博帶	(é guān bó dài)
峨眉柳鶯	(é méi liǔ yīng)
峨眉山	(é méi shān)
峨眉山市	(é méi shān shì)
峨眉鄉	(é méi xiāng)
峨嵋	(é méi)
峨嵋拳	(é méi quán)
峨嵋山	(é méi shān)
峨嵋鶲鶯	(é méi wēng yīng)
峨山彝族自治縣	(é shān yí zú zì zhì xiàn)
峩	(é)
娥	(é)
娥眉	(é méi)
䖸	(é)
䳗	(é)
䳘	(é)
枙	(è)
噁	(è)
噁心	(ě xīn)
厄	(è)
厄爾布魯士	(è ěr bù lǔ shì)
厄爾尼諾	(è ěr ní nuò)
厄爾尼諾現象	(è ěr ní nuò xiàn xiàng)
厄瓜多	(è guā duō)
厄瓜多爾	(è guā duō ěr)
厄境	(è jìng)
厄勒布魯	(è lè bù lǔ)
厄勒海峽	(è lè hǎi xiá)
厄立特里亞	(è lì tè lǐ yà)
厄利垂亞	(è lì chuí yà)
厄洛斯	(è luò sī)
厄什塔	(è shén tǎ)
厄娃	(è wá)
厄運	(è yùn)
歺	(dǎi)
戹	(è)
扼	(è)
扼喉撫背	(è hóu fǔ bèi)
扼襟控咽	(è jīn kòng yān)
扼頸	(è jǐng)
扼殺	(è shā)
扼守	(è shǒu)
扼死	(è sǐ)
扼腕	(è wàn)
扼要	(è yào)
扼制	(è zhì)
呃	(è)
呃逆	(è nì)
呝	(è)
咢	(è)
姶	(è)
堊	(è)
堮	(è)
惡	(è)
惡霸	(è bà)
惡報	(è bào)
惡病質	(è bìng zhì)
惡補	(è bǔ)
惡叉白賴	(è chā bái lài)
惡臭	(è chòu)
惡創	(è chuāng)
惡德	(è dé)
惡鬥	(è dòu)
惡毒	(è dú)
惡惡實實	(è è shí shí)
惡婦	(è fù)
惡感	(è gǎn)
惡搞	(è gǎo)
惡搞文化	(è gǎo wén huà)
惡貫滿盈	(è guàn mǎn yíng)
惡鬼	(è guǐ)
惡棍	(è gùn)
惡果	(è guǒ)
惡漢	(è hàn)
惡狠	(è hěn)
惡狠狠	(è hěn hěn)
惡恨	(wù hèn)
惡化	(è huà)
惡疾	(è jí)
惡跡	(è jì)
惡口	(è kǒu)
惡辣	(è là)
惡浪	(è làng)
惡劣	(è liè)
惡露	(è lù)
惡罵	(è mà)
惡夢	(è mèng)
惡名	(è míng)
惡名兒	(è míng r)
惡名昭彰	(è míng zhāo zhāng)
惡名昭著	(è míng zhāo zhù)
惡魔	(è mó)
惡魔城	(è mó chéng)
惡癖	(è pǐ)
惡氣	(è qì)
惡人	(è rén)
惡人先告狀	(è rén xiān gào zhuàng)
惡煞	(è shà)
惡少	(è shào)
惡舌	(è shé)
惡神	(è shén)
惡聲	(è shēng)
惡事	(è shì)
惡事傳千里	(è shì chuán qiān lǐ)
惡勢力	(è shì lì)
惡誓	(è shì)
惡水	(è shuǐ)
惡俗	(è sú)
惡歲	(è suì)
惡損	(è sǔn)
惡徒	(è tú)
惡習	(è xí)
惡相	(è xiàng)
惡心	(è xīn)
惡行	(è xíng)
惡性	(è xìng)
惡性瘤	(è xìng liú)
惡性瘧原蟲	(è xìng nüè yuán chóng)
惡性通貨膨脹	(è xìng tōng huò péng zhàng)
惡性循環	(è xìng xún huán)
惡性腫瘤	(è xìng zhǒng liú)
惡性轉移	(è xìng zhuǎn yí)
惡兇兇	(è xiōng xiōng)
惡言	(è yán)
惡言傷人	(è yán shāng rén)
惡意	(è yì)
惡意代碼	(è yì dài mǎ)
惡意軟件	(è yì ruǎn jiàn)
惡意中傷	(è yì zhòng shāng)
惡有惡報	(è yǒu è bào)
惡語	(è yǔ)
惡語傷人	(è yǔ shāng rén)
惡語中傷	(è yǔ zhòng shāng)
惡運	(è yùn)
惡戰	(è zhàn)
惡仗	(è zhàng)
惡整	(è zhěng)
惡濁	(è zhuó)
惡作劇	(è zuò jù)
惡唑啉	(è zuò lín)
惡唑啉酮	(è zuò lín tóng)
崿	(è)
愕	(è)
愕然	(è rán)
噩	(è)
噩耗	(è hào)
噩夢	(è mèng)
噩運	(è yùn)
㤙	(ēn)
恩	(ēn)
恩愛	(ēn ài)
恩比天大	(ēn bǐ tiān dà)
恩寵	(ēn chǒng)
恩仇	(ēn chóu)
恩慈	(ēn cí)
恩賜	(ēn cì)
恩德	(ēn dé)
恩典	(ēn diǎn)
恩斷義絕	(ēn duàn yì jué)
恩俸	(ēn fèng)
恩膏	(ēn gāo)
恩格爾	(ēn gé ěr)
恩格斯	(ēn gé sī)
恩公	(ēn gōng)
恩惠	(ēn huì)
恩賈梅納	(ēn jiǎ méi nà)
恩將仇報	(ēn jiāng chóu bào)
恩客	(ēn kè)
恩里科·費米	(ēn lǐ kē · fèi mǐ)
恩眄	(ēn miǎn)
恩培多克勒	(ēn péi duō kè lēi)
恩平市	(ēn píng shì)
恩情	(ēn qíng)
恩人	(ēn rén)
恩施市	(ēn shī shì)
恩施土家族苗族自治州	(ēn shī tǔ jiā zú miáo zú zì zhì zhōu)
恩施縣	(ēn shī xiàn)
恩師	(ēn shī)
恩斯赫德	(ēn sī hè dé)
恩同再造	(ēn tóng zài zào)
恩威兼施	(ēn wēi jiān shī)
恩陽區	(ēn yáng qū)
恩義	(ēn yì)
恩怨	(ēn yuàn)
恩澤	(ēn zé)
恩准	(ēn zhǔn)
摁	(èn)
摁釘兒	(èn dīng r)
摁扣兒	(èn kòu r)
兒	(ér)
兒不嫌母醜，狗不嫌家貧	(ér bù xián mǔ chǒu , gǒu bù xián jiā pín)
兒茶素	(ér chá sù)
兒歌	(ér gē)
兒化	(ér huà)
兒化音	(ér huà yīn)
兒化韻	(ér huà yùn)
兒科	(ér kē)
兒馬	(ér mǎ)
兒女	(ér nǚ)
兒女雙全	(ér nǚ shuāng quán)
兒女英雄傳	(ér nǚ yīng xióng zhuàn)
兒時	(ér shí)
兒孫	(ér sūn)
兒孫自有兒孫福	(ér sūn zì yǒu ér sūn fú)
兒童	(ér tóng)
兒童基金會	(ér tóng jī jīn huì)
兒童節	(ér tóng jié)
兒童權利公約	(ér tóng quán lì gōng yuē)
兒童樂園	(ér tóng lè yuán)
兒媳	(ér xí)
兒媳婦	(ér xí fù)
兒媳婦兒	(ér xí fù r)
兒戲	(ér xì)
兒子	(ér zi)
栭	(ér)
唲	(ér)
尓	(ěr)
尒	(ěr)
二	(èr)
二八	(èr bā)
二把刀	(èr bǎ dāo)
二把手	(èr bǎ shǒu)
二百五	(èr bǎi wǔ)
二斑百靈	(èr bān bǎi líng)
二寶	(èr bǎo)
二倍體	(èr bèi tǐ)
二苯氯胂	(èr běn lǜ shèn)
二屄	(èr bī)
二逼	(èr bī)
二便	(èr biàn)
二遍苦	(èr biàn kǔ)
二部制	(èr bù zhì)
二側	(èr cè)
二叉樹	(èr chā shù)
二茬罪	(èr chá zuì)
二產婦	(èr chǎn fù)
二醇	(èr chún)
二次	(èr cì)
二次大戰	(èr cì dà zhàn)
二次多項式	(èr cì duō xiàng shì)
二次方	(èr cì fāng)
二次方程	(èr cì fāng chéng)
二次函數	(èr cì hán shù)
二次曲	(èr cì qū)
二次曲面	(èr cì qū miàn)
二次曲線	(èr cì qū xiàn)
二次世界大戰	(èr cì shì jiè dà zhàn)
二次型	(èr cì xíng)
二次元	(èr cì yuán)
二代	(èr dài)
二道販子	(èr dào fàn zi)
二道江區	(èr dào jiāng qū)
二道區	(èr dào qū)
二地主	(èr dì zhǔ)
二等	(èr děng)
二等艙	(èr děng cāng)
二等車	(èr děng chē)
二等公民	(èr děng gōng mín)
二迭紀	(èr dié jì)
二疊紀	(èr dié jì)
二丁醚	(èr dīng mí)
二度	(èr dù)
二噁英	(èr è yīng)
二惡英	(èr è yīng)
二房	(èr fáng)
二房東	(èr fáng dōng)
二分	(èr fēn)
二分點	(èr fēn diǎn)
二分裂	(èr fēn liè)
二分音符	(èr fēn yīn fú)
二分之一	(èr fēn zhī yī)
二副	(èr fù)
二尕子	(èr gǎ zi)
二甘醇	(èr gān chún)
二杆子	(èr gān zi)
二哥	(èr gē)
二鬼子	(èr guǐ zi)
二鍋頭	(èr guō tóu)
二過一	(èr guò yī)
二哈	(èr hā)
二號電池	(èr hào diàn chí)
二號人物	(èr hào rén wù)
二合一	(èr hé yī)
二胡	(èr hú)
二話	(èr huà)
二話不說	(èr huà bù shuō)
二黃	(èr huáng)
二簧	(èr huáng)
二婚	(èr hūn)
二婚頭	(èr hūn tóu)
二貨	(èr huò)
二級	(èr jí)
二級士官	(èr jí shì guān)
二級頭	(èr jí tóu)
二級頭呼吸器	(èr jí tóu hū xī qì)
二極管	(èr jí guǎn)
二甲苯	(èr jiǎ běn)
二甲基砷酸	(èr jiǎ jī shēn suān)
二甲基胂酸	(èr jiǎ jī shèn suān)
二價	(èr jià)
二尖瓣	(èr jiān bàn)
二尖瓣狹窄	(èr jiān bàn xiá zhǎi)
二簡	(èr jiǎn)
二階	(èr jiē)
二節棍	(èr jié gùn)
二進	(èr jìn)
二進宮	(èr jìn gōng)
二進制	(èr jìn zhì)
二進制編碼	(èr jìn zhì biān mǎ)
二聚體	(èr jù tǐ)
二刻拍案驚奇	(èr kè pāi àn jīng qí)
二來	(èr lái)
二郎神	(èr láng shén)
二郎腿	(èr láng tuǐ)
二老	(èr lǎo)
二愣子	(èr lèng zi)
二里頭	(èr lǐ tou)
二連	(èr lián)
二連浩特市	(èr lián hào tè shì)
二連巨盜龍	(èr lián jù dào lóng)
二連盆地	(èr lián pén dì)
二聯式發票	(èr lián shì fā piào)
二林	(èr lín)
二林鎮	(èr lín zhèn)
二磷酸腺苷	(èr lín suān xiàn gān)
二流	(èr liú)
二流子	(èr liú zi)
二硫化碳	(èr liú huà tàn)
二硫基丙醇	(èr liú jī bǐng chún)
二硫基丙磺酸鈉	(èr liú jī bǐng huáng suān nà)
二硫基琥珀酸鈉	(èr liú jī hǔ pò suān nà)
二硫鍵	(èr liú jiàn)
二崙	(èr lún)
二崙鄉	(èr lún xiāng)
二輪	(èr lún)
二輪片	(èr lún piàn)
二氯胺	(èr lǜ àn)
二氯苯胺苯乙酸鈉	(èr lǜ běn àn běn yǐ suān nà)
二氯甲烷	(èr lǜ jiǎ wán)
二氯異三聚氰酸鈉	(èr lǜ yì sān jù qíng suān nà)
二毛子	(èr máo zi)
二名法	(èr míng fǎ)
二拇指	(èr mu zhǐ)
二奶	(èr nǎi)
二年生	(èr nián shēng)
二七區	(èr qī qū)
二人世界	(èr rén shì jiè)
二人臺	(èr rén tái)
二人轉	(èr rén zhuàn)
二審	(èr shěn)
二聲	(èr shēng)
二十八宿	(èr shí bā xiù)
二十面體	(èr shí miàn tǐ)
二十四史	(èr shí sì shǐ)
二十四孝	(èr shí sì xiào)
二十五史	(èr shí wǔ shǐ)
二十一點	(èr shí yī diǎn)
二世	(èr shì)
二世祖	(èr shì zǔ)
二手	(èr shǒu)
二手車	(èr shǒu chē)
二手房	(èr shǒu fáng)
二手貨	(èr shǒu huò)
二手煙	(èr shǒu yān)
二水	(èr shuǐ)
二水貨	(èr shuǐ huò)
二水鄉	(èr shuǐ xiāng)
二胎	(èr tāi)
二湯	(èr tāng)
二糖	(èr táng)
二踢腳	(èr tī jiǎo)
二頭肌	(èr tóu jī)
二維	(èr wéi)
二維碼	(èr wéi mǎ)
二項式	(èr xiàng shì)
二項式定理	(èr xiàng shì dìng lǐ)
二項式係數	(èr xiàng shì xì shù)
二心	(èr xīn)
二氧化氮	(èr yǎng huà dàn)
二氧化硅	(èr yǎng huà guī)
二氧化錳	(èr yǎng huà měng)
二氧化鈦	(èr yǎng huà tài)
二氧化碳隔離	(èr yǎng huà tàn gé lí)
二氧化物	(èr yǎng huà wù)
二氧化鈾	(èr yǎng huà yóu)
二氧芑	(èr yǎng qǐ)
二氧雜芑	(èr yǎng zá qǐ)
二一添作五	(èr yī tiān zuò wǔ)
二元	(èr yuán)
二元論	(èr yuán lùn)
二月	(èr yuè)
二月份	(èr yuè fèn)
二戰	(èr zhàn)
二者	(èr zhě)
二正丙醚	(èr zhèng bǐng mí)
二指	(èr zhǐ)
二致	(èr zhì)
二重	(èr chóng)
二重唱	(èr chóng chàng)
二重根	(èr chóng gēn)
二重母音	(èr chóng mǔ yīn)
二重下標	(èr chóng xià biāo)
二重性	(èr chóng xìng)
二重奏	(èr chóng zòu)
弍	(èr)
刵	(èr)
佴	(èr)
咡	(èr)
樲	(èr)
廢	(fèi)
廢案	(fèi àn)
廢材	(fèi cái)
廢柴	(fèi chái)
廢弛	(fèi chí)
廢除	(fèi chú)
廢黜	(fèi chù)
廢掉	(fèi diào)
廢藩置縣	(fèi fān zhì xiàn)
廢鋼	(fèi gāng)
廢話	(fèi huà)
廢話連篇	(fèi huà lián piān)
廢舊	(fèi jiù)
廢料	(fèi liào)
廢品	(fèi pǐn)
廢品收購站	(fèi pǐn shōu gòu zhàn)
廢氣	(fèi qì)
廢棄	(fèi qì)
廢寢食	(fèi qǐn shí)
廢寢忘食	(fèi qǐn wàng shí)
廢然	(fèi rán)
廢熱	(fèi rè)
廢人	(fèi rén)
廢時	(fèi shí)
廢水	(fèi shuǐ)
廢鐵	(fèi tiě)
廢銅爛鐵	(fèi tóng làn tiě)
廢統	(fèi tǒng)
廢土	(fèi tǔ)
廢物	(fèi wù)
廢物點心	(fèi wù diǎn xin)
廢物箱	(fèi wù xiāng)
廢墟	(fèi xū)
廢液	(fèi yè)
廢渣	(fèi zhā)
廢止	(fèi zhǐ)
廢紙	(fèi zhǐ)
廢置	(fèi zhì)
橃	(fá)
乏	(fá)
乏力	(fá lì)
乏燃料	(fá rán liào)
乏燃料棒	(fá rán liào bàng)
乏人照顧	(fá rén zhào gù)
乏善可陳	(fá shàn kě chén)
乏味	(fá wèi)
伐	(fá)
伐柯	(fá kē)
伐木	(fá mù)
伐木場	(fá mù chǎng)
伐木工人	(fá mù gōng rén)
垡	(fá)
栰	(fá)
佱	(fǎ)
㳒	(fǎ)
䂲	(fǎ)
㠶	(fān)
帆	(fān)
帆板	(fān bǎn)
帆背潛鴨	(fān bèi qián yā)
帆布	(fān bù)
帆布鞋	(fān bù xié)
帆船	(fān chuán)
帆傘	(fān sǎn)
幡	(fān)
幡然	(fān rán)
幡然改圖	(fān rán gǎi tú)
旛	(fān)
凢	(fán)
凡	(fán)
凡百	(fán bǎi)
凡塵	(fán chén)
凡得瓦力	(fán dé wǎ lì)
凡爾丁	(fán ěr dīng)
凡爾賽	(fán ěr sài)
凡爾賽宮	(fán ěr sài gōng)
凡爾賽文學	(fán ěr sài wén xué)
凡夫	(fán fū)
凡夫俗子	(fán fū sú zǐ)
凡高	(fán gāo)
凡間	(fán jiān)
凡近	(fán jìn)
凡立水	(fán lì shuǐ)
凡例	(fán lì)
凡人	(fán rén)
凡賽斯	(fán sài sī)
凡士林	(fán shì lín)
凡士通	(fán shì tōng)
凡事	(fán shì)
凡是	(fán shì)
凡俗	(fán sú)
凡響	(fán xiǎng)
凡心	(fán xīn)
凡庸	(fán yōng)
墦	(fán)
樊	(fán)
樊城區	(fán chéng qū)
樊籬	(fán lí)
樊籠	(fán lóng)
橎	(fǎn)
攵	(pū)
反	(fǎn)
反安慰劑	(fǎn ān wèi jì)
反白	(fǎn bái)
反敗為勝	(fǎn bài wéi shèng)
反比	(fǎn bǐ)
反駁	(fǎn bó)
反哺	(fǎn bǔ)
反側	(fǎn cè)
反差	(fǎn chā)
反鏟	(fǎn chǎn)
反常	(fǎn cháng)
反超	(fǎn chāo)
反襯	(fǎn chèn)
反赤道流	(fǎn chì dào liú)
反衝	(fǎn chōng)
反衝力	(fǎn chōng lì)
反芻	(fǎn chú)
反芻動物	(fǎn chú dòng wù)
反傳算法	(fǎn chuán suàn fǎ)
反串	(fǎn chuàn)
反唇相譏	(fǎn chún xiāng jī)
反彈	(fǎn tán)
反彈導彈	(fǎn dàn dǎo dàn)
反黨	(fǎn dǎng)
反導	(fǎn dǎo)
反導彈	(fǎn dǎo dàn)
反導導彈	(fǎn dǎo dǎo dàn)
反導系統	(fǎn dǎo xì tǒng)
反倒	(fǎn dào)
反帝	(fǎn dì)
反坫	(fǎn diàn)
反電子	(fǎn diàn zǐ)
反動	(fǎn dòng)
反動分子	(fǎn dòng fèn zǐ)
反動派	(fǎn dòng pài)
反動勢力	(fǎn dòng shì li)
反杜林論	(fǎn dù lín lùn)
反對	(fǎn duì)
反對黨	(fǎn duì dǎng)
反對派	(fǎn duì pài)
反對票	(fǎn duì piào)
反而	(fǎn ér)
反反復復	(fǎn fǎn fù fù)
反方	(fǎn fāng)
反諷	(fǎn fěng)
反腐	(fǎn fǔ)
反腐敗	(fǎn fǔ bài)
反腐倡廉	(fǎn fǔ chàng lián)
反復	(fǎn fù)
反覆	(fǎn fù)
反覆無常	(fǎn fù wú cháng)
反感	(fǎn gǎn)
反高潮	(fǎn gāo cháo)
反革命	(fǎn gé mìng)
反革命宣傳煽動罪	(fǎn gé mìng xuān chuán shān dòng zuì)
反攻	(fǎn gōng)
反躬自問	(fǎn gōng zì wèn)
反共	(fǎn gòng)
反骨	(fǎn gǔ)
反顧	(fǎn gù)
反觀	(fǎn guān)
反光	(fǎn guāng)
反光鏡	(fǎn guāng jìng)
反光面	(fǎn guāng miàn)
反過來	(fǎn guo lái)
反過來說	(fǎn guò lái shuō)
反函數	(fǎn hán shù)
反核	(fǎn hé)
反華	(fǎn huá)
反話	(fǎn huà)
反悔	(fǎn huǐ)
反基督	(fǎn jī dū)
反擊	(fǎn jī)
反季	(fǎn jì)
反季節	(fǎn jì jié)
反間	(fǎn jiàn)
反間諜	(fǎn jiàn dié)
反間計	(fǎn jiàn jì)
反剪	(fǎn jiǎn)
反艦導彈	(fǎn jiàn dǎo dàn)
反艦艇	(fǎn jiàn tǐng)
反角	(fǎn jué)
反接	(fǎn jiē)
反詰	(fǎn jié)
反詰問	(fǎn jié wèn)
反鋸齒	(fǎn jù chǐ)
反抗	(fǎn kàng)
反抗者	(fǎn kàng zhě)
反科學	(fǎn kē xué)
反客為主	(fǎn kè wéi zhǔ)
反空降	(fǎn kōng jiàng)
反恐	(fǎn kǒng)
反恐戰爭	(fǎn kǒng zhàn zhēng)
反口	(fǎn kǒu)
反酷刑折磨公約	(fǎn kù xíng zhé mó gōng yuē)
反饋	(fǎn kuì)
反例	(fǎn lì)
反粒子	(fǎn lì zǐ)
反臉無情	(fǎn liǎn wú qíng)
反壟斷	(fǎn lǒng duàn)
反壟斷法	(fǎn lǒng duàn fǎ)
反錄病毒	(fǎn lù bìng dú)
反美	(fǎn měi)
反美是工作赴美是生活	(fǎn měi shì gōng zuò fù měi shì shēng huó)
反密碼子	(fǎn mì mǎ zi)
反面	(fǎn miàn)
反面兒	(fǎn miàn r)
反面教材	(fǎn miàn jiào cái)
反面教員	(fǎn miàn jiào yuán)
反面人物	(fǎn miàn rén wù)
反目	(fǎn mù)
反目成仇	(fǎn mù chéng chóu)
反派	(fǎn pài)
反叛	(fǎn pàn)
反叛分子	(fǎn pàn fèn zǐ)
反批評	(fǎn pī píng)
反撲	(fǎn pū)
反璞歸真	(fǎn pú guī zhēn)
反其道而行之	(fǎn qí dào ér xíng zhī)
反氣旋	(fǎn qì xuán)
反潛	(fǎn qián)
反切	(fǎn qiè)
反清	(fǎn qīng)
反傾銷	(fǎn qīng xiāo)
反求諸己	(fǎn qiú zhū jǐ)
反裘負芻	(fǎn qiú fù chú)
反曲弓	(fǎn qū gōng)
反人道罪	(fǎn rén dào zuì)
反人道罪行	(fǎn rén dào zuì xíng)
反人類	(fǎn rén lèi)
反人類罪	(fǎn rén lèi zuì)
反日	(fǎn rì)
反散射	(fǎn sǎn shè)
反殺	(fǎn shā)
反社會	(fǎn shè huì)
反社會行為	(fǎn shè huì xíng wéi)
反射	(fǎn shè)
反射動作	(fǎn shè dòng zuò)
反射光	(fǎn shè guāng)
反射弧	(fǎn shè hú)
反射鏡	(fǎn shè jìng)
反射療法	(fǎn shè liáo fǎ)
反射面	(fǎn shè miàn)
反射區治療	(fǎn shè qū zhì liáo)
反射望遠鏡	(fǎn shè wàng yuǎn jìng)
反射星雲	(fǎn shè xīng yún)
反射作用	(fǎn shè zuò yòng)
反身	(fǎn shēn)
反身代詞	(fǎn shēn dài cí)
反滲透	(fǎn shèn tòu)
反滲透法	(fǎn shèn tòu fǎ)
反生物戰	(fǎn shēng wù zhàn)
反省	(fǎn xǐng)
反聖嬰	(fǎn shèng yīng)
反詩	(fǎn shī)
反時勢	(fǎn shí shì)
反時針	(fǎn shí zhēn)
反式	(fǎn shì)
反式脂肪	(fǎn shì zhī fáng)
反噬	(fǎn shì)
反手	(fǎn shǒu)
反水	(fǎn shuǐ)
反思	(fǎn sī)
反訴	(fǎn sù)
反訴狀	(fǎn sù zhuàng)
反酸	(fǎn suān)
反鎖	(fǎn suǒ)
反貪	(fǎn tān)
反貪腐	(fǎn tān fǔ)
反貪污	(fǎn tān wū)
反坦克	(fǎn tǎn kè)
反特	(fǎn tè)
反托拉斯	(fǎn tuō lā sī)
反圍剿	(fǎn wéi jiǎo)
反胃	(fǎn wèi)
反文旁	(fǎn wén páng)
反問	(fǎn wèn)
反問句	(fǎn wèn jù)
反問語氣	(fǎn wèn yǔ qì)
反污	(fǎn wū)
反烏托邦	(fǎn wū tuō bāng)
反誣	(fǎn wū)
反物質	(fǎn wù zhì)
反習	(fǎn xí)
反相	(fǎn xiàng)
反相器	(fǎn xiàng qì)
反響	(fǎn xiǎng)
反向	(fǎn xiàng)
反斜杠	(fǎn xié gàng)
反斜線	(fǎn xié xiàn)
反興奮劑	(fǎn xīng fèn jì)
反演	(fǎn yǎn)
反咬一口	(fǎn yǎo yī kǒu)
反義	(fǎn yì)
反義詞	(fǎn yì cí)
反義字	(fǎn yì zì)
反英	(fǎn yīng)
反英雄	(fǎn yīng xióng)
反映	(fǎn yìng)
反映論	(fǎn yìng lùn)
反應	(fǎn yìng)
反應堆	(fǎn yìng duī)
反應堆芯	(fǎn yìng duī xīn)
反應鍋	(fǎn yìng guō)
反應爐	(fǎn yìng lú)
反應時	(fǎn yìng shí)
反應時間	(fǎn yìng shí jiān)
反應式	(fǎn yìng shì)
反用換流器	(fǎn yòng huàn liú qì)
反猶太主義	(fǎn yóu tài zhǔ yì)
反右	(fǎn yòu)
反語	(fǎn yǔ)
反袁運動	(fǎn yuán yùn dòng)
反賊	(fǎn zéi)
反戰	(fǎn zhàn)
反掌	(fǎn zhǎng)
反照	(fǎn zhào)
反照率	(fǎn zhào lǜ)
反正	(fǎn zhèng)
反正一樣	(fǎn zhèng yī yàng)
反政府	(fǎn zhèng fǔ)
反證	(fǎn zhèng)
反證法	(fǎn zhèng fǎ)
反之	(fǎn zhī)
反之亦然	(fǎn zhī yì rán)
反知識	(fǎn zhī shi)
反制	(fǎn zhì)
反智	(fǎn zhì)
反智論	(fǎn zhì lùn)
反智主義	(fǎn zhì zhǔ yì)
反轉	(fǎn zhuǎn)
反轉錄	(fǎn zhuǎn lù)
反轉錄病毒	(fǎn zhuǎn lù bìng dú)
反撞	(fǎn zhuàng)
反走私	(fǎn zǒu sī)
反嘴	(fǎn zuǐ)
反嘴鷸	(fǎn zuǐ yù)
反作用	(fǎn zuò yòng)
反作用力	(fǎn zuò yòng lì)
反坐	(fǎn zuò)
払	(fǎn)
梵	(fàn)
梵唄	(fàn bài)
梵冊貝葉	(fàn cè bèi yè)
梵帝岡	(fàn dì gāng)
梵蒂岡	(fàn dì gāng)
梵蒂岡城	(fàn dì gāng chéng)
梵諦岡	(fàn dì gāng)
梵婀玲	(fàn ē líng)
梵高	(fàn gāo)
梵谷	(fàn gǔ)
梵漢對音	(fàn hàn duì yīn)
梵教	(fàn jiào)
梵克雅寶	(fàn kè yǎ bǎo)
梵剎	(fàn chà)
梵書	(fàn shū)
梵天	(fàn tiān)
梵文	(fàn wén)
梵啞鈴	(fàn yǎ líng)
梵語	(fàn yǔ)
嬎	(fàn)
嬎蛋	(fàn dàn)
嬔	(fù)
匚	(fāng)
方	(fāng)
方案	(fāng àn)
方便	(fāng biàn)
方便麵	(fāng biàn miàn)
方便貼	(fāng biàn tiē)
方才	(fāng cái)
方艙	(fāng cāng)
方冊	(fāng cè)
方策	(fāng cè)
方差	(fāng chā)
方城	(fāng chéng)
方城縣	(fāng chéng xiàn)
方程	(fāng chéng)
方程式	(fāng chéng shì)
方程組	(fāng chéng zǔ)
方寸	(fāng cùn)
方寸大亂	(fāng cùn dà luàn)
方寸已亂	(fāng cùn yǐ luàn)
方大同	(fāng dà tóng)
方頂	(fāng dǐng)
方法	(fāng fǎ)
方法論	(fāng fǎ lùn)
方法學	(fāng fǎ xué)
方方面面	(fāng fāng miàn miàn)
方方正正	(fāng fāng zhèng zhèng)
方格	(fāng gé)
方格紙	(fāng gé zhǐ)
方劑	(fāng jì)
方家	(fāng jiā)
方尖碑	(fāng jiān bēi)
方解石	(fāng jiě shí)
方孔錢	(fāng kǒng qián)
方塊	(fāng kuài)
方塊舞	(fāng kuài wǔ)
方塊字	(fāng kuài zì)
方框圖	(fāng kuàng tú)
方括號	(fāng kuò hào)
方臘	(fāng là)
方略	(fāng lüè)
方帽	(fāng mào)
方面	(fāng miàn)
方命	(fāng mìng)
方能	(fāng néng)
方妮	(fāng nī)
方鉛礦	(fāng qiān kuàng)
方枘圓鑿	(fāng ruì yuán záo)
方山縣	(fāng shān xiàn)
方士	(fāng shì)
方式	(fāng shì)
方術	(fāng shù)
方糖	(fāng táng)
方頭	(fāng tóu)
方頭巾	(fāng tóu jīn)
方頭括號	(fāng tóu kuò hào)
方頭螺帽	(fāng tóu luó mào)
方腿	(fāng tuǐ)
方尾鶲	(fāng wěi wēng)
方位	(fāng wèi)
方位詞	(fāng wèi cí)
方位角	(fāng wèi jiǎo)
方文山	(fāng wén shān)
方物	(fāng wù)
方釳	(fāng xì)
方向	(fāng xiàng)
方向感	(fāng xiàng gǎn)
方向盤	(fāng xiàng pán)
方向性	(fāng xiàng xìng)
方形	(fāng xíng)
方興未艾	(fāng xīng wèi ài)
方興未已	(fāng xīng wèi yǐ)
方言	(fāng yán)
方毅	(fāng yì)
方音	(fāng yīn)
方圓	(fāng yuán)
方丈	(fāng zhang)
方針	(fāng zhēn)
方陣	(fāng zhèn)
方正	(fāng zhèng)
方正縣	(fāng zhèng xiàn)
方知	(fāng zhī)
方志	(fāng zhì)
方舟	(fāng zhōu)
方莊	(fāng zhuāng)
方滋未艾	(fāng zī wèi ài)
方子	(fāng zi)
坊	(fāng)
坊間	(fāng jiān)
坊間傳言	(fāng jiān chuán yán)
坊子區	(fāng zǐ qū)
枋	(fāng)
枋寮	(fāng liáo)
枋寮鄉	(fāng liáo xiāng)
枋山	(fāng shān)
枋山鄉	(fāng shān xiāng)
妨	(fáng)
妨礙	(fáng ài)
妨礙球	(fáng ài qiú)
妨功害能	(fáng gōng hài néng)
妨害	(fáng hài)
妨害公務	(fáng hài gōng wù)
房	(fáng)
房艙	(fáng cāng)
房產	(fáng chǎn)
房產證	(fáng chǎn zhèng)
房產中介	(fáng chǎn zhōng jiè)
房顫	(fáng chàn)
房車	(fáng chē)
房貸	(fáng dài)
房地產	(fáng dì chǎn)
房地美	(fáng dì měi)
房頂	(fáng dǐng)
房東	(fáng dōng)
房費	(fáng fèi)
房價	(fáng jià)
房間	(fáng jiān)
房卡	(fáng kǎ)
房客	(fáng kè)
房勞	(fáng láo)
房門	(fáng mén)
房奴	(fáng nú)
房契	(fáng qì)
房錢	(fáng qián)
房山區	(fáng shān qū)
房舍	(fáng shè)
房市	(fáng shì)
房事	(fáng shì)
房室	(fáng shì)
房屋	(fáng wū)
房屋中介	(fáng wū zhōng jiè)
房下	(fáng xià)
房縣	(fáng xiàn)
房玄齡	(fáng xuán líng)
房牙	(fáng yá)
房牙子	(fáng yá zi)
房檐	(fáng yán)
房中房	(fáng zhōng fáng)
房仲	(fáng zhòng)
房主	(fáng zhǔ)
房子	(fáng zi)
房租	(fáng zū)
仿	(fǎng)
仿諷	(fǎng fěng)
仿佛	(fǎng fú)
仿古	(fǎng gǔ)
仿冒	(fǎng mào)
仿冒品	(fǎng mào pǐn)
仿皮	(fǎng pí)
仿品	(fǎng pǐn)
仿如	(fǎng rú)
仿賽	(fǎng sài)
仿射	(fǎng shè)
仿射空間	(fǎng shè kōng jiān)
仿射子空間	(fǎng shè zǐ kōng jiān)
仿生	(fǎng shēng)
仿生學	(fǎng shēng xué)
仿似	(fǎng sì)
仿宋	(fǎng sòng)
仿傚	(fǎng xiào)
仿行	(fǎng xíng)
仿羊皮紙	(fǎng yáng pí zhǐ)
仿造	(fǎng zào)
仿照	(fǎng zhào)
仿真	(fǎng zhēn)
仿真服務器	(fǎng zhēn fú wù qì)
仿紙	(fǎng zhǐ)
仿製	(fǎng zhì)
仿製品	(fǎng zhì pǐn)
仿製藥	(fǎng zhì yào)
昉	(fǎng)
倣	(fǎng)
旊	(fǎng)
放	(fàng)
放爆竹	(fàng bào zhú)
放鞭炮	(fàng biān pào)
放不下	(fàng bu xià)
放不下心	(fàng bu xià xīn)
放長線釣大魚	(fàng cháng xiàn diào dà yú)
放出	(fàng chū)
放大	(fàng dà)
放大倍數	(fàng dà bèi shù)
放大鏡	(fàng dà jìng)
放大炮	(fàng dà pào)
放大片	(fàng dà piàn)
放大器	(fàng dà qì)
放大紙	(fàng dà zhǐ)
放貸	(fàng dài)
放膽	(fàng dǎn)
放誕	(fàng dàn)
放誕不羈	(fàng dàn bù jī)
放誕不拘	(fàng dàn bù jū)
放蕩	(fàng dàng)
放蕩不羈	(fàng dàng bù jī)
放倒	(fàng dǎo)
放得下	(fàng de xià)
放低	(fàng dī)
放電	(fàng diàn)
放刁	(fàng diāo)
放毒	(fàng dú)
放飛	(fàng fēi)
放飛機	(fàng fēi jī)
放風	(fàng fēng)
放告	(fàng gào)
放鴿子	(fàng gē zi)
放工	(fàng gōng)
放過	(fàng guò)
放還	(fàng huán)
放話	(fàng huà)
放緩	(fàng huǎn)
放火	(fàng huǒ)
放假	(fàng jià)
放進	(fàng jìn)
放開	(fàng kāi)
放開手腳	(fàng kāi shǒu jiǎo)
放克	(fàng kè)
放空	(fàng kōng)
放空擋	(fàng kōng dǎng)
放空炮	(fàng kōng pào)
放寬	(fàng kuān)
放款	(fàng kuǎn)
放浪	(fàng làng)
放浪不羈	(fàng làng bù jī)
放浪形骸	(fàng làng xíng hái)
放療	(fàng liáo)
放馬過來	(fàng mǎ guò lái)
放馬後炮	(fàng mǎ hòu pào)
放慢	(fàng màn)
放慢腳步	(fàng màn jiǎo bù)
放慢速度	(fàng màn sù dù)
放牧	(fàng mù)
放鳥	(fàng niǎo)
放牛班	(fàng niú bān)
放屁	(fàng pì)
放屁蟲	(fàng pì chóng)
放平	(fàng píng)
放氣	(fàng qì)
放棄	(fàng qì)
放槍	(fàng qiāng)
放情	(fàng qíng)
放情丘壑	(fàng qíng qiū hè)
放晴	(fàng qíng)
放權	(fàng quán)
放熱反應	(fàng rè fǎn yìng)
放任	(fàng rèn)
放任政策	(fàng rèn zhèng cè)
放任自流	(fàng rèn zì liú)
放入	(fàng rù)
放山雞	(fàng shān jī)
放閃	(fàng shǎn)
放哨	(fàng shào)
放射	(fàng shè)
放射病	(fàng shè bìng)
放射蟲	(fàng shè chóng)
放射防護	(fàng shè fáng hù)
放射療法	(fàng shè liáo fǎ)
放射免疫測定	(fàng shè miǎn yì cè dìng)
放射物	(fàng shè wù)
放射線	(fàng shè xiàn)
放射性	(fàng shè xìng)
放射性材料	(fàng shè xìng cái liào)
放射性碘	(fàng shè xìng diǎn)
放射性廢物	(fàng shè xìng fèi wù)
放射性核素	(fàng shè xìng hé sù)
放射性活度	(fàng shè xìng huó dù)
放射性落下灰	(fàng shè xìng luò xià huī)
放射性衰變	(fàng shè xìng shuāi biàn)
放射性同位素	(fàng shè xìng tóng wèi sù)
放射性污染	(fàng shè xìng wū rǎn)
放射性武器	(fàng shè xìng wǔ qì)
放射性煙羽	(fàng shè xìng yān yǔ)
放射性沾染	(fàng shè xìng zhān rǎn)
放射性沾染物	(fàng shè xìng zhān rǎn wù)
放射學	(fàng shè xué)
放射源	(fàng shè yuán)
放射治療	(fàng shè zhì liáo)
放生	(fàng shēng)
放聲	(fàng shēng)
放聲大哭	(fàng shēng dà kū)
放手	(fàng shǒu)
放手一搏	(fàng shǒu yī bó)
放暑假	(fàng shǔ jià)
放水	(fàng shuǐ)
放水屁	(fàng shuǐ pì)
放肆	(fàng sì)
放鬆	(fàng sōng)
放送	(fàng sòng)
放衛星	(fàng wèi xīng)
放下	(fàng xià)
放下包袱	(fàng xia bāo fu)
放下身段	(fàng xià shēn duàn)
放下屠刀，立地成佛	(fàng xià tú dāo , lì dì chéng fó)
放線	(fàng xiàn)
放線菌	(fàng xiàn jūn)
放心	(fàng xīn)
放行	(fàng xíng)
放學	(fàng xué)
放血	(fàng xiě)
放煙幕彈	(fàng yān mù dàn)
放眼	(fàng yǎn)
放眼望去	(fàng yǎn wàng qù)
放焰口	(fàng yàn kǒu)
放羊	(fàng yáng)
放羊娃	(fàng yáng wá)
放養	(fàng yǎng)
放一馬	(fàng yī mǎ)
放音	(fàng yīn)
放映	(fàng yìng)
放映機	(fàng yìng jī)
放映室	(fàng yìng shì)
放在心上	(fàng zài xīn shàng)
放在眼裡	(fàng zài yǎn lǐ)
放債	(fàng zhài)
放之四海而皆準	(fàng zhī sì hǎi ér jiē zhǔn)
放置	(fàng zhì)
放逐	(fàng zhú)
放著明白裝糊塗	(fàng zhe míng bai zhuāng hú tu)
放縱	(fàng zòng)
放走	(fàng zǒu)
妃	(fēi)
妃嬪	(fēi pín)
妃子	(fēi zi)
妃子笑	(fēi zi xiào)
扉	(fēi)
扉畫	(fēi huà)
扉頁	(fēi yè)
䬠	(fēi)
朏	(fěi)
匪	(fěi)
匪幫	(fěi bāng)
匪巢	(fěi cháo)
匪盜	(fěi dào)
匪首	(fěi shǒu)
匪徒	(fěi tú)
匪徒集團	(fěi tú jí tuán)
匪穴	(fěi xué)
匪夷所思	(fěi yí suǒ sī)
奜	(fěi)
悱	(fěi)
棐	(fěi)
斐	(fěi)
斐波那契	(fěi bō nà qì)
斐迪南	(fěi dí nán)
斐濟	(fěi jì)
斐理伯	(fěi lǐ bó)
斐理伯書	(fěi lǐ bó shū)
斐然	(fěi rán)
榧	(fěi)
吠	(fèi)
吠叫	(fèi jiào)
吠陀	(fèi tuó)
厞	(fèi)
剕	(fèi)
俷	(fèi)
屝	(fèi)
櫠	(fèi)
分	(fèn)
分班	(fēn bān)
分包	(fēn bāo)
分包商	(fēn bāo shāng)
分貝	(fēn bèi)
分崩離析	(fēn bēng lí xī)
分辨	(fēn biàn)
分辨率	(fēn biàn lǜ)
分辯	(fēn biàn)
分別	(fēn bié)
分波多工	(fēn bō duō gōng)
分布圖	(fēn bù tú)
分步驟	(fēn bù zhòu)
分佈	(fēn bù)
分佈控制	(fēn bù kòng zhì)
分佈式	(fēn bù shì)
分佈式環境	(fēn bù shì huán jìng)
分佈式結構	(fēn bù shì jié gòu)
分佈式網絡	(fēn bù shì wǎng luò)
分佈圖	(fēn bù tú)
分部	(fēn bù)
分餐	(fēn cān)
分冊	(fēn cè)
分層	(fēn céng)
分叉	(fēn chà)
分汊	(fēn chà)
分岔	(fēn chà)
分拆	(fèn chāi)
分產主義	(fēn chǎn zhǔ yì)
分成	(fēn chéng)
分詞	(fēn cí)
分寸	(fēn cun)
分擔	(fēn dān)
分當	(fèn dāng)
分道揚鑣	(fēn dào yáng biāo)
分地	(fēn dì)
分點	(fēn diǎn)
分店	(fēn diàn)
分掉	(fēn diào)
分度	(fēn dù)
分段	(fēn duàn)
分隊	(fēn duì)
分而治之	(fēn ér zhì zhī)
分發	(fēn fā)
分房	(fēn fáng)
分肥	(fēn féi)
分分鐘	(fēn fēn zhōng)
分封	(fēn fēng)
分封制	(fēn fēng zhì)
分縫	(fēn fèng)
分付	(fēn fù)
分赴	(fēn fù)
分割	(fēn gē)
分割區	(fēn gē qū)
分隔	(fēn gé)
分給	(fēn gěi)
分工	(fēn gōng)
分公司	(fēn gōng sī)
分管	(fēn guǎn)
分光	(fēn guāng)
分光光度法	(fēn guāng guāng dù fǎ)
分光計	(fēn guāng jì)
分鍋	(fēn guō)
分毫	(fēn háo)
分毫之差	(fēn háo zhī chā)
分號	(fēn hào)
分洪	(fēn hóng)
分紅	(fēn hóng)
分化	(fēn huà)
分會	(fēn huì)
分會場	(fēn huì chǎng)
分機	(fēn jī)
分級	(fēn jí)
分際	(fèn jì)
分家	(fēn jiā)
分揀	(fēn jiǎn)
分角器	(fēn jiǎo qì)
分角線	(fēn jiǎo xiàn)
分節	(fēn jié)
分解	(fēn jiě)
分解代謝	(fēn jiě dài xiè)
分解者	(fēn jiě zhě)
分解作用	(fēn jiě zuò yòng)
分界線	(fēn jiè xiàn)
分鏡	(fēn jìng)
分鏡表	(fēn jìng biǎo)
分鏡頭	(fēn jìng tóu)
分久必合，合久必分	(fēn jiǔ bì hé , hé jiǔ bì fēn)
分居	(fēn jū)
分局	(fēn jú)
分句	(fēn jù)
分開	(fēn kāi)
分克	(fēn kè)
分類	(fēn lèi)
分類理論	(fēn lèi lǐ lùn)
分類學	(fēn lèi xué)
分類帳	(fēn lèi zhàng)
分離	(fēn lí)
分離分子	(fēn lí fèn zǐ)
分離主義	(fēn lí zhǔ yì)
分力	(fēn lì)
分立	(fēn lì)
分量	(fèn liàng)
分列	(fēn liè)
分列式	(fēn liè shì)
分裂	(fēn liè)
分裂情感性障礙	(fēn liè qíng gǎn xìng zhàng ài)
分裂主義	(fēn liè zhǔ yì)
分裂組織	(fēn liè zǔ zhī)
分流	(fēn liú)
分流電路	(fēn liú diàn lù)
分餾	(fēn liú)
分錄	(fēn lù)
分袂	(fēn mèi)
分門別類	(fēn mén bié lèi)
分米	(fēn mǐ)
分泌	(fēn mì)
分泌顆粒	(fēn mì kē lì)
分泌物	(fēn mì wù)
分娩	(fēn miǎn)
分秒必爭	(fēn miǎo bì zhēng)
分明	(fēn míng)
分母	(fēn mǔ)
分內	(fèn nèi)
分蘖	(fēn niè)
分櫱	(fēn niè)
分派	(fēn pài)
分配	(fēn pèi)
分配律	(fēn pèi lǜ)
分配器	(fēn pèi qì)
分批	(fēn pī)
分頻	(fēn pín)
分屏	(fēn píng)
分期	(fēn qī)
分期付款	(fēn qī fù kuǎn)
分歧	(fēn qí)
分歧點	(fēn qí diǎn)
分錢	(fēn qián)
分清	(fēn qīng)
分區	(fēn qū)
分權	(fēn quán)
分權制衡	(fēn quán zhì héng)
分散	(fēn sàn)
分散和弦	(fēn sàn hé xián)
分散式	(fēn sàn shì)
分色	(fēn sè)
分色鏡頭	(fēn sè jìng tóu)
分社	(fēn shè)
分設	(fēn shè)
分身	(fēn shēn)
分身乏術	(fēn shēn fá shù)
分神	(fēn shén)
分升	(fēn shēng)
分生組織	(fēn shēng zǔ zhī)
分屍	(fēn shī)
分時	(fēn shí)
分時多工	(fēn shí duō gōng)
分手	(fēn shǒu)
分手代理	(fēn shǒu dài lǐ)
分手炮	(fēn shǒu pào)
分屬	(fēn shǔ)
分述	(fēn shù)
分數	(fēn shù)
分數掛帥	(fēn shù guà shuài)
分數線	(fēn shù xiàn)
分水嶺	(fēn shuǐ lǐng)
分水線	(fēn shuǐ xiàn)
分說	(fēn shuō)
分送	(fēn sòng)
分訴	(fēn sù)
分所	(fēn suǒ)
分攤	(fēn tān)
分桃	(fēn táo)
分庭抗禮	(fēn tíng kàng lǐ)
分頭	(fēn tóu)
分頭路	(fēn tóu lù)
分瓦	(fēn wǎ)
分外	(fèn wài)
分為	(fēn wéi)
分位數	(fēn wèi shù)
分文	(fēn wén)
分文不取	(fēn wén bù qǔ)
分析	(fēn xī)
分析處理	(fēn xī chǔ lǐ)
分析法	(fēn xī fǎ)
分析化學	(fēn xī huà xué)
分析家	(fēn xī jiā)
分析器	(fēn xī qì)
分析人士	(fēn xī rén shì)
分析師	(fēn xī shī)
分析心理學	(fēn xī xīn lǐ xué)
分析學	(fēn xī xué)
分析語	(fēn xī yǔ)
分析員	(fēn xī yuán)
分系統	(fēn xì tǒng)
分相	(fēn xiàng)
分享	(fēn xiǎng)
分項	(fēn xiàng)
分銷	(fēn xiāo)
分銷店	(fēn xiāo diàn)
分銷商	(fēn xiāo shāng)
分銷網絡	(fēn xiāo wǎng luò)
分曉	(fēn xiǎo)
分校	(fēn xiào)
分心	(fēn xīn)
分星掰兩	(fēn xīng bāi liǎng)
分行	(fēn háng)
分形	(fēn xíng)
分形幾何	(fēn xíng jǐ hé)
分形幾何學	(fēn xíng jǐ hé xué)
分巡兵備道	(fēn xún bīng bèi dào)
分野	(fēn yě)
分頁	(fēn yè)
分頁符	(fēn yè fú)
分一杯羹	(fēn yī bēi gēng)
分宜縣	(fēn yí xiàn)
分異	(fēn yì)
分音符	(fēn yīn fú)
分憂	(fēn yōu)
分贓	(fēn zāng)
分則	(fēn zé)
分站	(fēn zhàn)
分賬	(fēn zhàng)
分針	(fēn zhēn)
分爭	(fēn zhēng)
分支	(fēn zhī)
分枝	(fēn zhī)
分至點	(fēn zhì diǎn)
分治	(fēn zhì)
分鐘	(fēn zhōng)
分裝	(fēn zhuāng)
分裝機	(fēn zhuāng jī)
分子	(fèn zǐ)
分子量	(fēn zǐ liàng)
分子料理	(fēn zǐ liào lǐ)
分子篩	(fēn zǐ shāi)
分子生物學	(fēn zǐ shēng wù xué)
分子式	(fēn zǐ shì)
分子醫學	(fēn zǐ yī xué)
分子遺傳學	(fēn zǐ yí chuán xué)
分子雜交	(fēn zǐ zá jiāo)
分租	(fēn zū)
分組	(fēn zǔ)
分組交換	(fēn zǔ jiāo huàn)
吩	(fēn)
吩咐	(fēn fu)
吩嗪	(fēn qín)
吩坦尼	(fēn tǎn ní)
棻	(fēn)
兝	(fen1ke4)
朆	(fēn)
坆	(fén)
棼	(fén)
份	(fèn)
份額	(fèn é)
份兒	(fèn r)
份兒飯	(fèn r fàn)
份量	(fèn liang)
份子	(fèn zi)
份子錢	(fèn zi qián)
坋	(bèn)
坋粒	(bèn lì)
坋土	(bèn tǔ)
忿	(fèn)
忿忿	(fèn fèn)
忿忿不平	(fèn fèn bù píng)
忿恨	(fèn hèn)
忿懣	(fèn mèn)
忿怒	(fèn nù)
僨	(fèn)
墳	(fén)
墳包	(fén bāo)
墳場	(fén chǎng)
墳地	(fén dì)
墳墓	(fén mù)
墳丘	(fén qiū)
墳山	(fén shān)
墳頭	(fén tóu)
墳穴	(fén xué)
墳塋	(fén yíng)
幩	(fén)
憤	(fèn)
憤憤	(fèn fèn)
憤憤不平	(fèn fèn bù píng)
憤恨	(fèn hèn)
憤激	(fèn jī)
憤慨	(fèn kǎi)
憤懣	(fèn mèn)
憤怒	(fèn nù)
憤青	(fèn qīng)
憤然	(fèn rán)
憤世嫉俗	(fèn shì jí sú)
奮	(fèn)
奮筆疾書	(fèn bǐ jí shū)
奮不顧身	(fèn bù gù shēn)
奮鬥	(fèn dòu)
奮發	(fèn fā)
奮發圖強	(fèn fā tú qiáng)
奮飛	(fèn fēi)
奮進	(fèn jìn)
奮進號	(fèn jìn hào)
奮力	(fèn lì)
奮袂	(fèn mèi)
奮起	(fèn qǐ)
奮起湖	(fèn qǐ hú)
奮起直追	(fèn qǐ zhí zhuī)
奮武揚威	(fèn wǔ yáng wēi)
奮勇	(fèn yǒng)
奮戰	(fèn zhàn)
丰	(fēng)
丰采	(fēng cǎi)
丰姿	(fēng zī)
凮	(fēng)
封	(fēng)
封包	(fēng bāo)
封閉	(fēng bì)
封閉性	(fēng bì xìng)
封閉性開局	(fēng bì xìng kāi jú)
封禪	(fēng shàn)
封塵	(fēng chén)
封城	(fēng chéng)
封存	(fēng cún)
封刀	(fēng dāo)
封地	(fēng dì)
封底	(fēng dǐ)
封底裡	(fēng dǐ lǐ)
封頂	(fēng dǐng)
封頂儀式	(fēng dǐng yí shì)
封凍	(fēng dòng)
封二	(fēng èr)
封蓋	(fēng gài)
封港	(fēng gǎng)
封官許願	(fēng guān xǔ yuàn)
封國	(fēng guó)
封裹	(fēng guǒ)
封號	(fēng hào)
封河期	(fēng hé qī)
封火	(fēng huǒ)
封建	(fēng jiàn)
封建社會	(fēng jiàn shè huì)
封建時代	(fēng jiàn shí dài)
封建思想	(fēng jiàn sī xiǎng)
封建制度	(fēng jiàn zhì dù)
封建主	(fēng jiàn zhǔ)
封建主義	(fēng jiàn zhǔ yì)
封疆	(fēng jiāng)
封禁	(fēng jìn)
封爵	(fēng jué)
封開縣	(fēng kāi xiàn)
封控	(fēng kòng)
封口	(fēng kǒu)
封口費	(fēng kǒu fèi)
封裡	(fēng lǐ)
封路	(fēng lù)
封面	(fēng miàn)
封泥	(fēng ní)
封皮	(fēng pí)
封妻蔭子	(fēng qī yìn zǐ)
封丘縣	(fēng qiū xiàn)
封入	(fēng rù)
封三	(fēng sān)
封沙育林	(fēng shā yù lín)
封殺	(fēng shā)
封山育林	(fēng shān yù lín)
封神榜	(fēng shén bǎng)
封神演義	(fēng shén yǎn yì)
封聖	(fēng shèng)
封四	(fēng sì)
封鎖	(fēng suǒ)
封鎖線	(fēng suǒ xiàn)
封套	(fēng tào)
封條	(fēng tiáo)
封土	(fēng tǔ)
封王	(fēng wáng)
封網	(fēng wǎng)
封檐板	(fēng yán bǎn)
封一	(fēng yī)
封邑	(fēng yì)
封印	(fēng yìn)
封齋	(fēng zhāi)
封齋節	(fēng zhāi jié)
封裝	(fēng zhuāng)
埄	(fēng)
峯	(fēng)
峰	(fēng)
峰頂	(fēng dǐng)
峰峰礦區	(fēng fēng kuàng qū)
峰回路轉	(fēng huí lù zhuǎn)
峰會	(fēng huì)
峰火臺	(fēng huǒ tái)
峰巒	(fēng luán)
峰線	(fēng xiàn)
峰值	(fēng zhí)
崶	(fēng)
楓	(fēng)
楓木	(fēng mù)
楓樹	(fēng shù)
楓糖	(fēng táng)
楓香木	(fēng xiāng mù)
楓香樹	(fēng xiāng shù)
楓葉	(fēng yè)
楓葉國	(fēng yè guó)
楓葉鼠	(fēng yè shǔ)
㷭	(fēng)
䗬	(fēng)
夆	(féng)
摓	(féng)
唪	(fěng)
奉	(fèng)
奉承	(fèng cheng)
奉承討好	(fèng cheng tǎo hǎo)
奉告	(fèng gào)
奉公	(fèng gōng)
奉公克己	(fèng gōng kè jǐ)
奉公守法	(fèng gōng shǒu fǎ)
奉還	(fèng huán)
奉化區	(fèng huà qū)
奉節縣	(fèng jié xiàn)
奉命	(fèng mìng)
奉陪	(fèng péi)
奉勸	(fèng quàn)
奉若神明	(fèng ruò shén míng)
奉上	(fèng shàng)
奉申賀敬	(fèng shēn hè jìng)
奉祀	(fèng sì)
奉送	(fèng sòng)
奉天	(fèng tiān)
奉為圭臬	(fèng wéi guī niè)
奉系	(fèng xì)
奉系軍閥	(fèng xì jūn fá)
奉賢	(fèng xián)
奉賢區	(fèng xián qū)
奉現	(fèng xiàn)
奉獻	(fèng xiàn)
奉獻精神	(fèng xiàn jīng shén)
奉辛比克黨	(fèng xīn bǐ kè dǎng)
奉新縣	(fèng xīn xiàn)
奉行	(fèng xíng)
奉養	(fèng yǎng)
奉迎	(fèng yíng)
奉贈	(fèng zèng)
奉召	(fèng zhào)
奉詔	(fèng zhào)
奉職	(fèng zhí)
奉旨	(fèng zhǐ)
奉子成婚	(fèng zǐ chéng hūn)
俸	(fèng)
俸給	(fèng jǐ)
俸祿	(fèng lù)
俸錢	(fèng qián)
俸恤	(fèng xù)
俸銀	(fèng yín)
坲	(fó)
否	(fǒu)
否定	(fǒu dìng)
否定句	(fǒu dìng jù)
否極泰來	(pǐ jí tài lái)
否決	(fǒu jué)
否決票	(fǒu jué piào)
否決權	(fǒu jué quán)
否認	(fǒu rèn)
否則	(fǒu zé)
妚	(pēi)
夫	(fú)
夫唱婦隨	(fū chàng fù suí)
夫婦	(fū fù)
夫家	(fū jiā)
夫君	(fū jūn)
夫妻	(fū qī)
夫妻店	(fū qī diàn)
夫妻反目	(fū qī fǎn mù)
夫妻肺片	(fū qī fèi piàn)
夫妻相	(fū qī xiàng)
夫權	(fū quán)
夫人	(fū ren)
夫婿	(fū xù)
夫役	(fū yì)
夫餘	(fū yú)
夫子	(fū zǐ)
夫子自道	(fū zǐ zì dào)
伕	(fū)
呋	(fū)
呋喃	(fū nán)
呋喃西林	(fū nán xī lín)
垺	(póu)
尃	(fū)
孵	(fū)
孵蛋	(fū dàn)
孵化	(fū huà)
孵化場	(fū huà chǎng)
孵化期	(fū huà qī)
孵化器	(fū huà qì)
孵卵	(fū luǎn)
孵育	(fū yù)
敷	(fū)
敷布	(fū bù)
敷陳	(fū chén)
敷粉	(fū fěn)
敷裹	(fū guǒ)
敷料	(fū liào)
敷設	(fū shè)
敷湯藥	(fū tāng yào)
敷貼	(fū tiē)
敷衍	(fū yǎn)
敷衍了事	(fū yǎn liǎo shì)
敷衍塞責	(fū yǎn sè zé)
敷演	(fū yǎn)
䴸	(fū)
乀	(fú)
巿	(fú)
弗	(fú)
弗迪南	(fú dí nán)
弗格森	(fú gé sēn)
弗吉尼亞	(fú jí ní yà)
弗拉基米爾	(fú lā jī mǐ ěr)
弗拉芒	(fú lā máng)
弗拉門戈	(fú lā mén gē)
弗拉明戈	(fú lā míng gē)
弗萊福蘭	(fú lái fú lán)
弗萊威厄斯	(fú lái wēi è sī)
弗蘭克	(fú lán kè)
弗蘭西斯	(fú lán xī sī)
弗蘭西斯·培根	(fú lán xī sī · péi gēn)
弗蘭茲	(fú lán zī)
弗朗索瓦·霍蘭德	(fú lǎng suǒ wǎ · huò lán dé)
弗雷	(fú léi)
弗雷德里克	(fú léi dé lǐ kè)
弗雷德里克頓	(fú léi dé lǐ kè dùn)
弗里得里希	(fú lǐ dé lǐ xī)
弗里德里希	(fú lǐ dé lǐ xī)
弗里德里希·席勒	(fú lǐ dé lǐ xī · xí lè)
弗里敦	(fú lǐ dūn)
弗里曼	(fú lǐ màn)
弗里斯蘭	(fú lǐ sī lán)
弗羅茨瓦夫	(fú luó cí wǎ fū)
弗洛勒斯島	(fú luò lēi sī dǎo)
弗洛里斯島	(fú luò lǐ sī dǎo)
弗洛倫蒂諾·佩雷斯	(fú luò lún dì nuò · pèi léi sī)
弗洛姆	(fú luò mǔ)
弗洛伊德	(fú luò yī dé)
弗氏鷗	(fú shì ōu)
弗州	(fú zhōu)
伏	(fú)
伏安	(fú ān)
伏案	(fú àn)
伏筆	(fú bǐ)
伏辯	(fú biàn)
伏兵	(fú bīng)
伏地	(fú dì)
伏地魔	(fú dì mó)
伏地挺身	(fú dì tǐng shēn)
伏都教	(fú dū jiào)
伏爾加格勒	(fú ěr jiā gé lè)
伏爾加河	(fú ěr jiā hé)
伏爾泰	(fú ěr tài)
伏法	(fú fǎ)
伏隔核	(fú gé hé)
伏虎	(fú hǔ)
伏擊	(fú jī)
伏流	(fú liú)
伏龍鳳雛	(fú lóng fèng chú)
伏羅希洛夫	(fú luó xī luò fū)
伏明霞	(fú míng xiá)
伏牛山	(fú niú shān)
伏侍	(fú shi)
伏輸	(fú shū)
伏特	(fú tè)
伏特計	(fú tè jì)
伏特加	(fú tè jiā)
伏惟	(fú wéi)
伏臥	(fú wò)
伏羲氏	(fú xī shì)
伏犧	(fú xī)
伏線	(fú xiàn)
伏汛	(fú xùn)
伏誅	(fú zhū)
伏罪	(fú zuì)
扶	(fú)
扶不起的阿斗	(fú bù qǐ de ā dǒu)
扶持	(fú chí)
扶弟魔	(fú dì mó)
扶風縣	(fú fēng xiàn)
扶溝縣	(fú gōu xiàn)
扶乩	(fú jī)
扶箕	(fú jī)
扶欄	(fú lán)
扶老攜幼	(fú lǎo xié yòu)
扶犁	(fú lí)
扶輪社	(fú lún shè)
扶南	(fú nán)
扶貧	(fú pín)
扶貧濟困	(fú pín jì kùn)
扶清滅洋	(fú qīng miè yáng)
扶弱抑強	(fú ruò yì qiáng)
扶桑	(fú sāng)
扶手	(fú shǒu)
扶手椅	(fú shǒu yǐ)
扶綏縣	(fú suí xiàn)
扶他林	(fú tā lín)
扶梯	(fú tī)
扶危	(fú wēi)
扶危濟困	(fú wēi jì kùn)
扶養	(fú yǎng)
扶搖直上	(fú yáo zhí shàng)
扶掖	(fú yè)
扶揄	(fú yú)
扶餘	(fú yú)
扶餘市	(fú yú shì)
扶正	(fú zhèng)
扶正壓邪	(fú zhèng yā xié)
扶植	(fú zhí)
扶助	(fú zhù)
佛	(fó)
佛愛	(fó ài)
佛誕日	(fó dàn rì)
佛得角	(fó dé jiǎo)
佛典	(fó diǎn)
佛法	(fó fǎ)
佛法僧目	(fó fǎ sēng mù)
佛岡縣	(fó gāng xiàn)
佛骨	(fó gǔ)
佛骨塔	(fó gǔ tǎ)
佛光	(fó guāng)
佛號	(fó hào)
佛吉尼亞	(fú jí ní yà)
佛家	(fó jiā)
佛教	(fó jiào)
佛教徒	(fó jiào tú)
佛教語	(fó jiào yǔ)
佛經	(fó jīng)
佛卡夏	(fó kǎ xià)
佛龕	(fó kān)
佛口蛇心	(fó kǒu shé xīn)
佛蘭德	(fó lán dé)
佛蘭芒語	(fó lán máng yǔ)
佛朗哥	(fó lǎng gē)
佛朗機	(fó lǎng jī)
佛朗機銃	(fó lǎng jī chòng)
佛朗機炮	(fó lǎng jī pào)
佛朗明哥	(fó lǎng míng gē)
佛羅里達	(fú luó lǐ dá)
佛羅里達州	(fó luó lǐ dá zhōu)
佛羅倫薩	(fó luó lún sà)
佛羅倫斯	(fó luó lún sī)
佛洛斯特	(fú luò sī tè)
佛洛伊德	(fó luò yī dé)
佛門	(fó mén)
佛蒙特	(fó méng tè)
佛坪縣	(fó píng xiàn)
佛山市	(fó shān shì)
佛舍利	(fó shè lì)
佛手	(fó shǒu)
佛手柑	(fó shǒu gān)
佛手瓜	(fó shǒu guā)
佛書	(fó shū)
佛寺	(fó sì)
佛塔	(fó tǎ)
佛跳牆	(fó tiào qiáng)
佛陀	(fó tuó)
佛系	(fó xì)
佛香閣	(fó xiāng gé)
佛像	(fó xiàng)
佛心	(fó xīn)
佛性	(fó xìng)
佛學	(fó xué)
佛牙	(fó yá)
佛爺	(fó ye)
佛語	(fó yǔ)
佛媛	(fó yuán)
佛珠	(fó zhū)
佛祖	(fó zǔ)
孚	(fú)
刜	(fú)
拂	(fú)
拂塵	(fú chén)
拂動	(fú dòng)
拂逆	(fú nì)
拂掃	(fú sǎo)
拂拭	(fú shì)
拂曉	(fú xiǎo)
拂袖而去	(fú xiù ér qù)
咈	(fú)
帗	(fú)
彿	(fú)
彿雷澤爾	(fú léi zé ěr)
服	(fú)
服辯	(fú biàn)
服兵役	(fú bīng yì)
服從	(fú cóng)
服毒	(fú dú)
服法	(fú fǎ)
服服	(fú fu)
服服帖帖	(fú fu tiē tiē)
服老	(fú lǎo)
服滿	(fú mǎn)
服貿	(fú mào)
服氣	(fú qì)
服軟	(fú ruǎn)
服喪	(fú sāng)
服食	(fú shí)
服事	(fú shi)
服侍	(fú shi)
服飾	(fú shì)
服輸	(fú shū)
服他靈	(fú tā líng)
服帖	(fú tiē)
服貼	(fú tiē)
服務	(fú wù)
服務費	(fú wù fèi)
服務規章	(fú wù guī zhāng)
服務器	(fú wù qì)
服務生	(fú wù shēng)
服務台	(fú wù tái)
服務臺	(fú wù tái)
服務提供商	(fú wù tí gōng shāng)
服務提供者	(fú wù tí gōng zhě)
服務業	(fú wù yè)
服務員	(fú wù yuán)
服務質量	(fú wù zhì liàng)
服刑	(fú xíng)
服藥	(fú yào)
服儀	(fú yí)
服役	(fú yì)
服膺	(fú yīng)
服硬	(fú yìng)
服用	(fú yòng)
服眾	(fú zhòng)
服裝	(fú zhuāng)
服裝秀	(fú zhuāng xiù)
服罪	(fú zuì)
怫	(fèi)
怫然	(fú rán)
俘	(fú)
俘獲	(fú huò)
俘虜	(fú lǔ)
桴	(fú)
桴鼓相應	(fú gǔ xiāng yìng)
匐	(fú)
幅	(fú)
幅度	(fú dù)
幅員	(fú yuán)
幞	(fú)
幞頭	(fú tóu)
拊	(fǔ)
拊髀	(fǔ bì)
拊掌	(fǔ zhǎng)
斧	(fǔ)
斧頭	(fǔ tóu)
斧鉞湯鑊	(fǔ yuè tāng huò)
斧鉞之誅	(fǔ yuè zhī zhū)
斧正	(fǔ zhèng)
斧子	(fǔ zi)
府	(fǔ)
府城	(fǔ chéng)
府綢	(fǔ chóu)
府邸	(fǔ dǐ)
府第	(fǔ dì)
府谷縣	(fǔ gǔ xiàn)
府庫	(fǔ kù)
府幕	(fǔ mù)
府上	(fǔ shàng)
府尹	(fǔ yǐn)
府治	(fǔ zhì)
弣	(fǔ)
乶下	(fǔ xià)
俯	(fǔ)
俯衝	(fǔ chōng)
俯伏	(fǔ fú)
俯角	(fǔ jiǎo)
俯就	(fǔ jiù)
俯看	(fǔ kàn)
俯瞰	(fǔ kàn)
俯瞰攝影	(fǔ kàn shè yǐng)
俯瞰圖	(fǔ kàn tú)
俯身	(fǔ shēn)
俯拾皆是	(fǔ shí jiē shì)
俯視	(fǔ shì)
俯首	(fǔ shǒu)
俯首稱臣	(fǔ shǒu chēng chén)
俯首帖耳	(fǔ shǒu tiē ěr)
俯臥	(fǔ wò)
俯臥撐	(fǔ wò chēng)
俯仰	(fǔ yǎng)
俯仰無愧	(fǔ yǎng wú kuì)
俯仰之間	(fǔ yǎng zhī jiān)
撫	(fǔ)
撫愛	(fǔ ài)
撫抱	(fǔ bào)
撫摸	(fǔ mō)
撫摩	(fǔ mó)
撫寧區	(fǔ níng qū)
撫弄	(fǔ nòng)
撫平	(fǔ píng)
撫琴	(fǔ qín)
撫順市	(fǔ shùn shì)
撫順縣	(fǔ shùn xiàn)
撫松縣	(fǔ sōng xiàn)
撫綏	(fǔ suí)
撫慰	(fǔ wèi)
撫慰金	(fǔ wèi jīn)
撫卹	(fǔ xù)
撫恤金	(fǔ xù jīn)
撫養	(fǔ yǎng)
撫養成人	(fǔ yǎng chéng rén)
撫養費	(fǔ yǎng fèi)
撫養權	(fǔ yǎng quán)
撫育	(fǔ yù)
撫遠三角洲	(fǔ yuǎn sān jiǎo zhōu)
撫遠市	(fǔ yuǎn shì)
撫州市	(fǔ zhōu shì)
付	(fù)
付出	(fù chū)
付方	(fù fāng)
付費	(fù fèi)
付費牆	(fù fèi qiáng)
付給	(fù gěi)
付款	(fù kuǎn)
付款方式	(fù kuǎn fāng shì)
付款條件	(fù kuǎn tiáo jiàn)
付訖	(fù qì)
付錢	(fù qián)
付清	(fù qīng)
付托	(fù tuō)
付現	(fù xiàn)
付印	(fù yìn)
付賬	(fù zhàng)
付之丙丁	(fù zhī bǐng dīng)
付之東流	(fù zhī dōng liú)
付之度外	(fù zhī dù wài)
付之行動	(fù zhī xíng dòng)
付之一炬	(fù zhī yī jù)
付之一嘆	(fù zhī yī tàn)
付之一笑	(fù zhī yī xiào)
付諸	(fù zhū)
付諸東流	(fù zhū dōng liú)
付諸實施	(fù zhū shí shī)
付梓	(fù zǐ)
坿	(fù)
咐	(fù)
柎	(fū)
副	(fù)
副本	(fù běn)
副標題	(fù biāo tí)
副部長	(fù bù zhǎng)
副菜	(fù cài)
副產品	(fù chǎn pǐn)
副產物	(fù chǎn wù)
副詞	(fù cí)
副檔名	(fù dàng míng)
副地級市	(fù dì jí shì)
副法向量	(fù fǎ xiàng liàng)
副歌	(fù gē)
副官	(fù guān)
副國務卿	(fù guó wù qīng)
副甲狀腺	(fù jiǎ zhuàng xiàn)
副甲狀腺素	(fù jiǎ zhuàng xiàn sù)
副駕駛	(fù jià shǐ)
副駕駛員	(fù jià shǐ yuán)
副駕駛座	(fù jià shǐ zuò)
副將	(fù jiàng)
副教授	(fù jiào shòu)
副經理	(fù jīng lǐ)
副刊	(fù kān)
副科	(fù kē)
副理	(fù lǐ)
副秘書長	(fù mì shū zhǎng)
副黏液病毒	(fù nián yè bìng dú)
副品	(fù pǐn)
副熱帶	(fù rè dài)
副乳	(fù rǔ)
副傷寒	(fù shāng hán)
副腎	(fù shèn)
副省級	(fù shěng jí)
副省級城市	(fù shěng jí chéng shì)
副食	(fù shí)
副食品	(fù shí pǐn)
副市長	(fù shì zhǎng)
副室	(fù shì)
副手	(fù shǒu)
副書記	(fù shū ji)
副司令	(fù sī lìng)
副相	(fù xiàng)
副校長	(fù xiào zhǎng)
副學士	(fù xué shì)
副業	(fù yè)
副翼	(fù yì)
副議長	(fù yì zhǎng)
副院長	(fù yuàn zhǎng)
副州長	(fù zhōu zhǎng)
副主任	(fù zhǔ rèn)
副主席	(fù zhǔ xí)
副總裁	(fù zǒng cái)
副總理	(fù zǒng lǐ)
副總統	(fù zǒng tǒng)
副作用	(fù zuò yòng)
偩	(fù)
婦	(fù)
婦產科	(fù chǎn kē)
婦道人家	(fù dao rén jia)
婦姑勃谿	(fù gū bó xī)
婦好	(fù hǎo)
婦檢	(fù jiǎn)
婦科	(fù kē)
婦聯	(fù lián)
婦女	(fù nǚ)
婦女節	(fù nǚ jié)
婦女能頂半邊天	(fù nǚ néng dǐng bàn biān tiān)
婦女運動	(fù nǚ yùn dòng)
婦女主任	(fù nǚ zhǔ rèn)
婦人	(fù rén)
婦人之仁	(fù rén zhī rén)
婦孺	(fù rú)
婦孺皆知	(fù rú jiē zhī)
婦洗器	(fù xǐ qì)
婦幼	(fù yòu)
傅	(fù)
傅會	(fù huì)
傅柯	(fù kē)
傅科擺	(fù kē bǎi)
傅里葉	(fù lǐ yè)
傅立葉	(fù lì yè)
傅立葉變換	(fù lì yè biàn huàn)
傅說	(fù shuō)
復	(fù)
復查	(fù chá)
復稱	(fù chēng)
復秤	(fù chèng)
復仇	(fù chóu)
復出	(fù chū)
復大	(fù dà)
復旦	(fù dàn)
復旦大學	(fù dàn dà xué)
復讀	(fù dú)
復讀生	(fù dú shēng)
復發	(fù fā)
復返	(fù fǎn)
復分解反應	(fù fēn jiě fǎn yìng)
復崗	(fù gǎng)
復工	(fù gōng)
復古	(fù gǔ)
復古會	(fù gǔ huì)
復歸	(fù guī)
復合	(fù hé)
復核	(fù hé)
復會	(fù huì)
復婚	(fù hūn)
復活	(fù huó)
復活節	(fù huó jié)
復活節島	(fù huó jié dǎo)
復活賽	(fù huó sài)
復健	(fù jiàn)
復交	(fù jiāo)
復舊	(fù jiù)
復刻	(fù kè)
復課	(fù kè)
復理石	(fù lǐ shí)
復聯	(fù lián)
復萌	(fù méng)
復明	(fù míng)
復命	(fù mìng)
復盤	(fù pán)
復辟	(fù bì)
復權	(fù quán)
復社	(fù shè)
復審	(fù shěn)
復生	(fù shēng)
復駛	(fù shǐ)
復市	(fù shì)
復甦	(fù sū)
復蘇	(fù sū)
復位	(fù wèi)
復吸	(fù xī)
復習	(fù xí)
復現	(fù xiàn)
復信	(fù xìn)
復姓	(fù xìng)
復興	(fù xīng)
復興黨	(fù xīng dǎng)
復興門	(fù xīng mén)
復興區	(fù xīng qū)
復興時代	(fù xīng shí dài)
復修	(fù xiū)
復學	(fù xué)
復陽	(fù yáng)
復議	(fù yì)
復映片	(fù yìng piàn)
復元	(fù yuán)
復原	(fù yuán)
復原乳	(fù yuán rǔ)
復員	(fù yuán)
復診	(fù zhěn)
復職	(fù zhí)
復轉	(fù zhuǎn)
富	(fù)
富不過三代	(fù bù guò sān dài)
富布賴特	(fù bù lài tè)
富川瑤族自治縣	(fù chuān yáo zú zì zhì xiàn)
富春江	(fù chūn jiāng)
富得流油	(fù de liú yóu)
富二代	(fù èr dài)
富富有餘	(fù fù yǒu yú)
富哥	(fù gē)
富貴	(fù guì)
富貴包	(fù guì bāo)
富貴病	(fù guì bìng)
富貴不能淫	(fù guì bù néng yín)
富貴角	(fù guì jiǎo)
富貴壽考	(fù guì shòu kǎo)
富貴竹	(fù guì zhú)
富國	(fù guó)
富國安民	(fù guó ān mín)
富國強兵	(fù guó qiáng bīng)
富含	(fù hán)
富豪	(fù háo)
富戶	(fù hù)
富家翁	(fù jiā wēng)
富甲一方	(fù jiǎ yī fāng)
富錦市	(fù jǐn shì)
富可敵國	(fù kě dí guó)
富礦	(fù kuàng)
富拉爾基區	(fù lā ěr jī qū)
富蘭克林	(fù lán kè lín)
富里	(fù lǐ)
富里鄉	(fù lǐ xiāng)
富麗堂皇	(fù lì táng huáng)
富良野	(fù liáng yě)
富民	(fù mín)
富民縣	(fù mín xiàn)
富納富提	(fù nà fù tí)
富寧縣	(fù níng xiàn)
富農	(fù nóng)
富平縣	(fù píng xiàn)
富婆	(fù pó)
富強	(fù qiáng)
富饒	(fù ráo)
富人	(fù rén)
富色彩	(fù sè cǎi)
富商	(fù shāng)
富商大賈	(fù shāng dà gǔ)
富商巨賈	(fù shāng jù gǔ)
富時	(fù shí)
富士	(fù shì)
富士康	(fù shì kāng)
富士康科技集團	(fù shì kāng kē jì jí tuán)
富士山	(fù shì shān)
富士通	(fù shì tōng)
富庶	(fù shù)
富孀	(fù shuāng)
富順縣	(fù shùn xiàn)
富態	(fù tai)
富鐵土	(fù tiě tǔ)
富文本	(fù wén běn)
富翁	(fù wēng)
富縣	(fù xiàn)
富陽區	(fù yáng qū)
富養	(fù yǎng)
富有	(fù yǒu)
富於	(fù yú)
富餘	(fù yu)
富裕	(fù yù)
富裕縣	(fù yù xiàn)
富源縣	(fù yuán xiàn)
富蘊縣	(fù yùn xiàn)
富足	(fù zú)
媍	(fù)
旮	(gā)
旮旯	(gā lá)
旮旯兒	(gā lá r)
伽	(gā)
伽藍	(qié lán)
伽利略	(jiā lì lüè)
伽利略·伽利雷	(jiā lì lüè · jiā lì léi)
伽羅華	(jiā luó huá)
伽羅華理論	(jiā luó huá lǐ lùn)
伽羅瓦	(jiā luó wǎ)
伽羅瓦理論	(jiā luó wǎ lǐ lùn)
伽馬	(gā mǎ)
伽馬輻射	(jiā mǎ fú shè)
伽馬射線	(gā mǎ shè xiàn)
伽瑪	(gā mǎ)
伽瑪射線	(jiā mǎ shè xiàn)
伽師縣	(jiā shī xiàn)
伽倻	(jiā yē)
伽倻琴	(jiā yē qín)
呷	(xiā)
呷呷	(gā gā)
嘎	(gā)
嘎嘎	(gā gā)
嘎嘎小姐	(gā gā xiǎo jie)
嘎拉哈	(gā lā hà)
嘎啦	(gá la)
嘎了	(gǎ le)
嘎然	(gā rán)
嘎吱	(gā zhī)
尜	(gá)
尜兒	(gá r)
尜尜	(gá ga)
噶	(gá)
噶嘣	(gá bēng)
噶布倫	(gá bù lún)
噶嗒	(gá dā)
噶當派	(gá dāng pài)
噶爾縣	(gá ěr xiàn)
噶霏	(gá fēi)
噶哈巫族	(gá hā wū zú)
噶舉派	(gá jǔ pài)
噶拉	(gá lā)
噶拉·多傑·仁波切	(gá lā · duō jié · rén bō qiè)
噶喇	(gá lǎ)
噶啷啷	(gá lāng lāng)
噶隆	(gá lóng)
噶倫	(gá lún)
噶瑪蘭	(gá mǎ lán)
噶瑪蘭族	(gá mǎ lán zú)
嘠	(gá)
尕	(gǎ)
尬	(gà)
尬電	(gà diàn)
尬聊	(gà liáo)
尬舞	(gà wǔ)
尬意	(gà yì)
侅	(gāi)
垓	(gāi)
垓下	(gāi xià)
㱾	(gāi)
改	(gǎi)
改版	(gǎi bǎn)
改編	(gǎi biān)
改變	(gǎi biàn)
改朝	(gǎi cháo)
改朝換代	(gǎi cháo huàn dài)
改稱	(gǎi chēng)
改成	(gǎi chéng)
改錯	(gǎi cuò)
改刀	(gǎi dāo)
改道	(gǎi dào)
改掉	(gǎi diào)
改訂	(gǎi dìng)
改動	(gǎi dòng)
改惡向善	(gǎi è xiàng shàn)
改稿	(gǎi gǎo)
改革	(gǎi gé)
改革家	(gǎi gé jiā)
改革開放	(gǎi gé kāi fàng)
改革派	(gǎi gé pài)
改革者	(gǎi gé zhě)
改觀	(gǎi guān)
改過	(gǎi guò)
改過自新	(gǎi guò zì xīn)
改換	(gǎi huàn)
改換門庭	(gǎi huàn mén tíng)
改悔	(gǎi huǐ)
改嫁	(gǎi jià)
改建	(gǎi jiàn)
改進	(gǎi jìn)
改口	(gǎi kǒu)
改口費	(gǎi kǒu fèi)
改款	(gǎi kuǎn)
改隸	(gǎi lì)
改良	(gǎi liáng)
改良主義	(gǎi liáng zhǔ yì)
改名	(gǎi míng)
改判	(gǎi pàn)
改期	(gǎi qī)
改簽	(gǎi qiān)
改日	(gǎi rì)
改善	(gǎi shàn)
改水	(gǎi shuǐ)
改天	(gǎi tiān)
改頭換面	(gǎi tóu huàn miàn)
改圖	(gǎi tú)
改為	(gǎi wéi)
改弦易轍	(gǎi xián yì zhé)
改邪歸正	(gǎi xié guī zhèng)
改寫	(gǎi xiě)
改信	(gǎi xìn)
改行	(gǎi háng)
改選	(gǎi xuǎn)
改學	(gǎi xué)
改樣	(gǎi yàng)
改業	(gǎi yè)
改易	(gǎi yì)
改譯	(gǎi yì)
改用	(gǎi yòng)
改元	(gǎi yuán)
改運	(gǎi yùn)
改造	(gǎi zào)
改則縣	(gǎi zé xiàn)
改正	(gǎi zhèng)
改制	(gǎi zhì)
改裝	(gǎi zhuāng)
改錐	(gǎi zhuī)
改組	(gǎi zǔ)
改嘴	(gǎi zuǐ)
丐	(gài)
丐版	(gài bǎn)
丐幫	(gài bāng)
乢	(gài)
匃	(gài)
匄	(gài)
概	(gài)
概測法	(gài cè fǎ)
概而不論	(gài ér bù lùn)
概而言之	(gài ér yán zhī)
概觀	(gài guān)
概況	(gài kuàng)
概括	(gài kuò)
概括化	(gài kuò huà)
概覽	(gài lǎn)
概論	(gài lùn)
概率	(gài lǜ)
概率論	(gài lǜ lùn)
概念	(gài niàn)
概念地圖	(gài niàn dì tú)
概念化	(gài niàn huà)
概念驅動加工	(gài niàn qū dòng jiā gōng)
概念驗證	(gài niàn yàn zhèng)
概述	(gài shù)
概數	(gài shù)
概形	(gài xíng)
概型	(gài xíng)
概型理論	(gài xíng lǐ lùn)
概要	(gài yào)
槩	(gài)
戤	(gài)
槪	(gài)
攼	(hàn)
杆	(gān)
杆子	(gān zi)
坩	(gān)
坩堝	(gān guō)
乹	(qián)
柑	(gān)
柑橘	(gān jú)
柑橘醬	(gān jú jiàng)
亁	(qián)
尲	(gān)
尶	(gān)
尷	(gān)
尷尬	(gān gà)
扞	(hàn)
桿	(gǎn)
桿秤	(gǎn chèng)
桿弟	(gān dì)
桿菌	(gǎn jūn)
桿子	(gǎn zi)
敢	(gǎn)
敢不從命	(gǎn bù cóng mìng)
敢達	(gǎn dá)
敢打敢衝	(gǎn dǎ gǎn chōng)
敢怒而不敢言	(gǎn nù ér bù gǎn yán)
敢情	(gǎn qing)
敢死隊	(gǎn sǐ duì)
敢為	(gǎn wéi)
敢為人先	(gǎn wéi rén xiān)
敢言	(gǎn yán)
敢於	(gǎn yú)
敢作敢當	(gǎn zuò gǎn dāng)
敢作敢為	(gǎn zuò gǎn wéi)
敢做敢當	(gǎn zuò gǎn dāng)
感	(gǎn)
感測器	(gǎn cè qì)
感觸	(gǎn chù)
感戴	(gǎn dài)
感到	(gǎn dào)
感動	(gǎn dòng)
感恩	(gǎn ēn)
感恩戴德	(gǎn ēn dài dé)
感恩節	(gǎn ēn jié)
感恩圖報	(gǎn ēn tú bào)
感發	(gǎn fā)
感憤	(gǎn fèn)
感奮	(gǎn fèn)
感官	(gǎn guān)
感光	(gǎn guāng)
感光鼓	(gǎn guāng gǔ)
感化	(gǎn huà)
感化院	(gǎn huà yuàn)
感懷	(gǎn huái)
感激	(gǎn jī)
感激不盡	(gǎn jī bù jìn)
感激涕零	(gǎn jī tì líng)
感覺	(gǎn jué)
感覺到	(gǎn jué dào)
感覺器	(gǎn jué qì)
感覺器官	(gǎn jué qì guān)
感慨	(gǎn kǎi)
感喟	(gǎn kuì)
感愧	(gǎn kuì)
感冒	(gǎn mào)
感冒藥	(gǎn mào yào)
感念	(gǎn niàn)
感佩	(gǎn pèi)
感情	(gǎn qíng)
感情史	(gǎn qíng shǐ)
感情用事	(gǎn qíng yòng shì)
感染	(gǎn rǎn)
感染力	(gǎn rǎn lì)
感染率	(gǎn rǎn lǜ)
感染人數	(gǎn rǎn rén shù)
感染性腹瀉	(gǎn rǎn xìng fù xiè)
感染者	(gǎn rǎn zhě)
感人	(gǎn rén)
感人肺腑	(gǎn rén fèi fǔ)
感人至深	(gǎn rén zhì shēn)
感傷	(gǎn shāng)
感生	(gǎn shēng)
感受	(gǎn shòu)
感受器	(gǎn shòu qì)
感嘆	(gǎn tàn)
感嘆詞	(gǎn tàn cí)
感嘆號	(gǎn tàn hào)
感嘆句	(gǎn tàn jù)
感嘆語	(gǎn tàn yǔ)
感天動地	(gǎn tiān dòng dì)
感同身受	(gǎn tóng shēn shòu)
感悟	(gǎn wù)
感想	(gǎn xiǎng)
感謝	(gǎn xiè)
感性	(gǎn xìng)
感性工學	(gǎn xìng gōng xué)
感性認識	(gǎn xìng rèn shi)
感興趣	(gǎn xìng qù)
感應	(gǎn yìng)
感應器	(gǎn yìng qì)
感應線圈	(gǎn yìng xiàn quān)
感遇	(gǎn yù)
感遇詩	(gǎn yù shī)
感召	(gǎn zhào)
感召力	(gǎn zhào lì)
感知	(gǎn zhī)
感知力	(gǎn zhī lì)
感質	(gǎn zhì)
橄	(gǎn)
橄欖	(gǎn lǎn)
橄欖綠	(gǎn lǎn lǜ)
橄欖球	(gǎn lǎn qiú)
橄欖山	(gǎn lǎn shān)
橄欖石	(gǎn lǎn shí)
橄欖樹	(gǎn lǎn shù)
橄欖岩	(gǎn lǎn yán)
橄欖油	(gǎn lǎn yóu)
橄欖枝	(gǎn lǎn zhī)
擀	(gǎn)
擀麵杖	(gǎn miàn zhàng)
干	(gān)
干寶	(gān bǎo)
干戈	(gān gē)
干撓	(gān náo)
干擾	(gān rǎo)
干擾素	(gān rǎo sù)
干涉	(gān shè)
干涉儀	(gān shè yí)
干係	(gān xì)
干休	(gān xiū)
干謁	(gān yè)
干邑	(gān yì)
干與	(gān yù)
干預	(gān yù)
干政	(gān zhèng)
干證	(gān zhèng)
干支	(gān zhī)
旰	(gàn)
倝	(gàn)
幹	(gàn)
幹案	(gàn àn)
幹部	(gàn bù)
幹才	(gàn cái)
幹材	(gàn cái)
幹道	(gàn dào)
幹掉	(gàn diào)
幹飯	(gàn fàn)
幹話	(gàn huà)
幹活	(gàn huó)
幹活兒	(gàn huó r)
幹架	(gàn jià)
幹將	(gàn jiàng)
幹勁	(gàn jìn)
幹警	(gàn jǐng)
幹練	(gàn liàn)
幹流	(gàn liú)
幹嗎	(gàn má)
幹嘛	(gàn má)
幹麼	(gàn má)
幹你娘	(gàn nǐ niáng)
幹渠	(gàn qú)
幹群	(gàn qún)
幹什麼	(gàn shén me)
幹事	(gàn shi)
幹事長	(gàn shi zhǎng)
幹細胞	(gàn xì bāo)
幹線	(gàn xiàn)
幹校	(gàn xiào)
幹仗	(gàn zhàng)
榦	(gàn)
檊	(gàn)
冮	(gāng)
岡	(gāng)
岡本	(gāng běn)
岡比亞	(gāng bǐ yà)
岡底斯山	(gāng dǐ sī shān)
岡底斯山脈	(gāng dǐ sī shān mài)
岡仁波齊	(gāng rén bō qí)
岡仁波齊峰	(gāng rén bō qí fēng)
岡山	(gāng shān)
岡山區	(gāng shān qū)
岡上肌	(gāng shàng jī)
岡田	(gāng tián)
岡下肌	(gāng xià jī)
剛	(gāng)
剛愎	(gāng bì)
剛愎自用	(gāng bì zì yòng)
剛才	(gāng cái)
剛纔	(gāng cái)
剛察縣	(gāng chá xiàn)
剛度	(gāng dù)
剛剛	(gāng gang)
剛果	(gāng guǒ)
剛果河	(gāng guǒ hé)
剛果民主共和國	(gāng guǒ mín zhǔ gòng hé guó)
剛好	(gāng hǎo)
剛架	(gāng jià)
剛健	(gāng jiàn)
剛勁	(gāng jìng)
剛烈	(gāng liè)
剛毛	(gāng máo)
剛強	(gāng qiáng)
剛巧	(gāng qiǎo)
剛柔並濟	(gāng róu bìng jì)
剛體	(gāng tǐ)
剛性	(gāng xìng)
剛需	(gāng xū)
剛一	(gāng yī)
剛毅	(gāng yì)
剛毅木訥	(gāng yì mù nè)
剛玉	(gāng yù)
剛正	(gāng zhèng)
剛正不阿	(gāng zhèng bù ē)
剛直	(gāng zhí)
堈	(gāng)
崗	(gǎng)
崗巴縣	(gǎng bā xiàn)
崗地	(gǎng dì)
崗卡	(gǎng qiǎ)
崗樓	(gǎng lóu)
崗仁波齊	(gǎng rén bō qí)
崗哨	(gǎng shào)
崗亭	(gǎng tíng)
崗位	(gǎng wèi)
崗位工資	(gǎng wèi gōng zī)
崗位津貼	(gǎng wèi jīn tiē)
崗位培訓	(gǎng wèi péi xùn)
崗子	(gǎng zi)
堽	(gāng)
杠	(gāng)
杠杆收購	(gàng gǎn shōu gòu)
杠精	(gàng jīng)
槓	(gàng)
槓盪	(gàng dàng)
槓刀	(gàng dāo)
槓掉	(gàng diào)
槓夫	(gàng fū)
槓桿	(gàng gǎn)
槓槓的	(gáng gáng de)
槓龜	(gàng guī)
槓鈴	(gàng líng)
槓上	(gàng shàng)
槓頭	(gàng tóu)
槓子	(gàng zi)
槔	(gāo)
槹	(gāo)
櫜	(gāo)
杲	(gǎo)
搞	(gǎo)
搞不懂	(gǎo bu dǒng)
搞不好	(gǎo bu hǎo)
搞錯	(gǎo cuò)
搞定	(gǎo dìng)
搞怪	(gǎo guài)
搞鬼	(gǎo guǐ)
搞好	(gǎo hǎo)
搞花樣	(gǎo huā yàng)
搞花樣兒	(gǎo huā yàng r)
搞混	(gǎo hùn)
搞活	(gǎo huó)
搞基	(gǎo jī)
搞亂	(gǎo luàn)
搞毛	(gǎo máo)
搞錢	(gǎo qián)
搞通	(gǎo tōng)
搞頭	(gǎo tou)
搞烏龍	(gǎo wū lóng)
搞笑	(gǎo xiào)
搞笑片	(gǎo xiào piàn)
搞砸	(gǎo zá)
槁	(gǎo)
槀	(gǎo)
吿	(gào)
告	(gào)
告白	(gào bái)
告便	(gào biàn)
告別	(gào bié)
告別式	(gào bié shì)
告吹	(gào chuī)
告辭	(gào cí)
告兒	(gào r)
告發	(gào fā)
告急	(gào jí)
告捷	(gào jié)
告解	(gào jiě)
告戒	(gào jiè)
告誡	(gào jiè)
告竣	(gào jùn)
告老還鄉	(gào lǎo huán xiāng)
告密	(gào mì)
告密者	(gào mì zhě)
告罄	(gào qìng)
告求	(gào qiú)
告饒	(gào ráo)
告示	(gào shi)
告示牌	(gào shì pái)
告送	(gào song)
告誦	(gào sòng)
告訴	(gào su)
告退	(gào tuì)
告慰	(gào wèi)
告一段落	(gào yī duàn luò)
告語	(gào yǔ)
告諭	(gào yù)
告之	(gào zhī)
告知	(gào zhī)
告終	(gào zhōng)
告狀	(gào zhuàng)
暠	(gǎo)
戈	(gē)
戈比	(gē bǐ)
戈壁	(gē bì)
戈壁荒灘	(gē bì huāng tān)
戈壁沙漠	(gē bì shā mò)
戈壁灘	(gē bì tān)
戈船	(gē chuán)
戈德斯通	(gē dé sī tōng)
戈爾	(gē ěr)
戈爾巴喬夫	(gē ěr bā qiáo fū)
戈蘭高地	(gē lán gāo dì)
戈雷	(gē léi)
戈培爾	(gē péi ěr)
戈瑞	(gē ruì)
戈氏金絲燕	(gē shì jīn sī yàn)
戈氏岩鵐	(gē shì yán wú)
戈斯拉爾	(gē sī lā ěr)
仡	(gē)
仡佬	(gē lǎo)
仡佬族	(gē lǎo zú)
圪墶	(gē da)
咯	(luò)
咯嚓	(gē chā)
咯噔	(gē dēng)
咯咯	(gē gē)
咯咯噠	(gē gē dā)
咯咯笑	(gē gē xiào)
咯血	(kǎ xiě)
咯吱	(gē zhī)
哥	(gē)
哥白尼	(gē bái ní)
哥本哈根	(gē běn hā gēn)
哥布林	(gē bù lín)
哥打巴魯	(gē dǎ bā lǔ)
哥大	(gē dà)
哥德	(gē dé)
哥德巴赫猜想	(gē dé bā hè cāi xiǎng)
哥德堡	(gē dé bǎo)
哥德式	(gē dé shì)
哥兒	(gē r)
哥哥	(gē ge)
哥吉拉	(gē jí lā)
哥老會	(gē lǎo huì)
哥利亞	(gē lì yà)
哥倆	(gē liǎ)
哥林多	(gē lín duō)
哥林多後書	(gē lín duō hòu shū)
哥林多前書	(gē lín duō qián shū)
哥倫比亞	(gē lún bǐ yà)
哥倫比亞大學	(gē lún bǐ yà dà xué)
哥倫比亞廣播公司	(gē lún bǐ yà guǎng bō gōng sī)
哥倫比亞特區	(gē lún bǐ yà tè qū)
哥倫布	(gē lún bù)
哥們	(gē men)
哥們兒	(gē men r)
哥尼斯堡	(gē ní sī bǎo)
哥薩克	(gē sà kè)
哥斯達黎加	(gē sī dá lí jiā)
哥斯大黎加	(gē sī dà lí jiā)
哥斯拉	(gē sī lā)
哥特	(gē tè)
哥特人	(gē tè rén)
哥特式	(gē tè shì)
割	(gē)
割愛	(gē ài)
割包皮	(gē bāo pí)
割草	(gē cǎo)
割草機	(gē cǎo jī)
割除	(gē chú)
割斷	(gē duàn)
割股療親	(gē gǔ liáo qīn)
割雞焉用牛刀	(gē jī yān yòng niú dāo)
割接	(gē jiē)
割韭菜	(gē jiǔ cài)
割據	(gē jù)
割禮	(gē lǐ)
割裂	(gē liè)
割袍斷義	(gē páo duàn yì)
割棄	(gē qì)
割取	(gē qǔ)
割讓	(gē ràng)
割肉	(gē ròu)
割傷	(gē shāng)
割捨	(gē shě)
割損	(gē sǔn)
割腕	(gē wàn)
割席	(gē xí)
割線	(gē xiàn)
歌	(gē)
歌百靈	(gē bǎi líng)
歌唱	(gē chàng)
歌唱家	(gē chàng jiā)
歌唱賽	(gē chàng sài)
歌詞	(gē cí)
歌單	(gē dān)
歌德	(gē dé)
歌碟	(gē dié)
歌兒	(gē r)
歌功頌德	(gē gōng sòng dé)
歌喉	(gē hóu)
歌后	(gē hòu)
歌姬	(gē jī)
歌劇	(gē jù)
歌劇院	(gē jù yuàn)
歌劇院魅影	(gē jù yuàn mèi yǐng)
歌利亞	(gē lì yà)
歌羅西	(gē luó xī)
歌羅西書	(gē luó xī shū)
歌迷	(gē mí)
歌女	(gē nǚ)
歌曲	(gē qǔ)
歌聲	(gē shēng)
歌詩達郵輪	(gē shī dá yóu lún)
歌手	(gē shǒu)
歌頌	(gē sòng)
歌台	(gē tái)
歌壇	(gē tán)
歌廳	(gē tīng)
歌舞	(gē wǔ)
歌舞伎	(gē wǔ jì)
歌舞昇平	(gē wǔ shēng píng)
歌舞團	(gē wǔ tuán)
歌星	(gē xīng)
歌筵	(gē yán)
歌謠	(gē yáo)
歌吟	(gē yín)
歌詠	(gē yǒng)
歌仔戲	(gē zǎi xì)
歌子	(gē zi)
擱	(gē)
擱板	(gē bǎn)
擱筆	(gē bǐ)
擱腳板	(gē jiǎo bǎn)
擱腳物	(gē jiǎo wù)
擱淺	(gē qiǎn)
擱置	(gē zhì)
挌	(gé)
格	(gé)
格但斯克	(gé dàn sī kè)
格擋	(gé dǎng)
格登	(gē dēng)
格調	(gé diào)
格鬥	(gé dòu)
格恩西島	(gé ēn xī dǎo)
格爾夫波特	(gé ěr fū bō tè)
格爾木市	(gé ěr mù shì)
格格	(gé ge)
格格不入	(gé gé bù rù)
格格笑	(gé gé xiào)
格機	(gé jī)
格局	(gé jú)
格拉	(gé lā)
格拉茨	(gé lā cí)
格拉漢姆	(gé lā hàn mǔ)
格拉納達	(gé lā nà dá)
格拉斯哥	(gé lā sī gē)
格萊美獎	(gé lái měi jiǎng)
格蘭芬多	(gé lán fēn duō)
格蘭氏陰性	(gé lán shì yīn xìng)
格蘭特	(gé lán tè)
格勒	(gé lè)
格勒諾布爾	(gé lè nuò bù ěr)
格雷	(gé léi)
格雷伯爵茶	(gé léi bó jué chá)
格雷茅斯	(gé léi máo sī)
格雷氏解剖學	(gé léi shì jiě pōu xué)
格里高利	(gé lǐ gāo lì)
格里姆斯塔	(gé lǐ mǔ sī tǎ)
格力	(gé lì)
格列高利曆	(gé liè gāo lì lì)
格林	(gé lín)
格林多	(gé lín duō)
格林納達	(gé lín nà dá)
格林奈爾大學	(gé lín nài ěr dà xué)
格林尼治	(gé lín ní zhì)
格林尼治本初子午線	(gé lín ní zhì běn chū zǐ wǔ xiàn)
格林尼治標準時間	(gé lín ní zhì biāo zhǔn shí jiān)
格林斯班	(gé lín sī bān)
格林童話	(gé lín tóng huà)
格林威治	(gé lín wēi zhì)
格林威治標準時間	(gé lín wēi zhì biāo zhǔn shí jiān)
格林威治村	(gé lín wēi zhì cūn)
格陵蘭	(gé líng lán)
格陵蘭島	(gé líng lán dǎo)
格魯吉亞	(gé lǔ jí yà)
格魯吉亞人	(gé lǔ jí yà rén)
格魯派	(gé lǔ pài)
格羅寧根	(gé luó níng gēn)
格羅茲尼	(gé luó zī ní)
格洛納斯	(gé luò nà sī)
格洛斯特	(gé luò sī tè)
格洛斯特郡	(gé luò sī tè jùn)
格律	(gé lǜ)
格涅沙	(gé niè shā)
格瑞那達	(gé ruì nà dá)
格薩爾	(gé sà ěr)
格殺勿論	(gé shā wù lùn)
格篩	(gé shāi)
格式	(gé shì)
格式化	(gé shì huà)
格式塔	(gé shì tǎ)
格式塔療法	(gé shì tǎ liáo fǎ)
格瓦斯	(gé wǎ sī)
格外	(gé wài)
格網	(gé wǎng)
格位	(gé wèi)
格物	(gé wù)
格物致知	(gé wù zhì zhī)
格言	(gé yán)
格柵	(gé shān)
格致	(gé zhì)
格子	(gé zi)
格子花呢	(gé zi huā ní)
格子間	(gé zi jiān)
格子棉布	(gé zi mián bù)
格子呢	(gé zi ní)
塥	(gé)
嗝	(gé)
嗝兒屁	(gé r pì)
嗝屁	(gé pì)
搿	(gé)
哿	(gě)
嗰	(gè)
各	(gè)
各奔東西	(gè bèn dōng xī)
各奔前程	(gè bèn qián chéng)
各別	(gè bié)
各不相同	(gè bù xiāng tóng)
各持己見	(gè chí jǐ jiàn)
各處	(gè chù)
各打五十大板	(gè dǎ wǔ shí dà bǎn)
各得其所	(gè dé qí suǒ)
各地	(gè dì)
各方	(gè fāng)
各個	(gè gè)
各國	(gè guó)
各級	(gè jí)
各界	(gè jiè)
各界人士	(gè jiè rén shì)
各盡所能	(gè jìn suǒ néng)
各就各位	(gè jiù gè wèi)
各拉丹冬峰	(gè lā dān dōng fēng)
各拉丹冬山	(gè lā dān dōng shān)
各類	(gè lèi)
各取所需	(gè qǔ suǒ xū)
各人	(gè rén)
各人自掃門前雪，莫管他家瓦上霜	(gè rén zì sǎo mén qián xuě , mò guǎn tā jiā wǎ shàng shuāng)
各色	(gè sè)
各色各樣	(gè sè gè yàng)
各式各樣	(gè shì gè yàng)
各抒己見	(gè shū jǐ jiàn)
各位	(gè wèi)
各顯所長	(gè xiǎn suǒ cháng)
各行各業	(gè háng gè yè)
各行其是	(gè xíng qí shì)
各樣	(gè yàng)
各異	(gè yì)
各有千秋	(gè yǒu qiān qiū)
各有所好	(gè yǒu suǒ hào)
各執己見	(gè zhí jǐ jiàn)
各執所見	(gè zhí suǒ jiàn)
各執一詞	(gè zhí yī cí)
各種	(gè zhǒng)
各種各樣	(gè zhǒng gè yàng)
各自	(gè zì)
各自為政	(gè zì wéi zhèng)
各族人民	(gè zú rén mín)
個	(gè)
個案	(gè àn)
個把	(gè bǎ)
個別	(gè bié)
個頂個	(gè dǐng gè)
個兒	(gè r)
個個	(gè gè)
個股	(gè gǔ)
個護	(gè hù)
個舊市	(gè jiù shì)
個例	(gè lì)
個人	(gè rén)
個人崇拜	(gè rén chóng bài)
個人儲蓄	(gè rén chǔ xù)
個人電腦	(gè rén diàn nǎo)
個人賽	(gè rén sài)
個人傷害	(gè rén shāng hài)
個人數字助理	(gè rén shù zì zhù lǐ)
個人隱私	(gè rén yǐn sī)
個人主義	(gè rén zhǔ yì)
個數	(gè shù)
個稅	(gè shuì)
個體	(gè tǐ)
個體戶	(gè tǐ hù)
個體經濟學	(gè tǐ jīng jì xué)
個頭	(ge tóu)
個頭兒	(gè tóu r)
個位	(gè wèi)
個性	(gè xìng)
個性化	(gè xìng huà)
個展	(gè zhǎn)
個中	(gè zhōng)
個中人	(gè zhōng rén)
個資	(gè zī)
個子	(gè zi)
根	(gēn)
根本	(gēn běn)
根本法	(gēn běn fǎ)
根插	(gēn chā)
根茬	(gēn chá)
根除	(gēn chú)
根底	(gēn dǐ)
根柢	(gēn dǐ)
根管治療	(gēn guǎn zhì liáo)
根號	(gēn hào)
根河市	(gēn hé shì)
根基	(gēn jī)
根莖	(gēn jīng)
根究	(gēn jiū)
根據	(gēn jù)
根據地	(gēn jù dì)
根絕	(gēn jué)
根瘤	(gēn liú)
根瘤菌	(gēn liú jūn)
根瘤菌屬	(gēn liú jūn shǔ)
根目錄	(gēn mù lù)
根深蒂固	(gēn shēn dì gù)
根深葉茂	(gēn shēn yè mào)
根式	(gēn shì)
根特	(gēn tè)
根西島	(gēn xī dǎo)
根系	(gēn xì)
根性	(gēn xìng)
根鬚	(gēn xū)
根音	(gēn yīn)
根由	(gēn yóu)
根源	(gēn yuán)
根汁汽水	(gēn zhī qì shuǐ)
根治	(gēn zhì)
根狀莖	(gēn zhuàng jīng)
哏	(hěn)
亙	(gèn)
亙古	(gèn gǔ)
亙古不變	(gèn gǔ bù biàn)
亙古通今	(gèn gǔ tōng jīn)
亙古未有	(gèn gǔ wèi yǒu)
庚	(gēng)
㹴	(gēng)
㹴犬	(gēng quǎn)
埂	(gěng)
埂子	(gěng zi)
哽	(gěng)
哽喉	(gěng hóu)
哽死	(gěng sǐ)
哽咽	(gěng yè)
哽噎	(gěng yē)
梗	(gěng)
梗概	(gěng gài)
梗塞	(gěng sè)
梗死	(gěng sǐ)
梗圖	(gěng tú)
梗王	(gěng wáng)
梗咽	(gěng yè)
梗直	(gěng zhí)
梗阻	(gěng zǔ)
更	(gèng)
更博	(gēng bó)
更次	(gēng cì)
更代	(gēng dài)
更遞	(gēng dì)
更迭	(gēng dié)
更動	(gēng dòng)
更番	(gēng fān)
更夫	(gēng fū)
更改	(gēng gǎi)
更鼓	(gēng gǔ)
更換	(gēng huàn)
更加	(gèng jiā)
更闌	(gēng lán)
更樓	(gēng lóu)
更漏	(gēng lòu)
更名	(gēng míng)
更年期	(gēng nián qī)
更僕難數	(gēng pú nán shǔ)
更上一層樓	(gèng shàng yī céng lóu)
更深	(gēng shēn)
更深人靜	(gēng shēn rén jìng)
更生	(gēng shēng)
更勝	(gèng shèng)
更勝一籌	(gèng shèng yī chóu)
更始	(gēng shǐ)
更是	(gèng shì)
更替	(gēng tì)
更為	(gèng wéi)
更新	(gēng xīn)
更新換代	(gēng xīn huàn dài)
更新世	(gēng xīn shì)
更衣	(gēng yī)
更衣室	(gēng yī shì)
更有甚者	(gèng yǒu shèn zhě)
更張	(gēng zhāng)
更正	(gēng zhèng)
更卒	(gēng zú)
工	(gōng)
工筆	(gōng bǐ)
工兵	(gōng bīng)
工布江達縣	(gōng bù jiāng dá xiàn)
工部	(gōng bù)
工廠	(gōng chǎng)
工程	(gōng chéng)
工程師	(gōng chéng shī)
工程圖	(gōng chéng tú)
工程圖學	(gōng chéng tú xué)
工程學	(gōng chéng xué)
工尺譜	(gōng chě pǔ)
工單	(gōng dān)
工黨	(gōng dǎng)
工地	(gōng dì)
工地秀	(gōng dì xiù)
工讀	(gōng dú)
工讀生	(gōng dú shēng)
工讀學校	(gōng dú xué xiào)
工坊	(gōng fáng)
工房	(gōng fáng)
工分	(gōng fēn)
工蜂	(gōng fēng)
工夫	(gōng fu)
工夫茶	(gōng fu chá)
工號	(gōng hào)
工會	(gōng huì)
工價	(gōng jià)
工件	(gōng jiàn)
工匠	(gōng jiàng)
工具	(gōng jù)
工具機	(gōng jù jī)
工具欄	(gōng jù lán)
工具鏈	(gōng jù liàn)
工具人	(gōng jù rén)
工具書	(gōng jù shū)
工具條	(gōng jù tiáo)
工具箱	(gōng jù xiāng)
工科	(gōng kē)
工口	(ēi luó)
工況	(gōng kuàng)
工礦	(gōng kuàng)
工礦用地	(gōng kuàng yòng dì)
工寮	(gōng liáo)
工齡	(gōng líng)
工農	(gōng nóng)
工農兵	(gōng nóng bīng)
工農區	(gōng nóng qū)
工農業	(gōng nóng yè)
工棚	(gōng péng)
工頻	(gōng pín)
工期	(gōng qī)
工簽	(gōng qiān)
工錢	(gōng qián)
工人	(gōng rén)
工人黨	(gōng rén dǎng)
工人階級	(gōng rén jiē jí)
工商	(gōng shāng)
工商管理碩士	(gōng shāng guǎn lǐ shuò shì)
工商界	(gōng shāng jiè)
工商業	(gōng shāng yè)
工商銀行	(gōng shāng yín háng)
工傷	(gōng shāng)
工傷假	(gōng shāng jià)
工時	(gōng shí)
工事	(gōng shì)
工藤	(gōng téng)
工體	(gōng tǐ)
工頭	(gōng tóu)
工委	(gōng wěi)
工位	(gōng wèi)
工校	(gōng xiào)
工薪階層	(gōng xīn jiē céng)
工薪族	(gōng xīn zú)
工信部	(gōng xìn bù)
工行	(gōng háng)
工序	(gōng xù)
工學	(gōng xué)
工學院	(gōng xué yuàn)
工業	(gōng yè)
工業大學	(gōng yè dà xué)
工業國	(gōng yè guó)
工業化	(gōng yè huà)
工業化國家	(gōng yè huà guó jiā)
工業旅遊	(gōng yè lǚ yóu)
工業品	(gōng yè pǐn)
工業區	(gōng yè qū)
工業設計	(gōng yè shè jì)
工業現代化	(gōng yè xiàn dài huà)
工業學校	(gōng yè xué xiào)
工業園區	(gōng yè yuán qū)
工蟻	(gōng yǐ)
工藝	(gōng yì)
工藝美術	(gōng yì měi shù)
工藝品	(gōng yì pǐn)
工友	(gōng yǒu)
工於心計	(gōng yú xīn jì)
工欲善其事，必先利其器	(gōng yù shàn qí shì , bì xiān lì qí qì)
工賊	(gōng zéi)
工整	(gōng zhěng)
工種	(gōng zhǒng)
工裝	(gōng zhuāng)
工裝褲	(gōng zhuāng kù)
工資	(gōng zī)
工資卡	(gōng zī kǎ)
工資帽	(gōng zī mào)
工字鋼	(gōng zì gāng)
工字梁	(gōng zì liáng)
工作	(gōng zuò)
工作報告	(gōng zuò bào gào)
工作表	(gōng zuò biǎo)
工作餐	(gōng zuò cān)
工作單位	(gōng zuò dān wèi)
工作隊	(gōng zuò duì)
工作坊	(gōng zuò fāng)
工作服	(gōng zuò fú)
工作管理員	(gōng zuò guǎn lǐ yuán)
工作過度	(gōng zuò guò dù)
工作記憶	(gōng zuò jì yì)
工作狂	(gōng zuò kuáng)
工作量	(gōng zuò liàng)
工作列	(gōng zuò liè)
工作流	(gōng zuò liú)
工作流程	(gōng zuò liú chéng)
工作面	(gōng zuò miàn)
工作犬	(gōng zuò quǎn)
工作人員	(gōng zuò rén yuán)
工作日	(gōng zuò rì)
工作時間	(gōng zuò shí jiān)
工作室	(gōng zuò shì)
工作檯	(gōng zuò tái)
工作委員會	(gōng zuò wěi yuán huì)
工作站	(gōng zuò zhàn)
工作者	(gōng zuò zhě)
工作證	(gōng zuò zhèng)
工作組	(gōng zuò zǔ)
弓	(gōng)
弓背	(gōng bèi)
弓臂	(gōng bì)
弓長嶺區	(gōng cháng lǐng qū)
弓蟲	(gōng chóng)
弓箭	(gōng jiàn)
弓箭步	(gōng jiàn bù)
弓箭手	(gōng jiàn shǒu)
弓漿蟲	(gōng jiāng chóng)
弓弩	(gōng nǔ)
弓弩手	(gōng nǔ shǒu)
弓身	(gōng shēn)
弓弦	(gōng xián)
弓弦兒	(gōng xián r)
弓形	(gōng xíng)
弓形蟲	(gōng xíng chóng)
弓腰	(gōng yāo)
弓狀	(gōng zhuàng)
弓足	(gōng zú)
厷	(gōng)
公	(gōng)
公安	(gōng ān)
公安部	(gōng ān bù)
公安官員	(gōng ān guān yuán)
公安機關	(gōng ān jī guān)
公安局	(gōng ān jú)
公安縣	(gōng ān xiàn)
公案	(gōng àn)
公版	(gōng bǎn)
公辦	(gōng bàn)
公報	(gōng bào)
公報私仇	(gōng bào sī chóu)
公倍式	(gōng bèi shì)
公倍數	(gōng bèi shù)
公秉	(gōng bǐng)
公布	(gōng bù)
公佈	(gōng bù)
公佈欄	(gōng bù lán)
公廁	(gōng cè)
公測	(gōng cè)
公差	(gōng chā)
公產	(gōng chǎn)
公車	(gōng chē)
公稱	(gōng chēng)
公尺	(gōng chǐ)
公出	(gōng chū)
公畜	(gōng chù)
公寸	(gōng cùn)
公撮	(gōng cuō)
公擔	(gōng dàn)
公道	(gōng dào)
公德	(gōng dé)
公德心	(gōng dé xīn)
公地	(gōng dì)
公地悲劇	(gōng dì bēi jù)
公敵	(gōng dí)
公爹	(gōng diē)
公斗	(gōng dǒu)
公斷	(gōng duàn)
公對公	(gōng duì gōng)
公噸	(gōng dūn)
公而忘私	(gōng ér wàng sī)
公法	(gōng fǎ)
公房	(gōng fáng)
公費	(gōng fèi)
公費醫療	(gōng fèi yī liáo)
公分	(gōng fēn)
公分母	(gōng fēn mǔ)
公憤	(gōng fèn)
公府	(gōng fǔ)
公幹	(gōng gàn)
公告	(gōng gào)
公公	(gōng gong)
公共	(gōng gòng)
公共安全罪	(gōng gòng ān quán zuì)
公共財產	(gōng gòng cái chǎn)
公共場所	(gōng gòng chǎng suǒ)
公共道德	(gōng gòng dào dé)
公共關係	(gōng gòng guān xì)
公共假期	(gōng gòng jià qī)
公共交換電話網	(gōng gòng jiāo huàn diàn huà wǎng)
公共交通	(gōng gòng jiāo tōng)
公共開支	(gōng gòng kāi zhī)
公共零點	(gōng gòng líng diǎn)
公共汽車	(gōng gòng qì chē)
公共汽車站	(gōng gòng qì chē zhàn)
公共設施	(gōng gòng shè shī)
公共事業	(gōng gòng shì yè)
公共團體	(gōng gòng tuán tǐ)
公共衛生	(gōng gòng wèi shēng)
公共行政	(gōng gòng xíng zhèng)
公共休息室	(gōng gòng xiū xī shì)
公共知識分子	(gōng gòng zhī shi fèn zǐ)
公共秩序	(gōng gòng zhì xù)
公股	(gōng gǔ)
公關	(gōng guān)
公館	(gōng guǎn)
公館鄉	(gōng guǎn xiāng)
公國	(gōng guó)
公哈	(gōng hā)
公海	(gōng hǎi)
公害	(gōng hài)
公函	(gōng hán)
公毫	(gōng háo)
公合	(gōng gě)
公會	(gōng huì)
公積金	(gōng jī jīn)
公雞	(gōng jī)
公祭	(gōng jì)
公家	(gōng jiā)
公家機關	(gōng jiā jī guān)
公假	(gōng jià)
公檢法	(gōng jiǎn fǎ)
公交	(gōng jiāo)
公交車	(gōng jiāo chē)
公交卡	(gōng jiāo kǎ)
公交站	(gōng jiāo zhàn)
公斤	(gōng jīn)
公舉	(gōng jǔ)
公決	(gōng jué)
公爵	(gōng jué)
公爵夫人	(gōng jué fū rén)
公開	(gōng kāi)
公開化	(gōng kāi huà)
公開賽	(gōng kāi sài)
公開討論會	(gōng kāi tǎo lùn huì)
公開信	(gōng kāi xìn)
公克	(gōng kè)
公筷	(gōng kuài)
公筷母匙	(gōng kuài mǔ chí)
公款	(gōng kuǎn)
公了	(gōng liǎo)
公釐	(gōng lí)
公里	(gōng lǐ)
公理	(gōng lǐ)
公理法	(gōng lǐ fǎ)
公立	(gōng lì)
公立學校	(gōng lì xué xiào)
公曆	(gōng lì)
公糧	(gōng liáng)
公兩	(gōng liǎng)
公鹿	(gōng lù)
公路	(gōng lù)
公路車	(gōng lù chē)
公路賽	(gōng lù sài)
公路網	(gōng lù wǎng)
公路自行車	(gōng lù zì xíng chē)
公論	(gōng lùn)
公馬	(gōng mǎ)
公買公賣	(gōng mǎi gōng mài)
公貓	(gōng māo)
公民	(gōng mín)
公民表決	(gōng mín biǎo jué)
公民權	(gōng mín quán)
公民權利	(gōng mín quán lì)
公民權利和政治權利國際公約	(gōng mín quán lì hé zhèng zhì quán lì guó jì gōng yuē)
公民社會	(gōng mín shè huì)
公民投票	(gōng mín tóu piào)
公民義務	(gōng mín yì wù)
公母倆	(gōng mǔ liǎ)
公畝	(gōng mǔ)
公募	(gōng mù)
公墓	(gōng mù)
公牛	(gōng niú)
公派	(gōng pài)
公判	(gōng pàn)
公平	(gōng píng)
公平合理	(gōng píng hé lǐ)
公平交易	(gōng píng jiāo yì)
公平競爭	(gōng píng jìng zhēng)
公平貿易	(gōng píng mào yì)
公平審判權	(gōng píng shěn pàn quán)
公婆	(gōng pó)
公僕	(gōng pú)
公錢	(gōng qián)
公卿	(gōng qīng)
公頃	(gōng qǐng)
公犬	(gōng quǎn)
公然	(gōng rán)
公然表示	(gōng rán biǎo shì)
公認	(gōng rèn)
公傷	(gōng shāng)
公勺	(gōng sháo)
公社	(gōng shè)
公設	(gōng shè)
公設比	(gōng shè bǐ)
公審	(gōng shěn)
公升	(gōng shēng)
公石	(gōng dàn)
公使	(gōng shǐ)
公使館	(gōng shǐ guǎn)
公示	(gōng shì)
公式	(gōng shì)
公式化	(gōng shì huà)
公事	(gōng shì)
公事包	(gōng shì bāo)
公事房	(gōng shì fáng)
公事公辦	(gōng shì gōng bàn)
公室	(gōng shì)
公署	(gōng shǔ)
公說公有理，婆說婆有理	(gōng shuō gōng yǒu lǐ , pó shuō pó yǒu lǐ)
公司	(gōng sī)
公司法	(gōng sī fǎ)
公司會議	(gōng sī huì yì)
公司理財	(gōng sī lǐ cái)
公司三明治	(gōng sī sān míng zhì)
公司行號	(gōng sī háng hào)
公司債	(gōng sī zhài)
公司治理	(gōng sī zhì lǐ)
公私	(gōng sī)
公私合營	(gōng sī hé yíng)
公私兼顧	(gōng sī jiān gù)
公訴	(gōng sù)
公訴人	(gōng sù rén)
公孫	(gōng sūn)
公孫龍	(gōng sūn lóng)
公孫起	(gōng sūn qǐ)
公堂	(gōng táng)
公帑	(gōng tǎng)
公聽會	(gōng tīng huì)
公投	(gōng tóu)
公推	(gōng tuī)
公網	(gōng wǎng)
公衛	(gōng wèi)
公文	(gōng wén)
公文包	(gōng wén bāo)
公屋	(gōng wū)
公物	(gōng wù)
公務	(gōng wù)
公務艙	(gōng wù cāng)
公務人員	(gōng wù rén yuán)
公務員	(gōng wù yuán)
公心	(gōng xīn)
公信力	(gōng xìn lì)
公休	(gōng xiū)
公休日	(gōng xiū rì)
公學	(gōng xué)
公演	(gōng yǎn)
公宴	(gōng yàn)
公燕	(gōng yàn)
公羊	(gōng yáng)
公羊傳	(gōng yáng zhuàn)
公羊春秋	(gōng yáng chūn qiū)
公鑰	(gōng yào)
公益	(gōng yì)
公益活動	(gōng yì huó dòng)
公益金	(gōng yì jīn)
公益事業	(gōng yì shì yè)
公義	(gōng yì)
公議	(gōng yì)
公因式	(gōng yīn shì)
公因子	(gōng yīn zǐ)
公引	(gōng yǐn)
公營	(gōng yíng)
公營經濟	(gōng yíng jīng jì)
公營企業	(gōng yíng qǐ yè)
公映	(gōng yìng)
公用	(gōng yòng)
公用電話	(gōng yòng diàn huà)
公用交換電話網	(gōng yòng jiāo huàn diàn huà wǎng)
公有	(gōng yǒu)
公有化	(gōng yǒu huà)
公有制	(gōng yǒu zhì)
公寓	(gōng yù)
公寓大樓	(gōng yù dà lóu)
公寓樓	(gōng yù lóu)
公元	(gōng yuán)
公元前	(gōng yuán qián)
公園	(gōng yuán)
公約	(gōng yuē)
公約數	(gōng yuē shù)
公允	(gōng yǔn)
公允價值	(gōng yǔn jià zhí)
公仔	(gōng zǎi)
公仔麵	(gōng zǎi miàn)
公債	(gōng zhài)
公債券	(gōng zhài quàn)
公章	(gōng zhāng)
公丈	(gōng zhàng)
公正	(gōng zhèng)
公證	(gōng zhèng)
公證處	(gōng zhèng chù)
公證人	(gōng zhèng rén)
公之於世	(gōng zhī yú shì)
公之於眾	(gōng zhī yú zhòng)
公知	(gōng zhī)
公職	(gōng zhí)
公職人員	(gōng zhí rén yuán)
公制	(gōng zhì)
公制單位	(gōng zhì dān wèi)
公眾	(gōng zhòng)
公眾號	(gōng zhòng hào)
公眾集會	(gōng zhòng jí huì)
公眾人物	(gōng zhòng rén wù)
公眾意見	(gōng zhòng yì jiàn)
公豬	(gōng zhū)
公豬異味	(gōng zhū yì wèi)
公諸同好	(gōng zhū tóng hào)
公諸於世	(gōng zhū yú shì)
公主	(gōng zhǔ)
公主抱	(gōng zhǔ bào)
公主病	(gōng zhǔ bìng)
公主車	(gōng zhǔ chē)
公主嶺市	(gōng zhǔ lǐng shì)
公轉	(gōng zhuàn)
公子	(gōng zǐ)
公子哥兒	(gōng zǐ gē r)
公租房	(gōng zū fáng)
功	(gōng)
功敗垂成	(gōng bài chuí chéng)
功不可沒	(gōng bù kě mò)
功臣	(gōng chén)
功成不居	(gōng chéng bù jū)
功成名就	(gōng chéng míng jiù)
功到自然成	(gōng dào zì rán chéng)
功德	(gōng dé)
功德無量	(gōng dé wú liàng)
功德圓滿	(gōng dé yuán mǎn)
功底	(gōng dǐ)
功放	(gōng fàng)
功夫	(gōng fu)
功夫病毒	(gōng fu bìng dú)
功夫茶	(gōng fu chá)
功高不賞	(gōng gāo bù shǎng)
功高蓋主	(gōng gāo gài zhǔ)
功高望重	(gōng gāo wàng zhòng)
功過	(gōng guò)
功耗	(gōng hào)
功績	(gōng jì)
功課	(gōng kè)
功虧一簣	(gōng kuī yī kuì)
功勞	(gōng láo)
功勞簿	(gōng láo bù)
功力	(gōng lì)
功利	(gōng lì)
功利主義	(gōng lì zhǔ yì)
功烈	(gōng liè)
功令	(gōng lìng)
功率	(gōng lǜ)
功名	(gōng míng)
功名利祿	(gōng míng lì lù)
功莫大焉	(gōng mò dà yān)
功能	(gōng néng)
功能表	(gōng néng biǎo)
功能詞	(gōng néng cí)
功能磁共振成像術	(gōng néng cí gòng zhèn chéng xiàng shù)
功能機	(gōng néng jī)
功能集	(gōng néng jí)
功能模塊	(gōng néng mó kuài)
功能群	(gōng néng qún)
功能團	(gōng néng tuán)
功能性	(gōng néng xìng)
功能性磁共振成像	(gōng néng xìng cí gòng zhèn chéng xiàng)
功能飲料	(gōng néng yǐn liào)
功完行滿	(gōng wán xíng mǎn)
功效	(gōng xiào)
功勳	(gōng xūn)
功業	(gōng yè)
功用	(gōng yòng)
功罪	(gōng zuì)
攻	(gōng)
攻砭	(gōng biān)
攻城	(gōng chéng)
攻城略地	(gōng chéng lüè dì)
攻城木	(gōng chéng mù)
攻打	(gōng dǎ)
攻讀	(gōng dú)
攻伐	(gōng fá)
攻防	(gōng fáng)
攻關	(gōng guān)
攻擊	(gōng jī)
攻擊機	(gōng jī jī)
攻擊力	(gōng jī lì)
攻擊線	(gōng jī xiàn)
攻堅	(gōng jiān)
攻堅克難	(gōng jiān kè nán)
攻訐	(gōng jié)
攻克	(gōng kè)
攻略	(gōng lüè)
攻滅	(gōng miè)
攻破	(gōng pò)
攻取	(gōng qǔ)
攻入	(gōng rù)
攻勢	(gōng shì)
攻無不克，戰無不勝	(gōng wú bù kè , zhàn wú bù shèng)
攻陷	(gōng xiàn)
攻心	(gōng xīn)
攻占	(gōng zhàn)
供	(gōng)
供不應求	(gōng bù yìng qiú)
供稱	(gòng chēng)
供詞	(gòng cí)
供大於求	(gōng dà yú qiú)
供電	(gōng diàn)
供房	(gōng fáng)
供奉	(gòng fèng)
供佛花	(gòng fó huā)
供稿	(gōng gǎo)
供給	(gōng jǐ)
供過於求	(gōng guò yú qiú)
供花	(gòng huā)
供貨	(gōng huò)
供貨商	(gōng huò shāng)
供暖	(gōng nuǎn)
供品	(gòng pǐn)
供求	(gōng qiú)
供熱	(gōng rè)
供認	(gòng rèn)
供認不諱	(gòng rèn bù huì)
供石	(gōng shí)
供述	(gòng shù)
供水	(gōng shuǐ)
供體	(gōng tǐ)
供物	(gòng wù)
供獻	(gōng xiàn)
供銷	(gōng xiāo)
供銷商	(gōng xiāo shāng)
供需	(gōng xū)
供血	(gōng xuè)
供血者	(gōng xuè zhě)
供養	(gòng yǎng)
供應	(gōng yìng)
供應鏈	(gōng yìng liàn)
供應品	(gōng yìng pǐn)
供應商	(gōng yìng shāng)
供應室	(gōng yìng shì)
供應者	(gōng yìng zhě)
供油系統	(gōng yóu xì tǒng)
供職	(gòng zhí)
供狀	(gòng zhuàng)
恭	(gōng)
恭城瑤族自治縣	(gōng chéng yáo zú zì zhì xiàn)
恭賀	(gōng hè)
恭賀新禧	(gōng hè xīn xǐ)
恭候	(gōng hòu)
恭謹	(gōng jǐn)
恭敬	(gōng jìng)
恭敬不如從命	(gōng jìng bù rú cóng mìng)
恭親王	(gōng qīn wáng)
恭順	(gōng shùn)
恭惟	(gōng wei)
恭維	(gōng wei)
恭喜	(gōng xǐ)
恭喜發財	(gōng xǐ fā cái)
恭祝	(gōng zhù)
宮	(gōng)
宮保雞丁	(gōng bǎo jī dīng)
宮爆雞丁	(gōng bào jī dīng)
宮爆肉丁	(gōng bào ròu dīng)
宮本	(gōng běn)
宮城	(gōng chéng)
宮殿	(gōng diàn)
宮調	(gōng diào)
宮觀	(gōng guàn)
宮頸	(gōng jǐng)
宮頸管	(gōng jǐng guǎn)
宮內節育器	(gōng nèi jié yù qì)
宮女	(gōng nǚ)
宮崎	(gōng qí)
宮崎駿	(gōng qí jùn)
宮崎吾朗	(gōng qí wú lǎng)
宮闕	(gōng què)
宮人	(gōng rén)
宮商角徵羽	(gōng shāng jué zhǐ yǔ)
宮縮	(gōng suō)
宮廷	(gōng tíng)
宮外孕	(gōng wài yùn)
宮位	(gōng wèi)
宮刑	(gōng xíng)
宮掖	(gōng yè)
宮澤喜一	(gōng zé xǐ yī)
宮主	(gōng zhǔ)
匑	(gōng)
匔	(gōng)
兣	(li2ke4)
廾	(gǒng)
拱	(gǒng)
拱壩	(gǒng bà)
拱抱	(gǒng bào)
拱璧	(gǒng bì)
拱道	(gǒng dào)
拱點	(gǒng diǎn)
拱頂	(gǒng dǐng)
拱度	(gǒng dù)
拱墩	(gǒng dūn)
拱火	(gǒng huǒ)
拱肩	(gǒng jiān)
拱廊	(gǒng láng)
拱門	(gǒng mén)
拱橋	(gǒng qiáo)
拱手	(gǒng shǒu)
拱手讓人	(gǒng shǒu ràng rén)
拱手相讓	(gǒng shǒu xiāng ràng)
拱墅區	(gǒng shù qū)
拱衛	(gǒng wèi)
拱形	(gǒng xíng)
拱柱	(gǒng zhù)
拱狀	(gǒng zhuàng)
栱	(gǒng)
共	(gòng)
共產	(gòng chǎn)
共產黨	(gòng chǎn dǎng)
共產黨宣言	(gòng chǎn dǎng xuān yán)
共產黨員	(gòng chǎn dǎng yuán)
共產國際	(gòng chǎn guó jì)
共產主義	(gòng chǎn zhǔ yì)
共產主義青年團	(gòng chǎn zhǔ yì qīng nián tuán)
共乘	(gòng chéng)
共處	(gòng chǔ)
共刺激	(gòng cì jī)
共存	(gòng cún)
共存性	(gòng cún xìng)
共黨	(gòng dǎng)
共讀	(gòng dú)
共軛	(gòng è)
共軛不盡根	(gòng è bù jìn gēn)
共軛複數	(gòng è fù shù)
共犯	(gòng fàn)
共匪	(gòng fěi)
共赴	(gòng fù)
共工	(gòng gōng)
共管	(gòng guǎn)
共和	(gòng hé)
共和黨	(gòng hé dǎng)
共和黨人	(gòng hé dǎng rén)
共和國	(gòng hé guó)
共和派	(gòng hé pài)
共和縣	(gòng hé xiàn)
共和政體	(gòng hé zhèng tǐ)
共和制	(gòng hé zhì)
共話	(gòng huà)
共患難	(gòng huàn nàn)
共計	(gòng jì)
共濟會	(gòng jì huì)
共價鍵	(gòng jià jiàn)
共建房	(gòng jiàn fáng)
共焦	(gòng jiāo)
共面	(gòng miàn)
共鳴	(gòng míng)
共模	(gòng mó)
共模抑制比	(gòng mó yì zhì bǐ)
共謀	(gòng móu)
共謀者	(gòng móu zhě)
共謀罪	(gòng móu zuì)
共棲	(gòng qī)
共青城市	(gòng qīng chéng shì)
共青團	(gòng qīng tuán)
共情	(gòng qíng)
共商	(gòng shāng)
共商大計	(gòng shāng dà jì)
共生	(gòng shēng)
共時	(gòng shí)
共識	(gòng shí)
共事	(gòng shì)
共通	(gòng tōng)
共通性	(gòng tōng xìng)
共同	(gòng tóng)
共同點	(gòng tóng diǎn)
共同綱領	(gòng tóng gāng lǐng)
共同基金	(gòng tóng jī jīn)
共同利益	(gòng tóng lì yì)
共同社	(gòng tóng shè)
共同體	(gòng tóng tǐ)
共同主持人	(gòng tóng zhǔ chí rén)
共線	(gòng xiàn)
共襄善舉	(gòng xiāng shàn jǔ)
共襄盛舉	(gòng xiāng shèng jǔ)
共享	(gòng xiǎng)
共享程序庫	(gòng xiǎng chéng xù kù)
共享帶寬	(gòng xiǎng dài kuān)
共享函數庫	(gòng xiǎng hán shù kù)
共享計劃	(gòng xiǎng jì huà)
共享庫	(gòng xiǎng kù)
共享軟體	(gòng xiǎng ruǎn tǐ)
共行車道	(gòng xíng chē dào)
共形	(gòng xíng)
共性	(gòng xìng)
共業	(gòng yè)
共贏	(gòng yíng)
共用	(gòng yòng)
共有	(gòng yǒu)
共振	(gòng zhèn)
勾	(gōu)
勾出	(gōu chū)
勾搭	(gōu da)
勾當	(gòu dàng)
勾兌	(gōu duì)
勾縫	(gōu fèng)
勾股定理	(gōu gǔ dìng lǐ)
勾號	(gōu hào)
勾畫	(gōu huà)
勾劃	(gōu huà)
勾魂	(gōu hún)
勾肩搭背	(gōu jiān dā bèi)
勾踐	(gōu jiàn)
勾結	(gōu jié)
勾闌	(gōu lán)
勾欄	(gōu lán)
勾勒	(gōu lè)
勾連	(gōu lián)
勾聯	(gōu lián)
勾留	(gōu liú)
勾破	(gōu pò)
勾起	(gōu qǐ)
勾芡	(gōu qiàn)
勾拳	(gōu quán)
勾人	(gōu rén)
勾三搭四	(gōu sān dā sì)
勾手	(gōu shǒu)
勾通	(gōu tōng)
勾銷	(gōu xiāo)
勾心鬥角	(gōu xīn dòu jiǎo)
勾選	(gōu xuǎn)
勾引	(gōu yǐn)
勾玉	(gōu yù)
勾走	(gōu zǒu)
佝	(gōu)
佝僂	(gōu lóu)
佝僂病	(gōu lóu bìng)
佝瞀	(kòu mào)
冓	(gòu)
岣	(gǒu)
枸	(gōu)
枸骨	(gǒu gǔ)
枸橘	(gōu jú)
枸杞	(gǒu qǐ)
枸杞子	(gǒu qǐ zǐ)
枸櫞	(jǔ yuán)
垢	(gòu)
姤	(gòu)
夠	(gòu)
夠本	(gòu běn)
夠不著	(gòu bu zháo)
夠得上	(gòu de shàng)
夠得著	(gòu de zháo)
夠格	(gòu gé)
夠朋友	(gòu péng you)
夠戧	(gòu qiàng)
夠嗆	(gòu qiàng)
夠受的	(gòu shòu de)
夠味	(gòu wèi)
夠意思	(gòu yì si)
夠用	(gòu yòng)
搆	(gòu)
彀	(gòu)
彀中	(gòu zhōng)
媾	(gòu)
媾合	(gòu hé)
媾和	(gòu hé)
構	(gòu)
構成	(gòu chéng)
構詞	(gòu cí)
構詞學	(gòu cí xué)
構架	(gòu jià)
構件	(gòu jiàn)
構建	(gòu jiàn)
構樹	(gòu shù)
構思	(gòu sī)
構圖	(gòu tú)
構陷	(gòu xiàn)
構想	(gòu xiǎng)
構想圖	(gòu xiǎng tú)
構型	(gòu xíng)
構造	(gòu zào)
構造運動	(gòu zào yùn dòng)
構築	(gòu zhù)
估	(gū)
估測	(gū cè)
估產	(gū chǎn)
估定	(gū dìng)
估堆兒	(gū duī r)
估計	(gū jì)
估價	(gū jià)
估量	(gū liang)
估摸	(gū mo)
估算	(gū suàn)
估衣	(gù yi)
估值	(gū zhí)
咕	(gū)
咕咚	(gū dōng)
咕咕叫	(gū gū jiào)
咕唧	(gū jī)
咕咾肉	(gū lǎo ròu)
咕嚕	(gū lu)
咕嚕肉	(gū lū ròu)
咕噥	(gū nong)
呱	(gū)
呱呱	(guā guā)
呱呱叫	(guā guā jiào)
呱呱墜地	(gū gū zhuì dì)
孤	(gū)
孤哀子	(gū āi zǐ)
孤傲	(gū ào)
孤拔	(gū bá)
孤雌生殖	(gū cí shēng zhí)
孤單	(gū dān)
孤膽	(gū dǎn)
孤膽英雄	(gū dǎn yīng xióng)
孤島	(gū dǎo)
孤獨	(gū dú)
孤獨於世	(gū dú yú shì)
孤獨症	(gū dú zhèng)
孤兒	(gū ér)
孤兒藥	(gū ér yào)
孤兒院	(gū ér yuàn)
孤芳自賞	(gū fāng zì shǎng)
孤負	(gū fù)
孤高	(gū gāo)
孤寡	(gū guǎ)
孤拐	(gū guǎi)
孤寒	(gū hán)
孤魂	(gū hún)
孤魂野鬼	(gū hún yě guǐ)
孤寂	(gū jì)
孤家寡人	(gū jiā guǎ rén)
孤孑	(gū jié)
孤孑特立	(gū jié tè lì)
孤絕	(gū jué)
孤軍奮戰	(gū jūn fèn zhàn)
孤苦伶仃	(gū kǔ líng dīng)
孤苦零丁	(gū kǔ líng dīng)
孤老	(gū lǎo)
孤立	(gū lì)
孤立無援	(gū lì wú yuán)
孤立子	(gū lì zǐ)
孤立子波	(gū lì zǐ bō)
孤例	(gū lì)
孤零零	(gū líng líng)
孤陋	(gū lòu)
孤陋寡聞	(gū lòu guǎ wén)
孤鸞年	(gū luán nián)
孤男寡女	(gū nán guǎ nǚ)
孤鳥	(gū niǎo)
孤僻	(gū pì)
孤沙錐	(gū shā zhuī)
孤山	(gū shān)
孤身	(gū shēn)
孤身隻影	(gū shēn zhī yǐng)
孤孀	(gū shuāng)
孤掌難鳴	(gū zhǎng nán míng)
孤征	(gū zhēng)
孤證	(gū zhèng)
孤證不立	(gū zhèng bù lì)
孤注一擲	(gū zhù yī zhì)
孤子	(gū zǐ)
姑	(gū)
姑爹	(gū diē)
姑夫	(gū fu)
姑父	(gū fu)
姑姑	(gū gu)
姑姥姥	(gū lǎo lao)
姑媽	(gū mā)
姑母	(gū mǔ)
姑奶奶	(gū nǎi nai)
姑娘	(gū niang)
姑婆	(gū pó)
姑婆芋	(gū pó yù)
姑且	(gū qiě)
姑蘇區	(gū sū qū)
姑妄言之	(gū wàng yán zhī)
姑息	(gū xī)
姑息養奸	(gū xī yǎng jiān)
姑息遺患	(gū xī yí huàn)
姑爺	(gū ye)
姑丈	(gū zhàng)
姑置勿論	(gū zhì wù lùn)
姑子	(gū zi)
唂	(gū)
古	(gǔ)
古巴	(gǔ bā)
古巴比倫	(gǔ bā bǐ lún)
古板	(gǔ bǎn)
古堡	(gǔ bǎo)
古北界	(gǔ běi jiè)
古幣	(gǔ bì)
古波	(gǔ bō)
古城	(gǔ chéng)
古城區	(gǔ chéng qū)
古馳	(gǔ chí)
古代	(gǔ dài)
古代史	(gǔ dài shǐ)
古道	(gǔ dào)
古盜鳥	(gǔ dào niǎo)
古地磁	(gǔ dì cí)
古登堡	(gǔ dēng bǎo)
古典	(gǔ diǎn)
古典派	(gǔ diǎn pài)
古典文學	(gǔ diǎn wén xué)
古典音樂	(gǔ diǎn yīn yuè)
古典語言	(gǔ diǎn yǔ yán)
古典樂	(gǔ diǎn yuè)
古董	(gǔ dǒng)
古董灘	(gǔ dǒng tān)
古都	(gǔ dū)
古爾班通古特沙漠	(gǔ ěr bān tōng gǔ tè shā mò)
古法	(gǔ fǎ)
古方	(gǔ fāng)
古風	(gǔ fēng)
古根海姆	(gǔ gēn hǎi mǔ)
古根罕	(gǔ gēn hǎn)
古根罕噴氣推進研究中心	(gǔ gēn hǎn pēn qì tuī jìn yán jiū zhōng xīn)
古怪	(gǔ guài)
古國	(gǔ guó)
古惑仔	(gǔ huò zǎi)
古吉拉特	(gǔ jí lā tè)
古吉拉特邦	(gǔ jí lā tè bāng)
古籍	(gǔ jí)
古脊椎動物學	(gǔ jǐ zhuī dòng wù xué)
古蹟	(gǔ jì)
古交市	(gǔ jiāo shì)
古傑拉爾	(gǔ jié lā ěr)
古傑拉特邦	(gǔ jié lā tè bāng)
古今	(gǔ jīn)
古今韻會舉要	(gǔ jīn yùn huì jǔ yào)
古今中外	(gǔ jīn zhōng wài)
古晉	(gǔ jìn)
古井無波	(gǔ jǐng wú bō)
古舊	(gǔ jiù)
古柯	(gǔ kē)
古柯鹼	(gǔ kē jiǎn)
古柯樹	(gǔ kē shù)
古坑	(gǔ kēng)
古坑鄉	(gǔ kēng xiāng)
古拉格	(gǔ lā gé)
古來	(gǔ lái)
古蘭經	(gǔ lán jīng)
古浪縣	(gǔ làng xiàn)
古老	(gǔ lǎo)
古老肉	(gǔ lǎo ròu)
古里古怪	(gǔ lǐ gǔ guài)
古麗	(gǔ lì)
古藺縣	(gǔ lìn xiàn)
古靈精怪	(gǔ líng jīng guài)
古龍	(gǔ lóng)
古龍水	(gǔ lóng shuǐ)
古魯	(gǔ lǔ)
古魯魯	(gǔ lǔ lǔ)
古羅馬	(gǔ luó mǎ)
古墓	(gǔ mù)
古墓麗影	(gǔ mù lì yǐng)
古墓葬群	(gǔ mù zàng qún)
古諾	(gǔ nuò)
古樸	(gǔ pǔ)
古奇	(gǔ qí)
古氣候學	(gǔ qì hòu xué)
古縴道	(gǔ qiàn dào)
古琴	(gǔ qín)
古人	(gǔ rén)
古人類	(gǔ rén lèi)
古人類學	(gǔ rén lèi xué)
古色古香	(gǔ sè gǔ xiāng)
古剎	(gǔ chà)
古生物	(gǔ shēng wù)
古生物學	(gǔ shēng wù xué)
古生物學家	(gǔ shēng wù xué jiā)
古詩	(gǔ shī)
古時	(gǔ shí)
古時候	(gǔ shí hou)
古史	(gǔ shǐ)
古書	(gǔ shū)
古斯塔夫·多雷	(gǔ sī tǎ fū · duō léi)
古斯塔夫·施特雷澤曼	(gǔ sī tǎ fū · shī tè léi zé màn)
古塔區	(gǔ tǎ qū)
古特雷斯	(gǔ tè léi sī)
古騰堡計劃	(gǔ téng bǎo jì huà)
古體詩	(gǔ tǐ shī)
古田縣	(gǔ tián xiàn)
古銅色	(gǔ tóng sè)
古銅色卷尾	(gǔ tóng sè juǎn wěi)
古玩	(gǔ wán)
古玩店	(gǔ wán diàn)
古往今來	(gǔ wǎng jīn lái)
古文	(gǔ wén)
古文觀止	(gǔ wén guān zhǐ)
古文明	(gǔ wén míng)
古文運動	(gǔ wén yùn dòng)
古文字學	(gǔ wén zì xué)
古物	(gǔ wù)
古希臘	(gǔ xī là)
古希臘語	(gǔ xī là yǔ)
古昔	(gǔ xī)
古稀	(gǔ xī)
古縣	(gǔ xiàn)
古新世	(gǔ xīn shì)
古新統	(gǔ xīn tǒng)
古訓	(gǔ xùn)
古雅典	(gǔ yǎ diǎn)
古硯	(gǔ yàn)
古諺	(gǔ yàn)
古冶區	(gǔ yě qū)
古義	(gǔ yì)
古音	(gǔ yīn)
古語	(gǔ yǔ)
古早	(gǔ zǎo)
古早味	(gǔ zǎo wèi)
古宅	(gǔ zhái)
古丈縣	(gǔ zhàng xiàn)
古箏	(gǔ zhēng)
古裝	(gǔ zhuāng)
古裝劇	(gǔ zhuāng jù)
古字	(gǔ zì)
扢	(gǔ)
唃	(gū)
榾	(gǔ)
榖	(gǔ)
嘏	(gǔ)
固	(gù)
固安縣	(gù ān xiàn)
固醇	(gù chún)
固氮	(gù dàn)
固定	(gù dìng)
固定詞組	(gù dìng cí zǔ)
固定點	(gù dìng diǎn)
固定電話	(gù dìng diàn huà)
固定收入	(gù dìng shōu rù)
固定型思維	(gù dìng xíng sī wéi)
固定資產	(gù dìng zī chǎn)
固化	(gù huà)
固話	(gù huà)
固件	(gù jiàn)
固窮	(gù qióng)
固然	(gù rán)
固若金湯	(gù ruò jīn tāng)
固始縣	(gù shǐ xiàn)
固守	(gù shǒu)
固態	(gù tài)
固態硬盤	(gù tài yìng pán)
固體	(gù tǐ)
固體膠	(gù tǐ jiāo)
固體食物	(gù tǐ shí wù)
固體物理	(gù tǐ wù lǐ)
固網	(gù wǎng)
固網電信	(gù wǎng diàn xìn)
固形量	(gù xíng liàng)
固形物	(gù xíng wù)
固陽縣	(gù yáng xiàn)
固有	(gù yǒu)
固有詞	(gù yǒu cí)
固有名詞	(gù yǒu míng cí)
固原市	(gù yuán shì)
固鎮縣	(gù zhèn xiàn)
固執	(gù zhí)
固執己見	(gù zhí jǐ jiàn)
故	(gù)
故步自封	(gù bù zì fēng)
故稱	(gù chēng)
故城	(gù chéng)
故城縣	(gù chéng xiàn)
故此	(gù cǐ)
故道	(gù dào)
故地	(gù dì)
故第	(gù dì)
故典	(gù diǎn)
故都	(gù dū)
故而	(gù ér)
故宮	(gù gōng)
故宮博物院	(gù gōng bó wù yuàn)
故國	(gù guó)
故伎	(gù jì)
故伎重演	(gù jì chóng yǎn)
故跡	(gù jì)
故家	(gù jiā)
故家子弟	(gù jiā zǐ dì)
故交	(gù jiāo)
故舊	(gù jiù)
故舊不棄	(gù jiù bù qì)
故居	(gù jū)
故里	(gù lǐ)
故吏	(gù lì)
故墓	(gù mù)
故弄玄虛	(gù nòng xuán xū)
故去	(gù qù)
故人	(gù rén)
故殺	(gù shā)
故世	(gù shì)
故事	(gù shì)
故事片	(gù shi piàn)
故事線	(gù shi xiàn)
故態復萌	(gù tài fù méng)
故土	(gù tǔ)
故我	(gù wǒ)
故鄉	(gù xiāng)
故訓	(gù xùn)
故業	(gù yè)
故意	(gù yì)
故友	(gù yǒu)
故園	(gù yuán)
故云	(gù yún)
故宅	(gù zhái)
故障	(gù zhàng)
故轍	(gù zhé)
故知	(gù zhī)
故址	(gù zhǐ)
故紙堆	(gù zhǐ duī)
故作	(gù zuò)
故作端莊	(gù zuò duān zhuāng)
故作深沉	(gù zuò shēn chén)
故作姿態	(gù zuò zī tài)
凅	(gù)
堌	(gù)
梏	(gù)
崓	(gù)
崮	(gù)
僱	(gù)
僱兇	(gù xiōng)
僱傭	(gù yōng)
僱用	(gù yòng)
僱主	(gù zhǔ)
刮	(guā)
刮擦	(guā cā)
刮蹭	(guā cèng)
刮鏟	(guā chǎn)
刮刀	(guā dāo)
刮掉	(guā diào)
刮刮叫	(guā guā jiào)
刮刮卡	(guā guā kǎ)
刮刮樂	(guā guā lè)
刮鬍刀	(guā hú dāo)
刮鬍子	(guā hú zi)
刮臉	(guā liǎn)
刮目相看	(guā mù xiāng kàn)
刮皮刀	(guā pí dāo)
刮痧	(guā shā)
刮傷	(guā shāng)
刮勺	(guā sháo)
栝	(guā)
劀	(guā)
剮	(guǎ)
寡	(guǎ)
寡不敵眾	(guǎ bù dí zhòng)
寡淡	(guǎ dàn)
寡二少雙	(guǎ èr shǎo shuāng)
寡婦	(guǎ fu)
寡居	(guǎ jū)
寡陋	(guǎ lòu)
寡情	(guǎ qíng)
寡糖	(guǎ táng)
寡頭	(guǎ tóu)
寡頭壟斷	(guǎ tóu lǒng duàn)
寡頭政治	(guǎ tóu zhèng zhì)
寡言	(guǎ yán)
寡助	(guǎ zhù)
卦	(guà)
卦辭	(guà cí)
卦義	(guà yì)
掛	(guà)
掛礙	(guà ài)
掛彩	(guà cǎi)
掛車	(guà chē)
掛齒	(guà chǐ)
掛搭	(guà dā)
掛褡	(guà dā)
掛擋	(guà dǎng)
掛斷	(guà duàn)
掛鉤	(guà gōu)
掛鉤兒	(guà gōu r)
掛果	(guà guǒ)
掛好	(guà hǎo)
掛號	(guà hào)
掛號信	(guà hào xìn)
掛號證	(guà hào zhèng)
掛花	(guà huā)
掛懷	(guà huái)
掛機	(guà jī)
掛急診	(guà jí zhěn)
掛靠	(guà kào)
掛科	(guà kē)
掛蘭	(guà lán)
掛曆	(guà lì)
掛鐮	(guà lián)
掛慮	(guà lǜ)
掛馬	(guà mǎ)
掛麵	(guà miàn)
掛名	(guà míng)
掛念	(guà niàn)
掛牌	(guà pái)
掛旗	(guà qí)
掛起	(guà qǐ)
掛繩	(guà shéng)
掛失	(guà shī)
掛飾	(guà shì)
掛帥	(guà shuài)
掛水	(guà shuǐ)
掛鎖	(guà suǒ)
掛毯	(guà tǎn)
掛圖	(guà tú)
掛線	(guà xiàn)
掛心	(guà xīn)
掛靴	(guà xuē)
掛羊頭賣狗肉	(guà yáng tóu mài gǒu ròu)
掛一漏萬	(guà yī lòu wàn)
掛載	(guà zài)
掛在嘴邊	(guà zài zuǐ biān)
掛在嘴上	(guà zai zuǐ shang)
掛職	(guà zhí)
掛鐘	(guà zhōng)
掛軸	(guà zhóu)
掛住	(guà zhù)
掛墜盒	(guà zhuì hé)
乖	(guāi)
乖乖	(guāi guai)
乖乖女	(guāi guāi nǚ)
乖乖牌	(guāi guāi pái)
乖覺	(guāi jué)
乖离	(guāi lí)
乖戾	(guāi lì)
乖謬	(guāi miù)
乖僻	(guāi pì)
乖巧	(guāi qiǎo)
乖順	(guāi shùn)
乖迕	(guāi wǔ)
乖忤	(guāi wǔ)
乖張	(guāi zhāng)
拐	(guǎi)
拐點	(guǎi diǎn)
拐棍	(guǎi gùn)
拐角	(guǎi jiǎo)
拐角處	(guǎi jiǎo chù)
拐賣	(guǎi mài)
拐騙	(guǎi piàn)
拐彎	(guǎi wān)
拐彎處	(guǎi wān chù)
拐彎兒	(guǎi wān r)
拐彎抹角	(guǎi wān mò jiǎo)
拐杖	(guǎi zhàng)
拐子	(guǎi zi)
枴	(guǎi)
柺	(guǎi)
夬	(guài)
怪	(guài)
怪不得	(guài bu de)
怪才	(guài cái)
怪誕	(guài dàn)
怪誕不經	(guài dàn bù jīng)
怪道	(guài dào)
怪話	(guài huà)
怪傑	(guài jié)
怪咖	(guài kā)
怪里怪氣	(guài lǐ guài qì)
怪祕	(guài mì)
怪模怪樣	(guài mú guài yàng)
怪念頭	(guài niàn tou)
怪癖	(guài pǐ)
怪僻	(guài pì)
怪氣	(guài qì)
怪腔怪調	(guài qiāng guài diào)
怪圈	(guài quān)
怪人	(guài rén)
怪聲怪氣	(guài shēng guài qì)
怪事	(guài shì)
怪手	(guài shǒu)
怪獸	(guài shòu)
怪叔叔	(guài shū shu)
怪胎	(guài tāi)
怪味	(guài wèi)
怪物	(guài wu)
怪相	(guài xiàng)
怪象	(guài xiàng)
怪訝	(guài yà)
怪樣	(guài yàng)
怪異	(guài yì)
怪罪	(guài zuì)
恠	(guài)
噲	(wèi)
官	(guān)
官辦	(guān bàn)
官報私仇	(guān bào sī chóu)
官逼民反	(guān bī mín fǎn)
官兵	(guān bīng)
官艙	(guān cāng)
官差	(guān chāi)
官場	(guān chǎng)
官場現形記	(guān chǎng xiàn xíng jì)
官稱	(guān chēng)
官倒	(guān dǎo)
官邸	(guān dǐ)
官渡區	(guān dù qū)
官二代	(guān èr dài)
官翻	(guān fān)
官方	(guān fāng)
官方語言	(guān fāng yǔ yán)
官房長官	(guān fáng zhǎng guān)
官非	(guān fēi)
官費	(guān fèi)
官俸	(guān fèng)
官府	(guān fǔ)
官復原職	(guān fù yuán zhí)
官官相護	(guān guān xiāng hù)
官桂	(guān guì)
官話	(guān huà)
官宦	(guān huàn)
官宦人家	(guān huàn rén jiā)
官家	(guān jiā)
官架子	(guān jià zi)
官價	(guān jià)
官階	(guān jiē)
官爵	(guān jué)
官軍	(guān jūn)
官客	(guān kè)
官老爺	(guān lǎo ye)
官吏	(guān lì)
官僚	(guān liáo)
官僚習氣	(guān liáo xí qì)
官僚主義	(guān liáo zhǔ yì)
官媒	(guān méi)
官名	(guān míng)
官能	(guān néng)
官能基	(guān néng jī)
官能團	(guān néng tuán)
官署	(guān shǔ)
官司	(guān si)
官私合營	(guān sī hé yíng)
官田	(guān tián)
官廳水庫	(guān tīng shuǐ kù)
官網	(guān wǎng)
官威	(guān wēi)
官微	(guān wēi)
官位	(guān wèi)
官銜	(guān xián)
官宣	(guān xuān)
官學	(guān xué)
官鹽	(guān yán)
官樣	(guān yàng)
官樣文章	(guān yàng wén zhāng)
官印	(guān yìn)
官員	(guān yuán)
官運亨通	(guān yùn hēng tōng)
官箴	(guān zhēn)
官職	(guān zhí)
官制	(guān zhì)
官子	(guān zǐ)
冠	(guàn)
冠斑犀鳥	(guān bān xī niǎo)
冠詞	(guàn cí)
冠海雀	(guān hǎi què)
冠軍	(guàn jūn)
冠軍賽	(guàn jūn sài)
冠麻鴨	(guān má yā)
冠脈	(guān mài)
冠脈循環	(guān mài xún huán)
冠冕	(guān miǎn)
冠冕堂皇	(guān miǎn táng huáng)
冠名	(guàn míng)
冠紋柳鶯	(guān wén liǔ yīng)
冠縣	(guān xiàn)
冠心病	(guān xīn bìng)
冠形詞	(guān xíng cí)
冠以	(guàn yǐ)
冠魚狗	(guān yú gǒu)
冠狀	(guān zhuàng)
冠狀病毒	(guān zhuàng bìng dú)
冠狀動脈	(guān zhuàng dòng mài)
冠狀動脈旁路移植手術	(guān zhuàng dòng mài páng lù yí zhí shǒu shù)
冠狀動脈旁通手術	(guān zhuàng dòng mài páng tōng shǒu shù)
冠子	(guān zi)
倌	(guān)
棺	(guān)
棺材	(guān cai)
棺材板	(guān cai bǎn)
棺材瓤子	(guān cai ráng zi)
棺槨	(guān guǒ)
棺木	(guān mù)
䲘	(guǎn)
卝	(guàn)
毌	(guàn)
丱	(guàn)
摜	(guàn)
摜蛋	(guàn dàn)
摜奶油	(guàn nǎi yóu)
慣	(guàn)
慣常	(guàn cháng)
慣犯	(guàn fàn)
慣壞	(guàn huài)
慣家	(guàn jia)
慣例	(guàn lì)
慣量	(guàn liàng)
慣竊	(guàn qiè)
慣偷	(guàn tōu)
慣性	(guàn xìng)
慣性系	(guàn xìng xì)
慣養	(guàn yǎng)
慣用	(guàn yòng)
慣用手	(guàn yòng shǒu)
慣用語	(guàn yòng yǔ)
慣有	(guàn yǒu)
慣賊	(guàn zéi)
光	(guāng)
光斑	(guāng bān)
光膀子	(guāng bǎng zi)
光爆	(guāng bào)
光背地鶇	(guāng bèi dì dōng)
光筆	(guāng bǐ)
光標	(guāng biāo)
光波	(guāng bō)
光波長	(guāng bō cháng)
光采	(guāng cǎi)
光彩	(guāng cǎi)
光彩奪目	(guāng cǎi duó mù)
光衝量	(guāng chōng liàng)
光磁	(guāng cí)
光磁碟	(guāng cí dié)
光磁碟機	(guāng cí dié jī)
光大	(guāng dà)
光導纖維	(guāng dǎo xiān wéi)
光電	(guāng diàn)
光電二極管	(guāng diàn èr jí guǎn)
光電效應	(guāng diàn xiào yìng)
光電子	(guāng diàn zǐ)
光碟	(guāng dié)
光腚腫菊	(guāng dìng zhǒng jú)
光動嘴	(guāng dòng zuǐ)
光度	(guāng dù)
光二極管	(guāng èr jí guǎn)
光發送器	(guāng fā sòng qì)
光風霽月	(guāng fēng jì yuè)
光伏	(guāng fú)
光伏器件	(guāng fú qì jiàn)
光輻射	(guāng fú shè)
光復	(guāng fù)
光復會	(guāng fù huì)
光復鄉	(guāng fù xiāng)
光桿司令	(guāng gǎn sī lìng)
光感應	(guāng gǎn yìng)
光隔離器	(guāng gé lí qì)
光功率	(guāng gōng lǜ)
光顧	(guāng gù)
光怪陸離	(guāng guài lù lí)
光光	(guāng guāng)
光棍	(guāng gùn)
光棍兒	(guāng gùn r)
光棍節	(guāng gùn jié)
光害	(guāng hài)
光合	(guāng hé)
光合作用	(guāng hé zuò yòng)
光華	(guāng huá)
光滑	(guāng huá)
光化性角化病	(guāng huà xìng jiǎo huà bìng)
光化學	(guāng huà xué)
光化作用	(guāng huà zuò yòng)
光環	(guāng huán)
光輝	(guāng huī)
光檢測器	(guāng jiǎn cè qì)
光腳	(guāng jiǎo)
光腳的不怕穿鞋的	(guāng jiǎo de bù pà chuān xié de)
光接收器	(guāng jiē shōu qì)
光潔	(guāng jié)
光景	(guāng jǐng)
光刻	(guāng kè)
光刻機	(guāng kè jī)
光刻膠	(guāng kè jiāo)
光纜	(guāng lǎn)
光亮	(guāng liàng)
光亮度	(guāng liàng dù)
光量	(guāng liàng)
光臨	(guāng lín)
光溜	(guāng liu)
光鹵石	(guāng lǔ shí)
光祿大夫	(guāng lù dài fu)
光祿勳	(guāng lù xūn)
光芒	(guāng máng)
光芒萬丈	(guāng máng wàn zhàng)
光貓	(guāng māo)
光面內質網	(guāng miàn nèi zhì wǎng)
光麵	(guāng miàn)
光敏	(guāng mǐn)
光明	(guāng míng)
光明節	(guāng míng jié)
光明磊落	(guāng míng lěi luò)
光明區	(guāng míng qū)
光明日報	(guāng míng rì bào)
光明正大	(guāng míng zhèng dà)
光能	(guāng néng)
光能合成	(guāng néng hé chéng)
光年	(guāng nián)
光耦	(guāng ǒu)
光耦合器	(guāng ǒu hé qì)
光盤	(guāng pán)
光盤驅動器	(guāng pán qū dòng qì)
光譜	(guāng pǔ)
光譜分析	(guāng pǔ fēn xī)
光譜圖	(guāng pǔ tú)
光譜學	(guāng pǔ xué)
光譜儀	(guāng pǔ yí)
光漆	(guāng qī)
光前裕後	(guāng qián yù hòu)
光驅	(guāng qū)
光圈	(guāng quān)
光榮	(guāng róng)
光榮榜	(guāng róng bǎng)
光榮革命	(guāng róng gé mìng)
光潤	(guāng rùn)
光山縣	(guāng shān xiàn)
光射線	(guāng shè xiàn)
光是	(guāng shì)
光束	(guāng shù)
光說不練	(guāng shuō bù liàn)
光說不做	(guāng shuō bù zuò)
光速	(guāng sù)
光天化日	(guāng tiān huà rì)
光通量	(guāng tōng liàng)
光頭	(guāng tóu)
光頭黨	(guāng tóu dǎng)
光頭強	(guāng tóu qiáng)
光禿禿	(guāng tū tū)
光污染	(guāng wū rǎn)
光鮮	(guāng xiān)
光纖	(guāng xiān)
光纖電纜	(guāng xiān diàn lǎn)
光纖分布式數據接口	(guāng xiān fēn bù shì shù jù jiē kǒu)
光纖分佈數據接口	(guāng xiān fēn bù shù jù jiē kǒu)
光纖分散式資料介面	(guāng xiān fēn sàn shì zī liào jiè miàn)
光纖接口	(guāng xiān jiē kǒu)
光纖衰減	(guāng xiān shuāi jiǎn)
光線	(guāng xiàn)
光線追蹤	(guāng xiàn zhuī zōng)
光信號	(guāng xìn hào)
光緒	(guāng xù)
光緒帝	(guāng xù dì)
光學	(guāng xué)
光學雷達	(guāng xué léi dá)
光學顯微鏡	(guāng xué xiǎn wēi jìng)
光學儀器	(guāng xué yí qì)
光學字符識別	(guāng xué zì fú shí bié)
光艷	(guāng yàn)
光耀	(guāng yào)
光耀門楣	(guāng yào mén méi)
光遺傳學	(guāng yí chuán xué)
光陰	(guāng yīn)
光陰荏苒	(guāng yīn rěn rǎn)
光陰似箭	(guāng yīn sì jiàn)
光影	(guāng yǐng)
光影效	(guāng yǐng xiào)
光源	(guāng yuán)
光暈	(guāng yùn)
光澤	(guāng zé)
光澤縣	(guāng zé xiàn)
光柵	(guāng shān)
光照	(guāng zhào)
光照度	(guāng zhào dù)
光照治療	(guāng zhào zhì liáo)
光州	(guāng zhōu)
光州廣域市	(guāng zhōu guǎng yù shì)
光州市	(guāng zhōu shì)
光柱	(guāng zhù)
光追	(guāng zhuī)
光錐	(guāng zhuī)
光子	(guāng zǐ)
光宗耀祖	(guāng zōng yào zǔ)
垙	(guāng)
咣	(guāng)
咣當	(guāng dāng)
桄	(guàng)
桄榔	(guāng láng)
广	(yǎn)
廣	(guǎng)
廣安門	(guǎng ān mén)
廣安區	(guǎng ān qū)
廣安市	(guǎng ān shì)
廣播	(guǎng bō)
廣播地址	(guǎng bō dì zhǐ)
廣播電台	(guǎng bō diàn tái)
廣播電臺	(guǎng bō diàn tái)
廣播節目	(guǎng bō jié mù)
廣播劇	(guǎng bō jù)
廣播室	(guǎng bō shì)
廣播網	(guǎng bō wǎng)
廣播網路	(guǎng bō wǎng lù)
廣播員	(guǎng bō yuán)
廣博	(guǎng bó)
廣昌縣	(guǎng chāng xiàn)
廣場	(guǎng chǎng)
廣場恐怖症	(guǎng chǎng kǒng bù zhèng)
廣場恐懼	(guǎng chǎng kǒng jù)
廣場恐懼症	(guǎng chǎng kǒng jù zhèng)
廣場舞	(guǎng chǎng wǔ)
廣傳	(guǎng chuán)
廣大	(guǎng dà)
廣島	(guǎng dǎo)
廣德市	(guǎng dé shì)
廣電	(guǎng diàn)
廣電總局	(guǎng diàn zǒng jú)
廣東海洋大學	(guǎng dōng hǎi yáng dà xué)
廣東話	(guǎng dōng huà)
廣東科學技術職業學院	(guǎng dōng kē xué jì shù zhí yè xué yuàn)
廣東人	(guǎng dōng rén)
廣東省	(guǎng dōng shěng)
廣東外語外貿大學	(guǎng dōng wài yǔ wài mào dà xué)
廣度	(guǎng dù)
廣而告之	(guǎng ér gào zhī)
廣泛	(guǎng fàn)
廣泛性焦慮症	(guǎng fàn xìng jiāo lǜ zhèng)
廣泛影響	(guǎng fàn yǐng xiǎng)
廣豐區	(guǎng fēng qū)
廣柑	(guǎng gān)
廣告	(guǎng gào)
廣告攔截器	(guǎng gào lán jié qì)
廣告欄	(guǎng gào lán)
廣告牌	(guǎng gào pái)
廣告片	(guǎng gào piàn)
廣告衫	(guǎng gào shān)
廣告商	(guǎng gào shāng)
廣告條幅	(guǎng gào tiáo fú)
廣告位	(guǎng gào wèi)
廣告宣傳	(guǎng gào xuān chuán)
廣告宣傳車	(guǎng gào xuān chuán chē)
廣告宣傳畫	(guǎng gào xuān chuán huà)
廣告主	(guǎng gào zhǔ)
廣漢市	(guǎng hàn shì)
廣河縣	(guǎng hé xiàn)
廣藿香	(guǎng huò xiāng)
廣交會	(guǎng jiāo huì)
廣角	(guǎng jiǎo)
廣角鏡	(guǎng jiǎo jìng)
廣角鏡頭	(guǎng jiǎo jìng tóu)
廣結良緣	(guǎng jié liáng yuán)
廣九	(guǎng jiǔ)
廣九鐵路	(guǎng jiǔ tiě lù)
廣開言路	(guǎng kāi yán lù)
廣闊	(guǎng kuò)
廣陵區	(guǎng líng qū)
廣靈縣	(guǎng líng xiàn)
廣袤	(guǎng mào)
廣漠	(guǎng mò)
廣目天	(guǎng mù tiān)
廣南縣	(guǎng nán xiàn)
廣寧縣	(guǎng níng xiàn)
廣平縣	(guǎng píng xiàn)
廣普	(guǎng pǔ)
廣譜	(guǎng pǔ)
廣饒縣	(guǎng ráo xiàn)
廣式	(guǎng shì)
廣受好評	(guǎng shòu hǎo píng)
廣水市	(guǎng shuǐ shì)
廣外	(guǎng wài)
廣為	(guǎng wéi)
廣西壯族自治區	(guǎng xī zhuàng zú zì zhì qū)
廣信區	(guǎng xìn qū)
廣硯	(guǎng yàn)
廣陽區	(guǎng yáng qū)
廣義	(guǎng yì)
廣義相對論	(guǎng yì xiāng duì lùn)
廣遊	(guǎng yóu)
廣域市	(guǎng yù shì)
廣域網	(guǎng yù wǎng)
廣域網路	(guǎng yù wǎng lù)
廣元市	(guǎng yuán shì)
廣州美術學院	(guǎng zhōu měi shù xué yuàn)
廣州日報	(guǎng zhōu rì bào)
廣州市	(guǎng zhōu shì)
廣州中醫藥大學	(guǎng zhōu zhōng yī yào dà xué)
廣子	(guǎng zi)
廣宗縣	(guǎng zōng xiàn)
圭	(guī)
圭亞那	(guī yà nà)
亀	(guī)
椝	(guī)
媯	(guī)
槼	(guī)
槻	(guī)
嬀	(guī)
巂	(xī)
歸	(guī)
歸案	(guī àn)
歸併	(guī bìng)
歸程	(guī chéng)
歸除	(guī chú)
歸檔	(guī dàng)
歸隊	(guī duì)
歸附	(guī fù)
歸根	(guī gēn)
歸根到底	(guī gēn dào dǐ)
歸根結底	(guī gēn jié dǐ)
歸根結柢	(guī gēn jié dǐ)
歸根結蒂	(guī gēn jié dì)
歸根究底	(guī gēn jiū dǐ)
歸公	(guī gōng)
歸功	(guī gōng)
歸國	(guī guó)
歸還	(guī huán)
歸化	(guī huà)
歸結	(guī jié)
歸經	(guī jīng)
歸咎	(guī jiù)
歸口	(guī kǒu)
歸來	(guī lái)
歸類	(guī lèi)
歸零	(guī líng)
歸零地	(guī líng dì)
歸攏	(guī lǒng)
歸路	(guī lù)
歸謬法	(guī miù fǎ)
歸牧	(guī mù)
歸納	(guī nà)
歸納法	(guī nà fǎ)
歸納推理	(guī nà tuī lǐ)
歸寧	(guī níng)
歸期	(guī qī)
歸僑	(guī qiáo)
歸仁	(guī rén)
歸入	(guī rù)
歸省	(guī xǐng)
歸屬	(guī shǔ)
歸屬感	(guī shǔ gǎn)
歸屬權	(guī shǔ quán)
歸順	(guī shùn)
歸宿	(guī sù)
歸綏	(guī suí)
歸天	(guī tiān)
歸途	(guī tú)
歸位	(guī wèi)
歸西	(guī xī)
歸向	(guī xiàng)
歸心	(guī xīn)
歸心似箭	(guī xīn sì jiàn)
歸依	(guī yī)
歸因	(guī yīn)
歸因理論	(guī yīn lǐ lùn)
歸隱	(guī yǐn)
歸於	(guī yú)
歸真	(guī zhēn)
歸正	(guī zhèng)
歸置	(guī zhi)
歸罪	(guī zuì)
宄	(guǐ)
庋	(guǐ)
佹	(guǐ)
垝	(guǐ)
垝垣	(guǐ yuán)
姽	(guǐ)
匭	(guǐ)
晷	(guǐ)
攰	(guì)
柜	(jǔ)
桂	(guì)
桂東縣	(guì dōng xiàn)
桂格	(guì gé)
桂冠	(guì guān)
桂花	(guì huā)
桂林市	(guì lín shì)
桂林醫學院	(guì lín yī xué yuàn)
桂綸鎂	(guì lún měi)
桂木屬	(guì mù shǔ)
桂皮	(guì pí)
桂平市	(guì píng shì)
桂陽縣	(guì yáng xiàn)
桂魚	(guì yú)
桂枝	(guì zhī)
劌	(guì)
劊	(guì)
劊子手	(guì zi shǒu)
櫃	(guì)
櫃哥	(guì gē)
櫃姐	(guì jiě)
櫃台	(guì tái)
櫃臺	(guì tái)
櫃檯	(guì tái)
櫃員	(guì yuán)
櫃員機	(guì yuán jī)
櫃子	(guì zi)
棍	(gùn)
棍棒	(gùn bàng)
棍網球	(gùn wǎng qiú)
棍杖	(gùn zhàng)
棍子	(gùn zi)
崞	(guō)
嘓	(guō)
囯	(guó)
囶	(guó)
囻	(guó)
圀	(guó)
國	(guó)
國安	(guó ān)
國安部	(guó ān bù)
國安局	(guó ān jú)
國辦	(guó bàn)
國保	(guó bǎo)
國寶	(guó bǎo)
國標	(guó biāo)
國標碼	(guó biāo mǎ)
國標舞	(guó biāo wǔ)
國別	(guó bié)
國賓	(guó bīn)
國賓館	(guó bīn guǎn)
國柄	(guó bǐng)
國補	(guó bǔ)
國菜	(guó cài)
國策	(guó cè)
國產	(guó chǎn)
國產化	(guó chǎn huà)
國朝	(guó cháo)
國粹	(guó cuì)
國大	(guó dà)
國大黨	(guó dà dǎng)
國道	(guó dào)
國定假日	(guó dìng jià rì)
國都	(guó dū)
國度	(guó dù)
國蠹	(guó dù)
國隊	(guó duì)
國法	(guó fǎ)
國防	(guó fáng)
國防部	(guó fáng bù)
國防部長	(guó fáng bù zhǎng)
國防工業	(guó fáng gōng yè)
國防科學技術工業委員會	(guó fáng kē xué jì shù gōng yè wěi yuán huì)
國防利益	(guó fáng lì yì)
國防色	(guó fáng sè)
國防現代化	(guó fáng xiàn dài huà)
國防語言學院	(guó fáng yǔ yán xué yuàn)
國防預算	(guó fáng yù suàn)
國風	(guó fēng)
國服	(guó fú)
國父	(guó fù)
國富兵強	(guó fù bīng qiáng)
國富論	(guó fù lùn)
國歌	(guó gē)
國共	(guó gòng)
國共合作	(guó gòng hé zuò)
國共兩黨	(guó gòng liǎng dǎng)
國共內戰	(guó gòng nèi zhàn)
國關	(guó guān)
國航	(guó háng)
國號	(guó hào)
國花	(guó huā)
國畫	(guó huà)
國槐	(guó huái)
國槐樹	(guó huái shù)
國徽	(guó huī)
國會	(guó huì)
國會大廈	(guó huì dà shà)
國會山	(guó huì shān)
國會議長	(guó huì yì zhǎng)
國會議員	(guó huì yì yuán)
國貨	(guó huò)
國籍	(guó jí)
國技	(guó jì)
國際	(guó jì)
國際奧林匹克委員會	(guó jì ào lín pǐ kè wěi yuán huì)
國際奧委會	(guó jì ào wěi huì)
國際筆會	(guó jì bǐ huì)
國際標準化組織	(guó jì biāo zhǔn huà zǔ zhī)
國際大赦	(guó jì dà shè)
國際單位	(guó jì dān wèi)
國際單位制	(guó jì dān wèi zhì)
國際電報電話諮詢委員會	(guó jì diàn bào diàn huà zī xún wěi yuán huì)
國際電話	(guó jì diàn huà)
國際電信聯盟	(guó jì diàn xìn lián méng)
國際兒童節	(guó jì ér tóng jié)
國際法	(guó jì fǎ)
國際法庭	(guó jì fǎ tíng)
國際法院	(guó jì fǎ yuàn)
國際婦女節	(guó jì fù nǚ jié)
國際歌	(guó jì gē)
國際公認	(guó jì gōng rèn)
國際共產主義運動	(guó jì gòng chǎn zhǔ yì yùn dòng)
國際關係	(guó jì guān xì)
國際海事組織	(guó jì hǎi shì zǔ zhī)
國際航空聯合會	(guó jì háng kōng lián hé huì)
國際航空運輸協會	(guó jì háng kōng yùn shū xié huì)
國際和平基金會	(guó jì hé píng jī jīn huì)
國際互聯網絡	(guó jì hù lián wǎng luò)
國際化	(guó jì huà)
國際貨幣基金	(guó jì huò bì jī jīn)
國際貨幣基金組織	(guó jì huò bì jī jīn zǔ zhī)
國際貨運代理	(guó jì huò yùn dài lǐ)
國際機場	(guó jì jī chǎng)
國際級	(guó jì jí)
國際金融公司	(guó jì jīn róng gōng sī)
國際空間站	(guó jì kōng jiān zhàn)
國際勞動節	(guó jì láo dòng jié)
國際勞工組織	(guó jì láo gōng zǔ zhī)
國際聯盟	(guó jì lián méng)
國際貿易	(guó jì mào yì)
國際媒體	(guó jì méi tǐ)
國際米蘭	(guó jì mǐ lán)
國際米蘭隊	(guó jì mǐ lán duì)
國際米蘭足球俱樂部	(guó jì mǐ lán zú qiú jù lè bù)
國際民航組織	(guó jì mín háng zǔ zhī)
國際民間組織	(guó jì mín jiān zǔ zhī)
國際棋聯	(guó jì qí lián)
國際清算銀行	(guó jì qīng suàn yín háng)
國際人權標準	(guó jì rén quán biāo zhǔn)
國際日期變更線	(guó jì rì qī biàn gēng xiàn)
國際商會	(guó jì shāng huì)
國際商業機器	(guó jì shāng yè jī qì)
國際社會	(guó jì shè huì)
國際收支	(guó jì shōu zhī)
國際數學聯盟	(guó jì shù xué lián méng)
國際私法	(guó jì sī fǎ)
國際特赦	(guó jì tè shè)
國際特赦組織	(guó jì tè shè zǔ zhī)
國際體操聯合會	(guó jì tǐ cāo lián hé huì)
國際田徑聯合會	(guó jì tián jìng lián hé huì)
國際田聯	(guó jì tián lián)
國際跳棋	(guó jì tiào qí)
國際外交	(guó jì wài jiāo)
國際網絡	(guó jì wǎng luò)
國際文傳電訊社	(guó jì wén chuán diàn xùn shè)
國際文傳通訊社	(guó jì wén chuán tōng xùn shè)
國際先驅論壇報	(guó jì xiān qū lùn tán bào)
國際象棋	(guó jì xiàng qí)
國際協會	(guó jì xié huì)
國際刑警組織	(guó jì xíng jǐng zǔ zhī)
國際刑事警察組織	(guó jì xíng shì jǐng chá zǔ zhī)
國際性	(guó jì xìng)
國際醫療中心	(guó jì yī liáo zhōng xīn)
國際音標	(guó jì yīn biāo)
國際羽毛球聯合會	(guó jì yǔ máo qiú lián hé huì)
國際原子能機構	(guó jì yuán zǐ néng jī gòu)
國際戰爭罪法庭	(guó jì zhàn zhēng zuì fǎ tíng)
國際腫瘤研究機構	(guó jì zhǒng liú yán jiū jī gòu)
國際主義	(guó jì zhǔ yì)
國際足聯	(guó jì zú lián)
國際足球聯合會	(guó jì zú qiú lián hé huì)
國家	(guó jiā)
國家安全	(guó jiā ān quán)
國家安全部	(guó jiā ān quán bù)
國家安全局	(guó jiā ān quán jú)
國家標準化管理委員會	(guó jiā biāo zhǔn huà guǎn lǐ wěi yuán huì)
國家標準碼	(guó jiā biāo zhǔn mǎ)
國家代碼	(guó jiā dài mǎ)
國家地震局	(guó jiā dì zhèn jú)
國家電力監管委員會	(guó jiā diàn lì jiān guǎn wěi yuán huì)
國家電網公司	(guó jiā diàn wǎng gōng sī)
國家隊	(guó jiā duì)
國家發展改革委	(guó jiā fā zhǎn gǎi gé wěi)
國家公園	(guó jiā gōng yuán)
國家廣播電視總局	(guó jiā guǎng bō diàn shì zǒng jú)
國家海洋局	(guó jiā hǎi yáng jú)
國家漢辦	(guó jiā hàn bàn)
國家航空公司	(guó jiā háng kōng gōng sī)
國家航天局	(guó jiā háng tiān jú)
國家互聯網信息辦公室	(guó jiā hù lián wǎng xìn xī bàn gōng shì)
國家環保總局	(guó jiā huán bǎo zǒng jú)
國家火山公園	(guó jiā huǒ shān gōng yuán)
國家級	(guó jiā jí)
國家計委	(guó jiā jì wěi)
國家監委	(guó jiā jiān wěi)
國家軍品貿易管理委員會	(guó jiā jūn pǐn mào yì guǎn lǐ wěi yuán huì)
國家軍品貿易局	(guó jiā jūn pǐn mào yì jú)
國家開發銀行	(guó jiā kāi fā yín háng)
國家留學基金管理委員會	(guó jiā liú xué jī jīn guǎn lǐ wěi yuán huì)
國家旅遊度假區	(guó jiā lǚ yóu dù jià qū)
國家社會主義	(guó jiā shè huì zhǔ yì)
國家統計局	(guó jiā tǒng jì jú)
國家圖書館	(guó jiā tú shū guǎn)
國家外匯管理局	(guó jiā wài huì guǎn lǐ jú)
國家文物鑒定委員會	(guó jiā wén wù jiàn dìng wěi yuán huì)
國家文物局	(guó jiā wén wù jú)
國家文物委員會	(guó jiā wén wù wěi yuán huì)
國家新聞出版廣電總局	(guó jiā xīn wén chū bǎn guǎng diàn zǒng jú)
國家信訪局	(guó jiā xìn fǎng jú)
國家興亡，匹夫有責	(guó jiā xīng wáng , pǐ fū yǒu zé)
國家一級保護	(guó jiā yī jí bǎo hù)
國家醫療服務體系	(guó jiā yī liáo fú wù tǐ xì)
國家元首	(guó jiā yuán shǒu)
國家政策	(guó jiā zhèng cè)
國家質量監督檢驗檢疫總局	(guó jiā zhì liàng jiān dū jiǎn yàn jiǎn yì zǒng jú)
國家重點實驗室	(guó jiā zhòng diǎn shí yàn shì)
國家重點學科	(guó jiā zhòng diǎn xué kē)
國家主席	(guó jiā zhǔ xí)
國家主義	(guó jiā zhǔ yì)
國腳	(guó jiǎo)
國教	(guó jiào)
國界	(guó jiè)
國界線	(guó jiè xiàn)
國境	(guó jìng)
國君	(guó jūn)
國考	(guó kǎo)
國庫	(guó kù)
國庫券	(guó kù quàn)
國禮	(guó lǐ)
國力	(guó lì)
國立	(guó lì)
國立首爾大學	(guó lì shǒu ěr dà xué)
國立臺北科技大學	(guó lì tái běi kē jì dà xué)
國立西南聯合大學	(guó lì xī nán lián hé dà xué)
國聯	(guó lián)
國罵	(guó mà)
國漫	(guó màn)
國貿	(guó mào)
國美電器	(guó měi diàn qì)
國門	(guó mén)
國民	(guó mín)
國民待遇	(guó mín dài yù)
國民黨	(guó mín dǎng)
國民革命軍	(guó mín gé mìng jūn)
國民經濟	(guó mín jīng jì)
國民警衛隊	(guó mín jǐng wèi duì)
國民年金	(guó mín nián jīn)
國民年金保險	(guó mín nián jīn bǎo xiǎn)
國民生產毛額	(guó mín shēng chǎn máo é)
國民生產總值	(guó mín shēng chǎn zǒng zhí)
國民收入	(guó mín shōu rù)
國民小學	(guó mín xiǎo xué)
國民議會	(guó mín yì huì)
國民政府	(guó mín zhèng fǔ)
國民中學	(guó mín zhōng xué)
國名	(guó míng)
國難	(guó nàn)
國內	(guó nèi)
國內安全保衛局	(guó nèi ān quán bǎo wèi jú)
國內生產毛額	(guó nèi shēng chǎn máo é)
國內生產總值	(guó nèi shēng chǎn zǒng zhí)
國內外	(guó nèi wài)
國內線	(guó nèi xiàn)
國內戰爭	(guó nèi zhàn zhēng)
國破家亡	(guó pò jiā wáng)
國旗	(guó qí)
國企	(guó qǐ)
國情	(guó qíng)
國情咨文	(guó qíng zī wén)
國慶	(guó qìng)
國慶節	(guó qìng jié)
國慶日	(guó qìng rì)
國人	(guó rén)
國弱民窮	(guó ruò mín qióng)
國色天香	(guó sè tiān xiāng)
國殤	(guó shāng)
國師	(guó shī)
國史	(guó shǐ)
國事	(guó shì)
國事訪問	(guó shì fǎng wèn)
國是	(guó shì)
國勢	(guó shì)
國勢日衰	(guó shì rì shuāi)
國手	(guó shǒu)
國書	(guó shū)
國術	(guó shù)
國稅局	(guó shuì jú)
國臺辦	(guó tái bàn)
國泰	(guó tài)
國泰航空	(guó tài háng kōng)
國泰民安	(guó tài mín ān)
國體	(guó tǐ)
國土	(guó tǔ)
國土安全	(guó tǔ ān quán)
國土安全部	(guó tǔ ān quán bù)
國土安全局	(guó tǔ ān quán jú)
國外	(guó wài)
國外市場	(guó wài shì chǎng)
國王	(guó wáng)
國威	(guó wēi)
國務	(guó wù)
國務長官	(guó wù zhǎng guān)
國務次卿	(guó wù cì qīng)
國務卿	(guó wù qīng)
國務委員	(guó wù wěi yuán)
國務院	(guó wù yuàn)
國務院港澳事務辦公室	(guó wù yuàn gǎng ào shì wù bàn gōng shì)
國務院國有資產監督管理委員會	(guó wù yuàn guó yǒu zī chǎn jiān dū guǎn lǐ wěi yuán huì)
國務院台灣事務辦公室	(guó wù yuàn tái wān shì wù bàn gōng shì)
國務院新聞辦公室	(guó wù yuàn xīn wén bàn gōng shì)
國務總理	(guó wù zǒng lǐ)
國璽	(guó xǐ)
國小	(guó xiǎo)
國新辦	(guó xīn bàn)
國行	(guó háng)
國姓	(guó xìng)
國姓鄉	(guó xìng xiāng)
國學	(guó xué)
國宴	(guó yàn)
國藥	(guó yào)
國醫	(guó yī)
國音	(guó yīn)
國營	(guó yíng)
國營企業	(guó yíng qǐ yè)
國有	(guó yǒu)
國有公司	(guó yǒu gōng sī)
國有化	(guó yǒu huà)
國有企業	(guó yǒu qǐ yè)
國有資產監督管理委員會	(guó yǒu zī chǎn jiān dū guǎn lǐ wěi yuán huì)
國語	(guó yǔ)
國語注音符號第一式	(guó yǔ zhù yīn fú hào dì yī shì)
國樂	(guó yuè)
國運	(guó yùn)
國葬	(guó zàng)
國賊	(guó zéi)
國債	(guó zhài)
國偵局	(guó zhēn jú)
國政	(guó zhèng)
國中	(guó zhōng)
國中之國	(guó zhōng zhī guó)
國資	(guó zī)
國資委	(guó zī wěi)
國子監	(guó zǐ jiàn)
國字	(guó zì)
國字臉	(guó zì liǎn)
國足	(guó zú)
國族	(guó zú)
國祚	(guó zuò)
摑	(guāi)
幗	(guó)
果	(guǒ)
果報	(guǒ bào)
果倍爽	(guǒ bèi shuǎng)
果播	(guǒ bō)
果不其然	(guǒ bù qí rán)
果茶	(guǒ chá)
果凍	(guǒ dòng)
果斷	(guǒ duàn)
果粉	(guǒ fěn)
果腹	(guǒ fù)
果敢	(guǒ gǎn)
果戈里	(guǒ gē lǐ)
果核	(guǒ hé)
果醬	(guǒ jiàng)
果膠	(guǒ jiāo)
果酒	(guǒ jiǔ)
果決	(guǒ jué)
果粒	(guǒ lì)
果料兒	(guǒ liào r)
果嶺	(guǒ lǐng)
果洛藏族自治州	(guǒ luò zàng zú zì zhì zhōu)
果木	(guǒ mù)
果泥	(guǒ ní)
果農	(guǒ nóng)
果盤	(guǒ pán)
果皮	(guǒ pí)
果啤	(guǒ pí)
果品	(guǒ pǐn)
果脯	(guǒ fǔ)
果葡糖漿	(guǒ pú táng jiāng)
果期	(guǒ qī)
果乾	(guǒ gān)
果切	(guǒ qiē)
果然	(guǒ rán)
果仁	(guǒ rén)
果仁兒	(guǒ rén r)
果仁密餅	(guǒ rén mì bǐng)
果肉	(guǒ ròu)
果如所料	(guǒ rú suǒ liào)
果實	(guǒ shí)
果實累累	(guǒ shí léi léi)
果實散播	(guǒ shí sàn bō)
果蔬	(guǒ shū)
果樹	(guǒ shù)
果穗	(guǒ suì)
果糖	(guǒ táng)
果昔	(guǒ xī)
果餡餅	(guǒ xiàn bǐng)
果蠅	(guǒ yíng)
果園	(guǒ yuán)
果真	(guǒ zhēn)
果汁	(guǒ zhī)
果汁機	(guǒ zhī jī)
果子	(guǒ zi)
果子凍	(guǒ zi dòng)
果子醬	(guǒ zi jiàng)
果子狸	(guǒ zi lí)
果子露	(guǒ zi lù)
惈	(guǒ)
槨	(guǒ)
哈	(hā)
哈巴狗	(hǎ bā gǒu)
哈巴谷書	(hā bā gǔ shū)
哈巴河縣	(hā bā hé xiàn)
哈巴羅夫斯克	(hā bā luó fū sī kè)
哈巴雪山	(hā bā xuě shān)
哈棒	(hā bàng)
哈貝爾	(hā bèi ěr)
哈貝馬斯	(hā bèi mǎ sī)
哈比人	(hā bǐ rén)
哈伯	(hā bó)
哈伯瑪斯	(hā bó mǎ sī)
哈伯太空望遠鏡	(hā bó tài kōng wàng yuǎn jìng)
哈勃	(hā bó)
哈博羅內	(hā bó luó nèi)
哈布斯堡	(hā bù sī bǎo)
哈達	(hǎ dá)
哈得斯	(hā dé sī)
哈德斯	(hā dé sī)
哈德遜河	(hā dé xùn hé)
哈迪	(hǎ dí)
哈迪斯	(hā dí sī)
哈恩	(hā ēn)
哈爾濱工業大學	(hā ěr bīn gōng yè dà xué)
哈爾濱市	(hā ěr bīn shì)
哈爾登	(hā ěr dēng)
哈爾斯塔	(hā ěr sī tǎ)
哈豐角	(hā fēng jiǎo)
哈佛	(hā fó)
哈佛大學	(hā fó dà xué)
哈該書	(hā gāi shū)
哈根達斯	(hā gēn dá sī)
哈哈	(hā hā)
哈哈大笑	(hā hā dà xiào)
哈哈鏡	(hā hā jìng)
哈哈笑	(hā hā xiào)
哈基米	(hā jī mǐ)
哈吉	(hā jí)
哈吉斯	(hā jí sī)
哈啾	(hā jiū)
哈克貝利·芬歷險記	(hā kè bèi lì · fēn lì xiǎn jì)
哈扣	(hā kòu)
哈拉	(hā lā)
哈拉爾五世	(hā lā ěr wǔ shì)
哈拉雷	(hā lā léi)
哈拉子	(hā lā zi)
哈喇	(hā la)
哈喇子	(hā lá zi)
哈萊姆	(hā lái mǔ)
哈雷彗星	(hā léi huì xīng)
哈里	(hā lǐ)
哈里發	(hā lǐ fā)
哈里發帝國	(hā lǐ fā dì guó)
哈里發國	(hā lǐ fā guó)
哈里森·施密特	(hā lǐ sēn · shī mì tè)
哈里斯堡	(hā lǐ sī bǎo)
哈利	(hā lì)
哈利·波特	(hā lì · bō tè)
哈利伯頓	(hā lì bó dùn)
哈利法克斯	(hā lì fǎ kè sī)
哈利路亞	(hā lì lù yà)
哈莉·貝瑞	(hā lì · bèi ruì)
哈靈根	(hā líng gēn)
哈嘍	(hā lóu)
哈倫褲	(hā lún kù)
哈羅	(hā luó)
哈羅德	(hā luó dé)
哈囉	(hā luō)
哈囉出行	(hā luō chū xíng)
哈馬爾	(hā mǎ ěr)
哈馬黑拉島	(hā mǎ hēi lā dǎo)
哈馬斯	(hā mǎ sī)
哈梅內伊	(hā méi nèi yī)
哈蒙德	(hā méng dé)
哈迷	(hā mí)
哈米爾卡	(hā mǐ ěr kǎ)
哈米吉多頓	(hā mǐ jí duō dùn)
哈密瓜	(hā mì guā)
哈密市	(hā mì shì)
哈蜜瓜	(hā mì guā)
哈摩辣	(hā mó là)
哈姆雷特	(hā mǔ léi tè)
哈拿	(hā ná)
哈尼	(hā ní)
哈尼族	(hā ní zú)
哈奴曼	(hā nú màn)
哈努卡	(hā nǔ kǎ)
哈珀	(hā pò)
哈普西科德	(hā pǔ xī kē dé)
哈欠	(hā qian)
哈日	(hā rì)
哈日族	(hā rì zú)
哈薩克	(hā sà kè)
哈薩克人	(hā sà kè rén)
哈薩克斯坦	(hā sà kè sī tǎn)
哈薩克文	(hā sà kè wén)
哈薩克語	(hā sà kè yǔ)
哈薩克族	(hā sà kè zú)
哈桑	(hā sāng)
哈士蟆	(hà shi má)
哈士奇	(hā shì qí)
哈蘇	(hā sū)
哈特福德	(hā tè fú dé)
哈瓦那	(hā wǎ nà)
哈希	(hā xī)
哈腰	(hā yāo)
咍	(hāi)
咳	(hāi)
咳嗆	(ké qiàng)
咳嗽	(ké sou)
咳痰	(ké tán)
咳血	(ké xiě)
嗨	(hāi)
嗨藥	(hāi yào)
孩	(hái)
孩兒	(hái r)
孩奴	(hái nú)
孩提	(hái tí)
孩童	(hái tóng)
孩子	(hái zi)
孩子們	(hái zi men)
孩子氣	(hái zi qì)
害	(hài)
害病	(hài bìng)
害蟲	(hài chóng)
害處	(hài chu)
害得	(hài de)
害肚子	(hài dù zi)
害馬	(hài mǎ)
害命	(hài mìng)
害鳥	(hài niǎo)
害怕	(hài pà)
害群之馬	(hài qún zhī mǎ)
害人	(hài rén)
害人不淺	(hài rén bù qiǎn)
害人蟲	(hài rén chóng)
害人精	(hài rén jīng)
害人之心不可有，防人之心不可無	(hài rén zhī xīn bù kě yǒu , fáng rén zhī xīn bù kě wú)
害臊	(hài sào)
害獸	(hài shòu)
害死	(hài sǐ)
害喜	(hài xǐ)
害相思病	(hài xiāng sī bìng)
害羞	(hài xiū)
害眼	(hài yǎn)
害月子	(hài yuè zi)
嗐	(hài)
憨	(hān)
憨豆先生	(hān dòu xiān sheng)
憨厚	(hān hou)
憨實	(hān shí)
憨態	(hān tài)
憨態可掬	(hān tài kě jū)
憨直	(hān zhí)
憨子	(hān zi)
含	(hán)
含苞	(hán bāo)
含苞待放	(hán bāo dài fàng)
含宮咀徵	(hán gōng jǔ zhǐ)
含垢忍辱	(hán gòu rěn rǔ)
含含糊糊	(hán hán hú hú)
含胡	(hán hu)
含糊	(hán hu)
含糊不清	(hán hú bù qīng)
含糊其詞	(hán hú qí cí)
含混	(hán hùn)
含金	(hán jīn)
含金量	(hán jīn liàng)
含括	(hán guā)
含淚	(hán lèi)
含量	(hán liàng)
含片	(hán piàn)
含氣	(hán qì)
含情脈脈	(hán qíng mò mò)
含忍	(hán rěn)
含沙量	(hán shā liàng)
含沙射影	(hán shā shè yǐng)
含山縣	(hán shān xiàn)
含商咀徵	(hán shāng jǔ zhǐ)
含水	(hán shuǐ)
含水層	(hán shuǐ céng)
含稅	(hán shuì)
含碳	(hán tàn)
含味雋永	(hán wèi juàn yǒng)
含笑	(hán xiào)
含辛茹苦	(hán xīn rú kǔ)
含羞草	(hán xiū cǎo)
含蓄	(hán xù)
含血噴人	(hán xuè pēn rén)
含飴弄孫	(hán yí nòng sūn)
含意	(hán yì)
含義	(hán yì)
含英咀華	(hán yīng jǔ huá)
含油	(hán yóu)
含油岩	(hán yóu yán)
含有	(hán yǒu)
含冤	(hán yuān)
含蘊	(hán yùn)
咁	(gān)
函	(hán)
函辦	(hán bàn)
函大	(hán dà)
函洞	(hán dòng)
函購	(hán gòu)
函谷關	(hán gǔ guān)
函館	(hán guǎn)
函件	(hán jiàn)
函人	(hán rén)
函式庫	(hán shì kù)
函授	(hán shòu)
函授大學	(hán shòu dà xué)
函授課程	(hán shòu kè chéng)
函數	(hán shù)
函送	(hán sòng)
函送法辦	(hán sòng fǎ bàn)
函子	(hán zi)
唅	(hán)
圅	(hán)
晗	(hán)
寒	(hán)
寒蟬	(hán chán)
寒蟬效應	(hán chán xiào yìng)
寒潮	(hán cháo)
寒磣	(hán chen)
寒傖	(hán chen)
寒窗	(hán chuāng)
寒帶	(hán dài)
寒冬	(hán dōng)
寒風	(hán fēng)
寒風刺骨	(hán fēng cì gǔ)
寒光閃閃	(hán guāng shǎn shǎn)
寒假	(hán jià)
寒噤	(hán jìn)
寒荊	(hán jīng)
寒冷	(hán lěng)
寒流	(hán liú)
寒毛	(hán máo)
寒門	(hán mén)
寒氣	(hán qì)
寒舍	(hán shè)
寒食	(hán shí)
寒士	(hán shì)
寒酸	(hán suān)
寒天	(hán tiān)
寒亭區	(hán tíng qū)
寒腿	(hán tuǐ)
寒微	(hán wēi)
寒武爆發	(hán wǔ bào fā)
寒武紀	(hán wǔ jì)
寒武紀大爆發	(hán wǔ jì dà bào fā)
寒武紀生命大爆發	(hán wǔ jì shēng mìng dà bào fā)
寒心	(hán xīn)
寒暄	(hán xuān)
寒鴉	(hán yā)
寒衣	(hán yī)
寒意	(hán yì)
寒戰	(hán zhàn)
喊	(hǎn)
喊道	(hǎn dào)
喊話	(hǎn huà)
喊話器	(hǎn huà qì)
喊叫	(hǎn jiào)
喊聲	(hǎn shēng)
喊冤	(hǎn yuān)
喊住	(hǎn zhù)
㘚	(hǎn)
旱	(hàn)
旱魃	(hàn bá)
旱冰	(hàn bīng)
旱廁	(hàn cè)
旱金蓮	(hàn jīn lián)
旱澇保收	(hàn lào bǎo shōu)
旱情	(hàn qíng)
旱傘	(hàn sǎn)
旱獺	(hàn tǎ)
旱象	(hàn xiàng)
旱鴨子	(hàn yā zi)
旱煙	(hàn yān)
旱災	(hàn zāi)
垾	(hàn)
捍	(hàn)
捍衛	(hàn wèi)
捍衛者	(hàn wèi zhě)
悍	(hàn)
悍匪	(hàn fěi)
悍婦	(hàn fù)
悍馬	(hàn mǎ)
悍然	(hàn rán)
悍然不顧	(hàn rán bù gù)
悍勇	(hàn yǒng)
㪋	(hàn)
撖	(hàn)
暵	(hàn)
撼	(hàn)
撼動	(hàn dòng)
撼天動地	(hàn tiān dòng dì)
憾	(hàn)
憾恨	(hàn hèn)
憾事	(hàn shì)
夯	(hāng)
夯歌	(hāng gē)
夯漢	(hāng hàn)
夯具	(hāng jù)
夯實	(hāng shí)
夯土	(hāng tǔ)
夯土機	(hāng tǔ jī)
夯砣	(hāng tuó)
杭	(háng)
杭錦	(háng jǐn)
杭錦後旗	(háng jǐn hòu qí)
杭錦旗	(háng jǐn qí)
杭州市	(háng zhōu shì)
杭州灣	(háng zhōu wān)
嚆	(hāo)
呺	(xiāo)
嗥	(háo)
嗥叫	(háo jiào)
嘷	(háo)
壕	(háo)
壕溝	(háo gōu)
嚎	(háo)
嚎叫	(háo jiào)
嚎哭	(háo kū)
嚎啕	(háo táo)
嚎啕大哭	(háo táo dà kū)
好	(hǎo)
好半天	(hǎo bàn tiān)
好辦	(hǎo bàn)
好棒	(hǎo bàng)
好報	(hǎo bào)
好比	(hǎo bǐ)
好辯	(hào biàn)
好兵帥克	(hǎo bīng shuài kè)
好不	(hǎo bù)
好不好	(hǎo bu hǎo)
好不容易	(hǎo bù róng yì)
好吃	(hǎo chī)
好吃懶做	(hào chī lǎn zuò)
好處	(hǎo chǔ)
好大喜功	(hào dà xǐ gōng)
好歹	(hǎo dǎi)
好道	(hǎo dào)
好睇	(hǎo dì)
好動	(hào dòng)
好鬥	(hào dòu)
好端端	(hǎo duān duān)
好多	(hǎo duō)
好惡	(hào wù)
好飯不怕晚	(hǎo fàn bù pà wǎn)
好感	(hǎo gǎn)
好高騖遠	(hào gāo wù yuǎn)
好過	(hǎo guò)
好漢	(hǎo hàn)
好漢不吃眼前虧	(hǎo hàn bù chī yǎn qián kuī)
好漢不提當年勇	(hǎo hàn bù tí dāng nián yǒng)
好漢做事好漢當	(hǎo hàn zuò shì hǎo hàn dāng)
好好	(hǎo hǎo)
好好兒	(hǎo hāo r)
好好先生	(hǎo hǎo xiān sheng)
好好學習，天天向上	(hǎo hǎo xué xí , tiān tiān xiàng shàng)
好喝	(hǎo hē)
好話	(hǎo huà)
好壞	(hǎo huài)
好活當賞	(hǎo huó dāng shǎng)
好幾	(hǎo jǐ)
好幾年	(hǎo jǐ nián)
好記	(hǎo jì)
好記性不如爛筆頭	(hǎo jì xìng bù rú làn bǐ tóu)
好家伙	(hǎo jiā huo)
好景不長	(hǎo jǐng bù cháng)
好久	(hǎo jiǔ)
好久不見	(hǎo jiǔ bu jiàn)
好酒沉甕底	(hǎo jiǔ chén wèng dǐ)
好酒貪杯	(hào jiǔ tān bēi)
好聚好散	(hǎo jù hǎo sàn)
好看	(hǎo kàn)
好康	(hǎo kāng)
好客	(hào kè)
好萊塢	(hǎo lái wù)
好了傷疤忘了疼	(hǎo le shāng bā wàng le téng)
好立克	(hǎo lì kè)
好料	(hǎo liào)
好馬不吃回頭草	(hǎo mǎ bù chī huí tóu cǎo)
好夢難成	(hǎo mèng nán chéng)
好面子	(hào miàn zi)
好命	(hǎo mìng)
好男不跟女鬥	(hǎo nán bù gēn nǚ dòu)
好鳥	(hǎo niǎo)
好朋友	(hǎo péng you)
好評	(hǎo píng)
好奇	(hào qí)
好奇尚異	(hào qí shàng yì)
好奇心	(hào qí xīn)
好起來	(hǎo qǐ lai)
好氣	(hǎo qì)
好強	(hào qiáng)
好球	(hǎo qiú)
好去	(hǎo qù)
好惹	(hǎo rě)
好人	(hǎo rén)
好人好事	(hǎo rén hǎo shì)
好日子	(hǎo rì zi)
好容易	(hǎo róng yì)
好色	(hào sè)
好色之徒	(hào sè zhī tú)
好生	(hǎo shēng)
好勝	(hào shèng)
好時	(hǎo shí)
好使	(hǎo shǐ)
好市多	(hǎo shì duō)
好似	(hǎo sì)
好事	(hǎo shì)
好事不出門，惡事傳千里	(hǎo shì bù chū mén , è shì chuán qiān lǐ)
好事多磨	(hǎo shì duō mó)
好事者	(hào shì zhě)
好事之徒	(hào shì zhī tú)
好手	(hǎo shǒu)
好受	(hǎo shòu)
好睡	(hǎo shuì)
好說	(hǎo shuō)
好說歹說	(hǎo shuō dǎi shuō)
好死不如賴活著	(hǎo sǐ bù rú lài huó zhe)
好聽	(hǎo tīng)
好哇	(hǎo wā)
好玩	(hǎo wán)
好玩兒	(hǎo wán r)
好望角	(hǎo wàng jiǎo)
好為人師	(hào wéi rén shī)
好物	(hǎo wù)
好戲還在後頭	(hǎo xì hái zài hòu tou)
好險	(hǎo xiǎn)
好象	(hǎo xiàng)
好像	(hǎo xiàng)
好笑	(hǎo xiào)
好些	(hǎo xiē)
好心	(hǎo xīn)
好心當成驢肝肺	(hǎo xīn dàng chéng lǘ gān fèi)
好心人	(hǎo xīn rén)
好學	(hǎo xué)
好學近乎知，力行近乎仁，知恥近乎勇	(hào xué jìn hū zhī , lì xíng jìn hū rén , zhī chǐ jìn hū yǒng)
好言	(hǎo yán)
好言好語	(hǎo yán hǎo yǔ)
好氧	(hào yǎng)
好樣的	(hǎo yàng de)
好逸惡勞	(hào yì wù láo)
好意	(hǎo yì)
好意思	(hǎo yì si)
好用	(hǎo yòng)
好友	(hǎo yǒu)
好又多	(hǎo yòu duō)
好運	(hǎo yùn)
好運符	(hǎo yùn fú)
好在	(hǎo zài)
好戰	(hào zhàn)
好整以暇	(hào zhěng yǐ xiá)
好轉	(hǎo zhuǎn)
好自為之	(hǎo zì wéi zhī)
好走	(hǎo zǒu)
昊	(hào)
昊天	(hào tiān)
昦	(hào)
恏	(hào)
呵	(hē)
呵叱	(hē chì)
呵斥	(hē chì)
呵呵	(hē hē)
呵喝	(hē hè)
呵護	(hē hù)
呵禁	(hē jìn)
呵譴	(hē qiǎn)
呵欠	(hē qiàn)
呵責	(hē zé)
欱	(hē)
喝	(hē)
喝采	(hè cǎi)
喝彩	(hè cǎi)
喝茶	(hē chá)
喝倒彩	(hè dào cǎi)
喝道	(hè dào)
喝掉	(hē diào)
喝斷片	(hē duàn piàn)
喝高	(hē gāo)
喝掛	(hē guà)
喝光	(hē guāng)
喝酒	(hē jiǔ)
喝涼水都塞牙	(hē liáng shuǐ dōu sāi yá)
喝令	(hè lìng)
喝茫	(hē máng)
喝西北風	(hē xī běi fēng)
喝止	(hè zhǐ)
喝醉	(hē zuì)
嗬	(hē)
合	(hé)
合辦	(hé bàn)
合抱	(hé bào)
合璧	(hé bì)
合編	(hé biān)
合併	(hé bìng)
合併症	(hé bìng zhèng)
合並	(hé bìng)
合不來	(hé bù lái)
合不攏嘴	(hé bù lǒng zuǐ)
合唱	(hé chàng)
合唱團	(hé chàng tuán)
合稱	(hé chēng)
合成	(hé chéng)
合成詞	(hé chéng cí)
合成代謝	(hé chéng dài xiè)
合成法	(hé chéng fǎ)
合成革	(hé chéng gé)
合成類固醇	(hé chéng lèi gù chún)
合成器	(hé chéng qì)
合成石油	(hé chéng shí yóu)
合成數	(hé chéng shù)
合成物	(hé chéng wù)
合成洗滌劑	(hé chéng xǐ dí jì)
合成纖維	(hé chéng xiān wéi)
合成橡膠	(hé chéng xiàng jiāo)
合成語音	(hé chéng yǔ yīn)
合吃族	(hé chī zú)
合川區	(hé chuān qū)
合當	(hé dāng)
合得來	(hé de lái)
合訂本	(hé dìng běn)
合而為一	(hé ér wéi yī)
合法	(hé fǎ)
合法化	(hé fǎ huà)
合法性	(hé fǎ xìng)
合肥工業大學	(hé féi gōng yè dà xué)
合肥市	(hé féi shì)
合縫	(hé fèng)
合該	(hé gāi)
合格	(hé gé)
合格證	(hé gé zhèng)
合弓綱	(hé gōng gāng)
合共	(hé gòng)
合股	(hé gǔ)
合股線	(hé gǔ xiàn)
合規	(hé guī)
合乎	(hé hū)
合乎情理	(hé hū qíng lǐ)
合歡	(hé huān)
合婚	(hé hūn)
合伙	(hé huǒ)
合伙人	(hé huǒ rén)
合夥	(hé huǒ)
合夥人	(hé huǒ rén)
合擊	(hé jī)
合集	(hé jí)
合輯	(hé jí)
合計	(hé jì)
合家	(hé jiā)
合家歡	(hé jiā huān)
合江縣	(hé jiāng xiàn)
合腳	(hé jiǎo)
合金	(hé jīn)
合巹	(hé jǐn)
合理	(hé lǐ)
合理化	(hé lǐ huà)
合理性	(hé lǐ xìng)
合力	(hé lì)
合流	(hé liú)
合龍	(hé lóng)
合攏	(hé lǒng)
合謀	(hé móu)
合拍	(hé pāi)
合聘	(hé pìn)
合浦縣	(hé pǔ xiàn)
合氣道	(hé qì dào)
合情合理	(hé qíng hé lǐ)
合取	(hé qǔ)
合群	(hé qún)
合山市	(hé shān shì)
合扇	(hé shàn)
合上	(hé shàng)
合身	(hé shēn)
合十	(hé shí)
合時	(hé shí)
合時宜	(hé shí yí)
合式	(hé shì)
合適	(hé shì)
合手	(hé shǒu)
合數	(hé shù)
合水縣	(hé shuǐ xiàn)
合四乙尺工	(hé sì yǐ chě gōng)
合算	(hé suàn)
合體	(hé tǐ)
合體字	(hé tǐ zì)
合同	(hé tong)
合同法	(hé tong fǎ)
合同各方	(hé tong gè fāng)
合為	(hé wéi)
合圍	(hé wéi)
合憲性	(hé xiàn xìng)
合心	(hé xīn)
合眼	(hé yǎn)
合眼摸象	(hé yǎn mō xiàng)
合演	(hé yǎn)
合陽縣	(hé yáng xiàn)
合頁	(hé yè)
合葉	(hé yè)
合一	(hé yī)
合宜	(hé yí)
合意	(hé yì)
合義複詞	(hé yì fù cí)
合議	(hé yì)
合議庭	(hé yì tíng)
合音	(hé yīn)
合營	(hé yíng)
合影	(hé yǐng)
合用	(hé yòng)
合於	(hé yú)
合於時宜	(hé yú shí yí)
合院	(hé yuàn)
合約	(hé yuē)
合葬	(hé zàng)
合掌	(hé zhǎng)
合照	(hé zhào)
合轍	(hé zhé)
合轍兒	(hé zhé r)
合眾	(hé zhòng)
合眾國	(hé zhòng guó)
合眾國際社	(hé zhòng guó jì shè)
合眾為一	(hé zhòng wéi yī)
合眾銀行	(hé zhòng yín háng)
合著	(hé zhe)
合資	(hé zī)
合子	(hé zi)
合字	(hé zì)
合縱	(hé zòng)
合縱連橫	(hé zòng lián héng)
合奏	(hé zòu)
合租	(hé zū)
合作	(hé zuò)
合作方	(hé zuò fāng)
合作化	(hé zuò huà)
合作伙伴	(hé zuò huǒ bàn)
合作農場	(hé zuò nóng chǎng)
合作社	(hé zuò shè)
合作市	(hé zuò shì)
合作者	(hé zuò zhě)
何	(hé)
何必	(hé bì)
何不	(hé bù)
何不食肉糜	(hé bù shí ròu mí)
何曾	(hé céng)
何嘗	(hé cháng)
何啻	(hé chì)
何出此言	(hé chū cǐ yán)
何處	(hé chù)
何等	(hé děng)
何方	(hé fāng)
何方神聖	(hé fāng shén shèng)
何妨	(hé fáng)
何干	(hé gān)
何故	(hé gù)
何許	(hé xǔ)
何許人	(hé xǔ rén)
何苦	(hé kǔ)
何況	(hé kuàng)
何其	(hé qí)
何去何從	(hé qù hé cóng)
何人	(hé rén)
何日	(hé rì)
何如	(hé rú)
何時	(hé shí)
何首烏	(hé shǒu wū)
何所	(hé suǒ)
何為	(hé wéi)
何謂	(hé wèi)
何西阿書	(hé xī ā shū)
何須	(hé xū)
何以	(hé yǐ)
何以見得	(hé yǐ jiàn dé)
何應欽	(hé yìng qīn)
何樂不為	(hé lè bù wéi)
何樂而不為	(hé lè ér bù wéi)
何在	(hé zài)
何止	(hé zhǐ)
咊	(hé)
和	(hé)
和藹	(hé ǎi)
和藹可親	(hé ǎi kě qīn)
和布克賽爾蒙古自治縣	(hé bù kè sài ěr měng gǔ zì zhì xiàn)
和達清夫	(hé dá qīng fū)
和得來	(hé de lái)
和風	(hé fēng)
和服	(hé fú)
和歌	(hé gē)
和歌山	(hé gē shān)
和好	(hé hǎo)
和好如初	(hé hǎo rú chū)
和合	(hé hé)
和和氣氣	(hé hé qì qì)
和緩	(hé huǎn)
和會	(hé huì)
和記黃埔	(hé jì huáng pǔ)
和解	(hé jiě)
和解費	(hé jiě fèi)
和靜縣	(hé jìng xiàn)
和局	(hé jú)
和離	(hé lí)
和林格爾縣	(hé lín gé ěr xiàn)
和龍市	(hé lóng shì)
和美	(hé měi)
和美鎮	(hé měi zhèn)
和麵	(huó miàn)
和睦	(hé mù)
和睦相處	(hé mù xiāng chǔ)
和牛	(hé niú)
和暖	(hé nuǎn)
和牌	(hú pái)
和盤托出	(hé pán tuō chū)
和平	(hé píng)
和平隊	(hé píng duì)
和平鴿	(hé píng gē)
和平共處	(hé píng gòng chǔ)
和平共處五項原則	(hé píng gòng chǔ wǔ xiàng yuán zé)
和平會談	(hé píng huì tán)
和平里	(hé píng lǐ)
和平鳥	(hé píng niǎo)
和平區	(hé píng qū)
和平談判	(hé píng tán pàn)
和平特使	(hé píng tè shǐ)
和平條約	(hé píng tiáo yuē)
和平統一	(hé píng tǒng yī)
和平縣	(hé píng xiàn)
和平主義	(hé píng zhǔ yì)
和棋	(hé qí)
和氣	(hé qi)
和氣生財	(hé qì shēng cái)
和氣致祥	(hé qì zhì xiáng)
和洽	(hé qià)
和散那	(hé sǎn nà)
和善	(hé shàn)
和尚	(hé shang)
和尚打傘，無法無天	(hé shang dǎ sǎn , wú fǎ wú tiān)
和珅	(hé shēn)
和聲	(hé shēng)
和食	(hé shí)
和事佬	(hé shì lǎo)
和數	(hé shù)
和順	(hé shùn)
和順縣	(hé shùn xiàn)
和碩縣	(hé shuò xiàn)
和談	(hé tán)
和田	(hé tián)
和田地區	(hé tián dì qū)
和田河	(hé tián hé)
和田市	(hé tián shì)
和田縣	(hé tián xiàn)
和田玉	(hé tián yù)
和闐	(hé tián)
和稀泥	(huò xī ní)
和弦	(hé xián)
和縣	(hé xiàn)
和諧	(hé xié)
和諧號	(hé xié hào)
和諧性	(hé xié xìng)
和煦	(hé xù)
和顏悅色	(hé yán yuè sè)
和衣	(hé yī)
和衣而臥	(hé yī ér wò)
和音	(hé yīn)
和約	(hé yuē)
和悅	(hé yuè)
和樂	(hé lè)
和樂蟹	(hé lè xiè)
和政縣	(hé zhèng xiàn)
劾	(hé)
河	(hé)
㪃	(hé)
曷	(hé)
核	(hé)
核爆炸	(hé bào zhà)
核爆炸裝置	(hé bào zhà zhuāng zhì)
核變形	(hé biàn xíng)
核駁	(hé bó)
核不擴散	(hé bù kuò sàn)
核裁軍	(hé cái jūn)
核查	(hé chá)
核出口控制	(hé chū kǒu kòng zhì)
核磁共振	(hé cí gòng zhèn)
核大國	(hé dà guó)
核彈	(hé dàn)
核彈頭	(hé dàn tóu)
核當量	(hé dāng liàng)
核導彈	(hé dǎo dàn)
核地雷	(hé dì léi)
核電	(hé diàn)
核電廠	(hé diàn chǎng)
核電磁脈衝	(hé diàn cí mài chōng)
核電荷數	(hé diàn hè shù)
核電站	(hé diàn zhàn)
核定	(hé dìng)
核冬天	(hé dōng tiān)
核動力	(hé dòng lì)
核動力航空母艦	(hé dòng lì háng kōng mǔ jiàn)
核對	(hé duì)
核對峙	(hé duì zhì)
核兒	(hú r)
核發電	(hé fā diàn)
核發電廠	(hé fā diàn chǎng)
核廢物	(hé fèi wù)
核反擊	(hé fǎn jī)
核反應	(hé fǎn yìng)
核反應堆	(hé fǎn yìng duī)
核防御	(hé fáng yù)
核分裂	(hé fēn liè)
核輻射	(hé fú shè)
核苷	(hé gān)
核苷酸	(hé gān suān)
核工程	(hé gōng chéng)
核工業	(hé gōng yè)
核國家	(hé guó jiā)
核合成	(hé hé chéng)
核轟炸	(hé hōng zhà)
核轟炸機	(hé hōng zhà jī)
核黃素	(hé huáng sù)
核技術	(hé jì shù)
核鹼基	(hé jiǎn jī)
核僵持	(hé jiāng chí)
核結構	(hé jié gòu)
核聚變	(hé jù biàn)
核均勢	(hé jūn shì)
核軍備	(hé jūn bèi)
核可	(hé kě)
核擴散	(hé kuò sàn)
核連鎖反應	(hé lián suǒ fǎn yìng)
核裂變	(hé liè biàn)
核門檻	(hé mén jiàn)
核模型	(hé mó xíng)
核能	(hé néng)
核能源	(hé néng yuán)
核屏蔽	(hé píng bì)
核潛艇	(hé qián tǐng)
核球	(hé qiú)
核燃料	(hé rán liào)
核燃料後處理	(hé rán liào hòu chǔ lǐ)
核熱	(hé rè)
核仁	(hé rén)
核設施	(hé shè shī)
核實	(hé shí)
核事件	(hé shì jiàn)
核勢	(hé shì)
核試	(hé shì)
核試爆	(hé shì bào)
核試驗	(hé shì yàn)
核試驗場	(hé shì yàn chǎng)
核試驗堆	(hé shì yàn duī)
核四	(hé sì)
核素	(hé sù)
核酸	(hé suān)
核算	(hé suàn)
核談判	(hé tán pàn)
核糖	(hé táng)
核糖核酸	(hé táng hé suān)
核糖體	(hé táng tǐ)
核桃	(hé tao)
核桃仁	(hé tao rén)
核酮糖	(hé tóng táng)
核推進	(hé tuī jìn)
核威懾	(hé wēi shè)
核威懾力量	(hé wēi shè lì liang)
核威懾政策	(hé wēi shè zhèng cè)
核問題	(hé wèn tí)
核武	(hé wǔ)
核武庫	(hé wǔ kù)
核武器	(hé wǔ qì)
核物理	(hé wù lǐ)
核顯	(hé xiǎn)
核相互作用	(hé xiāng hù zuò yòng)
核銷	(hé xiāo)
核小體	(hé xiǎo tǐ)
核心	(hé xīn)
核型	(hé xíng)
核醫學	(hé yī xué)
核原料	(hé yuán liào)
核戰	(hé zhàn)
核戰鬥部	(hé zhàn dòu bù)
核種	(hé zhǒng)
核柱	(hé zhù)
核轉變	(hé zhuǎn biàn)
核裝置	(hé zhuāng zhì)
核准	(hé zhǔn)
核子	(hé zǐ)
核子醫學	(hé zǐ yī xué)
核自旋	(hé zì xuán)
惒	(hé)
佫	(hè)
垎	(hè)
嗃	(hè)
壑	(hè)
壑溝	(hè gōu)
壑谷	(hè gǔ)
嘿	(hēi)
嘿嘿	(hēi hēi)
嘿咻	(hēi xiū)
拫	(hén)
佷	(hěn)
很	(hěn)
很是	(hěn shì)
恨	(hèn)
恨不得	(hèn bu de)
恨惡	(hèn wù)
恨國	(hèn guó)
恨海難填	(hèn hǎi nán tián)
恨嫁	(hèn jià)
恨人	(hèn rén)
恨事	(hèn shì)
恨天高	(hèn tiān gāo)
恨鐵不成鋼	(hèn tiě bù chéng gāng)
恨透	(hèn tòu)
恨意	(hèn yì)
恨之入骨	(hèn zhī rù gǔ)
亨	(hēng)
亨德爾	(hēng dé ěr)
亨丁頓舞蹈症	(hēng dīng dùn wǔ dǎo zhèng)
亨格洛	(hēng gé luò)
亨利	(hēng lì)
亨利·哈德遜	(hēng lì · hā dé xùn)
亨利五世	(hēng lì wǔ shì)
亨氏	(hēng shì)
亨特	(hēng tè)
亨廷頓舞蹈症	(hēng tíng dùn wǔ dǎo zhèng)
亨通	(hēng tōng)
亨祚	(hēng zuò)
哼	(hng)
哼唱	(hēng chàng)
哼哧	(hēng chī)
哼兒哈兒	(hēng r hā r)
哼哼唧唧	(hēng hēng jī jī)
哼唧	(hēng ji)
哼聲	(hēng shēng)
恒	(héng)
恒生銀行	(héng shēng yín háng)
恒生指數	(héng shēng zhǐ shù)
恆	(héng)
恆常	(héng cháng)
恆春	(héng chūn)
恆春半島	(héng chūn bàn dǎo)
恆春鎮	(héng chūn zhèn)
恆大	(héng dà)
恆等	(héng děng)
恆等式	(héng děng shì)
恆定	(héng dìng)
恆河	(héng hé)
恆河猴	(héng hé hóu)
恆河沙數	(héng hé shā shù)
恆加速度	(héng jiā sù dù)
恆久	(héng jiǔ)
恆力	(héng lì)
恆山	(héng shān)
恆山區	(héng shān qū)
恆生	(héng shēng)
恆生中資企業指數	(héng shēng zhōng zī qǐ yè zhǐ shù)
恆速率	(héng sù lǜ)
恆溫	(héng wēn)
恆溫器	(héng wēn qì)
恆心	(héng xīn)
恆星	(héng xīng)
恆星際	(héng xīng jì)
恆星年	(héng xīng nián)
恆星系	(héng xīng xì)
恆壓二極管	(héng yā èr jí guǎn)
恆牙	(héng yá)
姮	(héng)
桁	(háng)
桁架	(héng jià)
桁梁	(héng liáng)
桁楊	(háng yáng)
桁楊刀鋸	(háng yáng dāo jù)
橫	(héng)
橫斑腹小鴞	(héng bān fù xiǎo xiāo)
橫斑林鶯	(héng bān lín yīng)
橫暴	(hèng bào)
橫筆	(héng bǐ)
橫匾	(héng biǎn)
橫標	(héng biāo)
橫濱	(héng bīn)
橫波	(héng bō)
橫步	(héng bù)
橫財	(hèng cái)
橫陳	(héng chén)
橫衝直撞	(héng chōng zhí zhuàng)
橫穿	(héng chuān)
橫吹	(héng chuī)
橫刀奪愛	(héng dāo duó ài)
橫渡	(héng dù)
橫斷	(héng duàn)
橫斷步道	(héng duàn bù dào)
橫斷面	(héng duàn miàn)
橫斷山脈	(héng duàn shān mài)
橫斷物	(héng duàn wù)
橫隊	(héng duì)
橫額	(héng é)
橫翻筋斗	(héng fān jīn dǒu)
橫飛	(héng fēi)
橫風	(héng fēng)
橫峰縣	(héng fēng xiàn)
橫幅	(héng fú)
橫幅標語	(héng fú biāo yǔ)
橫綱	(héng gāng)
橫槓	(héng gàng)
橫隔	(héng gé)
橫隔膜	(héng gé mó)
橫膈	(héng gé)
橫膈膜	(héng gé mó)
橫鉤	(héng gōu)
橫骨	(héng gǔ)
橫貫	(héng guàn)
橫過	(héng guò)
橫禍	(hèng huò)
橫加	(héng jiā)
橫加指責	(héng jiā zhǐ zé)
橫街	(héng jiē)
橫結腸	(héng jié cháng)
橫截	(héng jié)
橫截面	(héng jié miàn)
橫截線	(héng jié xiàn)
橫筋斗	(héng jīn dǒu)
橫空	(héng kōng)
橫空出世	(héng kōng chū shì)
橫跨	(héng kuà)
橫稜紋	(héng léng wén)
橫梁	(héng liáng)
橫流	(héng liú)
橫路	(héng lù)
橫眉	(héng méi)
橫眉冷對千夫指	(héng méi lěng duì qiān fū zhǐ)
橫眉立目	(héng méi lì mù)
橫眉怒目	(héng méi nù mù)
橫眉豎眼	(héng méi shù yǎn)
橫楣	(héng méi)
橫楣子	(héng méi zi)
橫木	(héng mù)
橫拍	(héng pāi)
橫排	(héng pái)
橫批	(héng pī)
橫剖面	(héng pōu miàn)
橫七豎八	(héng qī shù bā)
橫切	(héng qiē)
橫肉	(héng ròu)
橫三豎四	(héng sān shù sì)
橫掃	(héng sǎo)
橫掃千軍	(héng sǎo qiān jūn)
橫山	(héng shān)
橫山區	(héng shān qū)
橫山鄉	(héng shān xiāng)
橫神經	(héng shén jīng)
橫生	(héng shēng)
橫生枝節	(héng shēng zhī jié)
橫屍遍野	(héng shī biàn yě)
橫是	(héng shi)
橫豎	(héng shu)
橫豎勁兒	(héng shù jìn r)
橫說豎說	(héng shuō shù shuō)
橫死	(hèng sǐ)
橫躺	(héng tǎng)
橫躺豎臥	(héng tǎng shù wò)
橫挑鼻子豎挑眼	(héng tiāo bí zi shù tiāo yǎn)
橫頭橫腦	(héng tóu héng nǎo)
橫紋	(héng wén)
橫紋肌	(héng wén jī)
橫臥	(héng wò)
橫線	(héng xiàn)
橫向	(héng xiàng)
橫斜	(héng xié)
橫斜鉤	(héng xié gōu)
橫心	(héng xīn)
橫行	(héng xíng)
橫行霸道	(héng xíng bà dào)
橫須賀	(héng xū hè)
橫須賀市	(héng xū hè shì)
橫眼	(héng yǎn)
橫搖	(héng yáo)
橫溢	(héng yì)
橫越	(héng yuè)
橫摺	(héng zhé)
橫振動	(héng zhèn dòng)
橫征暴斂	(héng zhēng bào liǎn)
橫直	(héng zhí)
橫州市	(héng zhōu shì)
橫座標	(héng zuò biāo)
堼	(hèng)
吽	(hōng)
吽牙	(óu yá)
吽呀	(óu yá)
哄	(hǒng)
哄動	(hōng dòng)
哄動一時	(hōng dòng yī shí)
哄瞞	(hǒng mán)
哄騙	(hǒng piàn)
哄搶	(hōng qiǎng)
哄勸	(hǒng quàn)
哄然	(hōng rán)
哄抬	(hōng tái)
哄堂大笑	(hōng táng dà xiào)
哄笑	(hōng xiào)
哄誘	(hǒng yòu)
嚝	(hōng)
弘	(hóng)
弘法	(hóng fǎ)
弘圖	(hóng tú)
弘揚	(hóng yáng)
弘願	(hóng yuàn)
弘旨	(hóng zhǐ)
妅	(hóng)
吰	(hóng)
宏	(hóng)
宏病毒	(hóng bìng dú)
宏大	(hóng dà)
宏都拉斯	(hóng dū lā sī)
宏觀	(hóng guān)
宏觀調控	(hóng guān tiáo kòng)
宏觀經濟	(hóng guān jīng jì)
宏觀經濟學	(hóng guān jīng jì xué)
宏觀世界	(hóng guān shì jiè)
宏亮	(hóng liàng)
宏碁	(hóng jī)
宏碁集團	(hóng jī jí tuán)
宏儒	(hóng rú)
宏圖	(hóng tú)
宏偉	(hóng wěi)
宏偉區	(hóng wěi qū)
宏揚	(hóng yáng)
宏願	(hóng yuàn)
宏旨	(hóng zhǐ)
嗊	(hǒng)
嗊吥	(gòng bù)
侯	(hóu)
侯爵	(hóu jué)
侯馬市	(hóu mǎ shì)
侯門	(hóu mén)
侯門似海	(hóu mén sì hǎi)
侯賽因	(hóu sài yīn)
喉	(hóu)
喉部	(hóu bù)
喉擦音	(hóu cā yīn)
喉管	(hóu guǎn)
喉急	(hóu jí)
喉結	(hóu jié)
喉鏡	(hóu jìng)
喉嚨	(hóu lóng)
喉輪	(hóu lún)
喉鳴	(hóu míng)
喉片	(hóu piàn)
喉塞音	(hóu sè yīn)
喉痧	(hóu shā)
喉舌	(hóu shé)
喉頭	(hóu tóu)
喉炎	(hóu yán)
喉咽	(hóu yān)
喉音	(hóu yīn)
喉韻	(hóu yùn)
吼	(hǒu)
吼叫	(hǒu jiào)
吼聲	(hǒu shēng)
后	(hòu)
后髮座	(hòu fà zuò)
后妃	(hòu fēi)
后冠	(hòu guān)
后土	(hòu tǔ)
后羿	(hòu yì)
后座	(hòu zuò)
厚	(hòu)
厚愛	(hòu ài)
厚薄	(hòu bó)
厚薄規	(hòu bó guī)
厚報	(hòu bào)
厚此薄彼	(hòu cǐ bó bǐ)
厚賜	(hòu cì)
厚待	(hòu dài)
厚道	(hòu dao)
厚德載物	(hòu dé zài wù)
厚底鞋	(hòu dǐ xié)
厚度	(hòu dù)
厚古薄今	(hòu gǔ bó jīn)
厚積薄發	(hòu jī bó fā)
厚禮	(hòu lǐ)
厚臉皮	(hòu liǎn pí)
厚朴	(hòu pò)
厚生勞動省	(hòu shēng láo dòng shěng)
厚生省	(hòu shēng shěng)
厚生相	(hòu shēng xiàng)
厚實	(hòu shi)
厚死薄生	(hòu sǐ bó shēng)
厚望	(hòu wàng)
厚顏	(hòu yán)
厚顏無恥	(hòu yán wú chǐ)
厚養薄葬	(hòu yǎng bó zàng)
厚誼	(hòu yì)
厚重	(hòu zhòng)
厚嘴綠鳩	(hòu zuǐ lǜ jiū)
厚嘴葦鶯	(hòu zuǐ wěi yīng)
厚嘴啄花鳥	(hòu zuǐ zhuó huā niǎo)
垕	(hòu)
後	(hòu)
後爸	(hòu bà)
後半	(hòu bàn)
後半場	(hòu bàn chǎng)
後半生	(hòu bàn shēng)
後半夜	(hòu bàn yè)
後半葉	(hòu bàn yè)
後背	(hòu bèi)
後備	(hòu bèi)
後備軍	(hòu bèi jūn)
後備箱	(hòu bèi xiāng)
後輩	(hòu bèi)
後鼻音	(hòu bí yīn)
後壁	(hòu bì)
後邊	(hòu bian)
後邊兒	(hòu bian r)
後部	(hòu bù)
後車架	(hòu chē jià)
後車之鑒	(hòu chē zhī jiàn)
後車軸	(hòu chē zhóu)
後撤	(hòu chè)
後塵	(hòu chén)
後翅	(hòu chì)
後廚	(hòu chú)
後傳	(hòu zhuàn)
後代	(hòu dài)
後擋板	(hòu dǎng bǎn)
後燈	(hòu dēng)
後調	(hòu diào)
後端	(hòu duān)
後段	(hòu duàn)
後盾	(hòu dùn)
後兒	(hòu r)
後翻筋斗	(hòu fān jīn dǒu)
後方	(hòu fāng)
後父	(hòu fù)
後付	(hòu fù)
後附	(hòu fù)
後蓋	(hòu gài)
後感	(hòu gǎn)
後感覺	(hòu gǎn jué)
後跟	(hòu gēn)
後跟提帶	(hòu gēn tí dài)
後宮	(hòu gōng)
後鉤	(hòu gōu)
後鉤兒	(hòu gōu r)
後顧之憂	(hòu gù zhī yōu)
後果	(hòu guǒ)
後果自負	(hòu guǒ zì fù)
後海	(hòu hǎi)
後漢	(hòu hàn)
後花園	(hòu huā yuán)
後話	(hòu huà)
後患無窮	(hòu huàn wú qióng)
後悔	(hòu huǐ)
後悔不迭	(hòu huǐ bù dié)
後悔莫及	(hòu huǐ mò jí)
後會無期	(hòu huì wú qī)
後會有期	(hòu huì yǒu qī)
後記	(hòu jì)
後繼無人	(hòu jì wú rén)
後繼有人	(hòu jì yǒu rén)
後加	(hòu jiā)
後甲板	(hòu jiǎ bǎn)
後見之明	(hòu jiàn zhī míng)
後腳	(hòu jiǎo)
後金	(hòu jīn)
後勁	(hòu jìn)
後晉	(hòu jìn)
後進	(hòu jìn)
後進先出	(hòu jìn xiān chū)
後頸	(hòu jǐng)
後空翻	(hòu kōng fān)
後來	(hòu lái)
後來者居上	(hòu lái zhě jū shàng)
後涼	(hòu liáng)
後梁	(hòu liáng)
後龍	(hòu lóng)
後龍鎮	(hòu lóng zhèn)
後路	(hòu lù)
後輪	(hòu lún)
後媽	(hòu mā)
後門	(hòu mén)
後面	(hòu mian)
後母	(hòu mǔ)
後母臉	(hòu mǔ liǎn)
後腦	(hòu nǎo)
後腦勺	(hòu nǎo sháo)
後年	(hòu nián)
後娘	(hòu niáng)
後怕	(hòu pà)
後排	(hòu pái)
後期	(hòu qī)
後起之秀	(hòu qǐ zhī xiù)
後秦	(hòu qín)
後勤	(hòu qín)
後勤學	(hòu qín xué)
後人	(hòu rén)
後任	(hòu rèn)
後日	(hòu rì)
後梢	(hòu shāo)
後設	(hòu shè)
後設認知	(hòu shè rèn zhī)
後設資料	(hòu shè zī liào)
後生	(hòu shēng)
後生動物	(hòu shēng dòng wù)
後生可畏	(hòu shēng kě wèi)
後世	(hòu shì)
後事	(hòu shì)
後視鏡	(hòu shì jìng)
後手	(hòu shǒu)
後嗣	(hòu sì)
後送	(hòu sòng)
後送醫院	(hòu sòng yī yuàn)
後台	(hòu tái)
後台進程	(hòu tái jìn chéng)
後唐	(hòu táng)
後藤	(hòu téng)
後天	(hòu tiān)
後天性	(hòu tiān xìng)
後庭	(hòu tíng)
後頭	(hòu tou)
後退	(hòu tuì)
後味	(hòu wèi)
後衛	(hòu wèi)
後文	(hòu wén)
後西遊記	(hòu xī yóu jì)
後現代主義	(hòu xiàn dài zhǔ yì)
後效	(hòu xiào)
後心	(hòu xīn)
後信號燈	(hòu xìn hào dēng)
後續	(hòu xù)
後學	(hòu xué)
後掩蔽	(hòu yǎn bì)
後燕	(hòu yān)
後驗概率	(hòu yàn gài lǜ)
後腰	(hòu yāo)
後搖	(hòu yáo)
後搖滾	(hòu yáo gǔn)
後遺症	(hòu yí zhèng)
後裔	(hòu yì)
後影	(hòu yǐng)
後援	(hòu yuán)
後援會	(hòu yuán huì)
後緣	(hòu yuán)
後院	(hòu yuàn)
後院起火	(hòu yuàn qǐ huǒ)
後賬	(hòu zhàng)
後照鏡	(hòu zhào jìng)
後趙	(hòu zhào)
後者	(hòu zhě)
後診	(hòu zhěn)
後知後覺	(hòu zhī hòu jué)
後肢	(hòu zhī)
後殖民	(hòu zhí mín)
後置	(hòu zhì)
後置詞	(hòu zhì cí)
後置修飾語	(hòu zhì xiū shì yǔ)
後製	(hòu zhì)
後周	(hòu zhōu)
後綴	(hòu zhuì)
後坐	(hòu zuò)
後坐力	(hòu zuò lì)
後座	(hòu zuò)
候	(hòu)
候補	(hòu bǔ)
候補名單	(hòu bǔ míng dān)
候場	(hòu chǎng)
候車	(hòu chē)
候車室	(hòu chē shì)
候車亭	(hòu chē tíng)
候乘	(hòu chéng)
候蟲	(hòu chóng)
候機樓	(hòu jī lóu)
候機廳	(hòu jī tīng)
候駕	(hòu jià)
候命	(hòu mìng)
候鳥	(hòu niǎo)
候缺	(hòu quē)
候任	(hòu rèn)
候審	(hòu shěn)
候選	(hòu xuǎn)
候選人	(hòu xuǎn rén)
候診	(hòu zhěn)
候診室	(hòu zhěn shì)
堠	(hòu)
乎	(hū)
昒	(hū)
呼	(hū)
呼哱哱	(hū bō bō)
呼哧	(hū chī)
呼哧呼哧	(hū chi hū chi)
呼出	(hū chū)
呼風喚雨	(hū fēng huàn yǔ)
呼格	(hū gé)
呼喊	(hū hǎn)
呼嚎	(hū háo)
呼號	(hū háo)
呼喝	(hū hè)
呼和浩特市	(hū hé hào tè shì)
呼呼	(hū hū)
呼呼聲	(hū hū shēng)
呼喚	(hū huàn)
呼機	(hū jī)
呼叫	(hū jiào)
呼叫器	(hū jiào qì)
呼叫聲	(hū jiào shēng)
呼叫中心	(hū jiào zhōng xīn)
呼救	(hū jiù)
呼拉圈	(hū lā quān)
呼啦啦	(hū lā lā)
呼啦圈	(hū lā quān)
呼來喝去	(hū lái hè qù)
呼蘭區	(hū lán qū)
呼嚕	(hū lū)
呼嚕嚕	(hū lū lū)
呼倫貝爾草原	(hū lún bèi ěr cǎo yuán)
呼倫貝爾市	(hū lún bèi ěr shì)
呼倫湖	(hū lún hú)
呼瑪縣	(hū mǎ xiàn)
呼牛呼馬	(hū niú hū mǎ)
呼牛作馬	(hū niú zuò mǎ)
呼弄	(hū nòng)
呼朋引伴	(hū péng yǐn bàn)
呼朋引類	(hū péng yǐn lèi)
呼氣	(hū qì)
呼聲	(hū shēng)
呼天搶地	(hū tiān qiāng dì)
呼圖壁縣	(hū tú bì xiàn)
呼吸	(hū xī)
呼吸道	(hū xī dào)
呼吸調節器	(hū xī tiáo jié qì)
呼吸管	(hū xī guǎn)
呼吸機	(hū xī jī)
呼吸器	(hū xī qì)
呼吸系統	(hū xī xì tǒng)
呼嘯	(hū xiào)
呼嘯而過	(hū xiào ér guò)
呼咻	(hū xiū)
呼延	(hū yán)
呼應	(hū yìng)
呼籲	(hū yù)
呼召	(hū zhào)
呼之即來	(hū zhī jí lái)
呼之即來，揮之即去	(hū zhī jí lái , huī zhī jí qù)
呼之欲出	(hū zhī yù chū)
呼中區	(hū zhōng qū)
忽	(hū)
忽布	(hū bù)
忽地	(hū de)
忽而	(hū ér)
忽高忽低	(hū gāo hū dī)
忽忽	(hū hū)
忽忽不樂	(hū hū bù lè)
忽忽悠悠	(hū hū yōu yōu)
忽冷忽熱	(hū lěng hū rè)
忽魯謨斯	(hū lǔ mó sī)
忽略	(hū lüè)
忽略不計	(hū lüè bù jì)
忽然	(hū rán)
忽閃	(hū shǎn)
忽上忽下	(hū shàng hū xià)
忽哨	(hū shào)
忽視	(hū shì)
忽微	(hū wēi)
忽聞	(hū wén)
忽隱忽現	(hū yǐn hū xiàn)
忽悠	(hū you)
唿	(hū)
唿喇	(hū lǎ)
唿喇喇	(hū là là)
唿哨	(hū shào)
惚	(hū)
嘑	(hū)
幠	(hū)
囫	(hú)
囫圇	(hú lún)
囫圇吞下	(hú lún tūn xià)
囫圇吞棗	(hú lún tūn zǎo)
弧	(hú)
弧長	(hú cháng)
弧長參數	(hú cháng cān shù)
弧度	(hú dù)
弧光	(hú guāng)
弧光燈	(hú guāng dēng)
弧菌	(hú jūn)
弧線	(hú xiàn)
弧線長	(hú xiàn cháng)
弧形	(hú xíng)
斛	(hú)
搰	(hú)
壺	(hú)
壺關縣	(hú guān xiàn)
壺鈴	(hú líng)
槲	(hú)
槲鶇	(hú dōng)
槲寄生	(hú jì shēng)
槲櫟	(hú lì)
槲樹	(hú shù)
乕	(hǔ)
唬	(hǔ)
唬爛	(hǔ làn)
唬弄	(hǔ nòng)
唬人	(hǔ rén)
戸	(hù)
互	(hù)
互補	(hù bǔ)
互不侵犯	(hù bù qīn fàn)
互不相讓	(hù bù xiāng ràng)
互操性	(hù cāo xìng)
互斥	(hù chì)
互動	(hù dòng)
互動電視	(hù dòng diàn shì)
互訪	(hù fǎng)
互粉	(hù fěn)
互關	(hù guān)
互換	(hù huàn)
互惠	(hù huì)
互惠生	(hù huì shēng)
互利	(hù lì)
互連	(hù lián)
互聯	(hù lián)
互聯網	(hù lián wǎng)
互聯網絡	(hù lián wǎng luò)
互聯網站	(hù lián wǎng zhàn)
互勉	(hù miǎn)
互毆	(hù ōu)
互讓	(hù ràng)
互扔	(hù rēng)
互生	(hù shēng)
互生葉	(hù shēng yè)
互素	(hù sù)
互訴衷腸	(hù sù zhōng cháng)
互通	(hù tōng)
互通性	(hù tōng xìng)
互通有無	(hù tōng yǒu wú)
互為因果	(hù wéi yīn guǒ)
互文	(hù wén)
互相	(hù xiāng)
互相扯皮	(hù xiāng chě pí)
互相監督	(hù xiāng jiān dū)
互相連接	(hù xiāng lián jiē)
互相聯繫	(hù xiāng lián xì)
互相推諉	(hù xiāng tuī wěi)
互相依存	(hù xiāng yī cún)
互信	(hù xìn)
互異	(hù yì)
互譯	(hù yì)
互助	(hù zhù)
互助土族自治縣	(hù zhù tǔ zú zì zhì xiàn)
戶	(hù)
戶部	(hù bù)
戶部尚書	(hù bù shàng shū)
戶告人曉	(hù gào rén xiǎo)
戶籍	(hù jí)
戶均	(hù jūn)
戶口	(hù kǒu)
戶口本	(hù kǒu běn)
戶口簿	(hù kǒu bù)
戶口名簿	(hù kǒu míng bù)
戶口制	(hù kǒu zhì)
戶口制度	(hù kǒu zhì dù)
戶內	(hù nèi)
戶樞不蠹	(hù shū bù dù)
戶頭	(hù tóu)
戶外	(hù wài)
戶限	(hù xiàn)
戶限為穿	(hù xiàn wéi chuān)
戶型	(hù xíng)
戶牖	(hù yǒu)
戶主	(hù zhǔ)
冱	(hù)
岵	(hù)
怙	(hù)
怙惡不悛	(hù è bù quān)
怙恃	(hù shì)
戽	(hù)
戽斗	(hù dǒu)
戽水	(hù shuǐ)
扈	(hù)
嫮	(hù)
嫭	(hù)
擭	(huò)
嘩	(huā)
嘩變	(huá biàn)
嘩兒嘩兒	(huá r huá r)
嘩嘩	(huā huā)
嘩啦	(huā lā)
嘩啦啦	(huā lā lā)
嘩啦一聲	(huā lā yī shēng)
嘩然	(huá rán)
嘩笑	(huá xiào)
嘩眾取寵	(huá zhòng qǔ chǒng)
䔢	(huá)
化	(huà)
化德縣	(huà dé xiàn)
化敵為友	(huà dí wéi yǒu)
化凍	(huà dòng)
化肥	(huà féi)
化糞池	(huà fèn chí)
化腐朽為神奇	(huà fǔ xiǔ wéi shén qí)
化干戈為玉帛	(huà gān gē wéi yù bó)
化工	(huà gōng)
化工廠	(huà gōng chǎng)
化合	(huà hé)
化合價	(huà hé jià)
化合物	(huà hé wù)
化解	(huà jiě)
化開	(huà kāi)
化療	(huà liáo)
化隆回族自治縣	(huà lóng huí zú zì zhì xiàn)
化名	(huà míng)
化膿	(huà nóng)
化膿性	(huà nóng xìng)
化日	(huà rì)
化身	(huà shēn)
化石	(huà shí)
化石群	(huà shí qún)
化石燃料	(huà shí rán liào)
化痰	(huà tán)
化外	(huà wài)
化為泡影	(huà wéi pào yǐng)
化為烏有	(huà wéi wū yǒu)
化武	(huà wǔ)
化纖	(huà xiān)
化險為夷	(huà xiǎn wéi yí)
化學	(huà xué)
化學比色法	(huà xué bǐ sè fǎ)
化學變化	(huà xué biàn huà)
化學成分	(huà xué chéng fèn)
化學彈藥	(huà xué dàn yào)
化學反應	(huà xué fǎn yìng)
化學方程式	(huà xué fāng chéng shì)
化學分析	(huà xué fēn xī)
化學工程	(huà xué gōng chéng)
化學工業	(huà xué gōng yè)
化學激光器	(huà xué jī guāng qì)
化學劑量計	(huà xué jì liàng jì)
化學家	(huà xué jiā)
化學鍵	(huà xué jiàn)
化學療法	(huà xué liáo fǎ)
化學能	(huà xué néng)
化學品	(huà xué pǐn)
化學品安全技術說明書	(huà xué pǐn ān quán jì shù shuō míng shū)
化學師	(huà xué shī)
化學式	(huà xué shì)
化學武器	(huà xué wǔ qì)
化學物	(huà xué wù)
化學系	(huà xué xì)
化學纖維	(huà xué xiān wéi)
化學信息素	(huà xué xìn xī sù)
化學性	(huà xué xìng)
化學性質	(huà xué xìng zhì)
化學需氧量	(huà xué xū yǎng liàng)
化學元素	(huà xué yuán sù)
化學戰	(huà xué zhàn)
化學戰鬥部	(huà xué zhàn dòu bù)
化學戰劑	(huà xué zhàn jì)
化學治療	(huà xué zhì liáo)
化驗	(huà yàn)
化蛹	(huà yǒng)
化用	(huà yòng)
化油器	(huà yóu qì)
化緣	(huà yuán)
化約	(huà yuē)
化齋	(huà zhāi)
化整為零	(huà zhěng wéi líng)
化州市	(huà zhōu shì)
化妝	(huà zhuāng)
化妝品	(huà zhuāng pǐn)
化妝師	(huà zhuāng shī)
化妝室	(huà zhuāng shì)
化妝水	(huà zhuāng shuǐ)
化妝舞會	(huà zhuāng wǔ huì)
化裝	(huà zhuāng)
化子	(huā zi)
化作	(huà zuò)
划	(huá)
划不來	(huá bu lái)
划船	(huá chuán)
划船機	(huá chuán jī)
划得來	(huá de lái)
划槳	(huá jiǎng)
划拉	(huá la)
划拳	(huá quán)
划算	(huá suàn)
划艇	(huá tǐng)
划子	(huá zi)
崋	(huá)
嬅	(huá)
摦	(huà)
樺	(huà)
樺川縣	(huà chuān xiàn)
樺甸市	(huà diàn shì)
樺木	(huà mù)
樺木科	(huà mù kē)
樺南縣	(huà nán xiàn)
樺樹	(huà shù)
劃	(huà)
劃撥	(huà bō)
劃等號	(huà děng hào)
劃掉	(huà diào)
劃定	(huà dìng)
劃分	(huà fēn)
劃歸	(huà guī)
劃過	(huá guò)
劃痕	(huá hén)
劃花	(huà huā)
劃價	(huà jià)
劃破	(huá pò)
劃切	(huá qiè)
劃清	(huà qīng)
劃傷	(huá shāng)
劃十字	(huà shí zì)
劃時代	(huà shí dài)
劃位	(huà wèi)
劃下	(huà xià)
劃線	(huà xiàn)
劃線板	(huà xiàn bǎn)
劃一	(huà yī)
劃一不二	(huà yī bù èr)
劃圓防守	(huà yuán fáng shǒu)
劃重點	(huà zhòng diǎn)
嫿	(huà)
佪	(huái)
徊	(huái)
槐	(huái)
槐樹	(huái shù)
槐蔭區	(huái yīn qū)
懷	(huái)
懷安縣	(huái ān xiàn)
懷抱	(huái bào)
懷璧其罪	(huái bì qí zuì)
懷錶	(huái biǎo)
懷才不遇	(huái cái bù yù)
懷春	(huái chūn)
懷俄明	(huái é míng)
懷古	(huái gǔ)
懷恨	(huái hèn)
懷恨在心	(huái hèn zài xīn)
懷化市	(huái huà shì)
懷化縣	(huái huà xiàn)
懷集縣	(huái jí xiàn)
懷舊	(huái jiù)
懷舊感	(huái jiù gǎn)
懷來縣	(huái lái xiàn)
懷裡	(huái lǐ)
懷爐	(huái lú)
懷祿	(huái lù)
懷念	(huái niàn)
懷寧縣	(huái níng xiàn)
懷仁市	(huái rén shì)
懷仁堂	(huái rén táng)
懷妊	(huái rèn)
懷柔	(huái róu)
懷柔區	(huái róu qū)
懷氏虎鶇	(huái shì hǔ dōng)
懷胎	(huái tāi)
懷特	(huái tè)
懷特島	(huái tè dǎo)
懷鄉	(huái xiāng)
懷疑	(huái yí)
懷疑派	(huái yí pài)
懷有	(huái yǒu)
懷遠縣	(huái yuǎn xiàn)
懷孕	(huái yùn)
壞	(huài)
壞包兒	(huài bāo r)
壞腸子	(huài cháng zi)
壞處	(huài chu)
壞蛋	(huài dàn)
壞掉	(huài diào)
壞東西	(huài dōng xi)
壞分子	(huài fèn zǐ)
壞話	(huài huà)
壞家伙	(huài jiā huǒ)
壞疽	(huài jū)
壞了	(huài le)
壞鳥	(huài niǎo)
壞脾氣	(huài pí qì)
壞人	(huài rén)
壞事	(huài shì)
壞水	(huài shuǐ)
壞死	(huài sǐ)
壞透	(huài tòu)
壞笑	(huài xiào)
壞血病	(huài xuè bìng)
壞運	(huài yùn)
壞賬	(huài zhàng)
壞種	(huài zhǒng)
歓	(huān)
懽	(huān)
歡	(huān)
歡蹦亂跳	(huān bèng luàn tiào)
歡忭	(huān biàn)
歡暢	(huān chàng)
歡度	(huān dù)
歡呼	(huān hū)
歡呼雀躍	(huān hū què yuè)
歡歡喜喜	(huān huān xǐ xǐ)
歡聚	(huān jù)
歡聚一堂	(huān jù yī táng)
歡快	(huān kuài)
歡慶	(huān qìng)
歡容	(huān róng)
歡聲	(huān shēng)
歡聲笑語	(huān shēng xiào yǔ)
歡實	(huān shi)
歡勢	(huān shi)
歡送	(huān sòng)
歡送會	(huān sòng huì)
歡騰	(huān téng)
歡天喜地	(huān tiān xǐ dì)
歡喜	(huān xǐ)
歡喜冤家	(huān xǐ yuān jia)
歡笑	(huān xiào)
歡心	(huān xīn)
歡欣	(huān xīn)
歡欣鼓舞	(huān xīn gǔ wǔ)
歡欣雀躍	(huān xīn què yuè)
歡宴	(huān yàn)
歡迎	(huān yíng)
歡迎光臨	(huān yíng guāng lín)
歡娛	(huān yú)
歡愉	(huān yú)
歡悅	(huān yuè)
歡樂	(huān lè)
歡樂時光	(huān lè shí guāng)
䝔	(huān)
桓	(huán)
桓桓	(huán huán)
桓仁滿族自治縣	(huán rén mǎn zú zì zhì xiàn)
桓台縣	(huán tái xiàn)
桓玄	(huán xuán)
圜	(yuán)
寰	(huán)
寰球	(huán qiú)
寰宇	(huán yǔ)
寰螽	(huán zhōng)
䴉	(huán)
䴉嘴鷸	(huán zuǐ yù)
幻	(huàn)
幻燈	(huàn dēng)
幻燈機	(huàn dēng jī)
幻燈片	(huàn dēng piàn)
幻化	(huàn huà)
幻景	(huàn jǐng)
幻境	(huàn jìng)
幻覺	(huàn jué)
幻覺劑	(huàn jué jì)
幻夢	(huàn mèng)
幻滅	(huàn miè)
幻術	(huàn shù)
幻數	(huàn shù)
幻聽	(huàn tīng)
幻想	(huàn xiǎng)
幻象	(huàn xiàng)
幻椅式	(huàn yǐ shì)
幻影	(huàn yǐng)
幻肢	(huàn zhī)
奐	(huàn)
宦	(huàn)
宦官	(huàn guān)
宦海	(huàn hǎi)
宦海風波	(huàn hǎi fēng bō)
宦門	(huàn mén)
宦騎	(huàn qí)
圂	(hùn)
患	(huàn)
患癌	(huàn ái)
患病	(huàn bìng)
患病者	(huàn bìng zhě)
患處	(huàn chù)
患得患失	(huàn dé huàn shī)
患兒	(huàn ér)
患難	(huàn nàn)
患難見真情	(huàn nàn jiàn zhēn qíng)
患難之交	(huàn nàn zhī jiāo)
患上	(huàn shang)
患有	(huàn yǒu)
患者	(huàn zhě)
換	(huàn)
換班	(huàn bān)
換茬	(huàn chá)
換成	(huàn chéng)
換乘	(huàn chéng)
換代	(huàn dài)
換單	(huàn dān)
換擋	(huàn dǎng)
換擋桿	(huàn dǎng gǎn)
換刀	(huàn dāo)
換而言之	(huàn ér yán zhī)
換防	(huàn fáng)
換房旅遊	(huàn fáng lǚ yóu)
換崗	(huàn gǎng)
換個兒	(huàn gè r)
換工	(huàn gōng)
換季	(huàn jì)
換屆	(huàn jiè)
換句話說	(huàn jù huà shuō)
換毛	(huàn máo)
換妻	(huàn qī)
換氣	(huàn qì)
換錢	(huàn qián)
換取	(huàn qǔ)
換熱器	(huàn rè qì)
換人	(huàn rén)
換帥	(huàn shuài)
換算	(huàn suàn)
換台	(huàn tái)
換湯不換藥	(huàn tāng bù huàn yào)
換帖	(huàn tiě)
換位	(huàn wèi)
換位思考	(huàn wèi sī kǎo)
換洗	(huàn xǐ)
換向	(huàn xiàng)
換新	(huàn xīn)
換行	(huàn háng)
換牙	(huàn yá)
換言之	(huàn yán zhī)
換羽	(huàn yǔ)
換喻	(huàn yù)
換證	(huàn zhèng)
換置	(huàn zhì)
換裝	(huàn zhuāng)
喚	(huàn)
喚起	(huàn qǐ)
喚頭	(huàn tou)
喚醒	(huàn xǐng)
喚雨呼風	(huàn yǔ hū fēng)
喚作	(huàn zuò)
喚做	(huàn zuò)
槵	(huàn)
槵子	(huàn zǐ)
擐	(huàn)
巟	(huāng)
塃	(huāng)
慌	(huāng)
慌成一團	(huāng chéng yī tuán)
慌得	(huāng de)
慌裡慌張	(huāng li huāng zhāng)
慌亂	(huāng luàn)
慌忙	(huāng máng)
慌神	(huāng shén)
慌張	(huāng zhāng)
偟	(huáng)
凰	(huáng)
堭	(huáng)
揘	(héng)
揘畢	(héng bì)
喤	(huáng)
徨	(huáng)
惶	(huáng)
惶惶	(huáng huáng)
惶惑	(huáng huò)
惶遽	(huáng jù)
惶恐	(huáng kǒng)
惶恐不安	(huáng kǒng bù ān)
楻	(huáng)
怳	(huǎng)
恍	(huǎng)
恍忽	(huǎng hū)
恍惚	(huǎng hū)
恍然	(huǎng rán)
恍然大悟	(huǎng rán dà wù)
恍然醒悟	(huǎng rán xǐng wù)
恍如	(huǎng rú)
恍如隔世	(huǎng rú gé shì)
恍若	(huǎng ruò)
恍神	(huǎng shén)
晃	(huàng)
晃蕩	(huàng dang)
晃動	(huàng dòng)
晃晃悠悠	(huàng huang yōu yōu)
晃悠	(huàng you)
晄	(huǎng)
幌	(huǎng)
幌子	(huǎng zi)
㿠	(huàng)
㨪	(huǎng)
榥	(huǎng)
咴	(huī)
恢	(huī)
恢復	(huī fù)
恢復常態	(huī fù cháng tài)
恢復名譽	(huī fù míng yù)
恢復期	(huī fù qī)
恢復原狀	(huī fù yuán zhuàng)
恢弘	(huī hóng)
恢宏	(huī hóng)
恢恢	(huī huī)
恢恢有餘	(huī huī yǒu yú)
揮	(huī)
揮別	(huī bié)
揮斥	(huī chì)
揮斥方遒	(huī chì fāng qiú)
揮動	(huī dòng)
揮發	(huī fā)
揮發性	(huī fā xìng)
揮發性存儲器	(huī fā xìng cún chǔ qì)
揮發油	(huī fā yóu)
揮桿	(huī gān)
揮戈	(huī gē)
揮汗	(huī hàn)
揮汗成雨	(huī hàn chéng yǔ)
揮汗如雨	(huī hàn rú yǔ)
揮翰	(huī hàn)
揮毫	(huī háo)
揮毫灑墨	(huī háo sǎ mò)
揮霍	(huī huò)
揮霍無度	(huī huò wú dù)
揮金如土	(huī jīn rú tǔ)
揮淚	(huī lèi)
揮灑	(huī sǎ)
揮灑自如	(huī sǎ zì rú)
揮師	(huī shī)
揮手	(huī shǒu)
揮舞	(huī wǔ)
揮之不去	(huī zhī bù qù)
揮麈	(huī zhǔ)
楎	(hún)
暉	(huī)
暉映	(huī yìng)
幑	(huī)
噅	(huī)
徽	(huī)
徽標	(huī biāo)
徽菜	(huī cài)
徽調	(huī diào)
徽號	(huī hào)
徽記	(huī jì)
徽劇	(huī jù)
徽墨	(huī mò)
徽縣	(huī xiàn)
徽語	(huī yǔ)
徽章	(huī zhāng)
徽幟	(huī zhì)
徽州區	(huī zhōu qū)
囘	(huí)
回	(huí)
回拜	(huí bài)
回報	(huí bào)
回本	(huí běn)
回避	(huí bì)
回稟	(huí bǐng)
回波	(huí bō)
回駁	(huí bó)
回採	(huí cǎi)
回腸	(huí cháng)
回腸盪氣	(huí cháng dàng qì)
回潮	(huí cháo)
回車	(huí chē)
回車符	(huí chē fú)
回車鍵	(huí chē jiàn)
回嗔作喜	(huí chēn zuò xǐ)
回程	(huí chéng)
回充	(huí chōng)
回沖	(huí chōng)
回抽	(huí chōu)
回春	(huí chūn)
回答	(huí dá)
回單	(huí dān)
回單兒	(huí dān r)
回彈	(huí tán)
回到	(huí dào)
回電	(huí diàn)
回調	(huí diào)
回調函數	(huí diào hán shù)
回跌	(huí diē)
回堵	(huí dǔ)
回懟	(huí duǐ)
回返	(huí fǎn)
回訪	(huí fǎng)
回放	(huí fàng)
回奉	(huí fèng)
回復	(huí fù)
回覆	(huí fù)
回甘	(huí gān)
回購	(huí gòu)
回鶻	(huí hú)
回顧	(huí gù)
回顧歷史	(huí gù lì shǐ)
回顧展	(huí gù zhǎn)
回光反照	(huí guāng fǎn zhào)
回光返照	(huí guāng fǎn zhào)
回光鏡	(huí guāng jìng)
回歸	(huí guī)
回歸年	(huí guī nián)
回歸熱	(huí guī rè)
回歸線	(huí guī xiàn)
回滾	(huí gǔn)
回鍋	(huí guō)
回鍋肉	(huí guō ròu)
回鍋油	(huí guō yóu)
回國	(huí guó)
回過頭來	(huí guò tóu lái)
回還	(huí huán)
回函	(huí hán)
回航	(huí háng)
回耗	(huí hào)
回合	(huí hé)
回合制	(huí hé zhì)
回紇	(huí hé)
回護	(huí hù)
回話	(huí huà)
回回	(huí huí)
回回青	(huí huí qīng)
回火	(huí huǒ)
回擊	(huí jī)
回家	(huí jiā)
回家吃自己	(huí jiā chī zì jǐ)
回見	(huí jiàn)
回交	(huí jiāo)
回教	(huí jiào)
回教徒	(huí jiào tú)
回京	(huí jīng)
回敬	(huí jìng)
回絕	(huí jué)
回空	(huí kōng)
回口	(huí kǒu)
回扣	(huí kòu)
回款	(huí kuǎn)
回饋	(huí kuì)
回來	(huí lai)
回老家	(huí lǎo jiā)
回禮	(huí lǐ)
回力球	(huí lì qiú)
回鈴音	(huí líng yīn)
回流	(huí liú)
回籠	(huí lóng)
回爐	(huí lú)
回祿	(huí lù)
回祿之災	(huí lù zhī zāi)
回路	(huí lù)
回鑾	(huí luán)
回落	(huí luò)
回馬槍	(huí mǎ qiāng)
回門	(huí mén)
回描	(huí miáo)
回民	(huí mín)
回民區	(huí mín qū)
回墨印	(huí mò yìn)
回眸	(huí móu)
回目	(huí mù)
回南天	(huí nán tiān)
回娘家	(huí niáng jiā)
回暖	(huí nuǎn)
回請	(huí qǐng)
回去	(huí qu)
回繞	(huí rào)
回神	(huí shén)
回升	(huí shēng)
回聲	(huí shēng)
回聲定位	(huí shēng dìng wèi)
回事	(huí shì)
回視	(huí shì)
回收	(huí shōu)
回收站	(huí shōu zhàn)
回首	(huí shǒu)
回數	(huí shù)
回溯	(huí sù)
回天	(huí tiān)
回天乏術	(huí tiān fá shù)
回天無力	(huí tiān wú lì)
回甜	(huí tián)
回填	(huí tián)
回條	(huí tiáo)
回帖	(huí tiě)
回頭	(huí tóu)
回頭見	(huí tóu jiàn)
回頭客	(huí tóu kè)
回頭路	(huí tóu lù)
回頭率	(huí tóu lǜ)
回吐	(huí tǔ)
回退	(huí tuì)
回望	(huí wàng)
回味	(huí wèi)
回味無窮	(huí wèi wú qióng)
回文	(huí wén)
回想	(huí xiǎng)
回響	(huí xiǎng)
回心轉意	(huí xīn zhuǎn yì)
回信	(huí xìn)
回信地址	(huí xìn dì zhǐ)
回形針	(huí xíng zhēn)
回旋	(huí xuán)
回旋曲	(huí xuán qǔ)
回血	(huí xuè)
回憶	(huí yì)
回憶錄	(huí yì lù)
回音	(huí yīn)
回應	(huí yìng)
回佣	(huí yòng)
回郵信封	(huí yóu xìn fēng)
回游	(huí yóu)
回贈	(huí zèng)
回執	(huí zhí)
回執單	(huí zhí dān)
回轉	(huí zhuǎn)
回族	(huí zú)
回族人	(huí zú rén)
回嘴	(huí zuǐ)
囬	(huí)
廻	(huí)
恛	(huí)
悔	(huǐ)
悔不當初	(huǐ bù dāng chū)
悔改	(huǐ gǎi)
悔過	(huǐ guò)
悔過書	(huǐ guò shū)
悔過自新	(huǐ guò zì xīn)
悔恨	(huǐ hèn)
悔恨交加	(huǐ hèn jiāo jiā)
悔婚	(huǐ hūn)
悔棋	(huǐ qí)
悔悟	(huǐ wù)
悔意	(huǐ yì)
悔之無及	(huǐ zhī wú jí)
悔之已晚	(huǐ zhī yǐ wǎn)
悔罪	(huǐ zuì)
毀	(huǐ)
毀謗	(huǐ bàng)
毀除	(huǐ chú)
毀掉	(huǐ diào)
毀壞	(huǐ huài)
毀家紓難	(huǐ jiā shū nàn)
毀滅	(huǐ miè)
毀滅性	(huǐ miè xìng)
毀容	(huǐ róng)
毀三觀	(huǐ sān guān)
毀傷	(huǐ shāng)
毀損	(huǐ sǔn)
毀於一旦	(huǐ yú yī dàn)
毀譽參半	(huǐ yù cān bàn)
毀約	(huǐ yuē)
卉	(huì)
恚	(huì)
彗	(huì)
彗核	(huì hé)
彗星	(huì xīng)
晦	(huì)
晦暗	(huì àn)
晦氣	(huì qì)
晦澀	(huì sè)
惠	(huì)
惠安縣	(huì ān xiàn)
惠城區	(huì chéng qū)
惠東縣	(huì dōng xiàn)
惠而不費	(huì ér bù fèi)
惠更斯	(huì gēng sī)
惠顧	(huì gù)
惠及	(huì jí)
惠濟區	(huì jì qū)
惠來縣	(huì lái xiàn)
惠臨	(huì lín)
惠靈頓	(huì líng dùn)
惠民	(huì mín)
惠民縣	(huì mín xiàn)
惠能	(huì néng)
惠農區	(huì nóng qū)
惠普	(huì pǔ)
惠普公司	(huì pǔ gōng sī)
惠山區	(huì shān qū)
惠施	(huì shī)
惠書	(huì shū)
惠水縣	(huì shuǐ xiàn)
惠斯勒	(huì sī lè)
惠斯特	(huì sī tè)
惠特曼	(huì tè màn)
惠特妮·休斯頓	(huì tè nī · xiū sī dùn)
惠陽區	(huì yáng qū)
惠譽	(huì yù)
惠遠寺	(huì yuǎn sì)
惠州市	(huì zhōu shì)
惠子	(huì zi)
喙	(huì)
匯	(huì)
匯報	(huì bào)
匯編	(huì biān)
匯編語言	(huì biān yǔ yán)
匯差	(huì chā)
匯出	(huì chū)
匯出行	(huì chū háng)
匯川區	(huì chuān qū)
匯點	(huì diǎn)
匯兌	(huì duì)
匯費	(huì fèi)
匯豐	(huì fēng)
匯豐銀行	(huì fēng yín háng)
匯合	(huì hé)
匯劃	(huì huà)
匯回	(huì huí)
匯集	(huì jí)
匯寄	(huì jì)
匯價	(huì jià)
匯金	(huì jīn)
匯聚	(huì jù)
匯款	(huì kuǎn)
匯流	(huì liú)
匯流環	(huì liú huán)
匯攏	(huì lǒng)
匯率	(huì lǜ)
匯票	(huì piào)
匯入	(huì rù)
匯水	(huì shuǐ)
匯演	(huì yǎn)
匯業財經集團	(huì yè cái jīng jí tuán)
匯業銀行	(huì yè yín háng)
匯映	(huì yìng)
匯注	(huì zhù)
匯總	(huì zǒng)
會	(huì)
會安	(huì ān)
會不會	(huì bù huì)
會昌縣	(huì chāng xiàn)
會長	(huì zhǎng)
會長團	(huì zhǎng tuán)
會場	(huì chǎng)
會車	(huì chē)
會錯意	(huì cuò yì)
會黨	(huì dǎng)
會東縣	(huì dōng xiàn)
會兒	(huì r)
會費	(huì fèi)
會否	(huì fǒu)
會攻	(huì gōng)
會館	(huì guǎn)
會合	(huì hé)
會合處	(huì hé chù)
會話	(huì huà)
會集	(huì jí)
會籍	(huì jí)
會計	(kuài jì)
會計科目	(kuài jì kē mù)
會計師	(kuài jì shī)
會計學	(kuài jì xué)
會計制度	(kuài jì zhì dù)
會計準則理事會	(kuài jì zhǔn zé lǐ shì huì)
會見	(huì jiàn)
會獎旅遊	(huì jiǎng lǚ yóu)
會考	(huì kǎo)
會客	(huì kè)
會客室	(huì kè shì)
會客廳	(huì kè tīng)
會哭的孩子有奶吃	(huì kū de hái zi yǒu nǎi chī)
會哭的孩子有糖吃	(huì kū de hái zi yǒu táng chī)
會理市	(huì lǐ shì)
會門	(huì mén)
會盟	(huì méng)
會面	(huì miàn)
會幕	(huì mù)
會寧縣	(huì níng xiàn)
會期	(huì qī)
會商	(huì shāng)
會社	(huì shè)
會審	(huì shěn)
會師	(huì shī)
會士	(huì shì)
會試	(huì shì)
會首	(huì shǒu)
會水	(huì shuǐ)
會所	(huì suǒ)
會談	(huì tán)
會堂	(huì táng)
會同	(huì tóng)
會同縣	(huì tóng xiàn)
會晤	(huì wù)
會心	(huì xīn)
會厭	(huì yàn)
會厭炎	(huì yàn yán)
會要	(huì yào)
會意	(huì yì)
會意字	(huì yì zì)
會議	(huì yì)
會議室	(huì yì shì)
會議廳	(huì yì tīng)
會議展覽	(huì yì zhǎn lǎn)
會陰	(huì yīn)
會友	(huì yǒu)
會員	(huì yuán)
會員國	(huì yuán guó)
會澤縣	(huì zé xiàn)
會展	(huì zhǎn)
會戰	(huì zhàn)
會章	(huì zhāng)
會診	(huì zhěn)
會眾	(huì zhòng)
會子	(huì zi)
彙	(huì)
彙報	(huì bào)
彙編	(huì biān)
彙集	(huì jí)
彙算	(huì suàn)
彙映	(huì yìng)
彙整	(huì zhěng)
彙注	(huì zhù)
彙總	(huì zǒng)
彙總表	(huì zǒng biǎo)
嘒	(huì)
慧	(huì)
慧能	(huì néng)
慧黠	(huì xiá)
慧星	(huì xīng)
慧眼	(huì yǎn)
槥	(huì)
殨	(huì)
噦	(yuě)
噦噦	(huì huì)
徻	(wèi)
檜	(guì)
檜柏	(guì bǎi)
檜木	(guì mù)
昏	(hūn)
昏暗	(hūn àn)
昏沉	(hūn chén)
昏倒	(hūn dǎo)
昏定晨省	(hūn dìng chén xǐng)
昏過去	(hūn guo qu)
昏花	(hūn huā)
昏昏沉沉	(hūn hūn chén chén)
昏昏欲睡	(hūn hūn yù shuì)
昏厥	(hūn jué)
昏君	(hūn jūn)
昏聵	(hūn kuì)
昏亂	(hūn luàn)
昏迷	(hūn mí)
昏迷不醒	(hūn mí bù xǐng)
昏睡	(hūn shuì)
昏睡病	(hūn shuì bìng)
昏天黑地	(hūn tiān hēi dì)
昏頭	(hūn tóu)
昏頭昏腦	(hūn tóu hūn nǎo)
昏庸	(hūn yōng)
昬	(hūn)
惛	(hūn)
惛耄	(hūn mào)
婚	(hūn)
婚變	(hūn biàn)
婚車	(hūn chē)
婚典	(hūn diǎn)
婚房	(hūn fáng)
婚後	(hūn hòu)
婚假	(hūn jià)
婚嫁	(hūn jià)
婚介	(hūn jiè)
婚介所	(hūn jiè suǒ)
婚禮	(hūn lǐ)
婚戀	(hūn liàn)
婚齡	(hūn líng)
婚驢	(hūn lǘ)
婚配	(hūn pèi)
婚期	(hūn qī)
婚前	(hūn qián)
婚前財產公證	(hūn qián cái chǎn gōng zhèng)
婚前性行為	(hūn qián xìng xíng wéi)
婚慶	(hūn qìng)
婚紗	(hūn shā)
婚紗攝影	(hūn shā shè yǐng)
婚神星	(hūn shén xīng)
婚事	(hūn shì)
婚書	(hūn shū)
婚俗	(hūn sú)
婚外	(hūn wài)
婚外情	(hūn wài qíng)
婚筵	(hūn yán)
婚宴	(hūn yàn)
婚姻	(hūn yīn)
婚姻調解	(hūn yīn tiáo jiě)
婚姻法	(hūn yīn fǎ)
婚姻介紹所	(hūn yīn jiè shào suǒ)
婚友	(hūn yǒu)
婚約	(hūn yuē)
殙	(hūn)
䰟	(hún)
掍	(hùn)
慁	(hùn)
劐	(huō)
劐弄	(huō leng)
攉	(huō)
攉煤機	(huō méi jī)
㺢	(huò)
㺢㹢狓	(huò jiā pí)
佸	(huó)
火	(huǒ)
火災	(huǒ zāi)
伙	(huǒ)
伙伴	(huǒ bàn)
伙夫	(huǒ fū)
伙計	(huǒ ji)
伙食	(huǒ shí)
伙食費	(huǒ shí fèi)
伙同	(huǒ tóng)
伙頤	(huǒ yí)
夥	(huǒ)
夥伴	(huǒ bàn)
夥計	(huǒ ji)
夥頤	(huǒ yí)
或	(huò)
或稱	(huò chēng)
或多或少	(huò duō huò shǎo)
或許	(huò xǔ)
或將	(huò jiāng)
或門	(huò mén)
或缺	(huò quē)
或然	(huò rán)
或然率	(huò rán lǜ)
或是	(huò shì)
或體	(huò tǐ)
或者	(huò zhě)
惑	(huò)
惑星	(huò xīng)
旤	(huò)
嗀	(huò)
嚯	(huò)
㸌	(huò)
丌	(qí)
圾	(jī)
乩	(jī)
乩童	(jī tóng)
㚻	(jī)
㚻姦	(jī jiān)
咭	(jī)
咭咭呱呱	(jī jī guā guā)
剞	(jī)
剞劂	(jī jué)
唧	(jī)
唧咕	(jī gu)
唧唧	(jī jī)
唧唧嘎嘎	(jī ji gā gā)
唧唧喳喳	(jī jī zhā zhā)
唧啾	(jī jiū)
唧筒	(jī tǒng)
唧筒座	(jī tǒng zuò)
屐	(jī)
姬	(jī)
姬濱鷸	(jī bīn yù)
姬佬	(jī lǎo)
姬路	(jī lù)
姬路城	(jī lù chéng)
姬妾	(jī qiè)
姬松茸	(jī sōng róng)
姬田雞	(jī tián jī)
姬鷸	(jī yù)
基	(jī)
基板	(jī bǎn)
基本	(jī běn)
基本詞彙	(jī běn cí huì)
基本單位	(jī běn dān wèi)
基本點	(jī běn diǎn)
基本定理	(jī běn dìng lǐ)
基本多文種平面	(jī běn duō wén zhǒng píng miàn)
基本法	(jī běn fǎ)
基本概念	(jī běn gài niàn)
基本功	(jī běn gōng)
基本利率	(jī běn lì lǜ)
基本粒子	(jī běn lì zǐ)
基本面	(jī běn miàn)
基本盤	(jī běn pán)
基本上	(jī běn shang)
基本需要	(jī běn xū yào)
基本原理	(jī běn yuán lǐ)
基本原則	(jī běn yuán zé)
基波	(jī bō)
基布茲	(jī bù zī)
基材	(jī cái)
基操	(jī cāo)
基操勿6	(jī cāo wù liù)
基測	(jī cè)
基層	(jī céng)
基礎	(jī chǔ)
基礎病	(jī chǔ bìng)
基礎教育	(jī chǔ jiào yù)
基礎結構	(jī chǔ jié gòu)
基礎課	(jī chǔ kè)
基礎設施	(jī chǔ shè shī)
基礎設施即服務	(jī chǔ shè shī jí fú wù)
基礎速率	(jī chǔ sù lǜ)
基礎問題	(jī chǔ wèn tí)
基床	(jī chuáng)
基帶	(jī dài)
基地	(jī dì)
基地恐怖組織	(jī dì kǒng bù zǔ zhī)
基地組織	(jī dì zǔ zhī)
基底	(jī dǐ)
基底動脈	(jī dǐ dòng mài)
基底細胞癌	(jī dǐ xì bāo ái)
基點	(jī diǎn)
基甸	(jī diàn)
基調	(jī diào)
基督	(jī dū)
基督城	(jī dū chéng)
基督教	(jī dū jiào)
基督教科學派	(jī dū jiào kē xué pài)
基督教民主聯盟	(jī dū jiào mín zhǔ lián méng)
基督教派	(jī dū jiào pài)
基督教徒	(jī dū jiào tú)
基督聖體節	(jī dū shèng tǐ jié)
基督徒	(jī dū tú)
基督新教	(jī dū xīn jiào)
基多	(jī duō)
基爾	(jī ěr)
基爾特	(jī ěr tè)
基肥	(jī féi)
基輔	(jī fǔ)
基改	(jī gǎi)
基極	(jī jí)
基加利	(jī jiā lì)
基建	(jī jiàn)
基腳	(jī jiǎo)
基金	(jī jīn)
基金會	(jī jīn huì)
基坑	(jī kēng)
基孔肯雅熱	(jī kǒng kěn yǎ rè)
基拉韋厄	(jī lā wéi è)
基佬	(jī lǎo)
基里巴斯	(jī lǐ bā sī)
基里巴斯共和國	(jī lǐ bā sī gòng hé guó)
基隆	(jī lóng)
基隆市	(jī lóng shì)
基羅米突	(jī luó mǐ tū)
基面	(jī miàn)
基民	(jī mín)
基民黨	(jī mín dǎng)
基模	(jī mó)
基奈	(jī nài)
基尼係數	(jī ní xì shù)
基諾	(jī nuò)
基諾族	(jī nuò zú)
基盤	(jī pán)
基頻	(jī pín)
基普	(jī pǔ)
基情	(jī qíng)
基桑加尼	(jī sāng jiā ní)
基石	(jī shí)
基數	(jī shù)
基數詞	(jī shù cí)
基臺	(jī tái)
基體	(jī tǐ)
基團	(jī tuán)
基網	(jī wǎng)
基西紐	(jī xī niǔ)
基希訥烏	(jī xī nè wū)
基線	(jī xiàn)
基諧波	(jī xié bō)
基牙	(jī yá)
基岩	(jī yán)
基業	(jī yè)
基因	(jī yīn)
基因改造	(jī yīn gǎi zào)
基因工程	(jī yīn gōng chéng)
基因技術	(jī yīn jì shù)
基因庫	(jī yīn kù)
基因碼	(jī yīn mǎ)
基因體	(jī yīn tǐ)
基因突變	(jī yīn tū biàn)
基因圖譜	(jī yīn tú pǔ)
基因型	(jī yīn xíng)
基因修改	(jī yīn xiū gǎi)
基因學	(jī yīn xué)
基因治療	(jī yīn zhì liáo)
基因組	(jī yīn zǔ)
基因座	(jī yīn zuò)
基音	(jī yīn)
基友	(jī yǒu)
基於	(jī yú)
基站	(jī zhàn)
基址	(jī zhǐ)
基質	(jī zhì)
基質膜	(jī zhì mó)
基樁	(jī zhuāng)
基準	(jī zhǔn)
基座	(jī zuò)
攲	(qī)
敧	(qǐ)
嵇	(jī)
嘰	(jī)
嘰嘰嘎嘎	(jī ji gā gā)
嘰嘰咕咕	(jī ji gū gū)
嘰嘰喳喳	(jī jī zhā zhā)
嘰哩咕嚕	(jī li gū lū)
嘰咋柳鶯	(jī zǎ liǔ yīng)
機	(jī)
機掰	(jī bāi)
機變	(jī biàn)
機不可失	(jī bù kě shī)
機不可失，失不再來	(jī bù kě shī , shī bù zài lái)
機不可失，時不再來	(jī bù kě shī , shí bù zài lái)
機不離手	(jī bù lí shǒu)
機艙	(jī cāng)
機長	(jī zhǎng)
機場	(jī chǎng)
機場大廈	(jī chǎng dà shà)
機車	(jī chē)
機床	(jī chuáng)
機電	(jī diàn)
機頂盒	(jī dǐng hé)
機動	(jī dòng)
機動車	(jī dòng chē)
機動車輛	(jī dòng chē liàng)
機動性	(jī dòng xìng)
機翻	(jī fān)
機房	(jī fáng)
機構	(jī gòu)
機關	(jī guān)
機關報	(jī guān bào)
機關布景	(jī guān bù jǐng)
機關車	(jī guān chē)
機關炮	(jī guān pào)
機關槍	(jī guān qiāng)
機關算盡太聰明，反算了卿卿性命	(jī guān suàn jìn tài cōng ming , fǎn suàn le qīng qīng xìng mìng)
機會	(jī huì)
機會成本	(jī huì chéng běn)
機會主義	(jī huì zhǔ yì)
機加酒	(jī jiā jiǔ)
機甲	(jī jiǎ)
機件	(jī jiàn)
機建費	(jī jiàn fèi)
機警	(jī jǐng)
機庫	(jī kù)
機理	(jī lǐ)
機伶	(jī ling)
機靈	(jī líng)
機靈鬼	(jī líng guǐ)
機率	(jī lǜ)
機密	(jī mì)
機密文件	(jī mì wén jiàn)
機密性	(jī mì xìng)
機敏	(jī mǐn)
機謀	(jī móu)
機能	(jī néng)
機票	(jī piào)
機器	(jī qì)
機器翻譯	(jī qì fān yì)
機器腳踏車	(jī qì jiǎo tà chē)
機器人	(jī qì rén)
機器人學	(jī qì rén xué)
機器學習	(jī qì xué xí)
機槍	(jī qiāng)
機巧	(jī qiǎo)
機殼	(jī qiào)
機身	(jī shēn)
機師	(jī shī)
機踏車	(jī tà chē)
機體	(jī tǐ)
機頭	(jī tóu)
機頭座	(jī tóu zuò)
機尾	(jī wěi)
機位	(jī wèi)
機務段	(jī wù duàn)
機洗	(jī xǐ)
機箱	(jī xiāng)
機械	(jī xiè)
機械臂	(jī xiè bì)
機械錶	(jī xiè biǎo)
機械翻譯	(jī xiè fān yì)
機械工	(jī xiè gōng)
機械工程	(jī xiè gōng chéng)
機械工人	(jī xiè gōng rén)
機械化	(jī xiè huà)
機械碼	(jī xiè mǎ)
機械能	(jī xiè néng)
機械人	(jī xiè rén)
機械師	(jī xiè shī)
機械性	(jī xiè xìng)
機械硬盤	(jī xiè yìng pán)
機械語言	(jī xiè yǔ yán)
機械戰警	(jī xiè zhàn jǐng)
機械鐘	(jī xiè zhōng)
機型	(jī xíng)
機要	(jī yào)
機宜	(jī yí)
機翼	(jī yì)
機油	(jī yóu)
機遇	(jī yù)
機緣	(jī yuán)
機運	(jī yùn)
機詐	(jī zhà)
機制	(jī zhì)
機智	(jī zhì)
機製	(jī zhì)
機軸	(jī zhóu)
機杼	(jī zhù)
機子	(jī zi)
機組	(jī zǔ)
墼	(jī)
擊	(jī)
擊敗	(jī bài)
擊斃	(jī bì)
擊沉	(jī chén)
擊刺	(jī cì)
擊打	(jī dǎ)
擊倒	(jī dǎo)
擊缶	(jí fǒu)
擊鼓傳花	(jī gǔ chuán huā)
擊鼓鳴金	(jī gǔ míng jīn)
擊毀	(jī huǐ)
擊劍	(jī jiàn)
擊潰	(jī kuì)
擊落	(jī luò)
擊球	(jī qiú)
擊球員	(jī qiú yuán)
擊殺	(jī shā)
擊碎	(jī suì)
擊退	(jī tuì)
擊弦類	(jī xián lèi)
擊弦類樂器	(jī xián lèi yuè qì)
擊暈	(jī yūn)
擊掌	(jī zhǎng)
擊中	(jī zhòng)
擊墜	(jī zhuì)
亼	(jí)
亽	(jí)
及	(jí)
及第	(jí dì)
及耳	(jí ěr)
及鋒而試	(jí fēng ér shì)
及格	(jí gé)
及格線	(jí gé xiàn)
及笄	(jí jī)
及其	(jí qí)
及時	(jí shí)
及時行樂	(jí shí xíng lè)
及時性	(jí shí xìng)
及時雨	(jí shí yǔ)
及物	(jí wù)
及物動詞	(jí wù dòng cí)
及早	(jí zǎo)
及至	(jí zhì)
伋	(jí)
吉	(jí)
吉安市	(jí ān shì)
吉安縣	(jí ān xiàn)
吉安鄉	(jí ān xiāng)
吉百利	(jí bǎi lì)
吉貝	(jí bèi)
吉本斯	(jí běn sī)
吉伯特氏症候群	(jí bó tè shì zhèng hòu qún)
吉卜力工作室	(jí bǔ lì gōng zuò shì)
吉卜賽人	(jí bǔ sài rén)
吉布地	(jí bù dì)
吉布提	(jí bù tí)
吉達	(jí dá)
吉打	(jí dǎ)
吉大港	(jí dà gǎng)
吉迪恩	(jí dí ēn)
吉電子伏	(jí diàn zǐ fú)
吉恩	(jí ēn)
吉爾伯特	(jí ěr bó tè)
吉爾伯特群島	(jí ěr bó tè qún dǎo)
吉爾達	(jí ěr dá)
吉爾吉斯	(jí ěr jí sī)
吉爾吉斯人	(jí ěr jí sī rén)
吉爾吉斯斯坦	(jí ěr jí sī sī tǎn)
吉爾吉斯坦	(jí ěr jí sī tǎn)
吉爾吉斯族	(jí ěr jí sī zú)
吉佳利	(jí jiā lì)
吉拉德	(jí lā dé)
吉蘭丹	(jí lán dān)
吉蘭丹河	(jí lán dān hé)
吉蘭丹州	(jí lán dān zhōu)
吉勒	(jí lè)
吉里巴斯	(jí lǐ bā sī)
吉利	(jí lì)
吉利丁	(jí lì dīng)
吉利服	(jí lì fú)
吉列	(jí liè)
吉林大學	(jí lín dà xué)
吉林省	(jí lín shěng)
吉林市	(jí lín shì)
吉隆坡	(jí lóng pō)
吉隆縣	(jí lóng xiàn)
吉魯巴	(jí lǔ bā)
吉羅米突	(jí luó mǐ tū)
吉米	(jí mǐ)
吉莫	(jí mò)
吉木乃縣	(jí mù nǎi xiàn)
吉木薩爾縣	(jí mù sà ěr xiàn)
吉尼斯	(jí ní sī)
吉尼斯世界紀錄	(jí ní sī shì jiè jì lù)
吉普	(jí pǔ)
吉普車	(jí pǔ chē)
吉普賽人	(jí pǔ sài rén)
吉普斯夸	(jí pǔ sī kuā)
吉慶	(jí qìng)
吉人自有天相	(jí rén zì yǒu tiān xiàng)
吉日	(jí rì)
吉士	(jí shì)
吉士粉	(jí shì fěn)
吉事	(jí shì)
吉事果	(jí shì guǒ)
吉首市	(jí shǒu shì)
吉水縣	(jí shuǐ xiàn)
吉他	(jí tā)
吉他帶	(jí tā dài)
吉他譜	(jí tā pǔ)
吉他手	(jí tā shǒu)
吉它	(jí tā)
吉特巴	(jí tè bā)
吉田	(jí tián)
吉娃娃	(jí wá wa)
吉縣	(jí xiàn)
吉祥	(jí xiáng)
吉祥物	(jí xiáng wù)
吉凶	(jí xiōng)
吉亞卡摩	(jí yà kǎ mó)
吉陽區	(jí yáng qū)
吉野	(jí yě)
吉野家	(jí yě jiā)
吉兆	(jí zhào)
吉之島	(jí zhī dǎo)
吉州郡	(jí zhōu jùn)
吉州區	(jí zhōu qū)
吉字節	(jí zì jié)
岌	(jí)
岌岌可危	(jí jí kě wēi)
岌嶪	(jí yè)
即	(jí)
即便	(jí biàn)
即插即用	(jí chā jí yòng)
即付	(jí fù)
即或	(jí huò)
即將	(jí jiāng)
即將來臨	(jí jiāng lái lín)
即可	(jí kě)
即刻	(jí kè)
即令	(jí lìng)
即墨區	(jí mò qū)
即期品	(jí qī pǐn)
即日	(jí rì)
即溶咖啡	(jí róng kā fēi)
即如	(jí rú)
即食	(jí shí)
即時	(jí shí)
即時即地	(jí shí jí dì)
即時通訊	(jí shí tōng xùn)
即時消息	(jí shí xiāo xi)
即時制	(jí shí zhì)
即使	(jí shǐ)
即為	(jí wéi)
即位	(jí wèi)
即席	(jí xí)
即興	(jí xìng)
即興發揮	(jí xìng fā huī)
即興之作	(jí xìng zhī zuò)
即由	(jí yóu)
即早	(jí zǎo)
即指即譯	(jí zhǐ jí yì)
佶	(jí)
亟	(jí)
亟待	(jí dài)
亟需	(jí xū)
卽	(jí)
急	(jí)
急板	(jí bǎn)
急不可待	(jí bù kě dài)
急不可耐	(jí bù kě nài)
急馳	(jí chí)
急赤白臉	(jí chì bái liǎn)
急匆匆	(jí cōng cōng)
急促	(jí cù)
急待	(jí dài)
急公好義	(jí gōng hào yì)
急功近利	(jí gōng jìn lì)
急吼吼	(jí hǒu hǒu)
急婚族	(jí hūn zú)
急火	(jí huǒ)
急急忙忙	(jí jí máng máng)
急救	(jí jiù)
急救包	(jí jiù bāo)
急救箱	(jí jiù xiāng)
急救站	(jí jiù zhàn)
急劇	(jí jù)
急遽	(jí jù)
急流	(jí liú)
急忙	(jí máng)
急難	(jí nàn)
急拍拍	(jí pāi pāi)
急迫	(jí pò)
急切	(jí qiè)
急人之難	(jí rén zhī nàn)
急如星火	(jí rú xīng huǒ)
急剎車	(jí shā chē)
急事	(jí shì)
急速	(jí sù)
急務	(jí wù)
急襲	(jí xí)
急先鋒	(jí xiān fēng)
急行軍	(jí xíng jūn)
急性	(jí xìng)
急性病	(jí xìng bìng)
急性腸炎	(jí xìng cháng yán)
急性闌尾炎	(jí xìng lán wěi yán)
急性人	(jí xìng rén)
急性照射	(jí xìng zhào shè)
急性子	(jí xìng zi)
急需	(jí xū)
急眼	(jí yǎn)
急要	(jí yào)
急用	(jí yòng)
急於	(jí yú)
急於求成	(jí yú qiú chéng)
急欲	(jí yù)
急躁	(jí zào)
急診	(jí zhěn)
急診室	(jí zhěn shì)
急症	(jí zhèng)
急智	(jí zhì)
急中生智	(jí zhōng shēng zhì)
急驟	(jí zhòu)
急著	(jí zhe)
急轉	(jí zhuǎn)
急轉彎	(jí zhuǎn wān)
急轉直下	(jí zhuǎn zhí xià)
急嘴急舌	(jí zuǐ jí shé)
姞	(jí)
庴	(jí)
極	(jí)
極北	(jí běi)
極北柳鶯	(jí běi liǔ yīng)
極北朱頂雀	(jí běi zhū dǐng què)
極差	(jí chā)
極超	(jí chāo)
極大	(jí dà)
極大值	(jí dà zhí)
極道	(jí dào)
極地	(jí dì)
極點	(jí diǎn)
極東	(jí dōng)
極度	(jí dù)
極端	(jí duān)
極端分子	(jí duān fèn zǐ)
極端之惡	(jí duān zhī è)
極端主義	(jí duān zhǔ yì)
極短篇小說	(jí duǎn piān xiǎo shuō)
極光	(jí guāng)
極寒	(jí hán)
極好	(jí hǎo)
極核	(jí hé)
極化	(jí huà)
極簡主義	(jí jiǎn zhǔ yì)
極角	(jí jiǎo)
極徑	(jí jìng)
極客	(jí kè)
極辣	(jí là)
極了	(jí le)
極力	(jí lì)
極目遠望	(jí mù yuǎn wàng)
極南	(jí nán)
極品	(jí pǐn)
極其	(jí qí)
極權	(jí quán)
極權主義	(jí quán zhǔ yì)
極少	(jí shǎo)
極少數	(jí shǎo shù)
極深研幾	(jí shēn yán jǐ)
極盛時期	(jí shèng shí qī)
極為	(jí wéi)
極細小	(jí xì xiǎo)
極限	(jí xiàn)
極限運動	(jí xiàn yùn dòng)
極小	(jí xiǎo)
極刑	(jí xíng)
極性	(jí xìng)
極有可能	(jí yǒu kě néng)
極右分子	(jí yòu fèn zǐ)
極右翼	(jí yòu yì)
極樂	(jí lè)
極樂世界	(jí lè shì jiè)
極值	(jí zhí)
極致	(jí zhì)
極軸	(jí zhóu)
極座標	(jí zuò biāo)
極座標系	(jí zuò biāo xì)
棘	(jí)
棘楚	(jí chǔ)
棘輪	(jí lún)
棘皮動物	(jí pí dòng wù)
棘手	(jí shǒu)
殛	(jí)
戢	(jí)
楫	(jí)
嵴	(jí)
嫉	(jí)
嫉妒	(jí dù)
嫉惡如仇	(jí è rú chóu)
嫉恨	(jí hèn)
嫉賢妒能	(jí xián dù néng)
檝	(jí)
䳭	(jí)
几	(jī)
几案	(jī àn)
己	(jǐ)
己方	(jǐ fāng)
己見	(jǐ jiàn)
己所不欲，勿施於人	(jǐ suǒ bù yù , wù shī yú rén)
己型肝炎	(jǐ xíng gān yán)
丮	(jǐ)
掎	(jǐ)
戟	(jǐ)
幾	(jǐ)
幾倍	(jǐ bèi)
幾次	(jǐ cì)
幾次三番	(jǐ cì sān fān)
幾點	(jǐ diǎn)
幾丁	(jī dīng)
幾丁質	(jī dīng zhì)
幾度	(jǐ dù)
幾多	(jǐ duō)
幾分	(jǐ fēn)
幾個	(jǐ ge)
幾號	(jǐ hào)
幾何	(jǐ hé)
幾何光學	(jǐ hé guāng xué)
幾何級數	(jǐ hé jí shù)
幾何級數增長	(jǐ hé jí shù zēng zhǎng)
幾何量	(jǐ hé liàng)
幾何平均數	(jǐ hé píng jūn shù)
幾何拓撲	(jǐ hé tuò pū)
幾何拓撲學	(jǐ hé tuò pū xué)
幾何圖形	(jǐ hé tú xíng)
幾何學	(jǐ hé xué)
幾何原本	(jǐ hé yuán běn)
幾乎	(jī hū)
幾乎不	(jī hū bù)
幾許	(jǐ xǔ)
幾諫	(jī jiàn)
幾近	(jī jìn)
幾進宮	(jǐ jìn gōng)
幾經	(jǐ jīng)
幾可亂真	(jī kě luàn zhēn)
幾率	(jī lǜ)
幾米	(jī mǐ)
幾內亞	(jǐ nèi yà)
幾內亞比紹	(jǐ nèi yà bǐ shào)
幾內亞比索	(jī nèi yà bǐ suǒ)
幾內亞灣	(jǐ nèi yà wān)
幾年	(jǐ nián)
幾年來	(jǐ nián lái)
幾千	(jǐ qiān)
幾時	(jǐ shí)
幾歲	(jǐ suì)
幾天	(jǐ tiān)
幾天來	(jǐ tiān lái)
幾微	(jī wēi)
幾維鳥	(jī wéi niǎo)
幾希	(jī xī)
幾樣	(jǐ yàng)
幾欲	(jī yù)
幾至	(jī zhì)
擠	(jǐ)
擠出	(jǐ chū)
擠兌	(jǐ duì)
擠對	(jǐ duì)
擠咕	(jǐ gū)
擠過	(jǐ guò)
擠花	(jǐ huā)
擠花袋	(jǐ huā dài)
擠擠插插	(jǐ jǐ chā chā)
擠緊	(jǐ jǐn)
擠進	(jǐ jìn)
擠垮	(jǐ kuǎ)
擠來擠去	(jǐ lái jǐ qù)
擠落	(jǐ luò)
擠滿	(jǐ mǎn)
擠眉弄眼	(jǐ méi nòng yǎn)
擠奶	(jǐ nǎi)
擠破頭	(jǐ pò tóu)
擠入	(jǐ rù)
擠上去	(jǐ shàng qu)
擠踏	(jǐ tà)
擠提	(jǐ tí)
擠壓	(jǐ yā)
擠牙膏	(jǐ yá gāo)
擠軋	(jǐ yà)
擠眼	(jǐ yǎn)
擠占	(jǐ zhàn)
彐	(jì)
彑	(jì)
旡	(jì)
伎	(jì)
伎倆	(jì liǎng)
技	(jì)
技法	(jì fǎ)
技工	(jì gōng)
技工學校	(jì gōng xué xiào)
技嘉	(jì jiā)
技倆	(jì liǎng)
技能	(jì néng)
技巧	(jì qiǎo)
技師	(jì shī)
技士	(jì shì)
技術	(jì shù)
技術標準	(jì shù biāo zhǔn)
技術方案	(jì shù fāng àn)
技術故障	(jì shù gù zhàng)
技術官僚	(jì shù guān liáo)
技術規範	(jì shù guī fàn)
技術潛水	(jì shù qián shuǐ)
技術人員	(jì shù rén yuán)
技術性	(jì shù xìng)
技術學校	(jì shù xué xiào)
技術員	(jì shù yuán)
技術援助	(jì shù yuán zhù)
技術棧	(jì shù zhàn)
技術知識	(jì shù zhī shi)
技術指導	(jì shù zhǐ dǎo)
技校	(jì xiào)
技癢	(jì yǎng)
技藝	(jì yì)
技戰術	(jì zhàn shù)
技正	(jì zhèng)
技職	(jì zhí)
技佐	(jì zuǒ)
忌	(jì)
忌辰	(jì chén)
忌憚	(jì dàn)
忌妒	(jì du)
忌恨	(jì hèn)
忌諱	(jì huì)
忌口	(jì kǒu)
忌日	(jì rì)
忌食	(jì shí)
忌羨	(jì xiàn)
忌煙	(jì yān)
妓	(jì)
妓館	(jì guǎn)
妓女	(jì nǚ)
妓院	(jì yuàn)
妓寨	(jì zhài)
季	(jì)
季報	(jì bào)
季春	(jì chūn)
季冬	(jì dōng)
季度	(jì dù)
季風	(jì fēng)
季父	(jì fù)
季後賽	(jì hòu sài)
季候	(jì hòu)
季會	(jì huì)
季節	(jì jié)
季節性	(jì jié xìng)
季經	(jì jīng)
季軍	(jì jūn)
季刊	(jì kān)
季肋	(jì lèi)
季肋區	(jì lèi qū)
季黎諾	(jì lí nuò)
季路	(jì lù)
季莫申科	(jì mò shēn kē)
季諾	(jì nuò)
季世	(jì shì)
季夏	(jì xià)
季羨林	(jì xiàn lín)
季相	(jì xiàng)
季雨林	(jì yǔ lín)
季子	(jì zǐ)
垍	(jì)
既	(jì)
既成事實	(jì chéng shì shí)
既得	(jì dé)
既得利益	(jì dé lì yì)
既得期間	(jì dé qī jiān)
既定	(jì dìng)
既而	(jì ér)
既來之，則安之	(jì lái zhī , zé ān zhī)
既然	(jì rán)
既是	(jì shì)
既視感	(jì shì gǎn)
既往	(jì wǎng)
既往不咎	(jì wǎng bù jiù)
既已	(jì yǐ)
既有	(jì yǒu)
偈	(jì)
旣	(jì)
悸	(jì)
悸動	(jì dòng)
悸慄	(jì lì)
寄	(jì)
寄出	(jì chū)
寄辭	(jì cí)
寄存	(jì cún)
寄存處	(jì cún chù)
寄存器	(jì cún qì)
寄達	(jì dá)
寄遞	(jì dì)
寄頓	(jì dùn)
寄發	(jì fā)
寄放	(jì fàng)
寄父	(jì fù)
寄懷	(jì huái)
寄籍	(jì jí)
寄跡	(jì jì)
寄件人	(jì jiàn rén)
寄居	(jì jū)
寄居蟹	(jì jū xiè)
寄賣	(jì mài)
寄名	(jì míng)
寄母	(jì mǔ)
寄女	(jì nǚ)
寄人籬下	(jì rén lí xià)
寄生	(jì shēng)
寄生蟲	(jì shēng chóng)
寄生生活	(jì shēng shēng huó)
寄生物	(jì shēng wù)
寄生者	(jì shēng zhě)
寄售	(jì shòu)
寄送	(jì sòng)
寄宿	(jì sù)
寄宿生	(jì sù shēng)
寄宿學校	(jì sù xué xiào)
寄託	(jì tuō)
寄望	(jì wàng)
寄物	(jì wù)
寄物處	(jì wù chù)
寄物櫃	(jì wù guì)
寄銷	(jì xiāo)
寄養	(jì yǎng)
寄予	(jì yǔ)
寄予厚望	(jì yǔ hòu wàng)
寄語	(jì yǔ)
寄主	(jì zhǔ)
寄子	(jì zǐ)
寂	(jì)
寂寂	(jì jì)
寂寂無名	(jì jì wú míng)
寂靜	(jì jìng)
寂寥	(jì liáo)
寂滅	(jì miè)
寂寞	(jì mò)
寂然	(jì rán)
惎	(jì)
塈	(jì)
勣	(jì)
暨	(jì)
暨大	(jì dà)
暨今	(jì jīn)
冀	(jì)
冀朝鑄	(jì cháo zhù)
冀縣	(jì xiàn)
冀州區	(jì zhōu qū)
劑	(jì)
劑次	(jì cì)
劑量	(jì liàng)
劑量當量	(jì liàng dāng liàng)
劑型	(jì xíng)
劑子	(jì zi)
檵	(jì)
檵花	(jì huā)
檵木	(jì mù)
加	(jiā)
加百列	(jiā bǎi liè)
加班	(jiā bān)
加班費	(jiā bān fèi)
加倍	(jiā bèi)
加俾額爾	(jiā bǐ é ěr)
加冰	(jiā bīng)
加冰塊	(jiā bīng kuài)
加餐	(jiā cān)
加倉	(jiā cāng)
加查縣	(jiā chá xiàn)
加長	(jiā cháng)
加車	(jiā chē)
加持	(jiā chí)
加粗	(jiā cū)
加達里	(jiā dá lǐ)
加大	(jiā dà)
加大力度	(jiā dà lì dù)
加大努力	(jiā dà nǔ lì)
加大油門	(jiā dà yóu mén)
加德滿都	(jiā dé mǎn dū)
加德納	(jiā dé nà)
加德士	(jiā dé shì)
加德西	(jiā dé xī)
加的夫	(jiā de fū)
加的斯	(jiā dì sī)
加點	(jiā diǎn)
加多寶	(jiā duō bǎo)
加爾各答	(jiā ěr gè dá)
加爾文	(jiā ěr wén)
加法	(jiā fǎ)
加菲貓	(jiā fēi māo)
加分	(jiā fēn)
加封	(jiā fēng)
加封官階	(jiā fēng guān jiē)
加俸	(jiā fèng)
加氟	(jiā fú)
加蓋	(jiā gài)
加格達奇區	(jiā gé dá qí qū)
加工	(jiā gōng)
加工廠	(jiā gōng chǎng)
加工成本	(jiā gōng chéng běn)
加工貿易	(jiā gōng mào yì)
加購	(jiā gòu)
加固	(jiā gù)
加官	(jiā guān)
加官晉級	(jiā guān jìn jí)
加官晉爵	(jiā guān jìn jué)
加官進爵	(jiā guān jìn jué)
加官進祿	(jiā guān jìn lù)
加官進位	(jiā guān jìn wèi)
加國	(jiā guó)
加害	(jiā hài)
加航	(jiā háng)
加號	(jiā hào)
加和	(jiā hé)
加護	(jiā hù)
加護病房	(jiā hù bìng fáng)
加吉魚	(jiā jí yú)
加急	(jiā jí)
加加林	(jiā jiā lín)
加價	(jiā jià)
加減乘除	(jiā jiǎn chéng chú)
加減號	(jiā jiǎn hào)
加緊	(jiā jǐn)
加勁	(jiā jìn)
加勁兒	(jiā jìn r)
加進	(jiā jìn)
加劇	(jiā jù)
加快	(jiā kuài)
加寬	(jiā kuān)
加拉巴哥斯	(jiā lā bā gē sī)
加拉巴哥斯群島	(jiā lā bā gē sī qún dǎo)
加拉加斯	(jiā lā jiā sī)
加拉帕戈斯群島	(jiā lā pà gē sī qún dǎo)
加拉太書	(jiā lā tài shū)
加辣	(jiā là)
加來海峽	(jiā lái hǎi xiá)
加勒比	(jiā lè bǐ)
加勒比國家聯盟	(jiā lè bǐ guó jiā lián méng)
加勒比海	(jiā lè bǐ hǎi)
加哩	(jiā lǐ)
加里	(jiā lǐ)
加里波第	(jiā lǐ bō dì)
加里肋亞	(jiā lǐ lèi yà)
加里肋亞海	(jiā lǐ lèi yà hǎi)
加里曼丹	(jiā lǐ màn dān)
加里曼丹島	(jiā lǐ màn dān dǎo)
加里寧格勒	(jiā lǐ níng gé lè)
加里寧格勒州	(jiā lǐ níng gé lè zhōu)
加利福尼亞	(jiā lì fú ní yà)
加利福尼亞大學	(jiā lì fú ní yà dà xué)
加利福尼亞大學洛杉磯分校	(jiā lì fú ní yà dà xué luò shān jī fēn xiào)
加利福尼亞理工學院	(jiā lì fú ní yà lǐ gōng xué yuàn)
加利福尼亞州	(jiā lì fú ní yà zhōu)
加利肋亞	(jiā lì lèi yà)
加利利	(jiā lì lì)
加利西亞	(jiā lì xī yà)
加料	(jiā liào)
加料鋼琴	(jiā liào gāng qín)
加侖	(jiā lún)
加羅林群島	(jiā luó lín qún dǎo)
加麻大	(jiā má dà)
加碼	(jiā mǎ)
加滿	(jiā mǎn)
加盟	(jiā méng)
加盟店	(jiā méng diàn)
加密	(jiā mì)
加密貨幣	(jiā mì huò bì)
加密套接字協議層	(jiā mì tào jiē zì xié yì céng)
加冕	(jiā miǎn)
加繆	(jiā miù)
加拿大	(jiā ná dà)
加拿大皇家	(jiā ná dà huáng jiā)
加拿大皇家海軍	(jiā ná dà huáng jiā hǎi jūn)
加拿大太平洋鐵路	(jiā ná dà tài píng yáng tiě lù)
加拿大雁	(jiā ná dà yàn)
加那利群島	(jiā nà lì qún dǎo)
加納	(jiā nà)
加農	(jiā nóng)
加農炮	(jiā nóng pào)
加派	(jiā pài)
加彭	(jiā péng)
加蓬	(jiā péng)
加氣	(jiā qì)
加錢	(jiā qián)
加強	(jiā qiáng)
加強針	(jiā qiáng zhēn)
加氫油	(jiā qīng yóu)
加權	(jiā quán)
加權平均	(jiā quán píng jūn)
加熱	(jiā rè)
加人一等	(jiā rén yī děng)
加入	(jiā rù)
加塞兒	(jiā sāi r)
加賽	(jiā sài)
加沙	(jiā shā)
加沙地帶	(jiā shā dì dài)
加上	(jiā shàng)
加深	(jiā shēn)
加濕器	(jiā shī qì)
加時	(jiā shí)
加時賽	(jiā shí sài)
加試	(jiā shì)
加數	(jiā shù)
加速	(jiā sù)
加速度	(jiā sù dù)
加速器	(jiā sù qì)
加速踏板	(jiā sù tà bǎn)
加索爾	(jiā suǒ ěr)
加泰羅尼亞	(jiā tài luó ní yà)
加特林	(jiā tè lín)
加特林機槍	(jiā tè lín jī qiāng)
加藤	(jiā téng)
加添	(jiā tiān)
加甜	(jiā tián)
加委	(jiā wěi)
加溫	(jiā wēn)
加西亞	(jiā xī yà)
加息	(jiā xī)
加薪	(jiā xīn)
加壓	(jiā yā)
加壓釜	(jiā yā fǔ)
加演	(jiā yǎn)
加央	(jiā yāng)
加以	(jiā yǐ)
加意	(jiā yì)
加油	(jiā yóu)
加油工	(jiā yóu gōng)
加油槍	(jiā yóu qiāng)
加油添醋	(jiā yóu tiān cù)
加油站	(jiā yóu zhàn)
加載	(jiā zài)
加之	(jiā zhī)
加值	(jiā zhí)
加值型網路	(jiā zhí xíng wǎng lù)
加徵	(jiā zhēng)
加重	(jiā zhòng)
加重語氣	(jiā zhòng yǔ qì)
加州	(jiā zhōu)
加州大學	(jiā zhōu dà xué)
加州理工學院	(jiā zhōu lǐ gōng xué yuàn)
加注	(jiā zhù)
加註	(jiā zhù)
加茲尼	(jiā zī ní)
加茲尼省	(jiā zī ní shěng)
加總	(jiā zǒng)
加足馬力	(jiā zú mǎ lì)
宊	(jiā)
佳	(jiā)
佳賓	(jiā bīn)
佳得樂	(jiā dé lè)
佳冬	(jiā dōng)
佳冬鄉	(jiā dōng xiāng)
佳話	(jiā huà)
佳績	(jiā jì)
佳節	(jiā jié)
佳潔士	(jiā jié shì)
佳境	(jiā jìng)
佳里	(jiā lǐ)
佳利釀	(jiā lì niàng)
佳麗	(jiā lì)
佳麗釀	(jiā lì niàng)
佳美	(jiā měi)
佳妙	(jiā miào)
佳木斯大學	(jiā mù sī dà xué)
佳木斯市	(jiā mù sī shì)
佳能	(jiā néng)
佳釀	(jiā niàng)
佳偶	(jiā ǒu)
佳評如潮	(jiā píng rú cháo)
佳期	(jiā qī)
佳人	(jiā rén)
佳人才子	(jiā rén cái zǐ)
佳世客	(jiā shì kè)
佳縣	(jiā xiàn)
佳餚	(jiā yáo)
佳音	(jiā yīn)
佳作	(jiā zuò)
㹢	(jiā)
枷	(jiā)
枷板	(jiā bǎn)
枷鎖	(jiā suǒ)
枷銷	(jiā xiāo)
家	(jiā)
家八哥	(jiā bā ge)
家暴	(jiā bào)
家蠶	(jiā cán)
家產	(jiā chǎn)
家長	(jiā zhǎng)
家長會	(jiā zhǎng huì)
家長家短	(jiā cháng jiā duǎn)
家長制	(jiā zhǎng zhì)
家常	(jiā cháng)
家常便飯	(jiā cháng biàn fàn)
家常菜	(jiā cháng cài)
家常豆腐	(jiā cháng dòu fu)
家臣	(jiā chén)
家醜	(jiā chǒu)
家醜不可外傳	(jiā chǒu bù kě wài chuán)
家醜不可外揚	(jiā chǒu bù kě wài yáng)
家畜	(jiā chù)
家傳	(jiā chuán)
家慈	(jiā cí)
家大業大	(jiā dà yè dà)
家當	(jiā dàng)
家道	(jiā dào)
家道中落	(jiā dào zhōng luò)
家的	(jiā de)
家底	(jiā dǐ)
家弟	(jiā dì)
家電	(jiā diàn)
家丁	(jiā dīng)
家兒	(jiā ér)
家法	(jiā fǎ)
家父	(jiā fù)
家婦	(jiā fù)
家給人足	(jiā jǐ rén zú)
家公	(jiā gōng)
家姑	(jiā gū)
家規	(jiā guī)
家和萬事興	(jiā hé wàn shì xīng)
家花沒有野花香	(jiā huā méi yǒu yě huā xiāng)
家伙	(jiā huo)
家姬	(jiā jī)
家計	(jiā jì)
家家戶戶	(jiā jiā hù hù)
家家酒	(jiā jiā jiǔ)
家家有本難念的經	(jiā jiā yǒu běn nán niàn de jīng)
家教	(jiā jiào)
家轎	(jiā jiào)
家姐	(jiā jiě)
家景	(jiā jǐng)
家境	(jiā jìng)
家舅	(jiā jiù)
家居	(jiā jū)
家居賣場	(jiā jū mài chǎng)
家具	(jiā jù)
家俱	(jiā jù)
家眷	(jiā juàn)
家老	(jiā lǎo)
家累千金，坐不垂堂	(jiā lěi qiān jīn , zuò bù chuí táng)
家裡	(jiā lǐ)
家裡蹲	(jiā lǐ dūn)
家麻雀	(jiā má què)
家馬	(jiā mǎ)
家貓	(jiā māo)
家門	(jiā mén)
家母	(jiā mǔ)
家娘	(jiā niáng)
家奴	(jiā nú)
家貧如洗	(jiā pín rú xǐ)
家婆	(jiā pó)
家破人亡	(jiā pò rén wáng)
家譜	(jiā pǔ)
家禽	(jiā qín)
家親	(jiā qīn)
家去	(jiā qù)
家雀兒	(jiā qiǎo r)
家人	(jiā rén)
家嫂	(jiā sǎo)
家什	(jiā shi)
家世	(jiā shì)
家事	(jiā shì)
家室	(jiā shì)
家叔	(jiā shū)
家屬	(jiā shǔ)
家數	(jiā shù)
家私	(jiā sī)
家庭	(jiā tíng)
家庭暴力	(jiā tíng bào lì)
家庭成員	(jiā tíng chéng yuán)
家庭地址	(jiā tíng dì zhǐ)
家庭教師	(jiā tíng jiào shī)
家庭影院	(jiā tíng yǐng yuàn)
家庭主夫	(jiā tíng zhǔ fū)
家庭主婦	(jiā tíng zhǔ fù)
家庭煮夫	(jiā tíng zhǔ fū)
家庭作業	(jiā tíng zuò yè)
家童	(jiā tóng)
家僮	(jiā tóng)
家徒四壁	(jiā tú sì bì)
家務	(jiā wù)
家務活	(jiā wù huó)
家鄉	(jiā xiāng)
家鄉菜	(jiā xiāng cài)
家鄉話	(jiā xiāng huà)
家小	(jiā xiǎo)
家信	(jiā xìn)
家兄	(jiā xiōng)
家訓	(jiā xùn)
家鴉	(jiā yā)
家鴨	(jiā yā)
家鴨綠頭鴨	(jiā yā lǜ tóu yā)
家嚴	(jiā yán)
家宴	(jiā yàn)
家燕	(jiā yàn)
家養	(jiā yǎng)
家爺	(jiā yé)
家業	(jiā yè)
家蠅	(jiā yíng)
家傭	(jiā yōng)
家用	(jiā yòng)
家用電腦	(jiā yòng diàn nǎo)
家用電器	(jiā yòng diàn qì)
家語	(jiā yǔ)
家喻戶曉	(jiā yù hù xiǎo)
家園	(jiā yuán)
家樂福	(jiā lè fú)
家樂氏	(jiā lè shì)
家灶	(jiā zào)
家宅	(jiā zhái)
家政	(jiā zhèng)
家政學	(jiā zhèng xué)
家政員	(jiā zhèng yuán)
家主	(jiā zhǔ)
家貲萬貫	(jiā zī wàn guàn)
家子	(jiā zi)
家姊	(jiā zǐ)
家族	(jiā zú)
家族樹	(jiā zú shù)
家祖	(jiā zǔ)
梜	(jiā)
梜提	(jiā tí)
傢	(jiā)
傢伙	(jiā huo)
傢具	(jiā jù)
傢俱	(jiā jù)
嘉	(jiā)
嘉柏隆里	(jiā bó lóng lǐ)
嘉寶果	(jiā bǎo guǒ)
嘉賓	(jiā bīn)
嘉定	(jiā dìng)
嘉定區	(jiā dìng qū)
嘉爾曼	(jiā ěr màn)
嘉豪	(jiā háo)
嘉禾縣	(jiā hé xiàn)
嘉許	(jiā xǔ)
嘉會	(jiā huì)
嘉獎	(jiā jiǎng)
嘉黎縣	(jiā lí xiàn)
嘉陵江	(jiā líng jiāng)
嘉陵區	(jiā líng qū)
嘉年華	(jiā nián huá)
嘉善縣	(jiā shàn xiàn)
嘉士伯	(jiā shì bó)
嘉祥縣	(jiā xiáng xiàn)
嘉興市	(jiā xīng shì)
嘉義	(jiā yì)
嘉義市	(jiā yì shì)
嘉義縣	(jiā yì xiàn)
嘉蔭縣	(jiā yīn xiàn)
嘉魚縣	(jiā yú xiàn)
嘉峪關	(jiā yù guān)
嘉峪關城	(jiā yù guān chéng)
嘉峪關市	(jiā yù guān shì)
夾	(jiā)
夾襖	(jiá ǎo)
夾板	(jiā bǎn)
夾層	(jiā céng)
夾持	(jiā chí)
夾帶	(jiā dài)
夾當	(jiā dāng)
夾當兒	(jiā dāng r)
夾道	(jiā dào)
夾道歡迎	(jiā dào huān yíng)
夾斷	(jiā duàn)
夾縫	(jiā fèng)
夾攻	(jiā gōng)
夾棍	(jiā gùn)
夾擊	(jiā jī)
夾江縣	(jiā jiāng xiàn)
夾角	(jiā jiǎo)
夾腳拖	(jiā jiǎo tuō)
夾腳拖鞋	(jiá jiǎo tuō xié)
夾緊	(jiā jǐn)
夾具	(jiā jù)
夾克	(jiā kè)
夾鏈袋	(jiā liàn dài)
夾盤	(jiā pán)
夾批	(jiā pī)
夾七夾八	(jiā qī jiā bā)
夾起尾巴	(jiā qǐ wěi ba)
夾鉗	(jiā qián)
夾塞兒	(jiā sāi r)
夾山國家森林公園	(jiā shān guó jiā sēn lín gōng yuán)
夾山寺	(jiā shān sì)
夾生	(jiā shēng)
夾生飯	(jiā shēng fàn)
夾頭	(jiā tóu)
夾娃娃	(jiā wá wa)
夾尾巴	(jiā wěi ba)
夾餡	(jiā xiàn)
夾心	(jiā xīn)
夾心餅乾	(jiā xīn bǐng gān)
夾心族	(jiā xīn zú)
夾雜	(jiā zá)
夾肢窩	(gā zhi wō)
夾竹桃	(jiā zhú táo)
夾子	(jiā zi)
夾子音	(jiā zi yīn)
恝	(jiá)
唊	(jiá)
戛	(jiá)
戛戛	(jiá jiá)
戛戛獨造	(jiá jiá dú zào)
戛納	(gā nà)
戛然	(jiá rán)
戛然而止	(jiá rán ér zhǐ)
戞	(jiá)
䛟	(jiá)
岬	(jiǎ)
岬角	(jiǎ jiǎo)
叚	(jiǎ)
斚	(jiǎ)
假	(jià)
假案	(jiǎ àn)
假掰	(gēi bāi)
假扮	(jiǎ bàn)
假報告	(jiǎ bào gào)
假幣	(jiǎ bì)
假別	(jià bié)
假唱	(jiǎ chàng)
假鈔	(jiǎ chāo)
假稱	(jiǎ chēng)
假秤	(jiǎ chèng)
假充	(jiǎ chōng)
假慈悲	(jiǎ cí bēi)
假大空	(jiǎ dà kōng)
假道	(jiǎ dào)
假道伐虢	(jiǎ dào fá guó)
假定	(jiǎ dìng)
假動作	(jiǎ dòng zuò)
假髮	(jiǎ fà)
假分數	(jiǎ fēn shù)
假高音	(jiǎ gāo yīn)
假公濟私	(jiǎ gōng jì sī)
假拱	(jiǎ gǒng)
假話	(jiǎ huà)
假貨	(jiǎ huò)
假借	(jiǎ jiè)
假借義	(jiǎ jiè yì)
假借字	(jiǎ jiè zì)
假肯定句	(jiǎ kěn dìng jù)
假吏	(jiǎ lì)
假令	(jiǎ lìng)
假冒	(jiǎ mào)
假冒品	(jiǎ mào pǐn)
假冒偽劣	(jiǎ mào wěi liè)
假寐	(jiǎ mèi)
假面	(jiǎ miàn)
假面具	(jiǎ miàn jù)
假面舞會	(jiǎ miàn wǔ huì)
假名	(jiǎ míng)
假期	(jià qī)
假球	(jiǎ qiú)
假人	(jiǎ rén)
假人像	(jiǎ rén xiàng)
假仁假義	(jiǎ rén jiǎ yì)
假日	(jià rì)
假若	(jiǎ ruò)
假嗓	(jiǎ sǎng)
假嗓子	(jiǎ sǎng zi)
假山	(jiǎ shān)
假善人	(jiǎ shàn rén)
假設	(jiǎ shè)
假設性	(jiǎ shè xìng)
假設語氣	(jiǎ shè yǔ qì)
假聲	(jiǎ shēng)
假使	(jiǎ shǐ)
假釋	(jiǎ shì)
假手	(jiǎ shǒu)
假手他人	(jiǎ shǒu tā rén)
假手於人	(jiǎ shǒu yú rén)
假摔	(jiǎ shuāi)
假說	(jiǎ shuō)
假死	(jiǎ sǐ)
假體	(jiǎ tǐ)
假條	(jià tiáo)
假途滅虢	(jiǎ tú miè guó)
假腿	(jiǎ tuǐ)
假托	(jiǎ tuō)
假託	(jiǎ tuō)
假戲真唱	(jiǎ xì zhēn chàng)
假仙	(jiǎ xiān)
假想	(jiǎ xiǎng)
假想敵	(jiǎ xiǎng dí)
假象	(jiǎ xiàng)
假象牙	(jiǎ xiàng yá)
假小子	(jiǎ xiǎo zi)
假惺惺	(jiǎ xīng xīng)
假性	(jiǎ xìng)
假性近視	(jiǎ xìng jìn shì)
假牙	(jiǎ yá)
假芫茜	(jiǎ yuán qiàn)
假眼	(jiǎ yǎn)
假洋鬼子	(jiǎ yáng guǐ zi)
假陽性	(jiǎ yáng xìng)
假藥	(jiǎ yào)
假一賠十	(jiǎ yī péi shí)
假意	(jiǎ yì)
假音	(jiǎ yīn)
假陰性	(jiǎ yīn xìng)
假造	(jiǎ zào)
假賬	(jiǎ zhàng)
假招子	(jiǎ zhāo zi)
假正經	(jiǎ zhèng jīng)
假證	(jiǎ zhèng)
假證件	(jiǎ zhèng jiàn)
假肢	(jiǎ zhī)
假種皮	(jiǎ zhǒng pí)
假裝	(jiǎ zhuāng)
假子	(jiǎ zǐ)
假作	(jiǎ zuò)
假座	(jiǎ zuò)
斝	(jiǎ)
婽	(jiǎ)
榎	(jiǎ)
檟	(jiǎ)
价	(jiè)
架	(jià)
架不住	(jià bu zhù)
架次	(jià cì)
架二郎腿	(jià èr láng tuǐ)
架構	(jià gòu)
架構師	(jià gòu shī)
架拐	(jià guǎi)
架空	(jià kōng)
架空歷史	(jià kōng lì shǐ)
架空索道	(jià kōng suǒ dào)
架橋	(jià qiáo)
架上繪畫	(jià shàng huì huà)
架設	(jià shè)
架式	(jià shi)
架勢	(jià shi)
架子	(jià zi)
架子車	(jià zi chē)
架子鼓	(jià zi gǔ)
架子豬	(jià zi zhū)
架走	(jià zǒu)
幏	(jià)
嫁	(jià)
嫁禍	(jià huò)
嫁禍於人	(jià huò yú rén)
嫁雞隨雞	(jià jī suí jī)
嫁雞隨雞，嫁狗隨狗	(jià jī suí jī , jià gǒu suí gǒu)
嫁接	(jià jiē)
嫁女	(jià nǚ)
嫁娶	(jià qǔ)
嫁人	(jià rén)
嫁妝	(jià zhuang)
嫁裝	(jià zhuang)
嫁資	(jià zī)
價	(jie)
價層	(jià céng)
價差	(jià chā)
價電子	(jià diàn zǐ)
價格	(jià gé)
價格標籤	(jià gé biāo qiān)
價格表	(jià gé biǎo)
價格戰	(jià gé zhàn)
價鍵	(jià jiàn)
價款	(jià kuǎn)
價廉物美	(jià lián wù měi)
價碼	(jià mǎ)
價目	(jià mù)
價簽	(jià qiān)
價錢	(jià qian)
價位	(jià wèi)
價值	(jià zhí)
價值標準	(jià zhí biāo zhǔn)
價值工程	(jià zhí gōng chéng)
價值觀	(jià zhí guān)
價值連城	(jià zhí lián chéng)
價值量	(jià zhí liàng)
價值增殖	(jià zhí zēng zhí)
幵	(qiān)
尖	(jiān)
尖草坪區	(jiān cǎo píng qū)
尖刀	(jiān dāo)
尖頂	(jiān dǐng)
尖端	(jiān duān)
尖峰	(jiān fēng)
尖閣列島	(jiān gé liè dǎo)
尖管麵	(jiān guǎn miàn)
尖尖	(jiān jiān)
尖椒	(jiān jiāo)
尖叫	(jiān jiào)
尖叫雞	(jiān jiào jī)
尖刻	(jiān kè)
尖括號	(jiān kuò hào)
尖利	(jiān lì)
尖厲	(jiān lì)
尖銳	(jiān ruì)
尖銳化	(jiān ruì huà)
尖銳批評	(jiān ruì pī píng)
尖銳濕疣	(jiān ruì shī yóu)
尖沙咀	(jiān shā zuǐ)
尖山區	(jiān shān qū)
尖聲啼哭	(jiān shēng tí kū)
尖石	(jiān shí)
尖石鄉	(jiān shí xiāng)
尖酸	(jiān suān)
尖酸刻薄	(jiān suān kè bó)
尖塔	(jiān tǎ)
尖頭	(jiān tóu)
尖頭鱥	(jiān tóu guì)
尖尾濱鷸	(jiān wěi bīn yù)
尖吻鱸	(jiān wěn lú)
尖細	(jiān xì)
尖新	(jiān xīn)
尖牙	(jiān yá)
尖扎縣	(jiān zhā xiàn)
尖窄	(jiān zhǎi)
尖子	(jiān zi)
尖子生	(jiān zi shēng)
尖嘴魚	(jiān zuǐ yú)
奸	(jiān)
奸臣	(jiān chén)
奸黨	(jiān dǎng)
奸惡	(jiān è)
奸夫	(jiān fū)
奸官	(jiān guān)
奸官污吏	(jiān guān wū lì)
奸宄	(jiān guǐ)
奸猾	(jiān huá)
奸滑	(jiān huá)
奸計	(jiān jì)
奸狡	(jiān jiǎo)
奸民	(jiān mín)
奸佞	(jiān nìng)
奸人	(jiān rén)
奸商	(jiān shāng)
奸徒	(jiān tú)
奸細	(jiān xi)
奸險	(jiān xiǎn)
奸笑	(jiān xiào)
奸邪	(jiān xié)
奸賊	(jiān zéi)
奸詐	(jiān zhà)
戔	(jiān)
戔戔	(jiān jiān)
姧	(jiān)
姦	(jiān)
姦夫淫婦	(jiān fū yín fù)
姦情	(jiān qíng)
姦殺	(jiān shā)
姦屍	(jiān shī)
姦宿	(jiān sù)
姦污	(jiān wū)
姦雄	(jiān xióng)
姦淫	(jiān yín)
兼	(jiān)
兼愛	(jiān ài)
兼備	(jiān bèi)
兼併	(jiān bìng)
兼並與收購	(jiān bìng yǔ shōu gòu)
兼差	(jiān chāi)
兼程	(jiān chéng)
兼而有之	(jiān ér yǒu zhī)
兼顧	(jiān gù)
兼濟天下	(jiān jì tiān xià)
兼具	(jiān jù)
兼課	(jiān kè)
兼任	(jiān rèn)
兼容	(jiān róng)
兼容並包	(jiān róng bìng bāo)
兼容性	(jiān róng xìng)
兼善天下	(jiān shàn tiān xià)
兼施	(jiān shī)
兼收並蓄	(jiān shōu bìng xù)
兼聽則明，偏信則暗	(jiān tīng zé míng , piān xìn zé àn)
兼蓄	(jiān xù)
兼營	(jiān yíng)
兼優	(jiān yōu)
兼有	(jiān yǒu)
兼職	(jiān zhí)
堅	(jiān)
堅壁	(jiān bì)
堅壁清野	(jiān bì qīng yě)
堅冰	(jiān bīng)
堅不可摧	(jiān bù kě cuī)
堅稱	(jiān chēng)
堅持	(jiān chí)
堅持不懈	(jiān chí bù xiè)
堅持不渝	(jiān chí bù yú)
堅持下去	(jiān chí xià qù)
堅定	(jiān dìng)
堅定不移	(jiān dìng bù yí)
堅定性	(jiān dìng xìng)
堅戈	(jiān gē)
堅固	(jiān gù)
堅固性	(jiān gù xìng)
堅果	(jiān guǒ)
堅決	(jiān jué)
堅苦卓絕	(jiān kǔ zhuó jué)
堅牢	(jiān láo)
堅明	(jiān míng)
堅強	(jiān qiáng)
堅強不屈	(jiān qiáng bù qū)
堅忍	(jiān rěn)
堅忍不拔	(jiān rěn bù bá)
堅韌	(jiān rèn)
堅韌不拔	(jiān rèn bù bá)
堅如磐石	(jiān rú pán shí)
堅若磐石	(jiān ruò pán shí)
堅實	(jiān shí)
堅守	(jiān shǒu)
堅挺	(jiān tǐng)
堅信	(jiān xìn)
堅信禮	(jiān xìn lǐ)
堅毅	(jiān yì)
堅硬	(jiān yìng)
堅貞	(jiān zhēn)
堅貞不屈	(jiān zhēn bù qū)
堅貞不渝	(jiān zhēn bù yú)
堅振	(jiān zhèn)
堅振禮	(jiān zhèn lǐ)
堅執	(jiān zhí)
堅緻	(jiān zhì)
揃	(jiān)
傔	(qiàn)
搛	(jiān)
椷	(jiān)
椾	(jiān)
殲	(jiān)
殲擊	(jiān jī)
殲擊機	(jiān jī jī)
殲滅	(jiān miè)
囝	(jiǎn)
囝仔	(jiǎn zǐ)
柬	(jiǎn)
柬埔寨	(jiǎn pǔ zhài)
梘	(jiǎn)
剪	(jiǎn)
剪報	(jiǎn bào)
剪裁	(jiǎn cái)
剪彩	(jiǎn cǎi)
剪綵	(jiǎn cǎi)
剪草除根	(jiǎn cǎo chú gēn)
剪草機	(jiǎn cǎo jī)
剪成	(jiǎn chéng)
剪除	(jiǎn chú)
剪刀	(jiǎn dāo)
剪刀差	(jiǎn dāo chā)
剪刀石頭布	(jiǎn dāo shí tou bù)
剪刀手	(jiǎn dāo shǒu)
剪掉	(jiǎn diào)
剪斷	(jiǎn duàn)
剪輯	(jiǎn jí)
剪接	(jiǎn jiē)
剪接體	(jiǎn jiē tǐ)
剪徑	(jiǎn jìng)
剪力	(jiǎn lì)
剪片	(jiǎn piàn)
剪切	(jiǎn qiē)
剪切板	(jiǎn qiē bǎn)
剪切力	(jiǎn qiē lì)
剪切形變	(jiǎn qiē xíng biàn)
剪貼板	(jiǎn tiē bǎn)
剪貼簿	(jiǎn tiē bù)
剪頭	(jiǎn tóu)
剪頭髮	(jiǎn tóu fa)
剪影	(jiǎn yǐng)
剪映	(jiǎn yìng)
剪應力	(jiǎn yìng lì)
剪枝	(jiǎn zhī)
剪紙	(jiǎn zhǐ)
剪子	(jiǎn zi)
剪嘴鷗	(jiǎn zuǐ ōu)
揀	(jiǎn)
揀佛燒香	(jiǎn fó shāo xiāng)
揀起	(jiǎn qǐ)
揀信室	(jiǎn xìn shì)
揀選	(jiǎn xuǎn)
揀飲擇食	(jiǎn yǐn zé shí)
揀擇	(jiǎn zé)
堿	(jiǎn)
暕	(jiǎn)
戩	(jiǎn)
儉	(jiǎn)
儉薄	(jiǎn bó)
儉腹	(jiǎn fù)
儉樸	(jiǎn pǔ)
儉省	(jiǎn shěng)
儉素	(jiǎn sù)
儉學	(jiǎn xué)
儉以養廉	(jiǎn yǐ yǎng lián)
儉用	(jiǎn yòng)
儉約	(jiǎn yuē)
撿	(jiǎn)
撿到籃裡就是菜	(jiǎn dào lán lǐ jiù shì cài)
撿骨	(jiǎn gǔ)
撿了芝麻丟了西瓜	(jiǎn le zhī ma diū le xī guā)
撿漏	(jiǎn lòu)
撿屍	(jiǎn shī)
撿拾	(jiǎn shí)
檢	(jiǎn)
檢波	(jiǎn bō)
檢測	(jiǎn cè)
檢測器	(jiǎn cè qì)
檢測儀	(jiǎn cè yí)
檢查	(jiǎn chá)
檢查哨	(jiǎn chá shào)
檢查員	(jiǎn chá yuán)
檢查站	(jiǎn chá zhàn)
檢察	(jiǎn chá)
檢察官	(jiǎn chá guān)
檢察院	(jiǎn chá yuàn)
檢察總長	(jiǎn chá zǒng zhǎng)
檢出	(jiǎn chū)
檢點	(jiǎn diǎn)
檢定	(jiǎn dìng)
檢毒盒	(jiǎn dú hé)
檢毒箱	(jiǎn dú xiāng)
檢方	(jiǎn fāng)
檢警調	(jiǎn jǐng diào)
檢舉	(jiǎn jǔ)
檢控	(jiǎn kòng)
檢控方	(jiǎn kòng fāng)
檢控官	(jiǎn kòng guān)
檢漏	(jiǎn lòu)
檢錄	(jiǎn lù)
檢票	(jiǎn piào)
檢屍	(jiǎn shī)
檢視	(jiǎn shì)
檢束	(jiǎn shù)
檢索	(jiǎn suǒ)
檢討	(jiǎn tǎo)
檢校	(jiǎn jiào)
檢修	(jiǎn xiū)
檢眼鏡	(jiǎn yǎn jìng)
檢驗	(jiǎn yàn)
檢驗醫學	(jiǎn yàn yī xué)
檢疫	(jiǎn yì)
檢閱	(jiǎn yuè)
檢孕棒	(jiǎn yùn bàng)
檢證	(jiǎn zhèng)
檢字表	(jiǎn zì biǎo)
檢字法	(jiǎn zì fǎ)
件	(jiàn)
件數	(jiàn shù)
建	(jiàn)
建安	(jiàn ān)
建安區	(jiàn ān qū)
建白	(jiàn bái)
建材	(jiàn cái)
建昌縣	(jiàn chāng xiàn)
建成	(jiàn chéng)
建成區	(jiàn chéng qū)
建檔	(jiàn dàng)
建黨	(jiàn dǎng)
建黨節	(jiàn dǎng jié)
建德市	(jiàn dé shì)
建都	(jiàn dū)
建功立業	(jiàn gōng lì yè)
建構	(jiàn gòu)
建國	(jiàn guó)
建湖縣	(jiàn hú xiàn)
建華區	(jiàn huá qū)
建基	(jiàn jī)
建交	(jiàn jiāo)
建教合作	(jiàn jiào hé zuò)
建軍節	(jiàn jūn jié)
建康	(jiàn kāng)
建立	(jiàn lì)
建立時間	(jiàn lì shí jiān)
建立者	(jiàn lì zhě)
建模	(jiàn mó)
建寧縣	(jiàn níng xiàn)
建甌市	(jiàn ōu shì)
建平縣	(jiàn píng xiàn)
建三江	(jiàn sān jiāng)
建商	(jiàn shāng)
建設	(jiàn shè)
建設性	(jiàn shè xìng)
建始縣	(jiàn shǐ xiàn)
建樹	(jiàn shù)
建水縣	(jiàn shuǐ xiàn)
建屋互助會	(jiàn wū hù zhù huì)
建物	(jiàn wù)
建行	(jiàn háng)
建言	(jiàn yán)
建陽區	(jiàn yáng qū)
建業	(jiàn yè)
建鄴區	(jiàn yè qū)
建議	(jiàn yì)
建議售價	(jiàn yì shòu jià)
建造	(jiàn zào)
建造師	(jiàn zào shī)
建政	(jiàn zhèng)
建制	(jiàn zhì)
建置	(jiàn zhì)
建築	(jiàn zhù)
建築工人	(jiàn zhù gōng rén)
建築群	(jiàn zhù qún)
建築師	(jiàn zhù shī)
建築物	(jiàn zhù wù)
建築學	(jiàn zhù xué)
建築業	(jiàn zhù yè)
栫	(jiàn)
俴	(jiàn)
健	(jiàn)
健保	(jiàn bǎo)
健步如飛	(jiàn bù rú fēi)
健兒	(jiàn ér)
健檢	(jiàn jiǎn)
健將	(jiàn jiàng)
健康	(jiàn kāng)
健康保險	(jiàn kāng bǎo xiǎn)
健康食品	(jiàn kāng shí pǐn)
健康受損	(jiàn kāng shòu sǔn)
健康狀況	(jiàn kāng zhuàng kuàng)
健力	(jiàn lì)
健美	(jiàn měi)
健美操	(jiàn měi cāo)
健美運動	(jiàn měi yùn dòng)
健全	(jiàn quán)
健身	(jiàn shēn)
健身房	(jiàn shēn fáng)
健身館	(jiàn shēn guǎn)
健身室	(jiàn shēn shì)
健碩	(jiàn shuò)
健談	(jiàn tán)
健忘	(jiàn wàng)
健忘症	(jiàn wàng zhèng)
健旺	(jiàn wàng)
健慰器	(jiàn wèi qì)
健行	(jiàn xíng)
健怡	(jiàn yí)
健怡可樂	(jiàn yí kě lè)
健友	(jiàn yǒu)
健在	(jiàn zài)
健診	(jiàn zhěn)
健壯	(jiàn zhuàng)
健走	(jiàn zǒu)
揵	(qián)
楗	(jiàn)
僭	(jiàn)
僭稱	(jiàn chēng)
僭越	(jiàn yuè)
僭主	(jiàn zhǔ)
僭主政治	(jiàn zhǔ zhèng zhì)
劍	(jiàn)
劍拔弩張	(jiàn bá nǔ zhāng)
劍標	(jiàn biāo)
劍柄	(jiàn bǐng)
劍齒虎	(jiàn chǐ hǔ)
劍川縣	(jiàn chuān xiàn)
劍道	(jiàn dào)
劍法	(jiàn fǎ)
劍閣縣	(jiàn gé xiàn)
劍河縣	(jiàn hé xiàn)
劍鴴	(jiàn héng)
劍尖	(jiàn jiān)
劍客	(jiàn kè)
劍龍	(jiàn lóng)
劍麻	(jiàn má)
劍眉星目	(jiàn méi xīng mù)
劍橋	(jiàn qiáo)
劍橋大學	(jiàn qiáo dà xué)
劍身	(jiàn shēn)
劍術	(jiàn shù)
劍魚	(jiàn yú)
劍魚座	(jiàn yú zuò)
劍指	(jiàn zhǐ)
劍走偏鋒	(jiàn zǒu piān fēng)
劍走蜻蛉	(jiàn zǒu qīng líng)
劍嘴鶥	(jiàn zuǐ méi)
㵎	(jiàn)
劒	(jiàn)
姜	(jiāng)
姜戎	(jiāng róng)
姜石年	(jiāng shí nián)
姜太公	(jiāng tài gōng)
姜太公釣魚，願者上鉤	(jiāng tài gōng diào yú , yuàn zhě shàng gōu)
姜文	(jiāng wén)
姜堰區	(jiāng yàn qū)
姜子牙	(jiāng zǐ yá)
將	(jiāng)
將伯	(qiāng bó)
將伯之助	(qiāng bó zhī zhù)
將才	(jiàng cái)
將錯就錯	(jiāng cuò jiù cuò)
將功補過	(jiāng gōng bǔ guò)
將功贖罪	(jiāng gōng shú zuì)
將官	(jiàng guān)
將會	(jiāng huì)
將計就計	(jiāng jì jiù jì)
將今論古	(jiāng jīn lùn gǔ)
將近	(jiāng jìn)
將就	(jiāng jiu)
將軍	(jiāng jūn)
將軍肚	(jiāng jūn dù)
將軍肚子	(jiāng jūn dù zi)
將來	(jiāng lái)
將領	(jiàng lǐng)
將令	(jiàng lìng)
將牌	(jiàng pái)
將棋	(jiàng qí)
將勤補拙	(jiāng qín bǔ zhuō)
將士	(jiàng shì)
將帥	(jiàng shuài)
將死	(jiāng sǐ)
將息	(jiāng xī)
將心比心	(jiāng xīn bǐ xīn)
將要	(jiāng yào)
將樂縣	(jiāng lè xiàn)
將至	(jiāng zhì)
僵	(jiāng)
僵持	(jiāng chí)
僵固性	(jiāng gù xìng)
僵化	(jiāng huà)
僵局	(jiāng jú)
僵屍車	(jiāng shī chē)
僵屍網絡	(jiāng shī wǎng luò)
僵臥	(jiāng wò)
僵硬	(jiāng yìng)
僵直	(jiāng zhí)
僵住	(jiāng zhù)
僵住症	(jiāng zhù zhèng)
彊	(jiàng)
橿	(jiāng)
殭	(jiāng)
殭屍	(jiāng shī)
殭屍粉	(jiāng shī fěn)
奬	(jiǎng)
槳	(jiǎng)
槳板	(jiǎng bǎn)
槳手	(jiǎng shǒu)
匞	(jiàng)
匠	(jiàng)
匠心	(jiàng xīn)
匠心獨運	(jiàng xīn dú yùn)
夅	(jiàng)
弶	(jiàng)
交	(jiāo)
交安	(jiāo ān)
交拜	(jiāo bài)
交班	(jiāo bān)
交辦	(jiāo bàn)
交保	(jiāo bǎo)
交保釋放	(jiāo bǎo shì fàng)
交杯酒	(jiāo bēi jiǔ)
交臂	(jiāo bì)
交臂失之	(jiāo bì shī zhī)
交變	(jiāo biàn)
交變電流	(jiāo biàn diàn liú)
交兵	(jiāo bīng)
交併	(jiāo bìng)
交叉	(jiāo chā)
交叉編譯器	(jiāo chā biān yì qì)
交叉點	(jiāo chā diǎn)
交叉感染	(jiāo chā gǎn rǎn)
交叉火力	(jiāo chā huǒ lì)
交叉口	(jiāo chā kǒu)
交叉耐藥性	(jiāo chā nài yào xìng)
交叉熵	(jiāo chā shāng)
交叉學科	(jiāo chā xué kē)
交叉陰影線	(jiāo chā yīn yǐng xiàn)
交叉引用	(jiāo chā yǐn yòng)
交叉運球	(jiāo chā yùn qiú)
交差	(jiāo chāi)
交纏	(jiāo chán)
交城縣	(jiāo chéng xiàn)
交馳	(jiāo chí)
交出	(jiāo chū)
交錯	(jiāo cuò)
交大	(jiāo dà)
交代	(jiāo dài)
交待	(jiāo dài)
交底	(jiāo dǐ)
交點	(jiāo diǎn)
交惡	(jiāo wù)
交費	(jiāo fèi)
交鋒	(jiāo fēng)
交付	(jiāo fù)
交感神經	(jiāo gǎn shén jīng)
交割	(jiāo gē)
交給	(jiāo gěi)
交媾	(jiāo gòu)
交骨	(jiāo gǔ)
交管	(jiāo guǎn)
交管所	(jiāo guǎn suǒ)
交規	(jiāo guī)
交還	(jiāo huán)
交好	(jiāo hǎo)
交合	(jiāo hé)
交互	(jiāo hù)
交歡	(jiāo huān)
交換	(jiāo huàn)
交換代數	(jiāo huàn dài shù)
交換代數學	(jiāo huàn dài shù xué)
交換機	(jiāo huàn jī)
交換價值	(jiāo huàn jià zhí)
交換律	(jiāo huàn lǜ)
交換碼	(jiāo huàn mǎ)
交換器	(jiāo huàn qì)
交換生	(jiāo huàn shēng)
交換網路	(jiāo huàn wǎng lù)
交換虛電路	(jiāo huàn xū diàn lù)
交換以太網絡	(jiāo huàn yǐ tài wǎng luò)
交匯	(jiāo huì)
交匯處	(jiāo huì chù)
交會	(jiāo huì)
交彙	(jiāo huì)
交火	(jiāo huǒ)
交貨	(jiāo huò)
交貨期	(jiāo huò qī)
交集	(jiāo jí)
交際	(jiāo jì)
交際花	(jiāo jì huā)
交際舞	(jiāo jì wǔ)
交加	(jiāo jiā)
交角	(jiāo jiǎo)
交接	(jiāo jiē)
交接班	(jiāo jiē bān)
交結	(jiāo jié)
交睫	(jiāo jié)
交界	(jiāo jiè)
交警	(jiāo jǐng)
交九	(jiāo jiǔ)
交卷	(jiāo juàn)
交口稱譽	(jiāo kǒu chēng yù)
交口縣	(jiāo kǒu xiàn)
交款單	(jiāo kuǎn dān)
交困	(jiāo kùn)
交糧本	(jiāo liáng běn)
交流	(jiāo liú)
交流道	(jiāo liú dào)
交流電	(jiāo liú diàn)
交納	(jiāo nà)
交配	(jiāo pèi)
交朋友	(jiāo péng you)
交迫	(jiāo pò)
交契	(jiāo qì)
交錢	(jiāo qián)
交淺言深	(jiāo qiǎn yán shēn)
交強險	(jiāo qiáng xiǎn)
交情	(jiāo qing)
交情匪淺	(jiāo qíng fěi qiǎn)
交融	(jiāo róng)
交涉	(jiāo shè)
交手	(jiāo shǒu)
交售	(jiāo shòu)
交談	(jiāo tán)
交替	(jiāo tì)
交通	(jiāo tōng)
交通標誌	(jiāo tōng biāo zhì)
交通部	(jiāo tōng bù)
交通車	(jiāo tōng chē)
交通大學	(jiāo tōng dà xué)
交通燈	(jiāo tōng dēng)
交通堵塞	(jiāo tōng dǔ sè)
交通費	(jiāo tōng fèi)
交通工具	(jiāo tōng gōng jù)
交通管理局	(jiāo tōng guǎn lǐ jú)
交通規則	(jiāo tōng guī zé)
交通警察	(jiāo tōng jǐng chá)
交通警衛	(jiāo tōng jǐng wèi)
交通卡	(jiāo tōng kǎ)
交通立體化	(jiāo tōng lì tǐ huà)
交通樞紐	(jiāo tōng shū niǔ)
交通協管員	(jiāo tōng xié guǎn yuán)
交通意外	(jiāo tōng yì wài)
交通銀行	(jiāo tōng yín háng)
交通擁擠	(jiāo tōng yōng jǐ)
交通運輸部	(jiāo tōng yùn shū bù)
交通肇事罪	(jiāo tōng zhào shì zuì)
交通錐	(jiāo tōng zhuī)
交通阻塞	(jiāo tōng zǔ sè)
交頭接耳	(jiāo tóu jiē ěr)
交托	(jiāo tuō)
交往	(jiāo wǎng)
交尾	(jiāo wěi)
交響	(jiāo xiǎng)
交響金屬	(jiāo xiǎng jīn shǔ)
交響曲	(jiāo xiǎng qǔ)
交響樂	(jiāo xiǎng yuè)
交響樂隊	(jiāo xiǎng yuè duì)
交響樂團	(jiāo xiǎng yuè tuán)
交卸	(jiāo xiè)
交心	(jiāo xīn)
交椅	(jiāo yǐ)
交易	(jiāo yì)
交易額	(jiāo yì é)
交易會	(jiāo yì huì)
交易日	(jiāo yì rì)
交易市場	(jiāo yì shì chǎng)
交易所	(jiāo yì suǒ)
交易所交易基金	(jiāo yì suǒ jiāo yì jī jīn)
交易員	(jiāo yì yuán)
交易者	(jiāo yì zhě)
交誼	(jiāo yì)
交誼舞	(jiāo yì wǔ)
交由	(jiāo yóu)
交遊	(jiāo yóu)
交友	(jiāo yǒu)
交與	(jiāo yǔ)
交運	(jiāo yùn)
交戰	(jiāo zhàn)
交帳	(jiāo zhàng)
交織	(jiāo zhī)
交趾	(jiāo zhǐ)
姣	(jiāo)
姣好	(jiāo hǎo)
敎	(jiào)
椒	(jiāo)
椒江區	(jiāo jiāng qū)
椒鹽	(jiāo yán)
椒子	(jiāo zi)
僬	(jiāo)
僬僬	(jiāo jiāo)
僬僥	(jiāo yáo)
憍	(jiāo)
嬌	(jiāo)
嬌嗔	(jiāo chēn)
嬌痴	(jiāo chī)
嬌寵	(jiāo chǒng)
嬌喘	(jiāo chuǎn)
嬌翠	(jiāo cuì)
嬌滴滴	(jiāo dī dī)
嬌惰	(jiāo duò)
嬌兒	(jiāo ér)
嬌慣	(jiāo guàn)
嬌貴	(jiāo guì)
嬌紅	(jiāo hóng)
嬌黃	(jiāo huáng)
嬌嬌女	(jiāo jiāo nǚ)
嬌美	(jiāo měi)
嬌媚	(jiāo mèi)
嬌嫩	(jiāo nen)
嬌妻	(jiāo qī)
嬌氣	(jiāo qì)
嬌弱	(jiāo ruò)
嬌生慣養	(jiāo shēng guàn yǎng)
嬌態	(jiāo tài)
嬌小	(jiāo xiǎo)
嬌羞	(jiāo xiū)
嬌豔	(jiāo yàn)
嬌縱	(jiāo zòng)
佼	(jiǎo)
佼佼者	(jiǎo jiǎo zhě)
恔	(xiào)
敫	(jiǎo)
剿	(jiǎo)
剿匪	(jiǎo fěi)
剿滅	(jiǎo miè)
剿說	(chāo shuō)
剿襲	(chāo xí)
勦	(chāo)
摷	(jiǎo)
暞	(jiǎo)
僥	(jiǎo)
僥倖	(jiǎo xìng)
僥倖心理	(jiǎo xìng xīn lǐ)
撟	(jiǎo)
儌	(jiǎo)
敽	(jiǎo)
敿	(jiǎo)
徼	(jiào)
徼幸	(jiǎo xìng)
徼倖	(jiǎo xìng)
曒	(jiǎo)
攪	(jiǎo)
攪拌	(jiǎo bàn)
攪拌機	(jiǎo bàn jī)
攪打	(jiǎo dǎ)
攪動	(jiǎo dòng)
攪和	(jiǎo huo)
攪混	(jiǎo hun)
攪局	(jiǎo jú)
攪亂	(jiǎo luàn)
攪擾	(jiǎo rǎo)
攪屎棍	(jiǎo shǐ gùn)
攪珠機	(jiǎo zhū jī)
叫	(jiào)
叫板	(jiào bǎn)
叫車	(jiào chē)
叫床	(jiào chuáng)
叫春	(jiào chūn)
叫道	(jiào dào)
叫法	(jiào fǎ)
叫喊	(jiào hǎn)
叫好	(jiào hǎo)
叫花子	(jiào huā zi)
叫化子	(jiào huā zi)
叫喚	(jiào huan)
叫雞	(jiào jī)
叫苦	(jiào kǔ)
叫苦不迭	(jiào kǔ bu dié)
叫苦連天	(jiào kǔ lián tiān)
叫驢	(jiào lǘ)
叫賣	(jiào mài)
叫牌	(jiào pái)
叫屈	(jiào qū)
叫嚷	(jiào rǎng)
叫聲	(jiào shēng)
叫停	(jiào tíng)
叫響	(jiào xiǎng)
叫囂	(jiào xiāo)
叫醒	(jiào xǐng)
叫醒服務	(jiào xǐng fú wù)
叫早	(jiào zǎo)
叫陣	(jiào zhèn)
叫作	(jiào zuò)
叫做	(jiào zuò)
呌	(jiào)
挍	(jiào)
教	(jiào)
教安	(jiào ān)
教案	(jiào àn)
教本	(jiào běn)
教鞭	(jiào biān)
教材	(jiào cái)
教長	(jiào zhǎng)
教程	(jiào chéng)
教導	(jiào dǎo)
教法	(jiào fǎ)
教輔	(jiào fǔ)
教父	(jiào fù)
教改	(jiào gǎi)
教官	(jiào guān)
教規	(jiào guī)
教化	(jiào huà)
教壞	(jiāo huài)
教皇	(jiào huáng)
教會	(jiāo huì)
教誨	(jiào huì)
教具	(jiào jù)
教科書	(jiào kē shū)
教科書式	(jiào kē shū shì)
教科文組織	(jiào kē wén zǔ zhī)
教課	(jiāo kè)
教理	(jiào lǐ)
教練	(jiào liàn)
教練機	(jiào liàn jī)
教練員	(jiào liàn yuán)
教齡	(jiào líng)
教民	(jiào mín)
教母	(jiào mǔ)
教派	(jiào pài)
教區	(jiào qū)
教權	(jiào quán)
教師	(jiào shī)
教師節	(jiào shī jié)
教師爺	(jiào shī yé)
教士	(jiào shì)
教室	(jiào shì)
教授	(jiào shòu)
教書	(jiāo shū)
教書匠	(jiāo shū jiàng)
教唆	(jiào suō)
教堂	(jiào táng)
教堂墓地	(jiào táng mù dì)
教堂山	(jiào táng shān)
教條	(jiào tiáo)
教條主義	(jiào tiáo zhǔ yì)
教廷	(jiào tíng)
教廷大使	(jiào tíng dà shǐ)
教頭	(jiào tóu)
教徒	(jiào tú)
教務	(jiào wù)
教務長	(jiào wù zhǎng)
教務室	(jiào wù shì)
教學	(jiào xué)
教學大綱	(jiào xué dà gāng)
教學法	(jiào xué fǎ)
教學機構	(jiào xué jī gòu)
教學樓	(jiào xué lóu)
教學軟體	(jiào xué ruǎn tǐ)
教學相長	(jiào xué xiāng zhǎng)
教訓	(jiào xun)
教研	(jiào yán)
教研室	(jiào yán shì)
教養	(jiào yǎng)
教儀	(jiào yí)
教義	(jiào yì)
教義和聖約	(jiào yì hé shèng yuē)
教友	(jiào yǒu)
教友大會	(jiào yǒu dà huì)
教友派	(jiào yǒu pài)
教育	(jiào yù)
教育背景	(jiào yù bèi jǐng)
教育部	(jiào yù bù)
教育部長	(jiào yù bù zhǎng)
教育電視	(jiào yù diàn shì)
教育工作者	(jiào yù gōng zuò zhě)
教育家	(jiào yù jiā)
教育界	(jiào yù jiè)
教育廳	(jiào yù tīng)
教育委員會	(jiào yù wěi yuán huì)
教育性	(jiào yù xìng)
教育學	(jiào yù xué)
教員	(jiào yuán)
教職工	(jiào zhí gōng)
教職員	(jiào zhí yuán)
教職員工	(jiào zhí yuán gōng)
教眾	(jiào zhòng)
教主	(jiào zhǔ)
教子	(jiào zǐ)
教宗	(jiào zōng)
教宗座駕	(jiào zōng zuò jià)
斠	(jiào)
嘂	(jiào)
嘦	(jiào)
噍	(jiào)
噍類	(jiào lèi)
噭	(jiào)
接	(jiē)
接案	(jiē àn)
接班	(jiē bān)
接班人	(jiē bān rén)
接棒	(jiē bàng)
接棒人	(jiē bàng rén)
接駁	(jiē bó)
接駁車	(jiē bó chē)
接茬	(jiē chá)
接碴	(jiē chá)
接觸	(jiē chù)
接觸不良	(jiē chù bù liáng)
接觸器	(jiē chù qì)
接待	(jiē dài)
接待室	(jiē dài shì)
接待員	(jiē dài yuán)
接單	(jiē dān)
接到	(jiē dào)
接地	(jiē dì)
接地氣	(jiē dì qì)
接點	(jiē diǎn)
接二連三	(jiē èr lián sān)
接髮	(jiē fà)
接風	(jiē fēng)
接縫	(jiē fèng)
接骨	(jiē gǔ)
接骨木	(jiē gǔ mù)
接管	(jiē guǎn)
接軌	(jiē guǐ)
接過	(jiē guò)
接合	(jiē hé)
接合菌綱	(jiē hé jūn gāng)
接活	(jiē huó)
接獲	(jiē huò)
接機	(jiē jī)
接濟	(jiē jì)
接見	(jiē jiàn)
接近	(jiē jìn)
接警	(jiē jǐng)
接客	(jiē kè)
接口	(jiē kǒu)
接力	(jiē lì)
接力棒	(jiē lì bàng)
接力賽	(jiē lì sài)
接力賽跑	(jiē lì sài pǎo)
接連	(jiē lián)
接連不斷	(jiē lián bù duàn)
接龍	(jiē lóng)
接納	(jiē nà)
接盤	(jiē pán)
接泊車	(jiē bó chē)
接洽	(jiē qià)
接球	(jiē qiú)
接壤	(jiē rǎng)
接人	(jiē rén)
接任	(jiē rèn)
接入	(jiē rù)
接入點	(jiē rù diǎn)
接上	(jiē shàng)
接生	(jiē shēng)
接生婆	(jiē shēng pó)
接收	(jiē shōu)
接收機	(jiē shōu jī)
接收器	(jiē shōu qì)
接手	(jiē shǒu)
接受	(jiē shòu)
接受者	(jiē shòu zhě)
接送	(jiē sòng)
接穗	(jiē suì)
接替	(jiē tì)
接聽	(jiē tīng)
接通	(jiē tōng)
接通費	(jiē tōng fèi)
接頭	(jiē tóu)
接尾詞	(jiē wěi cí)
接吻	(jiē wěn)
接戲	(jiē xì)
接下	(jiē xià)
接下來	(jiē xià lái)
接線	(jiē xiàn)
接線板	(jiē xiàn bǎn)
接線盒	(jiē xiàn hé)
接線生	(jiē xiàn shēng)
接線員	(jiē xiàn yuán)
接續	(jiē xù)
接引	(jiē yǐn)
接應	(jiē yìng)
接戰	(jiē zhàn)
接掌	(jiē zhǎng)
接枝	(jiē zhī)
接種	(jiē zhòng)
接踵	(jiē zhǒng)
接踵而來	(jiē zhǒng ér lái)
接住	(jiē zhù)
接著	(jiē zhe)
堦	(jiē)
揭	(jiē)
揭不開鍋	(jiē bù kāi guō)
揭穿	(jiē chuān)
揭底	(jiē dǐ)
揭諦	(jiē dì)
揭東區	(jiē dōng qū)
揭短	(jiē duǎn)
揭發	(jiē fā)
揭黑	(jiē hēi)
揭舉	(jiē jǔ)
揭開	(jiē kāi)
揭露	(jiē lù)
揭秘	(jiē mì)
揭密	(jiē mì)
揭幕	(jiē mù)
揭幕式	(jiē mù shì)
揭幕戰	(jiē mù zhàn)
揭牌	(jiē pái)
揭批	(jiē pī)
揭破	(jiē pò)
揭示	(jiē shì)
揭西縣	(jiē xī xiàn)
揭曉	(jiē xiǎo)
揭陽市	(jiē yáng shì)
揭載	(jiē zǎi)
揭櫫	(jiē zhū)
椄	(jiē)
喈	(jiē)
喼	(jié)
喼汁	(jié zhī)
嗟	(jiē)
嚌	(jì)
孑	(jié)
孑孑	(jié jié)
孑孑為義	(jié jié wéi yì)
孑孓	(jié jué)
孑立	(jié lì)
孑立無依	(jié lì wú yī)
孑然	(jié rán)
孑然一身	(jié rán yī shēn)
孑身	(jié shēn)
孑遺	(jié yí)
孑遺生物	(jié yí shēng wù)
孑影孤單	(jié yǐng gū dān)
卪	(jié)
尐	(jié)
刦	(jié)
刧	(jié)
劫	(jié)
劫波	(jié bō)
劫車	(jié chē)
劫持	(jié chí)
劫持者	(jié chí zhě)
劫道	(jié dào)
劫奪	(jié duó)
劫匪	(jié fěi)
劫富濟貧	(jié fù jì pín)
劫後餘生	(jié hòu yú shēng)
劫機	(jié jī)
劫掠	(jié lüè)
劫難	(jié nàn)
劫囚	(jié qiú)
劫色	(jié sè)
劫殺	(jié shā)
劫數	(jié shù)
劫數難逃	(jié shù nán táo)
劫洗	(jié xǐ)
劫營	(jié yíng)
劫餘	(jié yú)
劫獄	(jié yù)
劫寨	(jié zhài)
岊	(jié)
劼	(jié)
刼	(jié)
杰	(jié)
㛃	(jié)
拮	(jié)
拮据	(jié jū)
桀	(jié)
桀驁不馴	(jié ào bù xùn)
桀驁不遜	(jié ào bù xùn)
桀貪驁詐	(jié tān ào zhà)
桀王	(jié wáng)
捷	(jié)
捷安特	(jié ān tè)
捷豹	(jié bào)
捷報	(jié bào)
捷報頻傳	(jié bào pín chuán)
捷達	(jié dá)
捷爾梅茲	(jié ěr méi zī)
捷爾任斯克	(jié ěr rèn sī kè)
捷徑	(jié jìng)
捷克	(jié kè)
捷克共和國	(jié kè gòng hé guó)
捷克人	(jié kè rén)
捷克斯洛伐克	(jié kè sī luò fá kè)
捷克語	(jié kè yǔ)
捷兔	(jié tù)
捷泳	(jié yǒng)
捷語	(jié yǔ)
捷運	(jié yùn)
捷足先登	(jié zú xiān dēng)
婕	(jié)
婕妤	(jié yú)
㨗	(jié)
䂶	(jié)
傑	(jié)
傑出	(jié chū)
傑斐遜城	(jié fěi xùn chéng)
傑夫	(jié fū)
傑夫·金尼	(jié fū · jīn ní)
傑弗里·喬叟	(jié fú lǐ · qiáo sǒu)
傑弗遜	(jié fú xùn)
傑佛茲	(jié fó zī)
傑克	(jié kè)
傑克·倫敦	(jié kè · lún dūn)
傑克森	(jié kè sēn)
傑克遜	(jié kè xùn)
傑奎琳	(jié kuí lín)
傑奎琳·肯尼迪	(jié kuí lín · kěn ní dí)
傑拉	(jié lā)
傑拉德	(jié lā dé)
傑里科	(jié lǐ kē)
傑里米	(jié lǐ mǐ)
傑利蠑螈	(jié lì róng yuán)
傑米	(jié mǐ)
傑瑞	(jié ruì)
傑瑞·宋飛	(jié ruì · sòng fēi)
傑士派	(jié shì pài)
傑西	(jié xī)
傑西·歐文斯	(jié xī · ōu wén sī)
傑西卡	(jié xī kǎ)
傑西卡·艾爾芭	(jié xī kǎ · ài ěr bā)
傑伊漢港	(jié yī hàn gǎng)
傑作	(jié zuò)
楬	(jié)
截	(jié)
截長補短	(jié cháng bǔ duǎn)
截斷	(jié duàn)
截奪	(jié duó)
截稿	(jié gǎo)
截獲	(jié huò)
截擊	(jié jī)
截距	(jié jù)
截面	(jié miàn)
截屏	(jié píng)
截取	(jié qǔ)
截拳道	(jié quán dào)
截然	(jié rán)
截然不同	(jié rán bù tóng)
截塔	(jié tǎ)
截癱	(jié tān)
截停	(jié tíng)
截圖	(jié tú)
截尾	(jié wěi)
截線	(jié xiàn)
截肢	(jié zhī)
截止	(jié zhǐ)
截止到	(jié zhǐ dào)
截止期限	(jié zhǐ qī xiàn)
截止日	(jié zhǐ rì)
截止至	(jié zhǐ zhì)
截至	(jié zhì)
榤	(jié)
幯	(jié)
姐	(jiě)
姐弟戀	(jiě dì liàn)
姐夫	(jiě fu)
姐姐	(jiě jie)
姐倆	(jiě liǎ)
姐妹	(jiě mèi)
姐妹花	(jiě mèi huā)
姐們	(jiě men)
姐們兒	(jiě men r)
姐丈	(jiě zhàng)
毑	(jiě)
介	(jiè)
介詞	(jiè cí)
介導	(jiè dǎo)
介蒂	(jiè dì)
介電常數	(jiè diàn cháng shù)
介乎	(jiè hū)
介懷	(jiè huái)
介面	(jiè miàn)
介殼	(jiè qiào)
介入	(jiè rù)
介紹	(jiè shào)
介紹信	(jiè shào xìn)
介係詞	(jiè xì cí)
介休市	(jiè xiū shì)
介意	(jiè yì)
介於	(jiè yú)
介之推	(jiè zhī tuī)
介值定理	(jiè zhí dìng lǐ)
介質	(jiè zhì)
介質訪問控制	(jiè zhì fǎng wèn kòng zhì)
介質訪問控制層	(jiè zhì fǎng wèn kòng zhì céng)
介胄	(jiè zhòu)
介子	(jiè zǐ)
戒	(jiè)
戒備	(jiè bèi)
戒備森嚴	(jiè bèi sēn yán)
戒除	(jiè chú)
戒刀	(jiè dāo)
戒牒	(jiè dié)
戒毒	(jiè dú)
戒毒所	(jiè dú suǒ)
戒斷	(jiè duàn)
戒規	(jiè guī)
戒忌	(jiè jì)
戒驕戒躁	(jiè jiāo jiè zào)
戒酒	(jiè jiǔ)
戒懼	(jiè jù)
戒絕	(jiè jué)
戒律	(jiè lǜ)
戒命	(jiè mìng)
戒奢崇儉	(jiè shē chóng jiǎn)
戒慎	(jiè shèn)
戒壇	(jiè tán)
戒條	(jiè tiáo)
戒心	(jiè xīn)
戒行	(jiè xíng)
戒煙	(jiè yān)
戒嚴	(jiè yán)
戒嚴令	(jiè yán lìng)
戒嚴區	(jiè yán qū)
戒指	(jiè zhi)
戒治所	(jiè zhì suǒ)
戒子	(jiè zi)
屆	(jiè)
屆滿	(jiè mǎn)
屆時	(jiè shí)
借	(jiè)
借出	(jiè chū)
借詞	(jiè cí)
借代	(jiè dài)
借貸	(jiè dài)
借單	(jiè dān)
借單兒	(jiè dān r)
借刀殺人	(jiè dāo shā rén)
借調	(jiè diào)
借東風	(jiè dōng fēng)
借讀	(jiè dú)
借端	(jiè duān)
借方	(jiè fāng)
借方差額	(jiè fāng chā é)
借腹生子	(jiè fù shēng zǐ)
借給	(jiè gěi)
借古諷今	(jiè gǔ fěng jīn)
借古喻今	(jiè gǔ yù jīn)
借故	(jiè gù)
借光	(jiè guāng)
借過	(jiè guò)
借花獻佛	(jiè huā xiàn fó)
借火	(jiè huǒ)
借機	(jiè jī)
借記	(jiè jì)
借記卡	(jiè jì kǎ)
借鑒	(jiè jiàn)
借鏡	(jiè jìng)
借酒澆愁	(jiè jiǔ jiāo chóu)
借據	(jiè jù)
借口	(jiè kǒu)
借款	(jiè kuǎn)
借款人	(jiè kuǎn rén)
借命	(jiè mìng)
借契	(jiè qì)
借錢	(jiè qián)
借殼	(jiè ké)
借取	(jiè qǔ)
借入方	(jiè rù fāng)
借屍還魂	(jiè shī huán hún)
借勢	(jiè shì)
借書單	(jiè shū dān)
借書證	(jiè shū zhèng)
借宿	(jiè sù)
借題發揮	(jiè tí fā huī)
借條	(jiè tiáo)
借問	(jiè wèn)
借一步	(jiè yī bù)
借以	(jiè yǐ)
借譯	(jiè yì)
借譯詞	(jiè yì cí)
借用	(jiè yòng)
借喻	(jiè yù)
借閱	(jiè yuè)
借債	(jiè zhài)
借債人	(jiè zhài rén)
借賬	(jiè zhàng)
借支	(jiè zhī)
借指	(jiè zhǐ)
借重	(jiè zhòng)
借助	(jiè zhù)
借住	(jiè zhù)
借箸	(jiè zhù)
借字兒	(jiè zì r)
巾	(jīn)
巾幗	(jīn guó)
巾幗鬚眉	(jīn guó xū méi)
斤	(jīn)
斤斗	(jīn dǒu)
斤斤計較	(jīn jīn jì jiào)
斤兩	(jīn liǎng)
今	(jīn)
今不如昔	(jīn bù rú xī)
今朝	(jīn zhāo)
今朝有酒今朝醉	(jīn zhāo yǒu jiǔ jīn zhāo zuì)
今晨	(jīn chén)
今次	(jīn cì)
今村	(jīn cūn)
今兒	(jīn r)
今兒個	(jīn r ge)
今非昔比	(jīn fēi xī bǐ)
今古文	(jīn gǔ wén)
今後	(jīn hòu)
今井	(jīn jǐng)
今年	(jīn nián)
今人	(jīn rén)
今日	(jīn rì)
今日事今日畢	(jīn rì shì jīn rì bì)
今日頭條	(jīn rì tóu tiáo)
今生	(jīn shēng)
今時今日	(jīn shí jīn rì)
今世	(jīn shì)
今歲	(jīn suì)
今體詩	(jīn tǐ shī)
今天	(jīn tiān)
今晚	(jīn wǎn)
今文經	(jīn wén jīng)
今文經學	(jīn wén jīng xué)
今昔	(jīn xī)
今夜	(jīn yè)
今譯	(jīn yì)
今音	(jīn yīn)
今早	(jīn zǎo)
巹	(jǐn)
巹飲	(jǐn yǐn)
堇	(jǐn)
堇菜	(jǐn cài)
堇色	(jǐn sè)
厪	(jǐn)
僅	(jǐn)
僅此而已	(jǐn cǐ ér yǐ)
僅次於	(jǐn cì yú)
僅供	(jǐn gōng)
僅供參考	(jǐn gōng cān kǎo)
僅僅	(jǐn jǐn)
僅作參考	(jǐn zuò cān kǎo)
廑	(jǐn)
槿	(jǐn)
儘	(jǐn)
儘管	(jǐn guǎn)
儘可能	(jǐn kě néng)
儘快	(jǐn kuài)
儘量	(jǐn liàng)
儘數	(jǐn shù)
儘先	(jǐn xiān)
儘早	(jǐn zǎo)
儘自	(jǐn zi)
妗	(jìn)
妗子	(jìn zi)
勁	(jìn)
勁拔	(jìng bá)
勁爆	(jìng bào)
勁草	(jìng cǎo)
勁吹	(jìng chuī)
勁敵	(jìng dí)
勁度係數	(jìn dù xì shù)
勁兒	(jìn r)
勁風	(jìng fēng)
勁急	(jìng jí)
勁力	(jìn lì)
勁烈	(jìng liè)
勁旅	(jìng lǚ)
勁峭	(jìng qiào)
勁射	(jìng shè)
勁挺	(jìng tǐng)
勁頭	(jìn tóu)
勁舞	(jìng wǔ)
勁直	(jìng zhí)
勁卒	(jìng zú)
晉	(jìn)
晉安區	(jìn ān qū)
晉察冀	(jìn chá jì)
晉朝	(jìn cháo)
晉城市	(jìn chéng shì)
晉代	(jìn dài)
晉鐸	(jìn duó)
晉級	(jìn jí)
晉見	(jìn jiàn)
晉江市	(jìn jiāng shì)
晉爵	(jìn jué)
晉寧區	(jìn níng qū)
晉升	(jìn shēng)
晉文公	(jìn wén gōng)
晉縣	(jìn xiàn)
晉源區	(jìn yuán qū)
晉中市	(jìn zhōng shì)
晉州市	(jìn zhōu shì)
搢	(jìn)
寖	(jìn)
墐	(jǐn)
殣	(jìn)
噤	(jìn)
噤若寒蟬	(jìn ruò hán chán)
噤聲	(jìn shēng)
噤聲令	(jìn shēng lìng)
巠	(jīng)
坕	(jīng)
京	(jīng)
京巴狗	(jīng bā gǒu)
京報	(jīng bào)
京城	(jīng chéng)
京東	(jīng dōng)
京都	(jīng dū)
京都府	(jīng dū fǔ)
京都念慈菴	(jīng dū niàn cí ān)
京二胡	(jīng èr hú)
京廣	(jīng guǎng)
京廣鐵路	(jīng guǎng tiě lù)
京哈	(jīng hā)
京胡	(jīng hú)
京滬	(jīng hù)
京滬高鐵	(jīng hù gāo tiě)
京畿	(jīng jī)
京畿道	(jīng jī dào)
京郊	(jīng jiāo)
京津	(jīng jīn)
京津冀	(jīng jīn jì)
京九鐵路	(jīng jiǔ tiě lù)
京劇	(jīng jù)
京口區	(jīng kǒu qū)
京片子	(jīng piàn zi)
京山市	(jīng shān shì)
京師	(jīng shī)
京斯敦	(jīng sī dūn)
京味	(jīng wèi)
京戲	(jīng xì)
京兆	(jīng zhào)
京族	(jīng zú)
殑	(qíng)
旌	(jīng)
旌德縣	(jīng dé xiàn)
旌旗	(jīng qí)
旌陽區	(jīng yáng qū)
晶	(jīng)
晶格	(jīng gé)
晶光	(jīng guāng)
晶晶	(jīng jīng)
晶亮	(jīng liàng)
晶明	(jīng míng)
晶片	(jīng piàn)
晶體	(jīng tǐ)
晶體管	(jīng tǐ guǎn)
晶體結構	(jīng tǐ jié gòu)
晶系	(jīng xì)
晶瑩	(jīng yíng)
晶圓	(jīng yuán)
晶閘管	(jīng zhá guǎn)
晶振	(jīng zhèn)
晶狀	(jīng zhuàng)
晶狀體	(jīng zhuàng tǐ)
兢	(jīng)
兢兢業業	(jīng jīng yè yè)
䲔	(jīng)
井	(jǐng)
井底之蛙	(jǐng dǐ zhī wā)
井蓋	(jǐng gài)
井岡山	(jǐng gāng shān)
井岡山市	(jǐng gāng shān shì)
井號	(jǐng hào)
井井	(jǐng jǐng)
井井有條	(jǐng jǐng yǒu tiáo)
井陘礦區	(jǐng xíng kuàng qū)
井陘縣	(jǐng xíng xiàn)
井口	(jǐng kǒu)
井噴	(jǐng pēn)
井然	(jǐng rán)
井然有序	(jǐng rán yǒu xù)
井上	(jǐng shàng)
井繩	(jǐng shéng)
井水不犯河水	(jǐng shuǐ bù fàn hé shuǐ)
井臺	(jǐng tái)
井田	(jǐng tián)
井田制	(jǐng tián zhì)
井蛙之見	(jǐng wā zhī jiàn)
井下	(jǐng xià)
井研縣	(jǐng yán xiàn)
井鹽	(jǐng yán)
井字棋	(jǐng zì qí)
丼	(dòng)
坓	(jǐng)
剄	(jǐng)
景	(jǐng)
景德鎮市	(jǐng dé zhèn shì)
景點	(jǐng diǎn)
景東彝族自治縣	(jǐng dōng yí zú zì zhì xiàn)
景福宮	(jǐng fú gōng)
景谷傣族彝族自治縣	(jǐng gǔ dǎi zú yí zú zì zhì xiàn)
景觀	(jǐng guān)
景觀設計	(jǐng guān shè jì)
景洪市	(jǐng hóng shì)
景教	(jǐng jiào)
景況	(jǐng kuàng)
景寧畲族自治縣	(jǐng níng shē zú zì zhì xiàn)
景頗	(jǐng pō)
景頗族	(jǐng pō zú)
景氣	(jǐng qì)
景區	(jǐng qū)
景色	(jǐng sè)
景山	(jǐng shān)
景山公園	(jǐng shān gōng yuán)
景深	(jǐng shēn)
景泰藍	(jǐng tài lán)
景泰縣	(jǐng tài xiàn)
景物	(jǐng wù)
景縣	(jǐng xiàn)
景象	(jǐng xiàng)
景仰	(jǐng yǎng)
景遇	(jǐng yù)
景致	(jǐng zhì)
儆	(jǐng)
儆戒	(jǐng jiè)
憬	(jǐng)
憬然	(jǐng rán)
暻	(jǐng)
俓	(jìng)
婙	(jìng)
倞	(liàng)
徑	(jìng)
徑道	(jìng dào)
徑跡	(jìng jì)
徑流	(jìng liú)
徑路	(jìng lù)
徑情直遂	(jìng qíng zhí suì)
徑賽	(jìng sài)
徑庭	(jìng tíng)
徑向	(jìng xiàng)
徑直	(jìng zhí)
徑自	(jìng zì)
凈	(jìng)
凈身	(jìng shēn)
凈身出戶	(jìng shēn chū hù)
凈心修身	(jìng xīn xiū shēn)
弳	(jìng)
弳度	(jìng dù)
婧	(jìng)
敬	(jìng)
敬愛	(jìng ài)
敬拜	(jìng bài)
敬備	(jìng bèi)
敬茶	(jìng chá)
敬稱	(jìng chēng)
敬詞	(jìng cí)
敬辭	(jìng cí)
敬而遠之	(jìng ér yuǎn zhī)
敬奉	(jìng fèng)
敬服	(jìng fú)
敬告	(jìng gào)
敬鬼神而遠之	(jìng guǐ shén ér yuǎn zhī)
敬賀	(jìng hè)
敬酒	(jìng jiǔ)
敬酒不吃吃罰酒	(jìng jiǔ bù chī chī fá jiǔ)
敬老	(jìng lǎo)
敬老席	(jìng lǎo xí)
敬老院	(jìng lǎo yuàn)
敬老尊賢	(jìng lǎo zūn xián)
敬禮	(jìng lǐ)
敬佩	(jìng pèi)
敬啟	(jìng qǐ)
敬啟者	(jìng qǐ zhě)
敬虔	(jìng qián)
敬請	(jìng qǐng)
敬若神明	(jìng ruò shén míng)
敬上	(jìng shàng)
敬神	(jìng shén)
敬畏	(jìng wèi)
敬悉	(jìng xī)
敬惜字紙	(jìng xī zì zhǐ)
敬賢禮士	(jìng xián lǐ shì)
敬謝不敏	(jìng xiè bù mǐn)
敬煙	(jìng yān)
敬仰	(jìng yǎng)
敬業	(jìng yè)
敬業樂群	(jìng yè lè qún)
敬意	(jìng yì)
敬語	(jìng yǔ)
敬贈	(jìng zèng)
敬重	(jìng zhòng)
敬祝	(jìng zhù)
境	(jìng)
境地	(jìng dì)
境界	(jìng jiè)
境況	(jìng kuàng)
境內	(jìng nèi)
境內外	(jìng nèi wài)
境外	(jìng wài)
境由心生	(jìng yóu xīn shēng)
境域	(jìng yù)
境遇	(jìng yù)
坰	(jiōng)
扃	(jiōng)
埛	(jiōng)
冋	(jiōng)
㢠	(jiǒng)
冏	(jiǒng)
冏徹	(jiǒng chè)
冏牧	(jiǒng mù)
冏卿	(jiǒng qīng)
囧	(jiǒng)
丩	(jiū)
揪	(jiū)
揪辮子	(jiū biàn zi)
揪出	(jiū chū)
揪鬥	(jiū dòu)
揪揪	(jiū jiu)
揪痧	(jiū shā)
揪送	(jiū sòng)
揪心	(jiū xīn)
揪心扒肝	(jiū xīn bā gān)
揪心揪肺	(jiū xīn jiū fèi)
揪住	(jiū zhù)
啾	(jiū)
揫	(jiū)
摎	(jiū)
樛	(jiū)
九	(jiǔ)
九巴	(jiǔ bā)
九邊形	(jiǔ biān xíng)
九層塔	(jiǔ céng tǎ)
九成	(jiǔ chéng)
九齒釘耙	(jiǔ chǐ dīng pá)
九鼎	(jiǔ dǐng)
九分之一	(jiǔ fēn zhī yī)
九份	(jiǔ fèn)
九宮格數獨	(jiǔ gōng gé shù dú)
九宮山	(jiǔ gōng shān)
九官鳥	(jiǔ guān niǎo)
九歸	(jiǔ guī)
九號球	(jiǔ hào qiú)
九華山	(jiǔ huá shān)
九江市	(jiǔ jiāng shì)
九九乘法表	(jiǔ jiǔ chéng fǎ biǎo)
九九歸一	(jiǔ jiǔ guī yī)
九九重陽	(jiǔ jiǔ chóng yáng)
九孔	(jiǔ kǒng)
九連環	(jiǔ lián huán)
九流	(jiǔ liú)
九龍	(jiǔ lóng)
九龍城	(jiǔ lóng chéng)
九龍城寨	(jiǔ lóng chéng zhài)
九龍坡區	(jiǔ lóng pō qū)
九龍縣	(jiǔ lóng xiàn)
九面體	(jiǔ miàn tǐ)
九牛二虎之力	(jiǔ niú èr hǔ zhī lì)
九牛一毛	(jiǔ niú yī máo)
九竅	(jiǔ qiào)
九卿	(jiǔ qīng)
九泉	(jiǔ quán)
九如	(jiǔ rú)
九如鄉	(jiǔ rú xiāng)
九三學社	(jiǔ sān xué shè)
九聲六調	(jiǔ shēng liù diào)
九十	(jiǔ shí)
九死一生	(jiǔ sǐ yī shēng)
九台區	(jiǔ tái qū)
九天	(jiǔ tiān)
九天攬月	(jiǔ tiān lǎn yuè)
九天仙女	(jiǔ tiān xiān nǚ)
九天玄女	(jiǔ tiān xuán nǚ)
九頭鳥	(jiǔ tóu niǎo)
九尾龜	(jiǔ wěi guī)
九尾狐	(jiǔ wěi hú)
九香蟲	(jiǔ xiāng chóng)
九霄雲外	(jiǔ xiāo yún wài)
九野	(jiǔ yě)
九一八事變	(jiǔ yī bā shì biàn)
九嶷山	(jiǔ yí shān)
九淵	(jiǔ yuān)
九原區	(jiǔ yuán qū)
九月	(jiǔ yuè)
九月份	(jiǔ yuè fèn)
九寨溝	(jiǔ zhài gōu)
九寨溝風景名勝區	(jiǔ zhài gōu fēng jǐng míng shèng qū)
九寨溝縣	(jiǔ zhài gōu xiàn)
九章算術	(jiǔ zhāng suàn shù)
九重霄	(jiǔ chóng xiāo)
九州	(jiǔ zhōu)
久	(jiǔ)
久保	(jiǔ bǎo)
久別	(jiǔ bié)
久別重逢	(jiǔ bié chóng féng)
久病	(jiǔ bìng)
久病成良醫	(jiǔ bìng chéng liáng yī)
久病成醫	(jiǔ bìng chéng yī)
久長	(jiǔ cháng)
久等	(jiǔ děng)
久而久之	(jiǔ ér jiǔ zhī)
久負盛名	(jiǔ fù shèng míng)
久攻不下	(jiǔ gōng bù xià)
久假不歸	(jiǔ jiǎ bù guī)
久經	(jiǔ jīng)
久經考驗	(jiǔ jīng kǎo yàn)
久久	(jiǔ jiǔ)
久曠	(jiǔ kuàng)
久闊	(jiǔ kuò)
久留	(jiǔ liú)
久慕	(jiǔ mù)
久陪	(jiǔ péi)
久違	(jiǔ wéi)
久聞大名	(jiǔ wén dà míng)
久仰	(jiǔ yǎng)
久仰大名	(jiǔ yǎng dà míng)
久已	(jiǔ yǐ)
久遠	(jiǔ yuǎn)
久之	(jiǔ zhī)
久治縣	(jiǔ zhì xiàn)
乆	(jiǔ)
乣	(jiǔ)
㺵	(jiǔ)
咎	(jiù)
咎由自取	(jiù yóu zì qǔ)
咎有應得	(jiù yǒu yīng dé)
柩	(jiù)
桕	(jiù)
倃	(jiù)
救	(jiù)
救兵	(jiù bīng)
救場	(jiù chǎng)
救場如救火	(jiù chǎng rú jiù huǒ)
救出	(jiù chū)
救恩	(jiù ēn)
救恩計劃	(jiù ēn jì huà)
救焚益薪	(jiù fén yì xīn)
救國	(jiù guó)
救護	(jiù hù)
救護車	(jiù hù chē)
救護人員	(jiù hù rén yuán)
救活	(jiù huó)
救火	(jiù huǒ)
救急	(jiù jí)
救急不救窮	(jiù jí bù jiù qióng)
救濟	(jiù jì)
救濟糧	(jiù jì liáng)
救撈局	(jiù lāo jú)
救命	(jiù mìng)
救命稻草	(jiù mìng dào cǎo)
救難	(jiù nàn)
救人一命勝造七級浮屠	(jiù rén yī mìng shèng zào qī jí fú tú)
救生	(jiù shēng)
救生船	(jiù shēng chuán)
救生隊	(jiù shēng duì)
救生筏	(jiù shēng fá)
救生圈	(jiù shēng quān)
救生艇	(jiù shēng tǐng)
救生艇甲板	(jiù shēng tǐng jiǎ bǎn)
救生衣	(jiù shēng yī)
救生員	(jiù shēng yuán)
救世	(jiù shì)
救世軍	(jiù shì jūn)
救世主	(jiù shì zhǔ)
救市	(jiù shì)
救贖	(jiù shú)
救贖主	(jiù shú zhǔ)
救死扶傷	(jiù sǐ fú shāng)
救亡	(jiù wáng)
救星	(jiù xīng)
救援	(jiù yuán)
救援隊	(jiù yuán duì)
救災	(jiù zāi)
救災救濟司	(jiù zāi jiù jì sī)
救災款	(jiù zāi kuǎn)
救治	(jiù zhì)
救主	(jiù zhǔ)
救助	(jiù zhù)
救磚	(jiù zhuān)
就	(jiù)
就伴	(jiù bàn)
就便	(jiù biàn)
就餐	(jiù cān)
就此	(jiù cǐ)
就道	(jiù dào)
就地	(jiù dì)
就地取材	(jiù dì qǔ cái)
就地正法	(jiù dì zhèng fǎ)
就讀	(jiù dú)
就範	(jiù fàn)
就服	(jiù fú)
就近	(jiù jìn)
就口	(jiù kǒu)
就口杯蓋	(jiù kǒu bēi gài)
就裡	(jiù lǐ)
就木	(jiù mù)
就擒	(jiù qín)
就寢	(jiù qǐn)
就任	(jiù rèn)
就事論事	(jiù shì lùn shì)
就是	(jiù shì)
就是說	(jiù shì shuō)
就算	(jiù suàn)
就晚了	(jiù wǎn le)
就緒	(jiù xù)
就學	(jiù xué)
就要	(jiù yào)
就業	(jiù yè)
就業安定費	(jiù yè ān dìng fèi)
就業服務	(jiù yè fú wù)
就業機會	(jiù yè jī huì)
就業率	(jiù yè lǜ)
就醫	(jiù yī)
就義	(jiù yì)
就診	(jiù zhěn)
就正	(jiù zhèng)
就職	(jiù zhí)
就職典禮	(jiù zhí diǎn lǐ)
就職演講	(jiù zhí yǎn jiǎng)
就職演說	(jiù zhí yǎn shuō)
就著	(jiù zhe)
就座	(jiù zuò)
廐	(jiù)
廄	(jiù)
僦	(jiù)
廏	(jiù)
匶	(jiù)
凥	(jū)
拘	(jū)
拘捕	(jū bǔ)
拘傳	(jū chuán)
拘忌	(jū jì)
拘檢	(jū jiǎn)
拘謹	(jū jǐn)
拘禁	(jū jìn)
拘禮	(jū lǐ)
拘留	(jū liú)
拘留所	(jū liú suǒ)
拘攣	(jū luán)
拘攣兒	(jū luán r)
拘拿	(jū ná)
拘泥	(jū nì)
拘票	(jū piào)
拘牽	(jū qiān)
拘囚	(jū qiú)
拘守	(jū shǒu)
拘束	(jū shù)
拘束衣	(jū shù yī)
拘押	(jū yā)
拘押營	(jū yā yíng)
拘役	(jū yì)
拘迂	(jū yū)
拘執	(jū zhí)
匊	(jū)
居	(jū)
居安思危	(jū ān sī wēi)
居處	(jū chù)
居第	(jū dì)
居多	(jū duō)
居高不下	(jū gāo bù xià)
居高臨下	(jū gāo lín xià)
居功	(jū gōng)
居功自傲	(jū gōng zì ào)
居官	(jū guān)
居家	(jū jiā)
居間	(jū jiān)
居經	(jū jīng)
居酒屋	(jū jiǔ wū)
居里	(jū lǐ)
居里夫人	(jū lǐ fū ren)
居禮	(jū lǐ)
居禮夫人	(jū lǐ fū ren)
居留	(jū liú)
居留權	(jū liú quán)
居留證	(jū liú zhèng)
居魯士	(jū lǔ shì)
居魯士大帝	(jū lǔ shì dà dì)
居民	(jū mín)
居民點	(jū mín diǎn)
居民點兒	(jū mín diǎn r)
居民樓	(jū mín lóu)
居民區	(jū mín qū)
居民消費價格指數	(jū mín xiāo fèi jià gé zhǐ shù)
居奇	(jū qí)
居然	(jū rán)
居人	(jū rén)
居喪	(jū sāng)
居室	(jū shì)
居首	(jū shǒu)
居孀	(jū shuāng)
居所	(jū suǒ)
居委會	(jū wěi huì)
居位	(jū wèi)
居無定所	(jū wú dìng suǒ)
居心	(jū xīn)
居心不良	(jū xīn bù liáng)
居心何在	(jū xīn hé zài)
居心叵測	(jū xīn pǒ cè)
居心險惡	(jū xīn xiǎn è)
居庸關	(jū yōng guān)
居宅	(jū zhái)
居正	(jū zhèng)
居中	(jū zhōng)
居中對齊	(jū zhōng duì qí)
居住	(jū zhù)
居住地	(jū zhù dì)
居住於	(jū zhù yú)
居住者	(jū zhù zhě)
居住證	(jū zhù zhèng)
捄	(jiù)
挶	(jú)
掬	(jū)
掬誠	(jū chéng)
掬水	(jū shuǐ)
掬飲	(jū yǐn)
崌	(jū)
椐	(jū)
局	(jú)
局部	(jú bù)
局部麻醉	(jú bù má zuì)
局部麻醉劑	(jú bù má zuì jì)
局部性	(jú bù xìng)
局部作用域	(jú bù zuò yòng yù)
局長	(jú zhǎng)
局促	(jú cù)
局促不安	(jú cù bù ān)
局促一隅	(jú cù yī yú)
局地	(jú dì)
局級	(jú jí)
局麻	(jú má)
局麻藥	(jú má yào)
局面	(jú miàn)
局勢	(jú shì)
局外	(jú wài)
局外中立	(jú wài zhōng lì)
局限	(jú xiàn)
局限性	(jú xiàn xìng)
局限於	(jú xiàn yú)
局域網	(jú yù wǎng)
局灶性	(jú zào xìng)
局中人	(jú zhōng rén)
局子	(jú zi)
侷	(jú)
侷促	(jú cù)
侷限	(jú xiàn)
桔	(jié)
桔槔	(jié gāo)
桔梗	(jié gěng)
桔子	(jú zi)
椈	(jú)
橘	(jú)
橘柑	(jú gān)
橘紅	(jú hóng)
橘黃色	(jú huáng sè)
橘里橘氣	(jú lǐ jú qì)
橘絡	(jú luò)
橘皮組織	(jú pí zǔ zhī)
橘色	(jú sè)
橘樹	(jú shù)
橘味	(jú wèi)
橘子	(jú zi)
橘子醬	(jú zi jiàng)
橘子水	(jú zi shuǐ)
橘子汁	(jú zi zhī)
弆	(jǔ)
咀	(zuǐ)
咀嚼	(jǔ jué)
咀嚼肌	(jǔ jué jī)
榘	(jǔ)
擧	(jǔ)
櫸	(jǔ)
櫸木	(jǔ mù)
巨	(jù)
巨變	(jù biàn)
巨擘	(jù bò)
巨大	(jù dà)
巨大影響	(jù dà yǐng xiǎng)
巨蛋	(jù dàn)
巨蠹	(jù dù)
巨額	(jù é)
巨峰	(jù fēng)
巨幅	(jù fú)
巨富	(jù fù)
巨海扇蛤	(jù hǎi shàn gé)
巨亨	(jù hēng)
巨集	(jù jí)
巨匠	(jù jiàng)
巨爵座	(jù jué zuò)
巨款	(jù kuǎn)
巨量	(jù liàng)
巨量轉移	(jù liàng zhuǎn yí)
巨流	(jù liú)
巨龍	(jù lóng)
巨鹿縣	(jù lù xiàn)
巨輪	(jù lún)
巨蟒	(jù mǎng)
巨魔	(jù mó)
巨人	(jù rén)
巨人觀	(jù rén guān)
巨乳	(jù rǔ)
巨蛇尾	(jù shé wěi)
巨蛇座	(jù shé zuò)
巨鳾	(jù shī)
巨石	(jù shí)
巨石陣	(jù shí zhèn)
巨石柱群	(jù shí zhù qún)
巨噬細胞	(jù shì xì bāo)
巨獸	(jù shòu)
巨頭	(jù tóu)
巨無霸	(jù wú bà)
巨無霸漢堡包指數	(jù wú bà hàn bǎo bāo zhǐ shù)
巨無霸指數	(jù wú bà zhǐ shù)
巨蜥	(jù xī)
巨細	(jù xì)
巨細胞病毒	(jù xì bāo bìng dú)
巨細胞病毒視網膜炎	(jù xì bāo bìng dú shì wǎng mó yán)
巨響	(jù xiǎng)
巨蟹	(jù xiè)
巨蟹座	(jù xiè zuò)
巨星	(jù xīng)
巨型	(jù xíng)
巨牙鯊	(jù yá shā)
巨野縣	(jù yě xiàn)
巨嬰	(jù yīng)
巨著	(jù zhù)
巨資	(jù zī)
巨子	(jù zǐ)
巨嘴短翅鶯	(jù zuǐ duǎn chì yīng)
巨嘴柳鶯	(jù zuǐ liǔ yīng)
巨嘴鳥	(jù zuǐ niǎo)
巨嘴沙雀	(jù zuǐ shā què)
句	(jù)
句點	(jù diǎn)
句逗	(jù dòu)
句讀	(jù dòu)
句法	(jù fǎ)
句法分析	(jù fǎ fēn xī)
句號	(jù hào)
句驪河	(jù lí hé)
句群	(jù qún)
句容市	(jù róng shì)
句式	(jù shì)
句首	(jù shǒu)
句數	(jù shù)
句型	(jù xíng)
句子	(jù zi)
拒	(jù)
拒保	(jù bǎo)
拒捕	(jù bǔ)
拒不接受	(jù bù jiē shòu)
拒斥	(jù chì)
拒腐防變	(jù fǔ fáng biàn)
拒付	(jù fù)
拒接	(jù jiē)
拒絕	(jù jué)
拒絕服務攻擊	(jù jué fú wù gōng jī)
拒馬	(jù mǎ)
拒簽	(jù qiān)
拒收	(jù shōu)
拒載	(jù zài)
拒之門外	(jù zhī mén wài)
歫	(jù)
具	(jù)
具保	(jù bǎo)
具備	(jù bèi)
具爾	(jù ěr)
具格	(jù gé)
具結	(jù jié)
具名	(jù míng)
具身智能	(jù shēn zhì néng)
具體	(jù tǐ)
具體到	(jù tǐ dào)
具體而微	(jù tǐ ér wēi)
具體化	(jù tǐ huà)
具體計劃	(jù tǐ jì huà)
具體問題	(jù tǐ wèn tí)
具象	(jù xiàng)
具有	(jù yǒu)
怚	(jù)
俱	(jù)
俱佳	(jù jiā)
俱全	(jù quán)
俱舍宗	(jù shè zōng)
俱樂部	(jù lè bù)
倶	(jù)
倨	(jù)
倨傲	(jù ào)
冣	(jù)
埧	(jù)
据	(jū)
㨿	(jù)
寠	(jù)
劇	(jù)
劇本	(jù běn)
劇本殺	(jù běn shā)
劇變	(jù biàn)
劇場	(jù chǎng)
劇毒	(jù dú)
劇荒	(jù huāng)
劇集	(jù jí)
劇烈	(jù liè)
劇目	(jù mù)
劇情	(jù qíng)
劇社	(jù shè)
劇壇	(jù tán)
劇痛	(jù tòng)
劇透	(jù tòu)
劇團	(jù tuán)
劇院	(jù yuàn)
劇增	(jù zēng)
劇照	(jù zhào)
劇終	(jù zhōng)
劇組	(jù zǔ)
劇作家	(jù zuò jiā)
據	(jù)
據報	(jù bào)
據報導	(jù bào dǎo)
據報道	(jù bào dào)
據稱	(jù chēng)
據傳	(jù chuán)
據此	(jù cǐ)
據點	(jù diǎn)
據估計	(jù gū jì)
據理	(jù lǐ)
據理力爭	(jù lǐ lì zhēng)
據料	(jù liào)
據實	(jù shí)
據實以告	(jù shí yǐ gào)
據守	(jù shǒu)
據說	(jù shuō)
據統計	(jù tǒng jì)
據為己有	(jù wéi jǐ yǒu)
據聞	(jù wén)
據我看	(jù wǒ kàn)
據我所知	(jù wǒ suǒ zhī)
據悉	(jù xī)
據險	(jù xiǎn)
據信	(jù xìn)
據有	(jù yǒu)
懅	(qú)
屨	(jù)
懼	(jù)
懼高症	(jù gāo zhèng)
懼內	(jù nèi)
懼怕	(jù pà)
捐	(juān)
捐班	(juān bān)
捐背	(juān bèi)
捐給	(juān gěi)
捐精	(juān jīng)
捐款	(juān kuǎn)
捐款者	(juān kuǎn zhě)
捐卵	(juān luǎn)
捐命	(juān mìng)
捐募	(juān mù)
捐棄	(juān qì)
捐軀	(juān qū)
捐生	(juān shēng)
捐稅	(juān shuì)
捐物	(juān wù)
捐獻	(juān xiàn)
捐血	(juān xuè)
捐血者	(juān xuè zhě)
捐益表	(juān yì biǎo)
捐贈	(juān zèng)
捐贈盈餘	(juān zèng yíng yú)
捐贈者	(juān zèng zhě)
捐助	(juān zhù)
捐貲	(juān zī)
捐資	(juān zī)
娟	(juān)
娟秀	(juān xiù)
卷	(juàn)
卷巴	(juǎn bā)
卷筆刀	(juǎn bǐ dāo)
卷層雲	(juǎn céng yún)
卷尺	(juǎn chǐ)
卷地皮	(juǎn dì pí)
卷裹	(juǎn guǒ)
卷簾門	(juǎn lián mén)
卷起	(juǎn qǐ)
卷繞	(juǎn rào)
卷刃	(juǎn rèn)
卷舌元音	(juǎn shé yuán yīn)
卷土重來	(juǎn tǔ chóng lái)
卷尾猴	(juǎn wěi hóu)
卷心菜	(juǎn xīn cài)
卷鬚	(juǎn xū)
卷煙	(juǎn yān)
卷羽鵜鶘	(juǎn yǔ tí hú)
卷雲	(juǎn yún)
卷紙	(juǎn zhǐ)
卷帙	(juàn zhì)
卷帙浩繁	(juàn zhì hào fán)
卷軸	(juàn zhóu)
卷子	(juàn zi)
卷宗	(juàn zōng)
捲	(juǎn)
捲邊	(juǎn biān)
捲餅	(juǎn bǐng)
捲層雲	(juǎn céng yún)
捲帶	(juǎn dài)
捲髮	(juǎn fà)
捲髮棒	(juǎn fà bàng)
捲髮器	(juǎn fà qì)
捲髮筒	(juǎn fà tǒng)
捲腹	(juǎn fù)
捲積雲	(juǎn jī yún)
捲簾	(juǎn lián)
捲簾門	(juǎn lián mén)
捲門	(juǎn mén)
捲鋪蓋	(juǎn pū gai)
捲鋪蓋走人	(juǎn pū gài zǒu rén)
捲起	(juǎn qǐ)
捲曲	(juǎn qū)
捲入	(juǎn rù)
捲舌元音	(juǎn shé yuán yīn)
捲逃	(juǎn táo)
捲線器	(juǎn xiàn qì)
捲心菜	(juǎn xīn cài)
捲鬚	(juǎn xū)
捲揚	(juǎn yáng)
捲揚機	(juǎn yáng jī)
劵	(juàn)
弮	(quān)
倦	(juàn)
倦怠	(juàn dài)
倦容	(juàn róng)
勌	(juàn)
悁	(juān)
撅	(juē)
撅嘴	(juē zuǐ)
撧	(juē)
噘	(juē)
噘嘴	(juē zuǐ)
屩	(juē)
屫	(juē)
亅	(jué)
孓	(jué)
抉	(jué)
抉擇	(jué zé)
倔	(juè)
倔強	(jué jiàng)
倔頭	(juè tóu)
掘	(jué)
掘出	(jué chū)
掘客	(jué kè)
掘墓鞭屍	(jué mù biān shī)
掘墓工人	(jué mù gōng rén)
掘土機	(jué tǔ jī)
桷	(jué)
崛	(jué)
崛地而起	(jué dì ér qǐ)
崛立	(jué lì)
崛起	(jué qǐ)
厥	(jué)
厥功至偉	(jué gōng zhì wěi)
傕	(jué)
劂	(jué)
嶡	(guì)
㵐	(jué)
㵐水	(jué shuǐ)
橛	(jué)
橜	(jué)
嚼	(jiáo)
嚼勁	(jiáo jìn)
嚼勁兒	(jiáo jìn r)
嚼酒	(jiáo jiǔ)
嚼蠟	(jiáo là)
嚼舌	(jiáo shé)
嚼舌根	(jiáo shé gēn)
嚼舌頭	(jiáo shé tóu)
嚼頭	(jiáo tou)
嚼子	(jiáo zi)
攫	(jué)
攫奪	(jué duó)
攫取	(jué qǔ)
戄	(jué)
均	(jūn)
均變論	(jūn biàn lùn)
均差	(jūn chā)
均等	(jūn děng)
均等化	(jūn děng huà)
均等論	(jūn děng lùn)
均方	(jūn fāng)
均分	(jūn fēn)
均腐土	(jūn fǔ tǔ)
均衡	(jūn héng)
均衡器	(jūn héng qì)
均價	(jūn jià)
均可	(jūn kě)
均熱	(jūn rè)
均濕	(jūn shī)
均勢	(jūn shì)
均攤	(jūn tān)
均田制	(jūn tián zhì)
均線	(jūn xiàn)
均一	(jūn yī)
均勻	(jūn yún)
均勻性	(jūn yún xìng)
均沾	(jūn zhān)
均值	(jūn zhí)
均質	(jūn zhì)
君	(jūn)
君長	(jūn zhǎng)
君臣	(jūn chén)
君權	(jūn quán)
君山區	(jūn shān qū)
君士坦丁堡	(jūn shì tǎn dīng bǎo)
君王	(jūn wáng)
君位	(jūn wèi)
君悅	(jūn yuè)
君主	(jūn zhǔ)
君主國	(jūn zhǔ guó)
君主立憲	(jūn zhǔ lì xiàn)
君主政體	(jūn zhǔ zhèng tǐ)
君主政治	(jūn zhǔ zhèng zhì)
君主制	(jūn zhǔ zhì)
君子	(jūn zǐ)
君子報仇，十年不晚	(jūn zi bào chóu , shí nián bù wǎn)
君子動口不動手	(jūn zǐ dòng kǒu bù dòng shǒu)
君子蘭	(jūn zǐ lán)
君子坦蕩蕩，小人長戚戚	(jūn zi tǎn dàng dàng , xiǎo rén cháng qī qī)
君子一言，駟馬難追	(jūn zǐ yī yán , sì mǎ nán zhuī)
君子遠庖廚	(jūn zǐ yuàn páo chú)
君子之交	(jūn zǐ zhī jiāo)
君子之交淡如水	(jūn zǐ zhī jiāo dàn rú shuǐ)
俊	(zùn)
俊拔	(jùn bá)
俊傑	(jùn jié)
俊美	(jùn měi)
俊俏	(jùn qiào)
俊秀	(jùn xiù)
俊雅	(jùn yǎ)
捃	(jùn)
埈	(jùn)
峻	(jùn)
峻厲	(jùn lì)
峻嶺	(jùn lǐng)
峻峭	(jùn qiào)
晙	(jùn)
㑺	(jùn)
儁	(jùn)
攈	(jùn)
攟	(jùn)
咔嚓	(kā chā)
咔嗒	(kā dā)
咔噠聲	(kǎ da shēng)
咔嘰	(kǎ jī)
咔啦	(kǎ lā)
咔唑	(kǎ zuò)
咖	(kā)
咖逼	(kā bī)
咖啡	(kā fēi)
咖啡伴侶	(kā fēi bàn lǚ)
咖啡店	(kā fēi diàn)
咖啡豆	(kā fēi dòu)
咖啡館	(kā fēi guǎn)
咖啡館兒	(kā fēi guǎn r)
咖啡壺	(kā fēi hú)
咖啡機	(kā fēi jī)
咖啡色	(kā fēi sè)
咖啡師	(kā fēi shī)
咖啡室	(kā fēi shì)
咖啡廳	(kā fēi tīng)
咖啡屋	(kā fēi wū)
咖啡因	(kā fēi yīn)
咖哩	(kā lǐ)
咖喱	(gā lí)
咖喱粉	(gā lí fěn)
咖位	(kā wèi)
喀	(kā)
喀布爾	(kā bù ěr)
喀嚓	(kā chā)
喀噠	(kā dā)
喀爾喀	(kā ěr kā)
喀拉喀托	(kā lā kā tuō)
喀拉喀托火山	(kā lā kā tuō huǒ shān)
喀拉崑崙山	(kā lā kūn lún shān)
喀拉拉邦	(kā lā lā bāng)
喀喇崑崙公路	(kā lǎ kūn lún gōng lù)
喀喇崑崙山	(kā lǎ kūn lún shān)
喀喇崑崙山脈	(kā lǎ kūn lún shān mài)
喀喇沁	(kā lǎ qìn)
喀喇沁旗	(kā lǎ qìn qí)
喀喇沁左翼蒙古族自治縣	(kā lǎ qìn zuǒ yì měng gǔ zú zì zhì xiàn)
喀啦喀啦	(kā lā kā lā)
喀麥隆	(kā mài lóng)
喀納斯湖	(kā nà sī hú)
喀奴特	(kā nú tè)
喀秋莎	(kā qiū shā)
喀山	(kā shān)
喀什地區	(kā shí dì qū)
喀什噶爾	(kā shí gá ěr)
喀什市	(kā shí shì)
喀斯特	(kā sī tè)
喀土穆	(kā tǔ mù)
卡	(kǎ)
卡昂	(kǎ áng)
卡巴萊	(kǎ bā lái)
卡巴斯基	(kǎ bā sī jī)
卡賓槍	(kǎ bīn qiāng)
卡波西氏肉瘤	(kǎ bō xī shì ròu liú)
卡波耶拉	(kǎ bō yē lā)
卡脖子	(qiǎ bó zi)
卡布其諾	(kǎ bù qí nuò)
卡布其諾咖啡	(kǎ bù qí nuò kā fēi)
卡布奇諾	(kǎ bù qí nuò)
卡槽	(kǎ cáo)
卡車	(kǎ chē)
卡池	(kǎ chí)
卡尺	(kǎ chǐ)
卡達	(kǎ dá)
卡帶	(kǎ dài)
卡彈	(kǎ dàn)
卡到陰	(kǎ dào yīn)
卡地亞	(kǎ dì yà)
卡典西德	(kǎ diǎn xī dé)
卡點	(kǎ diǎn)
卡墊	(kǎ diàn)
卡丁車	(kǎ dīng chē)
卡頓	(kǎ dùn)
卡恩	(kǎ ēn)
卡爾	(kǎ ěr)
卡爾·馬克思	(kǎ ěr · mǎ kè sī)
卡爾巴拉	(kǎ ěr bā lā)
卡爾德龍	(kǎ ěr dé lóng)
卡爾頓	(kǎ ěr dùn)
卡爾加里	(kǎ ěr jiā lǐ)
卡爾森	(kǎ ěr sēn)
卡爾斯魯厄	(kǎ ěr sī lǔ è)
卡爾文	(kǎ ěr wén)
卡爾文克萊因	(kǎ ěr wén kè lái yīn)
卡方	(kǎ fāng)
卡夫	(kǎ fū)
卡夫卡	(kǎ fū kǎ)
卡關	(kǎ guān)
卡駱馳	(kǎ luò chí)
卡介苗	(kǎ jiè miáo)
卡扣	(qiǎ kòu)
卡拉	(kǎ lā)
卡拉OK	(kǎ lā o k)
卡拉比拉	(kǎ lā bǐ lā)
卡拉布里亞	(kǎ lā bù lǐ yà)
卡拉季奇	(kǎ lā jì qí)
卡拉膠	(kǎ lā jiāo)
卡拉卡斯	(kǎ lā kǎ sī)
卡拉馬佐夫兄弟	(kǎ lā mǎ zuǒ fū xiōng dì)
卡拉姆昌德	(kǎ lā mǔ chāng dé)
卡拉奇	(kǎ lā qí)
卡拉什尼科夫	(kǎ lā shí ní kē fū)
卡啦	(kǎ lā)
卡利多尼亞	(kǎ lì duō ní yà)
卡利卡特	(kǎ lì kǎ tè)
卡利科	(kǎ lì kē)
卡利亞里	(kǎ lì yà lǐ)
卡路里	(kǎ lù lǐ)
卡羅利納	(kǎ luó lì nà)
卡洛馳	(kǎ luò chí)
卡洛娜	(kǎ luò nà)
卡洛斯	(kǎ luò sī)
卡梅倫	(kǎ méi lún)
卡美拉	(kǎ měi lā)
卡美洛	(kǎ měi luò)
卡門	(kǎ mén)
卡納達語	(kǎ nà dá yǔ)
卡納蕾	(kǎ nà lěi)
卡納塔克邦	(kǎ nà tǎ kè bāng)
卡納維爾角	(kǎ nà wéi ěr jiǎo)
卡納維拉爾角	(kǎ nà wéi lā ěr jiǎo)
卡內基	(kǎ nèi jī)
卡內基梅隆大學	(kǎ nèi jī méi lóng dà xué)
卡尼丁	(kǎ ní dīng)
卡農	(kǎ nóng)
卡儂頭	(kǎ nóng tóu)
卡奴	(kǎ nú)
卡帕	(kǎ pà)
卡牌	(kǎ pái)
卡盤	(qiǎ pán)
卡片	(kǎ piàn)
卡片機	(kǎ piàn jī)
卡其	(kǎ qí)
卡殼	(qiǎ ké)
卡秋莎	(kǎ qiū shā)
卡若區	(kǎ ruò qū)
卡薩布蘭卡	(kǎ sà bù lán kǎ)
卡薩諾瓦	(kǎ sà nuò wǎ)
卡桑德拉	(kǎ sāng dé lā)
卡森城	(kǎ sēn chéng)
卡珊德拉	(kǎ shān dé lā)
卡士達	(kǎ shì dá)
卡仕達	(kǎ shì dá)
卡式	(kǎ shì)
卡式爐	(kǎ shì lú)
卡司	(kǎ sī)
卡斯翠	(kǎ sī cuì)
卡斯蒂利亞	(kǎ sī dì lì yà)
卡斯蒂利亞·萊昂	(kǎ sī dì lì yà · lái áng)
卡斯蒂利亞語	(kǎ sī dì lì yà yǔ)
卡斯特里	(kǎ sī tè lǐ)
卡斯特利翁	(kǎ sī tè lì wēng)
卡斯特羅	(kǎ sī tè luó)
卡死	(kǎ sǐ)
卡榫	(kǎ sǔn)
卡他	(kǎ tā)
卡塔爾	(kǎ tǎ ěr)
卡塔赫納	(kǎ tǎ hè nà)
卡塔尼亞	(kǎ tǎ ní yà)
卡痰	(kǎ tán)
卡特	(kǎ tè)
卡特彼勒公司	(kǎ tè bǐ lè gōng sī)
卡特爾	(kǎ tè ěr)
卡通	(kǎ tōng)
卡瓦格博峰	(kǎ wǎ gé bó fēng)
卡瓦斯	(kǎ wǎ sī)
卡哇伊	(kǎ wā yī)
卡哇依	(kǎ wā yī)
卡位	(kǎ wèi)
卡文迪什	(kǎ wén dí shí)
卡西米爾效應	(kǎ xī mǐ ěr xiào yìng)
卡西莫夫	(kǎ xī mò fū)
卡西尼	(kǎ xī ní)
卡西歐	(kǎ xī ōu)
卡仙尼	(kǎ xiān ní)
卡宴	(kǎ yàn)
卡樂星	(kǎ lè xīng)
卡債	(kǎ zhài)
卡紙	(kǎ zhǐ)
卡住	(kǎ zhù)
卡子	(qiǎ zi)
卡座	(kǎ zuò)
佧	(kǎ)
佧佤族	(kǎ wǎ zú)
揩	(kāi)
揩擦	(kāi cā)
揩拭	(kāi shì)
揩油	(kāi yóu)
剴	(kǎi)
剴切	(kǎi qiè)
凱	(kǎi)
凱徹	(kǎi chè)
凱達格蘭	(kǎi dá gé lán)
凱達格蘭族	(kǎi dá gé lán zú)
凱迪拉克	(kǎi dí lā kè)
凱蒂	(kǎi dì)
凱蒂貓	(kǎi dì māo)
凱恩斯	(kǎi ēn sī)
凱爾特人	(kǎi ěr tè rén)
凱法勞尼亞	(kǎi fǎ láo ní yà)
凱夫拉	(kǎi fū lā)
凱芙拉	(kǎi fú lā)
凱歌	(kǎi gē)
凱里市	(kǎi lǐ shì)
凱利	(kǎi lì)
凱林賽	(kǎi lín sài)
凱門鱷	(kǎi mén è)
凱尼恩	(kǎi ní ēn)
凱茜·弗里曼	(kǎi xī fú lǐ màn)
凱撒	(kǎi sā)
凱撒醬	(kǎi sā jiàng)
凱撒肋雅	(kǎi sā lèi yǎ)
凱瑟琳	(kǎi sè lín)
凱特	(kǎi tè)
凱文	(kǎi wén)
凱旋	(kǎi xuán)
凱旋門	(kǎi xuán mén)
凱悅	(kǎi yuè)
凱子	(kǎi zi)
慨	(kǎi)
慨嘆	(kǎi tàn)
塏	(kǎi)
楷	(kǎi)
楷模	(kǎi mó)
楷書	(kǎi shū)
楷體	(kǎi tǐ)
楷字	(kǎi zì)
愷	(kǎi)
愷徹	(kǎi chè)
愷弟	(kǎi tì)
愷撒	(kǎi sā)
愷悌	(kǎi tì)
欬	(kài)
嘅	(kǎi)
愾	(kài)
刊	(kān)
刊登	(kān dēng)
刊發	(kān fā)
刊號	(kān hào)
刊首語	(kān shǒu yǔ)
刊頭	(kān tóu)
刊物	(kān wù)
刊誤	(kān wù)
刊誤表	(kān wù biǎo)
刊行	(kān xíng)
刊印	(kān yìn)
刊載	(kān zǎi)
刊正	(kān zhèng)
栞	(kān)
勘	(kān)
勘測	(kān cè)
勘查	(kān chá)
勘察	(kān chá)
勘察加	(kān chá jiā)
勘察加半島	(kān chá jiā bàn dǎo)
勘定	(kān dìng)
勘界	(kān jiè)
勘探	(kān tàn)
勘誤	(kān wù)
勘誤表	(kān wù biǎo)
勘驗	(kān yàn)
勘正	(kān zhèng)
堪	(kān)
堪比	(kān bǐ)
堪察加	(kān chá jiā)
堪察加半島	(kān chá jiā bàn dǎo)
堪察加柳鶯	(kān chá jiā liǔ yīng)
堪稱	(kān chēng)
堪培拉	(kān péi lā)
堪薩斯	(kān sà sī)
堪憂	(kān yōu)
堪虞	(kān yú)
堪輿	(kān yú)
戡	(kān)
坎	(kǎn)
坎貝爾	(kǎn bèi ěr)
坎貝爾侏儒倉鼠	(kǎn bèi ěr zhū rú cāng shǔ)
坎城	(kǎn chéng)
坎大哈	(kǎn dà hā)
坎大哈省	(kǎn dà hā shěng)
坎德拉	(kǎn dé lā)
坎兒	(kǎn r)
坎兒井	(kǎn r jǐng)
坎肩	(kǎn jiān)
坎肩兒	(kǎn jiān r)
坎坎	(kǎn kǎn)
坎坷	(kǎn kě)
坎坷不平	(kǎn kě bù píng)
坎坷多舛	(kǎn kě duō chuǎn)
坎昆	(kǎn kūn)
坎壈	(kǎn lǎn)
坎帕拉	(kǎn pà lā)
坎培拉	(kǎn péi lā)
坎炁	(kǎn qì)
坎塔布里亞	(kǎn tǎ bù lǐ yà)
坎塔布連	(kǎn tǎ bù lián)
坎塔布連海	(kǎn tǎ bù lián hǎi)
坎塔布連山脈	(kǎn tǎ bù lián shān mài)
坎特伯雷	(kǎn tè bó léi)
坎特伯雷故事集	(kǎn tè bó léi gù shì jí)
坎子	(kǎn zi)
侃	(kǎn)
侃大山	(kǎn dà shān)
侃價	(kǎn jià)
侃侃	(kǎn kǎn)
侃侃而談	(kǎn kǎn ér tán)
侃星	(kǎn xīng)
侃爺	(kǎn yé)
埳	(kǎn)
偘	(kǎn)
欿	(kǎn)
欿然	(kǎn rán)
歁	(kǎn)
檻	(jiàn)
檻車	(jiàn chē)
檻花籠鶴	(jiàn huā lóng hè)
崁頂	(kǎn dǐng)
崁頂鄉	(kǎn dǐng xiāng)
墈	(kàn)
康	(kāng)
康巴	(kāng bā)
康巴藏區	(kāng bā zàng qū)
康巴地區	(kāng bā dì qū)
康白度	(kāng bái dù)
康拜因	(kāng bài yīn)
康保縣	(kāng bǎo xiàn)
康德	(kāng dé)
康定市	(kāng dìng shì)
康復	(kāng fù)
康佳	(kāng jiā)
康健	(kāng jiàn)
康康舞	(kāng kāng wǔ)
康科德	(kāng kē dé)
康馬縣	(kāng mǎ xiàn)
康乃狄克	(kāng nǎi dí kè)
康乃馨	(kāng nǎi xīn)
康奈爾	(kāng nài ěr)
康奈爾大學	(kāng nài ěr dà xué)
康涅狄格	(kāng niè dí gé)
康平	(kāng píng)
康平縣	(kāng píng xiàn)
康普茶	(kāng pǔ chá)
康乾盛世	(kāng qián shèng shì)
康乾宗迦峰	(kāng qián zōng jiā fēng)
康強	(kāng qiáng)
康橋	(kāng qiáo)
康區	(kāng qū)
康衢	(kāng qú)
康生	(kāng shēng)
康思維恩格	(kāng sī wéi ēn gé)
康斯坦察	(kāng sī tǎn chá)
康斯坦茨	(kāng sī tǎn cí)
康泰	(kāng tài)
康托爾	(kāng tuō ěr)
康熙	(kāng xī)
康縣	(kāng xiàn)
康樂	(kāng lè)
康樂縣	(kāng lè xiàn)
康莊大道	(kāng zhuāng dà dào)
慷	(kāng)
慷慨	(kāng kǎi)
慷慨赴義	(kāng kǎi fù yì)
慷慨激昂	(kāng kǎi jī áng)
慷慨解囊	(kāng kǎi jiě náng)
慷慨捐生	(kāng kǎi juān shēng)
慷慨輸將	(kāng kǎi shū jiāng)
槺	(kāng)
扛	(káng)
扛把子	(káng bǎ zi)
摃	(gāng)
亢	(kàng)
亢奮	(kàng fèn)
亢旱	(kàng hàn)
亢進	(kàng jìn)
亢直	(kàng zhí)
匟	(kàng)
伉	(kàng)
伉儷	(kàng lì)
伉儷情深	(kàng lì qíng shēn)
抗	(kàng)
抗癌	(kàng ái)
抗辯	(kàng biàn)
抗病	(kàng bìng)
抗病毒	(kàng bìng dú)
抗病毒藥	(kàng bìng dú yào)
抗敵	(kàng dí)
抗毒素	(kàng dú sù)
抗旱	(kàng hàn)
抗核加固	(kàng hé jiā gù)
抗衡	(kàng héng)
抗洪	(kàng hóng)
抗壞血酸	(kàng huài xuè suān)
抗擊	(kàng jī)
抗精神病	(kàng jīng shén bìng)
抗拒	(kàng jù)
抗鋸齒	(kàng jù chǐ)
抗捐	(kàng juān)
抗菌	(kàng jūn)
抗菌素	(kàng jūn sù)
抗菌藥	(kàng jūn yào)
抗抗生素	(kàng kàng shēng sù)
抗澇	(kàng lào)
抗禮	(kàng lǐ)
抗利尿激素	(kàng lì niào jī sù)
抗美援朝	(kàng měi yuán cháo)
抗命	(kàng mìng)
抗母	(kàng mǔ)
抗耐甲氧西林金葡菌	(kàng nài jiǎ yǎng xī lín jīn pú jūn)
抗凝血劑	(kàng níng xuè jì)
抗傾覆	(kàng qīng fù)
抗日	(kàng rì)
抗日戰爭	(kàng rì zhàn zhēng)
抗生素	(kàng shēng sù)
抗水	(kàng shuǐ)
抗稅	(kàng shuì)
抗訴	(kàng sù)
抗體	(kàng tǐ)
抗性	(kàng xìng)
抗血清	(kàng xuè qīng)
抗壓	(kàng yā)
抗炎性	(kàng yán xìng)
抗氧化劑	(kàng yǎng huà jì)
抗藥	(kàng yào)
抗藥能力	(kàng yào néng lì)
抗藥性	(kàng yào xìng)
抗抑鬱藥	(kàng yì yù yào)
抗疫	(kàng yì)
抗議	(kàng yì)
抗議者	(kàng yì zhě)
抗憂鬱藥	(kàng yōu yù yào)
抗原	(kàng yuán)
抗原決定簇	(kàng yuán jué dìng cù)
抗災	(kàng zāi)
抗戰	(kàng zhàn)
抗震	(kàng zhèn)
抗震結構	(kàng zhèn jié gòu)
抗震救災指揮部	(kàng zhèn jiù zāi zhǐ huī bù)
抗爭	(kàng zhēng)
抗直	(kàng zhí)
抗組胺劑	(kàng zǔ àn jì)
抗組胺藥	(kàng zǔ àn yào)
抗組織胺	(kàng zǔ zhī àn)
囥	(kàng)
尻	(kāo)
尻骨	(kāo gǔ)
尻門子	(kāo mén zi)
丂	(kǎo)
攷	(kǎo)
拷	(kǎo)
拷貝	(kǎo bèi)
拷打	(kǎo dǎ)
拷花	(kǎo huā)
拷掠	(kǎo lüè)
拷問	(kǎo wèn)
栲	(kǎo)
栲膠	(kǎo jiāo)
栲栳	(kǎo lǎo)
栲屬	(kǎo shǔ)
柯	(kē)
柯P	(kē p)
柯城區	(kē chéng qū)
柯達	(kē dá)
柯棣華	(kē dì huá)
柯爾克孜	(kē ěr kè zī)
柯爾克孜語	(kē ěr kè zī yǔ)
柯爾克孜族	(kē ěr kè zī zú)
柯夫塔	(kē fū tǎ)
柯基	(kē jī)
柯里化	(kē lǐ huà)
柯林	(kē lín)
柯林頓	(kē lín dùn)
柯林斯	(kē lín sī)
柯密	(kē mì)
柯那克里	(kē nà kè lǐ)
柯南·道爾	(kē nán · dào ěr)
柯尼斯堡	(kē ní sī bǎo)
柯坪縣	(kē píng xiàn)
柯橋區	(kē qiáo qū)
柯薩奇病毒	(kē sà qí bìng dú)
柯沙奇病毒	(kē shā qí bìng dú)
柯劭忞	(kē shào mín)
柯式印刷	(kē shì yìn shuā)
柯西	(kē xī)
棵	(kē)
嵙	(kē)
搕	(kè)
嗑	(kè)
嗑CP	(kē cp)
嗑藥	(kè yào)
榼	(kè)
殻	(qiào)
可	(kě)
可哀	(kě āi)
可愛	(kě ài)
可愛島	(kě ài dǎo)
可悲	(kě bēi)
可比	(kě bǐ)
可鄙	(kě bǐ)
可編程	(kě biān chéng)
可變	(kě biàn)
可不是	(kě bu shì)
可擦除可編程只讀存儲器	(kě cā chú kě biān chéng zhǐ dú cún chǔ qì)
可擦寫	(kě cā xiě)
可采性	(kě cǎi xìng)
可採	(kě cǎi)
可採性	(kě cǎi xìng)
可乘之機	(kě chéng zhī jī)
可吃	(kě chī)
可持續	(kě chí xù)
可持續發展	(kě chí xù fā zhǎn)
可恥	(kě chǐ)
可蠢	(kě chǔn)
可磁化體	(kě cí huà tǐ)
可待因	(kě dài yīn)
可導	(kě dǎo)
可調	(kě tiáo)
可懂度	(kě dǒng dù)
可動	(kě dòng)
可讀	(kě dú)
可讀性	(kě dú xìng)
可惡	(kě wù)
可兒	(kě ér)
可分	(kě fēn)
可否	(kě fǒu)
可歌可泣	(kě gē kě qì)
可耕地	(kě gēng dì)
可怪	(kě guài)
可觀	(kě guān)
可貴	(kě guì)
可汗	(kè hán)
可好	(kě hǎo)
可恨	(kě hèn)
可回收	(kě huí shōu)
可加	(kě jiā)
可嘉	(kě jiā)
可見	(kě jiàn)
可見光	(kě jiàn guāng)
可接受性	(kě jiē shòu xìng)
可結合性	(kě jié hé xìng)
可解	(kě jiě)
可勁	(kě jìn)
可勁兒	(kě jìn r)
可驚	(kě jīng)
可敬	(kě jìng)
可就	(kě jiù)
可掬	(kě jū)
可決	(kě jué)
可決率	(kě jué lǜ)
可決票	(kě jué piào)
可卡因	(kě kǎ yīn)
可堪	(kě kān)
可看	(kě kàn)
可靠	(kě kào)
可靠性	(kě kào xìng)
可可	(kě kě)
可可波羅	(kě kě bō luó)
可可粉	(kě kě fěn)
可可米	(kě kě mǐ)
可可西里	(kě kě xī lǐ)
可可脂	(kě kě zhī)
可控硅	(kě kòng guī)
可口	(kě kǒu)
可口可樂	(kě kǒu kě lè)
可擴展標記語言	(kě kuò zhǎn biāo jì yǔ yán)
可蘭經	(kě lán jīng)
可麗餅	(kě lì bǐng)
可麗露	(kě lì lù)
可憐	(kě lián)
可憐巴巴	(kě lián bā bā)
可憐蟲	(kě lián chóng)
可憐見	(kě lián jiàn)
可憐兮兮	(kě lián xī xī)
可裂變	(kě liè biàn)
可裂變材料	(kě liè biàn cái liào)
可裂變同位素	(kě liè biàn tóng wèi sù)
可倫坡	(kě lún pō)
可慮	(kě lǜ)
可惱	(kě nǎo)
可能	(kě néng)
可能性	(kě néng xìng)
可逆	(kě nì)
可逆性	(kě nì xìng)
可念	(kě niàn)
可怕	(kě pà)
可欺	(kě qī)
可氣	(kě qì)
可巧	(kě qiǎo)
可親	(kě qīn)
可取	(kě qǔ)
可取之處	(kě qǔ zhī chù)
可圈可點	(kě quān kě diǎn)
可燃	(kě rán)
可燃冰	(kě rán bīng)
可燃性	(kě rán xìng)
可人	(kě rén)
可溶	(kě róng)
可溶性	(kě róng xìng)
可身	(kě shēn)
可食	(kě shí)
可是	(kě shì)
可恃	(kě shì)
可視電話	(kě shì diàn huà)
可視化	(kě shì huà)
可數	(kě shǔ)
可數集	(kě shǔ jí)
可數名詞	(kě shǔ míng cí)
可頌	(kě sòng)
可塑性	(kě sù xìng)
可嘆	(kě tàn)
可體	(kě tǐ)
可通	(kě tōng)
可望	(kě wàng)
可望而不可及	(kě wàng ér bù kě jí)
可望而不可即	(kě wàng ér bù kě jí)
可望有成	(kě wàng yǒu chéng)
可微	(kě wēi)
可畏	(kě wèi)
可謂	(kě wèi)
可惜	(kě xī)
可喜	(kě xǐ)
可喜可賀	(kě xǐ kě hè)
可想而知	(kě xiǎng ér zhī)
可笑	(kě xiào)
可心	(kě xīn)
可信	(kě xìn)
可信度	(kě xìn dù)
可信任	(kě xìn rèn)
可行	(kě xíng)
可行性	(kě xíng xìng)
可選	(kě xuǎn)
可尋址	(kě xún zhǐ)
可壓縮	(kě yā suō)
可言	(kě yán)
可一而不可再	(kě yī ér bù kě zài)
可移植	(kě yí zhí)
可移植性	(kě yí zhí xìng)
可疑	(kě yí)
可疑分子	(kě yí fèn zǐ)
可以	(kě yǐ)
可以意會，不可言傳	(kě yǐ yì huì , bù kě yán chuán)
可有可無	(kě yǒu kě wú)
可遇不可求	(kě yù bù kě qiú)
可樂	(kě lè)
可樂餅	(kě lè bǐng)
可樂定	(kě lè dìng)
可再生	(kě zài shēng)
可憎	(kě zēng)
可展曲面	(kě zhǎn qū miàn)
可支付性	(kě zhī fù xìng)
可支配收入	(kě zhī pèi shōu rù)
可知	(kě zhī)
可知論	(kě zhī lùn)
可執行	(kě zhí xíng)
可轉讓	(kě zhuǎn ràng)
可轉讓證券	(kě zhuǎn ràng zhèng quàn)
可轉債	(kě zhuǎn zhài)
可作	(kě zuò)
坷	(kē)
坷垃	(kē lā)
岢	(kě)
岢嵐縣	(kě lán xiàn)
克	(kè)
克東縣	(kè dōng xiàn)
克爾白	(kè ěr bái)
克服	(kè fú)
克格勃	(kè gé bó)
克國	(kè guó)
克基拉島	(kè jī lā dǎo)
克己	(kè jǐ)
克己奉公	(kè jǐ fèng gōng)
克己復禮	(kè jǐ fù lǐ)
克儉	(kè jiǎn)
克拉	(kè lā)
克拉科夫	(kè lā kē fū)
克拉克	(kè lā kè)
克拉瑪依區	(kè lā mǎ yī qū)
克拉瑪依市	(kè lā mǎ yī shì)
克拉斯金諾	(kè lā sī jīn nuò)
克拉斯諾達爾	(kè lā sī nuò dá ěr)
克拉斯諾亞爾斯克	(kè lā sī nuò yà ěr sī kè)
克拉通	(kè lā tōng)
克萊	(kè lái)
克萊頓	(kè lái dùn)
克萊爾	(kè lái ěr)
克萊爾蒙特	(kè lái ěr méng tè)
克萊蒙	(kè lái méng)
克萊蒙特	(kè lái méng tè)
克萊斯勒	(kè lái sī lè)
克萊因	(kè lái yīn)
克賴斯特徹奇	(kè lài sī tè chè qí)
克朗	(kè lǎng)
克朗代克	(kè lǎng dài kè)
克勞德	(kè láo dé)
克勞斯	(kè láo sī)
克勞修斯	(kè láo xiū sī)
克勒	(kè lè)
克雷伯氏菌屬	(kè léi bó shì jūn shǔ)
克蕾兒	(kè lěi r)
克里奧爾語	(kè lǐ ào ěr yǔ)
克里米亞	(kè lǐ mǐ yà)
克里姆林宮	(kè lǐ mǔ lín gōng)
克里木	(kè lǐ mù)
克里木半島	(kè lǐ mù bàn dǎo)
克里木戰爭	(kè lǐ mù zhàn zhēng)
克里普斯	(kè lǐ pǔ sī)
克里斯蒂安	(kè lǐ sī dì ān)
克里斯蒂安松	(kè lǐ sī dì ān sōng)
克里斯蒂娃	(kè lǐ sī dì wá)
克里斯汀	(kè lǐ sī tīng)
克里斯汀·貝爾	(kè lǐ sī tīng · bèi ěr)
克里斯托弗	(kè lǐ sī tuō fú)
克里特	(kè lǐ tè)
克里特島	(kè lǐ tè dǎo)
克利夫蘭	(kè lì fū lán)
克利斯朵夫	(kè lì sī duǒ fū)
克莉奧佩特拉	(kè lì ào pèi tè lā)
克林德	(kè lín dé)
克林頓	(kè lín dùn)
克林黴素	(kè lín méi sù)
克林姆	(kè lín mǔ)
克林姆醬	(kè lín mǔ jiàng)
克流感	(kè liú gǎn)
克隆	(kè lóng)
克隆技術	(kè lóng jì shù)
克隆人	(kè lóng rén)
克隆氏病	(kè lóng shì bìng)
克婁巴特拉	(kè lóu bā tè lā)
克漏字	(kè lòu zì)
克虜伯	(kè lǔ bó)
克侖特羅	(kè lún tè luō)
克羅埃西亞	(kè luó āi xī yà)
克羅地亞	(kè luó dì yà)
克羅地亞共和國	(kè luó dì yà gòng hé guó)
克羅地亞語	(kè luó dì yà yǔ)
克羅諾斯	(kè luó nuò sī)
克霉唑	(kè méi zuò)
克難	(kè nán)
克期	(kè qī)
克勤克儉	(kè qín kè jiǎn)
克日	(kè rì)
克沙奇病毒	(kè shā qí bìng dú)
克山縣	(kè shān xiàn)
克紹箕裘	(kè shào jī qiú)
克什克騰	(kè shí kè téng)
克什克騰旗	(kè shí kè téng qí)
克什米爾	(kè shí mǐ ěr)
克氏黑鰭鰁	(kè shì hēi qí quán)
克氏原螯蝦	(kè shì yuán áo xiā)
克絲鉗子	(kè sī qián zi)
克蘇魯	(kè sū lǔ)
克他命	(kè tā mìng)
克汀病	(kè tīng bìng)
克維拉	(kè wéi lā)
克文	(kè wén)
克雅氏病	(kè yǎ shì bìng)
克耶邦	(kè yē bāng)
克耶族	(kè yē zú)
克制	(kè zhì)
克孜爾尕哈	(kè zī ěr gǎ hā)
克孜爾千佛洞	(kè zī ěr qiān fó dòng)
克孜勒	(kè zī lè)
克孜勒蘇河	(kè zī lè sū hé)
克孜勒蘇柯爾克孜自治州	(kè zī lè sū kē ěr kè zī zì zhì zhōu)
刻	(kè)
刻板	(kè bǎn)
刻板印象	(kè bǎn yìn xiàng)
刻版	(kè bǎn)
刻薄	(kè bó)
刻薄寡恩	(kè bó guǎ ēn)
刻本	(kè běn)
刻剝	(kè bō)
刻不容緩	(kè bù róng huǎn)
刻刀	(kè dāo)
刻毒	(kè dú)
刻度	(kè dù)
刻度盤	(kè dù pán)
刻骨	(kè gǔ)
刻骨銘心	(kè gǔ míng xīn)
刻骨相思	(kè gǔ xiāng sī)
刻痕	(kè hén)
刻鵠類鶩	(kè hú lèi wù)
刻畫	(kè huà)
刻苦	(kè kǔ)
刻苦耐勞	(kè kǔ nài láo)
刻苦鑽研	(kè kǔ zuān yán)
刻錄	(kè lù)
刻錄機	(kè lù jī)
刻期	(kè qī)
刻奇	(kè qí)
刻日	(kè rì)
刻絲	(kè sī)
刻寫	(kè xiě)
刻意	(kè yì)
刻意求工	(kè yì qiú gōng)
刻意為之	(kè yì wéi zhī)
刻印	(kè yìn)
刻舟求劍	(kè zhōu qiú jiàn)
兙	(shi2ke4)
剋	(kè)
剋架	(kēi jià)
剋扣	(kè kòu)
剋星	(kè xīng)
峇	(kē)
峇峇娘惹	(bā bā niáng rě)
峇拉煎	(bā lā jiān)
峇厘	(bā lí)
峇里	(bā lǐ)
恪	(kè)
恪慎	(kè shèn)
恪守	(kè shǒu)
恪遵	(kè zūn)
客	(kè)
客艙	(kè cāng)
客場	(kè chǎng)
客車	(kè chē)
客船	(kè chuán)
客串	(kè chuàn)
客單價	(kè dān jià)
客店	(kè diàn)
客隊	(kè duì)
客飯	(kè fàn)
客房	(kè fáng)
客房服務	(kè fáng fú wù)
客服	(kè fú)
客官	(kè guān)
客觀	(kè guān)
客觀世界	(kè guān shì jiè)
客觀唯心主義	(kè guān wéi xīn zhǔ yì)
客觀性	(kè guān xìng)
客觀主義	(kè guān zhǔ yì)
客戶	(kè hù)
客戶端	(kè hù duān)
客戶服務	(kè hù fú wù)
客戶服務部	(kè hù fú wù bù)
客戶機	(kè hù jī)
客戶機軟件	(kè hù jī ruǎn jiàn)
客戶應用	(kè hù yìng yòng)
客機	(kè jī)
客家話	(kè jiā huà)
客家人	(kè jiā rén)
客家語	(kè jiā yǔ)
客居	(kè jū)
客流	(kè liú)
客輪	(kè lún)
客滿	(kè mǎn)
客氣	(kè qi)
客氣話	(kè qi huà)
客群	(kè qún)
客人	(kè rén)
客似雲來	(kè sì yún lái)
客室	(kè shì)
客死	(kè sǐ)
客死異鄉	(kè sǐ yì xiāng)
客訴	(kè sù)
客堂	(kè táng)
客套	(kè tào)
客套話	(kè tào huà)
客梯	(kè tī)
客體	(kè tǐ)
客廳	(kè tīng)
客西馬尼園	(kè xī mǎ ní yuán)
客語	(kè yǔ)
客源	(kè yuán)
客運	(kè yùn)
客運量	(kè yùn liàng)
客蚤	(kè zǎo)
客蚤屬	(kè zǎo shǔ)
客棧	(kè zhàn)
客製化	(kè zhì huà)
客座教授	(kè zuò jiào shòu)
尅	(kè)
兛	(qian1ke4)
兞	(hao2ke4)
兡	(bai3ke4)
愙	(kè)
啃	(kěn)
啃老	(kěn lǎo)
啃老族	(kěn lǎo zú)
啃書	(kěn shū)
墾	(kěn)
墾丁	(kěn dīng)
墾丁國家公園	(kěn dīng guó jiā gōng yuán)
墾耕	(kěn gēng)
墾荒	(kěn huāng)
墾利區	(kěn lì qū)
墾殖	(kěn zhí)
懇	(kěn)
懇辭	(kěn cí)
懇切	(kěn qiè)
懇請	(kěn qǐng)
懇求	(kěn qiú)
掯	(kèn)
坑	(kēng)
坑道	(kēng dào)
坑爹	(kēng diē)
坑洞	(kēng dòng)
坑害	(kēng hài)
坑井	(kēng jǐng)
坑坎	(kēng kǎn)
坑坑窪窪	(kēng keng wā wā)
坑口	(kēng kǒu)
坑蒙	(kēng mēng)
坑蒙拐騙	(kēng mēng guǎi piàn)
坑木	(kēng mù)
坑騙	(kēng piàn)
坑人	(kēng rén)
坑殺	(kēng shā)
坑窪	(kēng wā)
吭	(háng)
吭哧	(kēng chi)
吭吭	(kēng kēng)
吭氣	(kēng qì)
吭聲	(kēng shēng)
倥	(kōng)
倥侗	(kōng tóng)
倥傯	(kǒng zǒng)
崆	(kōng)
崆峒區	(kōng tóng qū)
悾	(kōng)
孔	(kǒng)
孔版印刷	(kǒng bǎn yìn shuā)
孔叢子	(kǒng cóng zǐ)
孔道	(kǒng dào)
孔德	(kǒng dé)
孔洞	(kǒng dòng)
孔方兄	(kǒng fāng xiōng)
孔夫子	(kǒng fū zǐ)
孔教	(kǒng jiào)
孔徑	(kǒng jìng)
孔林	(kǒng lín)
孔門	(kǒng mén)
孔孟	(kǒng mèng)
孔孟之道	(kǒng mèng zhī dào)
孔廟	(kǒng miào)
孔明	(kǒng míng)
孔明燈	(kǒng míng dēng)
孔丘	(kǒng qiū)
孔雀	(kǒng què)
孔雀河	(kǒng què hé)
孔雀女	(kǒng què nǚ)
孔雀王朝	(kǒng què wáng cháo)
孔雀座	(kǒng què zuò)
孔融	(kǒng róng)
孔融讓梨	(kǒng róng ràng lí)
孔尚任	(kǒng shàng rèn)
孔聖人	(kǒng shèng rén)
孔斯貝格	(kǒng sī bèi gé)
孔武	(kǒng wǔ)
孔武有力	(kǒng wǔ yǒu lì)
孔隙	(kǒng xì)
孔穴	(kǒng xué)
孔眼	(kǒng yǎn)
孔乙己	(kǒng yǐ jǐ)
孔殷	(kǒng yīn)
孔穎達	(kǒng yǐng dá)
孔院	(kǒng yuàn)
孔子	(kǒng zǐ)
孔子家語	(kǒng zǐ jiā yǔ)
孔子學院	(kǒng zǐ xué yuàn)
恐	(kǒng)
恐艾	(kǒng ài)
恐怖	(kǒng bù)
恐怖電影	(kǒng bù diàn yǐng)
恐怖分子	(kǒng bù fèn zǐ)
恐怖份子	(kǒng bù fèn zǐ)
恐怖片	(kǒng bù piàn)
恐怖片兒	(kǒng bù piān r)
恐怖襲擊	(kǒng bù xí jī)
恐怖症	(kǒng bù zhèng)
恐怖主義	(kǒng bù zhǔ yì)
恐怖主義者	(kǒng bù zhǔ yì zhě)
恐怖組織	(kǒng bù zǔ zhī)
恐高症	(kǒng gāo zhèng)
恐攻	(kǒng gōng)
恐共	(kǒng gòng)
恐韓症	(kǒng hán zhèng)
恐慌	(kǒng huāng)
恐慌發作	(kǒng huāng fā zuò)
恐婚	(kǒng hūn)
恐懼	(kǒng jù)
恐懼症	(kǒng jù zhèng)
恐曠症	(kǒng kuàng zhèng)
恐狼	(kǒng láng)
恐龍	(kǒng lóng)
恐龍類	(kǒng lóng lèi)
恐龍妹	(kǒng lóng mèi)
恐龍總目	(kǒng lóng zǒng mù)
恐鳥	(kǒng niǎo)
恐怕	(kǒng pà)
恐水病	(kǒng shuǐ bìng)
恐水症	(kǒng shuǐ zhèng)
恐同	(kǒng tóng)
恐同症	(kǒng tóng zhèng)
恐襲	(kǒng xí)
恐嚇	(kǒng hè)
恐血症	(kǒng xuè zhèng)
控	(kòng)
控辯	(kòng biàn)
控辯交易	(kòng biàn jiāo yì)
控辯協議	(kòng biàn xié yì)
控方	(kòng fāng)
控告	(kòng gào)
控股	(kòng gǔ)
控股公司	(kòng gǔ gōng sī)
控管	(kòng guǎn)
控規	(kòng guī)
控件	(kòng jiàn)
控評	(kòng píng)
控球後衛	(kòng qiú hòu wèi)
控訴	(kòng sù)
控衛	(kòng wèi)
控制	(kòng zhì)
控制棒	(kòng zhì bàng)
控制桿	(kòng zhì gǎn)
控制狂	(kòng zhì kuáng)
控制論	(kòng zhì lùn)
控制權	(kòng zhì quán)
控制室	(kòng zhì shì)
控制臺	(kòng zhì tái)
控罪	(kòng zuì)
摳	(kōu)
摳腳	(kōu jiǎo)
摳門	(kōu mén)
摳門兒	(kōu mén r)
摳搜	(kōu sou)
摳圖	(kōu tú)
摳字眼	(kōu zì yǎn)
摳字眼兒	(kōu zì yǎn r)
彄	(kōu)
口	(kǒu)
口岸	(kǒu àn)
口白	(kǒu bái)
口爆	(kǒu bào)
口碑	(kǒu bēi)
口碑流傳	(kǒu bēi liú chuán)
口碑載道	(kǒu bēi zài dào)
口北	(kǒu běi)
口鼻	(kǒu bí)
口播	(kǒu bō)
口不應心	(kǒu bù yìng xīn)
口不擇言	(kǒu bù zé yán)
口才	(kǒu cái)
口彩	(kǒu cǎi)
口稱	(kǒu chēng)
口吃	(kǒu chī)
口齒	(kǒu chǐ)
口齒不清	(kǒu chǐ bù qīng)
口齒伶俐	(kǒu chǐ líng lì)
口齒清楚	(kǒu chǐ qīng chu)
口齒生香	(kǒu chǐ shēng xiāng)
口臭	(kǒu chòu)
口出狂言	(kǒu chū kuáng yán)
口傳	(kǒu chuán)
口瘡	(kǒu chuāng)
口袋	(kǒu dài)
口袋餅	(kǒu dài bǐng)
口袋妖怪	(kǒu dài yāo guài)
口袋罪	(kǒu dài zuì)
口德	(kǒu dé)
口風	(kǒu fēng)
口風琴	(kǒu fēng qín)
口鋒	(kǒu fēng)
口服	(kǒu fú)
口服補液鹽	(kǒu fú bǔ yè yán)
口服液	(kǒu fú yè)
口福	(kǒu fú)
口腹	(kǒu fù)
口腹之慾	(kǒu fù zhī yù)
口感	(kǒu gǎn)
口供	(kǒu gòng)
口號	(kǒu hào)
口紅	(kǒu hóng)
口紅膠	(kǒu hóng jiāo)
口湖	(kǒu hú)
口湖鄉	(kǒu hú xiāng)
口糊	(kǒu hú)
口簧	(kǒu huáng)
口簧琴	(kǒu huáng qín)
口活	(kǒu huó)
口技	(kǒu jì)
口交	(kǒu jiāo)
口角	(kǒu jué)
口角戰	(kǒu jiǎo zhàn)
口徑	(kǒu jìng)
口訣	(kǒu jué)
口嚼酒	(kǒu jiáo jiǔ)
口渴	(kǒu kě)
口口聲聲	(kǒu kou shēng shēng)
口糧	(kǒu liáng)
口令	(kǒu lìng)
口絡	(kǒu luò)
口蜜腹劍	(kǒu mì fù jiàn)
口蘑	(kǒu mó)
口沫	(kǒu mò)
口沫橫飛	(kǒu mò héng fēi)
口訥	(kǒu nè)
口皮	(kǒu pí)
口氣	(kǒu qì)
口器	(kǒu qì)
口乾舌燥	(kǒu gān shé zào)
口腔	(kǒu qiāng)
口腔潰瘍	(kǒu qiāng kuì yáng)
口腔炎	(kǒu qiāng yán)
口琴	(kǒu qín)
口球	(kǒu qiú)
口若懸河	(kǒu ruò xuán hé)
口哨	(kǒu shào)
口舌	(kǒu shé)
口射	(kǒu shè)
口實	(kǒu shí)
口是心非	(kǒu shì xīn fēi)
口試	(kǒu shì)
口述	(kǒu shù)
口水	(kǒu shuǐ)
口水歌	(kǒu shuǐ gē)
口水雞	(kǒu shuǐ jī)
口水佬	(kǒu shuǐ lǎo)
口水戰	(kǒu shuǐ zhàn)
口水仗	(kǒu shuǐ zhàng)
口說無憑	(kǒu shuō wú píng)
口蹄疫	(kǒu tí yì)
口甜	(kǒu tián)
口條	(kǒu tiáo)
口頭	(kǒu tóu)
口頭禪	(kǒu tóu chán)
口頭語	(kǒu tóu yǔ)
口味	(kǒu wèi)
口吻	(kǒu wěn)
口無擇言	(kǒu wú zé yán)
口無遮攔	(kǒu wú zhē lán)
口誤	(kǒu wù)
口吸盤	(kǒu xī pán)
口弦	(kǒu xián)
口嫌體正直	(kǒu xián tǐ zhèng zhí)
口嫌體直	(kǒu xián tǐ zhí)
口香糖	(kǒu xiāng táng)
口信	(kǒu xìn)
口形	(kǒu xíng)
口型	(kǒu xíng)
口眼歪斜	(kǒu yǎn wāi xié)
口譯	(kǒu yì)
口譯員	(kǒu yì yuán)
口音	(kǒu yin)
口淫	(kǒu yín)
口語	(kǒu yǔ)
口語溝通	(kǒu yǔ gōu tōng)
口欲期	(kǒu yù qī)
口罩	(kǒu zhào)
口誅筆伐	(kǒu zhū bǐ fá)
口子	(kǒu zi)
口足目	(kǒu zú mù)
叩	(kòu)
叩拜	(kòu bài)
叩關	(kòu guān)
叩見	(kòu jiàn)
叩門	(kòu mén)
叩球	(kòu qiú)
叩首	(kòu shǒu)
叩頭	(kòu tóu)
叩問	(kòu wèn)
叩謁	(kòu yè)
叩應	(kòu yìng)
扣	(kòu)
扣查	(kòu chá)
扣除	(kòu chú)
扣帶回	(kòu dài huí)
扣動	(kòu dòng)
扣發	(kòu fā)
扣分	(kòu fēn)
扣關	(kòu guān)
扣環	(kòu huán)
扣擊	(kòu jī)
扣繳	(kòu jiǎo)
扣扣	(kòu kòu)
扣籃	(kòu lán)
扣留	(kòu liú)
扣帽子	(kòu mào zi)
扣襻	(kòu pàn)
扣球	(kòu qiú)
扣去	(kòu qù)
扣人心弦	(kòu rén xīn xián)
扣肉	(kòu ròu)
扣殺	(kòu shā)
扣上	(kòu shàng)
扣屎盔子	(kòu shǐ kuī zi)
扣屎盆子	(kòu shǐ pén zi)
扣式電池	(kòu shì diàn chí)
扣題	(kòu tí)
扣問	(kòu wèn)
扣押	(kòu yā)
扣壓	(kòu yā)
扣應	(kòu yìng)
扣住	(kòu zhù)
怐	(kòu)
怐愗	(kòu mào)
敂	(kòu)
㓂	(kòu)
宼	(kòu)
寇	(kòu)
寇攘	(kòu rǎng)
寇準	(kòu zhǔn)
刳	(kū)
枯	(kū)
枯草	(kū cǎo)
枯草桿菌	(kū cǎo gǎn jūn)
枯草熱	(kū cǎo rè)
枯槁	(kū gǎo)
枯寂	(kū jì)
枯竭	(kū jié)
枯茗	(kū míng)
枯木	(kū mù)
枯木逢春	(kū mù féng chūn)
枯乾	(kū gān)
枯樹	(kū shù)
枯水	(kū shuǐ)
枯水期	(kū shuǐ qī)
枯死	(kū sǐ)
枯萎	(kū wěi)
枯萎病	(kū wěi bìng)
枯朽	(kū xiǔ)
枯葉	(kū yè)
枯葉劑	(kū yè jì)
枯燥	(kū zào)
枯燥無味	(kū zào wú wèi)
哭	(kū)
哭鼻子	(kū bí zi)
哭得死去活來	(kū de sǐ qù huó lái)
哭喊	(kū hǎn)
哭哭啼啼	(kū ku tí tí)
哭臉	(kū liǎn)
哭靈	(kū líng)
哭鬧	(kū nào)
哭泣	(kū qì)
哭腔	(kū qiāng)
哭牆	(kū qiáng)
哭窮	(kū qióng)
哭秋風	(kū qiū fēng)
哭喪	(kū sāng)
哭喪棒	(kū sāng bàng)
哭喪臉	(kū sang liǎn)
哭喪著臉	(kū sang zhe liǎn)
哭聲	(kū shēng)
哭訴	(kū sù)
哭天抹淚	(kū tiān mǒ lèi)
哭笑不得	(kū xiào bù dé)
堀	(kū)
圐	(kū)
圐圙	(kū lüè)
楛	(kǔ)
庫	(kù)
庫布里克	(kù bù lǐ kè)
庫藏	(kù cáng)
庫車市	(kù chē shì)
庫存	(kù cún)
庫存現金	(kù cún xiàn jīn)
庫德	(kù dé)
庫德斯坦	(kù dé sī tǎn)
庫爾	(kù ěr)
庫爾德	(kù ěr dé)
庫爾德工人黨	(kù ěr dé gōng rén dǎng)
庫爾德人	(kù ěr dé rén)
庫爾德斯坦	(kù ěr dé sī tǎn)
庫爾勒市	(kù ěr lè shì)
庫爾尼科娃	(kù ěr ní kē wá)
庫爾斯克	(kù ěr sī kè)
庫房	(kù fáng)
庫工黨	(kù gōng dǎng)
庫克	(kù kè)
庫克船長	(kù kè chuán zhǎng)
庫克群島	(kù kè qún dǎo)
庫克山	(kù kè shān)
庫肯霍夫公園	(kù kěn huò fū gōng yuán)
庫拉索	(kù lā suǒ)
庫里提巴	(kù lǐ tí bā)
庫魯病	(kù lǔ bìng)
庫侖	(kù lún)
庫侖計	(kù lún jì)
庫倫	(kù lún)
庫倫旗	(kù lún qí)
庫姆	(kù mǔ)
庫姆塔格沙漠	(kù mǔ tǎ gé shā mò)
庫木吐拉千佛洞	(kù mù tǔ lā qiān fó dòng)
庫納	(kù nà)
庫珀帶	(kù pò dài)
庫頁島	(kù yè dǎo)
庫頁島柳鶯	(kù yè dǎo liǔ yīng)
嚳	(kù)
夸	(kuā)
夸克	(kuā kè)
夸夸其談	(kuā kuā qí tán)
姱	(kuā)
侉	(kuǎ)
侉子	(kuǎ zi)
垮	(kuǎ)
垮臉	(kuǎ liǎn)
垮塌	(kuǎ tā)
垮臺	(kuǎ tái)
㐄	(kuà)
挎	(kuà)
挎包	(kuà bāo)
挎兜	(kuà dōu)
挎兜兒	(kuà dōu r)
挎斗	(kuà dǒu)
擓	(kuǎi)
巜	(kuài)
快	(kuài)
快班	(kuài bān)
快板	(kuài bǎn)
快板兒	(kuài bǎn r)
快報	(kuài bào)
快步	(kuài bù)
快步流星	(kuài bù liú xīng)
快步跑	(kuài bù pǎo)
快餐	(kuài cān)
快餐部	(kuài cān bù)
快餐店	(kuài cān diàn)
快餐交友	(kuài cān jiāo yǒu)
快測	(kuài cè)
快炒店	(kuài chǎo diàn)
快車	(kuài chē)
快車道	(kuài chē dào)
快充	(kuài chōng)
快船	(kuài chuán)
快當	(kuài dang)
快刀斷亂麻	(kuài dāo duàn luàn má)
快刀斬亂麻	(kuài dāo zhǎn luàn má)
快遞	(kuài dì)
快遞員	(kuài dì yuán)
快點	(kuài diǎn)
快點兒	(kuài diǎn r)
快感	(kuài gǎn)
快感中心	(kuài gǎn zhōng xīn)
快攻	(kuài gōng)
快鍋	(kuài guō)
快活	(kuài huo)
快件	(kuài jiàn)
快捷	(kuài jié)
快捷方式	(kuài jié fāng shì)
快捷鍵	(kuài jié jiàn)
快進	(kuài jìn)
快可立	(kuài kě lì)
快馬加鞭	(kuài mǎ jiā biān)
快慢	(kuài màn)
快門	(kuài mén)
快錢	(kuài qián)
快取	(kuài qǔ)
快篩	(kuài shāi)
快閃	(kuài shǎn)
快閃存儲器	(kuài shǎn cún chǔ qì)
快閃黨	(kuài shǎn dǎng)
快閃記憶體	(kuài shǎn jì yì tǐ)
快閃記憶體盤	(kuài shǎn jì yì tǐ pán)
快閃族	(kuài shǎn zú)
快時尚	(kuài shí shàng)
快手	(kuài shǒu)
快熟麵	(kuài shú miàn)
快速	(kuài sù)
快速動眼期	(kuài sù dòng yǎn qī)
快速記憶法	(kuài sù jì yì fǎ)
快速篩檢	(kuài sù shāi jiǎn)
快速以太網絡	(kuài sù yǐ tài wǎng luò)
快速診斷測試	(kuài sù zhěn duàn cè shì)
快碳	(kuài tàn)
快艇	(kuài tǐng)
快退	(kuài tuì)
快慰	(kuài wèi)
快消	(kuài xiāo)
快消品	(kuài xiāo pǐn)
快信	(kuài xìn)
快行道	(kuài xíng dào)
快訊	(kuài xùn)
快要	(kuài yào)
快意	(kuài yì)
快魚	(kuài yú)
快樂	(kuài lè)
快樂大本營	(kuài lè dà běn yíng)
快照	(kuài zhào)
快中子	(kuài zhōng zǐ)
快煮壺	(kuài zhǔ hú)
快轉	(kuài zhuǎn)
快嘴	(kuài zuǐ)
塊	(kuài)
塊兒八毛	(kuài r bā máo)
塊根	(kuài gēn)
塊規	(kuài guī)
塊莖	(kuài jīng)
塊菌	(kuài jūn)
塊壘	(kuài lěi)
塊煤	(kuài méi)
塊體	(kuài tǐ)
塊頭	(kuài tóu)
塊狀	(kuài zhuàng)
儈	(kuài)
廥	(kuài)
廥倉	(kuài cāng)
旝	(kuài)
寬	(kuān)
寬敞	(kuān chang)
寬暢	(kuān chàng)
寬城滿族自治縣	(kuān chéng mǎn zú zì zhì xiàn)
寬城區	(kuān chéng qū)
寬綽	(kuān chuo)
寬打窄用	(kuān dǎ zhǎi yòng)
寬大	(kuān dà)
寬大為懷	(kuān dà wéi huái)
寬待	(kuān dài)
寬帶	(kuān dài)
寬貸	(kuān dài)
寬甸滿族自治縣	(kuān diàn mǎn zú zì zhì xiàn)
寬度	(kuān dù)
寬泛	(kuān fàn)
寬斧	(kuān fǔ)
寬廣	(kuān guǎng)
寬廣度	(kuān guǎng dù)
寬弘	(kuān hóng)
寬宏	(kuān hóng)
寬宏大度	(kuān hóng dà dù)
寬宏大量	(kuān hóng dà liàng)
寬洪	(kuān hóng)
寬洪大度	(kuān hóng dà dù)
寬洪大量	(kuān hóng dà liàng)
寬厚	(kuān hòu)
寬緩	(kuān huǎn)
寬假	(kuān jiǎ)
寬減	(kuān jiǎn)
寬膠帶	(kuān jiāo dài)
寬解	(kuān jiě)
寬口	(kuān kǒu)
寬曠	(kuān kuàng)
寬闊	(kuān kuò)
寬亮	(kuān liàng)
寬免	(kuān miǎn)
寬頻	(kuān pín)
寬屏	(kuān píng)
寬饒	(kuān ráo)
寬容	(kuān róng)
寬赦	(kuān shè)
寬舒	(kuān shū)
寬恕	(kuān shù)
寬爽	(kuān shuǎng)
寬鬆	(kuān sōng)
寬尾樹鶯	(kuān wěi shù yīng)
寬慰	(kuān wèi)
寬吻海豚	(kuān wěn hǎi tún)
寬限	(kuān xiàn)
寬限期	(kuān xiàn qī)
寬心	(kuān xīn)
寬心丸	(kuān xīn wán)
寬心丸兒	(kuān xīn wán r)
寬衣	(kuān yī)
寬衣解帶	(kuān yī jiě dài)
寬以待人	(kuān yǐ dài rén)
寬銀幕電影	(kuān yín mù diàn yǐng)
寬影片	(kuān yǐng piàn)
寬宥	(kuān yòu)
寬餘	(kuān yú)
寬裕	(kuān yù)
寬窄	(kuān zhǎi)
寬展	(kuān zhǎn)
寬嘴鶲鶯	(kuān zuǐ wēng yīng)
梡	(kuǎn)
欵	(kuǎn)
款	(kuǎn)
款步	(kuǎn bù)
款待	(kuǎn dài)
款到發貨	(kuǎn dào fā huò)
款冬	(kuǎn dōng)
款段	(kuǎn duàn)
款兒	(kuǎn r)
款伏	(kuǎn fú)
款服	(kuǎn fú)
款款	(kuǎn kuǎn)
款式	(kuǎn shi)
款項	(kuǎn xiàng)
款宴	(kuǎn yàn)
款子	(kuǎn zi)
匡	(kuāng)
匡扶社稷	(kuāng fú shè jì)
匡正	(kuāng zhèng)
劻	(kuāng)
哐	(kuāng)
哐哐啷啷	(kuāng kuāng lāng lāng)
哐啷	(kuāng lāng)
恇	(kuāng)
夼	(kuǎng)
框	(kuàng)
框架	(kuàng jià)
框框	(kuàng kuang)
框圖	(kuàng tú)
框子	(kuàng zi)
壙	(kuàng)
曠	(kuàng)
曠達	(kuàng dá)
曠代	(kuàng dài)
曠地	(kuàng dì)
曠廢	(kuàng fèi)
曠費	(kuàng fèi)
曠夫	(kuàng fū)
曠工	(kuàng gōng)
曠古	(kuàng gǔ)
曠古未聞	(kuàng gǔ wèi wén)
曠古未有	(kuàng gǔ wèi yǒu)
曠課	(kuàng kè)
曠闊	(kuàng kuò)
曠渺	(kuàng miǎo)
曠日持久	(kuàng rì chí jiǔ)
曠時攝影	(kuàng shí shè yǐng)
曠世	(kuàng shì)
曠野	(kuàng yě)
曠職	(kuàng zhí)
刲	(kuī)
悝	(kuī)
奎	(kuí)
奎寧	(kuí níng)
奎寧水	(kuí níng shuǐ)
奎屯市	(kuí tún shì)
奎文區	(kuí wén qū)
揆	(kuí)
喹	(kuí)
喹諾酮	(kuí nuò tóng)
暌	(kuí)
暌隔	(kuí gé)
暌違	(kuí wéi)
戣	(kuí)
櫆	(kuí)
櫆師	(kuí shī)
夔	(kuí)
夔夔	(kuí kuí)
夔州	(kuí zhōu)
傀	(guī)
傀儡	(kuǐ lěi)
傀儡戲	(kuǐ lěi xì)
傀儡政權	(kuǐ lěi zhèng quán)
卼	(wù)
喟	(kuì)
愧	(kuì)
愧不敢當	(kuì bù gǎn dāng)
愧對	(kuì duì)
愧汗	(kuì hàn)
愧恨	(kuì hèn)
愧悔無地	(kuì huǐ wú dì)
愧疚	(kuì jiù)
愧赧	(kuì nǎn)
愧色	(kuì sè)
愧怍	(kuì zuò)
媿	(kuì)
匱	(kuì)
匱乏	(kuì fá)
匱竭	(kuì jié)
匱缺	(kuì quē)
憒	(kuì)
樻	(guì)
巋	(kuī)
坤	(kūn)
坤包	(kūn bāo)
坤甸	(kūn diàn)
昆	(kūn)
昆布	(kūn bù)
昆蟲	(kūn chóng)
昆蟲學	(kūn chóng xué)
昆都侖區	(kūn dū lún qū)
昆卡	(kūn kǎ)
昆明湖	(kūn míng hú)
昆明市	(kūn míng shì)
昆士蘭州	(kūn shì lán zhōu)
昆汀	(kūn tīng)
昆汀·塔倫蒂諾	(kūn tīng · tǎ lún dì nuò)
昆汀·塔倫提諾	(kūn tīng · tǎ lún tí nuò)
昆廷	(kūn tíng)
昆玉	(kūn yù)
昆仲	(kūn zhòng)
晜	(kūn)
崐	(kūn)
崑	(kūn)
崑崙	(kūn lún)
崑崙山	(kūn lún shān)
崑崙山脈	(kūn lún shān mài)
崑曲	(kūn qǔ)
崑山市	(kūn shān shì)
崑士蘭	(kūn shì lán)
堃	(kūn)
捆	(kǔn)
捆綁	(kǔn bǎng)
捆縛	(kǔn fù)
捆紮	(kǔn zā)
悃	(kǔn)
梱	(kǔn)
壼	(kǔn)
困	(kùn)
困頓	(kùn dùn)
困厄	(kùn è)
困惑	(kùn huò)
困惑不解	(kùn huò bù jiě)
困境	(kùn jìng)
困窘	(kùn jiǒng)
困局	(kùn jú)
困倦	(kùn juàn)
困苦	(kùn kǔ)
困難	(kùn nan)
困難在於	(kùn nan zài yú)
困擾	(kùn rǎo)
困守	(kùn shǒu)
困獸猶鬥	(kùn shòu yóu dòu)
括	(kuò)
括毒	(kuò dú)
括號	(kuò hào)
括弧	(kuò hú)
括線	(kuò xiàn)
括約肌	(kuò yuē jī)
廓	(kuò)
廓清	(kuò qīng)
彉	(guō)
擴	(kuò)
擴版	(kuò bǎn)
擴編	(kuò biān)
擴表	(kuò biǎo)
擴充	(kuò chōng)
擴大	(kuò dà)
擴大化	(kuò dà huà)
擴大再生產	(kuò dà zài shēng chǎn)
擴及	(kuò jí)
擴建	(kuò jiàn)
擴軍	(kuò jūn)
擴孔	(kuò kǒng)
擴列	(kuò liè)
擴容	(kuò róng)
擴散	(kuò sàn)
擴散周知	(kuò sàn zhōu zhī)
擴胸器	(kuò xiōng qì)
擴音	(kuò yīn)
擴音機	(kuò yīn jī)
擴音器	(kuò yīn qì)
擴印	(kuò yìn)
擴增	(kuò zēng)
擴增實境	(kuò zēng shí jìng)
擴展	(kuò zhǎn)
擴展程序	(kuò zhǎn chéng xù)
擴展名	(kuò zhǎn míng)
擴展塢	(kuò zhǎn wù)
擴張	(kuò zhāng)
擴招	(kuò zhāo)
彍	(guō)
垃	(lā)
垃圾	(lā jī)
垃圾車	(lā jī chē)
垃圾堆	(lā jī duī)
垃圾分類	(lā jī fēn lèi)
垃圾工	(lā jī gōng)
垃圾股	(lā jī gǔ)
垃圾食品	(lā jī shí pǐn)
垃圾桶	(lā jī tǒng)
垃圾筒	(lā jī tǒng)
垃圾箱	(lā jī xiāng)
垃圾郵件	(lā jī yóu jiàn)
拉	(lá)
拉K	(lā k)
拉巴斯	(lā bā sī)
拉巴特	(lā bā tè)
拉㞎㞎	(lā bǎ ba)
拉白布條	(lā bái bù tiáo)
拉包爾	(lā bāo ěr)
拉比	(lā bǐ)
拉卜楞寺	(lā bǔ léng sì)
拉不出屎來怨茅房	(lā bù chū shǐ lái yuàn máo fáng)
拉布	(lā bù)
拉布布	(lā bù bu)
拉布拉多	(lā bù lā duō)
拉茶	(lā chá)
拉碴	(lā chā)
拉長	(lā cháng)
拉長臉	(lā cháng liǎn)
拉場子	(lā chǎng zi)
拉扯	(lā che)
拉扯大	(lā che dà)
拉仇恨	(lā chóu hèn)
拉達克	(lā dá kè)
拉大便	(lā dà biàn)
拉大旗作虎皮	(lā dà qí zuò hǔ pí)
拉大條	(lā dà tiáo)
拉倒	(lā dǎo)
拉德	(lā dé)
拉登	(lā dēng)
拉狄克	(lā dí kè)
拉丁	(lā dīng)
拉丁方塊	(lā dīng fāng kuài)
拉丁化	(lā dīng huà)
拉丁美洲	(lā dīng měi zhōu)
拉丁文	(lā dīng wén)
拉丁文字	(lā dīng wén zì)
拉丁舞	(lā dīng wǔ)
拉丁語	(lā dīng yǔ)
拉丁字母	(lā dīng zì mǔ)
拉動	(lā dòng)
拉肚子	(lā dù zi)
拉頓	(lā dùn)
拉爾夫	(lā ěr fū)
拉爾維克	(lā ěr wéi kè)
拉法格	(lā fǎ gé)
拉法赫	(lā fǎ hè)
拉法蘭	(lā fǎ lán)
拉菲草	(lā fēi cǎo)
拉斐爾	(lā fěi ěr)
拉斐特	(lā fěi tè)
拉風	(lā fēng)
拉夫	(lā fū)
拉夫堡	(lā fū bǎo)
拉夫堡大學	(lā fū bǎo dà xué)
拉夫羅夫	(lā fū luó fū)
拉夫桑賈尼	(lā fū sāng jiǎ ní)
拉蓋爾	(lā gài ěr)
拉杆	(lā gān)
拉桿箱	(lā gǎn xiāng)
拉岡	(lā gāng)
拉高	(lā gāo)
拉格比	(lā gé bǐ)
拉格朗日	(lā gé lǎng rì)
拉各斯	(lā gè sī)
拉勾	(lā gōu)
拉勾兒	(lā gōu r)
拉鉤	(lā gōu)
拉呱	(lā gua)
拉關係	(lā guān xì)
拉管	(lā guǎn)
拉合爾	(lā hé ěr)
拉赫曼尼諾夫	(lā hè màn ní nuò fū)
拉黑	(lā hēi)
拉後鉤兒	(lā hòu gōu r)
拉祜	(lā hù)
拉祜族	(lā hù zú)
拉話	(lā huà)
拉環	(lā huán)
拉活	(lā huó)
拉家常	(lā jiā cháng)
拉賈斯坦邦	(lā jiǎ sī tǎn bāng)
拉架	(lā jià)
拉交情	(lā jiāo qing)
拉筋	(lā jīn)
拉緊	(lā jǐn)
拉近	(lā jìn)
拉近距離	(lā jìn jù lí)
拉鋸	(lā jù)
拉鋸戰	(lā jù zhàn)
拉開	(lā kāi)
拉開架勢	(lā kāi jià shi)
拉開序幕	(lā kāi xù mù)
拉科魯尼亞	(lā kē lǔ ní yà)
拉克替醇	(lā kè tì chún)
拉客	(lā kè)
拉胯	(lā kuà)
拉奎拉	(lā kuí lā)
拉拉	(lā lā)
拉拉扯扯	(lā lā chě chě)
拉拉隊	(lā lā duì)
拉拉蛄	(là là gǔ)
拉里	(lā lǐ)
拉力	(lā lì)
拉力器	(lā lì qì)
拉力賽	(lā lì sài)
拉練	(lā liàn)
拉鏈	(lā liàn)
拉鏈袋	(lā liàn dài)
拉攏	(lā lǒng)
拉魯	(lā lǔ)
拉魯濕地國家自然保護區	(lā lǔ shī dì guó jiā zì rán bǎo hù qū)
拉馬丹	(lā mǎ dān)
拉馬特甘	(lā mǎ tè gān)
拉滿	(lā mǎn)
拉美	(lā měi)
拉美西斯	(lā měi xī sī)
拉米夫定	(lā mǐ fū dìng)
拉麵	(lā miàn)
拉磨	(lā mò)
拉莫斯	(lā mò sī)
拉姆安拉	(lā mǔ ān lā)
拉那烈	(lā nà liè)
拉納卡	(lā nà kǎ)
拉尼娜	(lā ní nà)
拉尼婭	(lā ní yà)
拉帕斯	(lā pà sī)
拉坯	(lā pī)
拉皮	(lā pí)
拉皮條	(lā pí tiáo)
拉票	(lā piào)
拉平	(lā píng)
拉普拉斯	(lā pǔ lā sī)
拉普蘭	(lā pǔ lán)
拉齊奧	(lā qí ào)
拉青格	(lā qīng gé)
拉取	(lā qǔ)
拉入	(lā rù)
拉撒路	(lā sā lù)
拉薩市	(lā sà shì)
拉薩條約	(lā sà tiáo yuē)
拉森	(lā sēn)
拉沙病毒	(lā shā bìng dú)
拉山頭	(lā shān tóu)
拉傷	(lā shāng)
拉伸	(lā shēn)
拉伸強度	(lā shēn qiáng dù)
拉什卡爾加	(lā shí kǎ ěr jiā)
拉什莫爾山	(lā shí mò ěr shān)
拉生意	(lā shēng yì)
拉屎	(lā shǐ)
拉手	(lā shǒu)
拉斯穆森	(lā sī mù sēn)
拉斯帕爾馬斯	(lā sī pà ěr mǎ sī)
拉斯維加斯	(lā sī wéi jiā sī)
拉絲模	(lā sī mó)
拉鎖	(lā suǒ)
拉抬	(lā tái)
拉脫維亞	(lā tuō wéi yà)
拉瓦爾	(lā wǎ ěr)
拉瓦錫	(lā wǎ xī)
拉文克勞	(lā wén kè láo)
拉文納	(lā wén nà)
拉稀	(lā xī)
拉下臉	(lā xià liǎn)
拉辛	(lā xīn)
拉新	(lā xīn)
拉匝祿	(lā zā lù)
拉雜	(lā zá)
拉製	(lā zhì)
拉孜縣	(lā zī xiàn)
拉茲莫夫斯基	(lā zī mò fū sī jī)
旯	(lá)
剌	(là)
揦	(là)
揦子	(lá zi)
喇	(lā)
喇叭	(lǎ ba)
喇叭花	(lǎ ba huā)
喇叭褲	(lǎ ba kù)
喇叭裙	(lǎ ba qún)
喇叭水仙	(lā bā shuǐ xiān)
喇叭形	(lǎ ba xíng)
喇合	(lǎ hé)
喇嘛	(lǎ ma)
喇嘛教	(lǎ ma jiào)
喇嘛廟	(lǎ ma miào)
喇賽	(lā sài)
喇沙	(lǎ shā)
喇舌	(lǎ jī)
楋	(là)
䗶	(là)
啦	(la)
啦呱	(lā gua)
啦啦隊	(lā lā duì)
啦啦隊長	(lā lā duì zhǎng)
來	(lái)
來M	(lái m)
來安縣	(lái ān xiàn)
來賓	(lái bīn)
來賓市	(lái bīn shì)
來不得	(lái bu dé)
來不及	(lái bu jí)
來朝	(lái zhāo)
來潮	(lái cháo)
來到	(lái dào)
來得	(lái de)
來得及	(lái de jí)
來得早不如來得巧	(lái de zǎo bù rú lái de qiǎo)
來電	(lái diàn)
來電答鈴	(lái diàn dá líng)
來電顯示	(lái diàn xiǎn shì)
來而不往非禮也	(lái ér bù wǎng fēi lǐ yě)
來犯	(lái fàn)
來訪	(lái fǎng)
來訪者	(lái fǎng zhě)
來鳳縣	(lái fèng xiàn)
來福槍	(lái fú qiāng)
來福線	(lái fú xiàn)
來復槍	(lái fù qiāng)
來復線	(lái fù xiàn)
來港	(lái gǎng)
來函	(lái hán)
來鴻	(lái hóng)
來鴻去燕	(lái hóng qù yàn)
來華	(lái huá)
來回	(lái huí)
來回來去	(lái huí lái qù)
來火	(lái huǒ)
來火兒	(lái huǒ r)
來講	(lái jiǎng)
來勁	(lái jìn)
來客	(lái kè)
來歷	(lái lì)
來歷不明	(lái lì bù míng)
來臨	(lái lín)
來龍去脈	(lái lóng qù mài)
來路	(lái lù)
來路不明	(lái lù bù míng)
來年	(lái nián)
來去無蹤	(lái qù wú zōng)
來日	(lái rì)
來日方長	(lái rì fāng cháng)
來神	(lái shén)
來生	(lái shēng)
來示	(lái shì)
來世	(lái shì)
來事	(lái shì)
來勢	(lái shì)
來蘇糖	(lái sū táng)
來台	(lái tái)
來臺	(lái tái)
來頭	(lái tóu)
來往	(lái wǎng)
來文	(lái wén)
來無影，去無蹤	(lái wú yǐng , qù wú zōng)
來襲	(lái xí)
來項	(lái xiang)
來信	(lái xìn)
來意	(lái yì)
來義	(lái yì)
來義鄉	(lái yì xiāng)
來硬的	(lái yìng de)
來由	(lái yóu)
來源	(lái yuán)
來源於	(lái yuán yú)
來者不拒	(lái zhě bù jù)
來者不善，善者不來	(lái zhě bù shàn , shàn zhě bù lái)
來之不易	(lái zhī bù yì)
來著	(lái zhe)
來自	(lái zì)
來蹤去跡	(lái zōng qù jì)
唻	(lai)
崍	(lái)
徠	(lái)
棶	(lái)
棶木	(lái mù)
勑	(chì)
攋	(là)
婪	(lán)
嵐	(lán)
嵐皋縣	(lán gāo xiàn)
嵐山區	(lán shān qū)
嵐縣	(lán xiàn)
攔	(lán)
攔車	(lán chē)
攔櫃	(lán guì)
攔河壩	(lán hé bà)
攔檢	(lán jiǎn)
攔劫	(lán jié)
攔截	(lán jié)
攔路	(lán lù)
攔路虎	(lán lù hǔ)
攔網	(lán wǎng)
攔腰	(lán yāo)
攔住	(lán zhù)
攔阻	(lán zǔ)
㘓	(lán)
㘓哰	(lán láo)
欄	(lán)
欄杆	(lán gān)
欄櫃	(lán guì)
欄架	(lán jià)
欄目	(lán mù)
欄圈	(lán quān)
欄位	(lán wèi)
欄柵	(lán zhà)
斕	(lán)
囒	(lán)
囒噸	(lán dūn)
壈	(lǎn)
㩜	(lǎn)
擥	(lǎn)
懶	(lǎn)
懶癌	(lǎn ái)
懶蟲	(lǎn chóng)
懶怠	(lǎn dài)
懶蛋	(lǎn dàn)
懶得	(lǎn de)
懶得搭理	(lǎn de dā lǐ)
懶惰	(lǎn duò)
懶骨頭	(lǎn gǔ tou)
懶鬼	(lǎn guǐ)
懶漢	(lǎn hàn)
懶驢上磨屎尿多	(lǎn lǘ shàng mò shǐ niào duō)
懶貓	(lǎn māo)
懶人	(lǎn rén)
懶人包	(lǎn rén bāo)
懶人沙發	(lǎn rén shā fā)
懶散	(lǎn sǎn)
懶洋洋	(lǎn yāng yāng)
懶腰	(lǎn yāo)
懶音	(lǎn yīn)
嬾	(lǎn)
孄	(lǎn)
孏	(lǎn)
攬	(lǎn)
攬炒	(lǎn chǎo)
攬客	(lǎn kè)
攬轡澄清	(lǎn pèi chéng qīng)
攬權	(lǎn quán)
攬勝	(lǎn shèng)
攬收	(lǎn shōu)
欖	(lǎn)
欖角	(lǎn jiǎo)
啷	(lāng)
啷當	(lāng dāng)
廊	(láng)
廊坊市	(láng fáng shì)
廊酒	(láng jiǔ)
廊廟	(láng miào)
廊橋	(láng qiáo)
廊廡	(láng wǔ)
嫏	(láng)
嫏嬛	(láng huán)
榔	(láng)
榔槺	(láng kāng)
榔頭	(láng tou)
榔榆	(láng yú)
朗	(lǎng)
朗讀	(lǎng dú)
朗朗上口	(lǎng lǎng shàng kǒu)
朗姆	(lǎng mǔ)
朗姆酒	(lǎng mǔ jiǔ)
朗誦	(lǎng sòng)
朗文	(lǎng wén)
朗縣	(lǎng xiàn)
朗吟	(lǎng yín)
朗照	(lǎng zhào)
塱	(lǎng)
埌	(làng)
崀	(làng)
㫰	(làng)
撈	(lāo)
撈本	(lāo běn)
撈稻草	(lāo dào cǎo)
撈女	(lāo nǚ)
撈錢	(lāo qián)
撈取	(lāo qǔ)
撈什子	(lāo shí zi)
撈外快	(lāo wài kuài)
撈一把	(lāo yī bǎ)
撈油水	(lāo yóu shuǐ)
哰	(láo)
勞	(láo)
勞埃德	(láo āi dé)
勞動	(láo dòng)
勞動保險	(láo dòng bǎo xiǎn)
勞動報	(láo dòng bào)
勞動改造	(láo dòng gǎi zào)
勞動合同	(láo dòng hé tong)
勞動教養	(láo dòng jiào yǎng)
勞動節	(láo dòng jié)
勞動力	(láo dòng lì)
勞動模範	(láo dòng mó fàn)
勞動能力	(láo dòng néng lì)
勞動人民	(láo dòng rén mín)
勞動新聞	(láo dòng xīn wén)
勞動營	(láo dòng yíng)
勞動者	(láo dòng zhě)
勞頓	(láo dùn)
勞而無功	(láo ér wú gōng)
勞煩	(láo fán)
勞方	(láo fāng)
勞改	(láo gǎi)
勞改營	(láo gǎi yíng)
勞工	(láo gōng)
勞雇	(láo gù)
勞雇關係	(láo gù guān xì)
勞駕	(láo jià)
勞教	(láo jiào)
勞教所	(láo jiào suǒ)
勞倦	(láo juàn)
勞苦	(láo kǔ)
勞拉西泮	(láo lā xī pàn)
勞勞叨叨	(láo lao dāo dāo)
勞累	(láo lèi)
勞力	(láo lì)
勞力士	(láo lì shì)
勞碌	(láo lù)
勞倫斯	(láo lún sī)
勞民傷財	(láo mín shāng cái)
勞模	(láo mó)
勞傷	(láo shāng)
勞什子	(láo shí zi)
勞神	(láo shén)
勞斯萊斯	(láo sī lái sī)
勞損	(láo sǔn)
勞委會	(láo wěi huì)
勞務	(láo wù)
勞務費	(láo wù fèi)
勞務合同	(láo wù hé tong)
勞務交換	(láo wù jiāo huàn)
勞務人員	(láo wù rén yuán)
勞務市場	(láo wù shì chǎng)
勞心	(láo xīn)
勞心苦思	(láo xīn kǔ sī)
勞心勞力	(láo xīn láo lì)
勞燕分飛	(láo yàn fēn fēi)
勞役	(láo yì)
勞逸	(láo yì)
勞逸結合	(láo yì jié hé)
勞瘵	(láo zhài)
勞資	(láo zī)
勞資關係	(láo zī guān xì)
勞作	(láo zuò)
嘮	(lào)
嘮叨	(láo dao)
嘮嗑	(lào kē)
嘮嘮叨叨	(láo lao dāo dāo)
嶗	(láo)
嶗山	(láo shān)
嶗山區	(láo shān qū)
佬	(lǎo)
㧯	(lǎo)
咾	(lǎo)
姥	(mǔ)
姥姥	(lǎo lao)
姥娘	(lǎo niáng)
姥鯊	(lǎo shā)
姥爺	(lǎo ye)
栳	(lǎo)
嫪	(lào)
嫪毐	(lào ǎi)
仂	(lè)
仂語	(lè yǔ)
扐	(lè)
叻沙	(lè shā)
了	(liǎo)
了不得	(liǎo bu de)
了不起	(liǎo bu qǐ)
了此殘生	(liǎo cǐ cán shēng)
了當	(liǎo dàng)
了得	(liǎo de)
了斷	(liǎo duàn)
了結	(liǎo jié)
了解	(liǎo jiě)
了局	(liǎo jú)
了了	(liǎo liǎo)
了去了	(le qù le)
了卻	(liǎo què)
了卻此生	(liǎo què cǐ shēng)
了然	(liǎo rán)
了然於胸	(liǎo rán yú xiōng)
了如指掌	(liǎo rú zhǐ zhǎng)
了事	(liǎo shì)
了無	(liǎo wú)
了無生趣	(liǎo wú shēng qù)
了無新意	(liǎo wú xīn yì)
了債	(liǎo zhài)
了知	(liǎo zhī)
勒	(lè)
勒逼	(lè bī)
勒斃	(lēi bì)
勒脖子	(lēi bó zi)
勒哈費爾	(lè hā fèi ěr)
勒戒	(lè jiè)
勒緊	(lēi jǐn)
勒緊褲帶	(lēi jǐn kù dài)
勒克斯	(lè kè sī)
勒勒車	(lēi lēi chē)
勒令	(lè lìng)
勒馬	(lè mǎ)
勒龐	(lè páng)
勒殺	(lēi shā)
勒斯波斯	(lè sī bō sī)
勒斯波斯島	(lè sī bō sī dǎo)
勒死	(lēi sǐ)
勒索	(lè suǒ)
勒索軟件	(lè suǒ ruǎn jiàn)
勒索罪	(lè suǒ zuì)
勒威耶	(lè wēi yē)
勒維夫	(lè wéi fu)
勒維納斯	(lè wéi nà sī)
嫘	(léi)
嫘縈	(léi yíng)
擂	(lèi)
擂茶	(léi chá)
擂鼓鳴金	(léi gǔ míng jīn)
擂臺	(lèi tái)
擂臺賽	(lèi tái sài)
檑	(léi)
欙	(léi)
樏	(léi)
儡	(lěi)
壘	(lěi)
壘包	(lěi bāo)
壘固	(lěi gù)
壘砌	(lěi qì)
壘球	(lěi qiú)
儽	(lěi)
攂	(léi)
嘞	(lei)
崚	(léng)
塄	(léng)
棱	(léng)
楞	(léng)
楞迦	(léng jiā)
楞迦島	(léng jiā dǎo)
楞頭青	(lèng tóu qīng)
楞嚴	(lèng yán)
楞子眼	(lèng zi yǎn)
冷	(lěng)
冷傲	(lěng ào)
冷暴力	(lěng bào lì)
冷不丁	(lěng bu dīng)
冷不防	(lěng bu fáng)
冷菜	(lěng cài)
冷餐	(lěng cān)
冷藏	(lěng cáng)
冷藏車	(lěng cáng chē)
冷藏箱	(lěng cáng xiāng)
冷顫	(lěng zhan)
冷場	(lěng chǎng)
冷嘲熱諷	(lěng cháo rè fěng)
冷處理	(lěng chǔ lǐ)
冷萃	(lěng cuì)
冷萃咖啡	(lěng cuì kā fēi)
冷淡	(lěng dàn)
冷淡關係	(lěng dàn guān xì)
冷冬	(lěng dōng)
冷凍	(lěng dòng)
冷凍櫃	(lěng dòng guì)
冷凍庫	(lěng dòng kù)
冷房	(lěng fáng)
冷鋒	(lěng fēng)
冷敷	(lěng fū)
冷敷布	(lěng fū bù)
冷宮	(lěng gōng)
冷汗	(lěng hàn)
冷話	(lěng huà)
冷寂	(lěng jì)
冷靜	(lěng jìng)
冷靜期	(lěng jìng qī)
冷峻	(lěng jùn)
冷空氣	(lěng kōng qì)
冷酷	(lěng kù)
冷酷無情	(lěng kù wú qíng)
冷冷	(lěng lěng)
冷冷清清	(lěng lěng qīng qīng)
冷厲	(lěng lì)
冷鏈	(lěng liàn)
冷冽	(lěng liè)
冷落	(lěng luò)
冷媒	(lěng méi)
冷門	(lěng mén)
冷面	(lěng miàn)
冷麵	(lěng miàn)
冷漠	(lěng mò)
冷奴	(lěng nú)
冷暖	(lěng nuǎn)
冷暖房	(lěng nuǎn fáng)
冷盤	(lěng pán)
冷盆	(lěng pén)
冷僻	(lěng pì)
冷啟動	(lěng qǐ dòng)
冷氣	(lěng qì)
冷氣機	(lěng qì jī)
冷氣衫	(lěng qì shān)
冷槍	(lěng qiāng)
冷切	(lěng qiè)
冷清	(lěng qīng)
冷清清	(lěng qīng qīng)
冷卻	(lěng què)
冷卻劑	(lěng què jì)
冷卻水	(lěng què shuǐ)
冷卻塔	(lěng què tǎ)
冷熱病	(lěng rè bìng)
冷熱度數	(lěng rè dù shù)
冷若冰霜	(lěng ruò bīng shuāng)
冷色	(lěng sè)
冷澀	(lěng sè)
冷森森	(lěng sēn sēn)
冷水	(lěng shuǐ)
冷水機組	(lěng shuǐ jī zǔ)
冷水江市	(lěng shuǐ jiāng shì)
冷水灘區	(lěng shuǐ tān qū)
冷絲絲	(lěng sī sī)
冷颼颼	(lěng sōu sōu)
冷天	(lěng tiān)
冷笑	(lěng xiào)
冷笑話	(lěng xiào hua)
冷血	(lěng xuè)
冷血動物	(lěng xuè dòng wù)
冷軋	(lěng zhá)
冷言冷語	(lěng yán lěng yǔ)
冷眼	(lěng yǎn)
冷眼旁觀	(lěng yǎn páng guān)
冷艷	(lěng yàn)
冷飲	(lěng yǐn)
冷語	(lěng yǔ)
冷語冰人	(lěng yǔ bīng rén)
冷遇	(lěng yù)
冷戰	(lěng zhàn)
冷知識	(lěng zhī shi)
冷字	(lěng zì)
堎	(líng)
愣	(lèng)
愣幹	(lèng gàn)
愣勁兒	(lèng jìn r)
愣神兒	(lèng shén r)
愣說	(lèng shuō)
愣頭愣腦	(lèng tóu lèng nǎo)
愣頭青	(lèng tóu qīng)
哩	(lǐ)
哩哩啦啦	(lī lī lā lā)
哩哩羅羅	(lī lī luō luō)
哩哩囉囉	(lī li luō luō)
哩溜歪斜	(lī liū wāi xié)
唎	(lì)
厘	(lí)
厘金	(lí jīn)
梸	(lí)
梨	(lí)
梨果	(lí guǒ)
梨花帶雨	(lí huā dài yǔ)
梨俱吠陀	(lí jù fèi tuó)
梨屬	(lí shǔ)
梨樹	(lí shù)
梨樹區	(lí shù qū)
梨樹縣	(lí shù xiàn)
梨渦	(lí wō)
梨園	(lí yuán)
梨園子弟	(lí yuán zǐ dì)
梨子	(lí zi)
喱	(lí)
棃	(lí)
剺	(lí)
嫠	(lí)
嫠婦	(lí fù)
嫠節	(lí jié)
樆	(lí)
嚟	(lì)
斄	(tái)
劙	(lí)
李	(lǐ)
李安	(lǐ ān)
李翱	(lǐ áo)
李白	(lǐ bái)
李百藥	(lǐ bǎi yào)
李寶嘉	(lǐ bǎo jiā)
李冰	(lǐ bīng)
李冰冰	(lǐ bīng bīng)
李伯元	(lǐ bó yuán)
李卜克內西	(lǐ bo kè nèi xī)
李滄區	(lǐ cāng qū)
李昌鎬	(lǐ chāng hào)
李長春	(lǐ cháng chūn)
李朝威	(lǐ cháo wēi)
李成桂	(lǐ chéng guì)
李成江	(lǐ chéng jiāng)
李大釗	(lǐ dà zhāo)
李代數	(lǐ dài shù)
李代桃僵	(lǐ dài táo jiāng)
李德林	(lǐ dé lín)
李耳	(lǐ ěr)
李昉	(lǐ fǎng)
李富春	(lǐ fù chūn)
李格非	(lǐ gé fēi)
李廣	(lǐ guǎng)
李鬼	(lǐ guǐ)
李國豪	(lǐ guó háo)
李賀	(lǐ hè)
李洪志	(lǐ hóng zhì)
李鴻章	(lǐ hóng zhāng)
李鴻章雜碎	(lǐ hóng zhāng zá sui)
李後主	(lǐ hòu zhǔ)
李懷遠	(lǐ huái yuǎn)
李會昌	(lǐ huì chāng)
李季蘭	(lǐ jì lán)
李嘉誠	(lǐ jiā chéng)
李嘉欣	(lǐ jiā xīn)
李建成	(lǐ jiàn chéng)
李劼人	(lǐ jié rén)
李靖	(lǐ jìng)
李俊	(lǐ jùn)
李悝	(lǐ kuī)
李逵	(lǐ kuí)
李嵐清	(lǐ lán qīng)
李麗珊	(lǐ lì shān)
李連杰	(lǐ lián jié)
李林甫	(lǐ lín fǔ)
李綠園	(lǐ lǜ yuán)
李敏勇	(lǐ mǐn yǒng)
李木	(lǐ mù)
李娜	(lǐ nà)
李清照	(lǐ qīng zhào)
李群	(lǐ qún)
李汝珍	(lǐ rǔ zhēn)
李瑞環	(lǐ ruì huán)
李商隱	(lǐ shāng yǐn)
李時珍	(lǐ shí zhēn)
李氏	(lǐ shì)
李氏朝鮮	(lǐ shì cháo xiǎn)
李樹	(lǐ shù)
李舜臣	(lǐ shùn chén)
李斯特	(lǐ sī tè)
李斯特菌	(lǐ sī tè jūn)
李斯特氏桿菌	(lǐ sī tè shì gǎn jūn)
李斯特氏菌	(lǐ sī tè shì jūn)
李四	(lǐ sì)
李四光	(lǐ sì guāng)
李天祿	(lǐ tiān lù)
李天王	(lǐ tiān wáng)
李鐵	(lǐ tiě)
李鐵拐	(lǐ tiě guǎi)
李娃傳	(lǐ wá zhuàn)
李維	(lǐ wéi)
李維史陀	(lǐ wéi shǐ tuó)
李維斯	(lǐ wéi sī)
李衛公	(lǐ wèi gōng)
李玟	(lǐ wén)
李先念	(lǐ xiān niàn)
李小龍	(lǐ xiǎo lóng)
李修賢	(lǐ xiū xián)
李雪健	(lǐ xuě jiàn)
李亞鵬	(lǐ yà péng)
李延壽	(lǐ yán shòu)
李彥宏	(lǐ yàn hóng)
李冶	(lǐ yě)
李英儒	(lǐ yīng rú)
李纓	(lǐ yīng)
李漁	(lǐ yú)
李宇春	(lǐ yǔ chūn)
李煜	(lǐ yù)
李元昊	(lǐ yuán hào)
李約瑟	(lǐ yuē sè)
李澤楷	(lǐ zé kǎi)
李肇星	(lǐ zhào xīng)
李振藩	(lǐ zhèn fān)
李直夫	(lǐ zhí fū)
李贄	(lǐ zhì)
李子	(lǐ zi)
李自成	(lǐ zì chéng)
李宗仁	(lǐ zōng rén)
李宗盛	(lǐ zōng shèng)
俚	(lǐ)
俚諺	(lǐ yàn)
俚語	(lǐ yǔ)
娌	(lǐ)
欐	(lì)
力	(lì)
力保	(lì bǎo)
力保健	(lì bǎo jiàn)
力寶	(lì bǎo)
力比多	(lì bǐ duō)
力臂	(lì bì)
力波	(lì bō)
力不從心	(lì bù cóng xīn)
力不勝任	(lì bù shèng rèn)
力場	(lì chǎng)
力畜	(lì chù)
力傳遞	(lì chuán dì)
力促	(lì cù)
力挫	(lì cuò)
力大無比	(lì dà wú bǐ)
力大無窮	(lì dà wú qióng)
力道	(lì dào)
力度	(lì dù)
力帆	(lì fān)
力工	(lì gōng)
力攻	(lì gōng)
力薦	(lì jiàn)
力嬌酒	(lì jiāo jiǔ)
力戒	(lì jiè)
力盡神危	(lì jìn shén wēi)
力矩	(lì jǔ)
力克	(lì kè)
力量	(lì liang)
力量均衡	(lì liàng jūn héng)
力偶	(lì ǒu)
力排眾議	(lì pái zhòng yì)
力拚	(lì pàn)
力氣	(lì qi)
力錢	(lì qián)
力求	(lì qiú)
力勸	(lì quàn)
力士	(lì shì)
力所不及	(lì suǒ bù jí)
力所能及	(lì suǒ néng jí)
力拓	(lì tuò)
力挺	(lì tǐng)
力圖	(lì tú)
力挽狂瀾	(lì wǎn kuáng lán)
力心	(lì xīn)
力行	(lì xíng)
力學	(lì xué)
力學波	(lì xué bō)
力學傳遞	(lì xué chuán dì)
力有未逮	(lì yǒu wèi dài)
力戰	(lì zhàn)
力征	(lì zhēng)
力爭	(lì zhēng)
力爭上游	(lì zhēng shàng yóu)
力主	(lì zhǔ)
力阻	(lì zǔ)
力作	(lì zuò)
屴	(lì)
吏	(lì)
吏部	(lì bù)
吏胥	(lì xū)
吏治	(lì zhì)
利	(lì)
利比里亞	(lì bǐ lǐ yà)
利比亞	(lì bǐ yà)
利弊	(lì bì)
利賓納	(lì bīn nà)
利伯曼	(lì bó màn)
利伯維爾	(lì bó wéi ěr)
利川市	(lì chuān shì)
利刀	(lì dāo)
利得	(lì dé)
利得稅	(lì dé shuì)
利多卡因	(lì duō kǎ yīn)
利古里亞	(lì gǔ lǐ yà)
利滾利	(lì gǔn lì)
利國利民	(lì guó lì mín)
利害	(lì hài)
利害衝突	(lì hài chōng tū)
利害關係	(lì hài guān xi)
利害關係方	(lì hài guān xi fāng)
利害關係人	(lì hài guān xi rén)
利害攸關	(lì hài yōu guān)
利好	(lì hǎo)
利基	(lì jī)
利己	(lì jǐ)
利己主義	(lì jǐ zhǔ yì)
利劍	(lì jiàn)
利津縣	(lì jīn xiàn)
利空	(lì kōng)
利口酒	(lì kǒu jiǔ)
利勒哈默爾	(lì lè hā mò ěr)
利令智昏	(lì lìng zhì hūn)
利隆圭	(lì lóng guī)
利祿	(lì lù)
利落	(lì luo)
利率	(lì lǜ)
利馬	(lì mǎ)
利馬索爾	(lì mǎ suǒ ěr)
利瑪竇	(lì mǎ dòu)
利眠寧	(lì mián níng)
利民	(lì mín)
利默里克	(lì mò lǐ kè)
利納克斯	(lì nà kè sī)
利奈唑胺	(lì nài zuò àn)
利尿	(lì niào)
利尿劑	(lì niào jì)
利器	(lì qì)
利錢	(lì qián)
利權	(lì quán)
利刃	(lì rèn)
利潤	(lì rùn)
利潤率	(lì rùn lǜ)
利什曼病	(lì shí màn bìng)
利市	(lì shì)
利事	(lì shì)
利是	(lì shì)
利手	(lì shǒu)
利索	(lì suo)
利他	(lì tā)
利他林	(lì tā lín)
利他靈	(lì tā líng)
利他能	(lì tā néng)
利他行為	(lì tā xíng wéi)
利他主義	(lì tā zhǔ yì)
利貼	(lì tiē)
利通區	(lì tōng qū)
利維坦	(lì wéi tǎn)
利未記	(lì wèi jì)
利物浦	(lì wù pǔ)
利息	(lì xī)
利息率	(lì xi lǜ)
利辛縣	(lì xīn xiàn)
利雅得	(lì yǎ dé)
利雅德	(lì yǎ dé)
利益	(lì yì)
利益衝突	(lì yì chōng tū)
利益集團	(lì yì jí tuán)
利益輸送	(lì yì shū sòng)
利用	(lì yòng)
利誘	(lì yòu)
利於	(lì yú)
利慾	(lì yù)
利慾心	(lì yù xīn)
利慾薰心	(lì yù xūn xīn)
利樂包	(lì lè bāo)
利爪	(lì zhǎo)
利州區	(lì zhōu qū)
利茲	(lì zī)
例	(lì)
例會	(lì huì)
例假	(lì jià)
例句	(lì jù)
例如	(lì rú)
例示	(lì shì)
例湯	(lì tāng)
例題	(lì tí)
例外	(lì wài)
例外字	(lì wài zì)
例行	(lì xíng)
例行公事	(lì xíng gōng shì)
例言	(lì yán)
例語	(lì yǔ)
例證	(lì zhèng)
例子	(lì zi)
戾	(lì)
戾龍	(lì lóng)
戾氣	(lì qì)
栃	(lì)
俐	(lì)
俐落	(lì luo)
栵	(lì)
栗	(lì)
栗斑杜鵑	(lì bān dù juān)
栗斑腹鵐	(lì bān fù wú)
栗背伯勞	(lì bèi bó láo)
栗背短翅鶇	(lì bèi duǎn chì dōng)
栗背短腳鵯	(lì bèi duǎn jiǎo bēi)
栗背奇鶥	(lì bèi qí méi)
栗背岩鷚	(lì bèi yán liù)
栗額鵙鶥	(lì é jú méi)
栗耳短腳鵯	(lì ěr duǎn jiǎo bēi)
栗耳鳳鶥	(lì ěr fèng méi)
栗耳鵐	(lì ěr wú)
栗腹歌鴝	(lì fù gē qú)
栗腹磯鶇	(lì fù jī dōng)
栗腹鳾	(lì fù shī)
栗腹文鳥	(lì fù wén niǎo)
栗喉蜂虎	(lì hóu fēng hǔ)
栗喉鵙鶥	(lì hóu jú méi)
栗頰噪鶥	(lì jiá zào méi)
栗頸噪鶥	(lì jǐng zào méi)
栗鳽	(lì yán)
栗色	(lì sè)
栗鼠	(lì shǔ)
栗樹鴨	(lì shù yā)
栗頭八色鶇	(lì tóu bā sè dōng)
栗頭地鶯	(lì tóu dì yīng)
栗頭蜂虎	(lì tóu fēng hǔ)
栗頭雀鶥	(lì tóu què méi)
栗頭鶲鶯	(lì tóu wēng yīng)
栗臀鳾	(lì tún shī)
栗葦鳽	(lì wěi yán)
栗鵐	(lì wú)
栗鴞	(lì xiāo)
栗鳶	(lì yuān)
栗啄木鳥	(lì zhuó mù niǎo)
栗子	(lì zi)
悧	(lì)
唳	(lì)
悷	(lì)
厤	(lì)
傈	(lì)
傈僳	(lì sù)
傈僳族	(lì sù zú)
凓	(lì)
㮚	(lì)
慄	(lì)
慄然	(lì rán)
厲	(lì)
厲鬼	(lì guǐ)
厲害	(lì hai)
厲聲	(lì shēng)
厲行	(lì xíng)
厲行節約	(lì xíng jié yuē)
歴	(lì)
勵	(lì)
勵精圖治	(lì jīng tú zhì)
勵志	(lì zhì)
勵志哥	(lì zhì gē)
歷	(lì)
歷朝通俗演義	(lì cháo tōng sú yǎn yì)
歷城區	(lì chéng qū)
歷程	(lì chéng)
歷次	(lì cì)
歷代	(lì dài)
歷代志上	(lì dài zhì shàng)
歷代志下	(lì dài zhì xià)
歷法	(lì fǎ)
歷屆	(lì jiè)
歷盡	(lì jìn)
歷盡滄桑	(lì jìn cāng sāng)
歷經	(lì jīng)
歷久彌堅	(lì jiǔ mí jiān)
歷久彌新	(lì jiǔ mí xīn)
歷來	(lì lái)
歷歷可數	(lì lì kě shǔ)
歷歷在目	(lì lì zài mù)
歷練	(lì liàn)
歷年	(lì nián)
歷任	(lì rèn)
歷時	(lì shí)
歷史	(lì shǐ)
歷史版本	(lì shǐ bǎn běn)
歷史背景	(lì shǐ bèi jǐng)
歷史博物館	(lì shǐ bó wù guǎn)
歷史成本	(lì shǐ chéng běn)
歷史觀點	(lì shǐ guān diǎn)
歷史家	(lì shǐ jiā)
歷史久遠	(lì shǐ jiǔ yuǎn)
歷史劇	(lì shǐ jù)
歷史人物	(lì shǐ rén wù)
歷史上	(lì shǐ shàng)
歷史時期	(lì shǐ shí qī)
歷史事件	(lì shǐ shì jiàn)
歷史唯物主義	(lì shǐ wéi wù zhǔ yì)
歷史新高	(lì shǐ xīn gāo)
歷史性	(lì shǐ xìng)
歷史學	(lì shǐ xué)
歷史學家	(lì shǐ xué jiā)
歷史沿革	(lì shǐ yán gé)
歷史遺產	(lì shǐ yí chǎn)
歷史遺跡	(lì shǐ yí jì)
歷史意義	(lì shǐ yì yì)
歷史悠久	(lì shǐ yōu jiǔ)
歷史重演	(lì shǐ chóng yǎn)
歷數	(lì shǔ)
歷下區	(lì xià qū)
歷險	(lì xiǎn)
曆	(lì)
曆法	(lì fǎ)
曆年	(lì nián)
曆書	(lì shū)
曆數	(lì shù)
檪	(lì)
壢	(lì)
櫟	(lì)
櫟樹	(lì shù)
嚦	(lì)
櫪	(lì)
儷	(lì)
儷影	(lì yǐng)
帘	(lián)
嗹	(lián)
廉	(lián)
廉恥	(lián chǐ)
廉俸	(lián fèng)
廉航	(lián háng)
廉價	(lián jià)
廉江市	(lián jiāng shì)
廉潔	(lián jié)
廉頗	(lián pō)
廉署	(lián shǔ)
廉正	(lián zhèng)
廉政	(lián zhèng)
廉政公署	(lián zhèng gōng shǔ)
廉直	(lián zhí)
廉租房	(lián zū fáng)
亷	(lián)
匲	(lián)
奩	(lián)
匳	(lián)
㢘	(lián)
憐	(lián)
憐愛	(lián ài)
憐憫	(lián mǐn)
憐惜	(lián xī)
憐香惜玉	(lián xiāng xī yù)
憐恤	(lián xù)
䥥	(lián)
槤	(lián)
槤枷	(lián jiā)
斂	(liǎn)
斂巴	(liǎn ba)
斂步	(liǎn bù)
斂財	(liǎn cái)
斂跡	(liǎn jì)
斂錢	(liǎn qián)
斂衽	(liǎn rèn)
歛	(hān)
摙	(liǎn)
楝	(liàn)
殮	(liàn)
殮房	(liàn fáng)
殮屍房	(liàn shī fáng)
戀	(liàn)
戀愛	(liàn ài)
戀父情結	(liàn fù qíng jié)
戀歌	(liàn gē)
戀家	(liàn jiā)
戀腳癖	(liàn jiǎo pǐ)
戀舊情結	(liàn jiù qíng jié)
戀戀	(liàn liàn)
戀戀不捨	(liàn liàn bù shě)
戀母情結	(liàn mǔ qíng jié)
戀慕	(liàn mù)
戀念	(liàn niàn)
戀情	(liàn qíng)
戀人	(liàn rén)
戀屍癖	(liàn shī pǐ)
戀童犯	(liàn tóng fàn)
戀童癖	(liàn tóng pǐ)
戀童者	(liàn tóng zhě)
戀物	(liàn wù)
戀物狂	(liàn wù kuáng)
戀物癖	(liàn wù pǐ)
戀棧	(liàn zhàn)
戀戰	(liàn zhàn)
戀綜	(liàn zōng)
戀足癖	(liàn zú pǐ)
俍	(liáng)
梁	(liáng)
梁朝	(liáng cháo)
梁辰魚	(liáng chén yú)
梁河縣	(liáng hé xiàn)
梁架	(liáng jià)
梁靜茹	(liáng jìng rú)
梁龍	(liáng lóng)
梁木	(liáng mù)
梁平區	(liáng píng qū)
梁山伯與祝英台	(liáng shān bó yǔ zhù yīng tái)
梁山好漢	(liáng shān hǎo hàn)
梁山市	(liáng shān shì)
梁山縣	(liáng shān xiàn)
梁上君子	(liáng shàng jūn zǐ)
梁漱溟	(liáng shù míng)
梁唐晉漢周書	(liáng táng jìn hàn zhōu shū)
梁溪區	(liáng xī qū)
梁湘	(liáng xiāng)
梁園區	(liáng yuán qū)
梁祝	(liáng zhù)
梁子湖區	(liáng zi hú qū)
椋	(liáng)
椋鳥	(liáng niǎo)
樑	(liáng)
冫	(bīng)
㒳	(liǎng)
兩	(liǎng)
兩岸	(liǎng àn)
兩岸三地	(liǎng àn sān dì)
兩把刷子	(liǎng bǎ shuā zi)
兩敗俱傷	(liǎng bài jù shāng)
兩倍	(liǎng bèi)
兩邊	(liǎng biān)
兩鬢斑白	(liǎng bìn bān bái)
兩不誤	(liǎng bù wù)
兩不相欠	(liǎng bù xiāng qiàn)
兩步路	(liǎng bù lù)
兩側	(liǎng cè)
兩側對稱	(liǎng cè duì chèn)
兩彈一星	(liǎng dàn yī xīng)
兩當縣	(liǎng dāng xiàn)
兩黨制	(liǎng dǎng zhì)
兩德	(liǎng dé)
兩點水	(liǎng diǎn shuǐ)
兩端	(liǎng duān)
兩耳不聞窗外事	(liǎng ěr bù wén chuāng wài shì)
兩方	(liǎng fāng)
兩分法	(liǎng fēn fǎ)
兩個中國	(liǎng gè zhōng guó)
兩廣	(liǎng guǎng)
兩廣總督	(liǎng guǎng zǒng dū)
兩國	(liǎng guó)
兩國相爭，不斬來使	(liǎng guó xiāng zhēng , bù zhǎn lái shǐ)
兩國之間	(liǎng guó zhī jiān)
兩漢	(liǎng hàn)
兩河	(liǎng hé)
兩河流域	(liǎng hé liú yù)
兩河文明	(liǎng hé wén míng)
兩湖	(liǎng hú)
兩虎相爭	(liǎng hǔ xiāng zhēng)
兩虎相爭，必有一傷	(liǎng hǔ xiāng zhēng , bì yǒu yī shāng)
兩回事	(liǎng huí shì)
兩會	(liǎng huì)
兩極	(liǎng jí)
兩極分化	(liǎng jí fēn huà)
兩極化	(liǎng jí huà)
兩頰生津	(liǎng jiá shēng jīn)
兩江道	(liǎng jiāng dào)
兩腳架	(liǎng jiǎo jià)
兩節棍	(liǎng jié gùn)
兩句	(liǎng jù)
兩口兒	(liǎng kǒu r)
兩口子	(liǎng kǒu zi)
兩肋插刀	(liǎng lèi chā dāo)
兩立	(liǎng lì)
兩碼事	(liǎng mǎ shì)
兩面	(liǎng miàn)
兩面派	(liǎng miàn pài)
兩面人	(liǎng miàn rén)
兩面刃	(liǎng miàn rèn)
兩面三刀	(liǎng miàn sān dāo)
兩面針	(liǎng miàn zhēn)
兩難	(liǎng nán)
兩旁	(liǎng páng)
兩棲	(liǎng qī)
兩棲動物	(liǎng qī dòng wù)
兩棲類	(liǎng qī lèi)
兩訖	(liǎng qì)
兩清	(liǎng qīng)
兩情兩願	(liǎng qíng liǎng yuàn)
兩情相悅	(liǎng qíng xiāng yuè)
兩全	(liǎng quán)
兩全其美	(liǎng quán qí měi)
兩生類	(liǎng shēng lèi)
兩手	(liǎng shǒu)
兩手策略	(liǎng shǒu cè lüè)
兩手空空	(liǎng shǒu kōng kōng)
兩宋	(liǎng sòng)
兩餸飯	(liǎng sòng fàn)
兩頭	(liǎng tóu)
兩頭兒	(liǎng tóu r)
兩下	(liǎng xià)
兩下子	(liǎng xià zi)
兩相	(liǎng xiāng)
兩相情願	(liǎng xiāng qíng yuàn)
兩廂情願	(liǎng xiāng qíng yuàn)
兩小無猜	(liǎng xiǎo wú cāi)
兩星期	(liǎng xīng qī)
兩性	(liǎng xìng)
兩性差距	(liǎng xìng chā jù)
兩性動物	(liǎng xìng dòng wù)
兩性花	(liǎng xìng huā)
兩性離子	(liǎng xìng lí zǐ)
兩性平等	(liǎng xìng píng děng)
兩性異形	(liǎng xìng yì xíng)
兩袖清風	(liǎng xiù qīng fēng)
兩眼一摸黑	(liǎng yǎn yī mō hēi)
兩樣	(liǎng yàng)
兩樣東西	(liǎng yàng dōng xi)
兩伊戰爭	(liǎng yī zhàn zhēng)
兩儀	(liǎng yí)
兩用	(liǎng yòng)
兩院	(liǎng yuàn)
兩院制	(liǎng yuàn zhì)
兩造	(liǎng zào)
兩者	(liǎng zhě)
兩重	(liǎng chóng)
兩重天	(liǎng chóng tiān)
兩著兒	(liǎng zhāo r)
倆	(liǎ)
倆錢	(liǎ qián)
倆錢兒	(liǎ qián r)
啢	(liǎng)
亮	(liàng)
亮氨酸	(liàng ān suān)
亮彩	(liàng cǎi)
亮出	(liàng chū)
亮燈	(liàng dēng)
亮底牌	(liàng dǐ pái)
亮點	(liàng diǎn)
亮度	(liàng dù)
亮光	(liàng guāng)
亮黃燈	(liàng huáng dēng)
亮晶晶	(liàng jīng jīng)
亮菌	(liàng jūn)
亮菌甲素	(liàng jūn jiǎ sù)
亮藍	(liàng lán)
亮麗	(liàng lì)
亮屏	(liàng píng)
亮閃閃	(liàng shǎn shǎn)
亮飾	(liàng shì)
亮堂	(liàng táng)
亮堂堂	(liàng táng táng)
亮相	(liàng xiàng)
亮星	(liàng xīng)
亮星雲	(liàng xīng yún)
亮眼	(liàng yǎn)
亮眼人	(liàng yǎn rén)
亮鋥鋥	(liàng zèng zèng)
悢	(liàng)
晾	(liàng)
晾乾	(liàng gān)
晾曬	(liàng shài)
晾衣夾	(liàng yī jiā)
晾衣架	(liàng yī jià)
晾衣繩	(liàng yī shéng)
喨	(liàng)
撩	(liāo)
撩撥	(liáo bō)
撩動	(liáo dòng)
撩逗	(liáo dòu)
撩開	(liāo kai)
撩亂	(liáo luàn)
撩妹	(liáo mèi)
撩起	(liāo qǐ)
撩惹	(liáo rě)
撩人	(liáo rén)
撩騷	(liáo sāo)
撩是生非	(liáo shì shēng fēi)
嵺	(liáo)
僚	(liáo)
僚機	(liáo jī)
憀	(liáo)
寥	(liáo)
寥廓	(liáo kuò)
寥寥	(liáo liáo)
寥寥可數	(liáo liáo kě shǔ)
寥寥無幾	(liáo liáo wú jǐ)
寥落	(liáo luò)
寥若晨星	(liáo ruò chén xīng)
敹	(liáo)
嘹	(liáo)
嘹亮	(liáo liàng)
嘹喨	(liáo liàng)
寮	(liáo)
寮房	(liáo fáng)
寮國	(liáo guó)
寮屋	(liáo wū)
嫽	(liáo)
暸	(liáo)
屪	(liáo)
憭	(liǎo)
尥	(liào)
尥蹶子	(liào juě zi)
料	(liào)
料倉	(liào cāng)
料持	(liào chí)
料到	(liào dào)
料定	(liào dìng)
料斗	(liào dǒu)
料豆兒	(liào dòu r)
料度	(liào duó)
料堆	(liào duī)
料號	(liào hào)
料及	(liào jí)
料件	(liào jiàn)
料件子活	(liào jiàn zi huó)
料酒	(liào jiǔ)
料理	(liào lǐ)
料理店	(liào lǐ diàn)
料器	(liào qì)
料峭	(liào qiào)
料事如神	(liào shì rú shén)
料頭	(liào tóu)
料頭兒	(liào tóu r)
料想	(liào xiǎng)
料汁	(liào zhī)
料中	(liào zhòng)
料子	(liào zi)
撂	(liào)
撂倒	(liào dǎo)
撂地	(liào dì)
撂挑子	(liào tiāo zi)
廖	(liào)
咧	(liě)
咧開嘴笑	(liě kāi zuǐ xiào)
咧咧	(liē liē)
咧嘴	(liě zuǐ)
列	(liè)
列表	(liè biǎo)
列別捷夫	(liè bié jié fū)
列別傑夫	(liè bié jié fū)
列兵	(liè bīng)
列車	(liè chē)
列車長	(liè chē zhǎng)
列車員	(liè chē yuán)
列出	(liè chū)
列傳	(liè zhuàn)
列島	(liè dǎo)
列隊	(liè duì)
列夫·托爾斯泰	(liè fū tuō ěr sī tài)
列弗	(liè fú)
列國	(liè guó)
列侯	(liè hóu)
列舉	(liè jǔ)
列克	(liè kè)
列克星頓	(liè kè xīng dùn)
列明	(liè míng)
列寧	(liè níng)
列寧格勒	(liè níng gé lè)
列寧主義	(liè níng zhǔ yì)
列強	(liè qiáng)
列缺	(liè quē)
列缺霹靂	(liè quē pī lì)
列入	(liè rù)
列氏溫標	(liè shì wēn biāo)
列王紀上	(liè wáng jì shàng)
列王紀下	(liè wáng jì xià)
列王記上	(liè wáng jì shàng)
列王記下	(liè wáng jì xià)
列為	(liè wéi)
列位	(liè wèi)
列席	(liè xí)
列星	(liè xīng)
列印	(liè yìn)
列支敦士登	(liè zhī dūn shì dēng)
列支敦斯登	(liè zhī dūn sī dēng)
列治文	(liè zhì wén)
列裝	(liè zhuāng)
列子	(liè zǐ)
劣	(liè)
劣幣驅逐良幣	(liè bì qū zhú liáng bì)
劣等	(liè děng)
劣跡	(liè jì)
劣跡斑斑	(liè jì bān bān)
劣紳	(liè shēn)
劣勢	(liè shì)
劣汰	(liè tài)
劣質	(liè zhì)
劦	(liè)
冽	(liè)
埒	(liè)
捩	(liè)
巤	(liè)
擸	(liè)
㲱	(liè)
䝓	(liè)
拎	(līn)
拎包	(līn bāo)
拎包黨	(līn bāo dǎng)
拎起	(līn qǐ)
林	(lín)
林八哥	(lín bā ge)
林堡	(lín bǎo)
林邊	(lín biān)
林邊鄉	(lín biān xiāng)
林彪	(lín biāo)
林逋	(lín bū)
林場	(lín chǎng)
林沖	(lín chōng)
林茨	(lín cí)
林村	(lín cūn)
林黛玉	(lín dài yù)
林德布拉德	(lín dé bù lā dé)
林地	(lín dì)
林甸縣	(lín diàn xiàn)
林鵰	(lín diāo)
林鵰鴞	(lín diāo xiāo)
林豐正	(lín fēng zhèng)
林壑	(lín hè)
林懷民	(lín huái mín)
林火	(lín huǒ)
林吉特	(lín jí tè)
林家翹	(lín jiā qiáo)
林俊傑	(lín jùn jié)
林卡	(lín kǎ)
林可黴素	(lín kě méi sù)
林克平大學	(lín kè píng dà xué)
林肯	(lín kěn)
林肯郡	(lín kěn jùn)
林口縣	(lín kǒu xiàn)
林口鄉	(lín kǒu xiāng)
林來瘋	(lín lái fēng)
林立	(lín lì)
林林總總	(lín lín zǒng zǒng)
林嶺雀	(lín lǐng què)
林柳鶯	(lín liǔ yīng)
林鷚	(lín liù)
林木	(lín mù)
林奈	(lín nài)
林內	(lín nèi)
林內鄉	(lín nèi xiāng)
林琴南	(lín qín nán)
林檎	(lín qín)
林青霞	(lín qīng xiá)
林區	(lín qū)
林三趾鶉	(lín sān zhǐ chún)
林森	(lín sēn)
林沙錐	(lín shā zhuī)
林書豪	(lín shū háo)
林紓	(lín shū)
林藪	(lín sǒu)
林務	(lín wù)
林西縣	(lín xī xiàn)
林縣	(lín xiàn)
林心如	(lín xīn rú)
林學	(lín xué)
林雪平	(lín xuě píng)
林夜鷹	(lín yè yīng)
林業	(lín yè)
林憶蓮	(lín yì lián)
林陰大道	(lín yīn dà dào)
林蔭大道	(lín yīn dà dào)
林蔭道	(lín yīn dào)
林語堂	(lín yǔ táng)
林鷸	(lín yù)
林芝市	(lín zhī shì)
林志玲	(lín zhì líng)
林州市	(lín zhōu shì)
林周縣	(lín zhōu xiàn)
林子	(lín zi)
林子大了，什麼鳥都有	(lín zi dà le , shén me niǎo dōu yǒu)
啉	(lín)
惏	(lán)
嶙	(lín)
嶙峋	(lín xún)
凜	(lǐn)
凜冽	(lǐn liè)
凜遵	(lǐn zūn)
廩	(lǐn)
懍	(lǐn)
檁	(lǐn)
吝	(lìn)
吝嗇	(lìn sè)
吝嗇鬼	(lìn sè guǐ)
吝惜	(lìn xī)
恡	(lìn)
亃	(lín)
僯	(lǐn)
伶	(líng)
伶盜龍	(líng dào lóng)
伶仃	(líng dīng)
伶俐	(líng lì)
伶俜	(líng pīng)
伶人	(líng rén)
伶牙俐齒	(líng yá lì chǐ)
伶鼬	(líng yòu)
夌	(líng)
坽	(líng)
囹	(líng)
囹圄	(líng yǔ)
囹圉	(líng yǔ)
姈	(líng)
柃	(líng)
昤	(līng)
凌	(líng)
凌波舞	(líng bō wǔ)
凌晨	(líng chén)
凌遲	(líng chí)
凌海市	(líng hǎi shì)
凌河區	(líng hé qū)
凌駕	(líng jià)
凌兢	(líng jīng)
凌空	(líng kōng)
凌厲	(líng lì)
凌亂	(líng luàn)
凌亂不堪	(líng luàn bù kān)
凌濛初	(líng méng chū)
凌虐	(líng nüè)
凌辱	(líng rǔ)
凌霄花	(líng xiāo huā)
凌汛	(líng xùn)
凌夷	(líng yí)
凌源市	(líng yuán shì)
凌雲	(líng yún)
凌雲縣	(líng yún xiàn)
凌雜	(líng zá)
凌雜米鹽	(líng zá mǐ yán)
凌志	(líng zhì)
櫺	(líng)
欞	(líng)
欞床	(líng chuáng)
岭	(líng)
岭巆	(líng yíng)
嶺	(lǐng)
嶺東區	(lǐng dōng qū)
嶺南	(lǐng nán)
另	(lìng)
另案	(lìng àn)
另冊	(lìng cè)
另存	(lìng cún)
另存為	(lìng cún wéi)
另當別論	(lìng dāng bié lùn)
另寄	(lìng jì)
另加	(lìng jiā)
另見	(lìng jiàn)
另開	(lìng kāi)
另類	(lìng lèi)
另類醫療	(lìng lèi yī liáo)
另覓新歡	(lìng mì xīn huān)
另謀高就	(lìng móu gāo jiù)
另闢蹊徑	(lìng pì xī jìng)
另起爐灶	(lìng qǐ lú zào)
另請高明	(lìng qǐng gāo míng)
另外	(lìng wài)
另行	(lìng xíng)
另行通知	(lìng xíng tōng zhī)
另眼相看	(lìng yǎn xiāng kàn)
另一	(lìng yī)
另一半	(lìng yī bàn)
另一方面	(lìng yī fāng miàn)
另用	(lìng yòng)
另有	(lìng yǒu)
另有企圖	(lìng yǒu qǐ tú)
令	(lìng)
令愛	(lìng ài)
令嬡	(lìng ài)
令慈	(lìng cí)
令弟	(lìng dì)
令和	(lìng hé)
令狐	(líng hú)
令狐德棻	(líng hú dé fēn)
令吉	(lìng jí)
令箭	(lìng jiàn)
令節	(lìng jié)
令閫	(lìng kǔn)
令郎	(lìng láng)
令名	(lìng míng)
令牌	(lìng pái)
令牌環	(lìng pái huán)
令牌環網	(lìng pái huán wǎng)
令親	(lìng qīn)
令人	(lìng rén)
令人不快	(lìng rén bù kuài)
令人髮指	(lìng rén fà zhǐ)
令人滿意	(lìng rén mǎn yì)
令人振奮	(lìng rén zhèn fèn)
令堂	(lìng táng)
令行禁止	(lìng xíng jìn zhǐ)
令兄	(lìng xiōng)
令藥	(lìng yào)
令譽	(lìng yù)
令正	(lìng zhèng)
令狀	(lìng zhuàng)
令尊	(lìng zūn)
令尊令堂	(lìng zūn lìng táng)
呤	(líng)
呤呤	(líng líng)
㽞	(liú)
旒	(liú)
榴	(liú)
榴彈	(liú dàn)
榴彈發射器	(liú dàn fā shè qì)
榴彈炮	(liú dàn pào)
榴蓮	(liú lián)
榴蓮族	(liú lián zú)
榴槤	(liú lián)
榴霰彈	(liú xiàn dàn)
劉	(liú)
劉安	(liú ān)
劉邦	(liú bāng)
劉備	(liú bèi)
劉表	(liú biǎo)
劉伯溫	(liú bó wēn)
劉禪	(liú shàn)
劉慈欣	(liú cí xīn)
劉德華	(liú dé huá)
劉鶚	(liú è)
劉公島	(liú gōng dǎo)
劉海	(liú hǎi)
劉恆	(liú héng)
劉基	(liú jī)
劉家輝	(liú jiā huī)
劉涓子	(liú juān zǐ)
劉涓子鬼遺方	(liú juān zǐ guǐ yí fāng)
劉姥姥進大觀園	(liú lǎo lao jìn dà guān yuán)
劉青雲	(liú qīng yún)
劉少奇	(liú shào qí)
劉師培	(liú shī péi)
劉奭	(liú shì)
劉宋	(liú sòng)
劉宋時代	(liú sòng shí dài)
劉天華	(liú tiān huá)
劉熙	(liú xī)
劉向	(liú xiàng)
劉心武	(liú xīn wǔ)
劉昫	(liú xù)
劉洋	(liú yáng)
劉義慶	(liú yì qìng)
劉毅	(liú yì)
劉禹錫	(liú yǔ xī)
劉淵	(liú yuān)
橊	(liú)
懰	(liú)
柳	(liǔ)
柳暗花明	(liǔ àn huā míng)
柳北區	(liǔ běi qū)
柳城縣	(liǔ chéng xiàn)
柳橙	(liǔ chéng)
柳橙汁	(liǔ chéng zhī)
柳丁	(liǔ dīng)
柳丁氨醇	(liǔ dīng ān chún)
柳公權	(liǔ gōng quán)
柳河縣	(liǔ hé xiàn)
柳江區	(liǔ jiāng qū)
柳雷鳥	(liǔ léi niǎo)
柳林縣	(liǔ lín xiàn)
柳綠花紅	(liǔ lǜ huā hóng)
柳眉	(liǔ méi)
柳陌花衢	(liǔ mò huā qú)
柳南區	(liǔ nán qū)
柳杞	(liǔ qǐ)
柳琴	(liǔ qín)
柳青	(liǔ qīng)
柳杉	(liǔ shān)
柳樹	(liǔ shù)
柳松菇	(liǔ sōng gū)
柳啼花怨	(liǔ tí huā yuàn)
柳體	(liǔ tǐ)
柳條	(liǔ tiáo)
柳絮	(liǔ xù)
柳煙花霧	(liǔ yān huā wù)
柳葉刀	(liǔ yè dāo)
柳毅傳	(liǔ yì zhuàn)
柳鶯	(liǔ yīng)
柳營	(liǔ yíng)
柳永	(liǔ yǒng)
柳州市	(liǔ zhōu shì)
柳子戲	(liǔ zi xì)
柳宗元	(liǔ zōng yuán)
栁	(liǔ)
桺	(liǔ)
六	(lù)
六安市	(lù ān shì)
六邊形	(liù biān xíng)
六朝	(liù cháo)
六朝時代	(liù cháo shí dài)
六朝四大家	(liù cháo sì dà jiā)
六陳	(liù chén)
六畜	(liù chù)
六二五事變	(liù èr wǔ shì biàn)
六二五戰爭	(liù èr wǔ zhàn zhēng)
六方	(liù fāng)
六方會談	(liù fāng huì tán)
六方最密堆積	(liù fāng zuì mì duī jī)
六分儀	(liù fēn yí)
六分儀座	(liù fēn yí zuò)
六分之一	(liù fēn zhī yī)
六氟化硫	(liù fú huà liú)
六氟化鈾	(liù fú huà yóu)
六腑	(liù fǔ)
六宮	(liù gōng)
六合	(liù hé)
六合八法	(liù hé bā fǎ)
六合彩	(liù hé cǎi)
六合區	(lù hé qū)
六級士官	(liù jí shì guān)
六家	(liù jiā)
六價	(liù jià)
六角	(liù jiǎo)
六角括號	(liù jiǎo kuò hào)
六角螺帽	(liù jiǎo luó mào)
六角星	(liù jiǎo xīng)
六角形	(liù jiǎo xíng)
六腳	(liù jiǎo)
六腳鄉	(liù jiǎo xiāng)
六經	(liù jīng)
六庫	(liù kù)
六塊腹肌	(liù kuài fù jī)
六芒星	(liù máng xīng)
六面體	(liù miàn tǐ)
六盤山	(liù pán shān)
六盤水市	(liù pán shuǐ shì)
六親	(liù qīn)
六親不認	(liù qīn bù rèn)
六親無靠	(liù qīn wú kào)
六扇門	(liù shàn mén)
六神	(liù shén)
六神無主	(liù shén wú zhǔ)
六十	(liù shí)
六十年代	(liù shí nián dài)
六書	(liù shū)
六韜	(liù tāo)
六韜三略	(liù tāo sān lüè)
六邪	(liù xié)
六藝	(liù yì)
六淫	(liù yín)
六月	(liù yuè)
六月份	(liù yuè fèn)
六枝特區	(liù zhī tè qū)
六字真言	(liù zì zhēn yán)
嚨	(lóng)
巃	(lóng)
櫳	(lóng)
曨	(lóng)
朧	(lóng)
儱	(lǒng)
壠	(lǒng)
攏	(lǒng)
攏共	(lǒng gòng)
攏火	(lǒng huǒ)
攏總	(lǒng zǒng)
攏攥	(lǒng zuàn)
壟	(lǒng)
壟斷	(lǒng duàn)
壟溝	(lǒng gōu)
哢	(lòng)
剅	(lóu)
婁	(lóu)
婁底市	(lóu dǐ shì)
婁煩縣	(lóu fán xiàn)
婁宿	(lóu xiù)
婁星區	(lóu xīng qū)
婁子	(lóu zi)
僂	(lǚ)
僂儸	(lóu luo)
嘍	(lóu)
嘍羅	(lóu luo)
嘍囉	(lóu luo)
嘍子	(lóu zi)
樓	(lóu)
樓板	(lóu bǎn)
樓層	(lóu céng)
樓船	(lóu chuán)
樓道	(lóu dào)
樓頂	(lóu dǐng)
樓房	(lóu fáng)
樓鳳	(lóu fèng)
樓閣	(lóu gé)
樓閣塔	(lóu gé tǎ)
樓花	(lóu huā)
樓蘭	(lóu lán)
樓櫓	(lóu lǔ)
樓面	(lóu miàn)
樓盤	(lóu pán)
樓上	(lóu shàng)
樓市	(lóu shì)
樓臺	(lóu tái)
樓梯	(lóu tī)
樓梯間	(lóu tī jiān)
樓梯口	(lóu tī kǒu)
樓梯臺	(lóu tī tái)
樓下	(lóu xià)
樓廂	(lóu xiāng)
樓宇	(lóu yǔ)
樓主	(lóu zhǔ)
樓子	(lóu zi)
樓座	(lóu zuò)
塿	(lǒu)
摟	(lǒu)
摟抱	(lǒu bào)
摟錢	(lōu qián)
摟住	(lǒu zhù)
嶁	(lǒu)
擼	(lū)
擼串	(lū chuàn)
擼管	(lū guǎn)
擼貓	(lū māo)
擼鐵	(lū tiě)
嚕	(lū)
壚	(lú)
廬	(lú)
廬江縣	(lú jiāng xiàn)
廬山	(lú shān)
廬山區	(lú shān qū)
廬山市	(lú shān shì)
廬陽區	(lú yáng qū)
櫨	(lú)
樐	(lǔ)
擄	(lǔ)
擄獲	(lǔ huò)
擄掠	(lǔ lüè)
擄人勒贖	(lǔ rén lè shú)
擄走	(lǔ zǒu)
㯭	(lǔ)
櫓	(lǔ)
坴	(lù)
彔	(lù)
僇	(lù)
剹	(lù)
勠	(lù)
勠力	(lù lì)
戮	(lù)
戮力	(lù lì)
戮力同心	(lù lì tóng xīn)
巒	(luán)
孿	(luán)
孿生	(luán shēng)
孿生姐妹	(luán shēng jiě mèi)
孿生兄弟	(luán shēng xiōng dì)
孌	(luán)
孌童	(luán tóng)
孌童戀	(luán tóng liàn)
欒	(luán)
欒城區	(luán chéng qū)
欒川縣	(luán chuān xiàn)
攣	(luán)
攣縮	(luán suō)
圞	(luán)
卵	(luǎn)
卵巢	(luǎn cháo)
卵巢窩	(luǎn cháo wō)
卵蛋	(luǎn dàn)
卵黃	(luǎn huáng)
卵黃管	(luǎn huáng guǎn)
卵黃囊	(luǎn huáng náng)
卵黃腺	(luǎn huáng xiàn)
卵精巢	(luǎn jīng cháo)
卵裂	(luǎn liè)
卵磷脂	(luǎn lín zhī)
卵模	(luǎn mó)
卵母細胞	(luǎn mǔ xì bāo)
卵泡	(luǎn pāo)
卵鞘	(luǎn qiào)
卵石	(luǎn shí)
卵形	(luǎn xíng)
卵用雞	(luǎn yòng jī)
卵圓	(luǎn yuán)
卵圓窗	(luǎn yuán chuāng)
卵圓形	(luǎn yuán xíng)
卵子	(luǎn zǐ)
亂	(luàn)
亂臣賊子	(luàn chén zéi zǐ)
亂成一團	(luàn chéng yī tuán)
亂吃	(luàn chī)
亂穿馬路	(luàn chuān mǎ lù)
亂竄	(luàn cuàn)
亂彈琴	(luàn tán qín)
亂黨	(luàn dǎng)
亂掉	(luàn diào)
亂丟	(luàn diū)
亂動	(luàn dòng)
亂搞	(luàn gǎo)
亂搞男女關係	(luàn gǎo nán nǚ guān xì)
亂咕攘	(luàn gū rang)
亂哄哄	(luàn hōng hōng)
亂花	(luàn huā)
亂花錢	(luàn huā qián)
亂畫	(luàn huà)
亂紀	(luàn jì)
亂講	(luàn jiǎng)
亂叫	(luàn jiào)
亂局	(luàn jú)
亂來	(luàn lái)
亂倫	(luàn lún)
亂麻	(luàn má)
亂碼	(luàn mǎ)
亂民	(luàn mín)
亂跑	(luàn pǎo)
亂蓬蓬	(luàn pēng pēng)
亂七八糟	(luàn qī bā zāo)
亂扔	(luàn rēng)
亂石	(luàn shí)
亂石砸死	(luàn shí zá sǐ)
亂世	(luàn shì)
亂世佳人	(luàn shì jiā rén)
亂視	(luàn shì)
亂數	(luàn shù)
亂說	(luàn shuō)
亂套	(luàn tào)
亂跳	(luàn tiào)
亂象	(luàn xiàng)
亂寫	(luàn xiě)
亂葬崗	(luàn zàng gǎng)
亂糟糟	(luàn zāo zāo)
亂真	(luàn zhēn)
亂政	(luàn zhèng)
亂抓	(luàn zhuā)
亂子	(luàn zi)
擽	(lüè)
掄	(lún)
掄元	(lún yuán)
侖	(lún)
倫	(lún)
倫巴	(lún bā)
倫常	(lún cháng)
倫敦	(lún dūn)
倫敦大學學院	(lún dūn dà xué xué yuàn)
倫敦大學亞非學院	(lún dūn dà xué yà fēi xué yuàn)
倫敦國際金融期貨交易所	(lún dūn guó jì jīn róng qī huò jiāo yì suǒ)
倫敦證券交易所	(lún dūn zhèng quàn jiāo yì suǒ)
倫理	(lún lǐ)
倫理觀	(lún lǐ guān)
倫理學	(lún lǐ xué)
倫琴	(lún qín)
倫琴射線	(lún qín shè xiàn)
崘	(lún)
崙	(lún)
崙背	(lún bèi)
崙背鄉	(lún bèi xiāng)
圇	(lún)
儸	(luó)
倮	(luǒ)
摞	(luò)
摞管	(luò guǎn)
囉	(luó)
囉里囉嗦	(luō li luō suo)
囉唆	(luō suo)
囉嗦	(luō suo)
囉唣	(luó zào)
櫚	(lǘ)
呂	(lǚ)
呂貝克	(lǚ bèi kè)
呂不韋	(lǚ bù wéi)
呂布	(lǚ bù)
呂布戟	(lǚ bù jǐ)
呂洞賓	(lǚ dòng bīn)
呂嘉民	(lǚ jiā mín)
呂覽	(lǚ lǎn)
呂梁市	(lǚ liáng shì)
呂蒙	(lǚ méng)
呂宋島	(lǚ sòng dǎo)
呂宋海峽	(lǚ sòng hǎi xiá)
呂望	(lǚ wàng)
呂岩	(lǚ yán)
侶	(lǚ)
捋	(lǚ)
捋臂揎拳	(luō bì xuān quán)
捋胳膊	(luō gē bo)
捋虎鬚	(luō hǔ xū)
捋袖子	(luō xiù zi)
梠	(lǚ)
旅	(lǚ)
旅長	(lǚ zhǎng)
旅程	(lǚ chéng)
旅程表	(lǚ chéng biǎo)
旅充	(lǚ chōng)
旅大	(lǚ dà)
旅大市	(lǚ dà shì)
旅店	(lǚ diàn)
旅費	(lǚ fèi)
旅館	(lǚ guǎn)
旅檢	(lǚ jiǎn)
旅居	(lǚ jū)
旅居車	(lǚ jū chē)
旅客	(lǚ kè)
旅平險	(lǚ píng xiǎn)
旅人	(lǚ rén)
旅舍	(lǚ shè)
旅社	(lǚ shè)
旅順	(lǚ shùn)
旅順港	(lǚ shùn gǎng)
旅順口區	(lǚ shùn kǒu qū)
旅途	(lǚ tú)
旅行	(lǚ xíng)
旅行袋	(lǚ xíng dài)
旅行社	(lǚ xíng shè)
旅行團	(lǚ xíng tuán)
旅行者	(lǚ xíng zhě)
旅行支票	(lǚ xíng zhī piào)
旅行裝備	(lǚ xíng zhuāng bèi)
旅遊	(lǚ yóu)
旅遊城市	(lǚ yóu chéng shì)
旅遊集散中心	(lǚ yóu jí sàn zhōng xīn)
旅遊景點	(lǚ yóu jǐng diǎn)
旅遊客	(lǚ yóu kè)
旅遊熱點	(lǚ yóu rè diǎn)
旅遊勝地	(lǚ yóu shèng dì)
旅遊團	(lǚ yóu tuán)
旅遊業	(lǚ yóu yè)
旅遊者	(lǚ yóu zhě)
屢	(lǚ)
屢敗屢戰	(lǚ bài lǚ zhàn)
屢出狂言	(lǚ chū kuáng yán)
屢次	(lǚ cì)
屢加	(lǚ jiā)
屢見不鮮	(lǚ jiàn bù xiān)
屢教不改	(lǚ jiào bù gǎi)
屢禁不絕	(lǚ jìn bù jué)
屢禁不止	(lǚ jìn bù zhǐ)
屢屢	(lǚ lǚ)
屢勸不聽	(lǚ quàn bù tīng)
屢試不爽	(lǚ shì bù shuǎng)
屢遭	(lǚ zāo)
屢戰屢敗	(lǚ zhàn lǚ bài)
履	(lǚ)
履帶	(lǚ dài)
履踐	(lǚ jiàn)
履歷	(lǚ lì)
履歷表	(lǚ lì biǎo)
履歷片	(lǚ lì piàn)
履舄交錯	(lǚ xì jiāo cuò)
履險如夷	(lǚ xiǎn rú yí)
履新	(lǚ xīn)
履行	(lǚ xíng)
履約	(lǚ yuē)
履約保證金	(lǚ yuē bǎo zhèng jīn)
履職	(lǚ zhí)
垏	(lǜ)
律	(lǜ)
律動	(lǜ dòng)
律法	(lǜ fǎ)
律呂	(lǜ lǚ)
律師	(lǜ shī)
律師事務所	(lǜ shī shì wù suǒ)
律詩	(lǜ shī)
律所	(lǜ suǒ)
律條	(lǜ tiáo)
律政司	(lǜ zhèng sī)
嵂	(lǜ)
慮	(lǜ)
慮病症	(lǜ bìng zhèng)
卛	(lǜ)
掠	(lüè)
掠奪	(lüè duó)
掠奪者	(lüè duó zhě)
掠過	(lüè guò)
掠賣	(lüè mài)
掠美	(lüè měi)
掠取	(lüè qǔ)
掠食	(lüè shí)
圙	(lüè)
呣	(m)
媽	(mā)
媽寶	(mā bǎo)
媽的法克	(mā de fǎ kè)
媽拉個巴子	(mā lā ge bā zi)
媽了個巴子	(mā le ge bā zi)
媽媽	(mā ma)
媽媽桑	(mā ma sāng)
媽賣批	(mā mài pī)
媽咪	(mā mi)
媽惹法克	(mā rě fǎ kè)
媽祖	(mā zǔ)
嗎	(má)
嗎啡	(mǎ fēi)
嗎啉	(mǎ lín)
嗎嘍	(ma lou)
嗎哪	(mǎ nǎ)
傌	(mǎ)
榪	(mà)
嘛	(má)
埋	(mái)
埋藏	(mái cáng)
埋單	(mái dān)
埋點	(mái diǎn)
埋伏	(mái fú)
埋孔	(mái kǒng)
埋沒	(mái mò)
埋名	(mái míng)
埋設	(mái shè)
埋首	(mái shǒu)
埋汰	(mái tai)
埋天怨地	(mán tiān yuàn dì)
埋頭	(mái tóu)
埋頭苦幹	(mái tóu kǔ gàn)
埋線	(mái xiàn)
埋怨	(mán yuàn)
埋葬	(mái zàng)
䘑	(mài)
勱	(mài)
嘜	(mài)
嘜頭	(mài tóu)
嫚	(mān)
嫚子	(mān zi)
樠	(mén)
屘	(mǎn)
曼	(màn)
曼波	(màn bō)
曼波魚	(màn bō yú)
曼徹斯特	(màn chè sī tè)
曼徹斯特編碼	(màn chè sī tè biān mǎ)
曼城	(màn chéng)
曼城隊	(màn chéng duì)
曼達爾	(màn dá ěr)
曼島	(màn dǎo)
曼德勒	(màn dé lè)
曼谷	(màn gǔ)
曼哈頓	(màn hā dùn)
曼哈頓區	(màn hā dùn qū)
曼海姆	(màn hǎi mǔ)
曼荷蓮學院	(màn hé lián xué yuàn)
曼聯	(màn lián)
曼妙	(màn miào)
曼尼托巴	(màn ní tuō bā)
曼切斯特	(màn qiē sī tè)
曼蘇爾	(màn sū ěr)
曼荼羅	(màn tú luó)
曼陀林	(màn tuó lín)
曼陀鈴	(màn tuó líng)
曼陀羅	(màn tuó luó)
曼妥思	(màn tuǒ sī)
曼珠沙華	(màn zhū shā huā)
墁	(màn)
幔	(màn)
幔子	(màn zi)
慢	(màn)
慢班	(màn bān)
慢板	(màn bǎn)
慢半拍	(màn bàn pāi)
慢步	(màn bù)
慢長	(màn cháng)
慢車	(màn chē)
慢城市	(màn chéng shì)
慢待	(màn dài)
慢動作	(màn dòng zuò)
慢工出巧匠	(màn gōng chū qiǎo jiàng)
慢工出細貨	(màn gōng chū xì huò)
慢化劑	(màn huà jì)
慢火	(màn huǒ)
慢鏡頭	(màn jìng tóu)
慢慢	(màn màn)
慢慢吃	(màn màn chī)
慢慢來	(màn màn lái)
慢慢吞吞	(màn man tūn tūn)
慢跑	(màn pǎo)
慢熱	(màn rè)
慢熱型	(màn rè xíng)
慢生活	(màn shēng huó)
慢說	(màn shuō)
慢速	(màn sù)
慢速攝影	(màn sù shè yǐng)
慢碳	(màn tàn)
慢騰騰	(màn téng téng)
慢條斯理	(màn tiáo sī lǐ)
慢吞吞	(màn tūn tūn)
慢行	(màn xíng)
慢行道	(màn xíng dào)
慢性	(màn xìng)
慢性病	(màn xìng bìng)
慢性疾病	(màn xìng jí bìng)
慢性疲勞症候群	(màn xìng pí láo zhèng hòu qún)
慢性疼痛	(màn xìng téng tòng)
慢性子	(màn xìng zi)
慢性阻塞性肺病	(màn xìng zǔ sè xìng fèi bìng)
慢用	(màn yòng)
慢悠悠	(màn yōu yōu)
慢走	(màn zǒu)
忙	(máng)
忙不迭	(máng bù dié)
忙不過來	(máng bù guò lái)
忙乎	(máng hū)
忙活	(máng huo)
忙進忙出	(máng jìn máng chū)
忙裡偷閑	(máng lǐ tōu xián)
忙碌	(máng lù)
忙亂	(máng luàn)
忙忙叨叨	(máng mang dāo dāo)
忙音	(máng yīn)
忙於	(máng yú)
忙中有錯	(máng zhōng yǒu cuò)
忙中有失	(máng zhōng yǒu shī)
忙著	(máng zhe)
杧	(máng)
杧果	(máng guǒ)
尨	(páng)
杗	(máng)
厖	(páng)
哤	(máng)
庬	(páng)
旄	(máo)
旄車	(máo chē)
旄倪	(mào ní)
旄期	(mào qī)
冇	(mǎo)
卯	(mǎo)
卯起來	(mǎo qǐ lai)
卯榫	(mǎo sǔn)
卯眼	(mǎo yǎn)
夘	(mǎo)
戼	(mǎo)
峁	(mǎo)
昴	(mǎo)
冃	(mào)
冒	(mào)
冒充	(mào chōng)
冒出來	(mào chū lái)
冒大不韙	(mào dà bù wěi)
冒頂	(mào dǐng)
冒瀆	(mào dú)
冒犯	(mào fàn)
冒風險	(mào fēng xiǎn)
冒汗	(mào hàn)
冒號	(mào hào)
冒火	(mào huǒ)
冒進	(mào jìn)
冒領	(mào lǐng)
冒冒失失	(mào mào shī shī)
冒昧	(mào mèi)
冒名	(mào míng)
冒名頂替	(mào míng dǐng tì)
冒名頂替者	(mào míng dǐng tì zhě)
冒納羅亞	(mào nà luó yà)
冒牌	(mào pái)
冒牌貨	(mào pái huò)
冒生命危險	(mào shēng mìng wēi xiǎn)
冒失	(mào shi)
冒失鬼	(mào shi guǐ)
冒暑	(mào shǔ)
冒死	(mào sǐ)
冒題	(mào tí)
冒頭	(mào tóu)
冒險	(mào xiǎn)
冒險家	(mào xiǎn jiā)
冒險者	(mào xiǎn zhě)
冒險主義	(mào xiǎn zhǔ yì)
冒煙	(mào yān)
冒用	(mào yòng)
冒雨	(mào yǔ)
冒著	(mào zhe)
㡌	(mào)
帽	(mào)
帽箍兒	(mào gū r)
帽匠	(mào jiàng)
帽天山	(mào tiān shān)
帽沿	(mào yán)
帽檐	(mào yán)
帽子	(mào zi)
帽子叔叔	(mào zi shū shu)
帽子戲法	(mào zi xì fǎ)
媢	(mào)
楙	(mào)
愗	(mào)
懋	(mào)
孭	(miē)
么	(yāo)
么並矢	(yāo bìng shǐ)
么點	(yāo diǎn)
么兒	(yāo ér)
么二	(yāo èr)
么麼小醜	(yāo mó xiǎo chǒu)
么女	(yāo nǚ)
庅	(me)
枚	(méi)
枚卜	(méi bǔ)
枚乘	(méi chéng)
枚舉	(méi jǔ)
梅	(méi)
梅德韋傑夫	(méi dé wéi jié fū)
梅毒	(méi dú)
梅河口市	(méi hé kǒu shì)
梅核氣	(méi hé qì)
梅紅	(méi hóng)
梅花	(méi huā)
梅花鹿	(méi huā lù)
梅花拳	(méi huā quán)
梅江區	(méi jiāng qū)
梅蘭芳	(méi lán fāng)
梅里美	(méi lǐ měi)
梅里斯達斡爾族區	(méi lǐ sī dá wò ěr zú qū)
梅里斯區	(méi lǐ sī qū)
梅里亞姆·韋伯斯特	(méi lǐ yà mǔ · wéi bó sī tè)
梅林	(méi lín)
梅洛	(méi luò)
梅納德	(méi nà dé)
梅派	(méi pài)
梅乾菜	(méi gān cài)
梅薩林	(méi sà lín)
梅瑟	(méi sè)
梅森	(méi sēn)
梅森素數	(méi sēn sù shù)
梅山鄉	(méi shān xiāng)
梅氏	(méi shì)
梅氏腺	(méi shì xiàn)
梅斯	(méi sī)
梅斯梅爾	(méi sī méi ěr)
梅西	(méi xī)
梅西耶	(méi xī yē)
梅西耶星表	(méi xī yē xīng biǎo)
梅西葉	(méi xī yè)
梅西葉星表	(méi xī yè xīng biǎo)
梅縣區	(méi xiàn qū)
梅雨	(méi yǔ)
梅州市	(méi zhōu shì)
梅子	(méi zi)
堳	(méi)
嵋	(méi)
媒	(méi)
媒材	(méi cái)
媒合	(méi hé)
媒介	(méi jiè)
媒界	(méi jiè)
媒婆	(méi pó)
媒人	(méi ren)
媒妁	(méi shuò)
媒妁之言	(méi shuò zhī yán)
媒體	(méi tǐ)
媒體訪問控制	(méi tǐ fǎng wèn kòng zhì)
媒體自由	(méi tǐ zì yóu)
媒質	(méi zhì)
楳	(méi)
楣	(méi)
槑	(méi)
每	(měi)
每常	(měi cháng)
每處	(měi chù)
每次	(měi cì)
每當	(měi dāng)
每分每秒	(měi fēn měi miǎo)
每逢	(měi féng)
每逢佳節倍思親	(měi féng jiā jié bèi sī qīn)
每隔	(měi gé)
每個	(měi gè)
每個人	(měi ge rén)
每況愈下	(měi kuàng yù xià)
每每	(měi měi)
每年	(měi nián)
每年一度	(měi nián yī dù)
每人	(měi rén)
每日	(měi rì)
每日電訊報	(měi rì diàn xùn bào)
每日鏡報	(měi rì jìng bào)
每日快報	(měi rì kuài bào)
每日限價	(měi rì xiàn jià)
每日新聞	(měi rì xīn wén)
每日郵報	(měi rì yóu bào)
每時每刻	(měi shí měi kè)
每時每日	(měi shí měi rì)
每天	(měi tiān)
每夜	(měi yè)
每月	(měi yuè)
每週	(měi zhōu)
每週一次	(měi zhōu yī cì)
嵄	(měi)
媄	(měi)
媺	(měi)
妹	(mèi)
妹夫	(mèi fu)
妹妹	(mèi mei)
妹妹頭	(mèi mei tóu)
妹婿	(mèi xù)
妹子	(mèi zi)
昧	(mèi)
昧旦	(mèi dàn)
昧良心	(mèi liáng xīn)
昧沒	(mèi mò)
昧死	(mèi sǐ)
昧心	(mèi xīn)
寐	(mèi)
寐龍	(mèi lóng)
媚	(mèi)
媚詞	(mèi cí)
媚惑	(mèi huò)
媚男	(mèi nán)
媚世	(mèi shì)
媚俗	(mèi sú)
媚態	(mèi tài)
媚娃	(mèi wá)
媚外	(mèi wài)
媚笑	(mèi xiào)
媚眼	(mèi yǎn)
捫	(mén)
捫心無愧	(mén xīn wú kuì)
捫心自問	(mén xīn zì wèn)
悶	(mēn)
悶葫蘆	(mèn hú lu)
悶酒	(mèn jiǔ)
悶雷	(mèn léi)
悶悶不樂	(mèn mèn bù lè)
悶屁	(mēn pì)
悶熱	(mēn rè)
悶騷	(mēn sāo)
悶聲不響	(mēn shēng bù xiǎng)
悶聲發大財	(mēn shēng fā dà cái)
悶聲悶氣	(mēn shēng mēn qì)
暪	(mèn)
懣	(mèn)
懣然	(mèn rán)
們	(men)
䖟	(méng)
冡	(méng)
䗈	(méng)
幪	(méng)
懞	(méng)
檬	(méng)
曚	(méng)
曚曨	(méng lóng)
朦	(méng)
朦骨	(méng gǔ)
朦朧	(méng lóng)
朦朧詩	(méng lóng shī)
勐	(měng)
勐海縣	(měng hǎi xiàn)
勐臘縣	(měng là xiàn)
懵	(měng)
懵逼	(měng bī)
懵懂	(měng dǒng)
懵懵懂懂	(měng měng dǒng dǒng)
懵圈	(mēng quān)
孟	(mèng)
孟嘗君	(mèng cháng jūn)
孟村回族自治縣	(mèng cūn huí zú zì zhì xiàn)
孟德斯鳩	(mèng dé sī jiū)
孟菲斯	(mèng fēi sī)
孟浩然	(mèng hào rán)
孟加拉	(mèng jiā lā)
孟加拉國	(mèng jiā lā guó)
孟加拉人民共和國	(mèng jiā lā rén mín gòng hé guó)
孟加拉灣	(mèng jiā lā wān)
孟加拉語	(mèng jiā lā yǔ)
孟姜女	(mèng jiāng nǚ)
孟郊	(mèng jiāo)
孟津區	(mèng jīn qū)
孟軻	(mèng kē)
孟浪	(mèng làng)
孟連傣族拉祜族佤族自治縣	(mèng lián dǎi zú lā hù zú wǎ zú zì zhì xiàn)
孟良崮	(mèng liáng gù)
孟買	(mèng mǎi)
孟婆	(mèng pó)
孟婆湯	(mèng pó tāng)
孟思誠	(mèng sī chéng)
孟夏	(mèng xià)
孟州市	(mèng zhōu shì)
孟子	(mèng zǐ)
夢	(mèng)
夢到	(mèng dào)
夢核	(mèng hé)
夢話	(mèng huà)
夢幻	(mèng huàn)
夢幻泡影	(mèng huàn pào yǐng)
夢見	(mèng jiàn)
夢景	(mèng jǐng)
夢境	(mèng jìng)
夢露	(mèng lù)
夢寐	(mèng mèi)
夢寐以求	(mèng mèi yǐ qiú)
夢魔	(mèng mó)
夢溪筆談	(mèng xī bǐ tán)
夢鄉	(mèng xiāng)
夢想	(mèng xiǎng)
夢想家	(mèng xiǎng jiā)
夢行症	(mèng xíng zhèng)
夢魘	(mèng yǎn)
夢遺	(mèng yí)
夢囈	(mèng yì)
夢遊	(mèng yóu)
夢遊症	(mèng yóu zhèng)
夢中	(mèng zhōng)
夣	(mèng)
咪	(mī)
咪咪	(mī mī)
咪嘴	(mī zuǐ)
咪唑	(mī zuò)
冞	(mí)
彌	(mí)
彌補	(mí bǔ)
彌渡縣	(mí dù xiàn)
彌封	(mí fēng)
彌縫	(mí féng)
彌合	(mí hé)
彌迦書	(mí jiā shū)
彌勒	(mí lè)
彌勒佛	(mí lè fó)
彌勒菩薩	(mí lè pú sà)
彌勒市	(mí lè shì)
彌留	(mí liú)
彌留之際	(mí liú zhī jì)
彌滿	(mí mǎn)
彌漫	(mí màn)
彌蒙	(mí méng)
彌撒	(mí sa)
彌賽亞	(mí sài yà)
彌散	(mí sàn)
彌天	(mí tiān)
彌天大謊	(mí tiān dà huǎng)
彌陀	(mí tuó)
彌望	(mí wàng)
彌月	(mí yuè)
彌足珍貴	(mí zú zhēn guì)
劘	(mó)
弭	(mǐ)
敉	(mǐ)
宓	(mì)
峚	(mì)
峚山	(mì shān)
密	(mì)
密報	(mì bào)
密閉	(mì bì)
密閉艙	(mì bì cāng)
密閉貨艙	(mì bì huò cāng)
密閉門	(mì bì mén)
密不可分	(mì bù kě fēn)
密不透風	(mì bù tòu fēng)
密布	(mì bù)
密道	(mì dào)
密電	(mì diàn)
密度	(mì dù)
密度波	(mì dù bō)
密度計	(mì dù jì)
密爾沃基	(mì ěr wò jī)
密訪	(mì fǎng)
密封	(mì fēng)
密封艙	(mì fēng cāng)
密封膠	(mì fēng jiāo)
密告	(mì gào)
密函	(mì hán)
密合	(mì hé)
密會	(mì huì)
密集	(mì jí)
密集恐懼症	(mì jí kǒng jù zhèng)
密件	(mì jiàn)
密教	(mì jiào)
密接	(mì jiē)
密克羅尼西亞	(mì kè luó ní xī yà)
密恐	(mì kǒng)
密林	(mì lín)
密令	(mì lìng)
密碼	(mì mǎ)
密碼保護	(mì mǎ bǎo hù)
密碼電報	(mì mǎ diàn bào)
密碼鎖	(mì mǎ suǒ)
密碼學	(mì mǎ xué)
密碼子	(mì mǎ zi)
密密	(mì mì)
密密層層	(mì mi céng céng)
密密麻麻	(mì mi má má)
密密實實	(mì mi shí shi)
密密匝匝	(mì mi zā zā)
密密扎扎	(mì mì zhā zhā)
密謀	(mì móu)
密排	(mì pái)
密切	(mì qiè)
密切接觸者	(mì qiè jiē chù zhě)
密山市	(mì shān shì)
密商	(mì shāng)
密實	(mì shí)
密使	(mì shǐ)
密室	(mì shì)
密室逃脫	(mì shì táo tuō)
密司脫	(mì sī tuō)
密斯	(mì sī)
密斯脫	(mì sī tuō)
密送	(mì sòng)
密蘇里	(mì sū lǐ)
密蘇里州	(mì sū lǐ zhōu)
密談	(mì tán)
密探	(mì tàn)
密特朗	(mì tè lǎng)
密文	(mì wén)
密西根	(mì xī gēn)
密西西比	(mì xī xī bǐ)
密西西比河	(mì xī xī bǐ hé)
密縣	(mì xiàn)
密歇根	(mì xiē gēn)
密歇根大學	(mì xiē gēn dà xué)
密歇根湖	(mì xiē gēn hú)
密簷塔	(mì yán tǎ)
密鑰	(mì yào)
密友	(mì yǒu)
密語	(mì yǔ)
密約	(mì yuē)
密雲區	(mì yún qū)
密帳	(mì zhàng)
密詔	(mì zhào)
密織	(mì zhī)
密植	(mì zhí)
密緻	(mì zhì)
密宗	(mì zōng)
塓	(mì)
嘧	(mì)
冪	(mì)
冪等	(mì děng)
冪級數	(mì jí shù)
幦	(mì)
棉	(mián)
棉襖	(mián ǎo)
棉棒	(mián bàng)
棉被	(mián bèi)
棉布	(mián bù)
棉豆	(mián dòu)
棉鳧	(mián fú)
棉花	(mián hua)
棉花棒	(mián huā bàng)
棉花糖	(mián huā táng)
棉褲	(mián kù)
棉蘭	(mián lán)
棉蘭老島	(mián lán lǎo dǎo)
棉鈴	(mián líng)
棉鈴蟲	(mián líng chóng)
棉毛	(mián máo)
棉帽	(mián mào)
棉簽	(mián qiān)
棉籤	(mián qiān)
棉球	(mián qiú)
棉紗	(mián shā)
棉田	(mián tián)
棉條	(mián tiáo)
棉線	(mián xiàn)
棉絮	(mián xù)
棉衣	(mián yī)
丏	(miǎn)
免	(miǎn)
免不得	(miǎn bu de)
免不了	(miǎn bù liǎo)
免持	(miǎn chí)
免除	(miǎn chú)
免黜	(miǎn chù)
免單	(miǎn dān)
免得	(miǎn de)
免掉	(miǎn diào)
免費	(miǎn fèi)
免費搭車	(miǎn fèi dā chē)
免費軟件	(miǎn fèi ruǎn jiàn)
免冠	(miǎn guān)
免開尊口	(miǎn kāi zūn kǒu)
免禮	(miǎn lǐ)
免賠	(miǎn péi)
免賠條款	(miǎn péi tiáo kuǎn)
免票	(miǎn piào)
免簽	(miǎn qiān)
免去職務	(miǎn qù zhí wù)
免受	(miǎn shòu)
免受傷害	(miǎn shòu shāng hài)
免稅	(miǎn shuì)
免談	(miǎn tán)
免提	(miǎn tí)
免息	(miǎn xī)
免洗杯	(miǎn xǐ bēi)
免洗筷	(miǎn xǐ kuài)
免疫	(miǎn yì)
免疫法	(miǎn yì fǎ)
免疫反應	(miǎn yì fǎn yìng)
免疫力	(miǎn yì lì)
免疫系統	(miǎn yì xì tǒng)
免疫學	(miǎn yì xué)
免疫應答	(miǎn yì yìng dá)
免於	(miǎn yú)
免遭	(miǎn zāo)
免責	(miǎn zé)
免責聲明	(miǎn zé shēng míng)
免責條款	(miǎn zé tiáo kuǎn)
免職	(miǎn zhí)
俛	(miǎn)
勉	(miǎn)
勉力	(miǎn lì)
勉力而為	(miǎn lì ér wéi)
勉勵	(miǎn lì)
勉勉強強	(miǎn miǎn qiǎng qiǎng)
勉強	(miǎn qiǎng)
勉為其難	(miǎn wéi qí nán)
勉縣	(miǎn xiàn)
娩	(miǎn)
勔	(miǎn)
冕	(miǎn)
冕柳鶯	(miǎn liǔ yīng)
冕寧縣	(miǎn níng xiàn)
冕雀	(miǎn què)
偭	(miǎn)
愐	(miǎn)
喵	(miāo)
喵的	(miāo de)
喵星人	(miāo xīng rén)
描	(miáo)
描紅	(miáo hóng)
描畫	(miáo huà)
描繪	(miáo huì)
描金	(miáo jīn)
描摹	(miáo mó)
描述	(miáo shù)
描圖	(miáo tú)
描寫	(miáo xiě)
杪	(miǎo)
妙	(miào)
妙筆	(miào bǐ)
妙筆生花	(miào bǐ shēng huā)
妙不可言	(miào bù kě yán)
妙處	(miào chù)
妙法	(miào fǎ)
妙法蓮華經	(miào fǎ lián huá jīng)
妙計	(miào jì)
妙齡	(miào líng)
妙妙熊歷險記	(miào miào xióng lì xiǎn jì)
妙品	(miào pǐn)
妙趣	(miào qù)
妙趣橫生	(miào qù héng shēng)
妙手	(miào shǒu)
妙手回春	(miào shǒu huí chūn)
妙手空空	(miào shǒu kōng kōng)
妙探尋兇	(miào tàn xún xiōng)
妙用	(miào yòng)
妙語	(miào yǔ)
妙語橫生	(miào yǔ héng shēng)
妙語連珠	(miào yǔ lián zhū)
妙語如珠	(miào yǔ rú zhū)
妙在不言中	(miào zài bù yán zhōng)
妙招	(miào zhāo)
妙智慧	(miào zhì huì)
庿	(miào)
廟	(miào)
廟號	(miào hào)
廟會	(miào huì)
廟口	(miào kǒu)
廟塔	(miào tǎ)
廟堂	(miào táng)
廟宇	(miào yǔ)
廟主	(miào zhǔ)
廟祝	(miào zhù)
乜	(miē)
乜斜	(miē xie)
乜嘢	(miē yě)
咩	(miē)
哶	(miē)
搣	(miè)
幭	(miè)
懱	(miè)
旻	(mín)
旼	(mín)
岷	(mín)
岷江	(mín jiāng)
岷縣	(mín xiàn)
忞	(mǐn)
冧	(lín)
崏	(mín)
暋	(mǐn)
䃉	(mín)
冺	(mǐn)
刡	(mǐn)
抿	(mǐn)
抿子	(mǐn zi)
呡	(wěn)
勄	(mǐn)
敃	(mǐn)
敏	(mǐn)
敏感	(mǐn gǎn)
敏感性	(mǐn gǎn xìng)
敏捷	(mǐn jié)
敏銳	(mǐn ruì)
愍	(mǐn)
慜	(mǐn)
憫	(mǐn)
憫惜	(mǐn xī)
名	(míng)
名錶	(míng biǎo)
名不符實	(míng bù fú shí)
名不副實	(míng bù fù shí)
名不見經傳	(míng bù jiàn jīng zhuàn)
名不虛傳	(míng bù xū chuán)
名不正言不順	(míng bu zhèng yán bu shùn)
名菜	(míng cài)
名草有主	(míng cǎo yǒu zhǔ)
名冊	(míng cè)
名產	(míng chǎn)
名場面	(míng chǎng miàn)
名臣	(míng chén)
名稱	(míng chēng)
名稱標籤	(míng chēng biāo qiān)
名稱權	(míng chēng quán)
名城	(míng chéng)
名馳遐邇	(míng chí xiá ěr)
名垂青史	(míng chuí qīng shǐ)
名詞	(míng cí)
名次	(míng cì)
名刺	(míng cì)
名從主人	(míng cóng zhǔ rén)
名存實亡	(míng cún shí wáng)
名單	(míng dān)
名額	(míng é)
名兒	(míng r)
名分	(míng fèn)
名副其實	(míng fù qí shí)
名古屋	(míng gǔ wū)
名貴	(míng guì)
名號	(míng hào)
名花有主	(míng huā yǒu zhǔ)
名畫	(míng huà)
名畫家	(míng huà jiā)
名諱	(míng huì)
名籍	(míng jí)
名妓	(míng jì)
名記	(míng jì)
名家	(míng jiā)
名間	(míng jiān)
名間鄉	(míng jiān xiāng)
名將	(míng jiàng)
名韁利鎖	(míng jiāng lì suǒ)
名角	(míng jué)
名角兒	(míng jué r)
名叫	(míng jiào)
名節	(míng jié)
名酒	(míng jiǔ)
名句	(míng jù)
名爵	(míng jué)
名利	(míng lì)
名利場	(míng lì chǎng)
名利雙收	(míng lì shuāng shōu)
名量詞	(míng liàng cí)
名列	(míng liè)
名列前茅	(míng liè qián máo)
名伶	(míng líng)
名流	(míng liú)
名錄	(míng lù)
名錄服務	(míng lù fú wù)
名落孫山	(míng luò sūn shān)
名滿天下	(míng mǎn tiān xià)
名門	(míng mén)
名門望族	(míng mén wàng zú)
名模	(míng mó)
名目	(míng mù)
名目繁多	(míng mù fán duō)
名牌	(míng pái)
名牌兒	(míng pái r)
名篇	(míng piān)
名片	(míng piàn)
名氣	(míng qi)
名籤	(míng qiān)
名曲	(míng qǔ)
名人	(míng rén)
名人錄	(míng rén lù)
名人堂	(míng rén táng)
名山	(míng shān)
名山大川	(míng shān dà chuān)
名山區	(míng shān qū)
名聲	(míng shēng)
名勝	(míng shèng)
名勝古跡	(míng shèng gǔ jì)
名師	(míng shī)
名師出高徒	(míng shī chū gāo tú)
名實	(míng shí)
名士	(míng shì)
名手	(míng shǒu)
名數	(míng shù)
名素	(míng sù)
名宿	(míng sù)
名堂	(míng tang)
名帖	(míng tiě)
名頭	(míng tou)
名望	(míng wàng)
名為	(míng wéi)
名位	(míng wèi)
名聞	(míng wén)
名下	(míng xià)
名銜	(míng xián)
名相	(míng xiàng)
名校	(míng xiào)
名學	(míng xué)
名言	(míng yán)
名揚四海	(míng yáng sì hǎi)
名醫	(míng yī)
名義	(míng yì)
名義價值	(míng yì jià zhí)
名義上	(míng yì shàng)
名義賬戶	(míng yì zhàng hù)
名優	(míng yōu)
名譽	(míng yù)
名譽博士	(míng yù bó shì)
名譽掃地	(míng yù sǎo dì)
名譽學位	(míng yù xué wèi)
名源	(míng yuán)
名源動詞	(míng yuán dòng cí)
名媛	(míng yuàn)
名噪一時	(míng zào yī shí)
名正言順	(míng zhèng yán shùn)
名重識暗	(míng zhòng shí àn)
名著	(míng zhù)
名狀	(míng zhuàng)
名字	(míng zi)
名嘴	(míng zuǐ)
名作	(míng zuò)
明	(míng)
明白	(míng bai)
明擺著	(míng bǎi zhe)
明報	(míng bào)
明辨	(míng biàn)
明辨是非	(míng biàn shì fēi)
明查暗訪	(míng chá àn fǎng)
明察	(míng chá)
明察暗訪	(míng chá àn fǎng)
明察秋毫	(míng chá qiū háo)
明朝	(míng zhāo)
明朝體	(míng cháo tǐ)
明澈	(míng chè)
明成祖	(míng chéng zǔ)
明初	(míng chū)
明廚亮灶	(míng chú liàng zào)
明處	(míng chù)
明窗淨几	(míng chuāng jìng jī)
明達	(míng dá)
明達事理	(míng dá shì lǐ)
明代	(míng dài)
明德	(míng dé)
明德學院	(míng dé xué yuàn)
明德鎮	(míng dé zhèn)
明兒	(míng r)
明兒個	(míng r ge)
明礬	(míng fán)
明崗暗哨	(míng gǎng àn shào)
明溝	(míng gōu)
明古魯	(míng gǔ lǔ)
明古魯市	(míng gǔ lǔ shì)
明光度	(míng guāng dù)
明光市	(míng guāng shì)
明和	(míng hé)
明晃晃	(míng huǎng huǎng)
明慧	(míng huì)
明火	(míng huǒ)
明膠	(míng jiāo)
明皎	(míng jiǎo)
明教	(míng jiào)
明淨	(míng jìng)
明鏡	(míng jìng)
明鏡高懸	(míng jìng gāo xuán)
明快	(míng kuài)
明朗	(míng lǎng)
明了	(míng liǎo)
明里	(míng li)
明理	(míng lǐ)
明裡暗裡	(míng lǐ àn lǐ)
明麗	(míng lì)
明戀	(míng liàn)
明亮	(míng liàng)
明瞭	(míng liǎo)
明令	(míng lìng)
明碼	(míng mǎ)
明媒正娶	(míng méi zhèng qǔ)
明媚	(míng mèi)
明滅	(míng miè)
明明	(míng míng)
明末	(míng mò)
明末清初	(míng mò qīng chū)
明眸皓齒	(míng móu hào chǐ)
明目張膽	(míng mù zhāng dǎn)
明尼阿波利斯	(míng ní ā bō lì sī)
明尼蘇達	(míng ní sū dá)
明尼蘇達州	(míng ní sū dá zhōu)
明年	(míng nián)
明槍好躲，暗箭難防	(míng qiāng hǎo duǒ , àn jiàn nán fáng)
明槍易躲，暗箭難防	(míng qiāng yì duǒ , àn jiàn nán fáng)
明清	(míng qīng)
明渠	(míng qú)
明確	(míng què)
明人不做暗事	(míng rén bù zuò àn shì)
明仁宗	(míng rén zōng)
明日	(míng rì)
明日黃花	(míng rì huáng huā)
明山區	(míng shān qū)
明升暗降	(míng shēng àn jiàng)
明十三陵	(míng shí sān líng)
明實錄	(míng shí lù)
明示	(míng shì)
明手	(míng shǒu)
明水縣	(míng shuǐ xiàn)
明斯克	(míng sī kè)
明邃	(míng suì)
明鎖	(míng suǒ)
明太祖	(míng tài zǔ)
明體	(míng tǐ)
明天	(míng tiān)
明天見	(míng tiān jiàn)
明晚	(míng wǎn)
明文	(míng wén)
明文規定	(míng wén guī dìng)
明武宗	(míng wǔ zōng)
明晰	(míng xī)
明溪縣	(míng xī xiàn)
明熹宗	(míng xī zōng)
明細	(míng xì)
明細表	(míng xì biǎo)
明蝦	(míng xiā)
明顯	(míng xiǎn)
明孝陵	(míng xiào líng)
明信片	(míng xìn piàn)
明星	(míng xīng)
明修棧道，暗渡陳倉	(míng xiū zhàn dào , àn dù chén cāng)
明宣宗	(míng xuān zōng)
明言	(míng yán)
明眼人	(míng yǎn rén)
明喻	(míng yù)
明月	(míng yuè)
明早	(míng zǎo)
明杖	(míng zhàng)
明哲保身	(míng zhé bǎo shēn)
明爭暗鬥	(míng zhēng àn dòu)
明證	(míng zhèng)
明知	(míng zhī)
明知故犯	(míng zhī gù fàn)
明知故問	(míng zhī gù wèn)
明知山有虎，偏向虎山行	(míng zhī shān yǒu hǔ , piān xiàng hǔ shān xíng)
明志	(míng zhì)
明治	(míng zhì)
明治維新	(míng zhì wéi xīn)
明智	(míng zhì)
明智之舉	(míng zhì zhī jǔ)
明珠	(míng zhū)
明珠暗投	(míng zhū àn tóu)
冥	(míng)
冥幣	(míng bì)
冥鈔	(míng chāo)
冥誕	(míng dàn)
冥道	(míng dào)
冥福	(míng fú)
冥府	(míng fǔ)
冥合	(míng hé)
冥婚	(míng hūn)
冥界	(míng jiè)
冥冥之中	(míng míng zhī zhōng)
冥錢	(míng qián)
冥壽	(míng shòu)
冥頑	(míng wán)
冥頑不靈	(míng wán bù líng)
冥王	(míng wáng)
冥王星	(míng wáng xīng)
冥想	(míng xiǎng)
冥紙	(míng zhǐ)
朙	(míng)
㝠	(míng)
榠	(míng)
榠楂	(míng zhā)
暝	(míng)
命	(mìng)
命案	(mìng àn)
命薄	(mìng bó)
命不久矣	(mìng bù jiǔ yǐ)
命大	(mìng dà)
命定	(mìng dìng)
命赴黃泉	(mìng fù huáng quán)
命根	(mìng gēn)
命歸黃泉	(mìng guī huáng quán)
命苦	(mìng kǔ)
命理	(mìng lǐ)
命理學	(mìng lǐ xué)
命令	(mìng lìng)
命令句	(mìng lìng jù)
命令列	(mìng lìng liè)
命令行	(mìng lìng háng)
命脈	(mìng mài)
命門	(mìng mén)
命名	(mìng míng)
命名法	(mìng míng fǎ)
命名日	(mìng míng rì)
命名系統	(mìng míng xì tǒng)
命盤	(mìng pán)
命題	(mìng tí)
命題邏輯	(mìng tí luó ji)
命途	(mìng tú)
命途多舛	(mìng tú duō chuǎn)
命途坎坷	(mìng tú kǎn kě)
命危	(mìng wēi)
命相	(mìng xiàng)
命運	(mìng yùn)
命在旦夕	(mìng zài dàn xī)
命中	(mìng zhòng)
命中率	(mìng zhòng lǜ)
命中註定	(mìng zhōng zhù dìng)
摸	(mō)
摸八圈	(mō bā quān)
摸吧	(mō bā)
摸不著	(mō bu zháo)
摸不著邊	(mō bu zháo biān)
摸不著頭腦	(mō bu zháo tóu nǎo)
摸彩	(mō cǎi)
摸得著	(mō de zháo)
摸底	(mō dǐ)
摸黑	(mō hēi)
摸金校尉	(mō jīn xiào wèi)
摸脈	(mō mài)
摸爬滾打	(mō pá gǔn dǎ)
摸排	(mō pái)
摸牌	(mō pái)
摸清	(mō qīng)
摸石頭過河	(mō shí tou guò hé)
摸索	(mō suo)
摸象	(mō xiàng)
摸魚	(mō yú)
摸著石頭過河	(mō zhe shí tou guò hé)
嫫	(mó)
摹	(mó)
摹仿	(mó fǎng)
摹畫	(mó huà)
摹擬	(mó nǐ)
摹聲詞	(mó shēng cí)
摹寫	(mó xiě)
模	(mó)
模板	(mú bǎn)
模版	(mú bǎn)
模範	(mó fàn)
模仿	(mó fǎng)
模仿品	(mó fǎng pǐn)
模胡	(mó hu)
模糊	(mó hu)
模糊不清	(mó hu bù qīng)
模糊邏輯	(mó hu luó ji)
模糊數學	(mó hu shù xué)
模具	(mú jù)
模塊	(mó kuài)
模塊板	(mó kuài bǎn)
模塊單元	(mó kuài dān yuán)
模塊化	(mó kuài huà)
模塊化理論	(mó kuài huà lǐ lùn)
模塊式	(mó kuài shì)
模稜	(mó léng)
模稜兩可	(mó léng liǎng kě)
模里西斯	(mó lǐ xī sī)
模擬	(mó nǐ)
模擬放大器	(mó nǐ fàng dà qì)
模擬器	(mó nǐ qì)
模擬信號	(mó nǐ xìn hào)
模式	(mó shì)
模式標本	(mó shì biāo běn)
模式種	(mó shì zhǒng)
模似	(mó sì)
模數	(mó shù)
模數轉換器	(mó shù zhuǎn huàn qì)
模態	(mó tài)
模特	(mó tè)
模特兒	(mó tè r)
模寫	(mó xiě)
模形	(mó xíng)
模型	(mó xíng)
模壓	(mú yā)
模樣	(mú yàng)
模因	(mó yīn)
模子	(mú zi)
模組	(mó zǔ)
摩	(mó)
摩擦	(mó cā)
摩擦力	(mó cā lì)
摩擦音	(mó cā yīn)
摩城	(mó chéng)
摩德納	(mó dé nà)
摩的	(mó dī)
摩登	(mó dēng)
摩登原始人	(mó dēng yuán shǐ rén)
摩頂放踵	(mó dǐng fàng zhǒng)
摩爾	(mó ěr)
摩爾定律	(mó ěr dìng lǜ)
摩爾多瓦	(mó ěr duō wǎ)
摩爾多瓦人	(mó ěr duō wǎ rén)
摩爾根	(mó ěr gēn)
摩爾門	(mó ěr mén)
摩爾門經	(mó ěr mén jīng)
摩爾人	(mó ěr rén)
摩爾斯電碼	(mó ěr sī diàn mǎ)
摩根	(mó gēn)
摩根·弗里曼	(mó gēn · fú lǐ màn)
摩根士丹利	(mó gēn shì dān lì)
摩訶	(mó hē)
摩睺羅伽	(mó hóu luó jiā)
摩加迪沙	(mó jiā dí shā)
摩加迪休	(mó jiā dí xiū)
摩肩接踵	(mó jiān jiē zhǒng)
摩揭陀	(mó jiē tuó)
摩羯	(mó jié)
摩羯座	(mó jié zuò)
摩卡	(mó kǎ)
摩卡咖啡	(mó kǎ kā fēi)
摩鹿加群島	(mó lù jiā qún dǎo)
摩洛哥	(mó luò gē)
摩旅	(mó lǚ)
摩門	(mó mén)
摩門經	(mó mén jīng)
摩納哥	(mó nà gē)
摩尼	(mó ní)
摩尼教	(mó ní jiào)
摩拳擦掌	(mó quán cā zhǎng)
摩挲	(mā sa)
摩薩德	(mó sà dé)
摩斯電碼	(mó sī diàn mǎ)
摩斯拉	(mó sī lā)
摩斯密碼	(mó sī mì mǎ)
摩絲	(mó sī)
摩蘇爾	(mó sū ěr)
摩娑	(mó suō)
摩梭	(mó suō)
摩梭族	(mó suō zú)
摩天	(mó tiān)
摩天大樓	(mó tiān dà lóu)
摩天大廈	(mó tiān dà shà)
摩天樓	(mó tiān lóu)
摩天輪	(mó tiān lún)
摩鐵	(mó tiě)
摩托	(mó tuō)
摩托車	(mó tuō chē)
摩托車的士	(mó tuō chē dī shì)
摩托羅拉	(mó tuō luó lā)
摩托艇	(mó tuō tǐng)
摩西	(mó xī)
摩西的律法	(mó xī de lǜ fǎ)
摩西律法	(mó xī lǜ fǎ)
摩西五經	(mó xī wǔ jīng)
摩蟹座	(mó xiè zuò)
嬤	(mó)
嬤嬤	(mó mo)
抹	(mò)
抹脖子	(mǒ bó zi)
抹不下臉	(mǒ bù xià liǎn)
抹布	(mā bù)
抹茶	(mǒ chá)
抹刀	(mǒ dāo)
抹黑	(mǒ hēi)
抹灰	(mǒ huī)
抹醬	(mǒ jiàng)
抹淚	(mǒ lèi)
抹零	(mǒ líng)
抹片	(mǒ piàn)
抹平	(mǒ píng)
抹去	(mǒ qù)
抹殺	(mǒ shā)
抹煞	(mǒ shā)
抹香鯨	(mǒ xiāng jīng)
抹消	(mǒ xiāo)
抹胸	(mò xiōng)
抹一鼻子灰	(mǒ yī bí zi huī)
抹油	(mǒ yóu)
末	(mò)
末班車	(mò bān chē)
末茶	(mò chá)
末車	(mò chē)
末代	(mò dài)
末底改	(mò dǐ gǎi)
末端	(mò duān)
末段	(mò duàn)
末兒	(mò r)
末伏	(mò fú)
末後	(mò hòu)
末節	(mò jié)
末了	(mò liǎo)
末流	(mò liú)
末路	(mò lù)
末煤	(mò méi)
末年	(mò nián)
末篇	(mò piān)
末期	(mò qī)
末任	(mò rèn)
末日	(mò rì)
末日論	(mò rì lùn)
末梢	(mò shāo)
末梢神經	(mò shāo shén jīng)
末世	(mò shì)
末速	(mò sù)
末尾	(mò wěi)
末位淘汰	(mò wèi táo tài)
末席	(mò xí)
末屑	(mò xiè)
末藥	(mò yào)
末頁	(mò yè)
末葉	(mò yè)
末藝	(mò yì)
末願	(mò yuàn)
末造	(mò zào)
末子	(mò zi)
末座	(mò zuò)
歾	(mò)
歿	(mò)
冐	(mào)
妺	(mò)
寞	(mò)
墨	(mò)
墨巴本	(mò bā běn)
墨筆	(mò bǐ)
墨翟	(mò dí)
墨斗	(mò dǒu)
墨爾本	(mò ěr běn)
墨粉	(mò fěn)
墨盒	(mò hé)
墨跡	(mò jì)
墨家	(mò jiā)
墨江哈尼族自治縣	(mò jiāng hā ní zú zì zhì xiàn)
墨角蘭	(mò jiǎo lán)
墨鏡	(mò jìng)
墨客	(mò kè)
墨累	(mò lèi)
墨累達令流域	(mò lèi dá lìng liú yù)
墨綠	(mò lǜ)
墨綠色	(mò lǜ sè)
墨丘利	(mò qiū lì)
墨守成規	(mò shǒu chéng guī)
墨水	(mò shuǐ)
墨水兒	(mò shuǐ r)
墨水屏	(mò shuǐ píng)
墨水瓶架	(mò shuǐ píng jià)
墨條	(mò tiáo)
墨脫縣	(mò tuō xiàn)
墨灣	(mò wān)
墨西哥	(mò xī gē)
墨西哥城	(mò xī gē chéng)
墨西哥捲餅	(mò xī gē juǎn bǐng)
墨西哥辣椒	(mò xī gē là jiāo)
墨西哥人	(mò xī gē rén)
墨西哥灣	(mò xī gē wān)
墨西拿	(mò xī ná)
墨西拿海峽	(mò xī ná hǎi xiá)
墨匣	(mò xiá)
墨線	(mò xiàn)
墨刑	(mò xíng)
墨硯	(mò yàn)
墨魚	(mò yú)
墨玉縣	(mò yù xiàn)
墨者	(mò zhě)
墨汁	(mò zhī)
墨紙	(mò zhǐ)
墨竹工卡縣	(mò zhú gōng kǎ xiàn)
墨子	(mò zǐ)
墨漬	(mò zì)
哞	(mōu)
侔	(móu)
某	(mǒu)
某處	(mǒu chù)
某地	(mǒu dì)
某甲	(mǒu jiǎ)
某某	(mǒu mǒu)
某人	(mǒu rén)
某時	(mǒu shí)
某事	(mǒu shì)
某些	(mǒu xiē)
某種	(mǒu zhǒng)
嘸	(m)
嘸沒	(m méi)
嘸啥	(m shá)
嘸蝦米	(wú xiā mǐ)
母	(mǔ)
母愛	(mǔ ài)
母板	(mǔ bǎn)
母本	(mǔ běn)
母船	(mǔ chuán)
母帶	(mǔ dài)
母單	(mǔ dān)
母彈	(mǔ dàn)
母黨	(mǔ dǎng)
母蜂	(mǔ fēng)
母港	(mǔ gǎng)
母公司	(mǔ gōng sī)
母國	(mǔ guó)
母哈	(mǔ hā)
母函數	(mǔ hán shù)
母后	(mǔ hòu)
母機	(mǔ jī)
母雞	(mǔ jī)
母老虎	(mǔ lǎo hǔ)
母驢	(mǔ lǘ)
母難日	(mǔ nàn rì)
母女	(mǔ nǚ)
母親	(mǔ qīn)
母親河	(mǔ qīn hé)
母親節	(mǔ qīn jié)
母球	(mǔ qiú)
母權制	(mǔ quán zhì)
母犬	(mǔ quǎn)
母群體	(mǔ qún tǐ)
母乳	(mǔ rǔ)
母乳代用品	(mǔ rǔ dài yòng pǐn)
母乳化奶粉	(mǔ rǔ huà nǎi fěn)
母乳餵養	(mǔ rǔ wèi yǎng)
母喪	(mǔ sāng)
母上	(mǔ shàng)
母胎	(mǔ tāi)
母胎solo	(mǔ tāi s o l o)
母胎單身	(mǔ tāi dān shēn)
母湯	(mǔ tāng)
母題	(mǔ tí)
母體	(mǔ tǐ)
母系	(mǔ xì)
母系社會	(mǔ xì shè huì)
母細胞	(mǔ xì bāo)
母線	(mǔ xiàn)
母校	(mǔ xiào)
母星	(mǔ xīng)
母夜叉	(mǔ yè chā)
母音	(mǔ yīn)
母音調和	(mǔ yīn tiáo hé)
母語	(mǔ yǔ)
母質	(mǔ zhì)
母子	(mǔ zǐ)
母子垂直感染	(mǔ zǐ chuí zhí gǎn rǎn)
拇	(mǔ)
拇囊炎	(mǔ náng yán)
拇外翻	(mǔ wài fān)
拇戰	(mǔ zhàn)
拇指	(mǔ zhǐ)
拇指甲	(mǔ zhǐ jia)
拇趾	(mǔ zhǐ)
拇趾外翻	(mǔ zhǐ wài fān)
姆	(mǔ)
姆巴巴內	(mǔ bā bā nèi)
姆拉迪奇	(mǔ lā dí qí)
姆佬	(mǔ lǎo)
姆佬族	(mǔ lǎo zú)
姆媽	(m mā)
娒	(mǔ)
木	(mù)
木板	(mù bǎn)
木版	(mù bǎn)
木版畫	(mù bǎn huà)
木本植物	(mù běn zhí wù)
木鱉果	(mù biē guǒ)
木菠蘿	(mù bō luó)
木材	(mù cái)
木柴	(mù chái)
木齒耙	(mù chǐ pá)
木椆	(mù zhòu)
木船	(mù chuán)
木醇	(mù chún)
木村	(mù cūn)
木笛	(mù dí)
木釘	(mù dīng)
木蠹蛾	(mù dù é)
木耳	(mù ěr)
木耳菜	(mù ěr cài)
木筏	(mù fá)
木芙蓉	(mù fú róng)
木桿	(mù gān)
木格措	(mù gé cuò)
木工	(mù gōng)
木骨都束	(mù gǔ dū shù)
木瓜	(mù guā)
木管樂器	(mù guǎn yuè qì)
木棍	(mù gùn)
木夯	(mù hāng)
木華黎	(mù huá lí)
木屐	(mù jī)
木吉他	(mù jí tā)
木劍	(mù jiàn)
木匠	(mù jiàng)
木節	(mù jié)
木槿	(mù jǐn)
木聚糖	(mù jù táng)
木鋸	(mù jù)
木糠	(mù kāng)
木刻	(mù kè)
木塊	(mù kuài)
木框	(mù kuàng)
木蘭	(mù lán)
木蘭綱	(mù lán gāng)
木蘭花	(mù lán huā)
木蘭科	(mù lán kē)
木蘭屬	(mù lán shǔ)
木蘭縣	(mù lán xiàn)
木壘哈薩克自治縣	(mù lěi hā sà kè zì zhì xiàn)
木里藏族自治縣	(mù lǐ zàng zú zì zhì xiàn)
木料	(mù liào)
木馬	(mù mǎ)
木馬病毒	(mù mǎ bìng dú)
木馬計	(mù mǎ jì)
木莓	(mù méi)
木棉	(mù mián)
木棉科	(mù mián kē)
木目金	(mù mù jīn)
木乃伊	(mù nǎi yī)
木乃伊化	(mù nǎi yī huà)
木訥	(mù nè)
木訥寡言	(mù nè guǎ yán)
木訥老人	(mù nè lǎo rén)
木偶	(mù ǒu)
木偶劇	(mù ǒu jù)
木偶戲	(mù ǒu xì)
木偶秀	(mù ǒu xiù)
木片	(mù piàn)
木器	(mù qì)
木琴	(mù qín)
木球	(mù qiú)
木然	(mù rán)
木人石心	(mù rén shí xīn)
木蝨	(mù shī)
木薯	(mù shǔ)
木薯澱粉	(mù shǔ diàn fěn)
木炭	(mù tàn)
木糖	(mù táng)
木糖醇	(mù táng chún)
木酮糖	(mù tóng táng)
木桶	(mù tǒng)
木頭	(mù tou)
木瓦	(mù wǎ)
木衛	(mù wèi)
木衛二	(mù wèi èr)
木衛三	(mù wèi sān)
木衛四	(mù wèi sì)
木衛一	(mù wèi yī)
木犀	(mù xi)
木犀肉	(mù xi ròu)
木下	(mù xià)
木香	(mù xiāng)
木箱鼓	(mù xiāng gǔ)
木鞋	(mù xié)
木屑	(mù xiè)
木星	(mù xīng)
木曜日	(mù yào rì)
木已成舟	(mù yǐ chéng zhōu)
木魚	(mù yú)
木吒	(mù zha)
木柵	(mù zhà)
木柵線	(mù zhà xiàn)
木製	(mù zhì)
木質	(mù zhì)
木質部	(mù zhì bù)
木質素	(mù zhì sù)
木樁	(mù zhuāng)
木子美	(mù zǐ měi)
仫	(mù)
仫佬	(mù lǎo)
仫佬族	(mù lǎo zú)
募	(mù)
募化	(mù huà)
募集	(mù jí)
募捐	(mù juān)
募款	(mù kuǎn)
募緣	(mù yuán)
墓	(mù)
墓碑	(mù bēi)
墓場	(mù chǎng)
墓道	(mù dào)
墓地	(mù dì)
墓窖	(mù jiào)
墓坑	(mù kēng)
墓石	(mù shí)
墓塔	(mù tǎ)
墓穴	(mù xué)
墓園	(mù yuán)
墓葬	(mù zàng)
墓葬區	(mù zàng qū)
墓葬群	(mù zàng qún)
墓誌	(mù zhì)
墓誌銘	(mù zhì míng)
墓主	(mù zhǔ)
幕	(mù)
幕布	(mù bù)
幕府	(mù fǔ)
幕後	(mù hòu)
幕後操縱	(mù hòu cāo zòng)
幕後黑手	(mù hòu hēi shǒu)
幕後花絮	(mù hòu huā xù)
幕間	(mù jiān)
幕僚	(mù liáo)
幕牆	(mù qiáng)
幙	(mù)
楘	(mù)
慕	(mù)
慕道友	(mù dào yǒu)
慕課	(mù kè)
慕名	(mù míng)
慕名而來	(mù míng ér lái)
慕尼黑	(mù ní hēi)
慕容	(mù róng)
慕士塔格峰	(mù shì tǎ gé fēng)
慕斯	(mù sī)
慕絲	(mù sī)
慕洋犬	(mù yáng quǎn)
暮	(mù)
暮靄	(mù ǎi)
暮鼓晨鐘	(mù gǔ chén zhōng)
暮景	(mù jǐng)
暮年	(mù nián)
暮氣	(mù qì)
暮色	(mù sè)
暮色蒼茫	(mù sè cāng máng)
暮歲	(mù suì)
拏	(ná)
㧱	(ná)
拿	(ná)
拿辦	(ná bàn)
拿捕	(ná bǔ)
拿不出手	(ná bù chū shǒu)
拿不動	(ná bu dòng)
拿不准	(ná bù zhǔn)
拿出	(ná chū)
拿大	(ná dà)
拿大頂	(ná dà dǐng)
拿到	(ná dào)
拿得起放得下	(ná de qǐ fàng de xià)
拿頂	(ná dǐng)
拿俄米	(ná é mǐ)
拿獲	(ná huò)
拿架子	(ná jià zi)
拿來	(ná lái)
拿來主義	(ná lái zhǔ yì)
拿你沒辦法	(ná nǐ méi bàn fǎ)
拿捏	(ná niē)
拿破侖	(ná pò lún)
拿破崙	(ná pò lún)
拿起	(ná qǐ)
拿喬	(ná qiáo)
拿權	(ná quán)
拿人	(ná rén)
拿撒勒	(ná sǎ lè)
拿騷	(ná sāo)
拿手	(ná shǒu)
拿手菜	(ná shǒu cài)
拿手好戲	(ná shǒu hǎo xì)
拿順	(ná shùn)
拿索	(ná suǒ)
拿鐵	(ná tiě)
拿鐵咖啡	(ná tiě kā fēi)
拿下	(ná xià)
拿一血	(ná yī xuè)
拿主意	(ná zhǔ yi)
拿著雞毛當令箭	(ná zhe jī máo dàng lìng jiàn)
拿走	(ná zǒu)
乸	(nǎ)
哪	(nǎ)
哪兒	(nǎ r)
哪兒的話	(nǎ r de huà)
哪兒跟哪兒	(nǎ r gēn nǎ r)
哪個	(nǎ ge)
哪壺不開提哪壺	(nǎ hú bù kāi tí nǎ hú)
哪裡	(nǎ lǐ)
哪裡哪裡	(nǎ lǐ nǎ lǐ)
哪裏	(nǎ lǐ)
哪門子	(nǎ mén zi)
哪怕	(nǎ pà)
哪像	(nǎ xiàng)
哪些	(nǎ xiē)
哪一個	(nǎ yī ge)
哪吒	(né zhā)
哪知	(nǎ zhī)
哪知道	(nǎ zhī dào)
吶	(nà)
吶喊	(nà hǎn)
娜	(nà)
娜娜	(nà nà)
娜塔莉	(nà tǎ lì)
捺	(nà)
孻	(lái)
乃	(nǎi)
乃東區	(nǎi dōng qū)
乃堆拉	(nǎi duī lā)
乃堆拉山口	(nǎi duī lā shān kǒu)
乃爾	(nǎi ěr)
乃是	(nǎi shì)
乃至	(nǎi zhì)
奶	(nǎi)
奶爸	(nǎi bà)
奶白菜	(nǎi bái cài)
奶茶	(nǎi chá)
奶蛋素	(nǎi dàn sù)
奶粉	(nǎi fěn)
奶狗	(nǎi gǒu)
奶皇	(nǎi huáng)
奶皇包	(nǎi huáng bāo)
奶黃	(nǎi huáng)
奶黃包	(nǎi huáng bāo)
奶精	(nǎi jīng)
奶酪	(nǎi lào)
奶酪火鍋	(nǎi lào huǒ guō)
奶媽	(nǎi mā)
奶貓	(nǎi māo)
奶名	(nǎi míng)
奶母	(nǎi mǔ)
奶奶	(nǎi nai)
奶奶的	(nǎi nai de)
奶奶灰	(nǎi nai huī)
奶娘	(nǎi niáng)
奶牛	(nǎi niú)
奶牛場	(nǎi niú chǎng)
奶農	(nǎi nóng)
奶品	(nǎi pǐn)
奶瓶	(nǎi píng)
奶帥	(nǎi shuài)
奶水	(nǎi shuǐ)
奶酥	(nǎi sū)
奶素	(nǎi sù)
奶湯	(nǎi tāng)
奶頭	(nǎi tóu)
奶頭樂	(nǎi tóu lè)
奶昔	(nǎi xī)
奶音	(nǎi yīn)
奶油	(nǎi yóu)
奶油菜花	(nǎi yóu cài huā)
奶油果	(nǎi yóu guǒ)
奶油雞蛋	(nǎi yóu jī dàn)
奶油小生	(nǎi yóu xiǎo shēng)
奶站	(nǎi zhàn)
奶罩	(nǎi zhào)
奶汁	(nǎi zhī)
奶汁烤	(nǎi zhī kǎo)
奶製品	(nǎi zhì pǐn)
奶拽	(nǎi zhuǎi)
奶子	(nǎi zi)
奶嘴	(nǎi zuǐ)
奶嘴兒	(nǎi zuǐ r)
廼	(nǎi)
倷	(nǎi)
嬭	(nǎi)
奈	(nài)
奈飛	(nài fēi)
奈何	(nài hé)
奈及利亞	(nài jí lì yà)
奈良	(nài liáng)
奈良時代	(nài liáng shí dài)
奈洛比	(nài luò bǐ)
奈曼	(nài màn)
奈曼旗	(nài màn qí)
奈米	(nài mǐ)
奈秒	(nài miǎo)
奈培	(nài péi)
柰	(nài)
柰子	(nài zi)
囡	(nān)
囡囡	(nān nān)
枏	(nán)
南	(nán)
南安普敦	(nán ān pǔ dūn)
南安市	(nán ān shì)
南岸區	(nán àn qū)
南奧塞梯	(nán ào sài tī)
南澳	(nán ào)
南澳大利亞州	(nán ào dà lì yà zhōu)
南澳島	(nán ào dǎo)
南澳縣	(nán ào xiàn)
南澳鄉	(nán ào xiāng)
南半球	(nán bàn qiú)
南北	(nán běi)
南北長	(nán běi cháng)
南北朝	(nán běi cháo)
南北韓	(nán běi hán)
南北極	(nán běi jí)
南北美	(nán běi měi)
南邊	(nán bian)
南邊兒	(nán bian r)
南冰洋	(nán bīng yáng)
南波萬	(nán bō wàn)
南部	(nán bù)
南部縣	(nán bù xiàn)
南側	(nán cè)
南岔縣	(nán chà xiàn)
南昌市	(nán chāng shì)
南昌縣	(nán chāng xiàn)
南朝	(nán cháo)
南朝陳	(nán cháo chén)
南朝梁	(nán cháo liáng)
南朝齊	(nán cháo qí)
南朝宋	(nán cháo sòng)
南朝鮮	(nán cháo xiǎn)
南城縣	(nán chéng xiàn)
南充市	(nán chōng shì)
南川區	(nán chuān qū)
南達科他	(nán dá kē tā)
南大	(nán dà)
南大洋	(nán dà yáng)
南丹縣	(nán dān xiàn)
南島	(nán dǎo)
南島民族	(nán dǎo mín zú)
南定	(nán dìng)
南端	(nán duān)
南方	(nán fāng)
南方澳漁港	(nán fāng ào yú gǎng)
南方古猿	(nán fāng gǔ yuán)
南方周末	(nán fāng zhōu mò)
南非	(nán fēi)
南非茶	(nán fēi chá)
南非語	(nán fēi yǔ)
南飛過冬	(nán fēi guò dōng)
南芬區	(nán fēn qū)
南豐縣	(nán fēng xiàn)
南竿	(nán gān)
南竿鄉	(nán gān xiāng)
南崗區	(nán gǎng qū)
南港區	(nán gǎng qū)
南高加索	(nán gāo jiā suǒ)
南宮	(nán gōng)
南宮市	(nán gōng shì)
南瓜	(nán guā)
南瓜燈	(nán guā dēng)
南關區	(nán guān qū)
南郭	(nán guō)
南海	(nán hǎi)
南海艦隊	(nán hǎi jiàn duì)
南海區	(nán hǎi qū)
南海子	(nán hǎi zi)
南韓	(nán hán)
南漢	(nán hàn)
南航	(nán háng)
南和區	(nán hé qū)
南荷蘭	(nán hé lán)
南湖區	(nán hú qū)
南華	(nán huá)
南華縣	(nán huá xiàn)
南華早報	(nán huá zǎo bào)
南灰伯勞	(nán huī bó láo)
南回歸線	(nán huí guī xiàn)
南箕北斗	(nán jī běi dǒu)
南極	(nán jí)
南極光	(nán jí guāng)
南極海	(nán jí hǎi)
南極界	(nán jí jiè)
南極圈	(nán jí quān)
南極洲	(nán jí zhōu)
南極洲半島	(nán jí zhōu bàn dǎo)
南極座	(nán jí zuò)
南迦巴瓦峰	(nán jiā bā wǎ fēng)
南澗彝族自治縣	(nán jiàn yí zú zì zhì xiàn)
南江縣	(nán jiāng xiàn)
南疆	(nán jiāng)
南郊區	(nán jiāo qū)
南膠河	(nán jiāo hé)
南京	(nán jīng)
南京大屠殺	(nán jīng dà tú shā)
南京大學	(nán jīng dà xué)
南京理工大學	(nán jīng lǐ gōng dà xué)
南京路	(nán jīng lù)
南京農業大學	(nán jīng nóng yè dà xué)
南京市	(nán jīng shì)
南京條約	(nán jīng tiáo yuē)
南京郵電大學	(nán jīng yóu diàn dà xué)
南靖縣	(nán jìng xiàn)
南卡羅來納	(nán kǎ luó lái nà)
南開	(nán kāi)
南開大學	(nán kāi dà xué)
南開區	(nán kāi qū)
南康區	(nán kāng qū)
南柯一夢	(nán kē yī mèng)
南聯盟	(nán lián méng)
南涼	(nán liáng)
南陵縣	(nán líng xiàn)
南嶺	(nán lǐng)
南美	(nán měi)
南美梨	(nán měi lí)
南美洲	(nán měi zhōu)
南門二	(nán mén èr)
南盟	(nán méng)
南冕座	(nán miǎn zuò)
南面	(nán miàn)
南明區	(nán míng qū)
南木林縣	(nán mù lín xiàn)
南寧市	(nán níng shì)
南歐	(nán ōu)
南派螳螂	(nán pài táng láng)
南皮縣	(nán pí xiàn)
南票區	(nán piào qū)
南平市	(nán píng shì)
南坡	(nán pō)
南浦市	(nán pǔ shì)
南普陀寺	(nán pǔ tuó sì)
南齊	(nán qí)
南腔北調	(nán qiāng běi diào)
南喬治亞島和南桑威奇	(nán qiáo zhì yà dǎo hé nán sāng wēi qí)
南譙區	(nán qiáo qū)
南拳	(nán quán)
南拳媽媽	(nán quán mā mā)
南乳	(nán rǔ)
南三角座	(nán sān jiǎo zuò)
南沙區	(nán shā qū)
南沙群島	(nán shā qún dǎo)
南山區	(nán shān qū)
南贍部洲	(nán shàn bù zhōu)
南十字座	(nán shí zì zuò)
南斯拉夫	(nán sī lā fū)
南宋	(nán sòng)
南蘇丹	(nán sū dān)
南特	(nán tè)
南天門	(nán tiān mén)
南通市	(nán tōng shì)
南投	(nán tóu)
南投市	(nán tóu shì)
南投縣	(nán tóu xiàn)
南屯區	(nán tún qū)
南緯	(nán wěi)
南無	(nā mó)
南西諸島	(nán xī zhū dǎo)
南希	(nán xī)
南溪區	(nán xī qū)
南下	(nán xià)
南縣	(nán xiàn)
南雄市	(nán xióng shì)
南潯區	(nán xún qū)
南亞	(nán yà)
南亞大草鶯	(nán yà dà cǎo yīng)
南亞區域合作聯盟	(nán yà qū yù hé zuò lián méng)
南燕	(nán yān)
南洋	(nán yáng)
南洋理工大學	(nán yáng lǐ gōng dà xué)
南洋商報	(nán yáng shāng bào)
南陽市	(nán yáng shì)
南陽縣	(nán yáng xiàn)
南魚座	(nán yú zuò)
南轅北轍	(nán yuán běi zhé)
南苑	(nán yuàn)
南越	(nán yuè)
南樂縣	(nán lè xiàn)
南嶽	(nán yuè)
南嶽區	(nán yuè qū)
南棗	(nán zǎo)
南漳縣	(nán zhāng xiàn)
南召縣	(nán zhào xiàn)
南征	(nán zhēng)
南征北伐	(nán zhēng běi fá)
南征北討	(nán zhēng běi tǎo)
南征北戰	(nán zhēng běi zhàn)
南鄭區	(nán zhèng qū)
南州	(nán zhōu)
南州鄉	(nán zhōu xiāng)
南庄鄉	(nán zhuāng xiāng)
侽	(nán)
娚	(nán)
喃	(nán)
喃喃	(nán nán)
喃喃自語	(nán nán zì yǔ)
喃字	(nán zì)
楠	(nán)
楠格哈爾省	(nán gé hā ěr shěng)
楠木	(nán mù)
楠梓	(nán zǐ)
楠梓區	(nán zǐ qū)
暔	(nán)
戁	(nǎn)
囔	(nāng)
囔囔	(nāng nang)
乪	(nāng)
囊	(náng)
囊揣	(nāng chuài)
囊膪	(nāng chuài)
囊袋	(náng dài)
囊空如洗	(náng kōng rú xǐ)
囊括	(náng kuò)
囊泡	(náng pào)
囊胚	(náng pēi)
囊謙縣	(náng qiān xiàn)
囊中取物	(náng zhōng qǔ wù)
囊中羞澀	(náng zhōng xiū sè)
囊腫	(náng zhǒng)
曩	(nǎng)
攮	(nǎng)
孬	(nāo)
孬種	(nāo zhǒng)
呶	(náo)
呶呶	(náo náo)
呶呶不休	(náo náo bù xiū)
峱	(náo)
撓	(náo)
撓敗	(náo bài)
撓鉤	(náo gōu)
撓裂	(náo liè)
撓率	(náo lǜ)
撓曲	(náo qū)
撓頭	(náo tóu)
撓癢癢	(náo yǎng yang)
夒	(náo)
匘	(nǎo)
堖	(nǎo)
惱	(nǎo)
惱恨	(nǎo hèn)
惱火	(nǎo huǒ)
惱怒	(nǎo nù)
惱人	(nǎo rén)
惱羞成怒	(nǎo xiū chéng nù)
嫐	(nǎo)
㕯	(nè)
呢	(ne)
呢喃	(ní nán)
呢喃細語	(ní nán xì yǔ)
呢呢	(ní ní)
呢呢癡癡	(ní ní chī chī)
呢子	(ní zi)
內	(nèi)
內八字腳	(nèi bā zì jiǎo)
內爆	(nèi bào)
內爆法原子彈	(nèi bào fǎ yuán zǐ dàn)
內比都	(nèi bǐ dū)
內賓	(nèi bīn)
內布拉斯加	(nèi bù lā sī jiā)
內部	(nèi bù)
內部鬥爭	(nèi bù dòu zhēng)
內部矛盾	(nèi bù máo dùn)
內部事務	(nèi bù shì wù)
內部網	(nèi bù wǎng)
內參	(nèi cān)
內側	(nèi cè)
內測	(nèi cè)
內層	(nèi céng)
內插	(nèi chā)
內場	(nèi chǎng)
內臣	(nèi chén)
內襯	(nèi chèn)
內城	(nèi chéng)
內出血	(nèi chū xuè)
內傳	(nèi zhuàn)
內唇	(nèi chún)
內存	(nèi cún)
內存儲器	(nèi cún chǔ qì)
內搭褲	(nèi dā kù)
內袋	(nèi dài)
內丹	(nèi dān)
內膽	(nèi dǎn)
內地	(nèi dì)
內弟	(nèi dì)
內定	(nèi dìng)
內鬥	(nèi dòu)
內耳	(nèi ěr)
內耳道	(nèi ěr dào)
內飛地	(nèi fēi dì)
內啡素	(nèi fēi sù)
內啡肽	(nèi fēi tài)
內分泌	(nèi fēn mì)
內分泌腺	(nèi fēn mì xiàn)
內稃	(nèi fū)
內服	(nèi fú)
內閣	(nèi gé)
內閣總理大臣	(nèi gé zǒng lǐ dà chén)
內購	(nèi gòu)
內觀	(nèi guān)
內鬼	(nèi guǐ)
內海	(nèi hǎi)
內含	(nèi hán)
內涵	(nèi hán)
內涵意義	(nèi hán yì yì)
內耗	(nèi hào)
內河	(nèi hé)
內核	(nèi hé)
內訌	(nèi hòng)
內鬨	(nèi hòng)
內湖	(nèi hú)
內湖區	(nèi hú qū)
內華達	(nèi huá dá)
內化	(nèi huà)
內踝	(nèi huái)
內黃縣	(nèi huáng xiàn)
內積	(nèi jī)
內急	(nèi jí)
內賈德	(nèi jiǎ dé)
內奸	(nèi jiān)
內建	(nèi jiàn)
內江市	(nèi jiāng shì)
內徑	(nèi jìng)
內疚	(nèi jiù)
內卷	(nèi juǎn)
內眷	(nèi juàn)
內卡河	(nèi kǎ hé)
內科	(nèi kē)
內科學	(nèi kē xué)
內科醫生	(nèi kē yī shēng)
內褲	(nèi kù)
內窺鏡	(nèi kuī jìng)
內澇	(nèi lào)
內裡	(nèi lǐ)
內聯	(nèi lián)
內聯網	(nèi lián wǎng)
內斂	(nèi liǎn)
內流	(nèi liú)
內流河	(nèi liú hé)
內六角扳手	(nèi liù jiǎo bān shǒu)
內六角圓柱頭螺釘	(nèi liù jiǎo yuán zhù tóu luó dīng)
內陸	(nèi lù)
內陸國	(nèi lù guó)
內陸河	(nèi lù hé)
內亂	(nèi luàn)
內羅畢	(nèi luó bì)
內碼	(nèi mǎ)
內貿	(nèi mào)
內蒙古大學	(nèi měng gǔ dà xué)
內蒙古自治區	(nèi měng gǔ zì zhì qū)
內膜	(nèi mó)
內幕	(nèi mù)
內幕交易	(nèi mù jiāo yì)
內內	(nèi nei)
內能	(nèi néng)
內胚層	(nèi pēi céng)
內皮	(nèi pí)
內埔	(nèi pǔ)
內埔鄉	(nèi pǔ xiāng)
內切	(nèi qiē)
內切球	(nèi qiē qiú)
內勤	(nèi qín)
內情	(nèi qíng)
內丘縣	(nèi qiū xiàn)
內燃	(nèi rán)
內燃機	(nèi rán jī)
內燃機車	(nèi rán jī chē)
內人	(nèi rén)
內容	(nèi róng)
內容管理系統	(nèi róng guǎn lǐ xì tǒng)
內容量	(nèi róng liàng)
內傷	(nèi shāng)
內熵	(nèi shāng)
內射	(nèi shè)
內省	(nèi xǐng)
內省性	(nèi xǐng xìng)
內室	(nèi shì)
內視鏡	(nèi shì jìng)
內飾	(nèi shì)
內塔尼亞胡	(nèi tǎ ní yà hú)
內胎	(nèi tāi)
內帑	(nèi tǎng)
內田	(nèi tián)
內廷	(nèi tíng)
內推	(nèi tuī)
內外	(nèi wài)
內外兼修	(nèi wài jiān xiū)
內務	(nèi wù)
內務部	(nèi wù bù)
內務府	(nèi wù fǔ)
內細胞團	(nèi xì bāo tuán)
內酰胺酶	(nèi xiān àn méi)
內線	(nèi xiàn)
內線交易	(nèi xiàn jiāo yì)
內線消息	(nèi xiàn xiāo xi)
內餡	(nèi xiàn)
內鄉縣	(nèi xiāng xiàn)
內詳	(nèi xiáng)
內向	(nèi xiàng)
內銷	(nèi xiāo)
內斜視	(nèi xié shì)
內心	(nèi xīn)
內心深處	(nèi xīn shēn chù)
內心世界	(nèi xīn shì jiè)
內心戲	(nèi xīn xì)
內行	(nèi háng)
內行看門道，外行看熱鬧	(nèi háng kàn mén dao , wài háng kàn rè nao)
內兄	(nèi xiōng)
內需	(nèi xū)
內眼角	(nèi yǎn jiǎo)
內野	(nèi yě)
內野手	(nèi yě shǒu)
內衣	(nèi yī)
內衣褲	(nèi yī kù)
內營力	(nèi yíng lì)
內用	(nèi yòng)
內憂外患	(nèi yōu wài huàn)
內憂外困	(nèi yōu wài kùn)
內娛	(nèi yú)
內源	(nèi yuán)
內院	(nèi yuàn)
內在	(nèi zài)
內在超越	(nèi zài chāo yuè)
內在幾何	(nèi zài jǐ hé)
內在幾何學	(nèi zài jǐ hé xué)
內在美	(nèi zài měi)
內在座標	(nèi zài zuò biāo)
內臟	(nèi zàng)
內戰	(nèi zhàn)
內政	(nèi zhèng)
內政部	(nèi zhèng bù)
內政部長	(nèi zhèng bù zhǎng)
內政部警政署	(nèi zhèng bù jǐng zhèng shǔ)
內酯	(nèi zhǐ)
內置	(nèi zhì)
內質網	(nèi zhì wǎng)
內中	(nèi zhōng)
內裝	(nèi zhuāng)
內眥	(nèi zì)
恁	(nèn)
恁般	(rèn bān)
恁麼	(rèn me)
嫩	(nèn)
嫩江市	(nèn jiāng shì)
嫩綠	(nèn lǜ)
嫩苗	(nèn miáo)
嫩肉粉	(nèn ròu fěn)
嫩芽	(nèn yá)
嫩葉	(nèn yè)
嫩主	(nèn zhǔ)
嫰	(nèn)
嗯	(èn)
嗯哼	(en hēng)
妮	(nī)
妮可·基德曼	(nī kě · jī dé màn)
妮維雅	(nī wéi yǎ)
妮維婭	(nī wéi yà)
妮子	(nī zi)
尼	(ní)
尼安德塔人	(ní ān dé tǎ rén)
尼安德特人	(ní ān dé tè rén)
尼布楚條約	(ní bù chǔ tiáo yuē)
尼布甲尼撒	(ní bù jiǎ ní sā)
尼采	(ní cǎi)
尼德蘭	(ní dé lán)
尼厄麗德	(ní è lì dé)
尼爾森	(ní ěr sēn)
尼爾遜	(ní ěr xùn)
尼哥	(ní gē)
尼哥底母	(ní gē dǐ mǔ)
尼格羅	(ní gé luó)
尼姑	(ní gū)
尼古丁	(ní gǔ dīng)
尼古西亞	(ní gǔ xī yà)
尼加拉瓜	(ní jiā lā guā)
尼加拉瀑布	(ní jiā lā pù bù)
尼康	(ní kāng)
尼科西亞	(ní kē xī yà)
尼克	(ní kè)
尼克森	(ní kè sēn)
尼勒克縣	(ní lè kè xiàn)
尼龍	(ní lóng)
尼龍搭釦	(ní lóng dā kòu)
尼羅河	(ní luó hé)
尼瑪	(ní mǎ)
尼瑪縣	(ní mǎ xiàn)
尼米茲	(ní mǐ zī)
尼姆	(ní mǔ)
尼木縣	(ní mù xiàn)
尼泊爾	(ní bó ěr)
尼泊爾鷦鶥	(ní bó ěr jiāo méi)
尼泊爾王國	(ní bó ěr wáng guó)
尼人	(ní rén)
尼日	(ní rì)
尼日爾	(ní rì ěr)
尼日爾河	(ní rì ěr hé)
尼日利亞	(ní rì lì yà)
尼散月	(ní sàn yuè)
尼桑	(ní sāng)
尼斯	(ní sī)
尼斯湖水怪	(ní sī hú shuǐ guài)
尼蘇	(ní sū)
尼特	(ní tè)
尼特族	(ní tè zú)
尼希米記	(ní xī mǐ jì)
尼雅河	(ní yǎ hé)
尼亞加拉瀑布	(ní yà jiā lā pù bù)
尼亞美	(ní yà měi)
坭	(ní)
怩	(ní)
倪	(ní)
倪桂珍	(ní guì zhēn)
倪匡	(ní kuāng)
倪柝聲	(ní tuò shēng)
伱	(nǐ)
你	(nǐ)
你等	(nǐ děng)
你個頭	(nǐ ge tóu)
你好	(nǐ hǎo)
你看著辦吧	(nǐ kàn zhe bàn ba)
你媽	(nǐ mā)
你們	(nǐ men)
你情我願	(nǐ qíng wǒ yuàn)
你死我活	(nǐ sǐ wǒ huó)
你我	(nǐ wǒ)
你真行	(nǐ zhēn xíng)
你爭我奪	(nǐ zhēng wǒ duó)
你追我趕	(nǐ zhuī wǒ gǎn)
你走你的陽關道，我過我的獨木橋	(nǐ zǒu nǐ de yáng guān dào , wǒ guò wǒ de dú mù qiáo)
妳	(nǐ)
柅	(nǐ)
旎	(nǐ)
儞	(nǐ)
擬	(nǐ)
擬大朱雀	(nǐ dà zhū què)
擬定	(nǐ dìng)
擬訂	(nǐ dìng)
擬稿	(nǐ gǎo)
擬古	(nǐ gǔ)
擬古之作	(nǐ gǔ zhī zuò)
擬合	(nǐ hé)
擬具	(nǐ jù)
擬球	(nǐ qiú)
擬人	(nǐ rén)
擬聲	(nǐ shēng)
擬聲唱法	(nǐ shēng chàng fǎ)
擬聲詞	(nǐ shēng cí)
擬態	(nǐ tài)
擬議	(nǐ yì)
擬音	(nǐ yīn)
擬游隼	(nǐ yóu sǔn)
擬於不倫	(nǐ yú bù lún)
擬制	(nǐ zhì)
擬製	(nǐ zhì)
擬作	(nǐ zuò)
伲	(nì)
昵	(nì)
昵愛	(nì ài)
昵比	(nì bǐ)
匿	(nì)
匿報	(nì bào)
匿跡	(nì jì)
匿名	(nì míng)
匿影藏形	(nì yǐng cáng xíng)
堄	(nì)
惄	(nì)
暱	(nì)
暱稱	(nì chēng)
拈	(niān)
拈花惹草	(niān huā rě cǎo)
拈酸	(niān suān)
拈香	(niān xiāng)
拈指	(niān zhǐ)
年	(nián)
年報	(nián bào)
年表	(nián biǎo)
年產	(nián chǎn)
年長	(nián zhǎng)
年成	(nián cheng)
年初	(nián chū)
年楚河	(nián chǔ hé)
年代	(nián dài)
年代初	(nián dài chū)
年代學	(nián dài xué)
年底	(nián dǐ)
年度	(nián dù)
年度報告	(nián dù bào gào)
年度大會	(nián dù dà huì)
年度股東大會	(nián dù gǔ dōng dà huì)
年度預算	(nián dù yù suàn)
年費	(nián fèi)
年份	(nián fèn)
年俸	(nián fèng)
年復一年	(nián fù yī nián)
年富力強	(nián fù lì qiáng)
年高德劭	(nián gāo dé shào)
年糕	(nián gāo)
年庚	(nián gēng)
年功加俸	(nián gōng jiā fèng)
年關	(nián guān)
年過	(nián guò)
年號	(nián hào)
年華	(nián huá)
年畫	(nián huà)
年畫兒	(nián huà r)
年會	(nián huì)
年貨	(nián huò)
年級	(nián jí)
年紀	(nián jì)
年假	(nián jià)
年間	(nián jiān)
年檢	(nián jiǎn)
年鑑	(nián jiàn)
年較差	(nián jiào chā)
年節	(nián jié)
年金	(nián jīn)
年久失修	(nián jiǔ shī xiū)
年均	(nián jūn)
年均日照	(nián jūn rì zhào)
年均增長率	(nián jūn zēng zhǎng lǜ)
年刊	(nián kān)
年來	(nián lái)
年老	(nián lǎo)
年老力衰	(nián lǎo lì shuāi)
年老體弱	(nián lǎo tǐ ruò)
年曆	(nián lì)
年齡	(nián líng)
年齡段	(nián líng duàn)
年齡組	(nián líng zǔ)
年輪	(nián lún)
年輪蛋糕	(nián lún dàn gāo)
年邁	(nián mài)
年滿	(nián mǎn)
年末	(nián mò)
年內	(nián nèi)
年年	(nián nián)
年年有餘	(nián nián yǒu yú)
年譜	(nián pǔ)
年前	(nián qián)
年青	(nián qīng)
年輕	(nián qīng)
年輕化	(nián qīng huà)
年輕力壯	(nián qīng lì zhuàng)
年輕氣盛	(nián qīng qì shèng)
年輕人	(nián qīng rén)
年輕有為	(nián qīng yǒu wéi)
年三十	(nián sān shí)
年上	(nián shàng)
年少	(nián shào)
年少無知	(nián shào wú zhī)
年事	(nián shì)
年事已高	(nián shì yǐ gāo)
年收入	(nián shōu rù)
年壽	(nián shòu)
年歲	(nián suì)
年頭	(nián tóu)
年頭兒	(nián tóu r)
年尾	(nián wěi)
年味	(nián wèi)
年息	(nián xī)
年下	(nián xia)
年限	(nián xiàn)
年薪	(nián xīn)
年兄	(nián xiōng)
年夜	(nián yè)
年夜飯	(nián yè fàn)
年已蹉跎	(nián yǐ cuō tuó)
年誼	(nián yì)
年友	(nián yǒu)
年幼	(nián yòu)
年逾	(nián yú)
年逾古稀	(nián yú gǔ xī)
年月	(nián yuè)
年載	(nián zǎi)
年之久	(nián zhī jiǔ)
年中	(nián zhōng)
年終	(nián zhōng)
年終獎	(nián zhōng jiǎng)
年資	(nián zī)
年尊	(nián zūn)
䊀	(hú)
捻	(niǎn)
撚	(niǎn)
攆	(niǎn)
攆出	(niǎn chū)
攆走	(niǎn zǒu)
卄	(niàn)
廿	(niàn)
廿八躔	(niàn bā chán)
廿四史	(niàn sì shǐ)
念	(niàn)
念叨	(niàn dao)
念佛	(niàn fó)
念經	(niàn jīng)
念舊	(niàn jiù)
念力	(niàn lì)
念念不忘	(niàn niàn bù wàng)
念念有詞	(niàn niàn yǒu cí)
念日	(niàn rì)
念書	(niàn shū)
念誦	(niàn sòng)
念頭	(niàn tou)
念想	(niàn xiǎng)
念想兒	(niàn xiang r)
念學位	(niàn xué wèi)
念咒	(niàn zhòu)
念珠	(niàn zhū)
念珠菌症	(niàn zhū jūn zhèng)
埝	(niàn)
唸	(niàn)
唸唸有詞	(niàn niàn yǒu cí)
娘	(niáng)
娘的	(niáng de)
娘兒們	(niáng r men)
娘家	(niáng jiā)
娘家姓	(niáng jia xìng)
娘倆	(niáng liǎ)
娘媽	(niáng mā)
娘娘	(niáng niang)
娘娘廟	(niáng niáng miào)
娘娘腔	(niáng niang qiāng)
娘泡	(niáng pào)
娘炮	(niáng pào)
娘親	(niáng qīn)
娘惹	(niáng rě)
娘胎	(niáng tāi)
娘希匹	(niáng xī pǐ)
娘子	(niáng zǐ)
嫋	(niǎo)
嬝	(niǎo)
嬲	(niǎo)
尿	(niào)
尿不濕	(niào bù shī)
尿布	(niào bù)
尿布疹	(niào bù zhěn)
尿床	(niào chuáng)
尿道	(niào dào)
尿點	(niào diǎn)
尿毒症	(niào dú zhèng)
尿遁	(niào dùn)
尿急	(niào jí)
尿檢	(niào jiǎn)
尿炕	(niào kàng)
尿褲子	(niào kù zi)
尿嘧啶	(niào mì dìng)
尿尿	(niào niào)
尿脬	(suī pāo)
尿泡	(suī pao)
尿盆	(niào pén)
尿盆兒	(niào pén r)
尿片	(niào piàn)
尿失禁	(niào shī jìn)
尿素	(niào sù)
尿樣	(niào yàng)
尿液	(niào yè)
尿意	(niào yì)
㳮	(niào)
㞙	(niào)
捏	(niē)
捏估	(niē gu)
捏合	(niē hé)
捏脊	(niē jǐ)
捏脊治療	(niē jǐ zhì liáo)
捏碎	(niē suì)
捏一把汗	(niē yī bǎ hàn)
捏一把冷汗	(niē yī bǎ lěng hàn)
捏造	(niē zào)
揑	(niē)
敜	(niè)
噛	(niè)
嶭	(è)
嚙	(niè)
嚙齒動物	(niè chǐ dòng wù)
嚙齒目	(niè chǐ mù)
嚙合	(niè hé)
孽	(niè)
孽報	(niè bào)
孽畜	(niè chù)
孽海花	(niè hǎi huā)
孽緣	(niè yuán)
孽障	(niè zhàng)
孽種	(niè zhǒng)
孽子	(niè zǐ)
孼	(niè)
櫱	(niè)
櫱枝	(niè zhī)
囁	(niè)
囁囁	(niè niè)
囁嚅	(niè rú)
囁呫	(niè tiè)
囓	(niè)
囓齒類	(niè chǐ lèi)
您	(nín)
您好	(nín hǎo)
宁	(zhù)
寕	(nìng)
寧	(nìng)
寧安市	(níng ān shì)
寧邊	(níng biān)
寧波市	(níng bō shì)
寧拆十座廟，不毀一樁婚	(nìng chāi shí zuò miào , bù huǐ yī zhuāng hūn)
寧城縣	(níng chéng xiàn)
寧德市	(níng dé shì)
寧都縣	(níng dū xiàn)
寧洱哈尼族彝族自治縣	(níng ěr hā ní zú yí zú zì zhì xiàn)
寧國市	(níng guó shì)
寧海縣	(níng hǎi xiàn)
寧化縣	(níng huà xiàn)
寧江區	(níng jiāng qū)
寧津縣	(níng jīn xiàn)
寧晉縣	(níng jìn xiàn)
寧靜	(níng jìng)
寧靜致遠	(níng jìng zhì yuǎn)
寧可	(nìng kě)
寧肯	(nìng kěn)
寧蒗彝族自治縣	(níng làng yí zú zì zhì xiàn)
寧陵縣	(níng líng xiàn)
寧明縣	(níng míng xiàn)
寧南縣	(níng nán xiàn)
寧強縣	(níng qiáng xiàn)
寧缺毋濫	(nìng quē wú làn)
寧缺勿濫	(nìng quē wù làn)
寧陝縣	(níng shǎn xiàn)
寧死不屈	(nìng sǐ bù qū)
寧為玉碎，不為瓦全	(nìng wéi yù suì , bù wéi wǎ quán)
寧武縣	(níng wǔ xiàn)
寧夏回族自治區	(níng xià huí zú zì zhì qū)
寧夏省	(níng xià shěng)
寧縣	(níng xiàn)
寧鄉市	(níng xiāng shì)
寧陽縣	(níng yáng xiàn)
寧遠縣	(níng yuǎn xiàn)
寧願	(nìng yuàn)
寧宗	(níng zōng)
寧左勿右	(nìng zuǒ wù yòu)
寧做雞頭，不做鳳尾	(nìng zuò jī tóu , bù zuò fèng wěi)
儜	(níng)
凝	(níng)
凝冰	(níng bīng)
凝睇	(níng dì)
凝固	(níng gù)
凝固點	(níng gù diǎn)
凝固劑	(níng gù jì)
凝固汽油彈	(níng gù qì yóu dàn)
凝花菜	(níng huā cài)
凝集	(níng jí)
凝集素	(níng jí sù)
凝肩	(níng jiān)
凝膠	(níng jiāo)
凝膠體	(níng jiāo tǐ)
凝結	(níng jié)
凝聚	(níng jù)
凝聚層	(níng jù céng)
凝聚力	(níng jù lì)
凝聚態	(níng jù tài)
凝塊	(níng kuài)
凝煉	(níng liàn)
凝練	(níng liàn)
凝神	(níng shén)
凝視	(níng shì)
凝縮	(níng suō)
凝望	(níng wàng)
凝血	(níng xuè)
凝血酶	(níng xuè méi)
凝血酶原	(níng xuè méi yuán)
凝血素	(níng xuè sù)
凝液	(níng yè)
凝滯	(níng zhì)
凝重	(níng zhòng)
嚀	(níng)
檸	(níng)
檸檬	(níng méng)
檸檬草	(níng méng cǎo)
檸檬茶	(níng méng chá)
檸檬雞	(níng méng jī)
檸檬片	(níng méng piàn)
檸檬水	(níng méng shuǐ)
檸檬酸	(níng méng suān)
檸檬酸循環	(níng méng suān xún huán)
檸檬汁	(níng méng zhī)
擰	(nǐng)
擰巴	(nǐng ba)
擰成一股繩	(níng chéng yī gǔ shéng)
擰開	(nǐng kāi)
佞	(nìng)
寗	(níng)
妞	(niū)
妞妞	(niū niu)
扭	(niǔ)
扭擺	(niǔ bǎi)
扭打	(niǔ dǎ)
扭蛋	(niǔ dàn)
扭角羚	(niǔ jiǎo líng)
扭結	(niǔ jié)
扭矩	(niǔ jǔ)
扭虧	(niǔ kuī)
扭虧為盈	(niǔ kuī wéi yíng)
扭力	(niǔ lì)
扭捏	(niǔ nie)
扭扭捏捏	(niǔ niǔ niē niē)
扭扭樂	(niǔ niǔ lè)
扭曲	(niǔ qū)
扭傷	(niǔ shāng)
扭送	(niǔ sòng)
扭頭	(niǔ tóu)
扭腰	(niǔ yāo)
扭轉	(niǔ zhuǎn)
扭轉乾坤	(niǔ zhuǎn qián kūn)
忸	(niǔ)
忸怩	(niǔ ní)
忸忸怩怩	(niǔ niǔ ní ní)
儂	(nóng)
噥	(nóng)
憹	(náo)
弄	(nòng)
弄不懂	(nòng bu dǒng)
弄不清	(nòng bu qīng)
弄臣	(nòng chén)
弄錯	(nòng cuò)
弄到	(nòng dào)
弄到手	(nòng dào shǒu)
弄丟	(nòng diū)
弄懂	(nòng dǒng)
弄短	(nòng duǎn)
弄崗穗鶥	(nòng gǎng suì méi)
弄壞	(nòng huài)
弄混	(nòng hún)
弄假成真	(nòng jiǎ chéng zhēn)
弄僵	(nòng jiāng)
弄亂	(nòng luàn)
弄明白	(nòng míng bai)
弄平	(nòng píng)
弄巧成拙	(nòng qiǎo chéng zhuō)
弄清	(nòng qīng)
弄傷	(nòng shāng)
弄死	(nòng sǐ)
弄碎	(nòng suì)
弄堂	(lòng táng)
弄通	(nòng tōng)
弄瓦	(nòng wǎ)
弄歪	(nòng wāi)
弄醒	(nòng xǐng)
弄虛作假	(nòng xū zuò jiǎ)
弄髒	(nòng zāng)
弄糟	(nòng zāo)
弄璋	(nòng zhāng)
弄直	(nòng zhí)
弄皺	(nòng zhòu)
弄走	(nòng zǒu)
弄嘴弄舌	(nòng zuǐ nòng shé)
挊	(nòng)
挵	(nòng)
奴	(nú)
奴婢	(nú bì)
奴才	(nú cai)
奴兒干	(nú ér gān)
奴兒干都司	(nú ér gān dū sī)
奴工	(nú gōng)
奴化	(nú huà)
奴家	(nú jiā)
奴隸	(nú lì)
奴隸社會	(nú lì shè huì)
奴隸制	(nú lì zhì)
奴隸制度	(nú lì zhì dù)
奴隸主	(nú lì zhǔ)
奴僕	(nú pú)
奴性	(nú xìng)
奴顏婢膝	(nú yán bì xī)
奴役	(nú yì)
孥	(nú)
努	(nǔ)
努比亞	(nǔ bǐ yà)
努出	(nǔ chū)
努爾哈赤	(nǔ ěr hā chì)
努瓜婁發	(nǔ guā lóu fā)
努勁兒	(nǔ jìn r)
努克	(nǔ kè)
努庫阿洛法	(nǔ kù ā luò fǎ)
努力	(nǔ lì)
努力以赴	(nǔ lì yǐ fù)
努美阿	(nǔ měi ā)
努納武特	(nǔ nà wǔ tè)
努瓦克肖特	(nǔ wǎ kè xiāo tè)
努嘴	(nǔ zuǐ)
努嘴兒	(nǔ zuǐ r)
弩	(nǔ)
弩兵	(nǔ bīng)
弩弓	(nǔ gōng)
弩砲	(nǔ pào)
怒	(nù)
怒不可遏	(nù bù kě è)
怒潮	(nù cháo)
怒斥	(nù chì)
怒沖沖	(nù chōng chōng)
怒懟	(nù duǐ)
怒髮衝冠	(nù fà chōng guān)
怒放	(nù fàng)
怒喝	(nù hè)
怒恨	(nù hèn)
怒吼	(nù hǒu)
怒火	(nù huǒ)
怒江	(nù jiāng)
怒江大峽谷	(nù jiāng dà xiá gǔ)
怒江傈僳族自治州	(nù jiāng lì sù zú zì zhì zhōu)
怒罵	(nù mà)
怒目	(nù mù)
怒目而視	(nù mù ér shì)
怒目切齒	(nù mù qiè chǐ)
怒目相向	(nù mù xiāng xiàng)
怒氣	(nù qì)
怒氣沖沖	(nù qì chōng chōng)
怒氣攻心	(nù qì gōng xīn)
怒容	(nù róng)
怒容滿面	(nù róng mǎn miàn)
怒色	(nù sè)
怒視	(nù shì)
怒形於色	(nù xíng yú sè)
怒族	(nù zú)
㬉	(nuǎn)
暖	(nuǎn)
暖寶寶	(nuǎn bǎo bǎo)
暖巢管家	(nuǎn cháo guǎn jiā)
暖調	(nuǎn diào)
暖冬	(nuǎn dōng)
暖房	(nuǎn fáng)
暖風	(nuǎn fēng)
暖鋒	(nuǎn fēng)
暖閣	(nuǎn gé)
暖和	(nuǎn huo)
暖烘烘	(nuǎn hōng hōng)
暖壺	(nuǎn hú)
暖化	(nuǎn huà)
暖轎	(nuǎn jiào)
暖流	(nuǎn liú)
暖爐	(nuǎn lú)
暖男	(nuǎn nán)
暖暖	(nuǎn nuǎn)
暖暖包	(nuǎn nuǎn bāo)
暖暖區	(nuǎn nuǎn qū)
暖棚	(nuǎn péng)
暖瓶	(nuǎn píng)
暖氣	(nuǎn qì)
暖氣機	(nuǎn qì jī)
暖氣片	(nuǎn qì piàn)
暖融融	(nuǎn róng róng)
暖色	(nuǎn sè)
暖水瓶	(nuǎn shuǐ píng)
暖心	(nuǎn xīn)
暖洋洋	(nuǎn yáng yáng)
暖意	(nuǎn yì)
挪	(nuó)
挪動	(nuó dòng)
挪借	(nuó jiè)
挪開	(nuó kāi)
挪威	(nuó wēi)
挪窩兒	(nuó wō r)
挪亞	(nuó yà)
挪亞方舟	(nuó yà fāng zhōu)
挪用	(nuó yòng)
儺	(nuó)
儺神	(nuó shén)
儺戲	(nuó xì)
㛂	(nuǒ)
喏	(nuò)
㐡	(nuò)
搦	(nuò)
搦戰	(nuò zhàn)
懦	(nuò)
懦夫	(nuò fū)
懦弱	(nuò ruò)
女	(rǔ)
女扮男裝	(nǚ bàn nán zhuāng)
女伴	(nǚ bàn)
女賓	(nǚ bīn)
女儐相	(nǚ bīn xiàng)
女廁	(nǚ cè)
女襯衫	(nǚ chèn shān)
女乘務員	(nǚ chéng wù yuán)
女大	(nǚ dà)
女大不中留	(nǚ dà bù zhōng liú)
女大十八變	(nǚ dà shí bā biàn)
女單	(nǚ dān)
女的	(nǚ de)
女店員	(nǚ diàn yuán)
女兒	(nǚ ér)
女兒紅	(nǚ ér hóng)
女兒牆	(nǚ ér qiáng)
女犯	(nǚ fàn)
女方	(nǚ fāng)
女房東	(nǚ fáng dōng)
女高	(nǚ gāo)
女高音	(nǚ gāo yīn)
女工	(nǚ gōng)
女公爵	(nǚ gōng jué)
女公子	(nǚ gōng zǐ)
女功	(nǚ gōng)
女管家	(nǚ guǎn jiā)
女孩	(nǚ hái)
女孩兒	(nǚ hái r)
女孩子	(nǚ hái zi)
女漢子	(nǚ hàn zi)
女紅	(nǚ gōng)
女皇	(nǚ huáng)
女皇大學	(nǚ huáng dà xué)
女皇帝	(nǚ huáng dì)
女繼承人	(nǚ jì chéng rén)
女家	(nǚ jiā)
女將	(nǚ jiàng)
女傑	(nǚ jié)
女警	(nǚ jǐng)
女警員	(nǚ jǐng yuán)
女眷	(nǚ juàn)
女籃	(nǚ lán)
女郎	(nǚ láng)
女流	(nǚ liú)
女排	(nǚ pái)
女朋友	(nǚ péng you)
女票	(nǚ piào)
女僕	(nǚ pú)
女強人	(nǚ qiáng rén)
女牆	(nǚ qiáng)
女權	(nǚ quán)
女權主義	(nǚ quán zhǔ yì)
女人	(nǚ rén)
女人家	(nǚ rén jia)
女人氣	(nǚ rén qì)
女色	(nǚ sè)
女上位	(nǚ shàng wèi)
女舍監	(nǚ shè jiān)
女神	(nǚ shén)
女神蛤	(nǚ shén gé)
女生	(nǚ shēng)
女生外向	(nǚ shēng wài xiàng)
女士	(nǚ shì)
女士優先	(nǚ shì yōu xiān)
女書	(nǚ shū)
女雙	(nǚ shuāng)
女體盛	(nǚ tǐ chéng)
女同	(nǚ tóng)
女同胞	(nǚ tóng bāo)
女童	(nǚ tóng)
女團	(nǚ tuán)
女媧	(nǚ wā)
女媧氏	(nǚ wā shì)
女娃	(nǚ wá)
女王	(nǚ wáng)
女衛	(nǚ wèi)
女巫	(nǚ wū)
女武神	(nǚ wǔ shén)
女校	(nǚ xiào)
女星	(nǚ xīng)
女性	(nǚ xìng)
女性貶抑	(nǚ xìng biǎn yì)
女性割禮	(nǚ xìng gē lǐ)
女性化	(nǚ xìng huà)
女性厭惡	(nǚ xìng yàn wù)
女性主義	(nǚ xìng zhǔ yì)
女修道院	(nǚ xiū dào yuàn)
女婿	(nǚ xu)
女陰	(nǚ yīn)
女嬰	(nǚ yīng)
女傭	(nǚ yōng)
女優	(nǚ yōu)
女友	(nǚ yǒu)
女貞	(nǚ zhēn)
女真	(nǚ zhēn)
女真語	(nǚ zhēn yǔ)
女主人	(nǚ zhǔ rén)
女主人公	(nǚ zhǔ rén gōng)
女裝	(nǚ zhuāng)
女子	(nǚ zǐ)
女子參政權	(nǚ zǐ cān zhèng quán)
女子無才便是德	(nǚ zǐ wú cái biàn shì dé)
女足	(nǚ zú)
恧	(nǜ)
䶊	(nǜ)
噢	(ō)
噢買嘎	(ō mǎi gā)
哦	(o)
哦豁	(ò huō)
哦買嘎	(ò mǎi gā)
歐	(ōu)
歐安組織	(ōu ān zǔ zhī)
歐巴	(ōu bā)
歐巴桑	(ōu ba sāng)
歐柏林	(ōu bó lín)
歐斑鳩	(ōu bān jiū)
歐包	(ōu bāo)
歐寶	(ōu bǎo)
歐車前	(ōu chē qián)
歐當歸	(ōu dāng guī)
歐蝶魚	(ōu dié yú)
歐分	(ōu fēn)
歐歌鶇	(ōu gē dōng)
歐鴿	(ōu gē)
歐共體	(ōu gòng tǐ)
歐冠	(ōu guàn)
歐胡島	(ōu hú dǎo)
歐吉桑	(ōu jí sāng)
歐幾里得	(ōu jǐ lǐ dé)
歐幾里德	(ōu jǐ lǐ dé)
歐金斑鴴	(ōu jīn bān héng)
歐金翅雀	(ōu jīn chì què)
歐拉	(ōu lā)
歐萊雅	(ōu lái yǎ)
歐了	(ōu le)
歐蕾	(ōu lěi)
歐里庇得斯	(ōu lǐ bì dé sī)
歐柳鶯	(ōu liǔ yīng)
歐羅巴	(ōu luó bā)
歐羅巴洲	(ōu luó bā zhōu)
歐買嘎	(ōu mǎi gā)
歐美	(ōu měi)
歐盟	(ōu méng)
歐盟委員會	(ōu méng wěi yuán huì)
歐咪呀給	(ōu mī yā gěi)
歐米伽	(ōu mǐ gā)
歐米茄錶公司	(ōu mǐ jiā biǎo gōng sī)
歐姆	(ōu mǔ)
歐姆蛋	(ōu mǔ dàn)
歐姆龍	(ōu mǔ lóng)
歐尼	(ōu ní)
歐派	(ōu pài)
歐佩克	(ōu pèi kè)
歐泊	(ōu bó)
歐氣	(ōu qì)
歐芹	(ōu qín)
歐仁	(ōu rén)
歐若拉	(ōu ruò lā)
歐石鴴	(ōu shí héng)
歐蒔蘿	(ōu shí luó)
歐氏	(ōu shì)
歐氏幾何	(ōu shì jǐ hé)
歐式	(ōu shì)
歐式幾何	(ōu shì jǐ hé)
歐文	(ōu wén)
歐文斯	(ōu wén sī)
歐亞	(ōu yà)
歐亞大陸	(ōu yà dà lù)
歐亞紅尾鴝	(ōu yà hóng wěi qú)
歐亞鵟	(ōu yà kuáng)
歐亞鴝	(ōu yà qú)
歐亞喜鵲	(ōu yà xǐ què)
歐陽	(ōu yáng)
歐陽修	(ōu yáng xiū)
歐陽詢	(ōu yáng xún)
歐陽予倩	(ōu yáng yú qiàn)
歐夜鷹	(ōu yè yīng)
歐元	(ōu yuán)
歐元區	(ōu yuán qū)
歐楂	(ōu zhā)
歐榛	(ōu zhēn)
歐洲	(ōu zhōu)
歐洲安全和合作組織	(ōu zhōu ān quán hé hé zuò zǔ zhī)
歐洲安全與合作組織	(ōu zhōu ān quán yǔ hé zuò zǔ zhī)
歐洲杯	(ōu zhōu bēi)
歐洲大陸	(ōu zhōu dà lù)
歐洲電視	(ōu zhōu diàn shì)
歐洲法院	(ōu zhōu fǎ yuàn)
歐洲防風	(ōu zhōu fáng fēng)
歐洲歌唱大賽	(ōu zhōu gē chàng dà sài)
歐洲共同市場	(ōu zhōu gòng tóng shì chǎng)
歐洲共同體	(ōu zhōu gòng tóng tǐ)
歐洲航天局	(ōu zhōu háng tiān jú)
歐洲核子研究中心	(ōu zhōu hé zǐ yán jiū zhōng xīn)
歐洲核子中心	(ōu zhōu hé zǐ zhōng xīn)
歐洲理事會	(ōu zhōu lǐ shì huì)
歐洲聯盟	(ōu zhōu lián méng)
歐洲人	(ōu zhōu rén)
歐洲山楊	(ōu zhōu shān yáng)
歐洲刑警組織	(ōu zhōu xíng jǐng zǔ zhī)
歐洲議會	(ōu zhōu yì huì)
歐洲之星	(ōu zhōu zhī xīng)
歐洲中央銀行	(ōu zhōu zhōng yāng yín háng)
歐洲自由貿易聯盟	(ōu zhōu zì yóu mào yì lián méng)
歐豬	(ōu zhū)
毆	(ōu)
毆打	(ōu dǎ)
毆打罪	(ōu dǎ zuì)
毆鬥	(ōu dòu)
偶	(ǒu)
偶而	(ǒu ér)
偶爾	(ǒu ěr)
偶犯	(ǒu fàn)
偶函數	(ǒu hán shù)
偶合	(ǒu hé)
偶極	(ǒu jí)
偶見	(ǒu jiàn)
偶聯反應	(ǒu lián fǎn yìng)
偶買嘎	(ǒu mǎi gā)
偶然	(ǒu rán)
偶然事件	(ǒu rán shì jiàn)
偶然性	(ǒu rán xìng)
偶人	(ǒu rén)
偶數	(ǒu shù)
偶蹄	(ǒu tí)
偶蹄類	(ǒu tí lèi)
偶蹄目	(ǒu tí mù)
偶像	(ǒu xiàng)
偶像包袱	(ǒu xiàng bāo fu)
偶像劇	(ǒu xiàng jù)
偶一	(ǒu yī)
偶一為之	(ǒu yī wéi zhī)
偶語棄市	(ǒu yǔ qì shì)
偶遇	(ǒu yù)
嘔	(ǒu)
嘔出物	(ǒu chū wù)
嘔氣	(òu qì)
嘔吐	(ǒu tù)
嘔吐物	(ǒu tù wù)
嘔心瀝血	(ǒu xīn lì xuè)
慪	(òu)
慪氣	(òu qì)
啪	(pā)
啪噠	(pā dā)
啪啪啪	(pā pā pā)
杷	(bà)
掱	(pá)
帕	(pà)
帕德嫩神廟	(pà dé nèn shén miào)
帕蒂爾	(pà dì ěr)
帕爾瓦蒂	(pà ěr wǎ dì)
帕福斯	(pà fú sī)
帕格尼尼	(pà gé ní ní)
帕果帕果	(pà guǒ pà guǒ)
帕金森	(pà jīn sēn)
帕金森病	(pà jīn sēn bìng)
帕金森氏症	(pà jīn sēn shì zhèng)
帕拉馬里博	(pà lā mǎ lǐ bó)
帕拉塞爾蘇斯	(pà lā sài ěr sū sī)
帕蘭卡	(pà lán kǎ)
帕勞	(pà láo)
帕累托	(pà lèi tuō)
帕累托法則	(pà lèi tuō fǎ zé)
帕累托最優	(pà lèi tuō zuì yōu)
帕利基爾	(pà lì jī ěr)
帕麗斯·希爾頓	(pà lì sī · xī ěr dùn)
帕馬森	(pà mǎ sēn)
帕瑪森	(pà mǎ sēn)
帕米爾	(pà mǐ ěr)
帕米爾高原	(pà mǐ ěr gāo yuán)
帕內爾	(pà nèi ěr)
帕能	(pà néng)
帕尼巴特	(pà ní bā tè)
帕尼尼	(pà ní ní)
帕皮提	(pà pí tí)
帕薩特	(pà sà tè)
帕斯	(pà sī)
帕斯卡	(pà sī kǎ)
帕斯卡爾	(pà sī kǎ ěr)
帕斯卡六邊形	(pà sī kǎ liù biān xíng)
帕斯卡三角形	(pà sī kǎ sān jiǎo xíng)
帕塔亞	(pà tǎ yà)
帕台農	(pà tái nóng)
帕台農神廟	(pà tái nóng shén miào)
帕特里克	(pà tè lǐ kè)
帕特里夏	(pà tè lǐ xià)
帕特麗夏	(pà tè lì xià)
帕提儂神廟	(pà tí nóng shén miào)
帕提亞人	(pà tí yà rén)
帕瓦羅蒂	(pà wǎ luó dì)
帕西	(pà xī)
帕夏	(pà xià)
帕子	(pà zi)
怕	(pà)
怕老婆	(pà lǎo pó)
怕生	(pà shēng)
怕事	(pà shì)
怕死	(pà sǐ)
怕死鬼	(pà sǐ guǐ)
怕羞	(pà xiū)
怕癢	(pà yǎng)
拍	(pāi)
拍岸	(pāi àn)
拍案	(pāi àn)
拍案而起	(pāi àn ér qǐ)
拍案叫絕	(pāi àn jiào jué)
拍案驚奇	(pāi àn jīng qí)
拍板	(pāi bǎn)
拍出	(pāi chū)
拍打	(pāi da)
拍檔	(pāi dàng)
拍點	(pāi diǎn)
拍電	(pāi diàn)
拍電影	(pāi diàn yǐng)
拍發	(pāi fā)
拍號	(pāi hào)
拍黃瓜	(pāi huáng guā)
拍擊	(pāi jī)
拍客	(pāi kè)
拍立得	(pāi lì dé)
拍馬	(pāi mǎ)
拍馬屁	(pāi mǎ pì)
拍賣	(pāi mài)
拍賣會	(pāi mài huì)
拍賣商	(pāi mài shāng)
拍拍屁股走人	(pāi pāi pì gu zǒu rén)
拍片	(pāi piàn)
拍婆子	(pāi pó zi)
拍攝	(pāi shè)
拍手	(pāi shǒu)
拍拖	(pāi tuō)
拍戲	(pāi xì)
拍謝	(pāi xiè)
拍胸脯	(pāi xiōng pú)
拍演	(pāi yǎn)
拍照	(pāi zhào)
拍紙簿	(pāi zhǐ bù)
拍磚	(pāi zhuān)
拍子	(pāi zi)
俳	(pái)
俳佪	(pái huái)
俳句	(pái jù)
俳諧	(pái xié)
俳優	(pái yōu)
排	(pái)
排班	(pái bān)
排版	(pái bǎn)
排比	(pái bǐ)
排便	(pái biàn)
排布	(pái bù)
排佈	(pái bù)
排插	(pái chā)
排查	(pái chá)
排長	(pái zhǎng)
排場	(pái chang)
排斥	(pái chì)
排翅	(pái chì)
排出	(pái chū)
排除	(pái chú)
排除萬難	(pái chú wàn nán)
排錯	(pái cuò)
排擋	(pái dǎng)
排檔	(pái dàng)
排燈節	(pái dēng jié)
排定	(pái dìng)
排毒	(pái dú)
排隊	(pái duì)
排放	(pái fàng)
排風口	(pái fēng kǒu)
排骨	(pái gǔ)
排骨精	(pái gǔ jīng)
排海	(pái hǎi)
排洪	(pái hóng)
排華	(pái huá)
排擠	(pái jǐ)
排檢	(pái jiǎn)
排解	(pái jiě)
排精	(pái jīng)
排客	(pái kè)
排空	(pái kōng)
排澇	(pái lào)
排雷	(pái léi)
排練	(pái liàn)
排量	(pái liàng)
排列	(pái liè)
排卵	(pái luǎn)
排律	(pái lǜ)
排滿	(pái mǎn)
排悶	(pái mèn)
排面	(pái miàn)
排名	(pái míng)
排名榜	(pái míng bǎng)
排名表	(pái míng biǎo)
排母	(pái mǔ)
排難解紛	(pái nàn jiě fēn)
排尿	(pái niào)
排偶	(pái ǒu)
排炮	(pái pào)
排片	(pái piàn)
排起長隊	(pái qǐ cháng duì)
排氣	(pái qì)
排氣管	(pái qì guǎn)
排氣孔	(pái qì kǒng)
排氣扇	(pái qì shàn)
排遣	(pái qiǎn)
排槍	(pái qiāng)
排球	(pái qiú)
排入	(pái rù)
排山倒海	(pái shān dǎo hǎi)
排射	(pái shè)
排笙	(pái shēng)
排水	(pái shuǐ)
排水溝	(pái shuǐ gōu)
排水管	(pái shuǐ guǎn)
排水孔	(pái shuǐ kǒng)
排水口	(pái shuǐ kǒu)
排水量	(pái shuǐ liàng)
排水渠	(pái shuǐ qú)
排他	(pái tā)
排他性	(pái tā xìng)
排頭兵	(pái tóu bīng)
排外	(pái wài)
排灣族	(pái wān zú)
排污	(pái wū)
排污管	(pái wū guǎn)
排屋	(pái wū)
排舞	(pái wǔ)
排簫	(pái xiāo)
排泄	(pái xiè)
排泄物	(pái xiè wù)
排洩系統	(pái xiè xì tǒng)
排瀉	(pái xiè)
排瀉物	(pái xiè wù)
排行	(pái háng)
排行榜	(pái háng bǎng)
排序	(pái xù)
排煙	(pái yān)
排演	(pái yǎn)
排遺	(pái yí)
排印	(pái yìn)
排憂解難	(pái yōu jiě nàn)
排猶	(pái yóu)
排猶主義	(pái yóu zhǔ yì)
排針	(pái zhēn)
排走	(pái zǒu)
徘	(pái)
徘徊	(pái huái)
棑	(pái)
哌	(pài)
哌啶	(pài dìng)
哌嗪	(pài qín)
哌替啶	(pài tì dìng)
攀	(pān)
攀比	(pān bǐ)
攀扯	(pān chě)
攀登	(pān dēng)
攀附	(pān fù)
攀附權貴	(pān fù quán guì)
攀高結貴	(pān gāo jié guì)
攀高枝	(pān gāo zhī)
攀高枝兒	(pān gāo zhī r)
攀供	(pān gòng)
攀害	(pān hài)
攀爬	(pān pá)
攀親	(pān qīn)
攀親道故	(pān qīn dào gù)
攀山家	(pān shān jiā)
攀升	(pān shēng)
攀談	(pān tán)
攀誣	(pān wū)
攀岩	(pān yán)
攀援	(pān yuán)
攀緣	(pān yuán)
攀越	(pān yuè)
攀折	(pān zhé)
攀枝花	(pān zhī huā)
攀枝花市	(pān zhī huā shì)
幋	(pán)
媻	(pán)
槃	(pán)
判	(pàn)
判別	(pàn bié)
判別式	(pàn bié shì)
判處	(pàn chǔ)
判定	(pàn dìng)
判讀	(pàn dú)
判斷	(pàn duàn)
判斷力	(pàn duàn lì)
判斷語	(pàn duàn yǔ)
判罰	(pàn fá)
判官	(pàn guān)
判據	(pàn jù)
判決	(pàn jué)
判例	(pàn lì)
判例法	(pàn lì fǎ)
判令	(pàn lìng)
判袂	(pàn mèi)
判明	(pàn míng)
判賠	(pàn péi)
判然	(pàn rán)
判若兩人	(pàn ruò liǎng rén)
判若雲泥	(pàn ruò yún ní)
判刑	(pàn xíng)
判罪	(pàn zuì)
叛	(pàn)
叛變	(pàn biàn)
叛黨	(pàn dǎng)
叛匪	(pàn fěi)
叛國	(pàn guó)
叛國罪	(pàn guó zuì)
叛教	(pàn jiào)
叛軍	(pàn jūn)
叛離	(pàn lí)
叛亂	(pàn luàn)
叛亂罪	(pàn luàn zuì)
叛賣	(pàn mài)
叛逆	(pàn nì)
叛逆者	(pàn nì zhě)
叛逃	(pàn táo)
叛徒	(pàn tú)
叛賊	(pàn zéi)
乓	(pāng)
彷	(páng)
彷彿	(fǎng fú)
彷徨	(páng huáng)
彷徉	(páng yáng)
旁	(páng)
旁白	(páng bái)
旁邊	(páng biān)
旁邊兒	(páng biān r)
旁觀	(páng guān)
旁觀者	(páng guān zhě)
旁觀者清	(páng guān zhě qīng)
旁皇	(páng huáng)
旁腱肌	(páng jiàn jī)
旁路	(páng lù)
旁門	(páng mén)
旁門左道	(páng mén zuǒ dào)
旁敲側擊	(páng qiāo cè jī)
旁人	(páng rén)
旁若無人	(páng ruò wú rén)
旁氏	(páng shì)
旁聽	(páng tīng)
旁聽生	(páng tīng shēng)
旁騖	(páng wù)
旁系	(páng xì)
旁遮普	(páng zhē pǔ)
旁遮普邦	(páng zhē pǔ bāng)
旁遮普省	(páng zhē pǔ shěng)
旁證	(páng zhèng)
徬	(páng)
嗙	(pǎng)
拋	(pāo)
拋補	(pāo bǔ)
拋補套利	(pāo bǔ tào lì)
拋出	(pāo chū)
拋費	(pāo fèi)
拋夫棄子	(pāo fū qì zǐ)
拋光	(pāo guāng)
拋荒	(pāo huāng)
拋家棄子	(pāo jiā qì zǐ)
拋開	(pāo kāi)
拋空	(pāo kōng)
拋離	(pāo lí)
拋臉	(pāo liǎn)
拋錨	(pāo máo)
拋媚眼	(pāo mèi yǎn)
拋妻棄子	(pāo qī qì zǐ)
拋棄	(pāo qì)
拋卻	(pāo què)
拋撒	(pāo sǎ)
拋灑	(pāo sǎ)
拋散	(pāo sàn)
拋射	(pāo shè)
拋射體	(pāo shè tǐ)
拋射物	(pāo shè wù)
拋生藕	(pāo shēng ǒu)
拋售	(pāo shòu)
拋體	(pāo tǐ)
拋頭露面	(pāo tóu lù miàn)
拋物面	(pāo wù miàn)
拋物線	(pāo wù xiàn)
拋下	(pāo xià)
拋繡球	(pāo xiù qiú)
拋擲	(pāo zhì)
拋磚	(pāo zhuān)
拋磚引玉	(pāo zhuān yǐn yù)
刨	(páo)
刨筆刀	(bào bǐ dāo)
刨冰	(bào bīng)
刨程	(bào chéng)
刨齒	(bào chǐ)
刨床	(bào chuáng)
刨刀	(bào dāo)
刨根	(páo gēn)
刨根兒	(páo gēn r)
刨根問底	(páo gēn wèn dǐ)
刨工	(bào gōng)
刨花	(bào huā)
刨花板	(bào huā bǎn)
刨絲器	(bào sī qì)
刨子	(bào zi)
咆	(páo)
咆哮	(páo xiào)
咆哮如雷	(páo xiào rú léi)
庖	(páo)
庖廚	(páo chú)
庖犧氏	(páo xī shì)
匏	(páo)
嚗	(bó)
呸	(pēi)
柸	(pēi)
培	(péi)
培根	(péi gēn)
培果	(bèi guǒ)
培勒茲	(péi lè zī)
培林	(péi lín)
培土	(péi tǔ)
培修	(péi xiū)
培訓	(péi xùn)
培訓班	(péi xùn bān)
培亞	(péi yà)
培養	(péi yǎng)
培養基	(péi yǎng jī)
培養皿	(péi yǎng mǐn)
培養液	(péi yǎng yè)
培育	(péi yù)
培植	(péi zhí)
帔	(pèi)
佩	(pèi)
佩帶	(pèi dài)
佩戴	(pèi dài)
佩服	(pèi fú)
佩環	(pèi huán)
佩劍	(pèi jiàn)
佩蘭	(pèi lán)
佩魯賈	(pèi lǔ jiǎ)
佩皮尼昂	(pèi pí ní áng)
佩奇	(pèi qí)
佩飾	(pèi shì)
斾	(pèi)
旆	(pèi)
噴	(pèn)
噴薄	(pēn bó)
噴薄欲出	(pēn bó yù chū)
噴鼻息	(pēn bí xī)
噴池	(pēn chí)
噴出	(pēn chū)
噴出岩	(pēn chū yán)
噴燈	(pēn dēng)
噴發	(pēn fā)
噴飯	(pēn fàn)
噴糞	(pēn fèn)
噴瓜	(pēn guā)
噴灌	(pēn guàn)
噴壺	(pēn hú)
噴火	(pēn huǒ)
噴火器	(pēn huǒ qì)
噴濺	(pēn jiàn)
噴墨	(pēn mò)
噴漆	(pēn qī)
噴氣	(pēn qì)
噴氣發動機	(pēn qì fā dòng jī)
噴氣機	(pēn qì jī)
噴氣式	(pēn qì shì)
噴氣式飛機	(pēn qì shì fēi jī)
噴氣推進實驗室	(pēn qì tuī jìn shí yàn shì)
噴槍	(pēn qiāng)
噴泉	(pēn quán)
噴灑	(pēn sǎ)
噴灑器	(pēn sǎ qì)
噴砂	(pēn shā)
噴射	(pēn shè)
噴射機	(pēn shè jī)
噴水池	(pēn shuǐ chí)
噴水壺	(pēn shuǐ hú)
噴絲頭	(pēn sī tóu)
噴他佐辛	(pēn tā zuǒ xīn)
噴嚏	(pēn tì)
噴嚏劑	(pēn tì jì)
噴桶	(pēn tǒng)
噴頭	(pēn tóu)
噴霧	(pēn wù)
噴霧器	(pēn wù qì)
噴香	(pèn xiāng)
噴湧	(pēn yǒng)
噴子	(pēn zi)
噴嘴	(pēn zuǐ)
噴嘴兒	(pēn zuǐ r)
呠	(pēn)
歕	(pēn)
匉	(pēng)
抨	(pēng)
抨擊	(pēng jī)
怦	(pēng)
怦怦	(pēng pēng)
怦然	(pēng rán)
怦然心動	(pēng rán xīn dòng)
䦕	(pēng)
嘭	(pēng)
朋	(péng)
朋比為奸	(péng bǐ wéi jiān)
朋黨	(péng dǎng)
朋克	(péng kè)
朋友	(péng you)
朋友妻不可欺	(péng you qī bù kě qī)
朋友圈	(péng you quān)
堋	(péng)
弸	(péng)
彭	(péng)
彭勃	(péng bó)
彭博	(péng bó)
彭博社	(péng bó shè)
彭博通訊社	(péng bó tōng xùn shè)
彭博新聞社	(péng bó xīn wén shè)
彭亨	(péng hēng)
彭湖	(péng hú)
彭湖島	(péng hú dǎo)
彭佳嶼	(péng jiā yǔ)
彭麗媛	(péng lì yuán)
彭麻麻	(péng má má)
彭山區	(péng shān qū)
彭水苗族土家族自治縣	(péng shuǐ miáo zú tǔ jiā zú zì zhì xiàn)
彭水縣	(péng shuǐ xiàn)
彭縣	(péng xiàn)
彭陽縣	(péng yáng xiàn)
彭養鷗	(péng yǎng ōu)
彭澤縣	(péng zé xiàn)
彭真	(péng zhēn)
彭州市	(péng zhōu shì)
彭祖	(péng zǔ)
棚	(péng)
棚頂	(péng dǐng)
棚戶	(péng hù)
棚戶區	(péng hù qū)
棚架	(péng jià)
棚架格子	(péng jià gé zi)
棚子	(péng zi)
捧	(pěng)
捧杯	(pěng bēi)
捧場	(pěng chǎng)
捧臭腳	(pěng chòu jiǎo)
捧到天上	(pěng dào tiān shàng)
捧讀	(pěng dú)
捧腹	(pěng fù)
捧腹大笑	(pěng fù dà xiào)
捧腹絕倒	(pěng fù jué dǎo)
捧哏	(pěng gén)
捧紅	(pěng hóng)
捧花	(pěng huā)
捧角	(pěng jué)
捧角兒	(pěng jué r)
捧殺	(pěng shā)
捧上天	(pěng shàng tiān)
捧托	(pěng tuō)
掽	(pèng)
椪	(pèng)
椪餅	(pèng bǐng)
椪柑	(pèng gān)
丕	(pī)
丕變	(pī biàn)
批	(pī)
批八字	(pī bā zì)
批辦	(pī bàn)
批駁	(pī bó)
批捕	(pī bǔ)
批處理	(pī chǔ lǐ)
批蕩	(pī dàng)
批點	(pī diǎn)
批鬥	(pī dòu)
批鬥大會	(pī dòu dà huì)
批發	(pī fā)
批發價	(pī fā jià)
批發商	(pī fā shāng)
批發業	(pī fā yè)
批復	(pī fù)
批覆	(pī fù)
批改	(pī gǎi)
批號	(pī hào)
批匯	(pī huì)
批頰	(pī jiá)
批假	(pī jià)
批價	(pī jià)
批件	(pī jiàn)
批卷	(pī juàn)
批哩啪啦	(pī li pā lā)
批量	(pī liàng)
批量購買	(pī liàng gòu mǎi)
批量生產	(pī liàng shēng chǎn)
批流年	(pī liú nián)
批命	(pī mìng)
批判	(pī pàn)
批評	(pī píng)
批評家	(pī píng jiā)
批評者	(pī píng zhě)
批薩	(pī sà)
批示	(pī shì)
批踢踢	(pī tī tī)
批踢踢實業坊	(pī tī tī shí yè fāng)
批頭	(pī tóu)
批文	(pī wén)
批郤導窾	(pī xì dǎo kuǎn)
批語	(pī yǔ)
批閱	(pī yuè)
批註	(pī zhù)
批轉	(pī zhuǎn)
批准	(pī zhǔn)
批准文號	(pī zhǔn wén hào)
伾	(pī)
坯	(pī)
坯布	(pī bù)
坯件	(pī jiàn)
坯料	(pī liào)
坯模	(pī mú)
坯子	(pī zi)
披	(pī)
披垂	(pī chuí)
披風	(pī fēng)
披肝瀝膽	(pī gān lì dǎn)
披掛	(pī guà)
披紅	(pī hóng)
披甲	(pī jiǎ)
披肩	(pī jiān)
披巾	(pī jīn)
披荊斬棘	(pī jīng zhǎn jí)
披覽	(pī lǎn)
披露	(pī lù)
披麻帶孝	(pī má dài xiào)
披麻戴孝	(pī má dài xiào)
披靡	(pī mǐ)
披薩	(pī sà)
披沙揀金	(pī shā jiǎn jīn)
披索	(pī suǒ)
披頭散髮	(pī tóu sàn fà)
披頭士	(pī tóu shì)
披頭四樂團	(pī tóu sì yuè tuán)
披星帶月	(pī xīng dài yuè)
披星戴月	(pī xīng dài yuè)
披閱	(pī yuè)
劈	(pǐ)
劈叉	(pǐ chà)
劈柴	(pǐ chai)
劈掛拳	(pī guà quán)
劈開	(pī kāi)
劈空扳害	(pī kōng bān hài)
劈哩啪啦	(pī li pā lā)
劈離	(pī lí)
劈里啪啦	(pī li pā lā)
劈理	(pī lǐ)
劈臉	(pī liǎn)
劈裂	(pī liè)
劈面	(pī miàn)
劈啪	(pī pā)
劈情操	(pī qíng cāo)
劈手	(pī shǒu)
劈頭	(pī tóu)
劈頭蓋臉	(pī tóu gài liǎn)
劈腿	(pǐ tuǐ)
噼	(pī)
噼里啪啦	(pī li pā lā)
噼啪	(pī pā)
枇	(pí)
枇杷	(pí pa)
枇杷膏	(pí pá gāo)
埤	(pí)
埤頭	(pí tóu)
埤頭鄉	(pí tóu xiāng)
啤	(pí)
啤酒	(pí jiǔ)
啤酒廠	(pí jiǔ chǎng)
啤酒肚	(pí jiǔ dù)
啤酒花	(pí jiǔ huā)
啤酒節	(pí jiǔ jié)
匹	(pǐ)
匹敵	(pǐ dí)
匹夫	(pǐ fū)
匹夫匹婦	(pǐ fū pǐ fù)
匹克	(pǐ kè)
匹克球	(pǐ kè qiú)
匹馬力	(pǐ mǎ lì)
匹偶	(pǐ ǒu)
匹耦	(pǐ ǒu)
匹配	(pǐ pèi)
匹茲堡	(pǐ zī bǎo)
庀	(pǐ)
圮	(pǐ)
仳	(pǐ)
擗	(pǐ)
嚭	(pǐ)
屁	(pì)
屁顛屁顛	(pì diān pì diān)
屁墩兒	(pì dūn r)
屁股	(pì gu)
屁股蛋	(pì gu dàn)
屁股蹲兒	(pì gu dūn r)
屁股決定腦袋	(pì gu jué dìng nǎo dai)
屁股眼	(pì gu yǎn)
屁滾尿流	(pì gǔn niào liú)
屁話	(pì huà)
屁精	(pì jīng)
屁民	(pì mín)
屁屁	(pì pi)
屁輕	(pì qīng)
屁事	(pì shì)
屁眼	(pì yǎn)
屁眼兒	(pì yǎn r)
媲	(pì)
媲美	(pì měi)
僻	(pì)
僻處	(pì chǔ)
僻地	(pì dì)
僻靜	(pì jìng)
僻遠	(pì yuǎn)
囨	(piān)
偏	(piān)
偏愛	(piān ài)
偏安	(piān ān)
偏才	(piān cái)
偏差	(piān chā)
偏差距離	(piān chā jù lí)
偏寵	(piān chǒng)
偏辭	(piān cí)
偏待	(piān dài)
偏宕	(piān dàng)
偏低	(piān dī)
偏殿	(piān diàn)
偏廢	(piān fèi)
偏方	(piān fāng)
偏房	(piān fáng)
偏鋒	(piān fēng)
偏高	(piān gāo)
偏關縣	(piān guān xiàn)
偏光	(piān guāng)
偏光鏡	(piān guāng jìng)
偏航	(piān háng)
偏航軸	(piān háng zhóu)
偏好	(piān hào)
偏護	(piān hù)
偏黃	(piān huáng)
偏激	(piān jī)
偏極	(piān jí)
偏極化	(piān jí huà)
偏極鏡	(piān jí jìng)
偏見	(piān jiàn)
偏將	(piān jiàng)
偏角	(piān jiǎo)
偏科	(piān kē)
偏勞	(piān láo)
偏離	(piān lí)
偏利共棲	(piān lì gòng qī)
偏利共生	(piān lì gòng shēng)
偏門	(piān mén)
偏旁	(piān páng)
偏僻	(piān pì)
偏偏	(piān piān)
偏頗	(piān pō)
偏巧	(piān qiǎo)
偏三輪	(piān sān lún)
偏三輪摩托車	(piān sān lún mó tuō chē)
偏廈	(piān shà)
偏師	(piān shī)
偏食	(piān shí)
偏蝕	(piān shí)
偏私	(piān sī)
偏態	(piān tài)
偏癱	(piān tān)
偏袒	(piān tǎn)
偏疼	(piān téng)
偏題	(piān tí)
偏聽偏信	(piān tīng piān xìn)
偏頭痛	(piān tóu tòng)
偏微分	(piān wēi fēn)
偏微分方程	(piān wēi fēn fāng chéng)
偏誤	(piān wù)
偏西	(piān xī)
偏析	(piān xī)
偏狹	(piān xiá)
偏向	(piān xiàng)
偏邪不正	(piān xié bù zhèng)
偏斜	(piān xié)
偏心	(piān xīn)
偏心矩	(piān xīn jǔ)
偏心率	(piān xīn lǜ)
偏心眼	(piān xīn yǎn)
偏壓	(piān yā)
偏要	(piān yào)
偏移	(piān yí)
偏倚	(piān yǐ)
偏遠	(piān yuǎn)
偏振	(piān zhèn)
偏振波	(piān zhèn bō)
偏振光	(piān zhèn guāng)
偏振鏡	(piān zhèn jìng)
偏正式合成詞	(piān zhèng shì hé chéng cí)
偏執	(piān zhí)
偏執狂	(piān zhí kuáng)
偏執型	(piān zhí xíng)
偏置	(piān zhì)
偏置電流	(piān zhì diàn liú)
偏置電阻	(piān zhì diàn zǔ)
偏重	(piān zhòng)
偏註	(piān zhù)
偏轉	(piān zhuǎn)
偏轉角	(piān zhuǎn jiǎo)
剽	(piāo)
剽悍	(piāo hàn)
剽竊	(piāo qiè)
嫖	(piáo)
嫖娼	(piáo chāng)
嫖妓	(piáo jì)
嫖客	(piáo kè)
嫖宿	(piáo sù)
嫖資	(piáo zī)
殍	(piǎo)
僄	(piào)
嘌	(piào)
嘌呤	(piào lìng)
撇	(piē)
撇步	(piě bù)
撇大條	(piě dà tiáo)
撇掉	(piē diào)
撇號	(piě hào)
撇開	(piē kāi)
撇開不談	(piē kāi bù tán)
撇清	(piē qīng)
撇去	(piē qù)
撇條	(piě tiáo)
撇下	(piē xia)
撇嘴	(piě zuǐ)
丿	(piě)
撆	(piē)
拚	(pàn)
拚財	(pàn cái)
拚除	(pàn chú)
拚棄	(pàn qì)
拚去	(pàn qù)
拚死	(pàn sǐ)
拼	(pīn)
拼板	(pīn bǎn)
拼板玩具	(pīn bǎn wán jù)
拼板遊戲	(pīn bǎn yóu xì)
拼版	(pīn bǎn)
拼搏	(pīn bó)
拼餐	(pīn cān)
拼車	(pīn chē)
拼成	(pīn chéng)
拼刺	(pīn cì)
拼刺刀	(pīn cì dāo)
拼湊	(pīn còu)
拼錯	(pīn cuò)
拼單	(pīn dān)
拼到底	(pīn dào dǐ)
拼爹	(pīn diē)
拼豆	(pīn dòu)
拼鬥	(pīn dòu)
拼讀	(pīn dú)
拼法	(pīn fǎ)
拼房	(pīn fáng)
拼合	(pīn hé)
拼花地板	(pīn huā dì bǎn)
拼婚	(pīn hūn)
拼火	(pīn huǒ)
拼接	(pīn jiē)
拼卡	(pīn kǎ)
拼客	(pīn kè)
拼力	(pīn lì)
拼攏	(pīn lǒng)
拼命	(pīn mìng)
拼命三郎	(pīn mìng sān láng)
拼命討好	(pīn mìng tǎo hǎo)
拼盤	(pīn pán)
拼起來	(pīn qi lai)
拼搶	(pīn qiǎng)
拼殺	(pīn shā)
拼死	(pīn sǐ)
拼死拼活	(pīn sǐ pīn huó)
拼貼	(pīn tiē)
拼圖	(pīn tú)
拼圖玩具	(pīn tú wán jù)
拼寫	(pīn xiě)
拼音	(pīn yīn)
拼音文字	(pīn yīn wén zì)
拼音字母	(pīn yīn zì mǔ)
拼攢	(pīn cuán)
拼爭	(pīn zhēng)
拼裝	(pīn zhuāng)
拼綴	(pīn zhuì)
拼桌	(pīn zhuō)
拼字	(pīn zì)
姘	(pīn)
姘夫	(pīn fū)
姘婦	(pīn fù)
姘居	(pīn jū)
姘頭	(pīn tou)
嬪	(pín)
嬪妃	(pín fēi)
嚬	(pín)
品	(pǐn)
品保	(pǐn bǎo)
品茶	(pǐn chá)
品嘗	(pǐn cháng)
品嚐	(pǐn cháng)
品川	(pǐn chuān)
品川區	(pǐn chuān qū)
品達	(pǐn dá)
品德	(pǐn dé)
品等	(pǐn děng)
品第	(pǐn dì)
品讀	(pǐn dú)
品服	(pǐn fú)
品格	(pǐn gé)
品管	(pǐn guǎn)
品紅	(pǐn hóng)
品級	(pǐn jí)
品繫	(pǐn xì)
品鑒	(pǐn jiàn)
品節	(pǐn jié)
品酒	(pǐn jiǔ)
品客	(pǐn kè)
品控	(pǐn kòng)
品藍	(pǐn lán)
品類	(pǐn lèi)
品麗珠	(pǐn lì zhū)
品綠	(pǐn lǜ)
品貌	(pǐn mào)
品名	(pǐn míng)
品茗	(pǐn míng)
品目	(pǐn mù)
品牌	(pǐn pái)
品評	(pǐn píng)
品趣志	(pǐn qù zhì)
品色	(pǐn sè)
品題	(pǐn tí)
品頭論足	(pǐn tóu lùn zú)
品脫	(pǐn tuō)
品位	(pǐn wèi)
品味	(pǐn wèi)
品味生活	(pǐn wèi shēng huó)
品相	(pǐn xiàng)
品行	(pǐn xíng)
品性	(pǐn xìng)
品學	(pǐn xué)
品學兼優	(pǐn xué jiān yōu)
品議	(pǐn yì)
品月	(pǐn yuè)
品秩	(pǐn zhì)
品質	(pǐn zhì)
品種	(pǐn zhǒng)
品族	(pǐn zú)
榀	(pǐn)
乒	(pīng)
乒乓	(pīng pāng)
乒乓球	(pīng pāng qiú)
乒乓球拍	(pīng pāng qiú pāi)
乒乓球檯	(pīng pāng qiú tái)
乒壇	(pīng tán)
俜	(pīng)
娉	(pīng)
娉婷	(pīng tíng)
娉婷裊娜	(pīng tíng niǎo nuó)
冖	(mì)
平	(píng)
平安	(píng ān)
平安北道	(píng ān běi dào)
平安道	(píng ān dào)
平安里	(píng ān lǐ)
平安南道	(píng ān nán dào)
平安區	(píng ān qū)
平安神宮	(píng ān shén gōng)
平安時代	(píng ān shí dài)
平安無事	(píng ān wú shì)
平安夜	(píng ān yè)
平壩區	(píng bà qū)
平白	(píng bái)
平白無故	(píng bái wú gù)
平擺	(píng bǎi)
平板	(píng bǎn)
平板車	(píng bǎn chē)
平板電腦	(píng bǎn diàn nǎo)
平板手機	(píng bǎn shǒu jī)
平板支撐	(píng bǎn zhī chēng)
平版	(píng bǎn)
平寶蓋	(píng bǎo gài)
平輩	(píng bèi)
平步青雲	(píng bù qīng yún)
平倉	(píng cāng)
平昌縣	(píng chāng xiàn)
平常	(píng cháng)
平常日	(píng cháng rì)
平常心	(píng cháng xīn)
平成	(píng chéng)
平城區	(píng chéng qū)
平疇	(píng chóu)
平川	(píng chuān)
平川區	(píng chuān qū)
平旦	(píng dàn)
平淡	(píng dàn)
平淡無奇	(píng dàn wú qí)
平地	(píng dì)
平地機	(píng dì jī)
平地木	(píng dì mù)
平地起風波	(píng dì qǐ fēng bō)
平地起家	(píng dì qǐ jiā)
平等	(píng děng)
平等互利	(píng děng hù lì)
平等主義	(píng děng zhǔ yì)
平底	(píng dǐ)
平底鍋	(píng dǐ guō)
平頂	(píng dǐng)
平頂山市	(píng dǐng shān shì)
平定	(píng dìng)
平定縣	(píng dìng xiàn)
平度市	(píng dù shì)
平凡	(píng fán)
平反	(píng fǎn)
平方	(píng fāng)
平方反比定律	(píng fāng fǎn bǐ dìng lǜ)
平方反比律	(píng fāng fǎn bǐ lǜ)
平方根	(píng fāng gēn)
平方公里	(píng fāng gōng lǐ)
平方米	(píng fāng mǐ)
平方平均數	(píng fāng píng jūn shù)
平方千米	(píng fāng qiān mǐ)
平方英尺	(píng fāng yīng chǐ)
平房	(píng fáng)
平房區	(píng fáng qū)
平分	(píng fēn)
平分秋色	(píng fēn qiū sè)
平墳	(píng fén)
平伏	(píng fú)
平撫	(píng fǔ)
平復	(píng fù)
平菇	(píng gū)
平谷區	(píng gǔ qū)
平鍋	(píng guō)
平果市	(píng guǒ shì)
平和	(píng hé)
平和縣	(píng hé xiàn)
平衡	(píng héng)
平衡棒	(píng héng bàng)
平衡車	(píng héng chē)
平衡覺	(píng héng jué)
平衡木	(píng héng mù)
平衡態	(píng héng tài)
平湖市	(píng hú shì)
平滑	(píng huá)
平滑肌	(píng huá jī)
平滑字	(píng huá zì)
平話	(píng huà)
平緩	(píng huǎn)
平毀	(píng huǐ)
平假名	(píng jiǎ míng)
平價	(píng jià)
平減	(píng jiǎn)
平江縣	(píng jiāng xiàn)
平交道	(píng jiāo dào)
平角	(píng jiǎo)
平津戰役	(píng jīn zhàn yì)
平靖	(píng jìng)
平靜	(píng jìng)
平局	(píng jú)
平均	(píng jūn)
平均差	(píng jūn chā)
平均成本法	(píng jūn chéng běn fǎ)
平均劑量	(píng jūn jì liàng)
平均律	(píng jūn lǜ)
平均收入	(píng jūn shōu rù)
平均壽命	(píng jūn shòu mìng)
平均數	(píng jūn shù)
平均值	(píng jūn zhí)
平均值定理	(píng jūn zhí dìng lǐ)
平均主義	(píng jūn zhǔ yì)
平空	(píng kōng)
平快車	(píng kuài chē)
平利縣	(píng lì xiàn)
平涼市	(píng liáng shì)
平流層	(píng liú céng)
平魯區	(píng lǔ qū)
平陸縣	(píng lù xiàn)
平羅縣	(píng luó xiàn)
平米	(píng mǐ)
平面	(píng miàn)
平面波	(píng miàn bō)
平面幾何	(píng miàn jǐ hé)
平面角	(píng miàn jiǎo)
平面鏡	(píng miàn jìng)
平面曲線	(píng miàn qū xiàn)
平面設計	(píng miàn shè jì)
平面圖	(píng miàn tú)
平民	(píng mín)
平明	(píng míng)
平南縣	(píng nán xiàn)
平年	(píng nián)
平叛	(píng pàn)
平平	(píng píng)
平平常常	(píng píng cháng cháng)
平平無奇	(píng píng wú qí)
平鋪直敘	(píng pū zhí xù)
平埔族	(píng pǔ zú)
平起平坐	(píng qǐ píng zuò)
平橋區	(píng qiáo qū)
平泉市	(píng quán shì)
平權	(píng quán)
平權措施	(píng quán cuò shī)
平壤	(píng rǎng)
平壤市	(píng rǎng shì)
平人	(píng rén)
平日	(píng rì)
平山區	(píng shān qū)
平山縣	(píng shān xiàn)
平舌音	(píng shé yīn)
平身	(píng shēn)
平生	(píng shēng)
平生不做虧心事，半夜敲門心不驚	(píng shēng bù zuò kuī xīn shì , bàn yè qiāo mén xīn bù jīng)
平聲	(píng shēng)
平時	(píng shí)
平時不燒香，臨時抱佛腳	(píng shí bù shāo xiāng , lín shí bào fó jiǎo)
平實	(píng shí)
平視	(píng shì)
平手	(píng shǒu)
平順	(píng shùn)
平順縣	(píng shùn xiàn)
平素	(píng sù)
平台即服務	(píng tái jí fú wù)
平臺	(píng tái)
平攤	(píng tān)
平潭縣	(píng tán xiàn)
平坦	(píng tǎn)
平塘縣	(píng táng xiàn)
平替	(píng tì)
平天下	(píng tiān xià)
平添	(píng tiān)
平頭	(píng tóu)
平頭百姓	(píng tóu bǎi xìng)
平頭哥	(píng tóu gē)
平紋	(píng wén)
平穩	(píng wěn)
平蕪	(píng wú)
平武縣	(píng wǔ xiàn)
平息	(píng xī)
平溪	(píng xī)
平溪鄉	(píng xī xiāng)
平鄉縣	(píng xiāng xiàn)
平心而論	(píng xīn ér lùn)
平信	(píng xìn)
平行	(píng xíng)
平行公設	(píng xíng gōng shè)
平行計算	(píng xíng jì suàn)
平行六面體	(píng xíng liù miàn tǐ)
平行時空	(píng xíng shí kōng)
平行世界	(píng xíng shì jiè)
平行四邊形	(píng xíng sì biān xíng)
平行線	(píng xíng xiàn)
平行宇宙	(píng xíng yǔ zhòu)
平型關	(píng xíng guān)
平胸	(píng xiōng)
平陽縣	(píng yáng xiàn)
平遙縣	(píng yáo xiàn)
平野	(píng yě)
平移	(píng yí)
平抑	(píng yì)
平邑縣	(píng yì xiàn)
平易	(píng yì)
平易近人	(píng yì jìn rén)
平陰縣	(píng yīn xiàn)
平印	(píng yìn)
平庸	(píng yōng)
平庸之輩	(píng yōng zhī bèi)
平庸之惡	(píng yōng zhī è)
平郵	(píng yóu)
平輿縣	(píng yú xiàn)
平原	(píng yuán)
平原鷚	(píng yuán liù)
平原縣	(píng yuán xiàn)
平遠縣	(píng yuǎn xiàn)
平月	(píng yuè)
平樂縣	(píng lè xiàn)
平仄	(píng zè)
平賬	(píng zhàng)
平整	(píng zhěng)
平直	(píng zhí)
平裝	(píng zhuāng)
平裝本	(píng zhuāng běn)
坪	(píng)
坪林	(píng lín)
坪林鄉	(píng lín xiāng)
坪山區	(píng shān qū)
呯	(píng)
枰	(píng)
帡	(píng)
帡幪	(píng méng)
屏	(bǐng)
屏保	(píng bǎo)
屏蔽	(píng bì)
屏蔽罐	(píng bì guàn)
屏邊苗族自治縣	(píng biān miáo zú zì zhì xiàn)
屏除	(bǐng chú)
屏東	(píng dōng)
屏東市	(píng dōng shì)
屏東縣	(píng dōng xiàn)
屏風	(píng fēng)
屏門	(píng mén)
屏幕	(píng mù)
屏幕保護程序	(píng mù bǎo hù chéng xù)
屏南縣	(píng nán xiàn)
屏氣	(bǐng qì)
屏山縣	(píng shān xiàn)
屏條	(píng tiáo)
屏退	(bǐng tuì)
屏息	(bǐng xī)
屏營	(bīng yíng)
屏占比	(píng zhàn bǐ)
屏障	(píng zhàng)
帲	(píng)
屛	(píng)
幈	(píng)
凴	(píng)
慿	(píng)
憑	(píng)
憑白無故	(píng bái wú gù)
憑本能做事	(píng běn néng zuò shì)
憑單	(píng dān)
憑弔	(píng diào)
憑藉	(píng jiè)
憑借	(píng jiè)
憑據	(píng jù)
憑靠	(píng kào)
憑空	(píng kōng)
憑空捏造	(píng kōng niē zào)
憑欄	(píng lán)
憑陵	(píng líng)
憑票入場	(píng piào rù chǎng)
憑什麼	(píng shén me)
憑恃	(píng shì)
憑軾結轍	(píng shì jié zhé)
憑條	(píng tiáo)
憑眺	(píng tiào)
憑險	(píng xiǎn)
憑祥市	(píng xiáng shì)
憑信	(píng xìn)
憑依	(píng yī)
憑倚	(píng yǐ)
憑仗	(píng zhàng)
憑照	(píng zhào)
憑證	(píng zhèng)
憑著	(píng zhe)
憑準	(píng zhǔn)
攴	(pū)
坡	(pō)
坡道	(pō dào)
坡度	(pō dù)
坡國	(pō guó)
坡壘	(pō lěi)
坡鹿	(pō lù)
坡路	(pō lù)
坡頭區	(pō tóu qū)
坡縣	(pō xiàn)
婆	(pó)
婆家	(pó jiā)
婆羅浮屠	(pó luó fú tú)
婆羅門	(pó luó mén)
婆羅門教	(pó luó mén jiào)
婆羅洲	(pó luó zhōu)
婆娘	(pó niang)
婆婆	(pó po)
婆婆媽媽	(pó po mā mā)
婆娑	(pó suō)
婆媳	(pó xí)
婆心	(pó xīn)
婆姨	(pó yí)
婆子	(pó zi)
叵	(pǒ)
叵測	(pǒ cè)
廹	(pò)
桲	(bó)
剖	(pōu)
剖白	(pōu bái)
剖辯	(pōu biàn)
剖腹	(pōu fù)
剖腹藏珠	(pōu fù cáng zhū)
剖腹產	(pōu fù chǎn)
剖腹產手術	(pōu fù chǎn shǒu shù)
剖腹自殺	(pōu fù zì shā)
剖宮產	(pōu gōng chǎn)
剖宮產手術	(pōu gōng chǎn shǒu shù)
剖解	(pōu jiě)
剖解圖	(pōu jiě tú)
剖面	(pōu miàn)
剖視	(pōu shì)
剖視圖	(pōu shì tú)
剖析	(pōu xī)
抔	(póu)
掊	(póu)
㕻	(pǒu)
咅	(pǒu)
仆	(pū)
仆街	(pū jiē)
撲	(pū)
撲鼻	(pū bí)
撲打	(pū dǎ)
撲倒	(pū dǎo)
撲跌	(pū diē)
撲救	(pū jiù)
撲克	(pū kè)
撲克臉	(pū kè liǎn)
撲克牌	(pū kè pái)
撲空	(pū kōng)
撲棱	(pū leng)
撲臉兒	(pū liǎn r)
撲落	(pū luò)
撲滿	(pū mǎn)
撲面	(pū miàn)
撲面而來	(pū miàn ér lái)
撲滅	(pū miè)
撲熱息痛	(pū rè xī tòng)
撲殺	(pū shā)
撲閃	(pū shǎn)
撲扇	(pū shan)
撲朔迷離	(pū shuò mí lí)
撲騰	(pū teng)
撲通	(pū tōng)
撲襲	(pū xí)
撲責	(pū zé)
噗	(pū)
噗浪	(pū làng)
匍	(pú)
匍伏	(pú fú)
匍匐	(pú fú)
匍匐莖	(pú fú jīng)
匍匐前進	(pú fú qián jìn)
僕	(pú)
僕歐	(pú ōu)
僕人	(pú rén)
僕役	(pú yì)
朴	(pò)
朴刀	(pō dāo)
朴智星	(piáo zhì xīng)
朴子	(pú zǐ)
朴子市	(pú zǐ shì)
埔	(bù)
埔里	(pǔ lǐ)
埔里鎮	(pǔ lǐ zhèn)
埔心	(pǔ xīn)
埔心鄉	(pǔ xīn xiāng)
埔鹽	(pǔ yán)
埔鹽鄉	(pǔ yán xiāng)
圃	(pǔ)
圃鵐	(pǔ wú)
普	(pǔ)
普埃布拉	(pǔ āi bù lā)
普安縣	(pǔ ān xiàn)
普遍	(pǔ biàn)
普遍化	(pǔ biàn huà)
普遍性	(pǔ biàn xìng)
普遍性假設	(pǔ biàn xìng jiǎ shè)
普布斯	(pǔ bù sī)
普查	(pǔ chá)
普丁	(pǔ dīng)
普定縣	(pǔ dìng xiàn)
普度眾生	(pǔ dù zhòng shēng)
普渡	(pǔ dù)
普渡大學	(pǔ dù dà xué)
普洱茶	(pǔ ěr chá)
普洱市	(pǔ ěr shì)
普爾熱瓦爾斯基	(pǔ ěr rè wǎ ěr sī jī)
普法	(pǔ fǎ)
普法戰爭	(pǔ fǎ zhàn zhēng)
普高	(pǔ gāo)
普格縣	(pǔ gé xiàn)
普惠	(pǔ huì)
普及	(pǔ jí)
普吉	(pǔ jí)
普級	(pǔ jí)
普濟眾生	(pǔ jì zhòng shēng)
普降	(pǔ jiàng)
普京	(pǔ jīng)
普考	(pǔ kǎo)
普拉	(pǔ lā)
普拉達	(pǔ lā dá)
普拉提	(pǔ lā tí)
普拉亞	(pǔ lā yà)
普萊費爾	(pǔ lái fèi ěr)
普萊斯	(pǔ lái sī)
普蘭店區	(pǔ lán diàn qū)
普蘭縣	(pǔ lán xiàn)
普朗克	(pǔ lǎng kè)
普雷克斯流程	(pǔ léi kè sī liú chéng)
普雷斯堡	(pǔ léi sī bǎo)
普雷斯頓	(pǔ léi sī dùn)
普里切特	(pǔ lǐ qiè tè)
普里什蒂納	(pǔ lǐ shí dì nà)
普立茲獎	(pǔ lì zī jiǎng)
普利策獎	(pǔ lì cè jiǎng)
普利茅斯	(pǔ lì máo sī)
普利司通	(pǔ lì sī tōng)
普利托里亞	(pǔ lì tuō lǐ yà)
普列謝茨克	(pǔ liè xiè cí kè)
普列謝茨克衛星發射場	(pǔ liè xiè cí kè wèi xīng fā shè chǎng)
普林	(pǔ lín)
普林斯頓	(pǔ lín sī dùn)
普林斯頓大學	(pǔ lín sī dùn dà xué)
普魯東	(pǔ lǔ dōng)
普魯卡因	(pǔ lǔ kǎ yīn)
普魯士	(pǔ lǔ shì)
普魯斯特	(pǔ lǔ sī tè)
普羅	(pǔ luó)
普羅大眾	(pǔ luó dà zhòng)
普羅迪	(pǔ luó dí)
普羅夫迪夫	(pǔ luó fū dí fū)
普羅科菲夫	(pǔ luó kē fēi fū)
普羅列塔利亞	(pǔ luó liè tǎ lì yà)
普羅米修斯	(pǔ luó mǐ xiū sī)
普羅提諾	(pǔ luó tí nuò)
普羅旺斯	(pǔ luó wàng sī)
普羅旺斯語	(pǔ luó wàng sī yǔ)
普羅維登斯	(pǔ luó wéi dēng sī)
普羅扎克	(pǔ luó zhā kè)
普米	(pǔ mǐ)
普米族	(pǔ mǐ zú)
普萘洛爾	(pǔ nài luò ěr)
普寧市	(pǔ níng shì)
普普通通	(pǔ pǔ tōng tōng)
普普藝術	(pǔ pǔ yì shù)
普契尼	(pǔ qì ní)
普賽	(pǔ sài)
普桑	(pǔ sāng)
普什圖語	(pǔ shí tú yǔ)
普食	(pǔ shí)
普氏立克次體	(pǔ shì lì kè cì tǐ)
普氏小羚羊	(pǔ shì xiǎo líng yáng)
普世	(pǔ shì)
普適	(pǔ shì)
普天同慶	(pǔ tiān tóng qìng)
普天下	(pǔ tiān xià)
普天之下	(pǔ tiān zhī xià)
普通	(pǔ tōng)
普通車	(pǔ tōng chē)
普通赤楊	(pǔ tōng chì yáng)
普通翠鳥	(pǔ tōng cuì niǎo)
普通法	(pǔ tōng fǎ)
普通高等學校招生全國統一考試	(pǔ tōng gāo děng xué xiào zhāo shēng quán guó tǒng yī kǎo shì)
普通高中	(pǔ tōng gāo zhōng)
普通股	(pǔ tōng gǔ)
普通海鷗	(pǔ tōng hǎi ōu)
普通話	(pǔ tōng huà)
普通角閃石	(pǔ tōng jiǎo shǎn shí)
普通教育	(pǔ tōng jiào yù)
普通鵟	(pǔ tōng kuáng)
普通老百姓	(pǔ tōng lǎo bǎi xìng)
普通樓燕	(pǔ tōng lóu yàn)
普通鸕鶿	(pǔ tōng lú cí)
普通民眾	(pǔ tōng mín zhòng)
普通名詞	(pǔ tōng míng cí)
普通潛鳥	(pǔ tōng qián niǎo)
普通秋沙鴨	(pǔ tōng qiū shā yā)
普通人	(pǔ tōng rén)
普通鳾	(pǔ tōng shī)
普通燕鴴	(pǔ tōng yàn héng)
普通燕鷗	(pǔ tōng yàn ōu)
普通秧雞	(pǔ tōng yāng jī)
普通夜鷹	(pǔ tōng yè yīng)
普通鷹鵑	(pǔ tōng yīng juān)
普通中學	(pǔ tōng zhōng xué)
普通朱雀	(pǔ tōng zhū què)
普陀區	(pǔ tuó qū)
普陀山	(pǔ tuó shān)
普外科	(pǔ wài kē)
普西	(pǔ xī)
普希金	(pǔ xī jīn)
普賢	(pǔ xián)
普賢菩薩	(pǔ xián pú sà)
普信	(pǔ xìn)
普信男	(pǔ xìn nán)
普選	(pǔ xuǎn)
普選權	(pǔ xuǎn quán)
普照	(pǔ zhào)
暜	(pǔ)
樸	(pǔ)
樸次茅斯	(pǔ cì máo sī)
樸門	(pǔ mén)
樸實	(pǔ shí)
樸實無華	(pǔ shí wú huá)
樸素	(pǔ sù)
曝	(pù)
曝光	(bào guāng)
曝光表	(bào guāng biǎo)
曝露	(pù lù)
曝曬	(pù shài)
七	(qī)
七邊形	(qī biān xíng)
七彩	(qī cǎi)
七大姑八大姨	(qī dà gū bā dà yí)
七帶石斑魚	(qī dài shí bān yú)
七堵區	(qī dǔ qū)
七方	(qī fāng)
七分熟	(qī fēn shú)
七分之一	(qī fēn zhī yī)
七號電池	(qī hào diàn chí)
七和弦	(qī hé xián)
七河州	(qī hé zhōu)
七葷八素	(qī hūn bā sù)
七級浮屠	(qī jí fú tú)
七角形	(qī jiǎo xíng)
七老八十	(qī lǎo bā shí)
七里河區	(qī lǐ hé qū)
七里香	(qī lǐ xiāng)
七零八落	(qī líng bā luò)
七零八碎	(qī líng bā suì)
七龍珠	(qī lóng zhū)
七美	(qī měi)
七美鄉	(qī měi xiāng)
七年之癢	(qī nián zhī yǎng)
七扭八歪	(qī niǔ bā wāi)
七拼八湊	(qī pīn bā còu)
七魄	(qī pò)
七七八八	(qī qī bā bā)
七巧板	(qī qiǎo bǎn)
七竅生煙	(qī qiào shēng yān)
七情	(qī qíng)
七情六欲	(qī qíng liù yù)
七日熱	(qī rì rè)
七鰓鰻	(qī sāi mán)
七上八下	(qī shàng bā xià)
七聲	(qī shēng)
七聲音階	(qī shēng yīn jiē)
七十	(qī shí)
七事	(qī shì)
七手八腳	(qī shǒu bā jiǎo)
七臺河市	(qī tái hé shì)
七彎八拐	(qī wān bā guǎi)
七灣八拐	(qī wān bā guǎi)
七武士	(qī wǔ shì)
七夕	(qī xī)
七夕節	(qī xī jié)
七喜	(qī xǐ)
七弦琴	(qī xián qín)
七項全能	(qī xiàng quán néng)
七星關區	(qī xīng guān qū)
七星瓢蟲	(qī xīng piáo chóng)
七星區	(qī xīng qū)
七曜	(qī yào)
七爺八爺	(qī yé bā yé)
七葉樹	(qī yè shù)
七月	(qī yuè)
七月份	(qī yuè fèn)
七折八扣	(qī zhé bā kòu)
七政四餘	(qī zhèng sì yú)
七嘴八舌	(qī zuǐ bā shé)
妻	(qì)
妻兒	(qī ér)
妻管嚴	(qī guǎn yán)
妻離子散	(qī lí zǐ sàn)
妻妾	(qī qiè)
妻妾成群	(qī qiè chéng qún)
妻室	(qī shì)
妻小	(qī xiǎo)
妻子	(qī zǐ)
柒	(qī)
凄	(qī)
凄梗	(qī gěng)
戚	(qī)
戚繼光	(qī jì guāng)
戚戚	(qī qī)
戚屬	(qī shǔ)
戚誼	(qī yì)
戚友	(qī yǒu)
戚族	(qī zú)
悽	(qī)
悽哀	(qī āi)
悽慘	(qī cǎn)
悽惻	(qī cè)
悽楚	(qī chǔ)
悽愴	(qī chuàng)
悽苦	(qī kǔ)
悽涼	(qī liáng)
悽迷	(qī mí)
悽然	(qī rán)
娸	(qí)
朞	(qī)
期	(qī)
期待	(qī dài)
期房	(qī fáng)
期許	(qī xǔ)
期貨	(qī huò)
期貨合約	(qī huò hé yuē)
期冀	(qī jì)
期間	(qī jiān)
期刊	(qī kān)
期考	(qī kǎo)
期滿	(qī mǎn)
期末	(qī mò)
期末考	(qī mò kǎo)
期盼	(qī pàn)
期票	(qī piào)
期期艾艾	(qī qī ài ài)
期權	(qī quán)
期望	(qī wàng)
期望值	(qī wàng zhí)
期限	(qī xiàn)
期指	(qī zhǐ)
期中	(qī zhōng)
期中考	(qī zhōng kǎo)
期終	(qī zhōng)
欺	(qī)
欺負	(qī fu)
欺哄	(qī hǒng)
欺君罔上	(qī jūn wǎng shàng)
欺凌	(qī líng)
欺瞞	(qī mán)
欺矇	(qī méng)
欺男霸女	(qī nán bà nǚ)
欺騙	(qī piàn)
欺騙餐	(qī piàn cān)
欺人太甚	(qī rén tài shèn)
欺辱	(qī rǔ)
欺生	(qī shēng)
欺世盜名	(qī shì dào míng)
欺霜傲雪	(qī shuāng ào xuě)
欺侮	(qī wǔ)
欺行霸市	(qī háng bà shì)
欺壓	(qī yā)
欺以其方	(qī yǐ qí fāng)
欺詐	(qī zhà)
欺詐者	(qī zhà zhě)
棲	(qī)
棲地	(qī dì)
棲居	(qī jū)
棲木	(qī mù)
棲棲	(xī xī)
棲棲遑遑	(xī xī huáng huáng)
棲身	(qī shēn)
棲息	(qī xī)
棲息地	(qī xī dì)
棲霞區	(qī xiá qū)
棲霞市	(qī xiá shì)
棲住	(qī zhù)
榿	(qī)
榿木	(qī mù)
榿樹	(qī shù)
嘁	(qī)
嘁嘁喳喳	(qī qi chā chā)
慽	(qī)
慼	(qī)
慼慼	(qī qī)
䫏	(qī)
亓	(qí)
圻	(qí)
岐	(qí)
岐阜	(qí fù)
岐山縣	(qí shān xiàn)
岐視	(qí shì)
其	(qí)
其次	(qí cì)
其二	(qí èr)
其後	(qí hòu)
其間	(qí jiān)
其來有自	(qí lái yǒu zì)
其貌不揚	(qí mào bù yáng)
其內	(qí nèi)
其三	(qí sān)
其實	(qí shí)
其所	(qí suǒ)
其他	(qí tā)
其它	(qí tā)
其外	(qí wài)
其先	(qí xiān)
其一	(qí yī)
其餘	(qí yú)
其樂不窮	(qí lè bù qióng)
其樂融融	(qí lè róng róng)
其樂無窮	(qí lè wú qióng)
其中	(qí zhōng)
其自身	(qí zì shēn)
奇	(jī)
奇兵	(qí bīng)
奇才	(qí cái)
奇彩	(qí cǎi)
奇差	(qí chà)
奇恥大辱	(qí chǐ dà rǔ)
奇醜	(qí chǒu)
奇醜無比	(qí chǒu wú bǐ)
奇點	(qí diǎn)
奇怪	(qí guài)
奇觀	(qí guān)
奇詭	(qí guǐ)
奇函數	(jī hán shù)
奇花異草	(qí huā yì cǎo)
奇幻	(qí huàn)
奇貨可居	(qí huò kě jū)
奇禍	(qí huò)
奇技	(qí jì)
奇跡	(qí jì)
奇蹟	(qí jì)
奇解	(qí jiě)
奇景	(qí jǐng)
奇崛	(qí jué)
奇絕	(qí jué)
奇譎	(qí jué)
奇卡諾人	(qí kǎ nuò rén)
奇覽	(qí lǎn)
奇麗	(qí lì)
奇門遁甲	(qí mén dùn jiǎ)
奇妙	(qí miào)
奇能	(qí néng)
奇能異士	(qí néng yì shì)
奇努克	(qí nǔ kè)
奇偶	(jī ǒu)
奇偶性	(jī ǒu xìng)
奇葩	(qí pā)
奇趣	(qí qù)
奇缺	(qí quē)
奇人	(qí rén)
奇瑞	(qí ruì)
奇士	(qí shì)
奇事	(qí shì)
奇數	(jī shù)
奇思妙想	(qí sī miào xiǎng)
奇台縣	(qí tái xiàn)
奇談	(qí tán)
奇談怪論	(qí tán guài lùn)
奇譚	(qí tán)
奇特	(qí tè)
奇蹄類	(jī tí lèi)
奇蹄目	(jī tí mù)
奇瓦瓦	(qí wǎ wǎ)
奇偉	(qí wěi)
奇文	(qí wén)
奇文共賞	(qí wén gòng shǎng)
奇聞	(qí wén)
奇襲	(qí xí)
奇羨	(jī xiàn)
奇效	(qí xiào)
奇形怪狀	(qí xíng guài zhuàng)
奇亞籽	(qí yà zǐ)
奇異	(qí yì)
奇異筆	(qí yì bǐ)
奇異果	(qí yì guǒ)
奇異夸克	(qí yì kuā kè)
奇遇	(qí yù)
奇珍	(qí zhēn)
奇珍異寶	(qí zhēn yì bǎo)
奇志	(qí zhì)
奇裝異服	(qí zhuāng yì fú)
歧	(qí)
歧見	(qí jiàn)
歧路	(qí lù)
歧路燈	(qí lù dēng)
歧視	(qí shì)
歧途	(qí tú)
歧異	(qí yì)
歧義	(qí yì)
斉	(qí)
亝	(qí)
俟	(sì)
俟候	(sì hòu)
俟機	(sì jī)
旂	(qí)
埼	(qí)
埼玉	(qí yù)
帺	(qí)
崎	(qí)
崎嶇	(qí qū)
棊	(qí)
棋	(qí)
棋逢對手	(qí féng duì shǒu)
棋高一著	(qí gāo yī zhāo)
棋格狀	(qí gé zhuàng)
棋局	(qí jú)
棋具	(qí jù)
棋盤	(qí pán)
棋譜	(qí pǔ)
棋賽	(qí sài)
棋手	(qí shǒu)
棋王	(qí wáng)
棋藝	(qí yì)
棋子	(qí zǐ)
愭	(qí)
旗	(qí)
旗瓣	(qí bàn)
旗標	(qí biāo)
旗兵	(qí bīng)
旗丁	(qí dīng)
旗幅	(qí fú)
旗杆	(qí gān)
旗鼓相當	(qí gǔ xiāng dāng)
旗官	(qí guān)
旗號	(qí hào)
旗籍	(qí jí)
旗艦	(qí jiàn)
旗艦店	(qí jiàn diàn)
旗津	(qí jīn)
旗津區	(qí jīn qū)
旗開得勝	(qí kāi dé shèng)
旗牌	(qí pái)
旗人	(qí rén)
旗手	(qí shǒu)
旗下	(qí xià)
旗校	(qí xiào)
旗語	(qí yǔ)
旗幟	(qí zhì)
旗幟鮮明	(qí zhì xiān míng)
旗裝	(qí zhuāng)
旗子	(qí zi)
懠	(qí)
乞	(qǐ)
乞哀告憐	(qǐ āi gào lián)
乞貸	(qǐ dài)
乞兒	(qǐ ér)
乞伏	(qǐ fú)
乞丐	(qǐ gài)
乞和	(qǐ hé)
乞力馬扎羅山	(qǐ lì mǎ zhā luó shān)
乞憐	(qǐ lián)
乞求	(qǐ qiú)
乞人	(qǐ rén)
乞食	(qǐ shí)
乞恕	(qǐ shù)
乞討	(qǐ tǎo)
乞休	(qǐ xiū)
屺	(qǐ)
企	(qǐ)
企鵝	(qǐ é)
企管碩士	(qǐ guǎn shuò shì)
企畫	(qǐ huà)
企劃	(qǐ huà)
企及	(qǐ jí)
企慕	(qǐ mù)
企盼	(qǐ pàn)
企求	(qǐ qiú)
企投	(qì tóu)
企圖	(qǐ tú)
企圖心	(qǐ tú xīn)
企望	(qǐ wàng)
企穩	(qǐ wěn)
企業	(qǐ yè)
企業管理	(qǐ yè guǎn lǐ)
企業管理碩士	(qǐ yè guǎn lǐ shuò shì)
企業集團	(qǐ yè jí tuán)
企業家	(qǐ yè jiā)
企業聯合組織	(qǐ yè lián hé zǔ zhī)
企業社會責任	(qǐ yè shè huì zé rèn)
企業主	(qǐ yè zhǔ)
杞	(qǐ)
杞婦	(qǐ fù)
杞國	(qǐ guó)
杞人憂天	(qǐ rén yōu tiān)
杞人之憂	(qǐ rén zhī yōu)
杞縣	(qǐ xiàn)
杞梓之林	(qǐ zǐ zhī lín)
呇	(qǐ)
唘	(qǐ)
啟	(qǐ)
啟程	(qǐ chéng)
啟齒	(qǐ chǐ)
啟迪	(qǐ dí)
啟東市	(qǐ dōng shì)
啟動	(qǐ dòng)
啟動區	(qǐ dòng qū)
啟動子	(qǐ dòng zi)
啟發	(qǐ fā)
啟發法	(qǐ fā fǎ)
啟發式	(qǐ fā shì)
啟封	(qǐ fēng)
啟海話	(qǐ hǎi huà)
啟航	(qǐ háng)
啟蒙	(qǐ méng)
啟蒙主義	(qǐ méng zhǔ yì)
啟矇	(qǐ méng)
啟明	(qǐ míng)
啟明星	(qǐ míng xīng)
啟示	(qǐ shì)
啟示錄	(qǐ shì lù)
啟示者	(qǐ shì zhě)
啟事	(qǐ shì)
啟應祈禱	(qǐ yìng qí dǎo)
啟用	(qǐ yòng)
啟運	(qǐ yùn)
啟蟄	(qǐ zhé)
啟奏	(qǐ zòu)
啓	(qǐ)
棨	(qǐ)
䒗	(qì)
契	(qì)
契丹	(qì dān)
契訶夫	(qì hē fū)
契合	(qì hé)
契機	(qì jī)
契箭	(qì jiàn)
契據	(qì jù)
契卡	(qì kǎ)
契媽	(qì mā)
契沙比克灣	(qì shā bǐ kè wān)
契約	(qì yuē)
契約精神	(qì yuē jīng shén)
契約橋牌	(qì yuē qiáo pái)
契子	(qì zǐ)
咠	(qì)
栔	(qì)
棄	(qì)
棄暗投明	(qì àn tóu míng)
棄保潛逃	(qì bǎo qián táo)
棄船	(qì chuán)
棄惡從善	(qì è cóng shàn)
棄核	(qì hé)
棄舊圖新	(qì jiù tú xīn)
棄劇	(qì jù)
棄絕	(qì jué)
棄農經商	(qì nóng jīng shāng)
棄取	(qì qǔ)
棄權	(qì quán)
棄若敝屣	(qì ruò bì xǐ)
棄捨	(qì shě)
棄世	(qì shì)
棄市	(qì shì)
棄守	(qì shǒu)
棄邪歸正	(qì xié guī zhèng)
棄養	(qì yǎng)
棄嬰	(qì yīng)
棄用	(qì yòng)
棄約背盟	(qì yuē bèi méng)
棄之如敝屣	(qì zhī rú bì xǐ)
棄置	(qì zhì)
棄子	(qì zǐ)
愒	(kài)
槭	(qì)
槭木	(qì mù)
槭樹	(qì shù)
槭糖漿	(qì táng jiāng)
憇	(qì)
器	(qì)
器材	(qì cái)
器官	(qì guān)
器官捐獻者	(qì guān juān xiàn zhě)
器官移殖	(qì guān yí zhí)
器件	(qì jiàn)
器具	(qì jù)
器量	(qì liàng)
器皿	(qì mǐn)
器物	(qì wù)
器械	(qì xiè)
器宇	(qì yǔ)
器宇軒昂	(qì yǔ xuān áng)
器樂	(qì yuè)
器質性	(qì zhì xìng)
器重	(qì zhòng)
憩	(qì)
憩室炎	(qì shì yán)
憩息處	(qì xī chù)
掐	(qiā)
掐錶	(qiā biǎo)
掐脖子	(qiā bó zi)
掐斷	(qiā duàn)
掐架	(qiā jià)
掐死	(qiā sǐ)
掐算	(qiā suàn)
搳	(huá)
搳拳	(huá quán)
拤	(qiá)
恰	(qià)
恰當	(qià dàng)
恰到好處	(qià dào hǎo chù)
恰好	(qià hǎo)
恰合	(qià hé)
恰帕斯州	(qià pà sī zhōu)
恰恰	(qià qià)
恰恰舞	(qià qià wǔ)
恰恰相反	(qià qià xiāng fǎn)
恰巧	(qià qiǎo)
恰如	(qià rú)
恰如其分	(qià rú qí fèn)
恰似	(qià sì)
恰亞諾夫	(qià yà nuò fū)
恰遇	(qià yù)
千	(qiān)
千變萬化	(qiān biàn wàn huà)
千變萬軫	(qiān biàn wàn zhěn)
千層麵	(qiān céng miàn)
千差萬別	(qiān chā wàn bié)
千乘之國	(qiān shèng zhī guó)
千錘百鍊	(qiān chuí bǎi liàn)
千刀萬剮	(qiān dāo wàn guǎ)
千島醬	(qiān dǎo jiàng)
千島群島	(qiān dǎo qún dǎo)
千叮萬囑	(qiān dīng wàn zhǔ)
千噸	(qiān dūn)
千恩萬謝	(qiān ēn wàn xiè)
千兒八百	(qiān r bā bǎi)
千方百計	(qiān fāng bǎi jì)
千分尺	(qiān fēn chǐ)
千夫	(qiān fū)
千伏	(qiān fú)
千佛洞	(qiān fó dòng)
千古	(qiān gǔ)
千古遺恨	(qiān gǔ yí hèn)
千古罪人	(qiān gǔ zuì rén)
千赫	(qiān hè)
千赫茲	(qiān hè zī)
千家萬戶	(qiān jiā wàn hù)
千鹼基對	(qiān jiǎn jī duì)
千焦	(qiān jiāo)
千嬌百媚	(qiān jiāo bǎi mèi)
千斤頂	(qiān jīn dǐng)
千金	(qiān jīn)
千金方	(qiān jīn fāng)
千金難買	(qiān jīn nán mǎi)
千金要方	(qiān jīn yào fāng)
千金一諾	(qiān jīn yī nuò)
千金一擲	(qiān jīn yī zhì)
千軍萬馬	(qiān jūn wàn mǎ)
千軍易得，一將難求	(qiān jūn yì dé , yī jiàng nán qiú)
千鈞一髮	(qiān jūn yī fà)
千卡	(qiān kǎ)
千克	(qiān kè)
千里	(qiān lǐ)
千里搭長棚，沒有不散的宴席	(qiān lǐ dā cháng péng , méi yǒu bù sàn de yàn xí)
千里達和多巴哥	(qiān lǐ dá hé duō bā gē)
千里達及托巴哥	(qiān lǐ dá jí tuō bā gē)
千里鵝毛	(qiān lǐ é máo)
千里寄鵝毛	(qiān lǐ jì é máo)
千里馬	(qiān lǐ mǎ)
千里馬常有，而伯樂不常有	(qiān lǐ mǎ cháng yǒu , ér bó lè bù cháng yǒu)
千里送鵝毛	(qiān lǐ sòng é máo)
千里送鵝毛，禮輕情意重	(qiān lǐ sòng é máo , lǐ qīng qíng yì zhòng)
千里送鵝毛，禮輕人意重	(qiān lǐ sòng é máo , lǐ qīng rén yì zhòng)
千里迢迢	(qiān lǐ tiáo tiáo)
千里眼	(qiān lǐ yǎn)
千里之堤，潰於蟻穴	(qiān lǐ zhī dī , kuì yú yǐ xué)
千里之外	(qiān lǐ zhī wài)
千里之行，始於足下	(qiān lǐ zhī xíng , shǐ yú zú xià)
千慮一得	(qiān lǜ yī dé)
千慮一失	(qiān lǜ yī shī)
千米	(qiān mǐ)
千難萬難	(qiān nán wàn nán)
千年	(qiān nián)
千帕	(qiān pà)
千篇一律	(qiān piān yī lǜ)
千奇百怪	(qiān qí bǎi guài)
千千萬萬	(qiān qiān wàn wàn)
千秋	(qiān qiū)
千秋萬代	(qiān qiū wàn dài)
千山區	(qiān shān qū)
千絲萬縷	(qiān sī wàn lǚ)
千挑萬選	(qiān tiāo wàn xuǎn)
千頭萬緒	(qiān tóu wàn xù)
千瓦	(qiān wǎ)
千瓦時	(qiān wǎ shí)
千萬	(qiān wàn)
千位	(qiān wèi)
千位元	(qiān wèi yuán)
千禧年	(qiān xǐ nián)
千禧一代	(qiān xǐ yī dài)
千辛萬苦	(qiān xīn wàn kǔ)
千言萬語	(qiān yán wàn yǔ)
千陽縣	(qiān yáng xiàn)
千葉	(qiān yè)
千依百順	(qiān yī bǎi shùn)
千億	(qiān yì)
千載難逢	(qiān zǎi nán féng)
千兆	(qiān zhào)
千真萬確	(qiān zhēn wàn què)
千姿百態	(qiān zī bǎi tài)
千字節	(qiān zì jié)
千足蟲	(qiān zú chóng)
仟	(qiān)
扦	(qiān)
扦插	(qiān chā)
扦腳	(qiān jiǎo)
圱	(qiān)
岍	(qiān)
拪	(qiān)
掔	(qiān)
愆	(qiān)
愆期	(qiān qī)
愆尤	(qiān yóu)
僉	(qiān)
慳	(qiān)
慳儉	(qiān jiǎn)
慳吝	(qiān lìn)
搴	(qiān)
搴旗	(qiān qí)
攐	(qiān)
攓	(qiān)
岒	(qián)
拑	(qián)
前	(qián)
前擺	(qián bǎi)
前半晌	(qián bàn shǎng)
前半晌兒	(qián bàn shǎng r)
前半生	(qián bàn shēng)
前半天	(qián bàn tiān)
前半天兒	(qián bàn tiān r)
前半夜	(qián bàn yè)
前備箱	(qián bèi xiāng)
前輩	(qián bèi)
前鼻音	(qián bí yīn)
前臂	(qián bì)
前邊	(qián bian)
前邊兒	(qián bian r)
前不見古人，後不見來者	(qián bù jiàn gǔ rén , hòu bù jiàn lái zhě)
前不久	(qián bù jiǔ)
前不著村，後不著店	(qián bù zháo cūn , hòu bù zháo diàn)
前部	(qián bù)
前菜	(qián cài)
前艙	(qián cāng)
前叉	(qián chā)
前朝	(qián cháo)
前車之覆，後車之鑒	(qián chē zhī fù , hòu chē zhī jiàn)
前車之鑒	(qián chē zhī jiàn)
前車之鑑	(qián chē zhī jiàn)
前塵	(qián chén)
前程	(qián chéng)
前程遠大	(qián chéng yuǎn dà)
前翅	(qián chì)
前傳	(qián chuán)
前此	(qián cǐ)
前大燈	(qián dà dēng)
前導	(qián dǎo)
前燈	(qián dēng)
前敵	(qián dí)
前調	(qián diào)
前端	(qián duān)
前端總線	(qián duān zǒng xiàn)
前段	(qián duàn)
前段時間	(qián duàn shí jiān)
前額	(qián é)
前額葉皮質	(qián é yè pí zhì)
前兒	(qián r)
前方	(qián fāng)
前方高能	(qián fāng gāo néng)
前房角	(qián fáng jiǎo)
前鋒	(qián fēng)
前鋒區	(qián fēng qū)
前夫	(qián fū)
前俯後仰	(qián fǔ hòu yǎng)
前赴後繼	(qián fù hòu jì)
前功盡棄	(qián gōng jìn qì)
前冠	(qián guān)
前郭爾羅斯蒙古族自治縣	(qián guō ěr luó sī měng gǔ zú zì zhì xiàn)
前漢	(qián hàn)
前後	(qián hòu)
前後文	(qián hòu wén)
前幾天	(qián jǐ tiān)
前甲板	(qián jiǎ bǎn)
前件	(qián jiàn)
前腳	(qián jiǎo)
前揭	(qián jiē)
前金區	(qián jīn qū)
前進	(qián jìn)
前進區	(qián jìn qū)
前景	(qián jǐng)
前景可期	(qián jǐng kě qī)
前臼齒	(qián jiù chǐ)
前倨後恭	(qián jù hòu gōng)
前鋸肌	(qián jù jī)
前科	(qián kē)
前空翻	(qián kōng fān)
前來	(qián lái)
前廊	(qián láng)
前例	(qián lì)
前涼	(qián liáng)
前列	(qián liè)
前列腺	(qián liè xiàn)
前列腺素	(qián liè xiàn sù)
前列腺炎	(qián liè xiàn yán)
前路	(qián lù)
前輪	(qián lún)
前掠翼	(qián lüè yì)
前茅	(qián máo)
前門	(qián mén)
前門打虎，後門打狼	(qián mén dǎ hǔ , hòu mén dǎ láng)
前門拒虎，後門進狼	(qián mén jù hǔ , hòu mén jìn láng)
前面	(qián miàn)
前男友	(qián nán yǒu)
前年	(qián nián)
前女友	(qián nǚ yǒu)
前怕狼後怕虎	(qián pà láng hòu pà hǔ)
前排	(qián pái)
前仆後繼	(qián pū hòu jì)
前妻	(qián qī)
前期	(qián qī)
前橋	(qián qiáo)
前秦	(qián qín)
前傾	(qián qīng)
前情	(qián qíng)
前驅	(qián qū)
前人	(qián rén)
前人栽樹，後人乘涼	(qián rén zāi shù , hòu rén chéng liáng)
前任	(qián rèn)
前日	(qián rì)
前三甲	(qián sān jiǎ)
前晌	(qián shǎng)
前哨	(qián shào)
前哨戰	(qián shào zhàn)
前攝	(qián shè)
前身	(qián shēn)
前生	(qián shēng)
前世	(qián shì)
前世姻緣	(qián shì yīn yuán)
前事	(qián shì)
前事不忘，後事之師	(qián shì bù wàng , hòu shì zhī shī)
前首相	(qián shǒu xiàng)
前述	(qián shù)
前司	(qián sī)
前蘇聯	(qián sū lián)
前所未見	(qián suǒ wèi jiàn)
前所未聞	(qián suǒ wèi wén)
前所未有	(qián suǒ wèi yǒu)
前臺	(qián tái)
前提	(qián tí)
前提條件	(qián tí tiáo jiàn)
前體	(qián tǐ)
前天	(qián tiān)
前田	(qián tián)
前廳	(qián tīng)
前庭	(qián tíng)
前庭窗	(qián tíng chuāng)
前頭	(qián tou)
前凸後翹	(qián tū hòu qiào)
前途	(qián tú)
前途渺茫	(qián tú miǎo máng)
前途未卜	(qián tú wèi bǔ)
前途無量	(qián tú wú liàng)
前腿	(qián tuǐ)
前往	(qián wǎng)
前桅	(qián wéi)
前胃	(qián wèi)
前衛	(qián wèi)
前無古人	(qián wú gǔ rén)
前無古人，後無來者	(qián wú gǔ rén , hòu wú lái zhě)
前夕	(qián xī)
前戲	(qián xì)
前嫌	(qián xián)
前賢	(qián xián)
前線	(qián xiàn)
前些	(qián xiē)
前信號燈	(qián xìn hào dēng)
前行	(qián xíng)
前胸	(qián xiōng)
前胸貼後背	(qián xiōng tiē hòu bèi)
前言	(qián yán)
前沿	(qián yán)
前咽	(qián yān)
前燕	(qián yān)
前仰後合	(qián yǎng hòu hé)
前腰	(qián yāo)
前藥	(qián yào)
前夜	(qián yè)
前一天	(qián yī tiān)
前一向	(qián yī xiàng)
前移式叉車	(qián yí shì chā chē)
前意識	(qián yì shí)
前因	(qián yīn)
前因後果	(qián yīn hòu guǒ)
前緣未了	(qián yuán wèi liǎo)
前院	(qián yuàn)
前瞻	(qián zhān)
前瞻性	(qián zhān xìng)
前兆	(qián zhào)
前照燈	(qián zhào dēng)
前趙	(qián zhào)
前者	(qián zhě)
前鎮區	(qián zhèn qū)
前肢	(qián zhī)
前置	(qián zhì)
前置詞	(qián zhì cí)
前置修飾語	(qián zhì xiū shì yǔ)
前綴	(qián zhuì)
前總理	(qián zǒng lǐ)
前總統	(qián zǒng tǒng)
前奏	(qián zòu)
前奏曲	(qián zòu qǔ)
掮	(qián)
掮客	(qián kè)
乾	(gān)
乾安縣	(qián ān xiàn)
乾巴巴	(gān bā bā)
乾杯	(gān bēi)
乾貝	(gān bèi)
乾煸	(gān biān)
乾煸豆角	(gān biān dòu jiǎo)
乾煸四季豆	(gān biān sì jì dòu)
乾煸土豆絲	(gān biān tǔ dòu sī)
乾癟	(gān biě)
乾冰	(gān bīng)
乾菜	(gān cài)
乾草	(gān cǎo)
乾柴烈火	(gān chái liè huǒ)
乾潮	(gān cháo)
乾脆	(gān cuì)
乾脆利落	(gān cuì lì luo)
乾打雷，不下雨	(gān dǎ léi , bù xià yǔ)
乾打壘	(gān dǎ lěi)
乾旦	(qián dàn)
乾等	(gān děng)
乾瞪眼	(gān dèng yǎn)
乾電池	(gān diàn chí)
乾爹	(gān diē)
乾兒	(gān r)
乾兒子	(gān ér zi)
乾飯	(gān fàn)
乾粉	(gān fěn)
乾俸	(gān fèng)
乾鍋	(gān guō)
乾果	(gān guǒ)
乾咳	(gān ké)
乾旱	(gān hàn)
乾旱土	(gān hàn tǔ)
乾嚎	(gān háo)
乾號	(gān háo)
乾涸	(gān hé)
乾噦	(gān yue)
乾貨	(gān huò)
乾嘉三大家	(qián jiā sān dà jiā)
乾薑	(gān jiāng)
乾淨	(gān jìng)
乾淨利落	(gān jìng lì luo)
乾渴	(gān kě)
乾枯	(gān kū)
乾坤	(qián kūn)
乾酪	(gān lào)
乾酪素	(gān lào sù)
乾糧	(gān liáng)
乾糧袋	(gān liáng dài)
乾裂	(gān liè)
乾陵	(qián líng)
乾餾	(gān liú)
乾隆	(qián lóng)
乾媽	(gān mā)
乾梅子	(gān méi zi)
乾麵	(gān miàn)
乾娘	(gān niáng)
乾女兒	(gān nǚ ér)
乾嘔	(gān ǒu)
乾澀	(gān sè)
乾屍	(gān shī)
乾手機	(gān shǒu jī)
乾瘦	(gān shòu)
乾爽	(gān shuǎng)
乾透	(gān tòu)
乾物女	(gān wù nǚ)
乾洗	(gān xǐ)
乾縣	(qián xiàn)
乾笑	(gān xiào)
乾癬	(gān xuǎn)
乾眼症	(gān yǎn zhèng)
乾葉	(gān yè)
乾衣	(gān yī)
乾燥	(gān zào)
乾燥機	(gān zào jī)
乾燥劑	(gān zào jì)
乾著急	(gān zháo jí)
朁	(cǎn)
媊	(qián)
墘	(qián)
凵	(kǎn)
欠	(qiàn)
欠安	(qiàn ān)
欠扁	(qiàn biǎn)
欠抽	(qiàn chōu)
欠費	(qiàn fèi)
欠佳	(qiàn jiā)
欠款	(qiàn kuǎn)
欠缺	(qiàn quē)
欠身	(qiàn shēn)
欠條	(qiàn tiáo)
欠妥	(qiàn tuǒ)
欠項	(qiàn xiàng)
欠薪	(qiàn xīn)
欠債	(qiàn zhài)
欠賬	(qiàn zhàng)
欠揍	(qiàn zòu)
倩	(qiàn)
倩碧	(qiàn bì)
倩影	(qiàn yǐng)
倩裝	(qiàn zhuāng)
嵌	(qiàn)
嵌進	(qiàn jìn)
嵌入	(qiàn rù)
嵌入式	(qiàn rù shì)
嵌入式衣櫃	(qiàn rù shì yī guì)
嵌套	(qiàn tào)
慊	(qiè)
塹	(qiàn)
塹壕	(qiàn háo)
塹壕戰	(qiàn háo zhàn)
歉	(qiàn)
歉疚	(qiàn jiù)
歉收	(qiàn shōu)
歉意	(qiàn yì)
槧	(qiàn)
戕	(qiāng)
戕害	(qiāng hài)
斨	(qiāng)
槍	(qiāng)
槍把兒	(qiāng bà r)
槍版	(qiāng bǎn)
槍崩	(qiāng bēng)
槍斃	(qiāng bì)
槍刺	(qiāng cì)
槍打出頭鳥	(qiāng dǎ chū tóu niǎo)
槍彈	(qiāng dàn)
槍法	(qiāng fǎ)
槍匪	(qiāng fěi)
槍桿	(qiāng gǎn)
槍桿兒	(qiāng gǎn r)
槍桿子	(qiāng gǎn zi)
槍管	(qiāng guǎn)
槍灰色	(qiāng huī sè)
槍機	(qiāng jī)
槍擊	(qiāng jī)
槍擊案	(qiāng jī àn)
槍決	(qiāng jué)
槍口	(qiāng kǒu)
槍林箭雨	(qiāng lín jiàn yǔ)
槍榴彈	(qiāng liú dàn)
槍砲	(qiāng pào)
槍殺	(qiāng shā)
槍傷	(qiāng shāng)
槍聲	(qiāng shēng)
槍手	(qiāng shǒu)
槍術	(qiāng shù)
槍閂	(qiāng shuān)
槍栓	(qiāng shuān)
槍膛	(qiāng táng)
槍替	(qiāng tì)
槍筒	(qiāng tǒng)
槍托	(qiāng tuō)
槍烏賊	(qiāng wū zéi)
槍械	(qiāng xiè)
槍眼	(qiāng yǎn)
槍衣	(qiāng yī)
槍戰	(qiāng zhàn)
槍支	(qiāng zhī)
槍枝	(qiāng zhī)
槍子	(qiāng zǐ)
戧	(qiāng)
戧風	(qiāng fēng)
強	(qiáng)
強暴	(qiáng bào)
強逼	(qiǎng bī)
強辯	(qiǎng biàn)
強辯到底	(qiǎng biàn dào dǐ)
強兵	(qiáng bīng)
強撐	(qiǎng chēng)
強詞奪理	(qiǎng cí duó lǐ)
強打	(qiáng dǎ)
強大	(qiáng dà)
強檔	(qiáng dàng)
強盜	(qiáng dào)
強敵	(qiáng dí)
強調	(qiáng diào)
強調色	(qiáng diào sè)
強度	(qiáng dù)
強隊	(qiáng duì)
強風	(qiáng fēng)
強幹	(qiáng gàn)
強攻	(qiáng gōng)
強國	(qiáng guó)
強悍	(qiáng hàn)
強橫	(qiáng hèng)
強化	(qiáng huà)
強加	(qiáng jiā)
強姦	(qiáng jiān)
強姦犯	(qiáng jiān fàn)
強姦罪	(qiáng jiān zuì)
強鹼	(qiáng jiǎn)
強健	(qiáng jiàn)
強將手下無弱兵	(qiáng jiàng shǒu xià wú ruò bīng)
強腳樹鶯	(qiáng jiǎo shù yīng)
強勁	(qiáng jìng)
強拉	(qiǎng lā)
強力	(qiáng lì)
強力膠	(qiáng lì jiāo)
強梁	(qiáng liáng)
強烈	(qiáng liè)
強烈反對	(qiáng liè fǎn duì)
強令	(qiáng lìng)
強流	(qiáng liú)
強龍不壓地頭蛇	(qiáng lóng bù yā dì tóu shé)
強買強賣	(qiǎng mǎi qiǎng mài)
強扭的瓜不甜	(qiǎng niǔ de guā bù tián)
強弩之末	(qiáng nǔ zhī mò)
強迫	(qiǎng pò)
強迫觀念	(qiǎng pò guān niàn)
強迫勞動	(qiǎng pò láo dòng)
強迫性	(qiǎng pò xìng)
強迫性儲物症	(qiǎng pò xìng chǔ wù zhèng)
強迫性性行為	(qiǎng pò xìng xìng xíng wéi)
強迫症	(qiǎng pò zhèng)
強求	(qiǎng qiú)
強權	(qiáng quán)
強人	(qiáng rén)
強人所難	(qiǎng rén suǒ nán)
強忍	(qiǎng rěn)
強韌	(qiáng rèn)
強如	(qiáng rú)
強弱	(qiáng ruò)
強身	(qiáng shēn)
強身健體	(qiáng shēn jiàn tǐ)
強生	(qiáng shēng)
強生公司	(qiáng shēng gōng sī)
強盛	(qiáng shèng)
強使	(qiǎng shǐ)
強似	(qiáng sì)
強勢	(qiáng shì)
強吻	(qiáng wěn)
強相互作用	(qiáng xiāng hù zuò yòng)
強項	(qiáng xiàng)
強心劑	(qiáng xīn jì)
強心針	(qiáng xīn zhēn)
強行	(qiáng xíng)
強顏歡笑	(qiǎng yán huān xiào)
強音踏板	(qiáng yīn tà bǎn)
強硬	(qiáng yìng)
強硬立場	(qiáng yìng lì chǎng)
強硬派	(qiáng yìng pài)
強硬態度	(qiáng yìng tài dù)
強有力	(qiáng yǒu lì)
強佔	(qiáng zhàn)
強震	(qiáng zhèn)
強直性脊柱炎	(qiáng zhí xìng jǐ zhù yán)
強徵	(qiǎng zhēng)
強制	(qiáng zhì)
強中自有強中手	(qiáng zhōng zì yǒu qiáng zhōng shǒu)
強壯	(qiáng zhuàng)
強子	(qiáng zǐ)
強嘴	(jiàng zuǐ)
強作用	(qiáng zuò yòng)
強作用力	(qiáng zuò yòng lì)
墻	(qiáng)
廧	(qiáng)
嬙	(qiáng)
檣	(qiáng)
搶	(qiǎng)
搶白	(qiǎng bái)
搶答	(qiǎng dá)
搶答器	(qiǎng dá qì)
搶斷	(qiǎng duàn)
搶奪	(qiǎng duó)
搶風	(qiāng fēng)
搶風航行	(qiāng fēng háng xíng)
搶風頭	(qiǎng fēng tóu)
搶功	(qiǎng gōng)
搶購	(qiǎng gòu)
搶婚	(qiǎng hūn)
搶劫	(qiǎng jié)
搶劫案	(qiǎng jié àn)
搶劫罪	(qiǎng jié zuì)
搶鏡頭	(qiǎng jìng tóu)
搶救	(qiǎng jiù)
搶掠	(qiǎng lüè)
搶跑	(qiǎng pǎo)
搶票	(qiǎng piào)
搶親	(qiǎng qīn)
搶生意	(qiǎng shēng yi)
搶手	(qiǎng shǒu)
搶手貨	(qiǎng shǒu huò)
搶灘	(qiǎng tān)
搶通	(qiǎng tōng)
搶先	(qiǎng xiān)
搶險	(qiǎng xiǎn)
搶險救災	(qiǎng xiǎn jiù zāi)
搶修	(qiǎng xiū)
搶眼	(qiǎng yǎn)
搶佔	(qiǎng zhàn)
搶註	(qiǎng zhù)
搶走	(qiǎng zǒu)
嗆	(qiàng)
嗆到	(qiāng dào)
嗆咕	(qiāng gu)
悄	(qiǎo)
悄悄	(qiāo qiāo)
悄悄話	(qiāo qiao huà)
悄悄咪咪	(qiāo qiāo mī mī)
悄然	(qiǎo rán)
悄然無聲	(qiǎo rán wú shēng)
悄聲	(qiǎo shēng)
悄無聲息	(qiǎo wú shēng xī)
劁	(qiāo)
敲	(qiāo)
敲背	(qiāo bèi)
敲邊鼓	(qiāo biān gǔ)
敲打	(qiāo dǎ)
敲打鑼鼓	(qiāo dǎ luó gǔ)
敲大背	(qiāo dà bèi)
敲釘鑽腳	(qiāo dīng zuān jiǎo)
敲定	(qiāo dìng)
敲擊	(qiāo jī)
敲開	(qiāo kāi)
敲鑼	(qiāo luó)
敲鑼邊兒	(qiāo luó biān er)
敲門	(qiāo mén)
敲門磚	(qiāo mén zhuān)
敲敲打打	(qiāo qiāo dǎ dǎ)
敲入	(qiāo rù)
敲喪鐘	(qiāo sāng zhōng)
敲山震虎	(qiāo shān zhèn hǔ)
敲碗	(qiāo wǎn)
敲響	(qiāo xiǎng)
敲小背	(qiāo xiǎo bèi)
敲詐	(qiāo zhà)
敲詐勒索	(qiāo zhà lè suǒ)
敲詐罪	(qiāo zhà zuì)
敲榨	(qiāo zhà)
敲中背	(qiāo zhōng bèi)
敲鐘	(qiāo zhōng)
敲竹槓	(qiāo zhú gàng)
墝	(qiāo)
橇	(qiāo)
橾	(shū)
喬	(qiáo)
喬巴山	(qiáo bā shān)
喬答摩	(qiáo dā mó)
喬丹	(qiáo dān)
喬冠華	(qiáo guàn huá)
喬紅	(qiáo hóng)
喬林	(qiáo lín)
喬木	(qiáo mù)
喬納森	(qiáo nà sēn)
喬遷	(qiáo qiān)
喬遷之喜	(qiáo qiān zhī xǐ)
喬石	(qiáo shí)
喬叟	(qiáo sǒu)
喬希	(qiáo xī)
喬治	(qiáo zhì)
喬治·布爾	(qiáo zhì · bù ěr)
喬治·華盛頓	(qiáo zhì · huá shèng dùn)
喬治·索羅斯	(qiáo zhì · suǒ luó sī)
喬治城	(qiáo zhì chéng)
喬治城大學	(qiáo zhì chéng dà xué)
喬治敦	(qiáo zhì dūn)
喬治亞	(qiáo zhì yà)
喬治一世	(qiáo zhì yī shì)
喬裝	(qiáo zhuāng)
喬裝打扮	(qiáo zhuāng dǎ bàn)
僑	(qiáo)
僑胞	(qiáo bāo)
僑居	(qiáo jū)
僑眷	(qiáo juàn)
僑民	(qiáo mín)
僑生	(qiáo shēng)
僑務	(qiáo wù)
僑務委員會	(qiáo wù wěi yuán huì)
僑鄉	(qiáo xiāng)
嶠	(jiào)
憔	(qiáo)
憔悴	(qiáo cuì)
橋	(qiáo)
橋本	(qiáo běn)
橋東區	(qiáo dōng qū)
橋段	(qiáo duàn)
橋墩	(qiáo dūn)
橋接	(qiáo jiē)
橋接器	(qiáo jiē qì)
橋梁	(qiáo liáng)
橋面	(qiáo miàn)
橋腦	(qiáo nǎo)
橋牌	(qiáo pái)
橋式整流器	(qiáo shì zhěng liú qì)
橋台	(qiáo tái)
橋頭	(qiáo tóu)
橋頭堡	(qiáo tóu bǎo)
橋西區	(qiáo xī qū)
橋鎮	(qiáo zhèn)
樵	(qiáo)
樵夫	(qiáo fū)
樵子	(qiáo zǐ)
巧	(qiǎo)
巧辯	(qiǎo biàn)
巧婦	(qiǎo fù)
巧婦難為無米之炊	(qiǎo fù nán wéi wú mǐ zhī chuī)
巧幹	(qiǎo gàn)
巧固球	(qiǎo gù qiú)
巧合	(qiǎo hé)
巧計	(qiǎo jì)
巧家縣	(qiǎo jiā xiàn)
巧匠	(qiǎo jiàng)
巧克力	(qiǎo kè lì)
巧克力脆片	(qiǎo kè lì cuì piàn)
巧了	(qiǎo le)
巧立名目	(qiǎo lì míng mù)
巧妙	(qiǎo miào)
巧人	(qiǎo rén)
巧舌如簧	(qiǎo shé rú huáng)
巧手	(qiǎo shǒu)
巧思	(qiǎo sī)
巧言令色	(qiǎo yán lìng sè)
巧詐	(qiǎo zhà)
巧詐不如拙誠	(qiǎo zhà bù rú zhuō chéng)
愀	(qiǎo)
俏	(qiào)
俏貨	(qiào huò)
俏麗	(qiào lì)
俏美	(qiào měi)
俏皮	(qiào pi)
俏皮話	(qiào pi huà)
峭	(qiào)
峭壁	(qiào bì)
殼	(ké)
殼菜	(qiào cài)
殼兒	(ké r)
殼郎豬	(ké lang zhū)
殼幔	(ké màn)
殼牌公司	(qiào pái gōng sī)
殼質	(qiào zhì)
撬	(qiào)
撬棒	(qiào bàng)
撬動	(qiào dòng)
撬槓	(qiào gàng)
撬棍	(qiào gùn)
撬開	(qiào kāi)
撬門	(qiào mén)
撬竊	(qiào qiè)
撬鎖	(qiào suǒ)
撽	(qiào)
且	(qiě)
且不說	(qiě bù shuō)
且慢	(qiě màn)
且末縣	(qiě mò xiàn)
且末遺址	(qiě mò yí zhǐ)
且說	(qiě shuō)
且聽下回分解	(qiě tīng xià huí fēn jiě)
且休	(qiě xiū)
切	(qiè)
切·格瓦拉	(qiè gé wǎ lā)
切變	(qiē biàn)
切菜板	(qiē cài bǎn)
切成	(qiē chéng)
切齒	(qiè chǐ)
切齒腐心	(qiè chǐ fǔ xīn)
切除	(qiē chú)
切觸	(qiè chù)
切磋	(qiē cuō)
切磋琢磨	(qiē cuō zhuó mó)
切達	(qiè dá)
切刀	(qiē dāo)
切點	(qiē diǎn)
切斷	(qiē duàn)
切爾諾貝利	(qiē ěr nuò bèi lì)
切爾西	(qiè ěr xī)
切分音	(qiē fēn yīn)
切膚之痛	(qiè fū zhī tòng)
切腹	(qiē fù)
切杆	(qiē gān)
切糕	(qiē gāo)
切割	(qiē gē)
切骨之仇	(qiè gǔ zhī chóu)
切合	(qiè hé)
切合實際	(qiè hé shí jì)
切換	(qiē huàn)
切激	(qiè jī)
切忌	(qiè jì)
切記	(qiè jì)
切結書	(qiè jié shū)
切近	(qiè jìn)
切空間	(qiē kōng jiān)
切口	(qiē kǒu)
切塊	(qiē kuài)
切脈	(qiè mài)
切面	(qiē miàn)
切末	(qiè mo)
切莫	(qiè mò)
切尼	(qiē ní)
切盼	(qiè pàn)
切片	(qiē piàn)
切片檢查	(qiē piàn jiǎn chá)
切平面	(qiē píng miàn)
切迫	(qiè pò)
切切	(qiè qiè)
切切私語	(qiè qiè sī yǔ)
切肉刀	(qiē ròu dāo)
切入	(qiē rù)
切身	(qiè shēn)
切實	(qiè shí)
切實可行	(qiè shí kě xíng)
切碎	(qiē suì)
切特豪斯學校	(qiē tè háo sī xué xiào)
切題	(qiè tí)
切痛	(qiē tòng)
切望	(qiè wàng)
切勿	(qiè wù)
切線	(qiē xiàn)
切向	(qiē xiàng)
切向力	(qiē xiàng lì)
切向量	(qiē xiàng liàng)
切向速度	(qiē xiàng sù dù)
切削	(qiē xiāo)
切牙	(qiē yá)
切要	(qiè yào)
切葉蜂	(qiē yè fēng)
切音	(qiè yīn)
切責	(qiè zé)
切診	(qiè zhěn)
切中	(qiè zhòng)
切中時弊	(qiè zhòng shí bì)
切中時病	(qiè zhòng shí bìng)
切中要害	(qiè zhòng yào hài)
切囑	(qiè zhǔ)
妾	(qiè)
妾侍	(qiè shì)
妾室	(qiè shì)
怯	(qiè)
怯場	(qiè chǎng)
怯懦	(qiè nuò)
怯弱	(qiè ruò)
怯生	(qiè shēng)
怯生生	(qiè shēng shēng)
怯聲怯氣	(qiè shēng qiè qì)
怯意	(qiè yì)
怯子	(qiè zi)
匧	(qiè)
挈	(qiè)
挈帶	(qiè dài)
挈挈	(qiè qiè)
倢	(jié)
愜	(qiè)
愜意	(qiè yì)
㥦	(qiè)
朅	(qiè)
侵	(qīn)
侵徹	(qīn chè)
侵晨	(qīn chén)
侵犯	(qīn fàn)
侵害	(qīn hài)
侵害人	(qīn hài rén)
侵華	(qīn huá)
侵略	(qīn lüè)
侵略軍	(qīn lüè jūn)
侵略戰爭	(qīn lüè zhàn zhēng)
侵略者	(qīn lüè zhě)
侵權	(qīn quán)
侵權行為	(qīn quán xíng wéi)
侵擾	(qīn rǎo)
侵入	(qīn rù)
侵入性	(qīn rù xìng)
侵入岩	(qīn rù yán)
侵入者	(qīn rù zhě)
侵刪	(qīn shān)
侵蝕	(qīn shí)
侵蝕作用	(qīn shí zuò yòng)
侵吞	(qīn tūn)
侵襲	(qīn xí)
侵限	(qīn xiàn)
侵夜	(qīn yè)
侵佔	(qīn zhàn)
嶔	(qīn)
勤	(qín)
勤奮	(qín fèn)
勤工儉學	(qín gōng jiǎn xué)
勤儉	(qín jiǎn)
勤儉持家	(qín jiǎn chí jiā)
勤儉建國	(qín jiǎn jiàn guó)
勤儉節約	(qín jiǎn jié yuē)
勤儉樸實	(qín jiǎn pǔ shí)
勤儉樸素	(qín jiǎn pǔ sù)
勤儉務實	(qín jiǎn wù shí)
勤謹	(qín jǐn)
勤懇	(qín kěn)
勤苦	(qín kǔ)
勤快	(qín kuài)
勤勞	(qín láo)
勤勞致富	(qín láo zhì fù)
勤力	(qín lì)
勤密	(qín mì)
勤勉	(qín miǎn)
勤能補拙	(qín néng bǔ zhuō)
勤樸	(qín pǔ)
勤勤	(qín qín)
勤勤懇懇	(qín qín kěn kěn)
勤王	(qín wáng)
勤務	(qín wù)
勤務兵	(qín wù bīng)
勤務員	(qín wù yuán)
勤學苦練	(qín xué kǔ liàn)
勤雜	(qín zá)
勤則不匱	(qín zé bù kuì)
勤政廉政	(qín zhèng lián zhèng)
嗪	(qín)
慬	(qín)
擒	(qín)
擒獲	(qín huò)
擒人節	(qín rén jié)
擒賊擒王	(qín zéi qín wáng)
噙	(qín)
檎	(qín)
懃	(qín)
昑	(qǐn)
寑	(qǐn)
寢	(qǐn)
寢具	(qǐn jù)
寢苫枕塊	(qǐn shān zhěn kuài)
寢食難安	(qǐn shí nán ān)
寢室	(qǐn shì)
唚	(qìn)
搇	(qìn)
撳	(qìn)
卿	(qīng)
卿卿我我	(qīng qīng wǒ wǒ)
圊	(qīng)
傾	(qīng)
傾側	(qīng cè)
傾巢	(qīng cháo)
傾巢而出	(qīng cháo ér chū)
傾巢來犯	(qīng cháo lái fàn)
傾城	(qīng chéng)
傾倒	(qīng dào)
傾動	(qīng dòng)
傾耳	(qīng ěr)
傾耳而聽	(qīng ěr ér tīng)
傾耳細聽	(qīng ěr xì tīng)
傾翻	(qīng fān)
傾服	(qīng fú)
傾覆	(qīng fù)
傾蓋	(qīng gài)
傾國傾城	(qīng guó qīng chéng)
傾家	(qīng jiā)
傾家蕩產	(qīng jiā dàng chǎn)
傾角	(qīng jiǎo)
傾盡	(qīng jìn)
傾力	(qīng lì)
傾慕	(qīng mù)
傾囊	(qīng náng)
傾佩	(qīng pèi)
傾盆	(qīng pén)
傾盆大雨	(qīng pén dà yǔ)
傾訴	(qīng sù)
傾談	(qīng tán)
傾聽	(qīng tīng)
傾聽者	(qīng tīng zhě)
傾吐	(qīng tǔ)
傾吐胸臆	(qīng tǔ xiōng yì)
傾吐衷腸	(qīng tǔ zhōng cháng)
傾頹	(qīng tuí)
傾危	(qīng wēi)
傾陷	(qīng xiàn)
傾羨	(qīng xiàn)
傾箱倒篋	(qīng xiāng dào qiè)
傾向	(qīng xiàng)
傾向性	(qīng xiàng xìng)
傾向於	(qīng xiàng yú)
傾銷	(qīng xiāo)
傾斜	(qīng xié)
傾斜度	(qīng xié dù)
傾泄	(qīng xiè)
傾卸	(qīng xiè)
傾瀉	(qīng xiè)
傾心	(qīng xīn)
傾心吐膽	(qīng xīn tǔ dǎn)
傾軋	(qīng yà)
傾注	(qīng zhù)
勍	(qíng)
情	(qíng)
情愛	(qíng ài)
情報	(qíng bào)
情報處	(qíng bào chù)
情比金堅	(qíng bǐ jīn jiān)
情變	(qíng biàn)
情不可卻	(qíng bù kě què)
情不自禁	(qíng bù zì jīn)
情操	(qíng cāo)
情場	(qíng chǎng)
情癡	(qíng chī)
情敵	(qíng dí)
情調	(qíng diào)
情定	(qíng dìng)
情定終身	(qíng dìng zhōng shēn)
情竇	(qíng dòu)
情竇初開	(qíng dòu chū kāi)
情兒	(qíng r)
情非得已	(qíng fēi dé yǐ)
情分	(qíng fèn)
情夫	(qíng fū)
情婦	(qíng fù)
情感	(qíng gǎn)
情感分析	(qíng gǎn fēn xī)
情歌	(qíng gē)
情何以堪	(qíng hé yǐ kān)
情話	(qíng huà)
情懷	(qíng huái)
情急	(qíng jí)
情急了	(qíng jí liǎo)
情急之下	(qíng jí zhī xià)
情急智生	(qíng jí zhì shēng)
情結	(qíng jié)
情節	(qíng jié)
情景	(qíng jǐng)
情景喜劇	(qíng jǐng xǐ jù)
情境	(qíng jìng)
情境模型	(qíng jìng mó xíng)
情況	(qíng kuàng)
情郎	(qíng láng)
情勒	(qíng lè)
情理	(qíng lǐ)
情侶	(qíng lǚ)
情侶酒店	(qíng lǚ jiǔ diàn)
情侶頭像	(qíng lǚ tóu xiàng)
情侶鸚鵡	(qíng lǚ yīng wǔ)
情侶裝	(qíng lǚ zhuāng)
情面	(qíng miàn)
情趣	(qíng qù)
情趣酒店	(qíng qù jiǔ diàn)
情趣商店	(qíng qù shāng diàn)
情趣玩具	(qíng qù wán jù)
情趣用品	(qíng qù yòng pǐn)
情人	(qíng rén)
情人果	(qíng rén guǒ)
情人節	(qíng rén jié)
情人眼裡出西施	(qíng rén yǎn lǐ chū xī shī)
情人眼裡有西施	(qíng rén yǎn lǐ yǒu xī shī)
情色	(qíng sè)
情殺	(qíng shā)
情商	(qíng shāng)
情傷	(qíng shāng)
情詩	(qíng shī)
情史	(qíng shǐ)
情事	(qíng shì)
情勢	(qíng shì)
情書	(qíng shū)
情蒐	(qíng sōu)
情素	(qíng sù)
情愫	(qíng sù)
情隨事遷	(qíng suí shì qiān)
情態	(qíng tài)
情同骨肉	(qíng tóng gǔ ròu)
情同手足	(qíng tóng shǒu zú)
情投意合	(qíng tóu yì hé)
情頭	(qíng tóu)
情網	(qíng wǎng)
情味	(qíng wèi)
情形	(qíng xing)
情緒	(qíng xù)
情緒化	(qíng xù huà)
情緒價值	(qíng xù jià zhí)
情緒商數	(qíng xù shāng shù)
情緒智商	(qíng xù zhì shāng)
情緒狀態	(qíng xù zhuàng tài)
情意	(qíng yì)
情義	(qíng yì)
情誼	(qíng yì)
情有獨鍾	(qíng yǒu dú zhōng)
情有可原	(qíng yǒu kě yuán)
情逾骨肉	(qíng yú gǔ ròu)
情慾	(qíng yù)
情緣	(qíng yuán)
情願	(qíng yuàn)
情真意切	(qíng zhēn yì qiè)
情知	(qíng zhī)
情志	(qíng zhì)
情種	(qíng zhǒng)
情狀	(qíng zhuàng)
情資	(qíng zī)
晴	(qíng)
晴好	(qíng hǎo)
晴空萬里	(qíng kōng wàn lǐ)
晴朗	(qíng lǎng)
晴隆縣	(qíng lóng xiàn)
晴時多雲	(qíng shí duō yún)
晴天	(qíng tiān)
晴天霹靂	(qíng tiān pī lì)
晴天娃娃	(qíng tiān wá wa)
晴雨	(qíng yǔ)
晴雨表	(qíng yǔ biǎo)
暒	(qíng)
檠	(qíng)
擎	(qíng)
擎拳合掌	(qíng quán hé zhǎng)
㯳	(qíng)
廎	(qǐng)
凊	(qìng)
殸	(qìng)
慶	(qìng)
慶安縣	(qìng ān xiàn)
慶城縣	(qìng chéng xiàn)
慶大黴素	(qìng dà méi sù)
慶典	(qìng diǎn)
慶功	(qìng gōng)
慶賀	(qìng hè)
慶尚北道	(qìng shàng běi dào)
慶尚道	(qìng shàng dào)
慶尚南道	(qìng shàng nán dào)
慶生	(qìng shēng)
慶幸	(qìng xìng)
慶陽市	(qìng yáng shì)
慶元縣	(qìng yuán xiàn)
慶雲縣	(qìng yún xiàn)
慶州	(qìng zhōu)
慶祝	(qìng zhù)
慶祝會	(qìng zhù huì)
惸	(qióng)
丘	(qiū)
丘八	(qiū bā)
丘北縣	(qiū běi xiàn)
丘比特	(qiū bǐ tè)
丘爾金	(qiū ěr jīn)
丘逢甲	(qiū féng jiǎ)
丘壑	(qiū hè)
丘吉爾	(qiū jí ěr)
丘陵	(qiū líng)
丘腦	(qiū nǎo)
丘腦損傷	(qiū nǎo sǔn shāng)
丘縣	(qiū xiàn)
丘鷸	(qiū yù)
丘疹	(qiū zhěn)
丠	(qiū)
坵	(qiū)
恘	(qiū)
楸	(qiū)
楸樹	(qiū shù)
厹	(qiú)
囚	(qiú)
囚犯	(qiú fàn)
囚錮鋒	(qiú gù fēng)
囚禁	(qiú jìn)
囚籠	(qiú lóng)
囚人	(qiú rén)
囚室	(qiú shì)
囚徒	(qiú tú)
囚衣	(qiú yī)
俅	(qiú)
㞗	(qiú)
巰	(qiú)
曲	(qǔ)
曲筆	(qū bǐ)
曲別針	(qū bié zhēn)
曲柄	(qū bǐng)
曲柄鑽	(qū bǐng zuàn)
曲尺	(qū chǐ)
曲尺樓梯	(qū chǐ lóu tī)
曲調	(qǔ diào)
曲度	(qū dù)
曲風	(qǔ fēng)
曲阜孔廟	(qū fù kǒng miào)
曲阜市	(qū fù shì)
曲高和寡	(qǔ gāo hè guǎ)
曲肱而枕	(qū gōng ér zhěn)
曲棍	(qū gùn)
曲棍球	(qū gùn qiú)
曲江區	(qǔ jiāng qū)
曲解	(qū jiě)
曲頸瓶	(qū jǐng píng)
曲靖市	(qǔ jìng shì)
曲裡拐彎	(qū lǐ guǎi wān)
曲率	(qū lǜ)
曲率向量	(qū lǜ xiàng liàng)
曲麻萊縣	(qǔ má lái xiàn)
曲霉毒素	(qǔ méi dú sù)
曲面	(qū miàn)
曲面論	(qū miàn lùn)
曲目	(qǔ mù)
曲奇	(qū qí)
曲蟮	(qū shan)
曲射	(qū shè)
曲射砲	(qū shè pào)
曲水縣	(qǔ shuǐ xiàn)
曲松縣	(qū sōng xiàn)
曲突徙薪	(qū tū xǐ xīn)
曲沃縣	(qǔ wò xiàn)
曲線	(qū xiàn)
曲線救國	(qū xiàn jiù guó)
曲線鋸	(qū xiàn ju)
曲線論	(qū xiàn lùn)
曲線擬合	(qū xiàn nǐ hé)
曲線圖	(qū xiàn tú)
曲陽縣	(qǔ yáng xiàn)
曲意	(qū yì)
曲意逢迎	(qū yì féng yíng)
曲藝	(qǔ yì)
曲折	(qū zhé)
曲直	(qū zhí)
曲終奏雅	(qǔ zhōng zòu yǎ)
曲周縣	(qǔ zhōu xiàn)
曲軸	(qū zhóu)
曲子	(qǔ zi)
佉	(qū)
佉盧文	(qū lú wén)
伹	(qū)
岨	(qū)
屈	(qū)
屈才	(qū cái)
屈從	(qū cóng)
屈打成招	(qū dǎ chéng zhāo)
屈服	(qū fú)
屈公病	(qū gōng bìng)
屈光度	(qū guāng dù)
屈肌	(qū jī)
屈倫博赫	(qū lún bó hè)
屈撓	(qū náo)
屈曲	(qū qū)
屈辱	(qū rǔ)
屈體	(qū tǐ)
屈膝禮	(qū xī lǐ)
屈戌兒	(qū qu r)
屈原	(qū yuán)
屈原祠	(qū yuán cí)
屈折語	(qū zhé yǔ)
屈指	(qū zhǐ)
屈指可數	(qū zhǐ kě shǔ)
屈指一算	(qū zhǐ yī suàn)
屈尊	(qū zūn)
屈尊俯就	(qū zūn fǔ jiù)
區	(qū)
區別	(qū bié)
區長	(qū zhǎng)
區處	(qū chù)
區分	(qū fēn)
區分大小寫	(qū fēn dà xiǎo xiě)
區隔	(qū gé)
區號	(qū hào)
區畫	(qū huà)
區劃	(qū huà)
區間	(qū jiān)
區間車	(qū jiān chē)
區塊	(qū kuài)
區塊鏈	(qū kuài liàn)
區碼	(qū mǎ)
區旗	(qū qí)
區區	(qū qū)
區區小事	(qū qū xiǎo shì)
區位	(qū wèi)
區議會	(qū yì huì)
區域	(qū yù)
區域碼	(qū yù mǎ)
區域網路	(qū yù wǎng lù)
區域網絡	(qū yù wǎng luò)
區域性	(qū yù xìng)
區字框	(qū zì kuàng)
嶇	(qū)
敺	(qū)
佢	(qú)
劬	(qú)
朐	(qú)
忂	(qú)
取	(qǔ)
取保	(qǔ bǎo)
取保候審	(qǔ bǎo hòu shěn)
取保釋放	(qǔ bǎo shì fàng)
取材	(qǔ cái)
取長補短	(qǔ cháng bǔ duǎn)
取出	(qǔ chū)
取代	(qǔ dài)
取代基	(qǔ dài jī)
取道	(qǔ dào)
取得	(qǔ dé)
取得勝利	(qǔ dé shèng lì)
取得一致	(qǔ dé yī zhì)
取燈兒	(qǔ dēng r)
取締	(qǔ dì)
取而代之	(qǔ ér dài zhī)
取關	(qǔ guān)
取回	(qǔ huí)
取火	(qǔ huǒ)
取件	(qǔ jiàn)
取經	(qǔ jīng)
取景	(qǔ jǐng)
取景框	(qǔ jǐng kuàng)
取景器	(qǔ jǐng qì)
取決	(qǔ jué)
取決於	(qǔ jué yú)
取款	(qǔ kuǎn)
取款機	(qǔ kuǎn jī)
取名	(qǔ míng)
取模	(qǔ mú)
取鬧	(qǔ nào)
取暖	(qǔ nuǎn)
取其精華	(qǔ qí jīng huá)
取其精華，去其糟粕	(qǔ qí jīng huá , qù qí zāo pò)
取錢	(qǔ qián)
取巧	(qǔ qiǎo)
取捨	(qǔ shě)
取勝	(qǔ shèng)
取水	(qǔ shuǐ)
取現	(qǔ xiàn)
取向	(qǔ xiàng)
取消	(qǔ xiāo)
取消關注	(qǔ xiāo guān zhù)
取笑	(qǔ xiào)
取信	(qǔ xìn)
取樣	(qǔ yàng)
取銀	(qǔ yín)
取用	(qǔ yòng)
取悅	(qǔ yuè)
取樂	(qǔ lè)
取證	(qǔ zhèng)
取之不盡，用之不竭	(qǔ zhī bù jìn , yòng zhī bù jié)
取走	(qǔ zǒu)
娶	(qǔ)
娶妻	(qǔ qī)
娶親	(qǔ qīn)
娶媳婦	(qǔ xí fù)
去	(qù)
去背	(qù bèi)
去冰	(qù bīng)
去程	(qù chéng)
去除	(qù chú)
去處	(qù chù)
去得	(qù de)
去掉	(qù diào)
去根	(qù gēn)
去垢劑	(qù gòu jì)
去骨	(qù gǔ)
去光水	(qù guāng shuǐ)
去國	(qù guó)
去回票	(qù huí piào)
去火	(qù huǒ)
去甲腎上腺素	(qù jiǎ shèn shàng xiàn sù)
去離子水	(qù lí zǐ shuǐ)
去留	(qù liú)
去路	(qù lù)
去魅	(qù mèi)
去你的	(qù nǐ de)
去年	(qù nián)
去年底	(qù nián dǐ)
去耦	(qù ǒu)
去皮	(qù pí)
去皮重	(qù pí zhòng)
去其糟粕	(qù qí zāo pò)
去取	(qù qǔ)
去取之間	(qù qǔ zhī jiān)
去聲	(qù shēng)
去世	(qù shì)
去逝	(qù shì)
去勢	(qù shì)
去暑	(qù shǔ)
去死	(qù sǐ)
去歲	(qù suì)
去臺	(qù tái)
去往	(qù wǎng)
去污	(qù wū)
去污名化	(qù wū míng huà)
去蕪存菁	(qù wú cún jīng)
去向	(qù xiàng)
去向不明	(qù xiàng bù míng)
去信	(qù xìn)
去氧核糖核酸	(qù yǎng hé táng hé suān)
去氧麻黃鹼	(qù yǎng má huáng jiǎn)
去爪	(qù zhuǎ)
去職	(qù zhí)
去中心化	(qù zhōng xīn huà)
去重	(qù chóng)
厺	(qù)
刞	(qù)
呿	(qū)
悛	(quān)
圈	(quān)
圈a	(quān a)
圈地	(quān dì)
圈地運動	(quān dì yùn dòng)
圈點	(quān diǎn)
圈定	(quān dìng)
圈粉	(quān fěn)
圈內	(quān nèi)
圈內人	(quān nèi rén)
圈票處	(quān piào chù)
圈錢	(quān qián)
圈圈	(quān quan)
圈圈叉叉	(quān quān chā chā)
圈圈點點	(quān quan diǎn diǎn)
圈數	(quān shù)
圈套	(quān tào)
圈養	(juàn yǎng)
圈狀物	(quān zhuàng wù)
圈子	(quān zi)
棬	(quān)
全	(quán)
全班	(quán bān)
全般	(quán bān)
全豹	(quán bào)
全本	(quán běn)
全編	(quán biān)
全部	(quán bù)
全才	(quán cái)
全長	(quán cháng)
全場	(quán chǎng)
全場一致	(quán chǎng yī zhì)
全稱	(quán chēng)
全城	(quán chéng)
全程	(quán chéng)
全純	(quán chún)
全黨全軍	(quán dǎng quán jūn)
全地形車	(quán dì xíng chē)
全等	(quán děng)
全等圖形	(quán děng tú xíng)
全等形	(quán děng xíng)
全都	(quán dōu)
全度音	(quán dù yīn)
全端工程師	(quán duān gōng chéng shī)
全額	(quán é)
全方位	(quán fāng wèi)
全份	(quán fèn)
全副	(quán fù)
全副精力	(quán fù jīng lì)
全副武裝	(quán fù wǔ zhuāng)
全復	(quán fù)
全港	(quán gǎng)
全攻全守	(quán gōng quán shǒu)
全穀物	(quán gǔ wù)
全國	(quán guó)
全國代表大會	(quán guó dài biǎo dà huì)
全國民主聯盟	(quán guó mín zhǔ lián méng)
全國人大	(quán guó rén dà)
全國人大常委會	(quán guó rén dà cháng wěi huì)
全國人大會議	(quán guó rén dà huì yì)
全國人民代表大會	(quán guó rén mín dài biǎo dà huì)
全國人民代表大會常務委員會	(quán guó rén mín dài biǎo dà huì cháng wù wěi yuán huì)
全國性	(quán guó xìng)
全國重點文物保護單位	(quán guó zhòng diǎn wén wù bǎo hù dān wèi)
全乎	(quán hu)
全會	(quán huì)
全活	(quán huó)
全集	(quán jí)
全家	(quán jiā)
全家福	(quán jiā fú)
全跏坐	(quán jiā zuò)
全殲	(quán jiān)
全椒縣	(quán jiāo xiàn)
全節流	(quán jié liú)
全景	(quán jǐng)
全局	(quán jú)
全局模塊	(quán jú mó kuài)
全局性	(quán jú xìng)
全局作用域	(quán jú zuò yòng yù)
全距	(quán jù)
全聚德	(quán jù dé)
全軍	(quán jūn)
全軍覆沒	(quán jūn fù mò)
全科醫生	(quán kē yī shēng)
全壘打	(quán lěi dǎ)
全力	(quán lì)
全力以赴	(quán lì yǐ fù)
全聯	(quán lián)
全錄	(quán lù)
全輪驅動	(quán lún qū dòng)
全羅北道	(quán luó běi dào)
全羅道	(quán luó dào)
全羅南道	(quán luó nán dào)
全裸	(quán luǒ)
全麻	(quán má)
全馬	(quán mǎ)
全麥	(quán mài)
全貌	(quán mào)
全美	(quán měi)
全美廣播公司	(quán měi guǎng bō gōng sī)
全面	(quán miàn)
全面禁止	(quán miàn jìn zhǐ)
全面禁止核試驗條約	(quán miàn jìn zhǐ hé shì yàn tiáo yuē)
全民	(quán mín)
全民公決	(quán mín gōng jué)
全民健保	(quán mín jiàn bǎo)
全民健康保險	(quán mín jiàn kāng bǎo xiǎn)
全民皆兵	(quán mín jiē bīng)
全民投票	(quán mín tóu piào)
全南縣	(quán nán xiàn)
全能	(quán néng)
全年	(quán nián)
全盤	(quán pán)
全陪	(quán péi)
全票	(quán piào)
全拼	(quán pīn)
全屏	(quán píng)
全橋	(quán qiáo)
全勤	(quán qín)
全情	(quán qíng)
全情投入	(quán qíng tóu rù)
全球	(quán qiú)
全球變暖	(quán qiú biàn nuǎn)
全球定位系統	(quán qiú dìng wèi xì tǒng)
全球而言	(quán qiú ér yán)
全球化	(quán qiú huà)
全球南方	(quán qiú nán fāng)
全球暖化	(quán qiú nuǎn huà)
全球氣候	(quán qiú qì hòu)
全球氣候變暖	(quán qiú qì hòu biàn nuǎn)
全球氣候升溫	(quán qiú qì hòu shēng wēn)
全球通	(quán qiú tōng)
全球位置測定系統	(quán qiú wèi zhì cè dìng xì tǒng)
全球衛星導航系統	(quán qiú wèi xīng dǎo háng xì tǒng)
全球性	(quán qiú xìng)
全球資訊網	(quán qiú zī xùn wǎng)
全權	(quán quán)
全權大使	(quán quán dà shǐ)
全權代表	(quán quán dài biǎo)
全然	(quán rán)
全日空	(quán rì kōng)
全日制	(quán rì zhì)
全色	(quán sè)
全燒祭	(quán shāo jì)
全身	(quán shēn)
全身而退	(quán shēn ér tuì)
全身鏡	(quán shēn jìng)
全身麻醉	(quán shēn má zuì)
全身心	(quán shēn xīn)
全身性紅斑狼瘡	(quán shēn xìng hóng bān láng chuāng)
全神貫注	(quán shén guàn zhù)
全神灌注	(quán shén guàn zhù)
全省	(quán shěng)
全盛	(quán shèng)
全勝	(quán shèng)
全屍	(quán shī)
全食	(quán shí)
全時工作	(quán shí gōng zuò)
全蝕	(quán shí)
全世界	(quán shì jiè)
全世界第一	(quán shì jiè dì yī)
全市	(quán shì)
全書	(quán shū)
全熟	(quán shú)
全熟蛋	(quán shú dàn)
全數	(quán shù)
全素	(quán sù)
全素食	(quán sù shí)
全速	(quán sù)
全損	(quán sǔn)
全套	(quán tào)
全體	(quán tǐ)
全體會議	(quán tǐ huì yì)
全體人員	(quán tǐ rén yuán)
全天	(quán tiān)
全天候	(quán tiān hòu)
全同	(quán tóng)
全託	(quán tuō)
全網	(quán wǎng)
全文	(quán wén)
全文檢索	(quán wén jiǎn suǒ)
全文搜索	(quán wén sōu suǒ)
全無	(quán wú)
全無準備	(quán wú zhǔn bèi)
全息	(quán xī)
全線	(quán xiàn)
全向	(quán xiàng)
全心	(quán xīn)
全心全意	(quán xīn quán yì)
全新	(quán xīn)
全新紀	(quán xīn jì)
全新世	(quán xīn shì)
全新統	(quán xīn tǒng)
全休	(quán xiū)
全鬚全尾兒	(quán xū quán yǐ r)
全音	(quán yīn)
全影	(quán yǐng)
全優	(quán yōu)
全域	(quán yù)
全愈	(quán yù)
全員	(quán yuán)
全運會	(quán yùn huì)
全責	(quán zé)
全棧	(quán zhàn)
全知	(quán zhī)
全知全能	(quán zhī quán néng)
全職	(quán zhí)
全州市	(quán zhōu shì)
全州縣	(quán zhōu xiàn)
全資附屬公司	(quán zī fù shǔ gōng sī)
佺	(quán)
拳	(quán)
拳棒	(quán bàng)
拳打	(quán dǎ)
拳打腳踢	(quán dǎ jiǎo tī)
拳法	(quán fǎ)
拳擊	(quán jī)
拳擊手	(quán jī shǒu)
拳擊手套	(quán jī shǒu tào)
拳擊臺	(quán jī tái)
拳擊選手	(quán jī xuǎn shǒu)
拳交	(quán jiāo)
拳腳	(quán jiǎo)
拳腳相向	(quán jiǎo xiāng xiàng)
拳曲	(quán qū)
拳拳	(quán quán)
拳師	(quán shī)
拳手	(quán shǒu)
拳術	(quán shù)
拳套	(quán tào)
拳頭	(quán tou)
拳頭產品	(quán tou chǎn pǐn)
拳王	(quán wáng)
惓	(quán)
惓惓	(quán quán)
権	(quán)
權	(quán)
權變	(quán biàn)
權變理論	(quán biàn lǐ lùn)
權柄	(quán bǐng)
權充	(quán chōng)
權當	(quán dāng)
權貴	(quán guì)
權衡	(quán héng)
權衡利弊	(quán héng lì bì)
權界	(quán jiè)
權力	(quán lì)
權力的遊戲	(quán lì de yóu xì)
權力鬥爭	(quán lì dòu zhēng)
權力紛爭	(quán lì fēn zhēng)
權利	(quán lì)
權利法案	(quán lì fǎ àn)
權利人	(quán lì rén)
權利聲明	(quán lì shēng míng)
權利要求	(quán lì yāo qiú)
權謀	(quán móu)
權能	(quán néng)
權且	(quán qiě)
權時	(quán shí)
權勢	(quán shì)
權術	(quán shù)
權威	(quán wēi)
權威性	(quán wēi xìng)
權位	(quán wèi)
權限	(quán xiàn)
權鑰	(quán yào)
權宜	(quán yí)
權宜之策	(quán yí zhī cè)
權宜之計	(quán yí zhī jì)
權益	(quán yì)
權遊	(quán yóu)
權輿	(quán yú)
權慾薰心	(quán yù xūn xīn)
權杖	(quán zhàng)
權證	(quán zhèng)
權重	(quán zhòng)
券	(quàn)
券商	(quàn shāng)
勸	(quàn)
勸導	(quàn dǎo)
勸動	(quàn dòng)
勸服	(quàn fú)
勸告	(quàn gào)
勸和	(quàn hé)
勸化	(quàn huà)
勸架	(quàn jià)
勸駕	(quàn jià)
勸諫	(quàn jiàn)
勸教	(quàn jiào)
勸解	(quàn jiě)
勸戒	(quàn jiè)
勸誡	(quàn jiè)
勸酒	(quàn jiǔ)
勸勉	(quàn miǎn)
勸農	(quàn nóng)
勸農使	(quàn nóng shǐ)
勸善懲惡	(quàn shàn chéng è)
勸說	(quàn shuō)
勸退	(quàn tuì)
勸慰	(quàn wèi)
勸誘	(quàn yòu)
勸止	(quàn zhǐ)
勸阻	(quàn zǔ)
㕁	(què)
卻	(què)
卻病	(què bìng)
卻步	(què bù)
卻才	(què cái)
卻倒	(què dào)
卻是	(què shì)
卻之不恭	(què zhī bù gōng)
埆	(què)
塙	(què)
搉	(què)
愨	(què)
榷	(què)
慤	(què)
囷	(qūn)
帬	(qún)
冄	(rǎn)
柟	(nán)
嘫	(rán)
冉	(rǎn)
冉冉	(rǎn rǎn)
冉冉上升	(rǎn rǎn shàng shēng)
染	(rǎn)
染病	(rǎn bìng)
染布	(rǎn bù)
染廠	(rǎn chǎng)
染毒	(rǎn dú)
染髮	(rǎn fà)
染髮劑	(rǎn fà jì)
染風習俗	(rǎn fēng xí sú)
染料	(rǎn liào)
染色	(rǎn sè)
染色體	(rǎn sè tǐ)
染色體倍性	(rǎn sè tǐ bèi xìng)
染色體三倍體症	(rǎn sè tǐ sān bèi tǐ zhèng)
染色質	(rǎn sè zhì)
染上	(rǎn shàng)
染織	(rǎn zhī)
染指	(rǎn zhǐ)
染指垂涎	(rǎn zhǐ chuí xián)
染指於鼎	(rǎn zhǐ yú dǐng)
䎃	(rǎn)
孃	(niáng)
壤	(rǎng)
壤塘縣	(rǎng táng xiàn)
壤土	(rǎng tǔ)
攘	(rǎng)
攘臂	(rǎng bì)
攘場	(rǎng cháng)
攘除	(rǎng chú)
攘奪	(rǎng duó)
攘詬	(rǎng gòu)
攘袂	(rǎng mèi)
攘辟	(rǎng bì)
攘竊	(rǎng qiè)
攘攘	(rǎng rǎng)
攘善	(rǎng shàn)
攘外	(rǎng wài)
攘外安內	(rǎng wài ān nèi)
攘袖	(rǎng xiù)
攘羊	(rǎng yáng)
攘夷	(rǎng yí)
攘災	(rǎng zāi)
嚷	(rǎng)
嚷劈	(rǎng pī)
嚷嚷	(rāng rang)
嬈	(ráo)
橈	(náo)
橈骨	(ráo gǔ)
擾	(rǎo)
擾動	(rǎo dòng)
擾流板	(rǎo liú bǎn)
擾亂	(rǎo luàn)
擾民	(rǎo mín)
擾攘	(rǎo rǎng)
惹	(rě)
惹不起	(rě bu qǐ)
惹火	(rě huǒ)
惹火燒身	(rě huǒ shāo shēn)
惹禍	(rě huò)
惹婁子	(rě lóu zi)
惹嘍子	(rě lóu zi)
惹樓子	(rě lóu zi)
惹亂子	(rě luàn zi)
惹麻煩	(rě má fan)
惹毛	(rě máo)
惹惱	(rě nǎo)
惹怒	(rě nù)
惹起	(rě qǐ)
惹人	(rě rén)
惹人心煩	(rě rén xīn fán)
惹人厭	(rě rén yàn)
惹人注目	(rě rén zhù mù)
惹人注意	(rě rén zhù yì)
惹事	(rě shì)
惹事生非	(rě shì shēng fēi)
惹是非	(rě shì fēi)
惹是生非	(rě shì shēng fēi)
惹眼	(rě yǎn)
人	(rén)
人保	(rén bǎo)
人比人，氣死人	(rén bǐ rén , qì sǐ rén)
人不可貌相	(rén bù kě mào xiàng)
人不可貌相，海水不可斗量	(rén bù kě mào xiàng , hǎi shuǐ bù kě dǒu liáng)
人不為己，天誅地滅	(rén bù wèi jǐ , tiān zhū dì miè)
人不知鬼不覺	(rén bù zhī guǐ bù jué)
人才	(rén cái)
人才濟濟	(rén cái jǐ jǐ)
人才流失	(rén cái liú shī)
人才外流	(rén cái wài liú)
人材	(rén cái)
人財兩得	(rén cái liǎng dé)
人財兩空	(rén cái liǎng kōng)
人財兩旺	(rén cái liǎng wàng)
人參	(rén shēn)
人參果	(rén shēn guǒ)
人潮	(rén cháo)
人車混行	(rén chē hún xíng)
人臣	(rén chén)
人稱	(rén chēng)
人稱代詞	(rén chēng dài cí)
人畜共患症	(rén chù gòng huàn zhèng)
人傳人	(rén chuán rén)
人次	(rén cì)
人從	(rén cóng)
人從眾𠈌	(rén cóng zhòng yú)
人叢	(rén cóng)
人大	(rén dà)
人道	(rén dào)
人道救援	(rén dào jiù yuán)
人道主義	(rén dào zhǔ yì)
人丁	(rén dīng)
人丁興旺	(rén dīng xīng wàng)
人定	(rén dìng)
人定勝天	(rén dìng shèng tiān)
人盾	(rén dùn)
人多勢眾	(rén duō shì zhòng)
人兒	(rén r)
人犯	(rén fàn)
人販子	(rén fàn zi)
人防	(rén fáng)
人非生而知之者，孰能無惑	(rén fēi shēng ér zhī zhī zhě , shú néng wú huò)
人夫	(rén fū)
人浮於事	(rén fú yú shì)
人父	(rén fù)
人高馬大	(rén gāo mǎ dà)
人格	(rén gé)
人格化	(rén gé huà)
人格魅力	(rén gé mèi lì)
人格神	(rén gé shén)
人各有所好	(rén gè yǒu suǒ hào)
人給家足	(rén jǐ jiā zú)
人工	(rén gōng)
人工吹氣	(rén gōng chuī qì)
人工島	(rén gōng dǎo)
人工耳蝸	(rén gōng ěr wō)
人工費	(rén gōng fèi)
人工概念	(rén gōng gài niàn)
人工河	(rén gōng hé)
人工呼吸	(rén gōng hū xī)
人工湖	(rén gōng hú)
人工林	(rén gōng lín)
人工流產	(rén gōng liú chǎn)
人工受孕	(rén gōng shòu yùn)
人工授精	(rén gōng shòu jīng)
人工智慧	(rén gōng zhì huì)
人工智能	(rén gōng zhì néng)
人海	(rén hǎi)
人海戰術	(rén hǎi zhàn shù)
人喊馬嘶	(rén hǎn mǎ sī)
人寰	(rén huán)
人皇	(rén huáng)
人禍	(rén huò)
人機工程	(rén jī gōng chéng)
人機界面	(rén jī jiè miàn)
人跡罕至	(rén jì hǎn zhì)
人際	(rén jì)
人際關係	(rén jì guān xì)
人家	(rén jia)
人尖兒	(rén jiān r)
人間	(rén jiān)
人間地獄	(rén jiān dì yù)
人間佛教	(rén jiān fó jiào)
人間清醒	(rén jiān qīng xǐng)
人間天堂	(rén jiān tiān táng)
人間蒸發	(rén jiān zhēng fā)
人艱不拆	(rén jiān bù chāi)
人見人愛	(rén jiàn rén ài)
人傑	(rén jié)
人傑地靈	(rén jié dì líng)
人盡可夫	(rén jìn kě fū)
人盡其才	(rén jìn qí cái)
人精	(rén jīng)
人居	(rén jū)
人均	(rén jūn)
人孔	(rén kǒng)
人口	(rén kǒu)
人口稠密	(rén kǒu chóu mì)
人口調查	(rén kǒu diào chá)
人口販運	(rén kǒu fàn yùn)
人口紅利	(rén kǒu hóng lì)
人口密度	(rén kǒu mì dù)
人口密集	(rén kǒu mì jí)
人口普查	(rén kǒu pǔ chá)
人口數	(rén kǒu shù)
人口統計學	(rén kǒu tǒng jì xué)
人口學	(rén kǒu xué)
人礦	(rén kuàng)
人困馬乏	(rén kùn mǎ fá)
人來瘋	(rén lái fēng)
人來人往	(rén lái rén wǎng)
人老珠黃	(rén lǎo zhū huáng)
人類	(rén lèi)
人類基因組計劃	(rén lèi jī yīn zǔ jì huà)
人類免疫缺陷病毒	(rén lèi miǎn yì quē xiàn bìng dú)
人類起源	(rén lèi qǐ yuán)
人類乳突病毒	(rén lèi rǔ tū bìng dú)
人類學	(rén lèi xué)
人類學家	(rén lèi xué jiā)
人力	(rén lì)
人力車	(rén lì chē)
人力車夫	(rén lì chē fū)
人力接龍	(rén lì jiē lóng)
人力資源	(rén lì zī yuán)
人臉識別	(rén liǎn shí bié)
人鏈	(rén liàn)
人流	(rén liú)
人流手術	(rén liú shǒu shù)
人龍	(rén lóng)
人倫	(rén lún)
人馬	(rén mǎ)
人馬臂	(rén mǎ bì)
人馬座	(rén mǎ zuò)
人脈	(rén mài)
人滿為患	(rén mǎn wéi huàn)
人們	(rén men)
人面獸心	(rén miàn shòu xīn)
人民	(rén mín)
人民幣	(rén mín bì)
人民幣元	(rén mín bì yuán)
人民大會堂	(rén mín dà huì táng)
人民代表	(rén mín dài biǎo)
人民黨	(rén mín dǎng)
人民法院	(rén mín fǎ yuàn)
人民公敵	(rén mín gōng dí)
人民公社	(rén mín gōng shè)
人民公社化	(rén mín gōng shè huà)
人民解放軍	(rén mín jiě fàng jūn)
人民警察	(rén mín jǐng chá)
人民民主專政	(rén mín mín zhǔ zhuān zhèng)
人民內部矛盾	(rén mín nèi bù máo dùn)
人民日報	(rén mín rì bào)
人民團體	(rén mín tuán tǐ)
人民網	(rén mín wǎng)
人民行動黨	(rén mín xíng dòng dǎng)
人民銀行	(rén mín yín háng)
人民英雄紀念碑	(rén mín yīng xióng jì niàn bēi)
人民戰爭	(rén mín zhàn zhēng)
人民陣線	(rén mín zhèn xiàn)
人民政府	(rén mín zhèng fǔ)
人名	(rén míng)
人命	(rén mìng)
人命關天	(rén mìng guān tiān)
人模狗樣	(rén mú gǒu yàng)
人母	(rén mǔ)
人偶	(rén ǒu)
人偶戲	(rén ǒu xì)
人怕出名豬怕壯	(rén pà chū míng zhū pà zhuàng)
人品	(rén pǐn)
人妻	(rén qī)
人氣	(rén qì)
人牆	(rén qiáng)
人琴俱亡	(rén qín jù wáng)
人情	(rén qíng)
人情世故	(rén qíng shì gù)
人情味	(rén qíng wèi)
人情味兒	(rén qíng wèi r)
人情債	(rén qíng zhài)
人窮志不窮	(rén qióng zhì bù qióng)
人窮志短	(rén qióng zhì duǎn)
人球	(rén qiú)
人去樓空	(rén qù lóu kōng)
人權	(rén quán)
人權鬥士	(rén quán dòu shì)
人權法	(rén quán fǎ)
人權觀察	(rén quán guān chá)
人群	(rén qún)
人群管理特別用途車	(rén qún guǎn lǐ tè bié yòng tú chē)
人人	(rén rén)
人人皆知	(rén rén jiē zhī)
人人網	(rén rén wǎng)
人人有責	(rén rén yǒu zé)
人肉	(rén ròu)
人肉沙包	(rén ròu shā bāo)
人肉搜索	(rén ròu sōu suǒ)
人肉搜索引擎	(rén ròu sōu suǒ yǐn qíng)
人如其名	(rén rú qí míng)
人瑞	(rén ruì)
人山人海	(rén shān rén hǎi)
人蛇	(rén shé)
人蛇集團	(rén shé jí tuán)
人社部	(rén shè bù)
人設	(rén shè)
人身	(rén shēn)
人身安全	(rén shēn ān quán)
人身攻擊	(rén shēn gōng jī)
人身權	(rén shēn quán)
人身事故	(rén shēn shì gù)
人生	(rén shēng)
人生朝露	(rén shēng zhāo lù)
人生地不熟	(rén shēng dì bù shú)
人生何處不相逢	(rén shēng hé chù bù xiāng féng)
人生路不熟	(rén shēng lù bù shú)
人生如朝露	(rén shēng rú zhāo lù)
人生如夢	(rén shēng rú mèng)
人生一世，草木一春	(rén shēng yī shì , cǎo mù yī chūn)
人聲鼎沸	(rén shēng dǐng fèi)
人師	(rén shī)
人士	(rén shì)
人氏	(rén shì)
人世	(rén shì)
人世間	(rén shì jiān)
人事	(rén shì)
人事不知	(rén shì bù zhī)
人事部	(rén shì bù)
人事部門	(rén shì bù mén)
人事處	(rén shì chù)
人事管理	(rén shì guǎn lǐ)
人是鐵飯是鋼	(rén shì tiě fàn shì gāng)
人勢	(rén shì)
人手	(rén shǒu)
人壽	(rén shòu)
人壽保險	(rén shòu bǎo xiǎn)
人壽年豐	(rén shòu nián fēng)
人數	(rén shù)
人誰無過	(rén shéi wú guò)
人算不如天算	(rén suàn bù rú tiān suàn)
人所共知	(rén suǒ gòng zhī)
人梯	(rén tī)
人體	(rén tǐ)
人體工學	(rén tǐ gōng xué)
人體工學椅	(rén tǐ gōng xué yǐ)
人體解剖	(rén tǐ jiě pōu)
人體解剖學	(rén tǐ jiě pōu xué)
人體器官	(rén tǐ qì guān)
人頭	(rén tóu)
人頭馬	(rén tóu mǎ)
人頭獅身	(rén tóu shī shēn)
人頭熟	(rén tóu shú)
人頭稅	(rén tóu shuì)
人外有人，天外有天	(rén wài yǒu rén , tiān wài yǒu tiān)
人往高處走，水往低處流	(rén wǎng gāo chù zǒu , shuǐ wǎng dī chù liú)
人望	(rén wàng)
人微言輕	(rén wēi yán qīng)
人為	(rén wéi)
人為財死，鳥為食亡	(rén wèi cái sǐ , niǎo wèi shí wáng)
人為刀俎，我為魚肉	(rén wéi dāo zǔ , wǒ wéi yú ròu)
人為土	(rén wéi tǔ)
人文	(rén wén)
人文地理學	(rén wén dì lǐ xué)
人文景觀	(rén wén jǐng guān)
人文社會學科	(rén wén shè huì xué kē)
人文社科	(rén wén shè kē)
人文學	(rén wén xué)
人文主義	(rén wén zhǔ yì)
人無橫財不富，馬無夜草不肥	(rén wú hèng cái bù fù , mǎ wú yè cǎo bù féi)
人無完人	(rén wú wán rén)
人無遠慮，必有近憂	(rén wú yuǎn lǜ , bì yǒu jìn yōu)
人五人六	(rén wǔ rén liù)
人武	(rén wǔ)
人物	(rén wù)
人物描寫	(rén wù miáo xiě)
人相	(rén xiàng)
人相學	(rén xiàng xué)
人像	(rén xiàng)
人效	(rén xiào)
人心	(rén xīn)
人心不古	(rén xīn bù gǔ)
人心不足蛇吞象	(rén xīn bù zú shé tūn xiàng)
人心隔肚皮	(rén xīn gé dù pí)
人心果	(rén xīn guǒ)
人心渙散	(rén xīn huàn sàn)
人心惶惶	(rén xīn huáng huáng)
人心難測	(rén xīn nán cè)
人心所向	(rén xīn suǒ xiàng)
人行	(rén háng)
人行道	(rén xíng dào)
人行地下通道	(rén xíng dì xià tōng dào)
人行橫道	(rén xíng héng dào)
人行橫道線	(rén xíng héng dào xiàn)
人行區	(rén xíng qū)
人形	(rén xíng)
人性	(rén xìng)
人性化	(rén xìng huà)
人選	(rén xuǎn)
人煙	(rén yān)
人煙稠密	(rén yān chóu mì)
人煙稀少	(rén yān xī shǎo)
人言籍籍	(rén yán jí jí)
人言可畏	(rén yán kě wèi)
人言嘖嘖	(rén yán zé zé)
人仰馬翻	(rén yǎng mǎ fān)
人妖	(rén yāo)
人意	(rén yì)
人影	(rén yǐng)
人有三急	(rén yǒu sān jí)
人有失手，馬有失蹄	(rén yǒu shī shǒu , mǎ yǒu shī tí)
人魚	(rén yú)
人員	(rén yuán)
人猿	(rén yuán)
人緣	(rén yuán)
人緣兒	(rén yuán r)
人云亦云	(rén yún yì yún)
人在江湖，身不由己	(rén zài jiāng hú , shēn bù yóu jǐ)
人贓俱獲	(rén zāng jù huò)
人造	(rén zào)
人造革	(rén zào gé)
人造黃油	(rén zào huáng yóu)
人造奶油	(rén zào nǎi yóu)
人造牛油	(rén zào niú yóu)
人造絲	(rén zào sī)
人造天體	(rén zào tiān tǐ)
人造衛星	(rén zào wèi xīng)
人造纖維	(rén zào xiān wéi)
人造語言	(rén zào yǔ yán)
人憎狗厭	(rén zēng gǒu yàn)
人渣	(rén zhā)
人證	(rén zhèng)
人證物證	(rén zhèng wù zhèng)
人之常情	(rén zhī cháng qíng)
人之初，性本善	(rén zhī chū , xìng běn shàn)
人之將死，其言也善	(rén zhī jiāng sǐ , qí yán yě shàn)
人治	(rén zhì)
人智學	(rén zhì xué)
人質	(rén zhì)
人中	(rén zhōng)
人中龍鳳	(rén zhōng lóng fèng)
人種	(rén zhǒng)
人資	(rén zī)
人子	(rén zǐ)
人字洞	(rén zì dòng)
人字拖	(rén zì tuō)
人字拖鞋	(rén zì tuō xié)
人字形	(rén zì xíng)
人走茶涼	(rén zǒu chá liáng)
人族	(rén zú)
壬	(rén)
仁	(rén)
仁愛	(rén ài)
仁愛區	(rén ài qū)
仁愛鄉	(rén ài xiāng)
仁波切	(rén bō qiè)
仁布縣	(rén bù xiàn)
仁川	(rén chuān)
仁川廣域市	(rén chuān guǎng yù shì)
仁川市	(rén chuān shì)
仁慈	(rén cí)
仁德	(rén dé)
仁弟	(rén dì)
仁和區	(rén hé qū)
仁和縣	(rén hé xiàn)
仁厚	(rén hòu)
仁化縣	(rén huà xiàn)
仁懷市	(rén huái shì)
仁懷縣	(rén huái xiàn)
仁惠	(rén huì)
仁民愛物	(rén mín ài wù)
仁人君子	(rén rén jūn zǐ)
仁人義士	(rén rén yì shì)
仁人志士	(rén rén zhì shì)
仁壽縣	(rén shòu xiàn)
仁術	(rén shù)
仁心仁術	(rén xīn rén shù)
仁兄	(rén xiōng)
仁言利博	(rén yán lì bó)
仁義	(rén yi)
仁義道德	(rén yì dào dé)
仁者見仁，智者見智	(rén zhě jiàn rén , zhì zhě jiàn zhì)
仁政	(rén zhèng)
仁至義盡	(rén zhì yì jìn)
忍	(rěn)
忍不住	(rěn bu zhù)
忍恥	(rěn chǐ)
忍得住	(rěn de zhù)
忍冬	(rěn dōng)
忍垢偷生	(rěn gòu tōu shēng)
忍飢挨餓	(rěn jī ái è)
忍俊	(rěn jùn)
忍俊不禁	(rěn jùn bù jīn)
忍耐	(rěn nài)
忍耐力	(rěn nài lì)
忍氣吞聲	(rěn qì tūn shēng)
忍讓	(rěn ràng)
忍辱負重	(rěn rǔ fù zhòng)
忍辱求全	(rěn rǔ qiú quán)
忍辱偷生	(rěn rǔ tōu shēng)
忍受	(rěn shòu)
忍痛	(rěn tòng)
忍痛割愛	(rěn tòng gē ài)
忍無可忍	(rěn wú kě rěn)
忍心	(rěn xīn)
忍者	(rěn zhě)
忍者龜	(rěn zhě guī)
棯	(rěn)
刃	(rèn)
刃具	(rèn jù)
任	(rèn)
任安	(rén ān)
任便	(rèn biàn)
任城區	(rèn chéng qū)
任從	(rèn cóng)
任達華	(rén dá huá)
任誕	(rèn dàn)
任何	(rèn hé)
任教	(rèn jiào)
任咎	(rèn jiù)
任課	(rèn kè)
任勞任怨	(rèn láo rèn yuàn)
任令	(rèn lìng)
任免	(rèn miǎn)
任命	(rèn mìng)
任命狀	(rèn mìng zhuàng)
任內	(rèn nèi)
任憑	(rèn píng)
任憑風浪起，穩坐釣魚臺	(rèn píng fēng làng qǐ , wěn zuò diào yú tái)
任期	(rèn qī)
任其自然	(rèn qí zì rán)
任氣	(rèn qì)
任情	(rèn qíng)
任丘市	(rén qiū shì)
任人	(rèn rén)
任人唯親	(rèn rén wéi qīn)
任人唯賢	(rèn rén wéi xián)
任人宰割	(rèn rén zǎi gē)
任事	(rèn shì)
任隨	(rèn suí)
任所	(rèn suǒ)
任天堂	(rèn tiān táng)
任聽	(rèn tīng)
任務	(rèn wu)
任務管理器	(rèn wu guǎn lǐ qì)
任務欄	(rèn wu lán)
任俠	(rèn xiá)
任賢使能	(rèn xián shǐ néng)
任性	(rèn xìng)
任選	(rèn xuǎn)
任一	(rèn yī)
任一個	(rèn yī ge)
任意	(rèn yì)
任意球	(rèn yì qiú)
任用	(rèn yòng)
任由	(rèn yóu)
任澤區	(rén zé qū)
任直	(rèn zhí)
任職	(rèn zhí)
任職期間	(rèn zhí qī jiān)
任重道遠	(rèn zhòng dào yuǎn)
妊	(rèn)
妊婦	(rèn fù)
妊娠	(rèn shēn)
妊娠試驗	(rèn shēn shì yàn)
姙	(rèn)
扔	(rēng)
扔掉	(rēng diào)
扔棄	(rēng qì)
扔下	(rēng xià)
仍	(réng)
仍舊	(réng jiù)
仍然	(réng rán)
日	(rì)
日班	(rì bān)
日薄崦嵫	(rì bó yān zī)
日報	(rì bào)
日本	(rì běn)
日本鵪鶉	(rì běn ān chún)
日本叉尾海燕	(rì běn chā wěi hǎi yàn)
日本刀	(rì běn dāo)
日本電報電話公司	(rì běn diàn bào diàn huà gōng sī)
日本豆腐	(rì běn dòu fu)
日本放送協會	(rì běn fàng sòng xié huì)
日本歌鴝	(rì běn gē qú)
日本共同社	(rì běn gòng tóng shè)
日本鬼子	(rì běn guǐ zi)
日本國誌	(rì běn guó zhì)
日本海	(rì běn hǎi)
日本航空	(rì běn háng kōng)
日本黑道	(rì běn hēi dào)
日本鶺鴒	(rì běn jí líng)
日本經濟新聞	(rì běn jīng jì xīn wén)
日本柳鶯	(rì běn liǔ yīng)
日本腦炎	(rì běn nǎo yán)
日本人	(rì běn rén)
日本書紀	(rì běn shū jì)
日本樹鶯	(rì běn shù yīng)
日本松雀鷹	(rì běn sōng què yīng)
日本天皇	(rì běn tiān huáng)
日本繡眼鳥	(rì běn xiù yǎn niǎo)
日本學	(rì běn xué)
日本銀行	(rì běn yín háng)
日本原子能研究所	(rì běn yuán zǐ néng yán jiū suǒ)
日本沼蝦	(rì běn zhǎo xiā)
日比谷公園	(rì bǐ gǔ gōng yuán)
日產	(rì chǎn)
日常	(rì cháng)
日常工作	(rì cháng gōng zuò)
日場	(rì chǎng)
日朝	(rì cháo)
日程	(rì chéng)
日程表	(rì chéng biǎo)
日出	(rì chū)
日出而作，日入而息	(rì chū ér zuò , rì rù ér xī)
日戳	(rì chuō)
日電	(rì diàn)
日電電子	(rì diàn diàn zǐ)
日耳曼	(rì ěr màn)
日耳曼語	(rì ěr màn yǔ)
日方	(rì fāng)
日復一日	(rì fù yī rì)
日怪	(rì guài)
日光	(rì guāng)
日光燈	(rì guāng dēng)
日光節約時	(rì guāng jié yuē shí)
日光浴	(rì guāng yù)
日光浴室	(rì guāng yù shì)
日光浴浴床	(rì guāng yù yù chuáng)
日規	(rì guī)
日晷	(rì guǐ)
日韓	(rì hán)
日航	(rì háng)
日後	(rì hòu)
日化	(rì huà)
日環食	(rì huán shí)
日活用戶	(rì huó yòng hù)
日貨	(rì huò)
日積月累	(rì jī yuè lěi)
日記	(rì jì)
日記本	(rì jì běn)
日間	(rì jiān)
日漸	(rì jiàn)
日較差	(rì jiào chā)
日進斗金	(rì jìn dǒu jīn)
日經	(rì jīng)
日久	(rì jiǔ)
日久生情	(rì jiǔ shēng qíng)
日久歲深	(rì jiǔ suì shēn)
日據	(rì jù)
日據時代	(rì jù shí dài)
日軍	(rì jūn)
日喀則市	(rì kā zé shì)
日刊	(rì kān)
日來	(rì lái)
日裡	(rì lǐ)
日立	(rì lì)
日曆	(rì lì)
日料	(rì liào)
日流	(rì liú)
日落	(rì luò)
日落西山	(rì luò xī shān)
日沒	(rì mò)
日媒	(rì méi)
日美	(rì měi)
日冕	(rì miǎn)
日冕層	(rì miǎn céng)
日暮	(rì mù)
日暮途窮	(rì mù tú qióng)
日南郡	(rì nán jùn)
日內	(rì nèi)
日內瓦	(rì nèi wǎ)
日拋	(rì pāo)
日偏食	(rì piān shí)
日期	(rì qī)
日前	(rì qián)
日趨	(rì qū)
日趨嚴重	(rì qū yán zhòng)
日全食	(rì quán shí)
日惹	(rì rě)
日惹特區	(rì rě tè qū)
日人	(rì rén)
日人民報	(rì rén mín bào)
日日	(rì rì)
日曬傷	(rì shài shāng)
日曬雨淋	(rì shài yǔ lín)
日神	(rì shén)
日盛	(rì shèng)
日食	(rì shí)
日蝕	(rì shí)
日式	(rì shì)
日式燒肉	(rì shì shāo ròu)
日頭	(rì tóu)
日土縣	(rì tǔ xiàn)
日文	(rì wén)
日無暇晷	(rì wú xiá guǐ)
日系	(rì xì)
日心說	(rì xīn shuō)
日新	(rì xīn)
日新月異	(rì xīn yuè yì)
日薪	(rì xīn)
日行一善	(rì xíng yī shàn)
日曜日	(rì yào rì)
日夜	(rì yè)
日夜兼程	(rì yè jiān chéng)
日益	(rì yì)
日益增加	(rì yì zēng jiā)
日裔	(rì yì)
日英聯軍	(rì yīng lián jūn)
日用	(rì yòng)
日用品	(rì yòng pǐn)
日語	(rì yǔ)
日元	(rì yuán)
日圓	(rì yuán)
日月	(rì yuè)
日月蹉跎	(rì yuè cuō tuó)
日月如梭	(rì yuè rú suō)
日月食	(rì yuè shí)
日月潭	(rì yuè tán)
日月五星	(rì yuè wǔ xīng)
日月暈	(rì yuè yùn)
日月重光	(rì yuè chóng guāng)
日增	(rì zēng)
日照	(rì zhào)
日照市	(rì zhào shì)
日臻	(rì zhēn)
日知錄	(rì zhī lù)
日至	(rì zhì)
日治時期	(rì zhì shí qī)
日誌	(rì zhì)
日中	(rì zhōng)
日子	(rì zi)
日租	(rì zū)
戎	(róng)
戎車	(róng chē)
戎機	(róng jī)
戎甲	(róng jiǎ)
戎羯	(róng jié)
戎馬	(róng mǎ)
戎馬生涯	(róng mǎ shēng yá)
戎事	(róng shì)
戎事倥傯	(róng shì kǒng zǒng)
戎行	(róng háng)
戎衣	(róng yī)
戎裝	(róng zhuāng)
容	(róng)
容不得	(róng bu dé)
容城縣	(róng chéng xiàn)
容錯	(róng cuò)
容光煥發	(róng guāng huàn fā)
容許	(róng xǔ)
容華絕代	(róng huá jué dài)
容或	(róng huò)
容積	(róng jī)
容積效率	(róng jī xiào lǜ)
容克	(róng kè)
容量	(róng liàng)
容量分析	(róng liàng fēn xī)
容貌	(róng mào)
容納	(róng nà)
容器	(róng qì)
容讓	(róng ràng)
容忍	(róng rěn)
容身	(róng shēn)
容受	(róng shòu)
容恕	(róng shù)
容下	(róng xià)
容縣	(róng xiàn)
容顏	(róng yán)
容顏失色	(róng yán shī sè)
容易	(róng yì)
容止	(róng zhǐ)
容祖兒	(róng zǔ ér)
榕	(róng)
榕城區	(róng chéng qū)
榕江縣	(róng jiāng xiàn)
榕樹	(róng shù)
榮	(róng)
榮昌區	(róng chāng qū)
榮成市	(róng chéng shì)
榮成灣	(róng chéng wān)
榮登	(róng dēng)
榮格	(róng gé)
榮光	(róng guāng)
榮光頌	(róng guāng sòng)
榮歸	(róng guī)
榮歸故里	(róng guī gù lǐ)
榮歸主	(róng guī zhǔ)
榮華	(róng huá)
榮華富貴	(róng huá fù guì)
榮獲	(róng huò)
榮景	(róng jǐng)
榮軍	(róng jūn)
榮枯	(róng kū)
榮祿大夫	(róng lù dà fū)
榮美	(róng měi)
榮民	(róng mín)
榮任	(róng rèn)
榮辱	(róng rǔ)
榮辱觀	(róng rǔ guān)
榮辱與共	(róng rǔ yǔ gòng)
榮市	(róng shì)
榮威	(róng wēi)
榮縣	(róng xiàn)
榮幸	(róng xìng)
榮耀	(róng yào)
榮譽	(róng yù)
榮譽博士	(róng yù bó shì)
榮譽國民	(róng yù guó mín)
榮譽教授	(róng yù jiào shòu)
榮譽軍人	(róng yù jūn rén)
榮譽學位	(róng yù xué wèi)
榮總	(róng zǒng)
嶸	(róng)
冗	(rǒng)
冗筆	(rǒng bǐ)
冗兵	(rǒng bīng)
冗長	(rǒng cháng)
冗長辯論	(rǒng cháng biàn lùn)
冗長度	(rǒng cháng dù)
冗詞	(rǒng cí)
冗辭	(rǒng cí)
冗繁	(rǒng fán)
冗費	(rǒng fèi)
冗官	(rǒng guān)
冗冗	(rǒng rǒng)
冗散	(rǒng sǎn)
冗食	(rǒng shí)
冗數	(rǒng shù)
冗位	(rǒng wèi)
冗務	(rǒng wù)
冗言	(rǒng yán)
冗餘	(rǒng yú)
冗語	(rǒng yǔ)
冗員	(rǒng yuán)
冗雜	(rǒng zá)
冗職	(rǒng zhí)
冗贅	(rǒng zhuì)
冗贅詞	(rǒng zhuì cí)
宂	(rǒng)
坈	(kēng)
柔	(róu)
柔腸寸斷	(róu cháng cùn duàn)
柔道	(róu dào)
柔膚水	(róu fū shuǐ)
柔佛	(róu fó)
柔佛海峽	(róu fó hǎi xiá)
柔佛州	(róu fó zhōu)
柔和	(róu hé)
柔滑	(róu huá)
柔曼	(róu màn)
柔美	(róu měi)
柔媚	(róu mèi)
柔嫩	(róu nèn)
柔能克剛	(róu néng kè gāng)
柔情	(róu qíng)
柔情脈脈	(róu qíng mò mò)
柔情似水	(róu qíng sì shuǐ)
柔情俠骨	(róu qíng xiá gǔ)
柔韌	(róu rèn)
柔軟	(róu ruǎn)
柔軟劑	(róu ruǎn jì)
柔軟精	(róu ruǎn jīng)
柔弱	(róu ruò)
柔身術	(róu shēn shù)
柔術	(róu shù)
柔順	(róu shùn)
柔順劑	(róu shùn jì)
柔荑花序	(róu tí huā xù)
柔性	(róu xìng)
揉	(róu)
揉搓	(róu cuo)
揉合	(róu hé)
揉和	(róu hé)
揉磨	(róu mo)
揉碎	(róu suì)
揉制	(róu zhì)
宍	(ròu)
如	(rú)
如臂使指	(rú bì shǐ zhǐ)
如草	(rú cǎo)
如廁	(rú cè)
如常	(rú cháng)
如癡如醉	(rú chī rú zuì)
如出一轍	(rú chū yī zhé)
如初	(rú chū)
如此	(rú cǐ)
如此這般	(rú cǐ zhè bān)
如東縣	(rú dōng xiàn)
如墮五里霧中	(rú duò wǔ lǐ wù zhōng)
如墮煙霧	(rú duò yān wù)
如法炮製	(rú fǎ páo zhì)
如夫人	(rú fū ren)
如皋市	(rú gāo shì)
如鯁在喉	(rú gěng zài hóu)
如故	(rú gù)
如果	(rú guǒ)
如果說	(rú guǒ shuō)
如何	(rú hé)
如虎添翼	(rú hǔ tiān yì)
如許	(rú xǔ)
如花	(rú huā)
如花似玉	(rú huā sì yù)
如畫	(rú huà)
如簧之舌	(rú huáng zhī shé)
如火	(rú huǒ)
如火如荼	(rú huǒ rú tú)
如獲至寶	(rú huò zhì bǎo)
如飢似渴	(rú jī sì kě)
如假包換	(rú jiǎ bāo huàn)
如膠似漆	(rú jiāo sì qī)
如今	(rú jīn)
如金似玉	(rú jīn sì yù)
如來	(rú lái)
如來佛	(rú lái fó)
如來佛的掌心	(rú lái fó de zhǎng xīn)
如狼似虎	(rú láng sì hǔ)
如雷貫耳	(rú léi guàn ěr)
如臨大敵	(rú lín dà dí)
如臨深淵	(rú lín shēn yuān)
如履薄冰	(rú lǚ bó bīng)
如鳥獸散	(rú niǎo shòu sàn)
如期	(rú qī)
如其所好	(rú qí suǒ hào)
如泣如訴	(rú qì rú sù)
如蛆附骨	(rú qū fù gǔ)
如人飲水，冷暖自知	(rú rén yǐn shuǐ , lěng nuǎn zì zhī)
如日中天	(rú rì zhōng tiān)
如喪考妣	(rú sàng kǎo bǐ)
如詩如畫	(rú shī rú huà)
如實	(rú shí)
如是	(rú shì)
如是我聞	(rú shì wǒ wén)
如釋重負	(rú shì zhòng fù)
如數	(rú shù)
如數家珍	(rú shǔ jiā zhēn)
如斯	(rú sī)
如題	(rú tí)
如同	(rú tóng)
如下	(rú xià)
如一	(rú yī)
如蟻附膻	(rú yǐ fù shān)
如意	(rú yì)
如意郎君	(rú yì láng jūn)
如意算盤	(rú yì suàn pán)
如意套	(rú yì tào)
如蠅逐臭	(rú yíng zhú chòu)
如影隨形	(rú yǐng suí xíng)
如有所失	(rú yǒu suǒ shī)
如魚得水	(rú yú dé shuǐ)
如願	(rú yuàn)
如願以償	(rú yuàn yǐ cháng)
如約而至	(rú yuē ér zhì)
如雲	(rú yún)
如坐針氈	(rú zuò zhēn zhān)
挐	(ná)
儒	(rú)
儒艮	(rú gèn)
儒家	(rú jiā)
儒教	(rú jiào)
儒勒·凡爾納	(rú lè · fán ěr nà)
儒林外史	(rú lín wài shǐ)
儒略日	(rú lüè rì)
儒生	(rú shēng)
儒士	(rú shì)
儒學	(rú xué)
儒雅	(rú yǎ)
儒者	(rú zhě)
嚅	(rú)
孺	(rú)
孺人	(rú rén)
孺子	(rú zǐ)
孺子可教	(rú zǐ kě jiào)
嬬	(xū)
曘	(rú)
乳	(rǔ)
乳癌	(rǔ ái)
乳白	(rǔ bái)
乳白色	(rǔ bái sè)
乳白天空	(rǔ bái tiān kōng)
乳缽	(rǔ bō)
乳哺	(rǔ bǔ)
乳部	(rǔ bù)
乳草	(rǔ cǎo)
乳齒	(rǔ chǐ)
乳臭未乾	(rǔ xiù wèi gān)
乳兒	(rǔ ér)
乳房	(rǔ fáng)
乳房攝影	(rǔ fáng shè yǐng)
乳腐	(rǔ fǔ)
乳桿菌	(rǔ gǎn jūn)
乳溝	(rǔ gōu)
乳光	(rǔ guāng)
乳果糖	(rǔ guǒ táng)
乳滑	(rǔ huá)
乳化	(rǔ huà)
乳化劑	(rǔ huà jì)
乳黃色	(rǔ huáng sè)
乳劑	(rǔ jì)
乳痂	(rǔ jiā)
乳漿	(rǔ jiāng)
乳交	(rǔ jiāo)
乳膠	(rǔ jiāo)
乳膠漆	(rǔ jiāo qī)
乳酪	(rǔ lào)
乳酪餅	(rǔ lào bǐng)
乳酪蛋糕	(rǔ lào dàn gāo)
乳糜瀉	(rǔ mí xiè)
乳名	(rǔ míng)
乳母	(rǔ mǔ)
乳牛	(rǔ niú)
乳品	(rǔ pǐn)
乳清	(rǔ qīng)
乳山市	(rǔ shān shì)
乳酸	(rǔ suān)
乳酸菌	(rǔ suān jūn)
乳糖	(rǔ táng)
乳糖不耐症	(rǔ táng bù nài zhèng)
乳貼	(rǔ tiē)
乳頭	(rǔ tóu)
乳頭瘤	(rǔ tóu liú)
乳突	(rǔ tū)
乳突竇	(rǔ tū dòu)
乳腺	(rǔ xiàn)
乳腺癌	(rǔ xiàn ái)
乳腺炎	(rǔ xiàn yán)
乳香	(rǔ xiāng)
乳牙	(rǔ yá)
乳燕	(rǔ yàn)
乳液	(rǔ yè)
乳業	(rǔ yè)
乳源瑤族自治縣	(rǔ yuán yáo zú zì zhì xiàn)
乳暈	(rǔ yùn)
乳罩	(rǔ zhào)
乳汁	(rǔ zhī)
乳脂	(rǔ zhī)
乳製品	(rǔ zhì pǐn)
乳豬	(rǔ zhū)
擩	(rǔ)
入	(rù)
入稟	(rù bǐng)
入不敷出	(rù bù fū chū)
入場	(rù chǎng)
入場費	(rù chǎng fèi)
入場券	(rù chǎng quàn)
入場式	(rù chǎng shì)
入超	(rù chāo)
入春	(rù chūn)
入黨	(rù dǎng)
入道	(rù dào)
入定	(rù dìng)
入冬	(rù dōng)
入風口	(rù fēng kǒu)
入伏	(rù fú)
入股	(rù gǔ)
入關	(rù guān)
入軌	(rù guǐ)
入海口	(rù hǎi kǒu)
入戶	(rù hù)
入會	(rù huì)
入伙	(rù huǒ)
入籍	(rù jí)
入教	(rù jiào)
入境	(rù jìng)
入境簽證	(rù jìng qiān zhèng)
入境隨俗	(rù jìng suí sú)
入境問俗	(rù jìng wèn sú)
入局	(rù jú)
入口	(rù kǒu)
入口就化	(rù kǒu jiù huà)
入口網	(rù kǒu wǎng)
入口頁	(rù kǒu yè)
入聯	(rù lián)
入殮	(rù liàn)
入門	(rù mén)
入門課程	(rù mén kè chéng)
入盟	(rù méng)
入迷	(rù mí)
入眠	(rù mián)
入木三分	(rù mù sān fēn)
入涅	(rù niè)
入侵	(rù qīn)
入侵物種	(rù qīn wù zhǒng)
入侵者	(rù qīn zhě)
入情入理	(rù qíng rù lǐ)
入球	(rù qiú)
入肉	(rù ròu)
入神	(rù shén)
入聲	(rù shēng)
入聖	(rù shèng)
入時	(rù shí)
入世	(rù shì)
入仕	(rù shì)
入手	(rù shǒu)
入睡	(rù shuì)
入土	(rù tǔ)
入土為安	(rù tǔ wéi ān)
入團	(rù tuán)
入托	(rù tuō)
入微	(rù wēi)
入圍	(rù wéi)
入圍者	(rù wéi zhě)
入味	(rù wèi)
入伍	(rù wǔ)
入伍生	(rù wǔ shēng)
入息	(rù xī)
入席	(rù xí)
入戲	(rù xì)
入夏	(rù xià)
入鄉隨俗	(rù xiāng suí sú)
入行	(rù háng)
入選	(rù xuǎn)
入學	(rù xué)
入學率	(rù xué lǜ)
入眼	(rù yǎn)
入藥	(rù yào)
入夜	(rù yè)
入獄	(rù yù)
入園	(rù yuán)
入院	(rù yuàn)
入月	(rù yuè)
入職	(rù zhí)
入主	(rù zhǔ)
入住	(rù zhù)
入贅	(rù zhuì)
入罪	(rù zuì)
入罪化	(rù zuì huà)
入樽	(rù zūn)
入座	(rù zuò)
嗕	(rù)
堧	(ruán)
撋	(ruán)
壖	(ruán)
朊	(ruǎn)
朊病毒	(ruǎn bìng dú)
朊毒體	(ruǎn dú tǐ)
橤	(ruǐ)
枘	(ruì)
枘鑿	(ruì záo)
叡	(ruì)
壡	(ruì)
叒	(ruò)
偌	(ruò)
偌大	(ruò dà)
弱	(ruò)
弱爆	(ruò bào)
弱不禁風	(ruò bù jīn fēng)
弱側	(ruò cè)
弱點	(ruò diǎn)
弱電統一	(ruò diàn tǒng yī)
弱化	(ruò huà)
弱鹼	(ruò jiǎn)
弱旅	(ruò lǚ)
弱脈	(ruò mài)
弱肉強食	(ruò ròu qiáng shí)
弱視	(ruò shì)
弱勢	(ruò shì)
弱勢群體	(ruò shì qún tǐ)
弱酸	(ruò suān)
弱聽	(ruò tīng)
弱相互作用	(ruò xiāng hù zuò yòng)
弱項	(ruò xiàng)
弱小	(ruò xiǎo)
弱音踏板	(ruò yīn tà bǎn)
弱智	(ruò zhì)
弱作用	(ruò zuò yòng)
弱作用力	(ruò zuò yòng lì)
婼	(chuò)
仨	(sā)
挲	(sā)
撒	(sā)
撒播	(sǎ bō)
撒村	(sā cūn)
撒旦	(sā dàn)
撒但	(sā dàn)
撒丁島	(sā dīng dǎo)
撒都該人	(sā dū gāi rén)
撒督	(sā dū)
撒爾孟	(sā ěr mèng)
撒狗糧	(sǎ gǒu liáng)
撒哈拉	(sā hā lā)
撒哈拉人	(sā hā lā rén)
撒哈拉沙漠	(sā hā lā shā mò)
撒哈拉威	(sā hā lā wēi)
撒哈拉以南	(sā hā lā yǐ nán)
撒哈拉以南非洲	(sā hā lā yǐ nán fēi zhōu)
撒歡	(sā huān)
撒歡兒	(sā huān r)
撒謊	(sā huǎng)
撒迦利亞	(sā jiā lì yà)
撒迦利亞書	(sā jiā lì yà shū)
撒嬌	(sā jiāo)
撒嬌賣乖	(sā jiāo mài guāi)
撒腳	(sā jiǎo)
撒酒瘋	(sā jiǔ fēng)
撒科打諢	(sā kē dǎ hùn)
撒克遜	(sā kè xùn)
撒克遜人	(sā kè xùn rén)
撒拉	(sā lā)
撒拉鐵	(sā lā tiě)
撒拉語	(sā lā yǔ)
撒拉族	(sā lā zú)
撒賴	(sā lài)
撒羅滿	(sā luó mǎn)
撒馬爾干	(sā mǎ ěr gān)
撒馬爾罕	(sā mǎ ěr hǎn)
撒馬利亞	(sā mǎ lì yà)
撒門	(sā mén)
撒母耳記上	(sā mǔ ěr jì shàng)
撒母耳記下	(sā mǔ ěr jì xià)
撒尿	(sā niào)
撒潑	(sā pō)
撒氣	(sā qì)
撒切爾	(sā qiē ěr)
撒切爾夫人	(sā qiē ěr fū ren)
撒然	(sā rán)
撒手	(sā shǒu)
撒手閉眼	(sā shǒu bì yǎn)
撒手不管	(sā shǒu bù guǎn)
撒手鐧	(sā shǒu jiǎn)
撒手人寰	(sā shǒu rén huán)
撒腿	(sā tuǐ)
撒網	(sā wǎng)
撒西米	(sā xī mǐ)
撒丫子	(sā yā zi)
撒鴨子	(sā yā zi)
撒野	(sā yě)
撒囈掙	(sā yì zheng)
撒種	(sǎ zhǒng)
卅	(sà)
䬃	(sà)
揌	(sāi)
塞	(sāi)
塞巴斯蒂安	(sài bā sī dì ān)
塞北	(sài běi)
塞擦音	(sè cā yīn)
塞車	(sāi chē)
塞尺	(sāi chǐ)
塞耳	(sāi ěr)
塞爾達	(sài ěr dá)
塞爾特	(sài ěr tè)
塞爾特語	(sài ěr tè yǔ)
塞爾維亞	(sài ěr wéi yà)
塞爾維亞和黑山	(sài ěr wéi yà hé hēi shān)
塞爾維亞克羅地亞語	(sài ěr wéi yà kè luó dì yà yǔ)
塞爾維亞語	(sài ěr wéi yà yǔ)
塞哥維亞	(sài gē wéi yà)
塞給	(sāi gěi)
塞拉利昂	(sài lā lì áng)
塞拉耶佛	(sài lā yē fó)
塞勒姆	(sài lè mǔ)
塞滿	(sāi mǎn)
塞繆爾	(sài miù ěr)
塞繆爾·約翰遜	(sài miù ěr yuē hàn xùn)
塞納河	(sài nà hé)
塞內加爾	(sài nèi jiā ěr)
塞浦路斯	(sài pǔ lù sī)
塞舌爾	(sài shé ěr)
塞舌爾群島	(sài shé ěr qún dǎo)
塞斯納	(sài sī nà)
塞特犬	(sài tè quǎn)
塞瓦斯托波爾	(sài wǎ sī tuō bō ěr)
塞外	(sài wài)
塞萬提斯	(sài wàn tí sī)
塞韋里諾	(sài wéi lǐ nuò)
塞維利亞	(sài wéi lì yà)
塞翁失馬	(sài wēng shī mǎ)
塞翁失馬安知非福	(sài wēng shī mǎ ān zhī fēi fú)
塞翁失馬焉知非福	(sài wēng shī mǎ yān zhī fēi fú)
塞席爾	(sài xí ěr)
塞牙	(sāi yá)
塞音	(sè yīn)
塞語	(sài yǔ)
塞淵	(sāi yuān)
塞責	(sè zé)
塞子	(sāi zi)
塞族	(sài zú)
嘥	(sāi)
噻	(sāi)
噻吩	(sāi fēn)
噻嗪	(sāi qín)
噻唑	(sāi zuò)
僿	(sài)
三	(sān)
三K黨	(sān k dǎng)
三P	(sān p)
三拗湯	(sān ào tāng)
三八	(sān bā)
三八節	(sān bā jié)
三百六十行	(sān bǎi liù shí háng)
三班倒	(sān bān dǎo)
三斑	(sān bān)
三板	(sān bǎn)
三包	(sān bāo)
三胞胎	(sān bāo tāi)
三寶	(sān bǎo)
三寶鳥	(sān bǎo niǎo)
三寶太監	(sān bǎo tài jiàn)
三北	(sān běi)
三倍	(sān bèi)
三邊形	(sān biān xíng)
三不	(sān bù)
三不管	(sān bù guǎn)
三不五時	(sān bù wǔ shí)
三不朽	(sān bù xiǔ)
三不沾	(sān bù zhān)
三不知	(sān bù zhī)
三部曲	(sān bù qǔ)
三藏	(sān zàng)
三藏法師	(sān zàng fǎ shī)
三曹	(sān cáo)
三叉戟	(sān chā jǐ)
三叉神經	(sān chā shén jīng)
三茶六飯	(sān chá liù fàn)
三岔口	(sān chà kǒu)
三長兩短	(sān cháng liǎng duǎn)
三仇	(sān chóu)
三春	(sān chūn)
三次	(sān cì)
三次方	(sān cì fāng)
三次方程	(sān cì fāng chéng)
三次曲線	(sān cì qū xiàn)
三次元	(sān cì yuán)
三從四德	(sān cóng sì dé)
三催四請	(sān cuī sì qǐng)
三寸不爛之舌	(sān cùn bù làn zhī shé)
三寸金蓮	(sān cùn jīn lián)
三代	(sān dài)
三代同堂	(sān dài tóng táng)
三島由紀夫	(sān dǎo yóu jì fū)
三道眉草鵐	(sān dào méi cǎo wú)
三得利	(sān dé lì)
三地門	(sān dì mén)
三地門鄉	(sān dì mén xiāng)
三等分	(sān děng fēn)
三等分角	(sān děng fēn jiǎo)
三點全露	(sān diǎn quán lòu)
三點水	(sān diǎn shuǐ)
三貂角	(sān diāo jiǎo)
三迭紀	(sān dié jì)
三疊紀	(sān dié jì)
三都水族自治縣	(sān dū shuǐ zú zì zhì xiàn)
三度	(sān dù)
三段論	(sān duàn lùn)
三對三鬥牛	(sān duì sān dòu niú)
三廢	(sān fèi)
三法司	(sān fǎ sī)
三番兩次	(sān fān liǎng cì)
三番五次	(sān fān wǔ cì)
三藩市	(sān fān shì)
三分	(sān fēn)
三分球	(sān fēn qiú)
三分熟	(sān fēn shú)
三分頭	(sān fēn tóu)
三分之一	(sān fēn zhī yī)
三分鐘熱度	(sān fēn zhōng rè dù)
三伏	(sān fú)
三氟化硼	(sān fú huà péng)
三綱五常	(sān gāng wǔ cháng)
三個臭皮匠，頂個諸葛亮	(sān gè chòu pí jiang , dǐng gè zhū gě liàng)
三個臭皮匠，合成一個諸葛亮	(sān gè chòu pí jiang , hé chéng yī gè zhū gě liàng)
三個臭皮匠，賽過一個諸葛亮	(sān gè chòu pí jiang , sài guò yī gè zhū gě liàng)
三個臭皮匠，賽過諸葛亮	(sān gè chòu pí jiang , sài guò zhū gě liàng)
三個臭皮匠，勝過一個諸葛亮	(sān gè chòu pí jiang , shèng guò yī gè zhū gě liàng)
三個和尚沒水喝	(sān gè hé shang méi shuǐ hē)
三個女人一個墟	(sān gè nǚ rén yī gè xū)
三個女人一臺戲	(sān ge nǚ rén yī tái xì)
三個世界	(sān ge shì jiè)
三更	(sān gēng)
三更半夜	(sān gēng bàn yè)
三公經費	(sān gōng jīng fèi)
三姑六婆	(sān gū liù pó)
三顧茅廬	(sān gù máo lú)
三官大帝	(sān guān dà dì)
三觀	(sān guān)
三光	(sān guāng)
三光政策	(sān guāng zhèng cè)
三歸依	(sān guī yī)
三跪九叩	(sān guì jiǔ kòu)
三國	(sān guó)
三號電池	(sān hào diàn chí)
三號木桿	(sān hào mù gān)
三合會	(sān hé huì)
三合土	(sān hé tǔ)
三合星	(sān hé xīng)
三合一	(sān hé yī)
三合院	(sān hé yuàn)
三和弦	(sān hé xián)
三河市	(sān hé shì)
三皇	(sān huáng)
三皇炮捶	(sān huáng pào chuí)
三皇五帝	(sān huáng wǔ dì)
三魂	(sān hún)
三魂七魄	(sān hún qī pò)
三級	(sān jí)
三級片	(sān jí piàn)
三級士官	(sān jí shì guān)
三級跳	(sān jí tiào)
三級跳遠	(sān jí tiào yuǎn)
三極管	(sān jí guǎn)
三家村	(sān jiā cūn)
三甲	(sān jiǎ)
三價	(sān jià)
三駕馬車	(sān jià mǎ chē)
三尖瓣	(sān jiān bàn)
三尖杉酯鹼	(sān jiān shān zhǐ jiǎn)
三緘其口	(sān jiān qí kǒu)
三件套式西裝	(sān jiàn tào shì xī zhuāng)
三鍵	(sān jiàn)
三江侗族自治縣	(sān jiāng dòng zú zì zhì xiàn)
三江平原	(sān jiāng píng yuán)
三江生態旅遊區	(sān jiāng shēng tài lǚ yóu qū)
三江源	(sān jiāng yuán)
三焦	(sān jiāo)
三膲	(sān jiāo)
三角	(sān jiǎo)
三角板	(sān jiǎo bǎn)
三角測量法	(sān jiǎo cè liáng fǎ)
三角帶	(sān jiǎo dài)
三角凳	(sān jiǎo dèng)
三角法	(sān jiǎo fǎ)
三角腹帶	(sān jiǎo fù dài)
三角關係	(sān jiǎo guān xì)
三角函數	(sān jiǎo hán shù)
三角肌	(sān jiǎo jī)
三角巾	(sān jiǎo jīn)
三角恐龍	(sān jiǎo kǒng lóng)
三角褲	(sān jiǎo kù)
三角褲衩	(sān jiǎo kù chǎ)
三角戀愛	(sān jiǎo liàn ài)
三角龍	(sān jiǎo lóng)
三角旗	(sān jiǎo qí)
三角鐵	(sān jiǎo tiě)
三角形	(sān jiǎo xíng)
三角學	(sān jiǎo xué)
三角債	(sān jiǎo zhài)
三角洲	(sān jiǎo zhōu)
三角柱體	(sān jiǎo zhù tǐ)
三角錐	(sān jiǎo zhuī)
三角座	(sān jiǎo zuò)
三腳架	(sān jiǎo jià)
三腳兩步	(sān jiǎo liǎng bù)
三腳貓	(sān jiǎo māo)
三教	(sān jiào)
三教九流	(sān jiào jiǔ liú)
三節鞭	(sān jié biān)
三井	(sān jǐng)
三九天	(sān jiǔ tiān)
三句話不離本行	(sān jù huà bù lí běn háng)
三聚體	(sān jù tǐ)
三軍	(sān jūn)
三軍用命	(sān jūn yòng mìng)
三克油	(sān kè yóu)
三框欄	(sān kuàng lán)
三稜草	(sān léng cǎo)
三稜鏡	(sān léng jìng)
三里河	(sān lǐ hé)
三里屯	(sān lǐ tún)
三連勝	(sān lián shèng)
三聯管	(sān lián guǎn)
三聯式發票	(sān lián shì fā piào)
三兩	(sān liǎng)
三磷酸腺苷	(sān lín suān xiàn gān)
三菱	(sān líng)
三令五申	(sān lìng wǔ shēn)
三流	(sān liú)
三鹿	(sān lù)
三輪車	(sān lún chē)
三輪車夫	(sān lún chē fū)
三論宗	(sān lùn zōng)
三氯化磷	(sān lǜ huà lín)
三氯甲烷	(sān lǜ jiǎ wán)
三氯氧磷	(sān lǜ yǎng lín)
三氯蔗糖	(sān lǜ zhè táng)
三麻	(sān má)
三馬同槽	(sān mǎ tóng cáo)
三毛貓	(sān máo māo)
三昧	(sān mèi)
三門峽市	(sān mén xiá shì)
三門縣	(sān mén xiàn)
三秒膠	(sān miǎo jiāo)
三民區	(sān mín qū)
三民主義	(sān mín zhǔ yì)
三明市	(sān míng shì)
三明治	(sān míng zhì)
三炮	(sān pào)
三胚層動物	(sān pēi céng dòng wù)
三陪小姐	(sān péi xiǎo jie)
三朋四友	(sān péng sì yǒu)
三浦	(sān pǔ)
三浦梅園	(sān pǔ méi yuán)
三七	(sān qī)
三七二十一	(sān qī èr shí yī)
三七開	(sān qī kāi)
三七開定論	(sān qī kāi dìng lùn)
三七仔	(sān qī zǐ)
三妻四妾	(sān qī sì qiè)
三千大千世界	(sān qiān dà qiān shì jiè)
三親六故	(sān qīn liù gù)
三權鼎立	(sān quán dǐng lì)
三權分立	(sān quán fēn lì)
三人成虎	(sān rén chéng hǔ)
三人行	(sān rén xíng)
三人行，必有我師	(sān rén xíng , bì yǒu wǒ shī)
三人行，則必有我師	(sān rén xíng , zé bì yǒu wǒ shī)
三三兩兩	(sān sān liǎng liǎng)
三色堇	(sān sè jǐn)
三色貓	(sān sè māo)
三色紫羅蘭	(sān sè zǐ luó lán)
三沙市	(sān shā shì)
三生有幸	(sān shēng yǒu xìng)
三牲	(sān shēng)
三十	(sān shí)
三十八度線	(sān shí bā dù xiàn)
三十而立	(sān shí ér lì)
三十二相	(sān shí èr xiàng)
三十六計	(sān shí liù jì)
三十六計，走為上策	(sān shí liù jì , zǒu wéi shàng cè)
三十六字母	(sān shí liù zì mǔ)
三十年河東，三十年河西	(sān shí nián hé dōng , sān shí nián hé xī)
三世	(sān shì)
三手病	(sān shǒu bìng)
三水區	(sān shuǐ qū)
三思而後行	(sān sī ér hòu xíng)
三思而行	(sān sī ér xíng)
三蘇	(sān sū)
三酸甘油酯	(sān suān gān yóu zhǐ)
三穗縣	(sān suì xiàn)
三索錦蛇	(sān suǒ jǐn shé)
三台縣	(sān tái xiàn)
三體	(sān tǐ)
三體問題	(sān tǐ wèn tí)
三屜桌	(sān tì zhuō)
三天不打，上房揭瓦	(sān tiān bù dǎ , shàng fáng jiē wǎ)
三天打魚，兩天曬網	(sān tiān dǎ yú , liǎng tiān shài wǎng)
三天兩頭	(sān tiān liǎng tóu)
三田	(sān tián)
三條	(sān tiáo)
三鐵	(sān tiě)
三通	(sān tōng)
三頭肌	(sān tóu jī)
三頭六臂	(sān tóu liù bì)
三退	(sān tuì)
三瓦兩舍	(sān wǎ liǎng shè)
三灣	(sān wān)
三灣鄉	(sān wān xiāng)
三圍	(sān wéi)
三維	(sān wéi)
三維空間	(sān wéi kōng jiān)
三位博士	(sān wèi bó shì)
三位一體	(sān wèi yī tǐ)
三味線	(sān wèi xiàn)
三溫暖	(sān wēn nuǎn)
三文魚	(sān wén yú)
三文治	(sān wén zhì)
三無	(sān wú)
三無產品	(sān wú chǎn pǐn)
三無企業	(sān wú qǐ yè)
三無人員	(sān wú rén yuán)
三五	(sān wǔ)
三五成群	(sān wǔ chéng qún)
三俠五義	(sān xiá wǔ yì)
三峽	(sān xiá)
三峽大壩	(sān xiá dà bà)
三峽水庫	(sān xiá shuǐ kù)
三峽鎮	(sān xiá zhèn)
三下兩下	(sān xià liǎng xià)
三下五除二	(sān xià wǔ chú èr)
三鮮	(sān xiān)
三相點	(sān xiàng diǎn)
三廂	(sān xiāng)
三項	(sān xiàng)
三項全能	(sān xiàng quán néng)
三項式	(sān xiàng shì)
三硝基甲苯	(sān xiāo jī jiǎ běn)
三小	(sān xiǎo)
三心二意	(sān xīn èr yì)
三星	(sān xīng)
三星集團	(sān xīng jí tuán)
三星鄉	(sān xīng xiāng)
三旬九食	(sān xún jiǔ shí)
三亞市	(sān yà shì)
三言兩句	(sān yán liǎng jù)
三言兩語	(sān yán liǎng yǔ)
三洋	(sān yáng)
三葉草	(sān yè cǎo)
三葉蟲	(sān yè chóng)
三夷教	(sān yí jiào)
三義	(sān yì)
三義鄉	(sān yì xiāng)
三音	(sān yīn)
三音度	(sān yīn dù)
三用電表	(sān yòng diàn biǎo)
三元	(sān yuán)
三元區	(sān yuán qū)
三元音	(sān yuán yīn)
三原縣	(sān yuán xiàn)
三月	(sān yuè)
三月份	(sān yuè fèn)
三月街	(sān yuè jiē)
三折肱	(sān zhé gōng)
三折肱為良醫	(sān zhé gōng wéi liáng yī)
三貞九烈	(sān zhēn jiǔ liè)
三振	(sān zhèn)
三芝	(sān zhī)
三芝鄉	(sān zhī xiāng)
三隻手	(sān zhī shǒu)
三趾濱鷸	(sān zhǐ bīn yù)
三趾翠鳥	(sān zhǐ cuì niǎo)
三趾鷗	(sān zhǐ ōu)
三趾鴉雀	(sān zhǐ yā què)
三趾啄木鳥	(sān zhǐ zhuó mù niǎo)
三中全會	(sān zhōng quán huì)
三重	(sān chóng)
三重奏	(sān chóng zòu)
三柱門	(sān zhù mén)
三資企業	(sān zī qǐ yè)
三自	(sān zì)
三字經	(sān zì jīng)
三足鼎立	(sān zú dǐng lì)
三足金烏	(sān zú jīn wū)
三足烏	(sān zú wū)
三族	(sān zú)
彡	(shān)
弎	(sān)
叁	(sān)
㪚	(sàn)
傘	(sǎn)
傘兵	(sǎn bīng)
傘降	(sǎn jiàng)
傘菌	(sǎn jùn)
傘下	(sǎn xià)
傘形	(sǎn xíng)
傘形科	(sǎn xíng kē)
散	(sǎn)
散白	(sǎn bái)
散板	(sǎn bǎn)
散兵	(sǎn bīng)
散兵坑	(sǎn bīng kēng)
散兵遊勇	(sǎn bīng yóu yǒng)
散播	(sàn bō)
散步	(sàn bù)
散佈	(sàn bù)
散場	(sàn chǎng)
散出	(sàn chū)
散打	(sǎn dǎ)
散誕	(sǎn dàn)
散彈	(sǎn dàn)
散彈槍	(sǎn dàn qiāng)
散點圖	(sǎn diǎn tú)
散餌	(sǎn ěr)
散發	(sàn fā)
散匪	(sǎn fěi)
散粉	(sǎn fěn)
散工	(sǎn gōng)
散光	(sàn guāng)
散戶	(sǎn hù)
散話	(sǎn huà)
散會	(sàn huì)
散伙	(sàn huǒ)
散伙飯	(sàn huǒ fàn)
散記	(sǎn jì)
散劑	(sǎn jì)
散架	(sǎn jià)
散件	(sǎn jiàn)
散見	(sǎn jiàn)
散焦	(sàn jiāo)
散盡	(sàn jìn)
散景	(sǎn jǐng)
散居	(sǎn jū)
散開	(sàn kāi)
散客	(sǎn kè)
散列	(sǎn liè)
散亂	(sǎn luàn)
散落	(sàn luò)
散漫	(sǎn màn)
散悶	(sàn mèn)
散錢	(sǎn qián)
散曲	(sǎn qǔ)
散熱	(sàn rè)
散熱膏	(sàn rè gāo)
散熱片	(sàn rè piàn)
散熱器	(sàn rè qì)
散沙	(sǎn shā)
散射	(sǎn shè)
散失	(sàn shī)
散束	(sàn shù)
散水	(sàn shuǐ)
散碎	(sǎn suì)
散攤子	(sàn tān zi)
散體	(sǎn tǐ)
散腿褲	(sǎn tuǐ kù)
散亡	(sàn wáng)
散文	(sǎn wén)
散文詩	(sǎn wén shī)
散席	(sàn xí)
散戲	(sàn xì)
散心	(sàn xīn)
散心解悶	(sàn xīn jiě mèn)
散學	(sàn xué)
散養	(sǎn yǎng)
散佚	(sàn yì)
散逸	(sàn yì)
散逸層	(sàn yì céng)
散職	(sǎn zhí)
散裝	(sǎn zhuāng)
散座	(sǎn zuò)
散座兒	(sǎn zuò r)
桒	(sāng)
桑	(sāng)
桑巴	(sāng bā)
桑藨	(sāng pāo)
桑搏	(sāng bó)
桑蠶	(sāng cán)
桑蠶絲	(sāng cán sī)
桑德爾福德	(sāng dé ěr fú dé)
桑德拉	(sāng dé lā)
桑德斯	(sāng dé sī)
桑地諾民族解放陣線	(sāng dì nuò mín zú jiě fàng zhèn xiàn)
桑給巴爾	(sāng jǐ bā ěr)
桑果	(sāng guǒ)
桑海	(sāng hǎi)
桑間濮上	(sāng jiān pú shàng)
桑嬌維塞	(sāng jiāo wéi sài)
桑科	(sāng kē)
桑拿	(sāng ná)
桑那	(sāng nà)
桑內斯	(sāng nèi sī)
桑帕約	(sāng pà yuē)
桑葚	(sāng shèn)
桑日縣	(sāng rì xiàn)
桑椹	(sāng shèn)
桑樹	(sāng shù)
桑塔納	(sāng tǎ nà)
桑坦德	(sāng tǎn dé)
桑托里尼島	(sāng tuō lǐ ní dǎo)
桑耶	(sāng yē)
桑植縣	(sāng zhí xiàn)
桑珠孜區	(sāng zhū zī qū)
桑梓	(sāng zǐ)
喪	(sàng)
喪梆	(sàng bāng)
喪棒	(sāng bàng)
喪膽	(sàng dǎn)
喪德	(sàng dé)
喪服	(sāng fú)
喪父	(sàng fù)
喪荒	(sāng huāng)
喪魂落魄	(sàng hún luò pò)
喪魂失魄	(sàng hún shī pò)
喪家之犬	(sàng jiā zhī quǎn)
喪假	(sāng jià)
喪盡	(sàng jìn)
喪盡天良	(sàng jìn tiān liáng)
喪禮	(sāng lǐ)
喪亂	(sāng luàn)
喪門神	(sāng mén shén)
喪門星	(sàng mén xīng)
喪命	(sàng mìng)
喪偶	(sàng ǒu)
喪妻	(sàng qī)
喪氣	(sàng qì)
喪氣鬼	(sàng qì guǐ)
喪氣話	(sàng qì huà)
喪親	(sàng qīn)
喪權辱國	(sàng quán rǔ guó)
喪身	(sàng shēn)
喪生	(sàng shēng)
喪失	(sàng shī)
喪失殆盡	(sàng shī dài jìn)
喪屍	(sāng shī)
喪事	(sāng shì)
喪天害理	(sàng tiān hài lǐ)
喪亡	(sàng wáng)
喪心病狂	(sàng xīn bìng kuáng)
喪儀	(sāng yí)
喪葬	(sāng zàng)
喪葬費	(sāng zàng fèi)
喪志	(sàng zhì)
喪鐘	(sāng zhōng)
搡	(sǎng)
嗓	(sǎng)
嗓門	(sǎng mén)
嗓門眼	(sǎng mén yǎn)
嗓眼	(sǎng yǎn)
嗓音	(sǎng yīn)
嗓子	(sǎng zi)
嗓子眼	(sǎng zi yǎn)
嗓子眼兒	(sǎng zi yǎn r)
搔	(sāo)
搔擾	(sāo rǎo)
搔首弄姿	(sāo shǒu nòng zī)
搔癢	(sāo yǎng)
慅	(sāo)
懆	(cǎo)
掃	(sǎo)
掃把	(sào bǎ)
掃把星	(sào bǎ xīng)
掃除	(sǎo chú)
掃除機	(sǎo chú jī)
掃除天下	(sǎo chú tiān xià)
掃蕩	(sǎo dàng)
掃地	(sǎo dì)
掃地機器人	(sǎo dì jī qì rén)
掃地僧	(sǎo dì sēng)
掃黑	(sǎo hēi)
掃黃	(sǎo huáng)
掃黃打非	(sǎo huáng dǎ fēi)
掃黃運動	(sǎo huáng yùn dòng)
掃貨	(sǎo huò)
掃街	(sǎo jiē)
掃雷	(sǎo léi)
掃雷艦	(sǎo léi jiàn)
掃雷艇	(sǎo léi tǐng)
掃羅	(sǎo luó)
掃碼	(sǎo mǎ)
掃碼槍	(sǎo mǎ qiāng)
掃盲	(sǎo máng)
掃眉	(sǎo méi)
掃描	(sǎo miáo)
掃描器	(sǎo miáo qì)
掃描儀	(sǎo miáo yí)
掃墓	(sǎo mù)
掃射	(sǎo shè)
掃視	(sǎo shì)
掃堂腿	(sǎo táng tuǐ)
掃尾	(sǎo wěi)
掃興	(sǎo xìng)
掃雪車	(sǎo xuě chē)
掃帚	(sào zhou)
掃帚星	(sào zhou xīng)
嫂	(sǎo)
嫂嫂	(sǎo sao)
嫂子	(sǎo zi)
埽	(sào)
歮	(sè)
嗇	(sè)
歰	(sè)
森	(sēn)
森巴舞	(sēn bā wǔ)
森海塞爾	(sēn hǎi sài ěr)
森林	(sēn lín)
森林腦炎	(sēn lín nǎo yán)
森林培育	(sēn lín péi yù)
森林浴	(sēn lín yù)
森羅	(sēn luó)
森羅寶殿	(sēn luó bǎo diàn)
森羅殿	(sēn luó diàn)
森美蘭	(sēn měi lán)
森然	(sēn rán)
森森	(sēn sēn)
森田	(sēn tián)
森嚴	(sēn yán)
槮	(sēn)
僧	(sēng)
僧多粥少	(sēng duō zhōu shǎo)
僧伽	(sēng qié)
僧加羅語	(sēng jiā luó yǔ)
僧侶	(sēng lǚ)
僧帽猴	(sēng mào hóu)
僧帽水母	(sēng mào shuǐ mǔ)
僧尼	(sēng ní)
僧人	(sēng rén)
僧俗	(sēng sú)
僧徒	(sēng tú)
僧院	(sēng yuàn)
剎	(shā)
剎把	(shā bǎ)
剎不住	(shā bu zhù)
剎車	(shā chē)
剎車燈	(shā chē dēng)
剎那	(chà nà)
剎時	(chà shí)
剎停	(shā tíng)
剎住	(shā zhù)
挱	(suō)
殺	(shā)
殺草快	(shā cǎo kuài)
殺蟲	(shā chóng)
殺蟲劑	(shā chóng jì)
殺蟲藥	(shā chóng yào)
殺出重圍	(shā chū chóng wéi)
殺敵	(shā dí)
殺掉	(shā diào)
殺毒	(shā dú)
殺毒軟件	(shā dú ruǎn jiàn)
殺風景	(shā fēng jǐng)
殺富濟貧	(shā fù jì pín)
殺害	(shā hài)
殺機	(shā jī)
殺雞給猴看	(shā jī gěi hóu kàn)
殺雞儆猴	(shā jī jǐng hóu)
殺雞取卵	(shā jī qǔ luǎn)
殺雞焉用牛刀	(shā jī yān yòng niú dāo)
殺價	(shā jià)
殺進	(shā jìn)
殺進殺出	(shā jìn shā chū)
殺絕	(shā jué)
殺君馬者道旁兒	(shā jūn mǎ zhě dào páng ér)
殺菌	(shā jūn)
殺菌劑	(shā jūn jì)
殺戮	(shā lù)
殺螺劑	(shā luó jì)
殺馬特	(shā mǎ tè)
殺滅	(shā miè)
殺氣	(shā qì)
殺氣騰騰	(shā qì téng téng)
殺器	(shā qì)
殺千刀	(shā qiān dāo)
殺千刀的	(shā qiān dāo de)
殺青	(shā qīng)
殺球	(shā qiú)
殺人	(shā rén)
殺人案	(shā rén àn)
殺人案件	(shā rén àn jiàn)
殺人不過頭點地	(shā rén bù guò tóu diǎn dì)
殺人不眨眼	(shā rén bù zhǎ yǎn)
殺人犯	(shā rén fàn)
殺人放火	(shā rén fàng huǒ)
殺人鯨	(shā rén jīng)
殺人狂	(shā rén kuáng)
殺人滅口	(shā rén miè kǒu)
殺人如麻	(shā rén rú má)
殺人未遂	(shā rén wèi suì)
殺人越貨	(shā rén yuè huò)
殺軟	(shā ruǎn)
殺傷	(shā shāng)
殺傷力	(shā shāng lì)
殺身成仁	(shā shēn chéng rén)
殺身之禍	(shā shēn zhī huò)
殺生	(shā shēng)
殺手	(shā shǒu)
殺手級應用	(shā shǒu jí yìng yòng)
殺手鐧	(shā shǒu jiǎn)
殺熟	(shā shú)
殺鼠藥	(shā shǔ yào)
殺死	(shā sǐ)
殺頭	(shā tóu)
殺一儆百	(shā yī jǐng bǎi)
殺一警百	(shā yī jǐng bǎi)
殺嬰	(shā yīng)
殺真菌	(shā zhēn jūn)
殺真菌劑	(shā zhēn jūn jì)
殺彘教子	(shā zhì jiào zǐ)
殺豬盤	(shā zhū pán)
殺豬宰羊	(shā zhū zǎi yáng)
樧	(shā)
啥	(shá)
啥子	(shá zi)
傻	(shǎ)
傻B	(shǎ bī)
傻白甜	(shǎ bái tián)
傻爆眼	(shǎ bào yǎn)
傻屄	(shǎ bī)
傻逼	(shǎ bī)
傻不愣登	(shǎ bù lèng dēng)
傻叉	(shǎ chā)
傻大個	(shǎ dà gè)
傻大個兒	(shǎ dà gè r)
傻蛋	(shǎ dàn)
傻屌	(shǎ diǎo)
傻瓜	(shǎ guā)
傻瓜乾麵	(shǎ guā gān miàn)
傻瓜式	(shǎ guā shì)
傻瓜相機	(shǎ guā xiàng jī)
傻乎乎	(shǎ hū hū)
傻話	(shǎ huà)
傻愣愣	(shǎ lèng lèng)
傻裡傻氣	(shǎ li shǎ qì)
傻卵	(shǎ luǎn)
傻冒	(shǎ mào)
傻帽	(shǎ mào)
傻帽兒	(shǎ mào r)
傻氣	(shǎ qì)
傻缺	(shǎ quē)
傻人有傻福	(shǎ rén yǒu shǎ fú)
傻頭傻腦	(shǎ tóu shǎ nǎo)
傻笑	(shǎ xiào)
傻眼	(shǎ yǎn)
傻子	(shǎ zi)
儍	(shǎ)
倽	(shá)
唼	(shǎ)
帹	(shà)
帹暆	(shà yí)
歃	(shà)
歃血	(shà xuè)
歃血為盟	(shà xuè wéi méng)
廈	(shà)
廈門大學	(xià mén dà xué)
廈門市	(xià mén shì)
晒	(shài)
曬	(shài)
曬斑	(shài bān)
曬黑	(shài hēi)
曬駱駝	(shài luò tuo)
曬客	(shài kè)
曬乾	(shài gān)
曬傷	(shài shāng)
曬太陽	(shài tài yáng)
曬圖	(shài tú)
曬娃	(shài wá)
曬娃族	(shài wá zú)
曬衣繩	(shài yī shéng)
曬油	(shài yóu)
曬照	(shài zhào)
山	(shān)
山阿	(shān ē)
山埃	(shān āi)
山隘	(shān ài)
山案座	(shān àn zuò)
山凹	(shān āo)
山斑鳩	(shān bān jiū)
山包	(shān bāo)
山胞	(shān bāo)
山本	(shān běn)
山本頭	(shān běn tóu)
山本五十六	(shān běn wǔ shí liù)
山崩	(shān bēng)
山不轉路轉	(shān bù zhuàn lù zhuàn)
山不轉水轉	(shān bù zhuàn shuǐ zhuàn)
山茶	(shān chá)
山茶花	(shān chá huā)
山查	(shān zhā)
山長水遠	(shān cháng shuǐ yuǎn)
山城區	(shān chéng qū)
山川	(shān chuān)
山村	(shān cūn)
山達基	(shān dá jī)
山丹	(shān dān)
山丹縣	(shān dān xiàn)
山道年	(shān dào nián)
山地	(shān dì)
山地車	(shān dì chē)
山地同胞	(shān dì tóng bāo)
山地自行車	(shān dì zì xíng chē)
山巔	(shān diān)
山靛	(shān diàn)
山頂	(shān dǐng)
山東半島	(shān dōng bàn dǎo)
山東大學	(shān dōng dà xué)
山東科技大學	(shān dōng kē jì dà xué)
山東省	(shān dōng shěng)
山洞	(shān dòng)
山斗	(shān dǒu)
山峰	(shān fēng)
山旮旯	(shān gā lá)
山岡	(shān gāng)
山高海深	(shān gāo hǎi shēn)
山高水長	(shān gāo shuǐ cháng)
山高水險	(shān gāo shuǐ xiǎn)
山歌	(shān gē)
山根	(shān gēn)
山溝	(shān gōu)
山溝溝	(shān gōu gōu)
山谷	(shān gǔ)
山谷市	(shān gǔ shì)
山海	(shān hǎi)
山海關	(shān hǎi guān)
山海關區	(shān hǎi guān qū)
山河	(shān hé)
山核桃	(shān hé tao)
山壑	(shān hè)
山洪	(shān hóng)
山胡桃木	(shān hú táo mù)
山皇鳩	(shān huáng jiū)
山火	(shān huǒ)
山雞	(shān jī)
山鶺鴒	(shān jí líng)
山脊	(shān jǐ)
山澗	(shān jiàn)
山椒魚	(shān jiāo yú)
山鷦鶯	(shān jiāo yīng)
山腳	(shān jiǎo)
山精	(shān jīng)
山口	(shān kǒu)
山口洋	(shān kǒu yáng)
山葵	(shān kuí)
山嵐	(shān lán)
山藍仙鶲	(shān lán xiān wēng)
山欖科	(shān lǎn kē)
山梨	(shān lí)
山梁	(shān liáng)
山林	(shān lín)
山嶺	(shān lǐng)
山鷚	(shān liù)
山路	(shān lù)
山麓	(shān lù)
山巒	(shān luán)
山巒重疊	(shān luán chóng dié)
山麻雀	(shān má què)
山脈	(shān mài)
山貓	(shān māo)
山毛櫸	(shān máo jǔ)
山莓	(shān méi)
山鶥	(shān méi)
山門	(shān mén)
山盟海誓	(shān méng hǎi shì)
山明水秀	(shān míng shuǐ xiù)
山姆	(shān mǔ)
山姆大叔	(shān mǔ dà shū)
山奈	(shān nài)
山奈鉀	(shān nài jiǎ)
山柰	(shān nài)
山南市	(shān nán shì)
山難	(shān nàn)
山泥傾瀉	(shān ní qīng xiè)
山炮	(shān pào)
山坡	(shān pō)
山崎	(shān qí)
山羌	(shān qiāng)
山牆	(shān qiáng)
山青水靈	(shān qīng shuǐ líng)
山清水秀	(shān qīng shuǐ xiù)
山窮水盡	(shān qióng shuǐ jìn)
山丘	(shān qiū)
山區	(shān qū)
山雀	(shān què)
山瑞	(shān ruì)
山瑞鱉	(shān ruì biē)
山神	(shān shén)
山獅	(shān shī)
山勢	(shān shì)
山水	(shān shuǐ)
山水畫	(shān shuǐ huà)
山水詩	(shān shuǐ shī)
山蘇	(shān sū)
山體	(shān tǐ)
山田	(shān tián)
山亭區	(shān tíng qū)
山頭	(shān tóu)
山頹木壞	(shān tuí mù huài)
山窪	(shān wā)
山外有山，天外有天	(shān wài yǒu shān , tiān wài yǒu tiān)
山塢	(shān wù)
山西大學	(shān xī dà xué)
山西省	(shān xī shěng)
山西獸	(shān xī shòu)
山峽	(shān xiá)
山下	(shān xià)
山鄉	(shān xiāng)
山響	(shān xiǎng)
山魈	(shān xiāo)
山行	(shān xíng)
山形	(shān xíng)
山崖	(shān yá)
山羊	(shān yáng)
山羊鬍子	(shān yáng hú zi)
山羊絨	(shān yáng róng)
山陽區	(shān yáng qū)
山陽縣	(shān yáng xiàn)
山腰	(shān yāo)
山藥	(shān yao)
山藥蛋	(shān yao dàn)
山野	(shān yě)
山陰縣	(shān yīn xiàn)
山嵛菜	(shān yú cài)
山萮菜	(shān yú cài)
山芋	(shān yù)
山嶽	(shān yuè)
山噪鶥	(shān zào méi)
山澤	(shān zé)
山賊	(shān zéi)
山楂	(shān zhā)
山楂糕	(shān zhā gāo)
山寨	(shān zhài)
山寨貨	(shān zhài huò)
山寨機	(shān zhài jī)
山珍海錯	(shān zhēn hǎi cuò)
山珍海味	(shān zhēn hǎi wèi)
山雉	(shān zhì)
山中聖訓	(shān zhōng shèng xùn)
山中無老虎，猴子稱大王	(shān zhōng wú lǎo hǔ , hóu zi chēng dà wáng)
山茱萸	(shān zhū yú)
山竹	(shān zhú)
山莊	(shān zhuāng)
山子	(shān zi)
山陬海澨	(shān zōu hǎi shì)
山嘴	(shān zuǐ)
杉	(shān)
杉本	(shān běn)
杉山	(shān shān)
刪	(shān)
刪除	(shān chú)
刪掉	(shān diào)
刪改	(shān gǎi)
刪剪	(shān jiǎn)
刪減	(shān jiǎn)
刪簡壓縮	(shān jiǎn yā suō)
刪節	(shān jié)
刪去	(shān qù)
刪汰	(shān tài)
刪帖	(shān tiě)
姍	(shān)
姍姍	(shān shān)
姍姍來遲	(shān shān lái chí)
埏	(shān)
搧	(shān)
䍹	(shān)
剡	(shàn)
扇	(shàn)
扇貝	(shàn bèi)
扇動	(shān dòng)
扇風	(shān fēng)
扇風耳朵	(shān fēng ěr duo)
扇面琴	(shān miàn qín)
扇區	(shàn qū)
扇尾沙錐	(shān wěi shā zhuī)
扇蝦	(shàn xiā)
扇形	(shàn xíng)
扇葉	(shàn yè)
扇子	(shàn zi)
傓	(shān)
善	(shàn)
善罷甘休	(shàn bà gān xiū)
善罷干休	(shàn bà gān xiū)
善本	(shàn běn)
善辯	(shàn biàn)
善變	(shàn biàn)
善財	(shàn cái)
善財難捨	(shàn cái nán shě)
善策	(shàn cè)
善存	(shàn cún)
善待	(shàn dài)
善惡	(shàn è)
善風	(shàn fēng)
善感	(shàn gǎn)
善後	(shàn hòu)
善解人意	(shàn jiě rén yì)
善舉	(shàn jǔ)
善款	(shàn kuǎn)
善良	(shàn liáng)
善男信女	(shàn nán xìn nǚ)
善能	(shàn néng)
善人	(shàn rén)
善始善終	(shàn shǐ shàn zhōng)
善事	(shàn shì)
善思	(shàn sī)
善忘	(shàn wàng)
善心	(shàn xīn)
善行	(shàn xíng)
善言	(shàn yán)
善言辭	(shàn yán cí)
善意	(shàn yì)
善意的謊言	(shàn yì de huǎng yán)
善因	(shàn yīn)
善用	(shàn yòng)
善有善報	(shàn yǒu shàn bào)
善有善報，惡有惡報	(shàn yǒu shàn bào , è yǒu è bào)
善於	(shàn yú)
善緣	(shàn yuán)
善哉	(shàn zāi)
善終	(shàn zhōng)
善自保重	(shàn zì bǎo zhòng)
善自為謀	(shàn zì wéi móu)
善自珍攝	(shàn zì zhēn shè)
墠	(shàn)
擅	(shàn)
擅長	(shàn cháng)
擅場	(shàn chǎng)
擅闖	(shàn chuǎng)
擅斷	(shàn duàn)
擅離職守	(shàn lí zhí shǒu)
擅美	(shàn měi)
擅權	(shàn quán)
擅自	(shàn zì)
嬗	(shàn)
嬗變	(shàn biàn)
商	(shāng)
商辦	(shāng bàn)
商報	(shāng bào)
商標	(shāng biāo)
商埠	(shāng bù)
商場	(shāng chǎng)
商超	(shāng chāo)
商朝	(shāng cháo)
商城	(shāng chéng)
商城縣	(shāng chéng xiàn)
商船	(shāng chuán)
商代	(shāng dài)
商店	(shāng diàn)
商調	(shāng diào)
商定	(shāng dìng)
商都縣	(shāng dū xiàn)
商兌	(shāng duì)
商隊	(shāng duì)
商販	(shāng fàn)
商港	(shāng gǎng)
商號	(shāng hào)
商河縣	(shāng hé xiàn)
商戶	(shāng hù)
商會	(shāng huì)
商機	(shāng jī)
商計	(shāng jì)
商家	(shāng jiā)
商賈	(shāng gǔ)
商檢	(shāng jiǎn)
商界	(shāng jiè)
商科	(shāng kē)
商科集團	(shāng kē jí tuán)
商科院校	(shāng kē yuàn xiào)
商量	(shāng liang)
商路	(shāng lù)
商洛市	(shāng luò shì)
商旅	(shāng lǚ)
商貿	(shāng mào)
商民	(shāng mín)
商南縣	(shāng nán xiàn)
商女	(shāng nǚ)
商品	(shāng pǐn)
商品化	(shāng pǐn huà)
商品價值	(shāng pǐn jià zhí)
商品經濟	(shāng pǐn jīng jì)
商品糧	(shāng pǐn liáng)
商鋪	(shāng pù)
商祺	(shāng qí)
商洽	(shāng qià)
商丘市	(shāng qiū shì)
商圈	(shāng quān)
商榷	(shāng què)
商人	(shāng rén)
商人銀行	(shāng rén yín háng)
商事	(shāng shì)
商數	(shāng shù)
商水縣	(shāng shuǐ xiàn)
商稅	(shāng shuì)
商談	(shāng tán)
商湯	(shāng tāng)
商討	(shāng tǎo)
商務	(shāng wù)
商務部	(shāng wù bù)
商務艙	(shāng wù cāng)
商務漢語考試	(shāng wù hàn yǔ kǎo shì)
商務印書館	(shāng wù yìn shū guǎn)
商務中心區	(shāng wù zhōng xīn qū)
商行	(shāng háng)
商學	(shāng xué)
商學院	(shāng xué yuàn)
商演	(shāng yǎn)
商鞅	(shāng yāng)
商業	(shāng yè)
商業版本	(shāng yè bǎn běn)
商業發票	(shāng yè fā piào)
商業管理	(shāng yè guǎn lǐ)
商業化	(shāng yè huà)
商業機構	(shāng yè jī gòu)
商業計劃	(shāng yè jì huà)
商業模式	(shāng yè mó shì)
商業區	(shāng yè qū)
商業行為	(shāng yè xíng wéi)
商業銀行	(shāng yè yín háng)
商業應用	(shāng yè yìng yòng)
商業中心	(shāng yè zhōng xīn)
商議	(shāng yì)
商用	(shāng yòng)
商域	(shāng yù)
商譽	(shāng yù)
商約	(shāng yuē)
商展	(shāng zhǎn)
商棧	(shāng zhàn)
商戰	(shāng zhàn)
商州區	(shāng zhōu qū)
商紂王	(shāng zhòu wáng)
商酌	(shāng zhuó)
傷	(shāng)
傷疤	(shāng bā)
傷悲	(shāng bēi)
傷別	(shāng bié)
傷病員	(shāng bìng yuán)
傷不起	(shāng bù qǐ)
傷殘	(shāng cán)
傷殘人員	(shāng cán rén yuán)
傷悼	(shāng dào)
傷道	(shāng dào)
傷風	(shāng fēng)
傷風敗俗	(shāng fēng bài sú)
傷俘	(shāng fú)
傷感	(shāng gǎn)
傷害	(shāng hài)
傷寒	(shāng hán)
傷寒沙門氏菌	(shāng hán shā mén shì jūn)
傷寒症	(shāng hán zhèng)
傷耗	(shāng hào)
傷號	(shāng hào)
傷和氣	(shāng hé qi)
傷痕	(shāng hén)
傷痕累累	(shāng hén lěi lěi)
傷懷	(shāng huái)
傷患	(shāng huàn)
傷及無辜	(shāng jí wú gū)
傷筋動骨	(shāng jīn dòng gǔ)
傷筋斷骨	(shāng jīn duàn gǔ)
傷口	(shāng kǒu)
傷腦筋	(shāng nǎo jīn)
傷人	(shāng rén)
傷身	(shāng shēn)
傷勢	(shāng shì)
傷天害理	(shāng tiān hài lǐ)
傷停補時	(shāng tíng bǔ shí)
傷痛	(shāng tòng)
傷透	(shāng tòu)
傷亡	(shāng wáng)
傷心	(shāng xīn)
傷心慘目	(shāng xīn cǎn mù)
傷心蒿目	(shāng xīn hāo mù)
傷心欲絕	(shāng xīn yù jué)
傷心致死	(shāng xīn zhì sǐ)
傷員	(shāng yuán)
傷者	(shāng zhě)
墒	(shāng)
墒情	(shāng qíng)
墒土	(shāng tǔ)
殤	(shāng)
垧	(shǎng)
晌	(shǎng)
晌午	(shǎng wu)
丄	(shàng)
上	(shàng)
上艾瑟爾	(shàng ài sè ěr)
上岸	(shàng àn)
上班	(shàng bān)
上班時間	(shàng bān shí jiān)
上班族	(shàng bān zú)
上半	(shàng bàn)
上半部分	(shàng bàn bù fèn)
上半場	(shàng bàn chǎng)
上半年	(shàng bàn nián)
上半晌	(shàng bàn shǎng)
上半身	(shàng bàn shēn)
上半時	(shàng bàn shí)
上半天	(shàng bàn tiān)
上半夜	(shàng bàn yè)
上半葉	(shàng bàn yè)
上榜	(shàng bǎng)
上報	(shàng bào)
上輩	(shàng bèi)
上輩子	(shàng bèi zi)
上臂	(shàng bì)
上邊	(shàng bian)
上邊兒	(shàng bian r)
上標	(shàng biāo)
上膘	(shàng biāo)
上不得臺盤	(shàng bù dé tái pán)
上不了檯面	(shàng bù liǎo tái miàn)
上部	(shàng bù)
上菜	(shàng cài)
上菜秀	(shàng cài xiù)
上蔡縣	(shàng cài xiàn)
上蒼	(shàng cāng)
上廁所	(shàng cè suǒ)
上層	(shàng céng)
上層建築	(shàng céng jiàn zhù)
上場	(shàng chǎng)
上車	(shàng chē)
上城區	(shàng chéng qū)
上乘	(shàng chéng)
上齒	(shàng chǐ)
上船	(shàng chuán)
上傳	(shàng chuán)
上床	(shàng chuáng)
上唇	(shàng chún)
上次	(shàng cì)
上達	(shàng dá)
上大號	(shàng dà hào)
上代	(shàng dài)
上當	(shàng dàng)
上當受騙	(shàng dàng shòu piàn)
上黨區	(shàng dǎng qū)
上刀山，下火海	(shàng dāo shān , xià huǒ hǎi)
上刀山，下油鍋	(shàng dāo shān , xià yóu guō)
上等	(shàng děng)
上等兵	(shàng děng bīng)
上帝	(shàng dì)
上第	(shàng dì)
上吊	(shàng diào)
上調	(shàng tiáo)
上都	(shàng dū)
上顎正門齒	(shàng è zhèng mén chǐ)
上發條	(shàng fā tiáo)
上方	(shàng fāng)
上方寶劍	(shàng fāng bǎo jiàn)
上訪	(shàng fǎng)
上分	(shàng fēn)
上墳	(shàng fén)
上風	(shàng fēng)
上峰	(shàng fēng)
上浮	(shàng fú)
上覆	(shàng fù)
上桿	(shàng gān)
上崗	(shàng gǎng)
上綱上線	(shàng gāng shàng xiàn)
上高縣	(shàng gāo xiàn)
上個	(shàng ge)
上個星期	(shàng gè xīng qī)
上個月	(shàng gè yuè)
上工	(shàng gōng)
上供	(shàng gòng)
上貢	(shàng gòng)
上鉤	(shàng gōu)
上鉤兒	(shàng gōu r)
上古	(shàng gǔ)
上古漢語	(shàng gǔ hàn yǔ)
上官	(shàng guān)
上館子	(shàng guǎn zi)
上軌道	(shàng guǐ dào)
上海	(shàng hǎi)
上海白菜	(shàng hǎi bái cài)
上海財經大學	(shàng hǎi cái jīng dà xué)
上海大劇院	(shàng hǎi dà jù yuàn)
上海大學	(shàng hǎi dà xué)
上海合作組織	(shàng hǎi hé zuò zǔ zhī)
上海話	(shàng hǎi huà)
上海環球金融中心	(shàng hǎi huán qiú jīn róng zhōng xīn)
上海交通大學	(shàng hǎi jiāo tōng dà xué)
上海浦東發展銀行	(shàng hǎi pǔ dōng fā zhǎn yín háng)
上海汽車工業集團	(shàng hǎi qì chē gōng yè jí tuán)
上海市	(shàng hǎi shì)
上海體育場	(shàng hǎi tǐ yù chǎng)
上海外國語大學	(shàng hǎi wài guó yǔ dà xué)
上海文廣新聞傳媒集團	(shàng hǎi wén guǎng xīn wén chuán méi jí tuán)
上海戲劇學院	(shàng hǎi xì jù xué yuàn)
上海音樂學院	(shàng hǎi yīn yuè xué yuàn)
上海證券交易所	(shàng hǎi zhèng quàn jiāo yì suǒ)
上海證券交易所綜合股價指數	(shàng hǎi zhèng quàn jiāo yì suǒ zōng hé gǔ jià zhǐ shù)
上杭縣	(shàng háng xiàn)
上好	(shàng hǎo)
上合	(shàng hé)
上合組織	(shàng hé zǔ zhī)
上頜	(shàng hé)
上頜骨	(shàng hé gǔ)
上呼吸道感染	(shàng hū xī dào gǎn rǎn)
上環	(shàng huán)
上浣	(shàng huàn)
上回	(shàng huí)
上火	(shàng huǒ)
上級	(shàng jí)
上級領導	(shàng jí lǐng dǎo)
上佳	(shàng jiā)
上家	(shàng jiā)
上架	(shàng jià)
上瞼	(shàng jiǎn)
上箭頭	(shàng jiàn tóu)
上箭頭鍵	(shàng jiàn tóu jiàn)
上將	(shàng jiàng)
上將軍	(shàng jiàng jūn)
上交	(shàng jiāo)
上焦	(shàng jiāo)
上繳	(shàng jiǎo)
上街	(shàng jiē)
上街區	(shàng jiē qū)
上界	(shàng jiè)
上緊發條	(shàng jǐn fā tiáo)
上進	(shàng jìn)
上進心	(shàng jìn xīn)
上鏡	(shàng jìng)
上課	(shàng kè)
上空	(shàng kōng)
上口	(shàng kǒu)
上夸克	(shàng kuā kè)
上款	(shàng kuǎn)
上來	(shàng lái)
上籃	(shàng lán)
上了年紀	(shàng le nián jì)
上栗縣	(shàng lì xiàn)
上臉	(shàng liǎn)
上梁不正下梁歪	(shàng liáng bù zhèng xià liáng wāi)
上樑	(shàng liáng)
上林縣	(shàng lín xiàn)
上流	(shàng liú)
上流社會	(shàng liú shè huì)
上龍	(shàng lóng)
上樓	(shàng lóu)
上路	(shàng lù)
上馬	(shàng mǎ)
上門	(shàng mén)
上門費	(shàng mén fèi)
上門客	(shàng mén kè)
上門女婿	(shàng mén nǚ xu)
上面	(shàng miàn)
上面級	(shàng miàn jí)
上年	(shàng nián)
上年紀	(shàng nián jì)
上農	(shàng nóng)
上牌	(shàng pái)
上皮	(shàng pí)
上片	(shàng piàn)
上品	(shàng pǐn)
上坡	(shàng pō)
上坡段	(shàng pō duàn)
上坡路	(shàng pō lù)
上期	(shàng qī)
上汽	(shàng qì)
上氣不接下氣	(shàng qì bù jiē xià qì)
上前	(shàng qián)
上去	(shàng qù)
上犬式	(shàng quǎn shì)
上確界	(shàng què jiè)
上饒市	(shàng ráo shì)
上熱搜	(shàng rè sōu)
上任	(shàng rèn)
上色	(shàng shǎi)
上山	(shàng shān)
上山下鄉	(shàng shān xià xiāng)
上善若水	(shàng shàn ruò shuǐ)
上上之策	(shàng shàng zhī cè)
上身	(shàng shēn)
上升	(shàng shēng)
上升空間	(shàng shēng kōng jiān)
上升趨勢	(shàng shēng qū shì)
上聲	(shǎng shēng)
上市	(shàng shì)
上市公司	(shàng shì gōng sī)
上手	(shàng shǒu)
上首	(shàng shǒu)
上書	(shàng shū)
上疏	(shàng shū)
上述	(shàng shù)
上水	(shàng shuǐ)
上稅	(shàng shuì)
上司	(shàng si)
上思縣	(shàng sī xiàn)
上訴	(shàng sù)
上訴法院	(shàng sù fǎ yuàn)
上算	(shàng suàn)
上鎖	(shàng suǒ)
上台	(shàng tái)
上膛	(shàng táng)
上天	(shàng tiān)
上天入地	(shàng tiān rù dì)
上天無路，入地無門	(shàng tiān wú lù , rù dì wú mén)
上田	(shàng tián)
上同調	(shàng tóng diào)
上頭	(shàng tóu)
上吐下瀉	(shàng tù xià xiè)
上外	(shàng wài)
上萬	(shàng wàn)
上網	(shàng wǎng)
上網本	(shàng wǎng běn)
上位	(shàng wèi)
上位詞	(shàng wèi cí)
上位概念	(shàng wèi gài niàn)
上尉	(shàng wèi)
上文	(shàng wén)
上午	(shàng wǔ)
上西天	(shàng xī tiān)
上下	(shàng xià)
上下班	(shàng xià bān)
上下床	(shàng xià chuáng)
上下鋪	(shàng xià pù)
上下其手	(shàng xià qí shǒu)
上下文	(shàng xià wén)
上下文菜單	(shàng xià wén cài dān)
上弦	(shàng xián)
上弦月	(shàng xián yuè)
上限	(shàng xiàn)
上線	(shàng xiàn)
上相	(shàng xiàng)
上香	(shàng xiāng)
上校	(shàng xiào)
上鞋	(shàng xié)
上心	(shàng xīn)
上新	(shàng xīn)
上新世	(shàng xīn shì)
上星	(shàng xīng)
上星劇	(shàng xīng jù)
上星期	(shàng xīng qī)
上刑	(shàng xíng)
上行	(shàng xíng)
上行下傚	(shàng xíng xià xiào)
上學	(shàng xué)
上旬	(shàng xún)
上牙膛	(shàng yá táng)
上眼瞼	(shàng yǎn jiǎn)
上眼藥	(shàng yǎn yào)
上演	(shàng yǎn)
上揚	(shàng yáng)
上揚趨勢	(shàng yáng qū shì)
上野	(shàng yě)
上夜	(shàng yè)
上頁	(shàng yè)
上一次當，學一次乖	(shàng yī cì dàng , xué yī cì guāi)
上一個	(shàng yī ge)
上一號	(shàng yī hào)
上一頁	(shàng yī yè)
上衣	(shàng yī)
上議院	(shàng yì yuàn)
上癮	(shàng yǐn)
上映	(shàng yìng)
上猶縣	(shàng yóu xiàn)
上游	(shàng yóu)
上有老下有小	(shàng yǒu lǎo xià yǒu xiǎo)
上有天堂，下有蘇杭	(shàng yǒu tiān táng , xià yǒu sū háng)
上有政策，下有對策	(shàng yǒu zhèng cè , xià yǒu duì cè)
上虞區	(shàng yú qū)
上域	(shàng yù)
上諭	(shàng yù)
上月	(shàng yuè)
上雲	(shàng yún)
上載	(shàng zǎi)
上賊船	(shàng zéi chuán)
上漲	(shàng zhǎng)
上陣	(shàng zhèn)
上證	(shàng zhèng)
上證綜合指數	(shàng zhèng zōng hé zhǐ shù)
上肢	(shàng zhī)
上鐘	(shàng zhōng)
上周	(shàng zhōu)
上裝	(shàng zhuāng)
上桌	(shàng zhuō)
上奏	(shàng zòu)
上座	(shàng zuò)
上座部	(shàng zuò bù)
上座率	(shàng zuò lǜ)
尙	(shàng)
尚	(shàng)
尚比亞	(shàng bǐ yà)
尚存	(shàng cún)
尚方寶劍	(shàng fāng bǎo jiàn)
尚方劍	(shàng fāng jiàn)
尚可	(shàng kě)
尚且	(shàng qiě)
尚書	(shàng shū)
尚書經	(shàng shū jīng)
尚書郎	(shàng shū láng)
尚未	(shàng wèi)
尚未解決	(shàng wèi jiě jué)
尚無	(shàng wú)
尚武	(shàng wǔ)
尚饗	(shàng xiǎng)
尚義縣	(shàng yì xiàn)
尚志市	(shàng zhì shì)
捎	(shāo)
捎來	(shāo lái)
捎信	(shāo xìn)
弰	(shāo)
梢	(shāo)
梢公	(shāo gōng)
旓	(shāo)
䈰	(shāo)
勺	(sháo)
勺雞	(sháo jī)
勺子	(sháo zi)
勺嘴鷸	(sháo zuǐ yù)
㲈	(sháo)
少	(shǎo)
少艾	(shào ài)
少安毋躁	(shǎo ān wú zào)
少安無躁	(shǎo ān wú zào)
少白頭	(shào bái tóu)
少不得	(shǎo bu dé)
少不更事	(shào bù gēng shì)
少不了	(shǎo bu liǎo)
少部分	(shǎo bù fen)
少東	(shào dōng)
少東家	(shào dōng jiā)
少兒	(shào ér)
少兒不宜	(shào ér bù yí)
少放	(shǎo fàng)
少府	(shào fǔ)
少婦	(shào fù)
少根筋	(shǎo gēn jīn)
少管閒事	(shǎo guǎn xián shì)
少許	(shǎo xǔ)
少間	(shǎo jiàn)
少見	(shǎo jiàn)
少見多怪	(shǎo jiàn duō guài)
少將	(shào jiàng)
少刻	(shǎo kè)
少塊肉	(shǎo kuài ròu)
少來	(shǎo lái)
少量	(shǎo liàng)
少林	(shào lín)
少林寺	(shào lín sì)
少奶奶	(shào nǎi nai)
少男	(shào nán)
少男少女	(shào nán shào nǚ)
少年	(shào nián)
少年犯	(shào nián fàn)
少年夫妻老來伴	(shào nián fū qī lǎo lái bàn)
少年宮	(shào nián gōng)
少年老成	(shào nián lǎo chéng)
少年人	(shào nián rén)
少年先鋒隊	(shào nián xiān fēng duì)
少年之家	(shào nián zhī jiā)
少女	(shào nǚ)
少女峰	(shào nǚ fēng)
少頃	(shǎo qǐng)
少數	(shǎo shù)
少數民族	(shǎo shù mín zú)
少數民族鄉	(shǎo shù mín zú xiāng)
少數族裔	(shǎo shù zú yì)
少說為佳	(shǎo shuō wéi jiā)
少尉	(shào wèi)
少先隊	(shào xiān duì)
少校	(shào xiào)
少選	(shǎo xuǎn)
少陽病	(shào yáng bìng)
少陽經	(shào yáng jīng)
少爺	(shào ye)
少有	(shǎo yǒu)
少之又少	(shǎo zhī yòu shǎo)
少壯	(shào zhuàng)
少壯不努力，老大徒傷悲	(shào zhuàng bù nǔ lì , lǎo dà tú shāng bēi)
少壯派	(shào zhuàng pài)
少子化	(shǎo zǐ huà)
卲	(shào)
劭	(shào)
哨	(shào)
哨兵	(shào bīng)
哨笛	(shào dí)
哨卡	(shào qiǎ)
哨所	(shào suǒ)
哨子	(shào zi)
哨子聲	(shào zi shēng)
奢	(shē)
奢侈	(shē chǐ)
奢侈品	(shē chǐ pǐn)
奢華	(shē huá)
奢麗	(shē lì)
奢糜	(shē mí)
奢靡	(shē mí)
奢盼	(shē pàn)
奢求	(shē qiú)
奢泰	(shē tài)
奢望	(shē wàng)
奢香	(shē xiāng)
檨	(shē)
佘	(shé)
捨	(shě)
捨本逐末	(shě běn zhú mò)
捨不得	(shě bu de)
捨不得孩子套不住狼	(shě bù de hái zi tào bù zhù láng)
捨車保帥	(shě jū bǎo shuài)
捨得	(shě de)
捨得一身剮，敢把皇帝拉下馬	(shě de yī shēn guǎ , gǎn bǎ huáng dì lā xià mǎ)
捨己	(shě jǐ)
捨己救人	(shě jǐ jiù rén)
捨己為公	(shě jǐ wèi gōng)
捨己為人	(shě jǐ wèi rén)
捨命	(shě mìng)
捨棄	(shě qì)
捨身	(shě shēn)
捨身求法	(shě shēn qiú fǎ)
捨生取義	(shě shēng qǔ yì)
捨生忘死	(shě shēng wàng sǐ)
捨下	(shě xià)
捨正從邪	(shě zhèng cóng xié)
厙	(shè)
射	(shè)
射程	(shè chéng)
射出	(shè chū)
射燈	(shè dēng)
射電	(shè diàn)
射電望遠鏡	(shè diàn wàng yuǎn jìng)
射鵰英雄傳	(shè diāo yīng xióng zhuàn)
射釘槍	(shè dīng qiāng)
射干	(shè gān)
射洪市	(shè hóng shì)
射擊	(shè jī)
射擊學	(shè jī xué)
射箭	(shè jiàn)
射精	(shè jīng)
射精管	(shè jīng guǎn)
射流	(shè liú)
射門	(shè mén)
射頻	(shè pín)
射頻調諧器	(shè pín tiáo xié qì)
射頻干擾	(shè pín gān rǎo)
射頻識別	(shè pín shí bié)
射頻噪聲	(shè pín zào shēng)
射殺	(shè shā)
射手	(shè shǒu)
射手座	(shè shǒu zuò)
射線	(shè xiàn)
射陽縣	(shè yáng xiàn)
射影	(shè yǐng)
射影變換	(shè yǐng biàn huàn)
射影幾何	(shè yǐng jǐ hé)
射影幾何學	(shè yǐng jǐ hé xué)
射中	(shè zhòng)
䠶	(shè)
慴	(shè)
歙	(shè)
歙縣	(shè xiàn)
攝	(shè)
攝護腺	(shè hù xiàn)
攝護腺腫大	(shè hù xiàn zhǒng dà)
攝錄	(shè lù)
攝取	(shè qǔ)
攝入	(shè rù)
攝入量	(shè rù liàng)
攝食	(shè shí)
攝氏	(shè shì)
攝像	(shè xiàng)
攝像機	(shè xiàng jī)
攝像頭	(shè xiàng tóu)
攝影	(shè yǐng)
攝影機	(shè yǐng jī)
攝影記者	(shè yǐng jì zhě)
攝影家	(shè yǐng jiā)
攝影棚	(shè yǐng péng)
攝影師	(shè yǐng shī)
攝影術	(shè yǐng shù)
攝政	(shè zhèng)
攝政王	(shè zhèng wáng)
攝製	(shè zhì)
懾	(shè)
懾服	(shè fú)
懾人	(shè rén)
㕥	(shēn)
屾	(shēn)
伸	(shēn)
伸長	(shēn cháng)
伸出	(shēn chū)
伸港	(shēn gǎng)
伸港鄉	(shēn gǎng xiāng)
伸肌	(shēn jī)
伸卡球	(shēn kǎ qiú)
伸開	(shēn kāi)
伸懶腰	(shēn lǎn yāo)
伸手	(shēn shǒu)
伸手不見五指	(shēn shǒu bù jiàn wǔ zhǐ)
伸手牌	(shēn shǒu pái)
伸手派	(shēn shǒu pài)
伸縮	(shēn suō)
伸縮喇叭	(shēn suō lǎ ba)
伸縮性	(shēn suō xìng)
伸雪	(shēn xuě)
伸冤	(shēn yuān)
伸展	(shēn zhǎn)
伸展臺	(shēn zhǎn tái)
伸張	(shēn zhāng)
伸直	(shēn zhí)
呻	(shēn)
呻吟	(shēn yín)
侁	(shēn)
娠	(shēn)
兟	(shēn)
㴱	(shēn)
曑	(shēn)
什	(shén)
什菜	(shí cài)
什邡市	(shí fāng shì)
什錦	(shí jǐn)
什錦果盤	(shí jǐn guǒ pán)
什麼	(shén me)
什麼地方	(shén me dì fang)
什麼的	(shén me de)
什麼風把你吹來的	(shén me fēng bǎ nǐ chuī lái de)
什麼鬼	(shén me guǐ)
什麼好說	(shén me hǎo shuō)
什麼人	(shén me rén)
什麼時候	(shén me shí hou)
什麼事	(shén me shì)
什麼樣	(shén me yàng)
什器	(shí qì)
什剎海	(shí chà hǎi)
什葉	(shí yè)
什葉派	(shí yè pài)
什一奉獻	(shí yī fèng xiàn)
抌	(dǎn)
哂	(shěn)
哂納	(shěn nà)
哂笑	(shěn xiào)
審	(shěn)
審查	(shěn chá)
審察	(shěn chá)
審處	(shěn chǔ)
審諦	(shěn dì)
審定	(shěn dìng)
審訂	(shěn dìng)
審讀	(shěn dú)
審度	(shěn duó)
審度時勢	(shěn duó shí shì)
審斷	(shěn duàn)
審改	(shěn gǎi)
審幹	(shěn gàn)
審稿	(shěn gǎo)
審稿人	(shěn gǎo rén)
審核	(shěn hé)
審級	(shěn jí)
審級制度	(shěn jí zhì dù)
審計	(shěn jì)
審計長	(shěn jì zhǎng)
審計署	(shěn jì shǔ)
審計員	(shěn jì yuán)
審結	(shěn jié)
審理	(shěn lǐ)
審美	(shěn měi)
審美觀	(shěn měi guān)
審美活動	(shěn měi huó dòng)
審美快感	(shěn měi kuài gǎn)
審美眼光	(shěn měi yǎn guāng)
審判	(shěn pàn)
審判長	(shěn pàn zhǎng)
審判官	(shěn pàn guān)
審判欄	(shěn pàn lán)
審判權	(shěn pàn quán)
審判庭	(shěn pàn tíng)
審判席	(shěn pàn xí)
審判員	(shěn pàn yuán)
審批	(shěn pī)
審慎	(shěn shèn)
審慎行事	(shěn shèn xíng shì)
審時度勢	(shěn shí duó shì)
審視	(shěn shì)
審問	(shěn wèn)
審校	(shěn jiào)
審訊	(shěn xùn)
審議	(shěn yì)
審閱	(shěn yuè)
審酌	(shěn zhuó)
嬸	(shěn)
嬸母	(shěn mǔ)
嬸娘	(shěn niáng)
嬸嬸	(shěn shen)
嬸子	(shěn zi)
昚	(shèn)
椹	(shèn)
慎	(shèn)
慎獨	(shèn dú)
慎密	(shèn mì)
慎入	(shèn rù)
慎言	(shèn yán)
慎終追遠	(shèn zhōng zhuī yuǎn)
慎重	(shèn zhòng)
慎重其事	(shèn zhòng qí shì)
愼	(shèn)
升	(shēng)
升班馬	(shēng bān mǎ)
升艙	(shēng cāng)
升調	(shēng diào)
升斗	(shēng dǒu)
升斗小民	(shēng dǒu xiǎo mín)
升幅	(shēng fú)
升高	(shēng gāo)
升格	(shēng gé)
升汞	(shēng gǒng)
升官	(shēng guān)
升官發財	(shēng guān fā cái)
升號	(shēng hào)
升華	(shēng huá)
升級	(shēng jí)
升降	(shēng jiàng)
升降機	(shēng jiàng jī)
升結腸	(shēng jié cháng)
升空	(shēng kōng)
升旗	(shēng qí)
升旗儀式	(shēng qí yí shì)
升起	(shēng qǐ)
升遷	(shēng qiān)
升任	(shēng rèn)
升入	(shēng rù)
升上	(shēng shàng)
升市	(shēng shì)
升堂入室	(shēng táng rù shì)
升騰	(shēng téng)
升天	(shēng tiān)
升溫	(shēng wēn)
升息	(shēng xī)
升遐	(shēng xiá)
升序	(shēng xù)
升學	(shēng xué)
升壓	(shēng yā)
升壓劑	(shēng yā jì)
升值	(shēng zhí)
升職	(shēng zhí)
呏	(shēng)
昇	(shēng)
昇平	(shēng píng)
曻	(shēng)
㗂	(shěng)
圣	(kū)
剩	(shèng)
剩菜	(shèng cài)
剩磁	(shèng cí)
剩飯	(shèng fàn)
剩男	(shèng nán)
剩女	(shèng nǚ)
剩錢	(shèng qián)
剩下	(shèng xià)
剩餘	(shèng yú)
剩餘定理	(shèng yú dìng lǐ)
剩餘放射性	(shèng yú fàng shè xìng)
剩餘輻射	(shèng yú fú shè)
剩餘價值	(shèng yú jià zhí)
勝	(shèng)
勝敗	(shèng bài)
勝不驕，敗不餒	(shèng bù jiāo , bài bù něi)
勝出	(shèng chū)
勝地	(shèng dì)
勝負	(shèng fù)
勝負慾	(shèng fù yù)
勝過	(shèng guò)
勝景	(shèng jǐng)
勝利	(shèng lì)
勝利日	(shèng lì rì)
勝利在望	(shèng lì zài wàng)
勝利者	(shèng lì zhě)
勝率	(shèng lǜ)
勝任	(shèng rèn)
勝任能力	(shèng rèn néng lì)
勝似	(shèng sì)
勝訴	(shèng sù)
勝算	(shèng suàn)
勝選	(shèng xuǎn)
勝仗	(shèng zhàng)
勝者	(shèng zhě)
勝者王侯敗者寇	(shèng zhě wáng hóu bài zhě kòu)
勝之不武	(shèng zhī bù wǔ)
嵊	(shèng)
嵊泗列島	(shèng sì liè dǎo)
嵊泗縣	(shèng sì xiàn)
嵊州市	(shèng zhōu shì)
尸	(shī)
尸祿	(shī lù)
尸羅	(shī luó)
尸位素餐	(shī wèi sù cān)
失	(shī)
失敗	(shī bài)
失敗是成功之母	(shī bài shì chéng gōng zhī mǔ)
失敗者	(shī bài zhě)
失敗主義	(shī bài zhǔ yì)
失策	(shī cè)
失察	(shī chá)
失常	(shī cháng)
失寵	(shī chǒng)
失傳	(shī chuán)
失聰	(shī cōng)
失措	(shī cuò)
失錯	(shī cuò)
失單	(shī dān)
失當	(shī dàng)
失道	(shī dào)
失道寡助	(shī dào guǎ zhù)
失盜	(shī dào)
失地	(shī dì)
失掉	(shī diào)
失調	(shī diào)
失調電壓	(shī tiáo diàn yā)
失獨	(shī dú)
失獨家庭	(shī dú jiā tíng)
失讀症	(shī dú zhèng)
失而復得	(shī ér fù dé)
失風	(shī fēng)
失格	(shī gé)
失和	(shī hé)
失衡	(shī héng)
失怙	(shī hù)
失歡	(shī huān)
失悔	(shī huǐ)
失婚	(shī hūn)
失魂	(shī hún)
失魂落魄	(shī hún luò pò)
失活	(shī huó)
失火	(shī huǒ)
失節	(shī jié)
失禁	(shī jìn)
失敬	(shī jìng)
失控	(shī kòng)
失口	(shī kǒu)
失禮	(shī lǐ)
失利	(shī lì)
失聯	(shī lián)
失戀	(shī liàn)
失靈	(shī líng)
失落	(shī luò)
失迷	(shī mí)
失眠	(shī mián)
失面子	(shī miàn zi)
失明	(shī míng)
失明症	(shī míng zhèng)
失能	(shī néng)
失陪	(shī péi)
失期	(shī qī)
失竊	(shī qiè)
失去	(shī qù)
失去後勁	(shī qù hòu jìn)
失散	(shī sàn)
失色	(shī sè)
失身	(shī shēn)
失身分	(shī shēn fèn)
失神	(shī shén)
失聲	(shī shēng)
失實	(shī shí)
失事	(shī shì)
失恃	(shī shì)
失勢	(shī shì)
失手	(shī shǒu)
失守	(shī shǒu)
失速	(shī sù)
失算	(shī suàn)
失態	(shī tài)
失體面	(shī tǐ miàn)
失體統	(shī tǐ tǒng)
失望	(shī wàng)
失溫	(shī wēn)
失溫症	(shī wēn zhèng)
失物認領	(shī wù rèn lǐng)
失物招領	(shī wù zhāo lǐng)
失誤	(shī wù)
失笑	(shī xiào)
失效	(shī xiào)
失效日期	(shī xiào rì qī)
失寫症	(shī xiě zhèng)
失信	(shī xìn)
失信被執行人	(shī xìn bèi zhí xíng rén)
失修	(shī xiū)
失序	(shī xù)
失學	(shī xué)
失血	(shī xuè)
失血性貧血	(shī xuè xìng pín xuè)
失言	(shī yán)
失業	(shī yè)
失業率	(shī yè lǜ)
失業者	(shī yè zhě)
失宜	(shī yí)
失儀	(shī yí)
失意	(shī yì)
失憶	(shī yì)
失憶症	(shī yì zhèng)
失迎	(shī yíng)
失語	(shī yǔ)
失語症	(shī yǔ zhèng)
失約	(shī yuē)
失責	(shī zé)
失瞻	(shī zhān)
失張失智	(shī zhāng shī zhì)
失真	(shī zhēn)
失枕	(shī zhěn)
失之東隅，收之桑榆	(shī zhī dōng yú , shōu zhī sāng yú)
失之毫厘，謬以千里	(shī zhī háo lí , miù yǐ qiān lǐ)
失之毫釐，差以千里	(shī zhī háo lí , chà yǐ qiān lǐ)
失之毫釐，差之千里	(shī zhī háo lí , chà zhī qiān lǐ)
失之交臂	(shī zhī jiāo bì)
失職	(shī zhí)
失智	(shī zhì)
失智症	(shī zhì zhèng)
失重	(shī zhòng)
失主	(shī zhǔ)
失著	(shī zhāo)
失墜	(shī zhuì)
失準	(shī zhǔn)
失蹤	(shī zōng)
失足	(shī zú)
施	(shī)
施暴	(shī bào)
施秉縣	(shī bǐng xiàn)
施打	(shī dǎ)
施甸縣	(shī diàn xiàn)
施恩	(shī ēn)
施法	(shī fǎ)
施放	(shī fàng)
施肥	(shī féi)
施工	(shī gōng)
施工單位	(shī gōng dān wèi)
施華洛世奇水晶	(shī huá luò shì qí shuǐ jīng)
施惠	(shī huì)
施加	(shī jiā)
施教	(shī jiào)
施救	(shī jiù)
施琅	(shī láng)
施禮	(shī lǐ)
施羅德	(shī luó dé)
施密特	(shī mì tè)
施耐庵	(shī nài ān)
施虐	(shī nüè)
施虐狂	(shī nüè kuáng)
施虐癖	(shī nüè pǐ)
施虐受虐	(shī nüè shòu nüè)
施虐者	(shī nüè zhě)
施捨	(shī shě)
施食	(shī shí)
施事	(shī shì)
施事者	(shī shì zhě)
施泰爾馬克	(shī tài ěr mǎ kè)
施特勞斯	(shī tè láo sī)
施瓦布	(shī wǎ bù)
施洗	(shī xǐ)
施洗約翰	(shī xǐ yuē hàn)
施洗者約翰	(shī xǐ zhě yuē hàn)
施行	(shī xíng)
施壓	(shī yā)
施以	(shī yǐ)
施用	(shī yòng)
施予	(shī yǔ)
施與	(shī yǔ)
施樂	(shī lè)
施展	(shī zhǎn)
施政	(shī zhèng)
施政報告	(shī zhèng bào gào)
施治	(shī zhì)
施粥捨飯	(shī zhōu shě fàn)
施主	(shī zhǔ)
施主能級	(shī zhǔ néng jí)
屍	(shī)
屍斑	(shī bān)
屍布	(shī bù)
屍臭	(shī chòu)
屍骨	(shī gǔ)
屍骸	(shī hái)
屍橫遍野	(shī héng biàn yě)
屍檢	(shī jiǎn)
屍僵	(shī jiāng)
屍塊	(shī kuài)
屍山血海	(shī shān xuè hǎi)
屍身	(shī shēn)
屍首	(shī shou)
屍體	(shī tǐ)
屍體袋	(shī tǐ dài)
屍體解剖	(shī tǐ jiě pōu)
屍體剖檢	(shī tǐ pōu jiǎn)
師	(shī)
師表	(shī biǎo)
師長	(shī zhǎng)
師出無名	(shī chū wú míng)
師出有名	(shī chū yǒu míng)
師從	(shī cóng)
師大	(shī dà)
師弟	(shī dì)
師範	(shī fàn)
師範大學	(shī fàn dà xué)
師範學院	(shī fàn xué yuàn)
師父	(shī fu)
師父領進門，修行在個人	(shī fu lǐng jìn mén , xiū xíng zài gè rén)
師傅	(shī fu)
師公	(shī gōng)
師古	(shī gǔ)
師姐	(shī jiě)
師妹	(shī mèi)
師母	(shī mǔ)
師奶	(shī nǎi)
師娘	(shī niáng)
師生	(shī shēng)
師太	(shī tài)
師徒	(shī tú)
師兄	(shī xiōng)
師兄弟	(shī xiōng dì)
師爺	(shī yé)
師夷長技以制夷	(shī yí cháng jì yǐ zhì yí)
師友	(shī yǒu)
師丈	(shī zhàng)
師資	(shī zī)
師宗縣	(shī zōng xiàn)
師祖	(shī zǔ)
師尊	(shī zūn)
師座	(shī zuò)
十	(shí)
十八	(shí bā)
十倍	(shí bèi)
十邊形	(shí biān xíng)
十常侍	(shí cháng shì)
十成	(shí chéng)
十動然拒	(shí dòng rán jù)
十賭九輸	(shí dǔ jiǔ shū)
十多億	(shí duō yì)
十惡不赦	(shí è bù shè)
十二	(shí èr)
十二邊形	(shí èr biān xíng)
十二分	(shí èr fēn)
十二宮	(shí èr gōng)
十二角形	(shí èr jiǎo xíng)
十二經	(shí èr jīng)
十二經脈	(shí èr jīng mài)
十二碼	(shí èr mǎ)
十二面體	(shí èr miàn tǐ)
十二平均律	(shí èr píng jūn lǜ)
十二時辰	(shí èr shí chen)
十二星座	(shí èr xīng zuò)
十二月	(shí èr yuè)
十二月份	(shí èr yuè fèn)
十二指腸	(shí èr zhǐ cháng)
十分	(shí fēn)
十分位數	(shí fēn wèi shù)
十分之一	(shí fēn zhī yī)
十干	(shí gān)
十幾	(shí jǐ)
十角形	(shí jiǎo xíng)
十戒	(shí jiè)
十誡	(shí jiè)
十錦	(shí jǐn)
十進	(shí jìn)
十進位	(shí jìn wèi)
十進位法	(shí jìn wèi fǎ)
十進制	(shí jìn zhì)
十九	(shí jiǔ)
十克	(shí kè)
十里洋場	(shí lǐ yáng chǎng)
十六	(shí liù)
十六國	(shí liù guó)
十六進制	(shí liù jìn zhì)
十六烷值	(shí liù wán zhí)
十面埋伏	(shí miàn mái fú)
十拿九穩	(shí ná jiǔ wěn)
十年樹木，百年樹人	(shí nián shù mù , bǎi nián shù rén)
十七	(shí qī)
十七孔橋	(shí qī kǒng qiáo)
十全	(shí quán)
十全十美	(shí quán shí měi)
十三	(shí sān)
十三點	(shí sān diǎn)
十三經	(shí sān jīng)
十三日	(shí sān rì)
十三張	(shí sān zhāng)
十數	(shí shù)
十四行詩	(shí sì háng shī)
十天干	(shí tiān gān)
十瓦	(shí wǎ)
十萬	(shí wàn)
十萬八千里	(shí wàn bā qiān lǐ)
十萬火急	(shí wàn huǒ jí)
十萬位	(shí wàn wèi)
十位	(shí wèi)
十五	(shí wǔ)
十項	(shí xiàng)
十項全能	(shí xiàng quán néng)
十堰市	(shí yàn shì)
十一	(shí yī)
十一路	(shí yī lù)
十一月	(shí yī yuè)
十一月份	(shí yī yuè fèn)
十億	(shí yì)
十億位元	(shí yì wèi yuán)
十有八九	(shí yǒu bā jiǔ)
十月	(shí yuè)
十月份	(shí yuè fèn)
十月革命	(shí yuè gé mìng)
十之八九	(shí zhī bā jiǔ)
十指不沾陽春水	(shí zhǐ bù zhān yáng chūn shuǐ)
十字	(shí zì)
十字鎬	(shí zì gǎo)
十字花科	(shí zì huā kē)
十字架	(shí zì jià)
十字架刑	(shí zì jià xíng)
十字軍	(shí zì jūn)
十字軍東征	(shí zì jūn dōng zhēng)
十字路口	(shí zì lù kǒu)
十字螺絲刀	(shí zì luó sī dāo)
十字絲	(shí zì sī)
十字形	(shí zì xíng)
十字繡	(shí zì xiù)
十字轉門	(shí zì zhuàn mén)
十足	(shí zú)
䂖	(shí)
囸	(rì)
旹	(shí)
拾	(shè)
拾得	(shí dé)
拾掇	(shí duo)
拾荒	(shí huāng)
拾獲	(shí huò)
拾級	(shè jí)
拾級而上	(shè jí ér shàng)
拾芥	(shí jiè)
拾金不昧	(shí jīn bù mèi)
拾零	(shí líng)
拾取	(shí qǔ)
拾人涕唾	(shí rén tì tuò)
拾人牙慧	(shí rén yá huì)
拾物	(shí wù)
拾遺	(shí yí)
拾遺補缺	(shí yí bǔ quē)
拾音器	(shí yīn qì)
時	(shí)
時報	(shí bào)
時弊	(shí bì)
時不時	(shí bù shí)
時不我待	(shí bù wǒ dài)
時不再來	(shí bù zài lái)
時菜	(shí cài)
時差	(shí chā)
時長	(shí cháng)
時常	(shí cháng)
時辰	(shí chen)
時辰未到	(shí chen wèi dào)
時程	(shí chéng)
時戳	(shí chuō)
時大時小	(shí dà shí xiǎo)
時代	(shí dài)
時代廣場	(shí dài guǎng chǎng)
時代華納	(shí dài huá nà)
時點	(shí diǎn)
時調	(shí diào)
時段	(shí duàn)
時段分析	(shí duàn fēn xī)
時斷時續	(shí duàn shí xù)
時而	(shí ér)
時分	(shí fēn)
時隔	(shí gé)
時乖命蹇	(shí guāi mìng jiǎn)
時光	(shí guāng)
時光機	(shí guāng jī)
時過境遷	(shí guò jìng qiān)
時好時壞	(shí hǎo shí huài)
時候	(shí hou)
時機	(shí jī)
時價	(shí jià)
時間	(shí jiān)
時間表	(shí jiān biǎo)
時間不早了	(shí jiān bù zǎo le)
時間測定學	(shí jiān cè dìng xué)
時間差	(shí jiān chā)
時間差攻擊	(shí jiān chā gōng jī)
時間戳	(shí jiān chuō)
時間點	(shí jiān diǎn)
時間簡史	(shí jiān jiǎn shǐ)
時間膠囊	(shí jiān jiāo náng)
時間進程	(shí jiān jìn chéng)
時間囊	(shí jiān náng)
時間區間	(shí jiān qū jiān)
時間是把殺豬刀	(shí jiān shì bǎ shā zhū dāo)
時間線	(shí jiān xiàn)
時間序列	(shí jiān xù liè)
時間軸	(shí jiān zhóu)
時節	(shí jié)
時局	(shí jú)
時刻	(shí kè)
時刻表	(shí kè biǎo)
時刻準備	(shí kè zhǔn bèi)
時空	(shí kōng)
時空穿梭	(shí kōng chuān suō)
時空穿越	(shí kōng chuān yuè)
時空錯置	(shí kōng cuò zhì)
時空錯置感	(shí kōng cuò zhì gǎn)
時空膠囊	(shí kōng jiāo náng)
時空旅行	(shí kōng lǚ xíng)
時來運轉	(shí lái yùn zhuǎn)
時令	(shí lìng)
時髦	(shí máo)
時期	(shí qī)
時區	(shí qū)
時任	(shí rèn)
時日	(shí rì)
時日無多	(shí rì wú duō)
時尚	(shí shàng)
時時	(shí shí)
時時刻刻	(shí shí kè kè)
時式	(shí shì)
時事	(shí shì)
時勢	(shí shì)
時勢造英雄	(shí shì zào yīng xióng)
時蔬	(shí shū)
時俗	(shí sú)
時速	(shí sù)
時綏	(shí suí)
時態	(shí tài)
時文	(shí wén)
時下	(shí xià)
時顯時隱	(shí xiǎn shí yǐn)
時限	(shí xiàn)
時效	(shí xiào)
時效法	(shí xiào fǎ)
時效性	(shí xiào xìng)
時寫時輟	(shí xiě shí chuò)
時薪	(shí xīn)
時興	(shí xīng)
時序	(shí xù)
時訊	(shí xùn)
時延	(shí yán)
時宜	(shí yí)
時隱時現	(shí yǐn shí xiàn)
時雍	(shí yōng)
時有所聞	(shí yǒu suǒ wén)
時運	(shí yùn)
時運不濟	(shí yùn bù jì)
時運亨通	(shí yùn hēng tōng)
時針	(shí zhēn)
時政	(shí zhèng)
時至今日	(shí zhì jīn rì)
時鐘	(shí zhōng)
時鐘座	(shí zhōng zuò)
時裝	(shí zhuāng)
時裝表演	(shí zhuāng biǎo yǎn)
時裝劇	(shí zhuāng jù)
時裝鞋	(shí zhuāng xié)
時裝秀	(shí zhuāng xiù)
時租	(shí zū)
寔	(shí)
塒	(shí)
實	(shí)
實報實銷	(shí bào shí xiāo)
實變	(shí biàn)
實變函數	(shí biàn hán shù)
實變函數論	(shí biàn hán shù lùn)
實不相瞞	(shí bù xiāng mán)
實參	(shí cān)
實操	(shí cāo)
實測	(shí cè)
實誠	(shí chéng)
實穿	(shí chuān)
實錘	(shí chuí)
實詞	(shí cí)
實打實	(shí dǎ shí)
實彈	(shí dàn)
實地	(shí dì)
實地訪視	(shí dì fǎng shì)
實分析	(shí fēn xī)
實付	(shí fù)
實幹	(shí gàn)
實幹家	(shí gàn jiā)
實根	(shí gēn)
實話	(shí huà)
實話實說	(shí huà shí shuō)
實惠	(shí huì)
實際	(shí jì)
實際參數	(shí jì cān shù)
實際控制人	(shí jì kòng zhì rén)
實際控制線	(shí jì kòng zhì xiàn)
實際情況	(shí jì qíng kuàng)
實際上	(shí jì shàng)
實際性	(shí jì xìng)
實際應用	(shí jì yìng yòng)
實踐	(shí jiàn)
實踐是檢驗真理的唯一標準	(shí jiàn shì jiǎn yàn zhēn lǐ de wéi yī biāo zhǔn)
實繳資本	(shí jiǎo zī běn)
實景	(shí jǐng)
實據	(shí jù)
實控人	(shí kòng rén)
實況	(shí kuàng)
實況錄音	(shí kuàng lù yīn)
實況照片	(shí kuàng zhào piàn)
實況主	(shí kuàng zhǔ)
實況轉播	(shí kuàng zhuǎn bō)
實力	(shí lì)
實力主義	(shí lì zhǔ yì)
實利	(shí lì)
實利主義	(shí lì zhǔ yì)
實例	(shí lì)
實名	(shí míng)
實名制	(shí míng zhì)
實木	(shí mù)
實女	(shí nǚ)
實拍	(shí pāi)
實情	(shí qíng)
實權	(shí quán)
實施	(shí shī)
實施例	(shí shī lì)
實時	(shí shí)
實事	(shí shì)
實事求是	(shí shì qiú shì)
實收	(shí shōu)
實收資本	(shí shōu zī běn)
實受資本	(shí shou zī běn)
實屬	(shí shǔ)
實屬不易	(shí shǔ bù yì)
實數	(shí shù)
實數集	(shí shù jí)
實數值	(shí shù zhí)
實歲	(shí suì)
實體	(shí tǐ)
實體層	(shí tǐ céng)
實體店	(shí tǐ diàn)
實體書	(shí tǐ shū)
實物	(shí wù)
實物教學	(shí wù jiào xué)
實務	(shí wù)
實習	(shí xí)
實習生	(shí xí shēng)
實現	(shí xiàn)
實線	(shí xiàn)
實相	(shí xiàng)
實效	(shí xiào)
實心	(shí xīn)
實心皮球	(shí xīn pí qiú)
實行	(shí xíng)
實驗	(shí yàn)
實驗室	(shí yàn shì)
實驗室感染	(shí yàn shì gǎn rǎn)
實驗所	(shí yàn suǒ)
實驗心理學	(shí yàn xīn lǐ xué)
實驗組	(shí yàn zǔ)
實洋	(shí yáng)
實業	(shí yè)
實業家	(shí yè jiā)
實意	(shí yì)
實用	(shí yòng)
實用價值	(shí yòng jià zhí)
實用主義	(shí yòng zhǔ yì)
實在	(shí zài)
實則	(shí zé)
實戰	(shí zhàn)
實證	(shí zhèng)
實證主義	(shí zhèng zhǔ yì)
實值	(shí zhí)
實職	(shí zhí)
實至名歸	(shí zhì míng guī)
實質	(shí zhì)
實質上	(shí zhì shàng)
實質性	(shí zhì xìng)
實肘	(shí zhǒu)
實足	(shí zú)
史	(shǐ)
史冊	(shǐ cè)
史臣	(shǐ chén)
史稱	(shǐ chēng)
史傳	(shǐ zhuàn)
史傳小說	(shǐ zhuàn xiǎo shuō)
史黛西	(shǐ dài xī)
史丹頓島	(shǐ dān dùn dǎo)
史丹佛	(shǐ dān fó)
史丹福大學	(shǐ dān fú dà xué)
史迪威	(shǐ dí wēi)
史蒂夫	(shǐ dì fū)
史蒂夫·喬布斯	(shǐ dì fū qiáo bù sī)
史蒂文	(shǐ dì wén)
史蒂文斯	(shǐ dì wén sī)
史高比耶	(shǐ gāo bǐ yē)
史官	(shǐ guān)
史觀	(shǐ guān)
史籍	(shǐ jí)
史家	(shǐ jiā)
史景遷	(shǐ jǐng qiān)
史萊姆	(shǐ lái mǔ)
史料	(shǐ liào)
史密斯	(shǐ mì sī)
史沫特萊	(shǐ mò tè lái)
史奴比	(shǐ nú bǐ)
史努比	(shǐ nǔ bǐ)
史普尼克	(shǐ pǔ ní kè)
史前	(shǐ qián)
史前古器物	(shǐ qián gǔ qì wù)
史前人	(shǐ qián rén)
史上	(shǐ shàng)
史詩	(shǐ shī)
史詩般	(shǐ shī bān)
史詩級	(shǐ shī jí)
史詩性	(shǐ shī xìng)
史實	(shǐ shí)
史氏蝗鶯	(shǐ shì huáng yīng)
史書	(shǐ shū)
史泰博	(shǐ tài bó)
史特勞斯	(shǐ tè láo sī)
史特龍	(shǐ tè lóng)
史提夫·賈伯斯	(shǐ tí fū · jiǎ bó sī)
史瓦帝尼	(shǐ wǎ dì ní)
史瓦濟蘭	(shǐ wǎ jì lán)
史瓦辛格	(shǐ wǎ xīn gé)
史威士	(shǐ wēi shì)
史無前例	(shǐ wú qián lì)
史學	(shǐ xué)
史學家	(shǐ xué jiā)
史卓	(shǐ zhuó)
乨	(shǐ)
使	(shǐ)
使不得	(shǐ bu de)
使成	(shǐ chéng)
使出	(shǐ chū)
使得	(shǐ de)
使館	(shǐ guǎn)
使壞	(shǐ huài)
使喚	(shǐ huan)
使節	(shǐ jié)
使節團	(shǐ jié tuán)
使勁	(shǐ jìn)
使勁兒	(shǐ jìn r)
使盡	(shǐ jìn)
使領官員	(shǐ lǐng guān yuán)
使領館	(shǐ lǐng guǎn)
使命	(shǐ mìng)
使然	(shǐ rán)
使人信服	(shǐ rén xìn fú)
使徒	(shǐ tú)
使徒行傳	(shǐ tú xíng zhuàn)
使團	(shǐ tuán)
使性	(shǐ xìng)
使性子	(shǐ xìng zi)
使眼色	(shǐ yǎn sè)
使役	(shǐ yì)
使用	(shǐ yòng)
使用價值	(shǐ yòng jià zhí)
使用量	(shǐ yòng liàng)
使用權	(shǐ yòng quán)
使用條款	(shǐ yòng tiáo kuǎn)
使用者	(shǐ yòng zhě)
使者	(shǐ zhě)
始	(shǐ)
始點	(shǐ diǎn)
始發	(shǐ fā)
始建	(shǐ jiàn)
始料未及	(shǐ liào wèi jí)
始末	(shǐ mò)
始新紀	(shǐ xīn jì)
始新世	(shǐ xīn shì)
始新統	(shǐ xīn tǒng)
始興縣	(shǐ xīng xiàn)
始業式	(shǐ yè shì)
始終	(shǐ zhōng)
始終不渝	(shǐ zhōng bù yú)
始終如一	(shǐ zhōng rú yī)
始祖	(shǐ zǔ)
始祖鳥	(shǐ zǔ niǎo)
始作俑者	(shǐ zuò yǒng zhě)
兘	(shǐ)
宩	(shǐ)
屎	(shǐ)
屎蚵螂	(shǐ kē láng)
屎意	(shǐ yì)
士	(shì)
士巴拿	(shì bā ná)
士兵	(shì bīng)
士大夫	(shì dà fū)
士丹利	(shì dān lì)
士多	(shì duō)
士多啤梨	(shì duō pí lí)
士官	(shì guān)
士力架	(shì lì jià)
士林	(shì lín)
士林區	(shì lín qū)
士敏土	(shì mǐn tǔ)
士農工商	(shì nóng gōng shāng)
士氣	(shì qì)
士人	(shì rén)
士師記	(shì shī jì)
士為知己者死，女為悅己者容	(shì wèi zhī jǐ zhě sǐ , nǚ wèi yuè jǐ zhě róng)
士子	(shì zǐ)
士卒	(shì zú)
士族	(shì zú)
世	(shì)
世伯	(shì bó)
世博	(shì bó)
世博會	(shì bó huì)
世仇	(shì chóu)
世代	(shì dài)
世代交替	(shì dài jiāo tì)
世代相傳	(shì dài xiāng chuán)
世道	(shì dào)
世風	(shì fēng)
世風日下	(shì fēng rì xià)
世故	(shì gù)
世紀	(shì jì)
世紀末	(shì jì mò)
世紀末年	(shì jì mò nián)
世家	(shì jiā)
世間	(shì jiān)
世交	(shì jiāo)
世界	(shì jiè)
世界報	(shì jiè bào)
世界杯	(shì jiè bēi)
世界變暖	(shì jiè biàn nuǎn)
世界波	(shì jiè bō)
世界博覽會	(shì jiè bó lǎn huì)
世界大戰	(shì jiè dà zhàn)
世界第一	(shì jiè dì yī)
世界各地	(shì jiè gè dì)
世界觀	(shì jiè guān)
世界海關組織	(shì jiè hǎi guān zǔ zhī)
世界和平	(shì jiè hé píng)
世界級	(shì jiè jí)
世界紀錄	(shì jiè jì lù)
世界金融中心	(shì jiè jīn róng zhōng xīn)
世界經濟	(shì jiè jīng jì)
世界經濟論壇	(shì jiè jīng jì lùn tán)
世界糧食署	(shì jiè liáng shi shǔ)
世界旅遊組織	(shì jiè lǚ yóu zǔ zhī)
世界貿易	(shì jiè mào yì)
世界貿易中心	(shì jiè mào yì zhōng xīn)
世界貿易組織	(shì jiè mào yì zǔ zhī)
世界末日	(shì jiè mò rì)
世界氣象組織	(shì jiè qì xiàng zǔ zhī)
世界強國	(shì jiè qiáng guó)
世界人權宣言	(shì jiè rén quán xuān yán)
世界日報	(shì jiè rì bào)
世界維吾爾代表大會	(shì jiè wéi wú ěr dài biǎo dà huì)
世界衛生大會	(shì jiè wèi shēng dà huì)
世界衛生組織	(shì jiè wèi shēng zǔ zhī)
世界文化遺產	(shì jiè wén huà yí chǎn)
世界文化遺產地	(shì jiè wén huà yí chǎn dì)
世界聞名	(shì jiè wén míng)
世界屋脊	(shì jiè wū jǐ)
世界小姐選美	(shì jiè xiǎo jie xuǎn měi)
世界野生生物基金會	(shì jiè yě shēng shēng wù jī jīn huì)
世界銀行	(shì jiè yín háng)
世界語	(shì jiè yǔ)
世界運動會	(shì jiè yùn dòng huì)
世界知名	(shì jiè zhī míng)
世界知識產權組織	(shì jiè zhī shí chǎn quán zǔ zhī)
世界自然基金會	(shì jiè zì rán jī jīn huì)
世錦賽	(shì jǐn sài)
世局	(shì jú)
世爵	(shì jué)
世祿	(shì lù)
世祿之家	(shì lù zhī jiā)
世貿	(shì mào)
世貿大廈	(shì mào dà shà)
世貿中心大樓	(shì mào zhōng xīn dà lóu)
世貿組織	(shì mào zǔ zhī)
世面	(shì miàn)
世母	(shì mǔ)
世情	(shì qíng)
世人	(shì rén)
世上	(shì shàng)
世世	(shì shì)
世世代代	(shì shì dài dài)
世事	(shì shì)
世說新語	(shì shuō xīn yǔ)
世俗	(shì sú)
世態	(shì tài)
世態炎涼	(shì tài yán liáng)
世濤	(shì tāo)
世維會	(shì wéi huì)
世衛	(shì wèi)
世衛組織	(shì wèi zǔ zhī)
世務	(shì wù)
世襲	(shì xí)
世襲君主國	(shì xí jūn zhǔ guó)
世襲罔替	(shì xí wǎng tì)
世襲之爭	(shì xí zhī zhēng)
世系	(shì xì)
世相	(shì xiàng)
世行	(shì háng)
世銀	(shì yín)
世運	(shì yùn)
世職	(shì zhí)
世胄	(shì zhòu)
世子	(shì zǐ)
世足	(shì zú)
世尊	(shì zūn)
丗	(shì)
仕	(shì)
仕宦	(shì huàn)
仕女	(shì nǚ)
仕途	(shì tú)
市	(shì)
市北區	(shì běi qū)
市曹	(shì cáo)
市長	(shì zhǎng)
市場	(shì chǎng)
市場調查	(shì chǎng diào chá)
市場定位	(shì chǎng dìng wèi)
市場份額	(shì chǎng fèn é)
市場化	(shì chǎng huà)
市場劃分	(shì chǎng huà fēn)
市場換技術	(shì chǎng huàn jì shù)
市場價	(shì chǎng jià)
市場經濟	(shì chǎng jīng jì)
市場競爭	(shì chǎng jìng zhēng)
市場營銷	(shì chǎng yíng xiāo)
市場佔有率	(shì chǎng zhàn yǒu lǜ)
市場准入	(shì chǎng zhǔn rù)
市尺	(shì chǐ)
市寸	(shì cùn)
市撮	(shì cuō)
市電	(shì diàn)
市分	(shì fēn)
市府	(shì fǔ)
市集	(shì jí)
市價	(shì jià)
市郊	(shì jiāo)
市井	(shì jǐng)
市井小民	(shì jǐng xiǎo mín)
市淨率	(shì jìng lǜ)
市儈	(shì kuài)
市立	(shì lì)
市面	(shì miàn)
市面上	(shì miàn shàng)
市民	(shì mín)
市民社會	(shì mín shè huì)
市南區	(shì nán qū)
市內	(shì nèi)
市區	(shì qū)
市容	(shì róng)
市委	(shì wěi)
市轄區	(shì xiá qū)
市縣	(shì xiàn)
市議會	(shì yì huì)
市議員	(shì yì yuán)
市盈率	(shì yíng lǜ)
市佔率	(shì zhàn lǜ)
市丈	(shì zhàng)
市鎮	(shì zhèn)
市政	(shì zhèng)
市政府	(shì zhèng fǔ)
市政稅	(shì zhèng shuì)
市政廳	(shì zhèng tīng)
市值	(shì zhí)
市制	(shì zhì)
市中區	(shì zhōng qū)
市中心	(shì zhōng xīn)
式	(shì)
式微	(shì wēi)
式樣	(shì yàng)
式子	(shì zi)
卋	(shì)
似	(sì)
似曾相識	(sì céng xiāng shí)
似地	(shì de)
似的	(shì de)
似懂非懂	(sì dǒng fēi dǒng)
似鯝	(sì gù)
似核	(sì hé)
似乎	(sì hū)
似是而非	(sì shì ér fēi)
似水年華	(sì shuǐ nián huá)
似笑非笑	(sì xiào fēi xiào)
似雪	(sì xuě)
亊	(shì)
柹	(shì)
事	(shì)
事半功倍	(shì bàn gōng bèi)
事倍功半	(shì bèi gōng bàn)
事必躬親	(shì bì gōng qīn)
事變	(shì biàn)
事不關己	(shì bù guān jǐ)
事不關己，高高掛起	(shì bù guān jǐ , gāo gāo guà qǐ)
事不過三	(shì bù guò sān)
事不宜遲	(shì bù yí chí)
事到今日	(shì dào jīn rì)
事到臨頭	(shì dào lín tóu)
事到如今	(shì dào rú jīn)
事典	(shì diǎn)
事端	(shì duān)
事兒	(shì r)
事兒B	(shì r b)
事兒媽	(shì r mā)
事發地點	(shì fā dì diǎn)
事奉	(shì fèng)
事工	(shì gōng)
事故	(shì gù)
事故照射	(shì gù zhào shè)
事關	(shì guān)
事關重大	(shì guān zhòng dà)
事過境遷	(shì guò jìng qiān)
事後	(shì hòu)
事後聰明	(shì hòu cōng ming)
事後諸葛亮	(shì hòu zhū gě liàng)
事機	(shì jī)
事蹟	(shì jì)
事假	(shì jià)
事件	(shì jiàn)
事件相關電位	(shì jiàn xiāng guān diàn wèi)
事界	(shì jiè)
事理	(shì lǐ)
事例	(shì lì)
事略	(shì lüè)
事怕行家	(shì pà háng jiā)
事前	(shì qián)
事情	(shì qing)
事權	(shì quán)
事實	(shì shí)
事實根據	(shì shí gēn jù)
事實婚	(shì shí hūn)
事實婚姻	(shì shí hūn yīn)
事實上	(shì shí shàng)
事實勝於雄辯	(shì shí shèng yú xióng biàn)
事事	(shì shì)
事勢	(shì shì)
事態	(shì tài)
事態發展	(shì tài fā zhǎn)
事體	(shì tǐ)
事危累卵	(shì wēi lěi luǎn)
事無巨細	(shì wú jù xì)
事物	(shì wù)
事務	(shì wù)
事務繁忙	(shì wù fán máng)
事務律師	(shì wù lǜ shī)
事務所	(shì wù suǒ)
事先	(shì xiān)
事先通知	(shì xiān tōng zhī)
事項	(shì xiàng)
事業	(shì yè)
事業編	(shì yè biān)
事業單位	(shì yè dān wèi)
事業線	(shì yè xiàn)
事業心	(shì yè xīn)
事業有成	(shì yè yǒu chéng)
事宜	(shì yí)
事由	(shì yóu)
事與願違	(shì yǔ yuàn wéi)
事在人為	(shì zài rén wéi)
事證	(shì zhèng)
事主	(shì zhǔ)
侍	(shì)
侍從	(shì cóng)
侍從官	(shì cóng guān)
侍奉	(shì fèng)
侍候	(shì hòu)
侍郎	(shì láng)
侍立	(shì lì)
侍弄	(shì nòng)
侍女	(shì nǚ)
侍妾	(shì qiè)
侍衛	(shì wèi)
侍衛官	(shì wèi guān)
侍應	(shì yìng)
侍應生	(shì yìng shēng)
侍者	(shì zhě)
拭	(shì)
拭除	(shì chú)
拭抹	(shì mǒ)
拭目	(shì mù)
拭目傾耳	(shì mù qīng ěr)
拭目以待	(shì mù yǐ dài)
拭子	(shì zi)
柿	(shì)
柿餅	(shì bǐng)
柿子	(shì zi)
柿子椒	(shì zi jiāo)
柿子挑軟的捏	(shì zi tiāo ruǎn de niē)
昰	(shì)
是	(shì)
是不是	(shì bu shì)
是次	(shì cì)
是德科技	(shì dé kē jì)
是的	(shì de)
是非	(shì fēi)
是非不分	(shì fēi bù fēn)
是非分明	(shì fēi fēn míng)
是非莫辨	(shì fēi mò biàn)
是非曲直	(shì fēi qū zhí)
是非之地	(shì fēi zhī dì)
是非自有公論	(shì fēi zì yǒu gōng lùn)
是否	(shì fǒu)
是故	(shì gù)
是荷	(shì hé)
是可忍，孰不可忍	(shì kě rěn , shú bù kě rěn)
是拉差	(shì lā chā)
是騾子是馬，牽出來遛遛	(shì luó zi shì mǎ , qiān chū lai liù liu)
是日	(shì rì)
是味兒	(shì wèi r)
是藥三分毒	(shì yào sān fēn dú)
是以	(shì yǐ)
恃	(shì)
恃才傲物	(shì cái ào wù)
恃強欺弱	(shì qiáng qī ruò)
室	(shì)
室顫	(shì chàn)
室町	(shì tǐng)
室町幕府	(shì tǐng mù fǔ)
室邇人遐	(shì ěr rén xiá)
室內	(shì nèi)
室內設計	(shì nèi shè jì)
室內樂	(shì nèi yuè)
室內裝潢	(shì nèi zhuāng huáng)
室女	(shì nǚ)
室女座	(shì nǚ zuò)
室外	(shì wài)
室韋	(shì wéi)
室溫	(shì wēn)
室友	(shì yǒu)
揓	(shì)
媞	(tí)
勢	(shì)
勢必	(shì bì)
勢不可當	(shì bù kě dāng)
勢不兩立	(shì bù liǎng lì)
勢成騎虎	(shì chéng qí hǔ)
勢單力薄	(shì dān lì bó)
勢降	(shì jiàng)
勢阱	(shì jǐng)
勢均力敵	(shì jūn lì dí)
勢力	(shì li)
勢利	(shì lì)
勢利小人	(shì li xiǎo rén)
勢利眼	(shì li yǎn)
勢能	(shì néng)
勢如破竹	(shì rú pò zhú)
勢態	(shì tài)
勢頭	(shì tóu)
勢要	(shì yào)
勢在必得	(shì zài bì dé)
勢在必行	(shì zài bì xíng)
勢子	(shì zi)
勢族	(shì zú)
嗜	(shì)
嗜好	(shì hào)
嗜鹼性粒細胞	(shì jiǎn xìng lì xì bāo)
嗜鹼性球	(shì jiǎn xìng qiú)
嗜酒如命	(shì jiǔ rú mìng)
嗜殺成性	(shì shā chéng xìng)
嗜睡症	(shì shuì zhèng)
嗜酸乳桿菌	(shì suān rǔ gǎn jūn)
嗜酸性粒細胞	(shì suān xìng lì xì bāo)
嗜酸性球	(shì suān xìng qiú)
嗜血	(shì xuè)
嗜血桿菌	(shì xuè gǎn jūn)
嗜慾	(shì yù)
弒	(shì)
弒父	(shì fù)
弒君	(shì jūn)
弒母	(shì mǔ)
奭	(shì)
噬	(shì)
噬菌體	(shì jūn tǐ)
噬臍莫及	(shì qí mò jí)
噬咬	(shì yǎo)
匙	(chí)
収	(shōu)
收	(shōu)
收報	(shōu bào)
收報機	(shōu bào jī)
收報人	(shōu bào rén)
收報室	(shōu bào shì)
收報員	(shōu bào yuán)
收編	(shōu biān)
收兵	(shōu bīng)
收殘綴軼	(shōu cán zhuì yì)
收藏	(shōu cáng)
收藏家	(shōu cáng jiā)
收藏夾	(shōu cáng jiā)
收場	(shōu chǎng)
收成	(shōu chéng)
收詞	(shōu cí)
收存	(shōu cún)
收存箱	(shōu cún xiāng)
收到	(shōu dào)
收地	(shōu dì)
收冬	(shōu dōng)
收發	(shōu fā)
收發室	(shōu fā shì)
收廢站	(shōu fèi zhàn)
收方	(shōu fāng)
收房	(shōu fáng)
收費	(shōu fèi)
收費站	(shōu fèi zhàn)
收伏	(shōu fú)
收服	(shōu fú)
收復	(shōu fù)
收復失地	(shōu fù shī dì)
收腹	(shōu fù)
收割	(shōu gē)
收割機	(shōu gē jī)
收割者	(shōu gē zhě)
收工	(shōu gōng)
收購	(shōu gòu)
收購要約	(shōu gòu yāo yuē)
收官	(shōu guān)
收回	(shōu huí)
收匯	(shōu huì)
收貨人	(shōu huò rén)
收獲	(shōu huò)
收穫	(shōu huò)
收穫節	(shōu huò jié)
收集	(shōu jí)
收假	(shōu jià)
收監	(shōu jiān)
收件人	(shōu jiàn rén)
收件匣	(shōu jiàn xiá)
收件箱	(shōu jiàn xiāng)
收繳	(shōu jiǎo)
收緊	(shōu jǐn)
收據	(shōu jù)
收看	(shōu kàn)
收口	(shōu kǒu)
收款	(shōu kuǎn)
收款臺	(shōu kuǎn tái)
收攬	(shōu lǎn)
收禮	(shōu lǐ)
收斂	(shōu liǎn)
收斂鋒芒	(shōu liǎn fēng máng)
收斂級數	(shōu liǎn jí shù)
收斂性	(shōu liǎn xìng)
收斂序列	(shōu liǎn xù liè)
收列	(shōu liè)
收留	(shōu liú)
收留所	(shōu liú suǒ)
收攏	(shōu lǒng)
收攏人心	(shōu lǒng rén xīn)
收錄	(shōu lù)
收錄機	(shōu lù jī)
收羅	(shōu luó)
收買	(shōu mǎi)
收納	(shōu nà)
收盤	(shōu pán)
收盤價	(shōu pán jià)
收票員	(shōu piào yuán)
收旗卷傘	(shōu qí juǎn sǎn)
收訖	(shōu qì)
收取	(shōu qǔ)
收容	(shōu róng)
收容教育	(shōu róng jiào yù)
收容人	(shōu róng rén)
收容所	(shōu róng suǒ)
收入	(shōu rù)
收山	(shōu shān)
收山之作	(shōu shān zhī zuò)
收生婆	(shōu shēng pó)
收聲	(shōu shēng)
收屍	(shōu shī)
收拾	(shōu shi)
收拾殘局	(shōu shi cán jú)
收市	(shōu shì)
收視	(shōu shì)
收視率	(shōu shì lǜ)
收手	(shōu shǒu)
收受	(shōu shòu)
收束	(shōu shù)
收稅	(shōu shuì)
收縮	(shōu suō)
收縮壓	(shōu suō yā)
收條	(shōu tiáo)
收聽	(shōu tīng)
收妥	(shōu tuǒ)
收尾	(shōu wěi)
收尾音	(shōu wěi yīn)
收悉	(shōu xī)
收下	(shōu xià)
收線	(shōu xiàn)
收效	(shōu xiào)
收心	(shōu xīn)
收訊	(shōu xùn)
收押	(shōu yā)
收養	(shōu yǎng)
收益	(shōu yì)
收益率	(shōu yì lǜ)
收益帳戶	(shōu yì zhàng hù)
收音	(shōu yīn)
收音機	(shōu yīn jī)
收銀	(shōu yín)
收銀機	(shōu yín jī)
收銀台	(shōu yín tái)
收銀員	(shōu yín yuán)
收支	(shōu zhī)
收支平衡點	(shōu zhī píng héng diǎn)
收支相抵	(shōu zhī xiāng dǐ)
收租	(shōu zū)
手	(shǒu)
手把	(shǒu bà)
手扳葫蘆	(shǒu bān hú lu)
手板葫蘆	(shǒu bǎn hú lu)
手辦	(shǒu bàn)
手包	(shǒu bāo)
手背	(shǒu bèi)
手筆	(shǒu bǐ)
手臂	(shǒu bì)
手邊	(shǒu biān)
手錶	(shǒu biǎo)
手柄	(shǒu bǐng)
手脖子	(shǒu bó zi)
手不釋卷	(shǒu bù shì juàn)
手殘	(shǒu cán)
手冊	(shǒu cè)
手抄本	(shǒu chāo běn)
手掣	(shǒu chè)
手錘	(shǒu chuí)
手搓	(shǒu cuō)
手搭涼棚	(shǒu dā liáng péng)
手刀	(shǒu dāo)
手嶌葵	(shǒu dǎo kuí)
手到拈來	(shǒu dào niān lái)
手到擒來	(shǒu dào qín lái)
手倒立	(shǒu dào lì)
手電	(shǒu diàn)
手電筒	(shǒu diàn tǒng)
手定	(shǒu dìng)
手動	(shǒu dòng)
手動變速器	(shǒu dòng biàn sù qì)
手動擋	(shǒu dòng dǎng)
手段	(shǒu duàn)
手法	(shǒu fǎ)
手風琴	(shǒu fēng qín)
手縫	(shǒu féng)
手感	(shǒu gǎn)
手稿	(shǒu gǎo)
手工	(shǒu gōng)
手工檯	(shǒu gōng tái)
手工業	(shǒu gōng yè)
手工藝	(shǒu gōng yì)
手滑	(shǒu huá)
手環	(shǒu huán)
手繪	(shǒu huì)
手活	(shǒu huó)
手機	(shǒu jī)
手機卡	(shǒu jī kǎ)
手機殼	(shǒu jī ké)
手機條碼	(shǒu jī tiáo mǎ)
手記	(shǒu jì)
手跡	(shǒu jì)
手賤	(shǒu jiàn)
手交	(shǒu jiāo)
手腳	(shǒu jiǎo)
手腳不乾淨	(shǒu jiǎo bù gān jìng)
手巾	(shǒu jīn)
手筋	(shǒu jīn)
手緊	(shǒu jǐn)
手勁	(shǒu jìn)
手頸	(shǒu jǐng)
手舉牌	(shǒu jǔ pái)
手鋸	(shǒu jù)
手卷	(shǒu juàn)
手捲	(shǒu juǎn)
手絹	(shǒu juàn)
手銬	(shǒu kào)
手控	(shǒu kòng)
手拉車	(shǒu lā chē)
手拉葫蘆	(shǒu lā hú lu)
手拉手	(shǒu lā shǒu)
手雷	(shǒu léi)
手裡	(shǒu lǐ)
手裡劍	(shǒu lǐ jiàn)
手鏈	(shǒu liàn)
手榴彈	(shǒu liú dàn)
手忙腳亂	(shǒu máng jiǎo luàn)
手拿	(shǒu ná)
手拿包	(shǒu ná bāo)
手帕	(shǒu pà)
手排	(shǒu pái)
手氣	(shǒu qì)
手牽手	(shǒu qiān shǒu)
手欠	(shǒu qiàn)
手槍	(shǒu qiāng)
手巧	(shǒu qiǎo)
手球	(shǒu qiú)
手刃	(shǒu rèn)
手軟	(shǒu ruǎn)
手剎	(shǒu shā)
手剎車	(shǒu shā chē)
手式	(shǒu shì)
手勢	(shǒu shì)
手書	(shǒu shū)
手術	(shǒu shù)
手術鑷	(shǒu shù niè)
手術室	(shǒu shù shì)
手術檯	(shǒu shù tái)
手鬆	(shǒu sōng)
手速	(shǒu sù)
手套	(shǒu tào)
手套箱	(shǒu tào xiāng)
手提	(shǒu tí)
手提包	(shǒu tí bāo)
手提電腦	(shǒu tí diàn nǎo)
手提箱	(shǒu tí xiāng)
手頭	(shǒu tóu)
手頭緊	(shǒu tóu jǐn)
手頭現金	(shǒu tóu xiàn jīn)
手推車	(shǒu tuī chē)
手腕	(shǒu wàn)
手腕式	(shǒu wàn shì)
手腕子	(shǒu wàn zi)
手無寸鐵	(shǒu wú cùn tiě)
手無縛雞之力	(shǒu wú fù jī zhī lì)
手舞足蹈	(shǒu wǔ zú dǎo)
手洗	(shǒu xǐ)
手下	(shǒu xià)
手下敗將	(shǒu xià bài jiàng)
手下留情	(shǒu xià liú qíng)
手相	(shǒu xiàng)
手寫	(shǒu xiě)
手寫筆	(shǒu xiě bǐ)
手寫識別	(shǒu xiě shí bié)
手寫體	(shǒu xiě tǐ)
手心	(shǒu xīn)
手心手背都是肉	(shǒu xīn shǒu bèi dōu shì ròu)
手性	(shǒu xìng)
手續	(shǒu xù)
手續費	(shǒu xù fèi)
手眼通天	(shǒu yǎn tōng tiān)
手眼協調	(shǒu yǎn xié tiáo)
手癢	(shǒu yǎng)
手搖	(shǒu yáo)
手搖柄	(shǒu yáo bǐng)
手搖風琴	(shǒu yáo fēng qín)
手搖飲料	(shǒu yáo yǐn liào)
手藝	(shǒu yì)
手淫	(shǒu yín)
手印	(shǒu yìn)
手影	(shǒu yǐng)
手用	(shǒu yòng)
手遊	(shǒu yóu)
手語	(shǒu yǔ)
手諭	(shǒu yù)
手札	(shǒu zhá)
手閘	(shǒu zhá)
手章	(shǒu zhāng)
手掌	(shǒu zhǎng)
手杖	(shǒu zhàng)
手帳	(shǒu zhàng)
手指	(shǒu zhǐ)
手指頭	(shǒu zhǐ tou)
手紙	(shǒu zhǐ)
手製	(shǒu zhì)
手肘	(shǒu zhǒu)
手抓餅	(shǒu zhuā bǐng)
手抓飯	(shǒu zhuā fàn)
手抓羊肉	(shǒu zhuā yáng ròu)
手鐲	(shǒu zhuó)
手自一體	(shǒu zì yī tǐ)
手足	(shǒu zú)
手足口病	(shǒu zú kǒu bìng)
手足口症	(shǒu zú kǒu zhèng)
手足親情	(shǒu zú qīn qíng)
手足無措	(shǒu zú wú cuò)
手足之情	(shǒu zú zhī qíng)
手鑽	(shǒu zuàn)
守	(shǒu)
守備	(shǒu bèi)
守兵	(shǒu bīng)
守財奴	(shǒu cái nú)
守車	(shǒu chē)
守成	(shǒu chéng)
守敵	(shǒu dí)
守法	(shǒu fǎ)
守分	(shǒu fèn)
守服	(shǒu fú)
守更	(shǒu gēng)
守宮	(shǒu gōng)
守寡	(shǒu guǎ)
守規矩	(shǒu guī ju)
守恆	(shǒu héng)
守恆定律	(shǒu héng dìng lǜ)
守候	(shǒu hòu)
守護	(shǒu hù)
守護神	(shǒu hù shén)
守活寡	(shǒu huó guǎ)
守節	(shǒu jié)
守舊	(shǒu jiù)
守舊派	(shǒu jiù pài)
守軍	(shǒu jūn)
守空房	(shǒu kōng fáng)
守口如瓶	(shǒu kǒu rú píng)
守靈	(shǒu líng)
守門	(shǒu mén)
守門人	(shǒu mén rén)
守門員	(shǒu mén yuán)
守喪	(shǒu sāng)
守身	(shǒu shēn)
守身如玉	(shǒu shēn rú yù)
守時	(shǒu shí)
守勢	(shǒu shì)
守歲	(shǒu suì)
守土	(shǒu tǔ)
守土有責	(shǒu tǔ yǒu zé)
守望	(shǒu wàng)
守望台	(shǒu wàng tái)
守望相助	(shǒu wàng xiāng zhù)
守衛	(shǒu wèi)
守衛者	(shǒu wèi zhě)
守孝	(shǒu xiào)
守信	(shǒu xìn)
守信用	(shǒu xìn yòng)
守夜	(shǒu yè)
守業	(shǒu yè)
守一而終	(shǒu yī ér zhōng)
守禦	(shǒu yù)
守約	(shǒu yuē)
守則	(shǒu zé)
守齋	(shǒu zhāi)
守正不阿	(shǒu zhèng bù ē)
守職	(shǒu zhí)
守制	(shǒu zhì)
守株待兔	(shǒu zhū dài tù)
守株待兔，緣木求魚	(shǒu zhū dài tù , yuán mù qiú yú)
守株緣木	(shǒu zhū yuán mù)
守住	(shǒu zhu)
守拙	(shǒu zhuō)
受	(shòu)
受保人	(shòu bǎo rén)
受癟	(shòu biě)
受病	(shòu bìng)
受不了	(shòu bù liǎo)
受禪	(shòu shàn)
受潮	(shòu cháo)
受持	(shòu chí)
受寵	(shòu chǒng)
受寵若驚	(shòu chǒng ruò jīng)
受詞	(shòu cí)
受挫	(shòu cuò)
受到	(shòu dào)
受得了	(shòu de liǎo)
受電弓	(shòu diàn gōng)
受法律保護權	(shòu fǎ lǜ bǎo hù quán)
受訪	(shòu fǎng)
受訪者	(shòu fǎng zhě)
受封	(shòu fēng)
受俸	(shòu fèng)
受膏	(shòu gāo)
受格	(shòu gé)
受夠	(shòu gòu)
受僱	(shòu gù)
受過	(shòu guò)
受害	(shòu hài)
受害人	(shòu hài rén)
受害者	(shòu hài zhě)
受寒	(shòu hán)
受歡迎	(shòu huān yíng)
受惠	(shòu huì)
受賄	(shòu huì)
受夾板氣	(shòu jiā bǎn qì)
受降	(shòu xiáng)
受降儀式	(shòu xiáng yí shì)
受教	(shòu jiào)
受戒	(shòu jiè)
受浸	(shòu jìn)
受盡	(shòu jìn)
受精	(shòu jīng)
受精卵	(shòu jīng luǎn)
受精囊	(shòu jīng náng)
受驚	(shòu jīng)
受窘	(shòu jiǒng)
受看	(shòu kàn)
受控	(shòu kòng)
受苦	(shòu kǔ)
受困	(shòu kùn)
受累	(shòu lěi)
受理	(shòu lǐ)
受禮	(shòu lǐ)
受涼	(shòu liáng)
受領	(shòu lǐng)
受命	(shòu mìng)
受命於天	(shòu mìng yú tiān)
受納	(shòu nà)
受難	(shòu nàn)
受難紀念	(shòu nán jì niàn)
受難日	(shòu nàn rì)
受難者	(shòu nàn zhě)
受虐	(shòu nüè)
受虐狂	(shòu nüè kuáng)
受騙	(shòu piàn)
受聘	(shòu pìn)
受聘於	(shòu pìn yú)
受氣	(shòu qì)
受氣包	(shòu qì bāo)
受窮	(shòu qióng)
受取	(shòu qǔ)
受權	(shòu quán)
受熱	(shòu rè)
受任	(shòu rèn)
受辱	(shòu rǔ)
受傷	(shòu shāng)
受賞	(shòu shǎng)
受審	(shòu shěn)
受事	(shòu shì)
受試者	(shòu shì zhě)
受暑	(shòu shǔ)
受死	(shòu sǐ)
受損	(shòu sǔn)
受胎	(shòu tāi)
受體	(shòu tǐ)
受體拮抗劑	(shòu tǐ jié kàng jì)
受聽	(shòu tīng)
受託	(shòu tuō)
受託人	(shòu tuō rén)
受託者	(shòu tuō zhě)
受洗	(shòu xǐ)
受洗命名	(shòu xǐ mìng míng)
受限	(shòu xiàn)
受享	(shòu xiǎng)
受刑	(shòu xíng)
受刑人	(shòu xíng rén)
受性	(shòu xìng)
受訓	(shòu xùn)
受業	(shòu yè)
受益	(shòu yì)
受益匪淺	(shòu yì fěi qiǎn)
受益人	(shòu yì rén)
受用	(shòu yong)
受約束	(shòu yuē shù)
受孕	(shòu yùn)
受災	(shòu zāi)
受災地區	(shòu zāi dì qū)
受支配	(shòu zhī pèi)
受知	(shòu zhī)
受制	(shòu zhì)
受眾	(shòu zhòng)
受主	(shòu zhǔ)
受追捧	(shòu zhuī pěng)
受阻	(shòu zǔ)
受罪	(shòu zuì)
授	(shòu)
授粉	(shòu fěn)
授計	(shòu jì)
授獎	(shòu jiǎng)
授精	(shòu jīng)
授課	(shòu kè)
授命	(shòu mìng)
授權	(shòu quán)
授權範圍	(shòu quán fàn wéi)
授權令	(shòu quán lìng)
授人以柄	(shòu rén yǐ bǐng)
授人以魚不如授人以漁	(shòu rén yǐ yú bù rú shòu rén yǐ yú)
授任	(shòu rèn)
授乳	(shòu rǔ)
授時	(shòu shí)
授受	(shòu shòu)
授銜	(shòu xián)
授信	(shòu xìn)
授勛	(shòu xūn)
授業	(shòu yè)
授意	(shòu yì)
授予	(shòu yǔ)
授與	(shòu yǔ)
授證	(shòu zhèng)
授之以魚不如授之以漁	(shòu zhī yǐ yú bù rú shòu zhī yǐ yú)
售	(shòu)
售後服務	(shòu hòu fú wù)
售貨	(shòu huò)
售貨臺	(shòu huò tái)
售貨員	(shòu huò yuán)
售價	(shòu jià)
售賣	(shòu mài)
售票	(shòu piào)
售票處	(shòu piào chù)
售票口	(shòu piào kǒu)
售票員	(shòu piào yuán)
售罄	(shòu qìng)
售完	(shòu wán)
售完即止	(shòu wán jí zhǐ)
夀	(shòu)
壽	(shòu)
壽比南山	(shòu bǐ nán shān)
壽材	(shòu cái)
壽辰	(shòu chén)
壽帶	(shòu dài)
壽誕	(shòu dàn)
壽豐	(shòu fēng)
壽豐鄉	(shòu fēng xiāng)
壽糕	(shòu gāo)
壽光市	(shòu guāng shì)
壽考	(shòu kǎo)
壽禮	(shòu lǐ)
壽麵	(shòu miàn)
壽命	(shòu mìng)
壽命不長	(shòu mìng bù cháng)
壽寧縣	(shòu níng xiàn)
壽數	(shòu shu)
壽司	(shòu sī)
壽堂	(shòu táng)
壽桃	(shòu táo)
壽桃包	(shòu táo bāo)
壽王墳	(shòu wáng fén)
壽喜燒	(shòu xǐ shāo)
壽險	(shòu xiǎn)
壽限	(shòu xiàn)
壽縣	(shòu xiàn)
壽星	(shòu xīng)
壽筵	(shòu yán)
壽陽縣	(shòu yáng xiàn)
壽衣	(shòu yī)
壽元	(shòu yuán)
壽終	(shòu zhōng)
壽終正寢	(shòu zhōng zhèng qǐn)
殳	(shū)
尗	(shū)
抒	(shū)
抒發	(shū fā)
抒懷	(shū huái)
抒情	(shū qíng)
抒情詩	(shū qíng shī)
抒寫	(shū xiě)
杸	(shū)
叔	(shū)
叔本華	(shū běn huá)
叔伯	(shū bai)
叔父	(shū fù)
叔公	(shū gōng)
叔母	(shū mǔ)
叔娘	(shū niáng)
叔婆	(shū pó)
叔叔	(shū shu)
叔岳	(shū yuè)
叔丈母	(shū zhàng mǔ)
叔丈人	(shū zhàng rén)
叔子	(shū zi)
叔祖	(shū zǔ)
叔祖母	(shū zǔ mǔ)
姝	(shū)
殊	(shū)
殊不知	(shū bù zhī)
殊榮	(shū róng)
殊色	(shū sè)
殊深軫念	(shū shēn zhěn niàn)
殊死	(shū sǐ)
殊途同歸	(shū tú tóng guī)
殊鄉	(shū xiāng)
殊異	(shū yì)
殊域周咨錄	(shū yù zhōu zī lù)
殊致	(shū zhì)
殊姿	(shū zī)
倏	(shū)
倏地	(shū de)
倏忽	(shū hū)
倏然	(shū rán)
倐	(shū)
書	(shū)
書案	(shū àn)
書板	(shū bǎn)
書包	(shū bāo)
書報	(shū bào)
書本	(shū běn)
書不盡言	(shū bù jìn yán)
書蟲	(shū chóng)
書櫥	(shū chú)
書呆子	(shū dāi zi)
書擋	(shū dǎng)
書檔	(shū dàng)
書店	(shū diàn)
書牘	(shū dú)
書蠹	(shū dù)
書法	(shū fǎ)
書法家	(shū fǎ jiā)
書房	(shū fáng)
書肺	(shū fèi)
書風	(shū fēng)
書稿	(shū gǎo)
書館	(shū guǎn)
書館兒	(shū guǎn r)
書櫃	(shū guì)
書函	(shū hán)
書號	(shū hào)
書畫	(shū huà)
書畫家	(shū huà jiā)
書畫氈	(shū huà zhān)
書會	(shū huì)
書籍	(shū jí)
書脊	(shū jǐ)
書記	(shū ji)
書記處	(shū ji chù)
書記官	(shū ji guān)
書跡	(shū jì)
書架	(shū jià)
書柬	(shū jiǎn)
書簡	(shū jiǎn)
書角	(shū jiǎo)
書經	(shū jīng)
書局	(shū jú)
書卷	(shū juàn)
書卷獎	(shū juàn jiǎng)
書卷氣	(shū juàn qì)
書刊	(shū kān)
書庫	(shū kù)
書立	(shū lì)
書眉	(shū méi)
書面	(shū miàn)
書面許可	(shū miàn xǔ kě)
書面語	(shū miàn yǔ)
書名	(shū míng)
書名號	(shū míng hào)
書目	(shū mù)
書皮	(shū pí)
書皮兒	(shū pí r)
書評	(shū píng)
書籤	(shū qiān)
書篋	(shū qiè)
書社	(shū shè)
書生	(shū shēng)
書聖	(shū shèng)
書壇	(shū tán)
書題	(shū tí)
書體	(shū tǐ)
書亭	(shū tíng)
書香	(shū xiāng)
書香門第	(shū xiāng mén dì)
書寫	(shū xiě)
書寫不能症	(shū xiě bù néng zhèng)
書寫符號	(shū xiě fú hào)
書寫語言	(shū xiě yǔ yán)
書信	(shū xìn)
書信集	(shū xìn jí)
書腰	(shū yāo)
書頁	(shū yè)
書院	(shū yuàn)
書約	(shū yuē)
書劄	(shū zhá)
書札	(shū zhá)
書齋	(shū zhāi)
書證	(shū zhèng)
書中自有黃金屋，書中自有顏如玉	(shū zhōng zì yǒu huáng jīn wū , shū zhōng zì yǒu yán rú yù)
書桌	(shū zhuō)
梳	(shū)
梳篦	(shū bì)
梳芙厘	(shū fú lí)
梳乎厘	(shū hū lí)
梳理	(shū lǐ)
梳弄	(shū nòng)
梳頭	(shū tóu)
梳洗	(shū xǐ)
梳妝	(shū zhuāng)
梳妝室	(shū zhuāng shì)
梳妝檯	(shū zhuāng tái)
梳子	(shū zi)
樞	(shū)
樞機	(shū jī)
樞機主教	(shū jī zhǔ jiào)
樞密院	(shū mì yuàn)
樞紐	(shū niǔ)
樞垣	(shū yuán)
樞軸	(shū zhóu)
攄	(shū)
孰	(shú)
孰料	(shú liào)
孰優孰劣	(shú yōu shú liè)
孰真孰假	(shú zhēn shú jiǎ)
塾	(shú)
暑	(shǔ)
暑促	(shǔ cù)
暑假	(shǔ jià)
暑期	(shǔ qī)
暑期學校	(shǔ qī xué xiào)
暑氣	(shǔ qì)
暑熱	(shǔ rè)
暑天	(shǔ tiān)
暑溫	(shǔ wēn)
暑瘟	(shǔ wēn)
曙	(shǔ)
曙光	(shǔ guāng)
曙紅朱雀	(shǔ hóng zhū què)
曙色	(shǔ sè)
屬	(shǔ)
屬地	(shǔ dì)
屬格	(shǔ gé)
屬國	(shǔ guó)
屬吏	(shǔ lì)
屬靈	(shǔ líng)
屬實	(shǔ shí)
屬世	(shǔ shì)
屬文	(zhǔ wén)
屬下	(shǔ xià)
屬象	(shǔ xiàng)
屬性	(shǔ xìng)
屬意	(zhǔ yì)
屬音	(shǔ yīn)
屬於	(shǔ yú)
丨	(gǔn)
朮	(shù)
朮赤	(zhú chì)
戍	(shù)
戍邊	(shù biān)
戍角	(shù jiǎo)
戍守	(shù shǒu)
戍卒	(shù zú)
束	(shù)
束髮	(shù fà)
束腹	(shù fù)
束縛	(shù fù)
束緊	(shù jǐn)
束身	(shù shēn)
束身內衣	(shù shēn nèi yī)
束手	(shù shǒu)
束手待斃	(shù shǒu dài bì)
束手待死	(shù shǒu dài sǐ)
束手就斃	(shù shǒu jiù bì)
束手就擒	(shù shǒu jiù qín)
束手束腳	(shù shǒu shù jiǎo)
束手無策	(shù shǒu wú cè)
束狹	(shù xiá)
束線帶	(shù xiàn dài)
束胸	(shù xiōng)
束修	(shù xiū)
束脩	(shù xiū)
束腰	(shù yāo)
束衣	(shù yī)
束之高閣	(shù zhī gāo gé)
束裝	(shù zhuāng)
恕	(shù)
恕我冒昧	(shù wǒ mào mèi)
恕罪	(shù zuì)
庻	(shù)
庶	(shù)
庶出	(shù chū)
庶吉士	(shù jí shì)
庶幾	(shù jī)
庶民	(shù mín)
庶妻	(shù qī)
庶室	(shù shì)
庶子	(shù zǐ)
尌	(shù)
墅	(shù)
數	(shǔ)
數百	(shù bǎi)
數百萬	(shù bǎi wàn)
數不過來	(shǔ bù guò lái)
數不盡	(shǔ bu jìn)
數不清	(shǔ bu qīng)
數不上	(shǔ bù shàng)
數不勝數	(shǔ bù shèng shǔ)
數出	(shǔ chū)
數詞	(shù cí)
數得上	(shǔ de shàng)
數得著	(shǔ de zháo)
數典忘祖	(shǔ diǎn wàng zǔ)
數點	(shǔ diǎn)
數獨	(shù dú)
數額	(shù é)
數法	(shù fǎ)
數伏	(shǔ fú)
數黑論白	(shǔ hēi lùn bái)
數黑論黃	(shǔ hēi lùn huáng)
數黃道黑	(shǔ huáng dào hēi)
數見不鮮	(shuò jiàn bù xiān)
數九	(shǔ jiǔ)
數九寒天	(shǔ jiǔ hán tiān)
數九天	(shǔ jiǔ tiān)
數據	(shù jù)
數據處理	(shù jù chǔ lǐ)
數據傳輸	(shù jù chuán shū)
數據段	(shù jù duàn)
數據機	(shù jù jī)
數據集	(shù jù jí)
數據接口	(shù jù jiē kǒu)
數據結構	(shù jù jié gòu)
數據介面	(shù jù jiè miàn)
數據庫	(shù jù kù)
數據庫軟件	(shù jù kù ruǎn jiàn)
數據鏈路	(shù jù liàn lù)
數據鏈路層	(shù jù liàn lù céng)
數據鏈路連接標識	(shù jù liàn lù lián jiē biāo zhì)
數據流	(shù jù liú)
數據手冊	(shù jù shǒu cè)
數據通信	(shù jù tōng xìn)
數據挖掘	(shù jù wā jué)
數據網絡	(shù jù wǎng luò)
數據線	(shù jù xiàn)
數據壓縮	(shù jù yā suō)
數據中心	(shù jù zhōng xīn)
數據總線	(shù jù zǒng xiàn)
數據組	(shù jù zǔ)
數控	(shù kòng)
數控機床	(shù kòng jī chuáng)
數來寶	(shǔ lái bǎo)
數理	(shù lǐ)
數理化	(shù lǐ huà)
數理邏輯	(shù lǐ luó jí)
數理統計	(shù lǐ tǒng jì)
數量	(shù liàng)
數量詞	(shù liàng cí)
數量分析	(shù liàng fēn xī)
數量積	(shù liàng jī)
數量級	(shù liàng jí)
數列	(shù liè)
數論	(shù lùn)
數落	(shǔ luo)
數碼	(shù mǎ)
數碼沖印	(shù mǎ chōng yìn)
數碼港	(shù mǎ gǎng)
數碼化	(shù mǎ huà)
數碼貨幣	(shù mǎ huò bì)
數碼掃描	(shù mǎ sǎo miáo)
數碼通	(shù mǎ tōng)
數碼相機	(shù mǎ xiàng jī)
數碼照相機	(shù mǎ zhào xiàng jī)
數秒	(shǔ miǎo)
數模	(shù mó)
數模轉換器	(shù mó zhuǎn huàn qì)
數目	(shù mù)
數目字	(shù mù zì)
數年	(shù nián)
數念	(shǔ niàn)
數清	(shǔ qīng)
數十億	(shù shí yì)
數數	(shǔ shù)
數萬	(shù wàn)
數位	(shù wèi)
數位化	(shù wèi huà)
數位貨幣	(shù wèi huò bì)
數位網路	(shù wèi wǎng lù)
數位信號	(shù wèi xìn hào)
數小時	(shù xiǎo shí)
數學	(shù xué)
數學分析	(shù xué fēn xī)
數學公式	(shù xué gōng shì)
數學家	(shù xué jiā)
數學模型	(shù xué mó xíng)
數學物理	(shù xué wù lǐ)
數學物理學	(shù xué wù lǐ xué)
數一數二	(shǔ yī shǔ èr)
數以百計	(shù yǐ bǎi jì)
數以千計	(shù yǐ qiān jì)
數以萬計	(shù yǐ wàn jì)
數以億計	(shù yǐ yì jì)
數域	(shù yù)
數月	(shù yuè)
數值	(shù zhí)
數值分析	(shù zhí fēn xī)
數值解	(shù zhí jiě)
數種	(shù zhǒng)
數周	(shù zhōu)
數週	(shù zhōu)
數軸	(shù zhóu)
數珠	(shù zhū)
數珠念佛	(shǔ zhū niàn fó)
數字	(shù zì)
數字版權管理	(shù zì bǎn quán guǎn lǐ)
數字電路	(shù zì diàn lù)
數字電視	(shù zì diàn shì)
數字分頻	(shù zì fēn pín)
數字化	(shù zì huà)
數字貨幣	(shù zì huò bì)
數字孿生	(shù zì luán shēng)
數字命理學	(shù zì mìng lǐ xué)
數字時鐘	(shù zì shí zhōng)
數字通信	(shù zì tōng xìn)
數字網	(shù zì wǎng)
數字信號	(shù zì xìn hào)
數字用戶線路	(shù zì yòng hù xiàn lù)
數字遊民	(shù zì yóu mín)
數字鐘	(shù zì zhōng)
數組	(shù zǔ)
樹	(shù)
樹碑立傳	(shù bēi lì zhuàn)
樹菠蘿	(shù bō luó)
樹叢	(shù cóng)
樹大招風	(shù dà zhāo fēng)
樹袋熊	(shù dài xióng)
樹倒猢猻散	(shù dǎo hú sūn sàn)
樹敵	(shù dí)
樹洞	(shù dòng)
樹番茄	(shù fān qié)
樹幹	(shù gàn)
樹高千丈，葉落歸根	(shù gāo qiān zhàng , yè luò guī gēn)
樹根	(shù gēn)
樹掛	(shù guà)
樹冠	(shù guān)
樹化玉	(shù huà yù)
樹膠	(shù jiāo)
樹懶	(shù lǎn)
樹籬	(shù lí)
樹立	(shù lì)
樹林	(shù lín)
樹林市	(shù lín shì)
樹齡	(shù líng)
樹鷚	(shù liù)
樹麻雀	(shù má què)
樹莓	(shù méi)
樹莓派	(shù méi pài)
樹苗	(shù miáo)
樹木	(shù mù)
樹挪死，人挪活	(shù nuó sǐ , rén nuó huó)
樹皮	(shù pí)
樹葡萄	(shù pú tao)
樹棲	(shù qī)
樹人	(shù rén)
樹上開花	(shù shàng kāi huā)
樹上熟	(shù shàng shú)
樹梢	(shù shāo)
樹身	(shù shēn)
樹熟	(shù shú)
樹獺	(shù tǎ)
樹突	(shù tū)
樹突狀細胞	(shù tū zhuàng xì bāo)
樹蛙	(shù wā)
樹屋	(shù wū)
樹液	(shù yè)
樹葉	(shù yè)
樹陰	(shù yīn)
樹蔭	(shù yīn)
樹欲靜而風不止	(shù yù jìng ér fēng bù zhǐ)
樹葬	(shù zàng)
樹枝	(shù zhī)
樹枝狀晶	(shù zhī zhuàng jīng)
樹脂	(shù zhī)
樹種	(shù zhǒng)
樹樁	(shù zhuāng)
樹狀細胞	(shù zhuàng xì bāo)
刷	(shuà)
刷爆	(shuā bào)
刷單	(shuā dān)
刷機	(shuā jī)
刷劇	(shuā jù)
刷卡	(shuā kǎ)
刷扣	(shuā kòu)
刷臉	(shuā liǎn)
刷屏	(shuā píng)
刷入	(shuā rù)
刷手機	(shuā shǒu jī)
刷題	(shuā tí)
刷頭	(shuā tóu)
刷洗	(shuā xǐ)
刷新	(shuā xīn)
刷新紀錄	(shuā xīn jì lù)
刷新率	(shuā xīn lǜ)
刷牙	(shuā yá)
刷夜	(shuā yè)
刷子	(shuā zi)
唰	(shuā)
摔	(shuāi)
摔打	(shuāi da)
摔倒	(shuāi dǎo)
摔跌	(shuāi diē)
摔斷	(shuāi duàn)
摔跟頭	(shuāi gēn tou)
摔壞	(shuāi huài)
摔交	(shuāi jiāo)
摔跤	(shuāi jiāo)
摔角	(shuāi jiǎo)
摔門	(shuāi mén)
摔破	(shuāi pò)
摔傷	(shuāi shāng)
摔死	(shuāi sǐ)
帥	(shuài)
帥呆了	(shuài dāi le)
帥哥	(shuài gē)
帥氣	(shuài qi)
拴	(shuān)
拴住	(shuān zhù)
栓	(shuān)
栓劑	(shuān jì)
栓皮	(shuān pí)
栓皮櫟	(shuān pí lì)
栓塞	(shuān sè)
栓子	(shuān zi)
双	(shuāng)
孀	(shuāng)
孀婦	(shuāng fù)
孀閨	(shuāng guī)
孀居	(shuāng jū)
塽	(shuǎng)
水	(shuǐ)
帨	(shuì)
吮	(shǔn)
吮吸	(shǔn xī)
妁	(shuò)
朔	(shuò)
朔城區	(shuò chéng qū)
朔風	(shuò fēng)
朔風凜冽	(shuò fēng lǐn liè)
朔日	(shuò rì)
朔望	(shuò wàng)
朔望潮	(shuò wàng cháo)
朔月	(shuò yuè)
朔州市	(shuò zhōu shì)
搠	(shuò)
槊	(shuò)
厶	(mǒu)
司	(sī)
司長	(sī zhǎng)
司導	(sī dǎo)
司鐸	(sī duó)
司法	(sī fǎ)
司法部	(sī fǎ bù)
司法獨立	(sī fǎ dú lì)
司法官	(sī fǎ guān)
司法機關	(sī fǎ jī guān)
司法權	(sī fǎ quán)
司法人員	(sī fǎ rén yuán)
司法院	(sī fǎ yuàn)
司各特	(sī gè tè)
司機	(sī jī)
司祭	(sī jì)
司兼導	(sī jiān dǎo)
司康	(sī kāng)
司空	(sī kōng)
司空見慣	(sī kōng jiàn guàn)
司寇	(sī kòu)
司令	(sī lìng)
司令部	(sī lìng bù)
司令官	(sī lìng guān)
司令員	(sī lìng yuán)
司爐	(sī lú)
司馬	(sī mǎ)
司馬承幀	(sī mǎ chéng zhēn)
司馬法	(sī mǎ fǎ)
司馬光	(sī mǎ guāng)
司馬遼太郎	(sī mǎ liáo tài láng)
司馬遷	(sī mǎ qiān)
司馬穰苴	(sī mǎ ráng jū)
司馬談	(sī mǎ tán)
司馬炎	(sī mǎ yán)
司馬懿	(sī mǎ yì)
司馬昭	(sī mǎ zhāo)
司馬昭之心路人皆知	(sī mǎ zhāo zhī xīn lù rén jiē zhī)
司南	(sī nán)
司售人員	(sī shòu rén yuán)
司湯達	(sī tāng dá)
司陶特	(sī táo tè)
司天臺	(sī tiān tái)
司徒	(sī tú)
司徒雷登	(sī tú léi dēng)
司線員	(sī xiàn yuán)
司藥	(sī yào)
司儀	(sī yí)
司職	(sī zhí)
思	(sī)
思辨	(sī biàn)
思潮	(sī cháo)
思潮起伏	(sī cháo qǐ fú)
思春	(sī chūn)
思春期	(sī chūn qī)
思忖	(sī cǔn)
思過	(sī guò)
思嘉麗	(sī jiā lì)
思覺失調	(sī jué shī tiáo)
思考	(sī kǎo)
思科	(sī kē)
思戀	(sī liàn)
思量	(sī liang)
思路	(sī lù)
思路敏捷	(sī lù mǐn jié)
思慮	(sī lǜ)
思茅區	(sī máo qū)
思密達	(sī mì dá)
思明區	(sī míng qū)
思謀	(sī móu)
思慕	(sī mù)
思南縣	(sī nán xiàn)
思念	(sī niàn)
思前想後	(sī qián xiǎng hòu)
思情	(sī qíng)
思親	(sī qīn)
思索	(sī suǒ)
思惟	(sī wéi)
思維	(sī wéi)
思維導圖	(sī wéi dǎo tú)
思維地圖	(sī wéi dì tú)
思維敏捷	(sī wéi mǐn jié)
思鄉	(sī xiāng)
思鄉病	(sī xiāng bìng)
思想	(sī xiǎng)
思想包袱	(sī xiǎng bāo fu)
思想家	(sī xiǎng jiā)
思想交流	(sī xiǎng jiāo liú)
思想庫	(sī xiǎng kù)
思想史	(sī xiǎng shǐ)
思想體系	(sī xiǎng tǐ xì)
思想頑鈍	(sī xiǎng wán dùn)
思想意識	(sī xiǎng yì shí)
思緒	(sī xù)
思議	(sī yì)
思樂冰	(sī lè bīng)
思政	(sī zhèng)
斯	(sī)
斯巴達	(sī bā dá)
斯巴魯	(sī bā lǔ)
斯賓諾莎	(sī bīn nuò shā)
斯賓塞	(sī bīn sài)
斯徹達爾	(sī chè dá ěr)
斯大林	(sī dà lín)
斯大林格勒	(sī dà lín gé lè)
斯大林格勒會戰	(sī dà lín gé lè huì zhàn)
斯大林格勒戰役	(sī dà lín gé lè zhàn yì)
斯大林主義	(sī dà lín zhǔ yì)
斯當東	(sī dāng dōng)
斯德哥爾摩	(sī dé gē ěr mó)
斯蒂芬	(sī dì fēn)
斯蒂文	(sī dì wén)
斯蒂文森	(sī dì wén sēn)
斯多葛主義	(sī duō gě zhǔ yì)
斯芬克司	(sī fēn kè sī)
斯芬克斯	(sī fēn kè sī)
斯福爾瓦爾	(sī fú ěr wǎ ěr)
斯哥特	(sī gē tè)
斯捷潘	(sī jié pān)
斯卡伯勒礁	(sī kǎ bó lè jiāo)
斯堪地納維亞	(sī kān dì nà wéi yà)
斯堪的納維亞	(sī kān dì nà wéi yà)
斯考特	(sī kǎo tè)
斯柯達	(sī kē dá)
斯科費爾峰	(sī kē fèi ěr fēng)
斯科普里	(sī kē pǔ lǐ)
斯克里亞賓	(sī kè lǐ yà bīn)
斯拉夫	(sī lā fū)
斯拉夫語	(sī lā fū yǔ)
斯萊特林	(sī lái tè lín)
斯雷布雷尼察	(sī léi bù léi ní chá)
斯里巴加灣港	(sī lǐ bā jiā wān gǎng)
斯里蘭卡	(sī lǐ lán kǎ)
斯洛伐克	(sī luò fá kè)
斯洛伐克語	(sī luò fá kè yǔ)
斯洛維尼亞	(sī luò wéi ní yà)
斯洛文尼亞	(sī luò wén ní yà)
斯洛文尼亞共和國	(sī luò wén ní yà gòng hé guó)
斯洛文尼亞語	(sī luò wén ní yà yǔ)
斯密	(sī mì)
斯密約瑟	(sī mì yuē sè)
斯摩稜斯克	(sī mó léng sī kè)
斯諾	(sī nuò)
斯諾登	(sī nuò dēng)
斯諾克	(sī nuò kè)
斯帕斯基	(sī pà sī jī)
斯佩耳特小麥	(sī pèi ěr tè xiǎo mài)
斯佩林	(sī pèi lín)
斯佩羅	(sī pèi luó)
斯皮爾伯格	(sī pí ěr bó gé)
斯普拉特利群島	(sī pǔ lā tè lì qún dǎo)
斯普利特	(sī pǔ lì tè)
斯普林菲爾德	(sī pǔ lín fēi ěr dé)
斯普特尼克	(sī pǔ tè ní kè)
斯塔西	(sī tǎ xī)
斯台普斯	(sī tái pǔ sī)
斯泰恩謝爾	(sī tài ēn xiè ěr)
斯泰西	(sī tài xī)
斯坦貝克	(sī tǎn bèi kè)
斯坦頓	(sī tǎn dùn)
斯坦福	(sī tǎn fú)
斯坦福·萊佛士	(sī tǎn fú · lái fó shì)
斯坦福大學	(sī tǎn fú dà xué)
斯坦利	(sī tǎn lì)
斯坦因	(sī tǎn yīn)
斯特恩	(sī tè ēn)
斯特凡諾普洛斯	(sī tè fán nuò pǔ luò sī)
斯特拉斯堡	(sī tè lā sī bǎo)
斯特拉特福	(sī tè lā tè fú)
斯通亨治石欄	(sī tōng hēng zhì shí lán)
斯圖加特	(sī tú jiā tè)
斯托肯立石圈	(sī tuō kěn lì shí quān)
斯托納	(sī tuō nà)
斯瓦爾巴和揚馬延	(sī wǎ ěr bā hé yáng mǎ yán)
斯瓦特	(sī wǎ tè)
斯瓦特谷地	(sī wǎ tè gǔ dì)
斯瓦希里	(sī wǎ xī lǐ)
斯瓦希里語	(sī wǎ xī lǐ yǔ)
斯威士蘭	(sī wēi shì lán)
斯文	(sī wén)
斯文·海定	(sī wén · hǎi dìng)
斯沃琪	(sī wò qí)
厮	(sī)
撕	(sī)
撕逼	(sī bī)
撕扯	(sī chě)
撕掉	(sī diào)
撕毀	(sī huǐ)
撕爛	(sī làn)
撕裂	(sī liè)
撕票	(sī piào)
撕破	(sī pò)
撕破臉	(sī pò liǎn)
撕碎	(sī suì)
撕心裂肺	(sī xīn liè fèi)
撕咬	(sī yǎo)
嘶	(sī)
嘶喊	(sī hǎn)
嘶吼	(sī hǒu)
嘶叫	(sī jiào)
嘶鳴	(sī míng)
嘶嘶聲	(sī sī shēng)
嘶啞	(sī yǎ)
嘶啞聲	(sī yǎ shēng)
噝	(sī)
噝噝聲	(sī sī shēng)
廝	(sī)
廝搏	(sī bó)
廝纏	(sī chán)
廝打	(sī dǎ)
廝混	(sī hùn)
廝鑼	(sī luó)
廝殺	(sī shā)
廝守	(sī shǒu)
廝熟	(sī shú)
死	(sǐ)
死板	(sǐ bǎn)
死背	(sǐ bèi)
死別	(sǐ bié)
死不改悔	(sǐ bù gǎi huǐ)
死不了	(sǐ bù liǎo)
死不瞑目	(sǐ bù míng mù)
死不要臉	(sǐ bù yào liǎn)
死纏爛打	(sǐ chán làn dǎ)
死產	(sǐ chǎn)
死城	(sǐ chéng)
死當	(sǐ dàng)
死黨	(sǐ dǎng)
死到臨頭	(sǐ dào lín tóu)
死敵	(sǐ dí)
死定	(sǐ dìng)
死對頭	(sǐ duì tou)
死而不僵	(sǐ ér bù jiāng)
死而復活	(sǐ ér fù huó)
死而復生	(sǐ ér fù shēng)
死而後已	(sǐ ér hòu yǐ)
死而無悔	(sǐ ér wú huǐ)
死飛	(sǐ fēi)
死鬼	(sǐ guǐ)
死海	(sǐ hǎi)
死海古卷	(sǐ hǎi gǔ juàn)
死海經卷	(sǐ hǎi jīng juàn)
死後	(sǐ hòu)
死胡同	(sǐ hú tòng)
死緩	(sǐ huǎn)
死灰復燃	(sǐ huī fù rán)
死活	(sǐ huó)
死火山	(sǐ huǒ shān)
死機	(sǐ jī)
死記	(sǐ jì)
死記硬背	(sǐ jì yìng bèi)
死寂	(sǐ jì)
死角	(sǐ jiǎo)
死結	(sǐ jié)
死結難解	(sǐ jié nán jiě)
死節	(sǐ jié)
死勁	(sǐ jìn)
死勁兒	(sǐ jìn r)
死局	(sǐ jú)
死絕	(sǐ jué)
死磕	(sǐ kē)
死了張屠夫，不吃混毛豬	(sǐ le zhāng tú fū , bù chī hùn máo zhū)
死裡逃生	(sǐ lǐ táo shēng)
死路	(sǐ lù)
死路一條	(sǐ lù yī tiáo)
死馬當活馬醫	(sǐ mǎ dàng huó mǎ yī)
死麵	(sǐ miàn)
死命	(sǐ mìng)
死難	(sǐ nàn)
死難者	(sǐ nàn zhě)
死皮	(sǐ pí)
死皮賴臉	(sǐ pí lài liǎn)
死期	(sǐ qī)
死棋	(sǐ qí)
死乞白賴	(sǐ qi bái lài)
死氣白賴	(sǐ qi bái lài)
死氣沉沉	(sǐ qì chén chén)
死翹翹	(sǐ qiào qiào)
死囚	(sǐ qiú)
死球	(sǐ qiú)
死區	(sǐ qū)
死去	(sǐ qù)
死去活來	(sǐ qù huó lái)
死人	(sǐ rén)
死人不管	(sǐ rén bù guǎn)
死傷	(sǐ shāng)
死傷者	(sǐ shāng zhě)
死神	(sǐ shén)
死生	(sǐ shēng)
死屍	(sǐ shī)
死士	(sǐ shì)
死守	(sǐ shǒu)
死水	(sǐ shuǐ)
死死	(sǐ sǐ)
死鎖	(sǐ suǒ)
死藤水	(sǐ téng shuǐ)
死頑固	(sǐ wán gù)
死亡	(sǐ wáng)
死亡筆記	(sǐ wáng bǐ jì)
死亡率	(sǐ wáng lǜ)
死亡人數	(sǐ wáng rén shù)
死文字	(sǐ wén zì)
死無對證	(sǐ wú duì zhèng)
死無葬身之地	(sǐ wú zàng shēn zhī dì)
死線	(sǐ xiàn)
死巷	(sǐ xiàng)
死心	(sǐ xīn)
死心塌地	(sǐ xīn tā dì)
死心眼兒	(sǐ xīn yǎn r)
死信	(sǐ xìn)
死刑	(sǐ xíng)
死刑緩期執行	(sǐ xíng huǎn qī zhí xíng)
死穴	(sǐ xué)
死循環	(sǐ xún huán)
死訊	(sǐ xùn)
死要面子	(sǐ yào miàn zi)
死要面子活受罪	(sǐ yào miàn zi huó shòu zuì)
死因	(sǐ yīn)
死因不明	(sǐ yīn bù míng)
死硬	(sǐ yìng)
死有餘辜	(sǐ yǒu yú gū)
死於非命	(sǐ yú fēi mìng)
死宅	(sǐ zhái)
死戰	(sǐ zhàn)
死仗	(sǐ zhàng)
死賬	(sǐ zhàng)
死者	(sǐ zhě)
死症	(sǐ zhèng)
死中求生	(sǐ zhōng qiú shēng)
死忠	(sǐ zhōng)
死豬不怕開水燙	(sǐ zhū bù pà kāi shuǐ tàng)
死罪	(sǐ zuì)
亖	(sì)
四	(sì)
四壁蕭然	(sì bì xiāo rán)
四邊	(sì biān)
四邊形	(sì biān xíng)
四不像	(sì bù xiàng)
四部曲	(sì bù qǔ)
四出文錢	(sì chū wén qián)
四處	(sì chù)
四川大地震	(sì chuān dà dì zhèn)
四川大學	(sì chuān dà xué)
四川林鴞	(sì chuān lín xiāo)
四川柳鶯	(sì chuān liǔ yīng)
四川盆地	(sì chuān pén dì)
四川日報	(sì chuān rì bào)
四川山鷓鴣	(sì chuān shān zhè gū)
四川省	(sì chuān shěng)
四川外國語大學	(sì chuān wài guó yǔ dà xué)
四川旋木雀	(sì chuān xuán mù què)
四川雉鶉	(sì chuān zhì chún)
四次	(sì cì)
四大	(sì dà)
四大發明	(sì dà fā míng)
四大佛教名山	(sì dà fó jiào míng shān)
四大皆空	(sì dà jiē kōng)
四大美女	(sì dà měi nǚ)
四大名著	(sì dà míng zhù)
四大盆地	(sì dà pén dì)
四大石窟	(sì dà shí kū)
四大天王	(sì dà tiān wáng)
四大鬚生	(sì dà xū shēng)
四德	(sì dé)
四諦	(sì dì)
四瀆	(sì dú)
四方	(sì fāng)
四方步	(sì fāng bù)
四方臉	(sì fāng liǎn)
四方臺區	(sì fāng tái qū)
四分曆	(sì fēn lì)
四分位數	(sì fēn wèi shù)
四分衛	(sì fēn wèi)
四分五裂	(sì fēn wǔ liè)
四分音符	(sì fēn yīn fú)
四分之一	(sì fēn zhī yī)
四氟化鈾	(sì fú huà yóu)
四個全面	(sì ge quán miàn)
四個現代化	(sì ge xiàn dài huà)
四顧	(sì gù)
四國	(sì guó)
四國犬	(sì guó quǎn)
四海	(sì hǎi)
四海飄零	(sì hǎi piāo líng)
四海昇平	(sì hǎi shēng píng)
四海為家	(sì hǎi wéi jiā)
四海之內皆兄弟	(sì hǎi zhī nèi jiē xiōng dì)
四害	(sì hài)
四號電池	(sì hào diàn chí)
四合院	(sì hé yuàn)
四胡	(sì hú)
四湖	(sì hú)
四湖鄉	(sì hú xiāng)
四化	(sì huà)
四環素	(sì huán sù)
四會市	(sì huì shì)
四級	(sì jí)
四級士官	(sì jí shì guān)
四季	(sì jì)
四季豆	(sì jì dòu)
四季豆腐	(sì jì dòu fu)
四季如春	(sì jì rú chūn)
四濺	(sì jiàn)
四郊	(sì jiāo)
四角	(sì jiǎo)
四角號碼	(sì jiǎo hào mǎ)
四角褲	(sì jiǎo kù)
四角形	(sì jiǎo xíng)
四角柱體	(sì jiǎo zhù tǐ)
四腳朝天	(sì jiǎo cháo tiān)
四腳蛇	(sì jiǎo shé)
四近	(sì jìn)
四境	(sì jìng)
四舊	(sì jiù)
四庫	(sì kù)
四庫全書	(sì kù quán shū)
四兩撥千斤	(sì liǎng bō qiān jīn)
四鄰	(sì lín)
四鄰八舍	(sì lín bā shè)
四靈	(sì líng)
四輪定位	(sì lún dìng wèi)
四輪馬車	(sì lún mǎ chē)
四輪驅動	(sì lún qū dòng)
四氯化碳	(sì lǜ huà tàn)
四氯乙烯	(sì lǜ yǐ xī)
四麻	(sì má)
四門轎車	(sì mén jiào chē)
四面	(sì miàn)
四面八方	(sì miàn bā fāng)
四面楚歌	(sì miàn chǔ gē)
四面體	(sì miàn tǐ)
四民	(sì mín)
四目相對	(sì mù xiāng duì)
四旁	(sì páng)
四平八穩	(sì píng bā wěn)
四平市	(sì píng shì)
四起	(sì qǐ)
四強	(sì qiáng)
四強賽	(sì qiáng sài)
四氫大麻酚	(sì qīng dà má fēn)
四清	(sì qīng)
四清運動	(sì qīng yùn dòng)
四驅車	(sì qū chē)
四人幫	(sì rén bāng)
四日市	(sì rì shì)
四散	(sì sàn)
四散奔逃	(sì sàn bēn táo)
四捨五入	(sì shě wǔ rù)
四射	(sì shè)
四聲	(sì shēng)
四聲杜鵑	(sì shēng dù juān)
四聖諦	(sì shèng dì)
四十	(sì shí)
四時	(sì shí)
四世同堂	(sì shì tóng táng)
四書	(sì shū)
四體	(sì tǐ)
四體不勤，五穀不分	(sì tǐ bù qín , wǔ gǔ bù fēn)
四條	(sì tiáo)
四通八達	(sì tōng bā dá)
四頭肌	(sì tóu jī)
四圍	(sì wéi)
四維	(sì wéi)
四維空間	(sì wéi kōng jiān)
四物湯	(sì wù tāng)
四下	(sì xià)
四下裡	(sì xià li)
四縣腔	(sì xiàn qiāng)
四象	(sì xiàng)
四小龍	(sì xiǎo lóng)
四旬節	(sì xún jié)
四旬齋	(sì xún zhāi)
四眼田雞	(sì yǎn tián jī)
四仰八叉	(sì yǎng bā chā)
四葉草	(sì yè cǎo)
四一二事變	(sì yī èr shì biàn)
四溢	(sì yì)
四元數	(sì yuán shù)
四月	(sì yuè)
四月份	(sì yuè fèn)
四則運算	(sì zé yùn suàn)
四診	(sì zhěn)
四肢	(sì zhī)
四肢支撐式	(sì zhī zhī chēng shì)
四重奏	(sì chóng zòu)
四周	(sì zhōu)
四子王	(sì zǐ wáng)
四子王旗	(sì zǐ wáng qí)
寺	(sì)
寺廟	(sì miào)
寺院	(sì yuàn)
兕	(sì)
兕觥	(sì gōng)
佀	(sì)
姒	(sì)
姒文命	(sì wén mìng)
柶	(sì)
枱	(tái)
梩	(lí)
嗣	(sì)
嗣國	(sì guó)
嗣後	(sì hòu)
嗣徽	(sì huī)
嗣歲	(sì suì)
嗣位	(sì wèi)
嗣響	(sì xiǎng)
嗣子	(sì zǐ)
儩	(sì)
忪	(sōng)
松	(sōng)
松巴哇	(sōng bā wā)
松巴哇島	(sōng bā wā dǎo)
松柏	(sōng bǎi)
松阪豬	(sōng bǎn zhū)
松北區	(sōng běi qū)
松本	(sōng běn)
松島	(sōng dǎo)
松果	(sōng guǒ)
松果體	(sōng guǒ tǐ)
松果體素	(sōng guǒ tǐ sù)
松果腺	(sōng guǒ xiàn)
松鶴遐齡	(sōng hè xiá líng)
松花蛋	(sōng huā dàn)
松花江	(sōng huā jiāng)
松化石	(sōng huà shí)
松雞	(sōng jī)
松江	(sōng jiāng)
松江區	(sōng jiāng qū)
松節油	(sōng jié yóu)
松井	(sōng jǐng)
松菌	(sōng jùn)
松科	(sōng kē)
松口蘑	(sōng kǒu mó)
松遼平原	(sōng liáo píng yuán)
松嶺區	(sōng lǐng qū)
松露	(sōng lù)
松露豬	(sōng lù zhū)
松明	(sōng míng)
松蘑	(sōng mó)
松木	(sōng mù)
松潘縣	(sōng pān xiàn)
松球	(sōng qiú)
松雀	(sōng què)
松雀鷹	(sōng què yīng)
松瓤	(sōng ráng)
松仁	(sōng rén)
松茸	(sōng róng)
松山	(sōng shān)
松山區	(sōng shān qū)
松石	(sōng shí)
松鼠	(sōng shǔ)
松樹	(sōng shù)
松塔	(sōng tǎ)
松桃苗族自治縣	(sōng táo miáo zú zì zhì xiàn)
松田	(sōng tián)
松尾	(sōng wěi)
松溪縣	(sōng xī xiàn)
松下	(sōng xià)
松下電氣工業	(sōng xià diàn qì gōng yè)
松下電器	(sōng xià diàn qì)
松下公司	(sōng xià gōng sī)
松香	(sōng xiāng)
松鴉	(sōng yā)
松陽縣	(sōng yáng xiàn)
松原市	(sōng yuán shì)
松贊干布	(sōng zàn gàn bù)
松贊干布陵	(sōng zàn gàn bù líng)
松針	(sōng zhēn)
松滋市	(sōng zī shì)
松子	(sōng zǐ)
娀	(sōng)
凇	(sōng)
崧	(sōng)
梥	(sōng)
嵩	(sōng)
嵩明縣	(sōng míng xiàn)
嵩山	(sōng shān)
嵩縣	(sōng xiàn)
㞞	(sóng)
悚	(sǒng)
悚然	(sǒng rán)
愯	(sǒng)
慫	(sǒng)
慫恿	(sǒng yǒng)
㩳	(sǒng)
宋	(sòng)
宋白	(sòng bái)
宋朝	(sòng cháo)
宋慈	(sòng cí)
宋代	(sòng dài)
宋干節	(sòng gān jié)
宋徽宗	(sòng huī zōng)
宋江	(sòng jiāng)
宋濂	(sòng lián)
宋美齡	(sòng měi líng)
宋祁	(sòng qí)
宋任窮	(sòng rèn qióng)
宋四大書	(sòng sì dà shū)
宋四家	(sòng sì jiā)
宋體	(sòng tǐ)
宋襄公	(sòng xiāng gōng)
宋祖英	(sòng zǔ yīng)
㮸	(sòng)
搜	(sōu)
搜捕	(sōu bǔ)
搜查	(sōu chá)
搜查令	(sōu chá lìng)
搜腸刮肚	(sōu cháng guā dù)
搜狗	(sōu gǒu)
搜刮	(sōu guā)
搜狐	(sōu hú)
搜狐網	(sōu hú wǎng)
搜獲	(sōu huò)
搜檢	(sōu jiǎn)
搜救	(sōu jiù)
搜救犬	(sōu jiù quǎn)
搜羅	(sōu luó)
搜求	(sōu qiú)
搜身	(sōu shēn)
搜神記	(sōu shén jì)
搜索	(sōu suǒ)
搜索隊	(sōu suǒ duì)
搜索枯腸	(sōu suǒ kū cháng)
搜索票	(sōu suǒ piào)
搜索樹	(sōu suǒ shù)
搜索引擎	(sōu suǒ yǐn qíng)
搜尋	(sōu xún)
搜尋引擎	(sōu xún yǐn qíng)
嗖	(sōu)
嗖嗖	(sōu sōu)
廋	(sōu)
廀	(sōu)
叟	(sǒu)
嗾	(sǒu)
擻	(sòu)
欶	(shuò)
嗽	(sòu)
囌	(sū)
俗	(sú)
俗不可耐	(sú bù kě nài)
俗稱	(sú chēng)
俗話	(sú huà)
俗話說	(sú huà shuō)
俗家	(sú jiā)
俗辣	(sú là)
俗濫	(sú làn)
俗名	(sú míng)
俗氣	(sú qì)
俗人	(sú rén)
俗世	(sú shì)
俗世奇人	(sú shì qí rén)
俗事	(sú shì)
俗隨時變	(sú suí shí biàn)
俗套	(sú tào)
俗體字	(sú tǐ zì)
俗諺	(sú yàn)
俗諺口碑	(sú yàn kǒu bēi)
俗語	(sú yǔ)
俗字	(sú zì)
夙	(sù)
夙敵	(sù dí)
夙諾	(sù nuò)
夙日	(sù rì)
夙世	(sù shì)
夙嫌	(sù xián)
夙興夜寐	(sù xīng yè mèi)
夙夜	(sù yè)
夙夜匪懈	(sù yè fěi xiè)
夙願	(sù yuàn)
夙願得償	(sù yuàn dé cháng)
夙願以償	(sù yuàn yǐ cháng)
㝛	(sù)
宿	(sù)
宿弊	(sù bì)
宿便	(sù biàn)
宿草	(sù cǎo)
宿娼	(sù chāng)
宿城區	(sù chéng qū)
宿仇	(sù chóu)
宿處	(sù chù)
宿敵	(sù dí)
宿分	(sù fèn)
宿根	(sù gēn)
宿恨	(sù hèn)
宿疾	(sù jí)
宿見	(sù jiàn)
宿將	(sù jiàng)
宿酒	(sù jiǔ)
宿命	(sù mìng)
宿命論	(sù mìng lùn)
宿命通	(sù mìng tōng)
宿諾	(sù nuò)
宿遷市	(sù qiān shì)
宿儒	(sù rú)
宿舍	(sù shè)
宿舍樓	(sù shè lóu)
宿世	(sù shì)
宿松縣	(sù sōng xiàn)
宿務	(sù wù)
宿務語	(sù wù yǔ)
宿霧	(sù wù)
宿霧語	(sù wù yǔ)
宿昔	(sù xī)
宿夜	(sù yè)
宿營	(sù yíng)
宿營地	(sù yíng dì)
宿豫區	(sù yù qū)
宿緣	(sù yuán)
宿怨	(sù yuàn)
宿願	(sù yuàn)
宿債	(sù zhài)
宿州市	(sù zhōu shì)
宿主	(sù zhǔ)
宿醉	(sù zuì)
嗉	(sù)
嗉囊	(sù náng)
嗉子	(sù zi)
塑	(sù)
塑封	(sù fēng)
塑鋼	(sù gāng)
塑化劑	(sù huà jì)
塑膠	(sù jiāo)
塑膠爆炸物	(sù jiāo bào zhà wù)
塑膠車	(sù jiāo chē)
塑膠袋	(sù jiāo dài)
塑膠跑道	(sù jiāo pǎo dào)
塑膠炸藥	(sù jiāo zhà yào)
塑料	(sù liào)
塑料袋	(sù liào dài)
塑料姐妹花	(sù liào jiě mèi huā)
塑料普通話	(sù liào pǔ tōng huà)
塑料王	(sù liào wáng)
塑膜	(sù mó)
塑身	(sù shēn)
塑像	(sù xiàng)
塑形	(sù xíng)
塑性	(sù xìng)
塑造	(sù zào)
愫	(sù)
榡	(sù)
僳	(sù)
愬	(sù)
樕	(sù)
樎	(sù)
橚	(sù)
匴	(suǎn)
挼	(ruá)
䯝	(suǐ)
㒸	(suì)
嵗	(suì)
歲	(suì)
歲不我與	(suì bù wǒ yǔ)
歲差	(suì chā)
歲出	(suì chū)
歲初	(suì chū)
歲俸	(suì fèng)
歲計	(suì jì)
歲計餘絀	(suì jì yú chù)
歲靜	(suì jìng)
歲闌	(suì lán)
歲末	(suì mò)
歲暮	(suì mù)
歲入	(suì rù)
歲時	(suì shí)
歲首	(suì shǒu)
歲數	(suì shu)
歲歲平安	(suì suì píng ān)
歲修	(suì xiū)
歲序	(suì xù)
歲月	(suì yuè)
歲月流逝	(suì yuè liú shì)
歲月如流	(suì yuè rú liú)
歲月如梭	(suì yuè rú suō)
歲月崢嶸	(suì yuè zhēng róng)
㻽	(xuán)
孫	(sūn)
孫臏	(sūn bìn)
孫臏兵法	(sūn bìn bīng fǎ)
孫策	(sūn cè)
孫大聖	(sūn dà shèng)
孫兒	(sūn ér)
孫繼海	(sūn jì hǎi)
孫堅	(sūn jiān)
孫犁	(sūn lí)
孫女	(sūn nǚ)
孫女兒	(sūn nǚ r)
孫女婿	(sūn nǚ xu)
孫權	(sūn quán)
孫山	(sūn shān)
孫思邈	(sūn sī miǎo)
孫文	(sūn wén)
孫吳縣	(sūn wú xiàn)
孫武	(sūn wǔ)
孫武子	(sūn wǔ zǐ)
孫悟空	(sūn wù kōng)
孫媳婦	(sūn xí fù)
孫行者	(sūn xíng zhě)
孫燕姿	(sūn yàn zī)
孫逸仙	(sūn yì xiān)
孫毓棠	(sūn yù táng)
孫悅	(sūn yuè)
孫中山	(sūn zhōng shān)
孫誅	(sūn zhū)
孫子	(sūn zǐ)
孫子兵法	(sūn zǐ bīng fǎ)
孫子定理	(sūn zi dìng lǐ)
搎	(sūn)
損	(sǔn)
損公肥私	(sǔn gōng féi sī)
損害	(sǔn hài)
損耗	(sǔn hào)
損耗品	(sǔn hào pǐn)
損壞	(sǔn huài)
損毀	(sǔn huǐ)
損人	(sǔn rén)
損人不利己	(sǔn rén bù lì jǐ)
損人利己	(sǔn rén lì jǐ)
損傷	(sǔn shāng)
損失	(sǔn shī)
損益	(sǔn yì)
損益表	(sǔn yì biǎo)
損友	(sǔn yǒu)
損贈	(sǔn zèng)
榫	(sǔn)
榫卯	(sǔn mǎo)
榫頭	(sǔn tou)
榫銷	(sǔn xiāo)
榫眼	(sǔn yǎn)
榫鑿	(sǔn záo)
唆	(suō)
桫	(suō)
桫欏	(suō luó)
梭	(suō)
梭標	(suō biāo)
梭鏢	(suō biāo)
梭哈	(suō hā)
梭梭	(suō suō)
梭魚	(suō yú)
梭子	(suō zi)
梭子魚	(suō zi yú)
傞	(suō)
嗦	(suō)
嗦粉	(suō fěn)
嗍	(suō)
所	(suǒ)
所部	(suǒ bù)
所長	(suǒ cháng)
所到之處	(suǒ dào zhī chù)
所得	(suǒ dé)
所得稅	(suǒ dé shuì)
所多	(suǒ duō)
所多瑪	(suǒ duō mǎ)
所多瑪與蛾摩拉	(suǒ duō mǎ yǔ é mó lā)
所見	(suǒ jiàn)
所見即所得	(suǒ jiàn jí suǒ dé)
所見所聞	(suǒ jiàn suǒ wén)
所料	(suǒ liào)
所羅巴伯	(suǒ luó bā bó)
所羅門	(suǒ luó mén)
所羅門群島	(suǒ luó mén qún dǎo)
所能	(suǒ néng)
所生	(suǒ shēng)
所剩無幾	(suǒ shèng wú jǐ)
所屬	(suǒ shǔ)
所屬單位	(suǒ shǔ dān wèi)
所思	(suǒ sī)
所託非人	(suǒ tuō fēi rén)
所為	(suǒ wéi)
所謂	(suǒ wèi)
所聞	(suǒ wén)
所向披靡	(suǒ xiàng pī mǐ)
所向無敵	(suǒ xiàng wú dí)
所幸	(suǒ xìng)
所需	(suǒ xū)
所言非虛	(suǒ yán fēi xū)
所以	(suǒ yǐ)
所以然	(suǒ yǐ rán)
所用非人	(suǒ yòng fēi rén)
所有	(suǒ yǒu)
所有格	(suǒ yǒu gé)
所有權	(suǒ yǒu quán)
所有人	(suǒ yǒu rén)
所有物	(suǒ yǒu wù)
所有者	(suǒ yǒu zhě)
所有制	(suǒ yǒu zhì)
所有主	(suǒ yǒu zhǔ)
所願	(suǒ yuàn)
所在	(suǒ zài)
所在地	(suǒ zài dì)
所知	(suǒ zhī)
所指	(suǒ zhǐ)
所致	(suǒ zhì)
所作所為	(suǒ zuò suǒ wéi)
嗩	(suǒ)
嗩吶	(suǒ nà)
他	(tā)
他國	(tā guó)
他加祿語	(tā jiā lù yǔ)
他律	(tā lǜ)
他媽的	(tā mā de)
他們	(tā men)
他喵的	(tā miāo de)
他娘的	(tā niáng de)
他遷	(tā qiān)
他人	(tā rén)
他日	(tā rì)
他殺	(tā shā)
他山之石可以攻玉	(tā shān zhī shí kě yǐ gōng yù)
他鄉	(tā xiāng)
他鄉遇故知	(tā xiāng yù gù zhī)
他性	(tā xìng)
他用	(tā yòng)
他者	(tā zhě)
他者化	(tā zhě huà)
他者性	(tā zhě xìng)
它本身	(tā běn shēn)
它們	(tā men)
她	(tā)
她經濟	(tā jīng jì)
她瑪	(tā mǎ)
她們	(tā men)
塌	(tā)
塌方	(tā fāng)
塌房	(tā fáng)
塌架	(tā jià)
塌棵菜	(tā kē cài)
塌實	(tā shi)
塌臺	(tā tái)
塌下	(tā xià)
塌陷	(tā xiàn)
塔	(tǎ)
塔崩	(tǎ bēng)
塔城地區	(tǎ chéng dì qū)
塔城市	(tǎ chéng shì)
塔迪奇	(tǎ dí qí)
塔吊	(tǎ diào)
塔爾寺	(tǎ ěr sì)
塔防	(tǎ fáng)
塔夫綢	(tǎ fū chóu)
塔公	(tǎ gōng)
塔公寺	(tǎ gōng sì)
塔國	(tǎ guó)
塔河縣	(tǎ hé xiàn)
塔吉克	(tǎ jí kè)
塔吉克人	(tǎ jí kè rén)
塔吉克斯坦	(tǎ jí kè sī tǎn)
塔吉克族	(tǎ jí kè zú)
塔加路族語	(tǎ jiā lù zú yǔ)
塔尖	(tǎ jiān)
塔可	(tǎ kě)
塔可餅	(tǎ kě bǐng)
塔克拉瑪干沙漠	(tǎ kè lā mǎ gān shā mò)
塔口	(tǎ kǒu)
塔拉哈西	(tǎ lā hā xī)
塔拉斯河	(tǎ lā sī hé)
塔拉瓦	(tǎ lā wǎ)
塔勒	(tǎ lè)
塔里木	(tǎ lǐ mù)
塔里木河	(tǎ lǐ mù hé)
塔里木盆地	(tǎ lǐ mù pén dì)
塔列朗	(tǎ liè lǎng)
塔林	(tǎ lín)
塔樓	(tǎ lóu)
塔羅	(tǎ luó)
塔羅卡	(tǎ luó kǎ)
塔羅牌	(tǎ luó pái)
塔瑪爾	(tǎ mǎ ěr)
塔木德經	(tǎ mù dé jīng)
塔那那利佛	(tǎ nà nà lì fó)
塔帕斯	(tǎ pà sī)
塔剎	(tǎ chà)
塔扇	(tǎ shàn)
塔什干	(tǎ shí gān)
塔什庫爾干塔吉克自治縣	(tǎ shí kù ěr gān tǎ jí kè zì zhì xiàn)
塔斯馬尼亞	(tǎ sī mǎ ní yà)
塔斯曼尼亞	(tǎ sī màn ní yà)
塔斯曼尼亞島	(tǎ sī màn ní yà dǎo)
塔斯社	(tǎ sī shè)
塔塔兒	(tǎ tǎ r)
塔塔兒人	(tǎ tǎ r rén)
塔塔爾	(tǎ tǎ ěr)
塔塔爾族	(tǎ tǎ ěr zú)
塔塔粉	(tǎ tǎ fěn)
塔塔醬	(tǎ tǎ jiàng)
塔台	(tǎ tái)
塔瓦斯科	(tǎ wǎ sī kē)
塔尾樹鵲	(tǎ wěi shù què)
塔希提	(tǎ xī tí)
塔香	(tǎ xiāng)
塔扎	(tǎ zā)
塔州	(tǎ zhōu)
墖	(tǎ)
拓	(tà)
拓拔	(tuò bá)
拓跋	(tuò bá)
拓跋魏	(tuò bá wèi)
拓本	(tà běn)
拓荒	(tuò huāng)
拓荒者	(tuò huāng zhě)
拓寬	(tuò kuān)
拓片	(tà piàn)
拓撲	(tuò pū)
拓撲結構	(tuò pū jié gòu)
拓撲空間	(tuò pū kōng jiān)
拓撲學	(tuò pū xué)
拓印	(tà yìn)
拓展	(tuò zhǎn)
拓展視野	(tuò zhǎn shì yě)
拓展塢	(tuò zhǎn wù)
拓展訓練	(tuò zhǎn xùn liàn)
搨	(tà)
榻	(tà)
榻床	(tà chuáng)
榻榻米	(tà tà mǐ)
撻	(tà)
嚃	(tà)
台	(tái)
台磅	(tái bàng)
台胞證	(tái bāo zhèng)
台北	(tái běi)
台北捷運	(tái běi jié yùn)
台北金馬影展	(tái běi jīn mǎ yǐng zhǎn)
台北市	(tái běi shì)
台幣	(tái bì)
台伯河	(tái bó hé)
台菜	(tái cài)
台諜	(tái dié)
台東	(tái dōng)
台東市	(tái dōng shì)
台東縣	(tái dōng xiàn)
台獨	(tái dú)
台端	(tái duān)
台兒莊區	(tái ér zhuāng qū)
台股	(tái gǔ)
台江區	(tái jiāng qū)
台江縣	(tái jiāng xiàn)
台克球	(tái kè qiú)
台客	(tái kè)
台妹	(tái mèi)
台盟	(tái méng)
台南	(tái nán)
台前	(tái qián)
台前縣	(tái qián xiàn)
台球	(tái qiú)
台球桌	(tái qiú zhuō)
台山話	(tái shān huà)
台山市	(tái shān shì)
台商	(tái shāng)
台式	(tái shì)
台式電腦	(tái shì diàn nǎo)
台灣	(tái wān)
台灣關係法	(tái wān guān xì fǎ)
台灣海峽	(tái wān hǎi xiá)
台灣話	(tái wān huà)
台灣民主自治同盟	(tái wān mín zhǔ zì zhì tóng méng)
台灣葉鼻蝠	(tái wān yè bí fú)
台西	(tái xī)
台西鄉	(tái xī xiāng)
台下	(tái xià)
台語	(tái yǔ)
台中	(tái zhōng)
台州市	(tāi zhōu shì)
台資	(tái zī)
台座	(tái zuò)
抬	(tái)
抬愛	(tái ài)
抬秤	(tái chèng)
抬槓	(tái gàng)
抬高	(tái gāo)
抬轎子	(tái jiào zi)
抬舉	(tái ju)
抬起	(tái qǐ)
抬頭	(tái tóu)
抬頭不見低頭見	(tái tóu bù jiàn dī tóu jiàn)
抬顯	(tái xiǎn)
儓	(tái)
擡	(tái)
檯	(tái)
檯安縣	(tái ān xiàn)
檯布	(tái bù)
檯秤	(tái chèng)
檯燈	(tái dēng)
檯曆	(tái lì)
檯面	(tái miàn)
檯面呢	(tái miàn ní)
檯賬	(tái zhàng)
檯鐘	(tái zhōng)
檯子	(tái zi)
太	(tài)
太阿	(tài ē)
太白	(tài bái)
太白粉	(tài bái fěn)
太白山	(tài bái shān)
太白縣	(tài bái xiàn)
太白星	(tài bái xīng)
太半	(tài bàn)
太保	(tài bǎo)
太保市	(tài bǎo shì)
太倉市	(tài cāng shì)
太長不看	(tài cháng bù kàn)
太常	(tài cháng)
太初	(tài chū)
太妃糖	(tài fēi táng)
太夫人	(tài fū rén)
太公	(tài gōng)
太公兵法	(tài gōng bīng fǎ)
太公釣魚，願者上鉤	(tài gōng diào yú , yuàn zhě shàng gōu)
太公望	(tài gōng wàng)
太古	(tài gǔ)
太古代	(tài gǔ dài)
太古洋行	(tài gǔ yáng háng)
太古宙	(tài gǔ zhòu)
太谷區	(tài gǔ qū)
太過	(tài guò)
太好了	(tài hǎo le)
太和殿	(tài hé diàn)
太和區	(tài hé qū)
太和縣	(tài hé xiàn)
太后	(tài hòu)
太湖	(tài hú)
太湖縣	(tài hú xiàn)
太極	(tài jí)
太極劍	(tài jí jiàn)
太極拳	(tài jí quán)
太極圖	(tài jí tú)
太極圖說	(tài jí tú shuō)
太監	(tài jiàn)
太康縣	(tài kāng xiàn)
太空	(tài kōng)
太空步	(tài kōng bù)
太空艙	(tài kōng cāng)
太空船	(tài kōng chuán)
太空飛船	(tài kōng fēi chuán)
太空服	(tài kōng fú)
太空漫步	(tài kōng màn bù)
太空人	(tài kōng rén)
太空梭	(tài kōng suō)
太空探索	(tài kōng tàn suǒ)
太空舞步	(tài kōng wǔ bù)
太空行走	(tài kōng xíng zǒu)
太空遊	(tài kōng yóu)
太空站	(tài kōng zhàn)
太牢	(tài láo)
太魯閣	(tài lǔ gé)
太魯閣族	(tài lǔ gé zú)
太麻里	(tài má lǐ)
太麻里鄉	(tài má lǐ xiāng)
太妹	(tài mèi)
太平	(tài píng)
太平公主	(tài píng gōng zhǔ)
太平廣記	(tài píng guǎng jì)
太平間	(tài píng jiān)
太平門	(tài píng mén)
太平鳥	(tài píng niǎo)
太平區	(tài píng qū)
太平紳士	(tài píng shēn shì)
太平盛世	(tài píng shèng shì)
太平天國	(tài píng tiān guó)
太平天國起義	(tài píng tiān guó qǐ yì)
太平洋	(tài píng yáng)
太平洋聯合鐵路	(tài píng yáng lián hé tiě lù)
太平洋潛鳥	(tài píng yáng qián niǎo)
太平洋周邊	(tài píng yáng zhōu biān)
太平洋週邊	(tài píng yáng zhōu biān)
太婆	(tài pó)
太僕	(tài pú)
太僕寺	(tài pú sì)
太僕寺旗	(tài pú sì qí)
太僕寺卿	(tài pú sì qīng)
太上	(tài shàng)
太上皇	(tài shàng huáng)
太師	(tài shī)
太史	(tài shǐ)
太史公	(tài shǐ gōng)
太史令	(tài shǐ lìng)
太守	(tài shǒu)
太歲	(tài suì)
太太	(tài tai)
太田	(tài tián)
太行山	(tài háng shān)
太虛	(tài xū)
太陽	(tài yang)
太陽報	(tài yáng bào)
太陽餅	(tài yáng bǐng)
太陽窗	(tài yáng chuāng)
太陽從西邊出來	(tài yáng cóng xī biān chū lái)
太陽蛋	(tài yang dàn)
太陽燈	(tài yáng dēng)
太陽電池	(tài yáng diàn chí)
太陽電池板	(tài yáng diàn chí bǎn)
太陽風	(tài yáng fēng)
太陽風暴	(tài yáng fēng bào)
太陽光	(tài yáng guāng)
太陽光柱	(tài yáng guāng zhù)
太陽黑子	(tài yáng hēi zǐ)
太陽黑子周	(tài yáng hēi zǐ zhōu)
太陽花	(tài yáng huā)
太陽活動	(tài yáng huó dòng)
太陽鏡	(tài yáng jìng)
太陽輪	(tài yáng lún)
太陽能	(tài yáng néng)
太陽能板	(tài yáng néng bǎn)
太陽能電池	(tài yáng néng diàn chí)
太陽日	(tài yáng rì)
太陽曬屁股	(tài yáng shài pì gǔ)
太陽神	(tài yáng shén)
太陽神計劃	(tài yáng shén jì huà)
太陽神經叢	(tài yáng shén jīng cóng)
太陽微系統公司	(tài yáng wēi xì tǒng gōng sī)
太陽窩	(tài yáng wō)
太陽系	(tài yáng xì)
太陽穴	(tài yáng xué)
太陽眼鏡	(tài yáng yǎn jìng)
太陽翼	(tài yáng yì)
太陽雨	(tài yáng yǔ)
太爺	(tài yé)
太液池	(tài yè chí)
太醫	(tài yī)
太陰	(tài yīn)
太原市	(tài yuán shì)
太子	(tài zǐ)
太子黨	(tài zǐ dǎng)
太子港	(tài zǐ gǎng)
太子河區	(tài zǐ hé qū)
太子十三峰	(tài zǐ shí sān fēng)
太子太保	(tài zǐ tài bǎo)
太宗	(tài zōng)
太祖	(tài zǔ)
忕	(shì)
忲	(tài)
態	(tài)
態疊加	(tài dié jiā)
態度	(tài du)
態射	(tài shè)
態勢	(tài shì)
態樣	(tài yàng)
態子	(tài zi)
坍	(tān)
坍方	(tān fāng)
坍塌	(tān tā)
怹	(tān)
嘽	(tān)
嘽緩	(chǎn huǎn)
嘽嘽	(chǎn chǎn)
攤	(tān)
攤薄	(tān báo)
攤薄後每股盈利	(tān bó hòu měi gǔ yíng lì)
攤檔	(tān dàng)
攤點	(tān diǎn)
攤兒	(tān r)
攤販	(tān fàn)
攤黃菜	(tān huáng cài)
攤雞蛋	(tān jī dàn)
攤開	(tān kāi)
攤牌	(tān pái)
攤派	(tān pài)
攤錢	(tān qián)
攤曬	(tān shài)
攤商	(tān shāng)
攤事兒	(tān shì r)
攤手	(tān shǒu)
攤售	(tān shòu)
攤提	(tān tí)
攤頭	(tān tóu)
攤位	(tān wèi)
攤銷	(tān xiāo)
攤子	(tān zi)
倓	(tán)
惔	(tán)
榃	(tán)
墰	(tán)
墵	(tán)
壇	(tán)
曇	(tán)
曇花	(tán huā)
曇花一現	(tán huā yī xiàn)
檀	(tán)
檀香	(tán xiāng)
檀香山	(tán xiāng shān)
檀越	(tán yuè)
壜	(tán)
忐	(tǎn)
忐忑	(tǎn tè)
忐忑不安	(tǎn tè bù ān)
坦	(tǎn)
坦白	(tǎn bái)
坦陳	(tǎn chén)
坦承	(tǎn chéng)
坦誠	(tǎn chéng)
坦誠相見	(tǎn chéng xiāng jiàn)
坦蕩	(tǎn dàng)
坦噶尼喀	(tǎn gá ní kā)
坦噶尼喀湖	(tǎn gá ní kā hú)
坦克	(tǎn kè)
坦克車	(tǎn kè chē)
坦率	(tǎn shuài)
坦佩雷	(tǎn pèi léi)
坦然	(tǎn rán)
坦然無懼	(tǎn rán wú jù)
坦桑尼亞	(tǎn sāng ní yà)
坦尚尼亞	(tǎn shàng ní yà)
坦途	(tǎn tú)
坦言	(tǎn yán)
嗿	(tǎn)
探	(tàn)
探案	(tàn àn)
探班	(tàn bān)
探病	(tàn bìng)
探測	(tàn cè)
探測器	(tàn cè qì)
探測字	(tàn cè zì)
探查	(tàn chá)
探察	(tàn chá)
探長	(tàn zhǎng)
探尺	(tàn chǐ)
探底	(tàn dǐ)
探店	(tàn diàn)
探訪	(tàn fǎng)
探風	(tàn fēng)
探戈	(tàn gē)
探花	(tàn huā)
探家	(tàn jiā)
探監	(tàn jiān)
探井	(tàn jǐng)
探究	(tàn jiū)
探究式	(tàn jiū shì)
探勘	(tàn kān)
探看	(tàn kàn)
探口風	(tàn kǒu fēng)
探口氣	(tàn kǒu qì)
探礦	(tàn kuàng)
探礦者	(tàn kuàng zhě)
探雷	(tàn léi)
探雷人員	(tàn léi rén yuán)
探驪得珠	(tàn lí dé zhū)
探路	(tàn lù)
探馬	(tàn mǎ)
探祕	(tàn mì)
探明	(tàn míng)
探摸	(tàn mō)
探囊取物	(tàn náng qǔ wù)
探奇	(tàn qí)
探親	(tàn qīn)
探求	(tàn qiú)
探傷	(tàn shāng)
探身	(tàn shēn)
探身子	(tàn shēn zi)
探視	(tàn shì)
探視權	(tàn shì quán)
探索	(tàn suǒ)
探索性	(tàn suǒ xìng)
探討	(tàn tǎo)
探聽	(tàn tīng)
探頭	(tàn tóu)
探頭探腦	(tàn tóu tàn nǎo)
探頭探腦兒	(tàn tóu tàn nǎo r)
探望	(tàn wàng)
探問	(tàn wèn)
探險	(tàn xiǎn)
探險家	(tàn xiǎn jiā)
探險者	(tàn xiǎn zhě)
探尋	(tàn xún)
探詢	(tàn xún)
探幽發微	(tàn yōu fā wēi)
探員	(tàn yuán)
探月	(tàn yuè)
探照燈	(tàn zhào dēng)
探針	(tàn zhēn)
探知	(tàn zhī)
探子	(tàn zi)
嘆	(tàn)
嘆詞	(tàn cí)
嘆服	(tàn fú)
嘆號	(tàn hào)
嘆口氣	(tàn kǒu qì)
嘆氣	(tàn qì)
嘆賞	(tàn shǎng)
嘆為觀止	(tàn wéi guān zhǐ)
嘆息	(tàn xī)
嘆惜	(tàn xī)
撢	(dǎn)
歎	(tàn)
嘡	(tāng)
劏	(tāng)
劏房	(tāng fáng)
唐	(táng)
唐伯虎	(táng bó hǔ)
唐朝	(táng cháo)
唐初四大家	(táng chū sì dà jiā)
唐代	(táng dài)
唐棣	(táng dì)
唐恩都樂	(táng ēn dōu lè)
唐狗	(táng gǒu)
唐古拉	(táng gǔ lā)
唐古拉山	(táng gǔ lā shān)
唐古拉山脈	(táng gǔ lā shān mài)
唐河縣	(táng hé xiàn)
唐花	(táng huā)
唐璜	(táng huáng)
唐吉訶德	(táng jí hē dé)
唐家山	(táng jiā shān)
唐家璇	(táng jiā xuán)
唐卡	(táng kǎ)
唐老鴨	(táng lǎo yā)
唐末	(táng mò)
唐納	(táng nà)
唐納德	(táng nà dé)
唐寧街	(táng níng jiē)
唐人	(táng rén)
唐人街	(táng rén jiē)
唐山	(táng shān)
唐山大地震	(táng shān dà dì zhèn)
唐山市	(táng shān shì)
唐紹儀	(táng shào yí)
唐詩	(táng shī)
唐氏兒	(táng shì ér)
唐氏症	(táng shì zhèng)
唐氏綜合症	(táng shì zōng hé zhèng)
唐手道	(táng shǒu dào)
唐宋	(táng sòng)
唐宋八大家	(táng sòng bā dà jiā)
唐太宗李衛公問對	(táng tài zōng lǐ wèi gōng wèn duì)
唐突	(táng tū)
唐縣	(táng xiàn)
唐揚	(táng yáng)
唐堯	(táng yáo)
唐寅	(táng yín)
唐招提寺	(táng zhāo tí sì)
唐裝	(táng zhuāng)
堂	(táng)
堂弟	(táng dì)
堂弟妹	(táng dì mèi)
堂弟媳	(táng dì xí)
堂而皇之	(táng ér huáng zhī)
堂房	(táng fáng)
堂哥	(táng gē)
堂倌	(táng guān)
堂花	(táng huā)
堂皇	(táng huáng)
堂吉訶德	(táng jí hē dé)
堂姐	(táng jiě)
堂姐夫	(táng jiě fu)
堂妹	(táng mèi)
堂妹夫	(táng mèi fu)
堂區	(táng qū)
堂嫂	(táng sǎo)
堂食	(táng shí)
堂堂	(táng táng)
堂堂正正	(táng táng zhèng zhèng)
堂屋	(táng wū)
堂廡	(táng wǔ)
堂兄	(táng xiōng)
堂兄弟	(táng xiōng dì)
堂姪	(táng zhí)
堂姊	(táng zǐ)
堂姊妹	(táng zǐ mèi)
棠	(táng)
棠梨	(táng lí)
啺	(táng)
塘	(táng)
塘鵝	(táng é)
塘沽	(táng gū)
塘沽區	(táng gū qū)
塘角魚	(táng jiǎo yú)
塘虱	(táng shī)
塘堰	(táng yàn)
搪	(táng)
搪瓷	(táng cí)
搪塞	(táng sè)
搪突	(táng tū)
樘	(táng)
帑	(tǎng)
帑藏	(tǎng zàng)
倘	(tǎng)
倘或	(tǎng huò)
倘能如此	(tǎng néng rú cǐ)
倘然	(tǎng rán)
倘若	(tǎng ruò)
倘佯	(cháng yáng)
埫	(tǎng)
儻	(tǎng)
弢	(tāo)
掏	(tāo)
掏包	(tāo bāo)
掏出	(tāo chū)
掏耳	(tāo ěr)
掏耳勺	(tāo ěr sháo)
掏空	(tāo kōng)
掏錢	(tāo qián)
掏心掏肺	(tāo xīn tāo fèi)
掏腰包	(tāo yāo bāo)
搯	(tāo)
慆	(tāo)
匋	(táo)
咷	(táo)
桃	(táo)
桃城區	(táo chéng qū)
桃紅	(táo hóng)
桃花	(táo huā)
桃花扇	(táo huā shàn)
桃花水母	(táo huā shuǐ mǔ)
桃花心木	(táo huā xīn mù)
桃花汛	(táo huā xùn)
桃花源	(táo huā yuán)
桃花運	(táo huā yùn)
桃江縣	(táo jiāng xiàn)
桃金娘	(táo jīn niáng)
桃金娘科	(táo jīn niáng kē)
桃李	(táo lǐ)
桃莉羊	(táo lì yáng)
桃仁	(táo rén)
桃腮粉臉	(táo sāi fěn liǎn)
桃色	(táo sè)
桃色案件	(táo sè àn jiàn)
桃色新聞	(táo sè xīn wén)
桃山區	(táo shān qū)
桃樹	(táo shù)
桃太郎	(táo tài láng)
桃心	(táo xīn)
桃汛	(táo xùn)
桃園	(táo yuán)
桃園結義	(táo yuán jié yì)
桃園三結義	(táo yuán sān jié yì)
桃園市	(táo yuán shì)
桃源縣	(táo yuán xiàn)
桃子	(táo zi)
啕	(táo)
檮	(táo)
檮杌	(táo wù)
套	(tào)
套包	(tào bāo)
套餐	(tào cān)
套車	(tào chē)
套磁	(tào cí)
套疊	(tào dié)
套兒	(tào r)
套房	(tào fáng)
套服	(tào fú)
套購	(tào gòu)
套管	(tào guǎn)
套紅	(tào hóng)
套話	(tào huà)
套換	(tào huàn)
套匯	(tào huì)
套間	(tào jiān)
套件	(tào jiàn)
套交情	(tào jiāo qing)
套結	(tào jié)
套近乎	(tào jìn hū)
套口供	(tào kǒu gòng)
套褲	(tào kù)
套牢	(tào láo)
套利	(tào lì)
套利者	(tào lì zhě)
套路	(tào lù)
套馬	(tào mǎ)
套馬桿	(tào mǎ gǎn)
套牌車	(tào pái chē)
套票	(tào piào)
套期保值	(tào qī bǎo zhí)
套曲	(tào qǔ)
套取	(tào qǔ)
套圈	(tào quān)
套裙	(tào qún)
套色	(tào shǎi)
套衫	(tào shān)
套衫兒	(tào shān r)
套繩	(tào shéng)
套數	(tào shù)
套索	(tào suǒ)
套套	(tào tao)
套筒	(tào tǒng)
套筒扳手	(tào tǒng bān shǒu)
套頭	(tào tóu)
套娃	(tào wá)
套問	(tào wèn)
套現	(tào xiàn)
套鞋	(tào xié)
套袖	(tào xiù)
套印	(tào yìn)
套用	(tào yòng)
套語	(tào yǔ)
套中人	(tào zhōng rén)
套鐘	(tào zhōng)
套種	(tào zhòng)
套裝	(tào zhuāng)
套子	(tào zi)
套作	(tào zuò)
忑	(tè)
忒	(tēi)
慝	(tè)
剔	(tī)
剔除	(tī chú)
剔透	(tī tòu)
剔牙	(tī yá)
梯	(tī)
梯板	(tī bǎn)
梯次	(tī cì)
梯次隊形	(tī cì duì xíng)
梯度	(tī dù)
梯度回波	(tī dù huí bō)
梯隊	(tī duì)
梯恩梯	(tī ēn tī)
梯恩梯當量	(tī ēn tī dāng liàng)
梯級	(tī jí)
梯己	(tī ji)
梯氏鶇	(tī shì dōng)
梯式配股	(tī shì pèi gǔ)
梯田	(tī tián)
梯形	(tī xíng)
梯也爾	(tī yě ěr)
梯子	(tī zi)
擿	(zhì)
扌	(shǒu)
厗	(tí)
厗奚	(tí xī)
提	(tí)
提案	(tí àn)
提案人	(tí àn rén)
提拔	(tí bá)
提包	(tí bāo)
提筆	(tí bǐ)
提筆忘字	(tí bǐ wàng zì)
提布盧斯	(tí bù lú sī)
提倡	(tí chàng)
提倡者	(tí chàng zhě)
提車	(tí chē)
提稱語	(tí chēng yǔ)
提成	(tí chéng)
提出	(tí chū)
提純	(tí chún)
提詞	(tí cí)
提詞器	(tí cí qì)
提單	(tí dān)
提到	(tí dào)
提燈	(tí dēng)
提調	(tí diào)
提督	(tí dū)
提多	(tí duō)
提多書	(tí duō shū)
提爾	(tí ěr)
提爾市	(tí ěr shì)
提法	(tí fǎ)
提防	(dī fang)
提幹	(tí gàn)
提綱	(tí gāng)
提綱挈領	(tí gāng qiè lǐng)
提高	(tí gāo)
提告	(tí gào)
提告人	(tí gào rén)
提供	(tí gōng)
提供商	(tí gōng shāng)
提供者	(tí gōng zhě)
提盒	(tí hé)
提壺蘆	(tí hú lú)
提葫蘆	(tí hú lú)
提花	(tí huā)
提婚	(tí hūn)
提貨	(tí huò)
提貨單	(tí huò dān)
提及	(tí jí)
提級	(tí jí)
提價	(tí jià)
提交	(tí jiāo)
提克里特	(tí kè lǐ tè)
提款	(tí kuǎn)
提款機	(tí kuǎn jī)
提款卡	(tí kuǎn kǎ)
提拉米蘇	(tí lā mǐ sū)
提籃	(tí lán)
提籃兒	(tí lán r)
提煉	(tí liàn)
提梁	(tí liáng)
提列	(tí liè)
提領	(tí lǐng)
提溜	(dī liu)
提留	(tí liú)
提名	(tí míng)
提摩太	(tí mó tài)
提摩太後書	(tí mó tài hòu shū)
提摩太前書	(tí mó tài qián shū)
提摩西草	(tí mó xī cǎo)
提姆·羅賓斯	(tí mǔ · luó bīn sī)
提賠	(tí péi)
提起	(tí qǐ)
提起公訴	(tí qǐ gōng sù)
提起精神	(tí qǐ jīng shen)
提前	(tí qián)
提前投票	(tí qián tóu piào)
提挈	(tí qiè)
提琴	(tí qín)
提請	(tí qǐng)
提親	(tí qīn)
提親事	(tí qīn shì)
提取	(tí qǔ)
提權	(tí quán)
提任	(tí rèn)
提神	(tí shén)
提神劑	(tí shén jì)
提神醒腦	(tí shén xǐng nǎo)
提審	(tí shěn)
提升	(tí shēng)
提示	(tí shì)
提示承兌	(tí shì chéng duì)
提示付款	(tí shì fù kuǎn)
提示音	(tí shì yīn)
提手	(tí shǒu)
提述	(tí shù)
提水工程	(tí shuǐ gōng chéng)
提速	(tí sù)
提提	(tí tí)
提頭兒	(tí tóu r)
提味	(tí wèi)
提問	(tí wèn)
提現	(tí xiàn)
提線木偶	(tí xiàn mù ǒu)
提箱	(tí xiāng)
提攜	(tí xié)
提心	(tí xīn)
提心吊膽	(tí xīn diào dǎn)
提薪	(tí xīn)
提醒	(tí xǐng)
提醒物	(tí xǐng wù)
提學御史	(tí xué yù shǐ)
提訊	(tí xùn)
提要	(tí yào)
提掖	(tí yè)
提議	(tí yì)
提喻法	(tí yù fǎ)
提早	(tí zǎo)
提振	(tí zhèn)
提製	(tí zhì)
提踵	(tí zhǒng)
提子	(tí zǐ)
提字器	(tí zì qì)
啼	(tí)
啼饑號寒	(tí jī háo hán)
啼哭	(tí kū)
啼聲	(tí shēng)
啼笑皆非	(tí xiào jiē fēi)
啼囀	(tí zhuàn)
嗁	(tí)
剃	(tì)
剃刀	(tì dāo)
剃度	(tì dù)
剃髮留辮	(tì fà liú biàn)
剃光頭	(tì guāng tóu)
剃頭	(tì tóu)
剃頭挑子一頭熱	(tì tóu tiāo zi yī tóu rè)
剃鬚刀	(tì xū dāo)
剃鬚膏	(tì xū gāo)
倜	(tì)
倜儻	(tì tǎng)
悌	(tì)
悌睦	(tì mù)
悌友	(tì yǒu)
悐	(tì)
惕	(tì)
惕然	(tì rán)
屜	(tì)
屜子	(tì zi)
替	(tì)
替班	(tì bān)
替班兒	(tì bān r)
替補	(tì bǔ)
替補隊員	(tì bǔ duì yuán)
替餐	(tì cān)
替代	(tì dài)
替代品	(tì dài pǐn)
替代燃料	(tì dài rán liào)
替工	(tì gōng)
替古人耽憂	(tì gǔ rén dān yōu)
替古人擔憂	(tì gǔ rén dān yōu)
替換	(tì huàn)
替角	(tì jué)
替角兒	(tì jué r)
替身	(tì shēn)
替身演員	(tì shēn yǎn yuán)
替死鬼	(tì sǐ guǐ)
替天行道	(tì tiān xíng dào)
替罪	(tì zuì)
替罪羔羊	(tì zuì gāo yáng)
替罪羊	(tì zuì yáng)
殢	(tì)
嚏	(tì)
嚏噴	(tì pen)
嚔	(tì)
䶑	(tì)
天	(tiān)
天啊	(tiān a)
天安門	(tiān ān mén)
天安門廣場	(tiān ān mén guǎng chǎng)
天安門開了	(tiān ān mén kāi le)
天貝	(tiān bèi)
天崩地裂	(tiān bēng dì liè)
天邊	(tiān biān)
天兵	(tiān bīng)
天兵天將	(tiān bīng tiān jiàng)
天不怕地不怕	(tiān bù pà dì bù pà)
天才	(tiān cái)
天差地別	(tiān chā dì bié)
天差地遠	(tiān chā dì yuǎn)
天長地久	(tiān cháng dì jiǔ)
天長日久	(tiān cháng rì jiǔ)
天長市	(tiān cháng shì)
天朝	(tiān cháo)
天車	(tiān chē)
天成	(tiān chéng)
天城文	(tiān chéng wén)
天秤	(tiān chèng)
天秤座	(tiān chèng zuò)
天池	(tiān chí)
天窗	(tiān chuāng)
天次	(tiān cì)
天賜	(tiān cì)
天大	(tiān dà)
天道	(tiān dào)
天道酬勤	(tiān dào chóu qín)
天地	(tiān dì)
天地會	(tiān dì huì)
天地良心	(tiān dì liáng xīn)
天地玄黃	(tiān dì xuán huáng)
天地懸隔	(tiān dì xuán gé)
天燈	(tiān dēng)
天等縣	(tiān děng xiàn)
天低吳楚，眼空無物	(tiān dī wú chǔ , yǎn kōng wú wù)
天敵	(tiān dí)
天底	(tiān dǐ)
天底下	(tiān dǐ xia)
天帝	(tiān dì)
天電	(tiān diàn)
天頂	(tiān dǐng)
天冬氨酸	(tiān dōng ān suān)
天冬酰胺	(tiān dōng xiān àn)
天妒英才	(tiān dù yīng cái)
天峨縣	(tiān é xiàn)
天鵝	(tiān é)
天鵝湖	(tiān é hú)
天鵝絨	(tiān é róng)
天鵝座	(tiān é zuò)
天兒	(tiān r)
天翻地覆	(tiān fān dì fù)
天方	(tiān fāng)
天方夜譚	(tiān fāng yè tán)
天分	(tiān fèn)
天份	(tiān fèn)
天府	(tiān fǔ)
天府之國	(tiān fǔ zhī guó)
天父	(tiān fù)
天婦羅	(tiān fù luó)
天賦	(tiān fù)
天賦異稟	(tiān fù yì bǐng)
天罡	(tiān gāng)
天剛亮	(tiān gāng liàng)
天高皇帝遠	(tiān gāo huáng dì yuǎn)
天鴿座	(tiān gē zuò)
天各一方	(tiān gè yī fāng)
天公	(tiān gōng)
天公不作美	(tiān gōng bù zuò měi)
天公地道	(tiān gōng dì dào)
天公作美	(tiān gōng zuò měi)
天宮	(tiān gōng)
天溝	(tiān gōu)
天癸	(tiān guǐ)
天國	(tiān guó)
天寒地凍	(tiān hán dì dòng)
天旱	(tiān hàn)
天漢	(tiān hàn)
天和	(tiān hú)
天河	(tiān hé)
天河區	(tiān hé qū)
天鶴座	(tiān hè zuò)
天黑	(tiān hēi)
天后	(tiān hòu)
天后站	(tiān hòu zhàn)
天候	(tiān hòu)
天花	(tiān huā)
天花板	(tiān huā bǎn)
天花病毒	(tiān huā bìng dú)
天花亂墜	(tiān huā luàn zhuì)
天荒地老	(tiān huāng dì lǎo)
天皇	(tiān huáng)
天璣	(tiān jī)
天機	(tiān jī)
天機不可泄漏	(tiān jī bù kě xiè lòu)
天機不可泄露	(tiān jī bù kě xiè lù)
天際	(tiān jì)
天際線	(tiān jì xiàn)
天價	(tiān jià)
天箭座	(tiān jiàn zuò)
天界	(tiān jiè)
天津	(tiān jīn)
天津大學	(tiān jīn dà xué)
天津環球金融中心	(tiān jīn huán qiú jīn róng zhōng xīn)
天津市	(tiān jīn shì)
天津外國語大學	(tiān jīn wài guó yǔ dà xué)
天津衛	(tiān jīn wèi)
天經地義	(tiān jīng dì yì)
天井	(tiān jǐng)
天峻縣	(tiān jùn xiàn)
天課	(tiān kè)
天坑	(tiān kēng)
天空	(tiān kōng)
天籟	(tiān lài)
天籟之音	(tiān lài zhī yīn)
天藍	(tiān lán)
天藍色	(tiān lán sè)
天狼星	(tiān láng xīng)
天老兒	(tiān lǎo r)
天冷	(tiān lěng)
天理	(tiān lǐ)
天理教	(tiān lǐ jiào)
天理難容	(tiān lǐ nán róng)
天良	(tiān liáng)
天亮	(tiān liàng)
天量	(tiān liàng)
天靈蓋	(tiān líng gài)
天龍八部	(tiān lóng bā bù)
天龍國	(tiān lóng guó)
天龍人	(tiān lóng rén)
天龍座	(tiān lóng zuò)
天螻	(tiān lóu)
天爐座	(tiān lú zuò)
天祿	(tiān lù)
天倫	(tiān lún)
天倫之樂	(tiān lún zhī lè)
天羅地網	(tiān luó dì wǎng)
天麻	(tiān má)
天馬	(tiān mǎ)
天馬行空	(tiān mǎ xíng kōng)
天貓座	(tiān māo zuò)
天門	(tiān mén)
天門冬	(tiān mén dōng)
天門冬科	(tiān mén dōng kē)
天門市	(tiān mén shì)
天明	(tiān míng)
天命	(tiān mìng)
天魔	(tiān mó)
天那水	(tiān nà shuǐ)
天南地北	(tiān nán dì běi)
天年	(tiān nián)
天寧區	(tiān níng qū)
天牛	(tiān niú)
天皰瘡	(tiān pào chuāng)
天棚	(tiān péng)
天篷	(tiān péng)
天平	(tiān píng)
天平動	(tiān píng dòng)
天氣	(tiān qì)
天氣預報	(tiān qì yù bào)
天譴	(tiān qiǎn)
天塹	(tiān qiàn)
天橋	(tiān qiáo)
天橋區	(tiān qiáo qū)
天琴星座	(tiān qín xīng zuò)
天琴座	(tiān qín zuò)
天青石	(tiān qīng shí)
天親	(tiān qīn)
天球	(tiān qiú)
天球赤道	(tiān qiú chì dào)
天趣	(tiān qù)
天全縣	(tiān quán xiàn)
天權	(tiān quán)
天然	(tiān rán)
天然呆	(tiān rán dāi)
天然毒素	(tiān rán dú sù)
天然氣	(tiān rán qì)
天然纖維	(tiān rán xiān wéi)
天然橡膠	(tiān rán xiàng jiāo)
天然鈾	(tiān rán yóu)
天壤之別	(tiān rǎng zhī bié)
天人	(tiān rén)
天人感應	(tiān rén gǎn yìng)
天人合一	(tiān rén hé yī)
天色	(tiān sè)
天殺的	(tiān shā de)
天煞孤星	(tiān shà gū xīng)
天山	(tiān shān)
天山區	(tiān shān qū)
天上	(tiān shàng)
天上不會掉餡餅	(tiān shàng bù huì diào xiàn bǐng)
天上掉餡餅	(tiān shàng diào xiàn bǐng)
天上下刀子	(tiān shàng xià dāo zi)
天神	(tiān shén)
天生	(tiān shēng)
天生的一對	(tiān shēng de yī duì)
天生麗質	(tiān shēng lì zhì)
天生一對	(tiān shēng yī duì)
天時	(tiān shí)
天時地利人和	(tiān shí dì lì rén hé)
天使	(tiān shǐ)
天使報喜節	(tiān shǐ bào xǐ jié)
天使投資	(tiān shǐ tóu zī)
天使投資人	(tiān shǐ tóu zī rén)
天書	(tiān shū)
天樞	(tiān shū)
天數	(tiān shù)
天水碧	(tiān shuǐ bì)
天水市	(tiān shuǐ shì)
天孫娘娘	(tiān sūn niáng niáng)
天台	(tiān tāi)
天台山	(tiān tāi shān)
天台縣	(tiān tāi xiàn)
天台宗	(tiān tái zōng)
天臺	(tiān tái)
天壇	(tiān tán)
天壇座	(tiān tán zuò)
天堂	(tiān táng)
天梯	(tiān tī)
天體	(tiān tǐ)
天體光譜學	(tiān tǐ guāng pǔ xué)
天體力學	(tiān tǐ lì xué)
天體物理	(tiān tǐ wù lǐ)
天體物理學	(tiān tǐ wù lǐ xué)
天體物理學家	(tiān tǐ wù lǐ xué jiā)
天體演化學	(tiān tǐ yǎn huà xué)
天體主義	(tiān tǐ zhǔ yì)
天天	(tiān tiān)
天條	(tiān tiáo)
天庭	(tiān tíng)
天頭	(tiān tóu)
天兔座	(tiān tù zuò)
天外	(tiān wài)
天外來客	(tiān wài lái kè)
天王	(tiān wáng)
天王星	(tiān wáng xīng)
天網	(tiān wǎng)
天網恢恢	(tiān wǎng huī huī)
天網恢恢，疏而不漏	(tiān wǎng huī huī , shū ér bù lòu)
天文	(tiān wén)
天文單位	(tiān wén dān wèi)
天文館	(tiān wén guǎn)
天文數字	(tiān wén shù zì)
天文台	(tiān wén tái)
天文望遠鏡	(tiān wén wàng yuǎn jìng)
天文學	(tiān wén xué)
天文學大成	(tiān wén xué dà chéng)
天文學家	(tiān wén xué jiā)
天問	(tiān wèn)
天無絕人之路	(tiān wú jué rén zhī lù)
天下	(tiān xià)
天下大亂	(tiān xià dà luàn)
天下大勢	(tiān xià dà shì)
天下第一	(tiān xià dì yī)
天下沒有不散的筵席	(tiān xià méi yǒu bù sàn de yán xí)
天下太平	(tiān xià tài píng)
天下烏鴉一般黑	(tiān xià wū yā yī bān hēi)
天下無難事，只怕有心人	(tiān xià wú nán shì , zhǐ pà yǒu xīn rén)
天下興亡，匹夫有責	(tiān xià xīng wáng , pǐ fū yǒu zé)
天仙	(tiān xiān)
天險	(tiān xiǎn)
天線	(tiān xiàn)
天線寶寶	(tiān xiàn bǎo bǎo)
天香國色	(tiān xiāng guó sè)
天象	(tiān xiàng)
天象儀	(tiān xiàng yí)
天曉得	(tiān xiǎo de)
天蠍	(tiān xiē)
天蠍座	(tiān xiē zuò)
天蟹座	(tiān xiè zuò)
天心	(tiān xīn)
天心區	(tiān xīn qū)
天星碼頭	(tiān xīng mǎ tóu)
天行赤眼	(tiān xíng chì yǎn)
天幸	(tiān xìng)
天性	(tiān xìng)
天旋地轉	(tiān xuán dì zhuàn)
天璇	(tiān xuán)
天涯	(tiān yá)
天涯海角	(tiān yá hǎi jiǎo)
天涯何處無芳草	(tiān yá hé chù wú fāng cǎo)
天涯區	(tiān yá qū)
天涯若比鄰	(tiān yá ruò bǐ lín)
天呀	(tiān ya)
天眼	(tiān yǎn)
天演	(tiān yǎn)
天演論	(tiān yǎn lùn)
天燕座	(tiān yàn zuò)
天要下雨，娘要嫁人	(tiān yào xià yǔ , niáng yào jià rén)
天衣無縫	(tiān yī wú fèng)
天意	(tiān yì)
天鷹座	(tiān yīng zuò)
天有不測風雲，人有旦夕禍福	(tiān yǒu bù cè fēng yún , rén yǒu dàn xī huò fú)
天雨路滑	(tiān yù lù huá)
天淵	(tiān yuān)
天元區	(tiān yuán qū)
天災	(tiān zāi)
天災地孽	(tiān zāi dì niè)
天災人禍	(tiān zāi rén huò)
天葬	(tiān zàng)
天造地設	(tiān zào dì shè)
天擇	(tiān zé)
天真	(tiān zhēn)
天真爛漫	(tiān zhēn làn màn)
天鎮縣	(tiān zhèn xiàn)
天職	(tiān zhí)
天舟座	(tiān zhōu zuò)
天珠	(tiān zhū)
天誅	(tiān zhū)
天竺	(tiān zhú)
天竺葵	(tiān zhú kuí)
天竺牡丹	(tiān zhú mǔ dan)
天竺鼠	(tiān zhú shǔ)
天主	(tiān zhǔ)
天主教	(tiān zhǔ jiào)
天主教會	(tiān zhǔ jiào huì)
天主教徒	(tiān zhǔ jiào tú)
天柱	(tiān zhù)
天柱縣	(tiān zhù xiàn)
天祝藏族自治縣	(tiān zhù zàng zú zì zhì xiàn)
天資	(tiān zī)
天子	(tiān zǐ)
天作之合	(tiān zuò zhī hé)
兲	(tiān)
兲朝	(tiān cháo)
屇	(tián)
恬	(tián)
恬波	(tián bō)
恬不知恥	(tián bù zhī chǐ)
恬暢	(tián chàng)
恬淡	(tián dàn)
恬澹	(tián dàn)
恬和	(tián hé)
恬靜	(tián jìng)
恬美	(tián měi)
恬謐	(tián mì)
恬漠	(tián mò)
恬然	(tián rán)
恬適	(tián shì)
恬退	(tián tuì)
恬雅	(tián yǎ)
恬逸	(tián yì)
恬愉	(tián yú)
恬噪	(tián zào)
填	(tián)
填飽	(tián bǎo)
填報	(tián bào)
填表	(tián biǎo)
填補	(tián bǔ)
填充	(tián chōng)
填充劑	(tián chōng jì)
填充題	(tián chōng tí)
填充物	(tián chōng wù)
填詞	(tián cí)
填地	(tián dì)
填堵	(tián dǔ)
填房	(tián fáng)
填海	(tián hǎi)
填空	(tián kòng)
填料	(tián liào)
填滿	(tián mǎn)
填密	(tián mì)
填塞	(tián sè)
填塞物	(tián sè wù)
填寫	(tián xiě)
填鴨	(tián yā)
填鴨式	(tián yā shì)
填字遊戲	(tián zì yóu xì)
搷	(chēn)
塡	(tián)
忝	(tiǎn)
殄	(tiǎn)
㥏	(tiǎn)
晪	(tiǎn)
掭	(tiàn)
佻	(tiāo)
挑	(tiāo)
挑撥	(tiǎo bō)
挑撥離間	(tiǎo bō lí jiàn)
挑撥是非	(tiǎo bō shì fēi)
挑刺	(tiāo cì)
挑大梁	(tiǎo dà liáng)
挑燈	(tiǎo dēng)
挑燈撥火	(tiǎo dēng bō huǒ)
挑燈夜戰	(tiǎo dēng yè zhàn)
挑動	(tiǎo dòng)
挑逗	(tiǎo dòu)
挑逗性	(tiǎo dòu xìng)
挑肥揀瘦	(tiāo féi jiǎn shòu)
挑夫	(tiāo fū)
挑高	(tiāo gāo)
挑花	(tiǎo huā)
挑花眼	(tiǎo huā yǎn)
挑揀	(tiāo jiǎn)
挑口板	(tiāo kǒu bǎn)
挑毛病	(tiāo máo bìng)
挑毛剔刺	(tiāo máo tī cì)
挑毛剔刺兒	(tiāo máo tī cì r)
挑明	(tiǎo míng)
挑弄	(tiǎo nòng)
挑起	(tiǎo qǐ)
挑染	(tiāo rǎn)
挑三揀四	(tiāo sān jiǎn sì)
挑三窩四	(tiǎo sān wō sì)
挑山工	(tiāo shān gōng)
挑食	(tiāo shí)
挑唆	(tiǎo suō)
挑剔	(tiāo ti)
挑頭	(tiǎo tóu)
挑頭兒	(tiǎo tóu r)
挑釁	(tiǎo xìn)
挑選	(tiāo xuǎn)
挑簷	(tiǎo yán)
挑戰	(tiǎo zhàn)
挑戰者	(tiǎo zhàn zhě)
挑戰者號	(tiǎo zhàn zhě hào)
挑子	(tiāo zi)
挑嘴	(tiāo zuǐ)
恌	(tiāo)
岧	(tiáo)
岹	(tiáo)
條	(tiáo)
條案	(tiáo àn)
條板箱	(tiáo bǎn xiāng)
條播	(tiáo bō)
條暢	(tiáo chàng)
條陳	(tiáo chén)
條凳	(tiáo dèng)
條分縷析	(tiáo fēn lǚ xī)
條幅	(tiáo fú)
條幅廣告	(tiáo fú guǎng gào)
條貫	(tiáo guàn)
條規	(tiáo guī)
條痕	(tiáo hén)
條幾	(tiáo jī)
條件	(tiáo jiàn)
條件反射	(tiáo jiàn fǎn shè)
條件反應	(tiáo jiàn fǎn yìng)
條件概率	(tiáo jiàn gài lǜ)
條件句	(tiáo jiàn jù)
條件式	(tiáo jiàn shì)
條款	(tiáo kuǎn)
條理	(tiáo lǐ)
條例	(tiáo lì)
條碼	(tiáo mǎ)
條目	(tiáo mù)
條條大路通羅馬	(tiáo tiáo dà lù tōng luó mǎ)
條條框框	(tiáo tiáo kuàng kuàng)
條文	(tiáo wén)
條紋	(tiáo wén)
條紋噪鶥	(tiáo wén zào méi)
條形	(tiáo xíng)
條形碼	(tiáo xíng mǎ)
條形圖	(tiáo xíng tú)
條約	(tiáo yuē)
條子	(tiáo zi)
䩦	(tiáo)
儵	(shū)
宨	(tiǎo)
朓	(tiǎo)
䠷	(tiǎo)
帖	(tiě)
帖服	(tiē fú)
帖木兒	(tiē mù ér)
帖木兒大汗	(tiē mù ér dà hán)
帖撒羅尼迦	(tiě sā luó ní jiā)
帖撒羅尼迦後書	(tiě sā luó ní jiā hòu shū)
帖撒羅尼迦前書	(tiě sā luó ní jiā qián shū)
帖子	(tiě zi)
怗	(tiē)
僣	(jiàn)
呫	(tiè)
呫嗶	(tiè bì)
呫噸	(zhān dūn)
呫噸酮	(zhān dūn tóng)
呫囁	(tiè niè)
呫嚅	(chè rú)
呫呫	(tiè tiè)
听	(yǐn)
桯	(tīng)
廳	(tīng)
廳長	(tīng zhǎng)
廳堂	(tīng táng)
廷	(tíng)
廷巴克圖	(tíng bā kè tú)
廷布	(tíng bù)
廷試	(tíng shì)
廷尉	(tíng wèi)
亭	(tíng)
亭長	(tíng zhǎng)
亭閣	(tíng gé)
亭湖區	(tíng hú qū)
亭臺	(tíng tái)
亭臺樓閣	(tíng tái lóu gé)
亭亭玉立	(tíng tíng yù lì)
亭午	(tíng wǔ)
亭子	(tíng zi)
庭	(tíng)
庭長	(tíng zhǎng)
庭除	(tíng chú)
庭審	(tíng shěn)
庭堂	(tíng táng)
庭外	(tíng wài)
庭訓	(tíng xùn)
庭園	(tíng yuán)
庭院	(tíng yuàn)
停	(tíng)
停擺	(tíng bǎi)
停辦	(tíng bàn)
停表	(tíng biǎo)
停步	(tíng bù)
停產	(tíng chǎn)
停車	(tíng chē)
停車場	(tíng chē chǎng)
停車格	(tíng chē gé)
停車計時器	(tíng chē jì shí qì)
停車庫	(tíng chē kù)
停車位	(tíng chē wèi)
停車站	(tíng chē zhàn)
停當	(tíng dang)
停電	(tíng diàn)
停頓	(tíng dùn)
停放	(tíng fàng)
停飛	(tíng fēi)
停俸	(tíng fèng)
停服	(tíng fú)
停更	(tíng gēng)
停工	(tíng gōng)
停航	(tíng háng)
停火	(tíng huǒ)
停火線	(tíng huǒ xiàn)
停機	(tíng jī)
停機坪	(tíng jī píng)
停機時間	(tíng jī shí jiān)
停經	(tíng jīng)
停刊	(tíng kān)
停靠	(tíng kào)
停靠港	(tíng kào gǎng)
停靠站	(tíng kào zhàn)
停課	(tíng kè)
停留	(tíng liú)
停盤	(tíng pán)
停泊	(tíng bó)
停屍	(tíng shī)
停屍房	(tíng shī fáng)
停屍間	(tíng shī jiān)
停食	(tíng shí)
停駛	(tíng shǐ)
停手	(tíng shǒu)
停水	(tíng shuǐ)
停損單	(tíng sǔn dān)
停息	(tíng xī)
停下	(tíng xià)
停下來	(tíng xià lái)
停歇	(tíng xiē)
停薪留職	(tíng xīn liú zhí)
停業	(tíng yè)
停用	(tíng yòng)
停站	(tíng zhàn)
停戰	(tíng zhàn)
停戰日	(tíng zhàn rì)
停職	(tíng zhí)
停止	(tíng zhǐ)
停滯	(tíng zhì)
停滯不前	(tíng zhì bù qián)
停住	(tíng zhù)
婷	(tíng)
婷婷玉立	(tíng tíng yù lì)
楟	(tíng)
圢	(tǐng)
侹	(tǐng)
挺	(tǐng)
挺拔	(tǐng bá)
挺而走險	(tǐng ér zǒu xiǎn)
挺桿	(tǐng gǎn)
挺好	(tǐng hǎo)
挺進	(tǐng jìn)
挺舉	(tǐng jǔ)
挺立	(tǐng lì)
挺身	(tǐng shēn)
挺身而出	(tǐng shēn ér chū)
挺屍	(tǐng shī)
挺腰	(tǐng yāo)
挺直	(tǐng zhí)
挺住	(tǐng zhù)
梃	(tǐng)
嗵	(tōng)
嗵嗵鼓	(tōng tōng gǔ)
冂	(jiōng)
仝	(tóng)
同	(tóng)
同安區	(tóng ān qū)
同案犯	(tóng àn fàn)
同班	(tóng bān)
同班同學	(tóng bān tóng xué)
同伴	(tóng bàn)
同胞	(tóng bāo)
同胞兄妹	(tóng bāo xiōng mèi)
同輩	(tóng bèi)
同比	(tóng bǐ)
同病相憐	(tóng bìng xiāng lián)
同步	(tóng bù)
同步軌道	(tóng bù guǐ dào)
同步加速器	(tóng bù jiā sù qì)
同步口譯	(tóng bù kǒu yì)
同步數位階層	(tóng bù shù wèi jiē céng)
同步衛星	(tóng bù wèi xīng)
同儕	(tóng chái)
同儕檢視	(tóng chái jiǎn shì)
同儕審查	(tóng chái shěn chá)
同儕團體	(tóng chái tuán tǐ)
同儕壓力	(tóng chái yā lì)
同儕諮商	(tóng chái zī shāng)
同翅目	(tóng chì mù)
同仇敵愾	(tóng chóu dí kài)
同傳	(tóng chuán)
同傳耳麥	(tóng chuán ěr mài)
同窗	(tóng chuāng)
同床共枕	(tóng chuáng gòng zhěn)
同床異夢	(tóng chuáng yì mèng)
同黨	(tóng dǎng)
同道	(tóng dào)
同道者	(tóng dào zhě)
同道中人	(tóng dào zhōng rén)
同德縣	(tóng dé xiàn)
同等	(tóng děng)
同調	(tóng diào)
同犯	(tóng fàn)
同房	(tóng fáng)
同分異構	(tóng fēn yì gòu)
同分異構體	(tóng fēn yì gòu tǐ)
同符合契	(tóng fú hé qì)
同父異母	(tóng fù yì mǔ)
同甘共苦	(tóng gān gòng kǔ)
同甘苦	(tóng gān kǔ)
同感	(tóng gǎn)
同工	(tóng gōng)
同工同酬	(tóng gōng tóng chóu)
同功	(tóng gōng)
同構	(tóng gòu)
同歸於盡	(tóng guī yú jìn)
同好	(tóng hào)
同花	(tóng huā)
同花大順	(tóng huā dà shùn)
同花順	(tóng huā shùn)
同化	(tóng huà)
同化作用	(tóng huà zuò yòng)
同婚	(tóng hūn)
同伙	(tóng huǒ)
同級	(tóng jí)
同級評審	(tóng jí píng shěn)
同濟	(tóng jì)
同濟大學	(tóng jì dà xué)
同江市	(tóng jiāng shì)
同居	(tóng jū)
同款	(tóng kuǎn)
同框	(tóng kuàng)
同類	(tóng lèi)
同類相食	(tóng lèi xiāng shí)
同類相吸	(tóng lèi xiāng xī)
同理	(tóng lǐ)
同理心	(tóng lǐ xīn)
同量	(tóng liàng)
同量異位素	(tóng liàng yì wèi sù)
同僚	(tóng liáo)
同齡	(tóng líng)
同齡人	(tóng líng rén)
同流合污	(tóng liú hé wū)
同路	(tóng lù)
同路人	(tóng lù rén)
同卵	(tóng luǎn)
同卵雙胞胎	(tóng luǎn shuāng bāo tāi)
同蒙其利	(tóng méng qí lì)
同盟	(tóng méng)
同盟國	(tóng méng guó)
同盟軍	(tóng méng jūn)
同名	(tóng míng)
同名同姓	(tóng míng tóng xìng)
同謀	(tóng móu)
同母異父	(tóng mǔ yì fù)
同年	(tóng nián)
同袍	(tóng páo)
同配生殖	(tóng pèi shēng zhí)
同妻	(tóng qī)
同期	(tóng qī)
同情	(tóng qíng)
同情者	(tóng qíng zhě)
同人	(tóng rén)
同人小說	(tóng rén xiǎo shuō)
同仁	(tóng rén)
同仁市	(tóng rén shì)
同仁堂	(tóng rén táng)
同日	(tóng rì)
同日而語	(tóng rì ér yǔ)
同上	(tóng shàng)
同聲傳譯	(tóng shēng chuán yì)
同聲翻譯	(tóng shēng fān yì)
同聲一哭	(tóng shēng yī kū)
同時	(tóng shí)
同時代	(tóng shí dài)
同時期	(tóng shí qī)
同事	(tóng shì)
同室操戈	(tóng shì cāo gē)
同手同腳	(tóng shǒu tóng jiǎo)
同素異形體	(tóng sù yì xíng tǐ)
同臺	(tóng tái)
同態	(tóng tài)
同堂	(tóng táng)
同途殊歸	(tóng tú shū guī)
同位	(tóng wèi)
同位素	(tóng wèi sù)
同位素分離	(tóng wèi sù fēn lí)
同溫層	(tóng wēn céng)
同屋	(tóng wū)
同喜	(tóng xǐ)
同鄉	(tóng xiāng)
同鄉親故	(tóng xiāng qīn gù)
同心	(tóng xīn)
同心同德	(tóng xīn tóng dé)
同心縣	(tóng xīn xiàn)
同心協力	(tóng xīn xié lì)
同行	(tóng háng)
同型配子	(tóng xíng pèi zǐ)
同型性	(tóng xíng xìng)
同性	(tóng xìng)
同性愛	(tóng xìng ài)
同性戀	(tóng xìng liàn)
同性戀恐懼症	(tóng xìng liàn kǒng jù zhèng)
同性戀者	(tóng xìng liàn zhě)
同性相斥	(tóng xìng xiāng chì)
同學	(tóng xué)
同硯	(tóng yàn)
同樣	(tóng yàng)
同業	(tóng yè)
同業拆借	(tóng yè chāi jiè)
同業公會	(tóng yè gōng huì)
同一	(tóng yī)
同一掛	(tóng yī guà)
同意	(tóng yì)
同義	(tóng yì)
同義詞	(tóng yì cí)
同義反復	(tóng yì fǎn fù)
同義語	(tóng yì yǔ)
同義字	(tóng yì zì)
同音	(tóng yīn)
同音詞	(tóng yīn cí)
同音字	(tóng yīn zì)
同餘	(tóng yú)
同餘類	(tóng yú lèi)
同餘式	(tóng yú shì)
同源	(tóng yuán)
同源詞	(tóng yuán cí)
同樂	(tóng lè)
同樂會	(tóng lè huì)
同韻詞	(tóng yùn cí)
同在	(tóng zài)
同知	(tóng zhī)
同志	(tóng zhì)
同治	(tóng zhì)
同質	(tóng zhì)
同舟共濟	(tóng zhōu gòng jì)
同軸	(tóng zhóu)
同軸電纜	(tóng zhóu diàn lǎn)
同桌	(tóng zhuō)
同字框	(tóng zì kuàng)
同宗同源	(tóng zōng tóng yuán)
佟	(tóng)
佟佳江	(tóng jiā jiāng)
彤	(tóng)
哃	(tóng)
桐	(tóng)
桐柏山	(tóng bǎi shān)
桐柏縣	(tóng bǎi xiàn)
桐城市	(tóng chéng shì)
桐廬縣	(tóng lú xiàn)
桐木偶	(tóng mù ǒu)
桐人	(tóng rén)
桐鄉市	(tóng xiāng shì)
桐油	(tóng yóu)
桐梓縣	(tóng zǐ xiàn)
僮	(zhuàng)
僮僕	(tóng pú)
僮族	(zhuàng zú)
曈	(tóng)
朣	(tóng)
捅	(tǒng)
捅婁子	(tǒng lóu zi)
捅嘍子	(tǒng lóu zi)
捅樓子	(tǒng lóu zi)
捅馬蜂窩	(tǒng mǎ fēng wō)
捅破	(tǒng pò)
桶	(tǒng)
桶孔	(tǒng kǒng)
桶口	(tǒng kǒu)
慟	(tòng)
偷	(tōu)
偷安	(tōu ān)
偷吃	(tōu chī)
偷盜	(tōu dào)
偷渡	(tōu dù)
偷渡者	(tōu dù zhě)
偷惰	(tōu duò)
偷工	(tōu gōng)
偷工減料	(tōu gōng jiǎn liào)
偷漢子	(tōu hàn zi)
偷換	(tōu huàn)
偷雞不成蝕把米	(tōu jī bù chéng shí bǎ mǐ)
偷雞摸狗	(tōu jī mō gǒu)
偷加	(tōu jiā)
偷看	(tōu kàn)
偷空	(tōu kòng)
偷窺	(tōu kuī)
偷窺狂	(tōu kuī kuáng)
偷懶	(tōu lǎn)
偷梁換柱	(tōu liáng huàn zhù)
偷獵	(tōu liè)
偷獵者	(tōu liè zhě)
偷漏	(tōu lòu)
偷摸	(tōu mō)
偷拍	(tōu pāi)
偷排	(tōu pái)
偷跑	(tōu pǎo)
偷竊	(tōu qiè)
偷情	(tōu qíng)
偷取	(tōu qǔ)
偷去	(tōu qù)
偷人	(tōu rén)
偷生	(tōu shēng)
偷師	(tōu shī)
偷稅	(tōu shuì)
偷天換日	(tōu tiān huàn rì)
偷聽	(tōu tīng)
偷偷	(tōu tōu)
偷偷摸摸	(tōu tōu mō mō)
偷襲	(tōu xí)
偷閑	(tōu xián)
偷閒	(tōu xián)
偷香竊玉	(tōu xiāng qiè yù)
偷笑	(tōu xiào)
偷腥	(tōu xīng)
偷眼	(tōu yǎn)
偷油婆	(tōu yóu pó)
偷運	(tōu yùn)
偷子	(tōu zi)
偸	(tōu)
投	(tóu)
投案	(tóu àn)
投保	(tóu bǎo)
投保方	(tóu bǎo fāng)
投保人	(tóu bǎo rén)
投奔	(tóu bèn)
投筆從戎	(tóu bǐ cóng róng)
投幣	(tóu bì)
投幣口	(tóu bì kǒu)
投鞭斷流	(tóu biān duàn liú)
投標	(tóu biāo)
投產	(tóu chǎn)
投誠	(tóu chéng)
投錯胎	(tóu cuò tāi)
投彈	(tóu dàn)
投敵	(tóu dí)
投遞	(tóu dì)
投遞員	(tóu dì yuán)
投店	(tóu diàn)
投毒	(tóu dú)
投放	(tóu fàng)
投放市場	(tóu fàng shì chǎng)
投稿	(tóu gǎo)
投光燈	(tóu guāng dēng)
投合	(tóu hé)
投河	(tóu hé)
投壺	(tóu hú)
投懷送抱	(tóu huái sòng bào)
投環	(tóu huán)
投繯	(tóu huán)
投繯自縊	(tóu huán zì yì)
投機	(tóu jī)
投機倒把	(tóu jī dǎo bǎ)
投機買賣	(tóu jī mǎi mài)
投機取巧	(tóu jī qǔ qiǎo)
投機者	(tóu jī zhě)
投寄	(tóu jì)
投降	(tóu xiáng)
投軍	(tóu jūn)
投開票所	(tóu kāi piào suǒ)
投考	(tóu kǎo)
投靠	(tóu kào)
投籃	(tóu lán)
投籃機	(tóu lán jī)
投袂而起	(tóu mèi ér qǐ)
投拍	(tóu pāi)
投票	(tóu piào)
投票地點	(tóu piào dì diǎn)
投票匭	(tóu piào guǐ)
投票機器	(tóu piào jī qì)
投票間	(tóu piào jiān)
投票率	(tóu piào lǜ)
投票權	(tóu piào quán)
投票箱	(tóu piào xiāng)
投票站	(tóu piào zhàn)
投票者	(tóu piào zhě)
投屏	(tóu píng)
投其所好	(tóu qí suǒ hào)
投契	(tóu qì)
投入	(tóu rù)
投殺	(tóu shā)
投射	(tóu shè)
投身	(tóu shēn)
投生	(tóu shēng)
投師	(tóu shī)
投石問路	(tóu shí wèn lù)
投手	(tóu shǒu)
投書	(tóu shū)
投鼠忌器	(tóu shǔ jì qì)
投宿	(tóu sù)
投訴	(tóu sù)
投胎	(tóu tāi)
投桃報李	(tóu táo bào lǐ)
投餵	(tóu wèi)
投行	(tóu háng)
投影	(tóu yǐng)
投影機	(tóu yǐng jī)
投影幾何	(tóu yǐng jǐ hé)
投影幾何學	(tóu yǐng jǐ hé xué)
投影面	(tóu yǐng miàn)
投影片	(tóu yǐng piàn)
投影圖	(tóu yǐng tú)
投影線	(tóu yǐng xiàn)
投影儀	(tóu yǐng yí)
投影中心	(tóu yǐng zhōng xīn)
投映	(tóu yìng)
投硬幣	(tóu yìng bì)
投緣	(tóu yuán)
投擲	(tóu zhì)
投中	(tóu zhòng)
投注	(tóu zhù)
投資	(tóu zī)
投資報酬率	(tóu zī bào chóu lǜ)
投資回報率	(tóu zī huí bào lǜ)
投資家	(tóu zī jiā)
投資人	(tóu zī rén)
投資移民	(tóu zī yí mín)
投資銀行	(tóu zī yín háng)
投資者	(tóu zī zhě)
投資組合	(tóu zī zǔ hé)
妵	(tǒu)
斢	(tǒu)
凸	(tū)
凸版	(tū bǎn)
凸版印刷	(tū bǎn yìn shuā)
凸邊	(tū biān)
凸出	(tū chū)
凸槌	(tū chuí)
凸度	(tū dù)
凸多胞形	(tū duō bāo xíng)
凸多邊形	(tū duō biān xíng)
凸多面體	(tū duō miàn tǐ)
凸耳	(tū ěr)
凸鏡	(tū jìng)
凸輪	(tū lún)
凸輪軸	(tū lún zhóu)
凸面	(tū miàn)
凸面鏡	(tū miàn jìng)
凸面體	(tū miàn tǐ)
凸起	(tū qǐ)
凸透鏡	(tū tòu jìng)
凸凸	(tū tū)
凸顯	(tū xiǎn)
凸現	(tū xiàn)
凸線	(tū xiàn)
凸性	(tū xìng)
凸緣	(tū yuán)
凸摺線	(tū zhé xiàn)
㻬	(tú)
凃	(tú)
徒	(tú)
徒步	(tú bù)
徒步路徑	(tú bù lù jìng)
徒步旅行	(tú bù lǚ xíng)
徒步區	(tú bù qū)
徒長	(tú zhǎng)
徒弟	(tú dì)
徒兒	(tú ér)
徒工	(tú gōng)
徒呼負負	(tú hū fù fù)
徒具	(tú jù)
徒勞	(tú láo)
徒勞無功	(tú láo wú gōng)
徒勞無益	(tú láo wú yì)
徒然	(tú rán)
徒手	(tú shǒu)
徒手畫	(tú shǒu huà)
徒孫	(tú sūn)
徒裼	(tú xī)
徒刑	(tú xíng)
徒有其名	(tú yǒu qí míng)
徒有虛名	(tú yǒu xū míng)
徒子徒孫	(tú zǐ tú sūn)
峹	(tú)
屠	(tú)
屠伯	(tú bó)
屠場	(tú chǎng)
屠城	(tú chéng)
屠刀	(tú dāo)
屠毒	(tú dú)
屠毒筆墨	(tú dú bǐ mò)
屠夫	(tú fū)
屠格涅夫	(tú gé niè fū)
屠戶	(tú hù)
屠戮	(tú lù)
屠殺	(tú shā)
屠妖節	(tú yāo jié)
屠宰	(tú zǎi)
屠宰場	(tú zǎi chǎng)
嵞	(tú)
嵞山	(tú shān)
塗	(tú)
塗白劑	(tú bái jì)
塗層	(tú céng)
塗敷	(tú fū)
塗改	(tú gǎi)
塗改液	(tú gǎi yè)
塗蓋	(tú gài)
塗家	(tú jiā)
塗漿檯	(tú jiàng tái)
塗徑	(tú jìng)
塗料	(tú liào)
塗抹	(tú mǒ)
塗抹醬	(tú mǒ jiàng)
塗片	(tú piàn)
塗去	(tú qù)
塗飾	(tú shì)
塗炭	(tú tàn)
塗污	(tú wū)
塗寫	(tú xiě)
塗鴉	(tú yā)
塗鴨	(tú yā)
塗乙	(tú yǐ)
塗油	(tú yóu)
塗油於	(tú yóu yú)
塗脂抹粉	(tú zhī mǒ fěn)
塗裝	(tú zhuāng)
圖	(tú)
圖阿雷格	(tú ā léi gé)
圖案	(tú àn)
圖版	(tú bǎn)
圖標	(tú biāo)
圖表	(tú biǎo)
圖波列夫	(tú bō liè fū)
圖冊	(tú cè)
圖層	(tú céng)
圖存	(tú cún)
圖釘	(tú dīng)
圖恩	(tú ēn)
圖爾	(tú ěr)
圖爾庫	(tú ěr kù)
圖畫	(tú huà)
圖集	(tú jí)
圖輯	(tú jí)
圖鑒	(tú jiàn)
圖鑑	(tú jiàn)
圖解	(tú jiě)
圖解說明	(tú jiě shuō míng)
圖景	(tú jǐng)
圖雷特氏綜合症	(tú léi tè shì zōng hé zhèng)
圖例	(tú lì)
圖林根	(tú lín gēn)
圖靈	(tú líng)
圖靈機	(tú líng jī)
圖靈獎	(tú líng jiǎng)
圖盧斯	(tú lú sī)
圖盧茲	(tú lú zī)
圖錄	(tú lù)
圖論	(tú lùn)
圖門江	(tú mén jiāng)
圖們江	(tú mén jiāng)
圖們市	(tú mén shì)
圖謀	(tú móu)
圖木舒克	(tú mù shū kè)
圖木舒克市	(tú mù shū kè shì)
圖皮	(tú pí)
圖片	(tú piàn)
圖片報	(tú piàn bào)
圖譜	(tú pǔ)
圖窮匕見	(tú qióng bǐ xiàn)
圖示	(tú shì)
圖書	(tú shū)
圖書管理員	(tú shū guǎn lǐ yuán)
圖書館	(tú shū guǎn)
圖書館員	(tú shū guǎn yuán)
圖騰	(tú téng)
圖瓦	(tú wǎ)
圖瓦盧	(tú wǎ lú)
圖西族	(tú xī zú)
圖象	(tú xiàng)
圖像	(tú xiàng)
圖像處理	(tú xiàng chǔ lǐ)
圖像分割	(tú xiàng fēn gē)
圖像識別	(tú xiàng shí bié)
圖像用戶介面	(tú xiàng yòng hù jiè miàn)
圖形	(tú xíng)
圖形處理單元	(tú xíng chǔ lǐ dān yuán)
圖形處理器	(tú xíng chǔ lǐ qì)
圖形界面	(tú xíng jiè miàn)
圖形卡	(tú xíng kǎ)
圖形用戶界面	(tú xíng yòng hù jiè miàn)
圖樣	(tú yàng)
圖樣圖森破	(tú yàng tú sēn pò)
圖章	(tú zhāng)
圖紙	(tú zhǐ)
圖軸	(tú zhóu)
土	(tǔ)
土澳	(tǔ ào)
土壩	(tǔ bà)
土邦	(tǔ bāng)
土包子	(tǔ bāo zi)
土崩瓦解	(tǔ bēng wǎ jiě)
土鱉	(tǔ biē)
土撥鼠	(tǔ bō shǔ)
土布	(tǔ bù)
土財主	(tǔ cái zhǔ)
土層	(tǔ céng)
土產	(tǔ chǎn)
土城區	(tǔ chéng qū)
土到不行	(tǔ dào bù xíng)
土得掉渣	(tǔ de diào zhā)
土地	(tǔ di)
土地改革	(tǔ dì gǎi gé)
土地公	(tǔ dì gōng)
土地利用規劃	(tǔ dì lì yòng guī huà)
土地神	(tǔ dì shén)
土地資源	(tǔ dì zī yuán)
土豆	(tǔ dòu)
土豆泥	(tǔ dòu ní)
土豆絲	(tǔ dòu sī)
土豆網	(tǔ dòu wǎng)
土堆	(tǔ duī)
土耳其	(tǔ ěr qí)
土耳其人	(tǔ ěr qí rén)
土耳其軟糖	(tǔ ěr qí ruǎn táng)
土耳其石	(tǔ ěr qí shí)
土耳其旋轉烤肉	(tǔ ěr qí xuán zhuǎn kǎo ròu)
土耳其語	(tǔ ěr qí yǔ)
土耳其玉	(tǔ ěr qí yù)
土法	(tǔ fǎ)
土方	(tǔ fāng)
土方工程	(tǔ fāng gōng chéng)
土方子	(tǔ fāng zi)
土匪	(tǔ fěi)
土改	(tǔ gǎi)
土崗	(tǔ gǎng)
土埂	(tǔ gěng)
土共	(tǔ gòng)
土狗	(tǔ gǒu)
土穀祠	(tǔ gǔ cí)
土豪	(tǔ háo)
土豪劣紳	(tǔ háo liè shēn)
土話	(tǔ huà)
土皇帝	(tǔ huáng dì)
土茴香	(tǔ huí xiāng)
土貨	(tǔ huò)
土墼	(tǔ jī)
土雞	(tǔ jī)
土家	(tǔ jiā)
土家族	(tǔ jiā zú)
土建	(tǔ jiàn)
土階茅茨	(tǔ jiē máo cí)
土階茅屋	(tǔ jiē máo wū)
土坎	(tǔ kǎn)
土坎兒	(tǔ kǎn r)
土炕	(tǔ kàng)
土坷垃	(tǔ kē lā)
土庫	(tǔ kù)
土庫曼	(tǔ kù màn)
土庫曼人	(tǔ kù màn rén)
土庫曼斯坦	(tǔ kù màn sī tǎn)
土庫鎮	(tǔ kù zhèn)
土拉弗氏菌	(tǔ lā fú shì jūn)
土狼	(tǔ láng)
土老帽	(tǔ lǎo mào)
土裡土氣	(tǔ lǐ tǔ qì)
土力工程	(tǔ lì gōng chéng)
土樓	(tǔ lóu)
土路	(tǔ lù)
土倫	(tǔ lún)
土門	(tǔ mén)
土默特右旗	(tǔ mò tè yòu qí)
土默特左旗	(tǔ mò tè zuǒ qí)
土木	(tǔ mù)
土木工程	(tǔ mù gōng chéng)
土木身	(tǔ mù shēn)
土木形骸	(tǔ mù xíng hái)
土牛	(tǔ niú)
土牛木馬	(tǔ niú mù mǎ)
土拍	(tǔ pāi)
土坯	(tǔ pī)
土氣	(tǔ qì)
土器	(tǔ qì)
土丘	(tǔ qiū)
土壤	(tǔ rǎng)
土壤學	(tǔ rǎng xué)
土人	(tǔ rén)
土桑	(tǔ sāng)
土神	(tǔ shén)
土生土長	(tǔ shēng tǔ zhǎng)
土石方	(tǔ shí fāng)
土石流	(tǔ shí liú)
土司	(tǔ sī)
土特產	(tǔ tè chǎn)
土頭土腦	(tǔ tóu tǔ nǎo)
土豚	(tǔ tún)
土魠魚	(tǔ tuō yú)
土味情話	(tǔ wèi qíng huà)
土衛	(tǔ wèi)
土衛二	(tǔ wèi èr)
土衛六	(tǔ wèi liù)
土溫	(tǔ wēn)
土星	(tǔ xīng)
土腥	(tǔ xīng)
土洋	(tǔ yáng)
土洋並舉	(tǔ yáng bìng jǔ)
土洋結合	(tǔ yáng jié hé)
土窯	(tǔ yáo)
土曜日	(tǔ yào rì)
土音	(tǔ yīn)
土語	(tǔ yǔ)
土葬	(tǔ zàng)
土灶	(tǔ zào)
土政策	(tǔ zhèng cè)
土製	(tǔ zhì)
土豬	(tǔ zhū)
土著	(tǔ zhù)
土著人	(tǔ zhù rén)
土族	(tǔ zú)
吐	(tǔ)
吐便當	(tǔ biàn dāng)
吐嘈	(tù cáo)
吐槽	(tǔ cáo)
吐槽大會	(tù cáo dà huì)
吐蕃	(tǔ bō)
吐根	(tǔ gēn)
吐谷渾	(tǔ yù hún)
吐故納新	(tǔ gù nà xīn)
吐火羅人	(tǔ huǒ luó rén)
吐口	(tǔ kǒu)
吐苦水	(tǔ kǔ shuǐ)
吐魯番盆地	(tǔ lǔ fān pén dì)
吐魯番市	(tǔ lǔ fān shì)
吐露	(tǔ lù)
吐沫	(tù mo)
吐氣	(tǔ qì)
吐棄	(tǔ qì)
吐舌頭	(tǔ shé tou)
吐實	(tǔ shí)
吐綬雞	(tǔ shòu jī)
吐司	(tǔ sī)
吐絲	(tǔ sī)
吐絲自縛	(tǔ sī zì fù)
吐訴	(tǔ sù)
吐穗	(tǔ suì)
吐痰	(tǔ tán)
吐瓦魯	(tǔ wǎ lǔ)
吐絮	(tǔ xù)
吐血	(tù xiě)
吐艷	(tǔ yàn)
吐字	(tǔ zì)
兎	(tù)
兔	(tù)
兔爸	(tù bà)
兔唇	(tù chún)
兔徑	(tù jìng)
兔年	(tù nián)
兔熱病	(tù rè bìng)
兔死狗烹	(tù sǐ gǒu pēng)
兔死狐悲	(tù sǐ hú bēi)
兔猻	(tù sūn)
兔崽子	(tù zǎi zi)
兔子	(tù zi)
兔子不吃窩邊草	(tù zi bù chī wō biān cǎo)
兔子尾巴長不了	(tù zi wěi ba cháng bu liǎo)
堍	(tù)
圕	(tuān)
摶	(tuán)
摶飯	(tuán fàn)
摶風	(tuán fēng)
摶沙	(tuán shā)
團	(tuán)
團拜	(tuán bài)
團拜會	(tuán bài huì)
團長	(tuán zhǎng)
團丁	(tuán dīng)
團隊	(tuán duì)
團隊精神	(tuán duì jīng shén)
團風縣	(tuán fēng xiàn)
團購	(tuán gòu)
團花	(tuán huā)
團伙	(tuán huǒ)
團建	(tuán jiàn)
團結	(tuán jié)
團結工會	(tuán jié gōng huì)
團結就是力量	(tuán jié jiù shì lì liang)
團結一心	(tuán jié yī xīn)
團聚	(tuán jù)
團練	(tuán liàn)
團滅	(tuán miè)
團年	(tuán nián)
團契	(tuán qì)
團扇	(tuán shàn)
團體	(tuán tǐ)
團體冠軍	(tuán tǐ guàn jūn)
團體行	(tuán tǐ xíng)
團團轉	(tuán tuán zhuàn)
團魚	(tuán yú)
團員	(tuán yuán)
團圓	(tuán yuán)
團戰	(tuán zhàn)
慱	(tuán)
彖	(tuàn)
彖辭	(tuàn cí)
推	(tuī)
推杯換盞	(tuī bēi huàn zhǎn)
推本溯源	(tuī běn sù yuán)
推波助瀾	(tuī bō zhù lán)
推測	(tuī cè)
推闡	(tuī chǎn)
推車	(tuī chē)
推車發動	(tuī chē fā dòng)
推陳佈新	(tuī chén bù xīn)
推陳出新	(tuī chén chū xīn)
推遲	(tuī chí)
推斥	(tuī chì)
推斥力	(tuī chì lì)
推崇	(tuī chóng)
推出	(tuī chū)
推辭	(tuī cí)
推戴	(tuī dài)
推宕	(tuī dàng)
推導	(tuī dǎo)
推倒	(tuī dǎo)
推定	(tuī dìng)
推動	(tuī dòng)
推動力	(tuī dòng lì)
推度	(tuī duó)
推斷	(tuī duàn)
推恩	(tuī ēn)
推而廣之	(tuī ér guǎng zhī)
推翻	(tuī fān)
推服	(tuī fú)
推桿	(tuī gān)
推估	(tuī gū)
推故	(tuī gù)
推官	(tuī guān)
推廣	(tuī guǎng)
推後	(tuī hòu)
推許	(tuī xǔ)
推及	(tuī jí)
推計	(tuī jì)
推薦	(tuī jiàn)
推薦書	(tuī jiàn shū)
推薦信	(tuī jiàn xìn)
推介	(tuī jiè)
推介會	(tuī jiè huì)
推進	(tuī jìn)
推進艙	(tuī jìn cāng)
推進劑	(tuī jìn jì)
推進器	(tuī jìn qì)
推究	(tuī jiū)
推舉	(tuī jǔ)
推開	(tuī kāi)
推拉門	(tuī lā mén)
推來推去	(tuī lái tuī qù)
推理	(tuī lǐ)
推理小說	(tuī lǐ xiǎo shuō)
推力	(tuī lì)
推論	(tuī lùn)
推拿	(tuī ná)
推敲	(tuī qiāo)
推求	(tuī qiú)
推卻	(tuī què)
推三阻四	(tuī sān zǔ sì)
推搡	(tuī sǎng)
推升	(tuī shēng)
推手	(tuī shǒu)
推說	(tuī shuō)
推送	(tuī sòng)
推溯	(tuī sù)
推算	(tuī suàn)
推索	(tuī suǒ)
推搪	(tuī táng)
推特	(tuī tè)
推頭	(tuī tóu)
推土機	(tuī tǔ jī)
推推搡搡	(tuī tuī sǎng sǎng)
推托	(tuī tuō)
推脫	(tuī tuō)
推挽	(tuī wǎn)
推委	(tuī wěi)
推諉	(tuī wěi)
推文	(tuī wén)
推問	(tuī wèn)
推賢讓能	(tuī xián ràng néng)
推詳	(tuī xiáng)
推想	(tuī xiǎng)
推銷	(tuī xiāo)
推銷員	(tuī xiāo yuán)
推卸	(tuī xiè)
推心	(tuī xīn)
推心置腹	(tuī xīn zhì fù)
推行	(tuī xíng)
推選	(tuī xuǎn)
推尋	(tuī xún)
推延	(tuī yán)
推衍	(tuī yǎn)
推演	(tuī yǎn)
推移	(tuī yí)
推油	(tuī yóu)
推友	(tuī yǒu)
推展	(tuī zhǎn)
推甄	(tuī zhēn)
推知	(tuī zhī)
推重	(tuī zhòng)
推助	(tuī zhù)
推子	(tuī zi)
推尊	(tuī zūn)
吞	(tūn)
吞併	(tūn bìng)
吞吃	(tūn chī)
吞服	(tūn fú)
吞金	(tūn jīn)
吞精	(tūn jīng)
吞沒	(tūn mò)
吞米桑布札	(tūn mǐ sāng bù zhá)
吞滅	(tūn miè)
吞拿魚	(tūn ná yú)
吞聲	(tūn shēng)
吞食	(tūn shí)
吞噬	(tūn shì)
吞噬細胞	(tūn shì xì bāo)
吞噬作用	(tūn shì zuò yòng)
吞吐	(tūn tǔ)
吞吐量	(tūn tǔ liàng)
吞吞吐吐	(tūn tūn tǔ tǔ)
吞嚥	(tūn yàn)
吞嚥困難	(tūn yàn kùn nán)
吞音	(tūn yīn)
吞雲吐霧	(tūn yún tǔ wù)
呑	(tūn)
旽	(tūn)
暾	(tūn)
暾欲穀	(tūn yù gǔ)
屯	(tún)
屯昌	(tún chāng)
屯昌縣	(tún chāng xiàn)
屯墾	(tún kěn)
屯留區	(tún liú qū)
屯落	(tún luò)
屯門	(tún mén)
屯區	(tún qū)
屯戍	(tún shù)
屯特	(tún tè)
屯特大學	(tún tè dà xué)
屯溪區	(tún xī qū)
屯邅	(zhūn zhān)
屯駐	(tún zhù)
屯子	(tún zi)
㹠	(tún)
庉	(dùn)
乇	(tuō)
托	(tuō)
托班	(tuō bān)
托庇	(tuō bì)
托缽修會	(tuō bō xiū huì)
托辭	(tuō cí)
托底	(tuō dǐ)
托兒	(tuō r)
托兒所	(tuō ér suǒ)
托爾金	(tuō ěr jīn)
托爾斯港	(tuō ěr sī gǎng)
托爾斯泰	(tuō ěr sī tài)
托福	(tuō fú)
托付	(tuō fù)
托管	(tuō guǎn)
托管班	(tuō guǎn bān)
托架	(tuō jià)
托舉	(tuō jǔ)
托卡馬克	(tuō kǎ mǎ kè)
托卡塔	(tuō kǎ tǎ)
托克勞	(tuō kè láo)
托克托	(tuō kè tuō)
托克托縣	(tuō kè tuō xiàn)
托克遜縣	(tuō kè xùn xiàn)
托拉博拉	(tuō lā bó lā)
托拉斯	(tuō lā sī)
托萊多	(tuō lái duō)
托老所	(tuō lǎo suǒ)
托勒玫	(tuō lè méi)
托勒密	(tuō lè mì)
托里拆利	(tuō lǐ chāi lì)
托里縣	(tuō lǐ xiàn)
托利黨	(tuō lì dǎng)
托羅斯山	(tuō luó sī shān)
托馬斯	(tuō mǎ sī)
托馬斯·阿奎納	(tuō mǎ sī · ā kuí nà)
托馬斯·哈代	(tuō mǎ sī · hā dài)
托木爾	(tuō mù ěr)
托木爾峰	(tuō mù ěr fēng)
托尼	(tuō ní)
托尼老師	(tuō ní lǎo shī)
托派	(tuō pài)
托盤	(tuō pán)
托盤車	(tuō pán chē)
托皮卡	(tuō pí kǎ)
托腮	(tuō sāi)
托生	(tuō shēng)
托塔天王	(tuō tǎ tiān wáng)
托特	(tuō tè)
托葉	(tuō yè)
托業	(tuō yè)
托育	(tuō yù)
托運	(tuō yùn)
托運行李	(tuō yùn xíng li)
托足無門	(tuō zú wú mén)
拖	(tuō)
拖把	(tuō bǎ)
拖駁	(tuō bó)
拖布	(tuō bù)
拖長	(tuō cháng)
拖車	(tuō chē)
拖車頭	(tuō chē tóu)
拖船	(tuō chuán)
拖沓	(tuō tà)
拖帶	(tuō dài)
拖宕	(tuō dàng)
拖地	(tuō dì)
拖地板	(tuō dì bǎn)
拖吊	(tuō diào)
拖吊車	(tuō diào chē)
拖動	(tuō dòng)
拖動力	(tuō dòng lì)
拖斗	(tuō dǒu)
拖兒帶女	(tuō ér dài nǚ)
拖放	(tuō fàng)
拖掛	(tuō guà)
拖掛車	(tuō guà chē)
拖後腿	(tuō hòu tuǐ)
拖家帶口	(tuō jiā dài kǒu)
拖進	(tuō jìn)
拖垮	(tuō kuǎ)
拖拉	(tuō lā)
拖拉機	(tuō lā jī)
拖雷	(tuō léi)
拖累	(tuō lěi)
拖累症	(tuō lěi zhèng)
拖鏈	(tuō liàn)
拖輪	(tuō lún)
拖慢	(tuō màn)
拖磨	(tuō mó)
拖泥帶水	(tuō ní dài shuǐ)
拖歐	(tuō ōu)
拖牽索道	(tuō qiān suǒ dào)
拖欠	(tuō qiàn)
拖人下水	(tuō rén xià shuǐ)
拖堂	(tuō táng)
拖拖沓沓	(tuō tuō tà tà)
拖拖拉拉	(tuō tuō lā lā)
拖網	(tuō wǎng)
拖尾巴	(tuō wěi ba)
拖下水	(tuō xià shuǐ)
拖鞋	(tuō xié)
拖鞋麵包	(tuō xié miàn bāo)
拖行	(tuō xíng)
拖延	(tuō yán)
拖延時間	(tuō yán shí jiān)
拖延戰術	(tuō yán zhàn shù)
拖延症	(tuō yán zhèng)
拖曳	(tuō yè)
拖曳機	(tuō yè jī)
拖曳傘	(tuō yè sǎn)
拖移	(tuō yí)
拖油瓶	(tuō yóu píng)
拖債	(tuō zhài)
拖住	(tuō zhù)
拖拽	(tuō zhuài)
拖字訣	(tuō zì jué)
拖走	(tuō zǒu)
拕	(tuō)
侂	(tuō)
佗	(tuó)
坨	(tuó)
坨兒	(tuó r)
坨子	(tuó zi)
柁	(tuó)
䭾	(tuó)
槖	(tuó)
橐	(tuó)
橐筆	(tuó bǐ)
橐囊	(tuó náng)
橐笥	(tuó sì)
橐駝	(tuó tuó)
橐橐	(tuó tuó)
橐龠	(tuó yuè)
橐中裝	(tuó zhōng zhuāng)
妥	(tuǒ)
妥當	(tuǒ dang)
妥瑞症	(tuǒ ruì zhèng)
妥善	(tuǒ shàn)
妥實	(tuǒ shí)
妥帖	(tuǒ tiē)
妥貼	(tuǒ tiē)
妥妥的	(tuǒ tuǒ de)
妥協	(tuǒ xié)
撱	(tuǒ)
橢	(tuǒ)
橢球	(tuǒ qiú)
橢圓	(tuǒ yuán)
橢圓函數	(tuǒ yuán hán shù)
橢圓機	(tuǒ yuán jī)
橢圓積分	(tuǒ yuán jī fēn)
橢圓曲線	(tuǒ yuán qū xiàn)
橢圓形	(tuǒ yuán xíng)
橢圓形辦公室	(tuǒ yuán xíng bàn gōng shì)
柝	(tuò)
唾	(tuò)
唾罵	(tuò mà)
唾面自乾	(tuò miàn zì gān)
唾沫	(tuò mo)
唾沫星子	(tuò mò xīng zi)
唾棄	(tuò qì)
唾手可得	(tuò shǒu kě dé)
唾液	(tuò yè)
唾液腺	(tuò yè xiàn)
唾餘	(tuò yú)
挖	(wā)
挖鼻子	(wā bí zi)
挖掉	(wā diào)
挖洞	(wā dòng)
挖耳勺	(wā ěr sháo)
挖墳	(wā fén)
挖機	(wā jī)
挖角	(wā jué)
挖掘	(wā jué)
挖掘機	(wā jué jī)
挖掘機械	(wā jué jī xiè)
挖浚	(wā jùn)
挖開	(wā kāi)
挖坑	(wā kēng)
挖空	(wā kōng)
挖空心思	(wā kōng xīn si)
挖苦	(wā kǔ)
挖礦	(wā kuàng)
挖泥船	(wā ní chuán)
挖牆腳	(wā qiáng jiǎo)
挖肉補瘡	(wā ròu bǔ chuāng)
挖土機	(wā tǔ jī)
挖穴	(wā xué)
媧	(wā)
搲	(wā)
娃	(wá)
娃兒	(wá ér)
娃娃	(wá wa)
娃娃兵	(wá wa bīng)
娃娃菜	(wá wa cài)
娃娃車	(wá wa chē)
娃娃臉	(wá wa liǎn)
娃娃親	(wá wa qīn)
娃娃生	(wá wa shēng)
娃娃音	(wá wa yīn)
娃娃魚	(wá wa yú)
娃娃裝	(wá wa zhuāng)
娃子	(wá zi)
佤	(wǎ)
佤族	(wǎ zú)
哇	(wa)
哇靠	(wā kào)
哇塞	(wā sāi)
哇噻	(wā sāi)
哇沙比	(wā shā bǐ)
哇沙米	(wā shā mǐ)
哇哇	(wā wā)
咼	(guō)
歪	(wāi)
歪打正著	(wāi dǎ zhèng zháo)
歪點子	(wāi diǎn zi)
歪風	(wāi fēng)
歪風邪氣	(wāi fēng xié qì)
歪瓜裂棗	(wāi guā liè zǎo)
歪果仁	(wāi guǒ rén)
歪理	(wāi lǐ)
歪門邪道	(wāi mén xié dào)
歪曲	(wāi qū)
歪歪扭扭	(wāi wāi niǔ niǔ)
歪歪斜斜	(wāi wāi xié xié)
歪斜	(wāi xié)
歪嘴	(wāi zuǐ)
喎	(wāi)
崴	(wēi)
崴腳	(wǎi jiǎo)
崴子	(wǎi zi)
外	(wài)
外八字腳	(wài bā zì jiǎo)
外八字腿	(wài bā zì tuǐ)
外辦	(wài bàn)
外邦人	(wài bāng rén)
外包	(wài bāo)
外幣	(wài bì)
外邊	(wài bian)
外邊兒	(wài bian r)
外表	(wài biǎo)
外賓	(wài bīn)
外部	(wài bù)
外部連結	(wài bù lián jié)
外部鏈接	(wài bù liàn jiē)
外側	(wài cè)
外側溝	(wài cè gōu)
外側裂	(wài cè liè)
外層	(wài céng)
外層空間	(wài céng kōng jiān)
外插	(wài chā)
外差	(wài chā)
外長	(wài zhǎng)
外場	(wài cháng)
外場人	(wài cháng rén)
外出	(wài chū)
外出訪問	(wài chū fǎng wèn)
外傳	(wài chuán)
外錯角	(wài cuò jiǎo)
外搭程式	(wài dā chéng shì)
外帶	(wài dài)
外丹	(wài dān)
外地	(wài dì)
外地人	(wài dì rén)
外電	(wài diàn)
外耳	(wài ěr)
外耳道	(wài ěr dào)
外放	(wài fàng)
外飛地	(wài fēi dì)
外分泌	(wài fēn mì)
外分泌腺	(wài fēn mì xiàn)
外稃	(wài fū)
外敷	(wài fū)
外剛內柔	(wài gāng nèi róu)
外高加索	(wài gāo jiā suǒ)
外公	(wài gōng)
外骨骼	(wài gǔ gé)
外掛	(wài guà)
外掛程式	(wài guà chéng shì)
外觀	(wài guān)
外觀設計	(wài guān shè jì)
外管局	(wài guǎn jú)
外郭城	(wài guō chéng)
外國	(wài guó)
外國話	(wài guó huà)
外國人	(wài guó rén)
外國語	(wài guó yǔ)
外國資本	(wài guó zī běn)
外海	(wài hǎi)
外號	(wài hào)
外踝	(wài huái)
外環線	(wài huán xiàn)
外患	(wài huàn)
外匯	(wài huì)
外匯儲備	(wài huì chǔ bèi)
外匯存底	(wài huì cún dǐ)
外燴	(wài huì)
外積	(wài jī)
外激素	(wài jī sù)
外籍	(wài jí)
外籍華人	(wài jí huá rén)
外籍勞工	(wài jí láo gōng)
外加	(wài jiā)
外加附件	(wài jiā fù jiàn)
外加劑	(wài jiā jì)
外嫁	(wài jià)
外間	(wài jiān)
外交	(wài jiāo)
外交庇護	(wài jiāo bì hù)
外交部	(wài jiāo bù)
外交部長	(wài jiāo bù zhǎng)
外交大臣	(wài jiāo dà chén)
外交風波	(wài jiāo fēng bō)
外交官	(wài jiāo guān)
外交關係	(wài jiāo guān xì)
外交關係理事會	(wài jiāo guān xì lǐ shì huì)
外交豁免權	(wài jiāo huò miǎn quán)
外交家	(wài jiāo jiā)
外交事務	(wài jiāo shì wù)
外交手腕	(wài jiāo shǒu wàn)
外交特權	(wài jiāo tè quán)
外交學院	(wài jiāo xué yuàn)
外交政策	(wài jiāo zhèng cè)
外教	(wài jiào)
外接圓	(wài jiē yuán)
外界	(wài jiè)
外借	(wài jiè)
外景	(wài jǐng)
外徑	(wài jìng)
外舅	(wài jiù)
外卡	(wài kǎ)
外刊	(wài kān)
外科	(wài kē)
外科手術	(wài kē shǒu shù)
外科學	(wài kē xué)
外科醫生	(wài kē yī shēng)
外快	(wài kuài)
外寬內忌	(wài kuān nèi jì)
外來	(wài lái)
外來詞	(wài lái cí)
外來貨	(wài lái huò)
外來人	(wài lái rén)
外來投資	(wài lái tóu zī)
外來娃	(wài lái wá)
外來物種	(wài lái wù zhǒng)
外來語	(wài lái yǔ)
外勞	(wài láo)
外力	(wài lì)
外鏈	(wài liàn)
外流	(wài liú)
外露	(wài lù)
外賣	(wài mài)
外賣員	(wài mài yuán)
外滿洲	(wài mǎn zhōu)
外貿	(wài mào)
外貿協會	(wài mào xié huì)
外貌	(wài mào)
外貌協會	(wài mào xié huì)
外貌主義	(wài mào zhǔ yì)
外媒	(wài méi)
外蒙	(wài měng)
外蒙古	(wài měng gǔ)
外面	(wài miàn)
外派	(wài pài)
外袍	(wài páo)
外胚層	(wài pēi céng)
外皮	(wài pí)
外婆	(wài pó)
外戚	(wài qī)
外企	(wài qǐ)
外強中乾	(wài qiáng zhōng gān)
外牆	(wài qiáng)
外僑	(wài qiáo)
外殼	(wài ké)
外勤	(wài qín)
外人	(wài rén)
外商	(wài shāng)
外商獨資企業	(wài shāng dú zī qǐ yè)
外商直接投資	(wài shāng zhí jiē tóu zī)
外傷	(wài shāng)
外設	(wài shè)
外甥	(wài shēng)
外甥女	(wài sheng nǚ)
外甥女婿	(wài sheng nǚ xu)
外甥媳婦	(wài sheng xí fù)
外省	(wài shěng)
外食	(wài shí)
外食族	(wài shí zú)
外事	(wài shì)
外事處	(wài shì chù)
外手	(wài shǒu)
外水	(wài shuǐ)
外送	(wài sòng)
外孫	(wài sūn)
外孫女	(wài sūn nǚ)
外孫女兒	(wài sūn nǚ r)
外孫子	(wài sūn zi)
外太空	(wài tài kōng)
外灘	(wài tān)
外逃	(wài táo)
外套	(wài tào)
外頭	(wài tou)
外推	(wài tuī)
外推法	(wài tuī fǎ)
外網	(wài wǎng)
外圍	(wài wéi)
外文	(wài wén)
外文系	(wài wén xì)
外侮	(wài wǔ)
外務	(wài wù)
外務部	(wài wù bù)
外務省	(wài wù shěng)
外騖	(wài wù)
外顯	(wài xiǎn)
外顯率	(wài xiǎn lǜ)
外顯性	(wài xiǎn xìng)
外顯子	(wài xiǎn zǐ)
外線	(wài xiàn)
外相	(wài xiàng)
外鄉	(wài xiāng)
外鄉人	(wài xiāng rén)
外向	(wài xiàng)
外向型	(wài xiàng xíng)
外銷	(wài xiāo)
外協	(wài xié)
外斜肌	(wài xié jī)
外泄	(wài xiè)
外心	(wài xīn)
外星	(wài xīng)
外星人	(wài xīng rén)
外行	(wài háng)
外形	(wài xíng)
外型	(wài xíng)
外需	(wài xū)
外宣	(wài xuān)
外延	(wài yán)
外眼角	(wài yǎn jiǎo)
外爺	(wài ye)
外野	(wài yě)
外野手	(wài yě shǒu)
外業	(wài yè)
外衣	(wài yī)
外溢	(wài yì)
外陰	(wài yīn)
外用	(wài yòng)
外語	(wài yǔ)
外遇	(wài yù)
外援	(wài yuán)
外圓內方	(wài yuán nèi fāng)
外源	(wài yuán)
外源凝集素	(wài yuán níng jí sù)
外院	(wài yuàn)
外在	(wài zài)
外在超越	(wài zài chāo yuè)
外債	(wài zhài)
外展訓練	(wài zhǎn xùn liàn)
外照射	(wài zhào shè)
外置	(wài zhì)
外質膜	(wài zhì mó)
外資	(wài zī)
外資企業	(wài zī qǐ yè)
外子	(wài zǐ)
外眥	(wài zì)
外祖父	(wài zǔ fù)
外祖母	(wài zǔ mǔ)
剜	(wān)
捥	(wàn)
彎	(wān)
彎道	(wān dào)
彎道超車	(wān dào chāo chē)
彎管麵	(wān guǎn miàn)
彎角	(wān jiǎo)
彎路	(wān lù)
彎男	(wān nán)
彎曲	(wān qū)
彎曲度	(wān qū dù)
彎曲空間	(wān qū kōng jiān)
彎彎	(wān wān)
彎彎曲曲	(wān wān qū qū)
彎腰	(wān yāo)
彎腰駝背	(wān yāo tuó bèi)
彎液面	(wān yè miàn)
彎月	(wān yuè)
彎月形透鏡	(wān yuè xíng tòu jìng)
彎折	(wān zhé)
彎子	(wān zi)
彎嘴濱鷸	(wān zuǐ bīn yù)
壪	(wān)
丸	(wán)
丸劑	(wán jì)
丸山	(wán shān)
丸子	(wán zi)
刓	(wán)
抏	(wán)
完	(wán)
完敗	(wán bài)
完爆	(wán bào)
完備	(wán bèi)
完備性	(wán bèi xìng)
完畢	(wán bì)
完璧	(wán bì)
完璧歸趙	(wán bì guī zhào)
完璧之身	(wán bì zhī shēn)
完成	(wán chéng)
完成時	(wán chéng shí)
完蛋	(wán dàn)
完封	(wán fēng)
完工	(wán gōng)
完好	(wán hǎo)
完好如初	(wán hǎo rú chū)
完好無缺	(wán hǎo wú quē)
完好無損	(wán hǎo wú sǔn)
完婚	(wán hūn)
完結	(wán jié)
完了	(wán le)
完滿	(wán mǎn)
完美	(wán měi)
完美無缺	(wán měi wú quē)
完美無瑕	(wán měi wú xiá)
完美主義者	(wán měi zhǔ yì zhě)
完虐	(wán nüè)
完全	(wán quán)
完全歸納推理	(wán quán guī nà tuī lǐ)
完人	(wán rén)
完賽	(wán sài)
完善	(wán shàn)
完勝	(wán shèng)
完事	(wán shì)
完事大吉	(wán shì dà jí)
完熟	(wán shú)
完稅	(wán shuì)
完完全全	(wán wán quán quán)
完形	(wán xíng)
完形測驗	(wán xíng cè yàn)
完形填空	(wán xíng tián kòng)
完形心理學	(wán xíng xīn lǐ xué)
完形心理治療	(wán xíng xīn lǐ zhì liáo)
完型填空	(wán xíng tián kòng)
完顏	(wán yán)
完整	(wán zhěng)
完整性	(wán zhěng xìng)
宛	(wǎn)
宛城區	(wǎn chéng qū)
宛然	(wǎn rán)
宛如	(wǎn rú)
宛若	(wǎn ruò)
宛轉	(wǎn zhuǎn)
㼝	(wǎn)
挽	(wǎn)
挽詞	(wǎn cí)
挽辭	(wǎn cí)
挽額	(wǎn é)
挽歌	(wǎn gē)
挽回	(wǎn huí)
挽救	(wǎn jiù)
挽具	(wǎn jù)
挽力	(wǎn lì)
挽留	(wǎn liú)
挽幛	(wǎn zhàng)
挽尊	(wǎn zūn)
埦	(wǎn)
晚	(wǎn)
晚安	(wǎn ān)
晚班	(wǎn bān)
晚半天兒	(wǎn ban tiān r)
晚報	(wǎn bào)
晚輩	(wǎn bèi)
晚餐	(wǎn cān)
晚場	(wǎn chǎng)
晚車	(wǎn chē)
晚禱	(wǎn dǎo)
晚點	(wǎn diǎn)
晚飯	(wǎn fàn)
晚歸	(wǎn guī)
晚會	(wǎn huì)
晚婚晚育	(wǎn hūn wǎn yù)
晚間	(wǎn jiān)
晚節不保	(wǎn jié bù bǎo)
晚近	(wǎn jìn)
晚景	(wǎn jǐng)
晚禮服	(wǎn lǐ fú)
晚年	(wǎn nián)
晚期	(wǎn qī)
晚期癌症	(wǎn qī ái zhèng)
晚清	(wǎn qīng)
晚晌	(wǎn shǎng)
晚上	(wǎn shang)
晚上好	(wǎn shàng hǎo)
晚世	(wǎn shì)
晚熟	(wǎn shú)
晚霞	(wǎn xiá)
晚宴	(wǎn yàn)
晚育	(wǎn yù)
晚自習	(wǎn zì xí)
晥	(wǎn)
惋	(wǎn)
惋惜	(wǎn xī)
婉	(wǎn)
婉稱	(wǎn chēng)
婉詞	(wǎn cí)
婉辭	(wǎn cí)
婉拒	(wǎn jù)
婉妙	(wǎn miào)
婉如	(wǎn rú)
婉言	(wǎn yán)
婉約	(wǎn yuē)
婉轉	(wǎn zhuǎn)
椀	(wǎn)
晩	(wǎn)
万	(mò)
万俟	(mò qí)
卐	(wàn)
卍	(wàn)
䥑	(mài)
尪	(wāng)
尩	(wāng)
亾	(wáng)
亡	(wáng)
亡八	(wáng bā)
亡兵紀念日	(wáng bīng jì niàn rì)
亡故	(wáng gù)
亡國	(wáng guó)
亡國虜	(wáng guó lǔ)
亡國滅種	(wáng guó miè zhǒng)
亡國奴	(wáng guó nú)
亡魂	(wáng hún)
亡靈	(wáng líng)
亡命	(wáng mìng)
亡命之徒	(wáng mìng zhī tú)
亡母	(wáng mǔ)
亡妻	(wáng qī)
亡羊補牢	(wáng yáng bǔ láo)
亡佚	(wáng yì)
亡者	(wáng zhě)
枉	(wǎng)
枉法	(wǎng fǎ)
枉費	(wǎng fèi)
枉顧	(wǎng gù)
枉徑	(wǎng jìng)
枉勞	(wǎng láo)
枉然	(wǎng rán)
枉攘	(wǎng rǎng)
枉死	(wǎng sǐ)
徃	(wǎng)
往	(wǎng)
往常	(wǎng cháng)
往程	(wǎng chéng)
往初	(wǎng chū)
往返	(wǎng fǎn)
往復	(wǎng fù)
往復鋸	(wǎng fù jù)
往復運動	(wǎng fù yùn dòng)
往古	(wǎng gǔ)
往還	(wǎng huán)
往後	(wǎng hòu)
往跡	(wǎng jì)
往屆	(wǎng jiè)
往來	(wǎng lái)
往來帳戶	(wǎng lái zhàng hù)
往例	(wǎng lì)
往臉上抹黑	(wǎng liǎn shàng mǒ hēi)
往泥裡踩	(wǎng nì lǐ cǎi)
往年	(wǎng nián)
往前	(wǎng qián)
往日	(wǎng rì)
往生	(wǎng shēng)
往時	(wǎng shí)
往事	(wǎng shì)
往事如風	(wǎng shì rú fēng)
往事已矣	(wǎng shì yǐ yǐ)
往死裡	(wǎng sǐ lǐ)
往歲	(wǎng suì)
往外	(wǎng wài)
往往	(wǎng wǎng)
往昔	(wǎng xī)
往心裡去	(wǎng xīn li qù)
惘	(wǎng)
惘然	(wǎng rán)
惘然若失	(wǎng rán ruò shī)
妄	(wàng)
妄稱	(wàng chēng)
妄動	(wàng dòng)
妄斷	(wàng duàn)
妄念	(wàng niàn)
妄求	(wàng qiú)
妄取	(wàng qǔ)
妄人	(wàng rén)
妄生穿鑿	(wàng shēng chuān záo)
妄說	(wàng shuō)
妄圖	(wàng tú)
妄為	(wàng wéi)
妄下雌黃	(wàng xià cí huáng)
妄想	(wàng xiǎng)
妄想狂	(wàng xiǎng kuáng)
妄想症	(wàng xiǎng zhèng)
妄言	(wàng yán)
妄言妄聽	(wàng yán wàng tīng)
妄語	(wàng yǔ)
妄自菲薄	(wàng zì fěi bó)
妄自尊大	(wàng zì zūn dà)
忘	(wàng)
忘八旦	(wàng bā dàn)
忘八蛋	(wàng bā dàn)
忘本	(wàng běn)
忘不了	(wàng bu liǎo)
忘餐	(wàng cān)
忘詞	(wàng cí)
忘掉	(wàng diào)
忘恩	(wàng ēn)
忘恩負義	(wàng ēn fù yì)
忘乎所以	(wàng hū suǒ yǐ)
忘懷	(wàng huái)
忘機	(wàng jī)
忘記	(wàng jì)
忘年交	(wàng nián jiāo)
忘年戀	(wàng nián liàn)
忘年之交	(wàng nián zhī jiāo)
忘情	(wàng qíng)
忘卻	(wàng què)
忘我	(wàng wǒ)
忘性	(wàng xìng)
忘憂草	(wàng yōu cǎo)
旺	(wàng)
旺波日山	(wàng bō rì shān)
旺蒼縣	(wàng cāng xiàn)
旺熾	(wàng chì)
旺熾型	(wàng chì xíng)
旺熾性	(wàng chì xìng)
旺季	(wàng jì)
旺角	(wàng jiǎo)
旺來	(wàng lái)
旺盛	(wàng shèng)
旺月	(wàng yuè)
旺子	(wàng zi)
望	(wàng)
望安	(wàng ān)
望安鄉	(wàng ān xiāng)
望塵莫及	(wàng chén mò jí)
望城區	(wàng chéng qū)
望都縣	(wàng dū xiàn)
望而卻步	(wàng ér què bù)
望而生畏	(wàng ér shēng wèi)
望而興嘆	(wàng ér xīng tàn)
望風	(wàng fēng)
望風而逃	(wàng fēng ér táo)
望夫石	(wàng fū shí)
望花區	(wàng huā qū)
望見	(wàng jiàn)
望江縣	(wàng jiāng xiàn)
望京	(wàng jīng)
望奎縣	(wàng kuí xiàn)
望樓	(wàng lóu)
望梅止渴	(wàng méi zhǐ kě)
望謨縣	(wàng mó xiàn)
望女成鳳	(wàng nǚ chéng fèng)
望日	(wàng rì)
望文生義	(wàng wén shēng yì)
望眼欲穿	(wàng yǎn yù chuān)
望洋	(wàng yáng)
望洋興嘆	(wàng yáng xīng tàn)
望遠鏡	(wàng yuǎn jìng)
望遠鏡座	(wàng yuǎn jìng zuò)
望遠瞄準鏡	(wàng yuǎn miáo zhǔn jìng)
望月	(wàng yuè)
望診	(wàng zhěn)
望子成龍	(wàng zǐ chéng lóng)
望族	(wàng zú)
朢	(wàng)
危	(wēi)
危辭聳聽	(wēi cí sǒng tīng)
危殆	(wēi dài)
危地馬拉	(wēi dì mǎ lā)
危地馬拉人	(wēi dì mǎ lā rén)
危篤	(wēi dǔ)
危而不持	(wēi ér bù chí)
危房	(wēi fáng)
危害	(wēi hài)
危害評價	(wēi hài píng jià)
危害性	(wēi hài xìng)
危機	(wēi jī)
危機感	(wēi jī gǎn)
危機四伏	(wēi jī sì fú)
危及	(wēi jí)
危急	(wēi jí)
危徑	(wēi jìng)
危境	(wēi jìng)
危局	(wēi jú)
危懼	(wēi jù)
危困	(wēi kùn)
危樓	(wēi lóu)
危難	(wēi nàn)
危迫	(wēi pò)
危如朝露	(wēi rú zhāo lù)
危如累卵	(wēi rú lěi luǎn)
危若朝露	(wēi ruò zhāo lù)
危途	(wēi tú)
危亡	(wēi wáng)
危險	(wēi xiǎn)
危險警告燈	(wēi xiǎn jǐng gào dēng)
危險品	(wēi xiǎn pǐn)
危性	(wēi xìng)
危言聳聽	(wēi yán sǒng tīng)
危言危行	(wēi yán wēi xíng)
危在旦夕	(wēi zài dàn xī)
危重	(wēi zhòng)
危重病人	(wēi zhòng bìng rén)
威	(wēi)
威逼	(wēi bī)
威逼利誘	(wēi bī lì yòu)
威卜	(wēi bǔ)
威德	(wēi dé)
威翟	(wēi zhái)
威而鋼	(wēi ér gāng)
威爾士	(wēi ěr shì)
威爾士語	(wēi ěr shì yǔ)
威爾特郡	(wēi ěr tè jùn)
威爾遜	(wēi ěr xùn)
威風	(wēi fēng)
威風凜凜	(wēi fēng lǐn lǐn)
威鳳一羽	(wēi fèng yī yǔ)
威福自己	(wēi fú zì jǐ)
威海市	(wēi hǎi shì)
威海衛	(wēi hǎi wèi)
威駭	(wēi hài)
威化	(wēi huà)
威化餅乾	(wēi huà bǐng gān)
威基基	(wēi jī jī)
威克島	(wēi kè dǎo)
威客	(wēi kè)
威力	(wēi lì)
威利	(wēi lì)
威利斯	(wēi lì sī)
威厲	(wēi lì)
威廉	(wēi lián)
威廉·福克納	(wēi lián · fú kè nà)
威廉·莎士比亞	(wēi lián · shā shì bǐ yà)
威廉斯堡	(wēi lián sī bǎo)
威烈	(wēi liè)
威靈	(wēi líng)
威靈頓	(wēi líng dùn)
威瑪	(wēi mǎ)
威瑪共和國	(wēi mǎ gòng hé guó)
威瑪拼法	(wēi mǎ pīn fǎ)
威瑪拼音	(wēi mǎ pīn yīn)
威猛	(wēi měng)
威名	(wēi míng)
威末酒	(wēi mò jiǔ)
威尼斯	(wēi ní sī)
威尼斯商人	(wēi ní sī shāng rén)
威寧彝族回族苗族自治縣	(wēi níng yí zú huí zú miáo zú zì zhì xiàn)
威迫	(wēi pò)
威奇托	(wēi qí tuō)
威權	(wēi quán)
威容	(wēi róng)
威懾	(wēi shè)
威懾力量	(wēi shè lì liang)
威士	(wēi shì)
威士忌	(wēi shì jì)
威士忌酒	(wēi shì jì jiǔ)
威氏註音法	(wēi shì zhù yīn fǎ)
威勢	(wēi shì)
威斯康辛	(wēi sī kāng xīn)
威斯康星	(wēi sī kāng xīng)
威斯敏斯特教堂	(wēi sī mǐn sī tè jiào táng)
威妥瑪	(wēi tuǒ mǎ)
威妥瑪拼法	(wēi tuǒ mǎ pīn fǎ)
威妥瑪拼音	(wēi tuǒ mǎ pīn yīn)
威望	(wēi wàng)
威武	(wēi wǔ)
威武不屈	(wēi wǔ bù qū)
威嚇	(wēi hè)
威顯	(wēi xiǎn)
威縣	(wēi xiàn)
威脅	(wēi xié)
威信	(wēi xìn)
威信掃地	(wēi xìn sǎo dì)
威信縣	(wēi xìn xiàn)
威亞	(wēi yǎ)
威嚴	(wēi yán)
威儀	(wēi yí)
威遠縣	(wēi yuǎn xiàn)
威震	(wēi zhèn)
威震天下	(wēi zhèn tiān xià)
威重	(wēi zhòng)
威尊命賤	(wēi zūn mìng jiàn)
偎	(wēi)
偎傍	(wēi bàng)
揻	(wēi)
椳	(wēi)
微	(wēi)
微安	(wēi ān)
微安培	(wēi ān péi)
微凹黃檀	(wēi āo huáng tán)
微薄	(wēi bó)
微表情	(wēi biǎo qíng)
微波	(wēi bō)
微波爐	(wēi bō lú)
微波天線	(wēi bō tiān xiàn)
微博	(wēi bó)
微博客	(wēi bó kè)
微不足道	(wēi bù zú dào)
微操	(wēi cāo)
微臣	(wēi chén)
微塵	(wēi chén)
微處理機	(wēi chǔ lǐ jī)
微處理器	(wēi chǔ lǐ qì)
微創	(wēi chuāng)
微創手術	(wēi chuāng shǒu shù)
微詞	(wēi cí)
微電腦	(wēi diàn nǎo)
微電子	(wēi diàn zǐ)
微電子學	(wēi diàn zǐ xué)
微雕	(wēi diāo)
微調	(wēi tiáo)
微動開關	(wēi dòng kāi guān)
微動脈	(wēi dòng mài)
微分	(wēi fēn)
微分方程	(wēi fēn fāng chéng)
微分幾何	(wēi fēn jǐ hé)
微分幾何學	(wēi fēn jǐ hé xué)
微分學	(wēi fēn xué)
微風	(wēi fēng)
微服	(wēi fú)
微服私訪	(wēi fú sī fǎng)
微觀	(wēi guān)
微觀經濟	(wēi guān jīng jì)
微觀經濟學	(wēi guān jīng jì xué)
微觀世界	(wēi guān shì jiè)
微管	(wēi guǎn)
微管蛋白	(wēi guǎn dàn bái)
微光	(wēi guāng)
微乎其微	(wēi hū qí wēi)
微火	(wēi huǒ)
微機	(wēi jī)
微機化	(wēi jī huà)
微積分	(wēi jī fēn)
微積分學	(wēi jī fēn xué)
微賤	(wēi jiàn)
微膠囊技術	(wēi jiāo náng jì shù)
微晶	(wēi jīng)
微晶片	(wēi jīng piàn)
微徑	(wēi jìng)
微靜脈	(wēi jìng mài)
微距	(wēi jù)
微聚焦	(wēi jù jiāo)
微菌	(wēi jūn)
微克	(wēi kè)
微孔膜	(wēi kǒng mó)
微控制器	(wēi kòng zhì qì)
微辣	(wēi là)
微粒	(wēi lì)
微粒體	(wēi lì tǐ)
微量	(wēi liàng)
微量白蛋白	(wēi liàng bái dàn bái)
微量元素	(wēi liàng yuán sù)
微茫	(wēi máng)
微米	(wēi mǐ)
微妙	(wēi miào)
微明	(wēi míng)
微末	(wēi mò)
微漠	(wēi mò)
微囊	(wēi náng)
微胖	(wēi pàng)
微劈恩	(wēi pī ēn)
微擾	(wēi rǎo)
微擾論	(wēi rǎo lùn)
微擾展開	(wēi rǎo zhǎn kāi)
微溶	(wēi róng)
微軟	(wēi ruǎn)
微軟公司	(wēi ruǎn gōng sī)
微弱	(wēi ruò)
微山縣	(wēi shān xiàn)
微商	(wēi shāng)
微升	(wēi shēng)
微生物	(wēi shēng wù)
微生物學	(wēi shēng wù xué)
微生物學家	(wēi shēng wù xué jiā)
微睡眠	(wēi shuì mián)
微絲	(wēi sī)
微絲血管	(wēi sī xuè guǎn)
微速攝影	(wēi sù shè yǐng)
微縮	(wēi suō)
微縮膠捲	(wēi suō jiāo juǎn)
微駝	(wēi tuó)
微微	(wēi wēi)
微細	(wēi xì)
微細加工	(wēi xì jiā gōng)
微小	(wēi xiǎo)
微笑	(wēi xiào)
微信	(wēi xìn)
微星	(wēi xīng)
微型	(wēi xíng)
微型小說	(wēi xíng xiǎo shuō)
微血管	(wēi xuè guǎn)
微醺	(wēi xūn)
微言大義	(wēi yán dà yì)
微恙	(wēi yàng)
微整	(wēi zhěng)
微整形	(wēi zhěng xíng)
微中子	(wēi zhōng zǐ)
巍	(wēi)
巍峨	(wēi é)
巍然	(wēi rán)
巍然屹立	(wēi rán yì lì)
巍山彝族回族自治縣	(wēi shān yí zú huí zú zì zhì xiàn)
巍巍	(wēi wēi)
囗	(wéi)
圩	(xū)
峞	(wéi)
桅	(wéi)
桅杆	(wéi gān)
桅竿	(wéi gān)
唯	(wéi)
唯獨	(wéi dú)
唯讀	(wéi dú)
唯二	(wéi èr)
唯飯	(wéi fàn)
唯粉	(wéi fěn)
唯恐	(wéi kǒng)
唯恐天下不亂	(wéi kǒng tiān xià bù luàn)
唯理論	(wéi lǐ lùn)
唯利是圖	(wéi lì shì tú)
唯美	(wéi měi)
唯命是從	(wéi mìng shì cóng)
唯識宗	(wéi shí zōng)
唯唯諾諾	(wéi wéi nuò nuò)
唯物	(wéi wù)
唯物論	(wéi wù lùn)
唯物主義	(wéi wù zhǔ yì)
唯象	(wéi xiàng)
唯象理論	(wéi xiàng lǐ lùn)
唯心論	(wéi xīn lùn)
唯心主義	(wéi xīn zhǔ yì)
唯一	(wéi yī)
唯一性	(wéi yī xìng)
唯意志論	(wéi yì zhì lùn)
唯有	(wéi yǒu)
帷	(wéi)
帷幔	(wéi màn)
帷幕	(wéi mù)
惟	(wéi)
惟獨	(wéi dú)
惟恐	(wéi kǒng)
惟利是圖	(wéi lì shì tú)
惟妙惟肖	(wéi miào wéi xiào)
惟一	(wéi yī)
惟有	(wéi yǒu)
嵬	(wéi)
幃	(wéi)
幃幕	(wéi mù)
圍	(wéi)
圍標	(wéi biāo)
圍脖	(wéi bó)
圍捕	(wéi bǔ)
圍產	(wéi chǎn)
圍產期	(wéi chǎn qī)
圍場	(wéi chǎng)
圍場滿族蒙古族自治縣	(wéi chǎng mǎn zú měng gǔ zú zì zhì xiàn)
圍城	(wéi chéng)
圍城打援	(wéi chéng dǎ yuán)
圍兜	(wéi dōu)
圍堵	(wéi dǔ)
圍攻	(wéi gōng)
圍觀	(wéi guān)
圍護	(wéi hù)
圍護結構	(wéi hù jié gòu)
圍擊	(wéi jī)
圍剿	(wéi jiǎo)
圍巾	(wéi jīn)
圍墾	(wéi kěn)
圍困	(wéi kùn)
圍欄	(wéi lán)
圍籬	(wéi lí)
圍攏	(wéi lǒng)
圍爐	(wéi lú)
圍毆	(wéi ōu)
圍棋	(wéi qí)
圍起	(wéi qǐ)
圍牆	(wéi qiáng)
圍裙	(wéi qún)
圍繞	(wéi rào)
圍術期	(wéi shù qī)
圍網	(wéi wǎng)
圍魏救趙	(wéi wèi jiù zhào)
圍堰	(wéi yàn)
圍腰	(wéi yāo)
圍住	(wéi zhù)
圍嘴	(wéi zuǐ)
圍坐	(wéi zuò)
媁	(wéi)
撝	(huī)
撝損	(huī sǔn)
撝挹	(huī yì)
寪	(wěi)
尾	(yǐ)
尾巴	(wěi ba)
尾班	(wěi bān)
尾部	(wěi bù)
尾大不掉	(wěi dà bù diào)
尾燈	(wěi dēng)
尾骨	(wěi gǔ)
尾號	(wěi hào)
尾擊	(wěi jī)
尾款	(wěi kuǎn)
尾礦	(wěi kuàng)
尾礦庫	(wěi kuàng kù)
尾流	(wěi liú)
尾閭骨	(wěi lǘ gǔ)
尾期	(wěi qī)
尾鰭	(wěi qí)
尾氣	(wěi qì)
尾欠	(wěi qiàn)
尾梢	(wěi shāo)
尾生	(wěi shēng)
尾聲	(wěi shēng)
尾數	(wěi shù)
尾水	(wěi shuǐ)
尾水渠道	(wěi shuǐ qú dào)
尾隨	(wěi suí)
尾牙	(wěi yá)
尾頁	(wěi yè)
尾翼	(wěi yì)
尾音	(wěi yīn)
尾蚴	(wěi yòu)
尾羽	(wěi yǔ)
尾羽龍	(wěi yǔ lóng)
尾韻	(wěi yùn)
尾註	(wěi zhù)
尾椎	(wěi zhuī)
尾綴	(wěi zhuì)
尾子	(wěi zi)
委	(wěi)
委過	(wěi guò)
委靡	(wěi mǐ)
委靡不振	(wěi mǐ bù zhèn)
委內瑞拉	(wěi nèi ruì lā)
委內瑞拉馬腦炎病毒	(wěi nèi ruì lā mǎ nǎo yán bìng dú)
委派	(wěi pài)
委培	(wěi péi)
委曲	(wěi qū)
委曲求全	(wěi qū qiú quán)
委屈	(wěi qu)
委任	(wěi rèn)
委任書	(wěi rèn shū)
委任統治	(wěi rèn tǒng zhì)
委蛇	(wēi yí)
委身	(wěi shēn)
委實	(wěi shí)
委托人	(wěi tuō rén)
委託	(wěi tuō)
委託書	(wěi tuō shū)
委外	(wěi wài)
委宛	(wěi wǎn)
委婉	(wěi wǎn)
委婉詞	(wěi wǎn cí)
委婉語	(wěi wǎn yǔ)
委委屈屈	(wěi wěi qū qū)
委以	(wěi yǐ)
委以重任	(wěi yǐ zhòng rèn)
委員	(wěi yuán)
委員長	(wěi yuán zhǎng)
委員會	(wěi yuán huì)
娓	(wěi)
娓娓	(wěi wěi)
娓娓動聽	(wěi wěi dòng tīng)
娓娓而談	(wěi wěi ér tán)
偽	(wěi)
偽幣	(wěi bì)
偽鈔	(wěi chāo)
偽朝	(wěi cháo)
偽代碼	(wěi dài mǎ)
偽頂	(wěi dǐng)
偽基百科	(wěi jī bǎi kē)
偽紀錄片	(wěi jì lù piàn)
偽跡	(wěi jì)
偽經	(wěi jīng)
偽君子	(wěi jūn zǐ)
偽軍	(wěi jūn)
偽科學	(wěi kē xué)
偽劣	(wěi liè)
偽命題	(wěi mìng tí)
偽娘	(wěi niáng)
偽善	(wěi shàn)
偽善者	(wěi shàn zhě)
偽飾	(wěi shì)
偽書	(wěi shū)
偽托	(wěi tuō)
偽陽性	(wěi yáng xìng)
偽陰性	(wěi yīn xìng)
偽造	(wěi zào)
偽造品	(wěi zào pǐn)
偽造者	(wěi zào zhě)
偽證	(wěi zhèng)
偽裝	(wěi zhuāng)
偉	(wěi)
偉岸	(wěi àn)
偉大	(wěi dà)
偉哥	(wěi gē)
偉觀	(wěi guān)
偉績	(wěi jì)
偉晶岩	(wěi jīng yán)
偉舉	(wěi jǔ)
偉力	(wěi lì)
偉麗	(wěi lì)
偉器	(wěi qì)
偉人	(wěi rén)
偉士牌	(wěi shì pái)
偉業	(wěi yè)
廆	(guī)
暐	(wěi)
僞	(wěi)
壝	(wěi)
亹	(mén)
亹亹	(wěi wěi)
亹亹不倦	(wěi wěi bù juàn)
未	(wèi)
未艾	(wèi ài)
未報	(wèi bào)
未必	(wèi bì)
未必見得	(wèi bì jiàn dé)
未便	(wèi biàn)
未卜	(wèi bǔ)
未卜先知	(wèi bǔ xiān zhī)
未曾	(wèi céng)
未嘗	(wèi cháng)
未嘗不可	(wèi cháng bù kě)
未成	(wèi chéng)
未成冠	(wèi chéng guān)
未成年	(wèi chéng nián)
未成年人	(wèi chéng nián rén)
未成年者	(wèi chéng nián zhě)
未達一間	(wèi dá yī jiàn)
未定	(wèi dìng)
未敢苟同	(wèi gǎn gǒu tóng)
未冠	(wèi guān)
未果	(wèi guǒ)
未婚	(wèi hūn)
未婚夫	(wèi hūn fū)
未婚妻	(wèi hūn qī)
未及	(wèi jí)
未幾	(wèi jǐ)
未解	(wèi jiě)
未解之謎	(wèi jiě zhī mí)
未經	(wèi jīng)
未經證實	(wèi jīng zhèng shí)
未竟	(wèi jìng)
未竟之志	(wèi jìng zhī zhì)
未決	(wèi jué)
未可	(wèi kě)
未可厚非	(wèi kě hòu fēi)
未可同日而語	(wèi kě tóng rì ér yǔ)
未來	(wèi lái)
未來派	(wèi lái pài)
未來式	(wèi lái shì)
未來學	(wèi lái xué)
未來主義	(wèi lái zhǔ yì)
未老先衰	(wèi lǎo xiān shuāi)
未了	(wèi liǎo)
未料	(wèi liào)
未免	(wèi miǎn)
未名	(wèi míng)
未命名	(wèi mìng míng)
未能	(wèi néng)
未能免俗	(wèi néng miǎn sú)
未然	(wèi rán)
未刪節版	(wèi shān jié bǎn)
未始	(wèi shǐ)
未受精	(wèi shòu jīng)
未受影響	(wèi shòu yǐng xiǎng)
未熟	(wèi shú)
未遂	(wèi suì)
未亡人	(wèi wáng rén)
未詳	(wèi xiáng)
未央	(wèi yāng)
未央區	(wèi yāng qū)
未有	(wèi yǒu)
未雨綢繆	(wèi yǔ chóu móu)
未知	(wèi zhī)
未知數	(wèi zhī shù)
未知數兒	(wèi zhī shù r)
未置可否	(wèi zhì kě fǒu)
位	(wèi)
位次	(wèi cì)
位極人臣	(wèi jí rén chén)
位居	(wèi jū)
位列	(wèi liè)
位面	(wèi miàn)
位圖	(wèi tú)
位形	(wèi xíng)
位形空間	(wèi xíng kōng jiān)
位移	(wèi yí)
位於	(wèi yú)
位元	(wèi yuán)
位元幣	(wèi yuán bì)
位元組	(wèi yuán zǔ)
位置	(wèi zhi)
位置效應	(wèi zhì xiào yìng)
位子	(wèi zi)
味	(wèi)
味噌	(wèi cēng)
味噌湯	(wèi cēng tāng)
味道	(wèi dao)
味兒	(wèi r)
味精	(wèi jīng)
味覺	(wèi jué)
味覺遲鈍	(wèi jué chí dùn)
味醂	(wèi lín)
味蕾	(wèi lěi)
味淋	(wèi lín)
味霖	(wèi lín)
味美思酒	(wèi měi sī jiǔ)
味素	(wèi sù)
味同嚼蠟	(wèi tóng jiáo là)
味之素	(wèi zhī sù)
尉	(wèi)
尉遲	(yù chí)
尉遲恭	(yù chí gōng)
尉犁縣	(yù lí xiàn)
尉繚	(wèi liáo)
尉繚子	(wèi liáo zi)
尉氏縣	(wèi shì xiàn)
喂	(wèi)
慰	(wèi)
慰安婦	(wèi ān fù)
慰藉	(wèi jiè)
慰勞	(wèi láo)
慰問	(wèi wèn)
慰問金	(wèi wèn jīn)
慰唁	(wèi yàn)
䲁	(wèi)
塭	(wēn)
榲	(wēn)
榲桲	(wēn po)
亠	(tóu)
文	(wén)
文愛	(wén ài)
文安縣	(wén ān xiàn)
文案	(wén àn)
文本	(wén běn)
文本編輯器	(wén běn biān jí qì)
文本框	(wén běn kuàng)
文筆	(wén bǐ)
文不對題	(wén bù duì tí)
文不加點	(wén bù jiā diǎn)
文部	(wén bù)
文部鄉	(wén bù xiāng)
文采	(wén cǎi)
文昌	(wén chāng)
文昌市	(wén chāng shì)
文昌魚	(wén chāng yú)
文抄公	(wén chāo gōng)
文臣	(wén chén)
文成縣	(wén chéng xiàn)
文創	(wén chuàng)
文創產業	(wén chuàng chǎn yè)
文創商品	(wén chuàng shāng pǐn)
文詞	(wén cí)
文辭	(wén cí)
文旦	(wén dàn)
文檔	(wén dàng)
文檔對象模型	(wén dàng duì xiàng mó xíng)
文登區	(wén dēng qū)
文牒	(wén dié)
文牘	(wén dú)
文牘主義	(wén dú zhǔ yì)
文讀	(wén dú)
文法	(wén fǎ)
文房四寶	(wén fáng sì bǎo)
文風	(wén fēng)
文風不動	(wén fēng bù dòng)
文峰區	(wén fēng qū)
文稿	(wén gǎo)
文告	(wén gào)
文革	(wén gé)
文攻武嚇	(wén gōng wǔ hè)
文官	(wén guān)
文過飾非	(wén guò shì fēi)
文蛤	(wén gé)
文豪	(wén háo)
文號	(wén hào)
文化	(wén huà)
文化層	(wén huà céng)
文化城	(wén huà chéng)
文化衝擊	(wén huà chōng jī)
文化傳統	(wén huà chuán tǒng)
文化大革命	(wén huà dà gé mìng)
文化宮	(wén huà gōng)
文化和旅遊部	(wén huà hé lǚ yóu bù)
文化荒漠	(wén huà huāng mò)
文化交流	(wén huà jiāo liú)
文化圈	(wén huà quān)
文化熱	(wén huà rè)
文化沙漠	(wén huà shā mò)
文化史	(wén huà shǐ)
文化水平	(wén huà shuǐ píng)
文化遺產	(wén huà yí chǎn)
文化障礙	(wén huà zhàng ài)
文彙報	(wén huì bào)
文火	(wén huǒ)
文集	(wén jí)
文件	(wén jiàn)
文件大小	(wén jiàn dà xiǎo)
文件服務器	(wén jiàn fú wù qì)
文件格式	(wén jiàn gé shì)
文件夾	(wén jiàn jiā)
文江學海	(wén jiāng xué hǎi)
文教	(wén jiào)
文錦渡	(wén jǐn dù)
文靜	(wén jìng)
文具	(wén jù)
文具店	(wén jù diàn)
文具商	(wén jù shāng)
文康	(wén kāng)
文康活動	(wén kāng huó dòng)
文科	(wén kē)
文科學士	(wén kē xué shì)
文庫	(wén kù)
文萊	(wén lái)
文萊達魯薩蘭國	(wén lái dá lǔ sà lán guó)
文理	(wén lǐ)
文聯	(wén lián)
文旅	(wén lǚ)
文旅部	(wén lǚ bù)
文盲	(wén máng)
文秘	(wén mì)
文面	(wén miàn)
文明	(wén míng)
文明病	(wén míng bìng)
文明化	(wén míng huà)
文墨	(wén mò)
文憑	(wén píng)
文氣	(wén qì)
文青	(wén qīng)
文曲星	(wén qǔ xīng)
文人	(wén rén)
文人相輕	(wén rén xiāng qīng)
文如其人	(wén rú qí rén)
文弱書生	(wén ruò shū shēng)
文山會海	(wén shān huì hǎi)
文山區	(wén shān qū)
文山市	(wén shān shì)
文山線	(wén shān xiàn)
文山壯族苗族自治州	(wén shān zhuàng zú miáo zú zì zhì zhōu)
文身	(wén shēn)
文聖區	(wén shèng qū)
文石	(wén shí)
文史	(wén shǐ)
文士	(wén shì)
文飾	(wén shì)
文殊	(wén shū)
文殊菩薩	(wén shū pú sà)
文殊師利菩薩	(wén shū shī lì pú sà)
文書	(wén shū)
文書處理	(wén shū chǔ lǐ)
文水縣	(wén shuǐ xiàn)
文思	(wén sī)
文壇	(wén tán)
文體	(wén tǐ)
文童	(wén tóng)
文武	(wén wǔ)
文武百官	(wén wǔ bǎi guān)
文武合一	(wén wǔ hé yī)
文武雙全	(wén wǔ shuāng quán)
文物	(wén wù)
文物徑	(wén wù jìng)
文戲	(wén xì)
文縣	(wén xiàn)
文獻	(wén xiàn)
文獻學	(wén xiàn xué)
文胸	(wén xiōng)
文鬚雀	(wén xū què)
文宣	(wén xuān)
文宣部	(wén xuān bù)
文選	(wén xuǎn)
文學	(wén xué)
文學博士	(wén xué bó shì)
文學家	(wén xué jiā)
文學巨匠	(wén xué jù jiàng)
文學史	(wén xué shǐ)
文學士	(wén xué shì)
文雅	(wén yǎ)
文言	(wén yán)
文言文	(wén yán wén)
文以載道	(wén yǐ zài dào)
文藝	(wén yì)
文藝兵	(wén yì bīng)
文藝復興	(wén yì fù xīng)
文藝演出	(wén yì yǎn chū)
文藝作品	(wén yì zuò pǐn)
文娛	(wén yú)
文員	(wén yuán)
文苑	(wén yuàn)
文約	(wén yuē)
文責自負	(wén zé zì fù)
文摘	(wén zhāi)
文章	(wén zhāng)
文職	(wén zhí)
文徵明	(wén zhēng míng)
文治武功	(wén zhì wǔ gōng)
文質彬彬	(wén zhì bīn bīn)
文種	(wén zhǒng)
文謅謅	(wén zhōu zhōu)
文縐縐	(wén zhōu zhōu)
文竹	(wén zhú)
文字	(wén zì)
文字處理	(wén zì chǔ lǐ)
文字檔	(wén zì dàng)
文字改革	(wén zì gǎi gé)
文字學	(wén zì xué)
文字學家	(wén zì xué jiā)
文字獄	(wén zì yù)
文宗	(wén zōng)
刎	(wěn)
抆	(wèn)
吻	(wěn)
吻別	(wěn bié)
吻部	(wěn bù)
吻合	(wěn hé)
吻痕	(wěn hén)
吻技	(wěn jì)
吻戲	(wěn xì)
問	(wèn)
問安	(wèn ān)
問答	(wèn dá)
問倒	(wèn dǎo)
問道	(wèn dào)
問道於盲	(wèn dào yú máng)
問鼎	(wèn dǐng)
問鼎輕重	(wèn dǐng qīng zhòng)
問鼎中原	(wèn dǐng zhōng yuán)
問寒問暖	(wèn hán wèn nuǎn)
問好	(wèn hǎo)
問號	(wèn hào)
問候	(wèn hòu)
問話	(wèn huà)
問津	(wèn jīn)
問荊	(wèn jīng)
問卷	(wèn juàn)
問客殺雞	(wèn kè shā jī)
問路	(wèn lù)
問名	(wèn míng)
問世	(wèn shì)
問市	(wèn shì)
問事	(wèn shì)
問題	(wèn tí)
問心無愧	(wèn xīn wú kuì)
問心有愧	(wèn xīn yǒu kuì)
問訊	(wèn xùn)
問責	(wèn zé)
問責性	(wèn zé xìng)
問診	(wèn zhěn)
問住	(wèn zhù)
問罪	(wèn zuì)
問罪之師	(wèn zuì zhī shī)
搵	(wèn)
搵錢	(wèn qián)
搵食	(wèn shí)
嗡	(wēng)
嗡嗡	(wēng wēng)
嗡嗡彈	(wēng wēng dàn)
嗡嗡叫	(wēng wēng jiào)
嗡嗡聲	(wēng wēng shēng)
嗡嗡祖拉	(wēng wēng zǔ lā)
奣	(wěng)
塕	(wěng)
塕埲	(wěng běng)
嵡	(wěng)
暡	(wěng)
暡曚	(wěng méng)
倭	(wō)
倭瓜	(wō guā)
倭黑猩猩	(wō hēi xīng xing)
倭軍	(wō jūn)
倭寇	(wō kòu)
倭馬亞王朝	(wō mǎ yà wáng cháo)
倭人	(wō rén)
堝	(guō)
捼	(ruó)
喔	(wō)
撾	(zhuā)
我	(wǒ)
我操	(wǒ cào)
我曹	(wǒ cáo)
我肏	(wǒ cào)
我的世界	(wǒ de shì jiè)
我方	(wǒ fāng)
我國	(wǒ guó)
我靠	(wǒ kào)
我勒個去	(wǒ lè ge qù)
我們	(wǒ men)
我去	(wǒ qù)
我司	(wǒ sī)
我行我素	(wǒ xíng wǒ sù)
我也是醉了	(wǒ yě shì zuì le)
我這兒	(wǒ zhe r)
我這個人	(wǒ zhè ge rén)
我醉欲眠	(wǒ zuì yù mián)
婐	(wǒ)
偓	(wò)
握	(wò)
握別	(wò bié)
握持	(wò chí)
握力	(wò lì)
握拳	(wò quán)
握手	(wò shǒu)
握有	(wò yǒu)
握爪	(wò zhuǎ)
握住	(wò zhù)
幄	(wò)
斡	(wò)
斡旋	(wò xuán)
圬	(wū)
杇	(wū)
巫	(wū)
巫毒	(wū dú)
巫毒教	(wū dú jiào)
巫蠱	(wū gǔ)
巫婆	(wū pó)
巫山	(wū shān)
巫山縣	(wū shān xiàn)
巫師	(wū shī)
巫術	(wū shù)
巫統	(wū tǒng)
巫溪縣	(wū xī xiàn)
巫覡	(wū xí)
巫峽	(wū xiá)
巫醫	(wū yī)
巫裔	(wū yì)
屋	(wū)
屋頂	(wū dǐng)
屋脊	(wū jǐ)
屋架	(wū jià)
屋漏更遭連夜雨	(wū lòu gèng zāo lián yè yǔ)
屋漏偏逢連夜雨	(wū lòu piān féng lián yè yǔ)
屋面	(wū miàn)
屋面瓦	(wū miàn wǎ)
屋企	(wū qǐ)
屋外	(wū wài)
屋簷	(wū yán)
屋宇	(wū yǔ)
屋子	(wū zi)
嗚	(wū)
嗚呼	(wū hū)
嗚呼哀哉	(wū hū āi zāi)
嗚嗚	(wū wū)
嗚嗚祖拉	(wū wū zǔ lā)
嗚咽	(wū yè)
毋	(wú)
毋寧	(wú nìng)
毋忘	(wú wàng)
毋庸	(wú yōng)
吾	(wú)
吾生也有涯，而知也無涯	(wú shēng yě yǒu yá , ér zhī yě wú yá)
吳	(wú)
吳堡縣	(wú bǔ xiàn)
吳承恩	(wú chéng ēn)
吳楚	(wú chǔ)
吳川市	(wú chuān shì)
吳哥城	(wú gē chéng)
吳哥窟	(wú gē kū)
吳官正	(wú guān zhèng)
吳廣	(wú guǎng)
吳郭魚	(wú guō yú)
吳國	(wú guó)
吳晗	(wú hán)
吳嘉經	(wú jiā jīng)
吳江區	(wú jiāng qū)
吳敬梓	(wú jìng zǐ)
吳孟超	(wú mèng chāo)
吳牛見月	(wú niú jiàn yuè)
吳儂軟語	(wú nóng ruǎn yǔ)
吳旗	(wú qí)
吳旗縣	(wú qí xiàn)
吳起	(wú qǐ)
吳起縣	(wú qǐ xiàn)
吳橋縣	(wú qiáo xiàn)
吳清源	(wú qīng yuán)
吳仁寶	(wú rén bǎo)
吳任臣	(wú rèn chén)
吳三桂	(wú sān guì)
吳市吹簫	(wú shì chuī xiāo)
吳淞	(wú sōng)
吳天明	(wú tiān míng)
吳頭楚尾	(wú tóu chǔ wěi)
吳王闔廬	(wú wáng hé lú)
吳王闔閭	(wú wáng hé lǘ)
吳下阿蒙	(wú xià ā méng)
吳縣	(wú xiàn)
吳興區	(wú xīng qū)
吳儀	(wú yí)
吳永剛	(wú yǒng gāng)
吳用	(wú yòng)
吳語	(wú yǔ)
吳玉章	(wú yù zhāng)
吳越	(wú yuè)
吳越同舟	(wú yuè tóng zhōu)
吳鎮宇	(wú zhèn yǔ)
吳中區	(wú zhōng qū)
吳忠市	(wú zhōng shì)
吳子	(wú zǐ)
吳自牧	(wú zì mù)
吳尊	(wú zūn)
唔	(wú)
梧	(wú)
梧桐	(wú tóng)
梧桐科	(wú tóng kē)
梧州市	(wú zhōu shì)
橆	(wú)
㐅	(wǔ)
五	(wǔ)
五霸	(wǔ bà)
五百年前是一家	(wǔ bǎi nián qián shì yī jiā)
五倍子樹	(wǔ bèi zi shù)
五筆編碼	(wǔ bǐ biān mǎ)
五筆字形	(wǔ bǐ zì xíng)
五邊形	(wǔ biān xíng)
五步蛇	(wǔ bù shé)
五彩	(wǔ cǎi)
五彩繽紛	(wǔ cǎi bīn fēn)
五彩紙屑	(wǔ cǎi zhǐ xiè)
五常	(wǔ cháng)
五常市	(wǔ cháng shì)
五打一	(wǔ dǎ yī)
五大湖	(wǔ dà hú)
五大連池市	(wǔ dà lián chí shì)
五大名山	(wǔ dà míng shān)
五大三粗	(wǔ dà sān cū)
五大洲	(wǔ dà zhōu)
五代	(wǔ dài)
五代十國	(wǔ dài shí guó)
五道口	(wǔ dào kǒu)
五等爵位	(wǔ děng jué wèi)
五帝	(wǔ dì)
五斗櫃	(wǔ dǒu guì)
五斗米道	(wǔ dǒu mǐ dào)
五度	(wǔ dù)
五短身材	(wǔ duǎn shēn cái)
五方	(wǔ fāng)
五分美金	(wǔ fēn měi jīn)
五分熟	(wǔ fēn shú)
五分之一	(wǔ fēn zhī yī)
五峰土家族自治縣	(wǔ fēng tǔ jiā zú zì zhì xiàn)
五峰鄉	(wǔ fēng xiāng)
五福臨門	(wǔ fú lín mén)
五股	(wǔ gǔ)
五股鄉	(wǔ gǔ xiāng)
五穀	(wǔ gǔ)
五穀豐登	(wǔ gǔ fēng dēng)
五官	(wǔ guān)
五官端正	(wǔ guān duān zhèng)
五光十色	(wǔ guāng shí sè)
五鬼	(wǔ guǐ)
五鬼鬧判	(wǔ guǐ nào pàn)
五號	(wǔ hào)
五號電池	(wǔ hào diàn chí)
五河縣	(wǔ hé xiàn)
五胡十六國	(wǔ hú shí liù guó)
五湖四海	(wǔ hú sì hǎi)
五虎將	(wǔ hǔ jiàng)
五花八門	(wǔ huā bā mén)
五花大綁	(wǔ huā dà bǎng)
五花肉	(wǔ huā ròu)
五華區	(wǔ huá qū)
五華縣	(wǔ huá xiàn)
五環	(wǔ huán)
五環會徽	(wǔ huán huì huī)
五葷	(wǔ hūn)
五級士官	(wǔ jí shì guān)
五加	(wǔ jiā)
五家渠	(wǔ jiā qú)
五家渠市	(wǔ jiā qú shì)
五講四美三熱愛	(wǔ jiǎng sì měi sān rè ài)
五角	(wǔ jiǎo)
五角場	(wǔ jiǎo chǎng)
五角大樓	(wǔ jiǎo dà lóu)
五角大廈	(wǔ jiǎo dà shà)
五角星	(wǔ jiǎo xīng)
五角形	(wǔ jiǎo xíng)
五結	(wǔ jié)
五結鄉	(wǔ jié xiāng)
五金	(wǔ jīn)
五金店	(wǔ jīn diàn)
五金店鋪	(wǔ jīn diàn pù)
五經	(wǔ jīng)
五勞七傷	(wǔ láo qī shāng)
五癆七傷	(wǔ láo qī shāng)
五稜鏡	(wǔ léng jìng)
五蓮縣	(wǔ lián xiàn)
五涼	(wǔ liáng)
五糧液	(wǔ liáng yè)
五苓散	(wǔ líng sǎn)
五嶺	(wǔ lǐng)
五倫	(wǔ lún)
五馬分屍	(wǔ mǎ fēn shī)
五芒星	(wǔ máng xīng)
五毛	(wǔ máo)
五毛黨	(wǔ máo dǎng)
五毛特效	(wǔ máo tè xiào)
五權憲法	(wǔ quán xiàn fǎ)
五人墓碑記	(wǔ rén mù bēi jì)
五卅	(wǔ sà)
五色	(wǔ sè)
五色繽紛	(wǔ sè bīn fēn)
五聲音階	(wǔ shēng yīn jiē)
五十	(wǔ shí)
五十步笑百步	(wǔ shí bù xiào bǎi bù)
五十肩	(wǔ shí jiān)
五十鈴	(wǔ shí líng)
五世	(wǔ shì)
五四愛國運動	(wǔ sì ài guó yùn dòng)
五四運動	(wǔ sì yùn dòng)
五臺山	(wǔ tái shān)
五臺市	(wǔ tái shì)
五臺縣	(wǔ tái xiàn)
五體投地	(wǔ tǐ tóu dì)
五通	(wǔ tōng)
五通橋區	(wǔ tōng qiáo qū)
五味	(wǔ wèi)
五味俱全	(wǔ wèi jù quán)
五味雜陳	(wǔ wèi zá chén)
五味子	(wǔ wèi zǐ)
五瘟	(wǔ wēn)
五瘟神	(wǔ wēn shén)
五五	(wǔ wǔ)
五險一金	(wǔ xiǎn yī jīn)
五線譜	(wǔ xiàn pǔ)
五香	(wǔ xiāng)
五香粉	(wǔ xiāng fěn)
五項全能	(wǔ xiàng quán néng)
五辛素	(wǔ xīn sù)
五星	(wǔ xīng)
五星紅旗	(wǔ xīng hóng qí)
五星級	(wǔ xīng jí)
五刑	(wǔ xíng)
五行	(wǔ xíng)
五行八作	(wǔ háng bā zuō)
五形	(wǔ xíng)
五旬節	(wǔ xún jié)
五言絕句	(wǔ yán jué jù)
五顏六色	(wǔ yán liù sè)
五氧化二釩	(wǔ yǎng huà èr fán)
五葉松	(wǔ yè sōng)
五音	(wǔ yīn)
五音不全	(wǔ yīn bù quán)
五音度	(wǔ yīn dù)
五原縣	(wǔ yuán xiàn)
五院	(wǔ yuàn)
五月	(wǔ yuè)
五月份	(wǔ yuè fèn)
五月節	(wǔ yuè jié)
五嶽	(wǔ yuè)
五蘊	(wǔ yùn)
五臟	(wǔ zàng)
五臟六腑	(wǔ zàng liù fǔ)
五寨縣	(wǔ zhài xiàn)
五針松	(wǔ zhēn sōng)
五指	(wǔ zhǐ)
五指山	(wǔ zhǐ shān)
五指山市	(wǔ zhǐ shān shì)
五洲	(wǔ zhōu)
五濁	(wǔ zhuó)
五子棋	(wǔ zǐ qí)
五祖拳	(wǔ zǔ quán)
午安	(wǔ ān)
午餐	(wǔ cān)
午餐會	(wǔ cān huì)
午餐肉	(wǔ cān ròu)
午飯	(wǔ fàn)
午後	(wǔ hòu)
午覺	(wǔ jiào)
午前	(wǔ qián)
午睡	(wǔ shuì)
午休	(wǔ xiū)
午宴	(wǔ yàn)
午夜	(wǔ yè)
伍	(wǔ)
伍德豪斯	(wǔ dé háo sī)
伍家崗區	(wǔ jiā gǎng qū)
伍奢	(wǔ shē)
伍斯特醬	(wǔ sī tè jiàng)
伍廷芳	(wǔ tíng fāng)
伍子胥	(wǔ zǐ xū)
仵	(wǔ)
仵工	(wǔ gōng)
仵作	(wǔ zuò)
忤	(wǔ)
忤逆	(wǔ nì)
武	(wǔ)
武安市	(wǔ ān shì)
武昌區	(wǔ chāng qū)
武城縣	(wǔ chéng xiàn)
武川縣	(wǔ chuān xiàn)
武打	(wǔ dǎ)
武打片	(wǔ dǎ piàn)
武旦	(wǔ dàn)
武當山	(wǔ dāng shān)
武德	(wǔ dé)
武丁	(wǔ dīng)
武定	(wǔ dìng)
武定縣	(wǔ dìng xiàn)
武都區	(wǔ dū qū)
武都市	(wǔ dū shì)
武斷	(wǔ duàn)
武岡市	(wǔ gāng shì)
武功	(wǔ gōng)
武功山	(wǔ gōng shān)
武功縣	(wǔ gōng xiàn)
武官	(wǔ guān)
武館	(wǔ guǎn)
武漢大學	(wǔ hàn dà xué)
武漢鋼鐵公司	(wǔ hàn gāng tiě gōng sī)
武漢市	(wǔ hàn shì)
武侯祠	(wǔ hóu cí)
武侯區	(wǔ hóu qū)
武江區	(wǔ jiāng qū)
武將	(wǔ jiàng)
武進區	(wǔ jìn qū)
武經七書	(wǔ jīng qī shū)
武警	(wǔ jǐng)
武警部隊	(wǔ jǐng bù duì)
武警戰士	(wǔ jǐng zhàn shì)
武舉	(wǔ jǔ)
武庫	(wǔ kù)
武力	(wǔ lì)
武林	(wǔ lín)
武陵區	(wǔ líng qū)
武陵源	(wǔ líng yuán)
武隆區	(wǔ lóng qū)
武略	(wǔ lüè)
武鳴區	(wǔ míng qū)
武寧縣	(wǔ níng xiàn)
武平縣	(wǔ píng xiàn)
武器	(wǔ qì)
武器級	(wǔ qì jí)
武器禁運	(wǔ qì jìn yùn)
武器系統	(wǔ qì xì tǒng)
武強縣	(wǔ qiáng xiàn)
武清	(wǔ qīng)
武清區	(wǔ qīng qū)
武山雞	(wǔ shān jī)
武山縣	(wǔ shān xiàn)
武生	(wǔ shēng)
武勝縣	(wǔ shèng xiàn)
武聖	(wǔ shèng)
武士	(wǔ shì)
武士刀	(wǔ shì dāo)
武士道	(wǔ shì dào)
武士彠	(wǔ shì huò)
武術	(wǔ shù)
武水	(wǔ shuǐ)
武松	(wǔ sōng)
武壇	(wǔ tán)
武田	(wǔ tián)
武統	(wǔ tǒng)
武王伐紂	(wǔ wáng fá zhòu)
武威市	(wǔ wēi shì)
武溪	(wǔ xī)
武俠	(wǔ xiá)
武俠小說	(wǔ xiá xiǎo shuō)
武仙座	(wǔ xiān zuò)
武鄉縣	(wǔ xiāng xiàn)
武宣縣	(wǔ xuān xiàn)
武穴市	(wǔ xué shì)
武夷山	(wǔ yí shān)
武夷山市	(wǔ yí shān shì)
武邑縣	(wǔ yì xiàn)
武義縣	(wǔ yì xiàn)
武藝	(wǔ yì)
武藝高強	(wǔ yì gāo qiáng)
武勇	(wǔ yǒng)
武職	(wǔ zhí)
武陟縣	(wǔ zhì xiàn)
武裝	(wǔ zhuāng)
武裝部隊	(wǔ zhuāng bù duì)
武裝衝突	(wǔ zhuāng chōng tū)
武裝分子	(wǔ zhuāng fèn zǐ)
武裝力量	(wǔ zhuāng lì liàng)
俉	(wú)
侮	(wǔ)
侮罵	(wǔ mà)
侮慢	(wǔ màn)
侮蔑	(wǔ miè)
侮弄	(wǔ nòng)
侮辱	(wǔ rǔ)
捂	(wǔ)
捂臉	(wǔ liǎn)
捂住	(wǔ zhù)
啎	(wǔ)
摀	(wǔ)
廡	(wǔ)
憮	(wǔ)
嫵	(wǔ)
嫵媚	(wǔ mèi)
兀	(wù)
兀凳	(wù dèng)
兀鷲	(wù jiù)
兀立	(wù lì)
兀臬	(wù niè)
兀臲	(wù niè)
兀鷹	(wù yīng)
兀自	(wù zì)
勿	(wù)
勿cue	(wù cue)
勿忘我	(wù wàng wǒ)
勿謂言之不預	(wù wèi yán zhī bù yù)
戊	(wù)
戊巴比妥鈉	(wù bā bǐ tuǒ nà)
戊醇	(wù chún)
戊五醇	(wù wǔ chún)
戊型肝炎	(wù xíng gān yán)
戊戌變法	(wù xū biàn fǎ)
戊戌維新	(wù xū wéi xīn)
戊唑醇	(wù zuò chún)
扤	(wù)
屼	(wù)
杌	(wù)
杌凳	(wù dèng)
杌隉	(wù niè)
悟	(wù)
悟道	(wù dào)
悟空	(wù kōng)
悟能	(wù néng)
悟入	(wù rù)
悟性	(wù xìng)
悞	(wù)
務	(wù)
務必	(wù bì)
務川仡佬族苗族自治縣	(wù chuān gē lǎo zú miáo zú zì zhì xiàn)
務工	(wù gōng)
務農	(wù nóng)
務期	(wù qī)
務請	(wù qǐng)
務實	(wù shí)
務虛	(wù xū)
晤	(wù)
晤面	(wù miàn)
晤談	(wù tán)
婺	(wù)
婺城區	(wù chéng qū)
婺源縣	(wù yuán xiàn)
塢	(wù)
塢堡	(wù bǎo)
塢壁	(wù bì)
塢站	(wù zhàn)
寤	(wù)
寤寐	(wù mèi)
寤寐求之	(wù mèi qiú zhī)
夕	(xī)
夕發朝至	(xī fā zhāo zhì)
夕陽	(xī yáng)
夕陽產業	(xī yáng chǎn yè)
夕陽西下	(xī yáng xī xià)
夕照	(xī zhào)
吸	(xī)
吸把	(xī bǎ)
吸塵機	(xī chén jī)
吸塵器	(xī chén qì)
吸蟲	(xī chóng)
吸蟲綱	(xī chóng gāng)
吸地	(xī dì)
吸頂燈	(xī dǐng dēng)
吸毒	(xī dú)
吸毒成癮	(xī dú chéng yǐn)
吸粉	(xī fěn)
吸附	(xī fù)
吸附劑	(xī fù jì)
吸附性	(xī fù xìng)
吸管	(xī guǎn)
吸積	(xī jī)
吸金	(xī jīn)
吸進	(xī jìn)
吸盡	(xī jìn)
吸睛	(xī jīng)
吸口	(xī kǒu)
吸力	(xī lì)
吸留	(xī liú)
吸貓	(xī māo)
吸門	(xī mén)
吸蜜鳥	(xī mì niǎo)
吸納	(xī nà)
吸奶	(xī nǎi)
吸奶器	(xī nǎi qì)
吸盤	(xī pán)
吸盤魚	(xī pán yú)
吸氣	(xī qì)
吸氣器	(xī qì qì)
吸取	(xī qǔ)
吸取教訓	(xī qǔ jiào xun)
吸熱	(xī rè)
吸入	(xī rù)
吸入閥	(xī rù fá)
吸入劑	(xī rù jì)
吸入器	(xī rù qì)
吸聲	(xī shēng)
吸濕	(xī shī)
吸濕性	(xī shī xìng)
吸食	(xī shí)
吸收	(xī shōu)
吸收劑量	(xī shōu jì liàng)
吸水	(xī shuǐ)
吸吮	(xī shǔn)
吸碳	(xī tàn)
吸鐵石	(xī tiě shí)
吸血	(xī xuè)
吸血鬼	(xī xuè guǐ)
吸血烏賊	(xī xuè wū zéi)
吸煙	(xī yān)
吸煙區	(xī yān qū)
吸煙室	(xī yān shì)
吸氧	(xī yǎng)
吸音	(xī yīn)
吸引	(xī yǐn)
吸引力	(xī yǐn lì)
吸引眼球	(xī yǐn yǎn qiú)
吸引子	(xī yǐn zi)
吸引子網絡	(xī yǐn zǐ wǎng luò)
吸住	(xī zhù)
吸著	(xī zhuó)
希	(xī)
希波克拉底	(xī bō kè lā dǐ)
希伯來	(xī bó lái)
希伯來大學	(xī bó lái dà xué)
希伯來人	(xī bó lái rén)
希伯來書	(xī bó lái shū)
希伯來文	(xī bó lái wén)
希伯來語	(xī bó lái yǔ)
希伯萊	(xī bó lái)
希爾	(xī ěr)
希爾伯特	(xī ěr bó tè)
希爾頓	(xī ěr dùn)
希爾弗瑟姆	(xī ěr fú sè mǔ)
希爾內科斯	(xī ěr nèi kē sī)
希格斯	(xī gé sī)
希格斯玻色子	(xī gé sī bō sè zǐ)
希格斯機制	(xī gé sī jī zhì)
希格斯粒子	(xī gé sī lì zǐ)
希罕	(xī han)
希洪	(xī hóng)
希冀	(xī jì)
希拉里	(xī lā lǐ)
希拉里·克林頓	(xī lā lǐ · kè lín dùn)
希拉蕊	(xī lā ruǐ)
希臘	(xī là)
希臘文	(xī là wén)
希臘語	(xī là yǔ)
希臘字母	(xī là zì mǔ)
希羅底	(xī luó dǐ)
希律王	(xī lǜ wáng)
希奇	(xī qí)
希奇古怪	(xī qí gǔ guài)
希仁	(xī rén)
希神	(xī shén)
希舒美	(xī shū měi)
希斯	(xī sī)
希斯·萊傑	(xī sī lái jié)
希斯崙	(xī sī lún)
希特勒	(xī tè lè)
希望	(xī wàng)
希望落空	(xī wàng luò kōng)
希沃特	(xī wò tè)
希西家	(xī xī jiā)
希夏邦馬峰	(xī xià bāng mǎ fēng)
昔	(xī)
昔年	(xī nián)
昔日	(xī rì)
昔陽縣	(xī yáng xiàn)
析	(xī)
析出	(xī chū)
析毫剖釐	(xī háo pōu lí)
析疑	(xī yí)
怸	(xī)
恓	(xī)
恓惶	(xī huáng)
㢴	(xī)
唏	(xī)
唏哩嘩啦	(xī li huā lā)
唏里嘩啦	(xī li huā lā)
唏噓	(xī xū)
息	(xī)
息烽縣	(xī fēng xiàn)
息肩	(xī jiān)
息率	(xī lǜ)
息怒	(xī nù)
息票	(xī piào)
息屏	(xī píng)
息屏顯示	(xī píng xiǎn shì)
息肉	(xī ròu)
息事寧人	(xī shì níng rén)
息息相關	(xī xī xiāng guān)
息縣	(xī xiàn)
息影	(xī yǐng)
息爭	(xī zhēng)
奚	(xī)
奚落	(xī luò)
奚嘯伯	(xī xiào bó)
悕	(xī)
屖	(xī)
娭	(āi)
娭姐	(āi jiě)
晞	(xī)
欷	(xī)
欷吁	(xī xū)
欷歔	(xī xū)
悉	(xī)
悉達多	(xī dá duō)
悉德尼	(xī dé ní)
悉尼	(xī ní)
悉數	(xī shù)
悉聽尊便	(xī tīng zūn biàn)
悉悉索索	(xī xī suǒ suǒ)
悉心	(xī xīn)
惜	(xī)
惜別	(xī bié)
惜才	(xī cái)
惜寸陰	(xī cùn yīn)
惜福	(xī fú)
惜命	(xī mìng)
惜售	(xī shòu)
晳	(xī)
晰	(xī)
傒	(xī)
㫺	(xī)
厀	(xī)
徯	(xī)
徯徑	(xī jìng)
僖	(xī)
嘻	(xī)
嘻哈	(xī hā)
嘻皮	(xī pí)
嘻嘻	(xī xī)
噏	(xī)
噏動	(xī dòng)
嶲	(xī)
嬉	(xī)
嬉皮	(xī pí)
嬉皮士	(xī pí shì)
嬉皮笑臉	(xī pí xiào liǎn)
嬉耍	(xī shuǎ)
嬉戲	(xī xì)
嬉笑	(xī xiào)
嬉笑怒罵	(xī xiào nù mà)
嬉遊	(xī yóu)
樨	(xī)
䤈	(xī)
凞	(xī)
曦	(xī)
巇	(xī)
席	(xí)
席德尼	(xí dé ní)
席地	(xí dì)
席地而睡	(xí dì ér shuì)
席地而坐	(xí dì ér zuò)
席凡寧根	(xí fán níng gēn)
席捲	(xí juǎn)
席勒	(xí lè)
席夢思	(xí mèng sī)
席位	(xí wèi)
喺	(xǐ)
媳	(xí)
媳婦	(xí fu)
媳婦熬成婆	(xí fù áo chéng pó)
媳婦兒	(xí fù r)
槢	(xí)
檄	(xí)
檄書	(xí shū)
檄文	(xí wén)
枲	(xǐ)
徙	(xǐ)
喜	(xǐ)
喜愛	(xǐ ài)
喜報	(xǐ bào)
喜餅	(xǐ bǐng)
喜不自禁	(xǐ bù zì jīn)
喜不自勝	(xǐ bù zì shèng)
喜車	(xǐ chē)
喜衝衝	(xǐ chōng chōng)
喜出望外	(xǐ chū wàng wài)
喜從天降	(xǐ cóng tiān jiàng)
喜大普奔	(xǐ dà pǔ bēn)
喜蛋	(xǐ dàn)
喜當爹	(xǐ dāng diē)
喜德縣	(xǐ dé xiàn)
喜惡	(xǐ è)
喜感	(xǐ gǎn)
喜歌劇院	(xǐ gē jù yuàn)
喜憨兒	(xǐ hān ér)
喜好	(xǐ hào)
喜歡	(xǐ huan)
喜極而泣	(xǐ jí ér qì)
喜結連理	(xǐ jié lián lǐ)
喜結良緣	(xǐ jié liáng yuán)
喜酒	(xǐ jiǔ)
喜劇	(xǐ jù)
喜來登	(xǐ lái dēng)
喜力	(xǐ lì)
喜馬拉雅	(xǐ mǎ lā yǎ)
喜馬拉雅山	(xǐ mǎ lā yǎ shān)
喜馬拉雅山脈	(xǐ mǎ lā yǎ shān mài)
喜馬拉雅中杜鵑	(xǐ mǎ lā yǎ zhōng dù juān)
喜娘	(xǐ niáng)
喜怒哀樂	(xǐ nù āi lè)
喜怒無常	(xǐ nù wú cháng)
喜帕	(xǐ pà)
喜氣	(xǐ qì)
喜氣洋洋	(xǐ qì yáng yáng)
喜錢	(xǐ qian)
喜慶	(xǐ qìng)
喜鵲	(xǐ què)
喜群飛	(xǐ qún fēi)
喜群游	(xǐ qún yóu)
喜人	(xǐ rén)
喜喪	(xǐ sāng)
喜色	(xǐ sè)
喜山白眉朱雀	(xǐ shān bái méi zhū què)
喜山點翅朱雀	(xǐ shān diǎn chì zhū què)
喜山紅眉朱雀	(xǐ shān hóng méi zhū què)
喜山鵟	(xǐ shān kuáng)
喜事	(xǐ shì)
喜糖	(xǐ táng)
喜提	(xǐ tí)
喜帖	(xǐ tiě)
喜聞樂見	(xǐ wén lè jiàn)
喜喜歡歡	(xǐ xǐ huān huān)
喜笑	(xǐ xiào)
喜笑顏開	(xǐ xiào yán kāi)
喜新厭舊	(xǐ xīn yàn jiù)
喜形於色	(xǐ xíng yú sè)
喜興	(xǐ xìng)
喜訊	(xǐ xùn)
喜筵	(xǐ yán)
喜宴	(xǐ yàn)
喜洋洋	(xǐ yáng yáng)
喜陽	(xǐ yáng)
喜吟吟	(xǐ yín yín)
喜盈盈	(xǐ yíng yíng)
喜憂參半	(xǐ yōu cān bàn)
喜雨	(xǐ yǔ)
喜悅	(xǐ yuè)
喜樂	(xǐ lè)
喜躍	(xǐ yuè)
喜躍抃舞	(xǐ yuè biàn wǔ)
喜則氣緩	(xǐ zé qì huǎn)
喜幛	(xǐ zhàng)
喜孜孜	(xǐ zī zī)
喜滋滋	(xǐ zī zī)
喜子	(xǐ zi)
屣	(xǐ)
憙	(xǐ)
囍	(xǐ)
匸	(xì)
卌	(xì)
呬	(xì)
咥	(dié)
係	(xì)
係數	(xì shù)
㣟	(xì)
戯	(xì)
戱	(xì)
戲	(xì)
戲稱	(xì chēng)
戲詞	(xì cí)
戲法	(xì fǎ)
戲仿	(xì fǎng)
戲份	(xì fèn)
戲精	(xì jīng)
戲劇	(xì jù)
戲劇化	(xì jù huà)
戲劇化人格違常	(xì jù huà rén gé wéi cháng)
戲劇家	(xì jù jiā)
戲劇性	(xì jù xìng)
戲碼	(xì mǎ)
戲弄	(xì nòng)
戲偶	(xì ǒu)
戲票	(xì piào)
戲曲	(xì qǔ)
戲耍	(xì shuǎ)
戲說	(xì shuō)
戲說劇	(xì shuō jù)
戲臺	(xì tái)
戲侮	(xì wǔ)
戲謔	(xì xuè)
戲言	(xì yán)
戲眼	(xì yǎn)
戲院	(xì yuàn)
戲子	(xì zi)
匣	(xiá)
匣槍	(xiá qiāng)
匣子	(xiá zi)
柙	(xiá)
俠	(xiá)
俠盜飛車	(xiá dào fēi chē)
俠盜獵車手	(xiá dào liè chē shǒu)
俠客	(xiá kè)
俠氣	(xiá qì)
俠士	(xiá shì)
俠義	(xiá yì)
峽	(xiá)
峽谷	(xiá gǔ)
峽江縣	(xiá jiāng xiàn)
峽灣	(xiá wān)
暇	(xiá)
丅	(xià)
下	(xià)
下巴	(xià ba)
下巴頦	(xià ba kē)
下擺	(xià bǎi)
下拜	(xià bài)
下班	(xià bān)
下半	(xià bàn)
下半場	(xià bàn chǎng)
下半年	(xià bàn nián)
下半身	(xià bàn shēn)
下半時	(xià bàn shí)
下半天	(xià bàn tiān)
下半夜	(xià bàn yè)
下輩	(xià bèi)
下輩子	(xià bèi zi)
下鼻甲	(xià bí jiǎ)
下筆	(xià bǐ)
下邊	(xià bian)
下邊兒	(xià bian r)
下標	(xià biāo)
下不來	(xià bù lái)
下不來臺	(xià bù lái tái)
下不了臺	(xià bu liǎo tái)
下不為例	(xià bù wéi lì)
下層	(xià céng)
下場	(xià chǎng)
下場門	(xià chǎng mén)
下車	(xià chē)
下沉	(xià chén)
下沉市場	(xià chén shì chǎng)
下齒	(xià chǐ)
下廚	(xià chú)
下垂	(xià chuí)
下唇	(xià chún)
下次	(xià cì)
下次見	(xià cì jiàn)
下挫	(xià cuò)
下達	(xià dá)
下單	(xià dān)
下蛋	(xià dàn)
下檔	(xià dàng)
下地	(xià dì)
下調	(xià diào)
下跌	(xià diē)
下定決心	(xià dìng jué xīn)
下定義	(xià dìng yì)
下訂單	(xià dìng dān)
下毒	(xià dú)
下毒手	(xià dú shǒu)
下肚	(xià dù)
下顎	(xià è)
下發	(xià fā)
下凡	(xià fán)
下飯	(xià fàn)
下方	(xià fāng)
下放	(xià fàng)
下飛機	(xià fēi jī)
下風	(xià fēng)
下浮	(xià fú)
下腹部	(xià fù bù)
下崗	(xià gǎng)
下港	(xià gǎng)
下個	(xià ge)
下個星期	(xià gè xīng qī)
下個月	(xià gè yuè)
下工	(xià gōng)
下工夫	(xià gōng fu)
下功夫	(xià gōng fu)
下關	(xià guān)
下館子	(xià guǎn zi)
下跪	(xià guì)
下鍋	(xià guō)
下海	(xià hǎi)
下寒武	(xià hán wǔ)
下寒武統	(xià hán wǔ tǒng)
下頷	(xià hàn)
下頷骨	(xià hàn gǔ)
下頜	(xià hé)
下頜骨	(xià hé gǔ)
下頜下腺	(xià hé xià xiàn)
下狠心	(xià hěn xīn)
下花園區	(xià huā yuán qū)
下滑	(xià huá)
下畫線	(xià huà xiàn)
下劃線	(xià huà xiàn)
下浣	(xià huàn)
下回	(xià huí)
下級	(xià jí)
下家	(xià jiā)
下架	(xià jià)
下嫁	(xià jià)
下賤	(xià jiàn)
下箭頭	(xià jiàn tóu)
下箭頭鍵	(xià jiàn tóu jiàn)
下降	(xià jiàng)
下焦	(xià jiāo)
下腳	(xià jiǎo)
下腳料	(xià jiǎo liào)
下屆	(xià jiè)
下界	(xià jiè)
下九流	(xià jiǔ liú)
下酒	(xià jiǔ)
下酒菜	(xià jiǔ cài)
下決心	(xià jué xīn)
下檻	(xià kǎn)
下頦	(xià kē)
下課	(xià kè)
下夸克	(xià kuā kè)
下款	(xià kuǎn)
下來	(xià lai)
下里巴人	(xià lǐ bā rén)
下列	(xià liè)
下令	(xià lìng)
下流	(xià liú)
下龍灣	(xià lóng wān)
下樓	(xià lóu)
下陸區	(xià lù qū)
下落	(xià luò)
下落不明	(xià luò bù míng)
下馬	(xià mǎ)
下馬威	(xià mǎ wēi)
下毛毛雨	(xià máo mao yǔ)
下錨	(xià máo)
下面	(xià miàn)
下麵	(xià miàn)
下奶	(xià nǎi)
下片	(xià piàn)
下聘	(xià pìn)
下坡	(xià pō)
下坡路	(xià pō lù)
下期	(xià qī)
下棋	(xià qí)
下情	(xià qíng)
下丘腦	(xià qiū nǎo)
下去	(xià qù)
下犬式	(xià quǎn shì)
下確界	(xià què jiè)
下人	(xià rén)
下任	(xià rèn)
下乳	(xià rǔ)
下三濫	(xià sān làn)
下三爛	(xià sān làn)
下山	(xià shān)
下設	(xià shè)
下身	(xià shēn)
下士	(xià shì)
下世	(xià shì)
下視	(xià shì)
下視丘	(xià shì qiū)
下手	(xià shǒu)
下屬	(xià shǔ)
下屬公司	(xià shǔ gōng sī)
下水	(xià shuǐ)
下水道	(xià shuǐ dào)
下水管	(xià shuǐ guǎn)
下水禮	(xià shuǐ lǐ)
下死勁	(xià sǐ jìn)
下榻	(xià tà)
下臺	(xià tái)
下臺階	(xià tái jiē)
下體	(xià tǐ)
下田	(xià tián)
下同	(xià tóng)
下頭	(xià tóu)
下馱	(xià tuó)
下網	(xià wǎng)
下位詞	(xià wèi cí)
下午	(xià wǔ)
下午茶	(xià wǔ chá)
下午好	(xià wǔ hǎo)
下西洋	(xià xī yáng)
下轄	(xià xiá)
下弦	(xià xián)
下弦月	(xià xián yuè)
下限	(xià xiàn)
下陷	(xià xiàn)
下線	(xià xiàn)
下線儀式	(xià xiàn yí shì)
下鄉	(xià xiāng)
下星期	(xià xīng qī)
下行	(xià xíng)
下修	(xià xiū)
下旋	(xià xuán)
下旋削球	(xià xuán xiāo qiú)
下雪	(xià xuě)
下旬	(xià xún)
下眼瞼	(xià yǎn jiǎn)
下咽	(xià yān)
下咽癌	(xià yān ái)
下嚥	(xià yàn)
下腰	(xià yāo)
下藥	(xià yào)
下野	(xià yě)
下頁	(xià yè)
下一步	(xià yī bù)
下一次	(xià yī cì)
下一代	(xià yī dài)
下一個	(xià yī ge)
下一頁	(xià yī yè)
下一站	(xià yī zhàn)
下意識	(xià yì shí)
下議院	(xià yì yuàn)
下陰	(xià yīn)
下游	(xià yóu)
下雨	(xià yǔ)
下獄	(xià yù)
下院	(xià yuàn)
下月	(xià yuè)
下崽	(xià zǎi)
下載	(xià zǎi)
下葬	(xià zàng)
下閘	(xià zhá)
下詔	(xià zhào)
下肢	(xià zhī)
下至上	(xià zhì shàng)
下週	(xià zhōu)
下逐客令	(xià zhú kè lìng)
下注	(xià zhù)
下箸	(xià zhù)
下裝	(xià zhuāng)
下墜	(xià zhuì)
下作	(xià zuo)
夏	(xià)
夏奧會	(xià ào huì)
夏朝	(xià cháo)
夏蟲不可以語冰	(xià chóng bù kě yǐ yǔ bīng)
夏爾巴人	(xià ěr bā rén)
夏河縣	(xià hé xiàn)
夏侯	(xià hóu)
夏黃公	(xià huáng gōng)
夏季	(xià jì)
夏津縣	(xià jīn xiàn)
夏敬渠	(xià jìng qú)
夏克提	(xià kè tí)
夏利	(xià lì)
夏曆	(xià lì)
夏令	(xià lìng)
夏令時	(xià lìng shí)
夏令營	(xià lìng yíng)
夏洛克	(xià luò kè)
夏洛特	(xià luò tè)
夏洛特·勃良特	(xià luò tè · bó liáng tè)
夏洛特阿馬利亞	(xià luò tè ā mǎ lì yà)
夏洛特敦	(xià luò tè dūn)
夏目漱石	(xià mù shù shí)
夏普	(xià pǔ)
夏日	(xià rì)
夏商周	(xià shāng zhōu)
夏時制	(xià shí zhì)
夏士蓮	(xià shì lián)
夏天	(xià tiān)
夏娃	(xià wá)
夏威夷	(xià wēi yí)
夏威夷島	(xià wēi yí dǎo)
夏威夷果	(xià wēi yí guǒ)
夏威夷火山國家公園	(xià wēi yí huǒ shān guó jiā gōng yuán)
夏威夷群島	(xià wēi yí qún dǎo)
夏縣	(xià xiàn)
夏延	(xià yán)
夏衍	(xià yǎn)
夏邑縣	(xià yì xiàn)
夏正民	(xià zhèng mín)
夏至點	(xià zhì diǎn)
夏州	(xià zhōu)
夏裝	(xià zhuāng)
嚇	(xià)
嚇倒	(xià dǎo)
嚇得發抖	(xià dé fā dǒu)
嚇瘋	(xià fēng)
嚇唬	(xià hu)
嚇壞	(xià huài)
嚇昏	(xià hūn)
嚇跑	(xià pǎo)
嚇破膽	(xià pò dǎn)
嚇人	(xià rén)
嚇傻	(xià shǎ)
嚇嚇叫	(xià xià jiào)
嚇一跳	(xià yī tiào)
夓	(xià)
㔾	(jié)
仙	(xiān)
仙八色鶇	(xiān bā sè dōng)
仙貝	(xiān bèi)
仙草	(xiān cǎo)
仙丹	(xiān dān)
仙島	(xiān dǎo)
仙方	(xiān fāng)
仙方兒	(xiān fāng r)
仙宮	(xiān gōng)
仙姑	(xiān gū)
仙股	(xiān gǔ)
仙鶴	(xiān hè)
仙后座	(xiān hòu zuò)
仙界	(xiān jiè)
仙境	(xiān jìng)
仙居縣	(xiān jū xiàn)
仙客來	(xiān kè lái)
仙茅	(xiān máo)
仙女	(xiān nǚ)
仙女棒	(xiān nǚ bàng)
仙女座	(xiān nǚ zuò)
仙氣	(xiān qì)
仙去	(xiān qù)
仙人	(xiān rén)
仙人球	(xiān rén qiú)
仙人跳	(xiān rén tiào)
仙人掌	(xiān rén zhǎng)
仙人掌桿菌	(xiān rén zhǎng gǎn jūn)
仙人掌果	(xiān rén zhǎng guǒ)
仙山	(xiān shān)
仙山瓊閣	(xiān shān qióng gé)
仙逝	(xiān shì)
仙台	(xiān tái)
仙臺	(xiān tái)
仙桃	(xiān táo)
仙桃市	(xiān táo shì)
仙童	(xiān tóng)
仙王座	(xiān wáng zuò)
仙鄉	(xiān xiāng)
仙藥	(xiān yào)
仙遊	(xiān yóu)
仙遊縣	(xiān yóu xiàn)
仙樂	(xiān yuè)
仙姿玉色	(xiān zī yù sè)
仙子	(xiān zǐ)
仚	(xiān)
先	(xiān)
先輩	(xiān bèi)
先妣	(xiān bǐ)
先鞭	(xiān biān)
先兵後禮	(xiān bīng hòu lǐ)
先不先	(xiān bù xiān)
先慈	(xiān cí)
先達	(xiān dá)
先大母	(xiān dà mǔ)
先導	(xiān dǎo)
先到先得	(xiān dào xiān dé)
先帝遺詔	(xiān dì yí zhào)
先睹為快	(xiān dǔ wéi kuài)
先發	(xiān fā)
先發投手	(xiān fā tóu shǒu)
先發制人	(xiān fā zhì rén)
先鋒	(xiān fēng)
先鋒隊	(xiān fēng duì)
先鋒派	(xiān fēng pài)
先父	(xiān fù)
先公	(xiān gōng)
先漢	(xiān hàn)
先河	(xiān hé)
先後	(xiān hòu)
先後順序	(xiān hòu shùn xù)
先皇	(xiān huáng)
先機	(xiān jī)
先見	(xiān jiàn)
先見者	(xiān jiàn zhě)
先見之明	(xiān jiàn zhī míng)
先進	(xiān jìn)
先進個人	(xiān jìn gè rén)
先進集體	(xiān jìn jí tǐ)
先進水平	(xiān jìn shuǐ píng)
先進武器	(xiān jìn wǔ qì)
先進先出	(xiān jìn xiān chū)
先決	(xiān jué)
先決條件	(xiān jué tiáo jiàn)
先決問題	(xiān jué wèn tí)
先覺	(xiān jué)
先君	(xiān jūn)
先來後到	(xiān lái hòu dào)
先禮後兵	(xiān lǐ hòu bīng)
先例	(xiān lì)
先烈	(xiān liè)
先令	(xiān lìng)
先民	(xiān mín)
先母	(xiān mǔ)
先期	(xiān qī)
先期錄音	(xiān qī lù yīn)
先前	(xiān qián)
先遣隊	(xiān qiǎn duì)
先驅	(xiān qū)
先驅者	(xiān qū zhě)
先人	(xiān rén)
先容	(xiān róng)
先入為主	(xiān rù wéi zhǔ)
先生	(xiān sheng)
先聲	(xiān shēng)
先聲奪人	(xiān shēng duó rén)
先師	(xiān shī)
先天	(xiān tiān)
先天不足	(xiān tiān bù zú)
先天不足，後天失調	(xiān tiān bù zú , hòu tiān shī tiáo)
先天下之憂而憂，後天下之樂而樂	(xiān tiān xià zhī yōu ér yōu , hòu tiān xià zhī lè ér lè)
先天性	(xiān tiān xìng)
先天性缺陷	(xiān tiān xìng quē xiàn)
先天與後天	(xiān tiān yǔ hòu tiān)
先頭	(xiān tóu)
先王	(xiān wáng)
先王之道	(xiān wáng zhī dào)
先王之樂	(xiān wáng zhī yuè)
先王之政	(xiān wáng zhī zhèng)
先下手為強	(xiān xià shǒu wéi qiáng)
先賢	(xiān xián)
先行	(xiān xíng)
先行者	(xiān xíng zhě)
先驗	(xiān yàn)
先驗概率	(xiān yàn gài lǜ)
先有	(xiān yǒu)
先有後婚	(xiān yǒu hòu hūn)
先斬後奏	(xiān zhǎn hòu zòu)
先兆	(xiān zhào)
先哲	(xiān zhé)
先知	(xiān zhī)
先知先覺	(xiān zhī xiān jué)
先主	(xiān zhǔ)
先走一步	(xiān zǒu yī bù)
先祖	(xiān zǔ)
佡	(xiān)
忺	(xiān)
杴	(xiān)
姺	(xiǎn)
掀	(xiān)
掀背車	(xiān bèi chē)
掀掉	(xiān diào)
掀動	(xiān dòng)
掀翻	(xiān fān)
掀風鼓浪	(xiān fēng gǔ làng)
掀開	(xiān kāi)
掀起	(xiān qǐ)
掀騰	(xiān téng)
掀天揭地	(xiān tiān jiē dì)
掀湧	(xiān yǒng)
僊	(xiān)
暹	(xiān)
暹粒	(xiān lì)
暹羅	(xiān luó)
暹羅語	(xiān luó yǔ)
暹邏	(xiān luó)
憸	(xiān)
孅	(xiān)
伭	(xián)
㳄	(xián)
弦	(xián)
弦而鼓之	(xián ér gǔ zhī)
弦歌	(xián gē)
弦理論	(xián lǐ lùn)
弦論	(xián lùn)
弦鳴樂器	(xián míng yuè qì)
弦切角	(xián qiē jiǎo)
弦數	(xián shù)
弦外之音	(xián wài zhī yīn)
弦月	(xián yuè)
弦月窗	(xián yuè chuāng)
弦樂	(xián yuè)
弦樂隊	(xián yuè duì)
弦樂器	(xián yuè qì)
咸	(xián)
咸安區	(xián ān qū)
咸豐	(xián fēng)
咸豐草	(xián fēng cǎo)
咸豐縣	(xián fēng xiàn)
咸鏡	(xián jìng)
咸鏡北道	(xián jìng běi dào)
咸鏡道	(xián jìng dào)
咸鏡南道	(xián jìng nán dào)
咸寧市	(xián níng shì)
咸興	(xián xīng)
咸興市	(xián xīng shì)
咸陽橋	(xián yáng qiáo)
咸陽市	(xián yáng shì)
咸與維新	(xián yù wéi xīn)
啣	(xián)
嗛	(qiàn)
嫌	(xián)
嫌猜	(xián cāi)
嫌惡	(xián wù)
嫌犯	(xián fàn)
嫌恨	(xián hèn)
嫌忌	(xián jì)
嫌貧愛富	(xián pín ài fù)
嫌棄	(xián qì)
嫌隙	(xián xì)
嫌厭	(xián yàn)
嫌疑	(xián yí)
嫌疑犯	(xián yí fàn)
嫌疑人	(xián yí rén)
嫌怨	(xián yuàn)
撏	(xián)
憪	(xián)
嫻	(xián)
嫻靜	(xián jìng)
嫻淑	(xián shū)
嫻熟	(xián shú)
嫻雅	(xián yǎ)
嫺	(xián)
㵪	(xián)
䕭	(xián)
冼	(xiǎn)
冼星海	(xiǎn xīng hǎi)
尠	(xiǎn)
尟	(xiǎn)
㬎	(xiǎn)
嶮	(xiǎn)
幰	(xiǎn)
俔	(qiàn)
峴	(xiàn)
峴港	(xiàn gǎng)
峴首山	(xiàn shǒu shān)
晛	(xiàn)
僴	(xiàn)
僩	(xiàn)
撊	(xiàn)
憲	(xiàn)
憲兵	(xiàn bīng)
憲兵隊	(xiàn bīng duì)
憲法	(xiàn fǎ)
憲法法院	(xiàn fǎ fǎ yuàn)
憲章	(xiàn zhāng)
憲章派	(xiàn zhāng pài)
憲政	(xiàn zhèng)
憲政主義	(xiàn zhèng zhǔ yì)
憲制	(xiàn zhì)
㿝	(xiāng)
廂	(xiāng)
廂房	(xiāng fáng)
廂式車	(xiāng shì chē)
廂型車	(xiāng xíng chē)
勷	(ráng)
忀	(xiāng)
欀	(xiāng)
庠	(xiáng)
享	(xiǎng)
享福	(xiǎng fú)
享國	(xiǎng guó)
享名	(xiǎng míng)
享年	(xiǎng nián)
享清福	(xiǎng qīng fú)
享受	(xiǎng shòu)
享用	(xiǎng yòng)
享有	(xiǎng yǒu)
享譽	(xiǎng yù)
享樂	(xiǎng lè)
享樂主義	(xiǎng lè zhǔ yì)
享樂主義者	(xiǎng lè zhǔ yì zhě)
亯	(xiǎng)
晑	(xiǎng)
想	(xiǎng)
想必	(xiǎng bì)
想不到	(xiǎng bu dào)
想不開	(xiǎng bu kāi)
想不通	(xiǎng bu tōng)
想出	(xiǎng chū)
想當然	(xiǎng dāng rán)
想當然耳	(xiǎng dāng rán ěr)
想當然爾	(xiǎng dāng rán ěr)
想到	(xiǎng dào)
想得開	(xiǎng de kāi)
想得美	(xiǎng de měi)
想法	(xiǎng fǎ)
想方設法	(xiǎng fāng shè fǎ)
想家	(xiǎng jiā)
想見	(xiǎng jiàn)
想開	(xiǎng kāi)
想來	(xiǎng lái)
想念	(xiǎng niàn)
想起	(xiǎng qǐ)
想起來	(xiǎng qi lai)
想入非非	(xiǎng rù fēi fēi)
想睡	(xiǎng shuì)
想通	(xiǎng tōng)
想頭	(xiǎng tou)
想望	(xiǎng wàng)
想想看	(xiǎng xiǎng kàn)
想象	(xiǎng xiàng)
想象力	(xiǎng xiàng lì)
想像	(xiǎng xiàng)
想像力	(xiǎng xiàng lì)
想要	(xiǎng yào)
想也沒想	(xiǎng yě méi xiǎng)
向	(xiàng)
向背	(xiàng bèi)
向壁虛構	(xiàng bì xū gòu)
向壁虛造	(xiàng bì xū zào)
向好	(xiàng hǎo)
向後	(xiàng hòu)
向火	(xiàng huǒ)
向家壩	(xiàng jiā bà)
向來	(xiàng lái)
向例	(xiàng lì)
向量	(xiàng liàng)
向量積	(xiàng liàng jī)
向量空間	(xiàng liàng kōng jiān)
向量圖形	(xiàng liàng tú xíng)
向慕	(xiàng mù)
向暮	(xiàng mù)
向盤	(xiàng pán)
向前	(xiàng qián)
向日葵	(xiàng rì kuí)
向上	(xiàng shàng)
向外	(xiàng wài)
向下	(xiàng xià)
向斜	(xiàng xié)
向心力	(xiàng xīn lì)
向性	(xiàng xìng)
向陽	(xiàng yáng)
向陽花	(xiàng yáng huā)
向陽區	(xiàng yáng qū)
向右拐	(xiàng yòu guǎi)
向隅	(xiàng yú)
向隅而泣	(xiàng yú ér qì)
向著	(xiàng zhe)
向左拐	(xiàng zuǒ guǎi)
巷	(xiàng)
巷弄	(xiàng lòng)
巷戰	(xiàng zhàn)
巷子	(xiàng zi)
像	(xiàng)
像差	(xiàng chā)
像話	(xiàng huà)
像貌	(xiàng mào)
像模像樣	(xiàng mú xiàng yàng)
像那麽回事兒	(xiàng nà me huí shì r)
像片	(xiàng piàn)
像素	(xiàng sù)
像樣	(xiàng yàng)
像元	(xiàng yuán)
像章	(xiàng zhāng)
橡	(xiàng)
橡膠	(xiàng jiāo)
橡膠樹	(xiàng jiāo shù)
橡木	(xiàng mù)
橡皮	(xiàng pí)
橡皮擦	(xiàng pí cā)
橡皮膏	(xiàng pí gāo)
橡皮筋	(xiàng pí jīn)
橡皮泥	(xiàng pí ní)
橡皮球	(xiàng pí qiú)
橡皮艇	(xiàng pí tǐng)
橡皮圖章	(xiàng pí tú zhāng)
橡皮線	(xiàng pí xiàn)
橡實	(xiàng shí)
橡樹	(xiàng shù)
橡子	(xiàng zǐ)
橡子麵	(xiàng zi miàn)
橡子麵兒	(xiàng zi miàn r)
曏	(xiàng)
嚮	(xiàng)
嚮導	(xiàng dǎo)
嚮往	(xiàng wǎng)
枵	(xiāo)
宵	(xiāo)
宵禁	(xiāo jìn)
宵小	(xiāo xiǎo)
宵夜	(xiāo yè)
宵衣旰食	(xiāo yī gàn shí)
宵征	(xiāo zhēng)
梟	(xiāo)
梟首	(xiāo shǒu)
梟首示眾	(xiāo shǒu shì zhòng)
梟雄	(xiāo xióng)
嘐	(xiāo)
歊	(xiāo)
嘵	(xiāo)
櫹	(xiāo)
囂	(xiāo)
囂張	(xiāo zhāng)
囂張跋扈	(xiāo zhāng bá hù)
囂張氣焰	(xiāo zhāng qì yàn)
崤	(xiáo)
小	(xiǎo)
小case	(xiǎo c a s e)
小巴	(xiǎo bā)
小白	(xiǎo bái)
小白菜	(xiǎo bái cài)
小白額雁	(xiǎo bái é yàn)
小白臉	(xiǎo bái liǎn)
小白臉兒	(xiǎo bái liǎn r)
小白鼠	(xiǎo bái shǔ)
小白兔	(xiǎo bái tù)
小白腰雨燕	(xiǎo bái yāo yǔ yàn)
小百科全書	(xiǎo bǎi kē quán shū)
小斑點	(xiǎo bān diǎn)
小斑姬鶲	(xiǎo bān jī wēng)
小斑啄木鳥	(xiǎo bān zhuó mù niǎo)
小半	(xiǎo bàn)
小包	(xiǎo bāo)
小鴇	(xiǎo bǎo)
小報	(xiǎo bào)
小貝	(xiǎo bèi)
小輩	(xiǎo bèi)
小輩子	(xiǎo bèi zi)
小本	(xiǎo běn)
小筆電	(xiǎo bǐ diàn)
小編	(xiǎo biān)
小扁豆	(xiǎo biǎn dòu)
小便	(xiǎo biàn)
小便池	(xiǎo biàn chí)
小便斗	(xiǎo biàn dǒu)
小便器	(xiǎo biàn qì)
小便宜	(xiǎo pián yi)
小辮	(xiǎo biàn)
小辮兒	(xiǎo biàn r)
小辮子	(xiǎo biàn zi)
小杓鷸	(xiǎo sháo yù)
小標題	(xiǎo biāo tí)
小婊砸	(xiǎo biǎo zá)
小別勝新婚	(xiǎo bié shèng xīn hūn)
小濱鷸	(xiǎo bīn yù)
小病	(xiǎo bìng)
小波	(xiǎo bō)
小不點	(xiǎo bu diǎn)
小不忍則亂大謀	(xiǎo bù rěn zé luàn dà móu)
小步舞曲	(xiǎo bù wǔ qǔ)
小菜	(xiǎo cài)
小菜兒	(xiǎo cài r)
小菜一碟	(xiǎo cài yī dié)
小冊子	(xiǎo cè zi)
小插曲	(xiǎo chā qǔ)
小𥻗子	(xiǎo chá zi)
小產	(xiǎo chǎn)
小鏟子	(xiǎo chǎn zi)
小腸	(xiǎo cháng)
小抄	(xiǎo chāo)
小抄兒	(xiǎo chāo r)
小潮	(xiǎo cháo)
小車	(xiǎo chē)
小城	(xiǎo chéng)
小乘	(xiǎo shèng)
小懲大誡	(xiǎo chéng dà jiè)
小吃	(xiǎo chī)
小吃店	(xiǎo chī diàn)
小赤壁	(xiǎo chì bì)
小衝突	(xiǎo chōng tū)
小丑	(xiǎo chǒu)
小丑魚	(xiǎo chǒu yú)
小除夕	(xiǎo chú xī)
小川	(xiǎo chuān)
小船	(xiǎo chuán)
小傳	(xiǎo zhuàn)
小槌	(xiǎo chuí)
小春	(xiǎo chūn)
小蔥	(xiǎo cōng)
小聰明	(xiǎo cōng ming)
小打小鬧	(xiǎo dǎ xiǎo nào)
小袋	(xiǎo dài)
小袋鼠	(xiǎo dài shǔ)
小彈	(xiǎo dàn)
小刀	(xiǎo dāo)
小島	(xiǎo dǎo)
小道	(xiǎo dào)
小道具	(xiǎo dào jù)
小道消息	(xiǎo dào xiāo xi)
小道新聞	(xiǎo dào xīn wén)
小的	(xiǎo de)
小登	(xiǎo dēng)
小滴	(xiǎo dī)
小弟	(xiǎo dì)
小弟弟	(xiǎo dì di)
小店	(xiǎo diàn)
小店區	(xiǎo diàn qū)
小電驢	(xiǎo diàn lǘ)
小電影	(xiǎo diàn yǐng)
小調	(xiǎo diào)
小洞不補大洞吃苦	(xiǎo dòng bù bǔ dà dòng chī kǔ)
小動作	(xiǎo dòng zuò)
小豆蔻	(xiǎo dòu kòu)
小杜鵑	(xiǎo dù juān)
小肚雞腸	(xiǎo dù jī cháng)
小蠹	(xiǎo dù)
小段子	(xiǎo duàn zi)
小鵝	(xiǎo é)
小額融資	(xiǎo é róng zī)
小顎	(xiǎo è)
小兒	(xiǎo ér)
小兒經	(xiǎo ér jīng)
小兒科	(xiǎo ér kē)
小兒麻痺	(xiǎo ér má bì)
小兒麻痺病毒	(xiǎo ér má bì bìng dú)
小兒麻痺症	(xiǎo ér má bì zhèng)
小兒軟骨病	(xiǎo ér ruǎn gǔ bìng)
小二	(xiǎo èr)
小發財	(xiǎo fā cái)
小番茄	(xiǎo fān qié)
小販	(xiǎo fàn)
小飯館	(xiǎo fàn guǎn)
小飯桌	(xiǎo fàn zhuō)
小範圍	(xiǎo fàn wéi)
小費	(xiǎo fèi)
小粉	(xiǎo fěn)
小粉紅	(xiǎo fěn hóng)
小鳳頭燕鷗	(xiǎo fèng tóu yàn ōu)
小幅	(xiǎo fú)
小腹	(xiǎo fù)
小改改	(xiǎo gǎi gǎi)
小鋼砲	(xiǎo gāng pào)
小鋼珠	(xiǎo gāng zhū)
小港	(xiǎo gǎng)
小港區	(xiǎo gǎng qū)
小哥	(xiǎo gē)
小哥哥	(xiǎo gē ge)
小公共	(xiǎo gōng gòng)
小公主	(xiǎo gōng zhǔ)
小攻	(xiǎo gōng)
小恭	(xiǎo gōng)
小狗	(xiǎo gǒu)
小姑	(xiǎo gū)
小姑子	(xiǎo gū zi)
小鼓	(xiǎo gǔ)
小褂	(xiǎo guà)
小拐	(xiǎo guǎi)
小官	(xiǎo guān)
小管	(xiǎo guǎn)
小廣播	(xiǎo guǎng bō)
小鬼	(xiǎo guǐ)
小過	(xiǎo guò)
小孩	(xiǎo hái)
小孩堤防	(xiǎo hái dī fáng)
小孩兒	(xiǎo hái r)
小孩哥	(xiǎo hái gē)
小孩姐	(xiǎo hái jiě)
小孩子	(xiǎo hái zi)
小昊	(xiǎo hào)
小號	(xiǎo hào)
小河	(xiǎo hé)
小黑領噪鶥	(xiǎo hēi lǐng zào méi)
小紅蘿蔔	(xiǎo hóng luó bo)
小紅帽	(xiǎo hóng mào)
小紅莓	(xiǎo hóng méi)
小紅書	(xiǎo hóng shū)
小花	(xiǎo huā)
小花遠志	(xiǎo huā yuǎn zhì)
小鬟	(xiǎo huán)
小皇帝	(xiǎo huáng dì)
小黃	(xiǎo huáng)
小黃車	(xiǎo huáng chē)
小黃瓜	(xiǎo huáng guā)
小黃腳鷸	(xiǎo huáng jiǎo yù)
小蝗鶯	(xiǎo huáng yīng)
小謊	(xiǎo huǎng)
小灰山椒鳥	(xiǎo huī shān jiāo niǎo)
小茴香	(xiǎo huí xiāng)
小混混	(xiǎo hùn hùn)
小伙	(xiǎo huǒ)
小伙兒	(xiǎo huǒ r)
小伙子	(xiǎo huǒ zi)
小貨車	(xiǎo huò chē)
小雞	(xiǎo jī)
小雞雞	(xiǎo jī jī)
小集團	(xiǎo jí tuán)
小己	(xiǎo jǐ)
小技	(xiǎo jì)
小計	(xiǎo jì)
小家碧玉	(xiǎo jiā bì yù)
小家鼠	(xiǎo jiā shǔ)
小家子氣	(xiǎo jiā zi qì)
小建	(xiǎo jiàn)
小將	(xiǎo jiàng)
小腳	(xiǎo jiǎo)
小轎車	(xiǎo jiào chē)
小結	(xiǎo jié)
小節	(xiǎo jié)
小節線	(xiǎo jié xiàn)
小姐	(xiǎo jie)
小姐姐	(xiǎo jiě jie)
小解	(xiǎo jiě)
小金庫	(xiǎo jīn kù)
小金縣	(xiǎo jīn xiàn)
小精靈	(xiǎo jīng líng)
小徑	(xiǎo jìng)
小九九	(xiǎo jiǔ jiǔ)
小酒館	(xiǎo jiǔ guǎn)
小舅子	(xiǎo jiù zi)
小鵑鳩	(xiǎo juān jiū)
小卷	(xiǎo juǎn)
小軍艦鳥	(xiǎo jūn jiàn niǎo)
小開	(xiǎo kāi)
小看	(xiǎo kàn)
小康	(xiǎo kāng)
小康社會	(xiǎo kāng shè huì)
小考	(xiǎo kǎo)
小可	(xiǎo kě)
小可愛	(xiǎo kě ài)
小葵花鳳頭鸚鵡	(xiǎo kuí huā fèng tóu yīng wǔ)
小括號	(xiǎo kuò hào)
小老婆	(xiǎo lǎo pó)
小老鼠	(xiǎo lǎo shǔ)
小裡小氣	(xiǎo li xiǎo qì)
小兩口	(xiǎo liǎng kǒu)
小兩口兒	(xiǎo liǎng kǒu r)
小量	(xiǎo liàng)
小林	(xiǎo lín)
小鱗胸鷦鶥	(xiǎo lín xiōng jiāo méi)
小羚羊	(xiǎo líng yáng)
小龍	(xiǎo lóng)
小龍蝦	(xiǎo lóng xiā)
小籠包	(xiǎo lóng bāo)
小籠湯包	(xiǎo lóng tāng bāo)
小樓	(xiǎo lóu)
小鹿亂撞	(xiǎo lù luàn zhuàng)
小路	(xiǎo lù)
小輪車	(xiǎo lún chē)
小蘿蔔頭	(xiǎo luó bo tou)
小綠人	(xiǎo lǜ rén)
小媽	(xiǎo mā)
小馬	(xiǎo mǎ)
小馬座	(xiǎo mǎ zuò)
小麥	(xiǎo mài)
小麥胚芽	(xiǎo mài pēi yá)
小賣部	(xiǎo mài bù)
小貓	(xiǎo māo)
小毛頭	(xiǎo máo tou)
小美洲鴕	(xiǎo měi zhōu tuó)
小妹	(xiǎo mèi)
小妹妹	(xiǎo mèi mei)
小米	(xiǎo mǐ)
小米椒	(xiǎo mǐ jiāo)
小米辣	(xiǎo mǐ là)
小秘	(xiǎo mì)
小蜜	(xiǎo mì)
小蜜蜂	(xiǎo mì fēng)
小麵包	(xiǎo miàn bāo)
小民	(xiǎo mín)
小名	(xiǎo míng)
小拇指	(xiǎo mǔ zhǐ)
小奶狗	(xiǎo nǎi gǒu)
小腦	(xiǎo nǎo)
小年輕	(xiǎo nián qīng)
小年夜	(xiǎo nián yè)
小鳥	(xiǎo niǎo)
小鳥球	(xiǎo niǎo qiú)
小鳥胃	(xiǎo niǎo wèi)
小鳥依人	(xiǎo niǎo yī rén)
小牛	(xiǎo niú)
小牛肉	(xiǎo niú ròu)
小女	(xiǎo nǚ)
小女人	(xiǎo nǚ rén)
小鷗	(xiǎo ōu)
小盤尾	(xiǎo pán wěi)
小胖爪	(xiǎo pàng zhuǎ)
小跑	(xiǎo pǎo)
小泡	(xiǎo pào)
小朋友	(xiǎo péng yǒu)
小屁孩	(xiǎo pì hái)
小鷿鷈	(xiǎo pì tī)
小票	(xiǎo piào)
小品	(xiǎo pǐn)
小企業	(xiǎo qǐ yè)
小汽車	(xiǎo qì chē)
小氣	(xiǎo qì)
小氣鬼	(xiǎo qì guǐ)
小氣候	(xiǎo qì hòu)
小憩	(xiǎo qì)
小錢	(xiǎo qián)
小強	(xiǎo qiáng)
小橋	(xiǎo qiáo)
小橋流水	(xiǎo qiáo liú shuǐ)
小瞧	(xiǎo qiáo)
小巧	(xiǎo qiǎo)
小巧玲瓏	(xiǎo qiǎo líng lóng)
小青腳鷸	(xiǎo qīng jiǎo yù)
小青年	(xiǎo qīng nián)
小清新	(xiǎo qīng xīn)
小丘	(xiǎo qiū)
小球	(xiǎo qiú)
小曲	(xiǎo qǔ)
小區	(xiǎo qū)
小區廣播	(xiǎo qū guǎng bō)
小覷	(xiǎo qù)
小泉	(xiǎo quán)
小犬	(xiǎo quǎn)
小犬座	(xiǎo quǎn zuò)
小確幸	(xiǎo què xìng)
小人	(xiǎo rén)
小人得志	(xiǎo rén dé zhì)
小人精	(xiǎo rén jīng)
小人書	(xiǎo rén shū)
小人物	(xiǎo rén wù)
小日本	(xiǎo rì běn)
小日本兒	(xiǎo rì běn r)
小日子	(xiǎo rì zi)
小絨鴨	(xiǎo róng yā)
小三	(xiǎo sān)
小三度	(xiǎo sān dù)
小三和弦	(xiǎo sān hé xián)
小三勸退師	(xiǎo sān quàn tuì shī)
小嗓	(xiǎo sǎng)
小商販	(xiǎo shāng fàn)
小舌	(xiǎo shé)
小升初	(xiǎo shēng chū)
小生產	(xiǎo shēng chǎn)
小聲	(xiǎo shēng)
小勝	(xiǎo shèng)
小獅座	(xiǎo shī zuò)
小食	(xiǎo shí)
小食中心	(xiǎo shí zhōng xīn)
小時	(xiǎo shí)
小時工	(xiǎo shí gōng)
小時候	(xiǎo shí hou)
小時候兒	(xiǎo shí hou r)
小時了了，大未必佳	(xiǎo shí liǎo liǎo , dà wèi bì jiā)
小事	(xiǎo shì)
小事一樁	(xiǎo shì yī zhuāng)
小視	(xiǎo shì)
小試牛刀	(xiǎo shì niú dāo)
小手小腳	(xiǎo shǒu xiǎo jiǎo)
小受	(xiǎo shòu)
小壽星	(xiǎo shòu xīng)
小叔	(xiǎo shū)
小書籤	(xiǎo shū qiān)
小鼠	(xiǎo shǔ)
小數	(xiǎo shù)
小數點	(xiǎo shù diǎn)
小樹	(xiǎo shù)
小樹林	(xiǎo shù lín)
小睡	(xiǎo shuì)
小說	(xiǎo shuō)
小說家	(xiǎo shuō jiā)
小廝	(xiǎo sī)
小松菜	(xiǎo sōng cài)
小鬆糕	(xiǎo sōng gāo)
小蘇打	(xiǎo sū dá)
小算盤	(xiǎo suàn pán)
小太平鳥	(xiǎo tài píng niǎo)
小太太	(xiǎo tài tai)
小太陽	(xiǎo tài yáng)
小攤	(xiǎo tān)
小攤兒	(xiǎo tān r)
小湯山	(xiǎo tāng shān)
小淘氣	(xiǎo táo qì)
小提琴	(xiǎo tí qín)
小提琴手	(xiǎo tí qín shǒu)
小題大作	(xiǎo tí dà zuò)
小題大做	(xiǎo tí dà zuò)
小天鵝	(xiǎo tiān é)
小田雞	(xiǎo tián jī)
小畑健	(xiǎo tián jiàn)
小同鄉	(xiǎo tóng xiāng)
小偷	(xiǎo tōu)
小偷兒	(xiǎo tōu r)
小偷小摸	(xiǎo tōu xiǎo mō)
小頭	(xiǎo tóu)
小團體主義	(xiǎo tuán tǐ zhǔ yì)
小腿	(xiǎo tuǐ)
小腿肚	(xiǎo tuǐ dù)
小吞噬細胞	(xiǎo tūn shì xì bāo)
小娃	(xiǎo wá)
小娃娃	(xiǎo wá wa)
小玩意	(xiǎo wán yì)
小葦鳽	(xiǎo wěi jiān)
小我	(xiǎo wǒ)
小巫見大巫	(xiǎo wū jiàn dà wū)
小屋	(xiǎo wū)
小鵐	(xiǎo wú)
小溪	(xiǎo xī)
小媳婦	(xiǎo xí fu)
小蝦	(xiǎo xiā)
小蝦米	(xiǎo xiā mi)
小仙女	(xiǎo xiān nǚ)
小仙鶲	(xiǎo xiān wēng)
小鮮肉	(xiǎo xiān ròu)
小巷	(xiǎo xiàng)
小項	(xiǎo xiàng)
小小	(xiǎo xiǎo)
小小說	(xiǎo xiǎo shuō)
小寫	(xiǎo xiě)
小寫字母	(xiǎo xiě zì mǔ)
小心	(xiǎo xīn)
小心地滑	(xiǎo xīn dì huá)
小心謹慎	(xiǎo xīn jǐn shèn)
小心眼	(xiǎo xīn yǎn)
小心眼兒	(xiǎo xīn yǎn r)
小心翼翼	(xiǎo xīn yì yì)
小星頭啄木鳥	(xiǎo xīng tóu zhuó mù niǎo)
小行星	(xiǎo xíng xīng)
小行星帶	(xiǎo xíng xīng dài)
小型	(xiǎo xíng)
小型巴士	(xiǎo xíng bā shì)
小型車	(xiǎo xíng chē)
小型櫃櫥	(xiǎo xíng guì chú)
小型核武器	(xiǎo xíng hé wǔ qì)
小型貨車	(xiǎo xíng huò chē)
小型企業	(xiǎo xíng qǐ yè)
小型汽車	(xiǎo xíng qì chē)
小熊貓	(xiǎo xióng māo)
小熊維尼	(xiǎo xióng wéi ní)
小熊座	(xiǎo xióng zuò)
小婿	(xiǎo xù)
小學	(xiǎo xué)
小學而大遺	(xiǎo xué ér dà yí)
小學生	(xiǎo xué shēng)
小薰	(xiǎo xūn)
小鴉鵑	(xiǎo yā juān)
小雅	(xiǎo yǎ)
小亞細亞	(xiǎo yà xì yà)
小岩洞	(xiǎo yán dòng)
小眼角	(xiǎo yǎn jiǎo)
小雁塔	(xiǎo yàn tǎ)
小燕尾	(xiǎo yàn wěi)
小羊	(xiǎo yáng)
小羊駝	(xiǎo yáng tuó)
小樣	(xiǎo yàng)
小妖	(xiǎo yāo)
小妖精	(xiǎo yāo jīng)
小野	(xiǎo yě)
小野不由美	(xiǎo yě bù yóu měi)
小夜	(xiǎo yè)
小夜班	(xiǎo yè bān)
小夜曲	(xiǎo yè qǔ)
小姨	(xiǎo yí)
小姨子	(xiǎo yí zi)
小意思	(xiǎo yì si)
小隱隱於林，大隱隱於市	(xiǎo yǐn yǐn yú lín , dà yǐn yǐn yú shì)
小隱隱於野，大隱隱於市	(xiǎo yǐn yǐn yú yě , dà yǐn yǐn yú shì)
小鷹號	(xiǎo yīng hào)
小油菜	(xiǎo yóu cài)
小遊	(xiǎo yóu)
小於	(xiǎo yú)
小雨	(xiǎo yǔ)
小雨傘	(xiǎo yǔ sǎn)
小淵	(xiǎo yuān)
小雲雀	(xiǎo yún què)
小韻	(xiǎo yùn)
小髒鬼	(xiǎo zāng guǐ)
小灶	(xiǎo zào)
小寨	(xiǎo zhài)
小昭寺	(xiǎo zhāo sì)
小折刀	(xiǎo zhé dāo)
小鎮	(xiǎo zhèn)
小支氣管	(xiǎo zhī qì guǎn)
小指	(xiǎo zhǐ)
小眾	(xiǎo zhòng)
小篆	(xiǎo zhuàn)
小轉	(xiǎo zhuǎn)
小酌	(xiǎo zhuó)
小資	(xiǎo zī)
小資產階級	(xiǎo zī chǎn jiē jí)
小子	(xiǎo zǐ)
小卒	(xiǎo zú)
小祖宗	(xiǎo zǔ zōng)
小組	(xiǎo zǔ)
小組賽	(xiǎo zǔ sài)
小組委員會	(xiǎo zǔ wěi yuán huì)
小嘴鴴	(xiǎo zuǐ héng)
小嘴烏鴉	(xiǎo zuǐ wū yā)
小作怡情，大作傷身	(xiǎo zuō yí qíng , dà zuō shāng shēn)
曉	(xiǎo)
曉得	(xiǎo de)
曉示	(xiǎo shì)
曉以大義	(xiǎo yǐ dà yì)
曉喻	(xiǎo yù)
曉諭	(xiǎo yù)
孝	(xiào)
孝昌縣	(xiào chāng xiàn)
孝道	(xiào dao)
孝服	(xiào fú)
孝感市	(xiào gǎn shì)
孝經	(xiào jīng)
孝敬	(xiào jìng)
孝廉	(xiào lián)
孝南區	(xiào nán qū)
孝聖憲	(xiào shèng xiàn)
孝順	(xiào shùn)
孝思不匱	(xiào sī bù kuì)
孝肅	(xiào sù)
孝悌	(xiào tì)
孝悌忠信	(xiào tì zhōng xìn)
孝心	(xiào xīn)
孝衣	(xiào yī)
孝義市	(xiào yì shì)
孝子	(xiào zǐ)
効	(xiào)
咲	(xiào)
校	(xiào)
校霸	(xiào bà)
校草	(xiào cǎo)
校長	(xiào zhǎng)
校場	(jiào chǎng)
校車	(xiào chē)
校地	(xiào dì)
校訂	(jiào dìng)
校對	(jiào duì)
校方	(xiào fāng)
校風	(xiào fēng)
校服	(xiào fú)
校歌	(xiào gē)
校官	(xiào guān)
校規	(xiào guī)
校花	(xiào huā)
校徽	(xiào huī)
校際	(xiào jì)
校監	(xiào jiān)
校刊	(xiào kān)
校勘	(jiào kān)
校曆	(xiào lì)
校門	(xiào mén)
校名	(xiào míng)
校鬧	(xiào nào)
校內	(xiào nèi)
校慶	(xiào qìng)
校區	(xiào qū)
校舍	(xiào shè)
校釋	(jiào shì)
校外	(xiào wài)
校尉	(xiào wèi)
校訓	(xiào xùn)
校驗	(jiào yàn)
校驗碼	(jiào yàn mǎ)
校樣	(jiào yàng)
校友	(xiào yǒu)
校園	(xiào yuán)
校閱	(jiào yuè)
校運會	(xiào yùn huì)
校招	(xiào zhāo)
校正	(jiào zhèng)
校準	(jiào zhǔn)
哮	(xiào)
哮喘	(xiào chuǎn)
哮喘病	(xiào chuǎn bìng)
哮鳴	(xiào míng)
俲	(xiào)
效	(xiào)
效法	(xiào fǎ)
效果	(xiào guǒ)
效果圖	(xiào guǒ tú)
效價	(xiào jià)
效價能	(xiào jià néng)
效勞	(xiào láo)
效力	(xiào lì)
效率	(xiào lǜ)
效能	(xiào néng)
效犬馬之勞	(xiào quǎn mǎ zhī láo)
效驗	(xiào yàn)
效益	(xiào yì)
效應	(xiào yìng)
效用	(xiào yòng)
效尤	(xiào yóu)
效忠	(xiào zhōng)
傚	(xiào)
嘯	(xiào)
嘯叫	(xiào jiào)
歗	(xiào)
些許	(xiē xǔ)
些微	(xiē wēi)
揳	(xiē)
楔	(xiē)
楔尾伯勞	(xiē wěi bó láo)
楔尾綠鳩	(xiē wěi lǜ jiū)
楔尾鷗	(xiē wěi ōu)
楔形	(xiē xíng)
楔形文字	(xiē xíng wén zì)
楔形物	(xiē xíng wù)
楔子	(xiē zi)
楔嘴鷯鶥	(xiē zuǐ liáo méi)
歇	(xiē)
歇菜	(xiē cài)
歇頂	(xiē dǐng)
歇後語	(xiē hòu yǔ)
歇艎	(xiē huáng)
歇腳	(xiē jiǎo)
歇了吧	(xiē le ba)
歇洛克·福爾摩斯	(xiē luò kè · fú ěr mó sī)
歇氣	(xiē qì)
歇山頂	(xiē shān dǐng)
歇手	(xiē shǒu)
歇斯底里	(xiē sī dǐ lǐ)
歇宿	(xiē sù)
歇息	(xiē xi)
歇心	(xiē xīn)
歇業	(xiē yè)
旪	(xié)
㐖	(xié)
㐖毒	(xié dú)
協	(xié)
協辦	(xié bàn)
協變量	(xié biàn liàng)
協處理器	(xié chǔ lǐ qì)
協調	(xié tiáo)
協調人	(xié tiáo rén)
協調世界時	(xié tiáo shì jiè shí)
協調員	(xié tiáo yuán)
協定	(xié dìng)
協方差	(xié fāng chā)
協管	(xié guǎn)
協管員	(xié guǎn yuán)
協和	(xié hé)
協和飛機	(xié hé fēi jī)
協和式客機	(xié hé shì kè jī)
協會	(xié huì)
協警	(xié jǐng)
協理	(xié lǐ)
協力	(xié lì)
協力車	(xié lì chē)
協商	(xié shāng)
協商會議	(xié shāng huì yì)
協同	(xié tóng)
協同主持人	(xié tóng zhǔ chí rén)
協同作用	(xié tóng zuò yòng)
協議	(xié yì)
協議書	(xié yì shū)
協約	(xié yuē)
協約國	(xié yuē guó)
協韻	(xié yùn)
協助	(xié zhù)
協奏	(xié zòu)
協奏曲	(xié zòu qǔ)
協作	(xié zuò)
挾	(xié)
挾持	(xié chí)
挾帶	(xié dài)
挾天子以令天下	(xié tiān zǐ yǐ lìng tiān xià)
挾天子以令諸侯	(xié tiān zǐ yǐ lìng zhū hóu)
挾細拿粗	(xié xì ná cū)
挾怨	(xié yuàn)
挾制	(xié zhì)
㶸	(xié)
偕	(xié)
偕老	(xié lǎo)
偕同	(xié tóng)
斜	(xié)
斜邊	(xié biān)
斜長石	(xié cháng shí)
斜度	(xié dù)
斜對	(xié duì)
斜方肌	(xié fāng jī)
斜方型	(xié fāng xíng)
斜槓	(xié gàng)
斜槓青年	(xié gàng qīng nián)
斜管麵	(xié guǎn miàn)
斜肌	(xié jī)
斜交	(xié jiāo)
斜角	(xié jiǎo)
斜徑	(xié jìng)
斜靠	(xié kào)
斜愣眼	(xié leng yǎn)
斜愣眼兒	(xié leng yǎn r)
斜率	(xié lǜ)
斜面	(xié miàn)
斜睨	(xié nì)
斜坡	(xié pō)
斜切鋸	(xié qiē jù)
斜射球	(xié shè qiú)
斜視	(xié shì)
斜塔	(xié tǎ)
斜躺	(xié tǎng)
斜體	(xié tǐ)
斜體字	(xié tǐ zì)
斜投影	(xié tóu yǐng)
斜紋	(xié wén)
斜紋織	(xié wén zhī)
斜線	(xié xiàn)
斜線號	(xié xiàn hào)
斜眼	(xié yǎn)
斜眼看	(xié yǎn kàn)
斜陽	(xié yáng)
斜倚	(xié yǐ)
斜軸	(xié zhóu)
擕	(xié)
勰	(xié)
㩗	(xié)
擷	(xié)
擷取	(xié qǔ)
擷英	(xié yīng)
㩦	(xié)
攜	(xié)
攜程	(xié chéng)
攜帶	(xié dài)
攜帶者	(xié dài zhě)
攜家帶眷	(xié jiā dài juàn)
攜眷	(xié juàn)
攜款	(xié kuǎn)
攜手	(xié shǒu)
攜手並肩	(xié shǒu bìng jiān)
攜手同行	(xié shǒu tóng xíng)
寫	(xiě)
寫本	(xiě běn)
寫道	(xiě dào)
寫法	(xiě fǎ)
寫生	(xiě shēng)
寫實	(xiě shí)
寫手	(xiě shǒu)
寫死	(xiě sǐ)
寫完	(xiě wán)
寫下	(xiě xià)
寫信	(xiě xìn)
寫意	(xiě yì)
寫意畫	(xiě yì huà)
寫照	(xiě zhào)
寫真	(xiě zhēn)
寫真集	(xiě zhēn jí)
寫字	(xiě zì)
寫字板	(xiě zì bǎn)
寫字樓	(xiě zì lóu)
寫字檯	(xiě zì tái)
寫作	(xiě zuò)
卸	(xiè)
卸除	(xiè chú)
卸貨	(xiè huò)
卸肩兒	(xiè jiān r)
卸扣	(xiè kòu)
卸磨殺驢	(xiè mò shā lǘ)
卸任	(xiè rèn)
卸套	(xiè tào)
卸頭	(xiè tóu)
卸下	(xiè xià)
卸載	(xiè zài)
卸責	(xiè zé)
卸職	(xiè zhí)
卸妝	(xiè zhuāng)
卸裝	(xiè zhuāng)
卨	(xiè)
屑	(xiè)
屓	(xì)
械	(xiè)
械鬥	(xiè dòu)
械繫	(xiè xì)
偰	(xiè)
媟	(xiè)
榭	(xiè)
屧	(xiè)
嶰	(xiè)
廨	(xiè)
懈	(xiè)
懈弛	(xiè chí)
懈怠	(xiè dài)
懈惰	(xiè duò)
懈氣	(xiè qì)
屭	(xì)
心	(xīn)
心愛	(xīn ài)
心安	(xīn ān)
心安理得	(xīn ān lǐ dé)
心安神閑	(xīn ān shén xián)
心瓣	(xīn bàn)
心包	(xīn bāo)
心病	(xīn bìng)
心搏	(xīn bó)
心不在焉	(xīn bù zài yān)
心材	(xīn cái)
心腸	(xīn cháng)
心潮澎湃	(xīn cháo péng pài)
心馳神往	(xīn chí shén wǎng)
心慈手軟	(xīn cí shǒu ruǎn)
心存不滿	(xīn cún bù mǎn)
心存懷疑	(xīn cún huái yí)
心膽	(xīn dǎn)
心膽俱裂	(xīn dǎn jù liè)
心蕩神馳	(xīn dàng shén chí)
心道	(xīn dào)
心得	(xīn dé)
心得安	(xīn dé ān)
心地	(xīn dì)
心地善良	(xīn dì shàn liáng)
心底	(xīn dǐ)
心電感應	(xīn diàn gǎn yìng)
心電圖	(xīn diàn tú)
心動	(xīn dòng)
心動女	(xīn dòng nǚ)
心動圖	(xīn dòng tú)
心毒	(xīn dú)
心毒手辣	(xīn dú shǒu là)
心煩	(xīn fán)
心煩氣躁	(xīn fán qì zào)
心煩意亂	(xīn fán yì luàn)
心防	(xīn fáng)
心房	(xīn fáng)
心房顫動	(xīn fáng chàn dòng)
心扉	(xīn fēi)
心肺	(xīn fèi)
心肺復甦術	(xīn fèi fù sū shù)
心服	(xīn fú)
心服口服	(xīn fú kǒu fú)
心腹	(xīn fù)
心腹之患	(xīn fù zhī huàn)
心甘	(xīn gān)
心甘情願	(xīn gān qíng yuàn)
心肝	(xīn gān)
心肝寶貝	(xīn gān bǎo bèi)
心高氣傲	(xīn gāo qì ào)
心根	(xīn gēn)
心梗	(xīn gěng)
心廣體胖	(xīn guǎng tǐ pán)
心寒	(xīn hán)
心狠手辣	(xīn hěn shǒu là)
心許	(xīn xǔ)
心花怒放	(xīn huā nù fàng)
心懷	(xīn huái)
心懷忐忑	(xīn huái tǎn tè)
心慌	(xīn huāng)
心慌意亂	(xīn huāng yì luàn)
心灰意懶	(xīn huī yì lǎn)
心灰意冷	(xīn huī yì lěng)
心肌	(xīn jī)
心肌梗塞	(xīn jī gěng sè)
心肌梗死	(xīn jī gěng sǐ)
心肌炎	(xīn jī yán)
心機	(xīn jī)
心急	(xīn jí)
心急吃不了熱豆腐	(xīn jí chī bu liǎo rè dòu fu)
心急火燎	(xīn jí huǒ liǎo)
心計	(xīn jì)
心悸	(xīn jì)
心跡	(xīn jì)
心尖	(xīn jiān)
心焦	(xīn jiāo)
心絞痛	(xīn jiǎo tòng)
心結	(xīn jié)
心勁	(xīn jìn)
心經	(xīn jīng)
心驚	(xīn jīng)
心驚膽戰	(xīn jīng dǎn zhàn)
心驚肉跳	(xīn jīng ròu tiào)
心境	(xīn jìng)
心靜	(xīn jìng)
心靜自然涼	(xīn jìng zì rán liáng)
心坎	(xīn kǎn)
心口	(xīn kǒu)
心口不一	(xīn kǒu bù yī)
心口如一	(xīn kǒu rú yī)
心寬體胖	(xīn kuān tǐ pán)
心曠神怡	(xīn kuàng shén yí)
心累	(xīn lèi)
心理	(xīn lǐ)
心理詞典	(xīn lǐ cí diǎn)
心理防線	(xīn lǐ fáng xiàn)
心理分析	(xīn lǐ fēn xī)
心理建設	(xīn lǐ jiàn shè)
心理統計學	(xīn lǐ tǒng jì xué)
心理學	(xīn lǐ xué)
心理學家	(xīn lǐ xué jiā)
心理戰	(xīn lǐ zhàn)
心理作用	(xīn lǐ zuò yòng)
心裡	(xīn li)
心裡話	(xīn li huà)
心裡美蘿蔔	(xīn li měi luó bo)
心裡癢癢	(xīn lǐ yǎng yang)
心裡有鬼	(xīn li yǒu guǐ)
心裡有譜	(xīn lǐ yǒu pǔ)
心裡有數	(xīn lǐ yǒu shù)
心力	(xīn lì)
心力交瘁	(xīn lì jiāo cuì)
心力衰竭	(xīn lì shuāi jié)
心靈	(xīn líng)
心靈感應	(xīn líng gǎn yìng)
心靈雞湯	(xīn líng jī tāng)
心靈上	(xīn líng shàng)
心靈手巧	(xīn líng shǒu qiǎo)
心領	(xīn lǐng)
心領神會	(xīn lǐng shén huì)
心領神悟	(xīn lǐng shén wù)
心流	(xīn liú)
心路	(xīn lù)
心亂如麻	(xīn luàn rú má)
心輪	(xīn lún)
心律	(xīn lǜ)
心律不齊	(xīn lǜ bù qí)
心律不整	(xīn lǜ bù zhěng)
心律失常	(xīn lǜ shī cháng)
心率	(xīn lǜ)
心滿意足	(xīn mǎn yì zú)
心錨	(xīn máo)
心魔	(xīn mó)
心目	(xīn mù)
心目中	(xīn mù zhōng)
心怦怦跳	(xīn pēng pēng tiào)
心砰砰跳	(xīn pēng pēng tiào)
心平氣和	(xīn píng qì hé)
心氣	(xīn qì)
心竅	(xīn qiào)
心切	(xīn qiè)
心情	(xīn qíng)
心如刀割	(xīn rú dāo gē)
心如刀絞	(xīn rú dāo jiǎo)
心如止水	(xīn rú zhǐ shuǐ)
心軟	(xīn ruǎn)
心塞	(xīn sāi)
心傷	(xīn shāng)
心上人	(xīn shàng rén)
心神	(xīn shén)
心神不安	(xīn shén bù ān)
心神不寧	(xīn shén bù níng)
心神恍惚	(xīn shén huǎng hū)
心神專註	(xīn shén zhuān zhù)
心聲	(xīn shēng)
心事	(xīn shì)
心事重重	(xīn shì chóng chóng)
心室	(xīn shì)
心室顫動	(xīn shì chàn dòng)
心術	(xīn shù)
心說	(xīn shuō)
心思	(xīn si)
心宿二	(xīn xiù èr)
心酸	(xīn suān)
心算	(xīn suàn)
心碎	(xīn suì)
心態	(xīn tài)
心疼	(xīn téng)
心田	(xīn tián)
心跳	(xīn tiào)
心跳過緩	(xīn tiào guò huǎn)
心痛	(xīn tòng)
心頭	(xīn tóu)
心頭好	(xīn tóu hǎo)
心頭肉	(xīn tóu ròu)
心土	(xīn tǔ)
心窩兒	(xīn wō r)
心無二用	(xīn wú èr yòng)
心無旁騖	(xīn wú páng wù)
心細	(xīn xì)
心細如塵	(xīn xì rú chén)
心細如髮	(xīn xì rú fà)
心下	(xīn xià)
心弦	(xīn xián)
心羨	(xīn xiàn)
心想	(xīn xiǎng)
心想事成	(xīn xiǎng shì chéng)
心心念念	(xīn xīn niàn niàn)
心心相印	(xīn xīn xiāng yìn)
心性	(xīn xìng)
心胸	(xīn xiōng)
心胸開闊	(xīn xiōng kāi kuò)
心胸狹隘	(xīn xiōng xiá ài)
心胸狹窄	(xīn xiōng xiá zhǎi)
心秀	(xīn xiù)
心虛	(xīn xū)
心緒	(xīn xù)
心緒不佳	(xīn xù bù jiā)
心緒不寧	(xīn xù bù níng)
心學	(xīn xué)
心血	(xīn xuè)
心血管	(xīn xuè guǎn)
心血管疾病	(xīn xuè guǎn jí bìng)
心血來潮	(xīn xuè lái cháo)
心眼	(xīn yǎn)
心眼大	(xīn yǎn dà)
心眼多	(xīn yǎn duō)
心眼兒	(xīn yǎn r)
心眼好	(xīn yǎn hǎo)
心葉椴	(xīn yè duàn)
心疑	(xīn yí)
心儀	(xīn yí)
心意	(xīn yì)
心音	(xīn yīn)
心影兒	(xīn yǐng ér)
心硬	(xīn yìng)
心有靈犀一點通	(xīn yǒu líng xī yī diǎn tōng)
心有餘，力不足	(xīn yǒu yú , lì bù zú)
心有餘而力不足	(xīn yǒu yú ér lì bù zú)
心有餘悸	(xīn yǒu yú jì)
心猿意馬	(xīn yuán yì mǎ)
心願	(xīn yuàn)
心願單	(xīn yuàn dān)
心悅誠服	(xīn yuè chéng fú)
心臟	(xīn zàng)
心臟病	(xīn zàng bìng)
心臟病發作	(xīn zàng bìng fā zuò)
心臟搭橋手術	(xīn zàng dā qiáo shǒu shù)
心臟疾患	(xīn zàng jí huàn)
心臟收縮壓	(xīn zàng shōu suō yā)
心臟舒張壓	(xīn zàng shū zhāng yā)
心臟雜音	(xīn zàng zá yīn)
心臟驟停	(xīn zàng zhòu tíng)
心窄	(xīn zhǎi)
心戰	(xīn zhàn)
心照	(xīn zhào)
心照不宣	(xīn zhào bù xuān)
心摺	(xīn zhé)
心知肚明	(xīn zhī dù míng)
心直口快	(xīn zhí kǒu kuài)
心直嘴快	(xīn zhí zuǐ kuài)
心志	(xīn zhì)
心智	(xīn zhì)
心智圖	(xīn zhì tú)
心中	(xīn zhōng)
心中無數	(xīn zhōng wú shù)
心中有鬼	(xīn zhōng yǒu guǐ)
心中有數	(xīn zhōng yǒu shù)
心重	(xīn zhòng)
心軸	(xīn zhóu)
心拙口笨	(xīn zhuō kǒu bèn)
心拙口夯	(xīn zhuō kǒu bèn)
心醉	(xīn zuì)
心醉神迷	(xīn zuì shén mí)
忻	(xīn)
忻城縣	(xīn chéng xiàn)
忻府區	(xīn fǔ qū)
忻州市	(xīn zhōu shì)
昕	(xīn)
欣	(xīn)
欣逢	(xīn féng)
欣然	(xīn rán)
欣賞	(xīn shǎng)
欣慰	(xīn wèi)
欣喜	(xīn xǐ)
欣喜若狂	(xīn xǐ ruò kuáng)
欣欣向榮	(xīn xīn xiàng róng)
欣幸	(xīn xìng)
新	(xīn)
新安縣	(xīn ān xiàn)
新奧爾良	(xīn ào ěr liáng)
新巴爾虎右旗	(xīn bā ěr hǔ yòu qí)
新巴爾虎左旗	(xīn bā ěr hǔ zuǒ qí)
新柏拉圖主義	(xīn bó lā tú zhǔ yì)
新版	(xīn bǎn)
新北界	(xīn běi jiè)
新北區	(xīn běi qū)
新北市	(xīn běi shì)
新編	(xīn biān)
新賓滿族自治縣	(xīn bīn mǎn zú zì zhì xiàn)
新兵	(xīn bīng)
新不列顛島	(xīn bù liè diān dǎo)
新不倫瑞克	(xīn bù lún ruì kè)
新蔡縣	(xīn cài xiàn)
新產品推介會	(xīn chǎn pǐn tuī jiè huì)
新昌縣	(xīn chāng xiàn)
新朝	(xīn cháo)
新潮	(xīn cháo)
新陳代謝	(xīn chén dài xiè)
新成土	(xīn chéng tǔ)
新城病	(xīn chéng bìng)
新城電台	(xīn chéng diàn tái)
新城區	(xīn chéng qū)
新城鄉	(xīn chéng xiāng)
新寵	(xīn chǒng)
新仇舊恨	(xīn chóu jiù hèn)
新愁舊恨	(xīn chóu jiù hèn)
新出爐	(xīn chū lú)
新出生	(xīn chū shēng)
新春	(xīn chūn)
新春佳節	(xīn chūn jiā jié)
新詞	(xīn cí)
新村	(xīn cūn)
新大陸	(xīn dà lù)
新黨	(xīn dǎng)
新德里	(xīn dé lǐ)
新低	(xīn dī)
新店	(xīn diàn)
新店市	(xīn diàn shì)
新店溪	(xīn diàn xī)
新丁	(xīn dīng)
新都區	(xīn dū qū)
新房	(xīn fáng)
新芬黨	(xīn fēn dǎng)
新風	(xīn fēng)
新風系統	(xīn fēng xì tǒng)
新豐縣	(xīn fēng xiàn)
新豐鄉	(xīn fēng xiāng)
新撫區	(xīn fǔ qū)
新婦	(xīn fù)
新幹線	(xīn gàn xiàn)
新幹縣	(xīn gàn xiàn)
新港	(xīn gǎng)
新港鄉	(xīn gǎng xiāng)
新高	(xīn gāo)
新古典	(xīn gǔ diǎn)
新古典主義	(xīn gǔ diǎn zhǔ yì)
新官上任三把火	(xīn guān shàng rèn sān bǎ huǒ)
新冠	(xīn guān)
新冠病毒	(xīn guān bìng dú)
新規	(xīn guī)
新貴	(xīn guì)
新海峽時報	(xīn hǎi xiá shí bào)
新罕布什爾	(xīn hǎn bù shí ěr)
新和縣	(xīn hé xiàn)
新河縣	(xīn hé xiàn)
新華	(xīn huá)
新華區	(xīn huá qū)
新華日報	(xīn huá rì bào)
新華書店	(xīn huá shū diàn)
新華網	(xīn huá wǎng)
新化縣	(xīn huà xiàn)
新歡	(xīn huān)
新晃侗族自治縣	(xīn huǎng dòng zú zì zhì xiàn)
新會區	(xīn huì qū)
新婚	(xīn hūn)
新婚夫婦	(xīn hūn fū fù)
新婚宴爾	(xīn hūn yàn ěr)
新婚燕爾	(xīn hūn yàn ěr)
新畿內亞	(xīn jī nèi yà)
新幾內亞	(xīn jǐ nèi yà)
新紀元	(xīn jì yuán)
新加坡	(xīn jiā pō)
新加坡國立大學	(xīn jiā pō guó lì dà xué)
新加坡人	(xīn jiā pō rén)
新嫁娘	(xīn jià niáng)
新建	(xīn jiàn)
新建區	(xīn jiàn qū)
新疆歌鴝	(xīn jiāng gē qú)
新疆生產建設兵團	(xīn jiāng shēng chǎn jiàn shè bīng tuán)
新疆手抓飯	(xīn jiāng shǒu zhuā fàn)
新疆維吾爾自治區	(xīn jiāng wéi wú ěr zì zhì qū)
新絳縣	(xīn jiàng xiàn)
新教	(xīn jiào)
新教徒	(xīn jiào tú)
新階段	(xīn jiē duàn)
新界	(xīn jiè)
新金縣	(xīn jīn xiàn)
新津區	(xīn jīn qū)
新近	(xīn jìn)
新晉	(xīn jìn)
新京報	(xīn jīng bào)
新井	(xīn jǐng)
新居	(xīn jū)
新軍	(xīn jūn)
新喀里多尼亞	(xīn kā lǐ duō ní yà)
新款	(xīn kuǎn)
新拉	(xīn lā)
新來乍到	(xīn lái zhà dào)
新郎	(xīn láng)
新郎官	(xīn láng guān)
新郎倌	(xīn láng guān)
新浪	(xīn làng)
新浪網	(xīn làng wǎng)
新浪微博	(xīn làng wēi bó)
新力	(xīn lì)
新曆	(xīn lì)
新林區	(xīn lín qū)
新龍縣	(xīn lóng xiàn)
新羅區	(xīn luó qū)
新馬	(xīn mǎ)
新馬泰	(xīn mǎ tài)
新黴素	(xīn méi sù)
新秘	(xīn mì)
新密市	(xīn mì shì)
新民市	(xīn mín shì)
新民晚報	(xīn mín wǎn bào)
新民主主義	(xīn mín zhǔ zhǔ yì)
新民主主義革命	(xīn mín zhǔ zhǔ yì gé mìng)
新民主主義論	(xīn mín zhǔ zhǔ yì lùn)
新墨西哥	(xīn mò xī gē)
新慕道團	(xīn mù dào tuán)
新南威爾士	(xīn nán wēi ěr shì)
新南威爾士州	(xīn nán wēi ěr shì zhōu)
新年	(xīn nián)
新年快樂	(xīn nián kuài lè)
新年前夕	(xīn nián qián xī)
新娘	(xīn niáng)
新娘秘書	(xīn niáng mì shū)
新寧縣	(xīn níng xiàn)
新農合	(xīn nóng hé)
新派	(xīn pài)
新埤	(xīn pí)
新埤鄉	(xīn pí xiāng)
新平彝族傣族自治縣	(xīn píng yí zú dǎi zú zì zhì xiàn)
新瓶舊酒	(xīn píng jiù jiǔ)
新瓶裝舊酒	(xīn píng zhuāng jiù jiǔ)
新埔	(xīn pǔ)
新埔鎮	(xīn pǔ zhèn)
新奇	(xīn qí)
新錢	(xīn qián)
新邱區	(xīn qiū qū)
新熱帶界	(xīn rè dài jiè)
新人	(xīn rén)
新任	(xīn rèn)
新榮區	(xīn róng qū)
新儒家	(xīn rú jiā)
新銳	(xīn ruì)
新山	(xīn shān)
新邵縣	(xīn shào xiàn)
新生	(xīn shēng)
新生代	(xīn shēng dài)
新生兒	(xīn shēng ér)
新石器	(xīn shí qì)
新石器時代	(xīn shí qì shí dài)
新時代	(xīn shí dài)
新市區	(xīn shì qū)
新市鎮	(xīn shì zhèn)
新式	(xīn shì)
新手	(xīn shǒu)
新思想	(xīn sī xiǎng)
新斯科舍	(xīn sī kē shè)
新宿	(xīn sù)
新台幣	(xīn tái bì)
新泰市	(xīn tài shì)
新塘	(xīn táng)
新天地	(xīn tiān dì)
新田縣	(xīn tián xiàn)
新土	(xīn tǔ)
新文化運動	(xīn wén huà yùn dòng)
新聞	(xīn wén)
新聞策劃	(xīn wén cè huà)
新聞出版總署	(xīn wén chū bǎn zǒng shǔ)
新聞處	(xīn wén chù)
新聞發布會	(xīn wén fā bù huì)
新聞發言人	(xīn wén fā yán rén)
新聞稿	(xīn wén gǎo)
新聞工作者	(xīn wén gōng zuò zhě)
新聞記者	(xīn wén jì zhě)
新聞界	(xīn wén jiè)
新聞媒體	(xīn wén méi tǐ)
新聞網	(xīn wén wǎng)
新聞學	(xīn wén xué)
新聞周刊	(xīn wén zhōu kān)
新聞週刊	(xīn wén zhōu kān)
新聞主播	(xīn wén zhǔ bō)
新聞自由	(xīn wén zì yóu)
新聞組	(xīn wén zǔ)
新吳區	(xīn wú qū)
新西伯利亞	(xīn xī bó lì yà)
新西伯利亞市	(xīn xī bó lì yà shì)
新西蘭	(xīn xī lán)
新禧	(xīn xǐ)
新潟	(xīn xì)
新鮮	(xīn xiān)
新縣	(xīn xiàn)
新鄉市	(xīn xiāng shì)
新鄉縣	(xīn xiāng xiàn)
新新人類	(xīn xīn rén lèi)
新星	(xīn xīng)
新型	(xīn xíng)
新型冠狀病毒	(xīn xíng guān zhuàng bìng dú)
新型農村合作醫療	(xīn xíng nóng cūn hé zuò yī liáo)
新興	(xīn xīng)
新興產業	(xīn xīng chǎn yè)
新興經濟國家	(xīn xīng jīng jì guó jiā)
新興區	(xīn xīng qū)
新興縣	(xīn xīng xiàn)
新修	(xīn xiū)
新修本草	(xīn xiū běn cǎo)
新秀	(xīn xiù)
新選	(xīn xuǎn)
新芽	(xīn yá)
新雅	(xīn yǎ)
新野縣	(xīn yě xiàn)
新一代	(xīn yī dài)
新沂市	(xīn yí shì)
新異	(xīn yì)
新意	(xīn yì)
新義州市	(xīn yì zhōu shì)
新藝拉瑪	(xīn yì lā mǎ)
新藝綜合體	(xīn yì zōng hé tǐ)
新英格蘭	(xīn yīng gé lán)
新穎	(xīn yǐng)
新余市	(xīn yú shì)
新園	(xīn yuán)
新園鄉	(xīn yuán xiāng)
新源縣	(xīn yuán xiàn)
新約	(xīn yuē)
新約全書	(xīn yuē quán shū)
新月	(xīn yuè)
新樂市	(xīn lè shì)
新造	(xīn zào)
新澤西	(xīn zé xī)
新增	(xīn zēng)
新政	(xīn zhèng)
新鄭市	(xīn zhèng shì)
新知	(xīn zhī)
新殖民化	(xīn zhí mín huà)
新殖民主義	(xīn zhí mín zhǔ yì)
新洲區	(xīn zhōu qū)
新竹	(xīn zhú)
新竹市	(xīn zhú shì)
新竹縣	(xīn zhú xiàn)
新莊	(xīn zhuāng)
新莊市	(xīn zhuāng shì)
新作	(xīn zuò)
歆	(xīn)
廞	(xīn)
噷	(hm)
伈	(xǐn)
㐰	(xìn)
伩	(xìn)
囟	(xìn)
囟門	(xìn mén)
囟腦門	(xìn nǎo mén)
信	(xìn)
信報	(xìn bào)
信報財經新聞	(xìn bào cái jīng xīn wén)
信筆	(xìn bǐ)
信標	(xìn biāo)
信不過	(xìn bù guò)
信步	(xìn bù)
信差	(xìn chāi)
信從	(xìn cóng)
信貸	(xìn dài)
信貸危機	(xìn dài wēi jī)
信貸違約掉期	(xìn dài wéi yuē diào qī)
信貸衍生產品	(xìn dài yǎn shēng chǎn pǐn)
信道	(xìn dào)
信得過	(xìn de guò)
信德省	(xìn dé shěng)
信都區	(xìn dū qū)
信訪	(xìn fǎng)
信訪局	(xìn fǎng jú)
信封	(xìn fēng)
信風	(xìn fēng)
信豐縣	(xìn fēng xiàn)
信奉	(xìn fèng)
信佛	(xìn fó)
信服	(xìn fú)
信鴿	(xìn gē)
信管	(xìn guǎn)
信函	(xìn hán)
信號	(xìn hào)
信號處理	(xìn hào chǔ lǐ)
信號燈	(xìn hào dēng)
信號臺	(xìn hào tái)
信箋	(xìn jiān)
信件	(xìn jiàn)
信教	(xìn jiào)
信經	(xìn jīng)
信靠	(xìn kào)
信口	(xìn kǒu)
信口雌黃	(xìn kǒu cí huáng)
信口胡說	(xìn kǒu hú shuō)
信口開合	(xìn kǒu kāi hé)
信口開河	(xìn kǒu kāi hé)
信賴	(xìn lài)
信賴區間	(xìn lài qū jiān)
信令	(xìn lìng)
信念	(xìn niàn)
信然	(xìn rán)
信任	(xìn rèn)
信神者	(xìn shén zhě)
信實	(xìn shí)
信使	(xìn shǐ)
信使核糖核酸	(xìn shǐ hé táng hé suān)
信誓旦旦	(xìn shì dàn dàn)
信手	(xìn shǒu)
信守	(xìn shǒu)
信宿	(xìn sù)
信天翁	(xìn tiān wēng)
信天游	(xìn tiān yóu)
信條	(xìn tiáo)
信筒	(xìn tǒng)
信徒	(xìn tú)
信託	(xìn tuō)
信物	(xìn wù)
信息	(xìn xī)
信息差	(xìn xī chā)
信息管理	(xìn xī guǎn lǐ)
信息化	(xìn xī huà)
信息技術	(xìn xī jì shù)
信息繭房	(xìn xī jiǎn fáng)
信息論	(xìn xī lùn)
信息時代	(xìn xī shí dài)
信息素	(xìn xī sù)
信息圖	(xìn xī tú)
信息圖形	(xìn xī tú xíng)
信息系統	(xìn xī xì tǒng)
信息學	(xìn xī xué)
信息與通訊技術	(xìn xī yǔ tōng xùn jì shù)
信箱	(xìn xiāng)
信心	(xìn xīn)
信心百倍	(xìn xīn bǎi bèi)
信陽市	(xìn yáng shì)
信仰	(xìn yǎng)
信仰者	(xìn yǎng zhě)
信宜市	(xìn yí shì)
信以為真	(xìn yǐ wéi zhēn)
信意	(xìn yì)
信義	(xìn yì)
信義區	(xìn yì qū)
信義鄉	(xìn yì xiāng)
信用	(xìn yòng)
信用等級	(xìn yòng děng jí)
信用額	(xìn yòng é)
信用風險	(xìn yòng fēng xiǎn)
信用觀察	(xìn yòng guān chá)
信用卡	(xìn yòng kǎ)
信用評等	(xìn yòng píng děng)
信用評級	(xìn yòng píng jí)
信用社	(xìn yòng shè)
信用危機	(xìn yòng wēi jī)
信用證	(xìn yòng zhèng)
信用證券	(xìn yòng zhèng quàn)
信譽	(xìn yù)
信噪比	(xìn zào bǐ)
信札	(xìn zhá)
信紙	(xìn zhǐ)
信眾	(xìn zhòng)
信州區	(xìn zhōu qū)
信子	(xìn zi)
星	(xīng)
星巴克	(xīng bā kè)
星表	(xīng biǎo)
星冰樂	(xīng bīng lè)
星辰	(xīng chén)
星馳	(xīng chí)
星島	(xīng dǎo)
星島日報	(xīng dǎo rì bào)
星等	(xīng děng)
星斗	(xīng dǒu)
星二代	(xīng èr dài)
星官	(xīng guān)
星光	(xīng guāng)
星海爭霸	(xīng hǎi zhēng bà)
星漢	(xīng hàn)
星號	(xīng hào)
星火	(xīng huǒ)
星級	(xīng jí)
星際	(xīng jì)
星際大戰	(xīng jì dà zhàn)
星際旅行	(xīng jì lǚ xíng)
星際爭霸	(xīng jì zhēng bà)
星家	(xīng jiā)
星空	(xīng kōng)
星曆	(xīng lì)
星流電擊	(xīng liú diàn jī)
星流霆擊	(xīng liú tíng jī)
星羅棋布	(xīng luó qí bù)
星馬	(xīng mǎ)
星馬泰	(xīng mǎ tài)
星名	(xīng míng)
星命家	(xīng mìng jiā)
星盤	(xīng pán)
星期	(xīng qī)
星期二	(xīng qī èr)
星期幾	(xīng qī jǐ)
星期六	(xīng qī liù)
星期日	(xīng qī rì)
星期三	(xīng qī sān)
星期四	(xīng qī sì)
星期天	(xīng qī tiān)
星期五	(xīng qī wǔ)
星期一	(xīng qī yī)
星球	(xīng qiú)
星球大戰	(xīng qiú dà zhàn)
星群	(xīng qún)
星術	(xīng shù)
星宿	(xīng xiù)
星體	(xīng tǐ)
星條旗	(xīng tiáo qí)
星頭啄木鳥	(xīng tóu zhuó mù niǎo)
星圖	(xīng tú)
星團	(xīng tuán)
星系盤	(xīng xì pán)
星相	(xīng xiàng)
星相家	(xīng xiàng jiā)
星相師	(xīng xiàng shī)
星相十足	(xīng xiāng shí zú)
星相術	(xīng xiàng shù)
星相圖	(xīng xiàng tú)
星相學	(xīng xiàng xué)
星象	(xīng xiàng)
星象惡曜	(xīng xiàng è yào)
星象圖	(xīng xiàng tú)
星星	(xīng xing)
星星之火	(xīng xing zhī huǒ)
星星之火，可以燎原	(xīng xing zhī huǒ , kě yǐ liáo yuán)
星型網	(xīng xíng wǎng)
星鴉	(xīng yā)
星曜	(xīng yào)
星夜	(xīng yè)
星移斗轉	(xīng yí dǒu zhuǎn)
星月	(xīng yuè)
星雲	(xīng yún)
星雲表	(xīng yún biǎo)
星洲	(xīng zhōu)
星洲日報	(xīng zhōu rì bào)
星座	(xīng zuò)
星座運勢	(xīng zuò yùn shì)
惺	(xīng)
惺忪	(xīng sōng)
惺鬆	(xīng sōng)
惺惺	(xīng xīng)
惺惺相惜	(xīng xīng xiāng xī)
惺惺作態	(xīng xīng zuò tài)
曐	(xīng)
嬹	(xìng)
㽮	(xīng)
刑	(xíng)
刑案	(xíng àn)
刑部	(xíng bù)
刑場	(xíng chǎng)
刑舂	(xíng chōng)
刑罰	(xíng fá)
刑法	(xíng fǎ)
刑房	(xíng fáng)
刑警	(xíng jǐng)
刑拘	(xíng jū)
刑具	(xíng jù)
刑戮	(xíng lù)
刑律	(xíng lǜ)
刑滿	(xíng mǎn)
刑名	(xíng míng)
刑名之學	(xíng míng zhī xué)
刑期	(xíng qī)
刑求	(xíng qiú)
刑人	(xíng rén)
刑辱	(xíng rǔ)
刑事	(xíng shì)
刑事法庭	(xíng shì fǎ tíng)
刑事法院	(xíng shì fǎ yuàn)
刑事犯	(xíng shì fàn)
刑事犯罪	(xíng shì fàn zuì)
刑事警察	(xíng shì jǐng chá)
刑事警察局	(xíng shì jǐng chá jú)
刑事拘留	(xíng shì jū liú)
刑事局	(xíng shì jú)
刑事審判庭	(xíng shì shěn pàn tíng)
刑事訴訟法	(xíng shì sù sòng fǎ)
刑訴法	(xíng sù fǎ)
刑堂	(xíng táng)
刑天	(xíng tiān)
刑庭	(xíng tíng)
刑網	(xíng wǎng)
刑訊	(xíng xùn)
刑杖	(xíng zhàng)
刑偵	(xíng zhēn)
形	(xíng)
形變	(xíng biàn)
形參	(xíng cān)
形成	(xíng chéng)
形成層	(xíng chéng céng)
形單影隻	(xíng dān yǐng zhī)
形而上學	(xíng ér shàng xué)
形符	(xíng fú)
形骸	(xíng hái)
形核	(xíng hé)
形婚	(xíng hūn)
形跡	(xíng jì)
形貌	(xíng mào)
形旁	(xíng páng)
形容	(xíng róng)
形容詞	(xíng róng cí)
形容詞短語	(xíng róng cí duǎn yǔ)
形容辭	(xíng róng cí)
形色	(xíng sè)
形上	(xíng shàng)
形神	(xíng shén)
形聲	(xíng shēng)
形聲字	(xíng shēng zì)
形勝	(xíng shèng)
形式	(xíng shì)
形式發票	(xíng shì fā piào)
形式化	(xíng shì huà)
形式主義	(xíng shì zhǔ yì)
形似	(xíng sì)
形勢	(xíng shì)
形勢嚴峻	(xíng shì yán jùn)
形態	(xíng tài)
形態發生素	(xíng tài fā shēng sù)
形態學	(xíng tài xué)
形體	(xíng tǐ)
形同	(xíng tóng)
形同陌路	(xíng tóng mò lù)
形同虛設	(xíng tóng xū shè)
形象	(xíng xiàng)
形象大使	(xíng xiàng dà shǐ)
形象代言人	(xíng xiàng dài yán rén)
形象藝術	(xíng xiàng yì shù)
形像	(xíng xiàng)
形形色色	(xíng xíng sè sè)
形意拳	(xíng yì quán)
形譯	(xíng yì)
形影不離	(xíng yǐng bù lí)
形影相弔	(xíng yǐng xiāng diào)
形影相隨	(xíng yǐng xiāng suí)
形於色	(xíng yú sè)
形制	(xíng zhì)
形質	(xíng zhì)
形狀	(xíng zhuàng)
侀	(xíng)
型	(xíng)
型板	(xíng bǎn)
型別	(xíng bié)
型材	(xíng cái)
型號	(xíng hào)
型錄	(xíng lù)
型男	(xíng nán)
型式	(xíng shì)
型態	(xíng tài)
擤	(xǐng)
擤鼻涕	(xǐng bí tì)
杏	(xìng)
杏鮑菇	(xìng bào gū)
杏花村	(xìng huā cūn)
杏花嶺區	(xìng huā lǐng qū)
杏林	(xìng lín)
杏林區	(xìng lín qū)
杏仁	(xìng rén)
杏仁豆腐	(xìng rén dòu fu)
杏仁果	(xìng rén guǒ)
杏仁核	(xìng rén hé)
杏仁體	(xìng rén tǐ)
杏樹	(xìng shù)
杏眼	(xìng yǎn)
杏子	(xìng zi)
幸	(xìng)
幸而	(xìng ér)
幸福	(xìng fú)
幸福學	(xìng fú xué)
幸好	(xìng hǎo)
幸會	(xìng huì)
幸進	(xìng jìn)
幸虧	(xìng kuī)
幸甚	(xìng shèn)
幸甚至哉	(xìng shèn zhì zāi)
幸事	(xìng shì)
幸喜	(xìng xǐ)
幸運	(xìng yùn)
幸運餅乾	(xìng yùn bǐng gān)
幸運抽獎	(xìng yùn chōu jiǎng)
幸運兒	(xìng yùn ér)
幸運曲奇	(xìng yùn qū qí)
幸運信	(xìng yùn xìn)
幸災樂禍	(xìng zāi lè huò)
性	(xìng)
性愛	(xìng ài)
性暗示	(xìng àn shì)
性伴	(xìng bàn)
性伴侶	(xìng bàn lǚ)
性變態	(xìng biàn tài)
性別	(xìng bié)
性別比	(xìng bié bǐ)
性別角色	(xìng bié jué sè)
性別歧視	(xìng bié qí shì)
性別認同障礙	(xìng bié rèn tóng zhàng ài)
性病	(xìng bìng)
性產業	(xìng chǎn yè)
性成熟	(xìng chéng shú)
性衝動	(xìng chōng dòng)
性傳播	(xìng chuán bō)
性地	(xìng dì)
性短訊	(xìng duǎn xùn)
性惡論	(xìng è lùn)
性服務	(xìng fú wù)
性服務產業	(xìng fú wù chǎn yè)
性福	(xìng fú)
性感	(xìng gǎn)
性高潮	(xìng gāo cháo)
性格	(xìng gé)
性格不合	(xìng gé bù hé)
性工作	(xìng gōng zuò)
性工作者	(xìng gōng zuò zhě)
性媾	(xìng gòu)
性關係	(xìng guān xi)
性幻想	(xìng huàn xiǎng)
性賄賂	(xìng huì lù)
性伙伴	(xìng huǒ bàn)
性激素	(xìng jī sù)
性急	(xìng jí)
性疾病	(xìng jí bìng)
性價比	(xìng jià bǐ)
性健康	(xìng jiàn kāng)
性交	(xìng jiāo)
性交高潮	(xìng jiāo gāo cháo)
性交易	(xìng jiāo yì)
性教育	(xìng jiào yù)
性接觸	(xìng jiē chù)
性禁忌	(xìng jìn jì)
性快感	(xìng kuài gǎn)
性蕾期	(xìng lěi qī)
性冷淡	(xìng lěng dàn)
性冷感	(xìng lěng gǎn)
性滿足	(xìng mǎn zú)
性命	(xìng mìng)
性命攸關	(xìng mìng yōu guān)
性能	(xìng néng)
性虐待	(xìng nüè dài)
性癖	(xìng pǐ)
性偏好	(xìng piān hào)
性器	(xìng qì)
性器官	(xìng qì guān)
性器期	(xìng qì qī)
性侵	(xìng qīn)
性侵犯	(xìng qīn fàn)
性侵害	(xìng qīn hài)
性情	(xìng qíng)
性取向	(xìng qǔ xiàng)
性騷擾	(xìng sāo rǎo)
性善	(xìng shàn)
性生活	(xìng shēng huó)
性事	(xìng shì)
性同一性障礙	(xìng tóng yī xìng zhàng ài)
性玩物	(xìng wán wù)
性物戀	(xìng wù liàn)
性細胞	(xìng xì bāo)
性腺	(xìng xiàn)
性向	(xìng xiàng)
性行	(xìng xíng)
性行為	(xìng xíng wéi)
性學	(xìng xué)
性癮	(xìng yǐn)
性慾	(xìng yù)
性慾高潮	(xìng yù gāo cháo)
性樂	(xìng lè)
性張力	(xìng zhāng lì)
性指向	(xìng zhǐ xiàng)
性徵	(xìng zhēng)
性質	(xìng zhì)
性質命題	(xìng zhì mìng tí)
性轉	(xìng zhuǎn)
性狀	(xìng zhuàng)
性子	(xìng zi)
姓	(xìng)
姓蔣還是姓汪	(xìng jiǎng hái shi xìng wāng)
姓名	(xìng míng)
姓氏	(xìng shì)
倖	(xìng)
倖存	(xìng cún)
倖存者	(xìng cún zhě)
倖免	(xìng miǎn)
悻	(xìng)
悻然	(xìng rán)
悻悻	(xìng xìng)
婞	(xìng)
塂	(jiǎng)
凶	(xiōng)
凶巴巴	(xiōng bā bā)
凶暴	(xiōng bào)
凶殘	(xiōng cán)
凶黨	(xiōng dǎng)
凶多吉少	(xiōng duō jí shǎo)
凶惡	(xiōng è)
凶服	(xiōng fú)
凶光	(xiōng guāng)
凶狠	(xiōng hěn)
凶荒	(xiōng huāng)
凶年	(xiōng nián)
凶喪	(xiōng sāng)
凶事	(xiōng shì)
凶信	(xiōng xìn)
凶焰	(xiōng yàn)
凶兆	(xiōng zhào)
兄	(xiōng)
兄長	(xiōng zhǎng)
兄弟	(xiōng dì)
兄弟會	(xiōng dì huì)
兄弟姐妹	(xiōng dì jiě mèi)
兄弟鬩牆	(xiōng dì xì qiáng)
兄弟鬩於墻，外禦其侮	(xiōng dì xì yú qiáng , wài yù qí wǔ)
兄妹	(xiōng mèi)
兄嫂	(xiōng sǎo)
兄臺	(xiōng tái)
兇	(xiōng)
兇殘	(xiōng cán)
兇刀	(xiōng dāo)
兇惡	(xiōng è)
兇犯	(xiōng fàn)
兇悍	(xiōng hàn)
兇狠	(xiōng hěn)
兇狂	(xiōng kuáng)
兇戾	(xiōng lì)
兇猛	(xiōng měng)
兇器	(xiōng qì)
兇殺	(xiōng shā)
兇殺案	(xiōng shā àn)
兇煞	(xiōng shà)
兇身	(xiōng shēn)
兇神	(xiōng shén)
兇神惡煞	(xiōng shén è shà)
兇手	(xiōng shǒu)
兇死	(xiōng sǐ)
兇頑	(xiōng wán)
兇嫌	(xiōng xián)
兇險	(xiōng xiǎn)
兇相	(xiōng xiàng)
兇相畢露	(xiōng xiàng bì lù)
兇訊	(xiōng xùn)
兇宅	(xiōng zhái)
匈	(xiōng)
匈奴	(xiōng nú)
匈牙利	(xiōng yá lì)
匈牙利語	(xiōng yá lì yǔ)
匈語	(xiōng yǔ)
㐫	(xiōng)
恟	(xiōng)
敻	(xiòng)
休	(xiū)
休班	(xiū bān)
休兵	(xiū bīng)
休達	(xiū dá)
休耕	(xiū gēng)
休怪	(xiū guài)
休會	(xiū huì)
休假	(xiū jià)
休克	(xiū kè)
休倫湖	(xiū lún hú)
休旅車	(xiū lǚ chē)
休眠	(xiū mián)
休眠火山	(xiū mián huǒ shān)
休謨	(xiū mó)
休沐	(xiū mù)
休寧縣	(xiū níng xiàn)
休妻	(xiū qī)
休戚相關	(xiū qī xiāng guān)
休憩	(xiū qì)
休士頓	(xiū shì dùn)
休氏樹鶯	(xiū shì shù yīng)
休氏旋木雀	(xiū shì xuán mù què)
休市	(xiū shì)
休斯敦	(xiū sī dūn)
休斯頓	(xiū sī dùn)
休庭	(xiū tíng)
休息	(xiū xi)
休息室	(xiū xī shì)
休閒	(xiū xián)
休閒褲	(xiū xián kù)
休閒鞋	(xiū xián xié)
休想	(xiū xiǎng)
休學	(xiū xué)
休養	(xiū yǎng)
休養生息	(xiū yǎng shēng xī)
休伊特	(xiū yī tè)
休戰	(xiū zhàn)
休整	(xiū zhěng)
休止	(xiū zhǐ)
休止符	(xiū zhǐ fú)
咻	(xiū)
修	(xiū)
修編	(xiū biān)
修補	(xiū bǔ)
修補匠	(xiū bǔ jiàng)
修長	(xiū cháng)
修車	(xiū chē)
修成正果	(xiū chéng zhèng guǒ)
修辭	(xiū cí)
修辭格	(xiū cí gé)
修辭學	(xiū cí xué)
修道	(xiū dào)
修道會	(xiū dào huì)
修道士	(xiū dào shì)
修道院	(xiū dào yuàn)
修訂	(xiū dìng)
修訂版	(xiū dìng bǎn)
修訂本	(xiū dìng běn)
修訂歷史	(xiū dìng lì shǐ)
修讀	(xiū dú)
修法	(xiū fǎ)
修復	(xiū fù)
修改	(xiū gǎi)
修改稿	(xiū gǎi gǎo)
修規	(xiū guī)
修好	(xiū hǎo)
修會	(xiū huì)
修剪	(xiū jiǎn)
修建	(xiū jiàn)
修腳	(xiū jiǎo)
修腳師	(xiū jiǎo shī)
修課	(xiū kè)
修理	(xiū lǐ)
修理廠	(xiū lǐ chǎng)
修例	(xiū lì)
修煉	(xiū liàn)
修煉成仙	(xiū liàn chéng xiān)
修練	(xiū liàn)
修路	(xiū lù)
修羅	(xiū luó)
修羅場	(xiū luó chǎng)
修面	(xiū miàn)
修睦	(xiū mù)
修女	(xiū nǚ)
修齊	(xiū qí)
修葺	(xiū qì)
修繕	(xiū shàn)
修身	(xiū shēn)
修士	(xiū shì)
修飾	(xiū shì)
修飾話	(xiū shì huà)
修飾語	(xiū shì yǔ)
修手	(xiū shǒu)
修水利	(xiū shuǐ lì)
修水縣	(xiū shuǐ xiàn)
修圖	(xiū tú)
修文縣	(xiū wén xiàn)
修武縣	(xiū wǔ xiàn)
修昔底德	(xiū xī dǐ dé)
修昔底德陷阱	(xiū xī dǐ dé xiàn jǐng)
修習	(xiū xí)
修禊	(xiū xì)
修憲	(xiū xiàn)
修鞋匠	(xiū xié jiàng)
修心養性	(xiū xīn yǎng xìng)
修行	(xiū xíng)
修行人	(xiū xíng rén)
修養	(xiū yǎng)
修業	(xiū yè)
修音	(xiū yīn)
修院	(xiū yuàn)
修造	(xiū zào)
修造廠	(xiū zào chǎng)
修真	(xiū zhēn)
修整	(xiū zhěng)
修正	(xiū zhèng)
修正案	(xiū zhèng àn)
修正液	(xiū zhèng yè)
修正主義	(xiū zhèng zhǔ yì)
修指甲	(xiū zhǐ jia)
修築	(xiū zhù)
修撰	(xiū zhuàn)
修阻	(xiū zǔ)
庥	(xiū)
朽	(xiǔ)
朽蠹	(xiǔ dù)
朽壞	(xiǔ huài)
朽爛	(xiǔ làn)
朽木	(xiǔ mù)
朽木不可雕	(xiǔ mù bù kě diāo)
岫	(xiù)
岫岩滿族自治縣	(xiù yán mǎn zú zì zhì xiàn)
峀	(xiù)
嗅	(xiù)
嗅覺	(xiù jué)
嗅球	(xiù qiú)
嗅探	(xiù tàn)
嗅探犬	(xiù tàn quǎn)
嗅鹽	(xiù yán)
戌	(qu)
吁	(yù)
吁吁	(xū xū)
旴	(xū)
姁	(xǔ)
欨	(xū)
墟	(xū)
墟里	(xū lǐ)
歔	(xū)
噓	(xū)
噓寒問暖	(xū hán wèn nuǎn)
噓聲	(xū shēng)
噓噓	(xū xū)
嬃	(xū)
歘	(xū)
徐	(xú)
徐悲鴻	(xú bēi hóng)
徐步	(xú bù)
徐福	(xú fú)
徐光啟	(xú guāng qǐ)
徐緩	(xú huǎn)
徐匯區	(xú huì qū)
徐繼畬	(xú jì yú)
徐家匯	(xú jiā huì)
徐俊	(xú jùn)
徐克	(xú kè)
徐匡迪	(xú kuāng dí)
徐娘半老	(xú niáng bàn lǎo)
徐水區	(xú shuǐ qū)
徐渭	(xú wèi)
徐聞縣	(xú wén xiàn)
徐熙媛	(xú xī yuán)
徐霞客	(xú xiá kè)
徐霞客遊記	(xú xiá kè yóu jì)
徐星	(xú xīng)
徐行	(xú xíng)
徐徐	(xú xú)
徐鉉	(xú xuàn)
徐禎卿	(xú zhēn qīng)
徐志摩	(xú zhì mó)
徐州市	(xú zhōu shì)
呴	(xū)
栩	(xǔ)
栩栩	(xǔ xǔ)
栩栩如生	(xǔ xǔ rú shēng)
栩栩生輝	(xǔ xǔ shēng huī)
冔	(xǔ)
旭	(xù)
旭日	(xù rì)
序	(xù)
序跋	(xù bá)
序次	(xù cì)
序號	(xù hào)
序列	(xù liè)
序列號	(xù liè hào)
序幕	(xù mù)
序曲	(xù qǔ)
序數	(xù shù)
序文	(xù wén)
序言	(xù yán)
序章	(xù zhāng)
侐	(xù)
䘏	(xù)
卹	(xù)
昫	(xù)
恤	(xù)
恤匱	(xù kuì)
恤嫠	(xù lí)
恤衫	(xù shān)
垿	(xù)
殈	(xù)
勖	(xù)
勗	(xù)
敍	(xù)
敘	(xù)
敘舊	(xù jiù)
敘拉古	(xù lā gǔ)
敘利亞	(xù lì yà)
敘利亞文	(xù lì yà wén)
敘明	(xù míng)
敘事	(xù shì)
敘事詩	(xù shì shī)
敘事線	(xù shì xiàn)
敘述	(xù shù)
敘述性	(xù shù xìng)
敘談	(xù tán)
敘文	(xù wén)
敘言	(xù yán)
敘永縣	(xù yǒng xiàn)
敘州區	(xù zhōu qū)
壻	(xù)
喣	(xǔ)
婿	(xù)
慉	(xù)
吅	(sòng)
咺	(xuǎn)
宣	(xuān)
宣布	(xuān bù)
宣布破產	(xuān bù pò chǎn)
宣佈	(xuān bù)
宣稱	(xuān chēng)
宣城市	(xuān chéng shì)
宣傳	(xuān chuán)
宣傳部	(xuān chuán bù)
宣傳冊	(xuān chuán cè)
宣傳攻勢	(xuān chuán gōng shì)
宣傳畫	(xuān chuán huà)
宣導	(xuān dǎo)
宣道	(xuān dào)
宣讀	(xuān dú)
宣恩縣	(xuān ēn xiàn)
宣發	(xuān fā)
宣告	(xuān gào)
宣漢縣	(xuān hàn xiàn)
宣化區	(xuān huà qū)
宣講	(xuān jiǎng)
宣教	(xuān jiào)
宣介	(xuān jiè)
宣禮塔	(xuān lǐ tǎ)
宣明	(xuān míng)
宣判	(xuān pàn)
宣認	(xuān rèn)
宣示	(xuān shì)
宣誓	(xuān shì)
宣誓供詞證明	(xuān shì gòng cí zhèng míng)
宣誓就職	(xuān shì jiù zhí)
宣誓書	(xuān shì shū)
宣誓證言	(xuān shì zhèng yán)
宣統	(xuān tǒng)
宣威市	(xuān wēi shì)
宣武門	(xuān wǔ mén)
宣洩	(xuān xiè)
宣言	(xuān yán)
宣揚	(xuān yáng)
宣戰	(xuān zhàn)
宣紙	(xuān zhǐ)
宣州區	(xuān zhōu qū)
揎	(xuān)
喧	(xuān)
喧賓奪主	(xuān bīn duó zhǔ)
喧嘩	(xuān huá)
喧嘩與騷動	(xuān huá yǔ sāo dòng)
喧鬧	(xuān nào)
喧擾	(xuān rǎo)
喧騰	(xuān téng)
喧囂	(xuān xiāo)
愃	(xuān)
暄	(xuān)
暄騰	(xuān teng)
儇	(xuān)
嬛	(xuān)
旋	(xuán)
旋臂	(xuán bì)
旋風	(xuàn fēng)
旋風腳	(xuàn fēng jiǎo)
旋覆花	(xuán fù huā)
旋光	(xuán guāng)
旋花科	(xuán huā kē)
旋回	(xuán huí)
旋即	(xuán jí)
旋里	(xuán lǐ)
旋量	(xuán liàng)
旋流	(xuán liú)
旋律	(xuán lǜ)
旋木雀	(xuán mù què)
旋鈕	(xuán niǔ)
旋前肌	(xuán qián jī)
旋乾轉坤	(xuán qián zhuǎn kūn)
旋繞	(xuán rào)
旋梯	(xuán tī)
旋筒風帆	(xuán tǒng fēng fān)
旋渦	(xuán wō)
旋渦星系	(xuán wō xīng xì)
旋渦星雲	(xuán wō xīng yún)
旋渦狀	(xuán wō zhuàng)
旋舞	(xuán wǔ)
旋翼	(xuán yì)
旋淵	(xuán yuān)
旋閘	(xuán zhá)
旋踵	(xuán zhǒng)
旋轉	(xuán zhuǎn)
旋轉對稱	(xuán zhuǎn duì chèn)
旋轉極	(xuán zhuǎn jí)
旋轉角	(xuán zhuǎn jiǎo)
旋轉角速度	(xuán zhuǎn jiǎo sù dù)
旋轉烤肉	(xuán zhuǎn kǎo ròu)
旋轉力	(xuán zhuǎn lì)
旋轉門	(xuán zhuǎn mén)
旋轉木馬	(xuán zhuǎn mù mǎ)
旋轉球	(xuán zhuǎn qiú)
旋轉曲面	(xuán zhuǎn qū miàn)
旋轉台	(xuán zhuǎn tái)
旋轉運動	(xuán zhuǎn yùn dòng)
旋轉指標	(xuán zhuǎn zhǐ biāo)
旋轉軸	(xuán zhuǎn zhóu)
旋子	(xuàn zi)
嫙	(xuán)
暶	(xuán)
懸	(xuán)
懸案	(xuán àn)
懸臂	(xuán bì)
懸揣	(xuán chuǎi)
懸垂	(xuán chuí)
懸帶	(xuán dài)
懸盪	(xuán dàng)
懸而未決	(xuán ér wèi jué)
懸浮	(xuán fú)
懸浮窗	(xuán fú chuāng)
懸浮微粒	(xuán fú wēi lì)
懸浮物	(xuán fú wù)
懸掛	(xuán guà)
懸掛式滑翔	(xuán guà shì huá xiáng)
懸掛式滑翔機	(xuán guà shì huá xiáng jī)
懸河	(xuán hé)
懸壺	(xuán hú)
懸壺濟世	(xuán hú jì shì)
懸空	(xuán kōng)
懸空寺	(xuán kōng sì)
懸樑刺股	(xuán liáng cì gǔ)
懸念	(xuán niàn)
懸賞	(xuán shǎng)
懸賞令	(xuán shǎng lìng)
懸殊	(xuán shū)
懸索橋	(xuán suǒ qiáo)
懸停	(xuán tíng)
懸崖	(xuán yá)
懸崖勒馬	(xuán yá lè mǎ)
懸崖峭壁	(xuán yá qiào bì)
懸岩	(xuán yán)
懸疑	(xuán yí)
懸雍垂	(xuán yōng chuí)
晅	(xuān)
昡	(xuàn)
楦	(xuàn)
楦頭	(xuàn tou)
楦子	(xuàn zi)
削	(xiāo)
削波	(xuē bō)
削除	(xuē chú)
削髮	(xuē fà)
削籍	(xuē jí)
削價	(xuē jià)
削尖	(xiāo jiān)
削減	(xuē jiǎn)
削鉛筆	(xiāo qiān bǐ)
削鉛筆機	(xiāo qiān bǐ jī)
削球	(xiāo qiú)
削弱	(xuē ruò)
削瘦	(xuē shòu)
削職	(xuē zhí)
削職為民	(xuē zhí wéi mín)
削足適履	(xuē zú shì lǚ)
斈	(xué)
乴	(xué)
噱	(jué)
噱頭	(xué tóu)
嶨	(xué)
學	(xué)
學霸	(xué bà)
學報	(xué bào)
學步	(xué bù)
學步車	(xué bù chē)
學測	(xué cè)
學長	(xué zhǎng)
學潮	(xué cháo)
學到	(xué dào)
學弟	(xué dì)
學而不思則罔，思而不學則殆	(xué ér bù sī zé wǎng , sī ér bù xué zé dài)
學而不厭	(xué ér bù yàn)
學而不厭，誨人不倦	(xué ér bù yàn , huì rén bù juàn)
學而優則仕	(xué ér yōu zé shì)
學費	(xué fèi)
學分	(xué fēn)
學分小時	(xué fēn xiǎo shí)
學分制	(xué fēn zhì)
學風	(xué fēng)
學府	(xué fǔ)
學富五車	(xué fù wǔ chē)
學乖	(xué guāi)
學海	(xué hǎi)
學海泛舟	(xué hǎi fàn zhōu)
學海無涯	(xué hǎi wú yá)
學好	(xué hǎo)
學號	(xué hào)
學壞	(xué huài)
學會	(xué huì)
學會院士	(xué huì yuàn shì)
學級	(xué jí)
學籍	(xué jí)
學監	(xué jiān)
學姐	(xué jiě)
學界	(xué jiè)
學究	(xué jiū)
學科	(xué kē)
學理	(xué lǐ)
學力	(xué lì)
學歷	(xué lì)
學齡	(xué líng)
學妹	(xué mèi)
學門	(xué mén)
學名	(xué míng)
學名藥	(xué míng yào)
學摸	(xué mo)
學年	(xué nián)
學派	(xué pài)
學期	(xué qī)
學前班	(xué qián bān)
學前教育	(xué qián jiào yù)
學區	(xué qū)
學區房	(xué qū fáng)
學然後知不足	(xué rán hòu zhī bù zú)
學人	(xué rén)
學如逆水行舟，不進則退	(xué rú nì shuǐ xíng zhōu , bù jìn zé tuì)
學舍	(xué shè)
學生	(xué sheng)
學生t檢驗	(xué sheng t jiǎn yàn)
學生會	(xué sheng huì)
學生運動	(xué sheng yùn dòng)
學生證	(xué sheng zhèng)
學時	(xué shí)
學識	(xué shí)
學士	(xué shì)
學士學位	(xué shì xué wèi)
學術	(xué shù)
學術界	(xué shù jiè)
學術水平	(xué shù shuǐ píng)
學術自由	(xué shù zì yóu)
學說	(xué shuō)
學碩	(xué shuò)
學堂	(xué táng)
學童	(xué tóng)
學徒	(xué tú)
學位	(xué wèi)
學位論文	(xué wèi lùn wén)
學位證書	(xué wèi zhèng shū)
學問	(xué wèn)
學無止境	(xué wú zhǐ jìng)
學習	(xué xí)
學習時報	(xué xí shí bào)
學銜	(xué xián)
學校	(xué xiào)
學樣	(xué yàng)
學業	(xué yè)
學業有成	(xué yè yǒu chéng)
學醫	(xué yī)
學以致用	(xué yǐ zhì yòng)
學藝	(xué yì)
學友	(xué yǒu)
學員	(xué yuán)
學園	(xué yuán)
學院	(xué yuàn)
學院派	(xué yuàn pài)
學運	(xué yùn)
學渣	(xué zhā)
學者	(xué zhě)
學制	(xué zhì)
學子	(xué zǐ)
勛	(xūn)
勛章	(xūn zhāng)
塤	(xūn)
勲	(xūn)
勳	(xūn)
勳績	(xūn jì)
勳爵	(xūn jué)
勳業	(xūn yè)
壎	(xūn)
曛	(xūn)
廵	(xún)
旬	(xún)
旬課	(xún kè)
旬年	(xún nián)
旬期	(xún qī)
旬日	(xún rì)
旬時	(xún shí)
旬始	(xún shǐ)
旬首	(xún shǒu)
旬輸月送	(xún shū yuè sòng)
旬朔	(xún shuò)
旬歲	(xún suì)
旬陽市	(xún yáng shì)
旬邑縣	(xún yì xiàn)
巡	(xún)
巡捕	(xún bǔ)
巡捕房	(xún bǔ fáng)
巡測儀	(xún cè yí)
巡查	(xún chá)
巡撫	(xún fǔ)
巡更	(xún gēng)
巡航	(xún háng)
巡航導彈	(xún háng dǎo dàn)
巡迴	(xún huí)
巡迴法庭	(xún huí fǎ tíng)
巡迴演出	(xún huí yǎn chū)
巡警	(xún jǐng)
巡禮	(xún lǐ)
巡邏	(xún luó)
巡邏車	(xún luó chē)
巡邏船	(xún luó chuán)
巡邏隊	(xún luó duì)
巡邏艇	(xún luó tǐng)
巡視	(xún shì)
巡行	(xún xíng)
巡演	(xún yǎn)
巡洋艦	(xún yáng jiàn)
巡弋	(xún yì)
巡遊	(xún yóu)
峋	(xún)
恂	(xún)
栒	(xún)
偱	(xún)
揗	(shǔn)
循	(xún)
循道宗	(xún dào zōng)
循分	(xún fèn)
循規蹈矩	(xún guī dǎo jǔ)
循化撒拉族自治縣	(xún huà sā lā zú zì zhì xiàn)
循環	(xún huán)
循環節	(xún huán jié)
循環經濟	(xún huán jīng jì)
循環論證	(xún huán lùn zhèng)
循環賽	(xún huán sài)
循環使用	(xún huán shǐ yòng)
循環系統	(xún huán xì tǒng)
循環小數	(xún huán xiǎo shù)
循環性	(xún huán xìng)
循序	(xún xù)
循序漸進	(xún xù jiàn jìn)
循循善誘	(xún xún shàn yòu)
循著	(xún zhe)
尋	(xún)
尋寶	(xún bǎo)
尋常	(xún cháng)
尋仇	(xún chóu)
尋出	(xún chū)
尋的	(xún dì)
尋甸回族彝族自治縣	(xún diàn huí zú yí zú zì zhì xiàn)
尋短見	(xún duǎn jiàn)
尋訪	(xún fǎng)
尋根	(xún gēn)
尋根問底	(xún gēn wèn dǐ)
尋呼機	(xún hū jī)
尋花	(xún huā)
尋花問柳	(xún huā wèn liǔ)
尋歡	(xún huān)
尋歡作樂	(xún huān zuò lè)
尋回犬	(xún huí quǎn)
尋獲	(xún huò)
尋機	(xún jī)
尋開心	(xún kāi xīn)
尋覓	(xún mì)
尋摸	(xún mo)
尋求	(xún qiú)
尋事生非	(xún shì shēng fēi)
尋水術	(xún shuǐ shù)
尋思	(xún sī)
尋死	(xún sǐ)
尋味	(xún wèi)
尋問	(xún wèn)
尋烏縣	(xún wū xiàn)
尋釁	(xún xìn)
尋釁滋事罪	(xún xìn zī shì zuì)
尋找	(xún zhǎo)
尋址	(xún zhǐ)
尋租	(xún zū)
噚	(xún)
卂	(xùn)
侚	(xùn)
徇	(xùn)
徇情	(xùn qíng)
徇私枉法	(xùn sī wǎng fǎ)
徇私舞弊	(xùn sī wǔ bì)
㢲	(xùn)
殉	(xùn)
殉道	(xùn dào)
殉國	(xùn guó)
殉教	(xùn jiào)
殉節	(xùn jié)
殉難	(xùn nàn)
殉情	(xùn qíng)
殉死	(xùn sǐ)
殉葬	(xùn zàng)
殉職	(xùn zhí)
巽	(xùn)
巽他海峽	(xùn tā hǎi xiá)
巽他群島	(xùn tā qún dǎo)
巽他語	(xùn tā yǔ)
噀	(xùn)
丫	(yā)
丫巴兒	(yā bā r)
丫杈	(yā chà)
丫環	(yā huan)
丫鬟	(yā huan)
丫髻	(yā jì)
丫角	(yā jiǎo)
丫挺	(yā tǐng)
丫頭	(yā tou)
丫頭片子	(yā tou piàn zi)
押	(yā)
押寶	(yā bǎo)
押車	(yā chē)
押後	(yā hòu)
押解	(yā jiè)
押金	(yā jīn)
押平聲韻	(yā píng shēng yùn)
押沙龍	(yā shā lóng)
押送	(yā sòng)
押題	(yā tí)
押運	(yā yùn)
押運員	(yā yùn yuán)
押韻	(yā yùn)
押注	(yā zhù)
押租	(yā zū)
椏	(yā)
椏杈	(yā chà)
壓	(yā)
壓板	(yā bǎn)
壓寶	(yā bǎo)
壓扁	(yā biǎn)
壓艙石	(yā cāng shí)
壓場	(yā chǎng)
壓車	(yā chē)
壓倒	(yā dǎo)
壓倒性	(yā dǎo xìng)
壓低	(yā dī)
壓電	(yā diàn)
壓電體	(yā diàn tǐ)
壓伏	(yā fú)
壓服	(yā fú)
壓根	(yà gēn)
壓根兒	(yà gēn r)
壓花	(yā huā)
壓壞	(yā huài)
壓擠	(yā jǐ)
壓價	(yā jià)
壓緊	(yā jǐn)
壓克力	(yā kè lì)
壓垮	(yā kuǎ)
壓力	(yā lì)
壓力鍋	(yā lì guō)
壓力計	(yā lì jì)
壓力強度	(yā lì qiáng dù)
壓力容器	(yā lì róng qì)
壓力山大	(yā lì shān dà)
壓路機	(yā lù jī)
壓馬路	(yà mǎ lù)
壓埋	(yā mái)
壓迫	(yā pò)
壓強	(yā qiáng)
壓舌板	(yā shé bǎn)
壓實	(yā shí)
壓死	(yā sǐ)
壓死駱駝的最後一根稻草	(yā sǐ luò tuo de zuì hòu yī gēn dào cǎo)
壓蒜器	(yā suàn qì)
壓碎	(yā suì)
壓歲錢	(yā suì qián)
壓縮	(yā suō)
壓縮包	(yā suō bāo)
壓縮比	(yā suō bǐ)
壓縮機	(yā suō jī)
壓縮器	(yā suō qì)
壓臺戲	(yā tái xì)
壓痛	(yā tòng)
壓線	(yā xiàn)
壓線鉗	(yā xiàn qián)
壓抑	(yā yì)
壓韻	(yā yùn)
壓榨	(yā zhà)
壓陣	(yā zhèn)
壓制	(yā zhì)
壓軸戲	(yā zhòu xì)
壓住	(yā zhù)
伢	(yá)
伢崽	(yá zǎi)
伢子	(yá zi)
枒	(yá)
厓	(yá)
堐	(yá)
崖	(yá)
崖岸	(yá àn)
崖壁	(yá bì)
崖谷	(yá gǔ)
崖海鴉	(yá hǎi yā)
崖壑	(yá hè)
崖刻	(yá kè)
崖略	(yá lüè)
崖沙燕	(yá shā yàn)
崖限	(yá xiàn)
崖州	(yá zhōu)
崖州區	(yá zhōu qū)
啞	(yā)
啞巴	(yǎ ba)
啞巴吃黃連	(yǎ ba chī huáng lián)
啞巴吃黃連，有苦說不出	(yǎ ba chī huáng lián , yǒu kǔ shuō bu chū)
啞巴吃黃蓮	(yǎ ba chī huáng lián)
啞巴虧	(yǎ ba kuī)
啞點	(yǎ diǎn)
啞鼓	(yǎ gǔ)
啞光	(yǎ guāng)
啞劇	(yǎ jù)
啞口	(yǎ kǒu)
啞口無言	(yǎ kǒu wú yán)
啞鈴	(yǎ líng)
啞謎	(yǎ mí)
啞然失笑	(yǎ rán shī xiào)
啞語	(yǎ yǔ)
啞終端	(yǎ zhōng duān)
啞子	(yǎ zi)
亞	(yà)
亞巴郎	(yà bā láng)
亞比利尼	(yà bǐ lì ní)
亞比玉	(yà bǐ yù)
亞庇	(yà bì)
亞伯	(yà bó)
亞伯拉罕	(yà bó lā hǎn)
亞伯氏症	(yà bó shì zhèng)
亞琛	(yà chēn)
亞純	(yà chún)
亞達薛西	(yà dá xuē xī)
亞單位	(yà dān wèi)
亞當	(yà dāng)
亞當·斯密	(yà dāng · sī mì)
亞當斯	(yà dāng sī)
亞當斯敦	(yà dāng sī dūn)
亞得里亞海	(yà dé lǐ yà hǎi)
亞的斯亞貝巴	(yà dì sī yà bèi bā)
亞丁	(yà dīng)
亞丁灣	(yà dīng wān)
亞冬會	(yà dōng huì)
亞東縣	(yà dōng xiàn)
亞非拉	(yà fēi lā)
亞弗烈	(yà fú liè)
亞父	(yà fù)
亞該亞	(yà gāi yà)
亞綱	(yà gāng)
亞哈斯	(yà hā sī)
亞急性	(yà jí xìng)
亞健康	(yà jiàn kāng)
亞界	(yà jiè)
亞金	(yà jīn)
亞軍	(yà jūn)
亞喀巴	(yà kā bā)
亞科	(yà kē)
亞克力	(yà kè lì)
亞拉巴馬	(yà lā bā mǎ)
亞拉伯	(yà lā bó)
亞蘭	(yà lán)
亞類	(yà lèi)
亞里士多德	(yà lǐ shì duō dé)
亞里斯多德	(yà lǐ sī duō dé)
亞利安娜	(yà lì ān nà)
亞利桑那	(yà lì sāng nà)
亞利桑那州	(yà lì sāng nà zhōu)
亞利桑納州	(yà lì sāng nà zhōu)
亞歷山大	(yà lì shān dà)
亞歷山大·杜布切克	(yà lì shān dà · dù bù qiē kè)
亞歷山大大帝	(yà lì shān dà dà dì)
亞歷山大里亞	(yà lì shān dà lǐ yà)
亞歷山大鸚鵡	(yà lì shān dà yīng wǔ)
亞臨界	(yà lín jiè)
亞龍灣	(yà lóng wān)
亞倫	(yà lún)
亞羅號	(yà luó hào)
亞羅士打	(yà luó shì dǎ)
亞麻	(yà má)
亞麻布	(yà má bù)
亞麻仁	(yà má rén)
亞麻酸	(yà má suān)
亞麻子	(yà má zǐ)
亞麻籽	(yà má zǐ)
亞馬孫	(yà mǎ sūn)
亞馬孫河	(yà mǎ sūn hé)
亞馬遜	(yà mǎ xùn)
亞馬遜河	(yà mǎ xùn hé)
亞美利加	(yà měi lì jiā)
亞美利加洲	(yà měi lì jiā zhōu)
亞美尼亞	(yà měi ní yà)
亞門	(yà mén)
亞們	(yà men)
亞米拿達	(yà mǐ ná dá)
亞目	(yà mù)
亞穆蘇克羅	(yà mù sū kè luó)
亞努科維奇	(yà nǔ kē wéi qí)
亞歐大陸	(yà ōu dà lù)
亞歐大陸腹地	(yà ōu dà lù fù dì)
亞歐大陸橋	(yà ōu dà lù qiáo)
亞平寧	(yà píng nìng)
亞齊	(yà qí)
亞齊省	(yà qí shěng)
亞熱帶	(yà rè dài)
亞撒	(yà sā)
亞塞拜然	(yà sài bài rán)
亞瑟	(yà sè)
亞瑟士	(yà sè shì)
亞瑟王	(yà sè wáng)
亞砷	(yà shēn)
亞砷酸	(yà shēn suān)
亞聖	(yà shèng)
亞松森	(yà sōng sēn)
亞速爾群島	(yà sù ěr qún dǎo)
亞速海	(yà sù hǎi)
亞所	(yà suǒ)
亞太	(yà tài)
亞太地區	(yà tài dì qū)
亞太經合會	(yà tài jīng hé huì)
亞太經合組織	(yà tài jīng hé zǔ zhī)
亞太經濟合作組織	(yà tài jīng jì hé zuò zǔ zhī)
亞太區	(yà tài qū)
亞特蘭大	(yà tè lán dà)
亞鐵	(yà tiě)
亞投行	(yà tóu háng)
亞文化	(yà wén huà)
亞西爾·阿拉法特	(yà xī ěr ā lā fǎ tè)
亞細安	(yà xì ān)
亞細亞	(yà xì yà)
亞細亞洲	(yà xì yà zhōu)
亞硝胺	(yà xiāo àn)
亞硝酸	(yà xiāo suān)
亞硝酸鈉	(yà xiāo suān nà)
亞硝酸鹽	(yà xiāo suān yán)
亞硝酸異戊酯	(yà xiāo suān yì wù zhǐ)
亞型	(yà xíng)
亞裔	(yà yì)
亞音節單位	(yà yīn jié dān wèi)
亞原子	(yà yuán zǐ)
亞運	(yà yùn)
亞運村	(yà yùn cūn)
亞運會	(yà yùn huì)
亞種	(yà zhǒng)
亞洲	(yà zhōu)
亞洲杯	(yà zhōu bēi)
亞洲盃	(yà zhōu bēi)
亞洲短趾百靈	(yà zhōu duǎn zhǐ bǎi líng)
亞洲開發銀行	(yà zhōu kāi fā yín háng)
亞洲梨	(yà zhōu lí)
亞洲漠地林鶯	(yà zhōu mò dì lín yīng)
亞洲周刊	(yà zhōu zhōu kān)
亞洲足球聯合會	(yà zhōu zú qiú lián hé huì)
亞足聯	(yà zú lián)
埡	(yā)
埡口	(yā kǒu)
掗	(yà)
婭	(yà)
揠	(yà)
呀	(yā)
呀諾達	(yā nuò dá)
崦	(yān)
崦嵫	(yān zī)
傿	(yàn)
嫣	(yān)
嫣紅	(yān hóng)
嫣然	(yān rán)
嫣然一笑	(yān rán yī xiào)
嶖	(yān)
懨	(yān)
懨懨	(yān yān)
延	(yán)
延安市	(yán ān shì)
延畢	(yán bì)
延邊朝鮮族自治州	(yán biān cháo xiǎn zú zì zhì zhōu)
延邊大學	(yán biān dà xué)
延長	(yán cháng)
延長線	(yán cháng xiàn)
延長縣	(yán cháng xiàn)
延遲	(yán chí)
延川縣	(yán chuān xiàn)
延宕	(yán dàng)
延發	(yán fā)
延擱	(yán gē)
延後	(yán hòu)
延緩	(yán huǎn)
延會	(yán huì)
延吉市	(yán jí shì)
延見	(yán jiàn)
延接	(yán jiē)
延津縣	(yán jīn xiàn)
延頸企踵	(yán jǐng qǐ zhǒng)
延攬	(yán lǎn)
延綿	(yán mián)
延腦	(yán nǎo)
延年	(yán nián)
延年益壽	(yán nián yì shòu)
延聘	(yán pìn)
延平區	(yán píng qū)
延平鄉	(yán píng xiāng)
延坪島	(yán píng dǎo)
延期	(yán qī)
延期付款	(yán qī fù kuǎn)
延請	(yán qǐng)
延慶區	(yán qìng qū)
延燒	(yán shāo)
延伸	(yán shēn)
延時攝影	(yán shí shè yǐng)
延壽	(yán shòu)
延壽縣	(yán shòu xiàn)
延髓	(yán suǐ)
延誤	(yán wù)
延誤費	(yán wu fèi)
延禧攻略	(yán xǐ gōng lüè)
延性	(yán xìng)
延續	(yán xù)
延音線	(yán yīn xiàn)
延展	(yán zhǎn)
延展性	(yán zhǎn xìng)
㳂	(yán)
妍	(yán)
妍麗	(yán lì)
岩	(yán)
岩濱鷸	(yán bīn yù)
岩倉	(yán cāng)
岩倉使節團	(yán cāng shǐ jié tuán)
岩層	(yán céng)
岩鴿	(yán gē)
岩壑	(yán hè)
岩漿	(yán jiāng)
岩漿流	(yán jiāng liú)
岩漿岩	(yán jiāng yán)
岩降	(yán jiàng)
岩徑	(yán jìng)
岩雷鳥	(yán léi niǎo)
岩流圈	(yán liú quān)
岩鷺	(yán lù)
岩崎	(yán qí)
岩溶	(yán róng)
岩沙海葵毒素	(yán shā hǎi kuí dú sù)
岩石	(yán shí)
岩石層	(yán shí céng)
岩石圈	(yán shí quān)
岩石學	(yán shí xué)
岩手	(yán shǒu)
岩土體	(yán tǔ tǐ)
岩屑	(yán xiè)
岩穴	(yán xué)
岩鹽	(yán yán)
岩燕	(yán yàn)
岩羊	(yán yáng)
炎	(yán)
姸	(yán)
啱	(yān)
喦	(niè)
嵒	(yán)
嵓	(yán)
揅	(yán)
檐	(yán)
檐廊	(yán láng)
嚴	(yán)
嚴查	(yán chá)
嚴懲	(yán chéng)
嚴懲不貸	(yán chéng bù dài)
嚴斥	(yán chì)
嚴飭	(yán chì)
嚴詞	(yán cí)
嚴慈	(yán cí)
嚴辭	(yán cí)
嚴打	(yán dǎ)
嚴島	(yán dǎo)
嚴島神社	(yán dǎo shén shè)
嚴冬	(yán dōng)
嚴防	(yán fáng)
嚴父	(yán fù)
嚴復	(yán fù)
嚴格	(yán gé)
嚴格隔離	(yán gé gé lí)
嚴格來講	(yán gé lái jiǎng)
嚴格來說	(yán gé lái shuō)
嚴寒	(yán hán)
嚴加	(yán jiā)
嚴緊	(yán jǐn)
嚴謹	(yán jǐn)
嚴禁	(yán jìn)
嚴峻	(yán jùn)
嚴苛	(yán kē)
嚴控	(yán kòng)
嚴酷	(yán kù)
嚴了眼兒	(yán le yǎn r)
嚴厲	(yán lì)
嚴厲打擊	(yán lì dǎ jī)
嚴厲批評	(yán lì pī píng)
嚴密	(yán mì)
嚴明	(yán míng)
嚴實	(yán shi)
嚴守	(yán shǒu)
嚴絲合縫	(yán sī hé fèng)
嚴肅	(yán sù)
嚴刑	(yán xíng)
嚴刑拷打	(yán xíng kǎo dǎ)
嚴嚴實實	(yán yán shí shí)
嚴以律己	(yán yǐ lǜ jǐ)
嚴於律己	(yán yú lǜ jǐ)
嚴整	(yán zhěng)
嚴正	(yán zhèng)
嚴重	(yán zhòng)
嚴重關切	(yán zhòng guān qiè)
嚴重後果	(yán zhòng hòu guǒ)
嚴重急性呼吸系統綜合症	(yán zhòng jí xìng hū xī xì tǒng zōng hé zhèng)
嚴重問題	(yán zhòng wèn tí)
嚴重性	(yán zhòng xìng)
巖	(yán)
巖層	(yán céng)
巖床	(yán chuáng)
巖畫	(yán huà)
巗	(yán)
奄	(yǎn)
奄列	(yǎn liè)
奄奄一息	(yǎn yǎn yī xī)
匽	(yǎn)
弇	(yǎn)
兗	(yǎn)
兗州區	(yǎn zhōu qū)
掩	(yǎn)
掩蔽	(yǎn bì)
掩藏	(yǎn cáng)
掩耳	(yǎn ěr)
掩耳盜鈴	(yǎn ěr dào líng)
掩蓋	(yǎn gài)
掩護	(yǎn hù)
掩卷	(yǎn juàn)
掩碼	(yǎn mǎ)
掩埋	(yǎn mái)
掩面而泣	(yǎn miàn ér qì)
掩人耳目	(yǎn rén ěr mù)
掩殺	(yǎn shā)
掩飾	(yǎn shì)
掩體	(yǎn tǐ)
掩樣法	(yǎn yàng fǎ)
掩映	(yǎn yìng)
偃	(yǎn)
偃旗息鼓	(yǎn qí xī gǔ)
偃師區	(yǎn shī qū)
偃息	(yǎn xī)
揜	(yǎn)
扊	(yǎn)
戭	(yǎn)
噞	(yǎn)
厴	(yǎn)
儼	(yǎn)
儼然	(yǎn rán)
儼如	(yǎn rú)
巘	(yǎn)
巚	(yǎn)
咽	(yān)
咽鼓管	(yān gǔ guǎn)
咽喉	(yān hóu)
咽頭	(yān tóu)
咽峽	(yān xiá)
咽峽炎	(yān xiá yán)
咽炎	(yān yán)
彥	(yàn)
晏	(yàn)
晏駕	(yàn jià)
晏平仲	(yàn píng zhòng)
晏嬰	(yàn yīng)
晏子	(yàn zǐ)
晏子春秋	(yàn zǐ chūn qiū)
唁	(yàn)
唁電	(yàn diàn)
唁函	(yàn hán)
唁勞	(yàn láo)
唁信	(yàn xìn)
宴	(yàn)
宴會	(yàn huì)
宴會廳	(yàn huì tīng)
宴客	(yàn kè)
宴請	(yàn qǐng)
宴席	(yàn xí)
宴饗	(yàn xiǎng)
宴飲	(yàn yǐn)
宴樂	(yàn lè)
掞	(shàn)
堰	(yàn)
堰塞湖	(yàn sè hú)
堰蜓座	(yàn tíng zuò)
喭	(yàn)
厭	(yàn)
厭薄	(yàn bó)
厭惡	(yàn wù)
厭煩	(yàn fán)
厭恨	(yàn hèn)
厭倦	(yàn juàn)
厭酷球孢子菌	(yàn kù qiú bāo zǐ jūn)
厭膩	(yàn nì)
厭女	(yàn nǚ)
厭女症	(yàn nǚ zhèng)
厭氣	(yàn qì)
厭棄	(yàn qì)
厭食	(yàn shí)
厭食症	(yàn shí zhèng)
厭世	(yàn shì)
厭學	(yàn xué)
厭氧	(yàn yǎng)
厭氧菌	(yàn yǎng jūn)
厭戰	(yàn zhàn)
嚥	(yàn)
嚥氣	(yàn qì)
嚥下	(yàn xià)
嚥下困難	(yàn xià kùn nán)
嚥住	(yàn zhù)
嬿	(yàn)
央	(yāng)
央財	(yāng cái)
央告	(yāng gao)
央及	(yāng jí)
央企	(yāng qǐ)
央求	(yāng qiú)
央人	(yāng rén)
央視	(yāng shì)
央託	(yāng tuō)
央行	(yāng háng)
央中	(yāng zhōng)
殃	(yāng)
殃及	(yāng jí)
佯	(yáng)
佯狂	(yáng kuáng)
佯言	(yáng yán)
佯裝	(yáng zhuāng)
垟	(yáng)
昜	(yáng)
徉	(yáng)
揚	(yáng)
揚鞭	(yáng biān)
揚菜	(yáng cài)
揚長	(yáng cháng)
揚長避短	(yáng cháng bì duǎn)
揚長而去	(yáng cháng ér qù)
揚帆	(yáng fān)
揚帆遠航	(yáng fān yuǎn háng)
揚幡招魂	(yáng fān zhāo hún)
揚穀	(yáng gǔ)
揚基	(yáng jī)
揚科維奇	(yáng kē wéi qí)
揚眉	(yáng méi)
揚名	(yáng míng)
揚名四海	(yáng míng sì hǎi)
揚起	(yáng qǐ)
揚琴	(yáng qín)
揚清激濁	(yáng qīng jī zhuó)
揚聲器	(yáng shēng qì)
揚雄	(yáng xióng)
揚言	(yáng yán)
揚抑格	(yáng yì gé)
揚召	(yáng zhào)
揚中市	(yáng zhōng shì)
揚州炒飯	(yáng zhōu chǎo fàn)
揚州市	(yáng zhōu shì)
揚子鱷	(yáng zǐ è)
揚子江	(yáng zǐ jiāng)
楊	(yáng)
楊百翰	(yáng bǎi hàn)
楊百翰大學	(yáng bǎi hàn dà xué)
楊寶森	(yáng bǎo sēn)
楊斌	(yáng bīn)
楊采妮	(yáng cǎi nī)
楊丞琳	(yáng chéng lín)
楊澄中	(yáng chéng zhōng)
楊福家	(yáng fú jiā)
楊貴妃	(yáng guì fēi)
楊過	(yáng guò)
楊虎城	(yáng hǔ chéng)
楊家將	(yáng jiā jiàng)
楊建利	(yáng jiàn lì)
楊炯	(yáng jiǒng)
楊俊	(yáng jùn)
楊開慧	(yáng kāi huì)
楊瀾	(yáng lán)
楊利偉	(yáng lì wěi)
楊陵區	(yáng líng qū)
楊柳	(yáng liǔ)
楊梅	(yáng méi)
楊凝式	(yáng níng shì)
楊浦區	(yáng pǔ qū)
楊銳	(yáng ruì)
楊森	(yáng sēn)
楊尚昆	(yáng shàng kūn)
楊守仁	(yáng shǒu rén)
楊樹	(yáng shù)
楊樹菇	(yáng shù gū)
楊桃	(yáng táo)
楊維	(yáng wéi)
楊秀清	(yáng xiù qīng)
楊業	(yáng yè)
楊億	(yáng yì)
楊玉環	(yáng yù huán)
楊月清	(yáng yuè qīng)
楊致遠	(yáng zhì yuǎn)
楊朱	(yáng zhū)
敭	(yáng)
暘	(yáng)
仰	(yǎng)
仰光大金塔	(yǎng guāng dà jīn tǎ)
仰角	(yǎng jiǎo)
仰賴	(yǎng lài)
仰慕	(yǎng mù)
仰人鼻息	(yǎng rén bí xī)
仰韶	(yǎng sháo)
仰韶文化	(yǎng sháo wén huà)
仰視	(yǎng shì)
仰躺	(yǎng tǎng)
仰天	(yǎng tiān)
仰頭	(yǎng tóu)
仰望	(yǎng wàng)
仰臥	(yǎng wò)
仰臥起坐	(yǎng wò qǐ zuò)
仰臥式	(yǎng wò shì)
仰屋	(yǎng wū)
仰屋興嘆	(yǎng wū xīng tàn)
仰屋著書	(yǎng wū zhù shū)
仰泳	(yǎng yǒng)
仰仗	(yǎng zhàng)
坱	(yǎng)
怏	(yàng)
恙	(yàng)
恙蟲病	(yàng chóng bìng)
樣	(yàng)
樣板	(yàng bǎn)
樣板戲	(yàng bǎn xì)
樣本	(yàng běn)
樣單	(yàng dān)
樣機	(yàng jī)
樣例	(yàng lì)
樣貌	(yàng mào)
樣品	(yàng pǐn)
樣式	(yàng shì)
樣條函數	(yàng tiáo hán shù)
樣樣	(yàng yàng)
樣章	(yàng zhāng)
樣張	(yàng zhāng)
樣子	(yàng zi)
夭	(yāo)
夭殤	(yāo shāng)
夭壽	(yāo shòu)
夭亡	(yāo wáng)
夭折	(yāo zhé)
吆	(yāo)
吆喊	(yāo hǎn)
吆喝	(yāo he)
吆呼	(yāo hū)
吆五喝六	(yāo wǔ hè liù)
妖	(yāo)
妖蛾子	(yāo é zi)
妖風	(yāo fēng)
妖婦	(yāo fù)
妖怪	(yāo guài)
妖姬	(yāo jī)
妖精	(yāo jing)
妖媚	(yāo mèi)
妖魔	(yāo mó)
妖魔鬼怪	(yāo mó guǐ guài)
妖魔化	(yāo mó huà)
妖孽	(yāo niè)
妖女	(yāo nǚ)
妖氣	(yāo qì)
妖嬈	(yāo ráo)
妖人	(yāo rén)
妖術	(yāo shù)
妖術師	(yāo shù shī)
妖物	(yāo wù)
妖邪	(yāo xié)
妖言	(yāo yán)
妖言惑眾	(yāo yán huò zhòng)
妖艷	(yāo yàn)
妖冶	(yāo yě)
殀	(yāo)
喓	(yāo)
垚	(yáo)
姚	(yáo)
姚安縣	(yáo ān xiàn)
姚思廉	(yáo sī lián)
姚文元	(yáo wén yuán)
姚雪垠	(yáo xuě yín)
堯	(yáo)
堯都區	(yáo dū qū)
傜	(yáo)
殽	(xiáo)
搖	(yáo)
搖擺	(yáo bǎi)
搖擺不定	(yáo bǎi bù dìng)
搖擺舞	(yáo bǎi wǔ)
搖擺樂	(yáo bǎi yuè)
搖擺州	(yáo bǎi zhōu)
搖筆桿	(yáo bǐ gǎn)
搖臂	(yáo bì)
搖船	(yáo chuán)
搖電話	(yáo diàn huà)
搖動	(yáo dòng)
搖桿	(yáo gǎn)
搖光	(yáo guāng)
搖滾	(yáo gǔn)
搖滾樂	(yáo gǔn yuè)
搖撼	(yáo hàn)
搖號	(yáo hào)
搖晃	(yáo huàng)
搖獎	(yáo jiǎng)
搖籃	(yáo lán)
搖籃曲	(yáo lán qǔ)
搖粒絨	(yáo lì róng)
搖櫓	(yáo lǔ)
搖櫓船	(yáo lǔ chuán)
搖旗吶喊	(yáo qí nà hǎn)
搖錢樹	(yáo qián shù)
搖人	(yáo rén)
搖身	(yáo shēn)
搖身一變	(yáo shēn yī biàn)
搖手	(yáo shǒu)
搖頭	(yáo tóu)
搖頭擺尾	(yáo tóu bǎi wěi)
搖頭丸	(yáo tóu wán)
搖尾乞憐	(yáo wěi qǐ lián)
搖醒	(yáo xǐng)
搖搖擺擺	(yáo yáo bǎi bǎi)
搖搖車	(yáo yáo chē)
搖搖欲墜	(yáo yáo yù zhuì)
搖曳	(yáo yè)
搖曳多姿	(yáo yè duō zī)
搖椅	(yáo yǐ)
搖勻	(yáo yún)
搖戰	(yáo zhàn)
徭	(yáo)
徭役	(yáo yì)
愮	(yáo)
嶢	(yáo)
杳	(yǎo)
杳靄	(yǎo ǎi)
杳茫	(yǎo máng)
杳眇	(yǎo miǎo)
杳渺	(yǎo miǎo)
杳冥	(yǎo míng)
杳然	(yǎo rán)
杳如黃鶴	(yǎo rú huáng hè)
杳無人跡	(yǎo wú rén jì)
杳無音信	(yǎo wú yīn xìn)
杳杳	(yǎo yǎo)
咬	(yǎo)
咬唇妝	(yǎo chún zhuāng)
咬定	(yǎo dìng)
咬耳朵	(yǎo ěr duo)
咬鉤	(yǎo gōu)
咬合	(yǎo hé)
咬痕	(yǎo hén)
咬甲癖	(yǎo jiǎ pǐ)
咬緊牙關	(yǎo jǐn yá guān)
咬嚼	(yǎo jiáo)
咬嚙	(yǎo niè)
咬齧	(yǎo niè)
咬人的狗不露齒	(yǎo rén de gǒu bù lòu chǐ)
咬人狗兒不露齒	(yǎo rén gǒu r bù lù chǐ)
咬傷	(yǎo shāng)
咬舌自盡	(yǎo shé zì jìn)
咬文嚼字	(yǎo wén jiáo zì)
咬牙	(yǎo yá)
咬牙切齒	(yǎo yá qiè chǐ)
咬著耳朵	(yǎo zhe ěr duo)
咬字	(yǎo zì)
婹	(yǎo)
曜	(yào)
倻	(yē)
掖	(yè)
掖咕	(yē gu)
掖門	(yè mén)
掖庭	(yè tíng)
掖掖蓋蓋	(yē yē gài gài)
掖垣	(yè yuán)
椰	(yē)
椰菜	(yē cài)
椰菜花	(yē cài huā)
椰果	(yē guǒ)
椰皇	(yē huáng)
椰漿	(yē jiāng)
椰林	(yē lín)
椰林飄香	(yē lín piāo xiāng)
椰奶	(yē nǎi)
椰殼	(yē ké)
椰殼纖維	(yē ké xiān wéi)
椰青	(yē qīng)
椰蓉	(yē róng)
椰絲	(yē sī)
椰油	(yē yóu)
椰棗	(yē zǎo)
椰汁	(yē zhī)
椰子	(yē zi)
椰子貓	(yē zi māo)
椰子蟹	(yē zi xiè)
椰子汁	(yē zi zhī)
暍	(hè)
噎	(yē)
噎死	(yē sǐ)
噎住	(yē zhù)
捓	(yé)
揶	(yé)
揶揄	(yé yú)
擨	(yé)
也	(yě)
也罷	(yě bà)
也好	(yě hǎo)
也好不到哪裡去	(yě hǎo bù dào nǎ lǐ qù)
也好不了多少	(yě hǎo bu liǎo duō shǎo)
也許	(yě xǔ)
也就是	(yě jiù shì)
也就是說	(yě jiù shì shuō)
也門	(yě mén)
也有今天	(yě yǒu jīn tiān)
吔	(yē)
冶	(yě)
冶蕩	(yě dàng)
冶金	(yě jīn)
冶金學	(yě jīn xué)
冶煉	(yě liàn)
冶煉爐	(yě liàn lú)
冶容	(yě róng)
冶天	(yě tiān)
冶艷	(yě yàn)
冶遊	(yě yóu)
冶鑄	(yě zhù)
埜	(yě)
嘢	(yě)
叶	(xié)
叶韻	(xié yùn)
曳	(yè)
曳步舞	(yè bù wǔ)
曳光彈	(yè guāng dàn)
曳尾鸌	(yè wěi hù)
曳引車	(yè yǐn chē)
抴	(yè)
夜	(yè)
夜班	(yè bān)
夜半	(yè bàn)
夜不閉戶	(yè bù bì hù)
夜不成眠	(yè bù chéng mián)
夜不歸宿	(yè bù guī sù)
夜叉	(yè chā)
夜場	(yè chǎng)
夜床服務	(yè chuáng fú wù)
夜大	(yè dà)
夜大學	(yè dà xué)
夜店	(yè diàn)
夜飯	(yè fàn)
夜光	(yè guāng)
夜壺	(yè hú)
夜間	(yè jiān)
夜間部	(yè jiān bù)
夜驚	(yè jīng)
夜景	(yè jǐng)
夜開花	(yè kāi huā)
夜空	(yè kōng)
夜來香	(yè lái xiāng)
夜闌	(yè lán)
夜闌人靜	(yè lán rén jìng)
夜闌珊	(yè lán shān)
夜郎	(yè láng)
夜郎自大	(yè láng zì dà)
夜裡	(yè li)
夜鷺	(yè lù)
夜盲	(yè máng)
夜盲症	(yè máng zhèng)
夜貓子	(yè māo zi)
夜幕	(yè mù)
夜幕低垂	(yè mù dī chuí)
夜幕降臨	(yè mù jiàng lín)
夜鳥	(yè niǎo)
夜跑	(yè pǎo)
夜盆兒	(yè pén r)
夜曲	(yè qǔ)
夜色	(yè sè)
夜色蒼茫	(yè sè cāng máng)
夜深人靜	(yè shēn rén jìng)
夜神仙	(yè shén xiān)
夜生活	(yè shēng huó)
夜市	(yè shì)
夜視	(yè shì)
夜視鏡	(yè shì jìng)
夜視儀	(yè shì yí)
夜晚	(yè wǎn)
夜襲	(yè xí)
夜香木	(yè xiāng mù)
夜消	(yè xiāo)
夜宵	(yè xiāo)
夜宵兒	(yè xiāo r)
夜梟	(yè xiāo)
夜校	(yè xiào)
夜行	(yè xíng)
夜行軍	(yè xíng jūn)
夜行性	(yè xíng xìng)
夜行晝伏	(yè xíng zhòu fú)
夜夜	(yè yè)
夜以繼日	(yè yǐ jì rì)
夜鶯	(yè yīng)
夜鷹	(yè yīng)
夜遊	(yè yóu)
夜遊症	(yè yóu zhèng)
夜總會	(yè zǒng huì)
亱	(yè)
堨	(è)
殗	(yè)
殗殜	(yè dié)
楪	(dié)
業	(yè)
業大	(yè dà)
業根	(yè gēn)
業海	(yè hǎi)
業荒於嬉	(yè huāng yú xī)
業績	(yè jì)
業界	(yè jiè)
業界標準	(yè jiè biāo zhǔn)
業經	(yè jīng)
業精於勤	(yè jīng yú qín)
業力	(yè lì)
業龍	(yè lóng)
業滿	(yè mǎn)
業內	(yè nèi)
業配	(yè pèi)
業配文	(yè pèi wén)
業師	(yè shī)
業態	(yè tài)
業務	(yè wù)
業務員	(yè wù yuán)
業已	(yè yǐ)
業餘	(yè yú)
業餘愛好者	(yè yú ài hào zhě)
業餘大學	(yè yú dà xué)
業餘教育	(yè yú jiào yù)
業餘者	(yè yú zhě)
業障	(yè zhàng)
業者	(yè zhě)
業主	(yè zhǔ)
曄	(yè)
擖	(gě)
㷸	(yè)
嶫	(yè)
擫	(yè)
一	(yī)
一把好手	(yī bǎ hǎo shǒu)
一把年紀	(yī bǎ nián jì)
一把屎一把尿	(yī bǎ shǐ yī bǎ niào)
一把手	(yī bǎ shǒu)
一把死拿	(yī bǎ sǐ ná)
一把眼淚一把鼻涕	(yī bǎ yǎn lèi yī bǎ bí tì)
一把鑰匙開一把鎖	(yī bǎ yào shi kāi yī bǎ suǒ)
一把抓	(yī bǎ zhuā)
一百一	(yī bǎi yī)
一敗塗地	(yī bài tú dì)
一般	(yī bān)
一般般	(yī bān bān)
一般而言	(yī bān ér yán)
一般規定	(yī bān guī dìng)
一般見識	(yī bān jiàn shi)
一般來講	(yī bān lái jiǎng)
一般來說	(yī bān lái shuō)
一般貿易	(yī bān mào yì)
一般人	(yī bān rén)
一般說來	(yī bān shuō lái)
一般性	(yī bān xìng)
一般原則	(yī bān yuán zé)
一斑	(yī bān)
一板三眼	(yī bǎn sān yǎn)
一板一眼	(yī bǎn yī yǎn)
一半	(yī bàn)
一半天	(yī bàn tiān)
一飽眼福	(yī bǎo yǎn fú)
一暴十寒	(yī pù shí hán)
一杯羹	(yī bēi gēng)
一輩子	(yī bèi zi)
一本萬利	(yī běn wàn lì)
一本正經	(yī běn zhèng jīng)
一鼻孔出氣	(yī bí kǒng chū qì)
一筆不苟	(yī bǐ bù gǒu)
一筆帶過	(yī bǐ dài guò)
一筆勾銷	(yī bǐ gōu xiāo)
一筆抹殺	(yī bǐ mǒ shā)
一筆抹煞	(yī bǐ mǒ shā)
一壁	(yī bì)
一邊	(yī biān)
一邊倒	(yī biān dǎo)
一遍	(yī biàn)
一遍又一遍	(yī biàn yòu yī biàn)
一秉虔誠	(yī bǐng qián chéng)
一併	(yī bìng)
一並	(yī bìng)
一病不起	(yī bìng bù qǐ)
一波三折	(yī bō sān zhé)
一波未平，一波又起	(yī bō wèi píng , yī bō yòu qǐ)
一撥兒	(yī bō r)
一不小心	(yī bù xiǎo xīn)
一不做，二不休	(yī bù zuò , èr bù xiū)
一步到位	(yī bù dào wèi)
一步登天	(yī bù dēng tiān)
一步裙	(yī bù qún)
一步一個腳印	(yī bù yī gè jiǎo yìn)
一部二十四史，不知從何說起	(yī bù èr shí sì shǐ , bù zhī cóng hé shuō qǐ)
一部分	(yī bù fen)
一側化	(yī cè huà)
一層	(yī céng)
一長一短	(yī cháng yī duǎn)
一場空	(yī cháng kōng)
一倡三嘆	(yī chàng sān tàn)
一唱三嘆	(yī chàng sān tàn)
一唱一和	(yī chàng yī hè)
一朝被蛇咬，十年怕井繩	(yī zhāo bèi shé yǎo , shí nián pà jǐng shéng)
一朝天子一朝臣	(yī cháo tiān zǐ yī cháo chén)
一朝一夕	(yī zhāo yī xī)
一塵不染	(yī chén bù rǎn)
一成不變	(yī chéng bù biàn)
一逞獸欲	(yī chěng shòu yù)
一籌莫展	(yī chóu mò zhǎn)
一觸即發	(yī chù jí fā)
一觸即潰	(yī chù jí kuì)
一傳十，十傳百	(yī chuán shí , shí chuán bǎi)
一槌定音	(yī chuí dìng yīn)
一錘定音	(yī chuí dìng yīn)
一錘子買賣	(yī chuí zi mǎi mài)
一辭莫贊	(yī cí mò zàn)
一次	(yī cì)
一次方程	(yī cì fāng chéng)
一次方程式	(yī cì fāng chéng shì)
一次函數	(yī cì hán shù)
一次生，兩次熟	(yī cì shēng , liǎng cì shú)
一次性	(yī cì xìng)
一次又一次	(yī cì yòu yī cì)
一次總付	(yī cì zǒng fù)
一蹴而就	(yī cù ér jiù)
一蹴即至	(yī cù jí zhì)
一蹴可幾	(yī cù kě jī)
一寸光陰一寸金	(yī cùn guāng yīn yī cùn jīn)
一寸光陰一寸金，寸金難買寸光陰	(yī cùn guāng yīn yī cùn jīn , cùn jīn nán mǎi cùn guāng yīn)
一錯再錯	(yī cuò zài cuò)
一打	(yī dá)
一大通	(yī dà tōng)
一大早	(yī dà zǎo)
一大早兒	(yī dà zǎo r)
一代	(yī dài)
一代不如一代	(yī dài bù rú yī dài)
一帶	(yī dài)
一帶而過	(yī dài ér guò)
一旦	(yī dàn)
一彈指頃	(yī tán zhǐ qǐng)
一黨	(yī dǎng)
一黨專制	(yī dǎng zhuān zhì)
一刀兩斷	(yī dāo liǎng duàn)
一刀切	(yī dāo qiē)
一道	(yī dào)
一地雞毛	(yī dì jī máo)
一等	(yī děng)
一等獎	(yī děng jiǎng)
一等一	(yī děng yī)
一遞一個	(yī dì yī gè)
一遞一聲	(yī dì yī shēng)
一點	(yī diǎn)
一點不	(yī diǎn bù)
一點點	(yī diǎn diǎn)
一點兒	(yī diǎn r)
一點就通	(yī diǎn jiù tōng)
一點水一個泡	(yī diǎn shuǐ yī gè pào)
一點一滴	(yī diǎn yī dī)
一點一點	(yī diǎn yī diǎn)
一丁不識	(yī dīng bù shí)
一丁點	(yī dīng diǎn)
一定	(yī dìng)
一丟丟	(yī diū diū)
一東一西	(yī dōng yī xī)
一動不動	(yī dòng bù dòng)
一睹	(yī dǔ)
一肚皮	(yī dù pí)
一肚子	(yī dù zi)
一度	(yī dù)
一堆	(yī duī)
一對	(yī duì)
一對兒	(yī duì r)
一對一	(yī duì yī)
一對一鬥牛	(yī duì yī dòu niú)
一多對應	(yī duō duì yìng)
一而再，再而三	(yī ér zài , zài ér sān)
一二	(yī èr)
一發	(yī fā)
一發不可收拾	(yī fā bù kě shōu shi)
一發而不可收	(yī fā ér bù kě shōu)
一帆風順	(yī fān fēng shùn)
一反常態	(yī fǎn cháng tài)
一反往常	(yī fǎn wǎng cháng)
一犯再犯	(yī fàn zài fàn)
一方	(yī fāng)
一方面	(yī fāng miàn)
一房一廳	(yī fáng yī tīng)
一分耕耘，一分收穫	(yī fēn gēng yún , yī fēn shōu huò)
一分錢兩分貨	(yī fēn qián liǎng fēn huò)
一分錢一分貨	(yī fēn qián yī fēn huò)
一分熟	(yī fēn shú)
一分為二	(yī fēn wéi èr)
一分一毫	(yī fēn yī háo)
一夫當關，萬夫莫開	(yī fū dāng guān , wàn fū mò kāi)
一夫多妻	(yī fū duō qī)
一夫一妻	(yī fū yī qī)
一改故轍	(yī gǎi gù zhé)
一改再改	(yī gǎi zài gǎi)
一概	(yī gài)
一概而論	(yī gài ér lùn)
一桿進洞	(yī gān jìn dòng)
一哥	(yī gē)
一個	(yī ge)
一個巴掌拍不響	(yī ge bā zhǎng pāi bù xiǎng)
一個半	(yī ge bàn)
一個個	(yī gè gè)
一個將軍一個令	(yī gè jiāng jūn yī gè lìng)
一個接一個	(yī ge jiē yī ge)
一個勁	(yī gè jìn)
一個勁兒	(yī gè jìn r)
一個蘿蔔一個坑	(yī gè luó bo yī gè kēng)
一個人	(yī gè rén)
一個天南，一個地北	(yī ge tiān nán , yī ge dì běi)
一個頭兩個大	(yī ge tóu liǎng ge dà)
一個樣	(yī ge yàng)
一個中國政策	(yī gè zhōng guó zhèng cè)
一根筋	(yī gēn jīn)
一共	(yī gòng)
一古腦兒	(yī gǔ nǎo r)
一股腦	(yī gǔ nǎo)
一股腦兒	(yī gǔ nǎo r)
一股清流	(yī gǔ qīng liú)
一股子	(yī gǔ zi)
一骨碌	(yī gū lu)
一鼓作氣	(yī gǔ zuò qì)
一貫	(yī guàn)
一棍子打死	(yī gùn zi dǎ sǐ)
一鍋粥	(yī guō zhōu)
一國兩制	(yī guó liǎng zhì)
一過性	(yī guò xìng)
一號	(yī hào)
一號電池	(yī hào diàn chí)
一號木桿	(yī hào mù gān)
一黑早	(yī hēi zǎo)
一哄而起	(yī hōng ér qǐ)
一哄而散	(yī hōng ér sàn)
一呼百諾	(yī hū bǎi nuò)
一呼百應	(yī hū bǎi yìng)
一晃	(yī huǎng)
一揮而就	(yī huī ér jiù)
一回生二回熟	(yī huí shēng èr huí shú)
一回事	(yī huí shì)
一會	(yī huì)
一會兒	(yī huì r)
一擊入洞	(yī jī rù dòng)
一級	(yī jí)
一級棒	(yī jí bàng)
一級方程式	(yī jí fāng chéng shì)
一級士官	(yī jí shì guān)
一級頭	(yī jí tóu)
一己	(yī jǐ)
一技之長	(yī jì zhī cháng)
一家	(yī jiā)
一家人	(yī jiā rén)
一家人不說兩家話	(yī jiā rén bù shuō liǎng jiā huà)
一家之主	(yī jiā zhī zhǔ)
一家子	(yī jiā zi)
一甲子	(yī jiǎ zǐ)
一價	(yī jià)
一見高低	(yī jiàn gāo dī)
一見傾心	(yī jiàn qīng xīn)
一見如故	(yī jiàn rú gù)
一見鍾情	(yī jiàn zhōng qíng)
一箭雙鵰	(yī jiàn shuāng diāo)
一箭之仇	(yī jiàn zhī chóu)
一角鯨	(yī jiǎo jīng)
一較高下	(yī jiào gāo xià)
一姐	(yī jiě)
一介不取	(yī jiè bù qǔ)
一經	(yī jīng)
一驚一乍	(yī jīng yī zhà)
一徑	(yī jìng)
一掬同情之淚	(yī jū tóng qíng zhī lèi)
一舉	(yī jǔ)
一舉成功	(yī jǔ chéng gōng)
一舉兩得	(yī jǔ liǎng dé)
一舉手一投足	(yī jǔ shǒu yī tóu zú)
一舉一動	(yī jǔ yī dòng)
一句	(yī jù)
一句話	(yī jù huà)
一決雌雄	(yī jué cí xióng)
一蹶不振	(yī jué bù zhèn)
一覺醒來	(yī jiào xǐng lái)
一卡通	(yī kǎ tōng)
一顆老鼠屎壞了一鍋湯	(yī kē lǎo shǔ shǐ huài le yī guō tāng)
一刻千金	(yī kè qiān jīn)
一空	(yī kōng)
一孔之見	(yī kǒng zhī jiàn)
一口	(yī kǒu)
一口吃不成胖子	(yī kǒu chī bù chéng pàng zi)
一口吃個胖子	(yī kǒu chī ge pàng zi)
一口價	(yī kǒu jià)
一口氣	(yī kǒu qì)
一口氣兒	(yī kǒu qì r)
一口咬定	(yī kǒu yǎo dìng)
一哭二鬧三上吊	(yī kū èr nào sān shàng diào)
一塊	(yī kuài)
一塊兒	(yī kuài r)
一窺端倪	(yī kuī duān ní)
一夔已足	(yī kuí yǐ zú)
一來	(yī lái)
一來二去	(yī lái èr qù)
一覽	(yī lǎn)
一覽表	(yī lǎn biǎo)
一覽無遺	(yī lǎn wú yí)
一覽無餘	(yī lǎn wú yú)
一覽眾山小	(yī lǎn zhòng shān xiǎo)
一攬子	(yī lǎn zi)
一勞永逸	(yī láo yǒng yì)
一了百了	(yī liǎo bǎi liǎo)
一類	(yī lèi)
一類保護動物	(yī lèi bǎo hù dòng wù)
一力降十會	(yī lì xiáng shí huì)
一粒老鼠屎壞了一鍋粥	(yī lì lǎo shǔ shǐ huài le yī guō zhōu)
一連	(yī lián)
一連串	(yī lián chuàn)
一臉茫然	(yī liǎn máng rán)
一鱗半爪	(yī lín bàn zhǎo)
一靈真性	(yī líng zhēn xìng)
一溜煙	(yī liù yān)
一流	(yī liú)
一路	(yī lù)
一路風塵	(yī lù fēng chén)
一路貨色	(yī lù huò sè)
一路來	(yī lù lái)
一路平安	(yī lù píng ān)
一路上	(yī lù shàng)
一路順風	(yī lù shùn fēng)
一輪	(yī lún)
一籮筐	(yī luó kuāng)
一落千丈	(yī luò qiān zhàng)
一律	(yī lǜ)
一馬當先	(yī mǎ dāng xiān)
一馬平川	(yī mǎ píng chuān)
一馬勺壞一鍋	(yī mǎ sháo huài yī guō)
一脈相承	(yī mài xiāng chéng)
一毛不拔	(yī máo bù bá)
一毛一樣	(yī máo yī yàng)
一門式	(yī mén shì)
一門心思	(yī mén xīn si)
一秘	(yī mì)
一面	(yī miàn)
一面倒	(yī miàn dǎo)
一面之詞	(yī miàn zhī cí)
一面之交	(yī miàn zhī jiāo)
一抿子	(yī mǐn zi)
一鳴驚人	(yī míng jīng rén)
一命嗚呼	(yī mìng wū hū)
一模一樣	(yī mú yī yàng)
一畝三分地	(yī mǔ sān fēn dì)
一木難支	(yī mù nán zhī)
一目了然	(yī mù liǎo rán)
一目瞭然	(yī mù liǎo rán)
一目十行	(yī mù shí háng)
一男半女	(yī nán bàn nǚ)
一年半	(yī nián bàn)
一年半載	(yī nián bàn zǎi)
一年到頭	(yī nián dào tóu)
一年多	(yī nián duō)
一年期	(yī nián qī)
一年生	(yī nián shēng)
一年四季	(yī nián sì jì)
一年之計在於春	(yī nián zhī jì zài yú chūn)
一念之差	(yī niàn zhī chā)
一諾千金	(yī nuò qiān jīn)
一拍即合	(yī pāi jí hé)
一拍兩散	(yī pāi liǎng sàn)
一排	(yī pái)
一派胡言	(yī pài hú yán)
一派謊言	(yī pài huǎng yán)
一盤棋	(yī pán qí)
一盤散沙	(yī pán sǎn shā)
一旁	(yī páng)
一炮打響	(yī pào dǎ xiǎng)
一炮而紅	(yī pào ér hóng)
一瞥	(yī piē)
一貧如洗	(yī pín rú xǐ)
一顰一笑	(yī pín yī xiào)
一品	(yī pǐn)
一品鍋	(yī pǐn guō)
一品紅	(yī pǐn hóng)
一瓶子不響，半瓶子晃蕩	(yī píng zi bù xiǎng , bàn píng zi huàng dang)
一曝十寒	(yī pù shí hán)
一妻制	(yī qī zhì)
一齊	(yī qí)
一騎絕塵	(yī qí jué chén)
一起	(yī qǐ)
一氣	(yī qì)
一氣呵成	(yī qì hē chéng)
一氣之下	(yī qì zhī xià)
一千零一夜	(yī qiān líng yī yè)
一乾二淨	(yī gān èr jìng)
一錢不值	(yī qián bù zhí)
一錢如命	(yī qián rú mìng)
一腔	(yī qiāng)
一槍命中	(yī qiāng mìng zhòng)
一竅不通	(yī qiào bù tōng)
一切	(yī qiè)
一切就緒	(yī qiè jiù xù)
一切如舊	(yī qiè rú jiù)
一切險	(yī qiè xiǎn)
一切向錢看	(yī qiè xiàng qián kàn)
一琴一鶴	(yī qín yī hè)
一清二白	(yī qīng èr bái)
一清二楚	(yī qīng èr chǔ)
一清如水	(yī qīng rú shuǐ)
一清早	(yī qīng zǎo)
一親芳澤	(yī qīn fāng zé)
一窮二白	(yī qióng èr bái)
一丘之貉	(yī qiū zhī hé)
一去不復返	(yī qù bù fù fǎn)
一去不回	(yī qù bù huí)
一去無影蹤	(yī qù wú yǐng zōng)
一瘸一拐	(yī qué yī guǎi)
一人得道，雞犬升天	(yī rén dé dào , jī quǎn shēng tiān)
一日不見，如隔三秋	(yī rì bù jiàn , rú gé sān qiū)
一日不如一日	(yī rì bù rú yī rì)
一日千里	(yī rì qiān lǐ)
一日三餐	(yī rì sān cān)
一日三秋	(yī rì sān qiū)
一日為師，終身為父	(yī rì wéi shī , zhōng shēn wéi fù)
一日之計在於晨	(yī rì zhī jì zài yú chén)
一日之雅	(yī rì zhī yǎ)
一如	(yī rú)
一如既往	(yī rú jì wǎng)
一如所料	(yī rú suǒ liào)
一如往常	(yī rú wǎng cháng)
一掃而空	(yī sǎo ér kōng)
一剎那	(yī chà nà)
一霎	(yī shà)
一霎間	(yī shà jiān)
一霎時	(yī shà shí)
一霎眼	(yī shà yǎn)
一山不容二虎	(yī shān bù róng èr hǔ)
一閃而過	(yī shǎn ér guò)
一閃念	(yī shǎn niàn)
一身	(yī shēn)
一身汗	(yī shēn hàn)
一身兩役	(yī shēn liǎng yì)
一身是膽	(yī shēn shì dǎn)
一神教	(yī shén jiào)
一神論	(yī shén lùn)
一審	(yī shěn)
一生	(yī shēng)
一生一世	(yī shēng yī shì)
一聲	(yī shēng)
一聲不吭	(yī shēng bù kēng)
一聲不響	(yī shēng bù xiǎng)
一失足成千古恨	(yī shī zú chéng qiān gǔ hèn)
一石二鳥	(yī shí èr niǎo)
一時	(yī shí)
一時半會	(yī shí bàn huì)
一時半會兒	(yī shí bàn huì r)
一時半刻	(yī shí bàn kè)
一時半霎	(yī shí bàn shà)
一時半晌	(yī shí bàn shǎng)
一時間	(yī shí jiān)
一時瑜亮	(yī shí yú liàng)
一矢中的	(yī shǐ zhòng dì)
一世	(yī shì)
一式二份	(yī shì èr fèn)
一事無成	(yī shì wú chéng)
一是一，二是二	(yī shì yī , èr shì èr)
一視同仁	(yī shì tóng rén)
一匙	(yī chí)
一手	(yī shǒu)
一手包辦	(yī shǒu bāo bàn)
一手交錢，一手交貨	(yī shǒu jiāo qián , yī shǒu jiāo huò)
一手遮天	(yī shǒu zhē tiān)
一水兒	(yī shuǐ r)
一瞬	(yī shùn)
一瞬間	(yī shùn jiān)
一說	(yī shuō)
一絲不苟	(yī sī bù gǒu)
一絲不掛	(yī sī bù guà)
一絲一毫	(yī sī yī háo)
一宿	(yī xiǔ)
一塌糊塗	(yī tā hú tu)
一胎化	(yī tāi huà)
一胎制	(yī tāi zhì)
一潭死水	(yī tán sǐ shuǐ)
一探究竟	(yī tàn jiū jìng)
一套	(yī tào)
一體	(yī tǐ)
一體化	(yī tǐ huà)
一體兩面	(yī tǐ liǎng miàn)
一天到晚	(yī tiān dào wǎn)
一天一個樣	(yī tiān yī ge yàng)
一條道走到黑	(yī tiáo dào zǒu dào hēi)
一條龍	(yī tiáo lóng)
一條龍服務	(yī tiáo lóng fú wù)
一條路走到黑	(yī tiáo lù zǒu dào hēi)
一條繩上的螞蚱	(yī tiáo shéng shàng de mà zha)
一條心	(yī tiáo xīn)
一通百通	(yī tōng bǎi tōng)
一同	(yī tóng)
一統	(yī tǒng)
一頭	(yī tóu)
一頭熱	(yī tóu rè)
一頭霧水	(yī tóu wù shuǐ)
一頭栽進	(yī tóu zāi jìn)
一吐為快	(yī tǔ wéi kuài)
一團和氣	(yī tuán hé qì)
一團火	(yī tuán huǒ)
一團亂糟	(yī tuán luàn zāo)
一團漆黑	(yī tuán qī hēi)
一團糟	(yī tuán zāo)
一推六二五	(yī tuī liù èr wǔ)
一碗水端平	(yī wǎn shuǐ duān píng)
一往情深	(yī wǎng qíng shēn)
一往無前	(yī wǎng wú qián)
一網打盡	(yī wǎng dǎ jìn)
一望而知	(yī wàng ér zhī)
一望無際	(yī wàng wú jì)
一望無垠	(yī wàng wú yín)
一維	(yī wéi)
一味	(yī wèi)
一文不名	(yī wén bù míng)
一文不值	(yī wén bù zhí)
一問三不知	(yī wèn sān bù zhī)
一窩蜂	(yī wō fēng)
一無是處	(yī wú shì chù)
一無所長	(yī wú suǒ cháng)
一無所動	(yī wú suǒ dòng)
一無所獲	(yī wú suǒ huò)
一無所聞	(yī wú suǒ wén)
一無所有	(yī wú suǒ yǒu)
一無所知	(yī wú suǒ zhī)
一五一十	(yī wǔ yī shí)
一物降一物	(yī wù xiáng yī wù)
一夕	(yī xī)
一夕數驚	(yī xī shù jīng)
一席話	(yī xí huà)
一席之地	(yī xí zhī dì)
一襲	(yī xí)
一系列	(yī xì liè)
一下	(yī xià)
一下兒	(yī xià r)
一下子	(yī xià zi)
一線	(yī xiàn)
一線生機	(yī xiàn shēng jī)
一線希望	(yī xiàn xī wàng)
一線之隔	(yī xiàn zhī gé)
一線之間	(yī xiàn zhī jiān)
一相情願	(yī xiāng qíng yuàn)
一廂情願	(yī xiāng qíng yuàn)
一向	(yī xiàng)
一小部分	(yī xiǎo bù fèn)
一小撮	(yī xiǎo cuō)
一小陣兒	(yī xiǎo zhèn r)
一笑了之	(yī xiào liǎo zhī)
一笑置之	(yī xiào zhì zhī)
一些	(yī xiē)
一心	(yī xīn)
一心多用	(yī xīn duō yòng)
一心二用	(yī xīn èr yòng)
一心一德	(yī xīn yī dé)
一心一意	(yī xīn yī yì)
一星半點	(yī xīng bàn diǎn)
一行	(yī xíng)
一學就會	(yī xué jiù huì)
一雪前恥	(yī xuě qián chǐ)
一血	(yī xuè)
一言	(yī yán)
一言不發	(yī yán bù fā)
一言不合	(yī yán bù hé)
一言抄百總	(yī yán chāo bǎi zǒng)
一言既出，駟馬難追	(yī yán jì chū , sì mǎ nán zhuī)
一言九鼎	(yī yán jiǔ dǐng)
一言難盡	(yī yán nán jìn)
一言千金	(yī yán qiān jīn)
一言堂	(yī yán táng)
一言為定	(yī yán wéi dìng)
一言為重	(yī yán wéi zhòng)
一言一動	(yī yán yī dòng)
一言一行	(yī yán yī xíng)
一言以蔽之	(yī yán yǐ bì zhī)
一眼	(yī yǎn)
一眼看穿	(yī yǎn kàn chuān)
一眼望去	(yī yǎn wàng qù)
一氧化氮	(yī yǎng huà dàn)
一氧化二氮	(yī yǎng huà èr dàn)
一氧化碳	(yī yǎng huà tàn)
一樣	(yī yàng)
一夜爆紅	(yī yè bào hóng)
一夜露水	(yī yè lù shui)
一夜情	(yī yè qíng)
一夜無眠	(yī yè wú mián)
一夜之間	(yī yè zhī jiān)
一葉障目	(yī yè zhàng mù)
一葉知秋	(yī yè zhī qiū)
一一	(yī yī)
一一對應	(yī yī duì yìng)
一一映射	(yī yī yìng shè)
一衣帶水	(yī yī dài shuǐ)
一以貫之	(yī yǐ guàn zhī)
一意	(yī yì)
一意孤行	(yī yì gū xíng)
一飲而盡	(yī yǐn ér jìn)
一應	(yī yīng)
一應俱全	(yī yīng jù quán)
一擁而入	(yī yōng ér rù)
一擁而上	(yī yōng ér shàng)
一雨成秋	(yī yǔ chéng qiū)
一語不發	(yī yǔ bù fā)
一語成讖	(yī yǔ chéng chèn)
一語道破	(yī yǔ dào pò)
一語雙關	(yī yǔ shuāng guān)
一語中的	(yī yǔ zhòng dì)
一元	(yī yuán)
一元復始	(yī yuán fù shǐ)
一元化	(yī yuán huà)
一元論	(yī yuán lùn)
一員	(yī yuán)
一月	(yī yuè)
一月份	(yī yuè fèn)
一躍而起	(yī yuè ér qǐ)
一再	(yī zài)
一早	(yī zǎo)
一則	(yī zé)
一則以喜，一則以憂	(yī zé yǐ xǐ , yī zé yǐ yōu)
一眨眼	(yī zhǎ yǎn)
一展身手	(yī zhǎn shēn shǒu)
一站式	(yī zhàn shì)
一戰	(yī zhàn)
一針見血	(yī zhēn jiàn xiě)
一陣	(yī zhèn)
一陣子	(yī zhèn zi)
一之為甚	(yī zhī wéi shèn)
一枝獨秀	(yī zhī dú xiù)
一知半解	(yī zhī bàn jiě)
一直	(yī zhí)
一直以來	(yī zhí yǐ lái)
一紙空文	(yī zhǐ kōng wén)
一致	(yī zhì)
一致性	(yī zhì xìng)
一致性效應	(yī zhì xìng xiào yìng)
一致字	(yī zhì zì)
一擲千金	(yī zhì qiān jīn)
一中一台	(yī zhōng yī tái)
一中原則	(yī zhōng yuán zé)
一種	(yī zhǒng)
一眾	(yī zhòng)
一周	(yī zhōu)
一柱擎天	(yī zhù qíng tiān)
一著不慎，滿盤皆輸	(yī zhāo bù shèn , mǎn pán jiē shū)
一抓一大把	(yī zhuā yī dà bǎ)
一轉眼	(yī zhuǎn yǎn)
一准	(yī zhǔn)
一準	(yī zhǔn)
一字	(yī zì)
一字褒貶	(yī zì bāo biǎn)
一字不差	(yī zì bù chà)
一字不漏	(yī zì bù lòu)
一字不識	(yī zì bù shí)
一字不提	(yī zì bù tí)
一字兒	(yī zì r)
一字巾	(yī zì jīn)
一字馬	(yī zì mǎ)
一字千金	(yī zì qiān jīn)
一字一淚	(yī zì yī lèi)
一字之師	(yī zì zhī shī)
一字縱隊	(yī zì zòng duì)
一總	(yī zǒng)
一走了之	(yī zǒu liǎo zhī)
一族	(yī zú)
一醉方休	(yī zuì fāng xiū)
一作	(yī zuò)
弌	(yī)
伊	(yī)
伊比利亞	(yī bǐ lì yà)
伊比利亞半島	(yī bǐ lì yà bàn dǎo)
伊壁鳩魯	(yī bì jiū lǔ)
伊波拉	(yī bō lā)
伊川縣	(yī chuān xiàn)
伊春市	(yī chūn shì)
伊黨	(yī dǎng)
伊甸園	(yī diàn yuán)
伊頓公學	(yī dùn gōng xué)
伊爾庫茨克	(yī ěr kù cí kè)
伊凡	(yī fán)
伊芙	(yī fú)
伊戈爾	(yī gē ěr)
伊戈爾斯	(yī gē ěr sī)
伊金霍洛	(yī jīn huò luò)
伊金霍洛旗	(yī jīn huò luò qí)
伊科病毒	(yī kē bìng dú)
伊拉克	(yī lā kè)
伊萊克斯	(yī lái kè sī)
伊朗	(yī lǎng)
伊朗憲監會	(yī lǎng xiàn jiān huì)
伊犁哈薩克自治州	(yī lí hā sà kè zì zhì zhōu)
伊犁河	(yī lí hé)
伊犁盆地	(yī lí pén dì)
伊里奇	(yī lǐ qí)
伊利埃斯庫	(yī lì āi sī kù)
伊利格瑞	(yī lì gé ruì)
伊利湖	(yī lì hú)
伊利諾	(yī lì nuò)
伊利諾伊	(yī lì nuò yī)
伊利亞特	(yī lì yà tè)
伊莉薩白	(yī lì sà bái)
伊莉莎白	(yī lì shā bái)
伊麗莎白	(yī lì shā bái)
伊留申	(yī liú shēn)
伊隆·馬斯克	(yī lóng · mǎ sī kè)
伊倫	(yī lún)
伊洛瓦底	(yī luò wǎ dǐ)
伊瑪目	(yī mǎ mù)
伊曼紐爾	(yī màn niǔ ěr)
伊美區	(yī měi qū)
伊妹兒	(yī mèi r)
伊媚兒	(yī mèi r)
伊麵	(yī miàn)
伊尼特	(yī ní tè)
伊尼亞斯	(yī ní yà sī)
伊尼伊德	(yī ní yī dé)
伊寧市	(yī níng shì)
伊寧縣	(yī níng xiàn)
伊普西隆	(yī pǔ xī lóng)
伊人	(yī rén)
伊瑞克提翁廟	(yī ruì kè tí wēng miào)
伊薩卡	(yī sà kǎ)
伊塞克湖	(yī sài kè hú)
伊始	(yī shǐ)
伊士曼柯達公司	(yī shì màn kē dá gōng sī)
伊勢丹	(yī shì dān)
伊水	(yī shuǐ)
伊思邁爾	(yī sī mài ěr)
伊斯法罕	(yī sī fǎ hǎn)
伊斯蘭	(yī sī lán)
伊斯蘭堡	(yī sī lán bǎo)
伊斯蘭國	(yī sī lán guó)
伊斯蘭教	(yī sī lán jiào)
伊斯蘭馬巴德	(yī sī lán mǎ bā dé)
伊斯蘭聖戰組織	(yī sī lán shèng zhàn zǔ zhī)
伊斯曼	(yī sī màn)
伊斯帕尼奧拉	(yī sī pà ní ào lā)
伊斯坦堡	(yī sī tǎn bǎo)
伊斯坦布爾	(yī sī tǎn bù ěr)
伊斯特	(yī sī tè)
伊索	(yī suǒ)
伊索寓言	(yī suǒ yù yán)
伊塔	(yī tǎ)
伊藤	(yī téng)
伊藤博文	(yī téng bó wén)
伊通河	(yī tōng hé)
伊通火山群	(yī tōng huǒ shān qún)
伊通滿族自治縣	(yī tōng mǎn zú zì zhì xiàn)
伊通自然保護區	(yī tōng zì rán bǎo hù qū)
伊娃	(yī wá)
伊娃·門德斯	(yī wá · mén dé sī)
伊萬卡	(yī wàn kǎ)
伊蚊	(yī wén)
伊吾縣	(yī wú xiàn)
伊於胡底	(yī yú hú dǐ)
伊州	(yī zhōu)
吚	(yī)
依	(yī)
依安縣	(yī ān xiàn)
依傍	(yī bàng)
依次	(yī cì)
依從	(yī cóng)
依存	(yī cún)
依地酸二鈷	(yī dì suān èr gǔ)
依法	(yī fǎ)
依法治國	(yī fǎ zhì guó)
依附	(yī fù)
依葫蘆畫瓢	(yī hú lu huà piáo)
依計行事	(yī jì xíng shì)
依舊	(yī jiù)
依據	(yī jù)
依靠	(yī kào)
依賴	(yī lài)
依賴注入	(yī lài zhù rù)
依蘭縣	(yī lán xiàn)
依戀	(yī liàn)
依親	(yī qīn)
依然	(yī rán)
依然故我	(yī rán gù wǒ)
依然如故	(yī rán rú gù)
依撒格	(yī sā gé)
依撒依亞	(yī sā yī yà)
依撒意亞	(yī sā yì yà)
依山傍水	(yī shān bàng shuǐ)
依屬	(yī shǔ)
依順	(yī shùn)
依託	(yī tuō)
依偎	(yī wēi)
依我看	(yī wǒ kàn)
依我來看	(yī wǒ lái kàn)
依稀	(yī xī)
依序	(yī xù)
依循	(yī xún)
依樣畫葫蘆	(yī yàng huà hú lu)
依依	(yī yī)
依依不捨	(yī yī bù shě)
依雲	(yī yún)
依仗	(yī zhàng)
依照	(yī zhào)
依著	(yī zhe)
咿	(yī)
咿呀學語	(yī yā xué yǔ)
揖	(yī)
欹	(yī)
噫	(yī)
毉	(yī)
匜	(yí)
㐌	(tā)
圯	(yí)
夷	(yí)
夷狄	(yí dí)
夷曠	(yí kuàng)
夷陵區	(yí líng qū)
夷戮	(yí lù)
夷門	(yí mén)
夷滅	(yí miè)
夷平	(yí píng)
夷然	(yí rán)
夷為平地	(yí wéi píng dì)
夷猶	(yí yóu)
夷洲	(yí zhōu)
戺	(shì)
侇	(yí)
怡	(yí)
怡保	(yí bǎo)
怡保市	(yí bǎo shì)
怡然	(yí rán)
怡然自得	(yí rán zì dé)
怡人	(yí rén)
怡顏悅色	(yí yán yuè sè)
怡悅	(yí yuè)
宜	(yí)
宜賓市	(yí bīn shì)
宜昌市	(yí chāng shì)
宜城市	(yí chéng shì)
宜川縣	(yí chuān xiàn)
宜春市	(yí chūn shì)
宜都市	(yí dū shì)
宜豐縣	(yí fēng xiàn)
宜黃縣	(yí huáng xiàn)
宜家	(yí jiā)
宜居	(yí jū)
宜君縣	(yí jūn xiàn)
宜蘭	(yí lán)
宜蘭市	(yí lán shì)
宜蘭縣	(yí lán xiàn)
宜良縣	(yí liáng xiàn)
宜人	(yí rén)
宜興市	(yí xīng shì)
宜秀區	(yí xiù qū)
宜陽縣	(yí yáng xiàn)
宜於	(yí yú)
宜章縣	(yí zhāng xiàn)
宜州區	(yí zhōu qū)
咦	(yí)
峓	(yí)
恞	(yí)
姨	(yí)
姨夫	(yí fu)
姨父	(yí fu)
姨姐	(yí jiě)
姨姥姥	(yí lǎo lao)
姨媽	(yí mā)
姨媽巾	(yí mā jīn)
姨妹	(yí mèi)
姨母	(yí mǔ)
姨母笑	(yí mǔ xiào)
姨奶奶	(yí nǎi nai)
姨娘	(yí niáng)
姨婆	(yí pó)
姨太太	(yí tài tai)
姨丈	(yí zhàng)
栘	(yí)
宧	(yí)
椸	(yí)
暆	(yí)
儀	(yí)
儀表	(yí biǎo)
儀表放大器	(yí biǎo fàng dà qì)
儀表盤	(yí biǎo pán)
儀典	(yí diǎn)
儀隊	(yí duì)
儀節	(yí jié)
儀禮	(yí lǐ)
儀隴縣	(yí lǒng xiàn)
儀器	(yí qì)
儀器表	(yí qì biǎo)
儀容	(yí róng)
儀式	(yí shì)
儀態	(yí tài)
儀衛	(yí wèi)
儀仗	(yí zhàng)
儀仗隊	(yí zhàng duì)
儀徵市	(yí zhēng shì)
彛	(yí)
嶷	(yí)
彝	(yí)
彝劇	(yí jù)
彝良縣	(yí liáng xiàn)
彝器	(yí qì)
彝族	(yí zú)
彝族年	(yí zú nián)
乙	(yǐ)
乙氨基	(yǐ ān jī)
乙醇	(yǐ chún)
乙二醇	(yǐ èr chún)
乙方	(yǐ fāng)
乙肝	(yǐ gān)
乙基	(yǐ jī)
乙流	(yǐ liú)
乙硫醇	(yǐ liú chún)
乙醚	(yǐ mí)
乙腦	(yǐ nǎo)
乙女	(yǐ nǚ)
乙女心	(yǐ nǚ xīn)
乙醛	(yǐ quán)
乙炔	(yǐ quē)
乙酸	(yǐ suān)
乙太	(yǐ tài)
乙太網路	(yǐ tài wǎng lù)
乙烷	(yǐ wán)
乙烯	(yǐ xī)
乙烯基	(yǐ xī jī)
乙酰	(yǐ xiān)
乙酰胺吡咯烷酮	(yǐ xiān àn bǐ luò wán tóng)
乙酰膽鹼	(yǐ xiān dǎn jiǎn)
乙型	(yǐ xíng)
乙型肝炎	(yǐ xíng gān yán)
乙型腦炎	(yǐ xíng nǎo yán)
乙氧基	(yǐ yǎng jī)
乙遊	(yǐ yóu)
乙種	(yǐ zhǒng)
乙種粒子	(yǐ zhǒng lì zǐ)
乙種射線	(yǐ zhǒng shè xiàn)
乙狀結腸	(yǐ zhuàng jié cháng)
已	(yǐ)
已成形	(yǐ chéng xíng)
已故	(yǐ gù)
已婚	(yǐ hūn)
已婚已育	(yǐ hūn yǐ yù)
已見分曉	(yǐ jiàn fēn xiǎo)
已經	(yǐ jīng)
已久	(yǐ jiǔ)
已然	(yǐ rán)
已往	(yǐ wǎng)
已知	(yǐ zhī)
已作故人	(yǐ zuò gù rén)
以	(yǐ)
以埃	(yǐ āi)
以巴	(yǐ bā)
以暴易暴	(yǐ bào yì bào)
以暴制暴	(yǐ bào zhì bào)
以北	(yǐ běi)
以備不測	(yǐ bèi bù cè)
以本人名	(yǐ běn rén míng)
以便	(yǐ biàn)
以不變應萬變	(yǐ bù biàn yìng wàn biàn)
以此	(yǐ cǐ)
以此類推	(yǐ cǐ lèi tuī)
以此為	(yǐ cǐ wéi)
以次	(yǐ cì)
以德報怨	(yǐ dé bào yuàn)
以東	(yǐ dōng)
以毒攻毒	(yǐ dú gōng dú)
以訛傳訛	(yǐ é chuán é)
以法蓮	(yǐ fǎ lián)
以防	(yǐ fáng)
以防萬一	(yǐ fáng wàn yī)
以弗所	(yǐ fú suǒ)
以弗所書	(yǐ fú suǒ shū)
以工代賑	(yǐ gōng dài zhèn)
以和為貴	(yǐ hé wéi guì)
以後	(yǐ hòu)
以華制華	(yǐ huá zhì huá)
以及	(yǐ jí)
以假亂真	(yǐ jiǎ luàn zhēn)
以降	(yǐ jiàng)
以儆效尤	(yǐ jǐng xiào yóu)
以軍	(yǐ jūn)
以來	(yǐ lái)
以老大自居	(yǐ lǎo dà zì jū)
以老賣老	(yǐ lǎo mài lǎo)
以淚洗面	(yǐ lèi xǐ miàn)
以禮相待	(yǐ lǐ xiāng dài)
以利亞	(yǐ lì yà)
以利亞敬	(yǐ lì yà jìng)
以利亞撒	(yǐ lì yà sā)
以利於	(yǐ lì yú)
以鄰為壑	(yǐ lín wéi hè)
以卵擊石	(yǐ luǎn jī shí)
以律	(yǐ lǜ)
以馬內利	(yǐ mǎ nèi lì)
以貌取人	(yǐ mào qǔ rén)
以免	(yǐ miǎn)
以南	(yǐ nán)
以內	(yǐ nèi)
以偏概全	(yǐ piān gài quán)
以期	(yǐ qī)
以其人之道，還治其人之身	(yǐ qí rén zhī dào , huán zhì qí rén zhī shēn)
以前	(yǐ qián)
以強凌弱	(yǐ qiáng líng ruò)
以求	(yǐ qiú)
以權謀私	(yǐ quán móu sī)
以權壓法	(yǐ quán yā fǎ)
以人廢言	(yǐ rén fèi yán)
以人名命名	(yǐ rén míng mìng míng)
以人為本	(yǐ rén wéi běn)
以柔克剛	(yǐ róu kè gāng)
以弱勝強	(yǐ ruò shèng qiáng)
以撒	(yǐ sā)
以賽亞書	(yǐ sài yà shū)
以色列	(yǐ sè liè)
以色列人	(yǐ sè liè rén)
以上	(yǐ shàng)
以少勝多	(yǐ shǎo shèng duō)
以身報國	(yǐ shēn bào guó)
以身抵債	(yǐ shēn dǐ zhài)
以身許國	(yǐ shēn xǔ guó)
以身試法	(yǐ shēn shì fǎ)
以身相許	(yǐ shēn xiāng xǔ)
以身作則	(yǐ shēn zuò zé)
以慎為鍵	(yǐ shèn wéi jiàn)
以失敗而告終	(yǐ shī bài ér gào zhōng)
以史為鑒	(yǐ shǐ wéi jiàn)
以示警戒	(yǐ shì jǐng jiè)
以斯拉記	(yǐ sī lā jì)
以斯帖	(yǐ sī tiě)
以斯帖記	(yǐ sī tiě jì)
以死明志	(yǐ sǐ míng zhì)
以太	(yǐ tài)
以太坊	(yǐ tài fáng)
以太網	(yǐ tài wǎng)
以太網絡	(yǐ tài wǎng luò)
以湯沃沸	(yǐ tāng wò fèi)
以外	(yǐ wài)
以往	(yǐ wǎng)
以為	(yǐ wéi)
以物易物	(yǐ wù yì wù)
以西	(yǐ xī)
以西結書	(yǐ xī jié shū)
以下	(yǐ xià)
以下犯上	(yǐ xià fàn shàng)
以饗讀者	(yǐ xiǎng dú zhě)
以小人之心，度君子之腹	(yǐ xiǎo rén zhī xīn , duó jūn zǐ zhī fù)
以虛帶實	(yǐ xū dài shí)
以敘	(yǐ xù)
以牙還牙	(yǐ yá huán yá)
以言代法	(yǐ yán dài fǎ)
以言代法，以權壓法	(yǐ yán dài fǎ , yǐ quán yā fǎ)
以眼還眼	(yǐ yǎn huán yǎn)
以眼還眼，以牙還牙	(yǐ yǎn huán yǎn , yǐ yá huán yá)
以藥養醫	(yǐ yào yǎng yī)
以一馭萬	(yǐ yī yù wàn)
以夷制夷	(yǐ yí zhì yí)
以逸待勞	(yǐ yì dài láo)
以億計	(yǐ yì jì)
以債養債	(yǐ zhài yǎng zhài)
以正視聽	(yǐ zhèng shì tīng)
以直報怨，以德報德	(yǐ zhí bào yuàn , yǐ dé bào dé)
以至	(yǐ zhì)
以至於	(yǐ zhì yú)
以致	(yǐ zhì)
以致於	(yǐ zhì yú)
以資	(yǐ zī)
以資證明	(yǐ zī zhèng míng)
以子之矛，攻子之盾	(yǐ zǐ zhī máo , gōng zǐ zhī dùn)
以眥睚殺人	(yǐ zì yá shā rén)
㠯	(yǐ)
扡	(chǐ)
攺	(yǐ)
倚	(yǐ)
倚靠	(yǐ kào)
倚賴	(yǐ lài)
倚老賣老	(yǐ lǎo mài lǎo)
倚天屠龍記	(yǐ tiān tú lóng jì)
倚托	(yǐ tuō)
倚託	(yǐ tuō)
倚仗	(yǐ zhàng)
倚重	(yǐ zhòng)
扆	(yǐ)
偯	(yǐ)
椅	(yǐ)
椅背	(yǐ bèi)
椅凳	(yǐ dèng)
椅子	(yǐ zi)
旖	(yǐ)
旖旎	(yǐ nǐ)
檥	(yǐ)
乂	(yì)
弋	(yì)
弋江區	(yì jiāng qū)
弋陽縣	(yì yáng xiàn)
刈	(yì)
刈包	(guà bāo)
刈羽	(yì yǔ)
屹	(yì)
屹立	(yì lì)
伇	(yì)
亦步亦趨	(yì bù yì qū)
亦稱	(yì chēng)
亦敵亦友	(yì dí yì yǒu)
亦即	(yì jí)
亦且	(yì qiě)
亦莊	(yì zhuāng)
亦作	(yì zuò)
抑	(yì)
抑或	(yì huò)
抑且	(yì qiě)
抑塞	(yì sè)
抑素	(yì sù)
抑揚	(yì yáng)
抑揚格	(yì yáng gé)
抑鬱	(yì yù)
抑鬱不平	(yì yù bù píng)
抑鬱症	(yì yù zhèng)
抑止	(yì zhǐ)
抑制	(yì zhì)
抑制劑	(yì zhì jì)
抑制作用	(yì zhì zuò yòng)
杙	(yì)
劮	(yì)
佚	(dié)
佚名	(yì míng)
役	(yì)
役畜	(yì chù)
役齡	(yì líng)
役男	(yì nán)
役使	(yì shǐ)
役使動物	(yì shǐ dòng wù)
易	(yì)
易爆	(yì bào)
易北河	(yì běi hé)
易變	(yì biàn)
易變質	(yì biàn zhì)
易卜拉欣	(yì bǔ lā xīn)
易卜生	(yì bǔ shēng)
易初蓮花	(yì chū lián huā)
易傳	(yì zhuàn)
易懂	(yì dǒng)
易讀	(yì dú)
易腐敗	(yì fǔ bài)
易感	(yì gǎn)
易揮發	(yì huī fā)
易飢症	(yì jī zhèng)
易激惹	(yì jī rě)
易建聯	(yì jiàn lián)
易接近	(yì jiē jìn)
易經	(yì jīng)
易開罐	(yì kāi guàn)
易科罰金	(yì kē fá jīn)
易拉寶	(yì lā bǎo)
易拉罐	(yì lā guàn)
易理解	(yì lǐ jiě)
易洛魁	(yì luò kuí)
易門縣	(yì mén xiàn)
易蒙停	(yì méng tíng)
易取得	(yì qǔ dé)
易趣	(yì qù)
易燃物	(yì rán wù)
易燃物品	(yì rán wù pǐn)
易容	(yì róng)
易溶	(yì róng)
易如反掌	(yì rú fǎn zhǎng)
易事	(yì shì)
易逝	(yì shì)
易手	(yì shǒu)
易守難攻	(yì shǒu nán gōng)
易司馬儀	(yì sī mǎ yí)
易碎	(yì suì)
易損性	(yì sǔn xìng)
易彎	(yì wān)
易縣	(yì xiàn)
易學	(yì xué)
易言之	(yì yán zhī)
易用性	(yì yòng xìng)
易遊網	(yì yóu wǎng)
易於	(yì yú)
易孕	(yì yùn)
易主	(yì zhǔ)
佾	(yì)
㑊	(yì)
妷	(zhí)
枻	(yì)
弈	(yì)
奕	(yì)
奕訢	(yì xīn)
奕詝	(yì zhǔ)
帟	(yì)
挹	(yì)
挹掬	(yì jū)
挹取	(yì qǔ)
挹注	(yì zhù)
挹酌	(yì zhuó)
唈	(yì)
悒	(yì)
埸	(yì)
埶	(yì)
搤	(è)
亄	(yì)
意	(yì)
意存筆先，畫盡意在	(yì cún bǐ xiān , huà jìn yì zài)
意大利	(yì dà lì)
意大利麵	(yì dà lì miàn)
意大利青瓜	(yì dà lì qīng guā)
意大利青醬	(yì dà lì qīng jiàng)
意大利人	(yì dà lì rén)
意大利語	(yì dà lì yǔ)
意大利直麵	(yì dà lì zhí miàn)
意第緒語	(yì dì xù yǔ)
意符	(yì fú)
意涵	(yì hán)
意會	(yì huì)
意即	(yì jí)
意甲	(yì jiǎ)
意見	(yì jiàn)
意見不合	(yì jiàn bù hé)
意見領袖	(yì jiàn lǐng xiù)
意見箱	(yì jiàn xiāng)
意境	(yì jìng)
意料	(yì liào)
意料之外	(yì liào zhī wài)
意料之中	(yì liào zhī zhōng)
意麵	(yì miàn)
意念	(yì niàn)
意念移物	(yì niàn yí wù)
意氣風發	(yì qì fēng fā)
意氣相投	(yì qì xiāng tóu)
意氣用事	(yì qì yòng shì)
意趣	(yì qù)
意識	(yì shí)
意識到	(yì shí dào)
意識流	(yì shí liú)
意識形態	(yì shí xíng tài)
意識型態	(yì shí xíng tài)
意式	(yì shì)
意式奶凍	(yì shì nǎi dòng)
意思	(yì si)
意思意思	(yì sī yì sī)
意態	(yì tài)
意圖	(yì tú)
意外	(yì wài)
意外事故	(yì wài shì gù)
意味	(yì wèi)
意味深長	(yì wèi shēn cháng)
意味著	(yì wèi zhe)
意謂	(yì wèi)
意下如何	(yì xià rú hé)
意想不到	(yì xiǎng bù dào)
意向	(yì xiàng)
意向書	(yì xiàng shū)
意象	(yì xiàng)
意興	(yì xìng)
意興索然	(yì xìng suǒ rán)
意義	(yì yì)
意義變化	(yì yì biàn huà)
意譯	(yì yì)
意淫	(yì yín)
意猶未盡	(yì yóu wèi jìn)
意欲	(yì yù)
意願	(yì yuàn)
意樂	(yì lè)
意蘊	(yì yùn)
意旨	(yì zhǐ)
意指	(yì zhǐ)
意志	(yì zhì)
意志力	(yì zhì lì)
意中	(yì zhōng)
意中人	(yì zhōng rén)
意中事	(yì zhōng shì)
勩	(yì)
廙	(yì)
嫕	(yì)
億萬	(yì wàn)
億萬富豪	(yì wàn fù háo)
億萬富翁	(yì wàn fù wēng)
毅	(yì)
毅力	(yì lì)
毅然	(yì rán)
毅然決然	(yì rán jué rán)
殪	(yì)
曀	(yì)
嶧	(yì)
嶧城區	(yì chéng qū)
圛	(yì)
儗	(nǐ)
劓	(yì)
懌	(yì)
憶	(yì)
憶苦飯	(yì kǔ fàn)
憶苦思甜	(yì kǔ sī tián)
憶述	(yì shù)
檍	(yì)
斁	(yì)
囈	(yì)
囈語	(yì yǔ)
懿	(yì)
懿親	(yì qīn)
懿旨	(yì zhǐ)
囙	(yīn)
因	(yīn)
因愛成恨	(yīn ài chéng hèn)
因變量	(yīn biàn liàng)
因變數	(yīn biàn shù)
因材施教	(yīn cái shī jiào)
因吹斯汀	(yīn chuī sī tīng)
因此	(yīn cǐ)
因地制宜	(yīn dì zhì yí)
因而	(yīn ér)
因父之名	(yīn fù zhī míng)
因公	(yīn gōng)
因公殉職	(yīn gōng xùn zhí)
因故	(yīn gù)
因果	(yīn guǒ)
因果報應	(yīn guǒ bào yìng)
因禍得福	(yīn huò dé fú)
因利乘便	(yīn lì chéng biàn)
因陋就簡	(yīn lòu jiù jiǎn)
因紐特	(yīn niǔ tè)
因努伊特	(yīn nǔ yī tè)
因人成事	(yīn rén chéng shì)
因人而異	(yīn rén ér yì)
因如此	(yīn rú cǐ)
因時制宜	(yīn shí zhì yí)
因式	(yīn shì)
因式分解	(yīn shì fēn jiě)
因勢利導	(yīn shì lì dǎo)
因數	(yīn shù)
因私	(yīn sī)
因斯布魯克	(yīn sī bù lǔ kè)
因素	(yīn sù)
因特網	(yīn tè wǎng)
因特網提供商	(yīn tè wǎng tí gōng shāng)
因陀羅	(yīn tuó luó)
因為	(yīn wèi)
因襲	(yīn xí)
因小失大	(yīn xiǎo shī dà)
因循	(yīn xún)
因循守舊	(yīn xún shǒu jiù)
因噎廢食	(yīn yē fèi shí)
因應	(yīn yìng)
因由	(yīn yóu)
因緣	(yīn yuán)
因孕而婚	(yīn yùn ér hūn)
因之	(yīn zhī)
因子	(yīn zǐ)
侌	(yīn)
垔	(yīn)
姻	(yīn)
姻親	(yīn qīn)
姻緣	(yīn yuán)
殷	(yīn)
殷都區	(yīn dū qū)
殷富	(yīn fù)
殷弘緒	(yīn hóng xù)
殷紅	(yān hóng)
殷切	(yīn qiè)
殷勤	(yīn qín)
殷商	(yīn shāng)
殷實	(yīn shí)
殷墟	(yīn xū)
殷殷	(yīn yīn)
殷憂啟聖	(yīn yōu qǐ shèng)
堙	(yīn)
喑	(yīn)
喑啞	(yīn yǎ)
愔	(yīn)
婣	(yīn)
慇	(yīn)
冘	(yóu)
冘疑	(yóu yí)
冘豫	(yóu yù)
㐺	(zhòng)
乑	(zhòng)
吟	(yín)
吟唱	(yín chàng)
吟風弄月	(yín fēng nòng yuè)
吟哦	(yín é)
吟詩	(yín shī)
吟誦	(yín sòng)
吟詠	(yín yǒng)
吟遊	(yín yóu)
垠	(yín)
唫	(yín)
崟	(yín)
崯	(yín)
寅吃卯糧	(yín chī mǎo liáng)
婬	(yín)
欽	(qīn)
欽北區	(qīn běi qū)
欽差	(qīn chāi)
欽賜	(qīn cì)
欽定	(qīn dìng)
欽犯	(qīn fàn)
欽敬	(qīn jìng)
欽命	(qīn mìng)
欽奈	(qīn nài)
欽南區	(qīn nán qū)
欽佩	(qīn pèi)
欽羨	(qīn xiàn)
欽仰	(qīn yǎng)
欽挹	(qīn yì)
欽州市	(qīn zhōu shì)
夤	(yín)
夤夜	(yín yè)
夤緣	(yín yuán)
夤緣攀附	(yín yuán pān fù)
殥	(yín)
嚚	(yín)
尹	(yǐn)
引	(yǐn)
引爆	(yǐn bào)
引爆點	(yǐn bào diǎn)
引爆裝置	(yǐn bào zhuāng zhì)
引別	(yǐn bié)
引柴	(yǐn chái)
引產	(yǐn chǎn)
引出	(yǐn chū)
引導	(yǐn dǎo)
引導扇區	(yǐn dǎo shàn qū)
引導師	(yǐn dǎo shī)
引導員	(yǐn dǎo yuán)
引得	(yǐn dé)
引逗	(yǐn dòu)
引渡	(yǐn dù)
引而不發	(yǐn ér bù fā)
引發	(yǐn fā)
引狗入寨	(yǐn gǒu rù zhài)
引鬼上門	(yǐn guǐ shàng mén)
引號	(yǐn hào)
引號完	(yǐn hào wán)
引號完畢	(yǐn hào wán bì)
引河	(yǐn hé)
引火	(yǐn huǒ)
引火柴	(yǐn huǒ chái)
引火燒身	(yǐn huǒ shāo shēn)
引火線	(yǐn huǒ xiàn)
引見	(yǐn jiàn)
引薦	(yǐn jiàn)
引腳	(yǐn jiǎo)
引進	(yǐn jìn)
引經據典	(yǐn jīng jù diǎn)
引頸	(yǐn jǐng)
引頸就戮	(yǐn jǐng jiù lù)
引咎	(yǐn jiù)
引咎辭職	(yǐn jiù cí zhí)
引決	(yǐn jué)
引開	(yǐn kāi)
引吭高歌	(yǐn háng gāo gē)
引狼入室	(yǐn láng rù shì)
引理	(yǐn lǐ)
引力	(yǐn lì)
引力波	(yǐn lì bō)
引力場	(yǐn lì chǎng)
引領	(yǐn lǐng)
引流	(yǐn liú)
引路	(yǐn lù)
引起	(yǐn qǐ)
引橋	(yǐn qiáo)
引擎	(yǐn qíng)
引擎蓋	(yǐn qíng gài)
引燃	(yǐn rán)
引人入勝	(yǐn rén rù shèng)
引人注目	(yǐn rén zhù mù)
引人注意	(yǐn rén zhù yì)
引入	(yǐn rù)
引入迷途	(yǐn rù mí tú)
引蛇出洞	(yǐn shé chū dòng)
引申	(yǐn shēn)
引申義	(yǐn shēn yì)
引述	(yǐn shù)
引水	(yǐn shuǐ)
引水工程	(yǐn shuǐ gōng chéng)
引水入牆	(yǐn shuǐ rù qiáng)
引體向上	(yǐn tǐ xiàng shàng)
引退	(yǐn tuì)
引文	(yǐn wén)
引嫌	(yǐn xián)
引線	(yǐn xiàn)
引線穿針	(yǐn xiàn chuān zhēn)
引線框架	(yǐn xiàn kuàng jià)
引向	(yǐn xiàng)
引信	(yǐn xìn)
引敘	(yǐn xù)
引言	(yǐn yán)
引以為傲	(yǐn yǐ wéi ào)
引以為憾	(yǐn yǐ wéi hàn)
引以為鑑	(yǐn yǐ wéi jiàn)
引以為戒	(yǐn yǐ wéi jiè)
引以為榮	(yǐn yǐ wéi róng)
引用	(yǐn yòng)
引用句	(yǐn yòng jù)
引誘	(yǐn yòu)
引語	(yǐn yǔ)
引玉之磚	(yǐn yù zhī zhuān)
引戰	(yǐn zhàn)
引證	(yǐn zhèng)
引徵	(yǐn zhēng)
引種	(yǐn zhǒng)
引著	(yǐn zháo)
引子	(yǐn zi)
吲	(yǐn)
吲唑	(yǐn zuò)
㱃	(yǐn)
檃	(yǐn)
檃栝	(yǐn kuò)
櫽	(yǐn)
廴	(yǐn)
印	(yìn)
印巴	(yìn bā)
印把子	(yìn bà zi)
印版	(yìn bǎn)
印本	(yìn běn)
印鼻	(yìn bí)
印表機	(yìn biǎo jī)
印鈔機	(yìn chāo jī)
印次	(yìn cì)
印地語	(yìn dì yǔ)
印第安	(yìn dì ān)
印第安納	(yìn dì ān nà)
印第安納波利斯	(yìn dì ān nà bō lì sī)
印第安人	(yìn dì ān rén)
印第安座	(yìn dì ān zuò)
印度	(yìn dù)
印度國大黨	(yìn dù guó dà dǎng)
印度航空公司	(yìn dù háng kōng gōng sī)
印度河	(yìn dù hé)
印度教	(yìn dù jiào)
印度教徒	(yìn dù jiào tú)
印度金黃鸝	(yìn dù jīn huáng lí)
印度尼西亞	(yìn dù ní xī yà)
印度尼西亞語	(yìn dù ní xī yà yǔ)
印度人	(yìn dù rén)
印度人民黨	(yìn dù rén mín dǎng)
印度時報	(yìn dù shí bào)
印度壽帶	(yìn dù shòu dài)
印度斯坦	(yìn dù sī tǎn)
印度－雅利安	(yìn dù yǎ lì ān)
印度眼鏡蛇	(yìn dù yǎn jìng shé)
印度洋	(yìn dù yáng)
印度音樂	(yìn dù yīn yuè)
印度支那	(yìn dù zhī nà)
印度支那半島	(yìn dù zhī nà bàn dǎo)
印發	(yìn fā)
印古什	(yìn gǔ shí)
印航	(yìn háng)
印盒	(yìn hé)
印痕	(yìn hén)
印花	(yìn huā)
印花稅	(yìn huā shuì)
印記	(yìn jì)
印跡	(yìn jì)
印加	(yìn jiā)
印鑒	(yìn jiàn)
印江土家族苗族自治縣	(yìn jiāng tǔ jiā zú miáo zú zì zhì xiàn)
印戒	(yìn jiè)
印戒細胞	(yìn jiè xì bāo)
印緬斑嘴鴨	(yìn miǎn bān zuǐ yā)
印緬褐頭雀鶥	(yìn miǎn hè tóu què méi)
印尼	(yìn ní)
印尼盾	(yìn ní dùn)
印尼語	(yìn ní yǔ)
印泥	(yìn ní)
印紐	(yìn niǔ)
印鈕	(yìn niǔ)
印歐人	(yìn ōu rén)
印歐文	(yìn ōu wén)
印歐語	(yìn ōu yǔ)
印歐語系	(yìn ōu yǔ xì)
印歐語言	(yìn ōu yǔ yán)
印譜	(yìn pǔ)
印染	(yìn rǎn)
印綬	(yìn shòu)
印鼠客蚤	(yìn shǔ kè zǎo)
印數	(yìn shù)
印刷	(yìn shuā)
印刷版	(yìn shuā bǎn)
印刷廠	(yìn shuā chǎng)
印刷電路板	(yìn shuā diàn lù bǎn)
印刷機	(yìn shuā jī)
印刷量	(yìn shuā liàng)
印刷品	(yìn shuā pǐn)
印刷術	(yìn shuā shù)
印刷所	(yìn shuā suǒ)
印刷體	(yìn shuā tǐ)
印刷業	(yìn shuā yè)
印臺	(yìn tái)
印臺區	(yìn tái qū)
印太	(yìn tài)
印堂	(yìn táng)
印堂穴	(yìn táng xué)
印頭魚	(yìn tóu yú)
印璽	(yìn xǐ)
印象	(yìn xiàng)
印象分	(yìn xiàng fēn)
印象派	(yìn xiàng pài)
印象主義	(yìn xiàng zhǔ yì)
印信	(yìn xìn)
印行	(yìn xíng)
印魚	(yìn yú)
印章	(yìn zhāng)
印證	(yìn zhèng)
印支	(yìn zhī)
印支半島	(yìn zhī bàn dǎo)
印支綠鵲	(yìn zhī lǜ què)
印支期	(yìn zhī qī)
印製	(yìn zhì)
印製電路	(yìn zhì diàn lù)
印製電路板	(yìn zhì diàn lù bǎn)
印子	(yìn zi)
印子錢	(yìn zi qián)
廕	(yìn)
憖	(yìn)
朠	(yīng)
嫈	(yīng)
嬰	(yīng)
嬰兒	(yīng ér)
嬰兒潮	(yīng ér cháo)
嬰兒車	(yīng ér chē)
嬰兒猝死綜合症	(yīng ér cù sǐ zōng hé zhèng)
嬰兒期	(yīng ér qī)
嬰兒手推車	(yīng ér shǒu tuī chē)
嬰孩	(yīng hái)
嬰猴	(yīng hóu)
嬰幼兒	(yīng yòu ér)
攖	(yīng)
嚶	(yīng)
櫻	(yīng)
櫻島	(yīng dǎo)
櫻花	(yīng huā)
櫻花草	(yīng huā cǎo)
櫻花國	(yīng huā guó)
櫻花妹	(yīng huā mèi)
櫻井	(yīng jǐng)
櫻桃	(yīng táo)
櫻桃番茄	(yīng táo fān qié)
櫻桃蘿蔔	(yīng táo luó bo)
櫻桃小嘴	(yīng táo xiǎo zuǐ)
櫻桃園	(yīng táo yuán)
楹	(yíng)
楹聯	(yíng lián)
塋	(yíng)
嬴	(yíng)
嬴政	(yíng zhèng)
巆	(hōng)
影	(yǐng)
影本	(yǐng běn)
影壁	(yǐng bì)
影帝	(yǐng dì)
影碟	(yǐng dié)
影碟機	(yǐng dié jī)
影兒	(yǐng r)
影后	(yǐng hòu)
影集	(yǐng jí)
影劇	(yǐng jù)
影劇院	(yǐng jù yuàn)
影迷	(yǐng mí)
影片	(yǐng piàn)
影評	(yǐng píng)
影評人	(yǐng píng rén)
影射	(yǐng shè)
影射小說	(yǐng shè xiǎo shuō)
影視	(yǐng shì)
影壇	(yǐng tán)
影廳	(yǐng tīng)
影響	(yǐng xiǎng)
影響層面	(yǐng xiǎng céng miàn)
影響力	(yǐng xiǎng lì)
影響面	(yǐng xiǎng miàn)
影響因子	(yǐng xiǎng yīn zǐ)
影象	(yǐng xiàng)
影像	(yǐng xiàng)
影像處理	(yǐng xiàng chǔ lǐ)
影像檔	(yǐng xiàng dàng)
影像會議	(yǐng xiàng huì yì)
影星	(yǐng xīng)
影業	(yǐng yè)
影音	(yǐng yīn)
影印	(yǐng yìn)
影印本	(yǐng yìn běn)
影印機	(yǐng yìn jī)
影院	(yǐng yuàn)
影展	(yǐng zhǎn)
影子	(yǐng zi)
影子內閣	(yǐng zi nèi gé)
影蹤	(yǐng zōng)
映	(yìng)
映襯	(yìng chèn)
映入	(yìng rù)
映入腦海	(yìng rù nǎo hǎi)
映入眼簾	(yìng rù yǎn lián)
映山紅	(yìng shān hóng)
映射	(yìng shè)
映射過程	(yìng shè guò chéng)
映象文件	(yìng xiàng wén jiàn)
映像	(yìng xiàng)
映像管	(yìng xiàng guǎn)
映演	(yìng yǎn)
映照	(yìng zhào)
暎	(yìng)
媵	(yìng)
媵侍	(yìng shì)
應	(yīng)
應變	(yìng biàn)
應變管理	(yìng biàn guǎn lǐ)
應變力	(yìng biàn lì)
應變數	(yìng biàn shù)
應采兒	(yīng cǎi ér)
應承	(yìng chéng)
應城市	(yìng chéng shì)
應酬	(yìng chou)
應從	(yìng cóng)
應答	(yìng dá)
應當	(yīng dāng)
應得	(yīng dé)
應敵	(yìng dí)
應點	(yìng diǎn)
應對	(yìng duì)
應對如流	(yìng duì rú liú)
應分	(yīng fèn)
應付	(yìng fu)
應付過去	(yìng fu guò qu)
應付裕如	(yìng fu yù rú)
應付賬款	(yīng fù zhàng kuǎn)
應付自如	(yìng fu zì rú)
應該	(yīng gāi)
應該的	(yīng gāi de)
應和	(yìng hè)
應許	(yīng xǔ)
應許之地	(yīng xǔ zhī dì)
應機立斷	(yìng jī lì duàn)
應激	(yìng jī)
應激反應	(yìng jī fǎn yìng)
應激性	(yìng jī xìng)
應激源	(yìng jī yuán)
應急	(yìng jí)
應急待命	(yìng jí dài mìng)
應急照射	(yìng jí zhào shè)
應計	(yīng jì)
應計基礎	(yīng jì jī chǔ)
應接	(yìng jiē)
應接不暇	(yìng jiē bù xiá)
應屆	(yīng jiè)
應屆畢業生	(yīng jiè bì yè shēng)
應屆生	(yīng jiè shēng)
應景	(yìng jǐng)
應景兒	(yìng jǐng r)
應舉	(yìng jǔ)
應考	(yìng kǎo)
應力	(yìng lì)
應力場	(yìng lì chǎng)
應卯	(yìng mǎo)
應門	(yìng mén)
應名	(yīng míng)
應名兒	(yīng míng r)
應諾	(yìng nuò)
應聘	(yìng pìn)
應聘者	(yìng pìn zhě)
應聲	(yìng shēng)
應聲蟲	(yìng shēng chóng)
應時	(yìng shí)
應市	(yìng shì)
應試	(yìng shì)
應試教育	(yìng shì jiào yù)
應收	(yīng shōu)
應收賬款	(yīng shōu zhàng kuǎn)
應手	(yìng shǒu)
應訴	(yìng sù)
應天承運	(yìng tiān chéng yùn)
應天順時	(yìng tiān shùn shí)
應縣	(yìng xiàn)
應選	(yìng xuǎn)
應驗	(yìng yàn)
應邀	(yìng yāo)
應用	(yìng yòng)
應用層	(yìng yòng céng)
應用程式	(yìng yòng chéng shì)
應用程式介面	(yìng yòng chéng shì jiè miàn)
應用程序	(yìng yòng chéng xù)
應用程序編程接口	(yìng yòng chéng xù biān chéng jiē kǒu)
應用程序接口	(yìng yòng chéng xù jiē kǒu)
應用科學	(yìng yòng kē xué)
應用平台	(yìng yòng píng tái)
應用軟件	(yìng yòng ruǎn jiàn)
應用軟體	(yìng yòng ruǎn tǐ)
應用數學	(yìng yòng shù xué)
應用文	(yìng yòng wén)
應用物理	(yìng yòng wù lǐ)
應有	(yīng yǒu)
應有盡有	(yīng yǒu jìn yǒu)
應援	(yìng yuán)
應允	(yīng yǔn)
應運	(yìng yùn)
應運而生	(yìng yùn ér shēng)
應戰	(yìng zhàn)
應召	(yìng zhào)
應召女郎	(yìng zhào nǚ láng)
應召站	(yìng zhào zhàn)
應詔	(yìng zhào)
應診	(yìng zhěn)
應徵	(yìng zhēng)
應制	(yìng zhì)
唷	(yo)
喲	(yō)
佣	(yòng)
佣金	(yòng jīn)
佣錢	(yòng qian)
庸	(yōng)
庸才	(yōng cái)
庸碌	(yōng lù)
庸碌無能	(yōng lù wú néng)
庸人	(yōng rén)
庸人自擾	(yōng rén zì rǎo)
庸俗	(yōng sú)
庸俗化	(yōng sú huà)
庸醫	(yōng yī)
庸庸碌碌	(yōng yōng lù lù)
嗈	(yōng)
傭	(yōng)
傭婢	(yōng bì)
傭兵	(yōng bīng)
傭婦	(yōng fù)
傭工	(yōng gōng)
傭人	(yōng rén)
墉	(yōng)
墉垣	(yōng yuán)
慵	(yōng)
慵懶	(yōng lǎn)
擁	(yōng)
擁抱	(yōng bào)
擁兵自重	(yōng bīng zì zhòng)
擁戴	(yōng dài)
擁堵	(yōng dǔ)
擁躉	(yōng dǔn)
擁護	(yōng hù)
擁護者	(yōng hù zhě)
擁擠	(yōng jǐ)
擁擠不堪	(yōng jǐ bù kān)
擁立	(yōng lì)
擁塞	(yōng sè)
擁吻	(yōng wěn)
擁有	(yōng yǒu)
擁有權	(yōng yǒu quán)
壅	(yōng)
壅蔽	(yōng bì)
壅塞	(yōng sè)
廱	(yōng)
喁	(yóng)
喁喁	(yóng yóng)
栐	(yǒng)
俑	(yǒng)
俑坑	(yǒng kēng)
勇	(yǒng)
勇敢	(yǒng gǎn)
勇悍	(yǒng hàn)
勇決	(yǒng jué)
勇力	(yǒng lì)
勇略	(yǒng lüè)
勇猛	(yǒng měng)
勇氣	(yǒng qì)
勇氣可嘉	(yǒng qì kě jiā)
勇士	(yǒng shì)
勇往直前	(yǒng wǎng zhí qián)
勇武	(yǒng wǔ)
勇於	(yǒng yú)
勈	(yǒng)
埇	(yǒng)
埇橋區	(yǒng qiáo qū)
悀	(yǒng)
恿	(yǒng)
惥	(yǒng)
愑	(yǒng)
慂	(yǒng)
攸	(yōu)
攸關	(yōu guān)
攸縣	(yōu xiàn)
呦	(yōu)
呦呦	(yōu yōu)
幽	(yōu)
幽暗	(yōu àn)
幽閉恐懼	(yōu bì kǒng jù)
幽閉恐懼症	(yōu bì kǒng jù zhèng)
幽浮	(yōu fú)
幽浮迷	(yōu fú mí)
幽谷	(yōu gǔ)
幽會	(yōu huì)
幽魂	(yōu hún)
幽寂	(yōu jì)
幽禁	(yōu jìn)
幽徑	(yōu jìng)
幽靜	(yōu jìng)
幽囹	(yōu líng)
幽靈	(yōu líng)
幽綠	(yōu lǜ)
幽美	(yōu měi)
幽門	(yōu mén)
幽門螺桿菌	(yōu mén luó gǎn jūn)
幽門螺旋桿菌	(yōu mén luó xuán gǎn jūn)
幽門螺旋菌	(yōu mén luó xuán jūn)
幽明	(yōu míng)
幽冥	(yōu míng)
幽默	(yōu mò)
幽默感	(yōu mò gǎn)
幽僻	(yōu pì)
幽深	(yōu shēn)
幽邃	(yōu suì)
幽微	(yōu wēi)
幽香	(yōu xiāng)
幽雅	(yōu yǎ)
幽幽	(yōu yōu)
幽怨	(yōu yuàn)
幽州	(yōu zhōu)
悠	(yōu)
悠長	(yōu cháng)
悠久	(yōu jiǔ)
悠然	(yōu rán)
悠然神往	(yōu rán shén wǎng)
悠閑	(yōu xián)
悠閒	(yōu xián)
悠揚	(yōu yáng)
悠悠	(yōu yōu)
悠悠球	(yōu yōu qiú)
悠遊卡	(yōu yóu kǎ)
悠遠	(yōu yuǎn)
悠哉悠哉	(yōu zāi yōu zāi)
悠著	(yōu zhe)
憂	(yōu)
憂愁	(yōu chóu)
憂患	(yōu huàn)
憂懼	(yōu jù)
憂慮	(yōu lǜ)
憂悶	(yōu mèn)
憂容	(yōu róng)
憂傷	(yōu shāng)
憂思	(yōu sī)
憂心	(yōu xīn)
憂心忡忡	(yōu xīn chōng chōng)
憂悒	(yōu yì)
憂鬱	(yōu yù)
憂鬱症	(yōu yù zhèng)
憂灼	(yōu zhuó)
優	(yōu)
優待	(yōu dài)
優待票	(yōu dài piào)
優待券	(yōu dài quàn)
優等	(yōu děng)
優等生	(yōu děng shēng)
優點	(yōu diǎn)
優格	(yōu gé)
優厚	(yōu hòu)
優化	(yōu huà)
優惠	(yōu huì)
優惠貸款	(yōu huì dài kuǎn)
優惠券	(yōu huì quàn)
優績主義	(yōu jì zhǔ yì)
優角	(yōu jiǎo)
優酷	(yōu kù)
優酪乳	(yōu luò rǔ)
優良	(yōu liáng)
優劣	(yōu liè)
優伶	(yōu líng)
優美	(yōu měi)
優孟	(yōu mèng)
優尼科	(yōu ní kē)
優諾牌	(yōu nuò pái)
優盤	(yōu pán)
優缺點	(yōu quē diǎn)
優柔	(yōu róu)
優柔寡斷	(yōu róu guǎ duàn)
優生	(yōu shēng)
優生學	(yōu shēng xué)
優勝	(yōu shèng)
優勝劣汰	(yōu shèng liè tài)
優勢	(yōu shì)
優兔	(yōu tù)
優渥	(yōu wò)
優先	(yōu xiān)
優先承購權	(yōu xiān chéng gòu quán)
優先股	(yōu xiān gǔ)
優先級	(yōu xiān jí)
優先認股權	(yōu xiān rèn gǔ quán)
優秀	(yōu xiù)
優選	(yōu xuǎn)
優雅	(yōu yǎ)
優衣庫	(yōu yī kù)
優異	(yōu yì)
優異獎	(yōu yì jiǎng)
優遊	(yōu yóu)
優遊自得	(yōu yóu zì dé)
優於	(yōu yú)
優裕	(yōu yù)
優越	(yōu yuè)
優質	(yōu zhì)
懮	(yǒu)
懮慮	(yōu lǜ)
櫌	(yōu)
尢	(wāng)
尤	(yóu)
尤爾欽科	(yóu ěr qīn kē)
尤詬	(yóu gòu)
尤加利	(yóu jiā lì)
尤金	(yóu jīn)
尤卡坦	(yóu kǎ tǎn)
尤卡坦半島	(yóu kǎ tǎn bàn dǎo)
尤坎	(yóu kǎn)
尤克里里	(yóu kè lǐ lǐ)
尤里斯·伊文思	(yóu lǐ sī · yī wén sī)
尤利西斯	(yóu lì xī sī)
尤利婭·季莫申科	(yóu lì yà · jì mò shēn kē)
尤其	(yóu qí)
尤其是	(yóu qí shì)
尤為	(yóu wéi)
尤文圖斯	(yóu wén tú sī)
尤物	(yóu wù)
尤溪縣	(yóu xī xiàn)
尤指	(yóu zhǐ)
怞	(zhòu)
斿	(yóu)
䍃	(yáo)
楢	(yóu)
友	(yǒu)
友愛	(yǒu ài)
友邦	(yǒu bāng)
友邦保險	(yǒu bāng bǎo xiǎn)
友好	(yǒu hǎo)
友好區	(yǒu hǎo qū)
友盡	(yǒu jìn)
友軍	(yǒu jūn)
友鄰	(yǒu lín)
友情	(yǒu qíng)
友人	(yǒu rén)
友善	(yǒu shàn)
友商	(yǒu shāng)
友悌	(yǒu tì)
友誼	(yǒu yì)
友誼地久天長	(yǒu yì dì jiǔ tiān cháng)
友誼峰	(yǒu yì fēng)
友誼賽	(yǒu yì sài)
友誼商店	(yǒu yì shāng diàn)
友誼縣	(yǒu yì xiàn)
有	(yǒu)
有礙	(yǒu ài)
有百害而無一利	(yǒu bǎi hài ér wú yī lì)
有百利而無一弊	(yǒu bǎi lì ér wú yī bì)
有百利而無一害	(yǒu bǎi lì ér wú yī hài)
有板有眼	(yǒu bǎn yǒu yǎn)
有辦法	(yǒu bàn fǎ)
有幫助	(yǒu bāng zhù)
有悖於	(yǒu bèi yú)
有備而來	(yǒu bèi ér lái)
有備無患	(yǒu bèi wú huàn)
有本錢	(yǒu běn qián)
有本事	(yǒu běn shi)
有編制	(yǒu biān zhì)
有邊兒	(yǒu biān r)
有別	(yǒu bié)
有病	(yǒu bìng)
有不少名堂	(yǒu bù shǎo míng tang)
有才幹	(yǒu cái gàn)
有產者	(yǒu chǎn zhě)
有償	(yǒu cháng)
有朝	(yǒu zhāo)
有朝一日	(yǒu zhāo yī rì)
有沉有浮	(yǒu chén yǒu fú)
有成	(yǒu chéng)
有仇不報非君子	(yǒu chóu bù bào fēi jūn zǐ)
有仇不報非君子，有冤不伸枉為人	(yǒu chóu bù bào fēi jūn zǐ , yǒu yuān bù shēn wǎng wéi rén)
有創造力	(yǒu chuàng zào lì)
有次	(yǒu cì)
有次序	(yǒu cì xù)
有待	(yǒu dài)
有袋類	(yǒu dài lèi)
有膽量	(yǒu dǎn liàng)
有彈性	(yǒu tán xìng)
有道	(yǒu dào)
有道理	(yǒu dào li)
有道是	(yǒu dào shì)
有得一比	(yǒu dé yī bǐ)
有得有失	(yǒu dé yǒu shī)
有德行	(yǒu dé xíng)
有的	(yǒu de)
有的放矢	(yǒu dì fàng shǐ)
有的沒的	(yǒu de méi de)
有的時候	(yǒu de shí hòu)
有的是	(yǒu de shì)
有點	(yǒu diǎn)
有點兒	(yǒu diǎn r)
有電	(yǒu diàn)
有毒	(yǒu dú)
有方	(yǒu fāng)
有份	(yǒu fèn)
有風	(yǒu fēng)
有夫之婦	(yǒu fū zhī fù)
有福	(yǒu fú)
有福同享，有禍同當	(yǒu fú tóng xiǎng , yǒu huò tóng dāng)
有福同享，有難同當	(yǒu fú tóng xiǎng , yǒu nàn tóng dāng)
有婦之夫	(yǒu fù zhī fū)
有感而發	(yǒu gǎn ér fā)
有搞頭	(yǒu gǎo tou)
有攻擊性	(yǒu gōng jī xìng)
有鉤絛蟲	(yǒu gōu tāo chóng)
有夠	(yǒu gòu)
有怪莫怪	(yǒu guài mò guài)
有關	(yǒu guān)
有關各方	(yǒu guān gè fāng)
有關聯	(yǒu guān lián)
有軌	(yǒu guǐ)
有軌電車	(yǒu guǐ diàn chē)
有鬼	(yǒu guǐ)
有過之而無不及	(yǒu guò zhī ér wú bù jí)
有害	(yǒu hài)
有害無利	(yǒu hài wú lì)
有害無益	(yǒu hài wú yì)
有何貴幹	(yǒu hé guì gàn)
有核國家	(yǒu hé guó jiā)
有頜	(yǒu hé)
有恆	(yǒu héng)
有話快說	(yǒu huà kuài shuō)
有話要說	(yǒu huà yào shuō)
有葷有素	(yǒu hūn yǒu sù)
有活力	(yǒu huó lì)
有機	(yǒu jī)
有機玻璃	(yǒu jī bō li)
有機氮	(yǒu jī dàn)
有機肥	(yǒu jī féi)
有機分子	(yǒu jī fēn zǐ)
有機化合物	(yǒu jī huà hé wù)
有機化學	(yǒu jī huà xué)
有機可乘	(yǒu jī kě chéng)
有機磷	(yǒu jī lín)
有機磷毒劑	(yǒu jī lín dú jì)
有機磷酸酯類	(yǒu jī lín suān zhǐ lèi)
有機體	(yǒu jī tǐ)
有機土	(yǒu jī tǔ)
有機物	(yǒu jī wù)
有加	(yǒu jiā)
有價證券	(yǒu jià zhèng quàn)
有價值	(yǒu jià zhí)
有肩膀	(yǒu jiān bǎng)
有鑒於此	(yǒu jiàn yú cǐ)
有教無類	(yǒu jiào wú lèi)
有節	(yǒu jié)
有節制	(yǒu jié zhì)
有解	(yǒu jiě)
有界	(yǒu jiè)
有借有還，再借不難	(yǒu jiè yǒu huán , zài jiè bù nán)
有勁	(yǒu jìn)
有精神病	(yǒu jīng shén bìng)
有驚無險	(yǒu jīng wú xiǎn)
有救	(yǒu jiù)
有局	(yǒu jú)
有決心	(yǒu jué xīn)
有可能	(yǒu kě néng)
有空	(yǒu kòng)
有空兒	(yǒu kòng r)
有孔蟲	(yǒu kǒng chóng)
有口皆碑	(yǒu kǒu jiē bēi)
有口無心	(yǒu kǒu wú xīn)
有苦說不出	(yǒu kǔ shuō bu chū)
有虧職守	(yǒu kuī zhí shǒu)
有賴	(yǒu lài)
有勞	(yǒu láo)
有了	(yǒu le)
有了胎	(yǒu le tāi)
有稜有角	(yǒu léng yǒu jiǎo)
有理	(yǒu lǐ)
有理式	(yǒu lǐ shì)
有理數	(yǒu lǐ shù)
有理數集	(yǒu lǐ shù jí)
有理數域	(yǒu lǐ shù yù)
有禮貌	(yǒu lǐ mào)
有力	(yǒu lì)
有利	(yǒu lì)
有利可圖	(yǒu lì kě tú)
有利有弊	(yǒu lì yǒu bì)
有利於	(yǒu lì yú)
有聯繫	(yǒu lián xì)
有臉	(yǒu liǎn)
有良心	(yǒu liáng xīn)
有兩下子	(yǒu liǎng xià zi)
有料	(yǒu liào)
有碼	(yǒu mǎ)
有賣相	(yǒu mài xiàng)
有沒有	(yǒu méi yǒu)
有眉目	(yǒu méi mù)
有魅力	(yǒu mèi lì)
有名	(yǒu míng)
有名亡實	(yǒu míng wáng shí)
有名無實	(yǒu míng wú shí)
有木有	(yǒu mù yǒu)
有目共睹	(yǒu mù gòng dǔ)
有目共見	(yǒu mù gòng jiàn)
有目共賞	(yǒu mù gòng shǎng)
有目無睹	(yǒu mù wú dǔ)
有奶便是娘	(yǒu nǎi biàn shì niáng)
有能力	(yǒu néng lì)
有年	(yǒu nián)
有年頭	(yǒu nián tou)
有排面	(yǒu pái miàn)
有屁快放	(yǒu pì kuài fàng)
有譜	(yǒu pǔ)
有譜兒	(yǒu pǔ r)
有期徒刑	(yǒu qī tú xíng)
有其父必有其子	(yǒu qí fù bì yǒu qí zǐ)
有其師，必有其徒	(yǒu qí shī , bì yǒu qí tú)
有氣派	(yǒu qì pài)
有氣無力	(yǒu qì wú lì)
有氣音	(yǒu qì yīn)
有氣質	(yǒu qì zhì)
有潛力	(yǒu qián lì)
有錢	(yǒu qián)
有錢能使鬼推磨	(yǒu qián néng shǐ guǐ tuī mò)
有錢人	(yǒu qián rén)
有錢有勢	(yǒu qián yǒu shì)
有錢有閑	(yǒu qián yǒu xián)
有腔調	(yǒu qiāng diào)
有情	(yǒu qíng)
有情人	(yǒu qíng rén)
有情人終成眷屬	(yǒu qíng rén zhōng chéng juàn shǔ)
有情有義	(yǒu qíng yǒu yì)
有頃	(yǒu qǐng)
有請	(yǒu qǐng)
有窮	(yǒu qióng)
有求必應	(yǒu qiú bì yìng)
有去無回	(yǒu qù wú huí)
有趣	(yǒu qù)
有權	(yǒu quán)
有權勢者	(yǒu quán shì zhě)
有權威	(yǒu quán wēi)
有染	(yǒu rǎn)
有人	(yǒu rén)
有人情	(yǒu rén qíng)
有人想你	(yǒu rén xiǎng nǐ)
有如	(yǒu rú)
有色	(yǒu sè)
有色金屬	(yǒu sè jīn shǔ)
有色人種	(yǒu sè rén zhǒng)
有色無膽	(yǒu sè wú dǎn)
有色眼鏡	(yǒu sè yǎn jìng)
有商有量	(yǒu shāng yǒu liàng)
有神論	(yǒu shén lùn)
有神論者	(yǒu shén lùn zhě)
有生以來	(yǒu shēng yǐ lái)
有生之年	(yǒu shēng zhī nián)
有聲讀物	(yǒu shēng dú wù)
有聲書	(yǒu shēng shū)
有聲有色	(yǒu shēng yǒu sè)
有失	(yǒu shī)
有失厚道	(yǒu shī hòu dao)
有失身份	(yǒu shī shēn fèn)
有失遠迎	(yǒu shī yuǎn yíng)
有時	(yǒu shí)
有時候	(yǒu shí hou)
有識之士	(yǒu shí zhī shì)
有史以來	(yǒu shǐ yǐ lái)
有始無終	(yǒu shǐ wú zhōng)
有始有終	(yǒu shǐ yǒu zhōng)
有事	(yǒu shì)
有恃無恐	(yǒu shì wú kǒng)
有手有腳	(yǒu shǒu yǒu jiǎo)
有數	(yǒu shù)
有水	(yǒu shuǐ)
有說有笑	(yǒu shuō yǒu xiào)
有司	(yǒu sī)
有絲分裂	(yǒu sī fēn liè)
有損	(yǒu sǔn)
有損壓縮	(yǒu sǔn yā suō)
有所	(yǒu suǒ)
有所不同	(yǒu suǒ bù tóng)
有所得必有所失	(yǒu suǒ dé bì yǒu suǒ shī)
有所作為	(yǒu suǒ zuò wéi)
有蹄動物	(yǒu tí dòng wù)
有條不紊	(yǒu tiáo bù wěn)
有條紋	(yǒu tiáo wén)
有條有理	(yǒu tiáo yǒu lǐ)
有統計學意義	(yǒu tǒng jì xué yì yì)
有頭無尾	(yǒu tóu wú wěi)
有頭有臉	(yǒu tóu yǒu liǎn)
有頭有尾	(yǒu tóu yǒu wěi)
有望	(yǒu wàng)
有為	(yǒu wéi)
有為有守	(yǒu wéi yǒu shǒu)
有違	(yǒu wéi)
有味	(yǒu wèi)
有無	(yǒu wú)
有無相通	(yǒu wú xiāng tōng)
有希望	(yǒu xī wàng)
有息	(yǒu xī)
有喜	(yǒu xǐ)
有戲	(yǒu xì)
有夏	(yǒu xià)
有限	(yǒu xiàn)
有限單元	(yǒu xiàn dān yuán)
有限公司	(yǒu xiàn gōng sī)
有限集	(yǒu xiàn jí)
有限群	(yǒu xiàn qún)
有限元	(yǒu xiàn yuán)
有限元法	(yǒu xiàn yuán fǎ)
有線	(yǒu xiàn)
有線電視	(yǒu xiàn diàn shì)
有線新聞網	(yǒu xiàn xīn wén wǎng)
有效	(yǒu xiào)
有效負載	(yǒu xiào fù zài)
有效期	(yǒu xiào qī)
有效日期	(yǒu xiào rì qī)
有效數字	(yǒu xiào shù zì)
有效性	(yǒu xiào xìng)
有些	(yǒu xiē)
有些人	(yǒu xiē rén)
有心	(yǒu xīn)
有心人	(yǒu xīn rén)
有心眼	(yǒu xīn yǎn)
有新意	(yǒu xīn yì)
有形	(yǒu xíng)
有型	(yǒu xíng)
有幸	(yǒu xìng)
有性生殖	(yǒu xìng shēng zhí)
有興趣	(yǒu xìng qù)
有雄心	(yǒu xióng xīn)
有序	(yǒu xù)
有序化	(yǒu xù huà)
有學問	(yǒu xué wèn)
有煙煤	(yǒu yān méi)
有眼不識泰山	(yǒu yǎn bù shí tài shān)
有眼光	(yǒu yǎn guāng)
有眼力見兒	(yǒu yǎn lì jiàn r)
有眼無珠	(yǒu yǎn wú zhū)
有氧操	(yǒu yǎng cāo)
有氧健身操	(yǒu yǎng jiàn shēn cāo)
有氧運動	(yǒu yǎng yùn dòng)
有樣學樣	(yǒu yàng xué yàng)
有一次	(yǒu yī cì)
有一搭沒一搭	(yǒu yī dā méi yī dā)
有一點	(yǒu yī diǎn)
有一點兒	(yǒu yī diǎn r)
有一句沒一句	(yǒu yī jù méi yī jù)
有一拼	(yǒu yī pīn)
有一手	(yǒu yī shǒu)
有一說一	(yǒu yī shuō yī)
有一說一，有二說二	(yǒu yī shuō yī , yǒu èr shuō èr)
有一套	(yǒu yī tào)
有一腿	(yǒu yī tuǐ)
有一些	(yǒu yī xiē)
有益	(yǒu yì)
有益處	(yǒu yì chu)
有意	(yǒu yì)
有意識	(yǒu yì shí)
有意思	(yǒu yì si)
有意無意	(yǒu yì wú yì)
有意義	(yǒu yì yì)
有意栽花花不發，無心插柳柳成陰	(yǒu yì zāi huā huā bù fā , wú xīn chā liǔ liǔ chéng yīn)
有毅力	(yǒu yì lì)
有陰影	(yǒu yīn yǐng)
有印象	(yǒu yìn xiàng)
有影響	(yǒu yǐng xiǎng)
有勇無謀	(yǒu yǒng wú móu)
有用	(yǒu yòng)
有餘	(yǒu yú)
有預謀	(yǒu yù móu)
有源區	(yǒu yuán qū)
有緣	(yǒu yuán)
有緣無分	(yǒu yuán wú fèn)
有約在先	(yǒu yuē zài xiān)
有則改之，無則加勉	(yǒu zé gǎi zhī , wú zé jiā miǎn)
有責任	(yǒu zé rèn)
有增無減	(yǒu zēng wú jiǎn)
有增無已	(yǒu zēng wú yǐ)
有征無戰	(yǒu zhēng wú zhàn)
有枝有葉	(yǒu zhī yǒu yè)
有志	(yǒu zhì)
有志竟成	(yǒu zhì jìng chéng)
有志氣	(yǒu zhì qì)
有志者事竟成	(yǒu zhì zhě shì jìng chéng)
有志之士	(yǒu zhì zhī shì)
有種	(yǒu zhǒng)
有主見	(yǒu zhǔ jiàn)
有助	(yǒu zhù)
有助於	(yǒu zhù yú)
有著	(yǒu zhe)
有滋有味	(yǒu zī yǒu wèi)
有資格	(yǒu zī gé)
有子存焉	(yǒu zǐ cún yān)
有嘴沒舌	(yǒu zuǐ mò shé)
有嘴無心	(yǒu zuǐ wú xīn)
有罪	(yǒu zuì)
有罪不罰	(yǒu zuì bù fá)
有作用	(yǒu zuò yòng)
丣	(yǒu)
卣	(yǒu)
槱	(yǒu)
又	(yòu)
又吵又鬧	(yòu chǎo yòu nào)
又稱	(yòu chēng)
又好氣又好笑	(yòu hǎo qì yòu hǎo xiào)
又及	(yòu jí)
又來了	(yòu lái le)
又名	(yòu míng)
又雙叒叕	(yòu shuāng ruò zhuó)
又想當婊子又想立牌坊	(yòu xiǎng dāng biǎo zi yòu xiǎng lì pái fāng)
又要馬兒跑，又要馬兒不吃草	(yòu yào mǎ r pǎo , yòu yào mǎ r bù chī cǎo)
又一次	(yòu yī cì)
右	(yòu)
右邊	(yòu bian)
右邊兒	(yòu bian r)
右側	(yòu cè)
右對齊	(yòu duì qí)
右舵	(yòu duò)
右方	(yòu fāng)
右箭頭	(yòu jiàn tóu)
右箭頭鍵	(yòu jiàn tóu jiàn)
右江區	(yòu jiāng qū)
右面	(yòu miàn)
右派	(yòu pài)
右派分子	(yòu pài fèn zǐ)
右撇子	(yòu piě zi)
右前衛	(yòu qián wèi)
右傾	(yòu qīng)
右上	(yòu shàng)
右手	(yòu shǒu)
右首	(yòu shǒu)
右袒	(yòu tǎn)
右下	(yòu xià)
右舷	(yòu xián)
右翼	(yòu yì)
右玉縣	(yòu yù xiàn)
右轉	(yòu zhuǎn)
幼	(yòu)
幼齒	(yòu chǐ)
幼蟲	(yòu chóng)
幼雛	(yòu chú)
幼弟	(yòu dì)
幼兒	(yòu ér)
幼兒園	(yòu ér yuán)
幼發拉底河	(yòu fā lā dǐ hé)
幼教	(yòu jiào)
幼馬	(yòu mǎ)
幼妹	(yòu mèi)
幼苗	(yòu miáo)
幼年	(yòu nián)
幼女	(yòu nǚ)
幼師	(yòu shī)
幼時	(yòu shí)
幼獸	(yòu shòu)
幼態	(yòu tài)
幼體	(yòu tǐ)
幼童	(yòu tóng)
幼童軍	(yòu tóng jūn)
幼吾幼，以及人之幼	(yòu wú yòu , yǐ jí rén zhī yòu)
幼小	(yòu xiǎo)
幼仔	(yòu zǎi)
幼崽	(yòu zǎi)
幼稚	(yòu zhì)
幼稚園	(yòu zhì yuán)
幼子	(yòu zǐ)
佑	(yòu)
佑護	(yòu hù)
侑	(yòu)
柚	(yòu)
柚木	(yòu mù)
柚子	(yòu zi)
囿	(yòu)
宥	(yòu)
唹	(yú)
于	(yú)
于丹	(yú dān)
于都縣	(yú dū xiàn)
于歸	(yú guī)
于歸之喜	(yú guī zhī xǐ)
于洪區	(yú hóng qū)
于田縣	(yú tián xiàn)
亐	(yú)
杅	(yú)
余	(yú)
余車	(yú chē)
余月	(yú yuè)
妤	(yú)
於	(yú)
於事無補	(yú shì wú bǔ)
於是	(yú shì)
於是乎	(yú shì hū)
於心不忍	(yú xīn bù rěn)
俞	(yú)
俞天白	(yú tiān bái)
俞文豹	(yú wén bào)
俞穴	(shù xué)
俞正聲	(yú zhèng shēng)
兪	(yú)
娛	(yú)
娛遣	(yú qiǎn)
娛樂	(yú lè)
娛樂場	(yú lè chǎng)
娛樂場所	(yú lè chǎng suǒ)
娛樂界	(yú lè jiè)
娛樂圈	(yú lè quān)
娛樂中心	(yú lè zhōng xīn)
揄	(yú)
揄袂	(yú mèi)
揄揚	(yú yáng)
嵎	(yú)
崳	(yú)
嵛	(yú)
愉	(yú)
愉快	(yú kuài)
愉悅	(yú yuè)
媮	(tōu)
榆	(yú)
榆次區	(yú cì qū)
榆林市	(yú lín shì)
榆木	(yú mù)
榆木疙瘩	(yú mù gē da)
榆木腦袋	(yú mù nǎo dai)
榆木腦殼	(yú mù nǎo ké)
榆社縣	(yú shè xiàn)
榆樹	(yú shù)
榆樹市	(yú shù shì)
榆罔	(yú wǎng)
榆陽區	(yú yáng qū)
榆中縣	(yú zhōng xiàn)
愚	(yú)
愚笨	(yú bèn)
愚不可及	(yú bù kě jí)
愚蠢	(yú chǔn)
愚鈍	(yú dùn)
愚公移山	(yú gōng yí shān)
愚見	(yú jiàn)
愚陋	(yú lòu)
愚魯	(yú lǔ)
愚氓	(yú méng)
愚昧	(yú mèi)
愚昧無知	(yú mèi wú zhī)
愚矇	(yú méng)
愚民	(yú mín)
愚弄	(yú nòng)
愚懦	(yú nuò)
愚人	(yú rén)
愚人節	(yú rén jié)
愚弱	(yú ruò)
愚騃	(yú ái)
愚頑	(yú wán)
愚妄	(yú wàng)
愚孝	(yú xiào)
愚意	(yú yì)
愚拙	(yú zhuō)
歈	(yú)
旟	(yú)
予	(yǔ)
予人口實	(yǔ rén kǒu shí)
予以	(yǔ yǐ)
予以照顧	(yǔ yǐ zhào gù)
宇	(yǔ)
宇航	(yǔ háng)
宇航服	(yǔ háng fú)
宇航局	(yǔ háng jú)
宇航員	(yǔ háng yuán)
宇普西龍	(yǔ pǔ xī lóng)
宇文	(yǔ wén)
宇宙	(yǔ zhòu)
宇宙飛船	(yǔ zhòu fēi chuán)
宇宙觀	(yǔ zhòu guān)
宇宙號	(yǔ zhòu hào)
宇宙射線	(yǔ zhòu shè xiàn)
宇宙速度	(yǔ zhòu sù dù)
宇宙線	(yǔ zhòu xiàn)
宇宙學	(yǔ zhòu xué)
㲾	(yǔ)
俁	(yǔ)
圄	(yǔ)
峿	(wú)
敔	(yǔ)
圉	(yǔ)
圉人	(yǔ rén)
圉限	(yǔ xiàn)
庾	(yǔ)
庾信	(yǔ xìn)
楀	(yǔ)
傴	(yǔ)
寙	(yǔ)
噳	(yǔ)
嶼	(yǔ)
斔	(yǔ)
圫	(ào)
忬	(shū)
昱	(yù)
昱日	(yù rì)
昱昱	(yù yù)
彧	(yù)
峪	(yù)
域	(yù)
域名	(yù míng)
域名編碼	(yù míng biān mǎ)
域名服務器	(yù míng fú wù qì)
域名搶註	(yù míng qiǎng zhù)
域名註冊	(yù míng zhù cè)
域外	(yù wài)
堉	(yù)
悆	(yù)
欲	(yù)
欲罷不能	(yù bà bù néng)
欲滴	(yù dī)
欲蓋彌彰	(yù gài mí zhāng)
欲海	(yù hǎi)
欲加之罪，何患無辭	(yù jiā zhī zuì , hé huàn wú cí)
欲經	(yù jīng)
欲絕	(yù jué)
欲念	(yù niàn)
欲女	(yù nǚ)
欲擒故縱	(yù qín gù zòng)
欲求	(yù qiú)
欲取姑予	(yù qǔ gū yǔ)
欲取姑與	(yù qǔ gū yǔ)
欲速則不達	(yù sù zé bù dá)
欲仙欲死	(yù xiān yù sǐ)
欲言又止	(yù yán yòu zhǐ)
欲益反損	(yù yì fǎn sǔn)
欲振乏力	(yù zhèn fá lì)
棫	(yù)
棜	(yù)
喻	(yù)
喻世明言	(yù shì míng yán)
御	(yù)
御寶	(yù bǎo)
御便當	(yù biàn dāng)
御廚	(yù chú)
御賜	(yù cì)
御弟	(yù dì)
御飯糰	(yù fàn tuán)
御駕親征	(yù jià qīn zhēng)
御姐	(yù jiě)
御酒	(yù jiǔ)
御批	(yù pī)
御戎	(yù róng)
御膳房	(yù shàn fáng)
御史	(yù shǐ)
御手	(yù shǒu)
御醫	(yù yī)
御用	(yù yòng)
御用大律師	(yù yòng dà lǜ shī)
御宅族	(yù zhái zú)
庽	(yù)
寓	(yù)
寓管理於服務之中	(yù guǎn lǐ yú fú wù zhī zhōng)
寓教於樂	(yù jiào yú lè)
寓居	(yù jū)
寓目	(yù mù)
寓所	(yù suǒ)
寓言	(yù yán)
寓意	(yù yì)
寓意深長	(yù yì shēn cháng)
寓意深遠	(yù yì shēn yuǎn)
愈	(yù)
愈發	(yù fā)
愈加	(yù jiā)
愈來愈	(yù lái yù)
愈演愈烈	(yù yǎn yù liè)
愈益	(yù yì)
毓	(yù)
毓婷	(yù tíng)
嫗	(yù)
墺	(ào)
慾	(yù)
慾壑難填	(yù hè nán tián)
慾火	(yù huǒ)
慾火焚身	(yù huǒ fén shēn)
慾望	(yù wàng)
欎	(yù)
欝	(yù)
囦	(yuān)
冤	(yuān)
冤案	(yuān àn)
冤仇	(yuān chóu)
冤大頭	(yuān dà tóu)
冤魂	(yuān hún)
冤家	(yuān jia)
冤家對頭	(yuān jiā duì tóu)
冤家路窄	(yuān jiā lù zhǎi)
冤家宜解不宜結	(yuān jiā yí jiě bù yí jié)
冤假錯案	(yuān jiǎ cuò àn)
冤苦	(yuān kǔ)
冤孽	(yuān niè)
冤氣	(yuān qì)
冤錢	(yuān qián)
冤情	(yuān qíng)
冤屈	(yuān qū)
冤死	(yuān sǐ)
冤頭	(yuān tóu)
冤枉	(yuān wang)
冤枉路	(yuān wang lù)
冤枉錢	(yuān wang qián)
冤誣	(yuān wū)
冤業	(yuān yè)
冤抑	(yuān yì)
冤有頭，債有主	(yuān yǒu tóu , zhài yǒu zhǔ)
冤獄	(yuān yù)
冤冤相報何時了	(yuān yuān xiāng bào hé shí liǎo)
冤種	(yuān zhǒng)
寃	(yuān)
惌	(yuān)
棩	(yuān)
元	(yuán)
元胞自動機	(yuán bāo zì dòng jī)
元寶	(yuán bǎo)
元寶區	(yuán bǎo qū)
元寶山區	(yuán bǎo shān qū)
元長	(yuán cháng)
元長鄉	(yuán cháng xiāng)
元朝	(yuán cháo)
元代	(yuán dài)
元旦	(yuán dàn)
元旦節	(yuán dàn jié)
元惡	(yuán è)
元惡大憝	(yuán è dà duì)
元古代	(yuán gǔ dài)
元古宙	(yuán gǔ zhòu)
元好問	(yuán hào wèn)
元件	(yuán jiàn)
元江哈尼族彝族傣族自治縣	(yuán jiāng hā ní zú yí zú dǎi zú zì zhì xiàn)
元軍	(yuán jūn)
元來	(yuán lái)
元朗	(yuán lǎng)
元朗市	(yuán lǎng shì)
元老	(yuán lǎo)
元老院	(yuán lǎo yuàn)
元龍	(yuán lóng)
元煤	(yuán méi)
元末	(yuán mò)
元末明初	(yuán mò míng chū)
元謀縣	(yuán móu xiàn)
元年	(yuán nián)
元配	(yuán pèi)
元氣	(yuán qì)
元器件	(yuán qì jiàn)
元青	(yuán qīng)
元曲	(yuán qǔ)
元曲四大家	(yuán qǔ sì dà jiā)
元認知	(yuán rèn zhī)
元肉	(yuán ròu)
元山	(yuán shān)
元山市	(yuán shān shì)
元神	(yuán shén)
元詩四大家	(yuán shī sì dà jiā)
元氏縣	(yuán shì xiàn)
元首	(yuán shǒu)
元數據	(yuán shù jù)
元帥	(yuán shuài)
元素	(yuán sù)
元素週期表	(yuán sù zhōu qī biǎo)
元太祖	(yuán tài zǔ)
元宵	(yuán xiāo)
元凶	(yuán xiōng)
元勛	(yuán xūn)
元勳	(yuán xūn)
元陽縣	(yuán yáng xiàn)
元夜	(yuán yè)
元音	(yuán yīn)
元音和諧	(yuán yīn hé xié)
元宇宙	(yuán yǔ zhòu)
元語言	(yuán yǔ yán)
元語言能力	(yuán yǔ yán néng lì)
元元本本	(yuán yuán běn běn)
元月	(yuán yuè)
元資料	(yuán zī liào)
元組	(yuán zǔ)
円	(yuán)
垣	(yuán)
垣曲縣	(yuán qǔ xiàn)
垣衣	(yuán yī)
原	(yuán)
原班人馬	(yuán bān rén mǎ)
原爆點	(yuán bào diǎn)
原被告	(yuán bèi gào)
原本	(yuán běn)
原材料	(yuán cái liào)
原產	(yuán chǎn)
原產地	(yuán chǎn dì)
原產國	(yuán chǎn guó)
原唱	(yuán chàng)
原蟲	(yuán chóng)
原初	(yuán chū)
原處	(yuán chù)
原創	(yuán chuàng)
原創力	(yuán chuàng lì)
原創性	(yuán chuàng xìng)
原道	(yuán dào)
原地	(yuán dì)
原地踏步	(yuán dì tà bù)
原典版	(yuán diǎn bǎn)
原點	(yuán diǎn)
原點矩	(yuán diǎn jǔ)
原電池	(yuán diàn chí)
原定	(yuán dìng)
原動力	(yuán dòng lì)
原發性進行性失語	(yuán fā xìng jìn xíng xìng shī yǔ)
原封不動	(yuán fēng bù dòng)
原稿	(yuán gǎo)
原告	(yuán gào)
原鴿	(yuán gē)
原故	(yuán gù)
原函數	(yuán hán shù)
原核	(yuán hé)
原核生物	(yuán hé shēng wù)
原核生物界	(yuán hé shēng wù jiè)
原核細胞	(yuán hé xì bāo)
原核細胞型微生物	(yuán hé xì bāo xíng wēi shēng wù)
原籍	(yuán jí)
原價	(yuán jià)
原件	(yuán jiàn)
原來	(yuán lái)
原來如此	(yuán lái rú cǐ)
原理	(yuán lǐ)
原諒	(yuán liàng)
原諒色	(yuán liàng sè)
原料	(yuán liào)
原貌	(yuán mào)
原煤	(yuán méi)
原名	(yuán míng)
原木	(yuán mù)
原擬	(yuán nǐ)
原牛	(yuán niú)
原配	(yuán pèi)
原平市	(yuán píng shì)
原人	(yuán rén)
原色	(yuán sè)
原腎管	(yuán shèn guǎn)
原生	(yuán shēng)
原生動物	(yuán shēng dòng wù)
原生橄欖油	(yuán shēng gǎn lǎn yóu)
原生家庭	(yuán shēng jiā tíng)
原生生物	(yuán shēng shēng wù)
原生質	(yuán shēng zhì)
原聲	(yuán shēng)
原聲帶	(yuán shēng dài)
原始	(yuán shǐ)
原始林	(yuán shǐ lín)
原始碼	(yuán shǐ mǎ)
原始熱帶雨林	(yuán shǐ rè dài yǔ lín)
原始人	(yuán shǐ rén)
原始社會	(yuán shǐ shè huì)
原水	(yuán shuǐ)
原蘇聯	(yuán sū lián)
原田	(yuán tián)
原圖	(yuán tú)
原委	(yuán wěi)
原位	(yuán wèi)
原味	(yuán wèi)
原文	(yuán wén)
原物料	(yuán wù liào)
原先	(yuán xiān)
原纖維	(yuán xiān wéi)
原形	(yuán xíng)
原形畢露	(yuán xíng bì lù)
原型	(yuán xíng)
原研藥	(yuán yán yào)
原陽縣	(yuán yáng xiàn)
原樣	(yuán yàng)
原野	(yuán yě)
原意	(yuán yì)
原義	(yuán yì)
原因	(yuán yīn)
原由	(yuán yóu)
原油	(yuán yóu)
原有	(yuán yǒu)
原語	(yuán yǔ)
原原本本	(yuán yuán běn běn)
原則	(yuán zé)
原則上	(yuán zé shang)
原則性	(yuán zé xìng)
原汁	(yuán zhī)
原汁原味	(yuán zhī yuán wèi)
原址	(yuán zhǐ)
原州區	(yuán zhōu qū)
原住民	(yuán zhù mín)
原住民族	(yuán zhù mín zú)
原著	(yuán zhù)
原裝	(yuán zhuāng)
原狀	(yuán zhuàng)
原子	(yuán zǐ)
原子半徑	(yuán zǐ bàn jìng)
原子筆	(yuán zǐ bǐ)
原子彈	(yuán zǐ dàn)
原子堆	(yuán zǐ duī)
原子反應堆	(yuán zǐ fǎn yìng duī)
原子核	(yuán zǐ hé)
原子量	(yuán zǐ liàng)
原子論	(yuán zǐ lùn)
原子能	(yuán zǐ néng)
原子能發電站	(yuán zǐ néng fā diàn zhàn)
原子武器	(yuán zǐ wǔ qì)
原子序數	(yuán zǐ xù shù)
原子質量	(yuán zǐ zhì liàng)
原子鐘	(yuán zǐ zhōng)
原罪	(yuán zuì)
原作	(yuán zuò)
原作版	(yuán zuò bǎn)
員	(yuán)
員額	(yuán é)
員工	(yuán gōng)
員警	(yuán jǐng)
員林	(yuán lín)
員林鎮	(yuán lín zhèn)
員山	(yuán shān)
員山鄉	(yuán shān xiāng)
員外	(yuán wài)
援	(yuán)
援兵	(yuán bīng)
援藏	(yuán zàng)
援交	(yuán jiāo)
援交妹	(yuán jiāo mèi)
援交小姐	(yuán jiāo xiǎo jie)
援救	(yuán jiù)
援軍	(yuán jūn)
援手	(yuán shǒu)
援引	(yuán yǐn)
援用	(yuán yòng)
援助	(yuán zhù)
援助機構	(yuán zhù jī gòu)
援助交際	(yuán zhù jiāo jì)
援助之手	(yuán zhù zhī shǒu)
塬	(yuán)
塬地	(yuán dì)
楥	(xuàn)
園	(yuán)
園長	(yuán zhǎng)
園地	(yuán dì)
園丁	(yuán dīng)
園林	(yuán lín)
園圃	(yuán pǔ)
園區	(yuán qū)
園藝	(yuán yì)
園遊會	(yuán yóu huì)
園囿	(yuán yòu)
圓	(yuán)
圓白菜	(yuán bái cài)
圓柏	(yuán bǎi)
圓場	(yuán chǎng)
圓窗	(yuán chuāng)
圓點	(yuán diǎn)
圓頂	(yuán dǐng)
圓房	(yuán fáng)
圓腹鯡	(yuán fù fēi)
圓拱	(yuán gǒng)
圓鼓鼓	(yuán gǔ gǔ)
圓光	(yuán guāng)
圓規	(yuán guī)
圓規座	(yuán guī zuò)
圓軌道	(yuán guǐ dào)
圓滾滾	(yuán gǔn gǔn)
圓函數	(yuán hán shù)
圓弧	(yuán hú)
圓滑	(yuán huá)
圓滑線	(yuán huá xiàn)
圓環	(yuán huán)
圓謊	(yuán huǎng)
圓寂	(yuán jì)
圓角	(yuán jiǎo)
圓孔	(yuán kǒng)
圓口綱脊椎動物	(yuán kǒu gāng jǐ zhuī dòng wù)
圓括號	(yuán kuò hào)
圓領	(yuán lǐng)
圓滿	(yuán mǎn)
圓夢	(yuán mèng)
圓麵餅	(yuán miàn bǐng)
圓盤	(yuán pán)
圓球	(yuán qiú)
圓圈	(yuán quān)
圓缺	(yuán quē)
圓融	(yuán róng)
圓潤	(yuán rùn)
圓通	(yuán tōng)
圓筒	(yuán tǒng)
圓禿	(yuán tū)
圓屋頂	(yuán wū dǐng)
圓舞	(yuán wǔ)
圓舞曲	(yuán wǔ qǔ)
圓心	(yuán xīn)
圓形	(yuán xíng)
圓形劇場	(yuán xíng jù chǎng)
圓形木材	(yuán xíng mù cái)
圓瑛	(yuán yīng)
圓月	(yuán yuè)
圓暈	(yuán yùn)
圓周	(yuán zhōu)
圓周率	(yuán zhōu lǜ)
圓珠	(yuán zhū)
圓珠筆	(yuán zhū bǐ)
圓柱	(yuán zhù)
圓柱體	(yuán zhù tǐ)
圓柱形	(yuán zhù xíng)
圓錐	(yuán zhuī)
圓錐曲線	(yuán zhuī qū xiàn)
圓錐體	(yuán zhuī tǐ)
圓錐形	(yuán zhuī xíng)
圓錐狀	(yuán zhuī zhuàng)
圓桌	(yuán zhuō)
圓桌會議	(yuán zhuō huì yì)
圓子	(yuán zi)
嫄	(yuán)
櫞	(yuán)
夗	(yuàn)
怨	(yuàn)
怨艾	(yuàn yì)
怨不得	(yuàn bu de)
怨敵	(yuàn dí)
怨毒	(yuàn dú)
怨懟	(yuàn duì)
怨忿	(yuàn fèn)
怨憤	(yuàn fèn)
怨恨	(yuàn hèn)
怨命	(yuàn mìng)
怨念	(yuàn niàn)
怨女	(yuàn nǚ)
怨偶	(yuàn ǒu)
怨耦	(yuàn ǒu)
怨氣	(yuàn qì)
怨氣沖天	(yuàn qì chōng tiān)
怨聲	(yuàn shēng)
怨聲載道	(yuàn shēng zài dào)
怨嘆	(yuàn tàn)
怨天尤人	(yuàn tiān yóu rén)
怨天載道	(yuàn tiān zài dào)
怨言	(yuàn yán)
怨尤	(yuàn yóu)
掾	(yuàn)
媛	(yuàn)
愿	(yuàn)
曰	(yuē)
曱	(yuē)
曱甴	(yuē zhá)
彠	(huò)
月	(yuè)
月報	(yuè bào)
月孛	(yuè bèi)
月餅	(yuè bǐng)
月城	(yuè chéng)
月初	(yuè chū)
月底	(yuè dǐ)
月度	(yuè dù)
月費	(yuè fèi)
月分	(yuè fèn)
月份	(yuè fèn)
月份會議	(yuè fèn huì yì)
月份牌	(yuè fèn pái)
月俸	(yuè fèng)
月工	(yuè gōng)
月供	(yuè gōng)
月宮	(yuè gōng)
月光	(yuè guāng)
月光石	(yuè guāng shí)
月光族	(yuè guāng zú)
月桂	(yuè guì)
月桂冠	(yuè guì guān)
月桂樹	(yuè guì shù)
月桂樹葉	(yuè guì shù yè)
月桂葉	(yuè guì yè)
月海	(yuè hǎi)
月黑	(yuè hēi)
月黑天	(yuè hēi tiān)
月湖區	(yuè hú qū)
月華	(yuè huá)
月季	(yuè jì)
月經	(yuè jīng)
月經墊	(yuè jīng diàn)
月經棉栓	(yuè jīng mián shuān)
月徑	(yuè jìng)
月刊	(yuè kān)
月坑	(yuè kēng)
月虧	(yuè kuī)
月藍	(yuè lán)
月闌	(yuè lán)
月老	(yuè lǎo)
月鱧	(yuè lǐ)
月利	(yuè lì)
月曆	(yuè lì)
月亮	(yuè liang)
月亮杯	(yuè liang bēi)
月齡	(yuè líng)
月令	(yuè lìng)
月輪	(yuè lún)
月盲症	(yuè máng zhèng)
月杪	(yuè miǎo)
月末	(yuè mò)
月女神	(yuè nǚ shén)
月偏食	(yuè piān shí)
月票	(yuè piào)
月婆子	(yuè pó zi)
月錢	(yuè qián)
月琴	(yuè qín)
月球	(yuè qiú)
月球車	(yuè qiú chē)
月全食	(yuè quán shí)
月缺	(yuè quē)
月壤	(yuè rǎng)
月嫂	(yuè sǎo)
月色	(yuè sè)
月食	(yuè shí)
月蝕	(yuè shí)
月氏	(yuè zhī)
月事	(yuè shì)
月收入	(yuè shōu rù)
月朔	(yuè shuò)
月台幕門	(yuè tái mù mén)
月臺	(yuè tái)
月臺票	(yuè tái piào)
月頭兒	(yuè tóu r)
月尾	(yuè wěi)
月息	(yuè xī)
月下花前	(yuè xià huā qián)
月下老人	(yuè xià lǎo rén)
月相	(yuè xiàng)
月薪	(yuè xīn)
月信	(yuè xìn)
月牙	(yuè yá)
月牙形	(yuè yá xíng)
月芽	(yuè yá)
月岩	(yuè yán)
月曜日	(yuè yào rì)
月夜	(yuè yè)
月月	(yuè yuè)
月暈	(yuè yùn)
月支	(yuè zhī)
月中	(yuè zhōng)
月子	(yuè zi)
月子病	(yuè zi bìng)
月子中心	(yuè zi zhōng xīn)
月租	(yuè zū)
戉	(yuè)
刖	(yuè)
抈	(yuè)
岳	(yuè)
岳池縣	(yuè chí xiàn)
岳飛	(yuè fēi)
岳父	(yuè fù)
岳家	(yuè jiā)
岳麓山	(yuè lù shān)
岳母	(yuè mǔ)
岳普湖縣	(yuè pǔ hú xiàn)
岳西縣	(yuè xī xiàn)
岳陽樓	(yuè yáng lóu)
岳陽樓記	(yuè yáng lóu jì)
岳陽樓區	(yuè yáng lóu qū)
岳陽市	(yuè yáng shì)
岳陽縣	(yuè yáng xiàn)
岳丈	(yuè zhàng)
悅	(yuè)
悅耳	(yuè ěr)
悅納	(yuè nà)
悅色	(yuè sè)
樂	(yuè)
樂安縣	(lè ān xiàn)
樂不可極	(lè bù kě jí)
樂不可支	(lè bù kě zhī)
樂不思蜀	(lè bù sī shǔ)
樂昌破鏡	(lè chāng pò jìng)
樂昌市	(lè chāng shì)
樂此不疲	(lè cǐ bù pí)
樂道	(lè dào)
樂蒂	(lè dì)
樂顛了餡	(lè diān le xiàn)
樂東	(lè dōng)
樂東黎族自治縣	(lè dōng lí zú zì zhì xiàn)
樂東縣	(lè dōng xiàn)
樂都區	(lè dū qū)
樂隊	(yuè duì)
樂福鞋	(lè fú xié)
樂府	(yuè fǔ)
樂感	(yuè gǎn)
樂高	(lè gāo)
樂購	(lè gòu)
樂觀	(lè guān)
樂觀其成	(lè guān qí chéng)
樂觀主義	(lè guān zhǔ yì)
樂呵呵	(lè hē hē)
樂華梅蘭	(lè huá méi lán)
樂活	(lè huó)
樂極生悲	(lè jí shēng bēi)
樂見	(lè jiàn)
樂見其成	(lè jiàn qí chéng)
樂句	(yuè jù)
樂捐	(lè juān)
樂開花	(lè kāi huā)
樂浪郡	(lè làng jùn)
樂理	(yuè lǐ)
樂陵市	(lào líng shì)
樂齡	(lè líng)
樂律	(yuè lǜ)
樂迷	(yuè mí)
樂平市	(lè píng shì)
樂譜	(yuè pǔ)
樂器	(yuè qì)
樂清市	(yuè qīng shì)
樂曲	(yuè qǔ)
樂趣	(lè qù)
樂色	(lè sè)
樂山市	(lè shān shì)
樂善好施	(lè shàn hào shī)
樂施會	(lè shī huì)
樂師	(yuè shī)
樂事	(lè shì)
樂手	(yuè shǒu)
樂蜀	(lè shǔ)
樂壇	(yuè tán)
樂陶陶	(lè táo táo)
樂天	(lè tiān)
樂天派	(lè tiān pài)
樂天知命	(lè tiān zhī mìng)
樂亭縣	(lào tíng xiàn)
樂透	(lè tòu)
樂土	(lè tǔ)
樂團	(yuè tuán)
樂歪	(lè wāi)
樂業縣	(lè yè xiàn)
樂意	(lè yì)
樂音	(yuè yīn)
樂於	(lè yú)
樂於助人	(lè yú zhù rén)
樂園	(lè yuán)
樂在其中	(lè zài qí zhōng)
樂章	(yuè zhāng)
樂之	(lè zhī)
樂至縣	(lè zhì xiàn)
樂滋滋	(lè zī zī)
樂子	(lè zi)
樾	(yuè)
嶽	(yuè)
嶽得爾歌	(yuè dé ěr gē)
嶽麓區	(yuè lù qū)
嶽麓書院	(yuè lù shū yuàn)
嶽塘區	(yuè táng qū)
暈	(yūn)
暈菜	(yūn cài)
暈場	(yùn chǎng)
暈車	(yùn chē)
暈池	(yùn chí)
暈船	(yùn chuán)
暈倒	(yūn dǎo)
暈高兒	(yùn gāo r)
暈乎	(yūn hu)
暈糊	(yūn hu)
暈機	(yùn jī)
暈厥	(yūn jué)
暈染	(yùn rǎn)
暈死	(yūn sǐ)
暈碳	(yūn tàn)
暈頭	(yūn tóu)
暈頭轉向	(yūn tóu zhuàn xiàng)
暈眩	(yūn xuàn)
暈血	(yùn xuè)
暈血症	(yùn xuè zhèng)
暈針	(yùn zhēn)
奫	(yūn)
云	(yún)
云城區	(yún chéng qū)
云云	(yún yún)
勻	(yún)
勻稱	(yún chèn)
勻淨	(yún jìng)
勻溜	(yún liu)
勻實	(yún shi)
勻速	(yún sù)
勻整	(yún zhěng)
妘	(yún)
昀	(yún)
允	(yǔn)
允當	(yǔn dàng)
允許	(yǔn xǔ)
允諾	(yǔn nuò)
允文允武	(yǔn wén yǔn wǔ)
允宜	(yǔn yí)
允准	(yǔn zhǔn)
殞	(yǔn)
殞落	(yǔn luò)
殞命	(yǔn mìng)
殞身不恤	(yǔn shēn bù xù)
孕	(yùn)
孕寶寶	(yùn bǎo bǎo)
孕產	(yùn chǎn)
孕婦	(yùn fù)
孕婦裝	(yùn fù zhuāng)
孕激素	(yùn jī sù)
孕期	(yùn qī)
孕穗	(yùn suì)
孕童	(yùn tóng)
孕酮	(yùn tóng)
孕吐	(yùn tù)
孕嬰童	(yùn yīng tóng)
孕育	(yùn yù)
枟	(yùn)
惲	(yùn)
慍	(yùn)
慍怒	(yùn nù)
帀	(zā)
匝	(zā)
匝道	(zā dào)
匝加利亞	(zā jiā lì yà)
匝月	(zā yuè)
咂	(zā)
咂摸	(zā mo)
咂舌	(zā shé)
咂嘴	(zā zuǐ)
拶	(zǎn)
拶刑	(zǎn xíng)
拶榨	(zā zhà)
拶指	(zǎn zhǐ)
拶子	(zǎn zi)
桚	(zǎn)
咋	(zé)
咋呼	(zhā hu)
咋舌	(zé shé)
栽	(zāi)
栽倒	(zāi dǎo)
栽跟頭	(zāi gēn tou)
栽筋斗	(zāi jīn dǒu)
栽培	(zāi péi)
栽贓	(zāi zāng)
栽植	(zāi zhí)
栽種	(zāi zhòng)
栽種機	(zāi zhòng jī)
栽子	(zāi zi)
仔	(zǎi)
仔畜	(zǐ chù)
仔雞	(zǐ jī)
仔肩	(zī jiān)
仔薑	(zǐ jiāng)
仔密	(zǐ mì)
仔細	(zǐ xì)
仔豬	(zǐ zhū)
宰	(zǎi)
宰割	(zǎi gē)
宰客	(zǎi kè)
宰了	(zǎi le)
宰人	(zǎi rén)
宰殺	(zǎi shā)
宰相	(zǎi xiàng)
宰予	(zǎi yú)
宰制	(zǎi zhì)
崽	(zǎi)
崽賣爺田不心疼	(zǎi mài yé tián bù xīn téng)
崽子	(zǎi zi)
扗	(zài)
再	(zài)
再拜	(zài bài)
再版	(zài bǎn)
再保險	(zài bǎo xiǎn)
再保證	(zài bǎo zhèng)
再不	(zài bù)
再不然	(zài bu rán)
再處理	(zài chǔ lǐ)
再次	(zài cì)
再讀	(zài dú)
再度	(zài dù)
再發	(zài fā)
再犯	(zài fàn)
再改	(zài gǎi)
再好不過	(zài hǎo bù guò)
再會	(zài huì)
再婚	(zài hūn)
再嫁	(zài jià)
再見	(zài jiàn)
再見全壘打	(zài jiàn quán lěi dǎ)
再建	(zài jiàn)
再醮	(zài jiào)
再接再厲	(zài jiē zài lì)
再接再礪	(zài jiē zài lì)
再就是	(zài jiù shì)
再臨	(zài lín)
再平衡	(zài píng héng)
再起	(zài qǐ)
再遷	(zài qiān)
再融資	(zài róng zī)
再入	(zài rù)
再賽	(zài sài)
再三	(zài sān)
再三再四	(zài sān zài sì)
再審	(zài shěn)
再生	(zài shēng)
再生不良性貧血	(zài shēng bù liáng xìng pín xuè)
再生產	(zài shēng chǎn)
再生稻	(zài shēng dào)
再生父母	(zài shēng fù mǔ)
再生能源	(zài shēng néng yuán)
再生燃料	(zài shēng rán liào)
再生水	(zài shēng shuǐ)
再生醫學	(zài shēng yī xué)
再生制動	(zài shēng zhì dòng)
再生資源	(zài shēng zī yuán)
再世	(zài shì)
再衰三竭	(zài shuāi sān jié)
再說	(zài shuō)
再四	(zài sì)
再現	(zài xiàn)
再也	(zài yě)
再一次	(zài yī cì)
再育	(zài yù)
再造	(zài zào)
再造手術	(zài zào shǒu shù)
再則	(zài zé)
再怎麼	(zài zěn me)
再者	(zài zhě)
再製	(zài zhì)
再製鹽	(zài zhì yán)
再製紙	(zài zhì zhǐ)
在	(zài)
在編	(zài biān)
在場	(zài chǎng)
在朝	(zài cháo)
在此	(zài cǐ)
在此後	(zài cǐ hòu)
在此之後	(zài cǐ zhī hòu)
在此之際	(zài cǐ zhī jì)
在此之前	(zài cǐ zhī qián)
在地	(zài dì)
在地下	(zài dì xià)
在讀	(zài dú)
在崗	(zài gǎng)
在後	(zài hòu)
在乎	(zài hu)
在戶外	(zài hù wài)
在華	(zài huá)
在即	(zài jí)
在家	(zài jiā)
在家靠父母，出門靠朋友	(zài jiā kào fù mǔ , chū mén kào péng you)
在家靠父母，出外靠朋友	(zài jiā kào fù mǔ , chū wài kào péng you)
在家千日好，出門一時難	(zài jiā qiān rì hǎo , chū mén yī shí nán)
在建	(zài jiàn)
在教	(zài jiào)
在來米	(zài lái mǐ)
在理	(zài lǐ)
在那兒	(zài na r)
在內	(zài nèi)
在旁	(zài páng)
在千鈞一髮之際	(zài qiān jūn yī fà zhī jì)
在前	(zài qián)
在槍口	(zài qiāng kǒu)
在任	(zài rèn)
在身	(zài shēn)
在深處	(zài shēn chù)
在世	(zài shì)
在訴訟期間	(zài sù sòng qī jiān)
在所不辭	(zài suǒ bù cí)
在所不計	(zài suǒ bù jì)
在所難免	(zài suǒ nán miǎn)
在台	(zài tái)
在逃	(zài táo)
在天之靈	(zài tiān zhī líng)
在途	(zài tú)
在外	(zài wài)
在望	(zài wàng)
在位	(zài wèi)
在位時代	(zài wèi shí dài)
在我看	(zài wǒ kàn)
在我看來	(zài wǒ kàn lái)
在握	(zài wò)
在下	(zài xià)
在下面	(zài xià miàn)
在先	(zài xiān)
在線	(zài xiàn)
在校	(zài xiào)
在行	(zài háng)
在野	(zài yě)
在野黨	(zài yě dǎng)
在一起	(zài yī qǐ)
在意	(zài yì)
在於	(zài yú)
在這期間	(zài zhè qī jiān)
在這之前	(zài zhè zhī qián)
在職	(zài zhí)
在職訓練	(zài zhí xùn liàn)
在座	(zài zuò)
儎	(zài)
咱	(zán)
咱家	(zán jiā)
咱倆	(zán liǎ)
咱們	(zán men)
偺	(zán)
昝	(zǎn)
寁	(zǎn)
揝	(zuàn)
儹	(zǎn)
攢	(zǎn)
攢簇	(cuán cù)
攢集	(cuán jí)
攢勁	(zǎn jìn)
攢聚	(cuán jù)
攢錢	(zǎn qián)
暫	(zàn)
暫定	(zàn dìng)
暫短	(zàn duǎn)
暫擱	(zàn gē)
暫緩	(zàn huǎn)
暫且	(zàn qiě)
暫缺	(zàn quē)
暫時	(zàn shí)
暫態	(zàn tài)
暫停	(zàn tíng)
暫停鍵	(zàn tíng jiàn)
暫息	(zàn xī)
暫行	(zàn xíng)
暫住證	(zàn zhù zhèng)
喒	(zán)
奘	(zàng)
塟	(zàng)
早	(zǎo)
早C晚A	(zǎo c wǎn a)
早安	(zǎo ān)
早班	(zǎo bān)
早班兒	(zǎo bān r)
早報	(zǎo bào)
早播	(zǎo bō)
早勃	(zǎo bó)
早搏	(zǎo bó)
早餐	(zǎo cān)
早操	(zǎo cāo)
早茶	(zǎo chá)
早產	(zǎo chǎn)
早場	(zǎo chǎng)
早車	(zǎo chē)
早晨	(zǎo chén)
早出晚歸	(zǎo chū wǎn guī)
早春	(zǎo chūn)
早稻	(zǎo dào)
早稻田大學	(zǎo dào tián dà xué)
早點	(zǎo diǎn)
早點兒	(zǎo diǎn r)
早飯	(zǎo fàn)
早婚	(zǎo hūn)
早教	(zǎo jiào)
早就	(zǎo jiù)
早課	(zǎo kè)
早來	(zǎo lái)
早老素	(zǎo lǎo sù)
早老性痴呆	(zǎo lǎo xìng chī dāi)
早戀	(zǎo liàn)
早年	(zǎo nián)
早鳥票	(zǎo niǎo piào)
早鳥優惠	(zǎo niǎo yōu huì)
早期	(zǎo qī)
早起	(zǎo qǐ)
早前	(zǎo qián)
早秋	(zǎo qiū)
早日	(zǎo rì)
早日康復	(zǎo rì kāng fù)
早上	(zǎo shang)
早上好	(zǎo shang hǎo)
早生貴子	(zǎo shēng guì zǐ)
早市	(zǎo shì)
早逝	(zǎo shì)
早熟	(zǎo shú)
早衰	(zǎo shuāi)
早霜	(zǎo shuāng)
早睡早起	(zǎo shuì zǎo qǐ)
早死	(zǎo sǐ)
早死早超生	(zǎo sǐ zǎo chāo shēng)
早歲	(zǎo suì)
早退	(zǎo tuì)
早晚	(zǎo wǎn)
早亡	(zǎo wáng)
早午餐	(zǎo wǔ cān)
早午飯	(zǎo wǔ fàn)
早先	(zǎo xiān)
早些	(zǎo xiē)
早洩	(zǎo xiè)
早夭	(zǎo yāo)
早已	(zǎo yǐ)
早孕	(zǎo yùn)
早在	(zǎo zài)
早早班	(zǎo zǎo bān)
早早兒	(zǎo zǎo r)
早知	(zǎo zhī)
早知今日何必當初	(zǎo zhī jīn rì hé bì dāng chū)
早自習	(zǎo zì xí)
棗	(zǎo)
棗瘋病	(zǎo fēng bìng)
棗泥	(zǎo ní)
棗強縣	(zǎo qiáng xiàn)
棗樹	(zǎo shù)
棗陽市	(zǎo yáng shì)
棗莊市	(zǎo zhuāng shì)
棗子	(zǎo zi)
唕	(zào)
唣	(zào)
梍	(zào)
喿	(sào)
慥	(zào)
噪	(zào)
噪大葦鶯	(zào dà wěi yīng)
噪點	(zào diǎn)
噪鵑	(zào juān)
噪聲	(zào shēng)
噪聲污染	(zào shēng wū rǎn)
噪音	(zào yīn)
噪音盒	(zào yīn hé)
噪雜	(zào zá)
則	(zé)
則步隆	(zé bù lóng)
則辣黑	(zé là hēi)
唶	(jiè)
嘖	(zé)
嘖嘖	(zé zé)
嘖嘖稱奇	(zé zé chēng qí)
幘	(zé)
擇	(zé)
擇不開	(zhái bu kāi)
擇菜	(zhái cài)
擇刺	(zhái cì)
擇定	(zé dìng)
擇機	(zé jī)
擇偶	(zé ǒu)
擇日	(zé rì)
擇日不如撞日	(zé rì bù rú zhuàng rì)
擇日子	(zhái rì zi)
擇善而從	(zé shàn ér cóng)
擇善固執	(zé shàn gù zhí)
擇食	(zé shí)
仄	(zè)
仄徑	(zè jìng)
仄聲	(zè shēng)
昃	(zè)
崱	(zé)
戝	(zéi)
怎	(zěn)
怎的	(zěn de)
怎麼	(zěn me)
怎麼辦	(zěn me bàn)
怎麼得了	(zěn me dé liǎo)
怎麼搞的	(zěn me gǎo de)
怎麼回事	(zěn me huí shì)
怎麼了	(zěn me le)
怎麼說呢	(zěn me shuō ne)
怎麼樣	(zěn me yàng)
怎麼著	(zěn me zhāo)
怎麽	(zěn me)
怎麽了	(zěn me le)
怎奈	(zěn nài)
怎能	(zěn néng)
怎生	(zěn shēng)
怎樣	(zěn yàng)
怎一個愁字了得	(zěn yī gè chóu zì liǎo dé)
增	(zēng)
增白劑	(zēng bái jì)
增兵	(zēng bīng)
增補	(zēng bǔ)
增產	(zēng chǎn)
增長	(zēng zhǎng)
增長率	(zēng zhǎng lǜ)
增長天	(zēng zhǎng tiān)
增城區	(zēng chéng qū)
增持	(zēng chí)
增稠	(zēng chóu)
增稠劑	(zēng chóu jì)
增大	(zēng dà)
增訂	(zēng dìng)
增訂本	(zēng dìng běn)
增多	(zēng duō)
增防	(zēng fáng)
增幅	(zēng fú)
增崗	(zēng gǎng)
增高	(zēng gāo)
增光	(zēng guāng)
增廣	(zēng guǎng)
增厚	(zēng hòu)
增加	(zēng jiā)
增加值	(zēng jiā zhí)
增減	(zēng jiǎn)
增進	(zēng jìn)
增刊	(zēng kān)
增量	(zēng liàng)
增量參數	(zēng liàng cān shù)
增年	(zēng nián)
增強	(zēng qiáng)
增強現實	(zēng qiáng xiàn shí)
增三和弦	(zēng sān hé xián)
增色	(zēng sè)
增刪	(zēng shān)
增設	(zēng shè)
增生	(zēng shēng)
增收	(zēng shōu)
增速	(zēng sù)
增塑劑	(zēng sù jì)
增添	(zēng tiān)
增田	(zēng tián)
增溫層	(zēng wēn céng)
增壓	(zēng yā)
增益	(zēng yì)
增援	(zēng yuán)
增值	(zēng zhí)
增值稅	(zēng zhí shuì)
增殖	(zēng zhí)
增殖反應堆	(zēng zhí fǎn yìng duī)
增重粉	(zēng zhòng fěn)
增資	(zēng zī)
憎	(zēng)
憎惡	(zēng wù)
憎恨	(zēng hèn)
憎厭	(zēng yàn)
橧	(zēng)
扎	(zhā)
扎穿	(zhā chuān)
扎帶	(zā dài)
扎堆	(zhā duī)
扎格羅斯	(zā gé luó sī)
扎格羅斯山脈	(zā gé luó sī shān mài)
扎根	(zhā gēn)
扎克伯格	(zhā kè bó gé)
扎款	(zhā kuǎn)
扎賚諾爾區	(zhā lài nuò ěr qū)
扎賚特	(zhā lài tè)
扎賚特旗	(zhā lài tè qí)
扎蘭屯市	(zhā lán tún shì)
扎魯特	(zā lǔ tè)
扎魯特旗	(zā lǔ tè qí)
扎猛子	(zhā měng zi)
扎囊縣	(zhā náng xiàn)
扎啤	(zhā pí)
扎實	(zhā shi)
扎心	(zhā xīn)
扎眼	(zhā yǎn)
扎伊爾	(zhā yī ěr)
扎扎	(zhā zhā)
扎扎實實	(zhā zha shí shí)
扎針	(zhā zhēn)
扎住	(zhā zhù)
吒	(zhā)
挓	(zhā)
柤	(zhā)
奓	(zhà)
哳	(zhā)
揸	(zhā)
喳	(zhā)
喳喳	(chā cha)
楂	(zhā)
劄	(zhā)
札	(zhá)
札達縣	(zhá dá xiàn)
札格雷布	(zhá gé léi bù)
札格瑞布	(zhá gé ruì bù)
札幌	(zhá huǎng)
札記	(zhá jì)
拃	(zhǎ)
乍	(zhà)
乍得	(zhà dé)
乍得湖	(zhà dé hú)
乍看	(zhà kàn)
乍暖還寒	(zhà nuǎn huán hán)
乍浦	(zhà pǔ)
乍青乍白	(zhà qīng zhà bái)
乍現	(zhà xiàn)
柵	(zhà)
柵格	(shān gé)
柵極	(shān jí)
柵欄	(zhà lán)
柵籬	(zhà lí)
柵門	(zhà mén)
柵條	(zhà tiáo)
柵子	(zhà zi)
柞	(zuò)
柞蠶絲	(zuò cán sī)
柞櫟	(zuò lì)
柞水縣	(zhà shuǐ xiàn)
咤	(zhà)
搾	(zhà)
榨	(zhà)
榨菜	(zhà cài)
榨酒池	(zhà jiǔ chí)
榨乾	(zhà gān)
榨取	(zhà qǔ)
榨油	(zhà yóu)
榨汁機	(zhà zhī jī)
摘	(zhāi)
摘抄	(zhāi chāo)
摘除	(zhāi chú)
摘記	(zhāi jì)
摘借	(zhāi jiè)
摘金	(zhāi jīn)
摘錄	(zhāi lù)
摘帽	(zhāi mào)
摘帽子	(zhāi mào zi)
摘牌	(zhāi pái)
摘取	(zhāi qǔ)
摘桃子	(zhāi táo zi)
摘下	(zhāi xià)
摘要	(zhāi yào)
摘譯	(zhāi yì)
摘引	(zhāi yǐn)
摘由	(zhāi yóu)
宅	(zhái)
宅邸	(zhái dǐ)
宅第	(zhái dì)
宅度假	(zhái dù jià)
宅經	(zhái jīng)
宅男	(zhái nán)
宅女	(zhái nǚ)
宅舍	(zhái shè)
宅院	(zhái yuàn)
宅子	(zhái zi)
債	(zhài)
債多不愁	(zhài duō bù chóu)
債戶	(zhài hù)
債款	(zhài kuǎn)
債權	(zhài quán)
債權國	(zhài quán guó)
債權人	(zhài quán rén)
債券	(zhài quàn)
債臺高築	(zhài tái gāo zhù)
債務	(zhài wù)
債務擔保證券	(zhài wù dān bǎo zhèng quàn)
債務人	(zhài wù rén)
債務證券	(zhài wù zhèng quàn)
債務證書	(zhài wù zhèng shū)
債主	(zhài zhǔ)
寨	(zhài)
寨卡病毒	(zhài kǎ bìng dú)
栴	(zhān)
栴檀	(zhān tán)
旃	(zhān)
旃檀	(zhān tán)
展	(zhǎn)
展播	(zhǎn bō)
展布	(zhǎn bù)
展陳	(zhǎn chén)
展翅	(zhǎn chì)
展翅高飛	(zhǎn chì gāo fēi)
展出	(zhǎn chū)
展帆	(zhǎn fān)
展館	(zhǎn guǎn)
展櫃	(zhǎn guì)
展緩	(zhǎn huǎn)
展會	(zhǎn huì)
展開	(zhǎn kāi)
展開圖	(zhǎn kāi tú)
展寬	(zhǎn kuān)
展覽	(zhǎn lǎn)
展覽館	(zhǎn lǎn guǎn)
展覽會	(zhǎn lǎn huì)
展列	(zhǎn liè)
展露	(zhǎn lù)
展眉	(zhǎn méi)
展品	(zhǎn pǐn)
展平	(zhǎn píng)
展評	(zhǎn píng)
展期	(zhǎn qī)
展示	(zhǎn shì)
展室	(zhǎn shì)
展臺	(zhǎn tái)
展玩	(zhǎn wán)
展望	(zhǎn wàng)
展位	(zhǎn wèi)
展弦比	(zhǎn xián bǐ)
展現	(zhǎn xiàn)
展銷	(zhǎn xiāo)
展銷會	(zhǎn xiāo huì)
展轉	(zhǎn zhuǎn)
斬	(zhǎn)
斬草除根	(zhǎn cǎo chú gēn)
斬釘截鐵	(zhǎn dīng jié tiě)
斬斷	(zhǎn duàn)
斬獲	(zhǎn huò)
斬殺	(zhǎn shā)
斬殺線	(zhǎn shā xiàn)
斬首	(zhǎn shǒu)
斬首行動	(zhǎn shǒu xíng dòng)
斬新	(zhǎn xīn)
斬眼	(zhǎn yǎn)
搌	(zhǎn)
嶃	(chán)
嶄	(zhǎn)
嶄勁	(zhǎn jìn)
嶄亮	(zhǎn liàng)
嶄露頭角	(zhǎn lù tóu jiǎo)
嶄齊	(zhǎn qí)
嶄晴	(zhǎn qíng)
嶄然	(zhǎn rán)
嶄新	(zhǎn xīn)
占	(zhàn)
占比	(zhàn bǐ)
占卜	(zhān bǔ)
占地	(zhàn dì)
占地兒	(zhàn dì r)
占地方	(zhàn dì fang)
占地面積	(zhàn dì miàn ji)
占滿	(zhàn mǎn)
占位符	(zhàn wèi fú)
占星	(zhān xīng)
占星家	(zhān xīng jiā)
占星師	(zhān xīng shī)
占星術	(zhān xīng shù)
占星學	(zhān xīng xué)
占優	(zhàn yōu)
占著茅坑不拉屎	(zhàn zhe máo kēng bù lā shǐ)
占族	(zhān zú)
佔	(zhàn)
佔比	(zhàn bǐ)
佔便宜	(zhàn pián yi)
佔據	(zhàn jù)
佔領	(zhàn lǐng)
佔領者	(zhàn lǐng zhě)
佔去	(zhàn qù)
佔上風	(zhàn shàng fēng)
佔為己有	(zhàn wéi jǐ yǒu)
佔下風	(zhàn xià fēng)
佔先	(zhàn xiān)
佔線	(zhàn xiàn)
佔壓	(zhàn yā)
佔用	(zhàn yòng)
佔優勢	(zhàn yōu shì)
佔有	(zhàn yǒu)
佔中	(zhàn zhōng)
偡	(zhàn)
棧	(zhàn)
棧板	(zhàn bǎn)
棧車	(zhàn chē)
棧存儲器	(zhàn cún chǔ qì)
棧單	(zhàn dān)
棧道	(zhàn dào)
棧地址	(zhàn dì zhǐ)
棧頂	(zhàn dǐng)
棧豆	(zhàn dòu)
棧房	(zhàn fáng)
棧閣	(zhàn gé)
棧架	(zhàn jià)
棧徑	(zhàn jìng)
棧戀	(zhàn liàn)
棧橋	(zhàn qiáo)
棧橋式碼頭	(zhàn qiáo shì mǎ tou)
棧山航海	(zhàn shān háng hǎi)
棧主	(zhàn zhǔ)
棧租	(zhàn zū)
戰	(zhàn)
戰敗	(zhàn bài)
戰報	(zhàn bào)
戰備	(zhàn bèi)
戰場	(zhàn chǎng)
戰車	(zhàn chē)
戰船	(zhàn chuán)
戰地	(zhàn dì)
戰抖	(zhàn dǒu)
戰鬥	(zhàn dòu)
戰鬥部	(zhàn dòu bù)
戰鬥機	(zhàn dòu jī)
戰鬥艦	(zhàn dòu jiàn)
戰鬥力	(zhàn dòu lì)
戰鬥群	(zhàn dòu qún)
戰鬥營	(zhàn dòu yíng)
戰鬥者	(zhàn dòu zhě)
戰端	(zhàn duān)
戰法	(zhàn fǎ)
戰犯	(zhàn fàn)
戰俘	(zhàn fú)
戰斧	(zhàn fǔ)
戰歌	(zhàn gē)
戰功	(zhàn gōng)
戰國	(zhàn guó)
戰國策	(zhàn guó cè)
戰國七雄	(zhàn guó qī xióng)
戰國時代	(zhàn guó shí dài)
戰酣	(zhàn hān)
戰壕	(zhàn háo)
戰壕熱	(zhàn háo rè)
戰後	(zhàn hòu)
戰火	(zhàn huǒ)
戰火紛飛	(zhàn huǒ fēn fēi)
戰禍	(zhàn huò)
戰機	(zhàn jī)
戰績	(zhàn jì)
戰艦	(zhàn jiàn)
戰兢	(zhàn jīng)
戰兢兢	(zhàn jīng jīng)
戰局	(zhàn jú)
戰況	(zhàn kuàng)
戰力	(zhàn lì)
戰利品	(zhàn lì pǐn)
戰慄	(zhàn lì)
戰列艦	(zhàn liè jiàn)
戰亂	(zhàn luàn)
戰略	(zhàn lüè)
戰略防御倡議	(zhàn lüè fáng yù chàng yì)
戰略核力量	(zhàn lüè hé lì liang)
戰略核武器	(zhàn lüè hé wǔ qì)
戰略轟炸機	(zhàn lüè hōng zhà jī)
戰略伙伴	(zhàn lüè huǒ bàn)
戰略夥伴	(zhàn lüè huǒ bàn)
戰略家	(zhàn lüè jiā)
戰略性	(zhàn lüè xìng)
戰略要點	(zhàn lüè yào diǎn)
戰馬	(zhàn mǎ)
戰袍	(zhàn páo)
戰旗	(zhàn qí)
戰區	(zhàn qū)
戰勝	(zhàn shèng)
戰時	(zhàn shí)
戰士	(zhàn shì)
戰事	(zhàn shì)
戰書	(zhàn shū)
戰術	(zhàn shù)
戰術導彈	(zhàn shù dǎo dàn)
戰術核武器	(zhàn shù hé wǔ qì)
戰死	(zhàn sǐ)
戰死沙場	(zhàn sǐ shā chǎng)
戰團	(zhàn tuán)
戰無不勝	(zhàn wú bù shèng)
戰無不勝，攻無不克	(zhàn wú bù shèng , gōng wú bù kè)
戰無不勝，攻無不取	(zhàn wú bù shèng , gōng wú bù qǔ)
戰線	(zhàn xiàn)
戰役	(zhàn yì)
戰友	(zhàn yǒu)
戰雲	(zhàn yún)
戰戰兢兢	(zhàn zhàn jīng jīng)
戰戰慄慄	(zhàn zhàn lì lì)
戰爭	(zhàn zhēng)
戰爭與和平	(zhàn zhēng yǔ hé píng)
戰爭罪	(zhàn zhēng zuì)
張	(zhāng)
張愛玲	(zhāng ài líng)
張柏芝	(zhāng bó zhī)
張寶	(zhāng bǎo)
張北縣	(zhāng běi xiàn)
張伯倫	(zhāng bó lún)
張敞	(zhāng chǎng)
張弛	(zhāng chí)
張春帆	(zhāng chūn fān)
張春橋	(zhāng chūn qiáo)
張純如	(zhāng chún rú)
張岱	(zhāng dài)
張丹	(zhāng dān)
張德江	(zhāng dé jiāng)
張燈結彩	(zhāng dēng jié cǎi)
張店區	(zhāng diàn qū)
張飛	(zhāng fēi)
張飛打岳飛	(zhāng fēi dǎ yuè fēi)
張高麗	(zhāng gāo lì)
張掛	(zhāng guà)
張冠李戴	(zhāng guān lǐ dài)
張國榮	(zhāng guó róng)
張衡	(zhāng héng)
張華	(zhāng huá)
張皇	(zhāng huáng)
張皇失措	(zhāng huáng shī cuò)
張惶	(zhāng huáng)
張惠妹	(zhāng huì mèi)
張籍	(zhāng jí)
張家長，李家短	(zhāng jiā cháng , lǐ jiā duǎn)
張家川回族自治縣	(zhāng jiā chuān huí zú zì zhì xiàn)
張家港市	(zhāng jiā gǎng shì)
張家界市	(zhāng jiā jiè shì)
張家口市	(zhāng jiā kǒu shì)
張角	(zhāng jué)
張靜初	(zhāng jìng chū)
張居正	(zhāng jū zhèng)
張開	(zhāng kāi)
張口	(zhāng kǒu)
張口結舌	(zhāng kǒu jié shé)
張狂	(zhāng kuáng)
張力	(zhāng lì)
張量	(zhāng liàng)
張羅	(zhāng luo)
張曼玉	(zhāng màn yù)
張目	(zhāng mù)
張寧	(zhāng níng)
張溥	(zhāng pǔ)
張秋	(zhāng qiū)
張戎	(zhāng róng)
張若虛	(zhāng ruò xū)
張三	(zhāng sān)
張三，李四，王五，趙六	(zhāng sān , lǐ sì , wáng wǔ , zhào liù)
張三李四	(zhāng sān lǐ sì)
張僧繇	(zhāng sēng yóu)
張韶涵	(zhāng sháo hán)
張太雷	(zhāng tài léi)
張天翼	(zhāng tiān yì)
張貼	(zhāng tiē)
張廷玉	(zhāng tíng yù)
張灣區	(zhāng wān qū)
張王李趙	(zhāng wáng lǐ zhào)
張望	(zhāng wàng)
張聞天	(zhāng wén tiān)
張獻忠	(zhāng xiàn zhōng)
張心	(zhāng xīn)
張旭	(zhāng xù)
張學良	(zhāng xué liáng)
張學友	(zhāng xué yǒu)
張牙舞爪	(zhāng yá wǔ zhǎo)
張揚	(zhāng yáng)
張掖市	(zhāng yè shì)
張揖	(zhāng yī)
張怡	(zhāng yí)
張怡寧	(zhāng yí níng)
張儀	(zhāng yí)
張易之	(zhāng yì zhī)
張藝謀	(zhāng yì móu)
張蔭桓	(zhāng yìn huán)
張擇端	(zhāng zé duān)
張震	(zhāng zhèn)
張之洞	(zhāng zhī dòng)
張治中	(zhāng zhì zhōng)
張自烈	(zhāng zì liè)
張自忠	(zhāng zì zhōng)
張嘴	(zhāng zuǐ)
彰	(zhāng)
彰化	(zhāng huà)
彰化市	(zhāng huà shì)
彰化縣	(zhāng huà xiàn)
彰明	(zhāng míng)
彰明較著	(zhāng míng jiào zhù)
彰善癉惡	(zhāng shàn dàn è)
彰武縣	(zhāng wǔ xiàn)
彰顯	(zhāng xiǎn)
彰彰	(zhāng zhāng)
嫜	(zhāng)
樟	(zhāng)
樟木	(zhāng mù)
樟腦球	(zhāng nǎo qiú)
樟腦丸	(zhāng nǎo wán)
樟樹	(zhāng shù)
樟樹市	(zhāng shù shì)
樟宜	(zhāng yí)
暲	(zhāng)
仉	(zhǎng)
掌	(zhǎng)
掌廚	(zhǎng chú)
掌燈	(zhǎng dēng)
掌舵	(zhǎng duò)
掌骨	(zhǎng gǔ)
掌故	(zhǎng gù)
掌管	(zhǎng guǎn)
掌櫃	(zhǎng guì)
掌摑	(zhǎng guāi)
掌機	(zhǎng jī)
掌擊	(zhǎng jī)
掌控	(zhǎng kòng)
掌門	(zhǎng mén)
掌門人	(zhǎng mén rén)
掌權	(zhǎng quán)
掌上電腦	(zhǎng shàng diàn nǎo)
掌上明珠	(zhǎng shàng míng zhū)
掌上壓	(zhǎng shàng yā)
掌勺	(zhǎng sháo)
掌聲	(zhǎng shēng)
掌聲雷動	(zhǎng shēng léi dòng)
掌握	(zhǎng wò)
掌璽大臣	(zhǎng xǐ dà chén)
掌璽官	(zhǎng xǐ guān)
掌相	(zhǎng xiàng)
掌心	(zhǎng xīn)
掌眼	(zhǎng yǎn)
掌子面	(zhǎng zi miàn)
掌嘴	(zhǎng zuǐ)
丈	(zhàng)
丈二和尚，摸不著頭腦	(zhàng èr hé shang , mō bu zháo tóu nǎo)
丈夫	(zhàng fu)
丈量	(zhàng liáng)
丈母	(zhàng mǔ)
丈母娘	(zhàng mǔ niáng)
丈人	(zhàng rén)
仗	(zhàng)
仗火	(zhàng huǒ)
仗恃	(zhàng shì)
仗勢	(zhàng shì)
仗勢欺人	(zhàng shì qī rén)
仗腰	(zhàng yāo)
仗義	(zhàng yì)
仗義疏財	(zhàng yì shū cái)
仗義執言	(zhàng yì zhí yán)
杖	(zhàng)
杖頭木偶	(zhàng tóu mù ǒu)
杖刑	(zhàng xíng)
帳	(zhàng)
帳簿	(zhàng bù)
帳單	(zhàng dān)
帳號	(zhàng hào)
帳戶	(zhàng hù)
帳簾	(zhàng lián)
帳幔	(zhàng màn)
帳目	(zhàng mù)
帳幕	(zhàng mù)
帳棚	(zhàng peng)
帳篷	(zhàng peng)
帳子	(zhàng zi)
嶂	(zhàng)
幛	(zhàng)
招	(zhāo)
招安	(zhāo ān)
招辦	(zhāo bàn)
招標	(zhāo biāo)
招兵	(zhāo bīng)
招兵買馬	(zhāo bīng mǎi mǎ)
招財	(zhāo cái)
招財進寶	(zhāo cái jìn bǎo)
招財貓	(zhāo cái māo)
招潮蟹	(zhāo cháo xiè)
招打	(zhāo dǎ)
招待	(zhāo dài)
招待會	(zhāo dài huì)
招待所	(zhāo dài suǒ)
招待員	(zhāo dài yuán)
招法	(zhāo fǎ)
招風	(zhāo fēng)
招風耳	(zhāo fēng ěr)
招風惹草	(zhāo fēng rě cǎo)
招蜂引蝶	(zhāo fēng yǐn dié)
招撫	(zhāo fǔ)
招工	(zhāo gōng)
招供	(zhāo gòng)
招股	(zhāo gǔ)
招股書	(zhāo gǔ shū)
招股說明書	(zhāo gǔ shuō míng shū)
招呼	(zhāo hu)
招呼站	(zhāo hu zhàn)
招喚	(zhāo huàn)
招魂	(zhāo hún)
招魂幡	(zhāo hún fān)
招魂旛	(zhāo hún fān)
招集	(zhāo jí)
招妓	(zhāo jì)
招架	(zhāo jià)
招降	(zhāo xiáng)
招降納叛	(zhāo xiáng nà pàn)
招接	(zhāo jiē)
招考	(zhāo kǎo)
招來	(zhāo lái)
招徠	(zhāo lái)
招攬	(zhāo lǎn)
招攬生意	(zhāo lǎn shēng yi)
招領	(zhāo lǐng)
招錄	(zhāo lù)
招募	(zhāo mù)
招牌	(zhāo pai)
招牌菜	(zhāo pái cài)
招牌動作	(zhāo pái dòng zuò)
招牌紙	(zhāo pái zhǐ)
招嫖	(zhāo piáo)
招聘	(zhāo pìn)
招聘會	(zhāo pìn huì)
招聘機構	(zhāo pìn jī gòu)
招聘者	(zhāo pìn zhě)
招請	(zhāo qǐng)
招親	(zhāo qīn)
招惹	(zhāo rě)
招人	(zhāo rén)
招人喜歡	(zhāo rén xǐ huan)
招認	(zhāo rèn)
招商	(zhāo shāng)
招商引資	(zhāo shāng yǐn zī)
招生	(zhāo shēng)
招生官	(zhāo shēng guān)
招式	(zhāo shì)
招收	(zhāo shōu)
招手	(zhāo shǒu)
招數	(zhāo shù)
招貼	(zhāo tiē)
招貼畫	(zhāo tiē huà)
招投標	(zhāo tóu biāo)
招賢納士	(zhāo xián nà shì)
招笑	(zhāo xiào)
招搖	(zhāo yáo)
招搖過市	(zhāo yáo guò shì)
招搖撞騙	(zhāo yáo zhuàng piàn)
招引	(zhāo yǐn)
招誘	(zhāo yòu)
招遠市	(zhāo yuǎn shì)
招怨	(zhāo yuàn)
招災惹禍	(zhāo zāi rě huò)
招展	(zhāo zhǎn)
招致	(zhāo zhì)
招贅	(zhāo zhuì)
招租	(zhāo zū)
昭	(zhāo)
昭和	(zhāo hé)
昭化區	(zhāo huà qū)
昭覺縣	(zhāo jué xiàn)
昭披耶河	(zhāo pī yé hé)
昭平縣	(zhāo píng xiàn)
昭然若揭	(zhāo rán ruò jiē)
昭示	(zhāo shì)
昭蘇縣	(zhāo sū xiàn)
昭通市	(zhāo tōng shì)
昭雪	(zhāo xuě)
昭陽區	(zhāo yáng qū)
昭儀	(zhāo yí)
啁	(zhōu)
啁啾	(zhōu jiū)
啁哳	(zhāo zhā)
找	(zhǎo)
找遍	(zhǎo biàn)
找補	(zhǎo bu)
找不到	(zhǎo bu dào)
找不著	(zhǎo bu zháo)
找不著北	(zhǎo bu zháo běi)
找不自在	(zhǎo bù zì zai)
找茬	(zhǎo chá)
找碴	(zhǎo chá)
找碴兒	(zhǎo chá r)
找岔子	(zhǎo chà zi)
找抽	(zhǎo chōu)
找出	(zhǎo chū)
找刺兒	(zhǎo cì r)
找到	(zhǎo dào)
找對象	(zhǎo duì xiàng)
找飯碗	(zhǎo fàn wǎn)
找回	(zhǎo huí)
找機會	(zhǎo jī huì)
找見	(zhǎo jiàn)
找借口	(zhǎo jiè kǒu)
找零	(zhǎo líng)
找麻煩	(zhǎo má fan)
找門路	(zhǎo mén lù)
找平	(zhǎo píng)
找齊	(zhǎo qí)
找錢	(zhǎo qián)
找上門	(zhǎo shàng mén)
找事	(zhǎo shì)
找贖	(zhǎo shú)
找死	(zhǎo sǐ)
找台階兒	(zhǎo tái jiē r)
找頭	(zhǎo tou)
找尋	(zhǎo xún)
找轍	(zhǎo zhé)
找著	(zhǎo zháo)
召	(shào)
召喚	(zhào huàn)
召回	(zhào huí)
召集	(zhào jí)
召集人	(zhào jí rén)
召妓	(zhào jì)
召見	(zhào jiàn)
召開	(zhào kāi)
召陵區	(shào líng qū)
召募	(zhào mù)
兆	(zhào)
兆電子伏	(zhào diàn zǐ fú)
兆赫	(zhào hè)
兆頭	(zhào tou)
兆瓦	(zhào wǎ)
兆瓦時	(zhào wǎ shí)
兆瓦特	(zhào wǎ tè)
兆字節	(zhào zì jié)
垗	(zhào)
棹	(zhuō)
旐	(zhào)
㷖	(zhào)
曌	(zhào)
櫂	(zhào)
嗻	(zhè)
嫬	(zhē)
乛	(zhé)
折	(zhē)
折半	(zhé bàn)
折本	(shé běn)
折筆	(zhé bǐ)
折變	(zhé biàn)
折秤	(shé chèng)
折衝樽俎	(zhé chōng zūn zǔ)
折挫	(zhé cuò)
折刀	(zhé dāo)
折刀兒	(zhé dāo r)
折抵	(zhé dǐ)
折疊	(zhé dié)
折疊刀	(zhé dié dāo)
折疊屏	(zhé dié píng)
折疊式	(zhé dié shì)
折疊椅	(zhé dié yǐ)
折斷	(zhé duàn)
折兌	(zhé duì)
折耳根	(zhé ěr gēn)
折反射望遠鏡	(zhé fǎn shè wàng yuǎn jìng)
折返	(zhé fǎn)
折返跑	(zhé fǎn pǎo)
折縫	(zhé féng)
折服	(zhé fú)
折跟頭	(zhē gēn tou)
折光	(zhé guāng)
折桂	(zhé guì)
折過兒	(zhē guò r)
折耗	(shé hào)
折合	(zhé hé)
折痕	(zhé hén)
折回	(zhé huí)
折戟沉沙	(zhé jǐ chén shā)
折角	(zhé jiǎo)
折節讀書	(zhé jié dú shū)
折舊	(zhé jiù)
折舊率	(zhé jiù lǜ)
折扣	(zhé kòu)
折籮	(zhē luó)
折磨	(zhé mó)
折錢	(shé qián)
折辱	(zhé rǔ)
折殺	(zhé shā)
折煞	(zhé shā)
折扇	(zhé shàn)
折射	(zhé shè)
折射率	(zhé shè lǜ)
折射望遠鏡	(zhé shè wàng yuǎn jìng)
折壽	(zhé shòu)
折算	(zhé suàn)
折損	(zhé sǔn)
折騰	(zhē teng)
折頭	(zhé tou)
折現	(zhé xiàn)
折現率	(zhé xiàn lǜ)
折線	(zhé xiàn)
折線圖	(zhé xiàn tú)
折腰	(zhé yāo)
折枝	(zhé zhī)
折中	(zhé zhōng)
折衷	(zhé zhōng)
折衷鸚鵡	(zhé zhōng yīng wǔ)
折衷主義	(zhé zhōng zhǔ yì)
折皺	(zhé zhòu)
折轉	(zhé zhuǎn)
折子戲	(zhé zi xì)
折罪	(zhé zuì)
哲	(zhé)
哲蚌寺	(zhé bàng sì)
哲理	(zhé lǐ)
哲人	(zhé rén)
哲人其萎	(zhé rén qí wěi)
哲人石	(zhé rén shí)
哲思	(zhé sī)
哲學	(zhé xué)
哲學博士	(zhé xué bó shì)
哲學家	(zhé xué jiā)
哲學史	(zhé xué shǐ)
晢	(zhé)
悊	(zhé)
喆	(zhé)
摺	(zhé)
摺尺	(zhé chǐ)
摺光	(zhé guāng)
摺裙	(zhé qún)
摺線	(zhé xiàn)
摺椅	(zhé yǐ)
摺紙	(zhé zhǐ)
摺轉	(zhé zhuǎn)
摺子	(zhé zi)
摺奏	(zhé zòu)
嚞	(zhé)
啫	(zhě)
啫哩	(zhě lí)
啫喱	(zhě lí)
柘	(zhè)
柘蠶	(zhè cán)
柘城縣	(zhè chéng xiàn)
柘彈	(zhè dàn)
柘弓	(zhè gōng)
柘黃	(zhè huáng)
柘漿	(zhè jiāng)
柘榴	(zhè liú)
柘榴石	(zhè liú shí)
柘袍	(zhè páo)
柘榮縣	(zhè róng xiàn)
柘樹	(zhè shù)
柘絲	(zhè sī)
柘硯	(zhè yàn)
䗪	(zhè)
桭	(zhēn)
偵	(zhēn)
偵辦	(zhēn bàn)
偵測	(zhēn cè)
偵測器	(zhēn cè qì)
偵查	(zhēn chá)
偵察	(zhēn chá)
偵察兵	(zhēn chá bīng)
偵察機	(zhēn chá jī)
偵察性	(zhēn chá xìng)
偵察員	(zhēn chá yuán)
偵毒管	(zhēn dú guǎn)
偵毒器	(zhēn dú qì)
偵緝	(zhēn jī)
偵破	(zhēn pò)
偵探	(zhēn tàn)
偵聽	(zhēn tīng)
偵訊	(zhēn xùn)
斟	(zhēn)
斟酒	(zhēn jiǔ)
斟酌	(zhēn zhuó)
斟酌決定權	(zhēn zhuó jué dìng quán)
斟酌字句	(zhēn zhuó zì jù)
楨	(zhēn)
榛	(zhēn)
榛果	(zhēn guǒ)
榛雞	(zhēn jī)
榛栗	(zhēn lì)
榛莽	(zhēn mǎng)
榛仁	(zhēn rén)
榛仁兒	(zhēn rén r)
榛色	(zhēn sè)
榛實	(zhēn shí)
榛藪	(zhēn sǒu)
榛蕪	(zhēn wú)
榛榛	(zhēn zhēn)
榛子	(zhēn zi)
枕	(zhěn)
枕邊風	(zhěn biān fēng)
枕邊故事	(zhěn biān gù shi)
枕邊人	(zhěn biān rén)
枕戈待旦	(zhěn gē dài dàn)
枕戈寢甲	(zhěn gē qǐn jiǎ)
枕骨	(zhěn gǔ)
枕藉	(zhěn jiè)
枕巾	(zhěn jīn)
枕塊	(zhěn kuài)
枕冷衾寒	(zhěn lěng qīn hán)
枕木	(zhěn mù)
枕石漱流	(zhěn shí shù liú)
枕套	(zhěn tào)
枕頭	(zhěn tou)
枕頭大戰	(zhěn tou dà zhàn)
枕頭蛋糕	(zhěn tou dàn gāo)
枕頭套	(zhěn tou tào)
枕頭箱	(zhěn tou xiāng)
枕席	(zhěn xí)
枕席兒	(zhěn xí r)
枕心	(zhěn xīn)
枕葉	(zhěn yè)
枕狀熔岩	(zhěn zhuàng róng yán)
昣	(zhěn)
弫	(zhěn)
圳	(zhèn)
振	(zhèn)
振安區	(zhèn ān qū)
振臂一呼	(zhèn bì yī hū)
振蕩	(zhèn dàng)
振蕩器	(zhèn dàng qì)
振動	(zhèn dòng)
振奮	(zhèn fèn)
振幅	(zhèn fú)
振聾發聵	(zhèn lóng fā kuì)
振頻	(zhèn pín)
振興	(zhèn xīng)
振興區	(zhèn xīng qū)
振振有詞	(zhèn zhèn yǒu cí)
振振有辭	(zhèn zhèn yǒu cí)
振作	(zhèn zuò)
朕	(zhèn)
朕兆	(zhèn zhào)
揕	(zhèn)
征	(zhēng)
征塵	(zhēng chén)
征程	(zhēng chéng)
征得	(zhēng dé)
征地	(zhēng dì)
征伐	(zhēng fá)
征帆	(zhēng fān)
征夫	(zhēng fū)
征服	(zhēng fú)
征服者	(zhēng fú zhě)
征駕	(zhēng jià)
征勦	(zhēng jiǎo)
征斂	(zhēng liǎn)
征斂無度	(zhēng liǎn wú dù)
征馬	(zhēng mǎ)
征旆	(zhēng pèi)
征人	(zhēng rén)
征衫	(zhēng shān)
征戍	(zhēng shù)
征討	(zhēng tǎo)
征途	(zhēng tú)
征衣	(zhēng yī)
征用	(zhēng yòng)
征戰	(zhēng zhàn)
征彸	(zhēng zhōng)
怔	(zhèng)
怔忡	(zhēng chōng)
怔神兒	(zhēng shén r)
怔忪	(zhēng zhōng)
怔怔	(zhèng zhèng)
怔住	(zhèng zhù)
掙	(zhèng)
掙得	(zhèng dé)
掙錢	(zhèng qián)
掙脫	(zhèng tuō)
掙扎	(zhēng zhá)
崢	(zhēng)
崢嶸	(zhēng róng)
崢嶸歲月	(zhēng róng suì yuè)
拯	(zhěng)
拯救	(zhěng jiù)
拯救大兵瑞恩	(zhěng jiù dà bīng ruì ēn)
掟	(zhěng)
整	(zhěng)
整倍數	(zhěng bèi shù)
整備	(zhěng bèi)
整併	(zhěng bìng)
整飭	(zhěng chì)
整除	(zhěng chú)
整除數	(zhěng chú shù)
整地	(zhěng dì)
整點	(zhěng diǎn)
整隊	(zhěng duì)
整頓	(zhěng dùn)
整風	(zhěng fēng)
整風運動	(zhěng fēng yùn dòng)
整改	(zhěng gǎi)
整個	(zhěng gè)
整蠱	(zhěng gǔ)
整合	(zhěng hé)
整環	(zhěng huán)
整活	(zhěng huó)
整脊學	(zhěng jǐ xué)
整建	(zhěng jiàn)
整潔	(zhěng jié)
整理	(zhěng lǐ)
整流	(zhěng liú)
整流器	(zhěng liú qì)
整流罩	(zhěng liú zhào)
整密	(zhěng mì)
整年累月	(zhěng nián lěi yuè)
整齊	(zhěng qí)
整齊劃一	(zhěng qí huà yī)
整人	(zhěng rén)
整日	(zhěng rì)
整容	(zhěng róng)
整數	(zhěng shù)
整數倍數	(zhěng shù bèi shù)
整數集合	(zhěng shù jí hé)
整肅	(zhěng sù)
整套	(zhěng tào)
整體	(zhěng tǐ)
整體服務數位網路	(zhěng tǐ fú wù shù wèi wǎng lù)
整體數位服務網路	(zhěng tǐ shù wèi fú wù wǎng lù)
整天	(zhěng tiān)
整條	(zhěng tiáo)
整形	(zhěng xíng)
整形外科	(zhěng xíng wài kē)
整形外科醫生	(zhěng xíng wài kē yī shēng)
整型	(zhěng xíng)
整修	(zhěng xiū)
整訓	(zhěng xùn)
整夜	(zhěng yè)
整域	(zhěng yù)
整整	(zhěng zhěng)
整整齊齊	(zhěng zhěng qí qí)
整治	(zhěng zhì)
整妝	(zhěng zhuāng)
整裝	(zhěng zhuāng)
整裝待發	(zhěng zhuāng dài fā)
正	(zhēng)
正安縣	(zhèng ān xiàn)
正版	(zhèng bǎn)
正半軸	(zhèng bàn zhóu)
正本	(zhèng běn)
正比	(zhèng bǐ)
正比例	(zhèng bǐ lì)
正步	(zhèng bù)
正步走	(zhèng bù zǒu)
正餐	(zhèng cān)
正常	(zhèng cháng)
正常成本	(zhèng cháng chéng běn)
正常工作	(zhèng cháng gōng zuò)
正常化	(zhèng cháng huà)
正常菌群	(zhèng cháng jūn qún)
正傳	(zhèng zhuàn)
正詞法	(zhèng cí fǎ)
正大光明	(zhèng dà guāng míng)
正旦	(zhèng dàn)
正當	(zhèng dāng)
正當防衛	(zhèng dàng fáng wèi)
正當理由	(zhèng dàng lǐ yóu)
正當年	(zhèng dāng nián)
正當時	(zhèng dāng shí)
正當性	(zhèng dàng xìng)
正當中	(zhèng dāng zhōng)
正道	(zhèng dào)
正點	(zhèng diǎn)
正電	(zhèng diàn)
正電子	(zhèng diàn zǐ)
正電子發射層析	(zhèng diàn zǐ fā shè céng xī)
正電子發射斷層照相術	(zhèng diàn zǐ fā shè duàn céng zhào xiāng shù)
正電子照射斷層攝影	(zhèng diàn zǐ zhào shè duàn céng shè yǐng)
正殿	(zhèng diàn)
正丁醚	(zhèng dīng mí)
正定縣	(zhèng dìng xiàn)
正斷層	(zhèng duàn céng)
正對	(zhèng duì)
正多胞形	(zhèng duō bāo xíng)
正多面體	(zhèng duō miàn tǐ)
正兒八板	(zhèng ér bā bǎn)
正兒八經	(zhèng ér bā jīng)
正法	(zhèng fǎ)
正反	(zhèng fǎn)
正反饋	(zhèng fǎn kuì)
正反兩面	(zhèng fǎn liǎng miàn)
正方	(zhèng fāng)
正方體	(zhèng fāng tǐ)
正方向	(zhèng fāng xiàng)
正方形	(zhèng fāng xíng)
正房	(zhèng fáng)
正鋒	(zhèng fēng)
正逢其時	(zhèng féng qí shí)
正負	(zhèng fù)
正負電子	(zhèng fù diàn zǐ)
正負號	(zhèng fù hào)
正副駕駛	(zhèng fù jià shǐ)
正港	(zhèng gǎng)
正割	(zhèng gē)
正宮娘娘	(zhèng gōng niáng niáng)
正骨	(zhèng gǔ)
正骨八法	(zhèng gǔ bā fǎ)
正規	(zhèng guī)
正規教育	(zhèng guī jiào yù)
正規軍	(zhèng guī jūn)
正軌	(zhèng guǐ)
正好	(zhèng hǎo)
正號	(zhèng hào)
正化	(zhèng huà)
正畸	(zhèng jī)
正極	(zhèng jí)
正駕駛	(zhèng jià shǐ)
正交	(zhèng jiāo)
正交群	(zhèng jiāo qún)
正角	(zhèng jué)
正腳鞋	(zhèng jiǎo xié)
正教	(zhèng jiào)
正教真詮	(zhèng jiào zhēn quán)
正襟危坐	(zhèng jīn wēi zuò)
正經	(zhèng jīng)
正經八百	(zhèng jīng bā bǎi)
正經八擺	(zhèng jīng bā bǎi)
正經事	(zhèng jīng shì)
正劇	(zhèng jù)
正楷	(zhèng kǎi)
正藍旗	(zhèng lán qí)
正蘭旗	(zhèng lán qí)
正離子	(zhèng lí zǐ)
正臉	(zhèng liǎn)
正六邊形	(zhèng liù biān xíng)
正路	(zhèng lù)
正妹	(zhèng mèi)
正門	(zhèng mén)
正面	(zhèng miàn)
正名	(zhèng míng)
正模標本	(zhèng mó biāo běn)
正能量	(zhèng néng liàng)
正念	(zhèng niàn)
正寧縣	(zhèng níng xiàn)
正牌	(zhèng pái)
正派	(zhèng pài)
正品	(zhèng pǐn)
正妻	(zhèng qī)
正氣	(zhèng qì)
正巧	(zhèng qiǎo)
正切	(zhèng qiē)
正確	(zhèng què)
正確路線	(zhèng què lù xiàn)
正然	(zhèng rán)
正人	(zhèng rén)
正人君子	(zhèng rén jūn zi)
正日	(zhèng rì)
正如	(zhèng rú)
正色	(zhèng sè)
正生	(zhèng shēng)
正時	(zhèng shí)
正史	(zhèng shǐ)
正式	(zhèng shì)
正式投票	(zhèng shì tóu piào)
正事	(zhèng shì)
正是	(zhèng shì)
正室	(zhèng shì)
正視	(zhèng shì)
正書	(zhèng shū)
正數	(zhèng shù)
正朔	(zhēng shuò)
正太	(zhèng tài)
正太控	(zhèng tài kòng)
正態分布	(zhèng tài fēn bù)
正題	(zhèng tí)
正體	(zhèng tǐ)
正體字	(zhèng tǐ zì)
正統	(zhèng tǒng)
正投影	(zhèng tóu yǐng)
正外部性	(zhèng wài bù xìng)
正文	(zhèng wén)
正無窮	(zhèng wú qióng)
正午	(zhèng wǔ)
正誤	(zhèng wù)
正誤表	(zhèng wù biǎo)
正弦	(zhèng xián)
正弦波	(zhèng xián bō)
正弦定理	(zhèng xián dìng lǐ)
正弦形	(zhèng xián xíng)
正相關	(zhèng xiāng guān)
正鑲白旗	(zhèng xiāng bái qí)
正向	(zhèng xiàng)
正向力	(zhèng xiàng lì)
正象	(zhèng xiàng)
正邪	(zhèng xié)
正邪相爭	(zhèng xié xiāng zhēng)
正型標本	(zhèng xíng biāo běn)
正言厲色	(zhèng yán lì sè)
正顏厲色	(zhèng yán lì sè)
正眼	(zhèng yǎn)
正陽縣	(zhèng yáng xiàn)
正要	(zhèng yào)
正業	(zhèng yè)
正意	(zhèng yì)
正義	(zhèng yì)
正義黨	(zhèng yì dǎng)
正義鬥爭	(zhèng yì dòu zhēng)
正義魔人	(zhèng yì mó rén)
正音	(zhèng yīn)
正用	(zhèng yòng)
正月	(zhēng yuè)
正月初一	(zhēng yuè chū yī)
正在	(zhèng zài)
正則	(zhèng zé)
正則表達式	(zhèng zé biǎo dá shì)
正則參數	(zhèng zé cān shù)
正整數	(zhèng zhěng shù)
正正	(zhèng zhèng)
正直	(zhèng zhí)
正值	(zhèng zhí)
正職	(zhèng zhí)
正中	(zhèng zhōng)
正中下懷	(zhèng zhòng xià huái)
正中要害	(zhèng zhòng yào hài)
正主	(zhèng zhǔ)
正著	(zhèng zháo)
正裝	(zhèng zhuāng)
正子	(zhèng zǐ)
正字	(zhèng zì)
正字法	(zhèng zì fǎ)
正宗	(zhèng zōng)
政	(zhèng)
政變	(zhèng biàn)
政柄	(zhèng bǐng)
政策	(zhèng cè)
政黨	(zhèng dǎng)
政敵	(zhèng dí)
政法	(zhèng fǎ)
政法委	(zhèng fǎ wěi)
政府	(zhèng fǔ)
政府大學院	(zhèng fǔ dà xué yuàn)
政府官員	(zhèng fǔ guān yuán)
政府機關	(zhèng fǔ jī guān)
政府軍	(zhèng fǔ jūn)
政府首腦	(zhèng fǔ shǒu nǎo)
政府新聞處	(zhèng fǔ xīn wén chù)
政府債券	(zhèng fǔ zhài quàn)
政改	(zhèng gǎi)
政綱	(zhèng gāng)
政工	(zhèng gōng)
政和縣	(zhèng hé xiàn)
政紀	(zhèng jì)
政績	(zhèng jì)
政見	(zhèng jiàn)
政教	(zhèng jiào)
政教處	(zhèng jiào chǔ)
政教合一	(zhèng jiào hé yī)
政界	(zhèng jiè)
政經	(zhèng jīng)
政局	(zhèng jú)
政客	(zhèng kè)
政理	(zhèng lǐ)
政令	(zhèng lìng)
政論	(zhèng lùn)
政派	(zhèng pài)
政情	(zhèng qíng)
政區	(zhèng qū)
政圈	(zhèng quān)
政權	(zhèng quán)
政權真空	(zhèng quán zhēn kōng)
政審	(zhèng shěn)
政事	(zhèng shì)
政壇	(zhèng tán)
政體	(zhèng tǐ)
政通人和	(zhèng tōng rén hé)
政委	(zhèng wěi)
政務	(zhèng wù)
政協	(zhèng xié)
政訓處	(zhèng xùn chù)
政要	(zhèng yào)
政治	(zhèng zhì)
政治庇護	(zhèng zhì bì hù)
政治避難	(zhèng zhì bì nàn)
政治部	(zhèng zhì bù)
政治犯	(zhèng zhì fàn)
政治改革	(zhèng zhì gǎi gé)
政治關係	(zhèng zhì guān xì)
政治化	(zhèng zhì huà)
政治機構	(zhèng zhì jī gòu)
政治家	(zhèng zhì jiā)
政治經濟學	(zhèng zhì jīng jì xué)
政治局	(zhèng zhì jú)
政治局面	(zhèng zhì jú miàn)
政治立場	(zhèng zhì lì chǎng)
政治氣候	(zhèng zhì qì hòu)
政治人物	(zhèng zhì rén wù)
政治生活	(zhèng zhì shēng huó)
政治史	(zhèng zhì shǐ)
政治思想	(zhèng zhì sī xiǎng)
政治體制	(zhèng zhì tǐ zhì)
政治委員	(zhèng zhì wěi yuán)
政治舞台	(zhèng zhì wǔ tái)
政治性	(zhèng zhì xìng)
政治學	(zhèng zhì xué)
政治異議人士	(zhèng zhì yì yì rén shì)
政治運動	(zhèng zhì yùn dòng)
政治正確	(zhèng zhì zhèng què)
幀	(zhēn)
幀格式	(zhēn gé shì)
幀檢驗序列	(zhēn jiǎn yàn xù liè)
幀率	(zhēn lǜ)
幀頻	(zhēn pín)
幀首定界符	(zhēn shǒu dìng jiè fú)
幀中繼	(zhēn zhōng jì)
之	(zhī)
之後	(zhī hòu)
之乎者也	(zhī hū zhě yě)
之際	(zhī jì)
之間	(zhī jiān)
之類	(zhī lèi)
之內	(zhī nèi)
之前	(zhī qián)
之上	(zhī shàng)
之所以	(zhī suǒ yǐ)
之外	(zhī wài)
之下	(zhī xià)
之一	(zhī yī)
之至	(zhī zhì)
之中	(zhī zhōng)
之字路	(zhī zì lù)
之字形	(zhī zì xíng)
支	(zhī)
支邊	(zhī biān)
支部	(zhī bù)
支差	(zhī chāi)
支撐	(zhī chēng)
支撐架	(zhī chēng jià)
支承	(zhī chéng)
支承銷	(zhī chéng xiāo)
支持	(zhī chí)
支持度	(zhī chí dù)
支持率	(zhī chí lǜ)
支持者	(zhī chí zhě)
支出	(zhī chū)
支點	(zhī diǎn)
支店	(zhī diàn)
支隊	(zhī duì)
支付	(zhī fù)
支付寶	(zhī fù bǎo)
支付不起	(zhī fù bù qǐ)
支根	(zhī gēn)
支公司	(zhī gōng sī)
支光	(zhī guāng)
支架	(zhī jià)
支教	(zhī jiào)
支解	(zhī jiě)
支開	(zhī kāi)
支恐	(zhī kǒng)
支離	(zhī lí)
支離破碎	(zhī lí pò suì)
支流	(zhī liú)
支那	(zhī nà)
支努干	(zhī nǔ gān)
支配	(zhī pèi)
支配力	(zhī pèi lì)
支配權	(zhī pèi quán)
支票	(zhī piào)
支票簿	(zhī piào bù)
支氣管	(zhī qì guǎn)
支氣管炎	(zhī qì guǎn yán)
支前	(zhī qián)
支取	(zhī qǔ)
支使	(zhī shǐ)
支書	(zhī shū)
支吾	(zhī wú)
支吾其詞	(zhī wú qí cí)
支系	(zhī xì)
支系統	(zhī xì tǒng)
支線	(zhī xiàn)
支行	(zhī háng)
支應	(zhī yìng)
支與流裔	(zhī yǔ liú yì)
支原體	(zhī yuán tǐ)
支原體肺炎	(zhī yuán tǐ fèi yán)
支援	(zhī yuán)
支招	(zhī zhāo)
支支吾吾	(zhī zhī wú wú)
支柱	(zhī zhù)
支柱產業	(zhī zhù chǎn yè)
支子	(zhī zǐ)
支走	(zhī zǒu)
支族	(zhī zú)
支座	(zhī zuò)
卮	(zhī)
吱	(zī)
吱嘎	(zhī gā)
吱嘎聲	(zhī gā shēng)
吱聲	(zhī shēng)
吱呀	(zhī yā)
吱吱嘎嘎	(zī zī gā gā)
吱吱聲	(zī zī shēng)
巵	(zhī)
枝	(zhī)
枝繁葉茂	(zhī fán yè mào)
枝幹	(zhī gàn)
枝江市	(zhī jiāng shì)
枝節	(zhī jié)
枝節橫生	(zhī jié héng shēng)
枝解	(zhī jiě)
枝晶	(zhī jīng)
枝蔓	(zhī màn)
枝條	(zhī tiáo)
枝丫	(zhī yā)
枝椏	(zhī yā)
枝枒	(zhī yā)
枝葉	(zhī yè)
枝子	(zhī zi)
梔	(zhī)
梔子	(zhī zi)
梔子花	(zhī zi huā)
椥	(zhī)
戠	(zhí)
搘	(zhī)
榰	(zhī)
䵹	(zhī)
侄	(zhí)
姪	(zhí)
姪女	(zhí nǚ)
姪女婿	(zhí nǚ xu)
姪孫	(zhí sūn)
姪孫女	(zhí sūn nǚ)
姪媳婦	(zhí xí fù)
姪子	(zhí zi)
值	(zhí)
值班	(zhí bān)
值此	(zhí cǐ)
值當	(zhí dang)
值得	(zhí de)
值得一提	(zhí de yī tí)
值機	(zhí jī)
值錢	(zhí qián)
值勤	(zhí qín)
值日	(zhí rì)
值日生	(zhí rì shēng)
值守	(zhí shǒu)
值宿	(zhí sù)
值星	(zhí xīng)
值夜	(zhí yè)
值域	(zhí yù)
值遇	(zhí yù)
値	(zhí)
埴	(zhí)
執	(zhí)
執拗	(zhí niù)
執筆	(zhí bǐ)
執導	(zhí dǎo)
執法	(zhí fǎ)
執法如山	(zhí fǎ rú shān)
執飛	(zhí fēi)
執紼	(zhí fú)
執教	(zhí jiào)
執金吾	(zhí jīn wú)
執迷	(zhí mí)
執迷不悟	(zhí mí bù wù)
執念	(zhí niàn)
執牛耳	(zhí niú ěr)
執勤	(zhí qín)
執拾	(zhí shí)
執事	(zhí shì)
執委	(zhí wěi)
執委會	(zhí wěi huì)
執行	(zhí xíng)
執行長	(zhí xíng zhǎng)
執行人	(zhí xíng rén)
執行緒	(zhí xíng xù)
執業	(zhí yè)
執意	(zhí yì)
執掌	(zhí zhǎng)
執照	(zhí zhào)
執政	(zhí zhèng)
執政黨	(zhí zhèng dǎng)
執政官	(zhí zhèng guān)
執政能力	(zhí zhèng néng lì)
執政者	(zhí zhèng zhě)
執著	(zhí zhuó)
植	(zhí)
植保	(zhí bǎo)
植被	(zhí bèi)
植髮	(zhí fà)
植根	(zhí gēn)
植根於	(zhí gēn yú)
植苗	(zhí miáo)
植民	(zhí mín)
植皮	(zhí pí)
植入	(zhí rù)
植入式廣告	(zhí rù shì guǎng gào)
植樹	(zhí shù)
植樹節	(zhí shù jié)
植樹造林	(zhí shù zào lín)
植田	(zhí tián)
植物	(zhí wù)
植物化學成分	(zhí wù huà xué chéng fèn)
植物界	(zhí wù jiè)
植物牛油	(zhí wù niú yóu)
植物群	(zhí wù qún)
植物人	(zhí wù rén)
植物人狀態	(zhí wù rén zhuàng tài)
植物肉	(zhí wù ròu)
植物學	(zhí wù xué)
植物學家	(zhí wù xué jiā)
植物油	(zhí wù yóu)
植物園	(zhí wù yuán)
植物脂肪	(zhí wù zhī fáng)
植物狀態	(zhí wù zhuàng tài)
植牙	(zhí yá)
植脂末	(zhí zhī mò)
植株	(zhí zhū)
殖	(zhí)
殖利	(zhí lì)
殖民	(zhí mín)
殖民地	(zhí mín dì)
殖民者	(zhí mín zhě)
殖民主義	(zhí mín zhǔ yì)
摭	(zhí)
樴	(zhí)
夂	(zhǐ)
止	(zhǐ)
止步	(zhǐ bù)
止點	(zhǐ diǎn)
止咳	(zhǐ ké)
止咳糖漿	(zhǐ ké táng jiāng)
止汗劑	(zhǐ hàn jì)
止滑	(zhǐ huá)
止境	(zhǐ jìng)
止鬧按鈕	(zhǐ nào àn niǔ)
止損	(zhǐ sǔn)
止損單	(zhǐ sǔn dān)
止損點	(zhǐ sǔn diǎn)
止疼片	(zhǐ téng piān)
止痛	(zhǐ tòng)
止痛法	(zhǐ tòng fǎ)
止痛劑	(zhǐ tòng jì)
止痛片	(zhǐ tòng piàn)
止痛藥	(zhǐ tòng yào)
止息	(zhǐ xī)
止歇	(zhǐ xiē)
止血	(zhǐ xuè)
止血墊	(zhǐ xuè diàn)
止血栓	(zhǐ xuè shuān)
止血貼	(zhǐ xuè tiē)
只	(zhǐ)
只不過	(zhǐ bu guò)
只當	(zhǐ dàng)
只得	(zhǐ dé)
只讀	(zhǐ dú)
只顧	(zhǐ gù)
只管	(zhǐ guǎn)
只好	(zhǐ hǎo)
只許州官放火，不許百姓點燈	(zhǐ xǔ zhōu guān fàng huǒ , bù xǔ bǎi xìng diǎn dēng)
只見	(zhǐ jiàn)
只見樹木，不見森林	(zhǐ jiàn shù mù , bù jiàn sēn lín)
只可意會，不可言傳	(zhǐ kě yì huì , bù kě yán chuán)
只能	(zhǐ néng)
只怕	(zhǐ pà)
只欠東風	(zhǐ qiàn dōng fēng)
只是	(zhǐ shì)
只說不做	(zhǐ shuō bù zuò)
只限於	(zhǐ xiàn yú)
只消	(zhǐ xiāo)
只言片語	(zhī yán piàn yǔ)
只要	(zhǐ yào)
只要功夫深，鐵杵磨成針	(zhǐ yào gōng fu shēn , tiě chǔ mó chéng zhēn)
只有	(zhǐ yǒu)
只爭朝夕	(zhǐ zhēng zhāo xī)
只知其一，不知其二	(zhǐ zhī qí yī , bù zhī qí èr)
旨	(zhǐ)
旨趣	(zhǐ qù)
旨意	(zhǐ yì)
旨在	(zhǐ zài)
址	(zhǐ)
帋	(zhǐ)
指	(zhǐ)
指板	(zhǐ bǎn)
指北	(zhǐ běi)
指北針	(zhǐ běi zhēn)
指標	(zhǐ biāo)
指稱	(zhǐ chēng)
指斥	(zhǐ chì)
指出	(zhǐ chū)
指代	(zhǐ dài)
指導	(zhǐ dǎo)
指導教授	(zhǐ dǎo jiào shòu)
指導課	(zhǐ dǎo kè)
指導員	(zhǐ dǎo yuán)
指導者	(zhǐ dǎo zhě)
指到	(zhǐ dào)
指點	(zhǐ diǎn)
指點江山	(zhǐ diǎn jiāng shān)
指點迷津	(zhǐ diǎn mí jīn)
指疔	(zhǐ dīng)
指定	(zhǐ dìng)
指法	(zhǐ fǎ)
指腹	(zhǐ fù)
指腹為婚	(zhǐ fù wéi hūn)
指關節	(zhǐ guān jié)
指環	(zhǐ huán)
指揮	(zhǐ huī)
指揮棒	(zhǐ huī bàng)
指揮部	(zhǐ huī bù)
指揮官	(zhǐ huī guān)
指揮家	(zhǐ huī jiā)
指揮者	(zhǐ huī zhě)
指揮中心	(zhǐ huī zhōng xīn)
指雞罵狗	(zhǐ jī mà gǒu)
指甲	(zhǐ jia)
指甲刀	(zhǐ jia dāo)
指甲蓋	(zhǐ jia gài)
指甲剪	(zhǐ jia jiǎn)
指甲鉗	(zhǐ jia qián)
指甲油	(zhǐ jia yóu)
指尖	(zhǐ jiān)
指尖陀螺	(zhǐ jiān tuó luó)
指姦	(zhǐ jiān)
指檢	(zhǐ jiǎn)
指交	(zhǐ jiāo)
指教	(zhǐ jiào)
指節	(zhǐ jié)
指界	(zhǐ jiè)
指居	(zhǐ jū)
指考	(zhǐ kǎo)
指控	(zhǐ kòng)
指令	(zhǐ lìng)
指令集	(zhǐ lìng jí)
指鹿為馬	(zhǐ lù wéi mǎ)
指鹿作馬	(zhǐ lù zuò mǎ)
指路	(zhǐ lù)
指名	(zhǐ míng)
指明	(zhǐ míng)
指摹	(zhǐ mó)
指模	(zhǐ mó)
指南	(zhǐ nán)
指南車	(zhǐ nán chē)
指南宮	(zhǐ nán gōng)
指南針	(zhǐ nán zhēn)
指派	(zhǐ pài)
指認	(zhǐ rèn)
指日可待	(zhǐ rì kě dài)
指桑罵槐	(zhǐ sāng mà huái)
指使	(zhǐ shǐ)
指示	(zhǐ shì)
指示代詞	(zhǐ shì dài cí)
指示符	(zhǐ shì fú)
指示劑	(zhǐ shì jì)
指示器	(zhǐ shì qì)
指事	(zhǐ shì)
指事字	(zhǐ shì zì)
指手畫腳	(zhǐ shǒu huà jiǎo)
指手劃腳	(zhǐ shǒu huà jiǎo)
指授	(zhǐ shòu)
指數	(zhǐ shù)
指數函數	(zhǐ shù hán shù)
指數基金	(zhǐ shù jī jīn)
指數期權	(zhǐ shù qī quán)
指數套利	(zhǐ shù tào lì)
指頭	(zhǐ tou)
指望	(zhǐ wàng)
指紋	(zhǐ wén)
指向	(zhǐ xiàng)
指向裝置	(zhǐ xiàng zhuāng zhì)
指壓	(zhǐ yā)
指引	(zhǐ yǐn)
指印	(zhǐ yìn)
指責	(zhǐ zé)
指摘	(zhǐ zhāi)
指戰員	(zhǐ zhàn yuán)
指謫	(zhǐ zhé)
指針	(zhǐ zhēn)
指正	(zhǐ zhèng)
指證	(zhǐ zhèng)
指指點點	(zhǐ zhǐ diǎn diǎn)
指徵	(zhǐ zhēng)
指著和尚罵禿子	(zhǐ zhe hé shang mà tū zi)
枳	(zhǐ)
枳殼	(zhǐ qiào)
枳實	(zhǐ shí)
恉	(zhǐ)
咫尺	(zhǐ chǐ)
咫尺天涯	(zhǐ chǐ tiān yá)
徵	(zhēng)
徵兵	(zhēng bīng)
徵才	(zhēng cái)
徵傳	(zhēng zhuàn)
徵調	(zhēng diào)
徵發	(zhēng fā)
徵稿	(zhēng gǎo)
徵候	(zhēng hòu)
徵婚	(zhēng hūn)
徵集	(zhēng jí)
徵名責實	(zhēng míng zé shí)
徵募	(zhēng mù)
徵聘	(zhēng pìn)
徵求	(zhēng qiú)
徵實	(zhēng shí)
徵士	(zhēng shì)
徵收	(zhēng shōu)
徵稅	(zhēng shuì)
徵文	(zhēng wén)
徵象	(zhēng xiàng)
徵信	(zhēng xìn)
徵信社	(zhēng xìn shè)
徵選	(zhēng xuǎn)
徵詢	(zhēng xún)
徵友	(zhēng yǒu)
徵召	(zhēng zhào)
徵兆	(zhēng zhào)
徵狀	(zhēng zhuàng)
扻	(zì)
志	(zhì)
志不在此	(zhì bù zài cǐ)
志丹縣	(zhì dān xiàn)
志得意滿	(zhì dé yì mǎn)
志高氣揚	(zhì gāo qì yáng)
志工	(zhì gōng)
志怪	(zhì guài)
志怪小說	(zhì guài xiǎo shuō)
志賀氏菌病	(zhì hè shì jūn bìng)
志留紀	(zhì liú jì)
志留系	(zhì liú xì)
志氣	(zhì qì)
志趣	(zhì qù)
志士	(zhì shì)
志士仁人	(zhì shì rén rén)
志同道合	(zhì tóng dào hé)
志向	(zhì xiàng)
志願	(zhì yuàn)
志願兵	(zhì yuàn bīng)
志願軍	(zhì yuàn jūn)
志願者	(zhì yuàn zhě)
志在四方	(zhì zài sì fāng)
忮	(zhì)
厔	(zhì)
帙	(zhì)
制	(zhì)
制霸	(zhì bà)
制裁	(zhì cái)
制導	(zhì dǎo)
制定	(zhì dìng)
制訂	(zhì dìng)
制動	(zhì dòng)
制動器	(zhì dòng qì)
制動踏板	(zhì dòng tà bǎn)
制度	(zhì dù)
制度化	(zhì dù huà)
制伏	(zhì fú)
制服	(zhì fú)
制服店	(zhì fú diàn)
制服呢	(zhì fú ní)
制高點	(zhì gāo diǎn)
制衡	(zhì héng)
制空權	(zhì kōng quán)
制錢	(zhì qián)
制勝	(zhì shèng)
制式	(zhì shì)
制式化	(zhì shì huà)
制酸劑	(zhì suān jì)
制藥業	(zhì yào yè)
制約	(zhì yuē)
制止	(zhì zhǐ)
柣	(zhí)
峙	(zhì)
庤	(zhì)
桎	(zhì)
桎梏	(zhì gù)
偫	(zhì)
乿	(luàn)
智	(zhì)
智齒	(zhì chǐ)
智多星	(zhì duō xīng)
智慧	(zhì huì)
智慧財產	(zhì huì cái chǎn)
智慧產權	(zhì huì chǎn quán)
智慧齒	(zhì huì chǐ)
智慧型手機	(zhì huì xíng shǒu jī)
智駕	(zhì jià)
智庫	(zhì kù)
智力	(zhì lì)
智力測驗	(zhì lì cè yàn)
智力低下	(zhì lì dī xià)
智力玩具	(zhì lì wán jù)
智利	(zhì lì)
智謀	(zhì móu)
智囊機構	(zhì náng jī gòu)
智囊團	(zhì náng tuán)
智能	(zhì néng)
智能卡	(zhì néng kǎ)
智能設計	(zhì néng shè jì)
智能手錶	(zhì néng shǒu biǎo)
智能手機	(zhì néng shǒu jī)
智能體	(zhì néng tǐ)
智能障礙	(zhì néng zhàng ài)
智取	(zhì qǔ)
智人	(zhì rén)
智商稅	(zhì shāng shuì)
智識	(zhì shí)
智熄	(zhì xī)
智性戀	(zhì xìng liàn)
智牙	(zhì yá)
智顗	(zhì yǐ)
智異山	(zhì yì shān)
智育	(zhì yù)
智障	(zhì zhàng)
智障人士	(zhì zhàng rén shì)
智者	(zhì zhě)
智者千慮，必有一失	(zhì zhě qiān lǜ , bì yǒu yī shī)
智珠在握	(zhì zhū zài wò)
彘	(zhì)
廌	(zhì)
寘	(zhì)
摯	(zhì)
摯愛	(zhì ài)
摯誠	(zhì chéng)
摯切	(zhì qiè)
摯情	(zhì qíng)
摯友	(zhì yǒu)
摯友良朋	(zhì yǒu liáng péng)
幟	(zhì)
擲	(zhì)
擲地有聲	(zhì dì yǒu shēng)
擲還	(zhì huán)
擲筊	(zhì jiǎo)
擲色	(zhì shǎi)
擲骰子	(zhì tóu zi)
櫛	(zhì)
櫛比	(zhì bǐ)
櫛風沐雨	(zhì fēng mù yǔ)
櫛瓜	(zhì guā)
櫛孔扇貝	(zhì kǒng shàn bèi)
櫛水母	(zhì shuǐ mǔ)
懥	(zhì)
懫	(zhí)
中	(zhōng)
中澳	(zhōng ào)
中巴	(zhōng bā)
中巴士	(zhōng bā shì)
中白鷺	(zhōng bái lù)
中班	(zhōng bān)
中板	(zhōng bǎn)
中辦	(zhōng bàn)
中幫	(zhōng bāng)
中保	(zhōng bǎo)
中飽	(zhōng bǎo)
中飽私囊	(zhōng bǎo sī náng)
中北部	(zhōng běi bù)
中北大學	(zhōng běi dà xué)
中焙	(zhōng bèi)
中杓鷸	(zhōng sháo yù)
中標	(zhòng biāo)
中波	(zhōng bō)
中部	(zhōng bù)
中財	(zhōng cái)
中彩	(zhòng cǎi)
中餐	(zhōng cān)
中餐館	(zhōng cān guǎn)
中草藥	(zhōng cǎo yào)
中層	(zhōng céng)
中產	(zhōng chǎn)
中產階級	(zhōng chǎn jiē jí)
中長跑	(zhōng cháng pǎo)
中常	(zhōng cháng)
中場	(zhōng chǎng)
中超	(zhōng chāo)
中朝	(zhōng cháo)
中成藥	(zhōng chéng yào)
中程	(zhōng chéng)
中川	(zhōng chuān)
中輟	(zhōng chuò)
中村	(zhōng cūn)
中大西洋脊	(zhōng dà xī yáng jǐ)
中彈	(zhòng dàn)
中檔	(zhōng dàng)
中島	(zhōng dǎo)
中的	(zhòng dì)
中等	(zhōng děng)
中等技術學校	(zhōng děng jì shù xué xiào)
中等教育	(zhōng děng jiào yù)
中等師範學校	(zhōng děng shī fàn xué xiào)
中等專業教育	(zhōng děng zhuān yè jiào yù)
中等專業學校	(zhōng děng zhuān yè xué xiào)
中低端	(zhōng dī duān)
中點	(zhōng diǎn)
中調	(zhōng diào)
中東	(zhōng dōng)
中東呼吸綜合徵	(zhōng dōng hū xī zōng hé zhēng)
中都	(zhōng dū)
中毒	(zhòng dú)
中毒性	(zhòng dú xìng)
中毒者	(zhòng dú zhě)
中端	(zhōng duān)
中短債	(zhōng duǎn zhài)
中段	(zhōng duàn)
中斷	(zhōng duàn)
中俄	(zhōng é)
中俄關係	(zhōng é guān xì)
中俄尼布楚條約	(zhōng é ní bù chǔ tiáo yuē)
中耳	(zhōng ěr)
中耳炎	(zhōng ěr yán)
中二病	(zhōng èr bìng)
中法	(zhōng fǎ)
中法戰爭	(zhōng fǎ zhàn zhēng)
中飯	(zhōng fàn)
中方	(zhōng fāng)
中方縣	(zhōng fāng xiàn)
中非	(zhōng fēi)
中非共和國	(zhōng fēi gòng hé guó)
中菲	(zhōng fēi)
中分	(zhōng fēn)
中風	(zhòng fēng)
中鋒	(zhōng fēng)
中縫	(zhōng fèng)
中伏	(zhòng fú)
中復電訊	(zhōng fù diàn xùn)
中概股	(zhōng gài gǔ)
中港	(zhōng gǎng)
中港臺	(zhōng gǎng tái)
中高度防空	(zhōng gāo dù fáng kōng)
中隔	(zhōng gé)
中共	(zhōng gòng)
中共中央	(zhōng gòng zhōng yāng)
中共中央辦公廳	(zhōng gòng zhōng yāng bàn gōng tīng)
中共中央宣傳部	(zhōng gòng zhōng yāng xuān chuán bù)
中共中央組織部	(zhōng gòng zhōng yāng zǔ zhī bù)
中古	(zhōng gǔ)
中古漢語	(zhōng gǔ hàn yǔ)
中關村	(zhōng guān cūn)
中規中矩	(zhòng guī zhòng jǔ)
中國	(zhōng guó)
中國白眉朱雀	(zhōng guó bái méi zhū què)
中國保險監督管理委員會	(zhōng guó bǎo xiǎn jiān dū guǎn lǐ wěi yuán huì)
中國北方工業公司	(zhōng guó běi fāng gōng yè gōng sī)
中國鈸	(zhōng guó bó)
中國菜	(zhōng guó cài)
中國餐館症候群	(zhōng guó cān guǎn zhèng hòu qún)
中國殘疾人聯合會	(zhōng guó cán jí rén lián hé huì)
中國殘聯	(zhōng guó cán lián)
中國產	(zhōng guó chǎn)
中國長城工業公司	(zhōng guó cháng chéng gōng yè gōng sī)
中國城	(zhōng guó chéng)
中國船舶工業集團	(zhōng guó chuán bó gōng yè jí tuán)
中國船舶貿易公司	(zhōng guó chuán bó mào yì gōng sī)
中國船舶重工集團公司	(zhōng guó chuán bó zhòng gōng jí tuán gōng sī)
中國傳媒大學	(zhōng guó chuán méi dà xué)
中國大百科全書出版社	(zhōng guó dà bǎi kē quán shū chū bǎn shè)
中國大陸	(zhōng guó dà lù)
中國大蠑螈	(zhōng guó dà róng yuán)
中國地球物理學會	(zhōng guó dì qiú wù lǐ xué huì)
中國地震局	(zhōng guó dì zhèn jú)
中國地震台網	(zhōng guó dì zhèn tái wǎng)
中國地質大學	(zhōng guó dì zhì dà xué)
中國地質調查局	(zhōng guó dì zhì diào chá jú)
中國電視公司	(zhōng guó diàn shì gōng sī)
中國電信	(zhōng guó diàn xìn)
中國東方航空	(zhōng guó dōng fāng háng kōng)
中國法學會	(zhōng guó fǎ xué huì)
中國風	(zhōng guó fēng)
中國工程院	(zhōng guó gōng chéng yuàn)
中國工商銀行	(zhōng guó gōng shāng yín háng)
中國共產黨	(zhōng guó gòng chǎn dǎng)
中國共產黨中央委員會	(zhōng guó gòng chǎn dǎng zhōng yāng wěi yuán huì)
中國共產黨中央委員會宣傳部	(zhōng guó gòng chǎn dǎng zhōng yāng wěi yuán huì xuān chuán bù)
中國共產主義青年團	(zhōng guó gòng chǎn zhǔ yì qīng nián tuán)
中國光大銀行	(zhōng guó guāng dà yín háng)
中國廣播公司	(zhōng guó guǎng bō gōng sī)
中國國防科技信息中心	(zhōng guó guó fáng kē jì xìn xī zhōng xīn)
中國國際廣播電台	(zhōng guó guó jì guǎng bō diàn tái)
中國國際航空公司	(zhōng guó guó jì háng kōng gōng sī)
中國國際貿易促進委員會	(zhōng guó guó jì mào yì cù jìn wěi yuán huì)
中國國家博物館	(zhōng guó guó jiā bó wù guǎn)
中國國家航天局	(zhōng guó guó jiā háng tiān jú)
中國國家原子能機構	(zhōng guó guó jiā yuán zǐ néng jī gòu)
中國國民黨革命委員會	(zhōng guó guó mín dǎng gé mìng wěi yuán huì)
中國海	(zhōng guó hǎi)
中國海事局	(zhōng guó hǎi shì jú)
中國海洋石油總公司	(zhōng guó hǎi yáng shí yóu zǒng gōng sī)
中國航空工業公司	(zhōng guó háng kōng gōng yè gōng sī)
中國航空運輸協會	(zhōng guó háng kōng yùn shū xié huì)
中國航天工業公司	(zhōng guó háng tiān gōng yè gōng sī)
中國好聲音	(zhōng guó hǎo shēng yīn)
中國核能總公司	(zhōng guó hé néng zǒng gōng sī)
中國紅	(zhōng guó hóng)
中國化	(zhōng guó huà)
中國畫	(zhōng guó huà)
中國話	(zhōng guó huà)
中國籍	(zhōng guó jí)
中國建設銀行	(zhōng guó jiàn shè yín háng)
中國交通建設	(zhōng guó jiāo tōng jiàn shè)
中國交通運輸協會	(zhōng guó jiāo tōng yùn shū xié huì)
中國教育和科研計算機網	(zhōng guó jiào yù hé kē yán jì suàn jī wǎng)
中國教育網	(zhōng guó jiào yù wǎng)
中國結	(zhōng guó jié)
中國進出口銀行	(zhōng guó jìn chū kǒu yín háng)
中國經營報	(zhōng guó jīng yíng bào)
中國精密機械進出口公司	(zhōng guó jīng mì jī xiè jìn chū kǒu gōng sī)
中國科學院	(zhōng guó kē xué yuàn)
中國聯合航空	(zhōng guó lián hé háng kōng)
中國聯通	(zhōng guó lián tōng)
中國林蛙	(zhōng guó lín wā)
中國美術館	(zhōng guó měi shù guǎn)
中國夢	(zhōng guó mèng)
中國民用航空局	(zhōng guó mín yòng háng kōng jú)
中國民主促進會	(zhōng guó mín zhǔ cù jìn huì)
中國民主建國會	(zhōng guó mín zhǔ jiàn guó huì)
中國民主同盟	(zhōng guó mín zhǔ tóng méng)
中國鳥類學會	(zhōng guó niǎo lèi xué huì)
中國農業銀行	(zhōng guó nóng yè yín háng)
中國氣象局	(zhōng guó qì xiàng jú)
中國青年報	(zhōng guó qīng nián bào)
中國人	(zhōng guó rén)
中國人大	(zhōng guó rén dà)
中國人民大學	(zhōng guó rén mín dà xué)
中國人民對外友好協會	(zhōng guó rén mín duì wài yǒu hǎo xié huì)
中國人民解放軍	(zhōng guó rén mín jiě fàng jūn)
中國人民解放軍海軍	(zhōng guó rén mín jiě fàng jūn hǎi jūn)
中國人民解放軍空軍	(zhōng guó rén mín jiě fàng jūn kōng jūn)
中國人民武裝警察部隊	(zhōng guó rén mín wǔ zhuāng jǐng chá bù duì)
中國人民銀行	(zhōng guó rén mín yín háng)
中國人民政治協商會議	(zhōng guó rén mín zhèng zhì xié shāng huì yì)
中國人權民運信息中心	(zhōng guó rén quán mín yùn xìn xī zhōng xīn)
中國人權組織	(zhōng guó rén quán zǔ zhī)
中國日報	(zhōng guó rì bào)
中國商飛	(zhōng guó shāng fēi)
中國商用飛機	(zhōng guó shāng yòng fēi jī)
中國社會科學院	(zhōng guó shè huì kē xué yuàn)
中國剩餘定理	(zhōng guó shèng yú dìng lǐ)
中國石化	(zhōng guó shí huà)
中國石油和化學工業協會	(zhōng guó shí yóu hé huà xué gōng yè xié huì)
中國石油化工股份有限公司	(zhōng guó shí yóu huà gōng gǔ fèn yǒu xiàn gōng sī)
中國石油天然氣集團公司	(zhōng guó shí yóu tiān rán qì jí tuán gōng sī)
中國時報	(zhōng guó shí bào)
中國式	(zhōng guó shì)
中國天主教愛國會	(zhōng guó tiān zhǔ jiào ài guó huì)
中國通	(zhōng guó tōng)
中國文聯	(zhōng guó wén lián)
中國文學藝術界聯合會	(zhōng guó wén xué yì shù jiè lián hé huì)
中國消費者協會	(zhōng guó xiāo fèi zhě xié huì)
中國小說史略	(zhōng guó xiǎo shuō shǐ lüè)
中國新聞社	(zhōng guó xīn wén shè)
中國新聞網	(zhōng guó xīn wén wǎng)
中國伊斯蘭教協會	(zhōng guó yī sī lán jiào xié huì)
中國移動通信	(zhōng guó yí dòng tōng xìn)
中國銀聯	(zhōng guó yín lián)
中國銀行	(zhōng guó yín háng)
中國銀行業監督管理委員會	(zhōng guó yín háng yè jiān dū guǎn lǐ wěi yuán huì)
中國郵政	(zhōng guó yóu zhèng)
中國遊藝機遊樂園協會	(zhōng guó yóu yì jī yóu lè yuán xié huì)
中國政法大學	(zhōng guó zhèng fǎ dà xué)
中國證監會	(zhōng guó zhèng jiān huì)
中國證券報	(zhōng guó zhèng quàn bào)
中國證券監督管理委員會	(zhōng guó zhèng quàn jiān dū guǎn lǐ wěi yuán huì)
中國致公黨	(zhōng guó zhì gōng dǎng)
中國製造	(zhōng guó zhì zào)
中國中心主義	(zhōng guó zhōng xīn zhǔ yì)
中國中央電視台	(zhōng guó zhōng yāng diàn shì tái)
中國作家協會	(zhōng guó zuò jiā xié huì)
中國作協	(zhōng guó zuò xié)
中海油	(zhōng hǎi yóu)
中韓	(zhōng hán)
中航技進出口有限責任公司	(zhōng háng jì jìn chū kǒu yǒu xiàn zé rèn gōng sī)
中號	(zhōng hào)
中和	(zhōng hé)
中和劑	(zhōng hé jì)
中和抗體	(zhōng hé kàng tǐ)
中和市	(zhōng hé shì)
中華	(zhōng huá)
中華電視	(zhōng huá diàn shì)
中華短翅鶯	(zhōng huá duǎn chì yīng)
中華航空公司	(zhōng huá háng kōng gōng sī)
中華龍鳥	(zhōng huá lóng niǎo)
中華民國	(zhōng huá mín guó)
中華民族	(zhōng huá mín zú)
中華攀雀	(zhōng huá pān què)
中華秋沙鴨	(zhōng huá qiū shā yā)
中華全國婦女聯合會	(zhōng huá quán guó fù nǚ lián hé huì)
中華全國體育總會	(zhōng huá quán guó tǐ yù zǒng huì)
中華全國總工會	(zhōng huá quán guó zǒng gōng huì)
中華人民共和國	(zhōng huá rén mín gòng hé guó)
中華蘇維埃共和國	(zhōng huá sū wéi āi gòng hé guó)
中華臺北	(zhōng huá tái běi)
中華田園犬	(zhōng huá tián yuán quǎn)
中華仙鶲	(zhōng huá xiān wēng)
中華鷓鴣	(zhōng huá zhè gū)
中環	(zhōng huán)
中級	(zhōng jí)
中脊	(zhōng jǐ)
中計	(zhòng jì)
中紀委	(zhōng jì wěi)
中繼	(zhōng jì)
中繼器	(zhōng jì qì)
中繼站	(zhōng jì zhàn)
中繼資料	(zhōng jì zī liào)
中堅	(zhōng jiān)
中間	(zhōng jiān)
中間層	(zhōng jiān céng)
中間件	(zhōng jiān jiàn)
中間路線	(zhōng jiān lù xiàn)
中間名	(zhōng jiān míng)
中間派	(zhōng jiān pài)
中間人	(zhōng jiān rén)
中間人攻擊	(zhōng jiān rén gōng jī)
中間商	(zhōng jiān shāng)
中間神經元	(zhōng jiān shén jīng yuán)
中間纖維	(zhōng jiān xiān wéi)
中間音	(zhōng jiān yīn)
中箭落馬	(zhòng jiàn luò mǎ)
中江縣	(zhōng jiāng xiàn)
中將	(zhōng jiàng)
中獎	(zhòng jiǎng)
中焦	(zhōng jiāo)
中階	(zhōng jiē)
中介	(zhōng jiè)
中介所	(zhōng jiè suǒ)
中介資料	(zhōng jiè zī liào)
中筋麵粉	(zhōng jīn miàn fěn)
中徑	(zhōng jìng)
中局	(zhōng jú)
中舉	(zhòng jǔ)
中看	(zhōng kàn)
中看不中用	(zhōng kàn bù zhōng yòng)
中考	(zhōng kǎo)
中科院	(zhōng kē yuàn)
中肯	(zhòng kěn)
中空	(zhōng kōng)
中空玻璃	(zhōng kōng bō li)
中控面板	(zhōng kòng miàn bǎn)
中括號	(zhōng kuò hào)
中辣	(zhōng là)
中郎將	(zhōng láng jiàng)
中老年	(zhōng lǎo nián)
中老年人	(zhōng lǎo nián rén)
中立	(zhōng lì)
中立國	(zhōng lì guó)
中立派	(zhōng lì pài)
中立性	(zhōng lì xìng)
中聯辦	(zhōng lián bàn)
中聯航	(zhōng lián háng)
中量級	(zhōng liàng jí)
中寮鄉	(zhōng liáo xiāng)
中流	(zhōng liú)
中流砥柱	(zhōng liú dǐ zhù)
中路	(zhōng lù)
中旅社	(zhōng lǚ shè)
中美	(zhōng měi)
中美洲	(zhōng měi zhōu)
中密度纖維板	(zhōng mì dù xiān wéi bǎn)
中魔	(zhòng mó)
中牟縣	(zhōng mù xiàn)
中南	(zhōng nán)
中南半島	(zhōng nán bàn dǎo)
中南部	(zhōng nán bù)
中南海	(zhōng nán hǎi)
中尼	(zhōng ní)
中年	(zhōng nián)
中寧縣	(zhōng níng xiàn)
中農	(zhōng nóng)
中女	(zhōng nǚ)
中歐	(zhōng ōu)
中盤	(zhōng pán)
中盤股	(zhōng pán gǔ)
中盤商	(zhōng pán shāng)
中胚層	(zhōng pēi céng)
中篇小說	(zhōng piān xiǎo shuō)
中埔	(zhōng pǔ)
中埔鄉	(zhōng pǔ xiāng)
中期	(zhōng qī)
中期選舉	(zhōng qī xuǎn jǔ)
中企業	(zhōng qǐ yè)
中氣層	(zhōng qì céng)
中氣層頂	(zhōng qì céng dǐng)
中簽	(zhòng qiān)
中前衛	(zhōng qián wèi)
中槍	(zhòng qiāng)
中青	(zhōng qīng)
中青年	(zhōng qīng nián)
中情局	(zhōng qíng jú)
中區	(zhōng qū)
中圈套	(zhòng quān tào)
中人	(zhōng rén)
中日	(zhōng rì)
中日關係	(zhōng rì guān xì)
中日韓	(zhōng rì hán)
中日韓統一表意文字	(zhōng rì hán tǒng yī biǎo yì wén zì)
中日韓越	(zhōng rì hán yuè)
中阮	(zhōng ruǎn)
中沙群島	(zhōng shā qún dǎo)
中山	(zhōng shān)
中山成彬	(zhōng shān chéng bīn)
中山大學	(zhōng shān dà xué)
中山服	(zhōng shān fú)
中山公園	(zhōng shān gōng yuán)
中山狼傳	(zhōng shān láng zhuàn)
中山陵	(zhōng shān líng)
中山區	(zhōng shān qū)
中山市	(zhōng shān shì)
中山裝	(zhōng shān zhuāng)
中傷	(zhòng shāng)
中生代	(zhōng shēng dài)
中聲	(zhōng shēng)
中師	(zhōng shī)
中石化	(zhōng shí huà)
中石器時代	(zhōng shí qì shí dài)
中時	(zhōng shí)
中世紀	(zhōng shì jì)
中式	(zhōng shì)
中式英語	(zhōng shì yīng yǔ)
中視	(zhōng shì)
中試	(zhōng shì)
中樞	(zhōng shū)
中樞神經	(zhōng shū shén jīng)
中樞神經系統	(zhōng shū shén jīng xì tǒng)
中暑	(zhòng shǔ)
中水	(zhōng shuǐ)
中臺	(zhōng tái)
中提琴	(zhōng tí qín)
中體西用	(zhōng tǐ xī yòng)
中天	(zhōng tiān)
中聽	(zhōng tīng)
中廳	(zhōng tīng)
中庭	(zhōng tíng)
中途	(zhōng tú)
中途島	(zhōng tú dǎo)
中途擱淺	(zhōng tú gē qiǎn)
中途退場	(zhōng tú tuì chǎng)
中土	(zhōng tǔ)
中外	(zhōng wài)
中微子	(zhōng wēi zǐ)
中位數	(zhōng wèi shù)
中尉	(zhōng wèi)
中衛	(zhōng wèi)
中衛市	(zhōng wèi shì)
中文	(zhōng wén)
中午	(zhōng wǔ)
中西	(zhōng xī)
中西部	(zhōng xī bù)
中西合璧	(zhōng xī hé bì)
中西合併	(zhōng xī hé bìng)
中西區	(zhōng xī qū)
中西醫	(zhōng xī yī)
中西醫結合	(zhōng xī yī jié hé)
中線	(zhōng xiàn)
中向性格	(zhōng xiàng xìng gé)
中小企業	(zhōng xiǎo qǐ yè)
中小型企業	(zhōng xiǎo xíng qǐ yè)
中小學	(zhōng xiǎo xué)
中校	(zhōng xiào)
中邪	(zhòng xié)
中心	(zhōng xīn)
中心點	(zhōng xīn diǎn)
中心對稱	(zhōng xīn duì chèn)
中心矩	(zhōng xīn jǔ)
中心粒	(zhōng xīn lì)
中心區	(zhōng xīn qū)
中心語	(zhōng xīn yǔ)
中新社	(zhōng xīn shè)
中新世	(zhōng xīn shì)
中新網	(zhōng xīn wǎng)
中信銀行	(zhōng xìn yín háng)
中行	(zhōng háng)
中型	(zhōng xíng)
中性	(zhōng xìng)
中性筆	(zhōng xìng bǐ)
中性粒細胞	(zhōng xìng lì xì bāo)
中興	(zhōng xīng)
中興新村	(zhōng xīng xīn cūn)
中宣部	(zhōng xuān bù)
中選	(zhòng xuǎn)
中學	(zhōng xué)
中學生	(zhōng xué shēng)
中旬	(zhōng xún)
中壓管	(zhōng yā guǎn)
中亞	(zhōng yà)
中亞草原	(zhōng yà cǎo yuán)
中亞鴿	(zhōng yà gē)
中亞細亞	(zhōng yà xì yà)
中亞夜鷹	(zhōng yà yè yīng)
中研院	(zhōng yán yuàn)
中央	(zhōng yāng)
中央凹	(zhōng yāng āo)
中央邦	(zhōng yāng bāng)
中央財經大學	(zhōng yāng cái jīng dà xué)
中央廚房	(zhōng yāng chú fáng)
中央處理單元	(zhōng yāng chǔ lǐ dān yuán)
中央處理機	(zhōng yāng chǔ lǐ jī)
中央處理器	(zhōng yāng chǔ lǐ qì)
中央電視台	(zhōng yāng diàn shì tái)
中央分車帶	(zhōng yāng fēn chē dài)
中央廣播電臺	(zhōng yāng guǎng bō diàn tái)
中央海嶺	(zhōng yāng hǎi lǐng)
中央匯金	(zhōng yāng huì jīn)
中央集權	(zhōng yāng jí quán)
中央軍事委員會	(zhōng yāng jūn shì wěi yuán huì)
中央軍委	(zhōng yāng jūn wěi)
中央空調	(zhōng yāng kōng tiáo)
中央民族大學	(zhōng yāng mín zú dà xué)
中央企業	(zhōng yāng qǐ yè)
中央情報局	(zhōng yāng qíng bào jú)
中央全會	(zhōng yāng quán huì)
中央人民政府駐香港特別行政區聯絡辦公室	(zhōng yāng rén mín zhèng fǔ zhù xiāng gǎng tè bié xíng zhèng qū lián luò bàn gōng shì)
中央日報	(zhōng yāng rì bào)
中央社	(zhōng yāng shè)
中央省	(zhōng yāng shěng)
中央委員會	(zhōng yāng wěi yuán huì)
中央戲劇學院	(zhōng yāng xì jù xué yuàn)
中央宣傳部	(zhōng yāng xuān chuán bù)
中央研究院	(zhōng yāng yán jiū yuàn)
中央音樂學院	(zhōng yāng yīn yuè xué yuàn)
中央銀行	(zhōng yāng yín háng)
中央政府	(zhōng yāng zhèng fǔ)
中央直轄市	(zhōng yāng zhí xiá shì)
中央執行委員會	(zhōng yāng zhí xíng wěi yuán huì)
中央專制集權	(zhōng yāng zhuān zhì jí quán)
中洋脊	(zhōng yáng jǐ)
中陽縣	(zhōng yáng xiàn)
中藥	(zhōng yào)
中野	(zhōng yě)
中葉	(zhōng yè)
中醫	(zhōng yī)
中醫學	(zhōng yī xué)
中意	(zhòng yì)
中譯語通	(zhōng yì yǔ tōng)
中銀	(zhōng yín)
中印	(zhōng yìn)
中印半島	(zhōng yìn bàn dǎo)
中英	(zhōng yīng)
中庸	(zhōng yōng)
中庸之道	(zhōng yōng zhī dào)
中用	(zhōng yòng)
中油	(zhōng yóu)
中游	(zhōng yóu)
中原	(zhōng yuán)
中原大學	(zhōng yuán dà xué)
中原區	(zhōng yuán qū)
中源地震	(zhōng yuán dì zhèn)
中遠	(zhōng yuǎn)
中越戰爭	(zhōng yuè zhàn zhēng)
中樂透	(zhòng lè tòu)
中嶽	(zhōng yuè)
中灶	(zhōng zào)
中賊鷗	(zhōng zéi ōu)
中站區	(zhōng zhàn qū)
中招	(zhòng zhāo)
中爪哇	(zhōng zhǎo wā)
中正	(zhōng zhèng)
中正紀念堂	(zhōng zhèng jì niàn táng)
中正區	(zhōng zhèng qū)
中值定理	(zhōng zhí dìng lǐ)
中止	(zhōng zhǐ)
中指	(zhōng zhǐ)
中中	(zhōng zhōng)
中軸	(zhōng zhóu)
中軸線	(zhōng zhóu xiàn)
中專	(zhōng zhuān)
中轉	(zhōng zhuǎn)
中轉櫃檯	(zhōng zhuǎn guì tái)
中轉站	(zhōng zhuǎn zhàn)
中裝	(zhōng zhuāng)
中綴	(zhōng zhuì)
中資	(zhōng zī)
中子	(zhōng zǐ)
中子彈	(zhōng zǐ dàn)
中子俘獲	(zhōng zǐ fú huò)
中子射線攝影	(zhōng zǐ shè xiàn shè yǐng)
中子數	(zhōng zǐ shù)
中子星	(zhōng zǐ xīng)
中子源	(zhōng zǐ yuán)
中組部	(zhōng zǔ bù)
伀	(zhōng)
彸	(zhōng)
忠	(zhōng)
忠臣	(zhōng chén)
忠誠	(zhōng chéng)
忠告	(zhōng gào)
忠厚	(zhōng hòu)
忠君愛國	(zhōng jūn ài guó)
忠烈	(zhōng liè)
忠南大學校	(zhōng nán dà xué xiào)
忠清	(zhōng qīng)
忠清北道	(zhōng qīng běi dào)
忠清道	(zhōng qīng dào)
忠清南道	(zhōng qīng nán dào)
忠實	(zhōng shí)
忠恕	(zhōng shù)
忠縣	(zhōng xiàn)
忠心	(zhōng xīn)
忠心耿耿	(zhōng xīn gěng gěng)
忠信	(zhōng xìn)
忠言	(zhōng yán)
忠言逆耳	(zhōng yán nì ěr)
忠義	(zhōng yì)
忠勇	(zhōng yǒng)
忠於	(zhōng yú)
忠貞	(zhōng zhēn)
忠貞不渝	(zhōng zhēn bù yú)
柊	(zhōng)
柊葉	(zhōng yè)
冢	(zhǒng)
尰	(zhǒng)
塚	(zhǒng)
塚中枯骨	(zhǒng zhōng kū gǔ)
仲	(zhòng)
仲巴縣	(zhòng bā xiàn)
仲裁	(zhòng cái)
仲父	(zhòng fù)
仲介	(zhòng jiè)
仲尼	(zhòng ní)
仲秋	(zhòng qiū)
仲夏	(zhòng xià)
仲夏夜之夢	(zhòng xià yè zhī mèng)
州	(zhōu)
州伯	(zhōu bó)
州長	(zhōu zhǎng)
州界	(zhōu jiè)
州立	(zhōu lì)
州立大學	(zhōu lì dà xué)
侜	(zhōu)
周	(zhōu)
周扒皮	(zhōu bā pí)
周報	(zhōu bào)
周備	(zhōu bèi)
周髀算經	(zhōu bì suàn jīng)
周邊	(zhōu biān)
周邊商品	(zhōu biān shāng pǐn)
周波	(zhōu bō)
周勃	(zhōu bó)
周長	(zhōu cháng)
周朝	(zhōu cháo)
周處	(zhōu chǔ)
周傳瑛	(zhōu chuán yīng)
周村區	(zhōu cūn qū)
周代	(zhōu dài)
周到	(zhōu dào)
周敦頤	(zhōu dūn yí)
周公	(zhōu gōng)
周狗	(zhōu gǒu)
周華健	(zhōu huá jiàn)
周會	(zhōu huì)
周濟	(zhōu jì)
周杰倫	(zhōu jié lún)
周徑	(zhōu jìng)
周口店	(zhōu kǒu diàn)
周口市	(zhōu kǒu shì)
周禮	(zhōu lǐ)
周立波	(zhōu lì bō)
周梁淑怡	(zhōu liáng shū yí)
周密	(zhōu mì)
周年慶	(zhōu nián qìng)
周寧縣	(zhōu níng xiàn)
周期函數	(zhōu qī hán shù)
周全	(zhōu quán)
周日圈	(zhōu rì quān)
周日運動	(zhōu rì yùn dòng)
周潤發	(zhōu rùn fā)
周三徑一	(zhōu sān jìng yī)
周身	(zhōu shēn)
周瘦鵑	(zhōu shòu juān)
周樹人	(zhōu shù rén)
周速	(zhōu sù)
周圍	(zhōu wéi)
周圍神經	(zhōu wéi shén jīng)
周圍性眩暈	(zhōu wéi xìng xuàn yùn)
周詳	(zhōu xiáng)
周星馳	(zhōu xīng chí)
周宣王	(zhōu xuān wáng)
周旋	(zhōu xuán)
周璇	(zhōu xuán)
周延	(zhōu yán)
周易	(zhōu yì)
周永康	(zhōu yǒng kāng)
周幽王	(zhōu yōu wáng)
周遊	(zhōu yóu)
周遊列國	(zhōu yóu liè guó)
周遊世界	(zhōu yóu shì jiè)
周有光	(zhōu yǒu guāng)
周瑜	(zhōu yú)
周瑜打黃蓋	(zhōu yú dǎ huáng gài)
周遭	(zhōu zāo)
周章	(zhōu zhāng)
周折	(zhōu zhé)
周知	(zhōu zhī)
周至縣	(zhōu zhì xiàn)
周中	(zhōu zhōng)
周轉	(zhōu zhuǎn)
周轉不開	(zhōu zhuǎn bù kāi)
周轉不靈	(zhōu zhuǎn bù líng)
周轉金	(zhōu zhuǎn jīn)
周莊	(zhōu zhuāng)
周莊鎮	(zhōu zhuāng zhèn)
周總理	(zhōu zǒng lǐ)
周晬	(zhōu zuì)
周作人	(zhōu zuò rén)
喌	(zhōu)
妯	(zhóu)
妯娌	(zhóu li)
帚	(zhǒu)
呪	(zhòu)
咒	(zhòu)
咒罵	(zhòu mà)
咒文	(zhòu wén)
咒語	(zhòu yǔ)
咒詛	(zhòu zǔ)
宙	(zhòu)
宙斯	(zhòu sī)
宙斯盾戰鬥系統	(zhòu sī dùn zhàn dòu xì tǒng)
冑	(zhòu)
晝	(zhòu)
晝伏夜出	(zhòu fú yè chū)
晝行性	(zhòu xíng xìng)
晝夜	(zhòu yè)
晝夜節律	(zhòu yè jié lǜ)
晝夜平分點	(zhòu yè píng fēn diǎn)
㑳	(zhòu)
㥮	(zhòu)
朱	(zhū)
朱背啄花鳥	(zhū bèi zhuó huā niǎo)
朱筆	(zhū bǐ)
朱庇特	(zhū bì tè)
朱德	(zhū dé)
朱迪亞	(zhū dí yà)
朱棣	(zhū dì)
朱粉	(zhū fěn)
朱紱	(zhū fú)
朱高熾	(zhū gāo chì)
朱古力	(zhū gǔ lì)
朱廣滬	(zhū guǎng hù)
朱紅	(zhū hóng)
朱紅燈	(zhū hóng dēng)
朱䴉	(zhū huán)
朱儁	(zhū jùn)
朱鸝	(zhū lí)
朱立倫	(zhū lì lún)
朱利安	(zhū lì ān)
朱利亞尼	(zhū lì yà ní)
朱利婭	(zhū lì yà)
朱莉婭	(zhū lì yà)
朱麗亞	(zhū lì yà)
朱麗葉	(zhū lì yè)
朱鷺	(zhū lù)
朱諾	(zhū nuò)
朱漆	(zhū qī)
朱雀	(zhū què)
朱砂	(zhū shā)
朱溫	(zhū wēn)
朱鵐	(zhū wú)
朱熹	(zhū xī)
朱孝天	(zhū xiào tiān)
朱元璋	(zhū yuán zhāng)
朱雲折檻	(zhū yún zhé jiàn)
朱允炆	(zhū yǔn wén)
朱瞻基	(zhū zhān jī)
朱子	(zhū zǐ)
朱自清	(zhū zì qīng)
侏	(zhū)
侏藍仙鶲	(zhū lán xiān wēng)
侏羅	(zhū luó)
侏羅紀	(zhū luó jì)
侏儒	(zhū rú)
侏儒倉鼠	(zhū rú cāng shǔ)
侏儒症	(zhū rú zhèng)
咮	(zhòu)
株	(zhū)
株距	(zhū jù)
株連	(zhū lián)
株式會社	(zhū shì huì shè)
株守	(zhū shǒu)
株治	(zhū zhì)
株洲市	(zhū zhōu shì)
櫧	(zhū)
櫫	(zhū)
斸	(zhǔ)
主	(zhǔ)
主板	(zhǔ bǎn)
主辦	(zhǔ bàn)
主辦國	(zhǔ bàn guó)
主辦權	(zhǔ bàn quán)
主保聖人	(zhǔ bǎo shèng rén)
主編	(zhǔ biān)
主賓	(zhǔ bīn)
主賓謂	(zhǔ bīn wèi)
主播	(zhǔ bō)
主簿	(zhǔ bù)
主材	(zhǔ cái)
主裁	(zhǔ cái)
主裁判	(zhǔ cái pàn)
主菜	(zhǔ cài)
主場	(zhǔ chǎng)
主唱	(zhǔ chàng)
主車群	(zhǔ chē qún)
主承銷商	(zhǔ chéng xiāo shāng)
主持	(zhǔ chí)
主持人	(zhǔ chí rén)
主廚	(zhǔ chú)
主創	(zhǔ chuàng)
主詞	(zhǔ cí)
主次	(zhǔ cì)
主從	(zhǔ cóng)
主打	(zhǔ dǎ)
主打歌	(zhǔ dǎ gē)
主打品牌	(zhǔ dǎ pǐn pái)
主刀	(zhǔ dāo)
主導	(zhǔ dǎo)
主導權	(zhǔ dǎo quán)
主導性	(zhǔ dǎo xìng)
主禱文	(zhǔ dǎo wén)
主調	(zhǔ diào)
主動	(zhǔ dòng)
主動脈	(zhǔ dòng mài)
主動免疫	(zhǔ dòng miǎn yì)
主動權	(zhǔ dòng quán)
主動收入	(zhǔ dòng shōu rù)
主隊	(zhǔ duì)
主罰	(zhǔ fá)
主法向量	(zhǔ fǎ xiàng liàng)
主犯	(zhǔ fàn)
主峰	(zhǔ fēng)
主婦	(zhǔ fù)
主幹	(zhǔ gàn)
主幹網路	(zhǔ gàn wǎng lù)
主幹網絡	(zhǔ gàn wǎng luò)
主幹線	(zhǔ gàn xiàn)
主格	(zhǔ gé)
主公	(zhǔ gōng)
主攻	(zhǔ gōng)
主顧	(zhǔ gù)
主觀	(zhǔ guān)
主觀主義	(zhǔ guān zhǔ yì)
主管	(zhǔ guǎn)
主管機關	(zhǔ guǎn jī guān)
主管人員	(zhǔ guǎn rén yuán)
主航道	(zhǔ háng dào)
主和派	(zhǔ hé pài)
主和弦	(zhǔ hé xián)
主環	(zhǔ huán)
主機	(zhǔ jī)
主機板	(zhǔ jī bǎn)
主機名	(zhǔ jī míng)
主計	(zhǔ jì)
主計室	(zhǔ jì shì)
主祭	(zhǔ jì)
主見	(zhǔ jiàn)
主將	(zhǔ jiàng)
主講	(zhǔ jiǎng)
主角	(zhǔ jué)
主教	(zhǔ jiào)
主教座堂	(zhǔ jiào zuò táng)
主科	(zhǔ kē)
主理人	(zhǔ lǐ rén)
主力	(zhǔ lì)
主力艦	(zhǔ lì jiàn)
主力軍	(zhǔ lì jūn)
主料	(zhǔ liào)
主流	(zhǔ liú)
主樓	(zhǔ lóu)
主麻	(zhǔ má)
主麻日	(zhǔ má rì)
主謀	(zhǔ móu)
主腦	(zhǔ nǎo)
主品牌	(zhǔ pǐn pái)
主僕	(zhǔ pú)
主球	(zhǔ qiú)
主權	(zhǔ quán)
主權國家	(zhǔ quán guó jiā)
主人	(zhǔ rén)
主人公	(zhǔ rén gōng)
主人翁	(zhǔ rén wēng)
主任	(zhǔ rèn)
主日	(zhǔ rì)
主日學	(zhǔ rì xué)
主食	(zhǔ shí)
主使	(zhǔ shǐ)
主帥	(zhǔ shuài)
主訴	(zhǔ sù)
主題	(zhǔ tí)
主題歌	(zhǔ tí gē)
主題公園	(zhǔ tí gōng yuán)
主題曲	(zhǔ tí qǔ)
主題演講	(zhǔ tí yǎn jiǎng)
主題樂園	(zhǔ tí lè yuán)
主體	(zhǔ tǐ)
主體思想	(zhǔ tǐ sī xiǎng)
主廳	(zhǔ tīng)
主委	(zhǔ wěi)
主謂	(zhǔ wèi)
主謂賓	(zhǔ wèi bīn)
主謂結構	(zhǔ wèi jié gòu)
主謂句	(zhǔ wèi jù)
主席	(zhǔ xí)
主席國	(zhǔ xí guó)
主席臺	(zhǔ xí tái)
主席團	(zhǔ xí tuán)
主嫌	(zhǔ xián)
主顯節	(zhǔ xiǎn jié)
主線	(zhǔ xiàn)
主銷	(zhǔ xiāo)
主心骨	(zhǔ xīn gǔ)
主修	(zhǔ xiū)
主序帶	(zhǔ xù dài)
主序星	(zhǔ xù xīng)
主旋律	(zhǔ xuán lǜ)
主演	(zhǔ yǎn)
主要	(zhǔ yào)
主頁	(zhǔ yè)
主業	(zhǔ yè)
主意	(zhǔ yi)
主義	(zhǔ yì)
主因	(zhǔ yīn)
主音	(zhǔ yīn)
主音吉他	(zhǔ yīn jí tā)
主語	(zhǔ yǔ)
主宰	(zhǔ zǎi)
主宰者	(zhǔ zǎi zhě)
主戰派	(zhǔ zhàn pài)
主張	(zhǔ zhāng)
主掌	(zhǔ zhǎng)
主政	(zhǔ zhèng)
主旨	(zhǔ zhǐ)
主旨演講	(zhǔ zhǐ yǎn jiǎng)
主治醫師	(zhǔ zhì yī shī)
主軸	(zhǔ zhóu)
主軸承	(zhǔ zhóu chéng)
主抓	(zhǔ zhuā)
主子	(zhǔ zi)
主族	(zhǔ zú)
拄	(zhǔ)
拄拐	(zhǔ guǎi)
囑	(zhǔ)
囑咐	(zhǔ fu)
囑託	(zhǔ tuō)
助	(zhù)
助殘	(zhù cán)
助產	(zhù chǎn)
助產士	(zhù chǎn shì)
助長	(zhù zhǎng)
助詞	(zhù cí)
助動車	(zhù dòng chē)
助動詞	(zhù dòng cí)
助攻	(zhù gōng)
助焊劑	(zhù hàn jì)
助記方法	(zhù jì fāng fǎ)
助記符	(zhù jì fú)
助劑	(zhù jì)
助教	(zhù jiào)
助理	(zhù lǐ)
助力	(zhù lì)
助力車	(zhù lì chē)
助眠	(zhù mián)
助農	(zhù nóng)
助跑	(zhù pǎo)
助人	(zhù rén)
助人為快樂之本	(zhù rén wéi kuài lè zhī běn)
助人為樂	(zhù rén wéi lè)
助熔劑	(zhù róng jì)
助手	(zhù shǒu)
助手席	(zhù shǒu xí)
助聽器	(zhù tīng qì)
助推	(zhù tuī)
助推火箭	(zhù tuī huǒ jiàn)
助推器	(zhù tuī qì)
助威	(zhù wēi)
助興	(zhù xìng)
助選	(zhù xuǎn)
助學	(zhù xué)
助學貸款	(zhù xué dài kuǎn)
助學金	(zhù xué jīn)
助一臂之力	(zhù yī bì zhī lì)
助益	(zhù yì)
助戰	(zhù zhàn)
助陣	(zhù zhèn)
助紂為虐	(zhù zhòu wéi nüè)
住	(zhù)
住持	(zhù chí)
住處	(zhù chù)
住地	(zhù dì)
住讀	(zhù dú)
住房	(zhù fáng)
住房和城鄉建設部	(zhù fáng hé chéng xiāng jiàn shè bù)
住海邊	(zhù hǎi biān)
住戶	(zhù hù)
住家	(zhù jiā)
住建部	(zhù jiàn bù)
住腳	(zhù jiǎo)
住居	(zhù jū)
住客	(zhù kè)
住口	(zhù kǒu)
住棚節	(zhù péng jié)
住區	(zhù qū)
住商	(zhù shāng)
住舍	(zhù shè)
住手	(zhù shǒu)
住宿	(zhù sù)
住所	(zhù suǒ)
住校	(zhù xiào)
住友	(zhù yǒu)
住院	(zhù yuàn)
住院部	(zhù yuàn bù)
住院醫師	(zhù yuàn yī shī)
住宅	(zhù zhái)
住宅樓	(zhù zhái lóu)
住宅泡沫	(zhù zhái pào mò)
住宅區	(zhù zhái qū)
住址	(zhù zhǐ)
住嘴	(zhù zuǐ)
佇	(zhù)
佇立	(zhù lì)
佇列	(zhù liè)
杼	(zhù)
壴	(zhù)
柷	(zhù)
柱	(zhù)
柱梁	(zhù liáng)
柱塞	(zhù sāi)
柱身	(zhù shēn)
柱石	(zhù shí)
柱體	(zhù tǐ)
柱頭	(zhù tóu)
柱型圖	(zhù xíng tú)
柱狀圖	(zhù zhuàng tú)
柱子	(zhù zi)
抓	(zhuā)
抓包	(zhuā bāo)
抓辮子	(zhuā biàn zi)
抓餅	(zhuā bǐng)
抓捕	(zhuā bǔ)
抓大放小	(zhuā dà fàng xiǎo)
抓地	(zhuā dì)
抓地力	(zhuā dì lì)
抓耳	(zhuā ěr)
抓耳撓腮	(zhuā ěr náo sāi)
抓飯	(zhuā fàn)
抓哏	(zhuā gén)
抓工夫	(zhuā gōng fu)
抓功夫	(zhuā gōng fu)
抓猴	(zhuā hóu)
抓獲	(zhuā huò)
抓姦	(zhuā jiān)
抓緊	(zhuā jǐn)
抓緊時間	(zhuā jǐn shí jiān)
抓緊學習	(zhuā jǐn xué xí)
抓鬮	(zhuā jiū)
抓舉	(zhuā jǔ)
抓狂	(zhuā kuáng)
抓力	(zhuā lì)
抓馬	(zhuā mǎ)
抓撓	(zhuā nao)
抓拍	(zhuā pāi)
抓嫖	(zhuā piáo)
抓取	(zhuā qǔ)
抓去	(zhuā qù)
抓搔	(zhuā sāo)
抓傷	(zhuā shāng)
抓手	(zhuā shǒu)
抓娃娃機	(zhuā wá wa jī)
抓瞎	(zhuā xiā)
抓小辮子	(zhuā xiǎo biàn zi)
抓癢	(zhuā yǎng)
抓藥	(zhuā yào)
抓賊	(zhuā zéi)
抓周	(zhuā zhōu)
抓住	(zhuā zhù)
抓子兒	(zhuā zǐ r)
抓走	(zhuā zǒu)
拽	(zhuǎi)
拽步	(zhuài bù)
拽姐	(zhuǎi jiě)
專	(zhuān)
專案	(zhuān àn)
專案經理	(zhuān àn jīng lǐ)
專案小組	(zhuān àn xiǎo zǔ)
專案組	(zhuān àn zǔ)
專長	(zhuān cháng)
專場	(zhuān chǎng)
專車	(zhuān chē)
專程	(zhuān chéng)
專遞	(zhuān dì)
專斷	(zhuān duàn)
專訪	(zhuān fǎng)
專攻	(zhuān gōng)
專管	(zhuān guǎn)
專櫃	(zhuān guì)
專橫	(zhuān hèng)
專機	(zhuān jī)
專輯	(zhuān jí)
專家	(zhuān jiā)
專家評價	(zhuān jiā píng jià)
專家評論	(zhuān jiā píng lùn)
專家系統	(zhuān jiā xì tǒng)
專科	(zhuān kē)
專科學校	(zhuān kē xué xiào)
專科院校	(zhuān kē yuàn xiào)
專控	(zhuān kòng)
專款	(zhuān kuǎn)
專欄	(zhuān lán)
專利	(zhuān lì)
專利法	(zhuān lì fǎ)
專利局	(zhuān lì jú)
專利權	(zhuān lì quán)
專利藥品	(zhuān lì yào pǐn)
專列	(zhuān liè)
專賣	(zhuān mài)
專賣店	(zhuān mài diàn)
專美於前	(zhuān měi yú qián)
專門	(zhuān mén)
專門化	(zhuān mén huà)
專門機構	(zhuān mén jī gòu)
專門家	(zhuān mén jiā)
專門列車	(zhuān mén liè chē)
專門人員	(zhuān mén rén yuán)
專名	(zhuān míng)
專名詞	(zhuān míng cí)
專區	(zhuān qū)
專權	(zhuān quán)
專人	(zhuān rén)
專任	(zhuān rèn)
專擅	(zhuān shàn)
專事	(zhuān shì)
專屬	(zhuān shǔ)
專屬經濟區	(zhuān shǔ jīng jì qū)
專碩	(zhuān shuò)
專司	(zhuān sī)
專題	(zhuān tí)
專題報導	(zhuān tí bào dǎo)
專題地圖	(zhuān tí dì tú)
專題片	(zhuān tí piàn)
專線	(zhuān xiàn)
專項	(zhuān xiàng)
專心	(zhuān xīn)
專心一意	(zhuān xīn yī yì)
專心致志	(zhuān xīn zhì zhì)
專業	(zhuān yè)
專業戶	(zhuān yè hù)
專業化	(zhuān yè huà)
專業教育	(zhuān yè jiào yù)
專業人才	(zhuān yè rén cái)
專業人士	(zhuān yè rén shì)
專業性	(zhuān yè xìng)
專一	(zhuān yī)
專意	(zhuān yì)
專營	(zhuān yíng)
專營店	(zhuān yíng diàn)
專用	(zhuān yòng)
專用集成電路	(zhuān yòng jí chéng diàn lù)
專用網路	(zhuān yòng wǎng lù)
專有	(zhuān yǒu)
專有名詞	(zhuān yǒu míng cí)
專員	(zhuān yuán)
專責	(zhuān zé)
專征	(zhuān zhēng)
專政	(zhuān zhèng)
專職	(zhuān zhí)
專制	(zhuān zhì)
專制君主制	(zhuān zhì jūn zhǔ zhì)
專制主義	(zhuān zhì zhǔ yì)
專治	(zhuān zhì)
專注	(zhuān zhù)
專著	(zhuān zhù)
剸	(tuán)
塼	(zhuān)
孨	(zhuǎn)
僎	(zhuàn)
撰	(zhuàn)
撰稿	(zhuàn gǎo)
撰稿人	(zhuàn gǎo rén)
撰錄	(zhuàn lù)
撰擬	(zhuàn nǐ)
撰述	(zhuàn shù)
撰文	(zhuàn wén)
撰寫	(zhuàn xiě)
囀	(zhuàn)
庄	(zhuāng)
庒	(zhuāng)
妝	(zhuāng)
妝扮	(zhuāng bàn)
妝點	(zhuāng diǎn)
妝奩	(zhuāng lián)
妝容	(zhuāng róng)
妝飾	(zhuāng shì)
妝造	(zhuāng zào)
樁	(zhuāng)
樁構棧道	(zhuāng gòu zhàn dào)
樁腳	(zhuāng jiǎo)
樁樁件件	(zhuāng zhuāng jiàn jiàn)
壯	(zhuàng)
壯大	(zhuàng dà)
壯膽	(zhuàng dǎn)
壯丁	(zhuàng dīng)
壯觀	(zhuàng guān)
壯舉	(zhuàng jǔ)
壯闊	(zhuàng kuò)
壯麗	(zhuàng lì)
壯烈	(zhuàng liè)
壯美	(zhuàng měi)
壯年	(zhuàng nián)
壯起膽子	(zhuàng qǐ dǎn zi)
壯實	(zhuàng shi)
壯士	(zhuàng shì)
壯碩	(zhuàng shuò)
壯圍	(zhuàng wéi)
壯圍鄉	(zhuàng wéi xiāng)
壯陽	(zhuàng yáng)
壯語	(zhuàng yǔ)
壯志	(zhuàng zhì)
壯族	(zhuàng zú)
撞	(zhuàng)
撞車	(zhuàng chē)
撞大運	(zhuàng dà yùn)
撞倒	(zhuàng dǎo)
撞鬼	(zhuàng guǐ)
撞毀	(zhuàng huǐ)
撞機	(zhuàng jī)
撞擊	(zhuàng jī)
撞擊坑	(zhuàng jī kēng)
撞擊式打印機	(zhuàng jī shì dǎ yìn jī)
撞擊式印表機	(zhuàng jī shì yìn biǎo jī)
撞見	(zhuàng jiàn)
撞爛	(zhuàng làn)
撞臉	(zhuàng liǎn)
撞騙	(zhuàng piàn)
撞球	(zhuàng qiú)
撞衫	(zhuàng shān)
撞傷	(zhuàng shāng)
撞死	(zhuàng sǐ)
撞鎖	(zhuàng suǒ)
撞運氣	(zhuàng yùn qi)
撞針	(zhuàng zhēn)
戇	(zhuàng)
戇督	(gàng dū)
戇頭戇腦	(gàng tóu gàng nǎo)
椎	(chuí)
椎骨	(zhuī gǔ)
椎間盤	(zhuī jiān pán)
惴	(zhuì)
惴惴不安	(zhuì zhuì bù ān)
墜	(zhuì)
墜海	(zhuì hǎi)
墜胡	(zhuì hú)
墜毀	(zhuì huǐ)
墜機	(zhuì jī)
墜樓	(zhuì lóu)
墜落	(zhuì luò)
墜馬	(zhuì mǎ)
墜琴	(zhuì qín)
墜入	(zhuì rù)
墜入愛河	(zhuì rù ài hé)
墜入情網	(zhuì rù qíng wǎng)
墜飾	(zhuì shì)
墜胎	(zhuì tāi)
墜亡	(zhuì wáng)
墜子	(zhuì zi)
啍	(tūn)
准	(zhǔn)
准格爾旗	(zhǔn gé ěr qí)
准許	(zhǔn xǔ)
准將	(zhǔn jiàng)
准考證	(zhǔn kǎo zhèng)
准入	(zhǔn rù)
准生證	(zhǔn shēng zhèng)
准予	(zhǔn yǔ)
拙	(zhuō)
拙笨	(zhuō bèn)
拙筆	(zhuō bǐ)
拙稿	(zhuō gǎo)
拙見	(zhuō jiàn)
拙荊	(zhuō jīng)
拙劣	(zhuō liè)
拙樸	(zhuō pǔ)
拙澀	(zhuō sè)
拙於言詞	(zhuō yú yán cí)
拙政園	(zhuō zhèng yuán)
拙直	(zhuō zhí)
拙著	(zhuō zhù)
拙嘴笨舌	(zhuō zuǐ bèn shé)
拙作	(zhuō zuò)
捉	(zhuō)
捉捕	(zhuō bǔ)
捉捕器	(zhuō bǔ qì)
捉對	(zhuō duì)
捉獲	(zhuō huò)
捉急	(zhuō jí)
捉姦	(zhuō jiān)
捉襟見肘	(zhuō jīn jiàn zhǒu)
捉迷藏	(zhuō mí cáng)
捉摸	(zhuō mō)
捉摸不定	(zhuō mō bù dìng)
捉拿	(zhuō ná)
捉拿歸案	(zhuō ná guī àn)
捉弄	(zhuō nòng)
捉取	(zhuō qǔ)
捉住	(zhuō zhù)
桌	(zhuō)
桌案	(zhuō àn)
桌布	(zhuō bù)
桌燈	(zhuō dēng)
桌機	(zhuō jī)
桌巾	(zhuō jīn)
桌面	(zhuō miàn)
桌面兒	(zhuō miàn r)
桌面兒上	(zhuō miàn r shàng)
桌球	(zhuō qiú)
桌上型	(zhuō shàng xíng)
桌上型電腦	(zhuō shàng xíng diàn nǎo)
桌椅板凳	(zhuō yǐ bǎn dèng)
桌遊	(zhuō yóu)
桌子	(zhuō zi)
倬	(zhuō)
棁	(zhuō)
棳	(zhuó)
槕	(zhuō)
彴	(zhuó)
卓	(zhuó)
卓別林	(zhuó bié lín)
卓爾不群	(zhuó ěr bù qún)
卓乎不群	(zhuó hū bù qún)
卓絕	(zhuó jué)
卓蘭	(zhuó lán)
卓蘭鎮	(zhuó lán zhèn)
卓尼縣	(zhuó ní xiàn)
卓然	(zhuó rán)
卓識	(zhuó shí)
卓溪	(zhuó xī)
卓溪鄉	(zhuó xī xiāng)
卓異	(zhuó yì)
卓有成效	(zhuó yǒu chéng xiào)
卓越	(zhuó yuè)
卓著	(zhuó zhù)
卓資縣	(zhuó zī xiàn)
叕	(zhuó)
斫	(zhuó)
斫白	(zhuó bái)
斫喪	(zhuó sàng)
斫畬	(zhuó shē)
斫營	(zhuó yíng)
丵	(zhuó)
䓬	(zhuó)
梲	(zhuó)
啄	(zhuó)
啄花鳥	(zhuó huā niǎo)
啄木鳥	(zhuó mù niǎo)
啄食	(zhuó shí)
啄羊鸚鵡	(zhuó yáng yīng wǔ)
啅	(zhào)
斮	(zhuó)
椓	(zhuó)
晫	(zhuó)
斲	(zhuó)
䅵	(zhuó)
擢	(zhuó)
擢第	(zhuó dì)
擢髮難數	(zhuó fà nán shǔ)
擢升	(zhuó shēng)
斵	(zhuó)
櫡	(zhù)
孖	(zī)
孜	(zī)
孜然	(zī rán)
孜然芹	(zī rán qín)
孜孜	(zī zī)
孜孜不倦	(zī zī bù juàn)
孜孜矻矻	(zī zī kū kū)
孜孜以求	(zī zī yǐ qiú)
咨	(zī)
咨嗟	(zī jiē)
咨請	(zī qǐng)
咨文	(zī wén)
咨詢	(zī xún)
姿	(zī)
姿容	(zī róng)
姿色	(zī sè)
姿式	(zī shì)
姿勢	(zī shì)
姿態	(zī tài)
孶	(zī)
嗞	(zī)
嗞啦	(zī lā)
孳	(zī)
孳乳	(zī rǔ)
孳生	(zī shēng)
孳息	(zī xī)
孳孳	(zī zī)
子	(zǐ)
子菜單	(zǐ cài dān)
子層	(zǐ céng)
子產	(zǐ chǎn)
子長市	(zǐ cháng shì)
子承父業	(zǐ chéng fù yè)
子程序	(zǐ chéng xù)
子丑	(zǐ chǒu)
子代	(zǐ dài)
子彈	(zǐ dàn)
子彈火車	(zǐ dàn huǒ chē)
子弟	(zǐ dì)
子癲前症	(zǐ diān qián zhèng)
子兒	(zǐ r)
子房	(zǐ fáng)
子公司	(zǐ gōng sī)
子供向	(zǐ gōng xiàng)
子宮	(zǐ gōng)
子宮壁	(zǐ gōng bì)
子宮環	(zǐ gōng huán)
子宮肌瘤	(zǐ gōng jī liú)
子宮頸	(zǐ gōng jǐng)
子宮頸癌	(zǐ gōng jǐng ái)
子宮頸管	(zǐ gōng jǐng guǎn)
子宮頸抹片	(zǐ gōng jǐng mǒ piàn)
子宮內避孕器	(zǐ gōng nèi bì yùn qì)
子宮內膜異位症	(zǐ gōng nèi mó yì wèi zhèng)
子宮托	(zǐ gōng tuō)
子貢	(zǐ gòng)
子規	(zǐ guī)
子級	(zǐ jí)
子集	(zǐ jí)
子集合	(zǐ jí hé)
子句	(zǐ jù)
子爵	(zǐ jué)
子空間	(zǐ kōng jiān)
子粒	(zǐ lì)
子路	(zǐ lù)
子民	(zǐ mín)
子模型	(zǐ mó xíng)
子母	(zǐ mǔ)
子母彈	(zǐ mǔ dàn)
子母扣	(zǐ mǔ kòu)
子母炮彈	(zǐ mǔ pào dàn)
子母炸彈	(zǐ mǔ zhà dàn)
子目	(zǐ mù)
子目錄	(zǐ mù lù)
子囊菌	(zǐ náng jūn)
子女	(zǐ nǚ)
子品牌	(zǐ pǐn pái)
子群	(zǐ qún)
子實	(zǐ shí)
子嗣	(zǐ sì)
子孫	(zǐ sūn)
子孫娘娘	(zǐ sūn niáng niang)
子網	(zǐ wǎng)
子網屏蔽碼	(zǐ wǎng píng bì mǎ)
子午線	(zǐ wǔ xiàn)
子系統	(zǐ xì tǒng)
子細	(zǐ xì)
子細胞	(zǐ xì bāo)
子虛烏有	(zǐ xū wū yǒu)
子夜	(zǐ yè)
子葉	(zǐ yè)
子音	(zǐ yīn)
子域	(zǐ yù)
子曰	(zǐ yuē)
子洲縣	(zǐ zhōu xiàn)
子豬	(zǐ zhū)
子子孫孫	(zǐ zǐ sūn sūn)
姉	(zǐ)
姊	(zǐ)
姊夫	(zǐ fu)
姊妹	(zǐ mèi)
姊丈	(zǐ zhàng)
姊姊	(zǐ zǐ)
呰	(zǐ)
梓	(zǐ)
梓童	(zǐ tóng)
梓潼縣	(zǐ tóng xiàn)
字	(zì)
字串	(zì chuàn)
字詞	(zì cí)
字典	(zì diǎn)
字調	(zì diào)
字段	(zì duàn)
字符	(zì fú)
字符串	(zì fú chuàn)
字符集	(zì fú jí)
字根	(zì gēn)
字根表	(zì gēn biǎo)
字根通用碼	(zì gēn tōng yòng mǎ)
字號	(zì hao)
字畫	(zì huà)
字彙	(zì huì)
字集	(zì jí)
字跡	(zì jì)
字腳	(zì jiǎo)
字節	(zì jié)
字節數	(zì jié shù)
字句	(zì jù)
字據	(zì jù)
字裡行間	(zì lǐ háng jiān)
字碼	(zì mǎ)
字謎	(zì mí)
字面	(zì miàn)
字母	(zì mǔ)
字母表	(zì mǔ biǎo)
字母詞	(zì mǔ cí)
字母順序	(zì mǔ shùn xù)
字幕	(zì mù)
字首	(zì shǒu)
字書	(zì shū)
字數	(zì shù)
字素	(zì sù)
字體	(zì tǐ)
字條	(zì tiáo)
字帖	(zì tiě)
字帖兒	(zì tiě r)
字頭	(zì tóu)
字圖	(zì tú)
字尾	(zì wěi)
字形	(zì xíng)
字型	(zì xíng)
字眼	(zì yǎn)
字樣	(zì yàng)
字義	(zì yì)
字音	(zì yīn)
字元	(zì yuán)
字元集	(zì yuán jí)
字源	(zì yuán)
字斟句酌	(zì zhēn jù zhuó)
字正腔圓	(zì zhèng qiāng yuán)
字紙簍	(zì zhǐ lǒu)
字重	(zì zhòng)
字字珠璣	(zì zì zhū jī)
字字珠玉	(zì zì zhū yù)
字組	(zì zǔ)
剚	(zì)
恣	(zì)
恣情	(zì qíng)
恣肆	(zì sì)
恣睢	(zì suī)
恣行無忌	(zì xíng wú jì)
恣意	(zì yì)
恣意妄為	(zì yì wàng wéi)
恣欲	(zì yù)
宗	(zōng)
宗祠	(zōng cí)
宗地	(zōng dì)
宗法	(zōng fǎ)
宗匠	(zōng jiàng)
宗教	(zōng jiào)
宗教法庭	(zōng jiào fǎ tíng)
宗教改革	(zōng jiào gǎi gé)
宗教徒	(zōng jiào tú)
宗教團	(zōng jiào tuán)
宗教學	(zōng jiào xué)
宗教儀式	(zōng jiào yí shì)
宗筋	(zōng jīn)
宗喀巴	(zōng kā bā)
宗廟	(zōng miào)
宗派	(zōng pài)
宗派主義	(zōng pài zhǔ yì)
宗聖公	(zōng shèng gōng)
宗聖侯	(zōng shèng hóu)
宗師	(zōng shī)
宗室	(zōng shì)
宗正	(zōng zhèng)
宗旨	(zōng zhǐ)
宗主	(zōng zhǔ)
宗主國	(zōng zhǔ guó)
宗主權	(zōng zhǔ quán)
宗族	(zōng zú)
棕	(zōng)
棕矮星	(zōng ǎi xīng)
棕斑鳩	(zōng bān jiū)
棕背伯勞	(zōng bèi bó láo)
棕背黑頭鶇	(zōng bèi hēi tóu dōng)
棕背田雞	(zōng bèi tián jī)
棕背雪雀	(zōng bèi xuě què)
棕繃	(zōng bēng)
棕編	(zōng biān)
棕草鶥	(zōng cǎo méi)
棕翅鵟鷹	(zōng chì kuáng yīng)
棕墊	(zōng diàn)
棕頂樹鶯	(zōng dǐng shù yīng)
棕額長尾山雀	(zōng é cháng wěi shān què)
棕腹大仙鶲	(zōng fù dà xiān wēng)
棕腹杜鵑	(zōng fù dù juān)
棕腹鵙鶥	(zōng fù jú méi)
棕腹藍仙鶲	(zōng fù lán xiān wēng)
棕腹林鴝	(zōng fù lín qú)
棕腹柳鶯	(zōng fù liǔ yīng)
棕腹樹鵲	(zōng fù shù què)
棕腹隼鵰	(zōng fù sǔn diāo)
棕腹仙鶲	(zōng fù xiān wēng)
棕腹啄木鳥	(zōng fù zhuó mù niǎo)
棕縛	(zōng fù)
棕肛鳳鶥	(zōng gāng fèng méi)
棕褐短翅鶯	(zōng hè duǎn chì yīng)
棕褐色	(zōng hè sè)
棕黑	(zōng hēi)
棕紅	(zōng hóng)
棕喉雀鶥	(zōng hóu què méi)
棕黃	(zōng huáng)
棕頸鉤嘴鶥	(zōng jǐng gōu zuǐ méi)
棕頸犀鳥	(zōng jǐng xī niǎo)
棕頸雪雀	(zōng jǐng xuě què)
棕頸鴨	(zōng jǐng yā)
棕頦噪鶥	(zōng kē zào méi)
棕臉鶲鶯	(zōng liǎn wēng yīng)
棕櫚	(zōng lǘ)
棕櫚襞	(zōng lǘ bì)
棕櫚科	(zōng lǘ kē)
棕櫚屬	(zōng lǘ shǔ)
棕櫚樹	(zōng lǘ shù)
棕櫚油	(zōng lǘ yóu)
棕毛	(zōng máo)
棕眉柳鶯	(zōng méi liǔ yīng)
棕眉山岩鷚	(zōng méi shān yán liù)
棕三趾鶉	(zōng sān zhǐ chún)
棕色	(zōng sè)
棕扇尾鶯	(zōng shàn wěi yīng)
棕繩	(zōng shéng)
棕樹	(zōng shù)
棕藪鴝	(zōng sǒu qú)
棕毯	(zōng tǎn)
棕頭歌鴝	(zōng tóu gē qú)
棕頭鉤嘴鶥	(zōng tóu gōu zuǐ méi)
棕頭鷗	(zōng tóu ōu)
棕頭雀鶥	(zōng tóu què méi)
棕頭鴉雀	(zōng tóu yā què)
棕頭幽鶥	(zōng tóu yōu méi)
棕臀噪鶥	(zōng tún zào méi)
棕尾伯勞	(zōng wěi bó láo)
棕尾褐鶲	(zōng wěi hè wēng)
棕尾虹雉	(zōng wěi hóng zhì)
棕尾鵟	(zōng wěi kuáng)
棕胸佛法僧	(zōng xiōng fó fǎ sēng)
棕胸藍姬鶲	(zōng xiōng lán jī wēng)
棕胸雅鶥	(zōng xiōng yǎ méi)
棕胸岩鷚	(zōng xiōng yán liù)
棕胸竹雞	(zōng xiōng zhú jī)
棕熊	(zōng xióng)
棕夜鷺	(zōng yè lù)
棕雨燕	(zōng yǔ yàn)
棕噪鶥	(zōng zào méi)
棕枕山雀	(zōng zhěn shān què)
棕枝全日	(zōng zhī quán rì)
棕枝主日	(zōng zhī zhǔ rì)
棕朱雀	(zōng zhū què)
椶	(zōng)
䗥	(zōng)
傯	(zǒng)
摠	(zǒng)
掫	(zōu)
棸	(zōu)
奏	(zòu)
奏鳴曲	(zòu míng qǔ)
奏鳴曲式	(zòu míng qǔ shì)
奏帖	(zòu tiě)
奏效	(zòu xiào)
奏樂	(zòu yuè)
奏摺	(zòu zhé)
揍	(zòu)
揍扁	(zòu biǎn)
揍人	(zòu rén)
揍死	(zòu sǐ)
卆	(zú)
卒	(zú)
卒歲	(zú suì)
卒業	(zú yè)
卒中	(cù zhòng)
䘚	(zú)
哫	(zú)
倅	(cuì)
崒	(cuì)
族	(zú)
族長	(zú zhǎng)
族類	(zú lèi)
族滅	(zú miè)
族譜	(zú pǔ)
族權	(zú quán)
族群	(zú qún)
族人	(zú rén)
族裔	(zú yì)
族誅	(zú zhū)
俎	(zǔ)
攥	(zuàn)
攥拳頭	(zuàn quán tou)
厜	(zuī)
朘	(juān)
樶	(zuī)
嘴	(zuǐ)
嘴巴	(zuǐ ba)
嘴巴子	(zuǐ ba zi)
嘴笨	(zuǐ bèn)
嘴不嚴	(zuǐ bù yán)
嘴饞	(zuǐ chán)
嘴敞	(zuǐ chǎng)
嘴唇	(zuǐ chún)
嘴乖	(zuǐ guāi)
嘴尖	(zuǐ jiān)
嘴賤	(zuǐ jiàn)
嘴角	(zuǐ jiǎo)
嘴啃泥	(zuǐ kěn ní)
嘴快	(zuǐ kuài)
嘴快心直	(zuǐ kuài xīn zhí)
嘴牢	(zuǐ láo)
嘴裡	(zuǐ lǐ)
嘴臉	(zuǐ liǎn)
嘴炮	(zuǐ pào)
嘴皮子	(zuǐ pí zi)
嘴瓢	(zuǐ piáo)
嘴欠	(zuǐ qiàn)
嘴琴	(zuǐ qín)
嘴秋	(zuǐ qiū)
嘴軟	(zuǐ ruǎn)
嘴上沒毛，辦事不牢	(zuǐ shàng méi máo , bàn shì bù láo)
嘴鬆	(zuǐ sōng)
嘴碎	(zuǐ suì)
嘴損	(zuǐ sǔn)
嘴套	(zuǐ tào)
嘴替	(zuǐ tì)
嘴甜	(zuǐ tián)
嘴甜心苦	(zuǐ tián xīn kǔ)
嘴穩	(zuǐ wěn)
嘴型	(zuǐ xíng)
嘴嚴	(zuǐ yán)
嘴硬	(zuǐ yìng)
嘴直	(zuǐ zhí)
嘴子	(zuǐ zi)
㝡	(zuì)
最	(zuì)
最初	(zuì chū)
最大公因子	(zuì dà gōng yīn zǐ)
最大公約數	(zuì dà gōng yuē shù)
最大化	(zuì dà huà)
最大似然估計	(zuì dà sì rán gū jì)
最大速率	(zuì dà sù lǜ)
最低潮	(zuì dī cháo)
最低點	(zuì dī diǎn)
最低谷	(zuì dī gǔ)
最低限度	(zuì dī xiàn dù)
最低音	(zuì dī yīn)
最多	(zuì duō)
最高	(zuì gāo)
最高等	(zuì gāo děng)
最高法院	(zuì gāo fǎ yuàn)
最高工資限額	(zuì gāo gōng zī xiàn é)
最高人民法院	(zuì gāo rén mín fǎ yuàn)
最高人民檢察院	(zuì gāo rén mín jiǎn chá yuàn)
最高限額	(zuì gāo xiàn é)
最高音	(zuì gāo yīn)
最好	(zuì hǎo)
最好是	(zuì hǎo shì)
最後	(zuì hòu)
最後的晚餐	(zuì hòu de wǎn cān)
最後期限	(zuì hòu qī xiàn)
最後通牒	(zuì hòu tōng dié)
最後晚餐	(zuì hòu wǎn cān)
最後一天	(zuì hòu yī tiān)
最惠國	(zuì huì guó)
最惠國待遇	(zuì huì guó dài yù)
最佳	(zuì jiā)
最佳化	(zuì jiā huà)
最近	(zuì jìn)
最近幾年	(zuì jìn jǐ nián)
最密堆積	(zuì mì duī jī)
最年長	(zuì nián zhǎng)
最善	(zuì shàn)
最少	(zuì shǎo)
最是	(zuì shì)
最為	(zuì wéi)
最喜愛	(zuì xǐ ài)
最先	(zuì xiān)
最小二乘	(zuì xiǎo èr chéng)
最小二乘法	(zuì xiǎo èr chéng fǎ)
最小公倍數	(zuì xiǎo gōng bèi shù)
最小公分母	(zuì xiǎo gōng fēn mǔ)
最小化	(zuì xiǎo huà)
最小平方法	(zuì xiǎo píng fāng fǎ)
最小值	(zuì xiǎo zhí)
最新	(zuì xīn)
最優	(zuì yōu)
最優化	(zuì yōu huà)
最優解	(zuì yōu jiě)
最遠	(zuì yuǎn)
最終	(zuì zhōng)
最終幻想	(zuì zhōng huàn xiǎng)
槜李	(zuì lǐ)
檇	(zuì)
尊	(zūn)
尊卑	(zūn bēi)
尊長	(zūn zhǎng)
尊稱	(zūn chēng)
尊崇	(zūn chóng)
尊從	(zūn cóng)
尊奉	(zūn fèng)
尊公	(zūn gōng)
尊貴	(zūn guì)
尊號	(zūn hào)
尊駕	(zūn jià)
尊敬	(zūn jìng)
尊君	(zūn jūn)
尊老	(zūn lǎo)
尊老愛幼	(zūn lǎo ài yòu)
尊命	(zūn mìng)
尊親	(zūn qīn)
尊親屬	(zūn qīn shǔ)
尊容	(zūn róng)
尊榮	(zūn róng)
尊尚	(zūn shàng)
尊師	(zūn shī)
尊師愛徒	(zūn shī ài tú)
尊師貴道	(zūn shī guì dào)
尊堂	(zūn táng)
尊翁	(zūn wēng)
尊賢愛物	(zūn xián ài wù)
尊賢使能	(zūn xián shǐ néng)
尊嚴	(zūn yán)
尊意	(zūn yì)
尊魚	(zūn yú)
尊者	(zūn zhě)
尊重	(zūn zhòng)
墫	(dūn)
嶟	(zūn)
樽	(zūn)
樽罍	(zūn léi)
僔	(zǔn)
撙	(zǔn)
噂	(zǔn)
捘	(zùn)
嘬	(chuài)
昨	(zuó)
昨兒	(zuó r)
昨兒個	(zuó r ge)
昨日	(zuó rì)
昨天	(zuó tiān)
昨晚	(zuó wǎn)
昨夜	(zuó yè)
捽	(zuó)
左	(zuǒ)
左岸	(zuǒ àn)
左膀右臂	(zuǒ bǎng yòu bì)
左邊	(zuǒ bian)
左邊兒	(zuǒ bian r)
左不過	(zuǒ bu guò)
左側	(zuǒ cè)
左道惑眾	(zuǒ dào huò zhòng)
左對齊	(zuǒ duì qí)
左舵	(zuǒ duò)
左耳入，右耳出	(zuǒ ěr rù , yòu ěr chū)
左貢縣	(zuǒ gòng xiàn)
左顧右盼	(zuǒ gù yòu pàn)
左箭頭	(zuǒ jiàn tóu)
左箭頭鍵	(zuǒ jiàn tóu jiàn)
左近	(zuǒ jìn)
左口魚	(zuǒ kǒu yú)
左拉	(zuǒ lā)
左聯	(zuǒ lián)
左鄰右舍	(zuǒ lín yòu shè)
左輪手槍	(zuǒ lún shǒu qiāng)
左面	(zuǒ miàn)
左派	(zuǒ pài)
左撇子	(zuǒ piě zi)
左前衛	(zuǒ qián wèi)
左傾	(zuǒ qīng)
左傾機會主義	(zuǒ qīng jī huì zhǔ yì)
左丘明	(zuǒ qiū míng)
左權縣	(zuǒ quán xiàn)
左券	(zuǒ quàn)
左券在握	(zuǒ quàn zài wò)
左嗓子	(zuǒ sǎng zi)
左上	(zuǒ shàng)
左氏春秋	(zuǒ shì chūn qiū)
左手	(zuǒ shǒu)
左首	(zuǒ shǒu)
左思	(zuǒ sī)
左思右想	(zuǒ sī yòu xiǎng)
左袒	(zuǒ tǎn)
左彎右拐	(zuǒ wān yòu guǎi)
左下	(zuǒ xià)
左舷	(zuǒ xián)
左氧氟沙星	(zuǒ yǎng fú shā xīng)
左翼	(zuǒ yì)
左營	(zuǒ yíng)
左營區	(zuǒ yíng qū)
左擁右抱	(zuǒ yōng yòu bào)
左右	(zuǒ yòu)
左右逢源	(zuǒ yòu féng yuán)
左右共利	(zuǒ yòu gòng lì)
左右勾拳	(zuǒ yòu gōu quán)
左右開弓	(zuǒ yòu kāi gōng)
左右兩難	(zuǒ yòu liǎng nán)
左右手	(zuǒ yòu shǒu)
左右袒	(zuǒ yòu tǎn)
左右為難	(zuǒ yòu wéi nán)
左雲縣	(zuǒ yún xiàn)
左支右絀	(zuǒ zhī yòu chù)
左至右	(zuǒ zhì yòu)
左轉	(zuǒ zhuǎn)
左字頭	(zuǒ zì tóu)
左宗棠	(zuǒ zōng táng)
左宗棠雞	(zuǒ zōng táng jī)
佐	(zuǒ)
佐餐	(zuǒ cān)
佐丹奴	(zuǒ dān nú)
佐貳	(zuǒ èr)
佐酒	(zuǒ jiǔ)
佐科威	(zuǒ kē wēi)
佐料	(zuǒ liào)
佐羅	(zuǒ luó)
佐世保	(zuǒ shì bǎo)
佐藤	(zuǒ téng)
佐野	(zuǒ yě)
佐證	(zuǒ zhèng)
佐治亞	(zuǒ zhì yà)
佐佐木	(zuǒ zuǒ mù)
作	(zuò)
作愛	(zuò ài)
作案	(zuò àn)
作罷	(zuò bà)
作伴	(zuò bàn)
作保	(zuò bǎo)
作筆記	(zuò bǐ jì)
作弊	(zuò bì)
作別	(zuò bié)
作出	(zuò chū)
作輟	(zuò chuò)
作答	(zuò dá)
作東	(zuò dōng)
作對	(zuò duì)
作惡	(zuò è)
作廢	(zuò fèi)
作法	(zuò fǎ)
作坊	(zuō fang)
作風	(zuò fēng)
作風正派	(zuò fēng zhèng pài)
作梗	(zuò gěng)
作古	(zuò gǔ)
作怪	(zuò guài)
作好準備	(zuò hǎo zhǔn bèi)
作合	(zuò hé)
作畫	(zuò huà)
作家	(zuò jiā)
作假	(zuò jiǎ)
作姦犯科	(zuò jiān fàn kē)
作繭	(zuò jiǎn)
作繭自縛	(zuò jiǎn zì fù)
作件	(zuò jiàn)
作踐	(zuò jiàn)
作客	(zuò kè)
作料	(zuò liao)
作亂	(zuò luàn)
作馬	(zuò mǎ)
作夢	(zuò mèng)
作鳥獸散	(zuò niǎo shòu sàn)
作孽	(zuò niè)
作弄	(zuò nòng)
作嘔	(zuò ǒu)
作派	(zuò pài)
作陪	(zuò péi)
作品	(zuò pǐn)
作曲	(zuò qǔ)
作曲家	(zuò qǔ jiā)
作曲者	(zuò qǔ zhě)
作人	(zuò rén)
作色	(zuò sè)
作勢	(zuò shì)
作誓	(zuò shì)
作手	(zuò shǒu)
作壽	(zuò shòu)
作數	(zuò shù)
作死	(zuò sǐ)
作祟	(zuò suì)
作態	(zuò tài)
作痛	(zuò tòng)
作威作福	(zuò wēi zuò fú)
作為	(zuò wéi)
作文	(zuò wén)
作物	(zuò wù)
作息	(zuò xī)
作息時間	(zuò xī shí jiān)
作息時間表	(zuò xī shí jiān biǎo)
作下	(zuò xià)
作興	(zuò xīng)
作秀	(zuò xiù)
作妖	(zuò yāo)
作業	(zuò yè)
作業環境	(zuò yè huán jìng)
作業系統	(zuò yè xì tǒng)
作業員	(zuò yè yuán)
作揖	(zuò yī)
作用	(zuò yòng)
作用力	(zuò yòng lì)
作用域	(zuò yòng yù)
作用域鏈	(zuò yòng yù liàn)
作樂	(zuò lè)
作賊	(zuò zéi)
作戰	(zuò zhàn)
作者	(zuò zhě)
作者不詳	(zuò zhě bù xiáng)
作者權	(zuò zhě quán)
作者未詳	(zuò zhě wèi xiáng)
作證	(zuò zhèng)
作證能力	(zuò zhèng néng lì)
作主	(zuò zhǔ)
作準	(zuò zhǔn)
坐	(zuò)
坐班	(zuò bān)
坐班房	(zuò bān fáng)
坐便器	(zuò biàn qì)
坐標	(zuò biāo)
坐不垂堂	(zuò bù chuí táng)
坐廁	(zuò cè)
坐廁墊	(zuò cè diàn)
坐禪	(zuò chán)
坐車	(zuò chē)
坐吃山空	(zuò chī shān kōng)
坐吃享福	(zuò chī xiǎng fú)
坐大	(zuò dà)
坐等	(zuò děng)
坐電梯	(zuò diàn tī)
坐墊	(zuò diàn)
坐定	(zuò dìng)
坐墩	(zuò dūn)
坐而論道	(zuò ér lùn dào)
坐骨	(zuò gǔ)
坐骨神經	(zuò gǔ shén jīng)
坐骨神經痛	(zuò gǔ shén jīng tòng)
坐關	(zuò guān)
坐觀成敗	(zuò guān chéng bài)
坐果	(zuò guǒ)
坐好	(zuò hǎo)
坐化	(zuò huà)
坐駕	(zuò jià)
坐降落傘	(zuò jiàng luò sǎn)
坐井觀天	(zuò jǐng guān tiān)
坐蠟	(zuò là)
坐牢	(zuò láo)
坐冷板凳	(zuò lěng bǎn dèng)
坐立不安	(zuò lì bù ān)
坐立難安	(zuò lì nán ān)
坐龍庭	(zuò lóng tíng)
坐落	(zuò luò)
坐騎	(zuò qí)
坐山觀虎鬥	(zuò shān guān hǔ dòu)
坐商	(zuò shāng)
坐失	(zuò shī)
坐失機宜	(zuò shī jī yí)
坐失良機	(zuò shī liáng jī)
坐實	(zuò shí)
坐視	(zuò shì)
坐視不理	(zuò shì bù lǐ)
坐收漁利	(zuò shōu yú lì)
坐台小姐	(zuò tái xiǎo jiě)
坐臺	(zuò tái)
坐探	(zuò tàn)
坐臥不寧	(zuò wò bù níng)
坐席	(zuò xí)
坐下	(zuò xia)
坐享	(zuò xiǎng)
坐享其成	(zuò xiǎng qí chéng)
坐像	(zuò xiàng)
坐藥	(zuò yào)
坐以待斃	(zuò yǐ dài bì)
坐椅	(zuò yǐ)
坐浴盆	(zuò yù pén)
坐浴桶	(zuò yù tǒng)
坐月子	(zuò yuè zi)
坐鎮	(zuò zhèn)
坐莊	(zuò zhuāng)
坐姿	(zuò zī)
岝	(zuò)
岞	(zuò)
怍	(zuò)
唑	(zuò)
座	(zuò)
座標	(zuò biāo)
座標法	(zuò biāo fǎ)
座標空間	(zuò biāo kōng jiān)
座標系	(zuò biāo xì)
座標軸	(zuò biāo zhóu)
座艙	(zuò cāng)
座車	(zuò chē)
座次	(zuò cì)
座墊	(zuò diàn)
座兒	(zuò r)
座號	(zuò hào)
座機	(zuò jī)
座駕	(zuò jià)
座落	(zuò luò)
座上賓	(zuò shàng bīn)
座上客	(zuò shàng kè)
座生水母	(zuò shēng shuǐ mǔ)
座談	(zuò tán)
座談會	(zuò tán huì)
座堂	(zuò táng)
座頭鯨	(zuò tóu jīng)
座頭市	(zuò tóu shì)
座位	(zuò wèi)
座無虛席	(zuò wú xū xí)
座席	(zuò xí)
座椅	(zuò yǐ)
座椅套子	(zuò yǐ tào zi)
座右銘	(zuò yòu míng)
座鐘	(zuò zhōng)
座子	(zuò zi)
做	(zuò)
做愛	(zuò ài)
做伴	(zuò bàn)
做伴兒	(zuò bàn r)
做不到	(zuò bù dào)
做菜	(zuò cài)
做操	(zuò cāo)
做出	(zuò chū)
做錯	(zuò cuò)
做大	(zuò dà)
做禱告	(zuò dǎo gào)
做到	(zuò dào)
做掉	(zuò diào)
做東	(zuò dōng)
做法	(zuò fǎ)
做飯	(zuò fàn)
做工	(zuò gōng)
做工夫	(zuò gōng fu)
做工作	(zuò gōng zuò)
做功	(zuò gōng)
做功夫	(zuò gōng fu)
做官	(zuò guān)
做鬼	(zuò guǐ)
做鬼臉	(zuò guǐ liǎn)
做好做歹	(zuò hǎo zuò dǎi)
做活	(zuò huó)
做活兒	(zuò huó r)
做雞	(zuò jī)
做舊	(zuò jiù)
做局	(zuò jú)
做絕	(zuò jué)
做客	(zuò kè)
做空	(zuò kōng)
做禮拜	(zuò lǐ bài)
做臉	(zuò liǎn)
做買賣	(zuò mǎi mài)
做滿月	(zuò mǎn yuè)
做眉做眼	(zuò méi zuò yǎn)
做媒	(zuò méi)
做夢	(zuò mèng)
做牛做馬	(zuò niú zuò mǎ)
做派	(zuò pài)
做親	(zuò qīn)
做球	(zuò qiú)
做人	(zuò rén)
做人家	(zuò rén jiā)
做人情	(zuò rén qíng)
做生活	(zuò shēng huó)
做生日	(zuò shēng rì)
做生意	(zuò shēng yì)
做聲	(zuò shēng)
做市商	(zuò shì shāng)
做事	(zuò shì)
做手	(zuò shǒu)
做手腳	(zuò shǒu jiǎo)
做壽	(zuò shòu)
做廳長	(zuò tīng zhǎng)
做完	(zuò wán)
做為	(zuò wéi)
做文章	(zuò wén zhāng)
做戲	(zuò xì)
做小	(zuò xiǎo)
做小抄	(zuò xiǎo chāo)
做學問	(zuò xué wèn)
做鴨	(zuò yā)
做眼	(zuò yǎn)
做眼色	(zuò yǎn sè)
做一天和尚撞一天鐘	(zuò yī tiān hé shang zhuàng yī tiān zhōng)
做賊心虛	(zuò zéi xīn xū)
做張做勢	(zuò zhāng zuò shì)
做張做智	(zuò zhāng zuò zhì)
做帳	(zuò zhàng)
做賬	(zuò zhàng)
做針線	(zuò zhēn xiàn)
做證	(zuò zhèng)
做主	(zuò zhǔ)
做莊	(zuò zhuāng)
做準備工作	(zuò zhǔn bèi gōng zuò)
做自己	(zuò zì jǐ)
做作	(zuò zuo)
咗	(zuǒ)
㒺	(wǎng)
䦉	(sì)
