11区	(11 qū)
4S店	(sì s diàn)
502胶	(wǔ líng èr jiāo)
95后	(jiǔ wǔ hòu)
AA制	(aa zhì)
AB制	(a b zhì)
A菜	(a cài)
A货	(a huò)
A咖	(a kā)
A片	(a piàn)
A圈儿	(a quān r)
BP机	(bp jī)
B超	(b chāo)
B格	(bī gé)
B型超声	(b xíng chāo shēng)
B站	(b zhàn)
CP值	(cp zhí)
C罗	(c luó)
C盘	(c pán)
C位	(c wèi)
DNA鉴定	(d n a jiàn dìng)
e人	(e rén)
E仔	(e zǎi)
G点	(g diǎn)
G弦裤	(g xián kù)
H桥	(h qiáo)
IP剧	(i p jù)
i人	(i rén)
JK制服	(j k zhì fú)
K房	(k fáng)
K粉	(k fěn)
K歌	(k gē)
K人	(k rén)
K书	(k shū)
K他命	(k tā mìng)
K线	(k xiàn)
K线图	(k xiàn tú)
K仔	(k zǎi)
L照	(l zhào)
M巾	(m jīn)
NG镜头	(n g jìng tóu)
NG片段	(n g piàn duàn)
N挡	(n dǎng)
N久	(n jiǔ)
OK绷	(ok bēng)
OK镜	(o k jìng)
O型腿	(o xíng tuǐ)
PA部	(p a bù)
PO文	(pō wén)
P挡	(p dǎng)
P民	(p mín)
P图	(p tú)
QR扣	(q r kòu)
Q弹	(q tán)
Q劲	(q jìn)
TF卡	(t f kǎ)
Tony老师	(t o n y lǎo shī)
T台	(t tái)
T型台	(t xíng tái)
T裇	(t xù)
T恤	(t xù)
T字裤	(t zì kù)
T字帐	(t zì zhàng)
UP主	(u p zhǔ)
USB手指	(u s b shǒu zhǐ)
U盾	(u dùn)
U盘	(u pán)
U凸内裤	(u tū nèi kù)
U形转弯	(u xíng zhuǎn wān)
U型池	(u xíng chí)
U型枕	(u xíng zhěn)
V沟	(v gōu)
word姐	(w o r d jiě)
X光	(x guāng)
Z世代	(z shì dài)
吖丁啶	(ā dīng dìng)
吖啶	(ā dìng)
吖嗪	(ā qín)
嗄	(shà)
啊	(à)
啊呀	(ā yā)
啊哟	(ā yo)
哎	(āi)
哎呀	(āi yā)
哎哟	(āi yō)
哎唷	(āi yō)
哎呦	(āi yōu)
哀	(āi)
哀兵必胜	(āi bīng bì shèng)
哀愁	(āi chóu)
哀词	(āi cí)
哀辞	(āi cí)
哀悼	(āi dào)
哀的美敦书	(āi dì měi dūn shū)
哀而不伤	(āi ér bù shāng)
哀告	(āi gào)
哀告宾服	(āi gào bīn fú)
哀歌	(āi gē)
哀嚎	(āi háo)
哀号	(āi háo)
哀鸿遍野	(āi hóng biàn yě)
哀毁骨立	(āi huǐ gǔ lì)
哀家	(āi jiā)
哀江南赋	(āi jiāng nán fù)
哀矜	(āi jīn)
哀哭	(āi kū)
哀乐	(āi yuè)
哀怜	(āi lián)
哀悯	(āi mǐn)
哀鸣	(āi míng)
哀莫大于心死	(āi mò dà yú xīn sǐ)
哀平	(āi píng)
哀戚	(āi qī)
哀启	(āi qǐ)
哀泣	(āi qì)
哀求	(āi qiú)
哀劝	(āi quàn)
哀荣	(āi róng)
哀伤	(āi shāng)
哀失	(āi shī)
哀思	(āi sī)
哀叹	(āi tàn)
哀恸	(āi tòng)
哀痛	(āi tòng)
哀婉	(āi wǎn)
哀艳	(āi yàn)
哀怨	(āi yuàn)
哀子	(āi zǐ)
埃	(āi)
埃奥罗斯	(āi ào luó sī)
埃博拉	(āi bó lā)
埃博拉病毒	(āi bó lā bìng dú)
埃布罗	(āi bù luó)
埃布罗河	(āi bù luó hé)
埃德加	(āi dé jiā)
埃德加·爱伦·坡	(āi dé jiā · ài lún · pō)
埃德蒙	(āi dé méng)
埃德蒙·伯克	(āi dé méng · bó kè)
埃德蒙顿	(āi dé méng dùn)
埃迪卡拉	(āi dí kǎ lā)
埃迪卡拉纪	(āi dí kǎ lā jì)
埃尔福特	(āi ěr fú tè)
埃尔朗根	(āi ěr lǎng gēn)
埃尔朗根纲领	(āi ěr lǎng gēn gāng lǐng)
埃尔南德斯	(āi ěr nán dé sī)
埃尔帕索	(āi ěr pà suǒ)
埃尔维斯·普雷斯利	(āi ěr wéi sī · pǔ léi sī lì)
埃菲尔铁塔	(āi fēi ěr tiě tǎ)
埃夫伯里	(āi fū bó lǐ)
埃弗顿	(āi fú dùn)
埃格尔松	(āi gé ěr sōng)
埃及	(āi jí)
埃及豆	(āi jí dòu)
埃及古物学	(āi jí gǔ wù xué)
埃及学	(āi jí xué)
埃及夜鹰	(āi jí yè yīng)
埃加迪群岛	(āi jiā dí qún dǎo)
埃克托	(āi kè tuō)
埃克托·柏辽兹	(āi kè tuō · bó liáo zī)
埃拉特	(āi lā tè)
埃拉托斯特尼	(āi lā tuō sī tè ní)
埃蕾	(āi lěi)
埃里温	(āi lǐ wēn)
埃利斯岛	(āi lì sī dǎo)
埃琳娜	(āi lín nà)
埃隆·马斯克	(āi lóng · mǎ sī kè)
埃曼塔	(āi màn tǎ)
埃米	(āi mǐ)
埃米尔	(āi mǐ ěr)
埃涅阿斯	(āi niè ā sī)
埃涅阿斯纪	(āi niè ā sī jì)
埃塞	(āi sài)
埃塞俄比亚	(āi sài é bǐ yà)
埃塞俄比亚界	(āi sài é bǐ yà jiè)
埃森	(āi sēn)
埃森纳赫	(āi sēn nà hè)
埃森哲	(āi sēn zhé)
埃斯库多	(āi sī kù duō)
埃斯库罗斯	(āi sī kù luó sī)
埃斯特哈齐	(āi sī tè hā qí)
埃斯特朗	(āi sī tè lǎng)
埃塔	(āi tǎ)
埃特纳火山	(āi tè nà huǒ shān)
埃文	(āi wén)
埃文河畔斯特拉特福	(āi wén hé pàn sī tè lā tè fú)
埃文斯	(āi wén sī)
埃叙	(āi xù)
埃因霍温	(āi yīn huò wēn)
挨	(ái)
挨板子	(ái bǎn zi)
挨边	(āi biān)
挨边儿	(āi biān r)
挨不上	(āi bù shàng)
挨擦	(āi cā)
挨呲儿	(ái cī r)
挨次	(āi cì)
挨打	(ái dǎ)
挨打受骂	(ái dǎ shòu mà)
挨打受气	(ái dǎ shòu qì)
挨斗	(ái dòu)
挨饿	(ái è)
挨饿受冻	(ái è shòu dòng)
挨罚	(ái fá)
挨个	(āi gè)
挨个儿	(āi gè r)
挨户	(āi hù)
挨饥抵饿	(ái jī dǐ è)
挨挤	(ái jǐ)
挨家	(āi jiā)
挨家挨户	(āi jiā āi hù)
挨肩擦背	(āi jiān cā bèi)
挨肩儿	(āi jiān r)
挨近	(āi jìn)
挨剋	(ái kēi)
挨骂	(ái mà)
挨门	(āi mén)
挨批	(ái pī)
挨时间	(ái shí jiān)
挨说	(ái shuō)
挨踢	(āi tī)
挨头子	(ái tóu zi)
挨延	(ái yán)
挨宰	(ái zǎi)
挨着	(āi zhe)
挨整	(ái zhěng)
挨揍	(ái zòu)
唉	(āi)
唉唉	(āi āi)
唉姐	(āi jiě)
唉声叹气	(āi shēng tàn qì)
欸	(èi)
欸乃	(ǎi nǎi)
捱	(ái)
啀	(ái)
毐	(ǎi)
嗳	(ǎi)
嗳腐	(ǎi fǔ)
嗳腐吞酸	(ǎi fǔ tūn suān)
嗳气	(ǎi qì)
嗳气腐臭	(ǎi qì fǔ chòu)
嗳气呕逆	(ǎi qì ǒu nì)
嗳气酸腐	(ǎi qì suān fǔ)
嗳气吞酸	(ǎi qì tūn suān)
嗳酸	(ǎi suān)
㤅	(ài)
爱	(ài)
爱爱	(ài ai)
爱奥华	(ài ào huá)
爱奥尼亚海	(ài ào ní yà hǎi)
爱彼迎	(ài bǐ yíng)
爱别离苦	(ài bié lí kǔ)
爱不忍释	(ài bù rěn shì)
爱不释手	(ài bù shì shǒu)
爱才	(ài cái)
爱才若渴	(ài cái ruò kě)
爱财	(ài cái)
爱财如命	(ài cái rú mìng)
爱巢	(ài cháo)
爱称	(ài chēng)
爱词霸	(ài cí bà)
爱达荷	(ài dá hé)
爱戴	(ài dài)
爱得死去活来	(ài de sǐ qù huó lái)
爱德	(ài dé)
爱德华	(ài dé huá)
爱德华·达拉第	(ài dé huá · dá lā dì)
爱德华岛	(ài dé huá dǎo)
爱德华王子岛	(ài dé huá wáng zǐ dǎo)
爱德华兹	(ài dé huá zī)
爱德玲	(ài dé líng)
爱德蒙	(ài dé méng)
爱德斯沃尔	(ài dé sī wò ěr)
爱迪生	(ài dí shēng)
爱丁堡	(ài dīng bǎo)
爱豆	(ài dòu)
爱尔兰	(ài ěr lán)
爱尔兰共和国	(ài ěr lán gòng hé guó)
爱尔兰共和军	(ài ěr lán gòng hé jūn)
爱尔兰海	(ài ěr lán hǎi)
爱尔兰人	(ài ěr lán rén)
爱尔兰语	(ài ěr lán yǔ)
爱耳日	(ài ěr rì)
爱疯	(ài fēng)
爱抚	(ài fǔ)
爱岗敬业	(ài gǎng jìng yè)
爱港	(ài gǎng)
爱国	(ài guó)
爱国如家	(ài guó rú jiā)
爱国卫生运动委员会	(ài guó wèi shēng yùn dòng wěi yuán huì)
爱国者	(ài guó zhě)
爱国主义	(ài guó zhǔ yì)
爱好	(ài hào)
爱好者	(ài hào zhě)
爱河	(ài hé)
爱荷华	(ài hé huá)
爱恨交加	(ài hèn jiāo jiā)
爱恨交织	(ài hèn jiāo zhī)
爱护	(ài hù)
爱辉区	(ài huī qū)
爱将	(ài jiàng)
爱经	(ài jīng)
爱克斯光	(ài kè sī guāng)
爱克斯射线	(ài kè sī shè xiàn)
爱哭鬼	(ài kū guǐ)
爱乐	(ài yuè)
爱乐乐团	(ài yuè yuè tuán)
爱理不理	(ài lǐ bù lǐ)
爱立信	(ài lì xìn)
爱丽舍宫	(ài lì shè gōng)
爱丽丝	(ài lì sī)
爱丽丝漫游奇境记	(ài lì sī màn yóu qí jìng jì)
爱丽丝泉	(ài lì sī quán)
爱丽斯泉	(ài lì sī quán)
爱莉丝	(ài lì sī)
爱怜	(ài lián)
爱恋	(ài liàn)
爱留根纳	(ài liú gēn nà)
爱罗先珂	(ài luó xiān kē)
爱侣	(ài lǚ)
爱马仕	(ài mǎ shì)
爱玛	(ài mǎ)
爱玛·沃特森	(ài mǎ · wò tè sēn)
爱美	(ài měi)
爱美之心，人皆有之	(ài měi zhī xīn , rén jiē yǒu zhī)
爱面子	(ài miàn zi)
爱民区	(ài mín qū)
爱民如子	(ài mín rú zǐ)
爱莫利维尔	(ài mò lì wéi ěr)
爱莫能助	(ài mò néng zhù)
爱默生	(ài mò shēng)
爱慕	(ài mù)
爱慕虚荣	(ài mù xū róng)
爱昵	(ài nì)
爱漂亮	(ài piào liang)
爱普生	(ài pǔ shēng)
爱琴海	(ài qín hǎi)
爱情	(ài qíng)
爱情片	(ài qíng piàn)
爱情喜剧	(ài qíng xǐ jù)
爱犬	(ài quǎn)
爱人	(ài ren)
爱人如己	(ài rén rú jǐ)
爱沙尼亚	(ài shā ní yà)
爱上	(ài shàng)
爱谁谁	(ài shéi shéi)
爱神	(ài shén)
爱斯基摩	(ài sī jī mó)
爱死病	(ài sǐ bìng)
爱晚亭	(ài wǎn tíng)
爱维养	(ài wéi yǎng)
爱卫会	(ài wèi huì)
爱问	(ài wèn)
爱窝窝	(ài wō wo)
爱屋及乌	(ài wū jí wū)
爱惜	(ài xī)
爱惜羽毛	(ài xī yǔ máo)
爱现	(ài xiàn)
爱心	(ài xīn)
爱心伞	(ài xīn sǎn)
爱新觉罗	(ài xīn jué luó)
爱意	(ài yì)
爱因斯坦	(ài yīn sī tǎn)
爱优腾	(ài yōu téng)
爱玉冰	(ài yù bīng)
爱玉子	(ài yù zǐ)
爱憎	(ài zēng)
爱憎分明	(ài zēng fēn míng)
爱之如命	(ài zhī rú mìng)
爱知	(ài zhī)
爱滋	(ài zī)
爱滋病	(ài zī bìng)
爱滋病毒	(ài zī bìng dú)
爱子	(ài zǐ)
嗌	(ài)
嫒	(ài)
暧	(ài)
暧昧	(ài mèi)
暧昧关系	(ài mèi guān xì)
僾	(ài)
壒	(ài)
安	(ān)
安安	(ān ān)
安邦	(ān bāng)
安邦定国	(ān bāng dìng guó)
安保	(ān bǎo)
安倍	(ān bèi)
安步当车	(ān bù dàng chē)
安瓿	(ān bù)
安瓿瓶	(ān bù píng)
安插	(ān chā)
安次区	(ān cì qū)
安达曼岛	(ān dá màn dǎo)
安达曼海	(ān dá màn hǎi)
安达曼群岛	(ān dá màn qún dǎo)
安达仕	(ān dá shì)
安达市	(ān dá shì)
安打	(ān dǎ)
安大略湖	(ān dà lüè hú)
安大略省	(ān dà lüè shěng)
安道尔	(ān dào ěr)
安道尔城	(ān dào ěr chéng)
安道尔共和国	(ān dào ěr gòng hé guó)
安得	(ān dé)
安得拉邦	(ān dé lā bāng)
安德肋	(ān dé lèi)
安德烈	(ān dé liè)
安德鲁	(ān dé lǔ)
安地卡及巴布达	(ān dì kǎ jí bā bù dá)
安地斯	(ān dì sī)
安抵	(ān dǐ)
安第斯山脉	(ān dì sī shān mài)
安定	(ān dìng)
安定化	(ān dìng huà)
安定门	(ān dìng mén)
安定器	(ān dìng qì)
安定区	(ān dìng qū)
安定时间	(ān dìng shí jiān)
安东尼	(ān dōng ní)
安顿	(ān dùn)
安多芬	(ān duō fēn)
安多县	(ān duō xiàn)
安放	(ān fàng)
安非他明	(ān fēi tā míng)
安非他命	(ān fēi tā mìng)
安分	(ān fèn)
安分守己	(ān fèn shǒu jǐ)
安福县	(ān fú xiàn)
安抚	(ān fǔ)
安抚奶嘴	(ān fǔ nǎi zuǐ)
安富恤贫	(ān fù xù pín)
安富恤穷	(ān fù xù qióng)
安富尊荣	(ān fù zūn róng)
安哥拉	(ān gē lā)
安格尔	(ān gé ěr)
安格斯	(ān gé sī)
安格斯牛	(ān gé sī niú)
安圭拉	(ān guī lā)
安国市	(ān guó shì)
安好	(ān hǎo)
安好心	(ān hǎo xīn)
安化县	(ān huà xiàn)
安徽大学	(ān huī dà xué)
安徽省	(ān huī shěng)
安魂弥撒	(ān hún mí sa)
安吉尔	(ān jí ěr)
安吉县	(ān jí xiàn)
安吉星	(ān jí xīng)
安家	(ān jiā)
安家立业	(ān jiā lì yè)
安家落户	(ān jiā luò hù)
安检	(ān jiǎn)
安捷伦科技	(ān jié lún kē jì)
安静	(ān jìng)
安居	(ān jū)
安居工程	(ān jū gōng chéng)
安居乐业	(ān jū lè yè)
安居区	(ān jū qū)
安卡拉	(ān kǎ lā)
安康	(ān kāng)
安康市	(ān kāng shì)
安可	(ān kě)
安克拉治	(ān kè lā zhì)
安克雷奇	(ān kè léi qí)
安拉	(ān lā)
安老院	(ān lǎo yuàn)
安乐	(ān lè)
安乐区	(ān lè qū)
安乐死	(ān lè sǐ)
安乐窝	(ān lè wō)
安乐椅	(ān lè yǐ)
安理会	(ān lǐ huì)
安利	(ān lì)
安联	(ān lián)
安龙县	(ān lóng xiàn)
安陆市	(ān lù shì)
安禄山	(ān lù shān)
安曼	(ān màn)
安谧	(ān mì)
安眠	(ān mián)
安眠酮	(ān mián tóng)
安眠药	(ān mián yào)
安民告示	(ān mín gào shì)
安纳波利斯	(ān nà bō lì sī)
安纳托利亚	(ān nà tuō lì yà)
安娜	(ān nà)
安娜·卡列尼娜	(ān nà · kǎ liè ní nà)
安乃近	(ān nǎi jìn)
安南	(ān nán)
安南区	(ān nán qū)
安南山脉	(ān nán shān mài)
安难	(ān nàn)
安妮	(ān nī)
安宁	(ān níng)
安宁病房	(ān níng bìng fáng)
安宁片	(ān níng piàn)
安宁区	(ān níng qū)
安宁市	(ān níng shì)
安排	(ān pái)
安培	(ān péi)
安培表	(ān péi biǎo)
安培计	(ān péi jì)
安培小时	(ān péi xiǎo shí)
安贫乐道	(ān pín lè dào)
安平区	(ān píng qū)
安平县	(ān píng xiàn)
安瓶	(ān píng)
安琪儿	(ān qí ér)
安亲班	(ān qīn bān)
安寝	(ān qǐn)
安庆市	(ān qìng shì)
安丘市	(ān qiū shì)
安全	(ān quán)
安全掣	(ān quán chè)
安全词	(ān quán cí)
安全措施	(ān quán cuò shī)
安全带	(ān quán dài)
安全岛	(ān quán dǎo)
安全灯	(ān quán dēng)
安全阀	(ān quán fá)
安全感	(ān quán gǎn)
安全港	(ān quán gǎng)
安全局	(ān quán jú)
安全考虑	(ān quán kǎo lǜ)
安全壳	(ān quán ké)
安全裤	(ān quán kù)
安全理事会	(ān quán lǐ shì huì)
安全帽	(ān quán mào)
安全期	(ān quán qī)
安全气囊	(ān quán qì náng)
安全套	(ān quán tào)
安全网	(ān quán wǎng)
安全问题	(ān quán wèn tí)
安全无事	(ān quán wú shì)
安全无虞	(ān quán wú yú)
安全性	(ān quán xìng)
安全眼罩	(ān quán yǎn zhào)
安然	(ān rán)
安然无恙	(ān rán wú yàng)
安人	(ān rén)
安仁县	(ān rén xiàn)
安如磐石	(ān rú pán shí)
安如泰山	(ān rú tài shān)
安塞区	(ān sài qū)
安赛蜜	(ān sài mì)
安山岩	(ān shān yán)
安设	(ān shè)
安身	(ān shēn)
安身立命	(ān shēn lì mìng)
安神	(ān shén)
安生	(ān shēng)
安石榴	(ān shí liú)
安时	(ān shí)
安史之乱	(ān shǐ zhī luàn)
安士	(ān shì)
安适	(ān shì)
安舒	(ān shū)
安顺市	(ān shùn shì)
安塔那那利佛	(ān tǎ nà nà lì fó)
安太岁	(ān tài suì)
安泰	(ān tài)
安特卫普	(ān tè wèi pǔ)
安提法	(ān tí fǎ)
安提瓜岛	(ān tí guā dǎo)
安提瓜和巴布达	(ān tí guā hé bā bù dá)
安替比林	(ān tì bǐ lín)
安图县	(ān tú xiàn)
安徒生	(ān tú shēng)
安土重迁	(ān tǔ zhòng qiān)
安瓦尔	(ān wǎ ěr)
安危	(ān wēi)
安慰	(ān wèi)
安慰剂	(ān wèi jì)
安慰奖	(ān wèi jiǎng)
安稳	(ān wěn)
安息	(ān xī)
安息国	(ān xī guó)
安息茴香	(ān xī huí xiāng)
安息日	(ān xī rì)
安息香	(ān xī xiāng)
安息香科	(ān xī xiāng kē)
安息香属	(ān xī xiāng shǔ)
安息香脂	(ān xī xiāng zhī)
安溪县	(ān xī xiàn)
安闲	(ān xián)
安闲舒适	(ān xián shū shì)
安闲随意	(ān xián suí yì)
安闲自得	(ān xián zì dé)
安闲自在	(ān xián zì zai)
安乡县	(ān xiāng xiàn)
安详	(ān xiáng)
安祥	(ān xiáng)
安歇	(ān xiē)
安心	(ān xīn)
安新县	(ān xīn xiàn)
安阳市	(ān yáng shì)
安阳县	(ān yáng xiàn)
安养	(ān yǎng)
安养院	(ān yǎng yuàn)
安义县	(ān yì xiàn)
安逸	(ān yì)
安营	(ān yíng)
安营扎寨	(ān yíng zhā zhài)
安于	(ān yú)
安于现状	(ān yú xiàn zhuàng)
安源区	(ān yuán qū)
安远县	(ān yuǎn xiàn)
安岳县	(ān yuè xiàn)
安匝	(ān zā)
安葬	(ān zàng)
安泽县	(ān zé xiàn)
安贞	(ān zhēn)
安枕	(ān zhěn)
安之若素	(ān zhī ruò sù)
安置	(ān zhì)
安州区	(ān zhōu qū)
安装	(ān zhuāng)
安装包	(ān zhuāng bāo)
安卓	(ān zhuó)
安祖花	(ān zǔ huā)
桉	(ān)
桉树	(ān shù)
桉叶油	(ān yè yóu)
庵	(ān)
庵堂	(ān táng)
啽	(án)
媕	(ān)
媕婀	(ān ē)
垵	(ǎn)
埯	(ǎn)
唵	(ǎn)
唵嘛呢叭咪吽	(ǎn má ní bā mī hōng)
揞	(ǎn)
岸	(àn)
岸边	(àn biān)
岸标	(àn biāo)
岸然	(àn rán)
岸上	(àn shàng)
按	(àn)
按兵不动	(àn bīng bù dòng)
按步就班	(àn bù jiù bān)
按部就班	(àn bù jiù bān)
按察	(àn chá)
按季	(àn jì)
按键	(àn jiàn)
按键音	(àn jiàn yīn)
按揭	(àn jiē)
按扣	(àn kòu)
按劳分配	(àn láo fēn pèi)
按理	(àn lǐ)
按理说	(àn lǐ shuō)
按立	(àn lì)
按脉	(àn mài)
按摩	(àn mó)
按摩棒	(àn mó bàng)
按摩师	(àn mó shī)
按摩浴缸	(àn mó yù gāng)
按纳	(àn nà)
按捺	(àn nà)
按捺不住	(àn nà bu zhù)
按钮	(àn niǔ)
按期	(àn qī)
按跷	(àn qiāo)
按日	(àn rì)
按时	(àn shí)
按时间先后	(àn shí jiān xiān hòu)
按手礼	(àn shǒu lǐ)
按说	(àn shuō)
按天	(àn tiān)
按图索骥	(àn tú suǒ jì)
按蚊	(àn wén)
按下	(àn xià)
按下葫芦浮起瓢	(àn xià hú lú fú qǐ piáo)
按需	(àn xū)
按需出版	(àn xū chū bǎn)
按需分配	(àn xū fēn pèi)
按压	(àn yā)
按语	(àn yǔ)
按月	(àn yuè)
按赞	(àn zàn)
按照	(àn zhào)
按诊	(àn zhěn)
案	(àn)
案板	(àn bǎn)
案兵束甲	(àn bīng shù jiǎ)
案称	(àn chèng)
案秤	(àn chèng)
案底	(àn dǐ)
案牍	(àn dú)
案发	(àn fā)
案发现场	(àn fā xiàn chǎng)
案甲休兵	(àn jiǎ xiū bīng)
案件	(àn jiàn)
案卷	(àn juàn)
案例	(àn lì)
案例法	(àn lì fǎ)
案情	(àn qíng)
案头	(àn tóu)
案文	(àn wén)
案验	(àn yàn)
案由	(àn yóu)
案语	(àn yǔ)
案子	(àn zi)
暗	(àn)
暗暗	(àn àn)
暗堡	(àn bǎo)
暗背雨燕	(àn bèi yǔ yàn)
暗藏	(àn cáng)
暗娼	(àn chāng)
暗潮	(àn cháo)
暗处	(àn chù)
暗疮	(àn chuāng)
暗袋	(àn dài)
暗淡	(àn dàn)
暗道	(àn dào)
暗地	(àn dì)
暗地里	(àn dì li)
暗疔	(àn dīng)
暗渡陈仓	(àn dù chén cāng)
暗煅	(àn duàn)
暗房	(àn fáng)
暗访	(àn fǎng)
暗腹雪鸡	(àn fù xuě jī)
暗公鸟	(àn gōng niǎo)
暗沟	(àn gōu)
暗光鸟	(àn guāng niǎo)
暗害	(àn hài)
暗含	(àn hán)
暗号	(àn hào)
暗合	(àn hé)
暗河	(àn hé)
暗盒	(àn hé)
暗黑	(àn hēi)
暗黑破坏神	(àn hēi pò huài shén)
暗花儿	(àn huā r)
暗灰鹃鵙	(àn huī juān jú)
暗疾	(àn jí)
暗记	(àn jì)
暗记儿	(àn jì r)
暗间儿	(àn jiān r)
暗箭	(àn jiàn)
暗礁	(àn jiāo)
暗经	(àn jīng)
暗井	(àn jǐng)
暗扣	(àn kòu)
暗亏	(àn kuī)
暗里	(àn li)
暗恋	(àn liàn)
暗流	(àn liú)
暗鹭	(àn lù)
暗绿背鸬鹚	(àn lǜ bèi lú cí)
暗绿柳莺	(àn lǜ liǔ yīng)
暗绿绣眼鸟	(àn lǜ xiù yǎn niǎo)
暗骂	(àn mà)
暗昧	(àn mèi)
暗冕鹪莺	(àn miǎn jiāo yīng)
暗能量	(àn néng liàng)
暗器	(àn qì)
暗渠	(àn qú)
暗色鸦雀	(àn sè yā què)
暗杀	(àn shā)
暗沙	(àn shā)
暗伤	(àn shāng)
暗哨	(àn shào)
暗哨儿	(àn shào r)
暗示	(àn shì)
暗适应	(àn shì yìng)
暗室	(àn shì)
暗爽	(àn shuǎng)
暗送秋波	(àn sòng qiū bō)
暗算	(àn suàn)
暗锁	(àn suǒ)
暗滩	(àn tān)
暗探	(àn tàn)
暗网	(àn wǎng)
暗无天日	(àn wú tiān rì)
暗物质	(àn wù zhì)
暗喜	(àn xǐ)
暗线光谱	(àn xiàn guāng pǔ)
暗香	(àn xiāng)
暗箱	(àn xiāng)
暗箱操作	(àn xiāng cāo zuò)
暗想	(àn xiǎng)
暗笑	(àn xiào)
暗星云	(àn xīng yún)
暗胸朱雀	(àn xiōng zhū què)
暗影	(àn yǐng)
暗语	(àn yǔ)
暗喻	(àn yù)
暗指	(àn zhǐ)
暗滞	(àn zhì)
暗中	(àn zhōng)
暗中监视	(àn zhōng jiān shì)
暗转	(àn zhuǎn)
暗桩	(àn zhuāng)
暗自	(àn zì)
卬	(áng)
枊	(àng)
昂	(áng)
昂昂	(áng áng)
昂昂溪区	(áng áng xī qū)
昂藏	(áng cáng)
昂船洲	(áng chuán zhōu)
昂奋	(áng fèn)
昂贵	(áng guì)
昂利	(áng lì)
昂纳克	(áng nà kè)
昂然	(áng rán)
昂仁县	(áng rén xiàn)
昂撒	(áng sā)
昂山	(áng shān)
昂山素季	(áng shān sù jì)
昂首	(áng shǒu)
昂首阔步	(áng shǒu kuò bù)
昂首天外	(áng shǒu tiān wài)
昂首挺胸	(áng shǒu tǐng xiōng)
昂扬	(áng yáng)
昻	(áng)
凹	(āo)
凹岸	(āo àn)
凹板	(āo bǎn)
凹版	(āo bǎn)
凹槽	(āo cáo)
凹雕	(āo diāo)
凹洞	(āo dòng)
凹度	(āo dù)
凹痕	(āo hén)
凹进	(āo jìn)
凹镜	(āo jìng)
凹坑	(āo kēng)
凹面镜	(āo miàn jìng)
凹朴皮	(āo pò pí)
凹入	(āo rù)
凹透镜	(āo tòu jìng)
凹凸	(āo tū)
凹凸不平	(āo tū bù píng)
凹凸形	(āo tū xíng)
凹凸性	(āo tū xìng)
凹凸轧花	(āo tū yà huā)
凹凸印刷	(āo tū yìn shuā)
凹凸有致	(āo tū yǒu zhì)
凹纹	(āo wén)
凹线	(āo xiàn)
凹陷	(āo xiàn)
凹造型	(āo zào xíng)
敖	(áo)
敖包	(áo bāo)
敖贝得	(áo bèi dé)
敖德萨	(áo dé sà)
敖广	(áo guǎng)
敖汉	(áo hàn)
敖汉旗	(áo hàn qí)
敖闰	(áo rùn)
敖顺	(áo shùn)
嶅	(áo)
嗷	(áo)
嗷嗷待哺	(áo áo dài bǔ)
廒	(áo)
摮	(áo)
媪	(ǎo)
媪神	(ǎo shén)
岙	(ào)
垇	(ào)
坳	(ào)
坳陷	(ào xiàn)
拗	(ǎo)
拗不过	(niù bu guò)
拗断	(ǎo duàn)
拗口	(ào kǒu)
拗口令	(ào kǒu lìng)
奡	(ào)
傲	(ào)
傲岸	(ào àn)
傲骨	(ào gǔ)
傲娇	(ào jiāo)
傲立	(ào lì)
傲慢	(ào màn)
傲慢无礼	(ào màn wú lǐ)
傲慢与偏见	(ào màn yǔ piān jiàn)
傲睨	(ào nì)
傲气	(ào qì)
傲然	(ào rán)
傲人	(ào rén)
傲视	(ào shì)
傲视群伦	(ào shì qún lún)
奥	(ào)
奥波莱	(ào bō lái)
奥布里	(ào bù lǐ)
奥黛	(ào dài)
奥黛丽	(ào dài lì)
奥黛莉	(ào dài lì)
奥德赛	(ào dé sài)
奥德修斯	(ào dé xiū sī)
奥地利	(ào dì lì)
奥迪	(ào dí)
奥迪修斯	(ào dí xiū sī)
奥丁	(ào dīng)
奥丁谐振器	(ào dīng xié zhèn qì)
奥尔巴尼	(ào ěr bā ní)
奥尔德尼岛	(ào ěr dé ní dǎo)
奥尔德斯·赫胥黎	(ào ěr dé sī hè xū lí)
奥尔良	(ào ěr liáng)
奥古斯都	(ào gǔ sī dū)
奥古斯塔	(ào gǔ sī tǎ)
奥国	(ào guó)
奥胡斯	(ào hú sī)
奥会	(ào huì)
奥迹	(ào jì)
奥卡姆剃刀	(ào kǎ mǔ tì dāo)
奥康纳	(ào kāng nà)
奥康内尔	(ào kāng nèi ěr)
奥克拉荷马	(ào kè lā hé mǎ)
奥克兰	(ào kè lán)
奥克苏斯河	(ào kè sū sī hé)
奥客	(ào kè)
奥腊涅斯塔德	(ào là niè sī tǎ dé)
奥赖恩	(ào lài ēn)
奥兰多	(ào lán duō)
奥兰群岛	(ào lán qún dǎo)
奥里里亚	(ào lǐ lǐ yà)
奥里萨邦	(ào lǐ sà bāng)
奥利安	(ào lì ān)
奥利奥	(ào lì ào)
奥利给	(ào lì gěi)
奥利维亚	(ào lì wéi yà)
奥林巴斯	(ào lín bā sī)
奥林匹克	(ào lín pǐ kè)
奥林匹克体育场	(ào lín pǐ kè tǐ yù chǎng)
奥林匹克运动会	(ào lín pǐ kè yùn dòng huì)
奥林匹克运动会组织委员会	(ào lín pǐ kè yùn dòng huì zǔ zhī wěi yuán huì)
奥林匹亚	(ào lín pǐ yà)
奥卢	(ào lú)
奥马尔	(ào mǎ ěr)
奥马哈	(ào mǎ hā)
奥米伽	(ào mǐ gā)
奥秘	(ào mì)
奥密克戎	(ào mì kè róng)
奥妙	(ào miào)
奥陌陌	(ào mò mò)
奥纳西斯	(ào nà xī sī)
奥派	(ào pài)
奥切诺斯	(ào qiē nuò sī)
奥塞罗	(ào sài luó)
奥塞梯	(ào sài tī)
奥赛罗	(ào sài luó)
奥什	(ào shí)
奥氏体	(ào shì tǐ)
奥数	(ào shù)
奥司他韦	(ào sī tā wéi)
奥斯丁	(ào sī dīng)
奥斯卡	(ào sī kǎ)
奥斯卡金像奖	(ào sī kǎ jīn xiàng jiǎng)
奥斯陆	(ào sī lù)
奥斯曼	(ào sī màn)
奥斯曼帝国	(ào sī màn dì guó)
奥斯特洛夫斯基	(ào sī tè luò fū sī jī)
奥斯汀	(ào sī tīng)
奥斯瓦尔德	(ào sī wǎ ěr dé)
奥斯威辛	(ào sī wēi xīn)
奥斯威辛集中营	(ào sī wēi xīn jí zhōng yíng)
奥斯维辛	(ào sī wéi xīn)
奥陶纪	(ào táo jì)
奥陶系	(ào táo xì)
奥特莱斯	(ào tè lái sī)
奥特朗托	(ào tè lǎng tuō)
奥特朗托海峡	(ào tè lǎng tuō hǎi xiá)
奥特曼	(ào tè màn)
奥托	(ào tuō)
奥威尔	(ào wēi ěr)
奥维耶多	(ào wéi yē duō)
奥委会	(ào wěi huì)
奥西娜斯	(ào xī nuó sī)
奥援	(ào yuán)
奥运	(ào yùn)
奥运村	(ào yùn cūn)
奥运会	(ào yùn huì)
奥运赛	(ào yùn sài)
奥组委	(ào zǔ wěi)
懊	(ào)
懊悔	(ào huǐ)
懊𢙐	(ào náo)
懊恼	(ào nǎo)
懊丧	(ào sàng)
八	(bā)
八八六	(bā bā liù)
八佰伴	(bā bǎi bàn)
八拜之交	(bā bài zhī jiāo)
八般头风	(bā bān tóu fēng)
八宝丹	(bā bǎo dān)
八宝饭	(bā bǎo fàn)
八宝山	(bā bǎo shān)
八宝山革命公墓	(bā bǎo shān gé mìng gōng mù)
八宝眼药	(bā bǎo yǎn yào)
八宝粥	(bā bǎo zhōu)
八倍体	(bā bèi tǐ)
八辈子	(bā bèi zi)
八边形	(bā biān xíng)
八步区	(bā bù qū)
八成	(bā chéng)
八冲	(bā chōng)
八达岭	(bā dá lǐng)
八达通	(bā dá tōng)
八达通卡	(bā dá tōng kǎ)
八大菜系	(bā dà cài xì)
八大元老	(bā dà yuán lǎo)
八带蛸	(bā dài shāo)
八带鱼	(bā dài yú)
八疸	(bā dǎn)
八疸身面黄	(bā dǎn shēn miàn huáng)
八度	(bā dù)
八段锦	(bā duàn jǐn)
八二丹	(bā èr dān)
八法	(bā fǎ)
八法拳	(bā fǎ quán)
八方	(bā fāng)
八分音符	(bā fēn yīn fú)
八分之一	(bā fēn zhī yī)
八风穴	(bā fēng xué)
八杆子打不着	(bā gān zi dǎ bù zháo)
八竿子打不着	(bā gān zi dǎ bù zháo)
八纲	(bā gāng)
八纲辨证	(bā gāng biàn zhèng)
八哥	(bā ge)
八哥儿	(bā gē r)
八哥狗	(bā gē gǒu)
八公山区	(bā gōng shān qū)
八股	(bā gǔ)
八股文	(bā gǔ wén)
八卦	(bā guà)
八卦拳	(bā guà quán)
八卦山	(bā guà shān)
八卦掌	(bā guà zhǎng)
八卦阵	(bā guà zhèn)
八会穴	(bā huì xué)
八级风	(bā jí fēng)
八级工	(bā jí gōng)
八级工资制	(bā jí gōng zī zhì)
八极拳	(bā jí quán)
八加一	(bā jiā yī)
八家将	(bā jiā jiàng)
八角	(bā jiǎo)
八角床	(bā jiǎo chuáng)
八角枫	(bā jiǎo fēng)
八角茴香	(bā jiǎo huí xiāng)
八角街	(bā jiǎo jiē)
八角笼	(bā jiǎo lóng)
八角形	(bā jiǎo xíng)
八戒	(bā jiè)
八进制	(bā jìn zhì)
八九不离十	(bā jiǔ bù lí shí)
八开	(bā kāi)
八苦	(bā kǔ)
八块腹肌	(bā kuài fù jī)
八廓	(bā kuò)
八廓街	(bā kuò jiē)
八老	(bā lǎo)
八里	(bā lǐ)
八里乡	(bā lǐ xiāng)
八路军	(bā lù jūn)
八美	(bā měi)
八面玲珑	(bā miàn líng lóng)
八面体	(bā miàn tǐ)
八目鳗	(bā mù mán)
八婆	(bā pó)
八岐大蛇	(bā qí dà shé)
八旗子弟	(bā qí zǐ dì)
八强	(bā qiáng)
八强赛	(bā qiáng sài)
八荣八耻	(bā róng bā chǐ)
八声杜鹃	(bā shēng dù juān)
八十	(bā shí)
八十天环游地球	(bā shí tiān huán yóu dì qiú)
八宿县	(bā sù xiàn)
八抬大轿	(bā tái dà jiào)
八仙	(bā xiān)
八仙过海，各显神通	(bā xiān guò hǎi , gè xiǎn shén tōng)
八仙桌	(bā xiān zhuō)
八相成道	(bā xiàng chéng dào)
八小时工作制	(bā xiǎo shí gōng zuò zhì)
八行书	(bā háng shū)
八音	(bā yīn)
八音盒	(bā yīn hé)
八月	(bā yuè)
八月份	(bā yuè fèn)
八月之光	(bā yuè zhī guāng)
八爪鱼	(bā zhuǎ yú)
八珍汤	(bā zhēn tāng)
八正道	(bā zhèng dào)
八重奏	(bā chóng zòu)
八字	(bā zì)
八字步	(bā zì bù)
八字方针	(bā zì fāng zhēn)
八字还没一撇	(bā zì hái méi yī piě)
八字还没一撇儿	(bā zì hái méi yī piě r)
八字胡	(bā zì hú)
八字胡须	(bā zì hú xū)
八字脚	(bā zì jiǎo)
八字没一撇	(bā zì méi yī piě)
八字眉	(bā zì méi)
八字命理	(bā zì mìng lǐ)
八字形	(bā zì xíng)
丷	(bā)
仈	(bā)
巴	(bā)
巴阿	(bā ā)
巴巴	(bā bā)
巴巴多斯	(bā bā duō sī)
巴巴结结	(bā bā jiē jiē)
巴巴拉	(bā bā lā)
巴宝莉	(bā bǎo lì)
巴贝虫病	(bā bèi chóng bìng)
巴贝多	(bā bèi duō)
巴贝氏虫病	(bā bèi shì chóng bìng)
巴比Q	(bā bǐ q)
巴比伦	(bā bǐ lún)
巴比妥	(bā bǐ tuǒ)
巴闭	(bā bì)
巴不得	(bā bu de)
巴不能够	(bā bù néng gòu)
巴布·狄伦	(bā bù dí lún)
巴布尔	(bā bù ěr)
巴布拉族	(bā bù lā zú)
巴布亚纽几内亚	(bā bù yà niǔ jī nèi yà)
巴布亚新几内亚	(bā bù yà xīn jǐ nèi yà)
巴布延群岛	(bā bù yán qún dǎo)
巴楚县	(bā chǔ xiàn)
巴达木	(bā dá mù)
巴旦木	(bā dàn mù)
巴旦杏	(bā dàn xìng)
巴德尔	(bā dé ěr)
巴登	(bā dēng)
巴登－符腾堡州	(bā dēng fú téng bǎo zhōu)
巴东县	(bā dōng xiàn)
巴斗	(bā dǒu)
巴豆	(bā dòu)
巴豆壳	(bā dòu ké)
巴豆属	(bā dòu shǔ)
巴豆树	(bā dòu shù)
巴尔的摩	(bā ěr dì mó)
巴尔多禄茂	(bā ěr duō lù mào)
巴尔干	(bā ěr gàn)
巴尔干半岛	(bā ěr gàn bàn dǎo)
巴尔喀什湖	(bā ěr kā shí hú)
巴尔舍夫斯基	(bā ěr shě fū sī jī)
巴尔扎克	(bā ěr zhā kè)
巴伐利亚	(bā fá lì yà)
巴甫洛夫	(bā fǔ luò fū)
巴高望上	(bā gāo wàng shàng)
巴哥	(bā gē)
巴哥犬	(bā gē quǎn)
巴格达	(bā gé dá)
巴格兰	(bā gé lán)
巴格兰省	(bā gé lán shěng)
巴哈	(bā hā)
巴哈马	(bā hā mǎ)
巴哈伊	(bā hā yī)
巴赫	(bā hè)
巴唧	(bā ji)
巴唧巴唧	(bā ji bā ji)
巴基斯坦	(bā jī sī tǎn)
巴戟	(bā jǐ)
巴结	(bā jie)
巴解	(bā jiě)
巴解组织	(bā jiě zǔ zhī)
巴金	(bā jīn)
巴金森氏症	(bā jīn sēn shì zhèng)
巴卡拉瓦	(bā kǎ lā wǎ)
巴克科斯	(bā kè kē sī)
巴克拉瓦	(bā kè lā wǎ)
巴克莱	(bā kè lái)
巴克莱银行	(bā kè lái yín háng)
巴克斯	(bā kè sī)
巴克特里亚	(bā kè tè lǐ yà)
巴克夏猪	(bā kè xià zhū)
巴控克什米尔	(bā kòng kè shí mǐ ěr)
巴枯宁主义	(bā kū níng zhǔ yì)
巴库	(bā kù)
巴拉巴斯	(bā lā bā sī)
巴拉圭	(bā lā guī)
巴拉基列夫	(bā lā jī liè fū)
巴拉克	(bā lā kè)
巴拉马利波	(bā lā mǎ lì bō)
巴勒莫	(bā lè mò)
巴勒斯坦	(bā lè sī tǎn)
巴勒斯坦解放组织	(bā lè sī tǎn jiě fàng zǔ zhī)
巴勒斯坦民族权力机构	(bā lè sī tǎn mín zú quán lì jī gòu)
巴厘	(bā lí)
巴厘岛	(bā lí dǎo)
巴黎	(bā lí)
巴黎大学	(bā lí dà xué)
巴黎绿	(bā lí lǜ)
巴黎圣母院	(bā lí shèng mǔ yuàn)
巴里	(bā lǐ)
巴里坤草原	(bā lǐ kūn cǎo yuán)
巴里坤哈萨克自治县	(bā lǐ kūn hā sà kè zì zhì xiàn)
巴力	(bā lì)
巴力门	(bā lì mén)
巴利	(bā lì)
巴利文	(bā lì wén)
巴林	(bā lín)
巴林右	(bā lín yòu)
巴林右旗	(bā lín yòu qí)
巴林左	(bā lín zuǒ)
巴林左旗	(bā lín zuǒ qí)
巴录	(bā lù)
巴伦西亚	(bā lún xī yà)
巴伦支海	(bā lún zhī hǎi)
巴罗克	(bā luó kè)
巴洛克	(bā luò kè)
巴马干酪	(bā mǎ gān lào)
巴马科	(bā mǎ kē)
巴马瑶族自治县	(bā mǎ yáo zú zì zhì xiàn)
巴莫	(bā mò)
巴拿芬	(bā ná fēn)
巴拿马	(bā ná mǎ)
巴拿马城	(bā ná mǎ chéng)
巴拿马运河	(bā ná mǎ yùn hé)
巴南区	(bā nán qū)
巴尼亚卢卡	(bā ní yà lú kǎ)
巴纽	(bā niǔ)
巴前算后	(bā qián suàn hòu)
巴青县	(bā qīng xiàn)
巴瑞	(bā ruì)
巴萨	(bā sà)
巴塞尔	(bā sài ěr)
巴塞隆纳	(bā sài lóng nà)
巴塞罗那	(bā sài luó nà)
巴三览四	(bā sān lǎn sì)
巴沙鱼	(bā shā yú)
巴刹	(bā shā)
巴山	(bā shān)
巴山蜀水	(bā shān shǔ shuǐ)
巴山夜雨	(bā shān yè yǔ)
巴山越岭	(bā shān yuè lǐng)
巴蛸	(bā shāo)
巴生	(bā shēng)
巴士	(bā shì)
巴士底	(bā shì dǐ)
巴士海峡	(bā shì hǎi xiá)
巴士拉	(bā shì lā)
巴士站	(bā shì zhàn)
巴氏	(bā shì)
巴氏杀菌	(bā shì shā jūn)
巴氏涂片	(bā shì tú piàn)
巴适	(bā shì)
巴蜀	(bā shǔ)
巴斯	(bā sī)
巴斯德	(bā sī dé)
巴斯蒂亚	(bā sī dì yà)
巴斯克	(bā sī kè)
巴斯克语	(bā sī kè yǔ)
巴斯特尔	(bā sī tè ěr)
巴松	(bā sōng)
巴松管	(bā sōng guǎn)
巴颂管	(bā sòng guǎn)
巴坦群岛	(bā tǎn qún dǎo)
巴塘县	(bā táng xiàn)
巴特	(bā tè)
巴特纳	(bā tè nà)
巴铁	(bā tiě)
巴头探脑	(bā tóu tàn nǎo)
巴吞鲁日	(bā tūn lǔ rì)
巴望	(bā wàng)
巴乌	(bā wū)
巴西	(bā xī)
巴西利亚	(bā xī lì yà)
巴西柔术	(bā xī róu shù)
巴西战舞	(bā xī zhàn wǔ)
巴希尔	(bā xī ěr)
巴仙	(bā xiān)
巴先	(bā xiān)
巴县	(bā xiàn)
巴心巴肝	(bā xīn bā gān)
巴新	(bā xīn)
巴颜喀拉	(bā yán kā lā)
巴彦淖尔市	(bā yàn nào ěr shì)
巴彦县	(bā yàn xiàn)
巴耶利巴	(bā yē lì bā)
巴伊兰大学	(bā yī lán dà xué)
巴宜区	(bā yí qū)
巴以	(bā yǐ)
巴音布克草原	(bā yīn bù kè cǎo yuán)
巴音郭楞蒙古自治州	(bā yīn guō léng měng gǔ zì zhì zhōu)
巴音满都呼	(bā yīn mǎn dū hū)
巴宰族	(bā zǎi zú)
巴扎	(bā zhā)
巴掌	(bā zhang)
巴中市	(bā zhōng shì)
巴州	(bā zhōu)
巴州区	(bā zhōu qū)
巴祖卡	(bā zǔ kǎ)
扒	(bā)
扒车	(bā chē)
扒钉	(bā dīng)
扒饭	(pá fàn)
扒粪	(pá fèn)
扒高踩低	(pá gāo cǎi dī)
扒糕	(pá gāo)
扒灰	(pá huī)
扒开	(bā kāi)
扒拉	(bā la)
扒犁	(pá lí)
扒搂	(pá lou)
扒皮	(bā pí)
扒窃	(pá qiè)
扒手	(pá shǒu)
扒头儿	(bā tou r)
扒屋牵牛	(bā wū qiān niú)
叭	(bā)
叭啦狗	(bā lā gǒu)
朳	(bā)
岜	(bā)
捌	(bā)
鲃	(bā)
鲃鱼	(bā yú)
拔	(bá)
拔出萝卜带出泥	(bá chū luó bo dài chū ní)
拔除	(bá chú)
拔萃	(bá cuì)
拔地	(bá dì)
拔地而起	(bá dì ér qǐ)
拔掉	(bá diào)
拔钉锤	(bá dīng chuí)
拔顶	(bá dǐng)
拔毒	(bá dú)
拔高	(bá gāo)
拔根	(bá gēn)
拔根汗毛比腰粗	(bá gēn hàn máo bǐ yāo cū)
拔罐	(bá guàn)
拔罐法	(bá guàn fǎ)
拔罐子	(bá guàn zi)
拔海	(bá hǎi)
拔河	(bá hé)
拔火罐	(bá huǒ guàn)
拔火罐儿	(bá huǒ guàn r)
拔尖	(bá jiān)
拔尖儿	(bá jiān r)
拔节	(bá jié)
拔节期	(bá jié qī)
拔凉拔凉	(bá liáng bá liáng)
拔毛	(bá máo)
拔毛连茹	(bá máo lián rú)
拔茅连茹	(bá máo lián rú)
拔茅茹	(bá máo rú)
拔锚	(bá máo)
拔苗助长	(bá miáo zhù zhǎng)
拔取	(bá qǔ)
拔群	(bá qún)
拔染	(bá rǎn)
拔示巴	(bá shì bā)
拔丝	(bá sī)
拔腿	(bá tuǐ)
拔牙	(bá yá)
拔秧	(bá yāng)
拔营	(bá yíng)
拔擢	(bá zhuó)
妭	(bá)
把	(bǎ)
把拔	(bǎ bá)
把柄	(bǎ bǐng)
把持	(bǎ chí)
把持不定	(bǎ chí bù dìng)
把舵	(bǎ duò)
把儿	(bà r)
把方便当随便	(bǎ fāng biàn dàng suí biàn)
把风	(bǎ fēng)
把关	(bǎ guān)
把酒	(bǎ jiǔ)
把酒言欢	(bǎ jiǔ yán huān)
把控	(bǎ kòng)
把立	(bǎ lì)
把马子	(bǎ mǎ zi)
把脉	(bǎ mài)
把妹	(bǎ mèi)
把袂	(bǎ mèi)
把门	(bǎ mén)
把尿	(bǎ niào)
把弄	(bǎ nòng)
把屎	(bǎ shǐ)
把式	(bǎ shì)
把手	(bǎ shǒu)
把守	(bǎ shǒu)
把头	(bǎ tóu)
把玩	(bǎ wán)
把稳	(bǎ wěn)
把握	(bǎ wò)
把戏	(bǎ xì)
把心放在肚子里	(bǎ xīn fàng zài dù zi lǐ)
把兄弟	(bǎ xiōng dì)
把子	(bà zi)
把总	(bǎ zǒng)
㞎	(bǎ)
㞎㞎	(bǎ ba)
坝	(bà)
弝	(bà)
欛	(bà)
吧	(ba)
吧嗒	(bā da)
吧唧	(bā jī)
吧唧吧唧	(bā ji bā ji)
吧啦吧啦	(bā lā bā lā)
吧女	(bā nǚ)
吧台	(bā tái)
吧托	(bā tuō)
吧托女	(bā tuō nǚ)
吧务	(bā wù)
吧主	(bā zhǔ)
掰	(bāi)
掰掰	(bāi bāi)
掰扯	(bāi che)
掰开	(bāi kāi)
掰开揉碎	(bāi kāi róu suì)
掰手腕	(bāi shǒu wàn)
掰弯	(bāi wān)
掰腕子	(bāi wàn zi)
掰直	(bāi zhí)
佰	(bǎi)
柏	(bǎi)
柏柏尔	(bò bò ěr)
柏蒂切利	(bó dì qiè lì)
柏节松操	(bǎi jié sōng cāo)
柏举之战	(bǎi jǔ zhī zhàn)
柏克郡	(bó kè jùn)
柏克莱	(bǎi kè lái)
柏拉图	(bó lā tú)
柏拉图哲学	(bó lā tú zhé xué)
柏辽兹	(bó liáo zī)
柏林	(bó lín)
柏林工业大学	(bó lín gōng yè dà xué)
柏林墙	(bó lín qiáng)
柏林围墙	(bó lín wéi qiáng)
柏崎	(bǎi qí)
柏崎市	(bǎi qí shì)
柏崎刈羽	(bǎi qí yì yǔ)
柏青哥	(bó qīng gē)
柏树	(bǎi shù)
柏乡县	(bǎi xiāng xiàn)
柏油	(bǎi yóu)
柏油路	(bǎi yóu lù)
柏油马路	(bǎi yóu mǎ lù)
柏悦	(bó yuè)
柏孜克里克千佛洞	(bó zī kè lǐ kè qiān fó dòng)
捭	(bǎi)
摆	(bǎi)
摆布	(bǎi bù)
摆出	(bǎi chū)
摆荡	(bǎi dàng)
摆地摊	(bǎi dì tān)
摆动	(bǎi dòng)
摆渡	(bǎi dù)
摆渡车	(bǎi dù chē)
摆放	(bǎi fàng)
摆花架子	(bǎi huā jià zi)
摆晃	(bǎi huàng)
摆架子	(bǎi jià zi)
摆阔	(bǎi kuò)
摆烂	(bǎi làn)
摆了一道	(bǎi le yī dào)
摆龙门阵	(bǎi lóng mén zhèn)
摆轮	(bǎi lún)
摆卖	(bǎi mài)
摆满	(bǎi mǎn)
摆门面	(bǎi mén miàn)
摆明	(bǎi míng)
摆弄	(bǎi nòng)
摆拍	(bǎi pāi)
摆盘	(bǎi pán)
摆平	(bǎi píng)
摆谱	(bǎi pǔ)
摆谱儿	(bǎi pǔ r)
摆设	(bǎi shè)
摆设儿	(bǎi she r)
摆事实讲道理	(bǎi shì shí jiǎng dào lǐ)
摆饰	(bǎi shì)
摆手	(bǎi shǒu)
摆摊	(bǎi tān)
摆摊子	(bǎi tān zi)
摆脱	(bǎi tuō)
摆乌龙	(bǎi wū lóng)
摆线	(bǎi xiàn)
摆样子	(bǎi yàng zi)
摆造型	(bǎi zào xíng)
摆钟	(bǎi zhōng)
摆子	(bǎi zi)
败	(bài)
败北	(bài běi)
败笔	(bài bǐ)
败德	(bài dé)
败毒	(bài dú)
败光	(bài guāng)
败坏	(bài huài)
败火	(bài huǒ)
败绩	(bài jì)
败家	(bài jiā)
败家子	(bài jiā zǐ)
败局	(bài jú)
败类	(bài lèi)
败柳残花	(bài liǔ cán huā)
败露	(bài lù)
败落	(bài luò)
败诉	(bài sù)
败退	(bài tuì)
败亡	(bài wáng)
败胃	(bài wèi)
败兴	(bài xìng)
败絮	(bài xù)
败选	(bài xuǎn)
败血症	(bài xuè zhèng)
败战	(bài zhàn)
败仗	(bài zhàng)
败阵	(bài zhèn)
败子回头	(bài zǐ huí tóu)
败走	(bài zǒu)
拜	(bài)
拜把子	(bài bǎ zi)
拜拜	(bài bai)
拜别	(bài bié)
拜忏	(bài chàn)
拜城县	(bài chéng xiàn)
拜倒	(bài dǎo)
拜登	(bài dēng)
拜读	(bài dú)
拜访	(bài fǎng)
拜佛	(bài fó)
拜会	(bài huì)
拜祭	(bài jì)
拜见	(bài jiàn)
拜节	(bài jié)
拜金	(bài jīn)
拜金女	(bài jīn nǚ)
拜金主义	(bài jīn zhǔ yì)
拜科努尔	(bài kē nǔ ěr)
拜科努尔航天发射基地	(bài kē nǔ ěr háng tiān fā shè jī dì)
拜伦	(bài lún)
拜魔	(bài mó)
拜你所赐	(bài nǐ suǒ cì)
拜年	(bài nián)
拜票	(bài piào)
拜泉县	(bài quán xiàn)
拜人为师	(bài rén wéi shī)
拜认	(bài rèn)
拜师	(bài shī)
拜寿	(bài shòu)
拜堂	(bài táng)
拜天地	(bài tiān dì)
拜托	(bài tuō)
拜望	(bài wàng)
拜物教	(bài wù jiào)
拜谒	(bài yè)
拜占庭	(bài zhàn tíng)
扳	(bān)
扳本	(bān běn)
扳本儿	(bān běn r)
扳不倒儿	(bān bù dǎo r)
扳道	(bān dào)
扳道岔	(bān dào chà)
扳道员	(bān dào yuán)
扳动	(bān dòng)
扳回	(bān huí)
扳回一城	(bān huí yī chéng)
扳机	(bān jī)
扳价	(bān jià)
扳龙附凤	(bān lóng fù fèng)
扳平	(bān píng)
扳钳	(bān qián)
扳手	(bān shǒu)
扳罾	(bān zēng)
扳指	(bān zhǐ)
扳指儿	(bān zhǐ r)
扳子	(bān zi)
攽	(bān)
斑	(bān)
斑白	(bān bái)
斑斑	(bān bān)
斑背大尾莺	(bān bèi dà wěi yīng)
斑背潜鸭	(bān bèi qián yā)
斑背燕尾	(bān bèi yàn wěi)
斑背噪鹛	(bān bèi zào méi)
斑鳖	(bān biē)
斑剥	(bān bō)
斑驳	(bān bó)
斑驳陆离	(bān bó lù lí)
斑翅凤头鹃	(bān chì fèng tóu juān)
斑翅椋鸟	(bān chì liáng niǎo)
斑翅鹩鹛	(bān chì liáo méi)
斑翅拟蜡嘴雀	(bān chì nǐ là zuǐ què)
斑翅山鹑	(bān chì shān chún)
斑翅朱雀	(bān chì zhū què)
斑点	(bān diǎn)
斑点狗	(bān diǎn gǒu)
斑鸫	(bān dōng)
斑海豹	(bān hǎi bào)
斑痕	(bān hén)
斑喉希鹛	(bān hóu xī méi)
斑姬鹟	(bān jī wēng)
斑姬啄木鸟	(bān jī zhuó mù niǎo)
斑鱾	(bān jǐ)
斑颈穗鹛	(bān jǐng suì méi)
斑鸠	(bān jiū)
斑块	(bān kuài)
斑斓	(bān lán)
斑鳢	(bān lǐ)
斑脸海番鸭	(bān liǎn hǎi fān yā)
斑椋鸟	(bān liáng niǎo)
斑羚	(bān líng)
斑鹭	(bān lù)
斑马	(bān mǎ)
斑马线	(bān mǎ xiàn)
斑马鱼	(bān mǎ yú)
斑头大翠鸟	(bān tóu dà cuì niǎo)
斑头绿拟啄木鸟	(bān tóu lǜ nǐ zhuó mù niǎo)
斑头鸺鹠	(bān tóu xiū liú)
斑头雁	(bān tóu yàn)
斑秃	(bān tū)
斑尾塍鹬	(bān wěi chéng yù)
斑尾鹃鸠	(bān wěi juān jiū)
斑尾林鸽	(bān wěi lín gē)
斑尾榛鸡	(bān wěi zhēn jī)
斑文鸟	(bān wén niǎo)
斑纹	(bān wén)
斑鹟	(bān wēng)
斑胁姬鹛	(bān xié jī méi)
斑胁田鸡	(bān xié tián jī)
斑胸滨鹬	(bān xiōng bīn yù)
斑胸短翅莺	(bān xiōng duǎn chì yīng)
斑胸钩嘴鹛	(bān xiōng gōu zuǐ méi)
斑胸田鸡	(bān xiōng tián jī)
斑胸噪鹛	(bān xiōng zào méi)
斑岩	(bān yán)
斑腰燕	(bān yāo yàn)
斑鱼狗	(bān yú gǒu)
斑疹热	(bān zhěn rè)
斑疹伤寒	(bān zhěn shāng hán)
斑竹	(bān zhú)
斑嘴鹈鹕	(bān zuǐ tí hú)
斑嘴鸭	(bān zuǐ yā)
搬	(bān)
搬兵	(bān bīng)
搬场	(bān chǎng)
搬出去	(bān chū qù)
搬唇递舌	(bān chún dì shé)
搬动	(bān dòng)
搬家	(bān jiā)
搬口	(bān kǒu)
搬弄	(bān nòng)
搬弄是非	(bān nòng shì fēi)
搬铺	(bān pù)
搬起石头砸自己的脚	(bān qǐ shí tou zá zì jǐ de jiǎo)
搬迁	(bān qiān)
搬迁户	(bān qiān hù)
搬请	(bān qǐng)
搬石头砸自己的脚	(bān shí tou zá zì jǐ de jiǎo)
搬唆	(bān suō)
搬楦头	(bān xuàn tou)
搬移	(bān yí)
搬用	(bān yòng)
搬运	(bān yùn)
搬运工	(bān yùn gōng)
搬指	(bān zhǐ)
搬砖	(bān zhuān)
搬砖砸脚	(bān zhuān zá jiǎo)
搬走	(bān zǒu)
斒	(bān)
坂	(bǎn)
坂本	(bǎn běn)
坂井	(bǎn jǐng)
板	(bǎn)
板板	(bǎn bǎn)
板板六十四	(bǎn bǎn liù shí sì)
板壁	(bǎn bì)
板擦	(bǎn cā)
板擦儿	(bǎn cā r)
板材	(bǎn cái)
板车	(bǎn chē)
板寸	(bǎn cùn)
板凳	(bǎn dèng)
板儿爷	(bǎn r yé)
板房	(bǎn fáng)
板斧	(bǎn fǔ)
板沟	(bǎn gōu)
板鼓	(bǎn gǔ)
板规	(bǎn guī)
板胡	(bǎn hú)
板结	(bǎn jié)
板块	(bǎn kuài)
板块构造	(bǎn kuài gòu zào)
板块理论	(bǎn kuài lǐ lùn)
板蓝根	(bǎn lán gēn)
板栗	(bǎn lì)
板脸	(bǎn liǎn)
板梁桥	(bǎn liáng qiáo)
板楼	(bǎn lóu)
板门店	(bǎn mén diàn)
板面	(bǎn miàn)
板皮	(bǎn pí)
板桥	(bǎn qiáo)
板桥市	(bǎn qiáo shì)
板球	(bǎn qiú)
板上钉钉	(bǎn shàng dìng dīng)
板式塔	(bǎn shì tǎ)
板书	(bǎn shū)
板刷	(bǎn shuā)
板条	(bǎn tiáo)
板条箱	(bǎn tiáo xiāng)
板鞋	(bǎn xié)
板鸭	(bǎn yā)
板牙	(bǎn yá)
板烟	(bǎn yān)
板岩	(bǎn yán)
板眼	(bǎn yǎn)
板油	(bǎn yóu)
板羽球	(bǎn yǔ qiú)
板扎	(bǎn zhā)
板纸	(bǎn zhǐ)
板滞	(bǎn zhì)
板主	(bǎn zhǔ)
板筑	(bǎn zhù)
板砖	(bǎn zhuān)
板桩	(bǎn zhuāng)
板状	(bǎn zhuàng)
板子	(bǎn zi)
昄	(bǎn)
半	(bàn)
半白	(bàn bái)
半百	(bàn bǎi)
半半拉拉	(bàn bàn lā lā)
半宝石	(bàn bǎo shí)
半保留复制	(bàn bǎo liú fù zhì)
半辈子	(bàn bèi zi)
半壁江山	(bàn bì jiāng shān)
半边	(bàn biān)
半边天	(bàn biān tiān)
半表半里	(bàn biǎo bàn lǐ)
半场	(bàn chǎng)
半成品	(bàn chéng pǐn)
半翅目	(bàn chì mù)
半打	(bàn dá)
半大	(bàn dà)
半大不小	(bàn dà bù xiǎo)
半大小子	(bàn dà xiǎo zǐ)
半导瓷	(bàn dǎo cí)
半导体	(bàn dǎo tǐ)
半岛	(bàn dǎo)
半岛电视台	(bàn dǎo diàn shì tái)
半岛国际学校	(bàn dǎo guó jì xué xiào)
半点	(bàn diǎn)
半吊子	(bàn diào zi)
半懂不懂	(bàn dǒng bù dǒng)
半蹲	(bàn dūn)
半分	(bàn fēn)
半分儿	(bàn fēn r)
半封建	(bàn fēng jiàn)
半封建半殖民地	(bàn fēng jiàn bàn zhí mín dì)
半复赛	(bàn fù sài)
半个	(bàn ge)
半个人	(bàn ge rén)
半工半读	(bàn gōng bàn dú)
半公开	(bàn gōng kāi)
半拱	(bàn gǒng)
半官方	(bàn guān fāng)
半胱氨酸	(bàn guāng ān suān)
半规管	(bàn guī guǎn)
半规则	(bàn guī zé)
半跏坐	(bàn jiā zuò)
半价	(bàn jià)
半间不界	(bàn gān bù gà)
半腱肌	(bàn jiàn jī)
半截	(bàn jié)
半截衫	(bàn jié shān)
半斤八两	(bàn jīn bā liǎng)
半径	(bàn jìng)
半决赛	(bàn jué sài)
半开半关	(bàn kāi bàn guān)
半开化	(bàn kāi huà)
半开门	(bàn kāi mén)
半开门儿	(bàn kāi mén r)
半空	(bàn kōng)
半空中	(bàn kōng zhōng)
半拉	(bàn lǎ)
半劳动力	(bàn láo dòng lì)
半老徐娘	(bàn lǎo xú niáng)
半流食	(bàn liú shí)
半流体	(bàn liú tǐ)
半路	(bàn lù)
半路出家	(bàn lù chū jiā)
半路杀出个程咬金	(bàn lù shā chū gè chéng yǎo jīn)
半裸	(bàn luǒ)
半裸体	(bàn luǒ tǐ)
半履带车	(bàn lǚ dài chē)
半麻醉	(bàn má zuì)
半马	(bàn mǎ)
半梦半醒	(bàn mèng bàn xǐng)
半明不灭	(bàn míng bù miè)
半膜肌	(bàn mó jī)
半年	(bàn nián)
半票	(bàn piào)
半瓶醋	(bàn píng cù)
半瓶水响叮当	(bàn píng shuǐ xiǎng dīng dāng)
半坡	(bàn pō)
半坡村	(bàn pō cūn)
半坡遗址	(bàn pō yí zhǐ)
半蹼鹬	(bàn pǔ yù)
半旗	(bàn qí)
半桥	(bàn qiáo)
半球	(bàn qiú)
半人马	(bàn rén mǎ)
半人马座	(bàn rén mǎ zuò)
半日工作	(bàn rì gōng zuò)
半日制学校	(bàn rì zhì xué xiào)
半乳糖	(bàn rǔ táng)
半乳糖血症	(bàn rǔ táng xuè zhèng)
半山区	(bàn shān qū)
半山腰	(bàn shān yāo)
半晌	(bàn shǎng)
半身不遂	(bàn shēn bù suí)
半身像	(bàn shēn xiàng)
半神	(bàn shén)
半生	(bàn shēng)
半生不熟	(bàn shēng bù shóu)
半失业	(bàn shī yè)
半视野	(bàn shì yě)
半熟	(bàn shú)
半熟蛋	(bàn shú dàn)
半熟练	(bàn shú liàn)
半数	(bàn shù)
半数以上	(bàn shù yǐ shàng)
半衰期	(bàn shuāi qī)
半死	(bàn sǐ)
半糖夫妻	(bàn táng fū qī)
半天	(bàn tiān)
半条命	(bàn tiáo mìng)
半通不通	(bàn tōng bù tōng)
半桶水	(bàn tǒng shuǐ)
半透明	(bàn tòu míng)
半途	(bàn tú)
半途而废	(bàn tú ér fèi)
半推半就	(bàn tuī bàn jiù)
半托	(bàn tuō)
半脱产	(bàn tuō chǎn)
半文盲	(bàn wén máng)
半无限	(bàn wú xiàn)
半夏	(bàn xià)
半响	(bàn xiǎng)
半信半疑	(bàn xìn bàn yí)
半腰	(bàn yāo)
半夜	(bàn yè)
半音	(bàn yīn)
半音程	(bàn yīn chéng)
半圆	(bàn yuán)
半圆形	(bàn yuán xíng)
半圆仪	(bàn yuán yí)
半月	(bàn yuè)
半月板	(bàn yuè bǎn)
半月瓣	(bàn yuè bàn)
半月刊	(bàn yuè kān)
半载	(bàn zǎi)
半长轴	(bàn cháng zhóu)
半真半假	(bàn zhēn bàn jiǎ)
半职	(bàn zhí)
半殖民地	(bàn zhí mín dì)
半中腰	(bàn zhōng yāo)
半轴	(bàn zhóu)
半自动	(bàn zì dòng)
半自耕农	(bàn zì gēng nóng)
扮	(bàn)
扮家家酒	(bàn jiā jiā jiǔ)
扮酷	(bàn kù)
扮相	(bàn xiàng)
扮演	(bàn yǎn)
扮猪吃老虎	(bàn zhū chī lǎo hǔ)
扮装	(bàn zhuāng)
扮装皇后	(bàn zhuāng huáng hòu)
伴	(bàn)
伴唱	(bàn chàng)
伴君如伴虎	(bàn jūn rú bàn hǔ)
伴郎	(bàn láng)
伴侣	(bàn lǚ)
伴娘	(bàn niáng)
伴热	(bàn rè)
伴生气	(bàn shēng qì)
伴手礼	(bàn shǒu lǐ)
伴随	(bàn suí)
伴随矩阵	(bàn suí jǔ zhèn)
伴同	(bàn tóng)
伴舞	(bàn wǔ)
伴星	(bàn xīng)
伴有	(bàn yǒu)
伴奏	(bàn zòu)
拌	(bàn)
拌炒	(bàn chǎo)
拌饭	(bàn fàn)
拌和	(bàn huò)
拌面	(bàn miàn)
拌蒜	(bàn suàn)
拌种	(bàn zhǒng)
拌嘴	(bàn zuǐ)
拌嘴斗舌	(bàn zuǐ dòu shé)
姅	(bàn)
柈	(pán)
帮	(bāng)
帮办	(bāng bàn)
帮帮忙	(bāng bang máng)
帮宝适	(bāng bǎo shì)
帮衬	(bāng chèn)
帮厨	(bāng chú)
帮倒忙	(bāng dào máng)
帮扶	(bāng fú)
帮工	(bāng gōng)
帮会	(bāng huì)
帮教	(bāng jiào)
帮忙	(bāng máng)
帮派	(bāng pài)
帮浦	(bāng pǔ)
帮腔	(bāng qiāng)
帮手	(bāng shou)
帮同	(bāng tóng)
帮闲	(bāng xián)
帮凶	(bāng xiōng)
帮佣	(bāng yōng)
帮助	(bāng zhù)
帮子	(bāng zi)
梆	(bāng)
梆子	(bāng zi)
梆子腔	(bāng zi qiāng)
榜	(bǎng)
榜笞	(péng chī)
榜单	(bǎng dān)
榜葛剌	(bǎng gé là)
榜首	(bǎng shǒu)
榜眼	(bǎng yǎn)
榜样	(bǎng yàng)
榜一大哥	(bǎng yī dà gē)
棒	(bàng)
棒棒哒	(bàng bàng dā)
棒棒机	(bàng bàng jī)
棒棒糖	(bàng bàng táng)
棒棒腿	(bàng bàng tuǐ)
棒冰	(bàng bīng)
棒材	(bàng cái)
棒槌	(bàng chuí)
棒打鸳鸯	(bàng dǎ yuān yāng)
棒国	(bàng guó)
棒喝	(bàng hè)
棒极了	(bàng jí le)
棒磨机	(bàng mó jī)
棒球	(bàng qiú)
棒球迷	(bàng qiú mí)
棒赛	(bàng sài)
棒杀	(bàng shā)
棒坛	(bàng tán)
棒糖	(bàng táng)
棒旋星系	(bàng xuán xīng xì)
棒约翰	(bàng yuē hàn)
棒子	(bàng zi)
棒子国	(bàng zi guó)
棒子面	(bàng zi miàn)
棒子面儿	(bàng zi miàn r)
傍	(bàng)
傍边	(bàng biān)
傍大款	(bàng dà kuǎn)
傍黑	(bàng hēi)
傍家儿	(bàng jiā r)
傍近	(bàng jìn)
傍亮	(bàng liàng)
傍柳随花	(bàng liǔ suí huā)
傍人篱壁	(bàng rén lí bì)
傍人门户	(bàng rén mén hù)
傍晚	(bàng wǎn)
傍午	(bàng wǔ)
塝	(bàng)
搒	(péng)
勹	(bāo)
包	(bāo)
包办	(bāo bàn)
包办代替	(bāo bàn dài tì)
包办婚姻	(bāo bàn hūn yīn)
包包	(bāo bāo)
包被	(bāo bèi)
包庇	(bāo bì)
包菜	(bāo cài)
包藏	(bāo cáng)
包藏祸心	(bāo cáng huò xīn)
包层	(bāo céng)
包产	(bāo chǎn)
包产到户	(bāo chǎn dào hù)
包产到户制	(bāo chǎn dào hù zhì)
包场	(bāo chǎng)
包抄	(bāo chāo)
包车	(bāo chē)
包承组	(bāo chéng zǔ)
包乘	(bāo chéng)
包乘制	(bāo chéng zhì)
包乘组	(bāo chéng zǔ)
包吃包住	(bāo chī bāo zhù)
包船	(bāo chuán)
包打天下	(bāo dǎ tiān xià)
包待制	(bāo dài zhì)
包袋	(bāo dài)
包尔	(bāo ěr)
包二奶	(bāo èr nǎi)
包饭	(bāo fàn)
包房	(bāo fáng)
包封	(bāo fēng)
包袱	(bāo fu)
包袱底儿	(bāo fu dǐ r)
包袱皮儿	(bāo fu pí r)
包干	(bāo gān)
包干儿	(bāo gān r)
包干制	(bāo gān zhì)
包工	(bāo gōng)
包工头	(bāo gōng tóu)
包公	(bāo gōng)
包谷	(bāo gǔ)
包管	(bāo guǎn)
包裹	(bāo guǒ)
包含	(bāo hán)
包涵	(bāo han)
包豪斯	(bāo háo sī)
包河区	(bāo hé qū)
包换	(bāo huàn)
包荒	(bāo huāng)
包活	(bāo huó)
包机	(bāo jī)
包夹	(bāo jiā)
包价	(bāo jià)
包价旅游	(bāo jià lǚ yóu)
包间	(bāo jiān)
包剪锤	(bāo jiǎn chuí)
包浆	(bāo jiāng)
包饺子	(bāo jiǎo zi)
包剿	(bāo jiǎo)
包巾	(bāo jīn)
包金	(bāo jīn)
包茎	(bāo jīng)
包举	(bāo jǔ)
包括	(bāo kuò)
包揽	(bāo lǎn)
包揽词讼	(bāo lǎn cí sòng)
包里斯	(bāo lǐ sī)
包龙图	(bāo lóng tú)
包罗	(bāo luó)
包罗万象	(bāo luó wàn xiàng)
包埋	(bāo mái)
包茅	(bāo máo)
包米	(bāo mǐ)
包囊	(bāo náng)
包赔	(bāo péi)
包皮	(bāo pí)
包皮环切	(bāo pí huán qiē)
包皮环切术	(bāo pí huán qiē shù)
包票	(bāo piào)
包青天	(bāo qīng tiān)
包容	(bāo róng)
包容心	(bāo róng xīn)
包柔氏螺旋体	(bāo róu shì luó xuán tǐ)
包商	(bāo shāng)
包身工	(bāo shēn gōng)
包氏螺旋体	(bāo shì luó xuán tǐ)
包书皮	(bāo shū pí)
包粟	(bāo sù)
包探	(bāo tàn)
包头	(bāo tóu)
包头市	(bāo tóu shì)
包退	(bāo tuì)
包退换	(bāo tuì huàn)
包围	(bāo wéi)
包厢	(bāo xiāng)
包销	(bāo xiāo)
包心菜	(bāo xīn cài)
包养	(bāo yǎng)
包夜	(bāo yè)
包衣	(bāo yī)
包衣种子	(bāo yī zhǒng zi)
包银	(bāo yín)
包邮	(bāo yóu)
包圆儿	(bāo yuán r)
包月	(bāo yuè)
包在我身上	(bāo zài wǒ shēn shang)
包扎	(bāo zā)
包长	(bāo cháng)
包拯	(bāo zhěng)
包治百病	(bāo zhì bǎi bìng)
包住	(bāo zhù)
包装	(bāo zhuāng)
包装物	(bāo zhuāng wù)
包装纸	(bāo zhuāng zhǐ)
包子	(bāo zi)
包子有肉不在褶上	(bāo zi yǒu ròu bù zài zhě shàng)
包租	(bāo zū)
孢	(bāo)
孢子	(bāo zǐ)
枹	(fū)
宀	(mián)
㝉	(zhù)
宝	(bǎo)
宝安区	(bǎo ān qū)
宝爸	(bǎo bà)
宝宝	(bǎo bao)
宝贝	(bǎo bèi)
宝贝儿	(bǎo bèi r)
宝贝疙瘩	(bǎo bèi gē da)
宝藏	(bǎo zàng)
宝成铁路	(bǎo chéng tiě lù)
宝船	(bǎo chuán)
宝刀不老	(bǎo dāo bù lǎo)
宝刀未老	(bǎo dāo wèi lǎo)
宝岛	(bǎo dǎo)
宝地	(bǎo dì)
宝坻	(bǎo dǐ)
宝坻区	(bǎo dǐ qū)
宝典	(bǎo diǎn)
宝殿	(bǎo diàn)
宝丰县	(bǎo fēng xiàn)
宝盖	(bǎo gài)
宝盖草	(bǎo gài cǎo)
宝贵	(bǎo guì)
宝葫芦	(bǎo hú lu)
宝葫芦的秘密	(bǎo hú lu de mì mì)
宝货	(bǎo huò)
宝鸡市	(bǎo jī shì)
宝嘉康蒂	(bǎo jiā kāng dì)
宝剑	(bǎo jiàn)
宝洁	(bǎo jié)
宝洁公司	(bǎo jié gōng sī)
宝可梦	(bǎo kě mèng)
宝库	(bǎo kù)
宝莱坞	(bǎo lái wù)
宝蓝	(bǎo lán)
宝丽金	(bǎo lì jīn)
宝丽来	(bǎo lì lái)
宝林	(bǎo lín)
宝妈	(bǎo mā)
宝马	(bǎo mǎ)
宝马香车	(bǎo mǎ xiāng chē)
宝瓶	(bǎo píng)
宝瓶座	(bǎo píng zuò)
宝清县	(bǎo qīng xiàn)
宝山	(bǎo shān)
宝山区	(bǎo shān qū)
宝山乡	(bǎo shān xiāng)
宝生佛	(bǎo shēng fó)
宝石	(bǎo shí)
宝书	(bǎo shū)
宝塔	(bǎo tǎ)
宝塔菜	(bǎo tǎ cài)
宝塔区	(bǎo tǎ qū)
宝特瓶	(bǎo tè píng)
宝贴	(bǎo tiē)
宝物	(bǎo wù)
宝兴歌鸫	(bǎo xīng gē dōng)
宝兴鹛雀	(bǎo xìng méi què)
宝兴县	(bǎo xīng xiàn)
宝血	(bǎo xuè)
宝应县	(bǎo yìng xiàn)
宝玉	(bǎo yù)
宝志	(bǎo zhì)
宝子	(bǎo zi)
宝座	(bǎo zuò)
保	(bǎo)
保安	(bǎo ān)
保安部队	(bǎo ān bù duì)
保安人员	(bǎo ān rén yuán)
保安团	(bǎo ān tuán)
保安族	(bǎo ān zú)
保本	(bǎo běn)
保镖	(bǎo biāo)
保镳	(bǎo biāo)
保不定	(bǎo bù dìng)
保不齐	(bǎo bu qí)
保不住	(bǎo bu zhù)
保残守缺	(bǎo cán shǒu quē)
保藏	(bǎo cáng)
保呈	(bǎo chéng)
保持	(bǎo chí)
保持器	(bǎo chí qì)
保存	(bǎo cún)
保单	(bǎo dān)
保德县	(bǎo dé xiàn)
保底	(bǎo dǐ)
保定市	(bǎo dìng shì)
保尔	(bǎo ěr)
保尔森	(bǎo ěr sēn)
保费	(bǎo fèi)
保固	(bǎo gù)
保管	(bǎo guǎn)
保管箱	(bǎo guǎn xiāng)
保管员	(bǎo guǎn yuán)
保户	(bǎo hù)
保护	(bǎo hù)
保护国	(bǎo hù guó)
保护剂	(bǎo hù jì)
保护模式	(bǎo hù mó shì)
保护区	(bǎo hù qū)
保护人	(bǎo hù rén)
保护伞	(bǎo hù sǎn)
保护色	(bǎo hù sè)
保护神	(bǎo hù shén)
保护性	(bǎo hù xìng)
保护者	(bǎo hù zhě)
保护主义	(bǎo hù zhǔ yì)
保皇党	(bǎo huáng dǎng)
保惠师	(bǎo huì shī)
保级	(bǎo jí)
保加利亚	(bǎo jiā lì yà)
保家卫国	(bǎo jiā wèi guó)
保甲	(bǎo jiǎ)
保驾	(bǎo jià)
保驾护航	(bǎo jià hù háng)
保监会	(bǎo jiān huì)
保健	(bǎo jiàn)
保健操	(bǎo jiàn cāo)
保角	(bǎo jiǎo)
保角对应	(bǎo jiǎo duì yìng)
保洁	(bǎo jié)
保洁箱	(bǎo jié xiāng)
保靖县	(bǎo jìng xiàn)
保康县	(bǎo kāng xiàn)
保力龙	(bǎo lì lóng)
保丽龙	(bǎo lì lóng)
保利科技有限公司	(bǎo lì kē jì yǒu xiàn gōng sī)
保龄球	(bǎo líng qiú)
保留	(bǎo liú)
保留价	(bǎo liú jià)
保留剧目	(bǎo liú jù mù)
保留区	(bǎo liú qū)
保罗	(bǎo luó)
保媒	(bǎo méi)
保密	(bǎo mì)
保密协议	(bǎo mì xié yì)
保密性	(bǎo mì xìng)
保苗	(bǎo miáo)
保命	(bǎo mìng)
保母	(bǎo mǔ)
保姆	(bǎo mǔ)
保暖	(bǎo nuǎn)
保暖内衣	(bǎo nuǎn nèi yī)
保全	(bǎo quán)
保全员	(bǎo quán yuán)
保人	(bǎo rén)
保山市	(bǎo shān shì)
保墒	(bǎo shāng)
保湿	(bǎo shī)
保时捷	(bǎo shí jié)
保释	(bǎo shì)
保守	(bǎo shǒu)
保守党	(bǎo shǒu dǎng)
保守派	(bǎo shǒu pài)
保守主义	(bǎo shǒu zhǔ yì)
保税	(bǎo shuì)
保税区	(bǎo shuì qū)
保送	(bǎo sòng)
保胎	(bǎo tāi)
保特瓶	(bǎo tè píng)
保亭	(bǎo tíng)
保亭黎族苗族自治县	(bǎo tíng lí zú miáo zú zì zhì xiàn)
保亭县	(bǎo tíng xiàn)
保外就医	(bǎo wài jiù yī)
保卫	(bǎo wèi)
保卫祖国	(bǎo wèi zǔ guó)
保温	(bǎo wēn)
保温杯	(bǎo wēn bēi)
保温瓶	(bǎo wēn píng)
保鲜	(bǎo xiān)
保鲜膜	(bǎo xiān mó)
保鲜期	(bǎo xiān qī)
保鲜纸	(bǎo xiān zhǐ)
保险	(bǎo xiǎn)
保险单	(bǎo xiǎn dān)
保险灯	(bǎo xiǎn dēng)
保险费	(bǎo xiǎn fèi)
保险杠	(bǎo xiǎn gàng)
保险柜	(bǎo xiǎn guì)
保险盒	(bǎo xiǎn hé)
保险人	(bǎo xiǎn rén)
保险丝	(bǎo xiǎn sī)
保险套	(bǎo xiǎn tào)
保险箱	(bǎo xiǎn xiāng)
保修	(bǎo xiū)
保修期	(bǎo xiū qī)
保研	(bǎo yán)
保养	(bǎo yǎng)
保养品	(bǎo yǎng pǐn)
保有	(bǎo yǒu)
保佑	(bǎo yòu)
保祐	(bǎo yòu)
保语	(bǎo yǔ)
保育	(bǎo yù)
保育箱	(bǎo yù xiāng)
保育院	(bǎo yù yuàn)
保长	(bǎo zhǎng)
保长对应	(bǎo cháng duì yìng)
保障	(bǎo zhàng)
保障监督	(bǎo zhàng jiān dū)
保真度	(bǎo zhēn dù)
保证	(bǎo zhèng)
保证金	(bǎo zhèng jīn)
保证人	(bǎo zhèng rén)
保值	(bǎo zhí)
保质期	(bǎo zhì qī)
保种	(bǎo zhǒng)
保重	(bǎo zhòng)
保住	(bǎo zhù)
保准	(bǎo zhǔn)
堡	(pù)
堡礁	(bǎo jiāo)
堡垒	(bǎo lěi)
堡垒机	(bǎo lěi jī)
堡寨	(bǎo zhài)
堡子	(bǔ zi)
媬	(bǎo)
报	(bào)
报案	(bào àn)
报班	(bào bān)
报备	(bào bèi)
报本反始	(bào běn fǎn shǐ)
报表	(bào biǎo)
报偿	(bào cháng)
报仇	(bào chóu)
报仇雪耻	(bào chóu xuě chǐ)
报仇雪恨	(bào chóu xuě hèn)
报酬	(bào chou)
报春花	(bào chūn huā)
报错	(bào cuò)
报答	(bào dá)
报单	(bào dān)
报导	(bào dǎo)
报到	(bào dào)
报道	(bào dào)
报道摄影师	(bào dào shè yǐng shī)
报德	(bào dé)
报毒	(bào dú)
报端	(bào duān)
报恩	(bào ēn)
报废	(bào fèi)
报分	(bào fēn)
报复	(bào fù)
报复心	(bào fù xīn)
报复性	(bào fù xìng)
报告	(bào gào)
报告会	(bào gào huì)
报告书	(bào gào shū)
报告文学	(bào gào wén xué)
报告员	(bào gào yuán)
报功	(bào gōng)
报关	(bào guān)
报关员	(bào guān yuán)
报官	(bào guān)
报馆	(bào guǎn)
报国	(bào guó)
报户口	(bào hù kǒu)
报话机	(bào huà jī)
报价	(bào jià)
报价单	(bào jià dān)
报检	(bào jiǎn)
报捷	(bào jié)
报界	(bào jiè)
报禁	(bào jìn)
报警	(bào jǐng)
报警器	(bào jǐng qì)
报刊	(bào kān)
报刊摊	(bào kān tān)
报刊亭	(bào kān tíng)
报考	(bào kǎo)
报料	(bào liào)
报料人	(bào liào rén)
报录	(bào lù)
报录人	(bào lù rén)
报名	(bào míng)
报名表	(bào míng biǎo)
报名费	(bào míng fèi)
报幕	(bào mù)
报盘	(bào pán)
报批	(bào pī)
报请	(bào qǐng)
报人	(bào rén)
报丧	(bào sāng)
报上	(bào shàng)
报社	(bào shè)
报审	(bào shěn)
报失	(bào shī)
报时	(bào shí)
报收	(bào shōu)
报数	(bào shù)
报税	(bào shuì)
报税表	(bào shuì biǎo)
报税单	(bào shuì dān)
报摊	(bào tān)
报条	(bào tiáo)
报帖	(bào tiě)
报亭	(bào tíng)
报童	(bào tóng)
报头	(bào tóu)
报窝	(bào wō)
报务员	(bào wù yuán)
报喜	(bào xǐ)
报喜不报忧	(bào xǐ bù bào yōu)
报系	(bào xì)
报销	(bào xiāo)
报晓	(bào xiǎo)
报效	(bào xiào)
报信	(bào xìn)
报业	(bào yè)
报以	(bào yǐ)
报应	(bào yìng)
报应不爽	(bào yìng bù shuǎng)
报忧	(bào yōu)
报怨	(bào yuàn)
报载	(bào zǎi)
报摘	(bào zhāi)
报章	(bào zhāng)
报帐	(bào zhàng)
报账	(bào zhàng)
报纸	(bào zhǐ)
报纸报导	(bào zhǐ bào dǎo)
报子	(bào zi)
抱	(bào)
抱抱	(bào bào)
抱抱团	(bào bào tuán)
抱抱装	(bào bào zhuāng)
抱臂	(bào bì)
抱病	(bào bìng)
抱不平	(bào bù píng)
抱残守缺	(bào cán shǒu quē)
抱成一团	(bào chéng yī tuán)
抱持	(bào chí)
抱粗腿	(bào cū tuǐ)
抱大腿	(bào dà tuǐ)
抱定	(bào dìng)
抱犊崮	(bào dú gù)
抱佛脚	(bào fó jiǎo)
抱负	(bào fù)
抱恨	(bào hèn)
抱恨黄泉	(bào hèn huáng quán)
抱恨终天	(bào hèn zhōng tiān)
抱愧	(bào kuì)
抱朴子	(bào pǔ zǐ)
抱歉	(bào qiàn)
抱屈	(bào qū)
抱拳	(bào quán)
抱石	(bào shí)
抱摔	(bào shuāi)
抱睡	(bào shuì)
抱死	(bào sǐ)
抱头	(bào tóu)
抱头鼠窜	(bào tóu shǔ cuàn)
抱头痛哭	(bào tóu tòng kū)
抱团	(bào tuán)
抱窝	(bào wō)
抱薪救火	(bào xīn jiù huǒ)
抱养	(bào yǎng)
抱有	(bào yǒu)
抱怨	(bào yuàn)
抱枕	(bào zhěn)
暴	(bào)
暴毙	(bào bì)
暴病	(bào bìng)
暴打	(bào dǎ)
暴跌	(bào diē)
暴动	(bào dòng)
暴发	(bào fā)
暴发户	(bào fā hù)
暴风	(bào fēng)
暴风圈	(bào fēng quān)
暴风雪	(bào fēng xuě)
暴风雨	(bào fēng yǔ)
暴风骤雨	(bào fēng zhòu yǔ)
暴富	(bào fù)
暴光	(bào guāng)
暴洪	(bào hóng)
暴虎冯河	(bào hǔ píng hé)
暴击	(bào jī)
暴君	(bào jūn)
暴恐	(bào kǒng)
暴扣	(bào kòu)
暴雷	(bào léi)
暴力	(bào lì)
暴力法	(bào lì fǎ)
暴力犯罪	(bào lì fàn zuì)
暴力分拣	(bào lì fēn jiǎn)
暴利	(bào lì)
暴利税	(bào lì shuì)
暴戾	(bào lì)
暴戾恣睢	(bào lì zì suī)
暴敛	(bào liǎn)
暴烈	(bào liè)
暴龙	(bào lóng)
暴龙科	(bào lóng kē)
暴龙属	(bào lóng shǔ)
暴露	(bào lù)
暴露狂	(bào lù kuáng)
暴露癖	(bào lù pǐ)
暴露无遗	(bào lù wú yí)
暴乱	(bào luàn)
暴论	(bào lùn)
暴漫	(bào màn)
暴民	(bào mín)
暴怒	(bào nù)
暴虐	(bào nüè)
暴虐无道	(bào nüè wú dào)
暴胖	(bào pàng)
暴热	(bào rè)
暴晒	(bào shài)
暴食	(bào shí)
暴食症	(bào shí zhèng)
暴瘦	(bào shòu)
暴死	(bào sǐ)
暴殄天物	(bào tiǎn tiān wù)
暴跳如雷	(bào tiào rú léi)
暴徒	(bào tú)
暴行	(bào xíng)
暴雪	(bào xuě)
暴雪鹱	(bào xuě hù)
暴牙	(bào yá)
暴饮暴食	(bào yǐn bào shí)
暴雨	(bào yǔ)
暴燥	(bào zào)
暴躁	(bào zào)
暴涨	(bào zhǎng)
暴政	(bào zhèng)
暴走	(bào zǒu)
暴走漫画	(bào zǒu màn huà)
暴走鞋	(bào zǒu xié)
暴走族	(bào zǒu zú)
暴卒	(bào zú)
曓	(bào)
儤	(bào)
杯	(bēi)
杯垫	(bēi diàn)
杯盖	(bēi gài)
杯葛	(bēi gé)
杯弓蛇影	(bēi gōng shé yǐng)
杯酒解怨	(bēi jiǔ jiě yuàn)
杯酒释兵权	(bēi jiǔ shì bīng quán)
杯酒言欢	(bēi jiǔ yán huān)
杯具	(bēi jù)
杯面	(bēi miàn)
杯盘狼藉	(bēi pán láng jí)
杯水车薪	(bēi shuǐ chē xīn)
杯套	(bēi tào)
杯托	(bēi tuō)
杯中物	(bēi zhōng wù)
杯子	(bēi zi)
卑	(bēi)
卑卑不足道	(bēi bēi bù zú dào)
卑鄙	(bēi bǐ)
卑鄙龌龊	(bēi bǐ wò chuò)
卑鄙无耻	(bēi bǐ wú chǐ)
卑不足道	(bēi bù zú dào)
卑辞厚币	(bēi cí hòu bì)
卑辞厚礼	(bēi cí hòu lǐ)
卑尔根	(bēi ěr gēn)
卑躬屈节	(bēi gōng qū jié)
卑躬屈膝	(bēi gōng qū xī)
卑贱	(bēi jiàn)
卑劣	(bēi liè)
卑陋	(bēi lòu)
卑陋龌龊	(bēi lòu wò chuò)
卑南	(bēi nán)
卑南乡	(bēi nán xiāng)
卑南族	(bēi nán zú)
卑怯	(bēi qiè)
卑亲属	(bēi qīn shǔ)
卑诗	(bēi shī)
卑微	(bēi wēi)
卑污	(bēi wū)
卑下	(bēi xià)
卑以自牧	(bēi yǐ zì mù)
卑之，无甚高论	(bēi zhī , wú shèn gāo lùn)
卑之，毋甚高论	(bēi zhī , wú shèn gāo lùn)
椑	(bēi)
悲	(bēi)
悲哀	(bēi āi)
悲报	(bēi bào)
悲不自胜	(bēi bù zì shèng)
悲惨	(bēi cǎn)
悲惨世界	(bēi cǎn shì jiè)
悲恻	(bēi cè)
悲愁	(bēi chóu)
悲楚	(bēi chǔ)
悲怆	(bēi chuàng)
悲催	(bēi cuī)
悲摧	(bēi cuī)
悲悼	(bēi dào)
悲愤	(bēi fèn)
悲歌	(bēi gē)
悲歌当哭	(bēi gē dàng kū)
悲哽	(bēi gěng)
悲观	(bēi guān)
悲欢离合	(bēi huān lí hé)
悲剧	(bēi jù)
悲剧缺陷	(bēi jù quē xiàn)
悲剧性	(bēi jù xìng)
悲苦	(bēi kǔ)
悲凉	(bēi liáng)
悲悯	(bēi mǐn)
悲鸣	(bēi míng)
悲凄	(bēi qī)
悲戚	(bēi qī)
悲泣	(bēi qì)
悲切	(bēi qiè)
悲伤	(bēi shāng)
悲声载道	(bēi shēng zài dào)
悲酸	(bēi suān)
悲叹	(bēi tàn)
悲啼	(bēi tí)
悲天悯人	(bēi tiān mǐn rén)
悲恸	(bēi tòng)
悲痛	(bēi tòng)
悲痛欲绝	(bēi tòng yù jué)
悲喜交集	(bēi xǐ jiāo jí)
悲喜剧	(bēi xǐ jù)
悲壮	(bēi zhuàng)
㮎	(bēi)
北	(běi)
北爱	(běi ài)
北爱尔兰	(běi ài ěr lán)
北安普敦	(běi ān pǔ dūn)
北安市	(běi ān shì)
北半球	(běi bàn qiú)
北碚区	(běi bèi qū)
北鼻	(běi bí)
北边	(běi biān)
北边儿	(běi biān r)
北冰洋	(běi bīng yáng)
北布拉班特	(běi bù lā bān tè)
北部	(běi bù)
北部湾	(běi bù wān)
北侧	(běi cè)
北柴胡	(běi chái hú)
北朝	(běi cháo)
北朝鲜	(běi cháo xiǎn)
北车	(běi chē)
北辰	(běi chén)
北辰区	(běi chén qū)
北川羌族自治县	(běi chuān qiāng zú zì zhì xiàn)
北达科他	(běi dá kē tā)
北大	(běi dà)
北大荒	(běi dà huāng)
北大西洋	(běi dà xī yáng)
北大西洋公约组织	(běi dà xī yáng gōng yuē zǔ zhī)
北戴河区	(běi dài hé qū)
北岛	(běi dǎo)
北斗	(běi dǒu)
北斗七星	(běi dǒu qī xīng)
北斗卫星导航系统	(běi dǒu wèi xīng dǎo háng xì tǒng)
北斗星	(běi dǒu xīng)
北斗镇	(běi dǒu zhèn)
北端	(běi duān)
北短翅莺	(běi duǎn chì yīng)
北二外	(běi èr wài)
北伐军	(běi fá jūn)
北方	(běi fāng)
北方邦	(běi fāng bāng)
北方工业	(běi fāng gōng yè)
北方佬	(běi fāng lǎo)
北方民族大学	(běi fāng mín zú dà xué)
北方中杜鹃	(běi fāng zhōng dù juān)
北非	(běi fēi)
北风	(běi fēng)
北竿	(běi gān)
北竿乡	(běi gān xiāng)
北港	(běi gǎng)
北港镇	(běi gǎng zhèn)
北关区	(běi guān qū)
北国	(běi guó)
北海	(běi hǎi)
北海道	(běi hǎi dào)
北海公园	(běi hǎi gōng yuán)
北海舰队	(běi hǎi jiàn duì)
北海市	(běi hǎi shì)
北韩	(běi hán)
北寒带	(běi hán dài)
北汉	(běi hàn)
北荷兰	(běi hé lán)
北红尾鸲	(běi hóng wěi qú)
北湖区	(běi hú qū)
北蝗莺	(běi huáng yīng)
北回归线	(běi huí guī xiàn)
北极	(běi jí)
北极光	(běi jí guāng)
北极狐	(běi jí hú)
北极鸥	(běi jí ōu)
北极圈	(běi jí quān)
北极星	(běi jí xīng)
北极熊	(běi jí xióng)
北江	(běi jiāng)
北疆	(běi jiāng)
北角	(běi jiǎo)
北京	(běi jīng)
北京产权交易所	(běi jīng chǎn quán jiāo yì suǒ)
北京大兴国际机场	(běi jīng dà xīng guó jì jī chǎng)
北京大学	(běi jīng dà xué)
北京第二外国语学院	(běi jīng dì èr wài guó yǔ xué yuàn)
北京电影学院	(běi jīng diàn yǐng xué yuàn)
北京工人体育场	(běi jīng gōng rén tǐ yù chǎng)
北京工业大学	(běi jīng gōng yè dà xué)
北京广播学院	(běi jīng guǎng bō xué yuàn)
北京国家体育场	(běi jīng guó jiā tǐ yù chǎng)
北京咳	(běi jīng ké)
北京航空航天大学	(běi jīng háng kōng háng tiān dà xué)
北京话	(běi jīng huà)
北京环球金融中心	(běi jīng huán qiú jīn róng zhōng xīn)
北京教育学院	(běi jīng jiào yù xué yuàn)
北京烤鸭	(běi jīng kǎo yā)
北京科技大学	(běi jīng kē jì dà xué)
北京理工大学	(běi jīng lǐ gōng dà xué)
北京林业大学	(běi jīng lín yè dà xué)
北京南苑机场	(běi jīng nán yuàn jī chǎng)
北京汽车制造厂有限公司	(běi jīng qì chē zhì zào chǎng yǒu xiàn gōng sī)
北京人	(běi jīng rén)
北京日报	(běi jīng rì bào)
北京师范大学	(běi jīng shī fàn dà xué)
北京时间	(běi jīng shí jiān)
北京市	(běi jīng shì)
北京瘫	(běi jīng tān)
北京外国语大学	(běi jīng wài guó yǔ dà xué)
北京晚报	(běi jīng wǎn bào)
北京舞蹈学院	(běi jīng wǔ dǎo xué yuàn)
北京物资学院	(běi jīng wù zī xué yuàn)
北京音	(běi jīng yīn)
北京语言大学	(běi jīng yǔ yán dà xué)
北京语言学院	(běi jīng yǔ yán xué yuàn)
北京猿人	(běi jīng yuán rén)
北京中医药大学	(běi jīng zhōng yī yào dà xué)
北京周报	(běi jīng zhōu bào)
北卡罗来纳	(běi kǎ luó lái nà)
北莱茵·威斯特法伦州	(běi lái yīn · wēi sī tè fǎ lún zhōu)
北佬	(běi lǎo)
北凉	(běi liáng)
北椋鸟	(běi liáng niǎo)
北林区	(běi lín qū)
北领地	(běi lǐng dì)
北领角鸮	(běi lǐng jiǎo xiāo)
北流市	(běi liú shì)
北鹨	(běi liù)
北仑区	(běi lún qū)
北马里亚纳	(běi mǎ lǐ yà nà)
北马里亚纳群岛	(běi mǎ lǐ yà nà qún dǎo)
北马其顿	(běi mǎ qí dùn)
北邙	(běi máng)
北美	(běi měi)
北美洲	(běi měi zhōu)
北冕座	(běi miǎn zuò)
北面	(běi miàn)
北欧	(běi ōu)
北欧航空公司	(běi ōu háng kōng gōng sī)
北欧两项	(běi ōu liǎng xiàng)
北派螳螂拳	(běi pài táng láng quán)
北票市	(běi piào shì)
北漂	(běi piāo)
北平	(běi píng)
北坡	(běi pō)
北埔	(běi pǔ)
北埔乡	(běi pǔ xiāng)
北齐	(běi qí)
北圻	(běi qí)
北汽	(běi qì)
北山	(běi shān)
北山羊	(běi shān yáng)
北上	(běi shàng)
北上广	(běi shàng guǎng)
北上广深	(běi shàng guǎng shēn)
北师大	(běi shī dà)
北市	(běi shì)
北宋	(běi sòng)
北宋四大部书	(běi sòng sì dà bù shū)
北叟失马	(běi sǒu shī mǎ)
北塔区	(běi tǎ qū)
北投区	(běi tóu qū)
北屯	(běi tún)
北屯区	(běi tún qū)
北屯市	(běi tún shì)
北外	(běi wài)
北威州	(běi wēi zhōu)
北纬	(běi wěi)
北魏	(běi wèi)
北温带	(běi wēn dài)
北亚	(běi yà)
北燕	(běi yān)
北洋	(běi yáng)
北洋军	(běi yáng jūn)
北洋军阀	(běi yáng jūn fá)
北洋陆军	(běi yáng lù jūn)
北洋水师	(běi yáng shuǐ shī)
北洋系	(běi yáng xì)
北印度语	(běi yìn dù yǔ)
北鹰鹃	(běi yīng juān)
北苑	(běi yuàn)
北约	(běi yuē)
北岳	(běi yuè)
北越	(běi yuè)
北噪鸦	(běi zào yā)
北长尾山雀	(běi cháng wěi shān què)
北镇市	(běi zhèn shì)
北征	(běi zhēng)
北周	(běi zhōu)
北朱雀	(běi zhū què)
孛	(bèi)
孛星	(bèi xīng)
备	(bèi)
备案	(bèi àn)
备办	(bèi bàn)
备查	(bèi chá)
备尝辛苦	(bèi cháng xīn kǔ)
备抵	(bèi dǐ)
备而不用	(bèi ér bù yòng)
备份	(bèi fèn)
备耕	(bèi gēng)
备荒	(bèi huāng)
备货	(bèi huò)
备件	(bèi jiàn)
备降	(bèi jiàng)
备考	(bèi kǎo)
备课	(bèi kè)
备料	(bèi liào)
备皮	(bèi pí)
备品	(bèi pǐn)
备取	(bèi qǔ)
备受	(bèi shòu)
备胎	(bèi tāi)
备妥	(bèi tuǒ)
备忘录	(bèi wàng lù)
备悉	(bèi xī)
备细	(bèi xì)
备下	(bèi xià)
备选	(bèi xuǎn)
备用	(bèi yòng)
备用二级头呼吸器	(bèi yòng èr jí tóu hū xī qì)
备用环	(bèi yòng huán)
备援	(bèi yuán)
备孕	(bèi yùn)
备战	(bèi zhàn)
备至	(bèi zhì)
备注	(bèi zhù)
备注栏	(bèi zhù lán)
背	(bēi)
背债	(bēi zhài)
倍	(bèi)
倍儿	(bèi r)
倍儿棒	(bèi r bàng)
倍感	(bèi gǎn)
倍率	(bèi lǜ)
倍频器	(bèi pín qì)
倍数	(bèi shù)
倍速	(bèi sù)
倍增	(bèi zēng)
倍增器	(bèi zēng qì)
倍足纲	(bèi zú gāng)
倍足类	(bèi zú lèi)
悖	(bèi)
悖晦	(bèi huì)
悖乱	(bèi luàn)
悖论	(bèi lùn)
悖谬	(bèi miù)
悖缪	(bèi miù)
悖逆	(bèi nì)
偝	(bèi)
僃	(bèi)
惫	(bèi)
惫倦	(bèi juàn)
惫赖	(bèi lài)
惫懒	(bèi lǎn)
呗	(bei)
奔	(bēn)
奔波	(bēn bō)
奔驰	(bēn chí)
奔窜	(bēn cuàn)
奔放	(bēn fàng)
奔赴	(bēn fù)
奔流	(bēn liú)
奔马	(bēn mǎ)
奔忙	(bēn máng)
奔命	(bēn mìng)
奔跑	(bēn pǎo)
奔丧	(bēn sāng)
奔逃	(bēn táo)
奔腾	(bēn téng)
奔头	(bèn tou)
奔头儿	(bèn tou r)
奔袭	(bēn xí)
奔现	(bēn xiàn)
奔泻	(bēn xiè)
奔月	(bèn yuè)
奔走	(bēn zǒu)
奔走相告	(bēn zǒu xiāng gào)
栟	(bīng)
本	(běn)
本·拉登	(běn · lā dēng)
本帮菜	(běn bāng cài)
本报	(běn bào)
本本	(běn běn)
本本分分	(běn běn fèn fèn)
本本主义	(běn běn zhǔ yì)
本币	(běn bì)
本部	(běn bù)
本埠	(běn bù)
本草	(běn cǎo)
本朝	(běn cháo)
本初子午线	(běn chū zǐ wǔ xiàn)
本处	(běn chù)
本茨	(běn cí)
本岛	(běn dǎo)
本地	(běn dì)
本地管理界面	(běn dì guǎn lǐ jiè miàn)
本地化	(běn dì huà)
本地人	(běn dì rén)
本底	(běn dǐ)
本底调查	(běn dǐ diào chá)
本底辐射	(běn dǐ fú shè)
本底计数	(běn dǐ jì shù)
本笃会	(běn dǔ huì)
本分	(běn fèn)
本俸	(běn fèng)
本固枝荣	(běn gù zhī róng)
本贯	(běn guàn)
本国	(běn guó)
本国人	(běn guó rén)
本纪	(běn jì)
本家	(běn jiā)
本杰明	(běn jié míng)
本杰明·富兰克林	(běn jié míng · fù lán kè lín)
本届	(běn jiè)
本金	(běn jīn)
本经	(běn jīng)
本就	(běn jiù)
本科	(běn kē)
本科生	(běn kē shēng)
本科系	(běn kē xì)
本拉登	(běn lā dēng)
本来	(běn lái)
本来面目	(běn lái miàn mù)
本垒	(běn lěi)
本垒打	(běn lěi dǎ)
本利	(běn lì)
本领	(běn lǐng)
本名	(běn míng)
本末	(běn mò)
本末倒置	(běn mò dào zhì)
本那比市	(běn nà bǐ shì)
本内特	(běn nèi tè)
本能	(běn néng)
本尼迪	(běn ní dí)
本年度	(běn nián dù)
本票	(běn piào)
本期	(běn qī)
本钱	(běn qián)
本人	(běn rén)
本日	(běn rì)
本色	(běn shǎi)
本身	(běn shēn)
本生灯	(běn shēng dēng)
本省人	(běn shěng rén)
本士	(běn shì)
本市	(běn shì)
本事	(běn shì)
本台	(běn tái)
本题	(běn tí)
本体	(běn tǐ)
本体论	(běn tǐ lùn)
本田	(běn tián)
本土	(běn tǔ)
本土化	(běn tǔ huà)
本土派	(běn tǔ pài)
本位	(běn wèi)
本位号	(běn wèi hào)
本位货币	(běn wèi huò bì)
本位音	(běn wèi yīn)
本位制	(běn wèi zhì)
本位主义	(běn wèi zhǔ yì)
本文	(běn wén)
本我	(běn wǒ)
本息	(běn xī)
本溪满族自治县	(běn xī mǎn zú zì zhì xiàn)
本溪市	(běn xī shì)
本乡	(běn xiāng)
本相	(běn xiàng)
本小利微	(běn xiǎo lì wēi)
本星期	(běn xīng qī)
本行	(běn háng)
本性	(běn xìng)
本性难移	(běn xìng nán yí)
本业	(běn yè)
本义	(běn yì)
本益比	(běn yì bǐ)
本意	(běn yì)
本因坊	(běn yīn fāng)
本因坊秀策	(běn yīn fāng xiù cè)
本应	(běn yīng)
本影	(běn yǐng)
本源	(běn yuán)
本月	(běn yuè)
本着	(běn zhe)
本真	(běn zhēn)
本征向量	(běn zhēng xiàng liàng)
本征值	(běn zhēng zhí)
本职	(běn zhí)
本质	(běn zhì)
本质上	(běn zhì shàng)
本州	(běn zhōu)
本子	(běn zi)
本字	(běn zì)
本族语	(běn zú yǔ)
本罪	(běn zuì)
本尊	(běn zūn)
楍	(běn)
坌	(bèn)
伻	(bēng)
崩	(bēng)
崩殂	(bēng cú)
崩摧	(bēng cuī)
崩大碗	(bēng dà wǎn)
崩倒	(bēng dǎo)
崩坏	(bēng huài)
崩坏作用	(bēng huài zuò yòng)
崩毁	(bēng huǐ)
崩决	(bēng jué)
崩溃	(bēng kuì)
崩裂	(bēng liè)
崩龙族	(bēng lóng zú)
崩漏	(bēng lòu)
崩落	(bēng luò)
崩盘	(bēng pán)
崩塌	(bēng tā)
崩坍	(bēng tān)
崩陷	(bēng xiàn)
崩症	(bēng zhèng)
嘣	(bēng)
埲	(běng)
屄	(bī)
屄屄	(bī bi)
屄样儿	(bī yàng r)
逼	(bī)
楅	(bì)
柲	(bì)
匕	(bǐ)
匕首	(bǐ shǒu)
比	(bǐ)
比埃兹巴伯	(bǐ āi zī bā bó)
比安	(bǐ ān)
比比皆是	(bǐ bǐ jiē shì)
比捕	(bǐ bǔ)
比不了	(bǐ bù liǎo)
比不上	(bǐ bù shàng)
比才	(bǐ cái)
比登天还难	(bǐ dēng tiān hái nán)
比对	(bǐ duì)
比尔	(bǐ ěr)
比尔·盖茨	(bǐ ěr · gài cí)
比尔博	(bǐ ěr bó)
比方	(bǐ fang)
比方说	(bǐ fang shuō)
比分	(bǐ fēn)
比佛利山	(bǐ fó lì shān)
比杆赛	(bǐ gān sài)
比干	(bǐ gān)
比哈尔邦	(bǐ hā ěr bāng)
比划	(bǐ hua)
比画	(bǐ hua)
比基尼	(bǐ jī ní)
比基尼环礁	(bǐ jī ní huán jiāo)
比及	(bǐ jí)
比价	(bǐ jià)
比肩	(bǐ jiān)
比来	(bǐ lái)
比烂	(bǐ làn)
比勒费尔德	(bǐ lè fèi ěr dé)
比勒陀利亚	(bǐ lè tuó lì yà)
比利	(bǐ lì)
比利牛斯	(bǐ lì niú sī)
比利牛斯山	(bǐ lì niú sī shān)
比利时	(bǐ lì shí)
比例	(bǐ lì)
比例尺	(bǐ lì chǐ)
比率	(bǐ lǜ)
比目鱼	(bǐ mù yú)
比拟	(bǐ nǐ)
比年	(bǐ nián)
比拚	(bǐ pàn)
比拼	(bǐ pīn)
比丘	(bǐ qiū)
比丘尼	(bǐ qiū ní)
比热	(bǐ rè)
比容	(bǐ róng)
比如	(bǐ rú)
比如说	(bǐ rú shuō)
比如县	(bǐ rú xiàn)
比萨	(bǐ sà)
比色分析	(bǐ sè fēn xī)
比上不足，比下有余	(bǐ shàng bù zú , bǐ xià yǒu yú)
比绍	(bǐ shào)
比什凯克	(bǐ shí kǎi kè)
比湿	(bǐ shī)
比氏鹟莺	(bǐ shì wēng yīng)
比手划脚	(bǐ shǒu huà jiǎo)
比手画脚	(bǐ shǒu huà jiǎo)
比数	(bǐ shù)
比斯开湾	(bǐ sī kāi wān)
比索	(bǐ suǒ)
比特	(bǐ tè)
比特币	(bǐ tè bì)
比特纳	(bǐ tè nà)
比特犬	(bǐ tè quǎn)
比腕力	(bǐ wàn lì)
比威力	(bǐ wēi lì)
比为	(bǐ wéi)
比武	(bǐ wǔ)
比下去	(bǐ xià qù)
比心	(bǐ xīn)
比亚	(bǐ yà)
比亚迪	(bǐ yà dí)
比亚迪汽车	(bǐ yà dí qì chē)
比亚韦斯托克	(bǐ yà wéi sī tuō kè)
比耶	(bǐ yē)
比一比	(bǐ yi bǐ)
比翼	(bǐ yì)
比翼齐飞	(bǐ yì qí fēi)
比翼双飞	(bǐ yì shuāng fēi)
比喻	(bǐ yù)
比喻义	(bǐ yù yì)
比照	(bǐ zhào)
比值	(bǐ zhí)
比中指	(bǐ zhōng zhǐ)
比作	(bǐ zuò)
比做	(bǐ zuò)
夶	(bǐ)
吡	(bǐ)
吡咯	(bǐ luò)
吡拉西坦	(bǐ lā xī tǎn)
吡叻	(bǐ lè)
吡喃	(bǐ nán)
吡嗪	(bǐ qín)
吡唑	(bǐ zuò)
妣	(bǐ)
彼	(bǐ)
彼岸	(bǐ àn)
彼岸花	(bǐ àn huā)
彼倡此和	(bǐ chàng cǐ hé)
彼唱此和	(bǐ chàng cǐ hé)
彼此	(bǐ cǐ)
彼此彼此	(bǐ cǐ bǐ cǐ)
彼得	(bǐ dé)
彼得堡	(bǐ dé bǎo)
彼得格勒	(bǐ dé gé lè)
彼得后书	(bǐ dé hòu shū)
彼得罗维奇	(bǐ dé luó wéi qí)
彼得潘	(bǐ dé pān)
彼得前书	(bǐ dé qián shū)
彼尔姆	(bǐ ěr mǔ)
彼拉多	(bǐ lā duō)
彼拉提斯	(bǐ lā tí sī)
彼时	(bǐ shí)
彼一时此一时	(bǐ yī shí cǐ yī shí)
俾	(bǐ)
俾格米	(bǐ gé mǐ)
俾利	(bǐ lì)
俾路支	(bǐ lù zhī)
俾路支省	(bǐ lù zhī shěng)
俾倪	(bǐ ní)
俾使	(bǐ shǐ)
俾斯麦	(bǐ sī mài)
俾夜作昼	(bǐ yè zuò zhòu)
俾昼作夜	(bǐ zhòu zuò yè)
币	(bì)
币别	(bì bié)
币值	(bì zhí)
币制	(bì zhì)
币种	(bì zhǒng)
必	(bì)
必备	(bì bèi)
必不可少	(bì bù kě shǎo)
必得	(bì děi)
必定	(bì dìng)
必恭必敬	(bì gōng bì jìng)
必和必拓	(bì huó bì tuò)
必将	(bì jiāng)
必经	(bì jīng)
必经之路	(bì jīng zhī lù)
必然	(bì rán)
必然结果	(bì rán jié guǒ)
必然王国	(bì rán wáng guó)
必杀技	(bì shā jì)
必胜	(bì shèng)
必胜客	(bì shèng kè)
必死无疑	(bì sǐ wú yí)
必死之症	(bì sǐ zhī zhèng)
必修	(bì xiū)
必修课	(bì xiū kè)
必须	(bì xū)
必需	(bì xū)
必需品	(bì xū pǐn)
必要	(bì yào)
必要条件	(bì yào tiáo jiàn)
必要性	(bì yào xìng)
必应	(bì yìng)
必有重谢	(bì yǒu zhòng xiè)
坒	(bì)
庇	(bì)
庇古	(bì gǔ)
庇护	(bì hù)
庇护所	(bì hù suǒ)
庇荫	(bì yìn)
庇佑	(bì yòu)
庇祐	(bì yòu)
怭	(bì)
哔哔啪啪	(bì bì pā pā)
哔叽	(bì jī)
哔哩哔哩	(bī lī bī lī)
毙	(bì)
毙命	(bì mìng)
梐	(bì)
庳	(bì)
敝	(bì)
敝屣	(bì xǐ)
敝屣尊荣	(bì xǐ zūn róng)
敝帚千金	(bì zhǒu qiān jīn)
敝帚自珍	(bì zhǒu zì zhēn)
婢	(bì)
婢女	(bì nǚ)
愊	(bì)
愎	(bì)
弼	(bì)
弊	(bì)
弊案	(bì àn)
弊病	(bì bìng)
弊端	(bì duān)
壁	(bì)
壁癌	(bì ái)
壁报	(bì bào)
壁橱	(bì chú)
壁灯	(bì dēng)
壁咚	(bì dōng)
壁挂	(bì guà)
壁虎	(bì hǔ)
壁画	(bì huà)
壁架	(bì jià)
壁龛	(bì kān)
壁垒	(bì lěi)
壁垒森严	(bì lěi sēn yán)
壁垒一新	(bì lěi yī xīn)
壁立	(bì lì)
壁立千仞	(bì lì qiān rèn)
壁炉	(bì lú)
壁球	(bì qiú)
壁塞	(bì sāi)
壁虱	(bì shī)
壁毯	(bì tǎn)
壁网球	(bì wǎng qiú)
壁厢	(bì xiāng)
壁效应	(bì xiào yìng)
壁纸	(bì zhǐ)
壁助	(bì zhù)
嬖	(bì)
䟆	(bì)
奰	(bì)
扁	(piān)
扁虫	(biǎn chóng)
扁担	(biǎn dan)
扁担星	(biǎn dan xīng)
扁豆	(biǎn dòu)
扁额	(biǎn é)
扁骨	(biǎn gǔ)
扁坯	(biǎn pī)
扁平	(biǎn píng)
扁平足	(biǎn píng zú)
扁锹形虫	(biǎn qiāo xíng chóng)
扁鹊	(biǎn què)
扁虱	(biǎn shī)
扁食	(biǎn shi)
扁桃	(biǎn táo)
扁桃体	(biǎn táo tǐ)
扁桃体炎	(biǎn táo tǐ yán)
扁桃腺	(biǎn táo xiàn)
扁桃腺炎	(biǎn táo xiàn yán)
扁形动物	(biǎn xíng dòng wù)
扁穴	(biǎn xué)
扁圆	(biǎn yuán)
扁舟	(piān zhōu)
扁嘴海雀	(biǎn zuǐ hǎi què)
匾	(biǎn)
匾额	(biǎn é)
卞	(biàn)
弁	(biàn)
抃	(biàn)
抃舞	(biàn wǔ)
抃悦	(biàn yuè)
抃掌	(biàn zhǎng)
忭	(biàn)
忭舞	(biàn wǔ)
昪	(biàn)
便	(biàn)
便便	(pián pián)
便步走	(biàn bù zǒu)
便车	(biàn chē)
便池	(biàn chí)
便当	(biàn dāng)
便道	(biàn dào)
便饭	(biàn fàn)
便服	(biàn fú)
便服店	(biàn fú diàn)
便函	(biàn hán)
便壶	(biàn hú)
便急	(biàn jí)
便笺	(biàn jiān)
便捷	(biàn jié)
便捷化	(biàn jié huà)
便览	(biàn lǎn)
便利	(biàn lì)
便利店	(biàn lì diàn)
便利商店	(biàn lì shāng diàn)
便利贴	(biàn lì tiē)
便利性	(biàn lì xìng)
便帽	(biàn mào)
便门	(biàn mén)
便秘	(biàn mì)
便民	(biàn mín)
便民利民	(biàn mín lì mín)
便难	(biàn nàn)
便溺	(biàn niào)
便盆	(biàn pén)
便器	(biàn qì)
便签	(biàn qiān)
便桥	(biàn qiáo)
便人	(biàn rén)
便士	(biàn shì)
便是	(biàn shì)
便所	(biàn suǒ)
便条	(biàn tiáo)
便条纸	(biàn tiáo zhǐ)
便桶	(biàn tǒng)
便携	(biàn xié)
便携式	(biàn xié shì)
便鞋	(biàn xié)
便嬛	(pián xuān)
便血	(biàn xiě)
便宴	(biàn yàn)
便衣	(biàn yī)
便衣警察	(biàn yī jǐng chá)
便宜	(pián yi)
便宜货	(pián yi huò)
便宜行事	(biàn yí xíng shì)
便意	(biàn yì)
便于	(biàn yú)
便中	(biàn zhōng)
便装	(biàn zhuāng)
便酌	(biàn zhuó)
遍	(biàn)
杓	(biāo)
杓子	(sháo zi)
标	(biāo)
标榜	(biāo bǎng)
标本	(biāo běn)
标本虫	(biāo běn chóng)
标兵	(biāo bīng)
标称	(biāo chēng)
标尺	(biāo chǐ)
标得	(biāo dé)
标地	(biāo dì)
标的	(biāo dì)
标灯	(biāo dēng)
标底	(biāo dǐ)
标点	(biāo diǎn)
标点符号	(biāo diǎn fú hào)
标定	(biāo dìng)
标度	(biāo dù)
标杆	(biāo gān)
标竿	(biāo gān)
标高	(biāo gāo)
标格	(biāo gé)
标号	(biāo hào)
标会	(biāo huì)
标绘	(biāo huì)
标记	(biāo jì)
标价	(biāo jià)
标架	(biāo jià)
标间	(biāo jiān)
标界	(biāo jiè)
标金	(biāo jīn)
标量	(biāo liàng)
标卖	(biāo mài)
标明	(biāo míng)
标牌	(biāo pái)
标配	(biāo pèi)
标普	(biāo pǔ)
标签	(biāo qiān)
标签页	(biāo qiān yè)
标枪	(biāo qiāng)
标清	(biāo qīng)
标识	(biāo zhì)
标示	(biāo shì)
标售	(biāo shòu)
标书	(biāo shū)
标题	(biāo tí)
标题党	(biāo tí dǎng)
标题栏	(biāo tí lán)
标题新闻	(biāo tí xīn wén)
标题语	(biāo tí yǔ)
标图	(biāo tú)
标线	(biāo xiàn)
标新竞异	(biāo xīn jìng yì)
标新立异	(biāo xīn lì yì)
标新领异	(biāo xīn lǐng yì)
标新取异	(biāo xīn qǔ yì)
标音法	(biāo yīn fǎ)
标语	(biāo yǔ)
标语牌	(biāo yǔ pái)
标章	(biāo zhāng)
标志	(biāo zhì)
标志性	(biāo zhì xìng)
标帜	(biāo zhì)
标致	(biāo zhi)
标注	(biāo zhù)
标柱	(biāo zhù)
标砖	(biāo zhuān)
标桩	(biāo zhuāng)
标准	(biāo zhǔn)
标准差	(biāo zhǔn chā)
标准尺寸	(biāo zhǔn chǐ cùn)
标准杆	(biāo zhǔn gān)
标准规格	(biāo zhǔn guī gé)
标准化	(biāo zhǔn huà)
标准间	(biāo zhǔn jiān)
标准模型	(biāo zhǔn mó xíng)
标准普尔	(biāo zhǔn pǔ ěr)
标准时	(biāo zhǔn shí)
标准像	(biāo zhǔn xiàng)
标准音	(biāo zhǔn yīn)
标准语	(biāo zhǔn yǔ)
标准状况	(biāo zhǔn zhuàng kuàng)
标准状态	(biāo zhǔn zhuàng tài)
标准组织	(biāo zhǔn zǔ zhī)
彪	(biāo)
彪炳	(biāo bǐng)
彪炳千古	(biāo bǐng qiān gǔ)
彪个子	(biāo gè zi)
彪悍	(biāo hàn)
彪焕	(biāo huàn)
彪马	(biāo mǎ)
彪蒙	(biāo méng)
彪形	(biāo xíng)
彪形大汉	(biāo xíng dà hàn)
彪休	(biāo xiū)
彪壮	(biāo zhuàng)
彪子	(biāo zi)
摽	(biào)
儦	(biāo)
嫑	(biáo)
婊	(biǎo)
婊子	(biǎo zi)
俵	(biào)
憋	(biē)
憋不住	(biē bu zhù)
憋闷	(biē men)
憋尿	(biē niào)
憋气	(biē qì)
憋屈	(biē qū)
憋笑	(biē xiào)
别	(bié)
别称	(bié chēng)
别出心裁	(bié chū xīn cái)
别处	(bié chù)
别传	(bié zhuàn)
别的	(bié de)
别动队	(bié dòng duì)
别管	(bié guǎn)
别号	(bié hào)
别赫捷列夫	(bié hè jié liè fū)
别具匠心	(bié jù jiàng xīn)
别具一格	(bié jù yī gé)
别开生面	(bié kāi shēng miàn)
别看	(bié kàn)
别克	(bié kè)
别客气	(bié kè qi)
别来无恙	(bié lái wú yàng)
别离	(bié lí)
别理	(bié lǐ)
别脸	(bié liǎn)
别论	(bié lùn)
别苗头	(bié miáo tou)
别名	(bié míng)
别扭	(biè niu)
别人	(bié ren)
别人牵驴你拔橛子	(bié ren qiān lǘ nǐ bá jué zi)
别树一旗	(bié shù yī qí)
别树一帜	(bié shù yī zhì)
别墅	(bié shù)
别说	(bié shuō)
别太客气	(bié tài kè qi)
别提了	(bié tí le)
别无	(bié wú)
别无二致	(bié wú èr zhì)
别无他法	(bié wú tā fǎ)
别无他物	(bié wú tā wù)
别无选择	(bié wú xuǎn zé)
别无长物	(bié wú cháng wù)
别绪	(bié xù)
别筵	(bié yán)
别样	(bié yàng)
别有	(bié yǒu)
别有洞天	(bié yǒu dòng tiān)
别有天地	(bié yǒu tiān dì)
别有用心	(bié yǒu yòng xīn)
别有韵味	(bié yǒu yùn wèi)
别针	(bié zhēn)
别致	(bié zhì)
别庄	(bié zhuāng)
别子	(bié zi)
别嘴	(biè zuǐ)
咇	(bì)
瘪	(biě)
彬	(bīn)
彬彬	(bīn bīn)
彬彬君子	(bīn bīn jūn zǐ)
彬彬有礼	(bīn bīn yǒu lǐ)
彬马那	(bīn mǎ nà)
彬蔚	(bīn wèi)
彬州市	(bīn zhōu shì)
傧	(bīn)
傧相	(bīn xiàng)
斌	(bīn)
槟	(bīn)
槟城	(bīng chéng)
槟榔	(bīng lang)
槟榔西施	(bīng lang xī shī)
槟榔屿	(bīng lang yǔ)
槟知	(bīn zhī)
槟椥	(bīn zhī)
槟州	(bīng zhōu)
槟子	(bīn zi)
摈	(bìn)
摈斥	(bìn chì)
摈除	(bìn chú)
摈弃	(bìn qì)
殡	(bìn)
殡车	(bìn chē)
殡殓	(bìn liàn)
殡仪	(bìn yí)
殡仪馆	(bìn yí guǎn)
殡仪员	(bìn yí yuán)
殡葬	(bìn zàng)
仌	(bīng)
冰	(bīng)
冰坝	(bīng bà)
冰棒	(bīng bàng)
冰雹	(bīng báo)
冰菜	(bīng cài)
冰碴	(bīng chá)
冰场	(bīng chǎng)
冰川	(bīng chuān)
冰川期	(bīng chuān qī)
冰船	(bīng chuán)
冰醋酸	(bīng cù suān)
冰镩	(bīng cuān)
冰袋	(bīng dài)
冰蛋	(bīng dàn)
冰刀	(bīng dāo)
冰岛	(bīng dǎo)
冰灯	(bīng dēng)
冰点	(bīng diǎn)
冰店	(bīng diàn)
冰雕	(bīng diāo)
冰钓	(bīng diào)
冰冻	(bīng dòng)
冰冻三尺，非一日之寒	(bīng dòng sān chǐ , fēi yī rì zhī hán)
冰洞	(bīng dòng)
冰斗	(bīng dǒu)
冰毒	(bīng dú)
冰墩墩	(bīng dūn dūn)
冰风暴	(bīng fēng bào)
冰封	(bīng fēng)
冰盖	(bīng gài)
冰糕	(bīng gāo)
冰镐	(bīng gǎo)
冰沟	(bīng gōu)
冰棺	(bīng guān)
冰柜	(bīng guì)
冰棍	(bīng gùn)
冰棍儿	(bīng gùn r)
冰河	(bīng hé)
冰河期	(bīng hé qī)
冰河时代	(bīng hé shí dài)
冰河时期	(bīng hé shí qī)
冰壑	(bīng hè)
冰壶	(bīng hú)
冰壶秋月	(bīng hú qiū yuè)
冰湖	(bīng hú)
冰花	(bīng huā)
冰火	(bīng huǒ)
冰肌玉骨	(bīng jī yù gǔ)
冰积物	(bīng jī wù)
冰激凌	(bīng jī líng)
冰窖	(bīng jiào)
冰晶	(bīng jīng)
冰晶石	(bīng jīng shí)
冰咖啡	(bīng kā fēi)
冰块	(bīng kuài)
冰块盒	(bīng kuài hé)
冰冷	(bīng lěng)
冰凉	(bīng liáng)
冰凌	(bīng líng)
冰溜	(bīng liù)
冰轮	(bīng lún)
冰帽	(bīng mào)
冰凝器	(bīng níng qì)
冰排	(bīng pái)
冰皮月饼	(bīng pí yuè bǐng)
冰片	(bīng piàn)
冰品	(bīng pǐn)
冰期	(bīng qī)
冰淇淋	(bīng qí lín)
冰碛	(bīng qì)
冰橇	(bīng qiāo)
冰桥	(bīng qiáo)
冰清玉洁	(bīng qīng yù jié)
冰球	(bīng qiú)
冰球场	(bīng qiú chǎng)
冰染染料	(bīng rǎn rǎn liào)
冰塞	(bīng sāi)
冰沙	(bīng shā)
冰山	(bīng shān)
冰山美人	(bīng shān měi rén)
冰山一角	(bīng shān yī jiǎo)
冰上运动	(bīng shàng yùn dòng)
冰蚀	(bīng shí)
冰释	(bīng shì)
冰释前嫌	(bīng shì qián xián)
冰霜	(bīng shuāng)
冰水	(bīng shuǐ)
冰塔	(bīng tǎ)
冰塔林	(bīng tǎ lín)
冰炭不相容	(bīng tàn bù xiāng róng)
冰炭不言，冷热自明	(bīng tàn bù yán , lěng rè zì míng)
冰糖	(bīng táng)
冰糖葫芦	(bīng táng hú lu)
冰天雪地	(bīng tiān xuě dì)
冰桶	(bīng tǒng)
冰坨子	(bīng tuó zi)
冰屋	(bīng wū)
冰隙	(bīng xì)
冰箱	(bīng xiāng)
冰消瓦解	(bīng xiāo wǎ jiě)
冰鞋	(bīng xié)
冰心	(bīng xīn)
冰雪	(bīng xuě)
冰雪聪明	(bīng xuě cōng ming)
冰雪皇后	(bīng xuě huáng hòu)
冰叶日中花	(bīng yè rì zhōng huā)
冰饮	(bīng yǐn)
冰硬	(bīng yìng)
冰原	(bīng yuán)
冰爪	(bīng zhuǎ)
冰镇	(bīng zhèn)
冰洲石	(bīng zhōu shí)
冰柱	(bīng zhù)
冰砖	(bīng zhuān)
冰锥	(bīng zhuī)
冰钻	(bīng zuàn)
兵	(bīng)
兵败如山倒	(bīng bài rú shān dǎo)
兵变	(bīng biàn)
兵不血刃	(bīng bù xuè rèn)
兵不厌诈	(bīng bù yàn zhà)
兵部	(bīng bù)
兵差	(bīng chāi)
兵船	(bīng chuán)
兵队	(bīng duì)
兵法	(bīng fǎ)
兵戈	(bīng gē)
兵戈扰攘	(bīng gē rǎo rǎng)
兵工厂	(bīng gōng chǎng)
兵贵神速	(bīng guì shén sù)
兵荒马乱	(bīng huāng mǎ luàn)
兵家	(bīng jiā)
兵家常事	(bīng jiā cháng shì)
兵舰	(bīng jiàn)
兵精粮足	(bīng jīng liáng zú)
兵库	(bīng kù)
兵来将挡，水来土掩	(bīng lái jiàng dǎng , shuǐ lái tǔ yǎn)
兵来将敌，水来土堰	(bīng lái jiàng dí , shuǐ lái tǔ yàn)
兵力	(bīng lì)
兵连祸结	(bīng lián huò jié)
兵临城下	(bīng lín chéng xià)
兵乱	(bīng luàn)
兵马	(bīng mǎ)
兵马未动，粮草先行	(bīng mǎ wèi dòng , liáng cǎo xiān xíng)
兵马俑	(bīng mǎ yǒng)
兵痞	(bīng pǐ)
兵棋推演	(bīng qí tuī yǎn)
兵器	(bīng qì)
兵器术	(bīng qì shù)
兵强马壮	(bīng qiáng mǎ zhuàng)
兵权	(bīng quán)
兵刃	(bīng rèn)
兵戎	(bīng róng)
兵戎相见	(bīng róng xiāng jiàn)
兵士	(bīng shì)
兵书	(bīng shū)
兵团	(bīng tuán)
兵推	(bīng tuī)
兵饷	(bīng xiǎng)
兵蚁	(bīng yǐ)
兵役	(bīng yì)
兵营	(bīng yíng)
兵员	(bīng yuán)
兵源	(bīng yuán)
兵站	(bīng zhàn)
兵制	(bīng zhì)
兵种	(bīng zhǒng)
兵卒	(bīng zú)
掤	(péng)
梹	(bīng)
丙	(bǐng)
丙氨酸	(bǐng ān suān)
丙醇	(bǐng chún)
丙等	(bǐng děng)
丙二醇	(bǐng èr chún)
丙环唑	(bǐng huán zuò)
丙基	(bǐng jī)
丙纶	(bǐng lún)
丙醚	(bǐng mí)
丙醛	(bǐng quán)
丙三醇	(bǐng sān chún)
丙酸氟替卡松	(bǐng suān fú tì kǎ sōng)
丙酮酸脱氢酶	(bǐng tóng suān tuō qīng méi)
丙烷	(bǐng wán)
丙烯腈	(bǐng xī jīng)
丙烯酸酯	(bǐng xī suān zhǐ)
丙型	(bǐng xíng)
丙型肝炎	(bǐng xíng gān yán)
丙种射线	(bǐng zhǒng shè xiàn)
丙子胡乱	(bǐng zǐ hú luàn)
丙子战争	(bǐng zǐ zhàn zhēng)
抦	(bǐng)
怲	(bǐng)
柄	(bǐng)
柄臣	(bǐng chén)
柄国	(bǐng guó)
柄权	(bǐng quán)
柄政	(bǐng zhèng)
昞	(bǐng)
昺	(bǐng)
并	(bìng)
并不	(bìng bù)
并不在乎	(bìng bù zài hu)
并称	(bìng chēng)
并处	(bìng chǔ)
并存	(bìng cún)
并蒂莲	(bìng dì lián)
并发	(bìng fā)
并发计算	(bìng fā jì suàn)
并发症	(bìng fā zhèng)
并非	(bìng fēi)
并购	(bìng gòu)
并激	(bìng jī)
并集	(bìng jí)
并驾齐驱	(bìng jià qí qū)
并肩	(bìng jiān)
并肩作战	(bìng jiān zuò zhàn)
并进	(bìng jìn)
并举	(bìng jǔ)
并卷机	(bìng juǎn jī)
并口	(bìng kǒu)
并立	(bìng lì)
并联	(bìng lián)
并列	(bìng liè)
并拢	(bìng lǒng)
并排	(bìng pái)
并且	(bìng qiě)
并入	(bìng rù)
并纱	(bìng shā)
并条	(bìng tiáo)
并吞	(bìng tūn)
并未	(bìng wèi)
并系群	(bìng xì qún)
并行	(bìng xíng)
并行不悖	(bìng xíng bù bèi)
并行程序	(bìng xíng chéng xù)
并行计算	(bìng xíng jì suàn)
并行口	(bìng xíng kǒu)
并臻	(bìng zhēn)
并重	(bìng zhòng)
并坐	(bìng zuò)
幷	(bìng)
倂	(bìng)
摒	(bìng)
摒除	(bìng chú)
摒挡	(bìng dàng)
摒弃	(bìng qì)
寎	(bìng)
拨	(bō)
拨出	(bō chū)
拨打	(bō dǎ)
拨动	(bō dòng)
拨付	(bō fù)
拨号	(bō hào)
拨号连接	(bō hào lián jiē)
拨号盘	(bō hào pán)
拨号音	(bō hào yīn)
拨火棍	(bō huǒ gùn)
拨接	(bō jiē)
拨开	(bō kāi)
拨空	(bō kòng)
拨款	(bō kuǎn)
拨浪鼓	(bō lang gǔ)
拨乱反正	(bō luàn fǎn zhèng)
拨弄	(bō nòng)
拨片	(bō piàn)
拨冗	(bō rǒng)
拨通	(bō tōng)
拨弦乐器	(bō xián yuè qì)
拨用	(bō yòng)
拨云见日	(bō yún jiàn rì)
拨正	(bō zhèng)
拨转	(bō zhuǎn)
拨子	(bō zi)
拨奏	(bō zòu)
哱	(bō)
剥	(bāo)
剥采比	(bō cǎi bǐ)
剥除	(bō chú)
剥掉	(bō diào)
剥夺	(bō duó)
剥离	(bō lí)
剥落	(bō luò)
剥皮	(bāo pí)
剥皮器	(bō pí qì)
剥皮钳	(bāo pí qián)
剥蚀	(bō shí)
剥削	(bō xuē)
剥削阶级	(bō xuē jiē jí)
剥削者	(bō xuē zhě)
剥啄	(bō zhuó)
播	(bō)
播报	(bō bào)
播报员	(bō bào yuán)
播出	(bō chū)
播发	(bō fā)
播放	(bō fàng)
播放机	(bō fàng jī)
播放列表	(bō fàng liè biǎo)
播讲	(bō jiǎng)
播客	(bō kè)
播弄	(bō nong)
播撒	(bō sǎ)
播送	(bō sòng)
播音	(bō yīn)
播音员	(bō yīn yuán)
播映	(bō yìng)
播种	(bō zhòng)
播州区	(bō zhōu qū)
嶓	(bō)
伯	(bó)
伯伯	(bó bo)
伯都	(bó dōu)
伯多禄	(bó duō lù)
伯恩	(bó ēn)
伯恩茅斯	(bó ēn máo sī)
伯恩斯	(bó ēn sī)
伯尔尼	(bó ěr ní)
伯父	(bó fù)
伯杰	(bó jié)
伯爵	(bó jué)
伯克利	(bó kè lì)
伯劳	(bó láo)
伯劳鸟	(bó láo niǎo)
伯乐	(bó lè)
伯里克利	(bó lǐ kè lì)
伯利恒	(bó lì héng)
伯利兹	(bó lì zī)
伯罗奔尼撒	(bó luó bēn ní sā)
伯明翰	(bó míng hàn)
伯母	(bó mǔ)
伯纳斯－李	(bó nà sī lǐ)
伯赛大	(bó sài dà)
伯莎	(bó shā)
伯叔	(bó shū)
伯叔祖父	(bó shū zǔ fù)
伯叔祖母	(bó shū zǔ mǔ)
伯特兰	(bó tè lán)
伯特兰德	(bó tè lán dé)
伯颜	(bà yán)
伯邑考	(bó yì kǎo)
伯仲叔季	(bó zhòng shū jì)
伯仲之间	(bó zhòng zhī jiān)
帛	(bó)
帛画	(bó huà)
帛金	(bó jīn)
帛琉	(bó liú)
勃	(bó)
勃勃	(bó bó)
勃发	(bó fā)
勃艮第	(bó gèn dì)
勃固	(bó gù)
勃固河	(bó gù hé)
勃固山脉	(bó gù shān mài)
勃海	(bó hǎi)
勃拉姆斯	(bó lā mǔ sī)
勃兰登堡	(bó lán dēng bǎo)
勃朗峰	(bó lǎng fēng)
勃朗宁	(bó lǎng níng)
勃利县	(bó lì xiàn)
勃起	(bó qǐ)
勃起功能障碍	(bó qǐ gōng néng zhàng ài)
勃然	(bó rán)
勃然变色	(bó rán biàn sè)
勃然大怒	(bó rán dà nù)
勃兴	(bó xīng)
亳	(bó)
亳州市	(bó zhōu shì)
博	(bó)
博爱	(bó ài)
博爱县	(bó ài xiàn)
博爱座	(bó ài zuò)
博鳌镇	(bó áo zhèn)
博白县	(bó bái xiàn)
博彩	(bó cǎi)
博茨瓦纳	(bó cí wǎ nà)
博大	(bó dà)
博大精深	(bó dà jīng shēn)
博导	(bó dǎo)
博得	(bó dé)
博德	(bó dé)
博德利图书馆	(bó dé lì tú shū guǎn)
博登湖	(bó dēng hú)
博蒂	(bó dì)
博斗	(bó dòu)
博而不精	(bó ér bù jīng)
博尔德	(bó ěr dé)
博尔顿	(bó ěr dùn)
博尔赫斯	(bó ěr hè sī)
博尔塔拉蒙古自治州	(bó ěr tǎ lā měng gǔ zì zhì zhōu)
博格	(bó gé)
博格达峰	(bó gé dá fēng)
博格达山脉	(bó gé dá shān mài)
博格多	(bó gé duō)
博格多汗宫	(bó gé duō hán gōng)
博古通今	(bó gǔ tōng jīn)
博后	(bó hòu)
博湖县	(bó hú xiàn)
博科圣地	(bó kē shèng dì)
博客	(bó kè)
博客话剧	(bó kè huà jù)
博客圈	(bó kè quān)
博客写手	(bó kè xiě shǒu)
博拉博拉岛	(bó lā bó lā dǎo)
博览	(bó lǎn)
博览会	(bó lǎn huì)
博乐市	(bó lè shì)
博罗县	(bó luó xiàn)
博洛尼亚	(bó luò ní yà)
博美犬	(bó měi quǎn)
博蒙特	(bó méng tè)
博帕尔	(bó pà ěr)
博取	(bó qǔ)
博山区	(bó shān qū)
博识	(bó shí)
博识多通	(bó shí duō tōng)
博识洽闻	(bó shí qià wén)
博士	(bó shì)
博士茶	(bó shì chá)
博士导师	(bó shì dǎo shī)
博士后	(bó shì hòu)
博士买驴	(bó shì mǎi lǘ)
博士山	(bó shì shān)
博士生	(bó shì shēng)
博士学位	(bó shì xué wèi)
博世	(bó shì)
博斯普鲁斯	(bó sī pǔ lǔ sī)
博斯腾湖	(bó sī téng hú)
博斯沃思	(bó sī wò sī)
博徒	(bó tú)
博望区	(bó wàng qū)
博文	(bó wén)
博文约礼	(bó wén yuē lǐ)
博闻多识	(bó wén duō shí)
博闻强记	(bó wén qiáng jì)
博闻强识	(bó wén qiáng zhì)
博物	(bó wù)
博物多闻	(bó wù duō wén)
博物馆	(bó wù guǎn)
博物洽闻	(bó wù qià wén)
博物学	(bó wù xué)
博物学家	(bó wù xué jiā)
博物院	(bó wù yuàn)
博兴县	(bó xīng xiàn)
博学	(bó xué)
博学多才	(bó xué duō cái)
博讯	(bó xùn)
博雅	(bó yǎ)
博眼球	(bó yǎn qiú)
博野县	(bó yě xiàn)
博伊西	(bó yī xī)
博弈	(bó yì)
博弈论	(bó yì lùn)
博友	(bó yǒu)
博主	(bó zhǔ)
䬪	(bó)
搏	(bó)
搏髀	(bó bì)
搏动	(bó dòng)
搏斗	(bó dòu)
搏感情	(bó gǎn qíng)
搏击	(bó jī)
搏命	(bó mìng)
搏杀	(bó shā)
搏鱼	(bó yú)
搏战	(bó zhàn)
僰	(bó)
壆	(bó)
欂	(bó)
檗	(bò)
擘	(bò)
擘划	(bò huà)
擘画	(bò huà)
擘开	(bò kāi)
卜	(bǔ)
卜卜米	(bo bo mǐ)
卜辞	(bǔ cí)
卜骨	(bǔ gǔ)
卜卦	(bǔ guà)
卜甲	(bǔ jiǎ)
卜居	(bǔ jū)
卜课	(bǔ kè)
卜筮	(bǔ shì)
卜问	(bǔ wèn)
卜宅	(bǔ zhái)
卜占	(bǔ zhān)
卜征	(bǔ zhēng)
卜昼卜夜	(bǔ zhòu bǔ yè)
啵	(bō)
啵啵	(bō bō)
卟	(bǔ)
卟啉	(bǔ lín)
捕	(bǔ)
捕虫叶	(bǔ chóng yè)
捕风捉影	(bǔ fēng zhuō yǐng)
捕俘	(bǔ fú)
捕获	(bǔ huò)
捕鲸	(bǔ jīng)
捕鲸船	(bǔ jīng chuán)
捕快	(bǔ kuài)
捕捞	(bǔ lāo)
捕猎	(bǔ liè)
捕虏岩	(bǔ lǔ yán)
捕拿	(bǔ ná)
捕鸟蛛	(bǔ niǎo zhū)
捕禽人	(bǔ qín rén)
捕杀	(bǔ shā)
捕食	(bǔ shí)
捕食者	(bǔ shí zhě)
捕手	(bǔ shǒu)
捕鼠器	(bǔ shǔ qì)
捕头	(bǔ tóu)
捕蝇草	(bǔ yíng cǎo)
捕鱼	(bǔ yú)
捕捉	(bǔ zhuō)
哺	(bǔ)
哺母乳	(bǔ mǔ rǔ)
哺乳	(bǔ rǔ)
哺乳动物	(bǔ rǔ dòng wù)
哺乳纲	(bǔ rǔ gāng)
哺乳类	(bǔ rǔ lèi)
哺乳类动物	(bǔ rǔ lèi dòng wù)
哺乳期	(bǔ rǔ qī)
哺养	(bǔ yǎng)
哺育	(bǔ yù)
不	(bù)
不安	(bù ān)
不安分	(bù ān fen)
不安好心	(bù ān hǎo xīn)
不安其室	(bù ān qí shì)
不谙世故	(bù ān shì gù)
不谙水性	(bù ān shuǐ xìng)
不白之冤	(bù bái zhī yuān)
不败之地	(bù bài zhī dì)
不饱和	(bù bǎo hé)
不饱和脂肪酸	(bù bǎo hé zhī fáng suān)
不卑不亢	(bù bēi bù kàng)
不备	(bù bèi)
不比	(bù bǐ)
不必	(bù bì)
不必要	(bù bì yào)
不避斧钺	(bù bì fǔ yuè)
不避艰险	(bù bì jiān xiǎn)
不变	(bù biàn)
不变价格	(bù biàn jià gé)
不变量	(bù biàn liàng)
不变资本	(bù biàn zī běn)
不便	(bù biàn)
不便险	(bù biàn xiǎn)
不辨菽麦	(bù biàn shū mài)
不标准	(bù biāo zhǔn)
不才	(bù cái)
不材	(bù cái)
不测	(bù cè)
不曾	(bù céng)
不插电	(bù chā diàn)
不差	(bù chā)
不成	(bù chéng)
不成材	(bù chéng cái)
不成功便成仁	(bù chéng gōng biàn chéng rén)
不成体统	(bù chéng tǐ tǒng)
不成文	(bù chéng wén)
不成文法	(bù chéng wén fǎ)
不成样子	(bù chéng yàng zi)
不承认主义	(bù chéng rèn zhǔ yì)
不逞之徒	(bù chěng zhī tú)
不齿	(bù chǐ)
不耻下问	(bù chǐ xià wèn)
不啻	(bù chì)
不啻天渊	(bù chì tiān yuān)
不瞅不睬	(bù chǒu bù cǎi)
不出所料	(bù chū suǒ liào)
不触目	(bù chù mù)
不揣冒昧	(bù chuǎi mào mèi)
不辍	(bù chuò)
不辞而别	(bù cí ér bié)
不辞劳苦	(bù cí láo kǔ)
不辞辛苦	(bù cí xīn kǔ)
不凑巧	(bù còu qiǎo)
不错	(bù cuò)
不打不成才	(bù dǎ bù chéng cái)
不打不成器	(bù dǎ bù chéng qì)
不打不成相识	(bù dǎ bù chéng xiāng shí)
不打不相识	(bù dǎ bù xiāng shí)
不打紧	(bù dǎ jǐn)
不打自招	(bù dǎ zì zhāo)
不大	(bù dà)
不大离	(bù dà lí)
不大离儿	(bù dà lí r)
不逮捕特权	(bù dài bǔ tè quán)
不带	(bù dài)
不带电	(bù dài diàn)
不待说	(bù dài shuō)
不怠	(bù dài)
不丹	(bù dān)
不单	(bù dān)
不但	(bù dàn)
不惮	(bù dàn)
不当	(bù dàng)
不当得利	(bù dàng dé lì)
不当家不知柴米贵	(bù dāng jiā bù zhī chái mǐ guì)
不当紧	(bù dāng jǐn)
不当事	(bù dāng shì)
不当一回事	(bù dàng yī huí shì)
不到	(bù dào)
不到黄河心不死	(bù dào huáng hé xīn bù sǐ)
不到火候不揭锅	(bù dào huǒ hòu bù jiē guō)
不到长城非好汉	(bù dào cháng chéng fēi hǎo hàn)
不倒翁	(bù dǎo wēng)
不道德	(bù dào dé)
不得	(bù dé)
不得不	(bù dé bù)
不得而知	(bù dé ér zhī)
不得劲	(bù dé jìn)
不得了	(bù dé liǎo)
不得其门而入	(bù dé qí mén ér rù)
不得人心	(bù dé rén xīn)
不得要领	(bù dé yào lǐng)
不得已	(bù dé yǐ)
不得已而为之	(bù dé yǐ ér wéi zhī)
不登大雅之堂	(bù dēng dà yǎ zhī táng)
不等	(bù děng)
不等边三角形	(bù děng biān sān jiǎo xíng)
不等号	(bù děng hào)
不等价交换	(bù děng jià jiāo huàn)
不等式	(bù děng shì)
不敌	(bù dí)
不抵抗主义	(bù dǐ kàng zhǔ yì)
不第	(bù dì)
不调和	(bù tiáo hé)
不迭	(bù dié)
不定	(bù dìng)
不定词	(bù dìng cí)
不定方程	(bù dìng fāng chéng)
不定冠词	(bù dìng guàn cí)
不定积分	(bù dìng jī fēn)
不定期	(bù dìng qī)
不定式	(bù dìng shì)
不定形	(bù dìng xíng)
不定元	(bù dìng yuán)
不懂装懂	(bù dǒng zhuāng dǒng)
不动	(bù dòng)
不动产	(bù dòng chǎn)
不动点	(bù dòng diǎn)
不动点定理	(bù dòng diǎn dìng lǐ)
不动声色	(bù dòng shēng sè)
不动摇	(bù dòng yáo)
不冻港	(bù dòng gǎng)
不独	(bù dú)
不端	(bù duān)
不断	(bù duàn)
不对	(bù duì)
不对碴儿	(bù duì chá r)
不对称	(bù duì chèn)
不对劲	(bù duì jìn)
不对劲儿	(bù duì jìn r)
不对盘	(bù duì pán)
不对头	(bù duì tóu)
不儿道	(bū r dào)
不二	(bù èr)
不二法门	(bù èr fǎ mén)
不二价	(bù èr jià)
不贰过	(bù èr guò)
不乏	(bù fá)
不法	(bù fǎ)
不法分子	(bù fǎ fèn zǐ)
不凡	(bù fán)
不方便	(bù fāng biàn)
不妨	(bù fáng)
不菲	(bù fěi)
不悱不发	(bù fěi bù fā)
不费吹灰之力	(bù fèi chuī huī zhī lì)
不费事	(bù fèi shì)
不分	(bù fēn)
不分彼此	(bù fēn bǐ cǐ)
不分伯仲	(bù fēn bó zhòng)
不分高下	(bù fēn gāo xià)
不分青红皂白	(bù fēn qīng hóng zào bái)
不分情由	(bù fēn qíng yóu)
不分上下	(bù fēn shàng xià)
不分胜败	(bù fēn shèng bài)
不分胜负	(bù fēn shèng fù)
不分系	(bù fēn xì)
不分轩轾	(bù fēn xuān zhì)
不分皂白	(bù fēn zào bái)
不分昼夜	(bù fēn zhòu yè)
不忿	(bù fèn)
不愤不启	(bù fèn bù qǐ)
不孚众望	(bù fú zhòng wàng)
不服	(bù fú)
不服气	(bù fú qì)
不服水土	(bù fú shuǐ tǔ)
不符	(bù fú)
不负	(bù fù)
不负众望	(bù fù zhòng wàng)
不复	(bù fù)
不该	(bù gāi)
不甘	(bù gān)
不甘后人	(bù gān hòu rén)
不甘寂寞	(bù gān jì mò)
不甘人后	(bù gān rén hòu)
不甘示弱	(bù gān shì ruò)
不甘心	(bù gān xīn)
不甘于	(bù gān yú)
不敢当	(bù gǎn dāng)
不敢高攀	(bù gǎn gāo pān)
不敢恭维	(bù gǎn gōng wei)
不敢苟同	(bù gǎn gǒu tóng)
不敢越雷池一步	(bù gǎn yuè léi chí yī bù)
不敢自专	(bù gǎn zì zhuān)
不干不净	(bù gān bù jìng)
不干不净，吃了没病	(bù gān bù jìng , chī le méi bìng)
不干涉	(bù gān shè)
不给力	(bù gěi lì)
不公	(bù gōng)
不攻自破	(bù gōng zì pò)
不恭	(bù gōng)
不共戴天	(bù gòng dài tiān)
不苟	(bù gǒu)
不够	(bù gòu)
不顾	(bù gù)
不顾大局	(bù gù dà jú)
不顾前后	(bù gù qián hòu)
不顾一切	(bù gù yī qiè)
不关痛痒	(bù guān tòng yǎng)
不管	(bù guǎn)
不管白猫黑猫，捉住老鼠就是好猫	(bù guǎn bái māo hēi māo , zhuō zhù lǎo shǔ jiù shì hǎo māo)
不管不顾	(bù guǎn bù gù)
不管三七二十一	(bù guǎn sān qī èr shí yī)
不管怎样	(bù guǎn zěn yàng)
不光	(bù guāng)
不光彩	(bù guāng cǎi)
不归路	(bù guī lù)
不规范	(bù guī fàn)
不规则	(bù guī zé)
不规则三角形	(bù guī zé sān jiǎo xíng)
不规则四边形	(bù guī zé sì biān xíng)
不轨	(bù guǐ)
不过	(bù guò)
不过尔尔	(bù guò ěr ěr)
不过如此	(bù guò rú cǐ)
不过意	(bù guò yì)
不含糊	(bù hán hu)
不寒而栗	(bù hán ér lì)
不好	(bù hǎo)
不好惹	(bù hǎo rě)
不好受	(bù hǎo shòu)
不好说	(bù hǎo shuō)
不好意思	(bù hǎo yì si)
不合	(bù hé)
不合法	(bù hé fǎ)
不合理	(bù hé lǐ)
不合时宜	(bù hé shí yí)
不合体统	(bù hé tǐ tǒng)
不合作	(bù hé zuò)
不和	(bù hé)
不很	(bù hěn)
不划算	(bù huá suàn)
不怀好意	(bù huái hǎo yì)
不欢而散	(bù huān ér sàn)
不患寡而患不均	(bù huàn guǎ ér huàn bù jūn)
不慌不忙	(bù huāng bù máng)
不遑	(bù huáng)
不遑多让	(bù huáng duō ràng)
不会	(bù huì)
不讳	(bù huì)
不惑	(bù huò)
不羁	(bù jī)
不及	(bù jí)
不及格	(bù jí gé)
不及物动词	(bù jí wù dòng cí)
不吉	(bù jí)
不吉利	(bù jí lì)
不即不离	(bù jí bù lí)
不急之务	(bù jí zhī wù)
不疾不徐	(bù jí bù xú)
不计	(bù jì)
不计其数	(bù jì qí shù)
不记名投票	(bù jì míng tóu piào)
不济	(bù jì)
不加	(bù jiā)
不加拘束	(bù jiā jū shù)
不加理睬	(bù jiā lǐ cǎi)
不加区别	(bù jiā qū bié)
不加修饰	(bù jiā xiū shì)
不加选择	(bù jiā xuǎn zé)
不加掩饰	(bù jiā yǎn shì)
不佳	(bù jiā)
不假思索	(bù jiǎ sī suǒ)
不兼容性	(bù jiān róng xìng)
不减当年	(bù jiǎn dāng nián)
不简单	(bù jiǎn dān)
不见	(bù jiàn)
不见不散	(bù jiàn bù sàn)
不见得	(bù jiàn de)
不见棺材不落泪	(bù jiàn guān cai bù luò lèi)
不见经传	(bù jiàn jīng zhuàn)
不见了	(bù jiàn le)
不见天日	(bù jiàn tiān rì)
不见兔子不撒鹰	(bù jiàn tù zi bù sā yīng)
不见一点踪影	(bù jiàn yī diǎn zōng yǐng)
不结盟	(bù jié méng)
不结盟运动	(bù jié méng yùn dòng)
不解	(bù jiě)
不解风情	(bù jiě fēng qíng)
不仅	(bù jǐn)
不仅仅	(bù jǐn jǐn)
不仅如此	(bù jǐn rú cǐ)
不尽	(bù jìn)
不尽根	(bù jìn gēn)
不尽然	(bù jìn rán)
不紧不慢	(bù jǐn bù màn)
不近人情	(bù jìn rén qíng)
不禁	(bù jīn)
不经一事，不长一智	(bù jīng yī shì , bù zhǎng yī zhì)
不经意	(bù jīng yì)
不经意间	(bù jīng yì jiān)
不经之谈	(bù jīng zhī tán)
不景气	(bù jǐng qì)
不胫而走	(bù jìng ér zǒu)
不敬	(bù jìng)
不久	(bù jiǔ)
不久前	(bù jiǔ qián)
不咎既往	(bù jiù jì wǎng)
不拘	(bù jū)
不拘小节	(bù jū xiǎo jié)
不拘一格	(bù jū yī gé)
不举	(bù jǔ)
不倦	(bù juàn)
不觉	(bù jué)
不绝	(bù jué)
不绝如缕	(bù jué rú lǚ)
不绝于耳	(bù jué yú ěr)
不绝于途	(bù jué yú tú)
不均	(bù jūn)
不开窍	(bù kāi qiào)
不刊之论	(bù kān zhī lùn)
不堪	(bù kān)
不堪忍受	(bù kān rěn shòu)
不堪入目	(bù kān rù mù)
不堪设想	(bù kān shè xiǎng)
不堪一击	(bù kān yī jī)
不看僧面看佛面	(bù kàn sēng miàn kàn fó miàn)
不亢不卑	(bù kàng bù bēi)
不可	(bù kě)
不可避免	(bù kě bì miǎn)
不可撤销信用证	(bù kě chè xiāo xìn yòng zhèng)
不可导	(bù kě dǎo)
不可端倪	(bù kě duān ní)
不可多得	(bù kě duō dé)
不可分割	(bù kě fēn gē)
不可分离	(bù kě fēn lí)
不可告人	(bù kě gào rén)
不可估量	(bù kě gū liàng)
不可或缺	(bù kě huò quē)
不可解	(bù kě jiě)
不可开交	(bù kě kāi jiāo)
不可抗拒	(bù kě kàng jù)
不可抗力	(bù kě kàng lì)
不可理喻	(bù kě lǐ yù)
不可枚举	(bù kě méi jǔ)
不可名状	(bù kě míng zhuàng)
不可磨灭	(bù kě mó miè)
不可能	(bù kě néng)
不可逆	(bù kě nì)
不可逆转	(bù kě nì zhuǎn)
不可侵犯	(bù kě qīn fàn)
不可缺少	(bù kě quē shǎo)
不可少	(bù kě shǎo)
不可胜数	(bù kě shèng shǔ)
不可胜言	(bù kě shèng yán)
不可收拾	(bù kě shōu shi)
不可数	(bù kě shǔ)
不可数集	(bù kě shuò jí)
不可数名词	(bù kě shǔ míng cí)
不可思议	(bù kě sī yì)
不可同日而语	(bù kě tóng rì ér yǔ)
不可挽回	(bù kě wǎn huí)
不可言喻	(bù kě yán yù)
不可一世	(bù kě yī shì)
不可以	(bù kě yǐ)
不可逾越	(bù kě yú yuè)
不可知论	(bù kě zhī lùn)
不可置信	(bù kě zhì xìn)
不可终日	(bù kě zhōng rì)
不克	(bù kè)
不客气	(bù kè qi)
不空成就佛	(bù kōng chéng jiù fó)
不快	(bù kuài)
不匮	(bù kuì)
不愧	(bù kuì)
不愧不怍	(bù kuì bù zuò)
不愧下学	(bù kuì xià xué)
不扩散核武器条约	(bù kuò sàn hé wǔ qì tiáo yuē)
不拉叽	(bù lā jī)
不拉几	(bù lā jī)
不来梅	(bù lái méi)
不来梅港	(bù lái méi gǎng)
不莱梅	(bù lái méi)
不赖	(bù lài)
不稂不莠	(bù láng bù yǒu)
不劳而获	(bù láo ér huò)
不了	(bù liǎo)
不了了之	(bù liǎo liǎo zhī)
不离不弃	(bù lí bù qì)
不离儿	(bù lí r)
不理	(bù lǐ)
不理不睬	(bù lǐ bù cǎi)
不力	(bù lì)
不利	(bù lì)
不连续	(bù lián xù)
不连续面	(bù lián xù miàn)
不良	(bù liáng)
不良倾向	(bù liáng qīng xiàng)
不良人	(bù liáng rén)
不料	(bù liào)
不列颠	(bù liè diān)
不列颠哥伦比亚	(bù liè diān gē lún bǐ yà)
不列颠哥伦比亚省	(bù liè diān gē lún bǐ yà shěng)
不列颠战役	(bù liè diān zhàn yì)
不列颠诸岛	(bù liè diān zhū dǎo)
不吝	(bù lìn)
不吝赐教	(bù lìn cì jiào)
不吝珠玉	(bù lìn zhū yù)
不灵	(bù líng)
不露声色	(bù lù shēng sè)
不伦	(bù lún)
不伦不类	(bù lún bù lèi)
不论	(bù lùn)
不落痕迹	(bù luò hén jì)
不落窠臼	(bù luò kē jiù)
不落俗套	(bù luò sú tào)
不满	(bù mǎn)
不满意	(bù mǎn yì)
不忙	(bù máng)
不毛	(bù máo)
不毛之地	(bù máo zhī dì)
不眠不休	(bù mián bù xiū)
不免	(bù miǎn)
不免一死	(bù miǎn yī sǐ)
不妙	(bù miào)
不名数	(bù míng shù)
不名一钱	(bù míng yī qián)
不名一文	(bù míng yī wén)
不名誉	(bù míng yù)
不明	(bù míng)
不明不白	(bù míng bù bái)
不明飞行物	(bù míng fēi xíng wù)
不明就里	(bù míng jiù lǐ)
不明觉厉	(bù míng jué lì)
不明确	(bù míng què)
不明事理	(bù míng shì lǐ)
不摸头	(bù mō tóu)
不谋而合	(bù móu ér hé)
不睦	(bù mù)
不耐烦	(bù nài fán)
不耐受	(bù nài shòu)
不能	(bù néng)
不能不	(bù néng bù)
不能自已	(bù néng zì yǐ)
不念旧恶	(bù niàn jiù è)
不佞	(bù nìng)
不怒而威	(bù nù ér wēi)
不怕	(bù pà)
不怕不识货，就怕货比货	(bù pà bù shí huò , jiù pà huò bǐ huò)
不怕不识货，只怕货比货	(bù pà bù shí huò , zhǐ pà huò bǐ huò)
不怕官，只怕管	(bù pà guān , zhǐ pà guǎn)
不怕慢，就怕站	(bù pà màn , jiù pà zhàn)
不怕神一样的对手，就怕猪一样的队友	(bù pà shén yī yàng de duì shǒu , jiù pà zhū yī yàng de duì yǒu)
不怕一万，就怕万一	(bù pà yī wàn , jiù pà wàn yī)
不怕贼偷就怕贼惦记	(bù pà zéi tōu jiù pà zéi diàn jì)
不偏不倚	(bù piān bù yǐ)
不偏斜	(bù piān xié)
不平	(bù píng)
不平常	(bù píng cháng)
不平等	(bù píng děng)
不平等条约	(bù píng děng tiáo yuē)
不平凡	(bù píng fán)
不平衡	(bù píng héng)
不平则鸣	(bù píng zé míng)
不破不立	(bù pò bù lì)
不期	(bù qī)
不期而遇	(bù qī ér yù)
不期而至	(bù qī ér zhì)
不期然而然	(bù qī rán ér rán)
不起眼	(bù qǐ yǎn)
不起眼儿	(bù qǐ yǎn r)
不巧	(bù qiǎo)
不切合实际	(bù qiè hé shí jì)
不切实际	(bù qiè shí jì)
不轻饶	(bù qīng ráo)
不清	(bù qīng)
不清楚	(bù qīng chu)
不情愿	(bù qíng yuàn)
不情之请	(bù qíng zhī qǐng)
不请自来	(bù qǐng zì lái)
不穷	(bù qióng)
不求人	(bù qiú rén)
不求甚解	(bù qiú shèn jiě)
不求收获	(bù qiú shōu huò)
不求有功，但求无过	(bù qiú yǒu gōng , dàn qiú wú guò)
不区分大小写	(bù qū fēn dà xiǎo xiě)
不屈	(bù qū)
不屈不挠	(bù qū bù náo)
不去理	(bù qù lǐ)
不确定性原理	(bù què dìng xìng yuán lǐ)
不确实	(bù què shí)
不然	(bù rán)
不让须眉	(bù ràng xū méi)
不人道	(bù rén dào)
不仁	(bù rén)
不忍	(bù rěn)
不忍心	(bù rěn xīn)
不日	(bù rì)
不容	(bù róng)
不容小觑	(bù róng xiǎo qù)
不容置辩	(bù róng zhì biàn)
不容置疑	(bù róng zhì yí)
不溶	(bù róng)
不如	(bù rú)
不如人意	(bù rú rén yì)
不入虎穴，焉得虎子	(bù rù hǔ xué , yān dé hǔ zǐ)
不入时宜	(bù rù shí yí)
不若	(bù ruò)
不三不四	(bù sān bù sì)
不善	(bù shàn)
不伤脾胃	(bù shāng pí wèi)
不少	(bù shǎo)
不舍	(bù shě)
不甚	(bù shèn)
不慎	(bù shèn)
不声不响	(bù shēng bù xiǎng)
不省人事	(bù xǐng rén shì)
不胜	(bù shèng)
不胜酒力	(bù shèng jiǔ lì)
不胜枚举	(bù shèng méi jǔ)
不胜其烦	(bù shèng qí fán)
不胜其苦	(bù shèng qí kǔ)
不胜其扰	(bù shèng qí rǎo)
不失	(bù shī)
不失时机	(bù shī shí jī)
不失为	(bù shī wéi)
不时	(bù shí)
不时之需	(bù shí zhī xū)
不识大体	(bù shí dà tǐ)
不识高低	(bù shí gāo dī)
不识好歹	(bù shí hǎo dǎi)
不识庐山真面目	(bù shí lú shān zhēn miàn mù)
不识时变	(bù shí shí biàn)
不识时务	(bù shí shí wù)
不识抬举	(bù shí tái jǔ)
不识泰山	(bù shí tài shān)
不识一丁	(bù shí yī dīng)
不识字	(bù shí zì)
不实	(bù shí)
不食人间烟火	(bù shí rén jiān yān huǒ)
不事生产	(bù shì shēng chǎn)
不事张扬	(bù shì zhāng yáng)
不是	(bù shì)
不是吃素的	(bù shì chī sù de)
不是东西	(bù shì dōng xi)
不是吗	(bù shì ma)
不是味儿	(bù shì wèi r)
不是一家人不进一家门	(bù shì yī jiā rén bù jìn yī jiā mén)
不是鱼死就是网破	(bù shì yú sǐ jiù shì wǎng pò)
不是冤家不聚头	(bù shì yuān jiā bù jù tóu)
不是滋味	(bù shì zī wèi)
不适	(bù shì)
不适当	(bù shì dàng)
不首先使用	(bù shǒu xiān shǐ yòng)
不受欢迎	(bù shòu huān yíng)
不舒服	(bù shū fu)
不舒适	(bù shū shì)
不衰	(bù shuāi)
不爽	(bù shuǎng)
不顺	(bù shùn)
不说自明	(bù shuō zì míng)
不死不休	(bù sǐ bù xiū)
不死心	(bù sǐ xīn)
不死药	(bù sǐ yào)
不送	(bù sòng)
不送气	(bù sòng qì)
不俗	(bù sú)
不速	(bù sù)
不速而至	(bù sù ér zhì)
不速之客	(bù sù zhī kè)
不算	(bù suàn)
不随意	(bù suí yì)
不随意肌	(bù suí yì jī)
不遂	(bù suì)
不碎玻璃	(bù suì bō li)
不太好	(bù tài hǎo)
不特	(bù tè)
不提也罢	(bù tí yě bà)
不题	(bù tí)
不体面	(bù tǐ miàn)
不听老人言，吃亏在眼前	(bù tīng lǎo rén yán , chī kuī zài yǎn qián)
不听命	(bù tīng mìng)
不停	(bù tíng)
不通	(bù tōng)
不同	(bù tóng)
不同凡响	(bù tóng fán xiǎng)
不同寻常	(bù tóng xún cháng)
不痛不痒	(bù tòng bù yǎng)
不偷不抢	(bù tōu bù qiǎng)
不透明	(bù tòu míng)
不透气	(bù tòu qì)
不透水	(bù tòu shuǐ)
不图	(bù tú)
不吐不快	(bù tǔ bù kuài)
不吐气	(bù tǔ qì)
不妥	(bù tuǒ)
不妥协	(bù tuǒ xié)
不外	(bù wài)
不外乎	(bù wài hū)
不外露	(bù wài lù)
不完全归纳推理	(bù wán quán guī nà tuī lǐ)
不完全叶	(bù wán quán yè)
不完善	(bù wán shàn)
不枉	(bù wǎng)
不违农时	(bù wéi nóng shí)
不惟	(bù wéi)
不韪	(bù wěi)
不为过	(bù wéi guò)
不为酒困	(bù wéi jiǔ kùn)
不为人知	(bù wéi rén zhī)
不为所动	(bù wéi suǒ dòng)
不为已甚	(bù wéi yǐ shèn)
不为左右袒	(bù wèi zuǒ yòu tǎn)
不畏	(bù wèi)
不畏强暴	(bù wèi qiáng bào)
不畏强权	(bù wèi qiáng quán)
不谓	(bù wèi)
不温不火	(bù wēn bù huǒ)
不闻不问	(bù wén bù wèn)
不稳	(bù wěn)
不稳平衡	(bù wěn píng héng)
不稳性	(bù wěn xìng)
不问	(bù wèn)
不问青红皂白	(bù wèn qīng hóng zào bái)
不无	(bù wú)
不无小补	(bù wú xiǎo bǔ)
不务正业	(bù wù zhèng yè)
不误	(bù wù)
不息	(bù xī)
不惜	(bù xī)
不惜血本	(bù xī xuè běn)
不惜一战	(bù xī yī zhàn)
不喜勿喷	(bù xǐ wù pēn)
不暇	(bù xiá)
不下	(bù xià)
不下于	(bù xià yú)
不显山不露水	(bù xiǎn shān bù lù shuǐ)
不相符	(bù xiāng fú)
不相干	(bù xiāng gān)
不相容	(bù xiāng róng)
不相容原理	(bù xiāng róng yuán lǐ)
不相上下	(bù xiāng shàng xià)
不香吗	(bù xiāng ma)
不详	(bù xiáng)
不祥	(bù xiáng)
不祥之兆	(bù xiáng zhī zhào)
不想	(bù xiǎng)
不象话	(bù xiàng huà)
不像话	(bù xiàng huà)
不像样	(bù xiàng yàng)
不消	(bù xiāo)
不孝	(bù xiào)
不孝有三，无后为大	(bù xiào yǒu sān , wú hòu wéi dà)
不肖	(bù xiào)
不协调	(bù xié tiáo)
不屑	(bù xiè)
不屑一顾	(bù xiè yī gù)
不谢	(bù xiè)
不懈	(bù xiè)
不懈怠	(bù xiè dài)
不信任案	(bù xìn rèn àn)
不信任动议	(bù xìn rèn dòng yì)
不信任投票	(bù xìn rèn tóu piào)
不行	(bù xíng)
不行了	(bù xíng le)
不兴	(bù xīng)
不幸	(bù xìng)
不幸言中	(bù xìng yán zhòng)
不幸之事	(bù xìng zhī shì)
不幸之幸	(bù xìng zhī xìng)
不休	(bù xiū)
不修边幅	(bù xiū biān fú)
不朽	(bù xiǔ)
不锈钢	(bù xiù gāng)
不锈铁	(bù xiù tiě)
不虚此行	(bù xū cǐ xíng)
不许	(bù xǔ)
不恤	(bù xù)
不恤人言	(bù xù rén yán)
不宣而战	(bù xuān ér zhàn)
不学无术	(bù xué wú shù)
不逊	(bù xùn)
不雅	(bù yǎ)
不雅观	(bù yǎ guān)
不亚	(bù yà)
不亚于	(bù yà yú)
不言不语	(bù yán bù yǔ)
不言而喻	(bù yán ér yù)
不言自明	(bù yán zì míng)
不厌	(bù yàn)
不厌其烦	(bù yàn qí fán)
不要	(bù yào)
不要紧	(bù yào jǐn)
不要脸	(bù yào liǎn)
不要在一棵树上吊死	(bù yào zài yī kē shù shàng diào sǐ)
不一	(bù yī)
不一定	(bù yī dìng)
不一而足	(bù yī ér zú)
不一会	(bù yī huì)
不一样	(bù yī yàng)
不一致字	(bù yī zhì zì)
不依	(bù yī)
不依不饶	(bù yī bù ráo)
不宜	(bù yí)
不移	(bù yí)
不遗余力	(bù yí yú lì)
不已	(bù yǐ)
不以词害志	(bù yǐ cí hài zhì)
不以辞害志	(bù yǐ cí hài zhì)
不以规矩，不能成方圆	(bù yǐ guī ju , bù néng chéng fāng yuán)
不以人废言	(bù yǐ rén fèi yán)
不以为然	(bù yǐ wéi rán)
不以为意	(bù yǐ wéi yì)
不以物喜，不以己悲	(bù yǐ wù xǐ , bù yǐ jǐ bēi)
不义	(bù yì)
不义之财	(bù yì zhī cái)
不亦	(bù yì)
不亦乐乎	(bù yì lè hū)
不易	(bù yì)
不易之论	(bù yì zhī lùn)
不意	(bù yì)
不翼而飞	(bù yì ér fēi)
不应期	(bù yìng qī)
不用	(bù yòng)
不用客气	(bù yòng kè qi)
不用说	(bù yòng shuō)
不用谢	(bù yòng xiè)
不用找	(bù yòng zhǎo)
不由	(bù yóu)
不由得	(bù yóu de)
不由分说	(bù yóu fēn shuō)
不由自主	(bù yóu zì zhǔ)
不渝	(bù yú)
不愉快	(bù yú kuài)
不虞	(bù yú)
不虞匮乏	(bù yú kuì fá)
不予理会	(bù yǔ lǐ huì)
不予评论	(bù yǔ píng lùn)
不予置评	(bù yǔ zhì píng)
不语	(bù yǔ)
不育	(bù yù)
不育性	(bù yù xìng)
不育症	(bù yù zhèng)
不豫	(bù yù)
不圆通	(bù yuán tōng)
不远千里	(bù yuǎn qiān lǐ)
不愿	(bù yuàn)
不约而同	(bù yuē ér tóng)
不月	(bù yuè)
不悦	(bù yuè)
不越雷池	(bù yuè léi chí)
不孕	(bù yùn)
不孕症	(bù yùn zhèng)
不愠不火	(bù yùn bù huǒ)
不咋地	(bù zǎ de)
不咋的	(bù zǎ de)
不再	(bù zài)
不在	(bù zài)
不在乎	(bù zài hu)
不在话下	(bù zài huà xià)
不在了	(bù zài le)
不在其位，不谋其政	(bù zài qí wèi , bù móu qí zhèng)
不在意	(bù zài yì)
不在状态	(bù zài zhuàng tài)
不赞成	(bù zàn chéng)
不赞一词	(bù zàn yī cí)
不择手段	(bù zé shǒu duàn)
不怎么	(bù zěn me)
不怎么样	(bù zěn me yàng)
不沾锅	(bù zhān guō)
不粘锅	(bù zhān guō)
不战不和	(bù zhàn bù hé)
不长进	(bù zhǎng jìn)
不折不扣	(bù zhé bù kòu)
不着	(bù zháo)
不着边际	(bù zhuó biān jì)
不着痕迹	(bù zhuó hén jì)
不着陆飞行	(bù zhuó lù fēi xíng)
不振	(bù zhèn)
不争	(bù zhēng)
不争气	(bù zhēng qì)
不蒸馒头争口气	(bù zhēng mán tou zhēng kǒu qì)
不正常	(bù zhèng cháng)
不正当	(bù zhèng dàng)
不正当关系	(bù zhèng dàng guān xì)
不正当竞争	(bù zhèng dàng jìng zhēng)
不正确	(bù zhèng què)
不正之风	(bù zhèng zhī fēng)
不支	(bù zhī)
不知	(bù zhī)
不知不觉	(bù zhī bù jué)
不知丁董	(bù zhī dīng dǒng)
不知凡几	(bù zhī fán jǐ)
不知好歹	(bù zhī hǎo dǎi)
不知何故	(bù zhī hé gù)
不知进退	(bù zhī jìn tuì)
不知就里	(bù zhī jiù lǐ)
不知疲倦	(bù zhī pí juàn)
不知轻重	(bù zhī qīng zhòng)
不知去向	(bù zhī qù xiàng)
不知死活	(bù zhī sǐ huó)
不知所措	(bù zhī suǒ cuò)
不知所谓	(bù zhī suǒ wèi)
不知所以	(bù zhī suǒ yǐ)
不知所云	(bù zhī suǒ yún)
不知所之	(bù zhī suǒ zhī)
不知所终	(bù zhī suǒ zhōng)
不知所踪	(bù zhī suǒ zōng)
不知天高地厚	(bù zhī tiān gāo dì hòu)
不知痛痒	(bù zhī tòng yǎng)
不知羞耻	(bù zhī xiū chǐ)
不知者不罪	(bù zhī zhě bù zuì)
不值	(bù zhí)
不值得	(bù zhí de)
不值钱	(bù zhí qián)
不值一驳	(bù zhí yī bó)
不值一文	(bù zhí yī wén)
不值一笑	(bù zhí yī xiào)
不止	(bù zhǐ)
不止一次	(bù zhǐ yī cì)
不只	(bù zhǐ)
不至于	(bù zhì yú)
不忮不求	(bù zhì bù qiú)
不治	(bù zhì)
不治而愈	(bù zhì ér yù)
不治之症	(bù zhì zhī zhèng)
不致	(bù zhì)
不智	(bù zhì)
不置可否	(bù zhì kě fǒu)
不中意	(bù zhòng yì)
不中用	(bù zhōng yòng)
不周	(bù zhōu)
不周山	(bù zhōu shān)
不周延	(bù zhōu yán)
不主故常	(bù zhǔ gù cháng)
不住	(bù zhù)
不注意	(bù zhù yì)
不撞南墙不回头	(bù zhuàng nán qiáng bù huí tóu)
不准	(bù zhǔn)
不准确	(bù zhǔn què)
不准许	(bù zhǔn xǔ)
不赀	(bù zī)
不自量	(bù zì liàng)
不自量力	(bù zì liàng lì)
不自然	(bù zì rán)
不自由，毋宁死	(bù zì yóu , wú nìng sǐ)
不自在	(bù zì zai)
不足	(bù zú)
不足齿数	(bù zú chǐ shù)
不足道	(bù zú dào)
不足挂齿	(bù zú guà chǐ)
不足为道	(bù zú wéi dào)
不足为怪	(bù zú wéi guài)
不足为虑	(bù zú wéi lǜ)
不足为奇	(bù zú wéi qí)
不足为外人道	(bù zú wèi wài rén dào)
不足为训	(bù zú wéi xùn)
不足月	(bù zú yuè)
不醉不归	(bù zuì bù guī)
不作死就不会死	(bù zuò sǐ jiù bù huì sǐ)
不作为	(bù zuò wéi)
不做亏心事，不怕鬼敲门	(bù zuò kuī xīn shì , bù pà guǐ qiāo mén)
不做声	(bù zuò shēng)
布	(bù)
布帛	(bù bó)
布帛菽粟	(bù bó shū sù)
布城	(bù chéng)
布达拉宫	(bù dá lā gōng)
布达拉山	(bù dá lā shān)
布达佩斯	(bù dá pèi sī)
布袋	(bù dài)
布袋弹	(bù dài dàn)
布袋戏	(bù dài xì)
布袋戏偶	(bù dài xì ǒu)
布袋镇	(bù dài zhèn)
布道	(bù dào)
布迪亚	(bù dí yà)
布丁	(bù dīng)
布尔	(bù ěr)
布尔代数	(bù ěr dài shù)
布尔津县	(bù ěr jīn xiàn)
布尔诺	(bù ěr nuò)
布尔乔亚	(bù ěr qiáo yà)
布尔什维克	(bù ěr shí wéi kè)
布法罗	(bù fǎ luó)
布防	(bù fáng)
布防迎战	(bù fáng yíng zhàn)
布斐	(bù fěi)
布干维尔	(bù gān wéi ěr)
布干维尔岛	(bù gān wéi ěr dǎo)
布告	(bù gào)
布告栏	(bù gào lán)
布格麦	(bù gé mài)
布谷	(bù gǔ)
布谷鸟	(bù gǔ niǎo)
布哈拉	(bù hā lā)
布痕瓦尔德	(bù hén wǎ ěr dé)
布基纳法索	(bù jī nà fǎ suǒ)
布吉河	(bù jí hé)
布吉纳法索	(bù jí nà fǎ suǒ)
布加迪	(bù jiā dí)
布加勒斯特	(bù jiā lè sī tè)
布加综合征	(bù jiā zōng hé zhēng)
布建	(bù jiàn)
布巾	(bù jīn)
布景	(bù jǐng)
布局	(bù jú)
布局投手	(bù jú tóu shǒu)
布坎南	(bù kǎn nán)
布控	(bù kòng)
布拉柴维尔	(bù lā chái wéi ěr)
布拉德福德	(bù lā dé fú dé)
布拉迪斯拉发	(bù lā dí sī lā fā)
布拉戈维申斯克	(bù lā gē wéi shēn sī kè)
布拉格	(bù lā gé)
布拉吉	(bù lā jí)
布拉萨市	(bù lā sà shì)
布拉索夫	(bù lā suǒ fū)
布拉提斯拉瓦	(bù lā tí sī lā wǎ)
布莱德湖	(bù lái dé hú)
布莱顿	(bù lái dùn)
布莱恩	(bù lái ēn)
布莱尔	(bù lái ěr)
布莱克本	(bù lái kè běn)
布莱克史密斯	(bù lái kè shǐ mì sī)
布莱尼	(bù lái ní)
布莱氏鹨	(bù lái shì liù)
布莱叶	(bù lái yè)
布兰妮·斯皮尔斯	(bù lán nī · sī pí ěr sī)
布兰森	(bù lán sēn)
布朗	(bù lǎng)
布朗大学	(bù lǎng dà xué)
布朗克士	(bù lǎng kè shì)
布朗克斯	(bù lǎng kè sī)
布朗尼	(bù lǎng ní)
布朗士	(bù lǎng shì)
布朗运动	(bù lǎng yùn dòng)
布朗族	(bù lǎng zú)
布劳恩	(bù láo ēn)
布雷	(bù léi)
布雷舰	(bù léi jiàn)
布雷斯特	(bù léi sī tè)
布里奇顿	(bù lǐ qí dùn)
布里斯班	(bù lǐ sī bān)
布里斯托	(bù lǐ sī tuō)
布里斯托尔	(bù lǐ sī tuō ěr)
布里斯托尔海峡	(bù lǐ sī tuō ěr hǎi xiá)
布里坦尼	(bù lǐ tǎn ní)
布里特妮	(bù lǐ tè nī)
布料	(bù liào)
布列斯特	(bù liè sī tè)
布列塔尼	(bù liè tǎ ní)
布林	(bù lín)
布林迪西	(bù lín dí xī)
布隆伯格	(bù lōng bó gé)
布隆迪	(bù lóng dí)
布隆方丹	(bù lóng fāng dān)
布鲁克	(bù lǔ kè)
布鲁克海文国家实验室	(bù lǔ kè hǎi wén guó jiā shí yàn shì)
布鲁克海文实验室	(bù lǔ kè hǎi wén shí yàn shì)
布鲁克林	(bù lǔ kè lín)
布鲁克林大桥	(bù lǔ kè lín dà qiáo)
布鲁姆斯伯里	(bù lǔ mǔ sī bó lǐ)
布鲁日	(bù lǔ rì)
布鲁塞尔	(bù lǔ sài ěr)
布鲁氏菌病	(bù lǔ shì jūn bìng)
布鲁斯	(bù lǔ sī)
布鲁特斯	(bù lǔ tè sī)
布鲁图斯	(bù lǔ tú sī)
布伦尼	(bù lún ní)
布洛芬	(bù luò fēn)
布洛陀	(bù luò tuó)
布满	(bù mǎn)
布幕	(bù mù)
布囊	(bù náng)
布尼亚病毒	(bù ní yà bìng dú)
布匿战争	(bù nì zhàn zhēng)
布农族	(bù nóng zú)
布偶	(bù ǒu)
布偶猫	(bù ǒu māo)
布偶装	(bù ǒu zhuāng)
布匹	(bù pǐ)
布琼布拉	(bù qióng bù lā)
布热津斯基	(bù rè jīn sī jī)
布洒器	(bù sǎ qì)
布什	(bù shí)
布什尔	(bù shí ěr)
布施	(bù shī)
布氏非鲫	(bù shì fēi jì)
布氏杆菌病	(bù shì gǎn jūn bìng)
布氏鹨	(bù shì liù)
布氏苇莺	(bù shì wěi yīng)
布署	(bù shǔ)
布松布拉	(bù sōng bù lā)
布托	(bù tuō)
布拖县	(bù tuō xiàn)
布娃娃	(bù wá wa)
布伍	(bù wǔ)
布希	(bù xī)
布希威克	(bù xī wēi kè)
布希鞋	(bù xī xié)
布下	(bù xià)
布线	(bù xiàn)
布鞋	(bù xié)
布须曼人	(bù xū màn rén)
布衣	(bù yī)
布衣韦带	(bù yī wéi dài)
布依	(bù yī)
布依族	(bù yī zú)
布宜诺斯艾利斯	(bù yí nuò sī ài lì sī)
布展	(bù zhǎn)
布置	(bù zhì)
步	(bù)
步兵	(bù bīng)
步步	(bù bù)
步步高升	(bù bù gāo shēng)
步步为营	(bù bù wéi yíng)
步操	(bù cāo)
步测	(bù cè)
步道	(bù dào)
步登公寓	(bù dēng gōng yù)
步调	(bù diào)
步调一致	(bù diào yī zhì)
步斗踏罡	(bù dǒu tà gāng)
步伐	(bù fá)
步法	(bù fǎ)
步罡踏斗	(bù gāng tà dǒu)
步话机	(bù huà jī)
步进马达	(bù jìn mǎ dá)
步进制	(bù jìn zhì)
步犁	(bù lí)
步履	(bù lǚ)
步履蹒跚	(bù lǚ pán shān)
步履维艰	(bù lǚ wéi jiān)
步辇	(bù niǎn)
步枪	(bù qiāng)
步人后尘	(bù rén hòu chén)
步入	(bù rù)
步哨	(bù shào)
步态	(bù tài)
步态蹒跚	(bù tài pán shān)
步武	(bù wǔ)
步行	(bù xíng)
步行虫	(bù xíng chóng)
步行街	(bù xíng jiē)
步行区	(bù xíng qū)
步行者	(bù xíng zhě)
步摇	(bù yáo)
步月	(bù yuè)
步韵	(bù yùn)
步骤	(bù zhòu)
步子	(bù zi)
步子太大，容易扯着蛋	(bù zi tài dà , róng yì chě zhe dàn)
步足	(bù zú)
吥	(bù)
歨	(bù)
歩	(bù)
怖	(bù)
埗	(bù)
捗	(bù)
悑	(bù)
埠	(bù)
埠头	(bù tóu)
攃	(sà)
擦	(cā)
擦棒球	(cā bàng qiú)
擦边	(cā biān)
擦边球	(cā biān qiú)
擦擦笔	(cā cā bǐ)
擦除	(cā chú)
擦掉	(cā diào)
擦腚纸	(cā dìng zhǐ)
擦干	(cā gān)
擦黑儿	(cā hēi r)
擦肩而过	(cā jiān ér guò)
擦亮	(cā liàng)
擦亮眼睛	(cā liàng yǎn jīng)
擦掠	(cā lüè)
擦抹	(cā mǒ)
擦屁股	(cā pì gu)
擦枪走火	(cā qiāng zǒu huǒ)
擦伤	(cā shāng)
擦身而过	(cā shēn ér guò)
擦拭	(cā shì)
擦丝	(cā sī)
擦碗布	(cā wǎn bù)
擦网球	(cā wǎng qiú)
擦洗	(cā xǐ)
擦鞋垫	(cā xié diàn)
擦写	(cā xiě)
擦音	(cā yīn)
擦油	(cā yóu)
擦澡	(cā zǎo)
擦撞	(cā zhuàng)
擦子	(cā zi)
嚓	(cā)
嚓嚓	(cā cā)
偲	(cāi)
偲偲	(sī sī)
才	(cái)
才不	(cái bù)
才德	(cái dé)
才分	(cái fèn)
才干	(cái gàn)
才高八斗	(cái gāo bā dǒu)
才怪	(cái guài)
才华	(cái huá)
才华出众	(cái huá chū zhòng)
才华盖世	(cái huá gài shì)
才华横溢	(cái huá héng yì)
才兼文武	(cái jiān wén wǔ)
才略	(cái lüè)
才貌双全	(cái mào shuāng quán)
才能	(cái néng)
才女	(cái nǚ)
才气	(cái qì)
才气过人	(cái qì guò rén)
才识	(cái shí)
才识过人	(cái shí guò rén)
才疏学浅	(cái shū xué qiǎn)
才思	(cái sī)
才学	(cái xué)
才艺	(cái yì)
才艺秀	(cái yì xiù)
才媛	(cái yuàn)
才智	(cái zhì)
才子	(cái zǐ)
才子佳人	(cái zǐ jiā rén)
材	(cái)
材积	(cái jī)
材料	(cái liào)
材料科学	(cái liào kē xué)
材料学	(cái liào xué)
材质	(cái zhì)
采	(cǎi)
采办	(cǎi bàn)
采茶	(cǎi chá)
采场	(cǎi chǎng)
采出	(cǎi chū)
采耳	(cǎi ěr)
采伐	(cǎi fá)
采访	(cǎi fǎng)
采访记者	(cǎi fǎng jì zhě)
采风	(cǎi fēng)
采购	(cǎi gòu)
采购商	(cǎi gòu shāng)
采购员	(cǎi gòu yuán)
采光	(cǎi guāng)
采果	(cǎi guǒ)
采花	(cǎi huā)
采花大盗	(cǎi huā dà dào)
采花贼	(cǎi huā zéi)
采集	(cǎi jí)
采景	(cǎi jǐng)
采掘	(cǎi jué)
采矿	(cǎi kuàng)
采矿业	(cǎi kuàng yè)
采录	(cǎi lù)
采买	(cǎi mǎi)
采煤	(cǎi méi)
采煤工作面	(cǎi méi gōng zuò miàn)
采棉机	(cǎi mián jī)
采纳	(cǎi nà)
采暖	(cǎi nuǎn)
采取	(cǎi qǔ)
采取行动	(cǎi qǔ xíng dòng)
采砂场	(cǎi shā chǎng)
采石场	(cǎi shí chǎng)
采食	(cǎi shí)
采收	(cǎi shōu)
采收率	(cǎi shōu lǜ)
采行	(cǎi xíng)
采样	(cǎi yàng)
采样率	(cǎi yàng lǜ)
采用	(cǎi yòng)
采油	(cǎi yóu)
采择	(cǎi zé)
采摘	(cǎi zhāi)
采证	(cǎi zhèng)
采脂	(cǎi zhī)
采制	(cǎi zhì)
采种	(cǎi zhǒng)
采珠	(cǎi zhū)
彩	(cǎi)
彩蚌	(cǎi bàng)
彩超	(cǎi chāo)
彩车	(cǎi chē)
彩带	(cǎi dài)
彩弹	(cǎi dàn)
彩蛋	(cǎi dàn)
彩电	(cǎi diàn)
彩鹳	(cǎi guàn)
彩虹	(cǎi hóng)
彩虹蜂虎	(cǎi hóng fēng hǔ)
彩虹屁	(cǎi hóng pì)
彩虹旗	(cǎi hóng qí)
彩虹吸蜜鹦鹉	(cǎi hóng xī mì yīng wǔ)
彩虹鹦鹉	(cǎi hóng yīng wǔ)
彩虹族群	(cǎi hóng zú qún)
彩画	(cǎi huà)
彩鹮	(cǎi huán)
彩绘	(cǎi huì)
彩卷	(cǎi juǎn)
彩扩	(cǎi kuò)
彩礼	(cǎi lǐ)
彩练	(cǎi liàn)
彩铃	(cǎi líng)
彩民	(cǎi mín)
彩泥	(cǎi ní)
彩排	(cǎi pái)
彩票	(cǎi piào)
彩旗	(cǎi qí)
彩券	(cǎi quàn)
彩色	(cǎi sè)
彩色笔	(cǎi sè bǐ)
彩声	(cǎi shēng)
彩塑	(cǎi sù)
彩头	(cǎi tóu)
彩霞	(cǎi xiá)
彩信	(cǎi xìn)
彩衣	(cǎi yī)
彩印	(cǎi yìn)
彩鹬	(cǎi yù)
彩云	(cǎi yún)
彩妆	(cǎi zhuāng)
寀	(cài)
睬	(cǎi)
埰	(cài)
参	(cān)
参拜	(cān bài)
参半	(cān bàn)
参差	(cēn cī)
参差不齐	(cēn cī bù qí)
参差错落	(cēn cī cuò luò)
参禅	(cān chán)
参访团	(cān fǎng tuán)
参股	(cān gǔ)
参观	(cān guān)
参劾	(cān hé)
参会	(cān huì)
参鸡汤	(shēn jī tāng)
参加	(cān jiā)
参加者	(cān jiā zhě)
参见	(cān jiàn)
参军	(cān jūn)
参卡尔	(cān kǎ ěr)
参看	(cān kàn)
参考	(cān kǎo)
参考材料	(cān kǎo cái liào)
参考书	(cān kǎo shū)
参考椭球体	(cān kǎo tuǒ qiú tǐ)
参考文献	(cān kǎo wén xiàn)
参考系	(cān kǎo xì)
参考消息	(cān kǎo xiāo xī)
参考资料	(cān kǎo zī liào)
参量	(cān liàng)
参量空间	(cān liàng kōng jiān)
参谋	(cān móu)
参谋长	(cān móu zhǎng)
参谋总长	(cān móu zǒng zhǎng)
参茸	(shēn róng)
参赛	(cān sài)
参赛者	(cān sài zhě)
参薯	(shēn shǔ)
参数	(cān shù)
参宿	(shēn xiù)
参宿七	(shēn xiù qī)
参孙	(cān sūn)
参天	(cān tiān)
参透	(cān tòu)
参悟	(cān wù)
参详	(cān xiáng)
参校	(cān jiào)
参选	(cān xuǎn)
参选率	(cān xuǎn lǜ)
参选人	(cān xuǎn rén)
参演	(cān yǎn)
参谒	(cān yè)
参议	(cān yì)
参议员	(cān yì yuán)
参议院	(cān yì yuàn)
参与	(cān yù)
参与者	(cān yù zhě)
参预	(cān yù)
参院	(cān yuàn)
参阅	(cān yuè)
参杂	(cān zá)
参赞	(cān zàn)
参展	(cān zhǎn)
参战	(cān zhàn)
参照	(cān zhào)
参照系	(cān zhào xì)
参政	(cān zhèng)
参政权	(cān zhèng quán)
参酌	(cān zhuó)
叄	(sān)
喰	(cān)
残	(cán)
残奥	(cán ào)
残奥会	(cán ào huì)
残败	(cán bài)
残暴	(cán bào)
残本	(cán běn)
残兵败将	(cán bīng bài jiàng)
残部	(cán bù)
残喘	(cán chuǎn)
残次	(cán cì)
残次品	(cán cì pǐn)
残存	(cán cún)
残敌	(cán dí)
残冬腊月	(cán dōng là yuè)
残毒	(cán dú)
残废	(cán fèi)
残羹	(cán gēng)
残羹剩饭	(cán gēng shèng fàn)
残骸	(cán hái)
残害	(cán hài)
残花败柳	(cán huā bài liǔ)
残疾	(cán jí)
残疾儿	(cán jí ér)
残疾人	(cán jí rén)
残茎	(cán jīng)
残局	(cán jú)
残卷	(cán juàn)
残酷	(cán kù)
残酷无情	(cán kù wú qíng)
残留	(cán liú)
残留物	(cán liú wù)
残民害物	(cán mín hài wù)
残膜	(cán mó)
残年短景	(cán nián duǎn jǐng)
残念	(cán niàn)
残虐	(cán nüè)
残品	(cán pǐn)
残破	(cán pò)
残缺	(cán quē)
残忍	(cán rěn)
残杀	(cán shā)
残生	(cán shēng)
残香	(cán xiāng)
残影	(cán yǐng)
残余	(cán yú)
残余物	(cán yú wù)
残余沾染	(cán yú zhān rǎn)
残垣	(cán yuán)
残垣败壁	(cán yuán bài bì)
残垣断壁	(cán yuán duàn bì)
残月	(cán yuè)
残渣	(cán zhā)
残渣余孽	(cán zhā yú niè)
残障	(cán zhàng)
残肢	(cán zhī)
残值	(cán zhí)
残株	(cán zhū)
惭	(cán)
惭愧	(cán kuì)
惨	(cǎn)
惨案	(cǎn àn)
惨白	(cǎn bái)
惨败	(cǎn bài)
惨变	(cǎn biàn)
惨不忍睹	(cǎn bù rěn dǔ)
惨不忍闻	(cǎn bù rěn wén)
惨怛	(cǎn dá)
惨淡	(cǎn dàn)
惨淡经营	(cǎn dàn jīng yíng)
惨澹	(cǎn dàn)
惨毒	(cǎn dú)
惨红	(cǎn hóng)
惨祸	(cǎn huò)
惨叫	(cǎn jiào)
惨景	(cǎn jǐng)
惨境	(cǎn jìng)
惨剧	(cǎn jù)
惨绝人寰	(cǎn jué rén huán)
惨酷	(cǎn kù)
惨况	(cǎn kuàng)
惨烈	(cǎn liè)
惨戮	(cǎn lù)
惨然	(cǎn rán)
惨杀	(cǎn shā)
惨事	(cǎn shì)
惨死	(cǎn sǐ)
惨痛	(cǎn tòng)
惨无人道	(cǎn wú rén dào)
惨笑	(cǎn xiào)
惨遭	(cǎn zāo)
惨遭不幸	(cǎn zāo bù xìng)
惨重	(cǎn zhòng)
惨状	(cǎn zhuàng)
憯	(cǎn)
仓	(cāng)
仓储	(cāng chǔ)
仓促	(cāng cù)
仓猝	(cāng cù)
仓敷	(cāng fū)
仓庚	(cāng gēng)
仓皇	(cāng huáng)
仓皇出逃	(cāng huáng chū táo)
仓皇失措	(cāng huáng shī cuò)
仓黄	(cāng huáng)
仓惶	(cāng huáng)
仓颉	(cāng jié)
仓库	(cāng kù)
仓廪	(cāng lǐn)
仓山区	(cāng shān qū)
仓鼠	(cāng shǔ)
仓位	(cāng wèi)
仓卒	(cāng cù)
伧	(cāng)
凔	(cāng)
操	(cāo)
操办	(cāo bàn)
操屄	(cào bī)
操逼	(cào bī)
操场	(cāo chǎng)
操持	(cāo chi)
操蛋	(cào dàn)
操刀	(cāo dāo)
操刀手	(cāo dāo shǒu)
操典	(cāo diǎn)
操舵	(cāo duò)
操舵室	(cāo duò shì)
操法	(cāo fǎ)
操斧伐柯	(cāo fǔ fá kē)
操觚	(cāo gū)
操航	(cāo háng)
操课	(cāo kè)
操控	(cāo kòng)
操劳	(cāo láo)
操练	(cāo liàn)
操你妈	(cào nǐ mā)
操弄	(cāo nòng)
操盘	(cāo pán)
操盘手	(cāo pán shǒu)
操坪	(cāo píng)
操切	(cāo qiè)
操神	(cāo shén)
操守	(cāo shǒu)
操心	(cāo xīn)
操行	(cāo xíng)
操演	(cāo yǎn)
操之过急	(cāo zhī guò jí)
操舟	(cāo zhōu)
操纵	(cāo zòng)
操纵杆	(cāo zòng gǎn)
操纵自如	(cāo zòng zì rú)
操作	(cāo zuò)
操作符	(cāo zuò fú)
操作规程	(cāo zuò guī chéng)
操作环境	(cāo zuò huán jìng)
操作数	(cāo zuò shù)
操作台	(cāo zuò tái)
操作系统	(cāo zuò xì tǒng)
操作员	(cāo zuò yuán)
操作者	(cāo zuò zhě)
曹	(cáo)
曹白鱼	(cáo bái yú)
曹不兴	(cáo bù xīng)
曹参	(cáo cān)
曹操	(cáo cāo)
曹冲	(cáo chōng)
曹妃甸区	(cáo fēi diàn qū)
曹刚川	(cáo gāng chuān)
曹靖华	(cáo jìng huá)
曹锟	(cáo kūn)
曹县	(cáo xiàn)
曹雪芹	(cáo xuě qín)
曹禺	(cáo yú)
曹植	(cáo zhí)
傮	(zāo)
嘈	(cáo)
嘈杂	(cáo zá)
嘈杂声	(cáo zá shēng)
槽	(cáo)
槽车	(cáo chē)
槽齿类	(cáo chǐ lèi)
槽齿目	(cáo chǐ mù)
槽点	(cáo diǎn)
槽坊	(cáo fang)
槽钢	(cáo gāng)
槽孔	(cáo kǒng)
槽头	(cáo tóu)
槽位	(cáo wèi)
槽牙	(cáo yá)
册	(cè)
册封	(cè fēng)
册亨县	(cè hēng xiàn)
册历	(cè lì)
册立	(cè lì)
册子	(cè zi)
厕	(cè)
厕具	(cè jù)
厕身	(cè shēn)
厕所	(cè suǒ)
厕纸	(cè zhǐ)
厕足	(cè zú)
侧	(cè)
侧壁	(cè bì)
侧边栏	(cè biān lán)
侧刀旁	(cè dāo páng)
侧耳	(cè ěr)
侧翻	(cè fān)
侧锋	(cè fēng)
侧根	(cè gēn)
侧记	(cè jì)
侧空翻	(cè kōng fān)
侧链	(cè liàn)
侧录	(cè lù)
侧门	(cè mén)
侧面	(cè miàn)
侧目	(cè mù)
侧身	(cè shēn)
侧生动物	(cè shēng dòng wù)
侧室	(cè shì)
侧手翻	(cè shǒu fān)
侧躺	(cè tǎng)
侧卧	(cè wò)
侧写	(cè xiě)
侧芽	(cè yá)
侧影	(cè yǐng)
侧载	(cè zài)
侧重	(cè zhòng)
侧重点	(cè zhòng diǎn)
恻	(cè)
恻隐	(cè yǐn)
恻隐之心	(cè yǐn zhī xīn)
敇	(chì)
䇲	(cè)
㟥	(cēn)
岑	(cén)
岑巩县	(cén gǒng xiàn)
岑彭	(cén péng)
岑溪市	(cén xī shì)
梣	(chén)
梣树	(chén shù)
噌	(chēng)
层	(céng)
层报	(céng bào)
层层	(céng céng)
层层传达	(céng céng chuán dá)
层层加码	(céng céng jiā mǎ)
层出不穷	(céng chū bù qióng)
层次	(céng cì)
层次分明	(céng cì fēn míng)
层叠	(céng dié)
层积云	(céng jī yún)
层级	(céng jí)
层见迭出	(céng xiàn dié chū)
层见叠出	(céng xiàn dié chū)
层理	(céng lǐ)
层流	(céng liú)
层楼	(céng lóu)
层峦	(céng luán)
层峦叠嶂	(céng luán dié zhàng)
层面	(céng miàn)
层压	(céng yā)
层压式推销	(céng yā shì tuī xiāo)
层岩	(céng yán)
层云	(céng yún)
层状	(céng zhuàng)
层子	(céng zi)
曾	(zēng)
曾参	(zēng shēn)
曾都区	(zēng dū qū)
曾巩	(zēng gǒng)
曾国藩	(zēng guó fān)
曾几何时	(céng jǐ hé shí)
曾纪泽	(zēng jì zé)
曾金燕	(zēng jīn yàn)
曾经	(céng jīng)
曾经沧海	(céng jīng cāng hǎi)
曾经沧海难为水，除却巫山不是云	(céng jīng cāng hǎi nán wéi shuǐ , chú què wū shān bù shì yún)
曾朴	(zēng pǔ)
曾孙	(zēng sūn)
曾孙女	(zēng sūn nǚ)
曾外祖父	(zēng wài zǔ fù)
曾外祖母	(zēng wài zǔ mǔ)
曾孝谷	(zēng xiào gǔ)
曾荫权	(zēng yīn quán)
曾子	(zēng zǐ)
曾祖	(zēng zǔ)
曾祖父	(zēng zǔ fù)
曾祖父母	(zēng zǔ fù mǔ)
曾祖母	(zēng zǔ mǔ)
嶒	(céng)
叉	(chǎ)
叉车	(chā chē)
叉乘	(chā chéng)
叉簧	(chā huáng)
叉积	(chā jī)
叉架	(chā jià)
叉圈	(chā quān)
叉烧	(chā shāo)
叉烧包	(chā shāo bāo)
叉勺	(chā sháo)
叉头	(chā tóu)
叉尾鸥	(chā wěi ōu)
叉尾太阳鸟	(chā wěi tài yáng niǎo)
叉形	(chā xíng)
叉腰	(chā yāo)
叉子	(chā zi)
扱	(xī)
扠	(chā)
杈	(chā)
插	(chā)
插班	(chā bān)
插播	(chā bō)
插播广告	(chā bō guǎng gào)
插补	(chā bǔ)
插不上手	(chā bu shàng shǒu)
插槽	(chā cáo)
插翅难飞	(chā chì nán fēi)
插队	(chā duì)
插管	(chā guǎn)
插喉	(chā hóu)
插花	(chā huā)
插画	(chā huà)
插话	(chā huà)
插件	(chā jiàn)
插脚	(chā jiǎo)
插进	(chā jìn)
插卡式	(chā kǎ shì)
插科打诨	(chā kē dǎ hùn)
插孔	(chā kǒng)
插口	(chā kǒu)
插排	(chā pái)
插曲	(chā qǔ)
插入	(chā rù)
插入因子	(chā rù yīn zǐ)
插入语	(chā rù yǔ)
插上	(chā shang)
插手	(chā shǒu)
插锁	(chā suǒ)
插头	(chā tóu)
插图	(chā tú)
插线板	(chā xiàn bǎn)
插销	(chā xiāo)
插眼	(chā yǎn)
插秧	(chā yāng)
插腰	(chā yāo)
插值	(chā zhí)
插足	(chā zú)
插嘴	(chā zuǐ)
插座	(chā zuò)
插座板	(chā zuò bǎn)
垞	(chá)
查	(chá)
查办	(chá bàn)
查抄	(chá chāo)
查出	(chá chū)
查处	(chá chǔ)
查德	(chá dé)
查点	(chá diǎn)
查调	(chá diào)
查对	(chá duì)
查尔斯	(chá ěr sī)
查尔斯·狄更斯	(chá ěr sī · dí gēng sī)
查尔斯顿	(chá ěr sī dùn)
查房	(chá fáng)
查访	(chá fǎng)
查封	(chá fēng)
查岗	(chá gǎng)
查戈斯群岛	(chá gē sī qún dǎo)
查核	(chá hé)
查获	(chá huò)
查缉	(chá jī)
查加斯病	(chá jiā sī bìng)
查检	(chá jiǎn)
查禁	(chá jìn)
查究	(chá jiū)
查勘	(chá kān)
查看	(chá kàn)
查考	(chá kǎo)
查克·诺里斯	(chá kè · nuò lǐ sī)
查克拉	(chá kè lā)
查克瑞	(chá kè ruì)
查扣	(chá kòu)
查理周刊	(chá lǐ zhōu kān)
查没	(chá mò)
查明	(chá míng)
查票员	(chá piào yuán)
查普曼	(chá pǔ màn)
查铺	(chá pù)
查清	(chá qīng)
查拳	(chá quán)
查哨	(chá shào)
查实	(chá shí)
查收	(chá shōu)
查水表	(chá shuǐ biǎo)
查探	(chá tàn)
查韦斯	(chá wéi sī)
查问	(chá wèn)
查询	(chá xún)
查验	(chá yàn)
查夜	(chá yè)
查阅	(chá yuè)
查帐	(chá zhàng)
查找	(chá zhǎo)
查证	(chá zhèng)
查字法	(chá zì fǎ)
搽	(chá)
嵖岈山	(chá yá shān)
槎	(chá)
察	(chá)
察布查尔锡伯自治县	(chá bù chá ěr xī bó zì zhì xiàn)
察察	(chá chá)
察察为明	(chá chá wéi míng)
察尔汗盐湖	(chá ěr hán yán hú)
察访	(chá fǎng)
察哈尔	(chá hā ěr)
察哈尔右翼后旗	(chá hā ěr yòu yì hòu qí)
察哈尔右翼前旗	(chá hā ěr yòu yì qián qí)
察哈尔右翼中旗	(chá hā ěr yòu yì zhōng qí)
察合台	(chá gě tái)
察觉	(chá jué)
察看	(chá kàn)
察纳	(chá nà)
察雅县	(chá yǎ xiàn)
察言观色	(chá yán guān sè)
察验	(chá yàn)
察隅县	(chá yú xiàn)
檫	(chá)
岔	(chà)
岔道	(chà dào)
岔调	(chà diào)
岔开	(chà kāi)
岔口	(chà kǒu)
岔流	(chà liú)
岔路	(chà lù)
岔子	(chà zi)
侘	(chà)
差	(chà)
差别	(chā bié)
差不多	(chà bu duō)
差不多的	(chà bu duō de)
差不离	(chà bù lí)
差不离儿	(chà bù lí r)
差池	(chā chí)
差迟	(chā chí)
差错	(chā cuò)
差得多	(chà de duō)
差点	(chà diǎn)
差点儿	(chà diǎn r)
差点没	(chà diǎn méi)
差动齿轮	(chā dòng chǐ lún)
差讹	(chā é)
差额	(chā é)
差额选举	(chā é xuǎn jǔ)
差分	(chā fēn)
差分方程	(chā fēn fāng chéng)
差价	(chā jià)
差劲	(chà jìn)
差距	(chā jù)
差旅	(chāi lǚ)
差旅费	(chāi lǚ fèi)
差谬	(chà miù)
差派	(chāi pài)
差评	(chà píng)
差遣	(chāi qiǎn)
差强人意	(chā qiáng rén yì)
差商	(chā shāng)
差生	(chà shēng)
差生文具多	(chà shēng wén jù duō)
差失	(chā shī)
差使	(chāi shi)
差事	(chà shì)
差数	(chā shù)
差速器	(chā sù qì)
差误	(chā wù)
差一点儿	(chà yī diǎn r)
差异	(chā yì)
差异化	(chā yì huà)
差异性	(chā yì xìng)
差役	(chāi yì)
差远	(chà yuǎn)
差之毫厘，谬以千里	(chā zhī háo lí , miù yǐ qiān lǐ)
差之毫厘，失之千里	(chā zhī háo lí , shī zhī qiān lǐ)
姹	(chà)
姹女	(chà nǚ)
姹紫嫣红	(chà zǐ yān hóng)
拆	(chāi)
拆除	(chāi chú)
拆穿	(chāi chuān)
拆东补西	(chāi dōng bǔ xī)
拆东墙补西墙	(chāi dōng qiáng bǔ xī qiáng)
拆放款	(chāi fàng kuǎn)
拆分	(chāi fēn)
拆封	(chāi fēng)
拆毁	(chāi huǐ)
拆机	(chāi jī)
拆家	(chāi jiā)
拆解	(chāi jiě)
拆借	(chāi jiè)
拆开	(chāi kāi)
拆迁	(chāi qiān)
拆散	(chāi sàn)
拆台	(chāi tái)
拆息	(chāi xī)
拆洗	(chāi xǐ)
拆下	(chāi xià)
拆线	(chāi xiàn)
拆卸	(chāi xiè)
拆用	(chāi yòng)
拆鱼羹	(chāi yú gēng)
拆账	(chāi zhàng)
拆字	(chāi zì)
侪	(chái)
柴	(chái)
柴草	(chái cǎo)
柴车	(chái chē)
柴达木	(chái dá mù)
柴达木盆地	(chái dá mù pén dì)
柴电机车	(chái diàn jī chē)
柴禾	(chái hé)
柴禾妞	(chái hé niū)
柴胡	(chái hú)
柴火	(chái huo)
柴鸡	(chái jī)
柴可夫斯基	(chái kě fū sī jī)
柴门	(chái mén)
柴门小户	(chái mén xiǎo hù)
柴米油盐	(chái mǐ yóu yán)
柴米油盐酱醋茶	(chái mǐ yóu yán jiàng cù chá)
柴犬	(chái quǎn)
柴桑区	(chái sāng qū)
柴田	(chái tián)
柴薪	(chái xīn)
柴油	(chái yóu)
柴油发动机	(chái yóu fā dòng jī)
柴油机	(chái yóu jī)
柴鱼片	(chái yú piàn)
梴	(chān)
掺	(chān)
掺和	(chān huo)
掺假	(chān jiǎ)
掺沙子	(chān shā zi)
掺水	(chān shuǐ)
搀	(chān)
搀兑	(chān duì)
搀扶	(chān fú)
搀合	(chān hé)
搀和	(chān huo)
搀假	(chān jiǎ)
搀杂	(chān zá)
幨	(chān)
婵	(chán)
婵娟	(chán juān)
婵媛	(chán yuán)
孱	(chán)
孱弱	(chán ruò)
孱头	(càn tou)
僝	(chán)
儃	(chán)
廛	(chán)
儳	(chàn)
劖	(chán)
嚵	(chàn)
巉	(chán)
欃	(chán)
刬	(chǎn)
旵	(chǎn)
丳	(chǎn)
啴	(tān)
啴啴	(chǎn chǎn)
啴缓	(chǎn huǎn)
铲	(chǎn)
铲除	(chǎn chú)
铲平	(chǎn píng)
冁	(chǎn)
忏	(chàn)
忏悔	(chàn huǐ)
摲	(shàn)
伥	(chāng)
伥鬼	(chāng guǐ)
昌	(chāng)
昌迪加尔	(chāng dí jiā ěr)
昌都市	(chāng dū shì)
昌吉回族自治州	(chāng jí huí zú zì zhì zhōu)
昌吉市	(chāng jí shì)
昌江	(chāng jiāng)
昌江黎族自治县	(chāng jiāng lí zú zì zhì xiàn)
昌江区	(chāng jiāng qū)
昌江县	(chāng jiāng xiàn)
昌乐县	(chāng lè xiàn)
昌黎县	(chāng lí xiàn)
昌明	(chāng míng)
昌宁县	(chāng níng xiàn)
昌披	(chāng pī)
昌平区	(chāng píng qū)
昌盛	(chāng shèng)
昌图县	(chāng tú xiàn)
昌邑区	(chāng yì qū)
昌邑市	(chāng yì shì)
昌原	(chāng yuán)
昌原市	(chāng yuán shì)
娼	(chāng)
娼妇	(chāng fù)
娼妓	(chāng jì)
娼家	(chāng jiā)
娼女	(chāng nǚ)
尝	(cháng)
尝粪	(cháng fèn)
尝尽心酸	(cháng jìn xīn suān)
尝试	(cháng shì)
尝试错误	(cháng shì cuò wù)
尝鲜	(cháng xiān)
常	(cháng)
常常	(cháng cháng)
常春藤	(cháng chūn téng)
常春藤学府	(cháng chūn téng xué fǔ)
常道	(cháng dào)
常德市	(cháng dé shì)
常德丝弦	(cháng dé sī xián)
常法	(cháng fǎ)
常犯	(cháng fàn)
常俸	(cháng fèng)
常规	(cháng guī)
常规赛	(cháng guī sài)
常规武器	(cháng guī wǔ qì)
常轨	(cháng guǐ)
常见	(cháng jiàn)
常见问题	(cháng jiàn wèn tí)
常客	(cháng kè)
常来常往	(cháng lái cháng wǎng)
常理	(cháng lǐ)
常量	(cháng liàng)
常绿	(cháng lǜ)
常绿树	(cháng lǜ shù)
常绿植物	(cháng lǜ zhí wù)
常模	(cháng mó)
常年	(cháng nián)
常年累月	(cháng nián lěi yuè)
常宁市	(cháng níng shì)
常青	(cháng qīng)
常青藤	(cháng qīng téng)
常青藤八校	(cháng qīng téng bā xiào)
常情	(cháng qíng)
常染色体	(cháng rǎn sè tǐ)
常人	(cháng rén)
常任	(cháng rèn)
常任理事国	(cháng rèn lǐ shì guó)
常山县	(cháng shān xiàn)
常设	(cháng shè)
常胜军	(cháng shèng jūn)
常时	(cháng shí)
常识	(cháng shí)
常熟市	(cháng shú shì)
常数	(cháng shù)
常数项	(cháng shù xiàng)
常态	(cháng tài)
常态分班	(cháng tài fēn bān)
常态分布	(cháng tài fēn bù)
常态化	(cháng tài huà)
常微分方程	(cháng wēi fēn fāng chéng)
常委	(cháng wěi)
常委会	(cháng wěi huì)
常温	(cháng wēn)
常问问题	(cháng wèn wèn tí)
常务	(cháng wù)
常务理事	(cháng wù lǐ shì)
常务委员会	(cháng wù wěi yuán huì)
常项	(cháng xiàng)
常言	(cháng yán)
常言说得好	(cháng yán shuō de hǎo)
常用	(cháng yòng)
常用品	(cháng yòng pǐn)
常用字	(cháng yòng zì)
常在河边走，哪有不湿鞋	(cháng zài hé biān zǒu , nǎ yǒu bù shī xié)
常州市	(cháng zhōu shì)
常住	(cháng zhù)
常住论	(cháng zhù lùn)
常驻	(cháng zhù)
偿	(cháng)
偿付	(cháng fù)
偿还	(cháng huán)
偿命	(cháng mìng)
偿清	(cháng qīng)
偿债	(cháng zhài)
徜	(cháng)
徜徉	(cháng yáng)
嫦	(cháng)
嫦娥	(cháng é)
㦂	(cháng)
厂	(chǎng)
厂弟	(chǎng dì)
厂房	(chǎng fáng)
厂工	(chǎng gōng)
厂狗	(chǎng gǒu)
厂规	(chǎng guī)
厂家	(chǎng jiā)
厂矿	(chǎng kuàng)
厂礼拜	(chǎng lǐ bài)
厂妹	(chǎng mèi)
厂牌	(chǎng pái)
厂区	(chǎng qū)
厂商	(chǎng shāng)
厂史	(chǎng shǐ)
厂丝	(chǎng sī)
厂务	(chǎng wù)
厂长	(chǎng zhǎng)
厂址	(chǎng zhǐ)
厂主	(chǎng zhǔ)
厂子	(chǎng zi)
厂字旁	(chǎng zì páng)
场	(chǎng)
场次	(chǎng cì)
场地	(chǎng dì)
场地自行车	(chǎng dì zì xíng chē)
场馆	(chǎng guǎn)
场合	(chǎng hé)
场记	(chǎng jì)
场记板	(chǎng jì bǎn)
场景	(chǎng jǐng)
场论	(chǎng lùn)
场面	(chǎng miàn)
场区	(chǎng qū)
场区应急	(chǎng qū yìng jí)
场所	(chǎng suǒ)
场外应急	(chǎng wài yìng jí)
场院	(cháng yuàn)
场子	(chǎng zi)
昶	(chǎng)
惝	(chǎng)
惝恍	(chǎng huǎng)
敞	(chǎng)
敞车	(chǎng chē)
敞开	(chǎng kāi)
敞开儿	(chǎng kāi r)
敞口	(chǎng kǒu)
敞亮	(chǎng liàng)
敞篷车	(chǎng péng chē)
敞篷汽车	(chǎng péng qì chē)
厰	(chǎng)
䠀	(chǎng)
怅	(chàng)
怅怅然	(chàng chàng rán)
怅然	(chàng rán)
怅惘	(chàng wǎng)
畅	(chàng)
畅达	(chàng dá)
畅货中心	(chàng huò zhōng xīn)
畅快	(chàng kuài)
畅然	(chàng rán)
畅顺	(chàng shùn)
畅所欲言	(chàng suǒ yù yán)
畅谈	(chàng tán)
畅通	(chàng tōng)
畅旺	(chàng wàng)
畅享	(chàng xiǎng)
畅想	(chàng xiǎng)
畅销	(chàng xiāo)
畅销书	(chàng xiāo shū)
畅饮	(chàng yǐn)
倡	(chàng)
倡导	(chàng dǎo)
倡导者	(chàng dǎo zhě)
倡狂	(chāng kuáng)
倡始	(chàng shǐ)
倡言	(chàng yán)
倡言者	(chàng yán zhě)
倡议	(chàng yì)
倡议书	(chàng yì shū)
唱	(chàng)
唱K	(chàng k)
唱白脸	(chàng bái liǎn)
唱本	(chàng běn)
唱臂	(chàng bì)
唱词	(chàng cí)
唱碟	(chàng dié)
唱段	(chàng duàn)
唱对台戏	(chàng duì tái xì)
唱法	(chàng fǎ)
唱反调	(chàng fǎn diào)
唱高调	(chàng gāo diào)
唱高调儿	(chàng gāo diào r)
唱歌	(chàng gē)
唱功	(chàng gōng)
唱和	(chàng hè)
唱黑脸	(chàng hēi liǎn)
唱红脸	(chàng hóng liǎn)
唱机	(chàng jī)
唱空城计	(chàng kōng chéng jì)
唱名	(chàng míng)
唱念	(chàng niàn)
唱喏	(chàng rě)
唱盘	(chàng pán)
唱片	(chàng piàn)
唱票	(chàng piào)
唱腔	(chàng qiāng)
唱曲	(chàng qǔ)
唱商	(chàng shāng)
唱诗班	(chàng shī bān)
唱衰	(chàng shuāi)
唱双簧	(chàng shuāng huáng)
唱头	(chàng tóu)
唱戏	(chàng xì)
唱针	(chàng zhēn)
唱作人	(chàng zuò rén)
抄	(chāo)
抄靶子	(chāo bǎ zi)
抄本	(chāo běn)
抄查	(chāo chá)
抄道	(chāo dào)
抄底	(chāo dǐ)
抄后路	(chāo hòu lù)
抄获	(chāo huò)
抄家	(chāo jiā)
抄件	(chāo jiàn)
抄近	(chāo jìn)
抄近儿	(chāo jìn r)
抄近路	(chāo jìn lù)
抄经士	(chāo jīng shì)
抄录	(chāo lù)
抄身	(chāo shēn)
抄手	(chāo shǒu)
抄送	(chāo sòng)
抄网	(chāo wǎng)
抄袭	(chāo xí)
抄小路	(chāo xiǎo lù)
抄写	(chāo xiě)
怊	(chāo)
弨	(chāo)
晁	(cháo)
巢	(cháo)
巢湖	(cháo hú)
巢湖市	(cháo hú shì)
巢穴	(cháo xué)
朝	(cháo)
朝拜	(cháo bài)
朝拜圣山	(cháo bài shèng shān)
朝不保夕	(zhāo bù bǎo xī)
朝不虑夕	(zhāo bù lǜ xī)
朝朝	(zhāo zhāo)
朝朝暮暮	(zhāo zhāo mù mù)
朝臣	(cháo chén)
朝代	(cháo dài)
朝房	(cháo fáng)
朝服	(cháo fú)
朝纲	(cháo gāng)
朝歌	(zhāo gē)
朝贡	(cháo gòng)
朝过夕改	(zhāo guò xī gǎi)
朝韩	(cháo hán)
朝核问题	(cháo hé wèn tí)
朝后	(cháo hòu)
朝花夕拾	(zhāo huā xī shí)
朝见	(cháo jiàn)
朝觐	(cháo jìn)
朝令夕改	(zhāo lìng xī gǎi)
朝露	(zhāo lù)
朝露溘至	(zhāo lù kè zhì)
朝门	(cháo mén)
朝气	(zhāo qì)
朝气蓬勃	(zhāo qì péng bó)
朝前	(cháo qián)
朝乾夕惕	(zhāo qián xī tì)
朝秦暮楚	(zhāo qín mù chǔ)
朝日	(zhāo rì)
朝日新闻	(zhāo rì xīn wén)
朝三暮四	(zhāo sān mù sì)
朝山进香	(cháo shān jìn xiāng)
朝生暮死	(zhāo shēng mù sǐ)
朝圣	(cháo shèng)
朝圣者	(cháo shèng zhě)
朝思暮想	(zhāo sī mù xiǎng)
朝天	(cháo tiān)
朝天椒	(cháo tiān jiāo)
朝天区	(cháo tiān qū)
朝廷	(cháo tíng)
朝庭	(cháo tíng)
朝闻夕改	(zhāo wén xī gǎi)
朝夕	(zhāo xī)
朝夕相处	(zhāo xī xiāng chǔ)
朝曦	(zhāo xī)
朝鲜	(cháo xiǎn)
朝鲜八道	(cháo xiǎn bā dào)
朝鲜半岛	(cháo xiǎn bàn dǎo)
朝鲜海峡	(cháo xiǎn hǎi xiá)
朝鲜核谈	(cháo xiǎn hé tán)
朝鲜劳动党	(cháo xiǎn láo dòng dǎng)
朝鲜民主主义人民共和国	(cháo xiǎn mín zhǔ zhǔ yì rén mín gòng hé guó)
朝鲜人	(cháo xiǎn rén)
朝鲜日报	(cháo xiǎn rì bào)
朝鲜文	(cháo xiǎn wén)
朝鲜语	(cháo xiǎn yǔ)
朝鲜战争	(cháo xiǎn zhàn zhēng)
朝鲜筝	(cháo xiǎn zhēng)
朝鲜中央通讯社	(cháo xiǎn zhōng yāng tōng xùn shè)
朝鲜字母	(cháo xiǎn zì mǔ)
朝鲜族	(cháo xiǎn zú)
朝向	(cháo xiàng)
朝阳	(cháo yáng)
朝阳产业	(zhāo yáng chǎn yè)
朝阳门	(cháo yáng mén)
朝阳区	(cháo yáng qū)
朝阳市	(cháo yáng shì)
朝阳县	(cháo yáng xiàn)
朝野	(cháo yě)
朝饔夕飧	(zhāo yōng xī sūn)
朝雨	(zhāo yǔ)
朝战	(cháo zhàn)
朝着	(cháo zhe)
朝政	(cháo zhèng)
朝中	(cháo zhōng)
朝中社	(cháo zhōng shè)
朝珠	(cháo zhū)
朝族	(cháo zú)
嘲	(cháo)
嘲讽	(cháo fěng)
嘲弄	(cháo nòng)
嘲笑	(cháo xiào)
嘲谑	(cháo xuè)
嘲哳	(zhāo zhā)
吵	(chǎo)
吵吵	(chāo chao)
吵吵嚷嚷	(chǎo chǎo rǎng rǎng)
吵架	(chǎo jià)
吵闹	(chǎo nào)
吵闹声	(chǎo nào shēng)
吵嚷	(chǎo rǎng)
吵醒	(chǎo xǐng)
吵杂	(chǎo zá)
吵嘴	(chǎo zuǐ)
扯	(chě)
扯淡	(chě dàn)
扯蛋	(chě dàn)
扯犊子	(chě dú zi)
扯后腿	(chě hòu tuǐ)
扯谎	(chě huǎng)
扯鸡巴蛋	(chě jī ba dàn)
扯家常	(chě jiā cháng)
扯裂	(chě liè)
扯铃	(chě líng)
扯皮	(chě pí)
扯平	(chě píng)
扯破	(chě pò)
扯嗓子	(chě sǎng zi)
扯谈	(chě tán)
扯远	(chě yuǎn)
扯直	(chě zhí)
扯住	(chě zhù)
屮	(chè)
彻	(chè)
彻查	(chè chá)
彻底	(chè dǐ)
彻骨	(chè gǔ)
彻头彻尾	(chè tóu chè wěi)
彻悟	(chè wù)
彻夜	(chè yè)
彻夜不眠	(chè yè bù mián)
坼	(chè)
掣	(chè)
掣电	(chè diàn)
掣肘	(chè zhǒu)
摰	(niè)
撤	(chè)
撤兵	(chè bīng)
撤并	(chè bìng)
撤出	(chè chū)
撤除	(chè chú)
撤档	(chè dàng)
撤掉	(chè diào)
撤稿	(chè gǎo)
撤换	(chè huàn)
撤回	(chè huí)
撤军	(chè jūn)
撤款	(chè kuǎn)
撤离	(chè lí)
撤侨	(chè qiáo)
撤诉	(chè sù)
撤退	(chè tuì)
撤下	(chè xià)
撤消	(chè xiāo)
撤销	(chè xiāo)
撤营	(chè yíng)
撤职	(chè zhí)
撤走	(chè zǒu)
抻	(chēn)
抻面	(chēn miàn)
嗔	(chēn)
嗔斥	(chēn chì)
嗔诟	(chēn gòu)
嗔怪	(chēn guài)
嗔喝	(chēn hè)
嗔狂	(chēn kuáng)
嗔目	(chēn mù)
嗔睨	(chēn nì)
嗔怒	(chēn nù)
嗔色	(chēn sè)
嗔视	(chēn shì)
嗔怨	(chēn yuàn)
嗔着	(chēn zhe)
尘	(chén)
尘埃	(chén āi)
尘埃落定	(chén āi luò dìng)
尘暴	(chén bào)
尘肺	(chén fèi)
尘封	(chén fēng)
尘螨	(chén mǎn)
尘世	(chén shì)
尘俗	(chén sú)
尘土	(chén tǔ)
尘雾	(chén wù)
尘嚣	(chén xiāo)
尘云	(chén yún)
忱	(chén)
宸	(chén)
晨	(chén)
晨报	(chén bào)
晨勃	(chén bó)
晨祷	(chén dǎo)
晨歌	(chén gē)
晨昏	(chén hūn)
晨昏定省	(chén hūn dìng xǐng)
晨间	(chén jiān)
晨练	(chén liàn)
晨露	(chén lù)
晨跑	(chén pǎo)
晨曦	(chén xī)
晨星	(chén xīng)
晨钟暮鼓	(chén zhōng mù gǔ)
榇	(chèn)
儭	(chèn)
柽	(chēng)
偁	(chēng)
䞓	(chēng)
撑	(chēng)
撑场面	(chēng chǎng miàn)
撑持	(chēng chí)
撑船	(chēng chuán)
撑杆	(chēng gān)
撑杆跳	(chēng gān tiào)
撑杆跳高	(chēng gān tiào gāo)
撑竿跳	(chēng gān tiào)
撑竿跳高	(chēng gān tiào gāo)
撑拒	(chēng jù)
撑开	(chēng kāi)
撑门面	(chēng mén miàn)
撑破	(chēng pò)
撑伞	(chēng sǎn)
撑死	(chēng sǐ)
撑死胆大的，饿死胆小的	(chēng sǐ dǎn dà de , è sǐ dǎn xiǎo de)
撑腰	(chēng yāo)
橕	(chēng)
朾	(tíng)
成	(chéng)
成安县	(chéng ān xiàn)
成百上千	(chéng bǎi shàng qiān)
成败	(chéng bài)
成败得失	(chéng bài dé shī)
成败利钝	(chéng bài lì dùn)
成败论人	(chéng bài lùn rén)
成败在此一举	(chéng bài zài cǐ yī jǔ)
成报	(chéng bào)
成倍	(chéng bèi)
成本	(chéng běn)
成不了气候	(chéng bu liǎo qì hòu)
成才	(chéng cái)
成材	(chéng cái)
成层	(chéng céng)
成虫	(chéng chóng)
成串	(chéng chuàn)
成大	(chéng dà)
成道	(chéng dào)
成丁	(chéng dīng)
成都市	(chéng dū shì)
成都体育大学	(chéng dū tǐ yù dà xué)
成对	(chéng duì)
成反比	(chéng fǎn bǐ)
成方	(chéng fāng)
成方儿	(chéng fāng r)
成分	(chéng fèn)
成份	(chéng fèn)
成份股	(chéng fèn gǔ)
成风	(chéng fēng)
成佛	(chéng fó)
成功	(chéng gōng)
成功大学	(chéng gōng dà xué)
成功感	(chéng gōng gǎn)
成功镇	(chéng gōng zhèn)
成骨	(chéng gǔ)
成骨不全症	(chéng gǔ bù quán zhèng)
成规	(chéng guī)
成果	(chéng guǒ)
成汉	(chéng hàn)
成何体统	(chéng hé tǐ tǒng)
成核	(chéng hé)
成华区	(chéng huá qū)
成化	(chéng huà)
成话	(chéng huà)
成婚	(chéng hūn)
成活	(chéng huó)
成活率	(chéng huó lǜ)
成吉思汗	(chéng jí sī hán)
成绩	(chéng jì)
成绩单	(chéng jì dān)
成家	(chéng jiā)
成家立室	(chéng jiā lì shì)
成家立业	(chéng jiā lì yè)
成见	(chéng jiàn)
成交	(chéng jiāo)
成交价	(chéng jiāo jià)
成教	(chéng jiào)
成精	(chéng jīng)
成就	(chéng jiù)
成就感	(chéng jiù gǎn)
成军	(chéng jūn)
成均馆	(chéng jūn guǎn)
成了	(chéng le)
成立	(chéng lì)
成例	(chéng lì)
成龙	(chéng lóng)
成名	(chéng míng)
成名作	(chéng míng zuò)
成年	(chéng nián)
成年累月	(chéng nián lěi yuè)
成年人	(chéng nián rén)
成年者	(chéng nián zhě)
成批	(chéng pī)
成片	(chéng piàn)
成品	(chéng pǐn)
成品油	(chéng pǐn yóu)
成器	(chéng qì)
成千	(chéng qiān)
成千成万	(chéng qiān chéng wàn)
成千累万	(chéng qiān lěi wàn)
成千上万	(chéng qiān shàng wàn)
成亲	(chéng qīn)
成圈	(chéng quān)
成全	(chéng quán)
成群	(chéng qún)
成群结队	(chéng qún jié duì)
成人	(chéng rén)
成人礼	(chéng rén lǐ)
成人向	(chéng rén xiàng)
成人用品	(chéng rén yòng pǐn)
成人之美	(chéng rén zhī měi)
成仁	(chéng rén)
成日	(chéng rì)
成色	(chéng sè)
成圣	(chéng shèng)
成实宗	(chéng shí zōng)
成事	(chéng shì)
成事不足，败事有余	(chéng shì bù zú , bài shì yǒu yú)
成书	(chéng shū)
成熟	(chéng shú)
成熟分裂	(chéng shú fēn liè)
成双成对	(chéng shuāng chéng duì)
成说	(chéng shuō)
成套	(chéng tào)
成体	(chéng tǐ)
成天	(chéng tiān)
成田	(chéng tián)
成田机场	(chéng tián jī chǎng)
成为	(chéng wéi)
成文	(chéng wén)
成文法	(chéng wén fǎ)
成问题	(chéng wèn tí)
成武县	(chéng wǔ xiàn)
成仙	(chéng xiān)
成县	(chéng xiàn)
成象	(chéng xiàng)
成像	(chéng xiàng)
成效	(chéng xiào)
成心	(chéng xīn)
成行	(chéng xíng)
成形	(chéng xíng)
成型	(chéng xíng)
成性	(chéng xìng)
成样	(chéng yàng)
成样子	(chéng yàng zi)
成药	(chéng yào)
成也萧何，败也萧何	(chéng yě xiāo hé , bài yě xiāo hé)
成夜	(chéng yè)
成衣	(chéng yī)
成因	(chéng yīn)
成瘾	(chéng yǐn)
成瘾性	(chéng yǐn xìng)
成蛹	(chéng yǒng)
成渝	(chéng yú)
成语典故	(chéng yǔ diǎn gù)
成语接龙	(chéng yǔ jiē lóng)
成员	(chéng yuán)
成员国	(chéng yuán guó)
成灾	(chéng zāi)
成则为王，败则为寇	(chéng zé wéi wáng , bài zé wéi kòu)
成章	(chéng zhāng)
成长	(chéng zhǎng)
成长率	(chéng zhǎng lǜ)
成长型思维	(chéng zhǎng xíng sī wéi)
成真	(chéng zhēn)
成组	(chéng zǔ)
丞	(chéng)
丞相	(chéng xiàng)
呈	(chéng)
呈报	(chéng bào)
呈递	(chéng dì)
呈给	(chéng gěi)
呈贡区	(chéng gòng qū)
呈交	(chéng jiāo)
呈请	(chéng qǐng)
呈送	(chéng sòng)
呈文	(chéng wén)
呈现	(chéng xiàn)
呈献	(chéng xiàn)
呈阳性	(chéng yáng xìng)
呈阴性	(chéng yīn xìng)
枨	(chéng)
承	(chéng)
承办	(chéng bàn)
承包	(chéng bāo)
承包人	(chéng bāo rén)
承包商	(chéng bāo shāng)
承尘	(chéng chén)
承担	(chéng dān)
承当	(chéng dāng)
承德市	(chéng dé shì)
承德县	(chéng dé xiàn)
承兑	(chéng duì)
承乏	(chéng fá)
承付	(chéng fù)
承欢	(chéng huān)
承籍	(chéng jí)
承继	(chéng jì)
承建	(chéng jiàn)
承接	(chéng jiē)
承揽	(chéng lǎn)
承蒙	(chéng méng)
承蒙关照	(chéng méng guān zhào)
承诺	(chéng nuò)
承平	(chéng píng)
承前启后	(chéng qián qǐ hòu)
承让	(chéng ràng)
承让人	(chéng ràng rén)
承认	(chéng rèn)
承认控罪	(chéng rèn kòng zuì)
承上起下	(chéng shàng qǐ xià)
承审法官	(chéng shěn fǎ guān)
承受	(chéng shòu)
承受力	(chéng shòu lì)
承顺	(chéng shùn)
承头	(chéng tóu)
承托	(chéng tuō)
承望	(chéng wàng)
承袭	(chéng xí)
承想	(chéng xiǎng)
承销	(chéng xiāo)
承销店	(chéng xiāo diàn)
承销货物	(chéng xiāo huò wù)
承销价差	(chéng xiāo jià chā)
承销利差	(chéng xiāo lì chā)
承销品	(chéng xiāo pǐn)
承销人	(chéng xiāo rén)
承销商	(chéng xiāo shāng)
承销团	(chéng xiāo tuán)
承应	(chéng yìng)
承运	(chéng yùn)
承运人	(chéng yùn rén)
承载	(chéng zài)
承载力	(chéng zài lì)
承载量	(chéng zài liàng)
承重	(chéng zhòng)
承重孙	(chéng zhòng sūn)
承转	(chéng zhuǎn)
承租	(chéng zū)
承租方	(chéng zū fāng)
承租人	(chéng zū rén)
承做	(chéng zuò)
城	(chéng)
城巴佬	(chéng ba lǎo)
城邦	(chéng bāng)
城堡	(chéng bǎo)
城北区	(chéng běi qū)
城步苗族自治县	(chéng bù miáo zú zì zhì xiàn)
城池	(chéng chí)
城东区	(chéng dōng qū)
城防	(chéng fáng)
城府	(chéng fǔ)
城根	(chéng gēn)
城固县	(chéng gù xiàn)
城关	(chéng guān)
城关区	(chéng guān qū)
城管	(chéng guǎn)
城郭	(chéng guō)
城隍	(chéng huáng)
城郊	(chéng jiāo)
城口县	(chéng kǒu xiàn)
城里人	(chéng lǐ rén)
城楼	(chéng lóu)
城门	(chéng mén)
城门失火，殃及池鱼	(chéng mén shī huǒ , yāng jí chí yú)
城墙	(chéng qiáng)
城区	(chéng qū)
城阙	(chéng què)
城市	(chéng shì)
城市管理行政执法局	(chéng shì guǎn lǐ xíng zhèng zhí fǎ jú)
城市规划	(chéng shì guī huà)
城市化	(chéng shì huà)
城市依赖症	(chéng shì yī lài zhèng)
城铁	(chéng tiě)
城外	(chéng wài)
城西区	(chéng xī qū)
城乡	(chéng xiāng)
城厢区	(chéng xiāng qū)
城阳区	(chéng yáng qū)
城邑	(chéng yì)
城域网	(chéng yù wǎng)
城垣	(chéng yuán)
城运会	(chéng yùn huì)
城镇	(chéng zhèn)
城镇化	(chéng zhèn huà)
城镇化水平	(chéng zhèn huà shuǐ píng)
城址	(chéng zhǐ)
城中村	(chéng zhōng cūn)
城中区	(chéng zhōng qū)
城子河区	(chéng zi hé qū)
宬	(chéng)
埕	(chéng)
晟	(shèng)
乘	(chéng)
乘便	(chéng biàn)
乘车	(chéng chē)
乘除	(chéng chú)
乘船	(chéng chuán)
乘搭	(chéng dā)
乘法	(chéng fǎ)
乘法表	(chéng fǎ biǎo)
乘法逆	(chéng fǎ nì)
乘方	(chéng fāng)
乘风	(chéng fēng)
乘风破浪	(chéng fēng pò làng)
乘号	(chéng hào)
乘鹤	(chéng hè)
乘火打劫	(chéng huǒ dǎ jié)
乘机	(chéng jī)
乘积	(chéng jī)
乘坚策肥	(chéng jiān cè féi)
乘警	(chéng jǐng)
乘客	(chéng kè)
乘凉	(chéng liáng)
乘龙	(chéng lóng)
乘龙快婿	(chéng lóng kuài xù)
乘幂	(chéng mì)
乘人不备	(chéng rén bù bèi)
乘人之危	(chéng rén zhī wēi)
乘胜	(chéng shèng)
乘胜追击	(chéng shèng zhuī jī)
乘势	(chéng shì)
乘数	(chéng shù)
乘务	(chéng wù)
乘务员	(chéng wù yuán)
乘隙	(chéng xì)
乘兴	(chéng xìng)
乘虚	(chéng xū)
乘虚而入	(chéng xū ér rù)
乘以	(chéng yǐ)
乘用车	(chéng yòng chē)
乘组	(chéng zǔ)
乘坐	(chéng zuò)
惩	(chéng)
惩办	(chéng bàn)
惩处	(chéng chǔ)
惩恶扬善	(chéng è yáng shàn)
惩罚	(chéng fá)
惩罚性	(chéng fá xìng)
惩戒	(chéng jiè)
惩前毖后	(chéng qián bì hòu)
惩一儆百	(chéng yī jǐng bǎi)
惩一警百	(chéng yī jǐng bǎi)
惩治	(chéng zhì)
塍	(chéng)
橙	(chéng)
橙斑翅柳莺	(chéng bān chì liǔ yīng)
橙翅噪鹛	(chéng chì zào méi)
橙腹叶鹎	(chéng fù yè bēi)
橙红色	(chéng hóng sè)
橙黄	(chéng huáng)
橙黄色	(chéng huáng sè)
橙剂	(chéng jì)
橙皮	(chéng pí)
橙皮果酱	(chéng pí guǒ jiàng)
橙色	(chéng sè)
橙色剂	(chéng sè jì)
橙色战剂	(chéng sè zhàn jì)
橙头地鸫	(chéng tóu dì dōng)
橙胸姬鹟	(chéng xiōng jī wēng)
橙胸绿鸠	(chéng xiōng lǜ jiū)
橙胸咬鹃	(chéng xiōng yǎo juān)
橙汁	(chéng zhī)
橙子	(chéng zi)
悜	(chěng)
庱	(chěng)
吃	(chī)
吃案	(chī àn)
吃霸王餐	(chī bà wáng cān)
吃白饭	(chī bái fàn)
吃白食	(chī bái shí)
吃饱	(chī bǎo)
吃饱撑着	(chī bǎo chēng zhe)
吃饱了饭撑的	(chī bǎo le fàn chēng de)
吃闭门羹	(chī bì mén gēng)
吃别人嚼过的馍不香	(chī bié rén jiáo guò de mó bù xiāng)
吃瘪	(chī biě)
吃播	(chī bō)
吃不到葡萄说葡萄酸	(chī bù dào pú tao shuō pú tao suān)
吃不服	(chī bu fú)
吃不开	(chī bu kāi)
吃不来	(chī bu lái)
吃不了兜着走	(chī bu liǎo dōu zhe zǒu)
吃不上	(chī bu shàng)
吃不下	(chī bu xià)
吃不消	(chī bu xiāo)
吃不住	(chī bu zhù)
吃不准	(chī bù zhǔn)
吃布	(chī bù)
吃草	(chī cǎo)
吃吃	(chī chī)
吃穿	(chī chuān)
吃醋	(chī cù)
吃错药	(chī cuò yào)
吃大锅饭	(chī dà guō fàn)
吃大户	(chī dà hù)
吃大亏	(chī dà kuī)
吃刀	(chī dāo)
吃到饱	(chī dào bǎo)
吃得开	(chī de kāi)
吃得苦中苦，方为人上人	(chī dé kǔ zhōng kǔ , fāng wéi rén shàng rén)
吃得消	(chī de xiāo)
吃得住	(chī de zhù)
吃的	(chī de)
吃掉	(chī diào)
吃豆腐	(chī dòu fu)
吃豆人	(chī dòu rén)
吃法	(chī fǎ)
吃饭	(chī fàn)
吃饭皇帝大	(chī fàn huáng dì dà)
吃干饭	(chī gān fàn)
吃干抹净	(chī gān mā jìng)
吃公粮	(chī gōng liáng)
吃瓜	(chī guā)
吃瓜群众	(chī guā qún zhòng)
吃官司	(chī guān sī)
吃馆子	(chī guǎn zi)
吃喝	(chī hē)
吃喝拉撒睡	(chī hē lā sā shuì)
吃喝嫖赌	(chī hē piáo dǔ)
吃喝玩乐	(chī hē wán lè)
吃后悔药	(chī hòu huǐ yào)
吃坏	(chī huài)
吃皇粮	(chī huáng liáng)
吃灰	(chī huī)
吃回扣	(chī huí kòu)
吃货	(chī huò)
吃鸡	(chī jī)
吃角子老虎	(chī jiǎo zi lǎo hǔ)
吃紧	(chī jǐn)
吃惊	(chī jīng)
吃空额	(chī kòng é)
吃空饷	(chī kòng xiǎng)
吃苦	(chī kǔ)
吃苦耐劳	(chī kǔ nài láo)
吃苦头	(chī kǔ tou)
吃亏	(chī kuī)
吃亏上当	(chī kuī shàng dàng)
吃牢饭	(chī láo fàn)
吃了定心丸	(chī le dìng xīn wán)
吃里扒外	(chī lǐ pá wài)
吃里爬外	(chī lǐ pá wài)
吃力	(chī lì)
吃力不讨好	(chī lì bù tǎo hǎo)
吃粮不管事	(chī liáng bù guǎn shì)
吃螺丝	(chī luó sī)
吃拿卡要	(chī ná qiǎ yào)
吃奶	(chī nǎi)
吃奶的力气	(chī nǎi de lì qi)
吃奶的气力	(chī nǎi de qì lì)
吃奶之力	(chī nǎi zhī lì)
吃腻	(chī nì)
吃藕	(chī ǒu)
吃枪药	(chī qiāng yào)
吃青春饭	(chī qīng chūn fàn)
吃请	(chī qǐng)
吃人	(chī rén)
吃人不吐骨头	(chī rén bù tǔ gǔ tóu)
吃人家的嘴软，拿人家的手短	(chī rén jiā de zuǐ ruǎn , ná rén jiā de shǒu duǎn)
吃人血馒头	(chī rén xuè mán tou)
吃软不吃硬	(chī ruǎn bù chī yìng)
吃软饭	(chī ruǎn fàn)
吃伤	(chī shāng)
吃食	(chī shi)
吃屎都赶不上热乎的	(chī shǐ dōu gǎn bu shàng rè hu de)
吃水	(chī shuǐ)
吃水不忘掘井人	(chī shuǐ bù wàng jué jǐng rén)
吃素	(chī sù)
吃土	(chī tǔ)
吃完	(chī wán)
吃味	(chī wèi)
吃席	(chī xí)
吃闲饭	(chī xián fàn)
吃相	(chī xiàng)
吃香	(chī xiāng)
吃香喝辣	(chī xiāng hē là)
吃小灶	(chī xiǎo zào)
吃熊心豹子胆	(chī xióng xīn bào zi dǎn)
吃哑巴亏	(chī yǎ ba kuī)
吃烟	(chī yān)
吃药	(chī yào)
吃一堑，长一智	(chī yī qiàn , zhǎng yī zhì)
吃硬不吃软	(chī yìng bù chī ruǎn)
吃油	(chī yóu)
吃斋	(chī zhāi)
吃着碗里，看着锅里	(chī zhe wǎn lǐ , kàn zhe guō lǐ)
吃重	(chī zhòng)
吃住	(chī zhù)
彨	(chī)
哧	(chī)
哧溜	(chī liū)
摛	(chī)
嗤	(chī)
嗤笑	(chī xiào)
嗤之以鼻	(chī zhī yǐ bí)
媸	(chī)
弛	(chí)
弛缓	(chí huǎn)
弛张热	(chí zhāng rè)
持	(chí)
持不同政见	(chí bù tóng zhèng jiàn)
持不同政见者	(chí bù tóng zhèng jiàn zhě)
持仓	(chí cāng)
持仓量	(chí cāng liàng)
持刀	(chí dāo)
持方	(chí fāng)
持份者	(chí fèn zhě)
持股	(chí gǔ)
持国天	(chí guó tiān)
持家	(chí jiā)
持久	(chí jiǔ)
持久性毒剂	(chí jiǔ xìng dú jì)
持久战	(chí jiǔ zhàn)
持卡人	(chí kǎ rén)
持平	(chí píng)
持平之论	(chí píng zhī lùn)
持枪	(chí qiāng)
持枪抢劫	(chí qiāng qiǎng jié)
持守	(chí shǒu)
持橐簪笔	(chí tuó zān bǐ)
持械	(chí xiè)
持续	(chí xù)
持续时间	(chí xù shí jiān)
持续性植物状态	(chí xù xìng zhí wù zhuàng tài)
持用	(chí yòng)
持有	(chí yǒu)
持有人	(chí yǒu rén)
持之以恒	(chí zhī yǐ héng)
持重	(chí zhòng)
墀	(chí)
尺	(chǐ)
尺八	(chǐ bā)
尺寸	(chǐ cun)
尺牍	(chǐ dú)
尺度	(chǐ dù)
尺短寸长	(chǐ duǎn cùn cháng)
尺骨	(chǐ gǔ)
尺规	(chǐ guī)
尺规作图	(chǐ guī zuò tú)
尺蠖	(chǐ huò)
尺蠖蛾	(chǐ huò é)
尺码	(chǐ mǎ)
尺素	(chǐ sù)
尺有所短，寸有所长	(chǐ yǒu suǒ duǎn , cùn yǒu suǒ cháng)
尺子	(chǐ zi)
呎	(chǐ)
侈	(chǐ)
侈糜	(chǐ mí)
侈靡	(chǐ mí)
侈谈	(chǐ tán)
耻	(chǐ)
耻骨	(chǐ gǔ)
耻骂	(chǐ mà)
耻毛	(chǐ máo)
耻辱	(chǐ rǔ)
耻笑	(chǐ xiào)
欼	(chǐ)
彳	(chì)
彳亍	(chì chù)
叱	(chì)
叱咄	(chì duō)
叱呵	(chì hē)
叱喝	(chì hè)
叱骂	(chì mà)
叱问	(chì wèn)
叱责	(chì zé)
叱吒	(chì zhà)
叱咤	(chì zhà)
叱咤风云	(chì zhà fēng yún)
斥	(chì)
斥候	(chì hòu)
斥力	(chì lì)
斥卤	(chì lǔ)
斥骂	(chì mà)
斥退	(chì tuì)
斥责	(chì zé)
斥资	(chì zī)
抶	(chì)
敕	(chì)
敕封	(chì fēng)
敕令	(chì lìng)
啻	(chì)
傺	(chì)
充	(chōng)
充畅	(chōng chàng)
充斥	(chōng chì)
充当	(chōng dāng)
充电	(chōng diàn)
充电宝	(chōng diàn bǎo)
充电器	(chōng diàn qì)
充电站	(chōng diàn zhàn)
充电桩	(chōng diàn zhuāng)
充耳不闻	(chōng ěr bù wén)
充发	(chōng fā)
充分	(chōng fèn)
充分就业	(chōng fèn jiù yè)
充分考虑	(chōng fèn kǎo lǜ)
充公	(chōng gōng)
充好	(chōng hǎo)
充饥	(chōng jī)
充军	(chōng jūn)
充满	(chōng mǎn)
充满阳光	(chōng mǎn yáng guāng)
充沛	(chōng pèi)
充其量	(chōng qí liàng)
充气	(chōng qì)
充气船	(chōng qì chuán)
充任	(chōng rèn)
充塞	(chōng sè)
充实	(chōng shí)
充数	(chōng shù)
充填	(chōng tián)
充填物	(chōng tián wù)
充填因数	(chōng tián yīn shù)
充血	(chōng xuè)
充氧	(chōng yǎng)
充要条件	(chōng yào tiáo jiàn)
充溢	(chōng yì)
充盈	(chōng yíng)
充裕	(chōng yù)
充值	(chōng zhí)
充值卡	(chōng zhí kǎ)
充足	(chōng zú)
充足理由律	(chōng zú lǐ yóu lǜ)
充作	(chōng zuò)
忡	(chōng)
㳘	(chōng)
摏	(chōng)
憃	(chōng)
憧	(chōng)
憧憧	(chōng chōng)
憧憬	(chōng jǐng)
崇	(chóng)
崇拜	(chóng bài)
崇拜者	(chóng bài zhě)
崇川区	(chóng chuān qū)
崇奉	(chóng fèng)
崇高	(chóng gāo)
崇敬	(chóng jìng)
崇礼区	(chóng lǐ qū)
崇明岛	(chóng míng dǎo)
崇庆	(chóng qìng)
崇仁县	(chóng rén xiàn)
崇山峻岭	(chóng shān jùn lǐng)
崇尚	(chóng shàng)
崇文门	(chóng wén mén)
崇信县	(chóng xìn xiàn)
崇阳县	(chóng yáng xiàn)
崇洋	(chóng yáng)
崇洋媚外	(chóng yáng mèi wài)
崇义县	(chóng yì xiàn)
崇祯	(chóng zhēn)
崇州市	(chóng zhōu shì)
崇左市	(chóng zuǒ shì)
宠	(chǒng)
宠爱	(chǒng ài)
宠臣	(chǒng chén)
宠儿	(chǒng ér)
宠粉	(chǒng fěn)
宠坏	(chǒng huài)
宠姬	(chǒng jī)
宠溺	(chǒng nì)
宠妾	(chǒng qiè)
宠妾灭妻	(chǒng qiè miè qī)
宠擅专房	(chǒng shàn zhuān fáng)
宠物	(chǒng wù)
宠物门	(chǒng wù mén)
宠信	(chǒng xìn)
宠幸	(chǒng xìng)
揰	(chòng)
抽	(chōu)
抽插	(chōu chā)
抽查	(chōu chá)
抽成	(chōu chéng)
抽抽噎噎	(chōu chou yē yē)
抽出	(chōu chū)
抽搐	(chōu chù)
抽搭	(chōu da)
抽打	(chōu dǎ)
抽贷	(chōu dài)
抽调	(chōu diào)
抽动	(chōu dòng)
抽动症	(chōu dòng zhèng)
抽斗	(chōu dǒu)
抽风	(chōu fēng)
抽风机	(chōu fēng jī)
抽号	(chōu hào)
抽检	(chōu jiǎn)
抽奖	(chōu jiǎng)
抽筋	(chōu jīn)
抽空	(chōu kòng)
抽冷子	(chōu lěng zi)
抽离	(chōu lí)
抽气	(chōu qì)
抽泣	(chōu qì)
抽签	(chōu qiān)
抽取	(chōu qǔ)
抽认卡	(chōu rèn kǎ)
抽射	(chōu shè)
抽身	(chōu shēn)
抽时间	(chōu shí jiān)
抽水	(chōu shuǐ)
抽水泵	(chōu shuǐ bèng)
抽水机	(chōu shuǐ jī)
抽水马桶	(chōu shuǐ mǎ tǒng)
抽水站	(chōu shuǐ zhàn)
抽税	(chōu shuì)
抽丝	(chōu sī)
抽丝剥茧	(chōu sī bō jiǎn)
抽穗	(chōu suì)
抽屉	(chōu ti)
抽痛	(chōu tòng)
抽头	(chōu tóu)
抽象	(chōu xiàng)
抽象词	(chōu xiàng cí)
抽象代数	(chōu xiàng dài shù)
抽象思维	(chōu xiàng sī wéi)
抽象域	(chōu xiàng yù)
抽血	(chōu xuè)
抽芽	(chōu yá)
抽烟	(chōu yān)
抽咽	(chōu yè)
抽验	(chōu yàn)
抽样	(chōu yàng)
抽噎	(chōu yē)
抽佣	(chōu yòng)
抽油烟机	(chōu yóu yān jī)
抽脂	(chōu zhī)
抽纸	(chōu zhǐ)
抽中	(chōu zhòng)
抽嘴巴	(chōu zuǐ ba)
搊	(chōu)
仇	(chóu)
仇雠	(chóu chóu)
仇敌	(chóu dí)
仇富	(chóu fù)
仇恨	(chóu hèn)
仇恨罪	(chóu hèn zuì)
仇恨罪行	(chóu hèn zuì xíng)
仇家	(chóu jiā)
仇人	(chóu rén)
仇人相见，分外眼红	(chóu rén xiāng jiàn , fèn wài yǎn hóng)
仇杀	(chóu shā)
仇视	(chóu shì)
仇外	(chóu wài)
仇外心理	(chóu wài xīn lǐ)
仇隙	(chóu xì)
仇怨	(chóu yuàn)
㐜	(chóu)
俦	(chóu)
帱	(chóu)
㤽	(chóu)
㤽㤽	(chóu chóu)
惆	(chóu)
惆怅	(chóu chàng)
惆怅若失	(chóu chàng ruò shī)
椆	(chóu)
椆苕	(diào tiáo)
椆水	(chóu shuǐ)
愁	(chóu)
愁肠	(chóu cháng)
愁肠百结	(chóu cháng bǎi jié)
愁苦	(chóu kǔ)
愁眉不展	(chóu méi bù zhǎn)
愁眉苦脸	(chóu méi kǔ liǎn)
愁闷	(chóu mèn)
愁绪	(chóu xù)
嬦	(chóu)
丑	(chǒu)
丑角	(chǒu jué)
丑鸭	(chǒu yā)
丒	(chǒu)
杽	(chǒu)
杻	(niǔ)
侴	(chǒu)
偢	(chǒu)
殠	(chòu)
出	(chū)
出埃及记	(chū āi jí jì)
出版	(chū bǎn)
出版商	(chū bǎn shāng)
出版社	(chū bǎn shè)
出版物	(chū bǎn wù)
出版者	(chū bǎn zhě)
出榜	(chū bǎng)
出包	(chū bāo)
出奔	(chū bēn)
出殡	(chū bìn)
出兵	(chū bīng)
出彩	(chū cǎi)
出菜	(chū cài)
出菜秀	(chū cài xiù)
出餐	(chū cān)
出操	(chū cāo)
出草	(chū cǎo)
出岔子	(chū chà zi)
出差	(chū chāi)
出产	(chū chǎn)
出厂	(chū chǎng)
出厂价	(chū chǎng jià)
出厂设置	(chū chǎng shè zhì)
出场	(chū chǎng)
出场费	(chū chǎng fèi)
出超	(chū chāo)
出车	(chū chē)
出丑	(chū chǒu)
出臭子儿	(chū chòu zǐ r)
出处	(chū chù)
出错	(chū cuò)
出错信息	(chū cuò xìn xī)
出大差	(chū dà chāi)
出道	(chū dào)
出点子	(chū diǎn zi)
出动	(chū dòng)
出尔反尔	(chū ěr fǎn ěr)
出发	(chū fā)
出发点	(chū fā diǎn)
出饭	(chū fàn)
出访	(chū fǎng)
出份子	(chū fèn zi)
出风口	(chū fēng kǒu)
出风头	(chū fēng tou)
出锋头	(chū fēng tou)
出伏	(chū fú)
出港	(chū gǎng)
出港大厅	(chū gǎng dà tīng)
出阁	(chū gé)
出格	(chū gé)
出恭	(chū gōng)
出菇	(chū gū)
出官	(chū guān)
出轨	(chū guǐ)
出柜	(chū guì)
出国	(chū guó)
出海	(chū hǎi)
出汗	(chū hàn)
出航	(chū háng)
出号	(chū hào)
出乎	(chū hū)
出乎意料	(chū hū yì liào)
出乎意外	(chū hū yì wài)
出乎预料	(chū hū yù liào)
出活	(chū huó)
出货	(chū huò)
出击	(chū jī)
出辑	(chū jí)
出继	(chū jì)
出家	(chū jiā)
出家人	(chū jiā rén)
出价	(chū jià)
出嫁	(chū jià)
出尖	(chū jiān)
出尖儿	(chū jiān r)
出界	(chū jiè)
出借	(chū jiè)
出警	(chū jǐng)
出境	(chū jìng)
出镜	(chū jìng)
出局	(chū jú)
出具	(chū jù)
出口	(chū kǒu)
出口成章	(chū kǒu chéng zhāng)
出口调查	(chū kǒu diào chá)
出口额	(chū kǒu é)
出口货	(chū kǒu huò)
出口气	(chū kǒu qì)
出口商	(chū kǒu shāng)
出口商品	(chū kǒu shāng pǐn)
出来	(chū lái)
出来混迟早要还的	(chū lái hùn chí zǎo yào huán de)
出栏	(chū lán)
出老千	(chū lǎo qiān)
出了事	(chū le shì)
出类拔萃	(chū lèi bá cuì)
出力	(chū lì)
出粮	(chū liáng)
出列	(chū liè)
出猎	(chū liè)
出溜	(chū liu)
出溜屁	(chū liu pì)
出笼	(chū lóng)
出娄子	(chū lóu zi)
出喽子	(chū lóu zi)
出楼子	(chū lóu zi)
出漏子	(chū lòu zi)
出炉	(chū lú)
出路	(chū lù)
出露	(chū lù)
出乱子	(chū luàn zi)
出落	(chū luò)
出马	(chū mǎ)
出卖	(chū mài)
出满勤，干满点	(chū mǎn qín , gàn mǎn diǎn)
出毛病	(chū máo bìng)
出没	(chū mò)
出没无常	(chū mò wú cháng)
出门	(chū mén)
出门在外	(chū mén zài wài)
出面	(chū miàn)
出苗	(chū miáo)
出名	(chū míng)
出谋划策	(chū móu huà cè)
出纳	(chū nà)
出纳员	(chū nà yuán)
出难题	(chū nán tí)
出盘	(chū pán)
出片	(chū piàn)
出品	(chū pǐn)
出品人	(chū pǐn rén)
出其不意	(chū qí bù yì)
出其不意，攻其不备	(chū qí bù yì , gōng qí bù bèi)
出奇	(chū qí)
出奇制胜	(chū qí zhì shèng)
出气	(chū qì)
出气口	(chū qì kǒu)
出气筒	(chū qì tǒng)
出钱	(chū qián)
出鞘	(chū qiào)
出勤	(chū qín)
出清	(chū qīng)
出糗	(chū qiǔ)
出去	(chū qù)
出圈	(chū juàn)
出圈儿	(chū quān r)
出拳	(chū quán)
出缺	(chū quē)
出让	(chū ràng)
出人命	(chū rén mìng)
出人头地	(chū rén tóu dì)
出人意表	(chū rén yì biǎo)
出人意料	(chū rén yì liào)
出人意外	(chū rén yì wài)
出任	(chū rèn)
出入	(chū rù)
出入境	(chū rù jìng)
出入境管理局	(chū rù jìng guǎn lǐ jú)
出入境检验检疫局	(chū rù jìng jiǎn yàn jiǎn yì jú)
出入口	(chū rù kǒu)
出入门	(chū rù mén)
出入平安	(chū rù píng ān)
出赛	(chū sài)
出丧	(chū sāng)
出色	(chū sè)
出山	(chū shān)
出身	(chū shēn)
出神	(chū shén)
出神入化	(chū shén rù huà)
出神音乐	(chū shén yīn yuè)
出生	(chū shēng)
出生地	(chū shēng dì)
出生地点	(chū shēng dì diǎn)
出生率	(chū shēng lǜ)
出生缺陷	(chū shēng quē xiàn)
出生日期	(chū shēng rì qī)
出生入死	(chū shēng rù sǐ)
出生证	(chū shēng zhèng)
出生证明	(chū shēng zhèng míng)
出生证明书	(chū shēng zhèng míng shū)
出声	(chū shēng)
出师	(chū shī)
出师未捷身先死	(chū shī wèi jié shēn xiān sǐ)
出使	(chū shǐ)
出示	(chū shì)
出世	(chū shì)
出仕	(chū shì)
出事	(chū shì)
出手	(chū shǒu)
出售	(chū shòu)
出书	(chū shū)
出水	(chū shuǐ)
出水芙蓉	(chū shuǐ fú róng)
出水口	(chū shuǐ kǒu)
出台	(chū tái)
出摊儿	(chū tān r)
出逃	(chū táo)
出题	(chū tí)
出庭	(chū tíng)
出头	(chū tóu)
出头的椽子先烂	(chū tóu de chuán zi xiān làn)
出头鸟	(chū tóu niǎo)
出土	(chū tǔ)
出脱	(chū tuō)
出外	(chū wài)
出亡	(chū wáng)
出问题	(chū wèn tí)
出息	(chū xi)
出席	(chū xí)
出席者	(chū xí zhě)
出戏	(chū xì)
出险	(chū xiǎn)
出现	(chū xiàn)
出线	(chū xiàn)
出校门	(chū xiào mén)
出新	(chū xīn)
出行	(chū xíng)
出血	(chū xuè)
出血热	(chū xuè rè)
出血性	(chū xuè xìng)
出血性登革热	(chū xuè xìng dēng gé rè)
出巡	(chū xún)
出言	(chū yán)
出言不逊	(chū yán bù xùn)
出演	(chū yǎn)
出洋	(chū yáng)
出洋相	(chū yáng xiàng)
出迎	(chū yíng)
出游	(chū yóu)
出淤泥而不染	(chū yū ní ér bù rǎn)
出于	(chū yú)
出狱	(chū yù)
出远门	(chū yuǎn mén)
出院	(chū yuàn)
出月	(chū yuè)
出月子	(chū yuè zi)
出战	(chū zhàn)
出站	(chū zhàn)
出招	(chū zhāo)
出诊	(chū zhěn)
出征	(chū zhēng)
出汁	(chū zhī)
出钟	(chū zhōng)
出众	(chū zhòng)
出主意	(chū zhǔ yi)
出资	(chū zī)
出自	(chū zì)
出自肺腑	(chū zì fèi fǔ)
出走	(chū zǒu)
出租	(chū zū)
出租车	(chū zū chē)
出租汽车	(chū zū qì chē)
出租司机	(chū zū sī jī)
出租屋	(chū zū wū)
出罪	(chū zuì)
岀	(chū)
初	(chū)
初步	(chū bù)
初步设想	(chū bù shè xiǎng)
初潮	(chū cháo)
初出茅庐	(chū chū máo lú)
初创	(chū chuàng)
初创公司	(chū chuàng gōng sī)
初次	(chū cì)
初等	(chū děng)
初等代数	(chū děng dài shù)
初等教育	(chū děng jiào yù)
初冬	(chū dōng)
初二	(chū èr)
初犯	(chū fàn)
初稿	(chū gǎo)
初估	(chū gū)
初婚	(chū hūn)
初级	(chū jí)
初级小学	(chū jí xiǎo xué)
初级中学	(chū jí zhōng xué)
初具规模	(chū jù guī mó)
初刻拍案惊奇	(chū kè pāi àn jīng qí)
初来乍到	(chū lái zhà dào)
初恋	(chū liàn)
初恋感觉	(chū liàn gǎn jué)
初露	(chū lù)
初露才华	(chū lù cái huá)
初露锋芒	(chū lù fēng máng)
初露头角	(chū lù tóu jiǎo)
初年	(chū nián)
初期	(chū qī)
初秋	(chū qiū)
初赛	(chū sài)
初三	(chū sān)
初设	(chū shè)
初审	(chū shěn)
初升	(chū shēng)
初生	(chū shēng)
初生牛犊不怕虎	(chū shēng niú dú bù pà hǔ)
初生之犊不畏虎	(chū shēng zhī dú bù wèi hǔ)
初声	(chū shēng)
初识	(chū shí)
初始	(chū shǐ)
初始化	(chū shǐ huà)
初试	(chū shì)
初试身手	(chū shì shēn shǒu)
初探	(chū tàn)
初唐四杰	(chū táng sì jié)
初文	(chū wén)
初夏	(chū xià)
初小	(chū xiǎo)
初心	(chū xīn)
初选	(chū xuǎn)
初学者	(chū xué zhě)
初叶	(chū yè)
初夜	(chū yè)
初一	(chū yī)
初战	(chū zhàn)
初中	(chū zhōng)
初中生	(chū zhōng shēng)
初衷	(chū zhōng)
摴	(shū)
樗	(chū)
樗蒱	(chū pú)
厨	(chú)
厨房	(chú fáng)
厨工	(chú gōng)
厨具	(chú jù)
厨娘	(chú niáng)
厨师	(chú shī)
厨师长	(chú shī zhǎng)
厨司	(chú sī)
厨卫	(chú wèi)
厨艺	(chú yì)
厨余	(chú yú)
厨子	(chú zi)
橱	(chú)
橱窗	(chú chuāng)
橱柜	(chú guì)
橱子	(chú zi)
幮	(chú)
杵	(chǔ)
楮	(chǔ)
楮纸	(chǔ zhǐ)
储	(chǔ)
储备	(chǔ bèi)
储备货币	(chǔ bèi huò bì)
储备金	(chǔ bèi jīn)
储备粮	(chǔ bèi liáng)
储币	(chǔ bì)
储藏	(chǔ cáng)
储藏室	(chǔ cáng shì)
储存	(chǔ cún)
储户	(chǔ hù)
储精囊	(chǔ jīng náng)
储君	(chǔ jūn)
储量	(chǔ liàng)
储能	(chǔ néng)
储气	(chǔ qì)
储气罐	(chǔ qì guàn)
储水	(chǔ shuǐ)
储水管	(chǔ shuǐ guǎn)
储水箱	(chǔ shuǐ xiāng)
储物	(chǔ wù)
储物柜	(chǔ wù guì)
储蓄	(chǔ xù)
储蓄卡	(chǔ xù kǎ)
储蓄率	(chǔ xù lǜ)
储值	(chǔ zhí)
储值卡	(chǔ zhí kǎ)
楚	(chǔ)
楚楚	(chǔ chǔ)
楚楚可怜	(chǔ chǔ kě lián)
楚辞	(chǔ cí)
楚汉战争	(chǔ hàn zhàn zhēng)
楚河汉界	(chǔ hé hàn jiè)
楚怀王	(chǔ huái wáng)
楚雄市	(chǔ xióng shì)
楚雄彝族自治州	(chǔ xióng yí zú zì zhì zhōu)
楚庄王	(chǔ zhuāng wáng)
亍	(chù)
処	(chǔ)
怵	(chù)
怵惧	(chù jù)
怵目惊心	(chù mù jīng xīn)
怵然	(chù rán)
怵惕	(chù tì)
俶	(chù)
搐	(chù)
儊	(chù)
憷	(chù)
憷场	(chù chǎng)
憷头	(chù tóu)
歜	(chù)
欻	(chuā)
揣	(chuāi)
揣测	(chuǎi cè)
揣度	(chuǎi duó)
揣摩	(chuǎi mó)
揣想	(chuǎi xiǎng)
揣在怀里	(chuāi zài huái lǐ)
揣着明白装糊涂	(chuāi zhe míng bai zhuāng hú tu)
搋	(chuāi)
搋面	(chuāi miàn)
搋子	(chuāi zi)
啜	(chuò)
啜泣	(chuò qì)
啜饮	(chuò yǐn)
川	(chuān)
川贝	(chuān bèi)
川菜	(chuān cài)
川藏	(chuān zàng)
川党	(chuān dǎng)
川党参	(chuān dǎng shēn)
川滇藏	(chuān diān zàng)
川端康成	(chuān duān kāng chéng)
川谷	(chuān gǔ)
川褐头山雀	(chuān hè tóu shān què)
川汇区	(chuān huì qū)
川建国	(chuān jiàn guó)
川剧	(chuān jù)
川流不息	(chuān liú bù xī)
川鲁粤苏浙闽湘徽	(chuān lǔ yuè sū zhè mǐn xiāng huī)
川木香	(chuān mù xiāng)
川普	(chuān pǔ)
川崎	(chuān qí)
川沙	(chuān shā)
川外	(chuān wài)
川西	(chuān xī)
川芎	(chuān xiōng)
川泽	(chuān zé)
川震	(chuān zhèn)
川资	(chuān zī)
巛	(chuān)
传	(zhuàn)
传帮带	(chuán bāng dài)
传报	(chuán bào)
传本	(chuán běn)
传遍	(chuán biàn)
传播	(chuán bō)
传布	(chuán bù)
传参	(chuán cān)
传产	(chuán chǎn)
传唱	(chuán chàng)
传抄	(chuán chāo)
传承	(chuán chéng)
传出	(chuán chū)
传出神经	(chuán chū shén jīng)
传达	(chuán dá)
传达室	(chuán dá shì)
传达员	(chuán dá yuán)
传代	(chuán dài)
传单	(chuán dān)
传导	(chuán dǎo)
传道	(chuán dào)
传道部	(chuán dào bù)
传道受业	(chuán dào shòu yè)
传道书	(chuán dào shū)
传道者	(chuán dào zhě)
传灯	(chuán dēng)
传递	(chuán dì)
传递者	(chuán dì zhě)
传动	(chuán dòng)
传动比	(chuán dòng bǐ)
传动带	(chuán dòng dài)
传动机构	(chuán dòng jī gòu)
传动器	(chuán dòng qì)
传动系统	(chuán dòng xì tǒng)
传动轴	(chuán dòng zhóu)
传动装置	(chuán dòng zhuāng zhì)
传发	(chuán fā)
传法	(chuán fǎ)
传粉	(chuán fěn)
传感	(chuán gǎn)
传感器	(chuán gǎn qì)
传告	(chuán gào)
传给	(chuán gěi)
传观	(chuán guān)
传呼	(chuán hū)
传呼电话	(chuán hū diàn huà)
传呼机	(chuán hū jī)
传话	(chuán huà)
传话人	(chuán huà rén)
传唤	(chuán huàn)
传回	(chuán huí)
传记	(zhuàn jì)
传寄	(chuán jì)
传家	(chuán jiā)
传家宝	(chuán jiā bǎo)
传见	(chuán jiàn)
传讲	(chuán jiǎng)
传教	(chuán jiào)
传教士	(chuán jiào shì)
传教团	(chuán jiào tuán)
传戒	(chuán jiè)
传经	(chuán jīng)
传开	(chuán kāi)
传来	(chuán lái)
传令	(chuán lìng)
传令兵	(chuán lìng bīng)
传流	(chuán liú)
传略	(zhuàn lüè)
传媒	(chuán méi)
传名	(chuán míng)
传票	(chuán piào)
传奇	(chuán qí)
传奇人物	(chuán qí rén wù)
传情	(chuán qíng)
传球	(chuán qiú)
传染	(chuán rǎn)
传染病	(chuán rǎn bìng)
传染病学	(chuán rǎn bìng xué)
传染性	(chuán rǎn xìng)
传染源	(chuán rǎn yuán)
传热	(chuán rè)
传热学	(zhuàn rè xué)
传人	(chuán rén)
传入	(chuán rù)
传入神经	(chuán rù shén jīng)
传三过四	(chuán sān guò sì)
传神	(chuán shén)
传声	(chuán shēng)
传声器	(chuán shēng qì)
传声筒	(chuán shēng tǒng)
传世	(chuán shì)
传授	(chuán shòu)
传书鸽	(chuán shū gē)
传输	(chuán shū)
传输层	(chuán shū céng)
传输服务	(chuán shū fú wù)
传输距离	(chuán shū jù lí)
传输控制	(chuán shū kòng zhì)
传输控制协定	(chuán shū kòng zhì xié dìng)
传输率	(chuán shū lǜ)
传输媒体	(chuán shū méi tǐ)
传输媒质	(chuán shū méi zhì)
传输模式	(chuán shū mó shì)
传输设备	(chuán shū shè bèi)
传输速率	(chuán shū sù lǜ)
传输通道	(chuán shū tōng dào)
传输线	(chuán shū xiàn)
传述	(chuán shù)
传说	(chuán shuō)
传送	(chuán sòng)
传送带	(chuán sòng dài)
传送服务	(chuán sòng fú wù)
传诵	(chuán sòng)
传颂	(chuán sòng)
传统	(chuán tǒng)
传统医药	(chuán tǒng yī yào)
传闻	(chuán wén)
传闻证据	(chuán wén zhèng jù)
传习	(chuán xí)
传檄	(chuán xí)
传销	(chuán xiāo)
传写	(chuán xiě)
传心术	(chuán xīn shù)
传讯	(chuán xùn)
传言	(chuán yán)
传扬	(chuán yáng)
传谣	(chuán yáo)
传艺	(chuán yì)
传译	(chuán yì)
传语	(chuán yǔ)
传阅	(chuán yuè)
传载	(chuán zǎi)
传赞	(zhuàn zàn)
传真	(chuán zhēn)
传真电报	(chuán zhēn diàn bào)
传真机	(chuán zhēn jī)
传旨	(chuán zhǐ)
传质	(chuán zhì)
传种	(chuán zhǒng)
传宗接代	(chuán zōng jiē dài)
圌	(chuí)
椽	(chuán)
椽子	(chuán zi)
喘	(chuǎn)
喘不过	(chuǎn bu guò)
喘不过气来	(chuǎn bu guò qì lái)
喘粗气	(chuǎn cū qì)
喘气	(chuǎn qì)
喘息	(chuǎn xī)
喘吁吁	(chuǎn xū xū)
喘嘘嘘	(chuǎn xū xū)
喘振	(chuǎn zhèn)
串	(chuàn)
串处理	(chuàn chǔ lǐ)
串串	(chuàn chuàn)
串串狗	(chuàn chuàn gǒu)
串串猫	(chuàn chuàn māo)
串串香	(chuàn chuàn xiāng)
串岗	(chuàn gǎng)
串供	(chuàn gòng)
串号	(chuàn hào)
串换	(chuàn huàn)
串口	(chuàn kǒu)
串联	(chuàn lián)
串流	(chuàn liú)
串门	(chuàn mén)
串门儿	(chuàn mén r)
串谋	(chuàn móu)
串亲访友	(chuàn qīn fǎng yǒu)
串烧	(chuàn shāo)
串通	(chuàn tōng)
串通一气	(chuàn tōng yī qì)
串味	(chuàn wèi)
串戏	(chuàn xì)
串线	(chuàn xiàn)
串乡	(chuàn xiāng)
串行	(chuàn háng)
串行口	(chuàn xíng kǒu)
串音	(chuàn yīn)
床	(chuáng)
床边	(chuáng biān)
床侧	(chuáng cè)
床单	(chuáng dān)
床垫	(chuáng diàn)
床技	(chuáng jì)
床笠	(chuáng lì)
床铃	(chuáng líng)
床铺	(chuáng pù)
床上戏	(chuáng shàng xì)
床虱	(chuáng shī)
床头	(chuáng tóu)
床头柜	(chuáng tóu guì)
床位	(chuáng wèi)
床戏	(chuáng xì)
床沿	(chuáng yán)
床友	(chuáng yǒu)
床帐	(chuáng zhàng)
床罩	(chuáng zhào)
床笫	(chuáng zǐ)
床笫之事	(chuáng zǐ zhī shì)
床笫之私	(chuáng zǐ zhī sī)
噇	(chuáng)
幢	(zhuàng)
幢幢	(chuáng chuáng)
创	(chuàng)
创办	(chuàng bàn)
创办人	(chuàng bàn rén)
创办者	(chuàng bàn zhě)
创痕	(chuāng hén)
创汇	(chuàng huì)
创记录	(chuàng jì lù)
创价学会	(chuàng jià xué huì)
创见	(chuàng jiàn)
创见性	(chuàng jiàn xìng)
创建	(chuàng jiàn)
创建者	(chuàng jiàn zhě)
创举	(chuàng jǔ)
创巨痛深	(chuāng jù tòng shēn)
创刊	(chuàng kān)
创刊号	(chuàng kān hào)
创可贴	(chuāng kě tiē)
创客	(chuàng kè)
创口	(chuāng kǒu)
创口贴	(chuāng kǒu tiē)
创立	(chuàng lì)
创立人	(chuàng lì rén)
创立者	(chuàng lì zhě)
创利	(chuàng lì)
创练	(chuàng liàn)
创牌子	(chuàng pái zi)
创伤	(chuāng shāng)
创伤后压力症候群	(chuāng shāng hòu yā lì zhèng hòu qún)
创伤后应激障碍	(chuāng shāng hòu yìng jī zhàng ài)
创设	(chuàng shè)
创始	(chuàng shǐ)
创始人	(chuàng shǐ rén)
创始者	(chuàng shǐ zhě)
创世	(chuàng shì)
创世记	(chuàng shì jì)
创世纪	(chuàng shì jì)
创世论	(chuàng shì lùn)
创收	(chuàng shōu)
创痛	(chuāng tòng)
创投	(chuàng tóu)
创投基金	(chuàng tóu jī jīn)
创下	(chuàng xià)
创下高票房	(chuàng xià gāo piào fáng)
创新	(chuàng xīn)
创新精神	(chuàng xīn jīng shén)
创业	(chuàng yè)
创业精神	(chuàng yè jīng shén)
创业投资	(chuàng yè tóu zī)
创业者	(chuàng yè zhě)
创议	(chuàng yì)
创译	(chuàng yì)
创意	(chuàng yì)
创优	(chuàng yōu)
创造	(chuàng zào)
创造力	(chuàng zào lì)
创造论	(chuàng zào lùn)
创造性	(chuàng zào xìng)
创造者	(chuàng zào zhě)
创造主	(chuàng zào zhǔ)
创制	(chuàng zhì)
创作	(chuàng zuò)
创作力	(chuàng zuò lì)
创作者	(chuàng zuò zhě)
怆	(chuàng)
刱	(chuāng)
吹	(chuī)
吹吹拍拍	(chuī chuī pāi pāi)
吹灯拔蜡	(chuī dēng bá là)
吹风	(chuī fēng)
吹风机	(chuī fēng jī)
吹拂	(chuī fú)
吹干	(chuī gān)
吹鼓手	(chuī gǔ shǒu)
吹管	(chuī guǎn)
吹管乐	(chuī guǎn yuè)
吹号	(chuī hào)
吹胡子瞪眼	(chuī hú zi dèng yǎn)
吹灰	(chuī huī)
吹灰之力	(chuī huī zhī lì)
吹糠见米	(chuī kāng jiàn mǐ)
吹孔	(chuī kǒng)
吹口哨	(chuī kǒu shào)
吹喇叭	(chuī lǎ ba)
吹了	(chuī le)
吹擂	(chuī léi)
吹冷风	(chuī lěng fēng)
吹毛求疵	(chuī máo qiú cī)
吹灭	(chuī miè)
吹牛	(chuī niú)
吹牛拍马	(chuī niú pāi mǎ)
吹牛皮	(chuī niú pí)
吹拍	(chuī pāi)
吹捧	(chuī pěng)
吹气	(chuī qì)
吹球机	(chuī qiú jī)
吹散	(chuī sàn)
吹哨	(chuī shào)
吹哨人	(chuī shào rén)
吹水	(chuī shuǐ)
吹台	(chuī tái)
吹熄	(chuī xī)
吹袭	(chuī xí)
吹箫	(chuī xiāo)
吹嘘	(chuī xū)
吹叶机	(chuī yè jī)
吹竽手	(chuī yú shǒu)
吹胀	(chuī zhàng)
吹枕边风	(chuī zhěn biān fēng)
吹奏	(chuī zòu)
垂	(chuí)
垂垂	(chuí chuí)
垂钓	(chuí diào)
垂范	(chuí fàn)
垂感	(chuí gǎn)
垂挂	(chuí guà)
垂老	(chuí lǎo)
垂泪	(chuí lèi)
垂帘听政	(chuí lián tīng zhèng)
垂柳	(chuí liǔ)
垂幕	(chuí mù)
垂暮之年	(chuí mù zhī nián)
垂念	(chuí niàn)
垂泣	(chuí qì)
垂青	(chuí qīng)
垂死	(chuí sǐ)
垂死挣扎	(chuí sǐ zhēng zhá)
垂体	(chuí tǐ)
垂髫	(chuí tiáo)
垂头丧气	(chuí tóu sàng qì)
垂危	(chuí wēi)
垂下	(chuí xià)
垂涎	(chuí xián)
垂涎三尺	(chuí xián sān chǐ)
垂涎欲滴	(chuí xián yù dī)
垂线	(chuí xiàn)
垂悬分词	(chuí xuán fēn cí)
垂悬结构	(chuí xuán jié gòu)
垂杨柳	(chuí yáng liǔ)
垂直	(chuí zhí)
垂直和短距起落飞机	(chuí zhí hé duǎn jù qǐ luò fēi jī)
垂直起落飞机	(chuí zhí qǐ luò fēi jī)
垂直尾翼	(chuí zhí wěi yì)
垂直线	(chuí zhí xiàn)
垂直轴	(chuí zhí zhóu)
埀	(chuí)
捶	(chuí)
捶背	(chuí bèi)
捶打	(chuí dǎ)
捶击	(chuí jī)
捶胸	(chuí xiōng)
捶胸顿足	(chuí xiōng dùn zú)
捶子	(chuí zi)
棰	(chuí)
槌	(chuí)
槌球	(chuí qiú)
春	(chūn)
春饼	(chūn bǐng)
春播	(chūn bō)
春蚕	(chūn cán)
春岑	(chūn cén)
春茶	(chūn chá)
春川市	(chūn chuān shì)
春大麦	(chūn dà mài)
春灯谜	(chūn dēng mí)
春凳	(chūn dèng)
春分点	(chūn fēn diǎn)
春风	(chūn fēng)
春风得意	(chūn fēng dé yì)
春风和气	(chūn fēng hé qì)
春风化雨	(chūn fēng huà yǔ)
春风满面	(chūn fēng mǎn miàn)
春风一度	(chūn fēng yī dù)
春妇	(chūn fù)
春耕	(chūn gēng)
春宫	(chūn gōng)
春菇	(chūn gū)
春灌	(chūn guàn)
春光	(chūn guāng)
春光明媚	(chūn guāng míng mèi)
春光乍泄	(chūn guāng zhà xiè)
春化	(chūn huà)
春画	(chūn huà)
春黄菊	(chūn huáng jú)
春黄菊属	(chūn huáng jú shǔ)
春晖	(chūn huī)
春季	(chūn jì)
春假	(chūn jià)
春江花月夜	(chūn jiāng huā yuè yè)
春江水暖鸭先知	(chūn jiāng shuǐ nuǎn yā xiān zhī)
春节	(chūn jié)
春节联欢晚会	(chūn jié lián huān wǎn huì)
春景	(chūn jǐng)
春酒	(chūn jiǔ)
春卷	(chūn juǎn)
春困	(chūn kùn)
春联	(chūn lián)
春霖	(chūn lín)
春令	(chūn lìng)
春梦	(chūn mèng)
春暖花开	(chūn nuǎn huā kāi)
春情	(chūn qíng)
春秋	(chūn qiū)
春秋大梦	(chūn qiū dà mèng)
春秋鼎盛	(chūn qiū dǐng shèng)
春秋繁露	(chūn qiū fán lù)
春秋三传	(chūn qiū sān zhuàn)
春秋时代	(chūn qiū shí dài)
春秋五霸	(chūn qiū wǔ bà)
春秋战国	(chūn qiū zhàn guó)
春秋战国时代	(chūn qiū zhàn guó shí dài)
春秋左氏传	(chūn qiū zuǒ shì zhuàn)
春日	(chūn rì)
春日部	(chūn rì bù)
春日乡	(chūn rì xiāng)
春色	(chūn sè)
春生，夏长，秋收，冬藏	(chūn shēng , xià zhǎng , qiū shōu , dōng cáng)
春试	(chūn shì)
春笋	(chūn sǔn)
春天	(chūn tiān)
春晚	(chūn wǎn)
春闱	(chūn wéi)
春武里府	(chūn wǔ lǐ fǔ)
春夏秋冬	(chūn xià qiū dōng)
春宵	(chūn xiāo)
春心	(chūn xīn)
春兴	(chūn xìng)
春汛	(chūn xùn)
春药	(chūn yào)
春意	(chūn yì)
春游	(chūn yóu)
春雨	(chūn yǔ)
春运	(chūn yùn)
春装	(chūn zhuāng)
椿	(chūn)
椿象	(chūn xiàng)
橁	(xún)
唇	(chún)
唇彩	(chún cǎi)
唇齿	(chún chǐ)
唇齿相依	(chún chǐ xiāng yī)
唇齿音	(chún chǐ yīn)
唇典	(chún diǎn)
唇读	(chún dú)
唇颚裂	(chún è liè)
唇膏	(chún gāo)
唇角	(chún jiǎo)
唇裂	(chún liè)
唇蜜	(chún mì)
唇枪舌剑	(chún qiāng shé jiàn)
唇舌	(chún shé)
唇亡齿寒	(chún wáng chǐ hán)
唇线笔	(chún xiàn bǐ)
唇形科	(chún xíng kē)
唇音	(chún yīn)
唇印	(chún yìn)
唇釉	(chún yòu)
㝄	(chún)
㵮	(chún)
㝇	(chún)
蠢	(chǔn)
戳	(chuō)
戳壁脚	(chuō bì jiǎo)
戳不住	(chuō bu zhù)
戳穿	(chuō chuān)
戳穿试验	(chuō chuān shì yàn)
戳刺感	(chuō cì gǎn)
戳搭	(chuō dā)
戳得住	(chuō de zhù)
戳儿	(chuō r)
戳份儿	(chuō fèn r)
戳个儿	(chuō gè r)
戳咕	(chuō gū)
戳祸	(chuō huò)
戳脊梁	(chuō jǐ liang)
戳脊梁骨	(chuō jǐ liang gǔ)
戳记	(chuō jì)
戳破	(chuō pò)
戳痛点	(chuō tòng diǎn)
戳心灌髓	(chuō xīn guàn suǐ)
戳子	(chuō zi)
㲋	(chuò)
惙	(chuò)
婥	(chuò)
婥约	(chuò yuē)
擉	(chuò)
歠	(chuò)
呲	(cī)
呲牙咧嘴	(zī yá liě zuǐ)
偨	(cī)
词	(cí)
堲	(jí)
慈	(cí)
慈蔼	(cí ǎi)
慈爱	(cí ài)
慈安太后	(cí ān tài hòu)
慈悲	(cí bēi)
慈悲为本	(cí bēi wéi běn)
慈福行动	(cí fú xíng dòng)
慈姑	(cí gu)
慈和	(cí hé)
慈江道	(cí jiāng dào)
慈利县	(cí lì xiàn)
慈眉善目	(cí méi shàn mù)
慈母	(cí mǔ)
慈善	(cí shàn)
慈善抽奖	(cí shàn chōu jiǎng)
慈善机构	(cí shàn jī gòu)
慈善家	(cí shàn jiā)
慈善组织	(cí shàn zǔ zhī)
慈石	(cí shí)
慈溪市	(cí xī shì)
慈禧	(cí xǐ)
慈祥	(cí xiáng)
慈颜	(cí yán)
慈照寺	(cí zhào sì)
此	(cǐ)
此处	(cǐ chù)
此次	(cǐ cì)
此道	(cǐ dào)
此地	(cǐ dì)
此后	(cǐ hòu)
此话怎讲	(cǐ huà zěn jiǎng)
此际	(cǐ jì)
此间	(cǐ jiān)
此刻	(cǐ kè)
此类	(cǐ lèi)
此路不通	(cǐ lù bù tōng)
此起彼伏	(cǐ qǐ bǐ fú)
此起彼落	(cǐ qǐ bǐ luò)
此前	(cǐ qián)
此时	(cǐ shí)
此时此地	(cǐ shí cǐ dì)
此时此刻	(cǐ shí cǐ kè)
此事	(cǐ shì)
此外	(cǐ wài)
此消彼长	(cǐ xiāo bǐ zhǎng)
此行	(cǐ xíng)
此言非虚	(cǐ yán fēi xū)
此致敬礼	(cǐ zhì jìng lǐ)
佌	(cǐ)
朿	(cì)
次	(cì)
次大陆	(cì dà lù)
次贷	(cì dài)
次贷危机	(cì dài wēi jī)
次等	(cì děng)
次第	(cì dì)
次方	(cì fāng)
次方言	(cì fāng yán)
次官	(cì guān)
次后	(cì hòu)
次货	(cì huò)
次级	(cì jí)
次级贷款	(cì jí dài kuǎn)
次级抵押贷款	(cì jí dǐ yā dài kuǎn)
次级房屋信贷危机	(cì jí fáng wū xìn dài wēi jī)
次经	(cì jīng)
次氯酸	(cì lǜ suān)
次女	(cì nǚ)
次贫	(cì pín)
次品	(cì pǐn)
次日	(cì rì)
次生	(cì shēng)
次生林	(cì shēng lín)
次生灾害	(cì shēng zāi hài)
次声波	(cì shēng bō)
次世代	(cì shì dài)
次数	(cì shù)
次文化	(cì wén huà)
次溴酸	(cì xiù suān)
次序	(cì xù)
次要	(cì yào)
次一个	(cì yī gè)
次于	(cì yú)
次元	(cì yuán)
次韵	(cì yùn)
次长	(cì zhǎng)
次正装	(cì zhèng zhuāng)
次之	(cì zhī)
次重量级	(cì zhòng liàng jí)
次子	(cì zǐ)
伺	(sì)
伺服	(sì fú)
伺服器	(sì fú qì)
伺候	(cì hou)
伺机	(sì jī)
伺隙	(sì xì)
刺	(cì)
刺柏	(cì bǎi)
刺胞	(cì bāo)
刺胞动物	(cì bāo dòng wù)
刺鼻	(cì bí)
刺穿	(cì chuān)
刺戳	(cì chuō)
刺刺不休	(cì cì bù xiū)
刺刀	(cì dāo)
刺儿	(cì r)
刺儿话	(cì r huà)
刺儿李	(cì r lǐ)
刺儿头	(cì r tóu)
刺耳	(cì ěr)
刺钢丝	(cì gāng sī)
刺骨	(cì gǔ)
刺花	(cì huā)
刺花纹	(cì huā wén)
刺槐	(cì huái)
刺激	(cì jī)
刺激剂	(cì jī jì)
刺激物	(cì jī wù)
刺激性	(cì jī xìng)
刺客	(cì kè)
刺棱	(cī lēng)
刺梨	(cì lí)
刺目	(cì mù)
刺破	(cì pò)
刺芹菇	(cì qín gū)
刺青	(cì qīng)
刺杀	(cì shā)
刺伤	(cì shāng)
刺身	(cì shēn)
刺史	(cì shǐ)
刺丝胞	(cì sī bāo)
刺丝胞动物	(cì sī bāo dòng wù)
刺丝囊	(cì sī náng)
刺死	(cì sǐ)
刺探	(cì tàn)
刺桐	(cì tóng)
刺痛	(cì tòng)
刺猬	(cì wei)
刺五加	(cì wǔ jiā)
刺苋	(cì xiàn)
刺绣	(cì xiù)
刺绣品	(cì xiù pǐn)
刺眼	(cì yǎn)
刺中	(cì zhòng)
刺字	(cì zì)
刾	(cì)
佽	(cì)
匆	(cōng)
匆匆	(cōng cōng)
匆促	(cōng cù)
匆猝	(cōng cù)
匆遽	(cōng jù)
匆忙	(cōng máng)
匆卒	(cōng cù)
囱	(cōng)
枞	(cōng)
枞树	(cōng shù)
枞阳县	(zōng yáng xiàn)
聪慧	(cōng huì)
聪明	(cōng míng)
从	(cóng)
从不	(cóng bù)
从此	(cóng cǐ)
从此往后	(cóng cǐ wǎng hòu)
从从容容	(cóng cóng róng róng)
从动	(cóng dòng)
从而	(cóng ér)
从犯	(cóng fàn)
从父	(cóng fù)
从何	(cóng hé)
从化区	(cóng huà qū)
从缓	(cóng huǎn)
从俭	(cóng jiǎn)
从简	(cóng jiǎn)
从谏如流	(cóng jiàn rú liú)
从江县	(cóng jiāng xiàn)
从教	(cóng jiào)
从今以后	(cóng jīn yǐ hòu)
从井救人	(cóng jǐng jiù rén)
从警	(cóng jǐng)
从句	(cóng jù)
从军	(cóng jūn)
从宽	(cóng kuān)
从来	(cóng lái)
从来不	(cóng lái bù)
从来没	(cóng lái méi)
从来没有	(cóng lái méi yǒu)
从里到外	(cóng lǐ dào wài)
从吏	(cóng lì)
从良	(cóng liáng)
从零开始	(cóng líng kāi shǐ)
从略	(cóng lüè)
从没	(cóng méi)
从命	(cóng mìng)
从母	(cóng mǔ)
从难从严	(cóng nán cóng yán)
从前	(cóng qián)
从轻	(cóng qīng)
从戎	(cóng róng)
从容	(cóng róng)
从容不迫	(cóng róng bù pò)
从善如登，从恶如崩	(cóng shàn rú dēng , cóng è rú bēng)
从善如流	(cóng shàn rú liú)
从实招来	(cóng shí zhāo lái)
从事	(cóng shì)
从属	(cóng shǔ)
从速	(cóng sù)
从天而降	(cóng tiān ér jiàng)
从头	(cóng tóu)
从头到脚	(cóng tóu dào jiǎo)
从头到尾	(cóng tóu dào wěi)
从未	(cóng wèi)
从先	(cóng xiān)
从小	(cóng xiǎo)
从心所欲	(cóng xīn suǒ yù)
从兄	(cóng xiōng)
从严	(cóng yán)
从业	(cóng yè)
从业人员	(cóng yè rén yuán)
从业者	(cóng yè zhě)
从一而终	(cóng yī ér zhōng)
从医	(cóng yī)
从艺	(cóng yì)
从影	(cóng yǐng)
从优	(cóng yōu)
从早到晚	(cóng zǎo dào wǎn)
从长计议	(cóng cháng jì yì)
从者	(cóng zhě)
从政	(cóng zhèng)
从中	(cóng zhōng)
从中作梗	(cóng zhōng zuò gěng)
从众	(cóng zhòng)
从子	(cóng zǐ)
丛	(cóng)
丛集	(cóng jí)
丛林	(cóng lín)
丛林法则	(cóng lín fǎ zé)
丛生	(cóng shēng)
丛书	(cóng shū)
丛台区	(cóng tái qū)
丛谈	(cóng tán)
丛冢	(cóng zhǒng)
従	(cóng)
悰	(cóng)
徂	(cú)
殂	(cú)
促	(cù)
促成	(cù chéng)
促动	(cù dòng)
促进	(cù jìn)
促请	(cù qǐng)
促求	(cù qiú)
促声	(cù shēng)
促使	(cù shǐ)
促退	(cù tuì)
促膝	(cù xī)
促膝谈心	(cù xī tán xīn)
促狭	(cù xiá)
促狭鬼	(cù xiá guǐ)
促弦	(cù xián)
促销	(cù xiāo)
促织	(cù zhī)
䠞	(cù)
撺	(cuān)
撺掇	(cuān duo)
欑	(zàn)
崔	(cuī)
崔颢	(cuī hào)
崔鸿	(cuī hóng)
崔健	(cuī jiàn)
崔明慧	(cuī míng huì)
崔巍	(cuī wēi)
崔嵬	(cuī wéi)
崔萤	(cuī yíng)
崔永元	(cuī yǒng yuán)
催	(cuī)
催逼	(cuī bī)
催膘	(cuī biāo)
催产	(cuī chǎn)
催产素	(cuī chǎn sù)
催促	(cuī cù)
催肥	(cuī féi)
催肥剂	(cuī féi jì)
催更	(cuī gēng)
催谷	(cuī gǔ)
催化	(cuī huà)
催化剂	(cuī huà jì)
催化作用	(cuī huà zuò yòng)
催婚	(cuī hūn)
催泪	(cuī lèi)
催泪大片	(cuī lèi dà piàn)
催泪弹	(cuī lèi dàn)
催泪剂	(cuī lèi jì)
催泪瓦斯	(cuī lèi wǎ sī)
催眠	(cuī mián)
催眠曲	(cuī mián qǔ)
催眠师	(cuī mián shī)
催眠术	(cuī mián shù)
催眠药	(cuī mián yào)
催眠状态	(cuī mián zhuàng tài)
催命	(cuī mìng)
催奶	(cuī nǎi)
催情	(cuī qíng)
催乳	(cuī rǔ)
催乳激素	(cuī rǔ jī sù)
催生	(cuī shēng)
催生婆	(cuī shēng pó)
催生素	(cuī shēng sù)
催生者	(cuī shēng zhě)
催收	(cuī shōu)
催熟	(cuī shú)
催讨	(cuī tǎo)
催吐	(cuī tù)
催吐剂	(cuī tù jì)
催芽	(cuī yá)
催帐	(cuī zhàng)
催账	(cuī zhàng)
催证	(cuī zhèng)
摧	(cuī)
摧残	(cuī cán)
摧毁	(cuī huǐ)
榱	(cuī)
伜	(cuì)
啐	(cuì)
悴	(cuì)
椊	(zuó)
村	(cūn)
村夫	(cūn fū)
村妇	(cūn fù)
村姑	(cūn gū)
村里	(cūn lǐ)
村落	(cūn luò)
村民	(cūn mín)
村山富市	(cūn shān fù shì)
村上	(cūn shàng)
村上春树	(cūn shàng chūn shù)
村上隆	(cūn shàng lōng)
村舍	(cūn shè)
村塾	(cūn shú)
村田	(cūn tián)
村委会	(cūn wěi huì)
村寨	(cūn zhài)
村长	(cūn zhǎng)
村镇	(cūn zhèn)
村证房	(cūn zhèng fáng)
村庄	(cūn zhuāng)
村子	(cūn zi)
存	(cún)
存簿	(cún bù)
存车场	(cún chē chǎng)
存车处	(cún chē chù)
存储	(cún chǔ)
存储卡	(cún chǔ kǎ)
存储器	(cún chǔ qì)
存贷	(cún dài)
存贷款	(cún dài kuǎn)
存单	(cún dān)
存档	(cún dàng)
存放	(cún fàng)
存根	(cún gēn)
存户	(cún hù)
存活	(cún huó)
存活率	(cún huó lǜ)
存货	(cún huò)
存款	(cún kuǎn)
存款单	(cún kuǎn dān)
存款人	(cún kuǎn rén)
存款证	(cún kuǎn zhèng)
存款准备金	(cún kuǎn zhǔn bèi jīn)
存款准备金率	(cún kuǎn zhǔn bèi jīn lǜ)
存栏	(cún lán)
存量	(cún liàng)
存留	(cún liú)
存钱	(cún qián)
存钱罐	(cún qián guàn)
存取	(cún qǔ)
存入	(cún rù)
存食	(cún shí)
存水弯	(cún shuǐ wān)
存托凭证	(cún tuō píng zhèng)
存亡	(cún wáng)
存亡攸关	(cún wáng yōu guān)
存心	(cún xīn)
存续	(cún xù)
存疑	(cún yí)
存有	(cún yǒu)
存在	(cún zài)
存在感	(cún zài gǎn)
存在主义	(cún zài zhǔ yì)
存折	(cún zhé)
刌	(cǔn)
忖	(cǔn)
忖度	(cǔn duó)
忖量	(cǔn liàng)
忖思	(cǔn sī)
寸	(cùn)
寸步不离	(cùn bù bù lí)
寸步不让	(cùn bù bù ràng)
寸步难行	(cùn bù nán xíng)
寸草不生	(cùn cǎo bù shēng)
寸金难买寸光阴	(cùn jīn nán mǎi cùn guāng yīn)
寸口	(cùn kǒu)
寸口脉	(cùn kǒu mài)
寸脉	(cùn mài)
寸头	(cùn tóu)
寸土寸金	(cùn tǔ cùn jīn)
寸阴	(cùn yīn)
吋	(cùn)
搓	(cuō)
搓板	(cuō bǎn)
搓麻将	(cuō má jiàng)
搓揉	(cuō róu)
搓洗	(cuō xǐ)
搓衣板	(cuō yī bǎn)
撮	(cuō)
撮合	(cuō he)
嵯	(cuó)
挫	(cuò)
挫败	(cuò bài)
挫疮	(cuò chuāng)
挫折	(cuò zhé)
挫折感	(cuò zhé gǎn)
剒	(cuò)
厝	(cuò)
厝火积薪	(cuò huǒ jī xīn)
措	(cuò)
措办	(cuò bàn)
措词	(cuò cí)
措辞	(cuò cí)
措辞强硬	(cuò cí qiáng yìng)
措大	(cuò dà)
措举	(cuò jǔ)
措美县	(cuò měi xiàn)
措勤县	(cuò qín xiàn)
措施	(cuò shī)
措手	(cuò shǒu)
措手不及	(cuò shǒu bù jí)
措意	(cuò yì)
措置	(cuò zhì)
措置裕如	(cuò zhì yù rú)
棤	(cuò)
锉	(cuò)
锉冰	(cuò bīng)
锉尸	(cuò shī)
哒	(dā)
哒嗪	(dā qín)
搭	(dā)
搭把手	(dā bǎ shǒu)
搭把手儿	(dā bǎ shǒu r)
搭白	(dā bái)
搭伴	(dā bàn)
搭帮	(dā bāng)
搭背	(dā bèi)
搭便	(dā biàn)
搭便车	(dā biàn chē)
搭膊	(dā bó)
搭补	(dā bǔ)
搭茬	(dā chá)
搭茬儿	(dā chá r)
搭车	(dā chē)
搭乘	(dā chéng)
搭当	(dā dàng)
搭挡	(dā dàng)
搭档	(dā dàng)
搭调	(dā diào)
搭缝	(dā fèng)
搭盖	(dā gài)
搭钩	(dā gōu)
搭咕	(dā gū)
搭话	(dā huà)
搭伙	(dā huǒ)
搭架子	(dā jià zi)
搭肩	(dā jiān)
搭建	(dā jiàn)
搭接	(dā jiē)
搭接片	(dā jiē piàn)
搭街坊	(dā jiē fang)
搭界	(dā jiè)
搭救	(dā jiù)
搭客	(dā kè)
搭扣	(dā kòu)
搭拉	(dā la)
搭理	(dā li)
搭连	(dā lián)
搭裢	(dā lian)
搭配	(dā pèi)
搭腔	(dā qiāng)
搭讪	(dā shàn)
搭赸	(dā shàn)
搭售	(dā shòu)
搭铁	(dā tiě)
搭腰	(dā yāo)
搭载	(dā zài)
搭桌	(dā zhuō)
搭子	(dā zi)
搭嘴	(dā zuǐ)
搭坐	(dā zuò)
嗒	(dā)
嗒然	(tà rán)
嗒丧	(tà sàng)
怛	(dá)
怛罗斯之战	(dá luó sī zhī zhàn)
妲	(dá)
妲己	(dá jǐ)
剳	(dá)
打	(dǎ)
打call	(dǎ call)
打把式	(dǎ bǎ shi)
打把势	(dǎ bǎ shi)
打靶	(dǎ bǎ)
打白条	(dǎ bái tiáo)
打摆子	(dǎ bǎi zi)
打败	(dǎ bài)
打扮	(dǎ ban)
打包	(dǎ bāo)
打包票	(dǎ bāo piào)
打薄剪刀	(dǎ báo jiǎn dāo)
打保票	(dǎ bǎo piào)
打抱不平	(dǎ bào bù píng)
打爆	(dǎ bào)
打边鼓	(dǎ biān gǔ)
打边炉	(dǎ biān lú)
打表	(dǎ biǎo)
打啵	(dǎ bō)
打不过	(dǎ bu guò)
打不通	(dǎ bu tōng)
打擦边球	(dǎ cā biān qiú)
打草	(dǎ cǎo)
打草惊蛇	(dǎ cǎo jīng shé)
打层次	(dǎ céng cì)
打杈	(dǎ chà)
打镲	(dǎ chǎ)
打岔	(dǎ chà)
打柴	(dǎ chái)
打禅	(dǎ chán)
打颤	(dǎ zhàn)
打场	(dǎ cháng)
打车	(dǎ chē)
打成	(dǎ chéng)
打成平手	(dǎ chéng píng shǒu)
打成一片	(dǎ chéng yī piàn)
打赤膊	(dǎ chì bó)
打赤脚	(dǎ chì jiǎo)
打冲锋	(dǎ chōng fēng)
打虫	(dǎ chóng)
打出手	(dǎ chū shǒu)
打怵	(dǎ chù)
打憷	(dǎ chù)
打从	(dǎ cóng)
打错	(dǎ cuò)
打蛋器	(dǎ dàn qì)
打档	(dǎ dǎng)
打档车	(dǎ dǎng chē)
打倒	(dǎ dǎo)
打道回府	(dǎ dào huí fǔ)
打得火热	(dǎ de huǒ rè)
打地铺	(dǎ dì pù)
打地鼠	(dǎ dì shǔ)
打的	(dǎ dī)
打底	(dǎ dǐ)
打底裤	(dǎ dǐ kù)
打底子	(dǎ dǐ zi)
打点	(dǎ dian)
打点滴	(dǎ diǎn dī)
打电动	(dǎ diàn dòng)
打电话	(dǎ diàn huà)
打吊瓶	(dǎ diào píng)
打吊针	(dǎ diào zhēn)
打掉	(dǎ diào)
打掉门牙，往肚子里咽	(dǎ diào mén yá , wǎng dù zi lǐ yàn)
打定主意	(dǎ dìng zhǔ yi)
打动	(dǎ dòng)
打洞	(dǎ dòng)
打斗	(dǎ dòu)
打赌	(dǎ dǔ)
打短儿	(dǎ duǎn r)
打断	(dǎ duàn)
打对台	(dǎ duì tái)
打对仗	(dǎ duì zhàng)
打兑	(dǎ duì)
打盹	(dǎ dǔn)
打盹儿	(dǎ dǔn r)
打趸儿	(dǎ dǔn r)
打顿	(dǎ dùn)
打顿儿	(dǎ dùn r)
打哆嗦	(dǎ duō suo)
打呃	(dǎ è)
打耳光	(dǎ ěr guāng)
打发	(dǎ fa)
打发时间	(dǎ fā shí jiān)
打法	(dǎ fǎ)
打翻	(dǎ fān)
打翻身仗	(dǎ fān shēn zhàng)
打饭	(dǎ fàn)
打飞机	(dǎ fēi jī)
打分	(dǎ fēn)
打分数	(dǎ fēn shù)
打富济贫	(dǎ fù jì pín)
打稿子	(dǎ gǎo zi)
打格子	(dǎ gé zi)
打嗝	(dǎ gé)
打嗝儿	(dǎ gé r)
打跟头	(dǎ gēn tou)
打更	(dǎ gēng)
打工	(dǎ gōng)
打工妹	(dǎ gōng mèi)
打工人	(dǎ gōng rén)
打工仔	(dǎ gōng zǎi)
打躬作揖	(dǎ gōng zuò yī)
打拱	(dǎ gǒng)
打拱作揖	(dǎ gǒng zuò yī)
打勾	(dǎ gōu)
打钩	(dǎ gōu)
打狗	(dǎ gǒu)
打狗还得看主人	(dǎ gǒu hái děi kàn zhǔ rén)
打狗欺主	(dǎ gǒu qī zhǔ)
打箍	(dǎ gū)
打谷	(dǎ gǔ)
打谷场	(dǎ gǔ cháng)
打谷机	(dǎ gǔ jī)
打鼓	(dǎ gǔ)
打瓜	(dǎ guā)
打卦	(dǎ guà)
打官话	(dǎ guān huà)
打官腔	(dǎ guān qiāng)
打官司	(dǎ guān si)
打光	(dǎ guāng)
打光棍	(dǎ guāng gùn)
打滚	(dǎ gǔn)
打棍子	(dǎ gùn zi)
打哈哈	(dǎ hā ha)
打哈哈儿	(dǎ hā ha r)
打哈欠	(dǎ hā qian)
打鼾	(dǎ hān)
打夯	(dǎ hāng)
打呵欠	(dǎ hē qiàn)
打黑	(dǎ hēi)
打横炮	(dǎ héng pào)
打哄	(dǎ hǒng)
打呼	(dǎ hū)
打呼噜	(dǎ hū lu)
打滑	(dǎ huá)
打诨	(dǎ hùn)
打混	(dǎ hùn)
打火机	(dǎ huǒ jī)
打火石	(dǎ huǒ shí)
打击	(dǎ jī)
打击报复	(dǎ jī bào fù)
打击乐器	(dǎ jī yuè qì)
打击率	(dǎ jī lǜ)
打鸡血	(dǎ jī xuè)
打家劫舍	(dǎ jiā jié shè)
打假	(dǎ jiǎ)
打假球	(dǎ jiǎ qiú)
打架	(dǎ jià)
打尖	(dǎ jiān)
打酱油	(dǎ jiàng yóu)
打交道	(dǎ jiāo dào)
打胶枪	(dǎ jiāo qiāng)
打搅	(dǎ jiǎo)
打劫	(dǎ jié)
打结	(dǎ jié)
打紧	(dǎ jǐn)
打进	(dǎ jìn)
打井	(dǎ jǐng)
打酒	(dǎ jiǔ)
打卡	(dǎ kǎ)
打开	(dǎ kāi)
打开话匣子	(dǎ kāi huà xiá zi)
打开天窗说亮话	(dǎ kāi tiān chuāng shuō liàng huà)
打瞌睡	(dǎ kē shuì)
打孔	(dǎ kǒng)
打孔卡	(dǎ kǒng kǎ)
打孔器	(dǎ kǒng qì)
打孔钻	(dǎ kǒng zuàn)
打口	(dǎ kǒu)
打垮	(dǎ kuǎ)
打蜡	(dǎ là)
打来回	(dǎ lái huí)
打赖	(dǎ lài)
打兰	(dǎ lán)
打捞	(dǎ lāo)
打雷	(dǎ léi)
打擂台	(dǎ lèi tái)
打冷战	(dǎ lěng zhan)
打理	(dǎ lǐ)
打脸	(dǎ liǎn)
打量	(dǎ liang)
打猎	(dǎ liè)
打趔趄	(dǎ liè qie)
打铃	(dǎ líng)
打落水狗	(dǎ luò shuǐ gǒu)
打麻雀运动	(dǎ má què yùn dòng)
打马虎眼	(dǎ mǎ hu yǎn)
打马赛克	(dǎ mǎ sài kè)
打码	(dǎ mǎ)
打骂	(dǎ mà)
打埋伏	(dǎ mái fu)
打门	(dǎ mén)
打闷雷	(dǎ mèn léi)
打磨	(dǎ mó)
打哪儿指哪儿	(dǎ nǎ r zhǐ nǎ r)
打奶	(dǎ nǎi)
打馕	(dǎ náng)
打闹	(dǎ nào)
打鸟	(dǎ niǎo)
打拍	(dǎ pāi)
打拍子	(dǎ pāi zi)
打牌	(dǎ pái)
打抛	(dǎ pāo)
打抛猪	(dǎ pāo zhū)
打跑	(dǎ pǎo)
打炮	(dǎ pào)
打喷嚏	(dǎ pēn tì)
打棚	(dǎ péng)
打屁	(dǎ pì)
打屁股	(dǎ pì gu)
打拼	(dǎ pīn)
打破	(dǎ pò)
打破砂锅问到底	(dǎ pò shā guō wèn dào dǐ)
打扑克	(dǎ pū kè)
打气	(dǎ qì)
打气筒	(dǎ qì tǒng)
打千	(dǎ qiān)
打前站	(dǎ qián zhàn)
打钱	(dǎ qián)
打枪	(dǎ qiāng)
打情骂俏	(dǎ qíng mà qiào)
打球	(dǎ qiú)
打趣	(dǎ qù)
打拳	(dǎ quán)
打扰	(dǎ rǎo)
打扰了	(dǎ rǎo le)
打入	(dǎ rù)
打入冷宫	(dǎ rù lěng gōng)
打伞	(dǎ sǎn)
打散	(dǎ sàn)
打扫	(dǎ sǎo)
打扫卫生	(dǎ sǎo wèi shēng)
打杀	(dǎ shā)
打伤	(dǎ shāng)
打赏	(dǎ shǎng)
打蛇不死，反受其害	(dǎ shé bù sǐ , fǎn shòu qí hài)
打食	(dǎ shí)
打手	(dǎ shou)
打手枪	(dǎ shǒu qiāng)
打手语	(dǎ shǒu yǔ)
打水	(dǎ shuǐ)
打水漂	(dǎ shuǐ piāo)
打死	(dǎ sǐ)
打算	(dǎ suàn)
打算盘	(dǎ suàn pán)
打碎	(dǎ suì)
打胎	(dǎ tāi)
打太极	(dǎ tài jí)
打探	(dǎ tàn)
打嚏喷	(dǎ tì pen)
打天下	(dǎ tiān xià)
打铁	(dǎ tiě)
打听	(dǎ ting)
打挺儿	(dǎ tǐng r)
打通	(dǎ tōng)
打通宵	(dǎ tōng xiāo)
打头阵	(dǎ tóu zhèn)
打退	(dǎ tuì)
打退堂鼓	(dǎ tuì táng gǔ)
打网	(dǎ wǎng)
打问	(dǎ wèn)
打窝	(dǎ wō)
打席	(dǎ xí)
打戏	(dǎ xì)
打下	(dǎ xià)
打下手	(dǎ xià shǒu)
打响	(dǎ xiǎng)
打响鼻儿	(dǎ xiǎng bí r)
打响名号	(dǎ xiǎng míng hào)
打消	(dǎ xiāo)
打小	(dǎ xiǎo)
打小报告	(dǎ xiǎo bào gào)
打小算盘	(dǎ xiǎo suàn pán)
打心眼里	(dǎ xīn yǎn li)
打新	(dǎ xīn)
打旋	(dǎ xuán)
打旋儿	(dǎ xuán r)
打雪仗	(dǎ xuě zhàng)
打压	(dǎ yā)
打牙祭	(dǎ yá jì)
打哑谜	(dǎ yǎ mí)
打哑语	(dǎ yǎ yǔ)
打眼	(dǎ yǎn)
打烊	(dǎ yàng)
打药	(dǎ yào)
打野	(dǎ yě)
打野炮	(dǎ yě pào)
打一巴掌，给个甜枣	(dǎ yī bā zhang , gěi gè tián zǎo)
打印	(dǎ yìn)
打印稿	(dǎ yìn gǎo)
打印机	(dǎ yìn jī)
打印头	(dǎ yìn tóu)
打赢	(dǎ yíng)
打油诗	(dǎ yóu shī)
打游击	(dǎ yóu jī)
打游戏	(dǎ yóu xì)
打鱼	(dǎ yú)
打圆场	(dǎ yuán chǎng)
打杂	(dǎ zá)
打杂的	(dǎ zá de)
打砸	(dǎ zá)
打早	(dǎ zǎo)
打造	(dǎ zào)
打斋	(dǎ zhāi)
打长工	(dǎ cháng gōng)
打长途	(dǎ cháng tú)
打仗	(dǎ zhàng)
打招呼	(dǎ zhāo hu)
打折	(dǎ zhé)
打折扣	(dǎ zhé kòu)
打针	(dǎ zhēn)
打整	(dǎ zhěng)
打制	(dǎ zhì)
打制石器	(dǎ zhì shí qì)
打中	(dǎ zhòng)
打肿脸充胖子	(dǎ zhǒng liǎn chōng pàng zi)
打住	(dǎ zhù)
打转	(dǎ zhuàn)
打桩	(dǎ zhuāng)
打桩机	(dǎ zhuāng jī)
打字	(dǎ zì)
打字机	(dǎ zì jī)
打字员	(dǎ zì yuán)
打嘴	(dǎ zuǐ)
打嘴巴	(dǎ zuǐ ba)
打坐	(dǎ zuò)
打坐坡	(dǎ zuò pō)
大	(dà)
大V	(dà v)
大碍	(dà ài)
大安	(dà ān)
大安的列斯群岛	(dà ān dì liè sī qún dǎo)
大安区	(dà ān qū)
大安市	(dà ān shì)
大巴	(dà bā)
大坝	(dà bà)
大白	(dà bái)
大白菜	(dà bái cài)
大白话	(dà bái huà)
大白鹭	(dà bái lù)
大白鲨	(dà bái shā)
大白鼠	(dà bái shǔ)
大白天	(dà bái tiān)
大白熊犬	(dà bái xióng quǎn)
大败	(dà bài)
大班	(dà bān)
大般涅槃经	(dà bān niè pán jīng)
大斑鹡鸰	(dà bān jí líng)
大斑啄木鸟	(dà bān zhuó mù niǎo)
大阪	(dà bǎn)
大阪府	(dà bǎn fǔ)
大阪烧	(dà bǎn shāo)
大坂	(dà bǎn)
大半	(dà bàn)
大半夜	(dà bàn yè)
大棒	(dà bàng)
大包大揽	(dà bāo dà lǎn)
大饱口福	(dà bǎo kǒu fú)
大饱眼福	(dà bǎo yǎn fú)
大宝	(dà bǎo)
大鸨	(dà bǎo)
大堡礁	(dà bǎo jiāo)
大爆炸	(dà bào zhà)
大悲咒	(dà bēi zhòu)
大本涅槃经	(dà běn niè pán jīng)
大本营	(dà běn yíng)
大本钟	(dà běn zhōng)
大笨鸟	(dà bèn niǎo)
大笨象	(dà bèn xiàng)
大比目鱼	(dà bǐ mù yú)
大笔	(dà bǐ)
大变	(dà biàn)
大便	(dà biàn)
大便干燥	(dà biàn gān zào)
大便秘结	(dà biàn mì jié)
大杓鹬	(dà sháo yù)
大别山	(dà bié shān)
大滨鹬	(dà bīn yù)
大冰期	(dà bīng qī)
大兵	(dà bīng)
大饼	(dà bǐng)
大病	(dà bìng)
大波斯菊	(dà bō sī jú)
大伯	(dà bó)
大伯子	(dà bǎi zi)
大补帖	(dà bǔ tiě)
大不了	(dà bu liǎo)
大不里士	(dà bù lǐ shì)
大不列颠	(dà bù liè diān)
大不列蹀	(dà bu liē diē)
大不韪	(dà bù wěi)
大不相同	(dà bù xiāng tóng)
大步	(dà bù)
大步流星	(dà bù liú xīng)
大部	(dà bù)
大部分	(dà bù fen)
大部制	(dà bù zhì)
大才小用	(dà cái xiǎo yòng)
大材小用	(dà cái xiǎo yòng)
大餐	(dà cān)
大草鹛	(dà cǎo méi)
大草莺	(dà cǎo yīng)
大草原	(dà cǎo yuán)
大𥻗子	(dà chá zi)
大差不差	(dà chà bù chà)
大柴旦	(dà chái dàn)
大柴旦行政区	(dà chái dàn xíng zhèng qū)
大柴旦行政委员会	(dà chái dàn xíng zhèng wěi yuán huì)
大肠	(dà cháng)
大肠包小肠	(dà cháng bāo xiǎo cháng)
大肠杆菌	(dà cháng gǎn jūn)
大肠激躁症	(dà cháng jī zào zhèng)
大厂	(dà chǎng)
大厂回族自治县	(dà chǎng huí zú zì zhì xiàn)
大场鸫	(dà chǎng dōng)
大氅	(dà chǎng)
大潮	(dà cháo)
大吵大闹	(dà chǎo dà nào)
大彻大悟	(dà chè dà wù)
大臣	(dà chén)
大城市	(dà chéng shì)
大城县	(dà chéng xiàn)
大城乡	(dà chéng xiāng)
大乘	(dà shèng)
大吃	(dà chī)
大吃大喝	(dà chī dà hē)
大吃二喝	(dà chī èr hē)
大吃特吃	(dà chī tè chī)
大吃一惊	(dà chī yī jīng)
大虫	(dà chóng)
大出血	(dà chū xuè)
大处着眼，小处着手	(dà chù zhuó yǎn , xiǎo chù zhuó shǒu)
大疮	(dà chuāng)
大床房	(dà chuáng fáng)
大吹大擂	(dà chuī dà léi)
大锤	(dà chuí)
大醇小疵	(dà chún xiǎo cī)
大慈恩寺	(dà cí ēn sì)
大葱	(dà cōng)
大村	(dà cūn)
大村乡	(dà cūn xiāng)
大错	(dà cuò)
大错特错	(dà cuò tè cuò)
大打出手	(dà dǎ chū shǒu)
大大	(dà dà)
大大方方	(dà dà fāng fāng)
大大咧咧	(dà dà liē liē)
大大小小	(dà dà xiǎo xiǎo)
大丹犬	(dà dān quǎn)
大胆	(dà dǎn)
大啖一番	(dà dàn yī fān)
大刀	(dà dāo)
大刀会	(dà dāo huì)
大刀阔斧	(dà dāo kuò fǔ)
大盗	(dà dào)
大道	(dà dào)
大道具	(dà dào jù)
大道理	(dà dào li)
大地	(dà dì)
大地测量学	(dà dì cè liáng xué)
大地洞	(dà dì dòng)
大地水准面	(dà dì shuǐ zhǔn miàn)
大地线	(dà dì xiàn)
大地之歌	(dà dì zhī gē)
大地主	(dà dì zhǔ)
大灯	(dà dēng)
大敌当前	(dà dí dāng qián)
大抵	(dà dǐ)
大帝	(dà dì)
大典	(dà diǎn)
大殿	(dà diàn)
大调	(dà diào)
大跌	(dà diē)
大跌市	(dà diē shì)
大跌眼镜	(dà diē yǎn jìng)
大鲽鱼	(dà dié yú)
大东区	(dà dōng qū)
大动干戈	(dà dòng gān gē)
大动脉	(dà dòng mài)
大都	(dà dū)
大都会	(dà dū huì)
大都市	(dà dū shì)
大豆	(dà dòu)
大杜鹃	(dà dù juān)
大肚子	(dà dù zi)
大肚子经济	(dà dù zi jīng jì)
大度	(dà dù)
大度包容	(dà dù bāo róng)
大渡河	(dà dù hé)
大渡口区	(dà dù kǒu qū)
大短趾百灵	(dà duǎn zhǐ bǎi líng)
大队	(dà duì)
大憝	(dà duì)
大多	(dà duō)
大多数	(dà duō shù)
大舵手	(dà duò shǒu)
大鳄	(dà è)
大恩不言谢	(dà ēn bù yán xiè)
大而化之	(dà ér huà zhī)
大而无当	(dà ér wú dàng)
大耳窿	(dà ěr lóng)
大二	(dà èr)
大发	(dà fā)
大发雷霆	(dà fā léi tíng)
大法官	(dà fǎ guān)
大凡	(dà fán)
大饭店	(dà fàn diàn)
大范围	(dà fàn wéi)
大方	(dà fang)
大方广佛华严经	(dà fāng guǎng fó huá yán jīng)
大方县	(dà fāng xiàn)
大方之家	(dà fāng zhī jiā)
大放悲声	(dà fàng bēi shēng)
大放光明	(dà fàng guāng míng)
大放厥词	(dà fàng jué cí)
大放异彩	(dà fàng yì cǎi)
大费周章	(dà fèi zhōu zhāng)
大分	(dà fēn)
大分界岭	(dà fēn jiè lǐng)
大分子	(dà fēn zǐ)
大粪	(dà fèn)
大丰区	(dà fēng qū)
大风	(dà fēng)
大风吹	(dà fēng chuī)
大凤头燕鸥	(dà fèng tóu yàn ōu)
大夫	(dà fū)
大幅	(dà fú)
大幅度	(dà fú dù)
大福	(dà fú)
大釜	(dà fǔ)
大副	(dà fù)
大富大贵	(dà fù dà guì)
大富翁	(dà fù wēng)
大腹便便	(dà fù pián pián)
大腹皮	(dà fù pí)
大盖帽	(dà gài mào)
大概	(dà gài)
大干	(dà gàn)
大纲	(dà gāng)
大钢琴	(dà gāng qín)
大港	(dà gǎng)
大港区	(dà gǎng qū)
大哥	(dà gē)
大哥大	(dà gē dà)
大个儿	(dà gè r)
大根兰	(dà gēn lán)
大公	(dà gōng)
大公报	(dà gōng bào)
大公国	(dà gōng guó)
大公国际	(dà gōng guó jì)
大公司	(dà gōng sī)
大公无私	(dà gōng wú sī)
大功	(dà gōng)
大功告成	(dà gōng gào chéng)
大恭	(dà gōng)
大沽口炮台	(dà gū kǒu pào tái)
大沽炮台	(dà gū pào tái)
大姑	(dà gū)
大股东	(dà gǔ dōng)
大鼓	(dà gǔ)
大拐	(dà guǎi)
大关	(dà guān)
大关县	(dà guān xiàn)
大观区	(dà guān qū)
大观园	(dà guān yuán)
大管	(dà guǎn)
大规模	(dà guī mó)
大规模杀伤性武器	(dà guī mó shā shāng xìng wǔ qì)
大锅	(dà guō)
大锅饭	(dà guō fàn)
大国	(dà guó)
大过	(dà guò)
大过年	(dà guò nián)
大海	(dà hǎi)
大海捞针	(dà hǎi lāo zhēn)
大韩航空	(dà hán háng kōng)
大韩民国	(dà hán mín guó)
大喊	(dà hǎn)
大喊大叫	(dà hǎn dà jiào)
大汉	(dà hàn)
大汉族主义	(dà hàn zú zhǔ yì)
大汗	(dà hán)
大汗淋漓	(dà hàn lín lí)
大旱望云霓	(dà hàn wàng yún ní)
大号	(dà hào)
大合唱	(dà hé chàng)
大和	(dà hé)
大河	(dà hé)
大亨	(dà hēng)
大红	(dà hóng)
大红鼻子	(dà hóng bí zi)
大红大绿	(dà hóng dà lǜ)
大红大紫	(dà hóng dà zǐ)
大红灯笼高高挂	(dà hóng dēng lóng gāo gāo guà)
大红鹳	(dà hóng guàn)
大红袍	(dà hóng páo)
大鸿胪	(dà hóng lú)
大后年	(dà hòu nián)
大后天	(dà hòu tiān)
大呼拉尔	(dà hū lā ěr)
大呼小叫	(dà hū xiǎo jiào)
大湖	(dà hú)
大湖乡	(dà hú xiāng)
大虎头蜂	(dà hǔ tóu fēng)
大户	(dà hù)
大化瑶族自治县	(dà huà yáo zú zì zhì xiàn)
大话骰	(dà huà tóu)
大坏蛋	(dà huài dàn)
大环	(dà huán)
大环境	(dà huán jìng)
大黄	(dà huáng)
大黄蜂	(dà huáng fēng)
大黄冠啄木鸟	(dà huáng guān zhuó mù niǎo)
大黄鱼	(dà huáng yú)
大灰狼	(dà huī láng)
大灰啄木鸟	(dà huī zhuó mù niǎo)
大茴香	(dà huí xiāng)
大茴香子	(dà huí xiāng zi)
大会	(dà huì)
大婚	(dà hūn)
大火	(dà huǒ)
大伙	(dà huǒ)
大伙儿	(dà huǒ r)
大夥	(dà huǒ)
大获全胜	(dà huò quán shèng)
大祸	(dà huò)
大祸临头	(dà huò lín tóu)
大惑不解	(dà huò bù jiě)
大吉	(dà jí)
大吉大利	(dà jí dà lì)
大吉岭	(dà jí lǐng)
大戟科	(dà jǐ kē)
大计	(dà jì)
大纪元	(dà jì yuán)
大纪元时报	(dà jì yuán shí bào)
大祭司	(dà jì sī)
大加	(dà jiā)
大加那利岛	(dà jiā nà lì dǎo)
大家	(dà jiā)
大家闺秀	(dà jiā guī xiù)
大家伙儿	(dà jiā huǒ r)
大家庭	(dà jiā tíng)
大驾	(dà jià)
大驾光临	(dà jià guāng lín)
大奸似忠	(dà jiān sì zhōng)
大件	(dà jiàn)
大建	(dà jiàn)
大贱卖	(dà jiàn mài)
大键琴	(dà jiàn qín)
大江南北	(dà jiāng nán běi)
大将	(dà jiàng)
大将军	(dà jiāng jūn)
大疆	(dà jiāng)
大奖	(dà jiǎng)
大奖赛	(dà jiǎng sài)
大匠	(dà jiàng)
大角星	(dà jiǎo xīng)
大脚	(dà jiǎo)
大脚怪	(dà jiǎo guài)
大教堂	(dà jiào táng)
大街	(dà jiē)
大街小巷	(dà jiē xiǎo xiàng)
大节	(dà jié)
大结局	(dà jié jú)
大姐	(dà jiě)
大姐大	(dà jiě dà)
大姐头	(dà jiě tóu)
大解	(dà jiě)
大金背啄木鸟	(dà jīn bèi zhuó mù niǎo)
大尽	(dà jìn)
大进大出	(dà jìn dà chū)
大惊	(dà jīng)
大惊失色	(dà jīng shī sè)
大惊小怪	(dà jīng xiǎo guài)
大久保	(dà jiǔ bǎo)
大久保利通	(dà jiǔ bǎo lì tōng)
大舅哥	(dà jiù gē)
大舅子	(dà jiù zi)
大局	(dà jú)
大举	(dà jǔ)
大鹃鵙	(dà juān jú)
大绝灭	(dà jué miè)
大军	(dà jūn)
大军区	(dà jūn qū)
大咖	(dà kā)
大卡	(dà kǎ)
大开	(dà kāi)
大开大合	(dà kāi dà hé)
大开眼界	(dà kāi yǎn jiè)
大考	(dà kǎo)
大可不必	(dà kě bù bì)
大客车	(dà kè chē)
大坑	(dà kēng)
大口	(dà kǒu)
大口径	(dà kǒu jìng)
大哭	(dà kū)
大块头	(dà kuài tóu)
大快朵颐	(dà kuài duǒ yí)
大快人心	(dà kuài rén xīn)
大款	(dà kuǎn)
大𫛭	(dà kuáng)
大括号	(dà kuò hào)
大括弧	(dà kuò hú)
大剌剌	(dà là là)
大浪	(dà làng)
大牢	(dà láo)
大老粗	(dà lǎo cū)
大老婆	(dà lǎo pó)
大老远	(dà lǎo yuǎn)
大佬	(dà lǎo)
大雷	(dà léi)
大类	(dà lèi)
大冷天	(dà lěng tiān)
大礼帽	(dà lǐ mào)
大李杜	(dà lǐ dù)
大理	(dà lǐ)
大理白族自治州	(dà lǐ bái zú zì zhì zhōu)
大理花	(dà lǐ huā)
大理石	(dà lǐ shí)
大理市	(dà lǐ shì)
大理寺	(dà lǐ sì)
大理寺卿	(dà lǐ sì qīng)
大理岩	(dà lǐ yán)
大力	(dà lì)
大力钳	(dà lì qián)
大力神	(dà lì shén)
大力神杯	(dà lì shén bēi)
大力士	(dà lì shì)
大力水手	(dà lì shuǐ shǒu)
大丽花	(dà lì huā)
大利拉	(dà lì lā)
大荔县	(dà lì xiàn)
大连理工大学	(dà lián lǐ gōng dà xué)
大连市	(dà lián shì)
大连外国语大学	(dà lián wài guó yǔ dà xué)
大梁	(dà liáng)
大量	(dà liàng)
大量生产	(dà liàng shēng chǎn)
大料	(dà liào)
大列巴	(dà liè bā)
大林	(dà lín)
大林镇	(dà lín zhèn)
大鳞大麻哈鱼	(dà lín dá má hǎ yú)
大菱鲆	(dà líng píng)
大龄	(dà líng)
大流行	(dà liú xíng)
大楼	(dà lóu)
大陆	(dà lù)
大陆架	(dà lù jià)
大陆客	(dà lù kè)
大陆块	(dà lù kuài)
大陆妹	(dà lù mèi)
大陆漂移	(dà lù piāo yí)
大陆坡	(dà lù pō)
大陆性	(dà lù xìng)
大陆性气候	(dà lù xìng qì hòu)
大鹿	(dà lù)
大路	(dà lù)
大路货	(dà lù huò)
大伦敦地区	(dà lún dūn dì qū)
大绿雀鹎	(dà lǜ què bēi)
大略	(dà lüè)
大妈	(dà mā)
大麻	(dà má)
大麻二酚	(dà má èr fēn)
大麻里	(dà má lǐ)
大麻里乡	(dà má lǐ xiāng)
大麻鳽	(dà má yán)
大马	(dà mǎ)
大马哈鱼	(dà mǎ hǎ yú)
大马士革	(dà mǎ shì gé)
大马士革李	(dà mǎ shì gé lǐ)
大码	(dà mǎ)
大骂	(dà mà)
大麦	(dà mài)
大麦地	(dà mài dì)
大麦町	(dà mài tǐng)
大麦克	(dà mài kè)
大卖场	(dà mài chǎng)
大满贯	(dà mǎn guàn)
大忙人	(dà máng rén)
大湄公河次区域	(dà méi gōng hé cì qū yù)
大媒	(dà méi)
大美人	(dà měi rén)
大门	(dà mén)
大米	(dà mǐ)
大秘	(dà mì)
大面积	(dà miàn jī)
大灭绝	(dà miè jué)
大名	(dà míng)
大名鼎鼎	(dà míng dǐng dǐng)
大名县	(dà míng xiàn)
大明湖	(dà míng hú)
大明虾	(dà míng xiā)
大鸣大放	(dà míng dà fàng)
大模大样	(dà mú dà yàng)
大漠	(dà mò)
大拇哥	(dà mǔ gē)
大拇指	(dà mu zhǐ)
大墓地	(dà mù dì)
大拿	(dà ná)
大男人	(dà nán rén)
大男人主义	(dà nán rén zhǔ yì)
大男子主义	(dà nán zǐ zhǔ yì)
大男子主义者	(dà nán zǐ zhǔ yì zhě)
大难	(dà nàn)
大难不死	(dà nàn bù sǐ)
大难不死，必有后福	(dà nàn bù sǐ , bì yǒu hòu fú)
大难临头	(dà nàn lín tóu)
大脑	(dà nǎo)
大脑死亡	(dà nǎo sǐ wáng)
大闹	(dà nào)
大闹天宫	(dà nào tiān gōng)
大内	(dà nèi)
大能	(dà néng)
大鲵	(dà ní)
大拟啄木鸟	(dà nǐ zhuó mù niǎo)
大逆不道	(dà nì bù dào)
大年初一	(dà nián chū yī)
大年三十	(dà nián sān shí)
大娘	(dà niáng)
大宁县	(dà níng xiàn)
大牛	(dà niú)
大农场	(dà nóng chǎng)
大怒	(dà nù)
大排档	(dà pái dàng)
大排长龙	(dà pái cháng lóng)
大牌	(dà pái)
大牌档	(dà pái dàng)
大盘鸡	(dà pán jī)
大盘尾	(dà pán wěi)
大盘子	(dà pán zi)
大炮	(dà pào)
大炮打蚊子	(dà pào dǎ wén zi)
大陪审团	(dà péi shěn tuán)
大棚	(dà péng)
大鹏	(dà péng)
大鹏鸟	(dà péng niǎo)
大鹏新区	(dà péng xīn qū)
大篷车	(dà péng chē)
大批	(dà pī)
大批特批	(dà pī tè pī)
大埤	(dà pí)
大埤乡	(dà pí xiāng)
大辟	(dà pì)
大片	(dà piàn)
大破大立	(dà pò dà lì)
大埔	(dà bù)
大埔县	(dà bù xiàn)
大埔乡	(dà pǔ xiāng)
大浦洞	(dà pǔ dòng)
大旗	(dà qí)
大起大落	(dà qǐ dà luò)
大气	(dà qì)
大气层	(dà qì céng)
大气层核试验	(dà qì céng hé shì yàn)
大气儿	(dà qì r)
大气候	(dà qì hòu)
大气环流	(dà qì huán liú)
大气暖化	(dà qì nuǎn huà)
大气圈	(dà qì quān)
大气污染	(dà qì wū rǎn)
大气压	(dà qì yā)
大气压力	(dà qì yā lì)
大气压强	(dà qì yā qiáng)
大器	(dà qì)
大器晚成	(dà qì wǎn chéng)
大千世界	(dà qiān shì jiè)
大前年	(dà qián nián)
大前提	(dà qián tí)
大前天	(dà qián tiān)
大钱	(dà qián)
大浅盘	(dà qiǎn pán)
大桥	(dà qiáo)
大秦	(dà qín)
大青山	(dà qīng shān)
大清	(dà qīng)
大清帝国	(dà qīng dì guó)
大清早	(dà qīng zǎo)
大庆市	(dà qìng shì)
大箐山县	(dà qìng shān xiàn)
大邱	(dà qiū)
大邱广域市	(dà qiū guǎng yù shì)
大邱市	(dà qiū shì)
大球	(dà qiú)
大权	(dà quán)
大权在握	(dà quán zài wò)
大全	(dà quán)
大犬座	(dà quǎn zuò)
大染缸	(dà rǎn gāng)
大热	(dà rè)
大热天	(dà rè tiān)
大人	(dà ren)
大人不记小人过	(dà rén bù jì xiǎo rén guò)
大日如来	(dà rì rú lái)
大容量	(dà róng liàng)
大熔炉	(dà róng lú)
大蝾螈	(dà róng yuán)
大融炉	(dà róng lú)
大肉	(dà ròu)
大阮	(dà ruǎn)
大润发	(dà rùn fā)
大赛	(dà sài)
大三	(dà sān)
大三度	(dà sān dù)
大三和弦	(dà sān hé xián)
大嗓	(dà sǎng)
大嫂	(dà sǎo)
大杀风景	(dà shā fēng jǐng)
大沙河	(dà shā hé)
大沙锥	(dà shā zhuī)
大厦	(dà shà)
大厦将倾	(dà shà jiāng qīng)
大山	(dà shān)
大山猫	(dà shān māo)
大山雀	(dà shān què)
大伤元气	(dà shāng yuán qì)
大舌头	(dà shé tou)
大蛇丸	(dà shé wán)
大赦	(dà shè)
大赦国际	(dà shè guó jì)
大神	(dà shén)
大生	(dà shēng)
大声	(dà shēng)
大声疾呼	(dà shēng jí hū)
大圣	(dà shèng)
大胜	(dà shèng)
大失所望	(dà shī suǒ wàng)
大师	(dà shī)
大石鸻	(dà shí héng)
大石鸡	(dà shí jī)
大石桥市	(dà shí qiáo shì)
大使	(dà shǐ)
大使馆	(dà shǐ guǎn)
大使级	(dà shǐ jí)
大势	(dà shì)
大势所趋	(dà shì suǒ qū)
大势至菩萨	(dà shì zhì pú sà)
大事	(dà shì)
大事化小，小事化了	(dà shì huà xiǎo , xiǎo shì huà liǎo)
大手大脚	(dà shǒu dà jiǎo)
大叔	(dà shū)
大鼠	(dà shǔ)
大树菠萝	(dà shù bō luó)
大树底下好乘凉	(dà shù dǐ xià hǎo chéng liáng)
大树莺	(dà shù yīng)
大数	(dà shù)
大数据	(dà shù jù)
大帅	(dà shuài)
大水	(dà shuǐ)
大水冲了龙王庙	(dà shuǐ chōng le lóng wáng miào)
大司农	(dà sī nóng)
大四	(dà sì)
大寺院	(dà sì yuàn)
大肆	(dà sì)
大肆攻击	(dà sì gōng jī)
大肆鼓吹	(dà sì gǔ chuī)
大蒜	(dà suàn)
大踏步	(dà tà bù)
大谈	(dà tán)
大谈特谈	(dà tán tè tán)
大唐	(dà táng)
大唐芙蓉园	(dà táng fú róng yuán)
大堂	(dà táng)
大逃港	(dà táo gǎng)
大提琴	(dà tí qín)
大提琴手	(dà tí qín shǒu)
大题小作	(dà tí xiǎo zuò)
大体	(dà tǐ)
大体解剖学	(dà tǐ jiě pōu xué)
大体老师	(dà tǐ lǎo shī)
大体上	(dà tǐ shàng)
大天鹅	(dà tiān é)
大田广域市	(dà tián guǎng yù shì)
大田市	(dà tián shì)
大田县	(dà tián xiàn)
大条	(dà tiáo)
大厅	(dà tīng)
大庭广众	(dà tíng guǎng zhòng)
大通回族土族自治县	(dà tōng huí zú tǔ zú zì zhì xiàn)
大通区	(dà tōng qū)
大同	(dà tóng)
大同区	(dà tóng qū)
大同市	(dà tóng shì)
大同乡	(dà tóng xiāng)
大同小异	(dà tóng xiǎo yì)
大桶	(dà tǒng)
大头	(dà tóu)
大头兵	(dà tóu bīng)
大头钉	(dà tóu dīng)
大头目	(dà tóu mù)
大头贴	(dà tóu tiē)
大头照	(dà tóu zhào)
大屠杀	(dà tú shā)
大腿	(dà tuǐ)
大腿袜	(dà tuǐ wà)
大吞噬细胞	(dà tūn shì xì bāo)
大屯火山群	(dà tún huǒ shān qún)
大洼区	(dà wā qū)
大外	(dà wài)
大外宣	(dà wài xuān)
大宛	(dà yuān)
大晚上	(dà wǎn shang)
大腕	(dà wàn)
大腕儿	(dà wàn r)
大王	(dà wáng)
大伟	(dà wěi)
大苇莺	(dà wěi yīng)
大尾巴狼	(dà yǐ ba láng)
大卫	(dà wèi)
大卫·艾登堡	(dà wèi ài dēng bǎo)
大卫·米利班德	(dà wèi · mǐ lì bān dé)
大为	(dà wéi)
大胃王	(dà wèi wáng)
大尉	(dà wèi)
大汶口文化	(dà wèn kǒu wén huà)
大我	(dà wǒ)
大乌苏里岛	(dà wū sū lǐ dǎo)
大乌鸦	(dà wū yā)
大无畏	(dà wú wèi)
大五趾跳鼠	(dà wǔ zhǐ tiào shǔ)
大武	(dà wǔ)
大武口区	(dà wǔ kǒu qū)
大武乡	(dà wǔ xiāng)
大悟县	(dà wù xiàn)
大雾	(dà wù)
大西	(dà xī)
大西庇阿	(dà xī bì ā)
大西国	(dà xī guó)
大西洋	(dà xī yáng)
大西洋国	(dà xī yáng guó)
大西洋洋中脊	(dà xī yáng yáng zhōng jǐ)
大西洋中脊	(dà xī yáng zhōng jǐ)
大溪地	(dà xī dì)
大溪豆干	(dà xī dòu gān)
大喜	(dà xǐ)
大喜过望	(dà xǐ guò wàng)
大戏	(dà xì)
大系	(dà xì)
大虾	(dà xiā)
大侠	(dà xiá)
大峡谷	(dà xiá gǔ)
大夏	(dà xià)
大仙	(dà xiān)
大仙鹟	(dà xiān wēng)
大先知书	(dà xiān zhī shū)
大显身手	(dà xiǎn shēn shǒu)
大显神通	(dà xiǎn shén tōng)
大限	(dà xiàn)
大限到来	(dà xiàn dào lái)
大限临头	(dà xiàn lín tóu)
大宪章	(dà xiàn zhāng)
大相径庭	(dà xiāng jìng tíng)
大祥区	(dà xiáng qū)
大项	(dà xiàng)
大象	(dà xiàng)
大萧条	(dà xiāo tiáo)
大小	(dà xiǎo)
大小便	(dà xiǎo biàn)
大小姐	(dà xiǎo jie)
大小三度	(dà xiǎo sān dù)
大小声	(dà xiǎo shēng)
大小写	(dà xiǎo xiě)
大小眼	(dà xiǎo yǎn)
大校	(dà xiào)
大笑	(dà xiào)
大写	(dà xiě)
大写锁定	(dà xiě suǒ dìng)
大写字母	(dà xiě zì mǔ)
大心	(dà xīn)
大新县	(dà xīn xiàn)
大星芹	(dà xīng qín)
大猩猩	(dà xīng xing)
大行其道	(dà xíng qí dào)
大型	(dà xíng)
大型空爆炸弹	(dà xíng kōng bào zhà dàn)
大型强子对撞机	(dà xíng qiáng zǐ duì zhuàng jī)
大兴	(dà xīng)
大兴安岭地区	(dà xīng ān lǐng dì qū)
大兴安岭山脉	(dà xīng ān lǐng shān mài)
大兴机场	(dà xīng jī chǎng)
大兴区	(dà xīng qū)
大兴土木	(dà xīng tǔ mù)
大兴问罪之师	(dà xīng wèn zuì zhī shī)
大雄	(dà xióng)
大雄宝殿	(dà xióng bǎo diàn)
大熊猫	(dà xióng māo)
大熊座	(dà xióng zuò)
大修	(dà xiū)
大修道院	(dà xiū dào yuàn)
大修道院长	(dà xiū dào yuàn zhǎng)
大选	(dà xuǎn)
大学	(dà xué)
大学本科	(dà xué běn kē)
大学部	(dà xué bù)
大学城	(dà xué chéng)
大学入学指定科目考试	(dà xué rù xué zhǐ dìng kē mù kǎo shì)
大学生	(dà xué shēng)
大学学科能力测验	(dà xué xué kē néng lì cè yàn)
大学预科	(dà xué yù kē)
大雅	(dà yǎ)
大亚湾	(dà yà wān)
大烟	(dà yān)
大言	(dà yán)
大言不惭	(dà yán bù cán)
大眼瞪小眼	(dà yǎn dèng xiǎo yǎn)
大眼角	(dà yǎn jiǎo)
大雁	(dà yàn)
大雁塔	(dà yàn tǎ)
大羊驼	(dà yáng tuó)
大洋	(dà yáng)
大洋龙	(dà yáng lóng)
大洋型地壳	(dà yáng xíng dì qiào)
大洋中脊	(dà yáng zhōng jǐ)
大洋洲	(dà yáng zhōu)
大氧吧	(dà yǎng bā)
大样	(dà yàng)
大姚县	(dà yáo xiàn)
大谣	(dà yáo)
大摇大摆	(dà yáo dà bǎi)
大要	(dà yào)
大爷	(dà ye)
大冶市	(dà yě shì)
大野狼	(dà yě láng)
大业	(dà yè)
大叶性肺炎	(dà yè xìng fèi yán)
大夜	(dà yè)
大夜班	(dà yè bān)
大一	(dà yī)
大一统	(dà yī tǒng)
大一些	(dà yī xiē)
大衣	(dà yī)
大姨	(dà yí)
大姨妈	(dà yí mā)
大姨子	(dà yí zi)
大义	(dà yì)
大义凛然	(dà yì lǐn rán)
大义灭亲	(dà yì miè qīn)
大邑县	(dà yì xiàn)
大意	(dà yì)
大意失荆州	(dà yi shī jīng zhōu)
大印	(dà yìn)
大英	(dà yīng)
大英博物馆	(dà yīng bó wù guǎn)
大英帝国	(dà yīng dì guó)
大英国协	(dà yīng guó xié)
大英联合王国	(dà yīng lián hé wáng guó)
大英县	(dà yīng xiàn)
大樱桃	(dà yīng táo)
大庸	(dà yōng)
大勇若怯	(dà yǒng ruò qiè)
大勇若怯，大智若愚	(dà yǒng ruò qiè , dà zhì ruò yú)
大用	(dà yòng)
大油	(dà yóu)
大油菜	(dà yóu cài)
大有	(dà yǒu)
大有裨益	(dà yǒu bì yì)
大有可为	(dà yǒu kě wéi)
大有人在	(dà yǒu rén zài)
大有文章	(dà yǒu wén zhāng)
大有希望	(dà yǒu xī wàng)
大有学问	(dà yǒu xué wèn)
大有作为	(dà yǒu zuò wéi)
大于	(dà yú)
大余县	(dà yú xiàn)
大鱼大肉	(dà yú dà ròu)
大愚	(dà yú)
大屿山	(dà yǔ shān)
大宇	(dà yǔ)
大雨	(dà yǔ)
大雨如注	(dà yǔ rú zhù)
大禹	(dà yǔ)
大庾岭	(dà yǔ lǐng)
大狱	(dà yù)
大元帅	(dà yuán shuài)
大员	(dà yuán)
大圆	(dà yuán)
大圆圈	(dà yuán quān)
大院	(dà yuàn)
大愿地藏菩萨	(dà yuàn dì zàng pú sà)
大约	(dà yuē)
大月氏	(dà yuè zhī)
大月支	(dà yuè zhī)
大跃进	(dà yuè jìn)
大运	(dà yùn)
大韵	(dà yùn)
大杂烩	(dà zá huì)
大杂院	(dà zá yuàn)
大灾	(dà zāi)
大灶	(dà zào)
大噪鹛	(dà zào méi)
大泽乡起义	(dà zé xiāng qǐ yì)
大闸蟹	(dà zhá xiè)
大斋	(dà zhāi)
大斋节	(dà zhāi jié)
大斋期	(dà zhāi qī)
大寨	(dà zhài)
大战	(dà zhàn)
大张旗鼓	(dà zhāng qí gǔ)
大张声势	(dà zhāng shēng shì)
大张挞伐	(dà zhāng tà fá)
大长腿	(dà cháng tuǐ)
大长嘴地鸫	(dà cháng zuǐ dì dōng)
大丈夫	(dà zhàng fu)
大丈夫能屈能伸	(dà zhàng fu néng qū néng shēn)
大昭寺	(dà zhāo sì)
大正	(dà zhèng)
大政方针	(dà zhèng fāng zhēn)
大只	(dà zhī)
大指	(dà zhǐ)
大志	(dà zhì)
大致	(dà zhì)
大智慧	(dà zhì huì)
大智如愚	(dà zhì rú yú)
大智若愚	(dà zhì ruò yú)
大中华	(dà zhōng huá)
大中学生	(dà zhōng xué sheng)
大冢	(dà zhǒng)
大仲马	(dà zhòng mǎ)
大众	(dà zhòng)
大众部	(dà zhòng bù)
大众传播	(dà zhòng chuán bō)
大众化	(dà zhòng huà)
大众捷运	(dà zhòng jié yùn)
大众汽车	(dà zhòng qì chē)
大众运输	(dà zhòng yùn shū)
大洲	(dà zhōu)
大轴戏	(dà zhòu xì)
大朱雀	(dà zhū què)
大竹县	(dà zhú xiàn)
大主教	(dà zhǔ jiào)
大专	(dà zhuān)
大转	(dà zhuǎn)
大篆	(dà zhuàn)
大紫胸鹦鹉	(dà zǐ xiōng yīng wǔ)
大自然	(dà zì rán)
大字报	(dà zì bào)
大宗	(dà zōng)
大总统	(dà zǒng tǒng)
大足区	(dà zú qū)
大族	(dà zú)
大嘴巴	(dà zuǐ ba)
大嘴鸟	(dà zuǐ niǎo)
大嘴乌鸦	(dà zuǐ wū yā)
大作	(dà zuò)
垯	(da)
呆	(dāi)
呆扳手	(dāi bān shǒu)
呆板	(dāi bǎn)
呆笨	(dāi bèn)
呆根	(dāi gēn)
呆瓜	(dāi guā)
呆会儿	(dāi huì r)
呆萌	(dāi méng)
呆若木鸡	(dāi ruò mù jī)
呆傻	(dāi shǎ)
呆头呆脑	(dāi tóu dāi nǎo)
呆站	(dāi zhàn)
呆帐	(dāi zhàng)
呆账	(dāi zhàng)
呆滞	(dāi zhì)
呆住	(dāi zhù)
呆子	(dāi zi)
呔	(tǎi)
歹	(dǎi)
歹毒	(dǎi dú)
歹命	(dǎi mìng)
歹人	(dǎi rén)
歹势	(dǎi shì)
歹徒	(dǎi tú)
歹意	(dǎi yì)
傣	(dǎi)
傣族	(dǎi zú)
代	(dài)
代班	(dài bān)
代办	(dài bàn)
代笔	(dài bǐ)
代币	(dài bì)
代表	(dài biǎo)
代表处	(dài biǎo chù)
代表队	(dài biǎo duì)
代表人物	(dài biǎo rén wù)
代表团	(dài biǎo tuán)
代表性	(dài biǎo xìng)
代表作	(dài biǎo zuò)
代步	(dài bù)
代步车	(dài bù chē)
代餐	(dài cān)
代偿	(dài cháng)
代称	(dài chēng)
代词	(dài cí)
代代	(dài dài)
代代相传	(dài dài xiāng chuán)
代祷	(dài dǎo)
代顿	(dài dùn)
代尔夫特	(dài ěr fū tè)
代工	(dài gōng)
代沟	(dài gōu)
代购	(dài gòu)
代管	(dài guǎn)
代号	(dài hào)
代换	(dài huàn)
代际	(dài jì)
代价	(dài jià)
代驾	(dài jià)
代金券	(dài jīn quàn)
代考	(dài kǎo)
代可可脂	(dài kě kě zhī)
代客泊车	(dài kè bó chē)
代课	(dài kè)
代扣	(dài kòu)
代劳	(dài láo)
代理	(dài lǐ)
代理人	(dài lǐ rén)
代理商	(dài lǐ shāng)
代理孕母	(dài lǐ yùn mǔ)
代利斯	(dài lì sī)
代码	(dài mǎ)
代码段	(dài mǎ duàn)
代码页	(dài mǎ yè)
代名词	(dài míng cí)
代母	(dài mǔ)
代拿买特	(dài ná mǎi tè)
代人受过	(dài rén shòu guò)
代入	(dài rù)
代收	(dài shōu)
代收货款	(dài shōu huò kuǎn)
代书	(dài shū)
代数	(dài shù)
代数簇	(dài shù cù)
代数方程	(dài shù fāng chéng)
代数函数	(dài shù hán shù)
代数函数论	(dài shù hán shù lùn)
代数和	(dài shù hé)
代数几何	(dài shù jǐ hé)
代数几何学	(dài shù jǐ hé xué)
代数结构	(dài shù jié gòu)
代数量	(dài shù liàng)
代数曲面	(dài shù qū miàn)
代数曲线	(dài shù qū xiàn)
代数群	(dài shù qún)
代数式	(dài shù shì)
代数数域	(dài shù shù yù)
代数拓扑	(dài shù tuò pū)
代数学	(dài shù xué)
代糖	(dài táng)
代替	(dài tì)
代替父母	(dài tì fù mǔ)
代替者	(dài tì zhě)
代填	(dài tián)
代为	(dài wéi)
代县	(dài xiàn)
代销	(dài xiāo)
代销店	(dài xiāo diàn)
代写	(dài xiě)
代谢	(dài xiè)
代行	(dài xíng)
代言	(dài yán)
代言人	(dài yán rén)
代孕	(dài yùn)
代孕母亲	(dài yùn mǔ qīn)
代之以	(dài zhī yǐ)
代指	(dài zhǐ)
代志	(dài zhì)
代字	(dài zì)
代字号	(dài zì hào)
代宗	(dài zōng)
代罪	(dài zuì)
代罪羔羊	(dài zuì gāo yáng)
侢	(dài)
垈	(dài)
岱	(dài)
岱庙	(dài miào)
岱山县	(dài shān xiàn)
岱岳区	(dài yuè qū)
岱宗	(dài zōng)
带	(dài)
带兵	(dài bīng)
带病	(dài bìng)
带刺	(dài cì)
带大	(dài dà)
带电	(dài diàn)
带电粒子	(dài diàn lì zǐ)
带调	(dài diào)
带动	(dài dòng)
带队	(dài duì)
带儿	(dài r)
带分数	(dài fēn shù)
带感	(dài gǎn)
带给	(dài gěi)
带过	(dài guò)
带孩子	(dài hái zi)
带红色	(dài hóng sè)
带坏	(dài huài)
带回	(dài huí)
带货	(dài huò)
带劲	(dài jìn)
带菌者	(dài jūn zhě)
带扣	(dài kòu)
带宽	(dài kuān)
带来	(dài lái)
带累	(dài lěi)
带领	(dài lǐng)
带路	(dài lù)
带路人	(dài lù rén)
带露	(dài lù)
带霉	(dài méi)
带牛佩犊	(dài niú pèi dú)
带气	(dài qì)
带去	(dài qu)
带赛	(dài sài)
带上	(dài shàng)
带上门	(dài shàng mén)
带头	(dài tóu)
带头人	(dài tóu rén)
带娃	(dài wá)
带歪	(dài wāi)
带孝	(dài xiào)
带薪	(dài xīn)
带薪休假	(dài xīn xiū jià)
带有	(dài yǒu)
带鱼	(dài yú)
带原者	(dài yuán zhě)
带种	(dài zhǒng)
带状电缆	(dài zhuàng diàn lǎn)
带状疱疹	(dài zhuàng pào zhěn)
带子	(dài zi)
带走	(dài zǒu)
殆	(dài)
殆尽	(dài jìn)
待	(dài)
待办	(dài bàn)
待办事项列表	(dài bàn shì xiàng liè biǎo)
待毙	(dài bì)
待产	(dài chǎn)
待定	(dài dìng)
待复	(dài fù)
待岗	(dài gǎng)
待会	(dāi hui)
待会儿	(dāi huì r)
待机	(dài jī)
待价而沽	(dài jià ér gū)
待见	(dài jian)
待解	(dài jiě)
待考	(dài kǎo)
待命	(dài mìng)
待人	(dài rén)
待人接物	(dài rén jiē wù)
待宵草	(dài xiāo cǎo)
待续	(dài xù)
待要	(dài yào)
待业	(dài yè)
待乙妥	(dài yǐ tuǒ)
待用餐	(dài yòng cān)
待遇	(dài yù)
待诏	(dài zhào)
待字	(dài zì)
怠	(dài)
怠惰	(dài duò)
怠工	(dài gōng)
怠忽	(dài hū)
怠慢	(dài màn)
怠速	(dài sù)
埭	(dài)
戴	(dài)
戴安娜	(dài ān nà)
戴安娜王妃	(dài ān nà wáng fēi)
戴奥辛	(dài ào xīn)
戴表	(dài biǎo)
戴秉国	(dài bǐng guó)
戴尔	(dài ěr)
戴高帽子	(dài gāo mào zi)
戴菊	(dài jú)
戴菊鸟	(dài jú niǎo)
戴克里先	(dài kè lǐ xiān)
戴绿帽子	(dài lǜ mào zi)
戴帽子	(dài mào zi)
戴名世	(dài míng shì)
戴盆望天	(dài pén wàng tiān)
戴上	(dài shang)
戴胜	(dài shèng)
戴套	(dài tào)
戴维	(dài wéi)
戴维斯	(dài wéi sī)
戴维斯杯	(dài wéi sī bēi)
戴维营	(dài wéi yíng)
戴孝	(dài xiào)
亻	(rén)
卩	(jié)
丹	(dān)
丹巴县	(dān bā xiàn)
丹布朗	(dān bù lǎng)
丹彩	(dān cǎi)
丹参	(dān shēn)
丹顶鹤	(dān dǐng hè)
丹东市	(dān dōng shì)
丹毒	(dān dú)
丹方	(dān fāng)
丹凤	(dān fèng)
丹凤县	(dān fèng xiàn)
丹凤眼	(dān fèng yǎn)
丹佛	(dān fó)
丹桂	(dān guì)
丹江口市	(dān jiāng kǒu shì)
丹棱县	(dān líng xiàn)
丹麦	(dān mài)
丹麦包	(dān mài bāo)
丹尼	(dān ní)
丹尼尔	(dān ní ěr)
丹尼斯	(dān ní sī)
丹尼索瓦人	(dān ní suǒ wǎ rén)
丹宁	(dān níng)
丹皮	(dān pí)
丹魄	(dān pò)
丹青	(dān qīng)
丹沙	(dān shā)
丹砂	(dān shā)
丹田	(dān tián)
丹徒区	(dān tú qū)
丹霞	(dān xiá)
丹霞地貌	(dān xiá dì mào)
丹霞山	(dān xiá shān)
丹心	(dān xīn)
丹阳市	(dān yáng shì)
丹药	(dān yào)
丹寨县	(dān zhài xiàn)
丹衷	(dān zhōng)
妉	(dān)
担	(dàn)
担保	(dān bǎo)
担承	(dān chéng)
担待	(dān dài)
担担面	(dàn dàn miàn)
担当	(dān dāng)
担负	(dān fù)
担纲	(dān gāng)
担搁	(dān ge)
担荷	(dān hè)
担架	(dān jià)
担架兵	(dān jià bīng)
担架床	(dān jià chuáng)
担架抬	(dān jià tái)
担惊受怕	(dān jīng shòu pà)
担任	(dān rèn)
担误	(dān wu)
担心	(dān xīn)
担忧	(dān yōu)
担懮	(dān yōu)
担仔面	(dàn zǎi miàn)
担子	(dàn zi)
单	(dān)
单摆	(dān bǎi)
单班课	(dān bān kè)
单板滑雪	(dān bǎn huá xuě)
单板机	(dān bǎn jī)
单瓣	(dān bàn)
单胞藻	(dān bāo zǎo)
单薄	(dān bó)
单倍体	(dān bèi tǐ)
单边	(dān biān)
单边主义	(dān biān zhǔ yì)
单兵	(dān bīng)
单侧	(dān cè)
单层	(dān céng)
单层塔	(dān céng tǎ)
单产	(dān chǎn)
单车	(dān chē)
单车族	(dān chē zú)
单程	(dān chéng)
单传	(dān chuán)
单纯	(dān chún)
单纯词	(dān chún cí)
单纯疱疹	(dān chún pào zhěn)
单纯疱疹病毒	(dān chún pào zhěn bìng dú)
单词	(dān cí)
单丛	(dān cóng)
单打	(dān dǎ)
单打独斗	(dān dǎ dú dòu)
单单	(dān dān)
单刀赴会	(dān dāo fù huì)
单刀直入	(dān dāo zhí rù)
单点	(dān diǎn)
单点登录	(dān diǎn dēng lù)
单点故障	(dān diǎn gù zhàng)
单调	(dān diào)
单调乏味	(dān diào fá wèi)
单独	(dān dú)
单端	(dān duān)
单反相机	(dān fǎn xiàng jī)
单方	(dān fāng)
单方过失碰撞	(dān fāng guò shī pèng zhuàng)
单方面	(dān fāng miàn)
单方向	(dān fāng xiàng)
单方宣告	(dān fāng xuān gào)
单方制剂	(dān fāng zhì jì)
单房差	(dān fáng chā)
单放机	(dān fàng jī)
单飞	(dān fēi)
单非	(dān fēi)
单峰驼	(dān fēng tuó)
单干	(dān gàn)
单杠	(dān gàng)
单个	(dān ge)
单个儿	(dān gè r)
单铬	(dān gè)
单根独苗	(dān gēn dú miáo)
单轨	(dān guǐ)
单过	(dān guò)
单号	(dān hào)
单核细胞	(dān hé xì bāo)
单核细胞增多症	(dān hé xì bāo zēng duō zhèng)
单簧管	(dān huáng guǎn)
单击	(dān jī)
单极	(dān jí)
单价	(dān jià)
单间差	(dān jiān chā)
单肩包	(dān jiān bāo)
单键	(dān jiàn)
单脚滑行车	(dān jiǎo huá xíng chē)
单脚跳	(dān jiǎo tiào)
单晶	(dān jīng)
单镜反光相机	(dān jìng fǎn guāng xiàng jī)
单句	(dān jù)
单据	(dān jù)
单抗	(dān kàng)
单克隆抗体	(dān kè lóng kàng tǐ)
单口相声	(dān kǒu xiàng shēng)
单裤	(dān kù)
单连接站	(dān lián jiē zhàn)
单恋	(dān liàn)
单链	(dān liàn)
单另	(dān lìng)
单轮车	(dān lún chē)
单盲	(dān máng)
单模	(dān mó)
单模光纤	(dān mó guāng xiān)
单宁	(dān níng)
单宁酸	(dān níng suān)
单片机	(dān piàn jī)
单品	(dān pǐn)
单枪匹马	(dān qiāng pǐ mǎ)
单亲	(dān qīn)
单亲家庭	(dān qīn jiā tíng)
单曲	(dān qǔ)
单人	(dān rén)
单人床	(dān rén chuáng)
单人间	(dān rén jiān)
单人匹马	(dān rén pǐ mǎ)
单人沙发	(dān rén shā fā)
单日	(dān rì)
单色	(dān sè)
单色画	(dān sè huà)
单色照片	(dān sè zhào piàn)
单射	(dān shè)
单身	(dān shēn)
单身狗	(dān shēn gǒu)
单身贵族	(dān shēn guì zú)
单身汉	(dān shēn hàn)
单身汪	(dān shēn wāng)
单手	(dān shǒu)
单数	(dān shù)
单丝不成线，独木不成林	(dān sī bù chéng xiàn , dú mù bù chéng lín)
单速车	(dān sù chē)
单糖	(dān táng)
单趟	(dān tàng)
单套	(dān tào)
单体	(dān tǐ)
单挑	(dān tiǎo)
单团	(dān tuán)
单位	(dān wèi)
单位犯罪	(dān wèi fàn zuì)
单位根	(dān wèi gēn)
单位切向量	(dān wèi qiē xiàng liàng)
单位向量	(dān wèi xiàng liàng)
单位信托	(dān wèi xìn tuō)
单位元	(dān wèi yuán)
单味药	(dān wèi yào)
单稳	(dān wěn)
单细胞	(dān xì bāo)
单细胞生物	(dān xì bāo shēng wù)
单县	(shàn xiàn)
单相	(dān xiàng)
单相思	(dān xiāng sī)
单向	(dān xiàng)
单向电流	(dān xiàng diàn liú)
单项	(dān xiàng)
单鞋	(dān xié)
单行	(dān xíng)
单行本	(dān xíng běn)
单行道	(dān xíng dào)
单行线	(dān xíng xiàn)
单姓	(dān xìng)
单眼	(dān yǎn)
单眼皮	(dān yǎn pí)
单眼相机	(dān yǎn xiàng jī)
单叶双曲面	(dān yè shuāng qū miàn)
单一	(dān yī)
单一登入	(dān yī dēng rù)
单一货币	(dān yī huò bì)
单一码	(dān yī mǎ)
单衣	(dān yī)
单意	(dān yì)
单翼飞机	(dān yì fēi jī)
单音词	(dān yīn cí)
单音节	(dān yīn jié)
单引号	(dān yǐn hào)
单用	(dān yòng)
单于	(chán yú)
单语	(dān yǔ)
单元	(dān yuán)
单元房	(dān yuán fáng)
单元格	(dān yuán gé)
单源论	(dān yuán lùn)
单院制	(dān yuàn zhì)
单月	(dān yuè)
单韵母	(dān yùn mǔ)
单张	(dān zhāng)
单张汇票	(dān zhāng huì piào)
单证	(dān zhèng)
单质	(dān zhì)
单子	(dān zǐ)
单子叶	(dān zǐ yè)
单字	(dān zì)
殚	(dān)
殚残	(dān cán)
殚竭	(dān jié)
殚精极虑	(dān jīng jí lǜ)
殚精竭虑	(dān jīng jié lǜ)
殚力	(dān lì)
殚闷	(dān mèn)
殚心	(dān xīn)
㐤	(qiú)
媅	(dān)
儋	(dān)
儋县	(dān xiàn)
儋州市	(dān zhōu shì)
勯	(dān)
掸	(dǎn)
掸邦	(shàn bāng)
掸邦高原	(shàn bāng gāo yuán)
掸子	(dǎn zi)
亶	(dǎn)
旦	(dàn)
旦角	(dàn jué)
但	(dàn)
但丁	(dàn dīng)
但凡	(dàn fán)
但尼生	(dàn ní shēng)
但是	(dàn shì)
但书	(dàn shū)
但说无妨	(dàn shuō wú fáng)
但以理书	(dàn yǐ lǐ shū)
但愿	(dàn yuàn)
但愿如此	(dàn yuàn rú cǐ)
柦	(dàn)
啖	(dàn)
惮	(dàn)
弹	(tán)
弹拨	(tán bō)
弹拨乐	(tán bō yuè)
弹拨乐器	(tán bō yuè qì)
弹唱	(tán chàng)
弹斥	(tán chì)
弹出	(tán chū)
弹窗	(tán chuāng)
弹词	(tán cí)
弹道	(dàn dào)
弹道导弹	(dàn dào dǎo dàn)
弹弓	(dàn gōng)
弹冠相庆	(tán guān xiāng qìng)
弹劾	(tán hé)
弹痕	(dàn hén)
弹痕累累	(dàn hén lěi lěi)
弹花	(tán huā)
弹簧	(tán huáng)
弹簧秤	(tán huáng chèng)
弹簧刀	(tán huáng dāo)
弹簧垫圈	(tán huáng diàn quān)
弹簧门	(tán huáng mén)
弹簧锁	(tán huáng suǒ)
弹回	(tán huí)
弹夹	(dàn jiā)
弹尽粮绝	(dàn jìn liáng jué)
弹尽援绝	(dàn jìn yuán jué)
弹纠	(tán jiū)
弹壳	(dàn ké)
弹坑	(dàn kēng)
弹孔	(dàn kǒng)
弹力	(tán lì)
弹幕	(dàn mù)
弹片	(dàn piàn)
弹琴	(tán qín)
弹球	(tán qiú)
弹球盘	(tán qiú pán)
弹舌	(tán shé)
弹射	(tán shè)
弹射座舱	(tán shè zuò cāng)
弹射座椅	(tán shè zuò yǐ)
弹跳	(tán tiào)
弹跳板	(tán tiào bǎn)
弹头	(dàn tóu)
弹涂鱼	(tán tú yú)
弹丸	(dàn wán)
弹丸之地	(dàn wán zhī dì)
弹匣	(dàn xiá)
弹性	(tán xìng)
弹性模量	(tán xìng mó liàng)
弹性形变	(tán xìng xíng biàn)
弹压	(tán yā)
弹牙	(tán yá)
弹药	(dàn yào)
弹药补给站	(dàn yào bǔ jǐ zhàn)
弹药库	(dàn yào kù)
弹雨	(dàn yǔ)
弹指	(tán zhǐ)
弹指一挥间	(tán zhǐ yī huī jiān)
弹指之间	(tán zhǐ zhī jiān)
弹珠	(dàn zhū)
弹珠机	(dàn zhū jī)
弹珠台	(dàn zhū tái)
弹子	(dàn zi)
弹子锁	(dàn zi suǒ)
弹奏	(tán zòu)
憺	(dàn)
当	(dāng)
当当	(dāng dāng)
当当车	(dāng dāng chē)
当啷	(dāng lāng)
挡	(dǎng)
挡拆	(dǎng chāi)
挡风玻璃	(dǎng fēng bō li)
挡风墙	(dǎng fēng qiáng)
挡驾	(dǎng jià)
挡箭牌	(dǎng jiàn pái)
挡郎	(dǎng láng)
挡琅	(dǎng láng)
挡锒	(dǎng láng)
挡路	(dǎng lù)
挡泥板	(dǎng ní bǎn)
挡位	(dǎng wèi)
挡雨	(dǎng yǔ)
挡住	(dǎng zhù)
凼	(dàng)
凼肥	(dàng féi)
凼子	(dàng zi)
宕	(dàng)
宕昌县	(tàn chāng xiàn)
宕机	(dàng jī)
垱	(dàng)
档	(dàng)
档案	(dàng àn)
档案传输协定	(dàng àn chuán shū xié dìng)
档案袋	(dàng àn dài)
档案馆	(dàng àn guǎn)
档案盒	(dàng àn hé)
档案夹	(dàng àn jiā)
档案总管	(dàng àn zǒng guǎn)
档次	(dàng cì)
档口	(dàng kǒu)
档期	(dàng qī)
档子	(dàng zi)
愓	(dàng)
儅	(dāng)
刀	(dāo)
刀疤	(dāo bā)
刀背	(dāo bèi)
刀笔	(dāo bǐ)
刀不磨要生锈，人不学要落后	(dāo bù mó yào shēng xiù , rén bù xué yào luò hòu)
刀叉	(dāo chā)
刀锋	(dāo fēng)
刀斧手	(dāo fǔ shǒu)
刀耕火种	(dāo gēng huǒ zhòng)
刀工	(dāo gōng)
刀光剑影	(dāo guāng jiàn yǐng)
刀光血影	(dāo guāng xuè yǐng)
刀剑	(dāo jiàn)
刀具	(dāo jù)
刀锯鼎镬	(dāo jù dǐng huò)
刀锯斧钺	(dāo jù fǔ yuè)
刀客	(dāo kè)
刀口	(dāo kǒu)
刀库	(dāo kù)
刀郎	(dāo láng)
刀螂	(dāo lang)
刀乐	(dāo lè)
刀类	(dāo lèi)
刀马旦	(dāo mǎ dàn)
刀片	(dāo piàn)
刀片刺网	(dāo piàn cì wǎng)
刀片铁丝网	(dāo piàn tiě sī wǎng)
刀枪	(dāo qiāng)
刀枪不入	(dāo qiāng bù rù)
刀枪剑戟	(dāo qiāng jiàn jǐ)
刀鞘	(dāo qiào)
刀刃	(dāo rèn)
刀山火海	(dāo shān huǒ hǎi)
刀身	(dāo shēn)
刀塔	(dāo tǎ)
刀削面	(dāo xiāo miàn)
刀叶	(dāo yè)
刀鱼	(dāo yú)
刀子	(dāo zi)
刀子嘴，豆腐心	(dāo zi zuǐ , dòu fu xīn)
刀子嘴巴，豆腐心	(dāo zi zuǐ ba , dòu fu xīn)
刀俎	(dāo zǔ)
叨	(tāo)
叨叨	(dāo dao)
叨唠	(dāo lao)
叨扰	(tāo rǎo)
忉	(dāo)
捯	(dáo)
捯饬	(dáo chi)
导	(dǎo)
导报	(dǎo bào)
导播	(dǎo bō)
导出	(dǎo chū)
导出范畴	(dǎo chū fàn chóu)
导出值	(dǎo chū zhí)
导弹	(dǎo dàn)
导电	(dǎo diàn)
导电性	(dǎo diàn xìng)
导读	(dǎo dú)
导购	(dǎo gòu)
导管	(dǎo guǎn)
导管组织	(dǎo guǎn zǔ zhī)
导轨	(dǎo guǐ)
导函数	(dǎo hán shù)
导航	(dǎo háng)
导航员	(dǎo háng yuán)
导护	(dǎo hù)
导火索	(dǎo huǒ suǒ)
导火线	(dǎo huǒ xiàn)
导览	(dǎo lǎn)
导乐	(dǎo lè)
导流板	(dǎo liú bǎn)
导轮	(dǎo lún)
导论	(dǎo lùn)
导盲道	(dǎo máng dào)
导盲犬	(dǎo máng quǎn)
导盲砖	(dǎo máng zhuān)
导尿	(dǎo niào)
导尿管	(dǎo niào guǎn)
导热膏	(dǎo rè gāo)
导热性	(dǎo rè xìng)
导入	(dǎo rù)
导入期	(dǎo rù qī)
导师	(dǎo shī)
导数	(dǎo shù)
导体	(dǎo tǐ)
导戏	(dǎo xì)
导线	(dǎo xiàn)
导向	(dǎo xiàng)
导言	(dǎo yán)
导演	(dǎo yǎn)
导液管	(dǎo yè guǎn)
导引	(dǎo yǐn)
导游	(dǎo yóu)
导语	(dǎo yǔ)
导正	(dǎo zhèng)
导致	(dǎo zhì)
岛	(dǎo)
岛鸫	(dǎo dōng)
岛盖部	(dǎo gài bù)
岛国	(dǎo guó)
岛国动作片	(dǎo guó dòng zuò piàn)
岛弧	(dǎo hú)
岛链	(dǎo liàn)
岛民	(dǎo mín)
岛屿	(dǎo yǔ)
捣	(dǎo)
捣蛋	(dǎo dàn)
捣蛋鬼	(dǎo dàn guǐ)
捣鼓	(dǎo gu)
捣鬼	(dǎo guǐ)
捣毁	(dǎo huǐ)
捣烂	(dǎo làn)
捣乱	(dǎo luàn)
捣卖	(dǎo mài)
捣弄	(dǎo nòng)
捣实	(dǎo shí)
捣碎	(dǎo suì)
捣腾	(dǎo teng)
捣衣	(dǎo yī)
嶋	(dǎo)
嶌	(dǎo)
壔	(dǎo)
擣	(dǎo)
到	(dào)
到岸价	(dào àn jià)
到案	(dào àn)
到不行	(dào bù xíng)
到场	(dào chǎng)
到处	(dào chù)
到处可见	(dào chù kě jiàn)
到此	(dào cǐ)
到此为止	(dào cǐ wéi zhǐ)
到此一游	(dào cǐ yī yóu)
到达	(dào dá)
到达大厅	(dào dá dà tīng)
到得	(dào dé)
到底	(dào dǐ)
到点	(dào diǎn)
到访	(dào fǎng)
到府服务	(dào fǔ fú wù)
到付	(dào fù)
到货	(dào huò)
到家	(dào jiā)
到来	(dào lái)
到了	(dào liǎo)
到目前为止	(dào mù qián wéi zhǐ)
到那个时候	(dào nà gè shí hòu)
到期	(dào qī)
到期日	(dào qī rì)
到期收益率	(dào qī shōu yì lǜ)
到齐	(dào qí)
到任	(dào rèn)
到什么山上，唱什么歌	(dào shén me shān shàng , chàng shén me gē)
到时	(dào shí)
到时候	(dào shí hòu)
到手	(dào shǒu)
到手软	(dào shǒu ruǎn)
到头	(dào tóu)
到头来	(dào tóu lái)
到位	(dào wèi)
到现在	(dào xiàn zài)
到账	(dào zhàng)
倒	(dào)
倒把	(dǎo bǎ)
倒败	(dǎo bài)
倒班	(dǎo bān)
倒背如流	(dào bèi rú liú)
倒背手	(dào bèi shǒu)
倒背手儿	(dào bèi shǒu r)
倒逼	(dào bī)
倒闭	(dǎo bì)
倒毙	(dǎo bì)
倒采	(dào cǎi)
倒彩	(dào cǎi)
倒彩声	(dào cǎi shēng)
倒仓	(dǎo cāng)
倒槽	(dǎo cáo)
倒插门	(dào chā mén)
倒茬	(dǎo chá)
倒车	(dǎo chē)
倒车挡	(dào chē dǎng)
倒持太阿	(dào chí tài ē)
倒持泰阿	(dào chí tài ē)
倒抽一口气	(dào chōu yī kǒu qì)
倒春寒	(dào chūn hán)
倒刺	(dào cì)
倒打一耙	(dào dǎ yī pá)
倒带	(dào dài)
倒蛋	(dǎo dàn)
倒地	(dǎo dì)
倒吊蜡烛	(dào diào là zhú)
倒反	(dào fǎn)
倒反天纲	(dào fǎn tiān gāng)
倒反天罡	(dào fǎn tiān gāng)
倒放	(dào fàng)
倒粪	(dào fèn)
倒伏	(dǎo fú)
倒戈	(dǎo gē)
倒戈卸甲	(dǎo gē xiè jiǎ)
倒钩	(dào gōu)
倒挂	(dào guà)
倒灌	(dào guàn)
倒果为因	(dào guǒ wéi yīn)
倒过儿	(dào guò r)
倒换	(dǎo huàn)
倒计时	(dào jì shí)
倒角	(dǎo jiǎo)
倒噍	(dǎo jiào)
倒睫	(dào jié)
倒嚼	(dǎo jiào)
倒开	(dào kāi)
倒空	(dào kōng)
倒苦水	(dào kǔ shuǐ)
倒立	(dào lì)
倒立像	(dào lì xiàng)
倒流	(dào liú)
倒买倒卖	(dǎo mǎi dǎo mài)
倒卖	(dǎo mài)
倒楣	(dǎo méi)
倒霉	(dǎo méi)
倒霉蛋	(dǎo méi dàn)
倒霉蛋儿	(dǎo méi dàn r)
倒木	(dǎo mù)
倒弄	(dǎo nong)
倒赔	(dào péi)
倒片	(dào piàn)
倒嗓	(dǎo sǎng)
倒时差	(dǎo shí chā)
倒是	(dào shi)
倒手	(dǎo shǒu)
倒数	(dào shǔ)
倒锁	(dào suǒ)
倒塌	(dǎo tā)
倒台	(dǎo tái)
倒坍	(dǎo tān)
倒腾	(dǎo teng)
倒替	(dǎo tì)
倒贴	(dào tiē)
倒头	(dǎo tóu)
倒退	(dào tuì)
倒位	(dào wèi)
倒胃口	(dǎo wèi kǒu)
倒卧	(dǎo wò)
倒吸一口凉气	(dào xī yī kǒu liáng qì)
倒下	(dǎo xià)
倒相	(dào xiàng)
倒像	(dào xiàng)
倒写	(dào xiě)
倒行逆施	(dào xíng nì shī)
倒休	(dǎo xiū)
倒序	(dào xù)
倒叙	(dào xù)
倒悬	(dào xuán)
倒悬之急	(dào xuán zhī jí)
倒悬之苦	(dào xuán zhī kǔ)
倒悬之危	(dào xuán zhī wēi)
倒血霉	(dǎo xuè méi)
倒烟	(dào yān)
倒阳	(dǎo yáng)
倒爷	(dǎo yé)
倒影	(dào yǐng)
倒映	(dào yìng)
倒运	(dǎo yùn)
倒栽葱	(dào zāi cōng)
倒灶	(dǎo zào)
倒帐	(dǎo zhàng)
倒账	(dǎo zhàng)
倒着	(dào zhe)
倒置	(dào zhì)
倒转	(dào zhuǎn)
倒装	(dào zhuāng)
倒装句	(dào zhuāng jù)
倒座儿	(dào zuò r)
悼	(dào)
悼词	(dào cí)
悼辞	(dào cí)
悼念	(dào niàn)
嘚	(dē)
嘚啵	(dē bo)
嘚瑟	(dè se)
㝵	(dé)
得	(děi)
得便	(dé biàn)
得便宜卖乖	(dé pián yi mài guāi)
得标	(dé biāo)
得病	(dé bìng)
得不偿失	(dé bù cháng shī)
得不到	(dé bù dào)
得偿所愿	(dé cháng suǒ yuàn)
得逞	(dé chěng)
得宠	(dé chǒng)
得出	(dé chū)
得寸进尺	(dé cùn jìn chǐ)
得当	(dé dàng)
得到	(dé dào)
得道	(dé dào)
得道多助	(dé dào duō zhù)
得道多助，失道寡助	(dé dào duō zhù , shī dào guǎ zhù)
得而复失	(dé ér fù shī)
得法	(dé fǎ)
得分	(dé fēn)
得过且过	(dé guò qiě guò)
得很	(de hěn)
得奖	(dé jiǎng)
得救	(dé jiù)
得看	(děi kàn)
得可以	(de kě yǐ)
得克萨斯	(dé kè sà sī)
得空	(dé kòng)
得亏	(děi kuī)
得来	(dé lái)
得来不易	(dé lái bù yì)
得来速	(dé lái sù)
得了	(dé le)
得力	(dé lì)
得利	(dé lì)
得令	(dé lìng)
得陇望蜀	(dé lǒng wàng shǔ)
得梅因	(dé méi yīn)
得名	(dé míng)
得票	(dé piào)
得票率	(dé piào lǜ)
得气	(dé qì)
得饶人处且饶人	(dé ráo rén chù qiě ráo rén)
得荣县	(dé róng xiàn)
得色	(dé sè)
得瑟	(dè se)
得胜	(dé shèng)
得失	(dé shī)
得势	(dé shì)
得手	(dé shǒu)
得数	(dé shù)
得所应得	(dé suǒ yīng dé)
得体	(dé tǐ)
得天独厚	(dé tiān dú hòu)
得文	(dé wén)
得无	(dé wú)
得悉	(dé xī)
得心应手	(dé xīn yìng shǒu)
得要	(děi yào)
得宜	(dé yí)
得以	(dé yǐ)
得益	(dé yì)
得益于	(dé yì yú)
得意	(dé yì)
得意门生	(dé yì mén shēng)
得意忘形	(dé yì wàng xíng)
得意扬扬	(dé yì yáng yáng)
得意洋洋	(dé yì yáng yáng)
得鱼忘筌	(dé yú wàng quán)
得着	(dé zháo)
得证	(dé zhèng)
得知	(dé zhī)
得直	(dé zhí)
得志	(dé zhì)
得中	(dé zhōng)
得主	(dé zhǔ)
得罪	(dé zui)
㥁	(dé)
德	(dé)
德安县	(dé ān xiàn)
德昂	(dé áng)
德昂族	(dé áng zú)
德班	(dé bān)
德薄能鲜	(dé bó néng xiǎn)
德保县	(dé bǎo xiàn)
德比	(dé bǐ)
德彪西	(dé biāo xī)
德不配位	(dé bù pèi wèi)
德不配位，必有灾殃	(dé bù pèi wèi , bì yǒu zāi yāng)
德才	(dé cái)
德才兼备	(dé cái jiān bèi)
德昌县	(dé chāng xiàn)
德城区	(dé chéng qū)
德川	(dé chuān)
德尔塔	(dé ěr tǎ)
德法年鉴	(dé fǎ nián jiàn)
德干	(dé gān)
德高望重	(dé gāo wàng zhòng)
德格县	(dé gé xiàn)
德古拉	(dé gǔ lā)
德古西加巴	(dé gǔ xī jiā bā)
德国	(dé guó)
德国标准化学会	(dé guó biāo zhǔn huà xué huì)
德国汉莎航空公司	(dé guó hàn shā háng kōng gōng sī)
德国结	(dé guó jié)
德国麻疹	(dé guó má zhěn)
德国马克	(dé guó mǎ kè)
德国人	(dé guó rén)
德国酸菜	(dé guó suān cài)
德国统一社会党	(dé guó tǒng yī shè huì dǎng)
德国学术交流总署	(dé guó xué shù jiāo liú zǒng shǔ)
德国战车	(dé guó zhàn chē)
德国之声	(dé guó zhī shēng)
德航	(dé háng)
德黑兰	(dé hēi lán)
德宏傣族景颇族自治州	(dé hóng dǎi zú jǐng pō zú zì zhì zhōu)
德化县	(dé huà xiàn)
德惠市	(dé huì shì)
德江县	(dé jiāng xiàn)
德克萨斯	(dé kè sà sī)
德拉克罗瓦	(dé lā kè luó wǎ)
德拉门	(dé lā mén)
德莱塞	(dé lái sè)
德勒巴克	(dé lè bā kè)
德勒斯登	(dé lè sī dēng)
德勒兹	(dé lè zī)
德雷尔	(dé léi ěr)
德雷福斯	(dé léi fú sī)
德雷斯顿	(dé léi sī dùn)
德累斯顿	(dé léi sī dùn)
德里	(dé lǐ)
德里达	(dé lǐ dá)
德令哈市	(dé lìng hā shì)
德伦特	(dé lún tè)
德律风	(dé lǜ fēng)
德梅因	(dé méi yīn)
德谟克拉西	(dé mó kè lā xī)
德牧	(dé mù)
德钦县	(dé qīn xiàn)
德清县	(dé qīng xiàn)
德庆县	(dé qìng xiàn)
德三	(dé sān)
德胜门	(dé shèng mén)
德士	(dé shì)
德式	(dé shì)
德维尔潘	(dé wéi ěr pān)
德文	(dé wén)
德沃夏克	(dé wò xià kè)
德乌帕	(dé wū pà)
德先生	(dé xiān sheng)
德行	(dé xíng)
德兴市	(dé xīng shì)
德性	(dé xing)
德阳市	(dé yáng shì)
德艺双馨	(dé yì shuāng xīn)
德意志	(dé yì zhì)
德意志联邦共和国	(dé yì zhì lián bāng gòng hé guó)
德意志学术交流中心	(dé yì zhì xué shù jiāo liú zhōng xīn)
德意志银行	(dé yì zhì yín háng)
德语	(dé yǔ)
德育	(dé yù)
德育处	(dé yù chù)
德政	(dé zhèng)
德治	(dé zhì)
德智体美	(dé zhì tǐ měi)
德州	(dé zhōu)
德州扑克	(dé zhōu pū kè)
德州市	(dé zhōu shì)
德州仪器	(dé zhōu yí qì)
地	(de)
地板	(dì bǎn)
地板价	(dì bǎn jià)
地板砖	(dì bǎn zhuān)
地保	(dì bǎo)
地堡	(dì bǎo)
地标	(dì biāo)
地表	(dì biǎo)
地表水	(dì biǎo shuǐ)
地鳖	(dì biē)
地步	(dì bù)
地藏	(dì zàng)
地藏菩萨	(dì zàng pú sà)
地藏王菩萨	(dì zàng wáng pú sà)
地层	(dì céng)
地层学	(dì céng xué)
地产	(dì chǎn)
地产大亨	(dì chǎn dà hēng)
地产税	(dì chǎn shuì)
地处	(dì chǔ)
地磁	(dì cí)
地磁暴	(dì cí bào)
地磁场	(dì cí chǎng)
地大物博	(dì dà wù bó)
地带	(dì dài)
地道	(dì dao)
地地道道	(dì dì dào dào)
地底	(dì dǐ)
地点	(dì diǎn)
地调	(dì diào)
地动	(dì dòng)
地动山摇	(dì dòng shān yáo)
地动仪	(dì dòng yí)
地洞	(dì dòng)
地段	(dì duàn)
地对空导弹	(dì duì kōng dǎo dàn)
地儿	(dì r)
地返	(dì fǎn)
地方	(dì fang)
地方法院	(dì fāng fǎ yuàn)
地方官	(dì fāng guān)
地方戏	(dì fāng xì)
地方戏曲	(dì fāng xì qǔ)
地方性	(dì fāng xìng)
地方性斑疹伤寒	(dì fāng xìng bān zhěn shāng hán)
地方主义	(dì fāng zhǔ yì)
地方自治	(dì fāng zì zhì)
地府	(dì fǔ)
地宫	(dì gōng)
地沟油	(dì gōu yóu)
地瓜	(dì guā)
地瓜干	(dì guā gān)
地瓜面	(dì guā miàn)
地瓜鸟	(dì guā niǎo)
地广人稀	(dì guǎng rén xī)
地滚球	(dì gǔn qiú)
地函	(dì hán)
地和	(dì hú)
地核	(dì hé)
地滑	(dì huá)
地皇	(dì huáng)
地黄	(dì huáng)
地积	(dì jī)
地积单	(dì jī dān)
地基	(dì jī)
地级	(dì jí)
地级市	(dì jí shì)
地籍	(dì jí)
地岬	(dì jiǎ)
地价	(dì jià)
地检署	(dì jiǎn shǔ)
地角天涯	(dì jiǎo tiān yá)
地脚	(dì jiǎo)
地窖	(dì jiào)
地接	(dì jiē)
地精	(dì jīng)
地景	(dì jǐng)
地壳	(dì qiào)
地壳运动	(dì qiào yùn dòng)
地块	(dì kuài)
地拉那	(dì lā nà)
地牢	(dì láo)
地雷	(dì léi)
地理	(dì lǐ)
地理定位	(dì lǐ dìng wèi)
地理极	(dì lǐ jí)
地理纬度	(dì lǐ wěi dù)
地理位置	(dì lǐ wèi zhi)
地理学	(dì lǐ xué)
地理学家	(dì lǐ xué jiā)
地力	(dì lì)
地利	(dì lì)
地利人和	(dì lì rén hé)
地邻	(dì lín)
地龙	(dì lóng)
地笼	(dì lóng)
地垄	(dì lǒng)
地漏	(dì lòu)
地炉	(dì lú)
地脉	(dì mài)
地幔	(dì màn)
地貌	(dì mào)
地面	(dì miàn)
地面部队	(dì miàn bù duì)
地面层	(dì miàn céng)
地面灌溉	(dì miàn guàn gài)
地面核爆炸	(dì miàn hé bào zhà)
地面控制	(dì miàn kòng zhì)
地面零点	(dì miàn líng diǎn)
地面气压	(dì miàn qì yā)
地面水	(dì miàn shuǐ)
地名	(dì míng)
地亩	(dì mǔ)
地牛翻身	(dì niú fān shēn)
地暖	(dì nuǎn)
地排车	(dì pǎi chē)
地盘	(dì pán)
地陪	(dì péi)
地皮	(dì pí)
地痞	(dì pǐ)
地平线	(dì píng xiàn)
地祇	(dì qí)
地契	(dì qì)
地钱	(dì qián)
地堑	(dì qiàn)
地勤	(dì qín)
地勤人员	(dì qín rén yuán)
地球	(dì qiú)
地球磁场	(dì qiú cí chǎng)
地球村	(dì qiú cūn)
地球轨道	(dì qiú guǐ dào)
地球化学	(dì qiú huà xué)
地球静止轨道	(dì qiú jìng zhǐ guǐ dào)
地球静止卫星	(dì qiú jìng zhǐ wèi xīng)
地球科学	(dì qiú kē xué)
地球同步轨道	(dì qiú tóng bù guǐ dào)
地球同步卫星	(dì qiú tóng bù wèi xīng)
地球物理	(dì qiú wù lǐ)
地球物理学	(dì qiú wù lǐ xué)
地球仪	(dì qiú yí)
地区	(dì qū)
地区差价	(dì qū chā jià)
地区冲突	(dì qū chōng tū)
地区法院	(dì qū fǎ yuàn)
地区经济	(dì qū jīng jì)
地区性	(dì qū xìng)
地热	(dì rè)
地热电站	(dì rè diàn zhàn)
地热发电厂	(dì rè fā diàn chǎng)
地热能	(dì rè néng)
地热资源	(dì rè zī yuán)
地塞米松	(dì sài mǐ sōng)
地三鲜	(dì sān xiān)
地上	(dì shang)
地史	(dì shǐ)
地市	(dì shì)
地市级	(dì shì jí)
地势	(dì shì)
地书	(dì shū)
地税	(dì shuì)
地速	(dì sù)
地台	(dì tái)
地摊	(dì tān)
地坛	(dì tán)
地毯	(dì tǎn)
地毯式轰炸	(dì tǎn shì hōng zhà)
地毯拖鞋	(dì tǎn tuō xié)
地躺拳	(dì tǎng quán)
地铁	(dì tiě)
地铁站	(dì tiě zhàn)
地头	(dì tóu)
地头蛇	(dì tóu shé)
地图	(dì tú)
地图册	(dì tú cè)
地图集	(dì tú jí)
地推	(dì tuī)
地委	(dì wěi)
地位	(dì wèi)
地西泮	(dì xī pàn)
地狭人稠	(dì xiá rén chóu)
地下	(dì xià)
地下城	(dì xià chéng)
地下道	(dì xià dào)
地下核爆炸	(dì xià hé bào zhà)
地下核试验	(dì xià hé shì yàn)
地下街	(dì xià jiē)
地下茎	(dì xià jīng)
地下钱庄	(dì xià qián zhuāng)
地下情	(dì xià qíng)
地下室	(dì xià shì)
地下水	(dì xià shuǐ)
地下铁路	(dì xià tiě lù)
地下通道	(dì xià tōng dào)
地线	(dì xiàn)
地心	(dì xīn)
地心说	(dì xīn shuō)
地心纬度	(dì xīn wěi dù)
地心吸力	(dì xīn xī lì)
地心引力	(dì xīn yǐn lì)
地形	(dì xíng)
地形图	(dì xíng tú)
地穴	(dì xué)
地窨	(dì yìn)
地窨子	(dì yìn zi)
地衣	(dì yī)
地狱	(dì yù)
地狱笑话	(dì yù xiào huà)
地域	(dì yù)
地缘	(dì yuán)
地缘战略	(dì yuán zhàn lüè)
地缘政治	(dì yuán zhèng zhì)
地缘政治学	(dì yuán zhèng zhì xué)
地栽	(dì zāi)
地震	(dì zhèn)
地震波	(dì zhèn bō)
地震带	(dì zhèn dài)
地震活动带	(dì zhèn huó dòng dài)
地震局	(dì zhèn jú)
地震烈度	(dì zhèn liè dù)
地震区	(dì zhèn qū)
地震速报	(dì zhèn sù bào)
地震学	(dì zhèn xué)
地震学家	(dì zhèn xué jiā)
地震仪	(dì zhèn yí)
地址	(dì zhǐ)
地址解析协议	(dì zhǐ jiě xī xié yì)
地质	(dì zhì)
地质年表	(dì zhì nián biǎo)
地质年代表	(dì zhì nián dài biǎo)
地质学	(dì zhì xué)
地质学家	(dì zhì xué jiā)
地中海	(dì zhōng hǎi)
地中海贫血	(dì zhōng hǎi pín xuè)
地轴	(dì zhóu)
地主	(dì zhǔ)
地主队	(dì zhǔ duì)
地主家庭	(dì zhǔ jiā tíng)
地主阶级	(dì zhǔ jiē jí)
地砖	(dì zhuān)
地租	(dì zū)
扽	(dèn)
㩐	(dèn)
噔	(dēng)
噔噔	(dēng dēng)
戥	(děng)
僜	(dèng)
凳	(dèng)
凳子	(dèng zi)
嶝	(dèng)
低	(dī)
低矮	(dī ǎi)
低昂	(dī áng)
低八度	(dī bā dù)
低帮	(dī bāng)
低保	(dī bǎo)
低保真	(dī bǎo zhēn)
低层	(dī céng)
低产	(dī chǎn)
低潮	(dī cháo)
低沉	(dī chén)
低成本	(dī chéng běn)
低垂	(dī chuí)
低档	(dī dàng)
低地	(dī dì)
低地绣眼鸟	(dī dì xiù yǎn niǎo)
低等	(dī děng)
低等动物	(dī děng dòng wù)
低低切切	(dī dī qiè qiè)
低调	(dī diào)
低端	(dī duān)
低端人口	(dī duān rén kǒu)
低放射性废物	(dī fàng shè xìng fèi wù)
低分	(dī fēn)
低粉	(dī fěn)
低估	(dī gū)
低谷	(dī gǔ)
低耗	(dī hào)
低缓	(dī huǎn)
低级	(dī jí)
低级语言	(dī jí yǔ yán)
低剂量照射	(dī jì liàng zhào shè)
低价	(dī jià)
低贱	(dī jiàn)
低阶	(dī jiē)
低阶语言	(dī jiē yǔ yán)
低筋面粉	(dī jīn miàn fěn)
低聚物	(dī jù wù)
低开	(dī kāi)
低开高走	(dī kāi gāo zǒu)
低空	(dī kōng)
低空飞过	(dī kōng fēi guò)
低空跳伞	(dī kōng tiào sǎn)
低栏	(dī lán)
低利	(dī lì)
低利贷款	(dī lì dài kuǎn)
低廉	(dī lián)
低劣	(dī liè)
低龄	(dī líng)
低龄犯罪	(dī líng fàn zuì)
低龄化	(dī líng huà)
低领口	(dī lǐng kǒu)
低落	(dī luò)
低眉顺眼	(dī méi shùn yǎn)
低迷	(dī mí)
低能	(dī néng)
低能儿	(dī néng ér)
低年级	(dī nián jí)
低浓缩铀	(dī nóng suō yóu)
低平火山口	(dī píng huǒ shān kǒu)
低气压	(dī qì yā)
低丘	(dī qiū)
低热	(dī rè)
低三下四	(dī sān xià sì)
低烧	(dī shāo)
低声	(dī shēng)
低声细语	(dī shēng xì yǔ)
低收入	(dī shōu rù)
低首下心	(dī shǒu xià xīn)
低俗	(dī sú)
低俗化	(dī sú huà)
低俗之风	(dī sú zhī fēng)
低速	(dī sù)
低速挡	(dī sù dǎng)
低速率	(dī sù lǜ)
低速区	(dī sù qū)
低碳	(dī tàn)
低体温症	(dī tǐ wēn zhèng)
低头	(dī tóu)
低头认罪	(dī tóu rèn zuì)
低头族	(dī tóu zú)
低洼	(dī wā)
低微	(dī wēi)
低维	(dī wéi)
低温	(dī wēn)
低息	(dī xī)
低下	(dī xià)
低陷	(dī xiàn)
低消	(dī xiāo)
低消费	(dī xiāo fèi)
低效	(dī xiào)
低胸	(dī xiōng)
低血糖	(dī xuè táng)
低血压	(dī xuè yā)
低压	(dī yā)
低压带	(dī yā dài)
低音	(dī yīn)
低音大号	(dī yīn dà hào)
低音大提琴	(dī yīn dà tí qín)
低音管	(dī yīn guǎn)
低音喇叭	(dī yīn lǎ ba)
低音炮	(dī yīn pào)
低音提琴	(dī yīn tí qín)
低吟	(dī yín)
低于	(dī yú)
低语	(dī yǔ)
低脂	(dī zhī)
彽	(chí)
啲	(dī)
堤	(dī)
堤岸	(dī àn)
堤坝	(dī bà)
堤防	(dī fáng)
廸	(dí)
敌	(dí)
敌百虫	(dí bǎi chóng)
敌档	(dí dàng)
敌地	(dí dì)
敌敌畏	(dí dí wèi)
敌对	(dí duì)
敌对性	(dí duì xìng)
敌方	(dí fāng)
敌国	(dí guó)
敌害	(dí hài)
敌后	(dí hòu)
敌机	(dí jī)
敌基督	(dí jī dū)
敌将	(dí jiàng)
敌军	(dí jūn)
敌忾	(dí kài)
敌情	(dí qíng)
敌人	(dí rén)
敌杀死	(dí shā sǐ)
敌视	(dí shì)
敌手	(dí shǒu)
敌台	(dí tái)
敌探	(dí tàn)
敌特	(dí tè)
敌特分子	(dí tè fèn zǐ)
敌我	(dí wǒ)
敌我矛盾	(dí wǒ máo dùn)
敌意	(dí yì)
敌营	(dí yíng)
敌占区	(dí zhàn qū)
敌阵	(dí zhèn)
敌众我寡	(dí zhòng wǒ guǎ)
嘀	(dī)
嘀嗒	(dī dā)
嘀咕	(dí gu)
嫡	(dí)
嫡出	(dí chū)
嫡传	(dí chuán)
嫡母	(dí mǔ)
嫡亲	(dí qīn)
嫡堂	(dí táng)
嫡系	(dí xì)
嫡子	(dí zǐ)
厎	(zhǐ)
坻	(dǐ)
抵	(dǐ)
抵岸	(dǐ àn)
抵补	(dǐ bǔ)
抵偿	(dǐ cháng)
抵充	(dǐ chōng)
抵触	(dǐ chù)
抵达	(dǐ dá)
抵挡	(dǐ dǎng)
抵华	(dǐ huá)
抵减	(dǐ jiǎn)
抵拒	(dǐ jù)
抵抗	(dǐ kàng)
抵抗力	(dǐ kàng lì)
抵扣	(dǐ kòu)
抵赖	(dǐ lài)
抵牾	(dǐ wǔ)
抵消	(dǐ xiāo)
抵销	(dǐ xiāo)
抵押	(dǐ yā)
抵押贷款	(dǐ yā dài kuǎn)
抵押品	(dǐ yā pǐn)
抵押物	(dǐ yā wù)
抵用	(dǐ yòng)
抵用金	(dǐ yòng jīn)
抵用券	(dǐ yòng quàn)
抵御	(dǐ yù)
抵债	(dǐ zhài)
抵账	(dǐ zhàng)
抵制	(dǐ zhì)
抵住	(dǐ zhù)
抵足而眠	(dǐ zú ér mián)
抵罪	(dǐ zuì)
呧	(dǐ)
底	(dǐ)
底版	(dǐ bǎn)
底比斯	(dǐ bǐ sī)
底边	(dǐ biān)
底部	(dǐ bù)
底层	(dǐ céng)
底朝天	(dǐ cháo tiān)
底定	(dǐ dìng)
底端	(dǐ duān)
底阀	(dǐ fá)
底肥	(dǐ féi)
底格里斯	(dǐ gé lǐ sī)
底格里斯河	(dǐ gé lǐ sī hé)
底界	(dǐ jiè)
底裤	(dǐ kù)
底夸克	(dǐ kuā kè)
底料	(dǐ liào)
底楼	(dǐ lóu)
底面	(dǐ miàn)
底牌	(dǐ pái)
底盘	(dǐ pán)
底片	(dǐ piàn)
底栖生物	(dǐ qī shēng wù)
底栖有孔虫	(dǐ qī yǒu kǒng chóng)
底漆	(dǐ qī)
底气	(dǐ qì)
底数	(dǐ shù)
底特律	(dǐ tè lǜ)
底细	(dǐ xì)
底下	(dǐ xia)
底限	(dǐ xiàn)
底线	(dǐ xiàn)
底薪	(dǐ xīn)
底蕴	(dǐ yùn)
底汁	(dǐ zhī)
底止	(dǐ zhǐ)
底子	(dǐ zi)
底座	(dǐ zuò)
弤	(dǐ)
柢	(dǐ)
杕	(dì)
弟	(dì)
弟弟	(dì di)
弟妇	(dì fù)
弟妹	(dì mèi)
弟媳	(dì xí)
弟兄	(dì xiong)
弟兄们	(dì xiōng men)
弟子	(dì zǐ)
俤	(dì)
帝	(dì)
帝都	(dì dū)
帝俄	(dì é)
帝国	(dì guó)
帝国大厦	(dì guó dà shà)
帝国理工学院	(dì guó lǐ gōng xué yuàn)
帝国主义	(dì guó zhǔ yì)
帝后	(dì hòu)
帝京	(dì jīng)
帝俊	(dì jùn)
帝喾	(dì kù)
帝力	(dì lì)
帝企鹅	(dì qǐ é)
帝师	(dì shī)
帝王	(dì wáng)
帝王谱	(dì wáng pǔ)
帝王企鹅	(dì wáng qǐ é)
帝王蟹	(dì wáng xiè)
帝位	(dì wèi)
帝汶岛	(dì wèn dǎo)
帝汶海	(dì wèn hǎi)
帝辛	(dì xīn)
帝制	(dì zhì)
娣	(dì)
娣姒	(dì sì)
梊	(dì)
揥	(tì)
棣	(dì)
墬	(dì)
嗲	(diǎ)
敁	(diān)
掂	(diān)
掂量	(diān liang)
傎	(diān)
巅	(diān)
巅峰	(diān fēng)
攧	(diān)
巓	(diān)
丶	(zhǔ)
奌	(diǎn)
典	(diǎn)
典藏	(diǎn cáng)
典当	(diǎn dàng)
典范	(diǎn fàn)
典故	(diǎn gù)
典籍	(diǎn jí)
典礼	(diǎn lǐ)
典型	(diǎn xíng)
典型登革热	(diǎn xíng dēng gé rè)
典型化	(diǎn xíng huà)
典型用途	(diǎn xíng yòng tú)
典雅	(diǎn yǎ)
典狱长	(diǎn yù zhǎng)
典章	(diǎn zhāng)
典质	(diǎn zhì)
典座	(diǎn zuò)
佃	(diàn)
佃户	(diàn hù)
佃农	(diàn nóng)
坫	(diàn)
店	(diàn)
店伙	(diàn huǒ)
店家	(diàn jiā)
店面	(diàn miàn)
店铺	(diàn pù)
店钱	(diàn qián)
店堂	(diàn táng)
店小二	(diàn xiǎo èr)
店员	(diàn yuán)
店长	(diàn zhǎng)
店主	(diàn zhǔ)
垫	(diàn)
垫背	(diàn bèi)
垫被	(diàn bèi)
垫补	(diàn bu)
垫档	(diàn dàng)
垫底	(diàn dǐ)
垫底儿	(diàn dǐ r)
垫底费	(diàn dǐ fèi)
垫付	(diàn fù)
垫高	(diàn gāo)
垫肩	(diàn jiān)
垫江县	(diàn jiāng xiàn)
垫脚	(diàn jiao)
垫脚石	(diàn jiǎo shí)
垫款	(diàn kuǎn)
垫料	(diàn liào)
垫片	(diàn piàn)
垫平	(diàn píng)
垫圈	(diàn juàn)
垫褥	(diàn rù)
垫上	(diàn shàng)
垫支	(diàn zhī)
垫子	(diàn zi)
扂	(diàn)
扂楔	(diàn xiē)
惦	(diàn)
惦记	(diàn jì)
惦念	(diàn niàn)
奠	(diàn)
奠定	(diàn dìng)
奠都	(diàn dū)
奠基	(diàn jī)
奠基人	(diàn jī rén)
奠基石	(diàn jī shí)
奠基者	(diàn jī zhě)
奠济宫	(diàn jì gōng)
奠祭	(diàn jì)
奠酒	(diàn jiǔ)
奠仪	(diàn yí)
殿	(diàn)
殿后	(diàn hòu)
殿军	(diàn jūn)
殿试	(diàn shì)
殿堂	(diàn táng)
殿卫	(diàn wèi)
殿下	(diàn xià)
殿宇	(diàn yǔ)
刁	(diāo)
刁斗	(diāo dǒu)
刁妇	(diāo fù)
刁悍	(diāo hàn)
刁滑	(diāo huá)
刁蛮	(diāo mán)
刁民	(diāo mín)
刁难	(diāo nàn)
刁钻	(diāo zuān)
叼	(diāo)
叼盘	(diāo pán)
凋	(diāo)
凋敝	(diāo bì)
凋零	(diāo líng)
凋落	(diāo luò)
凋谢	(diāo xiè)
雕	(diāo)
屌	(diǎo)
屌爆	(diǎo bào)
屌毛	(diǎo máo)
屌丝	(diǎo sī)
吊	(diào)
吊膀子	(diào bàng zi)
吊车	(diào chē)
吊车尾	(diào chē wěi)
吊窗	(diào chuāng)
吊床	(diào chuáng)
吊打	(diào dǎ)
吊带	(diào dài)
吊带背心	(diào dài bèi xīn)
吊带衫	(diào dài shān)
吊裆裤	(diào dāng kù)
吊灯	(diào dēng)
吊点滴	(diào diǎn dī)
吊顶	(diào dǐng)
吊斗	(diào dǒu)
吊儿郎当	(diào r láng dāng)
吊伐	(diào fá)
吊杆	(diào gān)
吊杠	(diào gàng)
吊钩	(diào gōu)
吊古	(diào gǔ)
吊挂	(diào guà)
吊诡	(diào guǐ)
吊诡矜奇	(diào guǐ jīn qí)
吊环	(diào huán)
吊机	(diào jī)
吊祭	(diào jì)
吊颈	(diào jǐng)
吊具	(diào jù)
吊卷	(diào juàn)
吊客	(diào kè)
吊扣	(diào kòu)
吊兰	(diào lán)
吊篮	(diào lán)
吊楼	(diào lóu)
吊门	(diào mén)
吊民伐罪	(diào mín fá zuì)
吊牌	(diào pái)
吊瓶	(diào píng)
吊瓶族	(diào píng zú)
吊铺	(diào pù)
吊起	(diào qǐ)
吊桥	(diào qiáo)
吊球	(diào qiú)
吊嗓子	(diào sǎng zi)
吊丧	(diào sāng)
吊扇	(diào shàn)
吊审	(diào shěn)
吊绳	(diào shéng)
吊水	(diào shuǐ)
吊死	(diào sǐ)
吊死鬼	(diào sǐ guǐ)
吊死问疾	(diào sǐ wèn jí)
吊索	(diào suǒ)
吊塔	(diào tǎ)
吊梯	(diào tī)
吊袜带	(diào wà dài)
吊胃口	(diào wèi kǒu)
吊慰	(diào wèi)
吊文	(diào wén)
吊线	(diào xiàn)
吊销	(diào xiāo)
吊孝	(diào xiào)
吊盐水	(diào yán shuǐ)
吊唁	(diào yàn)
吊运	(diào yùn)
吊钟花	(diào zhōng huā)
吊装	(diào zhuāng)
吊坠	(diào zhuì)
吊坠缚	(diào zhuì fù)
伄	(diào)
伄儅	(diào dāng)
掉	(diào)
掉包	(diào bāo)
掉膘	(diào biāo)
掉秤	(diào chèng)
掉点儿	(diào diǎn r)
掉队	(diào duì)
掉粉	(diào fěn)
掉过	(diào guò)
掉过儿	(diào guò r)
掉换	(diào huàn)
掉价	(diào jià)
掉价儿	(diào jià r)
掉举	(diào jǔ)
掉泪	(diào lèi)
掉链子	(diào liàn zi)
掉落	(diào luò)
掉期	(diào qī)
掉漆	(diào qī)
掉球	(diào qiú)
掉色	(diào sè)
掉书袋	(diào shū dài)
掉头	(diào tóu)
掉头就走	(diào tóu jiù zǒu)
掉下	(diào xià)
掉线	(diào xiàn)
掉向	(diào xiàng)
掉以轻心	(diào yǐ qīng xīn)
掉转	(diào zhuǎn)
垤	(dié)
昳	(dié)
堞	(dié)
揲	(shé)
喋	(dié)
喋喋	(dié dié)
喋喋不休	(dié dié bù xiū)
喋血	(dié xuè)
殜	(dié)
殜殜	(dié dié)
叠	(dié)
哋	(dì)
丁	(dīng)
丁宠家庭	(dīng chǒng jiā tíng)
丁醇	(dīng chún)
丁点	(dīng diǎn)
丁鲷	(dīng diāo)
丁丁	(zhēng zhēng)
丁丁炒面	(dīng dīng chǎo miàn)
丁冬	(dīng dōng)
丁二醇	(dīng èr chún)
丁二烯	(dīng èr xī)
丁夫	(dīng fū)
丁格犬	(dīng gé quǎn)
丁骨牛排	(dīng gǔ niú pái)
丁鱥	(dīng guì)
丁基	(dīng jī)
丁艰	(dīng jiān)
丁腈手套	(dīng jīng shǒu tào)
丁腈橡胶	(dīng jīng xiàng jiāo)
丁克	(dīng kè)
丁客	(dīng kè)
丁磊	(dīng lěi)
丁零当啷	(dīng ling dāng lāng)
丁卯胡乱	(dīng mǎo hú luàn)
丁卯战争	(dīng mǎo zhàn zhēng)
丁内酯	(dīng nèi zhǐ)
丁宁	(dīng níng)
丁青县	(dīng qīng xiàn)
丁醛	(dīng quán)
丁汝昌	(dīng rǔ chāng)
丁是丁，卯是卯	(dīng shì dīng , mǎo shì mǎo)
丁烷	(dīng wán)
丁香	(dīng xiāng)
丁型肝炎	(dīng xíng gān yán)
丁忧	(dīng yōu)
丁字	(dīng zì)
丁字步	(dīng zì bù)
丁字尺	(dīng zì chǐ)
丁字镐	(dīng zì gǎo)
丁字街	(dīng zì jiē)
丁字裤	(dīng zì kù)
丁字梁	(dīng zì liáng)
亇	(gè)
仃	(dīng)
叮	(dīng)
叮当	(dīng dāng)
叮当声	(dīng dāng shēng)
叮当响	(dīng dāng xiǎng)
叮叮	(dīng dīng)
叮叮当当	(dīng dīng dāng dāng)
叮叮猫	(dīng dīng māo)
叮咚	(dīng dōng)
叮铃	(dīng líng)
叮咛	(dīng níng)
叮问	(dīng wèn)
叮咬	(dīng yǎo)
叮嘱	(dīng zhǔ)
帄	(dīng)
定	(dìng)
定安	(dìng ān)
定安县	(dìng ān xiàn)
定案	(dìng àn)
定边县	(dìng biān xiàn)
定编	(dìng biān)
定标	(dìng biāo)
定标器	(dìng biāo qì)
定舱	(dìng cāng)
定常态	(dìng cháng tài)
定场白	(dìng chǎng bái)
定场诗	(dìng chǎng shī)
定出	(dìng chū)
定存	(dìng cún)
定单	(dìng dān)
定当	(dìng dàng)
定档	(dìng dàng)
定点	(dìng diǎn)
定点茶	(dìng diǎn chá)
定点厂	(dìng diǎn chǎng)
定调	(dìng diào)
定调子	(dìng diào zi)
定鼎	(dìng dǐng)
定夺	(dìng duó)
定额	(dìng é)
定额组	(dìng é zǔ)
定分	(dìng fèn)
定风针	(dìng fēng zhēn)
定稿	(dìng gǎo)
定格	(dìng gé)
定购	(dìng gòu)
定冠词	(dìng guàn cí)
定规	(dìng guī)
定海	(dìng hǎi)
定海区	(dìng hǎi qū)
定海神针	(dìng hǎi shén zhēn)
定户	(dìng hù)
定婚	(dìng hūn)
定货	(dìng huò)
定级	(dìng jí)
定价	(dìng jià)
定见	(dìng jiàn)
定焦镜头	(dìng jiāo jìng tóu)
定结县	(dìng jié xiàn)
定界	(dìng jiè)
定界符	(dìng jiè fú)
定金	(dìng jīn)
定睛	(dìng jīng)
定居	(dìng jū)
定居点	(dìng jū diǎn)
定居者	(dìng jū zhě)
定局	(dìng jú)
定礼	(dìng lǐ)
定理	(dìng lǐ)
定力	(dìng lì)
定例	(dìng lì)
定量	(dìng liàng)
定量分析	(dìng liàng fēn xī)
定论	(dìng lùn)
定律	(dìng lǜ)
定名	(dìng míng)
定命	(dìng mìng)
定南县	(dìng nán xiàn)
定能	(dìng néng)
定盘星	(dìng pán xīng)
定票	(dìng piào)
定期	(dìng qī)
定期储蓄	(dìng qī chǔ xù)
定期存款	(dìng qī cún kuǎn)
定钱	(dìng qian)
定亲	(dìng qīn)
定情	(dìng qíng)
定然	(dìng rán)
定日县	(dìng rì xiàn)
定神	(dìng shén)
定时	(dìng shí)
定时器	(dìng shí qì)
定时摄影	(dìng shí shè yǐng)
定时信管	(dìng shí xìn guǎn)
定时炸弹	(dìng shí zhà dàn)
定时钟	(dìng shí zhōng)
定食	(dìng shí)
定式	(dìng shì)
定势	(dìng shì)
定数	(dìng shù)
定说	(dìng shuō)
定速巡航	(dìng sù xún háng)
定损	(dìng sǔn)
定陶区	(dìng táo qū)
定位	(dìng wèi)
定位球	(dìng wèi qiú)
定西市	(dìng xī shì)
定下	(dìng xià)
定弦	(dìng xián)
定襄县	(dìng xiāng xiàn)
定向	(dìng xiàng)
定向培育	(dìng xiàng péi yù)
定向越野	(dìng xiàng yuè yě)
定心丸	(dìng xīn wán)
定刑	(dìng xíng)
定型	(dìng xíng)
定型水	(dìng xíng shuǐ)
定兴县	(dìng xīng xiàn)
定性	(dìng xìng)
定性分析	(dìng xìng fēn xī)
定性理论	(dìng xìng lǐ lùn)
定谳	(dìng yàn)
定洋	(dìng yáng)
定义	(dìng yì)
定义域	(dìng yì yù)
定音	(dìng yīn)
定音鼓	(dìng yīn gǔ)
定银	(dìng yín)
定影	(dìng yǐng)
定于	(dìng yú)
定于一尊	(dìng yú yī zūn)
定语	(dìng yǔ)
定员	(dìng yuán)
定远县	(dìng yuǎn xiàn)
定约	(dìng yuē)
定阅	(dìng yuè)
定殖	(dìng zhí)
定制	(dìng zhì)
定州市	(dìng zhōu shì)
定子	(dìng zǐ)
定罪	(dìng zuì)
定作	(dìng zuò)
定座率	(dìng zuò lǜ)
定做	(dìng zuò)
啶	(dìng)
碇	(dìng)
丢	(diū)
丢包	(diū bāo)
丢丑	(diū chǒu)
丢到家	(diū dào jiā)
丢掉	(diū diào)
丢番图方程	(diū fān tú fāng chéng)
丢饭碗	(diū fàn wǎn)
丢份子	(diū fèn zi)
丢官	(diū guān)
丢魂	(diū hún)
丢开	(diū kāi)
丢盔弃甲	(diū kuī qì jiǎ)
丢脸	(diū liǎn)
丢轮扯炮	(diū lún chě pào)
丢眉丢眼	(diū méi diū yǎn)
丢眉弄色	(diū méi nòng sè)
丢面子	(diū miàn zi)
丢命	(diū mìng)
丢弃	(diū qì)
丢人	(diū rén)
丢人现眼	(diū rén xiàn yǎn)
丢三落四	(diū sān là sì)
丢失	(diū shī)
丢手	(diū shǒu)
丢乌纱帽	(diū wū shā mào)
丢下	(diū xià)
东	(dōng)
东阿县	(dōng ē xiàn)
东安区	(dōng ān qū)
东安县	(dōng ān xiàn)
东巴文化	(dōng bā wén huà)
东半球	(dōng bàn qiú)
东宝区	(dōng bǎo qū)
东北	(dōng běi)
东北大学	(dōng běi dà xué)
东北方	(dōng běi fāng)
东北虎	(dōng běi hǔ)
东北平原	(dōng běi píng yuán)
东北亚	(dōng běi yà)
东奔西跑	(dōng bēn xī pǎo)
东奔西走	(dōng bēn xī zǒu)
东边	(dōng bian)
东边儿	(dōng biān r)
东部	(dōng bù)
东部时间	(dōng bù shí jiān)
东仓鸮	(dōng cāng xiāo)
东侧	(dōng cè)
东昌府区	(dōng chāng fǔ qū)
东昌区	(dōng chāng qū)
东城区	(dōng chéng qū)
东川区	(dōng chuān qū)
东窗事发	(dōng chuāng shì fā)
东床	(dōng chuáng)
东大	(dōng dà)
东倒西歪	(dōng dǎo xī wāi)
东道	(dōng dào)
东道国	(dōng dào guó)
东道主	(dōng dào zhǔ)
东德	(dōng dé)
东帝汶	(dōng dì wèn)
东东	(dōng dōng)
东端	(dōng duān)
东躲西闪	(dōng duǒ xī shǎn)
东方	(dōng fāng)
东方阿閦佛	(dōng fāng ā chù fó)
东方白鹳	(dōng fāng bái guàn)
东方斑䳭	(dōng fāng bān jí)
东方不亮西方亮	(dōng fāng bù liàng xī fāng liàng)
东方大苇莺	(dōng fāng dà wěi yīng)
东方航空	(dōng fāng háng kōng)
东方鸻	(dōng fāng héng)
东方红	(dōng fāng hóng)
东方叽咋柳莺	(dōng fāng jī zǎ liǔ yīng)
东方马脑炎病毒	(dōng fāng mǎ nǎo yán bìng dú)
东方明珠电视塔	(dōng fāng míng zhū diàn shì tǎ)
东方明珠塔	(dōng fāng míng zhū tǎ)
东方狍	(dōng fāng páo)
东方日报	(dōng fāng rì bào)
东方三博士	(dōng fāng sān bó shì)
东方市	(dōng fāng shì)
东方寿带	(dōng fāng shòu dài)
东方文明	(dōng fāng wén míng)
东非	(dōng fēi)
东非大地堑	(dōng fēi dà dì qiàn)
东非大裂谷	(dōng fēi dà liè gǔ)
东非共同体	(dōng fēi gòng tóng tǐ)
东丰县	(dōng fēng xiàn)
东风	(dōng fēng)
东风区	(dōng fēng qū)
东风压倒西风	(dōng fēng yā dǎo xī fēng)
东港	(dōng gǎng)
东港区	(dōng gǎng qū)
东港市	(dōng gǎng shì)
东莞市	(dōng guǎn shì)
东光县	(dōng guāng xiàn)
东归	(dōng guī)
东郭	(dōng guō)
东海	(dōng hǎi)
东海岸	(dōng hǎi àn)
东海大学	(dōng hǎi dà xué)
东海舰队	(dōng hǎi jiàn duì)
东海县	(dōng hǎi xiàn)
东河区	(dōng hé qū)
东河乡	(dōng hé xiāng)
东胡	(dōng hú)
东湖区	(dōng hú qū)
东华三院	(dōng huá sān yuàn)
东加	(dōng jiā)
东家	(dōng jiā)
东家长西家短	(dōng jiā cháng xī jiā duǎn)
东江	(dōng jiāng)
东疆	(dōng jiāng)
东京	(dōng jīng)
东京大学	(dōng jīng dà xué)
东京帝国大学	(dōng jīng dì guó dà xué)
东京塔	(dōng jīng tǎ)
东京湾	(dōng jīng wān)
东经	(dōng jīng)
东君	(dōng jūn)
东拉西扯	(dōng lā xī chě)
东兰县	(dōng lán xiàn)
东丽	(dōng lì)
东丽区	(dōng lì qū)
东辽县	(dōng liáo xiàn)
东鳞西爪	(dōng lín xī zhǎo)
东罗马帝国	(dōng luó mǎ dì guó)
东盟	(dōng méng)
东密	(dōng mì)
东密德兰	(dōng mì dé lán)
东缅高原	(dōng miǎn gāo yuán)
东面	(dōng miàn)
东明县	(dōng míng xiàn)
东南	(dōng nán)
东南部	(dōng nán bù)
东南大学	(dōng nán dà xué)
东南西北	(dōng nán xī běi)
东南西北中	(dōng nán xī běi zhōng)
东南亚	(dōng nán yà)
东南亚国家联盟	(dōng nán yà guó jiā lián méng)
东南亚国协	(dōng nán yà guó xié)
东宁市	(dōng níng shì)
东欧	(dōng ōu)
东欧平原	(dōng ōu píng yuán)
东拼西凑	(dōng pīn xī còu)
东平县	(dōng píng xiàn)
东坡区	(dōng pō qū)
东坡肉	(dōng pō ròu)
东坡肘子	(dōng pō zhǒu zi)
东区	(dōng qū)
东三省	(dōng sān shěng)
东山区	(dōng shān qū)
东山县	(dōng shān xiàn)
东山再起	(dōng shān zài qǐ)
东胜区	(dōng shèng qū)
东施效颦	(dōng shī xiào pín)
东石	(dōng shí)
东石乡	(dōng shí xiāng)
东势	(dōng shì)
东势乡	(dōng shì xiāng)
东台市	(dōng tái shì)
东太平洋	(dōng tài píng yáng)
东太平洋海隆	(dōng tài píng yáng hǎi lóng)
东太平洋隆起	(dōng tài píng yáng lóng qǐ)
东讨西征	(dōng tǎo xī zhēng)
东头村	(dōng tóu cūn)
东突	(dōng tū)
东突厥斯坦	(dōng tū jué sī tǎn)
东突厥斯坦解放组织	(dōng tū jué sī tǎn jiě fàng zǔ zhī)
东突厥斯坦伊斯兰运动	(dōng tū jué sī tǎn yī sī lán yùn dòng)
东突组织	(dōng tū zǔ zhī)
东土	(dōng tǔ)
东兔西乌	(dōng tù xī wū)
东王公	(dōng wáng gōng)
东魏	(dōng wèi)
东乌珠穆沁旗	(dōng wū zhū mù qìn qí)
东吴	(dōng wú)
东吴大学	(dōng wú dà xué)
东西	(dōng xī)
东西半球	(dōng xī bàn qiú)
东西德	(dōng xī dé)
东西方	(dōng xī fāng)
东西方文化	(dōng xī fāng wén huà)
东西湖区	(dōng xī hú qū)
东西宽	(dōng xī kuān)
东西南北	(dōng xī nán běi)
东西周	(dōng xī zhōu)
东乡	(dōng xiāng)
东乡族	(dōng xiāng zú)
东乡族自治县	(dōng xiāng zú zì zhì xiàn)
东协	(dōng xié)
东兴区	(dōng xīng qū)
东兴市	(dōng xīng shì)
东亚	(dōng yà)
东亚病夫	(dōng yà bìng fū)
东亚峰会	(dōng yà fēng huì)
东亚石䳭	(dōng yà shí jí)
东亚银行	(dōng yà yín háng)
东亚运动会	(dōng yà yùn dòng huì)
东掩西遮	(dōng yǎn xī zhē)
东阳市	(dōng yáng shì)
东洋	(dōng yáng)
东洋鬼	(dōng yáng guǐ)
东洋鬼子	(dōng yáng guǐ zi)
东洋话	(dōng yáng huà)
东洋界	(dōng yáng jiè)
东摇西摆	(dōng yáo xī bǎi)
东一榔头西一棒子	(dōng yī láng tóu xī yī bàng zi)
东伊运	(dōng yī yùn)
东引	(dōng yǐn)
东引乡	(dōng yǐn xiāng)
东印度公司	(dōng yìn dù gōng sī)
东营区	(dōng yíng qū)
东营市	(dōng yíng shì)
东瀛	(dōng yíng)
东源县	(dōng yuán xiàn)
东岳	(dōng yuè)
东张西望	(dōng zhāng xī wàng)
东征	(dōng zhēng)
东征西讨	(dōng zhēng xī tǎo)
东征西怨	(dōng zhēng xī yuàn)
东正教	(dōng zhèng jiào)
东芝	(dōng zhī)
东直门	(dōng zhí mén)
东至县	(dōng zhì xiàn)
东中国海	(dōng zhōng guó hǎi)
东周	(dōng zhōu)
东洲区	(dōng zhōu qū)
东主	(dōng zhǔ)
冬	(dōng)
冬奥会	(dōng ào huì)
冬病夏治	(dōng bìng xià zhì)
冬不拉	(dōng bù lā)
冬菜	(dōng cài)
冬残奥会	(dōng cán ào huì)
冬虫夏草	(dōng chóng xià cǎo)
冬粉	(dōng fěn)
冬耕	(dōng gēng)
冬宫	(dōng gōng)
冬菇	(dōng gū)
冬瓜	(dōng guā)
冬烘	(dōng hōng)
冬季	(dōng jì)
冬令	(dōng lìng)
冬令时	(dōng lìng shí)
冬眠	(dōng mián)
冬青	(dōng qīng)
冬青树	(dōng qīng shù)
冬日	(dōng rì)
冬山	(dōng shān)
冬山乡	(dōng shān xiāng)
冬笋	(dōng sǔn)
冬天	(dōng tiān)
冬夏	(dōng xià)
冬闲	(dōng xián)
冬歇期	(dōng xiē qī)
冬衣	(dōng yī)
冬阴	(dōng yīn)
冬阴功	(dōng yīn gōng)
冬荫	(dōng yīn)
冬荫功	(dōng yīn gōng)
冬月	(dōng yuè)
冬运会	(dōng yùn huì)
冬蛰	(dōng zhé)
冬至点	(dōng zhì diǎn)
冬装	(dōng zhuāng)
冬字头	(dōng zì tóu)
咚	(dōng)
咚咚	(dōng dōng)
岽	(dōng)
懂	(dǒng)
懂得	(dǒng de)
懂哥	(dǒng gē)
懂局	(dǒng jú)
懂门儿	(dǒng mén r)
懂事	(dǒng shì)
懂行	(dǒng háng)
懂眼	(dǒng yǎn)
动	(dòng)
动L	(dòng l)
动保	(dòng bǎo)
动笔	(dòng bǐ)
动宾式	(dòng bīn shì)
动不动	(dòng bu dòng)
动不动就生气	(dòng bu dòng jiù shēng qì)
动产	(dòng chǎn)
动车	(dòng chē)
动词	(dòng cí)
动词重叠	(dòng cí chóng dié)
动粗	(dòng cū)
动弹	(dòng tan)
动弹不得	(dòng tan bu dé)
动荡	(dòng dàng)
动点	(dòng diǎn)
动肝火	(dòng gān huǒ)
动感	(dòng gǎn)
动感单车	(dòng gǎn dān chē)
动工	(dòng gōng)
动毫毛	(dòng háo máo)
动画	(dòng huà)
动画片	(dòng huà piàn)
动机	(dòng jī)
动见观瞻	(dòng jiàn guān zhān)
动静	(dòng jìng)
动觉	(dòng jué)
动口	(dòng kǒu)
动力	(dòng lì)
动力反应堆	(dòng lì fǎn yìng duī)
动力系统	(dòng lì xì tǒng)
动力学	(dòng lì xué)
动量	(dòng liàng)
动量词	(dòng liàng cí)
动乱	(dòng luàn)
动脉	(dòng mài)
动脉瘤	(dòng mài liú)
动脉硬化	(dòng mài yìng huà)
动脉粥样硬化	(dòng mài zhōu yàng yìng huà)
动漫	(dòng màn)
动名词	(dòng míng cí)
动脑	(dòng nǎo)
动脑筋	(dòng nǎo jīn)
动能	(dòng néng)
动能车	(dòng néng chē)
动怒	(dòng nù)
动平衡	(dòng píng héng)
动魄	(dòng pò)
动气	(dòng qì)
动情	(dòng qíng)
动情激素	(dòng qíng jī sù)
动情期	(dòng qíng qī)
动情素	(dòng qíng sù)
动人	(dòng rén)
动人心魄	(dòng rén xīn pò)
动容	(dòng róng)
动身	(dòng shēn)
动手	(dòng shǒu)
动手动脚	(dòng shǒu dòng jiǎo)
动手脚	(dòng shǒu jiǎo)
动手术	(dòng shǒu shù)
动态	(dòng tài)
动态存储器	(dòng tài cún chǔ qì)
动态雕塑	(dòng tài diāo sù)
动态更新	(dòng tài gēng xīn)
动态链接库	(dòng tài liàn jiē kù)
动态清零	(dòng tài qīng líng)
动态图形	(dòng tài tú xíng)
动态网页	(dòng tài wǎng yè)
动态影像	(dòng tài yǐng xiàng)
动态助词	(dòng tài zhù cí)
动听	(dòng tīng)
动图	(dòng tú)
动土	(dòng tǔ)
动问	(dòng wèn)
动卧	(dòng wò)
动武	(dòng wǔ)
动物	(dòng wù)
动物淀粉	(dòng wù diàn fěn)
动物毒素	(dòng wù dú sù)
动物分类	(dòng wù fēn lèi)
动物界	(dòng wù jiè)
动物农场	(dòng wù nóng chǎng)
动物性	(dòng wù xìng)
动物性饲料	(dòng wù xìng sì liào)
动物学	(dòng wù xué)
动物油	(dòng wù yóu)
动物园	(dòng wù yuán)
动物庄园	(dòng wù zhuāng yuán)
动线	(dòng xiàn)
动向	(dòng xiàng)
动效	(dòng xiào)
动心	(dòng xīn)
动摇	(dòng yáo)
动议	(dòng yì)
动因	(dòng yīn)
动用	(dòng yòng)
动员	(dòng yuán)
动员令	(dòng yuán lìng)
动辄	(dòng zhé)
动辄得咎	(dòng zhé dé jiù)
动真格	(dòng zhēn gé)
动植物	(dòng zhí wù)
动嘴	(dòng zuǐ)
动嘴皮	(dòng zuǐ pí)
动嘴皮儿	(dòng zuǐ pí r)
动作	(dòng zuò)
动作片	(dòng zuò piàn)
冻	(dòng)
冻穿	(dòng chuān)
冻疮	(dòng chuāng)
冻干	(dòng gān)
冻柜	(dòng guì)
冻害	(dòng hài)
冻僵	(dòng jiāng)
冻胶	(dòng jiāo)
冻结	(dòng jié)
冻龄	(dòng líng)
冻卵	(dòng luǎn)
冻品	(dòng pǐn)
冻容	(dòng róng)
冻肉	(dòng ròu)
冻伤	(dòng shāng)
冻死	(dòng sǐ)
冻土	(dòng tǔ)
冻土层	(dòng tǔ céng)
冻硬	(dòng yìng)
冻雨	(dòng yǔ)
冻原	(dòng yuán)
冻涨	(dòng zhǎng)
侗	(dòng)
侗剧	(dòng jù)
侗人	(dòng rén)
侗族	(dòng zú)
垌	(dòng)
栋	(dòng)
栋梁	(dòng liáng)
峒	(tóng)
峒剧	(dòng jù)
峒人	(dòng rén)
峒室	(dòng shì)
恫	(dòng)
恫吓	(dòng hè)
崠	(dōng)
働	(xx)
兜	(dōu)
兜捕	(dōu bǔ)
兜抄	(dōu chāo)
兜底	(dōu dǐ)
兜兜	(dōu dou)
兜兜转转	(dōu dōu zhuàn zhuàn)
兜肚	(dōu du)
兜儿	(dōu r)
兜翻	(dōu fān)
兜风	(dōu fēng)
兜揽	(dōu lǎn)
兜卖	(dōu mài)
兜帽	(dōu mào)
兜鍪	(dōu móu)
兜圈子	(dōu quān zi)
兜售	(dōu shòu)
兜头	(dōu tóu)
唞	(dǒu)
抖	(dǒu)
抖M	(dǒu m)
抖动	(dǒu dòng)
抖搂	(dǒu lou)
抖落	(dǒu luò)
抖内	(dǒu nèi)
抖瑟	(dǒu sè)
抖擞	(dǒu sǒu)
抖擞精神	(dǒu sǒu jīng shén)
抖缩	(dǒu suō)
抖音	(dǒu yīn)
枓	(dǒu)
枓拱	(dǒu gǒng)
枓栱	(dǒu gǒng)
斗	(dǒu)
斗柄	(dǒu bǐng)
斗车	(dǒu chē)
斗大	(dǒu dà)
斗胆	(dǒu dǎn)
斗拱	(dǒu gǒng)
斗酒只鸡	(dǒu jiǔ zhī jī)
斗笠	(dǒu lì)
斗六	(dǒu liù)
斗六市	(dǒu liù shì)
斗门区	(dǒu mén qū)
斗南	(dǒu nán)
斗南镇	(dǒu nán zhèn)
斗内	(dǒu nèi)
斗牛	(dǒu niú)
斗篷	(dǒu peng)
斗筲	(dǒu shāo)
斗筲之材	(dǒu shāo zhī cái)
斗筲之器	(dǒu shāo zhī qì)
斗筲之人	(dǒu shāo zhī rén)
斗室	(dǒu shì)
斗转星移	(dǒu zhuǎn xīng yí)
厾	(dū)
嘟	(dū)
嘟嘟车	(dū dū chē)
嘟嘟哝哝	(dū dū nóng nóng)
嘟噜	(dū lu)
嘟囔	(dū nang)
嘟哝	(dū nong)
嘟嘴	(dū zuǐ)
毒	(dú)
毒参	(dú shēn)
毒虫	(dú chóng)
毒刺	(dú cì)
毒打	(dú dǎ)
毒颚	(dú è)
毒贩	(dú fàn)
毒害	(dú hài)
毒化	(dú huà)
毒鸡汤	(dú jī tāng)
毒剂	(dú jì)
毒剂弹	(dú jì dàn)
毒驾	(dú jià)
毒辣	(dú là)
毒理学	(dú lǐ xué)
毒力	(dú lì)
毒瘤	(dú liú)
毒奶	(dú nǎi)
毒奶粉	(dú nǎi fěn)
毒品	(dú pǐn)
毒气	(dú qì)
毒气弹	(dú qì dàn)
毒杀	(dú shā)
毒舌	(dú shé)
毒蛇	(dú shé)
毒手	(dú shǒu)
毒素	(dú sù)
毒肽	(dú tài)
毒瓦斯	(dú wǎ sī)
毒唯	(dú wéi)
毒物	(dú wù)
毒腺	(dú xiàn)
毒枭	(dú xiāo)
毒刑	(dú xíng)
毒性	(dú xìng)
毒蕈	(dú xùn)
毒牙	(dú yá)
毒药	(dú yào)
毒液	(dú yè)
毒瘾	(dú yǐn)
毒蝇伞	(dú yíng sǎn)
毒莠定	(dú yǒu dìng)
毒爪	(dú zhuǎ)
毒株	(dú zhū)
毒资	(dú zī)
椟	(dú)
㱩	(dú)
匵	(dú)
凟	(dú)
堵	(dǔ)
堵车	(dǔ chē)
堵床上	(dǔ chuáng shàng)
堵击	(dǔ jī)
堵截	(dǔ jié)
堵塞	(dǔ sè)
堵塞费	(dǔ sè fèi)
堵死	(dǔ sǐ)
堵住	(dǔ zhù)
杜	(dù)
杜拜	(dù bài)
杜邦	(dù bāng)
杜本内	(dù běn nèi)
杜比	(dù bǐ)
杜宾犬	(dù bīn quǎn)
杜布罗夫尼克	(dù bù luó fū ní kè)
杜笃玛	(dù dǔ mǎ)
杜尔伯特蒙古族自治县	(dù ěr bó tè měng gǔ zú zì zhì xiàn)
杜甫	(dù fǔ)
杜甫草堂	(dù fǔ cǎo táng)
杜哈	(dù hā)
杜衡	(dù héng)
杜蘅	(dù héng)
杜集区	(dù jí qū)
杜嘉班纳	(dù jiā bān nà)
杜渐防萌	(dù jiān fáng méng)
杜鹃	(dù juān)
杜鹃花	(dù juān huā)
杜鹃花科	(dù juān huā kē)
杜鹃科	(dù juān kē)
杜鹃鸟	(dù juān niǎo)
杜鹃啼血	(dù juān tí xuè)
杜鹃座	(dù juān zuò)
杜绝	(dù jué)
杜康	(dù kāng)
杜口	(dù kǒu)
杜口裹足	(dù kǒu guǒ zú)
杜蕾斯	(dù lěi sī)
杜冷丁	(dù lěng dīng)
杜梨	(dù lí)
杜马	(dù mǎ)
杜门	(dù mén)
杜门不出	(dù mén bù chū)
杜牧	(dù mù)
杜琪峰	(dù qí fēng)
杜塞	(dù sè)
杜塞道夫	(dù sè dào fū)
杜塞尔多夫	(dù sài ěr duō fū)
杜莎夫人	(dù shā fū ren)
杜尚别	(dù shàng bié)
杜氏腺	(dù shì xiàn)
杜氏腺体	(dù shì xiàn tǐ)
杜松子	(dù sōng zǐ)
杜松子酒	(dù sōng zǐ jiǔ)
杜瓦利埃	(dù wǎ lì āi)
杜威	(dù wēi)
杜兴氏肌肉营养不良症	(dù xīng shì jī ròu yíng yǎng bù liáng zhèng)
杜荀鹤	(dù xún hè)
杜伊斯堡	(dù yī sī bǎo)
杜宇	(dù yǔ)
杜月笙	(dù yuè shēng)
杜仲	(dù zhòng)
杜撰	(dù zhuàn)
妒	(dù)
妒嫉	(dù jí)
妒忌	(dù jì)
妒能害贤	(dù néng hài xián)
度	(dù)
度牒	(dù dié)
度估	(dù gū)
度姑	(dù gū)
度过	(dù guò)
度假	(dù jià)
度假村	(dù jià cūn)
度假区	(dù jià qū)
度量	(dù liàng)
度量衡	(dù liàng héng)
度娘	(dù niáng)
度日	(dù rì)
度日如年	(dù rì rú nián)
度数	(dù shu)
度外	(dù wài)
段	(duàn)
段错误	(duàn cuò wù)
段落	(duàn luò)
段祺瑞	(duàn qí ruì)
段荃法	(duàn quán fǎ)
段氏	(duàn shì)
段数	(duàn shù)
段位	(duàn wèi)
段玉裁	(duàn yù cái)
段子	(duàn zi)
段子手	(duàn zi shǒu)
断	(duàn)
断案	(duàn àn)
断背	(duàn bèi)
断壁残垣	(duàn bì cán yuán)
断壁颓垣	(duàn bì tuí yuán)
断层	(duàn céng)
断层成像	(duàn céng chéng xiàng)
断层扫描	(duàn céng sǎo miáo)
断层摄影	(duàn céng shè yǐng)
断层线	(duàn céng xiàn)
断肠	(duàn cháng)
断代	(duàn dài)
断档	(duàn dàng)
断点	(duàn diǎn)
断电	(duàn diàn)
断定	(duàn dìng)
断断续续	(duàn duàn xù xù)
断顿	(duàn dùn)
断港绝潢	(duàn gǎng jué huáng)
断供	(duàn gōng)
断乎	(duàn hū)
断魂椒	(duàn hún jiāo)
断货	(duàn huò)
断交	(duàn jiāo)
断句	(duàn jù)
断绝	(duàn jué)
断开	(duàn kāi)
断粮	(duàn liáng)
断裂	(duàn liè)
断裂带	(duàn liè dài)
断裂模数	(duàn liè mó shù)
断裂强度	(duàn liè qiáng dù)
断流	(duàn liú)
断路器	(duàn lù qì)
断码	(duàn mǎ)
断灭	(duàn miè)
断灭论	(duàn miè lùn)
断奶	(duàn nǎi)
断片	(duàn piàn)
断片儿	(duàn piàn r)
断气	(duàn qì)
断桥	(duàn qiáo)
断球	(duàn qiú)
断然	(duàn rán)
断乳	(duàn rǔ)
断舍离	(duàn shě lí)
断生	(duàn shēng)
断食	(duàn shí)
断送	(duàn sòng)
断头路	(duàn tóu lù)
断头台	(duàn tóu tái)
断腿	(duàn tuǐ)
断瓦残垣	(duàn wǎ cán yuán)
断网	(duàn wǎng)
断尾	(duàn wěi)
断弦	(duàn xián)
断线	(duàn xiàn)
断线风筝	(duàn xiàn fēng zhēng)
断线钳	(duàn xiàn qián)
断想	(duàn xiǎng)
断行	(duàn xíng)
断袖	(duàn xiù)
断袖之癖	(duàn xiù zhī pǐ)
断续	(duàn xù)
断崖	(duàn yá)
断崖式	(duàn yá shì)
断言	(duàn yán)
断语	(duàn yǔ)
断狱	(duàn yù)
断垣残壁	(duàn yuán cán bì)
断章取义	(duàn zhāng qǔ yì)
断肢	(duàn zhī)
断子绝孙	(duàn zǐ jué sūn)
塅	(duàn)
椴	(duàn)
毈	(duàn)
垖	(duī)
堆	(duī)
堆案盈几	(duī àn yíng jī)
堆叠	(duī dié)
堆堆帽	(duī duī mào)
堆放	(duī fàng)
堆肥	(duī féi)
堆高车	(duī gāo chē)
堆高机	(duī gāo jī)
堆积	(duī jī)
堆积木	(duī jī mù)
堆积如山	(duī jī rú shān)
堆金积玉	(duī jīn jī yù)
堆垒	(duī lěi)
堆垒数论	(duī lěi shù lùn)
堆龙德庆区	(duī lóng dé qìng qū)
堆满	(duī mǎn)
堆砌	(duī qì)
堆芯	(duī xīn)
堆栈	(duī zhàn)
塠	(duī)
㨃	(duǐ)
对	(duì)
对氨基苯丙酮	(duì ān jī běn bǐng tóng)
对岸	(duì àn)
对案	(duì àn)
对白	(duì bái)
对版	(duì bǎn)
对半	(duì bàn)
对杯	(duì bēi)
对本	(duì běn)
对苯醌	(duì běn kūn)
对比	(duì bǐ)
对比度	(duì bǐ dù)
对比联想	(duì bǐ lián xiǎng)
对比色	(duì bǐ sè)
对比温度	(duì bǐ wēn dù)
对标	(duì biāo)
对表	(duì biǎo)
对不对	(duì bù duì)
对不起	(duì bu qǐ)
对不上	(duì bù shàng)
对不住	(duì bu zhù)
对簿	(duì bù)
对簿公堂	(duì bù gōng táng)
对策	(duì cè)
对茬儿	(duì chá r)
对唱	(duì chàng)
对衬	(duì chèn)
对称	(duì chèn)
对称空间	(duì chèn kōng jiān)
对称美	(duì chèn měi)
对称破缺	(duì chèn pò quē)
对称性	(duì chèn xìng)
对称轴	(duì chèn zhóu)
对冲	(duì chōng)
对冲基金	(duì chōng jī jīn)
对词	(duì cí)
对刺	(duì cì)
对答	(duì dá)
对答如流	(duì dá rú liú)
对打	(duì dǎ)
对待	(duì dài)
对得起	(duì de qǐ)
对地	(duì dì)
对等	(duì děng)
对敌	(duì dí)
对调	(duì diào)
对顶角	(duì dǐng jiǎo)
对赌	(duì dǔ)
对对碰	(duì duì pèng)
对对子	(duì duì zi)
对方	(duì fāng)
对方付费电话	(duì fāng fù fèi diàn huà)
对方付款电话	(duì fāng fù kuǎn diàn huà)
对付	(duì fu)
对歌	(duì gē)
对工	(duì gōng)
对工儿	(duì gōng r)
对攻	(duì gōng)
对过	(duì guò)
对号	(duì hào)
对号入座	(duì hào rù zuò)
对号座	(duì hào zuò)
对合	(duì hé)
对华	(duì huá)
对话	(duì huà)
对话课	(duì huà kè)
对话框	(duì huà kuàng)
对换	(duì huàn)
对火	(duì huǒ)
对家	(duì jiā)
对价	(duì jià)
对讲电话	(duì jiǎng diàn huà)
对讲机	(duì jiǎng jī)
对焦	(duì jiāo)
对角	(duì jiǎo)
对角线	(duì jiǎo xiàn)
对接	(duì jiē)
对襟	(duì jīn)
对劲	(duì jìn)
对劲儿	(duì jìn r)
对酒当歌	(duì jiǔ dāng gē)
对局	(duì jú)
对句	(duì jù)
对决	(duì jué)
对开	(duì kāi)
对抗	(duì kàng)
对抗赛	(duì kàng sài)
对抗性	(duì kàng xìng)
对抗者	(duì kàng zhě)
对课	(duì kè)
对空火器	(duì kōng huǒ qì)
对空射击	(duì kōng shè jī)
对口	(duì kǒu)
对口词	(duì kǒu cí)
对口径	(duì kǒu jìng)
对口相声	(duì kǒu xiàng shēng)
对口型	(duì kǒu xíng)
对了	(duì le)
对垒	(duì lěi)
对立	(duì lì)
对立面	(duì lì miàn)
对联	(duì lián)
对流	(duì liú)
对流层	(duì liú céng)
对流层顶	(duì liú céng dǐng)
对路	(duì lù)
对马	(duì mǎ)
对马岛	(duì mǎ dǎo)
对马海峡	(duì mǎ hǎi xiá)
对骂	(duì mà)
对美	(duì měi)
对门	(duì mén)
对面	(duì miàn)
对内	(duì nèi)
对牛弹琴	(duì niú tán qín)
对偶	(duì ǒu)
对偶多面体	(duì ǒu duō miàn tǐ)
对偶性	(duì ǒu xìng)
对齐	(duì qí)
对羟基苯甲酸酯	(duì qiǎng jī běn jiǎ suān zhǐ)
对亲	(duì qīn)
对日	(duì rì)
对上	(duì shàng)
对生	(duì shēng)
对世权	(duì shì quán)
对事不对人	(duì shì bù duì rén)
对视	(duì shì)
对手	(duì shǒu)
对数	(duì shù)
对数函数	(duì shù hán shù)
对谈	(duì tán)
对头	(duì tóu)
对外	(duì wài)
对外关系	(duì wài guān xì)
对外经济贸易大学	(duì wài jīng jì mào yì dà xué)
对外联络部	(duì wài lián luò bù)
对外贸易	(duì wài mào yì)
对外政策	(duì wài zhèng cè)
对望	(duì wàng)
对位	(duì wèi)
对味儿	(duì wèi r)
对胃口	(duì wèi kǒu)
对我来说	(duì wǒ lái shuō)
对虾	(duì xiā)
对虾科	(duì xiā kē)
对象	(duì xiàng)
对消	(duì xiāo)
对心	(duì xīn)
对心儿	(duì xīn r)
对眼	(duì yǎn)
对幺	(duì yāo)
对乙酰氨基酚	(duì yǐ xiān ān jī fēn)
对弈	(duì yì)
对应	(duì yìng)
对应词	(duì yìng cí)
对映	(duì yìng)
对映体	(duì yìng tǐ)
对映异构	(duì yìng yì gòu)
对映异构体	(duì yìng yì gòu tǐ)
对于	(duì yú)
对战	(duì zhàn)
对仗	(duì zhàng)
对帐	(duì zhàng)
对账	(duì zhàng)
对照	(duì zhào)
对照表	(duì zhào biǎo)
对照组	(duì zhào zǔ)
对折	(duì zhé)
对着干	(duì zhe gàn)
对着和尚骂贼秃	(duì zhe hé shang mà zéi tū)
对阵	(duì zhèn)
对证	(duì zhèng)
对症	(duì zhèng)
对症下药	(duì zhèng xià yào)
对跖点	(duì zhí diǎn)
对质	(duì zhì)
对峙	(duì zhì)
对撞	(duì zhuàng)
对撞机	(duì zhuàng jī)
对准	(duì zhǔn)
对酌	(duì zhuó)
对子	(duì zi)
对嘴	(duì zuǐ)
对坐	(duì zuò)
兑	(duì)
兑付	(duì fù)
兑换	(duì huàn)
兑换率	(duì huàn lǜ)
兑奖	(duì jiǎng)
兑现	(duì xiàn)
怼	(duǐ)
憝	(duì)
吨	(dūn)
吨公里	(dūn gōng lǐ)
吨级	(dūn jí)
吨数	(dūn shù)
吨位	(dūn wèi)
惇	(dūn)
敦	(dūn)
敦促	(dūn cù)
敦豪	(dūn háo)
敦厚	(dūn hòu)
敦化市	(dūn huà shì)
敦煌石窟	(dūn huáng shí kū)
敦煌市	(dūn huáng shì)
敦刻尔克	(dūn kè ěr kè)
敦伦	(dūn lún)
敦睦	(dūn mù)
墩	(dūn)
墩布	(dūn bù)
墩子	(dūn zi)
壿	(cún)
囤	(tún)
囤货	(tún huò)
囤积	(tún jī)
囤积居奇	(tún jī jū qí)
楯	(shǔn)
多	(duō)
多巴胺	(duō bā àn)
多半	(duō bàn)
多瓣蒜	(duō bàn suàn)
多胞形	(duō bāo xíng)
多宝鱼	(duō bǎo yú)
多报	(duō bào)
多倍体	(duō bèi tǐ)
多边	(duō biān)
多边形	(duō biān xíng)
多边主义	(duō biān zhǔ yì)
多变	(duō biàn)
多才	(duō cái)
多才多艺	(duō cái duō yì)
多采	(duō cǎi)
多彩	(duō cǎi)
多彩多姿	(duō cǎi duō zī)
多侧面	(duō cè miàn)
多层	(duō céng)
多层材	(duō céng cái)
多层大厦	(duō céng dà shà)
多产	(duō chǎn)
多吃多占	(duō chī duō zhàn)
多愁多病	(duō chóu duō bìng)
多愁善感	(duō chóu shàn gǎn)
多舛	(duō chuǎn)
多此一举	(duō cǐ yī jǔ)
多次	(duō cì)
多达	(duō dá)
多大	(duō dà)
多大点事	(duō dà diǎn shì)
多党	(duō dǎng)
多党选举	(duō dǎng xuǎn jǔ)
多党制	(duō dǎng zhì)
多得是	(duō de shì)
多点触控	(duō diǎn chù kòng)
多动症	(duō dòng zhèng)
多端	(duō duān)
多多	(duō duō)
多多马	(duō duō mǎ)
多多少少	(duō duō shǎo shǎo)
多多益善	(duō duō yì shàn)
多尔	(duō ěr)
多发病	(duō fā bìng)
多发性骨髓瘤	(duō fā xìng gǔ suǐ liú)
多发性硬化症	(duō fā xìng yìng huà zhèng)
多方	(duō fāng)
多方面	(duō fāng miàn)
多方位	(duō fāng wèi)
多放	(duō fàng)
多菲什	(duō fēi shí)
多芬	(duō fēn)
多佛	(duō fó)
多佛尔	(duō fó ěr)
多哥	(duō gē)
多个	(duō ge)
多个朋友多条路	(duō gè péng yǒu duō tiáo lù)
多工	(duō gōng)
多工化	(duō gōng huà)
多工器	(duō gōng qì)
多工运作	(duō gōng yùn zuò)
多工作业	(duō gōng zuò yè)
多功能	(duō gōng néng)
多功能表	(duō gōng néng biǎo)
多寡	(duō guǎ)
多管闲事	(duō guǎn xián shì)
多国	(duō guó)
多国公司	(duō guó gōng sī)
多哈	(duō hā)
多哈回合	(duō hā huí hé)
多铧犁	(duō huá lí)
多吉币	(duō jí bì)
多极化	(duō jí huà)
多角体	(duō jiǎo tǐ)
多角形	(duō jiǎo xíng)
多金	(duō jīn)
多晶	(duō jīng)
多晶硅	(duō jīng guī)
多晶片模组	(duō jīng piàn mó zǔ)
多久	(duō jiǔ)
多看几眼	(duō kàn jǐ yǎn)
多孔	(duō kǒng)
多孔动物	(duō kǒng dòng wù)
多孔动物门	(duō kǒng dòng wù mén)
多孔性	(duō kǒng xìng)
多亏	(duō kuī)
多劳多得	(duō láo duō dé)
多了去了	(duō le qù le)
多累	(duō lèi)
多礼	(duō lǐ)
多力多滋	(duō lì duō zī)
多利	(duō lì)
多粒子	(duō lì zǐ)
多伦多	(duō lún duō)
多伦县	(duō lún xiàn)
多轮	(duō lún)
多虑	(duō lǜ)
多氯联苯	(duō lǜ lián běn)
多么	(duō me)
多媒体	(duō méi tǐ)
多米尼加	(duō mǐ ní jiā)
多米尼加共和国	(duō mǐ ní jiā gòng hé guó)
多米尼克	(duō mǐ ní kè)
多米尼克国	(duō mǐ ní kè guó)
多米诺	(duō mǐ nuò)
多米诺骨牌	(duō mǐ nuò gǔ pái)
多面角	(duō miàn jiǎo)
多面手	(duō miàn shǒu)
多面体	(duō miàn tǐ)
多民族	(duō mín zú)
多民族国家	(duō mín zú guó jiā)
多明尼加	(duō míng ní jiā)
多明尼加共和国	(duō míng ní jiā gòng hé guó)
多模	(duō mó)
多模光纤	(duō mó guāng xiān)
多模块	(duō mó kuài)
多谋善断	(duō móu shàn duàn)
多目的	(duō mù dì)
多幕剧	(duō mù jù)
多拿滋	(duō ná zī)
多那太罗	(duō nǎ tài luó)
多难兴邦	(duō nàn xīng bāng)
多囊卵巢综合症	(duō náng luǎn cháo zōng hé zhèng)
多瑙	(duō nǎo)
多瑙河	(duō nǎo hé)
多年	(duō nián)
多年来	(duō nián lái)
多年生	(duō nián shēng)
多平台	(duō píng tái)
多普达	(duō pǔ dá)
多普勒	(duō pǔ lè)
多普勒效应	(duō pǔ lè xiào yìng)
多妻制	(duō qī zhì)
多钱善贾	(duō qián shàn gǔ)
多情	(duō qíng)
多任务处理	(duō rèn wu chǔ lǐ)
多日赛	(duō rì sài)
多肉	(duō ròu)
多肉植物	(duō ròu zhí wù)
多如牛毛	(duō rú niú máo)
多山	(duō shān)
多少	(duō shao)
多少有些	(duō shǎo yǒu xiē)
多神教	(duō shén jiào)
多神论	(duō shén lùn)
多神论者	(duō shén lùn zhě)
多时	(duō shí)
多士	(duō shì)
多事	(duō shì)
多事之秋	(duō shì zhī qiū)
多手多脚	(duō shǒu duō jiǎo)
多束	(duō shù)
多数	(duō shù)
多数党	(duō shù dǎng)
多数决	(duō shù jué)
多水分	(duō shuǐ fèn)
多胎妊娠	(duō tāi rèn shēn)
多态	(duō tài)
多肽	(duō tài)
多糖	(duō táng)
多醣	(duō táng)
多特蒙德	(duō tè méng dé)
多头	(duō tóu)
多头市场	(duō tóu shì chǎng)
多退少补	(duō tuì shǎo bǔ)
多维	(duō wéi)
多闻天	(duō wén tiān)
多细胞	(duō xì bāo)
多细胞生物	(duō xì bāo shēng wù)
多线染色体	(duō xiàn rǎn sè tǐ)
多香果	(duō xiāng guǒ)
多项式	(duō xiàng shì)
多项式方程	(duō xiàng shì fāng chéng)
多项式方程组	(duō xiàng shì fāng chéng zǔ)
多谢	(duō xiè)
多心	(duō xīn)
多星	(duō xīng)
多行不义必自毙	(duō xíng bù yì bì zì bì)
多形核白细胞	(duō xíng hé bái xì bāo)
多型	(duō xíng)
多选题	(duō xuǎn tí)
多学科	(duō xué kē)
多言	(duō yán)
多样	(duō yàng)
多样化	(duō yàng huà)
多样性	(duō yàng xìng)
多叶	(duō yè)
多一事不如少一事	(duō yī shì bù rú shǎo yī shì)
多伊尔	(duō yī ěr)
多疑	(duō yí)
多义	(duō yì)
多义词	(duō yì cí)
多义性	(duō yì xìng)
多益	(duō yì)
多音	(duō yīn)
多音多义字	(duō yīn duō yì zì)
多音节词	(duō yīn jié cí)
多音字	(duō yīn zì)
多用	(duō yòng)
多用表	(duō yòng biǎo)
多用户	(duō yòng hù)
多用途	(duō yòng tú)
多于	(duō yú)
多余	(duō yú)
多语言	(duō yǔ yán)
多育	(duō yù)
多元	(duō yuán)
多元不饱和脂肪酸	(duō yuán bù bǎo hé zhī fáng suān)
多元化	(duō yuán huà)
多元论	(duō yuán lùn)
多元文化主义	(duō yuán wén huà zhǔ yì)
多元性	(duō yuán xìng)
多元宇宙	(duō yuán yǔ zhòu)
多元酯	(duō yuán zhǐ)
多云	(duō yún)
多灾多难	(duō zāi duō nàn)
多栽花少栽刺	(duō zāi huā shǎo zāi cì)
多咱	(duō zan)
多早晚	(duō zǎo wǎn)
多站	(duō zhàn)
多站地址	(duō zhàn dì zhǐ)
多汁	(duō zhī)
多值	(duō zhí)
多值函数	(duō zhí hán shù)
多种	(duō zhǒng)
多种多样	(duō zhǒng duō yàng)
多种维生素	(duō zhǒng wéi shēng sù)
多重	(duō chóng)
多重国籍	(duō chóng guó jí)
多重结局	(duō chóng jié jú)
多重性	(duō chóng xìng)
多助	(duō zhù)
多姿	(duō zī)
多姿多彩	(duō zī duō cǎi)
多子多福	(duō zǐ duō fú)
多字节	(duō zì jié)
多足动物	(duō zú dòng wù)
多足类	(duō zú lèi)
多嘴	(duō zuǐ)
多嘴多舌	(duō zuǐ duō shé)
咄	(duō)
咄咄	(duō duō)
咄咄逼人	(duō duō bī rén)
咄咄称奇	(duō duō chēng qí)
咄咄怪事	(duō duō guài shì)
哆	(duō)
哆啦A梦	(duō lā a mèng)
哆啰美远	(duō luō měi yuǎn)
哆啰美远族	(duō luō měi yuǎn zú)
哆嗦	(duō suo)
剟	(duō)
掇	(duō)
掇刀区	(duō dāo qū)
掇臀捧屁	(duō tún pěng pì)
敪	(duó)
嚉	(duō)
夺	(duó)
夺标	(duó biāo)
夺得	(duó dé)
夺冠	(duó guàn)
夺回	(duó huí)
夺金	(duó jīn)
夺魁	(duó kuí)
夺门而出	(duó mén ér chū)
夺目	(duó mù)
夺偶	(duó ǒu)
夺取	(duó qǔ)
夺权	(duó quán)
夺舍	(duó shè)
夺走	(duó zǒu)
敚	(duó)
喥	(dù)
朵	(duǒ)
朵颐	(duǒ yí)
垛	(duǒ)
垛口	(duǒ kǒu)
哚	(duǒ)
埵	(duǒ)
亸	(duǒ)
剁	(duò)
剁椒	(duò jiāo)
剁手党	(duò shǒu dǎng)
剁手节	(duò shǒu jié)
剁碎	(duò suì)
刴	(duò)
柮	(duò)
堕	(duò)
堕楼	(duò lóu)
堕落	(duò luò)
堕胎	(duò tāi)
堕云雾中	(duò yún wù zhōng)
惰	(duò)
惰性	(duò xìng)
惰性气体	(duò xìng qì tǐ)
媠	(duò)
嶞	(duò)
妸	(ē)
屙	(ē)
屙尿	(ē niào)
屙屎	(ē shǐ)
婀	(ē)
婀娜	(ē nuó)
吪	(é)
囮	(é)
俄	(é)
俄巴底亚书	(é bā dǐ yà shū)
俄备得	(é bèi dé)
俄狄浦斯	(é dí pǔ sī)
俄狄浦斯期	(é dí pǔ sī qī)
俄狄浦斯情结	(é dí pǔ sī qíng jié)
俄而	(é ér)
俄国	(é guó)
俄国人	(é guó rén)
俄亥俄	(é hài é)
俄亥俄州	(é hài é zhōu)
俄军	(é jūn)
俄克拉何马	(é kè lā hé mǎ)
俄克拉何马城	(é kè lā hé mǎ chéng)
俄克拉荷马	(é kè lā hé mǎ)
俄勒冈	(é lè gāng)
俄勒冈州	(é lè gāng zhōu)
俄联邦	(é lián bāng)
俄罗斯	(é luó sī)
俄罗斯帝国	(é luó sī dì guó)
俄罗斯方块	(é luó sī fāng kuài)
俄罗斯联邦	(é luó sī lián bāng)
俄罗斯轮盘	(é luó sī lún pán)
俄罗斯人	(é luó sī rén)
俄罗斯族	(é luó sī zú)
俄期	(é qī)
俄顷	(é qǐng)
俄塔社	(é tǎ shè)
俄文	(é wén)
俄乌	(é wū)
俄语	(é yǔ)
俄中	(é zhōng)
俄中朝	(é zhōng cháo)
峨	(é)
峨边彝族自治县	(é biān yí zú zì zhì xiàn)
峨冠博带	(é guān bó dài)
峨眉柳莺	(é méi liǔ yīng)
峨眉山	(é méi shān)
峨眉山市	(é méi shān shì)
峨眉乡	(é méi xiāng)
峨嵋	(é méi)
峨嵋拳	(é méi quán)
峨嵋山	(é méi shān)
峨嵋鹟莺	(é méi wēng yīng)
峨山彝族自治县	(é shān yí zú zì zhì xiàn)
娥	(é)
娥眉	(é méi)
鹅	(é)
䖸	(é)
䳗	(é)
枙	(è)
厄	(è)
厄尔布鲁士	(è ěr bù lǔ shì)
厄尔尼诺	(è ěr ní nuò)
厄尔尼诺现象	(è ěr ní nuò xiàn xiàng)
厄瓜多	(è guā duō)
厄瓜多尔	(è guā duō ěr)
厄境	(è jìng)
厄勒布鲁	(è lè bù lǔ)
厄勒海峡	(è lè hǎi xiá)
厄立特里亚	(è lì tè lǐ yà)
厄利垂亚	(è lì chuí yà)
厄洛斯	(è luò sī)
厄什塔	(è shén tǎ)
厄娃	(è wá)
厄运	(è yùn)
歺	(dǎi)
扼	(è)
扼喉抚背	(è hóu fǔ bèi)
扼襟控咽	(è jīn kòng yān)
扼颈	(è jǐng)
扼杀	(è shā)
扼守	(è shǒu)
扼死	(è sǐ)
扼腕	(è wàn)
扼要	(è yào)
扼制	(è zhì)
呃	(è)
呃逆	(è nì)
呝	(è)
垩	(è)
咢	(è)
姶	(è)
恶	(è)
恶霸	(è bà)
恶报	(è bào)
恶病质	(è bìng zhì)
恶补	(è bǔ)
恶叉白赖	(è chā bái lài)
恶臭	(è chòu)
恶创	(è chuāng)
恶德	(è dé)
恶斗	(è dòu)
恶毒	(è dú)
恶恶实实	(è è shí shí)
恶妇	(è fù)
恶感	(è gǎn)
恶搞	(è gǎo)
恶搞文化	(è gǎo wén huà)
恶贯满盈	(è guàn mǎn yíng)
恶鬼	(è guǐ)
恶棍	(è gùn)
恶果	(è guǒ)
恶汉	(è hàn)
恶狠	(è hěn)
恶狠狠	(è hěn hěn)
恶恨	(wù hèn)
恶化	(è huà)
恶疾	(è jí)
恶迹	(è jì)
恶口	(è kǒu)
恶辣	(è là)
恶浪	(è làng)
恶劣	(è liè)
恶露	(è lù)
恶骂	(è mà)
恶梦	(è mèng)
恶名	(è míng)
恶名儿	(è míng r)
恶名昭彰	(è míng zhāo zhāng)
恶名昭著	(è míng zhāo zhù)
恶魔	(è mó)
恶魔城	(è mó chéng)
恶癖	(è pǐ)
恶气	(è qì)
恶人	(è rén)
恶人先告状	(è rén xiān gào zhuàng)
恶煞	(è shà)
恶少	(è shào)
恶舌	(è shé)
恶神	(è shén)
恶声	(è shēng)
恶势力	(è shì lì)
恶事	(è shì)
恶事传千里	(è shì chuán qiān lǐ)
恶誓	(è shì)
恶水	(è shuǐ)
恶俗	(è sú)
恶岁	(è suì)
恶损	(è sǔn)
恶徒	(è tú)
恶习	(è xí)
恶相	(è xiàng)
恶心	(è xīn)
恶行	(è xíng)
恶性	(è xìng)
恶性瘤	(è xìng liú)
恶性疟原虫	(è xìng nüè yuán chóng)
恶性通货膨胀	(è xìng tōng huò péng zhàng)
恶性循环	(è xìng xún huán)
恶性肿瘤	(è xìng zhǒng liú)
恶性转移	(è xìng zhuǎn yí)
恶凶凶	(è xiōng xiōng)
恶言	(è yán)
恶言伤人	(è yán shāng rén)
恶意	(è yì)
恶意代码	(è yì dài mǎ)
恶意软件	(è yì ruǎn jiàn)
恶意中伤	(è yì zhòng shāng)
恶有恶报	(è yǒu è bào)
恶语	(è yǔ)
恶语伤人	(è yǔ shāng rén)
恶语中伤	(è yǔ zhòng shāng)
恶运	(è yùn)
恶战	(è zhàn)
恶仗	(è zhàng)
恶整	(è zhěng)
恶浊	(è zhuó)
恶作剧	(è zuò jù)
恶唑啉	(è zuò lín)
恶唑啉酮	(è zuò lín tóng)
堮	(è)
崿	(è)
愕	(è)
愕然	(è rán)
噩	(è)
噩耗	(è hào)
噩梦	(è mèng)
噩运	(è yùn)
恩	(ēn)
恩爱	(ēn ài)
恩比天大	(ēn bǐ tiān dà)
恩宠	(ēn chǒng)
恩仇	(ēn chóu)
恩慈	(ēn cí)
恩赐	(ēn cì)
恩德	(ēn dé)
恩典	(ēn diǎn)
恩断义绝	(ēn duàn yì jué)
恩俸	(ēn fèng)
恩膏	(ēn gāo)
恩格尔	(ēn gé ěr)
恩格斯	(ēn gé sī)
恩公	(ēn gōng)
恩惠	(ēn huì)
恩贾梅纳	(ēn jiǎ méi nà)
恩将仇报	(ēn jiāng chóu bào)
恩客	(ēn kè)
恩里科·费米	(ēn lǐ kē · fèi mǐ)
恩眄	(ēn miǎn)
恩培多克勒	(ēn péi duō kè lēi)
恩平市	(ēn píng shì)
恩情	(ēn qíng)
恩人	(ēn rén)
恩师	(ēn shī)
恩施市	(ēn shī shì)
恩施土家族苗族自治州	(ēn shī tǔ jiā zú miáo zú zì zhì zhōu)
恩施县	(ēn shī xiàn)
恩斯赫德	(ēn sī hè dé)
恩同再造	(ēn tóng zài zào)
恩威兼施	(ēn wēi jiān shī)
恩阳区	(ēn yáng qū)
恩义	(ēn yì)
恩怨	(ēn yuàn)
恩泽	(ēn zé)
恩准	(ēn zhǔn)
摁	(èn)
摁钉儿	(èn dīng r)
摁扣儿	(èn kòu r)
儿	(ér)
儿不嫌母丑，狗不嫌家贫	(ér bù xián mǔ chǒu , gǒu bù xián jiā pín)
儿茶素	(ér chá sù)
儿歌	(ér gē)
儿化	(ér huà)
儿化音	(ér huà yīn)
儿化韵	(ér huà yùn)
儿科	(ér kē)
儿马	(ér mǎ)
儿女	(ér nǚ)
儿女双全	(ér nǚ shuāng quán)
儿女英雄传	(ér nǚ yīng xióng zhuàn)
儿时	(ér shí)
儿孙	(ér sūn)
儿孙自有儿孙福	(ér sūn zì yǒu ér sūn fú)
儿童	(ér tóng)
儿童基金会	(ér tóng jī jīn huì)
儿童节	(ér tóng jié)
儿童乐园	(ér tóng lè yuán)
儿童权利公约	(ér tóng quán lì gōng yuē)
儿媳	(ér xí)
儿媳妇	(ér xí fù)
儿媳妇儿	(ér xí fù r)
儿戏	(ér xì)
儿子	(ér zi)
栭	(ér)
唲	(ér)
尓	(ěr)
尔	(ěr)
二	(èr)
二八	(èr bā)
二把刀	(èr bǎ dāo)
二把手	(èr bǎ shǒu)
二百五	(èr bǎi wǔ)
二斑百灵	(èr bān bǎi líng)
二宝	(èr bǎo)
二倍体	(èr bèi tǐ)
二苯氯胂	(èr běn lǜ shèn)
二屄	(èr bī)
二逼	(èr bī)
二便	(èr biàn)
二遍苦	(èr biàn kǔ)
二部制	(èr bù zhì)
二侧	(èr cè)
二叉树	(èr chā shù)
二茬罪	(èr chá zuì)
二产妇	(èr chǎn fù)
二醇	(èr chún)
二次	(èr cì)
二次大战	(èr cì dà zhàn)
二次多项式	(èr cì duō xiàng shì)
二次方	(èr cì fāng)
二次方程	(èr cì fāng chéng)
二次函数	(èr cì hán shù)
二次曲	(èr cì qū)
二次曲面	(èr cì qū miàn)
二次曲线	(èr cì qū xiàn)
二次世界大战	(èr cì shì jiè dà zhàn)
二次型	(èr cì xíng)
二次元	(èr cì yuán)
二代	(èr dài)
二道贩子	(èr dào fàn zi)
二道江区	(èr dào jiāng qū)
二道区	(èr dào qū)
二地主	(èr dì zhǔ)
二等	(èr děng)
二等舱	(èr děng cāng)
二等车	(èr děng chē)
二等公民	(èr děng gōng mín)
二迭纪	(èr dié jì)
二叠纪	(èr dié jì)
二丁醚	(èr dīng mí)
二度	(èr dù)
二恶英	(èr è yīng)
二𫫇英	(èr è yīng)
二房	(èr fáng)
二房东	(èr fáng dōng)
二分	(èr fēn)
二分点	(èr fēn diǎn)
二分裂	(èr fēn liè)
二分音符	(èr fēn yīn fú)
二分之一	(èr fēn zhī yī)
二副	(èr fù)
二尕子	(èr gǎ zi)
二甘醇	(èr gān chún)
二杆子	(èr gān zi)
二哥	(èr gē)
二鬼子	(èr guǐ zi)
二锅头	(èr guō tóu)
二过一	(èr guò yī)
二哈	(èr hā)
二号电池	(èr hào diàn chí)
二号人物	(èr hào rén wù)
二合一	(èr hé yī)
二胡	(èr hú)
二话	(èr huà)
二话不说	(èr huà bù shuō)
二黄	(èr huáng)
二簧	(èr huáng)
二婚	(èr hūn)
二婚头	(èr hūn tóu)
二货	(èr huò)
二级	(èr jí)
二级士官	(èr jí shì guān)
二级头	(èr jí tóu)
二级头呼吸器	(èr jí tóu hū xī qì)
二极管	(èr jí guǎn)
二甲苯	(èr jiǎ běn)
二甲基砷酸	(èr jiǎ jī shēn suān)
二甲基胂酸	(èr jiǎ jī shèn suān)
二价	(èr jià)
二尖瓣	(èr jiān bàn)
二尖瓣狭窄	(èr jiān bàn xiá zhǎi)
二简	(èr jiǎn)
二阶	(èr jiē)
二节棍	(èr jié gùn)
二进	(èr jìn)
二进宫	(èr jìn gōng)
二进制	(èr jìn zhì)
二进制编码	(èr jìn zhì biān mǎ)
二聚体	(èr jù tǐ)
二刻拍案惊奇	(èr kè pāi àn jīng qí)
二来	(èr lái)
二郎神	(èr láng shén)
二郎腿	(èr láng tuǐ)
二老	(èr lǎo)
二愣子	(èr lèng zi)
二里头	(èr lǐ tou)
二连	(èr lián)
二连浩特市	(èr lián hào tè shì)
二连巨盗龙	(èr lián jù dào lóng)
二连盆地	(èr lián pén dì)
二联式发票	(èr lián shì fā piào)
二林	(èr lín)
二林镇	(èr lín zhèn)
二磷酸腺苷	(èr lín suān xiàn gān)
二流	(èr liú)
二流子	(èr liú zi)
二硫化碳	(èr liú huà tàn)
二硫基丙醇	(èr liú jī bǐng chún)
二硫基丙磺酸钠	(èr liú jī bǐng huáng suān nà)
二硫基琥珀酸钠	(èr liú jī hǔ pò suān nà)
二硫键	(èr liú jiàn)
二仑	(èr lún)
二仑乡	(èr lún xiāng)
二轮	(èr lún)
二轮片	(èr lún piàn)
二氯胺	(èr lǜ àn)
二氯苯胺苯乙酸钠	(èr lǜ běn àn běn yǐ suān nà)
二氯甲烷	(èr lǜ jiǎ wán)
二氯异三聚氰酸钠	(èr lǜ yì sān jù qíng suān nà)
二毛子	(èr máo zi)
二名法	(èr míng fǎ)
二拇指	(èr mu zhǐ)
二奶	(èr nǎi)
二年生	(èr nián shēng)
二七区	(èr qī qū)
二人世界	(èr rén shì jiè)
二人台	(èr rén tái)
二人转	(èr rén zhuàn)
二审	(èr shěn)
二声	(èr shēng)
二十八宿	(èr shí bā xiù)
二十面体	(èr shí miàn tǐ)
二十四史	(èr shí sì shǐ)
二十四孝	(èr shí sì xiào)
二十五史	(èr shí wǔ shǐ)
二十一点	(èr shí yī diǎn)
二世	(èr shì)
二世祖	(èr shì zǔ)
二手	(èr shǒu)
二手车	(èr shǒu chē)
二手房	(èr shǒu fáng)
二手货	(èr shǒu huò)
二手烟	(èr shǒu yān)
二水	(èr shuǐ)
二水货	(èr shuǐ huò)
二水乡	(èr shuǐ xiāng)
二胎	(èr tāi)
二汤	(èr tāng)
二糖	(èr táng)
二踢脚	(èr tī jiǎo)
二头肌	(èr tóu jī)
二维	(èr wéi)
二维码	(èr wéi mǎ)
二项式	(èr xiàng shì)
二项式定理	(èr xiàng shì dìng lǐ)
二项式系数	(èr xiàng shì xì shù)
二心	(èr xīn)
二氧化氮	(èr yǎng huà dàn)
二氧化硅	(èr yǎng huà guī)
二氧化锰	(èr yǎng huà měng)
二氧化钛	(èr yǎng huà tài)
二氧化碳隔离	(èr yǎng huà tàn gé lí)
二氧化物	(èr yǎng huà wù)
二氧化铀	(èr yǎng huà yóu)
二氧芑	(èr yǎng qǐ)
二氧杂芑	(èr yǎng zá qǐ)
二一添作五	(èr yī tiān zuò wǔ)
二元	(èr yuán)
二元论	(èr yuán lùn)
二月	(èr yuè)
二月份	(èr yuè fèn)
二战	(èr zhàn)
二者	(èr zhě)
二正丙醚	(èr zhèng bǐng mí)
二指	(èr zhǐ)
二致	(èr zhì)
二重	(èr chóng)
二重唱	(èr chóng chàng)
二重根	(èr chóng gēn)
二重母音	(èr chóng mǔ yīn)
二重下标	(èr chóng xià biāo)
二重性	(èr chóng xìng)
二重奏	(èr chóng zòu)
弍	(èr)
刵	(èr)
佴	(èr)
咡	(èr)
樲	(èr)
橃	(fá)
乏	(fá)
乏力	(fá lì)
乏燃料	(fá rán liào)
乏燃料棒	(fá rán liào bàng)
乏人照顾	(fá rén zhào gù)
乏善可陈	(fá shàn kě chén)
乏味	(fá wèi)
伐	(fá)
伐柯	(fá kē)
伐木	(fá mù)
伐木场	(fá mù chǎng)
伐木工人	(fá mù gōng rén)
垡	(fá)
筏	(fá)
佱	(fǎ)
法	(fǎ)
䂲	(fǎ)
帆	(fān)
帆板	(fān bǎn)
帆背潜鸭	(fān bèi qián yā)
帆布	(fān bù)
帆布鞋	(fān bù xié)
帆船	(fān chuán)
帆伞	(fān sǎn)
幡	(fān)
幡然	(fān rán)
幡然改图	(fān rán gǎi tú)
旛	(fān)
凡	(fán)
凡百	(fán bǎi)
凡尘	(fán chén)
凡得瓦力	(fán dé wǎ lì)
凡尔丁	(fán ěr dīng)
凡尔赛	(fán ěr sài)
凡尔赛宫	(fán ěr sài gōng)
凡尔赛文学	(fán ěr sài wén xué)
凡夫	(fán fū)
凡夫俗子	(fán fū sú zǐ)
凡高	(fán gāo)
凡间	(fán jiān)
凡近	(fán jìn)
凡立水	(fán lì shuǐ)
凡例	(fán lì)
凡人	(fán rén)
凡赛斯	(fán sài sī)
凡士林	(fán shì lín)
凡士通	(fán shì tōng)
凡事	(fán shì)
凡是	(fán shì)
凡俗	(fán sú)
凡响	(fán xiǎng)
凡心	(fán xīn)
凡庸	(fán yōng)
墦	(fán)
樊	(fán)
樊城区	(fán chéng qū)
樊篱	(fán lí)
樊笼	(fán lóng)
橎	(fǎn)
攵	(pū)
反	(fǎn)
反安慰剂	(fǎn ān wèi jì)
反白	(fǎn bái)
反败为胜	(fǎn bài wéi shèng)
反比	(fǎn bǐ)
反驳	(fǎn bó)
反哺	(fǎn bǔ)
反侧	(fǎn cè)
反差	(fǎn chā)
反铲	(fǎn chǎn)
反常	(fǎn cháng)
反超	(fǎn chāo)
反衬	(fǎn chèn)
反赤道流	(fǎn chì dào liú)
反冲	(fǎn chōng)
反冲力	(fǎn chōng lì)
反刍	(fǎn chú)
反刍动物	(fǎn chú dòng wù)
反传算法	(fǎn chuán suàn fǎ)
反串	(fǎn chuàn)
反唇相讥	(fǎn chún xiāng jī)
反弹	(fǎn tán)
反弹导弹	(fǎn dàn dǎo dàn)
反党	(fǎn dǎng)
反导	(fǎn dǎo)
反导弹	(fǎn dǎo dàn)
反导导弹	(fǎn dǎo dǎo dàn)
反导系统	(fǎn dǎo xì tǒng)
反倒	(fǎn dào)
反帝	(fǎn dì)
反电子	(fǎn diàn zǐ)
反坫	(fǎn diàn)
反动	(fǎn dòng)
反动分子	(fǎn dòng fèn zǐ)
反动派	(fǎn dòng pài)
反动势力	(fǎn dòng shì li)
反杜林论	(fǎn dù lín lùn)
反对	(fǎn duì)
反对党	(fǎn duì dǎng)
反对派	(fǎn duì pài)
反对票	(fǎn duì piào)
反而	(fǎn ér)
反反复复	(fǎn fǎn fù fù)
反方	(fǎn fāng)
反讽	(fǎn fěng)
反腐	(fǎn fǔ)
反腐败	(fǎn fǔ bài)
反腐倡廉	(fǎn fǔ chàng lián)
反复	(fǎn fù)
反复无常	(fǎn fù wú cháng)
反感	(fǎn gǎn)
反高潮	(fǎn gāo cháo)
反革命	(fǎn gé mìng)
反革命宣传煽动罪	(fǎn gé mìng xuān chuán shān dòng zuì)
反攻	(fǎn gōng)
反躬自问	(fǎn gōng zì wèn)
反共	(fǎn gòng)
反骨	(fǎn gǔ)
反顾	(fǎn gù)
反观	(fǎn guān)
反光	(fǎn guāng)
反光镜	(fǎn guāng jìng)
反光面	(fǎn guāng miàn)
反过来	(fǎn guo lái)
反过来说	(fǎn guò lái shuō)
反函数	(fǎn hán shù)
反核	(fǎn hé)
反华	(fǎn huá)
反话	(fǎn huà)
反悔	(fǎn huǐ)
反击	(fǎn jī)
反基督	(fǎn jī dū)
反季	(fǎn jì)
反季节	(fǎn jì jié)
反间	(fǎn jiàn)
反间谍	(fǎn jiàn dié)
反间计	(fǎn jiàn jì)
反剪	(fǎn jiǎn)
反舰导弹	(fǎn jiàn dǎo dàn)
反舰艇	(fǎn jiàn tǐng)
反角	(fǎn jué)
反接	(fǎn jiē)
反诘	(fǎn jié)
反诘问	(fǎn jié wèn)
反锯齿	(fǎn jù chǐ)
反抗	(fǎn kàng)
反抗者	(fǎn kàng zhě)
反科学	(fǎn kē xué)
反客为主	(fǎn kè wéi zhǔ)
反空降	(fǎn kōng jiàng)
反恐	(fǎn kǒng)
反恐战争	(fǎn kǒng zhàn zhēng)
反口	(fǎn kǒu)
反酷刑折磨公约	(fǎn kù xíng zhé mó gōng yuē)
反馈	(fǎn kuì)
反例	(fǎn lì)
反粒子	(fǎn lì zǐ)
反脸无情	(fǎn liǎn wú qíng)
反垄断	(fǎn lǒng duàn)
反垄断法	(fǎn lǒng duàn fǎ)
反录病毒	(fǎn lù bìng dú)
反美	(fǎn měi)
反美是工作赴美是生活	(fǎn měi shì gōng zuò fù měi shì shēng huó)
反密码子	(fǎn mì mǎ zi)
反面	(fǎn miàn)
反面儿	(fǎn miàn r)
反面教材	(fǎn miàn jiào cái)
反面教员	(fǎn miàn jiào yuán)
反面人物	(fǎn miàn rén wù)
反目	(fǎn mù)
反目成仇	(fǎn mù chéng chóu)
反派	(fǎn pài)
反叛	(fǎn pàn)
反叛分子	(fǎn pàn fèn zǐ)
反批评	(fǎn pī píng)
反扑	(fǎn pū)
反璞归真	(fǎn pú guī zhēn)
反其道而行之	(fǎn qí dào ér xíng zhī)
反气旋	(fǎn qì xuán)
反潜	(fǎn qián)
反切	(fǎn qiè)
反倾销	(fǎn qīng xiāo)
反清	(fǎn qīng)
反求诸己	(fǎn qiú zhū jǐ)
反裘负刍	(fǎn qiú fù chú)
反曲弓	(fǎn qū gōng)
反人道罪	(fǎn rén dào zuì)
反人道罪行	(fǎn rén dào zuì xíng)
反人类	(fǎn rén lèi)
反人类罪	(fǎn rén lèi zuì)
反日	(fǎn rì)
反散射	(fǎn sǎn shè)
反杀	(fǎn shā)
反社会	(fǎn shè huì)
反社会行为	(fǎn shè huì xíng wéi)
反射	(fǎn shè)
反射动作	(fǎn shè dòng zuò)
反射光	(fǎn shè guāng)
反射弧	(fǎn shè hú)
反射镜	(fǎn shè jìng)
反射疗法	(fǎn shè liáo fǎ)
反射面	(fǎn shè miàn)
反射区治疗	(fǎn shè qū zhì liáo)
反射望远镜	(fǎn shè wàng yuǎn jìng)
反射星云	(fǎn shè xīng yún)
反射作用	(fǎn shè zuò yòng)
反身	(fǎn shēn)
反身代词	(fǎn shēn dài cí)
反渗透	(fǎn shèn tòu)
反渗透法	(fǎn shèn tòu fǎ)
反生物战	(fǎn shēng wù zhàn)
反省	(fǎn xǐng)
反圣婴	(fǎn shèng yīng)
反诗	(fǎn shī)
反时势	(fǎn shí shì)
反时针	(fǎn shí zhēn)
反式	(fǎn shì)
反式脂肪	(fǎn shì zhī fáng)
反噬	(fǎn shì)
反手	(fǎn shǒu)
反水	(fǎn shuǐ)
反思	(fǎn sī)
反诉	(fǎn sù)
反诉状	(fǎn sù zhuàng)
反酸	(fǎn suān)
反锁	(fǎn suǒ)
反贪	(fǎn tān)
反贪腐	(fǎn tān fǔ)
反贪污	(fǎn tān wū)
反坦克	(fǎn tǎn kè)
反特	(fǎn tè)
反托拉斯	(fǎn tuō lā sī)
反围剿	(fǎn wéi jiǎo)
反胃	(fǎn wèi)
反文旁	(fǎn wén páng)
反问	(fǎn wèn)
反问句	(fǎn wèn jù)
反问语气	(fǎn wèn yǔ qì)
反乌托邦	(fǎn wū tuō bāng)
反污	(fǎn wū)
反诬	(fǎn wū)
反物质	(fǎn wù zhì)
反习	(fǎn xí)
反相	(fǎn xiàng)
反相器	(fǎn xiàng qì)
反响	(fǎn xiǎng)
反向	(fǎn xiàng)
反斜杠	(fǎn xié gàng)
反斜线	(fǎn xié xiàn)
反兴奋剂	(fǎn xīng fèn jì)
反演	(fǎn yǎn)
反咬一口	(fǎn yǎo yī kǒu)
反义	(fǎn yì)
反义词	(fǎn yì cí)
反义字	(fǎn yì zì)
反应	(fǎn yìng)
反应堆	(fǎn yìng duī)
反应堆芯	(fǎn yìng duī xīn)
反应锅	(fǎn yìng guō)
反应炉	(fǎn yìng lú)
反应时	(fǎn yìng shí)
反应时间	(fǎn yìng shí jiān)
反应式	(fǎn yìng shì)
反英	(fǎn yīng)
反英雄	(fǎn yīng xióng)
反映	(fǎn yìng)
反映论	(fǎn yìng lùn)
反用换流器	(fǎn yòng huàn liú qì)
反犹太主义	(fǎn yóu tài zhǔ yì)
反右	(fǎn yòu)
反语	(fǎn yǔ)
反袁运动	(fǎn yuán yùn dòng)
反贼	(fǎn zéi)
反战	(fǎn zhàn)
反掌	(fǎn zhǎng)
反照	(fǎn zhào)
反照率	(fǎn zhào lǜ)
反正	(fǎn zhèng)
反正一样	(fǎn zhèng yī yàng)
反证	(fǎn zhèng)
反证法	(fǎn zhèng fǎ)
反政府	(fǎn zhèng fǔ)
反之	(fǎn zhī)
反之亦然	(fǎn zhī yì rán)
反知识	(fǎn zhī shi)
反制	(fǎn zhì)
反智	(fǎn zhì)
反智论	(fǎn zhì lùn)
反智主义	(fǎn zhì zhǔ yì)
反转	(fǎn zhuǎn)
反转录	(fǎn zhuǎn lù)
反转录病毒	(fǎn zhuǎn lù bìng dú)
反撞	(fǎn zhuàng)
反走私	(fǎn zǒu sī)
反嘴	(fǎn zuǐ)
反嘴鹬	(fǎn zuǐ yù)
反作用	(fǎn zuò yòng)
反作用力	(fǎn zuò yòng lì)
反坐	(fǎn zuò)
払	(fǎn)
梵	(fàn)
梵呗	(fàn bài)
梵册贝叶	(fàn cè bèi yè)
梵帝冈	(fàn dì gāng)
梵谛冈	(fàn dì gāng)
梵蒂冈	(fàn dì gāng)
梵蒂冈城	(fàn dì gāng chéng)
梵婀玲	(fàn ē líng)
梵高	(fàn gāo)
梵谷	(fàn gǔ)
梵汉对音	(fàn hàn duì yīn)
梵教	(fàn jiào)
梵克雅宝	(fàn kè yǎ bǎo)
梵刹	(fàn chà)
梵书	(fàn shū)
梵天	(fàn tiān)
梵文	(fàn wén)
梵哑铃	(fàn yǎ líng)
梵语	(fàn yǔ)
嬎	(fàn)
嬎蛋	(fàn dàn)
嬔	(fù)
匚	(fāng)
方	(fāng)
方案	(fāng àn)
方便	(fāng biàn)
方便面	(fāng biàn miàn)
方便贴	(fāng biàn tiē)
方才	(fāng cái)
方舱	(fāng cāng)
方册	(fāng cè)
方策	(fāng cè)
方差	(fāng chā)
方城	(fāng chéng)
方城县	(fāng chéng xiàn)
方程	(fāng chéng)
方程式	(fāng chéng shì)
方程组	(fāng chéng zǔ)
方寸	(fāng cùn)
方寸大乱	(fāng cùn dà luàn)
方寸已乱	(fāng cùn yǐ luàn)
方大同	(fāng dà tóng)
方顶	(fāng dǐng)
方法	(fāng fǎ)
方法论	(fāng fǎ lùn)
方法学	(fāng fǎ xué)
方方面面	(fāng fāng miàn miàn)
方方正正	(fāng fāng zhèng zhèng)
方格	(fāng gé)
方格纸	(fāng gé zhǐ)
方剂	(fāng jì)
方家	(fāng jiā)
方尖碑	(fāng jiān bēi)
方解石	(fāng jiě shí)
方孔钱	(fāng kǒng qián)
方块	(fāng kuài)
方块舞	(fāng kuài wǔ)
方块字	(fāng kuài zì)
方框图	(fāng kuàng tú)
方括号	(fāng kuò hào)
方腊	(fāng là)
方略	(fāng lüè)
方帽	(fāng mào)
方面	(fāng miàn)
方命	(fāng mìng)
方能	(fāng néng)
方妮	(fāng nī)
方铅矿	(fāng qiān kuàng)
方枘圆凿	(fāng ruì yuán záo)
方山县	(fāng shān xiàn)
方士	(fāng shì)
方式	(fāng shì)
方术	(fāng shù)
方糖	(fāng táng)
方头	(fāng tóu)
方头巾	(fāng tóu jīn)
方头括号	(fāng tóu kuò hào)
方头螺帽	(fāng tóu luó mào)
方腿	(fāng tuǐ)
方尾鹟	(fāng wěi wēng)
方位	(fāng wèi)
方位词	(fāng wèi cí)
方位角	(fāng wèi jiǎo)
方文山	(fāng wén shān)
方物	(fāng wù)
方𨰿	(fāng xì)
方向	(fāng xiàng)
方向感	(fāng xiàng gǎn)
方向盘	(fāng xiàng pán)
方向性	(fāng xiàng xìng)
方形	(fāng xíng)
方兴未艾	(fāng xīng wèi ài)
方兴未已	(fāng xīng wèi yǐ)
方言	(fāng yán)
方毅	(fāng yì)
方音	(fāng yīn)
方圆	(fāng yuán)
方丈	(fāng zhang)
方针	(fāng zhēn)
方阵	(fāng zhèn)
方正	(fāng zhèng)
方正县	(fāng zhèng xiàn)
方知	(fāng zhī)
方志	(fāng zhì)
方舟	(fāng zhōu)
方庄	(fāng zhuāng)
方滋未艾	(fāng zī wèi ài)
方子	(fāng zi)
坊	(fāng)
坊间	(fāng jiān)
坊间传言	(fāng jiān chuán yán)
坊子区	(fāng zǐ qū)
枋	(fāng)
枋寮	(fāng liáo)
枋寮乡	(fāng liáo xiāng)
枋山	(fāng shān)
枋山乡	(fāng shān xiāng)
妨	(fáng)
妨碍	(fáng ài)
妨碍球	(fáng ài qiú)
妨功害能	(fáng gōng hài néng)
妨害	(fáng hài)
妨害公务	(fáng hài gōng wù)
房	(fáng)
房舱	(fáng cāng)
房产	(fáng chǎn)
房产证	(fáng chǎn zhèng)
房产中介	(fáng chǎn zhōng jiè)
房颤	(fáng chàn)
房车	(fáng chē)
房贷	(fáng dài)
房地产	(fáng dì chǎn)
房地美	(fáng dì měi)
房顶	(fáng dǐng)
房东	(fáng dōng)
房费	(fáng fèi)
房价	(fáng jià)
房间	(fáng jiān)
房卡	(fáng kǎ)
房客	(fáng kè)
房劳	(fáng láo)
房门	(fáng mén)
房奴	(fáng nú)
房契	(fáng qì)
房钱	(fáng qián)
房山区	(fáng shān qū)
房舍	(fáng shè)
房市	(fáng shì)
房事	(fáng shì)
房室	(fáng shì)
房屋	(fáng wū)
房屋中介	(fáng wū zhōng jiè)
房下	(fáng xià)
房县	(fáng xiàn)
房玄龄	(fáng xuán líng)
房牙	(fáng yá)
房牙子	(fáng yá zi)
房檐	(fáng yán)
房中房	(fáng zhōng fáng)
房仲	(fáng zhòng)
房主	(fáng zhǔ)
房子	(fáng zi)
房租	(fáng zū)
仿	(fǎng)
仿讽	(fǎng fěng)
仿佛	(fǎng fú)
仿古	(fǎng gǔ)
仿冒	(fǎng mào)
仿冒品	(fǎng mào pǐn)
仿皮	(fǎng pí)
仿品	(fǎng pǐn)
仿如	(fǎng rú)
仿赛	(fǎng sài)
仿射	(fǎng shè)
仿射空间	(fǎng shè kōng jiān)
仿射子空间	(fǎng shè zǐ kōng jiān)
仿生	(fǎng shēng)
仿生学	(fǎng shēng xué)
仿似	(fǎng sì)
仿宋	(fǎng sòng)
仿效	(fǎng xiào)
仿行	(fǎng xíng)
仿羊皮纸	(fǎng yáng pí zhǐ)
仿造	(fǎng zào)
仿照	(fǎng zhào)
仿真	(fǎng zhēn)
仿真服务器	(fǎng zhēn fú wù qì)
仿纸	(fǎng zhǐ)
仿制	(fǎng zhì)
仿制品	(fǎng zhì pǐn)
仿制药	(fǎng zhì yào)
昉	(fǎng)
旊	(fǎng)
放	(fàng)
放爆竹	(fàng bào zhú)
放鞭炮	(fàng biān pào)
放不下	(fàng bu xià)
放不下心	(fàng bu xià xīn)
放出	(fàng chū)
放大	(fàng dà)
放大倍数	(fàng dà bèi shù)
放大镜	(fàng dà jìng)
放大炮	(fàng dà pào)
放大片	(fàng dà piàn)
放大器	(fàng dà qì)
放大纸	(fàng dà zhǐ)
放贷	(fàng dài)
放胆	(fàng dǎn)
放诞	(fàng dàn)
放诞不羁	(fàng dàn bù jī)
放诞不拘	(fàng dàn bù jū)
放荡	(fàng dàng)
放荡不羁	(fàng dàng bù jī)
放倒	(fàng dǎo)
放得下	(fàng de xià)
放低	(fàng dī)
放电	(fàng diàn)
放刁	(fàng diāo)
放毒	(fàng dú)
放飞	(fàng fēi)
放飞机	(fàng fēi jī)
放风	(fàng fēng)
放告	(fàng gào)
放鸽子	(fàng gē zi)
放工	(fàng gōng)
放过	(fàng guò)
放还	(fàng huán)
放话	(fàng huà)
放缓	(fàng huǎn)
放火	(fàng huǒ)
放假	(fàng jià)
放进	(fàng jìn)
放开	(fàng kāi)
放开手脚	(fàng kāi shǒu jiǎo)
放克	(fàng kè)
放空	(fàng kōng)
放空挡	(fàng kōng dǎng)
放空炮	(fàng kōng pào)
放宽	(fàng kuān)
放款	(fàng kuǎn)
放浪	(fàng làng)
放浪不羁	(fàng làng bù jī)
放浪形骸	(fàng làng xíng hái)
放疗	(fàng liáo)
放马过来	(fàng mǎ guò lái)
放马后炮	(fàng mǎ hòu pào)
放慢	(fàng màn)
放慢脚步	(fàng màn jiǎo bù)
放慢速度	(fàng màn sù dù)
放牧	(fàng mù)
放鸟	(fàng niǎo)
放牛班	(fàng niú bān)
放屁	(fàng pì)
放屁虫	(fàng pì chóng)
放平	(fàng píng)
放气	(fàng qì)
放弃	(fàng qì)
放枪	(fàng qiāng)
放情	(fàng qíng)
放情丘壑	(fàng qíng qiū hè)
放晴	(fàng qíng)
放权	(fàng quán)
放热反应	(fàng rè fǎn yìng)
放任	(fàng rèn)
放任政策	(fàng rèn zhèng cè)
放任自流	(fàng rèn zì liú)
放入	(fàng rù)
放山鸡	(fàng shān jī)
放闪	(fàng shǎn)
放哨	(fàng shào)
放射	(fàng shè)
放射病	(fàng shè bìng)
放射虫	(fàng shè chóng)
放射防护	(fàng shè fáng hù)
放射疗法	(fàng shè liáo fǎ)
放射免疫测定	(fàng shè miǎn yì cè dìng)
放射物	(fàng shè wù)
放射线	(fàng shè xiàn)
放射性	(fàng shè xìng)
放射性材料	(fàng shè xìng cái liào)
放射性碘	(fàng shè xìng diǎn)
放射性废物	(fàng shè xìng fèi wù)
放射性核素	(fàng shè xìng hé sù)
放射性活度	(fàng shè xìng huó dù)
放射性落下灰	(fàng shè xìng luò xià huī)
放射性衰变	(fàng shè xìng shuāi biàn)
放射性同位素	(fàng shè xìng tóng wèi sù)
放射性污染	(fàng shè xìng wū rǎn)
放射性武器	(fàng shè xìng wǔ qì)
放射性烟羽	(fàng shè xìng yān yǔ)
放射性沾染	(fàng shè xìng zhān rǎn)
放射性沾染物	(fàng shè xìng zhān rǎn wù)
放射学	(fàng shè xué)
放射源	(fàng shè yuán)
放射治疗	(fàng shè zhì liáo)
放生	(fàng shēng)
放声	(fàng shēng)
放声大哭	(fàng shēng dà kū)
放手	(fàng shǒu)
放手一搏	(fàng shǒu yī bó)
放暑假	(fàng shǔ jià)
放水	(fàng shuǐ)
放水屁	(fàng shuǐ pì)
放肆	(fàng sì)
放松	(fàng sōng)
放送	(fàng sòng)
放卫星	(fàng wèi xīng)
放下	(fàng xià)
放下包袱	(fàng xia bāo fu)
放下身段	(fàng xià shēn duàn)
放下屠刀，立地成佛	(fàng xià tú dāo , lì dì chéng fó)
放线	(fàng xiàn)
放线菌	(fàng xiàn jūn)
放心	(fàng xīn)
放行	(fàng xíng)
放学	(fàng xué)
放血	(fàng xiě)
放烟幕弹	(fàng yān mù dàn)
放眼	(fàng yǎn)
放眼望去	(fàng yǎn wàng qù)
放焰口	(fàng yàn kǒu)
放羊	(fàng yáng)
放羊娃	(fàng yáng wá)
放养	(fàng yǎng)
放一马	(fàng yī mǎ)
放音	(fàng yīn)
放映	(fàng yìng)
放映机	(fàng yìng jī)
放映室	(fàng yìng shì)
放在心上	(fàng zài xīn shàng)
放在眼里	(fàng zài yǎn lǐ)
放债	(fàng zhài)
放长线钓大鱼	(fàng cháng xiàn diào dà yú)
放着明白装糊涂	(fàng zhe míng bai zhuāng hú tu)
放之四海而皆准	(fàng zhī sì hǎi ér jiē zhǔn)
放置	(fàng zhì)
放逐	(fàng zhú)
放纵	(fàng zòng)
放走	(fàng zǒu)
妃	(fēi)
妃嫔	(fēi pín)
妃子	(fēi zi)
妃子笑	(fēi zi xiào)
扉	(fēi)
扉画	(fēi huà)
扉页	(fēi yè)
䬠	(fēi)
朏	(fěi)
匪	(fěi)
匪帮	(fěi bāng)
匪巢	(fěi cháo)
匪盗	(fěi dào)
匪首	(fěi shǒu)
匪徒	(fěi tú)
匪徒集团	(fěi tú jí tuán)
匪穴	(fěi xué)
匪夷所思	(fěi yí suǒ sī)
奜	(fěi)
悱	(fěi)
棐	(fěi)
斐	(fěi)
斐波那契	(fěi bō nà qì)
斐迪南	(fěi dí nán)
斐济	(fěi jì)
斐理伯	(fěi lǐ bó)
斐理伯书	(fěi lǐ bó shū)
斐然	(fěi rán)
榧	(fěi)
吠	(fèi)
吠叫	(fèi jiào)
吠陀	(fèi tuó)
废	(fèi)
废案	(fèi àn)
废材	(fèi cái)
废柴	(fèi chái)
废弛	(fèi chí)
废除	(fèi chú)
废黜	(fèi chù)
废掉	(fèi diào)
废藩置县	(fèi fān zhì xiàn)
废钢	(fèi gāng)
废话	(fèi huà)
废话连篇	(fèi huà lián piān)
废旧	(fèi jiù)
废料	(fèi liào)
废品	(fèi pǐn)
废品收购站	(fèi pǐn shōu gòu zhàn)
废气	(fèi qì)
废弃	(fèi qì)
废寝食	(fèi qǐn shí)
废寝忘食	(fèi qǐn wàng shí)
废然	(fèi rán)
废热	(fèi rè)
废人	(fèi rén)
废时	(fèi shí)
废水	(fèi shuǐ)
废铁	(fèi tiě)
废铜烂铁	(fèi tóng làn tiě)
废统	(fèi tǒng)
废土	(fèi tǔ)
废物	(fèi wù)
废物点心	(fèi wù diǎn xin)
废物箱	(fèi wù xiāng)
废墟	(fèi xū)
废液	(fèi yè)
废渣	(fèi zhā)
废止	(fèi zhǐ)
废纸	(fèi zhǐ)
废置	(fèi zhì)
厞	(fèi)
剕	(fèi)
俷	(fèi)
屝	(fèi)
櫠	(fèi)
分	(fèn)
分班	(fēn bān)
分包	(fēn bāo)
分包商	(fēn bāo shāng)
分贝	(fēn bèi)
分崩离析	(fēn bēng lí xī)
分辨	(fēn biàn)
分辨率	(fēn biàn lǜ)
分辩	(fēn biàn)
分别	(fēn bié)
分波多工	(fēn bō duō gōng)
分布	(fēn bù)
分布控制	(fēn bù kòng zhì)
分布式	(fēn bù shì)
分布式环境	(fēn bù shì huán jìng)
分布式结构	(fēn bù shì jié gòu)
分布式网络	(fēn bù shì wǎng luò)
分布图	(fēn bù tú)
分步骤	(fēn bù zhòu)
分部	(fēn bù)
分餐	(fēn cān)
分册	(fēn cè)
分层	(fēn céng)
分叉	(fēn chà)
分汊	(fēn chà)
分岔	(fēn chà)
分拆	(fèn chāi)
分产主义	(fēn chǎn zhǔ yì)
分成	(fēn chéng)
分词	(fēn cí)
分寸	(fēn cun)
分担	(fēn dān)
分当	(fèn dāng)
分道扬镳	(fēn dào yáng biāo)
分地	(fēn dì)
分点	(fēn diǎn)
分店	(fēn diàn)
分掉	(fēn diào)
分度	(fēn dù)
分段	(fēn duàn)
分队	(fēn duì)
分而治之	(fēn ér zhì zhī)
分发	(fēn fā)
分房	(fēn fáng)
分肥	(fēn féi)
分分钟	(fēn fēn zhōng)
分封	(fēn fēng)
分封制	(fēn fēng zhì)
分缝	(fēn fèng)
分付	(fēn fù)
分赴	(fēn fù)
分割	(fēn gē)
分割区	(fēn gē qū)
分隔	(fēn gé)
分给	(fēn gěi)
分工	(fēn gōng)
分公司	(fēn gōng sī)
分管	(fēn guǎn)
分光	(fēn guāng)
分光光度法	(fēn guāng guāng dù fǎ)
分光计	(fēn guāng jì)
分锅	(fēn guō)
分毫	(fēn háo)
分毫之差	(fēn háo zhī chā)
分号	(fēn hào)
分红	(fēn hóng)
分洪	(fēn hóng)
分化	(fēn huà)
分会	(fēn huì)
分会场	(fēn huì chǎng)
分机	(fēn jī)
分级	(fēn jí)
分际	(fèn jì)
分家	(fēn jiā)
分拣	(fēn jiǎn)
分角器	(fēn jiǎo qì)
分角线	(fēn jiǎo xiàn)
分节	(fēn jié)
分解	(fēn jiě)
分解代谢	(fēn jiě dài xiè)
分解者	(fēn jiě zhě)
分解作用	(fēn jiě zuò yòng)
分界线	(fēn jiè xiàn)
分镜	(fēn jìng)
分镜表	(fēn jìng biǎo)
分镜头	(fēn jìng tóu)
分久必合，合久必分	(fēn jiǔ bì hé , hé jiǔ bì fēn)
分居	(fēn jū)
分局	(fēn jú)
分句	(fēn jù)
分开	(fēn kāi)
分克	(fēn kè)
分类	(fēn lèi)
分类理论	(fēn lèi lǐ lùn)
分类学	(fēn lèi xué)
分类帐	(fēn lèi zhàng)
分离	(fēn lí)
分离分子	(fēn lí fèn zǐ)
分离主义	(fēn lí zhǔ yì)
分力	(fēn lì)
分立	(fēn lì)
分量	(fèn liàng)
分列	(fēn liè)
分列式	(fēn liè shì)
分裂	(fēn liè)
分裂情感性障碍	(fēn liè qíng gǎn xìng zhàng ài)
分裂主义	(fēn liè zhǔ yì)
分裂组织	(fēn liè zǔ zhī)
分流	(fēn liú)
分流电路	(fēn liú diàn lù)
分馏	(fēn liú)
分录	(fēn lù)
分袂	(fēn mèi)
分门别类	(fēn mén bié lèi)
分米	(fēn mǐ)
分泌	(fēn mì)
分泌颗粒	(fēn mì kē lì)
分泌物	(fēn mì wù)
分娩	(fēn miǎn)
分秒必争	(fēn miǎo bì zhēng)
分明	(fēn míng)
分母	(fēn mǔ)
分内	(fèn nèi)
分蘖	(fēn niè)
分櫱	(fēn niè)
分派	(fēn pài)
分配	(fēn pèi)
分配律	(fēn pèi lǜ)
分配器	(fēn pèi qì)
分批	(fēn pī)
分频	(fēn pín)
分屏	(fēn píng)
分期	(fēn qī)
分期付款	(fēn qī fù kuǎn)
分歧	(fēn qí)
分歧点	(fēn qí diǎn)
分钱	(fēn qián)
分清	(fēn qīng)
分区	(fēn qū)
分权	(fēn quán)
分权制衡	(fēn quán zhì héng)
分散	(fēn sàn)
分散和弦	(fēn sàn hé xián)
分散式	(fēn sàn shì)
分色	(fēn sè)
分色镜头	(fēn sè jìng tóu)
分设	(fēn shè)
分社	(fēn shè)
分身	(fēn shēn)
分身乏术	(fēn shēn fá shù)
分神	(fēn shén)
分升	(fēn shēng)
分生组织	(fēn shēng zǔ zhī)
分尸	(fēn shī)
分时	(fēn shí)
分时多工	(fēn shí duō gōng)
分手	(fēn shǒu)
分手代理	(fēn shǒu dài lǐ)
分手炮	(fēn shǒu pào)
分属	(fēn shǔ)
分述	(fēn shù)
分数	(fēn shù)
分数挂帅	(fēn shù guà shuài)
分数线	(fēn shù xiàn)
分水岭	(fēn shuǐ lǐng)
分水线	(fēn shuǐ xiàn)
分说	(fēn shuō)
分送	(fēn sòng)
分诉	(fēn sù)
分所	(fēn suǒ)
分摊	(fēn tān)
分桃	(fēn táo)
分庭抗礼	(fēn tíng kàng lǐ)
分头	(fēn tóu)
分头路	(fēn tóu lù)
分瓦	(fēn wǎ)
分外	(fèn wài)
分为	(fēn wéi)
分位数	(fēn wèi shù)
分文	(fēn wén)
分文不取	(fēn wén bù qǔ)
分析	(fēn xī)
分析处理	(fēn xī chǔ lǐ)
分析法	(fēn xī fǎ)
分析化学	(fēn xī huà xué)
分析家	(fēn xī jiā)
分析器	(fēn xī qì)
分析人士	(fēn xī rén shì)
分析师	(fēn xī shī)
分析心理学	(fēn xī xīn lǐ xué)
分析学	(fēn xī xué)
分析语	(fēn xī yǔ)
分析员	(fēn xī yuán)
分系统	(fēn xì tǒng)
分相	(fēn xiàng)
分享	(fēn xiǎng)
分项	(fēn xiàng)
分销	(fēn xiāo)
分销店	(fēn xiāo diàn)
分销商	(fēn xiāo shāng)
分销网络	(fēn xiāo wǎng luò)
分晓	(fēn xiǎo)
分校	(fēn xiào)
分心	(fēn xīn)
分星掰两	(fēn xīng bāi liǎng)
分行	(fēn háng)
分形	(fēn xíng)
分形几何	(fēn xíng jǐ hé)
分形几何学	(fēn xíng jǐ hé xué)
分巡兵备道	(fēn xún bīng bèi dào)
分野	(fēn yě)
分页	(fēn yè)
分页符	(fēn yè fú)
分一杯羹	(fēn yī bēi gēng)
分宜县	(fēn yí xiàn)
分异	(fēn yì)
分音符	(fēn yīn fú)
分忧	(fēn yōu)
分赃	(fēn zāng)
分则	(fēn zé)
分站	(fēn zhàn)
分账	(fēn zhàng)
分针	(fēn zhēn)
分争	(fēn zhēng)
分支	(fēn zhī)
分枝	(fēn zhī)
分至点	(fēn zhì diǎn)
分治	(fēn zhì)
分钟	(fēn zhōng)
分装	(fēn zhuāng)
分装机	(fēn zhuāng jī)
分子	(fèn zǐ)
分子量	(fēn zǐ liàng)
分子料理	(fēn zǐ liào lǐ)
分子筛	(fēn zǐ shāi)
分子生物学	(fēn zǐ shēng wù xué)
分子式	(fēn zǐ shì)
分子医学	(fēn zǐ yī xué)
分子遗传学	(fēn zǐ yí chuán xué)
分子杂交	(fēn zǐ zá jiāo)
分租	(fēn zū)
分组	(fēn zǔ)
分组交换	(fēn zǔ jiāo huàn)
吩	(fēn)
吩咐	(fēn fu)
吩嗪	(fēn qín)
吩坦尼	(fēn tǎn ní)
棻	(fēn)
兝	(fen1ke4)
朆	(fēn)
坆	(fén)
坟	(fén)
坟包	(fén bāo)
坟场	(fén chǎng)
坟地	(fén dì)
坟墓	(fén mù)
坟丘	(fén qiū)
坟山	(fén shān)
坟头	(fén tóu)
坟穴	(fén xué)
坟茔	(fén yíng)
棼	(fén)
份	(fèn)
份额	(fèn é)
份儿	(fèn r)
份儿饭	(fèn r fàn)
份量	(fèn liang)
份子	(fèn zi)
份子钱	(fèn zi qián)
坋	(bèn)
坋粒	(bèn lì)
坋土	(bèn tǔ)
奋	(fèn)
奋笔疾书	(fèn bǐ jí shū)
奋不顾身	(fèn bù gù shēn)
奋斗	(fèn dòu)
奋发	(fèn fā)
奋发图强	(fèn fā tú qiáng)
奋飞	(fèn fēi)
奋进	(fèn jìn)
奋进号	(fèn jìn hào)
奋力	(fèn lì)
奋袂	(fèn mèi)
奋起	(fèn qǐ)
奋起湖	(fèn qǐ hú)
奋起直追	(fèn qǐ zhí zhuī)
奋武扬威	(fèn wǔ yáng wēi)
奋勇	(fèn yǒng)
奋战	(fèn zhàn)
忿	(fèn)
忿忿	(fèn fèn)
忿忿不平	(fèn fèn bù píng)
忿恨	(fèn hèn)
忿懑	(fèn mèn)
忿怒	(fèn nù)
偾	(fèn)
愤	(fèn)
愤愤	(fèn fèn)
愤愤不平	(fèn fèn bù píng)
愤恨	(fèn hèn)
愤激	(fèn jī)
愤慨	(fèn kǎi)
愤懑	(fèn mèn)
愤怒	(fèn nù)
愤青	(fèn qīng)
愤然	(fèn rán)
愤世嫉俗	(fèn shì jí sú)
幩	(fén)
丰	(fēng)
丰采	(fēng cǎi)
丰姿	(fēng zī)
枫	(fēng)
枫木	(fēng mù)
枫树	(fēng shù)
枫糖	(fēng táng)
枫香木	(fēng xiāng mù)
枫香树	(fēng xiāng shù)
枫叶	(fēng yè)
枫叶国	(fēng yè guó)
枫叶鼠	(fēng yè shǔ)
凮	(fēng)
封	(fēng)
封包	(fēng bāo)
封闭	(fēng bì)
封闭性	(fēng bì xìng)
封闭性开局	(fēng bì xìng kāi jú)
封禅	(fēng shàn)
封尘	(fēng chén)
封城	(fēng chéng)
封存	(fēng cún)
封刀	(fēng dāo)
封地	(fēng dì)
封底	(fēng dǐ)
封底里	(fēng dǐ lǐ)
封顶	(fēng dǐng)
封顶仪式	(fēng dǐng yí shì)
封冻	(fēng dòng)
封二	(fēng èr)
封盖	(fēng gài)
封港	(fēng gǎng)
封官许愿	(fēng guān xǔ yuàn)
封国	(fēng guó)
封裹	(fēng guǒ)
封号	(fēng hào)
封河期	(fēng hé qī)
封火	(fēng huǒ)
封建	(fēng jiàn)
封建社会	(fēng jiàn shè huì)
封建时代	(fēng jiàn shí dài)
封建思想	(fēng jiàn sī xiǎng)
封建制度	(fēng jiàn zhì dù)
封建主	(fēng jiàn zhǔ)
封建主义	(fēng jiàn zhǔ yì)
封疆	(fēng jiāng)
封禁	(fēng jìn)
封爵	(fēng jué)
封开县	(fēng kāi xiàn)
封控	(fēng kòng)
封口	(fēng kǒu)
封口费	(fēng kǒu fèi)
封里	(fēng lǐ)
封路	(fēng lù)
封面	(fēng miàn)
封泥	(fēng ní)
封皮	(fēng pí)
封妻荫子	(fēng qī yìn zǐ)
封丘县	(fēng qiū xiàn)
封入	(fēng rù)
封三	(fēng sān)
封杀	(fēng shā)
封沙育林	(fēng shā yù lín)
封山育林	(fēng shān yù lín)
封神榜	(fēng shén bǎng)
封神演义	(fēng shén yǎn yì)
封圣	(fēng shèng)
封四	(fēng sì)
封锁	(fēng suǒ)
封锁线	(fēng suǒ xiàn)
封套	(fēng tào)
封条	(fēng tiáo)
封土	(fēng tǔ)
封王	(fēng wáng)
封网	(fēng wǎng)
封檐板	(fēng yán bǎn)
封一	(fēng yī)
封邑	(fēng yì)
封印	(fēng yìn)
封斋	(fēng zhāi)
封斋节	(fēng zhāi jié)
封装	(fēng zhuāng)
埄	(fēng)
峰	(fēng)
峰顶	(fēng dǐng)
峰峰矿区	(fēng fēng kuàng qū)
峰回路转	(fēng huí lù zhuǎn)
峰会	(fēng huì)
峰火台	(fēng huǒ tái)
峰峦	(fēng luán)
峰线	(fēng xiàn)
峰值	(fēng zhí)
崶	(fēng)
蜂	(fēng)
㷭	(fēng)
夆	(féng)
摓	(féng)
唪	(fěng)
奉	(fèng)
奉承	(fèng cheng)
奉承讨好	(fèng cheng tǎo hǎo)
奉告	(fèng gào)
奉公	(fèng gōng)
奉公克己	(fèng gōng kè jǐ)
奉公守法	(fèng gōng shǒu fǎ)
奉还	(fèng huán)
奉化区	(fèng huà qū)
奉节县	(fèng jié xiàn)
奉命	(fèng mìng)
奉陪	(fèng péi)
奉劝	(fèng quàn)
奉若神明	(fèng ruò shén míng)
奉上	(fèng shàng)
奉申贺敬	(fèng shēn hè jìng)
奉祀	(fèng sì)
奉送	(fèng sòng)
奉天	(fèng tiān)
奉为圭臬	(fèng wéi guī niè)
奉系	(fèng xì)
奉系军阀	(fèng xì jūn fá)
奉贤	(fèng xián)
奉贤区	(fèng xián qū)
奉现	(fèng xiàn)
奉献	(fèng xiàn)
奉献精神	(fèng xiàn jīng shén)
奉辛比克党	(fèng xīn bǐ kè dǎng)
奉新县	(fèng xīn xiàn)
奉行	(fèng xíng)
奉养	(fèng yǎng)
奉迎	(fèng yíng)
奉赠	(fèng zèng)
奉召	(fèng zhào)
奉诏	(fèng zhào)
奉职	(fèng zhí)
奉旨	(fèng zhǐ)
奉子成婚	(fèng zǐ chéng hūn)
俸	(fèng)
俸给	(fèng jǐ)
俸禄	(fèng lù)
俸钱	(fèng qián)
俸恤	(fèng xù)
俸银	(fèng yín)
坲	(fó)
否	(fǒu)
否定	(fǒu dìng)
否定句	(fǒu dìng jù)
否极泰来	(pǐ jí tài lái)
否决	(fǒu jué)
否决票	(fǒu jué piào)
否决权	(fǒu jué quán)
否认	(fǒu rèn)
否则	(fǒu zé)
妚	(pēi)
夫	(fú)
夫唱妇随	(fū chàng fù suí)
夫妇	(fū fù)
夫家	(fū jiā)
夫君	(fū jūn)
夫妻	(fū qī)
夫妻店	(fū qī diàn)
夫妻反目	(fū qī fǎn mù)
夫妻肺片	(fū qī fèi piàn)
夫妻相	(fū qī xiàng)
夫权	(fū quán)
夫人	(fū ren)
夫婿	(fū xù)
夫役	(fū yì)
夫余	(fū yú)
夫子	(fū zǐ)
夫子自道	(fū zǐ zì dào)
伕	(fū)
呋	(fū)
呋喃	(fū nán)
呋喃西林	(fū nán xī lín)
垺	(póu)
尃	(fū)
麸	(fū)
孵	(fū)
孵蛋	(fū dàn)
孵化	(fū huà)
孵化场	(fū huà chǎng)
孵化期	(fū huà qī)
孵化器	(fū huà qì)
孵卵	(fū luǎn)
孵育	(fū yù)
敷	(fū)
敷布	(fū bù)
敷陈	(fū chén)
敷粉	(fū fěn)
敷裹	(fū guǒ)
敷料	(fū liào)
敷设	(fū shè)
敷汤药	(fū tāng yào)
敷贴	(fū tiē)
敷衍	(fū yǎn)
敷衍了事	(fū yǎn liǎo shì)
敷衍塞责	(fū yǎn sè zé)
敷演	(fū yǎn)
乀	(fú)
巿	(fú)
弗	(fú)
弗迪南	(fú dí nán)
弗格森	(fú gé sēn)
弗吉尼亚	(fú jí ní yà)
弗拉基米尔	(fú lā jī mǐ ěr)
弗拉芒	(fú lā máng)
弗拉门戈	(fú lā mén gē)
弗拉明戈	(fú lā míng gē)
弗莱福兰	(fú lái fú lán)
弗莱威厄斯	(fú lái wēi è sī)
弗兰克	(fú lán kè)
弗兰西斯	(fú lán xī sī)
弗兰西斯·培根	(fú lán xī sī · péi gēn)
弗兰兹	(fú lán zī)
弗朗索瓦·霍兰德	(fú lǎng suǒ wǎ · huò lán dé)
弗雷	(fú léi)
弗雷德里克	(fú léi dé lǐ kè)
弗雷德里克顿	(fú léi dé lǐ kè dùn)
弗里得里希	(fú lǐ dé lǐ xī)
弗里德里希	(fú lǐ dé lǐ xī)
弗里德里希·席勒	(fú lǐ dé lǐ xī · xí lè)
弗里敦	(fú lǐ dūn)
弗里曼	(fú lǐ màn)
弗里斯兰	(fú lǐ sī lán)
弗罗茨瓦夫	(fú luó cí wǎ fū)
弗洛勒斯岛	(fú luò lēi sī dǎo)
弗洛里斯岛	(fú luò lǐ sī dǎo)
弗洛伦蒂诺·佩雷斯	(fú luò lún dì nuò · pèi léi sī)
弗洛姆	(fú luò mǔ)
弗洛伊德	(fú luò yī dé)
弗氏鸥	(fú shì ōu)
弗州	(fú zhōu)
伏	(fú)
伏安	(fú ān)
伏案	(fú àn)
伏笔	(fú bǐ)
伏辩	(fú biàn)
伏兵	(fú bīng)
伏地	(fú dì)
伏地魔	(fú dì mó)
伏地挺身	(fú dì tǐng shēn)
伏都教	(fú dū jiào)
伏尔加格勒	(fú ěr jiā gé lè)
伏尔加河	(fú ěr jiā hé)
伏尔泰	(fú ěr tài)
伏法	(fú fǎ)
伏隔核	(fú gé hé)
伏虎	(fú hǔ)
伏击	(fú jī)
伏流	(fú liú)
伏龙凤雏	(fú lóng fèng chú)
伏罗希洛夫	(fú luó xī luò fū)
伏明霞	(fú míng xiá)
伏牛山	(fú niú shān)
伏侍	(fú shi)
伏输	(fú shū)
伏特	(fú tè)
伏特计	(fú tè jì)
伏特加	(fú tè jiā)
伏惟	(fú wéi)
伏卧	(fú wò)
伏牺	(fú xī)
伏羲氏	(fú xī shì)
伏线	(fú xiàn)
伏汛	(fú xùn)
伏诛	(fú zhū)
伏罪	(fú zuì)
扶	(fú)
扶不起的阿斗	(fú bù qǐ de ā dǒu)
扶持	(fú chí)
扶弟魔	(fú dì mó)
扶风县	(fú fēng xiàn)
扶沟县	(fú gōu xiàn)
扶乩	(fú jī)
扶箕	(fú jī)
扶栏	(fú lán)
扶老携幼	(fú lǎo xié yòu)
扶犁	(fú lí)
扶轮社	(fú lún shè)
扶南	(fú nán)
扶贫	(fú pín)
扶贫济困	(fú pín jì kùn)
扶清灭洋	(fú qīng miè yáng)
扶弱抑强	(fú ruò yì qiáng)
扶桑	(fú sāng)
扶手	(fú shǒu)
扶手椅	(fú shǒu yǐ)
扶绥县	(fú suí xiàn)
扶他林	(fú tā lín)
扶梯	(fú tī)
扶危	(fú wēi)
扶危济困	(fú wēi jì kùn)
扶养	(fú yǎng)
扶摇直上	(fú yáo zhí shàng)
扶掖	(fú yè)
扶余	(fú yú)
扶余市	(fú yú shì)
扶馀	(fú yú)
扶揄	(fú yú)
扶正	(fú zhèng)
扶正压邪	(fú zhèng yā xié)
扶植	(fú zhí)
扶助	(fú zhù)
佛	(fó)
佛爱	(fó ài)
佛诞日	(fó dàn rì)
佛得角	(fó dé jiǎo)
佛典	(fó diǎn)
佛法	(fó fǎ)
佛法僧目	(fó fǎ sēng mù)
佛冈县	(fó gāng xiàn)
佛骨	(fó gǔ)
佛骨塔	(fó gǔ tǎ)
佛光	(fó guāng)
佛号	(fó hào)
佛吉尼亚	(fú jí ní yà)
佛家	(fó jiā)
佛教	(fó jiào)
佛教徒	(fó jiào tú)
佛教语	(fó jiào yǔ)
佛经	(fó jīng)
佛卡夏	(fó kǎ xià)
佛龛	(fó kān)
佛口蛇心	(fó kǒu shé xīn)
佛兰德	(fó lán dé)
佛兰芒语	(fó lán máng yǔ)
佛朗哥	(fó lǎng gē)
佛朗机	(fó lǎng jī)
佛朗机铳	(fó lǎng jī chòng)
佛朗机炮	(fó lǎng jī pào)
佛朗明哥	(fó lǎng míng gē)
佛雷泽尔	(fú léi zé ěr)
佛罗里达	(fú luó lǐ dá)
佛罗里达州	(fó luó lǐ dá zhōu)
佛罗伦萨	(fó luó lún sà)
佛罗伦斯	(fó luó lún sī)
佛洛斯特	(fú luò sī tè)
佛洛伊德	(fó luò yī dé)
佛门	(fó mén)
佛蒙特	(fó méng tè)
佛坪县	(fó píng xiàn)
佛山市	(fó shān shì)
佛舍利	(fó shè lì)
佛手	(fó shǒu)
佛手柑	(fó shǒu gān)
佛手瓜	(fó shǒu guā)
佛书	(fó shū)
佛寺	(fó sì)
佛塔	(fó tǎ)
佛跳墙	(fó tiào qiáng)
佛陀	(fó tuó)
佛系	(fó xì)
佛香阁	(fó xiāng gé)
佛像	(fó xiàng)
佛心	(fó xīn)
佛性	(fó xìng)
佛学	(fó xué)
佛牙	(fó yá)
佛爷	(fó ye)
佛语	(fó yǔ)
佛媛	(fó yuán)
佛珠	(fó zhū)
佛祖	(fó zǔ)
孚	(fú)
刜	(fú)
拂	(fú)
拂尘	(fú chén)
拂动	(fú dòng)
拂逆	(fú nì)
拂扫	(fú sǎo)
拂拭	(fú shì)
拂晓	(fú xiǎo)
拂袖而去	(fú xiù ér qù)
咈	(fú)
帗	(fú)
服	(fú)
服辩	(fú biàn)
服兵役	(fú bīng yì)
服从	(fú cóng)
服毒	(fú dú)
服法	(fú fǎ)
服服	(fú fu)
服服帖帖	(fú fu tiē tiē)
服老	(fú lǎo)
服满	(fú mǎn)
服贸	(fú mào)
服气	(fú qì)
服软	(fú ruǎn)
服丧	(fú sāng)
服食	(fú shí)
服事	(fú shi)
服侍	(fú shi)
服饰	(fú shì)
服输	(fú shū)
服他灵	(fú tā líng)
服帖	(fú tiē)
服贴	(fú tiē)
服务	(fú wù)
服务费	(fú wù fèi)
服务规章	(fú wù guī zhāng)
服务器	(fú wù qì)
服务生	(fú wù shēng)
服务台	(fú wù tái)
服务提供商	(fú wù tí gōng shāng)
服务提供者	(fú wù tí gōng zhě)
服务业	(fú wù yè)
服务员	(fú wù yuán)
服务质量	(fú wù zhì liàng)
服刑	(fú xíng)
服药	(fú yào)
服仪	(fú yí)
服役	(fú yì)
服膺	(fú yīng)
服硬	(fú yìng)
服用	(fú yòng)
服众	(fú zhòng)
服装	(fú zhuāng)
服装秀	(fú zhuāng xiù)
服罪	(fú zuì)
怫	(fèi)
怫然	(fú rán)
俘	(fú)
俘获	(fú huò)
俘虏	(fú lǔ)
桴	(fú)
桴鼓相应	(fú gǔ xiāng yìng)
匐	(fú)
幅	(fú)
幅度	(fú dù)
幅员	(fú yuán)
幞	(fú)
幞头	(fú tóu)
抚	(fǔ)
抚爱	(fǔ ài)
抚抱	(fǔ bào)
抚摸	(fǔ mō)
抚摩	(fǔ mó)
抚宁区	(fǔ níng qū)
抚弄	(fǔ nòng)
抚平	(fǔ píng)
抚琴	(fǔ qín)
抚顺市	(fǔ shùn shì)
抚顺县	(fǔ shùn xiàn)
抚松县	(fǔ sōng xiàn)
抚绥	(fǔ suí)
抚慰	(fǔ wèi)
抚慰金	(fǔ wèi jīn)
抚恤	(fǔ xù)
抚恤金	(fǔ xù jīn)
抚养	(fǔ yǎng)
抚养成人	(fǔ yǎng chéng rén)
抚养费	(fǔ yǎng fèi)
抚养权	(fǔ yǎng quán)
抚育	(fǔ yù)
抚远三角洲	(fǔ yuǎn sān jiǎo zhōu)
抚远市	(fǔ yuǎn shì)
抚州市	(fǔ zhōu shì)
拊	(fǔ)
拊髀	(fǔ bì)
拊掌	(fǔ zhǎng)
斧	(fǔ)
斧头	(fǔ tóu)
斧钺汤镬	(fǔ yuè tāng huò)
斧钺之诛	(fǔ yuè zhī zhū)
斧正	(fǔ zhèng)
斧子	(fǔ zi)
府	(fǔ)
府城	(fǔ chéng)
府绸	(fǔ chóu)
府邸	(fǔ dǐ)
府第	(fǔ dì)
府谷县	(fǔ gǔ xiàn)
府库	(fǔ kù)
府幕	(fǔ mù)
府上	(fǔ shàng)
府尹	(fǔ yǐn)
府治	(fǔ zhì)
弣	(fǔ)
乶下	(fǔ xià)
俯	(fǔ)
俯冲	(fǔ chōng)
俯伏	(fǔ fú)
俯角	(fǔ jiǎo)
俯就	(fǔ jiù)
俯看	(fǔ kàn)
俯瞰	(fǔ kàn)
俯瞰摄影	(fǔ kàn shè yǐng)
俯瞰图	(fǔ kàn tú)
俯身	(fǔ shēn)
俯拾皆是	(fǔ shí jiē shì)
俯视	(fǔ shì)
俯首	(fǔ shǒu)
俯首称臣	(fǔ shǒu chēng chén)
俯首帖耳	(fǔ shǒu tiē ěr)
俯卧	(fǔ wò)
俯卧撑	(fǔ wò chēng)
俯仰	(fǔ yǎng)
俯仰无愧	(fǔ yǎng wú kuì)
俯仰之间	(fǔ yǎng zhī jiān)
付	(fù)
付出	(fù chū)
付方	(fù fāng)
付费	(fù fèi)
付费墙	(fù fèi qiáng)
付给	(fù gěi)
付款	(fù kuǎn)
付款方式	(fù kuǎn fāng shì)
付款条件	(fù kuǎn tiáo jiàn)
付讫	(fù qì)
付钱	(fù qián)
付清	(fù qīng)
付托	(fù tuō)
付现	(fù xiàn)
付印	(fù yìn)
付账	(fù zhàng)
付之丙丁	(fù zhī bǐng dīng)
付之东流	(fù zhī dōng liú)
付之度外	(fù zhī dù wài)
付之行动	(fù zhī xíng dòng)
付之一炬	(fù zhī yī jù)
付之一叹	(fù zhī yī tàn)
付之一笑	(fù zhī yī xiào)
付诸	(fù zhū)
付诸东流	(fù zhū dōng liú)
付诸实施	(fù zhū shí shī)
付梓	(fù zǐ)
妇	(fù)
妇产科	(fù chǎn kē)
妇道人家	(fù dao rén jia)
妇姑勃溪	(fù gū bó xī)
妇好	(fù hǎo)
妇检	(fù jiǎn)
妇科	(fù kē)
妇联	(fù lián)
妇女	(fù nǚ)
妇女节	(fù nǚ jié)
妇女能顶半边天	(fù nǚ néng dǐng bàn biān tiān)
妇女运动	(fù nǚ yùn dòng)
妇女主任	(fù nǚ zhǔ rèn)
妇人	(fù rén)
妇人之仁	(fù rén zhī rén)
妇孺	(fù rú)
妇孺皆知	(fù rú jiē zhī)
妇洗器	(fù xǐ qì)
妇幼	(fù yòu)
附	(fù)
咐	(fù)
柎	(fū)
复	(fù)
复查	(fù chá)
复称	(fù chēng)
复秤	(fù chèng)
复仇	(fù chóu)
复出	(fù chū)
复大	(fù dà)
复旦	(fù dàn)
复旦大学	(fù dàn dà xué)
复读	(fù dú)
复读生	(fù dú shēng)
复发	(fù fā)
复返	(fù fǎn)
复分解反应	(fù fēn jiě fǎn yìng)
复岗	(fù gǎng)
复工	(fù gōng)
复古	(fù gǔ)
复古会	(fù gǔ huì)
复归	(fù guī)
复合	(fù hé)
复核	(fù hé)
复会	(fù huì)
复婚	(fù hūn)
复活	(fù huó)
复活节	(fù huó jié)
复活节岛	(fù huó jié dǎo)
复活赛	(fù huó sài)
复健	(fù jiàn)
复交	(fù jiāo)
复旧	(fù jiù)
复刻	(fù kè)
复课	(fù kè)
复理石	(fù lǐ shí)
复联	(fù lián)
复萌	(fù méng)
复明	(fù míng)
复命	(fù mìng)
复盘	(fù pán)
复辟	(fù bì)
复权	(fù quán)
复社	(fù shè)
复审	(fù shěn)
复生	(fù shēng)
复驶	(fù shǐ)
复市	(fù shì)
复苏	(fù sū)
复位	(fù wèi)
复吸	(fù xī)
复习	(fù xí)
复现	(fù xiàn)
复信	(fù xìn)
复兴	(fù xīng)
复兴党	(fù xīng dǎng)
复兴门	(fù xīng mén)
复兴区	(fù xīng qū)
复兴时代	(fù xīng shí dài)
复姓	(fù xìng)
复修	(fù xiū)
复学	(fù xué)
复阳	(fù yáng)
复议	(fù yì)
复映片	(fù yìng piàn)
复元	(fù yuán)
复员	(fù yuán)
复原	(fù yuán)
复原乳	(fù yuán rǔ)
复诊	(fù zhěn)
复职	(fù zhí)
复转	(fù zhuǎn)
副	(fù)
副本	(fù běn)
副标题	(fù biāo tí)
副部长	(fù bù zhǎng)
副菜	(fù cài)
副产品	(fù chǎn pǐn)
副产物	(fù chǎn wù)
副词	(fù cí)
副档名	(fù dàng míng)
副地级市	(fù dì jí shì)
副法向量	(fù fǎ xiàng liàng)
副歌	(fù gē)
副官	(fù guān)
副国务卿	(fù guó wù qīng)
副甲状腺	(fù jiǎ zhuàng xiàn)
副甲状腺素	(fù jiǎ zhuàng xiàn sù)
副驾驶	(fù jià shǐ)
副驾驶员	(fù jià shǐ yuán)
副驾驶座	(fù jià shǐ zuò)
副将	(fù jiàng)
副教授	(fù jiào shòu)
副经理	(fù jīng lǐ)
副刊	(fù kān)
副科	(fù kē)
副理	(fù lǐ)
副秘书长	(fù mì shū zhǎng)
副黏液病毒	(fù nián yè bìng dú)
副品	(fù pǐn)
副热带	(fù rè dài)
副乳	(fù rǔ)
副伤寒	(fù shāng hán)
副肾	(fù shèn)
副省级	(fù shěng jí)
副省级城市	(fù shěng jí chéng shì)
副食	(fù shí)
副食品	(fù shí pǐn)
副市长	(fù shì zhǎng)
副室	(fù shì)
副手	(fù shǒu)
副书记	(fù shū ji)
副司令	(fù sī lìng)
副相	(fù xiàng)
副校长	(fù xiào zhǎng)
副学士	(fù xué shì)
副业	(fù yè)
副议长	(fù yì zhǎng)
副翼	(fù yì)
副院长	(fù yuàn zhǎng)
副州长	(fù zhōu zhǎng)
副主任	(fù zhǔ rèn)
副主席	(fù zhǔ xí)
副总裁	(fù zǒng cái)
副总理	(fù zǒng lǐ)
副总统	(fù zǒng tǒng)
副作用	(fù zuò yòng)
偩	(fù)
傅	(fù)
傅会	(fù huì)
傅柯	(fù kē)
傅科摆	(fù kē bǎi)
傅里叶	(fù lǐ yè)
傅立叶	(fù lì yè)
傅立叶变换	(fù lì yè biàn huàn)
傅说	(fù shuō)
富	(fù)
富不过三代	(fù bù guò sān dài)
富布赖特	(fù bù lài tè)
富川瑶族自治县	(fù chuān yáo zú zì zhì xiàn)
富春江	(fù chūn jiāng)
富得流油	(fù de liú yóu)
富二代	(fù èr dài)
富富有余	(fù fù yǒu yú)
富哥	(fù gē)
富贵	(fù guì)
富贵包	(fù guì bāo)
富贵病	(fù guì bìng)
富贵不能淫	(fù guì bù néng yín)
富贵角	(fù guì jiǎo)
富贵寿考	(fù guì shòu kǎo)
富贵竹	(fù guì zhú)
富国	(fù guó)
富国安民	(fù guó ān mín)
富国强兵	(fù guó qiáng bīng)
富含	(fù hán)
富豪	(fù háo)
富户	(fù hù)
富家翁	(fù jiā wēng)
富甲一方	(fù jiǎ yī fāng)
富锦市	(fù jǐn shì)
富可敌国	(fù kě dí guó)
富矿	(fù kuàng)
富拉尔基区	(fù lā ěr jī qū)
富兰克林	(fù lán kè lín)
富里	(fù lǐ)
富里乡	(fù lǐ xiāng)
富丽堂皇	(fù lì táng huáng)
富良野	(fù liáng yě)
富民	(fù mín)
富民县	(fù mín xiàn)
富纳富提	(fù nà fù tí)
富宁县	(fù níng xiàn)
富农	(fù nóng)
富平县	(fù píng xiàn)
富婆	(fù pó)
富强	(fù qiáng)
富饶	(fù ráo)
富人	(fù rén)
富色彩	(fù sè cǎi)
富商	(fù shāng)
富商大贾	(fù shāng dà gǔ)
富商巨贾	(fù shāng jù gǔ)
富时	(fù shí)
富士	(fù shì)
富士康	(fù shì kāng)
富士康科技集团	(fù shì kāng kē jì jí tuán)
富士山	(fù shì shān)
富士通	(fù shì tōng)
富庶	(fù shù)
富孀	(fù shuāng)
富顺县	(fù shùn xiàn)
富态	(fù tai)
富铁土	(fù tiě tǔ)
富文本	(fù wén běn)
富翁	(fù wēng)
富县	(fù xiàn)
富阳区	(fù yáng qū)
富养	(fù yǎng)
富有	(fù yǒu)
富于	(fù yú)
富余	(fù yu)
富裕	(fù yù)
富裕县	(fù yù xiàn)
富源县	(fù yuán xiàn)
富蕴县	(fù yùn xiàn)
富足	(fù zú)
旮	(gā)
旮旯	(gā lá)
旮旯儿	(gā lá r)
伽	(gā)
伽蓝	(qié lán)
伽利略	(jiā lì lüè)
伽利略·伽利雷	(jiā lì lüè · jiā lì léi)
伽罗华	(jiā luó huá)
伽罗华理论	(jiā luó huá lǐ lùn)
伽罗瓦	(jiā luó wǎ)
伽罗瓦理论	(jiā luó wǎ lǐ lùn)
伽马	(gā mǎ)
伽马辐射	(jiā mǎ fú shè)
伽马射线	(gā mǎ shè xiàn)
伽玛	(gā mǎ)
伽玛射线	(jiā mǎ shè xiàn)
伽师县	(jiā shī xiàn)
伽倻	(jiā yē)
伽倻琴	(jiā yē qín)
呷	(xiā)
呷呷	(gā gā)
嘎	(gā)
嘎嘎	(gā gā)
嘎嘎小姐	(gā gā xiǎo jie)
嘎拉哈	(gā lā hà)
嘎啦	(gá la)
嘎了	(gǎ le)
嘎然	(gā rán)
嘎吱	(gā zhī)
尜	(gá)
尜儿	(gá r)
尜尜	(gá ga)
噶	(gá)
噶嘣	(gá bēng)
噶布伦	(gá bù lún)
噶嗒	(gá dā)
噶当派	(gá dāng pài)
噶尔县	(gá ěr xiàn)
噶霏	(gá fēi)
噶哈巫族	(gá hā wū zú)
噶举派	(gá jǔ pài)
噶拉	(gá lā)
噶拉·多杰·仁波切	(gá lā · duō jié · rén bō qiè)
噶喇	(gá lǎ)
噶啷啷	(gá lāng lāng)
噶隆	(gá lóng)
噶伦	(gá lún)
噶玛兰	(gá mǎ lán)
噶玛兰族	(gá mǎ lán zú)
尕	(gǎ)
尬	(gà)
尬电	(gà diàn)
尬聊	(gà liáo)
尬舞	(gà wǔ)
尬意	(gà yì)
侅	(gāi)
垓	(gāi)
垓下	(gāi xià)
㱾	(gāi)
改	(gǎi)
改版	(gǎi bǎn)
改编	(gǎi biān)
改变	(gǎi biàn)
改朝	(gǎi cháo)
改朝换代	(gǎi cháo huàn dài)
改称	(gǎi chēng)
改成	(gǎi chéng)
改错	(gǎi cuò)
改刀	(gǎi dāo)
改道	(gǎi dào)
改掉	(gǎi diào)
改订	(gǎi dìng)
改动	(gǎi dòng)
改恶向善	(gǎi è xiàng shàn)
改稿	(gǎi gǎo)
改革	(gǎi gé)
改革家	(gǎi gé jiā)
改革开放	(gǎi gé kāi fàng)
改革派	(gǎi gé pài)
改革者	(gǎi gé zhě)
改观	(gǎi guān)
改过	(gǎi guò)
改过自新	(gǎi guò zì xīn)
改换	(gǎi huàn)
改换门庭	(gǎi huàn mén tíng)
改悔	(gǎi huǐ)
改嫁	(gǎi jià)
改建	(gǎi jiàn)
改进	(gǎi jìn)
改口	(gǎi kǒu)
改口费	(gǎi kǒu fèi)
改款	(gǎi kuǎn)
改隶	(gǎi lì)
改良	(gǎi liáng)
改良主义	(gǎi liáng zhǔ yì)
改名	(gǎi míng)
改判	(gǎi pàn)
改期	(gǎi qī)
改签	(gǎi qiān)
改日	(gǎi rì)
改善	(gǎi shàn)
改水	(gǎi shuǐ)
改天	(gǎi tiān)
改头换面	(gǎi tóu huàn miàn)
改图	(gǎi tú)
改为	(gǎi wéi)
改弦易辙	(gǎi xián yì zhé)
改邪归正	(gǎi xié guī zhèng)
改写	(gǎi xiě)
改信	(gǎi xìn)
改行	(gǎi háng)
改选	(gǎi xuǎn)
改学	(gǎi xué)
改样	(gǎi yàng)
改业	(gǎi yè)
改译	(gǎi yì)
改易	(gǎi yì)
改用	(gǎi yòng)
改元	(gǎi yuán)
改运	(gǎi yùn)
改造	(gǎi zào)
改则县	(gǎi zé xiàn)
改正	(gǎi zhèng)
改制	(gǎi zhì)
改装	(gǎi zhuāng)
改锥	(gǎi zhuī)
改组	(gǎi zǔ)
改嘴	(gǎi zuǐ)
丐	(gài)
丐版	(gài bǎn)
丐帮	(gài bāng)
乢	(gài)
概	(gài)
概测法	(gài cè fǎ)
概而不论	(gài ér bù lùn)
概而言之	(gài ér yán zhī)
概观	(gài guān)
概况	(gài kuàng)
概括	(gài kuò)
概括化	(gài kuò huà)
概览	(gài lǎn)
概论	(gài lùn)
概率	(gài lǜ)
概率论	(gài lǜ lùn)
概念	(gài niàn)
概念地图	(gài niàn dì tú)
概念化	(gài niàn huà)
概念驱动加工	(gài niàn qū dòng jiā gōng)
概念验证	(gài niàn yàn zhèng)
概述	(gài shù)
概数	(gài shù)
概形	(gài xíng)
概型	(gài xíng)
概型理论	(gài xíng lǐ lùn)
概要	(gài yào)
戤	(gài)
槪	(gài)
攼	(hàn)
杆	(gǎn)
杆秤	(gǎn chèng)
杆弟	(gān dì)
杆菌	(gǎn jūn)
杆子	(gǎn zi)
坩	(gān)
坩埚	(gān guō)
柑	(gān)
柑橘	(gān jú)
柑橘酱	(gān jú jiàng)
尴	(gān)
尴尬	(gān gà)
尲	(gān)
尶	(gān)
敢	(gǎn)
敢不从命	(gǎn bù cóng mìng)
敢达	(gǎn dá)
敢打敢冲	(gǎn dǎ gǎn chōng)
敢怒而不敢言	(gǎn nù ér bù gǎn yán)
敢情	(gǎn qing)
敢死队	(gǎn sǐ duì)
敢为	(gǎn wéi)
敢为人先	(gǎn wéi rén xiān)
敢言	(gǎn yán)
敢于	(gǎn yú)
敢作敢当	(gǎn zuò gǎn dāng)
敢作敢为	(gǎn zuò gǎn wéi)
敢做敢当	(gǎn zuò gǎn dāng)
感	(gǎn)
感测器	(gǎn cè qì)
感触	(gǎn chù)
感戴	(gǎn dài)
感到	(gǎn dào)
感动	(gǎn dòng)
感恩	(gǎn ēn)
感恩戴德	(gǎn ēn dài dé)
感恩节	(gǎn ēn jié)
感恩图报	(gǎn ēn tú bào)
感发	(gǎn fā)
感奋	(gǎn fèn)
感愤	(gǎn fèn)
感官	(gǎn guān)
感光	(gǎn guāng)
感光鼓	(gǎn guāng gǔ)
感化	(gǎn huà)
感化院	(gǎn huà yuàn)
感怀	(gǎn huái)
感激	(gǎn jī)
感激不尽	(gǎn jī bù jìn)
感激涕零	(gǎn jī tì líng)
感觉	(gǎn jué)
感觉到	(gǎn jué dào)
感觉器	(gǎn jué qì)
感觉器官	(gǎn jué qì guān)
感慨	(gǎn kǎi)
感喟	(gǎn kuì)
感愧	(gǎn kuì)
感冒	(gǎn mào)
感冒药	(gǎn mào yào)
感念	(gǎn niàn)
感佩	(gǎn pèi)
感情	(gǎn qíng)
感情史	(gǎn qíng shǐ)
感情用事	(gǎn qíng yòng shì)
感染	(gǎn rǎn)
感染力	(gǎn rǎn lì)
感染率	(gǎn rǎn lǜ)
感染人数	(gǎn rǎn rén shù)
感染性腹泻	(gǎn rǎn xìng fù xiè)
感染者	(gǎn rǎn zhě)
感人	(gǎn rén)
感人肺腑	(gǎn rén fèi fǔ)
感人至深	(gǎn rén zhì shēn)
感伤	(gǎn shāng)
感生	(gǎn shēng)
感受	(gǎn shòu)
感受器	(gǎn shòu qì)
感叹	(gǎn tàn)
感叹词	(gǎn tàn cí)
感叹号	(gǎn tàn hào)
感叹句	(gǎn tàn jù)
感叹语	(gǎn tàn yǔ)
感天动地	(gǎn tiān dòng dì)
感同身受	(gǎn tóng shēn shòu)
感悟	(gǎn wù)
感想	(gǎn xiǎng)
感谢	(gǎn xiè)
感兴趣	(gǎn xìng qù)
感性	(gǎn xìng)
感性工学	(gǎn xìng gōng xué)
感性认识	(gǎn xìng rèn shi)
感应	(gǎn yìng)
感应器	(gǎn yìng qì)
感应线圈	(gǎn yìng xiàn quān)
感遇	(gǎn yù)
感遇诗	(gǎn yù shī)
感召	(gǎn zhào)
感召力	(gǎn zhào lì)
感知	(gǎn zhī)
感知力	(gǎn zhī lì)
感质	(gǎn zhì)
橄	(gǎn)
橄榄	(gǎn lǎn)
橄榄绿	(gǎn lǎn lǜ)
橄榄球	(gǎn lǎn qiú)
橄榄山	(gǎn lǎn shān)
橄榄石	(gǎn lǎn shí)
橄榄树	(gǎn lǎn shù)
橄榄岩	(gǎn lǎn yán)
橄榄油	(gǎn lǎn yóu)
橄榄枝	(gǎn lǎn zhī)
擀	(gǎn)
擀面杖	(gǎn miàn zhàng)
干	(gān)
干案	(gàn àn)
干巴巴	(gān bā bā)
干宝	(gān bǎo)
干杯	(gān bēi)
干贝	(gān bèi)
干煸	(gān biān)
干煸豆角	(gān biān dòu jiǎo)
干煸四季豆	(gān biān sì jì dòu)
干煸土豆丝	(gān biān tǔ dòu sī)
干瘪	(gān biě)
干冰	(gān bīng)
干部	(gàn bù)
干才	(gàn cái)
干材	(gàn cái)
干菜	(gān cài)
干草	(gān cǎo)
干柴烈火	(gān chái liè huǒ)
干潮	(gān cháo)
干脆	(gān cuì)
干脆利落	(gān cuì lì luo)
干打雷，不下雨	(gān dǎ léi , bù xià yǔ)
干打垒	(gān dǎ lěi)
干道	(gàn dào)
干等	(gān děng)
干瞪眼	(gān dèng yǎn)
干电池	(gān diàn chí)
干掉	(gàn diào)
干爹	(gān diē)
干儿	(gān r)
干儿子	(gān ér zi)
干饭	(gàn fàn)
干粉	(gān fěn)
干俸	(gān fèng)
干戈	(gān gē)
干锅	(gān guō)
干果	(gān guǒ)
干咳	(gān ké)
干旱	(gān hàn)
干旱土	(gān hàn tǔ)
干嚎	(gān háo)
干号	(gān háo)
干涸	(gān hé)
干话	(gàn huà)
干哕	(gān yue)
干活	(gàn huó)
干活儿	(gàn huó r)
干货	(gān huò)
干架	(gàn jià)
干将	(gàn jiàng)
干姜	(gān jiāng)
干劲	(gàn jìn)
干警	(gàn jǐng)
干净	(gān jìng)
干净利落	(gān jìng lì luo)
干渴	(gān kě)
干枯	(gān kū)
干酪	(gān lào)
干酪素	(gān lào sù)
干练	(gàn liàn)
干粮	(gān liáng)
干粮袋	(gān liáng dài)
干裂	(gān liè)
干流	(gàn liú)
干馏	(gān liú)
干妈	(gān mā)
干吗	(gàn má)
干嘛	(gàn má)
干么	(gàn má)
干梅子	(gān méi zi)
干面	(gān miàn)
干挠	(gān náo)
干你娘	(gàn nǐ niáng)
干娘	(gān niáng)
干女儿	(gān nǚ ér)
干呕	(gān ǒu)
干渠	(gàn qú)
干群	(gàn qún)
干扰	(gān rǎo)
干扰素	(gān rǎo sù)
干涩	(gān sè)
干涉	(gān shè)
干涉仪	(gān shè yí)
干什么	(gàn shén me)
干尸	(gān shī)
干事	(gàn shi)
干事长	(gàn shi zhǎng)
干手机	(gān shǒu jī)
干瘦	(gān shòu)
干爽	(gān shuǎng)
干透	(gān tòu)
干物女	(gān wù nǚ)
干洗	(gān xǐ)
干系	(gān xì)
干细胞	(gàn xì bāo)
干线	(gàn xiàn)
干校	(gàn xiào)
干笑	(gān xiào)
干休	(gān xiū)
干癣	(gān xuǎn)
干眼症	(gān yǎn zhèng)
干叶	(gān yè)
干谒	(gān yè)
干衣	(gān yī)
干邑	(gān yì)
干与	(gān yù)
干预	(gān yù)
干燥	(gān zào)
干燥机	(gān zào jī)
干燥剂	(gān zào jì)
干仗	(gàn zhàng)
干着急	(gān zháo jí)
干证	(gān zhèng)
干政	(gān zhèng)
干支	(gān zhī)
旰	(gàn)
倝	(gàn)
榦	(gàn)
檊	(gàn)
冈	(gāng)
冈本	(gāng běn)
冈比亚	(gāng bǐ yà)
冈底斯山	(gāng dǐ sī shān)
冈底斯山脉	(gāng dǐ sī shān mài)
冈仁波齐	(gāng rén bō qí)
冈仁波齐峰	(gāng rén bō qí fēng)
冈山	(gāng shān)
冈山区	(gāng shān qū)
冈上肌	(gāng shàng jī)
冈田	(gāng tián)
冈下肌	(gāng xià jī)
冮	(gāng)
刚	(gāng)
刚愎	(gāng bì)
刚愎自用	(gāng bì zì yòng)
刚才	(gāng cái)
刚察县	(gāng chá xiàn)
刚度	(gāng dù)
刚刚	(gāng gang)
刚果	(gāng guǒ)
刚果河	(gāng guǒ hé)
刚果民主共和国	(gāng guǒ mín zhǔ gòng hé guó)
刚好	(gāng hǎo)
刚架	(gāng jià)
刚健	(gāng jiàn)
刚劲	(gāng jìng)
刚烈	(gāng liè)
刚毛	(gāng máo)
刚强	(gāng qiáng)
刚巧	(gāng qiǎo)
刚柔并济	(gāng róu bìng jì)
刚体	(gāng tǐ)
刚性	(gāng xìng)
刚需	(gāng xū)
刚一	(gāng yī)
刚毅	(gāng yì)
刚毅木讷	(gāng yì mù nè)
刚玉	(gāng yù)
刚正	(gāng zhèng)
刚正不阿	(gāng zhèng bù ē)
刚直	(gāng zhí)
堈	(gāng)
堽	(gāng)
岗	(gǎng)
岗巴县	(gǎng bā xiàn)
岗地	(gǎng dì)
岗卡	(gǎng qiǎ)
岗楼	(gǎng lóu)
岗仁波齐	(gǎng rén bō qí)
岗哨	(gǎng shào)
岗亭	(gǎng tíng)
岗位	(gǎng wèi)
岗位工资	(gǎng wèi gōng zī)
岗位津贴	(gǎng wèi jīn tiē)
岗位培训	(gǎng wèi péi xùn)
岗子	(gǎng zi)
杠	(gàng)
杠荡	(gàng dàng)
杠刀	(gàng dāo)
杠掉	(gàng diào)
杠夫	(gàng fū)
杠杆	(gàng gǎn)
杠杆收购	(gàng gǎn shōu gòu)
杠杠的	(gáng gáng de)
杠龟	(gàng guī)
杠精	(gàng jīng)
杠铃	(gàng líng)
杠上	(gàng shàng)
杠头	(gàng tóu)
杠子	(gàng zi)
戆	(zhuàng)
戆督	(gàng dū)
戆头戆脑	(gàng tóu gàng nǎo)
槔	(gāo)
槹	(gāo)
櫜	(gāo)
杲	(gǎo)
搞	(gǎo)
搞不懂	(gǎo bu dǒng)
搞不好	(gǎo bu hǎo)
搞错	(gǎo cuò)
搞定	(gǎo dìng)
搞怪	(gǎo guài)
搞鬼	(gǎo guǐ)
搞好	(gǎo hǎo)
搞花样	(gǎo huā yàng)
搞花样儿	(gǎo huā yàng r)
搞混	(gǎo hùn)
搞活	(gǎo huó)
搞基	(gǎo jī)
搞乱	(gǎo luàn)
搞毛	(gǎo máo)
搞钱	(gǎo qián)
搞通	(gǎo tōng)
搞头	(gǎo tou)
搞乌龙	(gǎo wū lóng)
搞笑	(gǎo xiào)
搞笑片	(gǎo xiào piàn)
搞砸	(gǎo zá)
槁	(gǎo)
吿	(gào)
告	(gào)
告白	(gào bái)
告便	(gào biàn)
告别	(gào bié)
告别式	(gào bié shì)
告吹	(gào chuī)
告辞	(gào cí)
告儿	(gào r)
告发	(gào fā)
告急	(gào jí)
告捷	(gào jié)
告解	(gào jiě)
告戒	(gào jiè)
告诫	(gào jiè)
告竣	(gào jùn)
告老还乡	(gào lǎo huán xiāng)
告密	(gào mì)
告密者	(gào mì zhě)
告罄	(gào qìng)
告求	(gào qiú)
告饶	(gào ráo)
告示	(gào shi)
告示牌	(gào shì pái)
告送	(gào song)
告诵	(gào sòng)
告诉	(gào su)
告退	(gào tuì)
告慰	(gào wèi)
告一段落	(gào yī duàn luò)
告语	(gào yǔ)
告谕	(gào yù)
告之	(gào zhī)
告知	(gào zhī)
告终	(gào zhōng)
告状	(gào zhuàng)
暠	(gǎo)
戈	(gē)
戈比	(gē bǐ)
戈壁	(gē bì)
戈壁荒滩	(gē bì huāng tān)
戈壁沙漠	(gē bì shā mò)
戈壁滩	(gē bì tān)
戈船	(gē chuán)
戈德斯通	(gē dé sī tōng)
戈尔	(gē ěr)
戈尔巴乔夫	(gē ěr bā qiáo fū)
戈兰高地	(gē lán gāo dì)
戈雷	(gē léi)
戈培尔	(gē péi ěr)
戈瑞	(gē ruì)
戈氏金丝燕	(gē shì jīn sī yàn)
戈氏岩鹀	(gē shì yán wú)
戈斯拉尔	(gē sī lā ěr)
仡	(gē)
仡佬	(gē lǎo)
仡佬族	(gē lǎo zú)
圪垯	(gē da)
咯	(luò)
咯嚓	(gē chā)
咯噔	(gē dēng)
咯咯	(gē gē)
咯咯哒	(gē gē dā)
咯咯笑	(gē gē xiào)
咯血	(kǎ xiě)
咯吱	(gē zhī)
哥	(gē)
哥白尼	(gē bái ní)
哥本哈根	(gē běn hā gēn)
哥布林	(gē bù lín)
哥打巴鲁	(gē dǎ bā lǔ)
哥大	(gē dà)
哥德	(gē dé)
哥德巴赫猜想	(gē dé bā hè cāi xiǎng)
哥德堡	(gē dé bǎo)
哥德式	(gē dé shì)
哥儿	(gē r)
哥哥	(gē ge)
哥吉拉	(gē jí lā)
哥老会	(gē lǎo huì)
哥利亚	(gē lì yà)
哥俩	(gē liǎ)
哥林多	(gē lín duō)
哥林多后书	(gē lín duō hòu shū)
哥林多前书	(gē lín duō qián shū)
哥伦比亚	(gē lún bǐ yà)
哥伦比亚大学	(gē lún bǐ yà dà xué)
哥伦比亚广播公司	(gē lún bǐ yà guǎng bō gōng sī)
哥伦比亚特区	(gē lún bǐ yà tè qū)
哥伦布	(gē lún bù)
哥们	(gē men)
哥们儿	(gē men r)
哥尼斯堡	(gē ní sī bǎo)
哥萨克	(gē sà kè)
哥斯达黎加	(gē sī dá lí jiā)
哥斯大黎加	(gē sī dà lí jiā)
哥斯拉	(gē sī lā)
哥特	(gē tè)
哥特人	(gē tè rén)
哥特式	(gē tè shì)
搁	(gē)
搁板	(gē bǎn)
搁笔	(gē bǐ)
搁脚板	(gē jiǎo bǎn)
搁脚物	(gē jiǎo wù)
搁浅	(gē qiǎn)
搁置	(gē zhì)
割	(gē)
割爱	(gē ài)
割包皮	(gē bāo pí)
割草	(gē cǎo)
割草机	(gē cǎo jī)
割除	(gē chú)
割断	(gē duàn)
割股疗亲	(gē gǔ liáo qīn)
割鸡焉用牛刀	(gē jī yān yòng niú dāo)
割接	(gē jiē)
割韭菜	(gē jiǔ cài)
割据	(gē jù)
割礼	(gē lǐ)
割裂	(gē liè)
割袍断义	(gē páo duàn yì)
割弃	(gē qì)
割取	(gē qǔ)
割让	(gē ràng)
割肉	(gē ròu)
割伤	(gē shāng)
割舍	(gē shě)
割损	(gē sǔn)
割腕	(gē wàn)
割席	(gē xí)
割线	(gē xiàn)
歌	(gē)
歌百灵	(gē bǎi líng)
歌唱	(gē chàng)
歌唱家	(gē chàng jiā)
歌唱赛	(gē chàng sài)
歌词	(gē cí)
歌单	(gē dān)
歌德	(gē dé)
歌碟	(gē dié)
歌儿	(gē r)
歌功颂德	(gē gōng sòng dé)
歌喉	(gē hóu)
歌后	(gē hòu)
歌姬	(gē jī)
歌剧	(gē jù)
歌剧院	(gē jù yuàn)
歌剧院魅影	(gē jù yuàn mèi yǐng)
歌利亚	(gē lì yà)
歌罗西	(gē luó xī)
歌罗西书	(gē luó xī shū)
歌迷	(gē mí)
歌女	(gē nǚ)
歌曲	(gē qǔ)
歌声	(gē shēng)
歌诗达邮轮	(gē shī dá yóu lún)
歌手	(gē shǒu)
歌颂	(gē sòng)
歌台	(gē tái)
歌坛	(gē tán)
歌厅	(gē tīng)
歌舞	(gē wǔ)
歌舞伎	(gē wǔ jì)
歌舞升平	(gē wǔ shēng píng)
歌舞团	(gē wǔ tuán)
歌星	(gē xīng)
歌筵	(gē yán)
歌谣	(gē yáo)
歌吟	(gē yín)
歌咏	(gē yǒng)
歌仔戏	(gē zǎi xì)
歌子	(gē zi)
挌	(gé)
格	(gé)
格但斯克	(gé dàn sī kè)
格挡	(gé dǎng)
格登	(gē dēng)
格调	(gé diào)
格斗	(gé dòu)
格恩西岛	(gé ēn xī dǎo)
格尔夫波特	(gé ěr fū bō tè)
格尔木市	(gé ěr mù shì)
格格	(gé ge)
格格不入	(gé gé bù rù)
格格笑	(gé gé xiào)
格机	(gé jī)
格局	(gé jú)
格拉	(gé lā)
格拉茨	(gé lā cí)
格拉汉姆	(gé lā hàn mǔ)
格拉纳达	(gé lā nà dá)
格拉斯哥	(gé lā sī gē)
格莱美奖	(gé lái měi jiǎng)
格兰芬多	(gé lán fēn duō)
格兰氏阴性	(gé lán shì yīn xìng)
格兰特	(gé lán tè)
格勒	(gé lè)
格勒诺布尔	(gé lè nuò bù ěr)
格雷	(gé léi)
格雷伯爵茶	(gé léi bó jué chá)
格雷茅斯	(gé léi máo sī)
格雷氏解剖学	(gé léi shì jiě pōu xué)
格里高利	(gé lǐ gāo lì)
格里姆斯塔	(gé lǐ mǔ sī tǎ)
格力	(gé lì)
格列高利历	(gé liè gāo lì lì)
格林	(gé lín)
格林多	(gé lín duō)
格林纳达	(gé lín nà dá)
格林奈尔大学	(gé lín nài ěr dà xué)
格林尼治	(gé lín ní zhì)
格林尼治本初子午线	(gé lín ní zhì běn chū zǐ wǔ xiàn)
格林尼治标准时间	(gé lín ní zhì biāo zhǔn shí jiān)
格林斯班	(gé lín sī bān)
格林童话	(gé lín tóng huà)
格林威治	(gé lín wēi zhì)
格林威治标准时间	(gé lín wēi zhì biāo zhǔn shí jiān)
格林威治村	(gé lín wēi zhì cūn)
格陵兰	(gé líng lán)
格陵兰岛	(gé líng lán dǎo)
格鲁吉亚	(gé lǔ jí yà)
格鲁吉亚人	(gé lǔ jí yà rén)
格鲁派	(gé lǔ pài)
格罗宁根	(gé luó níng gēn)
格罗兹尼	(gé luó zī ní)
格洛纳斯	(gé luò nà sī)
格洛斯特	(gé luò sī tè)
格洛斯特郡	(gé luò sī tè jùn)
格律	(gé lǜ)
格涅沙	(gé niè shā)
格瑞那达	(gé ruì nà dá)
格萨尔	(gé sà ěr)
格杀勿论	(gé shā wù lùn)
格筛	(gé shāi)
格式	(gé shì)
格式化	(gé shì huà)
格式塔	(gé shì tǎ)
格式塔疗法	(gé shì tǎ liáo fǎ)
格瓦斯	(gé wǎ sī)
格外	(gé wài)
格网	(gé wǎng)
格位	(gé wèi)
格物	(gé wù)
格物致知	(gé wù zhì zhī)
格言	(gé yán)
格栅	(gé shān)
格致	(gé zhì)
格子	(gé zi)
格子花呢	(gé zi huā ní)
格子间	(gé zi jiān)
格子棉布	(gé zi mián bù)
格子呢	(gé zi ní)
塥	(gé)
嗝	(gé)
嗝儿屁	(gé r pì)
嗝屁	(gé pì)
搿	(gé)
哿	(gě)
个	(gè)
个案	(gè àn)
个把	(gè bǎ)
个别	(gè bié)
个顶个	(gè dǐng gè)
个儿	(gè r)
个个	(gè gè)
个股	(gè gǔ)
个护	(gè hù)
个旧市	(gè jiù shì)
个例	(gè lì)
个人	(gè rén)
个人崇拜	(gè rén chóng bài)
个人储蓄	(gè rén chǔ xù)
个人电脑	(gè rén diàn nǎo)
个人赛	(gè rén sài)
个人伤害	(gè rén shāng hài)
个人数字助理	(gè rén shù zì zhù lǐ)
个人隐私	(gè rén yǐn sī)
个人主义	(gè rén zhǔ yì)
个数	(gè shù)
个税	(gè shuì)
个体	(gè tǐ)
个体户	(gè tǐ hù)
个体经济学	(gè tǐ jīng jì xué)
个头	(ge tóu)
个头儿	(gè tóu r)
个位	(gè wèi)
个性	(gè xìng)
个性化	(gè xìng huà)
个展	(gè zhǎn)
个中	(gè zhōng)
个中人	(gè zhōng rén)
个资	(gè zī)
个子	(gè zi)
各	(gè)
各奔东西	(gè bèn dōng xī)
各奔前程	(gè bèn qián chéng)
各别	(gè bié)
各不相同	(gè bù xiāng tóng)
各持己见	(gè chí jǐ jiàn)
各处	(gè chù)
各打五十大板	(gè dǎ wǔ shí dà bǎn)
各得其所	(gè dé qí suǒ)
各地	(gè dì)
各方	(gè fāng)
各个	(gè gè)
各国	(gè guó)
各级	(gè jí)
各界	(gè jiè)
各界人士	(gè jiè rén shì)
各尽所能	(gè jìn suǒ néng)
各就各位	(gè jiù gè wèi)
各拉丹冬峰	(gè lā dān dōng fēng)
各拉丹冬山	(gè lā dān dōng shān)
各类	(gè lèi)
各取所需	(gè qǔ suǒ xū)
各人	(gè rén)
各人自扫门前雪，莫管他家瓦上霜	(gè rén zì sǎo mén qián xuě , mò guǎn tā jiā wǎ shàng shuāng)
各色	(gè sè)
各色各样	(gè sè gè yàng)
各式各样	(gè shì gè yàng)
各抒己见	(gè shū jǐ jiàn)
各位	(gè wèi)
各显所长	(gè xiǎn suǒ cháng)
各行各业	(gè háng gè yè)
各行其是	(gè xíng qí shì)
各样	(gè yàng)
各异	(gè yì)
各有千秋	(gè yǒu qiān qiū)
各有所好	(gè yǒu suǒ hào)
各执己见	(gè zhí jǐ jiàn)
各执所见	(gè zhí suǒ jiàn)
各执一词	(gè zhí yī cí)
各种	(gè zhǒng)
各种各样	(gè zhǒng gè yàng)
各自	(gè zì)
各自为政	(gè zì wéi zhèng)
各族人民	(gè zú rén mín)
根	(gēn)
根本	(gēn běn)
根本法	(gēn běn fǎ)
根插	(gēn chā)
根茬	(gēn chá)
根除	(gēn chú)
根底	(gēn dǐ)
根柢	(gēn dǐ)
根管治疗	(gēn guǎn zhì liáo)
根号	(gēn hào)
根河市	(gēn hé shì)
根基	(gēn jī)
根茎	(gēn jīng)
根究	(gēn jiū)
根据	(gēn jù)
根据地	(gēn jù dì)
根绝	(gēn jué)
根瘤	(gēn liú)
根瘤菌	(gēn liú jūn)
根瘤菌属	(gēn liú jūn shǔ)
根目录	(gēn mù lù)
根深蒂固	(gēn shēn dì gù)
根深叶茂	(gēn shēn yè mào)
根式	(gēn shì)
根特	(gēn tè)
根西岛	(gēn xī dǎo)
根系	(gēn xì)
根性	(gēn xìng)
根须	(gēn xū)
根音	(gēn yīn)
根由	(gēn yóu)
根源	(gēn yuán)
根汁汽水	(gēn zhī qì shuǐ)
根治	(gēn zhì)
根状茎	(gēn zhuàng jīng)
哏	(hěn)
亘	(gèn)
亘古	(gèn gǔ)
亘古不变	(gèn gǔ bù biàn)
亘古通今	(gèn gǔ tōng jīn)
亘古未有	(gèn gǔ wèi yǒu)
庚	(gēng)
㹴	(gēng)
㹴犬	(gēng quǎn)
埂	(gěng)
埂子	(gěng zi)
哽	(gěng)
哽喉	(gěng hóu)
哽死	(gěng sǐ)
哽咽	(gěng yè)
哽噎	(gěng yē)
梗	(gěng)
梗概	(gěng gài)
梗塞	(gěng sè)
梗死	(gěng sǐ)
梗图	(gěng tú)
梗王	(gěng wáng)
梗咽	(gěng yè)
梗直	(gěng zhí)
梗阻	(gěng zǔ)
更	(gèng)
更博	(gēng bó)
更次	(gēng cì)
更代	(gēng dài)
更递	(gēng dì)
更迭	(gēng dié)
更动	(gēng dòng)
更番	(gēng fān)
更夫	(gēng fū)
更改	(gēng gǎi)
更鼓	(gēng gǔ)
更换	(gēng huàn)
更加	(gèng jiā)
更阑	(gēng lán)
更楼	(gēng lóu)
更漏	(gēng lòu)
更名	(gēng míng)
更年期	(gēng nián qī)
更仆难数	(gēng pú nán shǔ)
更上一层楼	(gèng shàng yī céng lóu)
更深	(gēng shēn)
更深人静	(gēng shēn rén jìng)
更生	(gēng shēng)
更胜	(gèng shèng)
更胜一筹	(gèng shèng yī chóu)
更始	(gēng shǐ)
更是	(gèng shì)
更替	(gēng tì)
更为	(gèng wéi)
更新	(gēng xīn)
更新换代	(gēng xīn huàn dài)
更新世	(gēng xīn shì)
更衣	(gēng yī)
更衣室	(gēng yī shì)
更有甚者	(gèng yǒu shèn zhě)
更张	(gēng zhāng)
更正	(gēng zhèng)
更卒	(gēng zú)
工	(gōng)
工笔	(gōng bǐ)
工兵	(gōng bīng)
工布江达县	(gōng bù jiāng dá xiàn)
工部	(gōng bù)
工厂	(gōng chǎng)
工程	(gōng chéng)
工程师	(gōng chéng shī)
工程图	(gōng chéng tú)
工程图学	(gōng chéng tú xué)
工程学	(gōng chéng xué)
工尺谱	(gōng chě pǔ)
工单	(gōng dān)
工党	(gōng dǎng)
工地	(gōng dì)
工地秀	(gōng dì xiù)
工读	(gōng dú)
工读生	(gōng dú shēng)
工读学校	(gōng dú xué xiào)
工坊	(gōng fáng)
工房	(gōng fáng)
工分	(gōng fēn)
工蜂	(gōng fēng)
工夫	(gōng fu)
工夫茶	(gōng fu chá)
工号	(gōng hào)
工会	(gōng huì)
工价	(gōng jià)
工件	(gōng jiàn)
工匠	(gōng jiàng)
工具	(gōng jù)
工具机	(gōng jù jī)
工具栏	(gōng jù lán)
工具链	(gōng jù liàn)
工具人	(gōng jù rén)
工具书	(gōng jù shū)
工具条	(gōng jù tiáo)
工具箱	(gōng jù xiāng)
工科	(gōng kē)
工口	(ēi luó)
工况	(gōng kuàng)
工矿	(gōng kuàng)
工矿用地	(gōng kuàng yòng dì)
工寮	(gōng liáo)
工龄	(gōng líng)
工农	(gōng nóng)
工农兵	(gōng nóng bīng)
工农区	(gōng nóng qū)
工农业	(gōng nóng yè)
工棚	(gōng péng)
工频	(gōng pín)
工期	(gōng qī)
工签	(gōng qiān)
工钱	(gōng qián)
工人	(gōng rén)
工人党	(gōng rén dǎng)
工人阶级	(gōng rén jiē jí)
工伤	(gōng shāng)
工伤假	(gōng shāng jià)
工商	(gōng shāng)
工商管理硕士	(gōng shāng guǎn lǐ shuò shì)
工商界	(gōng shāng jiè)
工商业	(gōng shāng yè)
工商银行	(gōng shāng yín háng)
工时	(gōng shí)
工事	(gōng shì)
工藤	(gōng téng)
工体	(gōng tǐ)
工头	(gōng tóu)
工委	(gōng wěi)
工位	(gōng wèi)
工校	(gōng xiào)
工薪阶层	(gōng xīn jiē céng)
工薪族	(gōng xīn zú)
工信部	(gōng xìn bù)
工行	(gōng háng)
工序	(gōng xù)
工学	(gōng xué)
工学院	(gōng xué yuàn)
工业	(gōng yè)
工业大学	(gōng yè dà xué)
工业国	(gōng yè guó)
工业化	(gōng yè huà)
工业化国家	(gōng yè huà guó jiā)
工业旅游	(gōng yè lǚ yóu)
工业品	(gōng yè pǐn)
工业区	(gōng yè qū)
工业设计	(gōng yè shè jì)
工业现代化	(gōng yè xiàn dài huà)
工业学校	(gōng yè xué xiào)
工业园区	(gōng yè yuán qū)
工蚁	(gōng yǐ)
工艺	(gōng yì)
工艺美术	(gōng yì měi shù)
工艺品	(gōng yì pǐn)
工友	(gōng yǒu)
工于心计	(gōng yú xīn jì)
工欲善其事，必先利其器	(gōng yù shàn qí shì , bì xiān lì qí qì)
工贼	(gōng zéi)
工整	(gōng zhěng)
工种	(gōng zhǒng)
工装	(gōng zhuāng)
工装裤	(gōng zhuāng kù)
工资	(gōng zī)
工资卡	(gōng zī kǎ)
工资帽	(gōng zī mào)
工字钢	(gōng zì gāng)
工字梁	(gōng zì liáng)
工作	(gōng zuò)
工作报告	(gōng zuò bào gào)
工作表	(gōng zuò biǎo)
工作餐	(gōng zuò cān)
工作单位	(gōng zuò dān wèi)
工作队	(gōng zuò duì)
工作坊	(gōng zuò fāng)
工作服	(gōng zuò fú)
工作管理员	(gōng zuò guǎn lǐ yuán)
工作过度	(gōng zuò guò dù)
工作记忆	(gōng zuò jì yì)
工作狂	(gōng zuò kuáng)
工作量	(gōng zuò liàng)
工作列	(gōng zuò liè)
工作流	(gōng zuò liú)
工作流程	(gōng zuò liú chéng)
工作面	(gōng zuò miàn)
工作犬	(gōng zuò quǎn)
工作人员	(gōng zuò rén yuán)
工作日	(gōng zuò rì)
工作时间	(gōng zuò shí jiān)
工作室	(gōng zuò shì)
工作台	(gōng zuò tái)
工作委员会	(gōng zuò wěi yuán huì)
工作站	(gōng zuò zhàn)
工作者	(gōng zuò zhě)
工作证	(gōng zuò zhèng)
工作组	(gōng zuò zǔ)
弓	(gōng)
弓背	(gōng bèi)
弓臂	(gōng bì)
弓虫	(gōng chóng)
弓箭	(gōng jiàn)
弓箭步	(gōng jiàn bù)
弓箭手	(gōng jiàn shǒu)
弓浆虫	(gōng jiāng chóng)
弓弩	(gōng nǔ)
弓弩手	(gōng nǔ shǒu)
弓身	(gōng shēn)
弓弦	(gōng xián)
弓弦儿	(gōng xián r)
弓形	(gōng xíng)
弓形虫	(gōng xíng chóng)
弓腰	(gōng yāo)
弓长岭区	(gōng cháng lǐng qū)
弓状	(gōng zhuàng)
弓足	(gōng zú)
厷	(gōng)
公	(gōng)
公安	(gōng ān)
公安部	(gōng ān bù)
公安官员	(gōng ān guān yuán)
公安机关	(gōng ān jī guān)
公安局	(gōng ān jú)
公安县	(gōng ān xiàn)
公案	(gōng àn)
公版	(gōng bǎn)
公办	(gōng bàn)
公报	(gōng bào)
公报私仇	(gōng bào sī chóu)
公倍式	(gōng bèi shì)
公倍数	(gōng bèi shù)
公秉	(gōng bǐng)
公布	(gōng bù)
公布栏	(gōng bù lán)
公厕	(gōng cè)
公测	(gōng cè)
公差	(gōng chā)
公产	(gōng chǎn)
公车	(gōng chē)
公称	(gōng chēng)
公尺	(gōng chǐ)
公出	(gōng chū)
公畜	(gōng chù)
公寸	(gōng cùn)
公撮	(gōng cuō)
公担	(gōng dàn)
公道	(gōng dào)
公德	(gōng dé)
公德心	(gōng dé xīn)
公地	(gōng dì)
公地悲剧	(gōng dì bēi jù)
公敌	(gōng dí)
公爹	(gōng diē)
公斗	(gōng dǒu)
公断	(gōng duàn)
公对公	(gōng duì gōng)
公吨	(gōng dūn)
公而忘私	(gōng ér wàng sī)
公法	(gōng fǎ)
公房	(gōng fáng)
公费	(gōng fèi)
公费医疗	(gōng fèi yī liáo)
公分	(gōng fēn)
公分母	(gōng fēn mǔ)
公愤	(gōng fèn)
公府	(gōng fǔ)
公干	(gōng gàn)
公告	(gōng gào)
公公	(gōng gong)
公共	(gōng gòng)
公共安全罪	(gōng gòng ān quán zuì)
公共财产	(gōng gòng cái chǎn)
公共场所	(gōng gòng chǎng suǒ)
公共道德	(gōng gòng dào dé)
公共关系	(gōng gòng guān xì)
公共假期	(gōng gòng jià qī)
公共交换电话网	(gōng gòng jiāo huàn diàn huà wǎng)
公共交通	(gōng gòng jiāo tōng)
公共开支	(gōng gòng kāi zhī)
公共零点	(gōng gòng líng diǎn)
公共汽车	(gōng gòng qì chē)
公共汽车站	(gōng gòng qì chē zhàn)
公共设施	(gōng gòng shè shī)
公共事业	(gōng gòng shì yè)
公共团体	(gōng gòng tuán tǐ)
公共卫生	(gōng gòng wèi shēng)
公共行政	(gōng gòng xíng zhèng)
公共休息室	(gōng gòng xiū xī shì)
公共知识分子	(gōng gòng zhī shi fèn zǐ)
公共秩序	(gōng gòng zhì xù)
公股	(gōng gǔ)
公关	(gōng guān)
公馆	(gōng guǎn)
公馆乡	(gōng guǎn xiāng)
公国	(gōng guó)
公哈	(gōng hā)
公海	(gōng hǎi)
公害	(gōng hài)
公函	(gōng hán)
公毫	(gōng háo)
公合	(gōng gě)
公会	(gōng huì)
公鸡	(gōng jī)
公积金	(gōng jī jīn)
公祭	(gōng jì)
公家	(gōng jiā)
公家机关	(gōng jiā jī guān)
公假	(gōng jià)
公检法	(gōng jiǎn fǎ)
公交	(gōng jiāo)
公交车	(gōng jiāo chē)
公交卡	(gōng jiāo kǎ)
公交站	(gōng jiāo zhàn)
公斤	(gōng jīn)
公举	(gōng jǔ)
公决	(gōng jué)
公爵	(gōng jué)
公爵夫人	(gōng jué fū rén)
公开	(gōng kāi)
公开化	(gōng kāi huà)
公开赛	(gōng kāi sài)
公开讨论会	(gōng kāi tǎo lùn huì)
公开信	(gōng kāi xìn)
公克	(gōng kè)
公筷	(gōng kuài)
公筷母匙	(gōng kuài mǔ chí)
公款	(gōng kuǎn)
公了	(gōng liǎo)
公厘	(gōng lí)
公里	(gōng lǐ)
公理	(gōng lǐ)
公理法	(gōng lǐ fǎ)
公历	(gōng lì)
公立	(gōng lì)
公立学校	(gōng lì xué xiào)
公粮	(gōng liáng)
公两	(gōng liǎng)
公鹿	(gōng lù)
公路	(gōng lù)
公路车	(gōng lù chē)
公路赛	(gōng lù sài)
公路网	(gōng lù wǎng)
公路自行车	(gōng lù zì xíng chē)
公论	(gōng lùn)
公马	(gōng mǎ)
公买公卖	(gōng mǎi gōng mài)
公猫	(gōng māo)
公民	(gōng mín)
公民表决	(gōng mín biǎo jué)
公民权	(gōng mín quán)
公民权利	(gōng mín quán lì)
公民权利和政治权利国际公约	(gōng mín quán lì hé zhèng zhì quán lì guó jì gōng yuē)
公民社会	(gōng mín shè huì)
公民投票	(gōng mín tóu piào)
公民义务	(gōng mín yì wù)
公母俩	(gōng mǔ liǎ)
公亩	(gōng mǔ)
公募	(gōng mù)
公墓	(gōng mù)
公牛	(gōng niú)
公派	(gōng pài)
公判	(gōng pàn)
公平	(gōng píng)
公平合理	(gōng píng hé lǐ)
公平交易	(gōng píng jiāo yì)
公平竞争	(gōng píng jìng zhēng)
公平贸易	(gōng píng mào yì)
公平审判权	(gōng píng shěn pàn quán)
公婆	(gōng pó)
公仆	(gōng pú)
公钱	(gōng qián)
公卿	(gōng qīng)
公顷	(gōng qǐng)
公犬	(gōng quǎn)
公然	(gōng rán)
公然表示	(gōng rán biǎo shì)
公认	(gōng rèn)
公伤	(gōng shāng)
公勺	(gōng sháo)
公设	(gōng shè)
公设比	(gōng shè bǐ)
公社	(gōng shè)
公审	(gōng shěn)
公升	(gōng shēng)
公石	(gōng dàn)
公使	(gōng shǐ)
公使馆	(gōng shǐ guǎn)
公示	(gōng shì)
公式	(gōng shì)
公式化	(gōng shì huà)
公事	(gōng shì)
公事包	(gōng shì bāo)
公事房	(gōng shì fáng)
公事公办	(gōng shì gōng bàn)
公室	(gōng shì)
公署	(gōng shǔ)
公说公有理，婆说婆有理	(gōng shuō gōng yǒu lǐ , pó shuō pó yǒu lǐ)
公司	(gōng sī)
公司法	(gōng sī fǎ)
公司会议	(gōng sī huì yì)
公司理财	(gōng sī lǐ cái)
公司三明治	(gōng sī sān míng zhì)
公司行号	(gōng sī háng hào)
公司债	(gōng sī zhài)
公司治理	(gōng sī zhì lǐ)
公私	(gōng sī)
公私合营	(gōng sī hé yíng)
公私兼顾	(gōng sī jiān gù)
公诉	(gōng sù)
公诉人	(gōng sù rén)
公孙	(gōng sūn)
公孙龙	(gōng sūn lóng)
公孙起	(gōng sūn qǐ)
公堂	(gōng táng)
公帑	(gōng tǎng)
公听会	(gōng tīng huì)
公投	(gōng tóu)
公推	(gōng tuī)
公网	(gōng wǎng)
公卫	(gōng wèi)
公文	(gōng wén)
公文包	(gōng wén bāo)
公屋	(gōng wū)
公务	(gōng wù)
公务舱	(gōng wù cāng)
公务人员	(gōng wù rén yuán)
公务员	(gōng wù yuán)
公物	(gōng wù)
公心	(gōng xīn)
公信力	(gōng xìn lì)
公休	(gōng xiū)
公休日	(gōng xiū rì)
公学	(gōng xué)
公演	(gōng yǎn)
公宴	(gōng yàn)
公燕	(gōng yàn)
公羊	(gōng yáng)
公羊传	(gōng yáng zhuàn)
公羊春秋	(gōng yáng chūn qiū)
公钥	(gōng yào)
公义	(gōng yì)
公议	(gōng yì)
公益	(gōng yì)
公益活动	(gōng yì huó dòng)
公益金	(gōng yì jīn)
公益事业	(gōng yì shì yè)
公因式	(gōng yīn shì)
公因子	(gōng yīn zǐ)
公引	(gōng yǐn)
公营	(gōng yíng)
公营经济	(gōng yíng jīng jì)
公营企业	(gōng yíng qǐ yè)
公映	(gōng yìng)
公用	(gōng yòng)
公用电话	(gōng yòng diàn huà)
公用交换电话网	(gōng yòng jiāo huàn diàn huà wǎng)
公有	(gōng yǒu)
公有化	(gōng yǒu huà)
公有制	(gōng yǒu zhì)
公寓	(gōng yù)
公寓大楼	(gōng yù dà lóu)
公寓楼	(gōng yù lóu)
公元	(gōng yuán)
公元前	(gōng yuán qián)
公园	(gōng yuán)
公约	(gōng yuē)
公约数	(gōng yuē shù)
公允	(gōng yǔn)
公允价值	(gōng yǔn jià zhí)
公仔	(gōng zǎi)
公仔面	(gōng zǎi miàn)
公债	(gōng zhài)
公债券	(gōng zhài quàn)
公章	(gōng zhāng)
公丈	(gōng zhàng)
公正	(gōng zhèng)
公证	(gōng zhèng)
公证处	(gōng zhèng chù)
公证人	(gōng zhèng rén)
公之于世	(gōng zhī yú shì)
公之于众	(gōng zhī yú zhòng)
公知	(gōng zhī)
公职	(gōng zhí)
公职人员	(gōng zhí rén yuán)
公制	(gōng zhì)
公制单位	(gōng zhì dān wèi)
公众	(gōng zhòng)
公众号	(gōng zhòng hào)
公众集会	(gōng zhòng jí huì)
公众人物	(gōng zhòng rén wù)
公众意见	(gōng zhòng yì jiàn)
公诸同好	(gōng zhū tóng hào)
公诸于世	(gōng zhū yú shì)
公猪	(gōng zhū)
公猪异味	(gōng zhū yì wèi)
公主	(gōng zhǔ)
公主抱	(gōng zhǔ bào)
公主病	(gōng zhǔ bìng)
公主车	(gōng zhǔ chē)
公主岭市	(gōng zhǔ lǐng shì)
公转	(gōng zhuàn)
公子	(gōng zǐ)
公子哥儿	(gōng zǐ gē r)
公租房	(gōng zū fáng)
功	(gōng)
功败垂成	(gōng bài chuí chéng)
功不可没	(gōng bù kě mò)
功臣	(gōng chén)
功成不居	(gōng chéng bù jū)
功成名就	(gōng chéng míng jiù)
功到自然成	(gōng dào zì rán chéng)
功德	(gōng dé)
功德无量	(gōng dé wú liàng)
功德圆满	(gōng dé yuán mǎn)
功底	(gōng dǐ)
功放	(gōng fàng)
功夫	(gōng fu)
功夫病毒	(gōng fu bìng dú)
功夫茶	(gōng fu chá)
功高不赏	(gōng gāo bù shǎng)
功高盖主	(gōng gāo gài zhǔ)
功高望重	(gōng gāo wàng zhòng)
功过	(gōng guò)
功耗	(gōng hào)
功绩	(gōng jì)
功课	(gōng kè)
功亏一篑	(gōng kuī yī kuì)
功劳	(gōng láo)
功劳簿	(gōng láo bù)
功力	(gōng lì)
功利	(gōng lì)
功利主义	(gōng lì zhǔ yì)
功烈	(gōng liè)
功令	(gōng lìng)
功率	(gōng lǜ)
功名	(gōng míng)
功名利禄	(gōng míng lì lù)
功莫大焉	(gōng mò dà yān)
功能	(gōng néng)
功能表	(gōng néng biǎo)
功能词	(gōng néng cí)
功能磁共振成像术	(gōng néng cí gòng zhèn chéng xiàng shù)
功能机	(gōng néng jī)
功能集	(gōng néng jí)
功能模块	(gōng néng mó kuài)
功能群	(gōng néng qún)
功能团	(gōng néng tuán)
功能性	(gōng néng xìng)
功能性磁共振成像	(gōng néng xìng cí gòng zhèn chéng xiàng)
功能饮料	(gōng néng yǐn liào)
功完行满	(gōng wán xíng mǎn)
功效	(gōng xiào)
功勋	(gōng xūn)
功业	(gōng yè)
功用	(gōng yòng)
功罪	(gōng zuì)
攻	(gōng)
攻砭	(gōng biān)
攻城	(gōng chéng)
攻城略地	(gōng chéng lüè dì)
攻城木	(gōng chéng mù)
攻打	(gōng dǎ)
攻读	(gōng dú)
攻伐	(gōng fá)
攻防	(gōng fáng)
攻关	(gōng guān)
攻击	(gōng jī)
攻击机	(gōng jī jī)
攻击力	(gōng jī lì)
攻击线	(gōng jī xiàn)
攻坚	(gōng jiān)
攻坚克难	(gōng jiān kè nán)
攻讦	(gōng jié)
攻克	(gōng kè)
攻略	(gōng lüè)
攻灭	(gōng miè)
攻破	(gōng pò)
攻取	(gōng qǔ)
攻入	(gōng rù)
攻势	(gōng shì)
攻无不克，战无不胜	(gōng wú bù kè , zhàn wú bù shèng)
攻陷	(gōng xiàn)
攻心	(gōng xīn)
攻占	(gōng zhàn)
供	(gōng)
供不应求	(gōng bù yìng qiú)
供称	(gòng chēng)
供词	(gòng cí)
供大于求	(gōng dà yú qiú)
供电	(gōng diàn)
供房	(gōng fáng)
供奉	(gòng fèng)
供佛花	(gòng fó huā)
供稿	(gōng gǎo)
供给	(gōng jǐ)
供过于求	(gōng guò yú qiú)
供花	(gòng huā)
供货	(gōng huò)
供货商	(gōng huò shāng)
供暖	(gōng nuǎn)
供品	(gòng pǐn)
供求	(gōng qiú)
供热	(gōng rè)
供认	(gòng rèn)
供认不讳	(gòng rèn bù huì)
供石	(gōng shí)
供述	(gòng shù)
供水	(gōng shuǐ)
供体	(gōng tǐ)
供物	(gòng wù)
供献	(gōng xiàn)
供销	(gōng xiāo)
供销商	(gōng xiāo shāng)
供需	(gōng xū)
供血	(gōng xuè)
供血者	(gōng xuè zhě)
供养	(gòng yǎng)
供应	(gōng yìng)
供应链	(gōng yìng liàn)
供应品	(gōng yìng pǐn)
供应商	(gōng yìng shāng)
供应室	(gōng yìng shì)
供应者	(gōng yìng zhě)
供油系统	(gōng yóu xì tǒng)
供职	(gòng zhí)
供状	(gòng zhuàng)
宫	(gōng)
宫保鸡丁	(gōng bǎo jī dīng)
宫爆鸡丁	(gōng bào jī dīng)
宫爆肉丁	(gōng bào ròu dīng)
宫本	(gōng běn)
宫城	(gōng chéng)
宫殿	(gōng diàn)
宫调	(gōng diào)
宫观	(gōng guàn)
宫颈	(gōng jǐng)
宫颈管	(gōng jǐng guǎn)
宫内节育器	(gōng nèi jié yù qì)
宫女	(gōng nǚ)
宫崎	(gōng qí)
宫崎骏	(gōng qí jùn)
宫崎吾朗	(gōng qí wú lǎng)
宫阙	(gōng què)
宫人	(gōng rén)
宫商角徵羽	(gōng shāng jué zhǐ yǔ)
宫缩	(gōng suō)
宫廷	(gōng tíng)
宫外孕	(gōng wài yùn)
宫位	(gōng wèi)
宫刑	(gōng xíng)
宫掖	(gōng yè)
宫泽喜一	(gōng zé xǐ yī)
宫主	(gōng zhǔ)
恭	(gōng)
恭城瑶族自治县	(gōng chéng yáo zú zì zhì xiàn)
恭贺	(gōng hè)
恭贺新禧	(gōng hè xīn xǐ)
恭候	(gōng hòu)
恭谨	(gōng jǐn)
恭敬	(gōng jìng)
恭敬不如从命	(gōng jìng bù rú cóng mìng)
恭亲王	(gōng qīn wáng)
恭顺	(gōng shùn)
恭惟	(gōng wei)
恭维	(gōng wei)
恭喜	(gōng xǐ)
恭喜发财	(gōng xǐ fā cái)
恭祝	(gōng zhù)
匑	(gōng)
匔	(gōng)
兣	(li2ke4)
廾	(gǒng)
拱	(gǒng)
拱坝	(gǒng bà)
拱抱	(gǒng bào)
拱璧	(gǒng bì)
拱道	(gǒng dào)
拱点	(gǒng diǎn)
拱顶	(gǒng dǐng)
拱度	(gǒng dù)
拱墩	(gǒng dūn)
拱火	(gǒng huǒ)
拱肩	(gǒng jiān)
拱廊	(gǒng láng)
拱门	(gǒng mén)
拱桥	(gǒng qiáo)
拱手	(gǒng shǒu)
拱手让人	(gǒng shǒu ràng rén)
拱手相让	(gǒng shǒu xiāng ràng)
拱墅区	(gǒng shù qū)
拱卫	(gǒng wèi)
拱形	(gǒng xíng)
拱柱	(gǒng zhù)
拱状	(gǒng zhuàng)
栱	(gǒng)
共	(gòng)
共产	(gòng chǎn)
共产党	(gòng chǎn dǎng)
共产党宣言	(gòng chǎn dǎng xuān yán)
共产党员	(gòng chǎn dǎng yuán)
共产国际	(gòng chǎn guó jì)
共产主义	(gòng chǎn zhǔ yì)
共产主义青年团	(gòng chǎn zhǔ yì qīng nián tuán)
共乘	(gòng chéng)
共处	(gòng chǔ)
共刺激	(gòng cì jī)
共存	(gòng cún)
共存性	(gòng cún xìng)
共党	(gòng dǎng)
共读	(gòng dú)
共轭	(gòng è)
共轭不尽根	(gòng è bù jìn gēn)
共轭复数	(gòng è fù shù)
共犯	(gòng fàn)
共匪	(gòng fěi)
共赴	(gòng fù)
共工	(gòng gōng)
共管	(gòng guǎn)
共和	(gòng hé)
共和党	(gòng hé dǎng)
共和党人	(gòng hé dǎng rén)
共和国	(gòng hé guó)
共和派	(gòng hé pài)
共和县	(gòng hé xiàn)
共和政体	(gòng hé zhèng tǐ)
共和制	(gòng hé zhì)
共话	(gòng huà)
共患难	(gòng huàn nàn)
共计	(gòng jì)
共济会	(gòng jì huì)
共价键	(gòng jià jiàn)
共建房	(gòng jiàn fáng)
共焦	(gòng jiāo)
共面	(gòng miàn)
共鸣	(gòng míng)
共模	(gòng mó)
共模抑制比	(gòng mó yì zhì bǐ)
共谋	(gòng móu)
共谋者	(gòng móu zhě)
共谋罪	(gòng móu zuì)
共栖	(gòng qī)
共青城市	(gòng qīng chéng shì)
共青团	(gòng qīng tuán)
共情	(gòng qíng)
共商	(gòng shāng)
共商大计	(gòng shāng dà jì)
共生	(gòng shēng)
共时	(gòng shí)
共识	(gòng shí)
共事	(gòng shì)
共通	(gòng tōng)
共通性	(gòng tōng xìng)
共同	(gòng tóng)
共同点	(gòng tóng diǎn)
共同纲领	(gòng tóng gāng lǐng)
共同基金	(gòng tóng jī jīn)
共同利益	(gòng tóng lì yì)
共同社	(gòng tóng shè)
共同体	(gòng tóng tǐ)
共同主持人	(gòng tóng zhǔ chí rén)
共线	(gòng xiàn)
共襄善举	(gòng xiāng shàn jǔ)
共襄盛举	(gòng xiāng shèng jǔ)
共享	(gòng xiǎng)
共享程序库	(gòng xiǎng chéng xù kù)
共享带宽	(gòng xiǎng dài kuān)
共享函数库	(gòng xiǎng hán shù kù)
共享计划	(gòng xiǎng jì huà)
共享库	(gòng xiǎng kù)
共享软体	(gòng xiǎng ruǎn tǐ)
共行车道	(gòng xíng chē dào)
共形	(gòng xíng)
共性	(gòng xìng)
共业	(gòng yè)
共赢	(gòng yíng)
共用	(gòng yòng)
共有	(gòng yǒu)
共振	(gòng zhèn)
唝	(hǒng)
唝吥	(gòng bù)
勾	(gōu)
勾出	(gōu chū)
勾搭	(gōu da)
勾当	(gòu dàng)
勾兑	(gōu duì)
勾缝	(gōu fèng)
勾股定理	(gōu gǔ dìng lǐ)
勾号	(gōu hào)
勾划	(gōu huà)
勾画	(gōu huà)
勾魂	(gōu hún)
勾肩搭背	(gōu jiān dā bèi)
勾践	(gōu jiàn)
勾结	(gōu jié)
勾栏	(gōu lán)
勾阑	(gōu lán)
勾勒	(gōu lè)
勾连	(gōu lián)
勾联	(gōu lián)
勾留	(gōu liú)
勾破	(gōu pò)
勾起	(gōu qǐ)
勾芡	(gōu qiàn)
勾拳	(gōu quán)
勾人	(gōu rén)
勾三搭四	(gōu sān dā sì)
勾手	(gōu shǒu)
勾通	(gōu tōng)
勾销	(gōu xiāo)
勾心斗角	(gōu xīn dòu jiǎo)
勾选	(gōu xuǎn)
勾引	(gōu yǐn)
勾玉	(gōu yù)
勾走	(gōu zǒu)
佝	(gōu)
佝偻	(gōu lóu)
佝偻病	(gōu lóu bìng)
佝瞀	(kòu mào)
冓	(gòu)
岣	(gǒu)
枸	(gōu)
枸骨	(gǒu gǔ)
枸橘	(gōu jú)
枸杞	(gǒu qǐ)
枸杞子	(gǒu qǐ zǐ)
枸橼	(jǔ yuán)
构	(gòu)
构成	(gòu chéng)
构词	(gòu cí)
构词学	(gòu cí xué)
构架	(gòu jià)
构件	(gòu jiàn)
构建	(gòu jiàn)
构树	(gòu shù)
构思	(gòu sī)
构图	(gòu tú)
构陷	(gòu xiàn)
构想	(gòu xiǎng)
构想图	(gòu xiǎng tú)
构型	(gòu xíng)
构造	(gòu zào)
构造运动	(gòu zào yùn dòng)
构筑	(gòu zhù)
垢	(gòu)
姤	(gòu)
够	(gòu)
够本	(gòu běn)
够不着	(gòu bu zháo)
够得上	(gòu de shàng)
够得着	(gòu de zháo)
够格	(gòu gé)
够朋友	(gòu péng you)
够呛	(gòu qiàng)
够戗	(gòu qiàng)
够受的	(gòu shòu de)
够味	(gòu wèi)
够意思	(gòu yì si)
够用	(gòu yòng)
彀	(gòu)
彀中	(gòu zhōng)
媾	(gòu)
媾合	(gòu hé)
媾和	(gòu hé)
估	(gū)
估测	(gū cè)
估产	(gū chǎn)
估定	(gū dìng)
估堆儿	(gū duī r)
估计	(gū jì)
估价	(gū jià)
估量	(gū liang)
估摸	(gū mo)
估算	(gū suàn)
估衣	(gù yi)
估值	(gū zhí)
咕	(gū)
咕咚	(gū dōng)
咕咕叫	(gū gū jiào)
咕唧	(gū jī)
咕咾肉	(gū lǎo ròu)
咕噜	(gū lu)
咕噜肉	(gū lū ròu)
咕哝	(gū nong)
呱	(gū)
呱呱	(guā guā)
呱呱叫	(guā guā jiào)
呱呱坠地	(gū gū zhuì dì)
孤	(gū)
孤哀子	(gū āi zǐ)
孤傲	(gū ào)
孤拔	(gū bá)
孤雌生殖	(gū cí shēng zhí)
孤单	(gū dān)
孤胆	(gū dǎn)
孤胆英雄	(gū dǎn yīng xióng)
孤岛	(gū dǎo)
孤独	(gū dú)
孤独于世	(gū dú yú shì)
孤独症	(gū dú zhèng)
孤儿	(gū ér)
孤儿药	(gū ér yào)
孤儿院	(gū ér yuàn)
孤芳自赏	(gū fāng zì shǎng)
孤负	(gū fù)
孤高	(gū gāo)
孤寡	(gū guǎ)
孤拐	(gū guǎi)
孤寒	(gū hán)
孤魂	(gū hún)
孤魂野鬼	(gū hún yě guǐ)
孤寂	(gū jì)
孤家寡人	(gū jiā guǎ rén)
孤孑	(gū jié)
孤孑特立	(gū jié tè lì)
孤绝	(gū jué)
孤军奋战	(gū jūn fèn zhàn)
孤苦伶仃	(gū kǔ líng dīng)
孤苦零丁	(gū kǔ líng dīng)
孤老	(gū lǎo)
孤立	(gū lì)
孤立无援	(gū lì wú yuán)
孤立子	(gū lì zǐ)
孤立子波	(gū lì zǐ bō)
孤例	(gū lì)
孤零零	(gū líng líng)
孤陋	(gū lòu)
孤陋寡闻	(gū lòu guǎ wén)
孤鸾年	(gū luán nián)
孤男寡女	(gū nán guǎ nǚ)
孤鸟	(gū niǎo)
孤僻	(gū pì)
孤沙锥	(gū shā zhuī)
孤山	(gū shān)
孤身	(gū shēn)
孤身只影	(gū shēn zhī yǐng)
孤孀	(gū shuāng)
孤掌难鸣	(gū zhǎng nán míng)
孤征	(gū zhēng)
孤证	(gū zhèng)
孤证不立	(gū zhèng bù lì)
孤注一掷	(gū zhù yī zhì)
孤子	(gū zǐ)
姑	(gū)
姑爹	(gū diē)
姑夫	(gū fu)
姑父	(gū fu)
姑姑	(gū gu)
姑姥姥	(gū lǎo lao)
姑妈	(gū mā)
姑母	(gū mǔ)
姑奶奶	(gū nǎi nai)
姑娘	(gū niang)
姑婆	(gū pó)
姑婆芋	(gū pó yù)
姑且	(gū qiě)
姑苏区	(gū sū qū)
姑妄言之	(gū wàng yán zhī)
姑息	(gū xī)
姑息养奸	(gū xī yǎng jiān)
姑息遗患	(gū xī yí huàn)
姑爷	(gū ye)
姑丈	(gū zhàng)
姑置勿论	(gū zhì wù lùn)
姑子	(gū zi)
唂	(gū)
古	(gǔ)
古巴	(gǔ bā)
古巴比伦	(gǔ bā bǐ lún)
古板	(gǔ bǎn)
古堡	(gǔ bǎo)
古北界	(gǔ běi jiè)
古币	(gǔ bì)
古波	(gǔ bō)
古城	(gǔ chéng)
古城区	(gǔ chéng qū)
古驰	(gǔ chí)
古代	(gǔ dài)
古代史	(gǔ dài shǐ)
古盗鸟	(gǔ dào niǎo)
古道	(gǔ dào)
古地磁	(gǔ dì cí)
古登堡	(gǔ dēng bǎo)
古典	(gǔ diǎn)
古典乐	(gǔ diǎn yuè)
古典派	(gǔ diǎn pài)
古典文学	(gǔ diǎn wén xué)
古典音乐	(gǔ diǎn yīn yuè)
古典语言	(gǔ diǎn yǔ yán)
古董	(gǔ dǒng)
古董滩	(gǔ dǒng tān)
古都	(gǔ dū)
古尔班通古特沙漠	(gǔ ěr bān tōng gǔ tè shā mò)
古法	(gǔ fǎ)
古方	(gǔ fāng)
古风	(gǔ fēng)
古根海姆	(gǔ gēn hǎi mǔ)
古根罕	(gǔ gēn hǎn)
古根罕喷气推进研究中心	(gǔ gēn hǎn pēn qì tuī jìn yán jiū zhōng xīn)
古怪	(gǔ guài)
古国	(gǔ guó)
古惑仔	(gǔ huò zǎi)
古吉拉特	(gǔ jí lā tè)
古吉拉特邦	(gǔ jí lā tè bāng)
古籍	(gǔ jí)
古脊椎动物学	(gǔ jǐ zhuī dòng wù xué)
古迹	(gǔ jì)
古交市	(gǔ jiāo shì)
古杰拉尔	(gǔ jié lā ěr)
古杰拉特邦	(gǔ jié lā tè bāng)
古今	(gǔ jīn)
古今韵会举要	(gǔ jīn yùn huì jǔ yào)
古今中外	(gǔ jīn zhōng wài)
古晋	(gǔ jìn)
古井无波	(gǔ jǐng wú bō)
古旧	(gǔ jiù)
古柯	(gǔ kē)
古柯碱	(gǔ kē jiǎn)
古柯树	(gǔ kē shù)
古坑	(gǔ kēng)
古坑乡	(gǔ kēng xiāng)
古拉格	(gǔ lā gé)
古来	(gǔ lái)
古兰经	(gǔ lán jīng)
古浪县	(gǔ làng xiàn)
古老	(gǔ lǎo)
古老肉	(gǔ lǎo ròu)
古里古怪	(gǔ lǐ gǔ guài)
古丽	(gǔ lì)
古蔺县	(gǔ lìn xiàn)
古灵精怪	(gǔ líng jīng guài)
古龙	(gǔ lóng)
古龙水	(gǔ lóng shuǐ)
古鲁	(gǔ lǔ)
古鲁鲁	(gǔ lǔ lǔ)
古罗马	(gǔ luó mǎ)
古墓	(gǔ mù)
古墓丽影	(gǔ mù lì yǐng)
古墓葬群	(gǔ mù zàng qún)
古诺	(gǔ nuò)
古朴	(gǔ pǔ)
古奇	(gǔ qí)
古气候学	(gǔ qì hòu xué)
古琴	(gǔ qín)
古人	(gǔ rén)
古人类	(gǔ rén lèi)
古人类学	(gǔ rén lèi xué)
古色古香	(gǔ sè gǔ xiāng)
古刹	(gǔ chà)
古生物	(gǔ shēng wù)
古生物学	(gǔ shēng wù xué)
古生物学家	(gǔ shēng wù xué jiā)
古诗	(gǔ shī)
古时	(gǔ shí)
古时候	(gǔ shí hou)
古史	(gǔ shǐ)
古书	(gǔ shū)
古斯塔夫·多雷	(gǔ sī tǎ fū · duō léi)
古斯塔夫·施特雷泽曼	(gǔ sī tǎ fū · shī tè léi zé màn)
古塔区	(gǔ tǎ qū)
古特雷斯	(gǔ tè léi sī)
古腾堡计划	(gǔ téng bǎo jì huà)
古体诗	(gǔ tǐ shī)
古田县	(gǔ tián xiàn)
古铜色	(gǔ tóng sè)
古铜色卷尾	(gǔ tóng sè juǎn wěi)
古玩	(gǔ wán)
古玩店	(gǔ wán diàn)
古往今来	(gǔ wǎng jīn lái)
古文	(gǔ wén)
古文观止	(gǔ wén guān zhǐ)
古文明	(gǔ wén míng)
古文运动	(gǔ wén yùn dòng)
古文字学	(gǔ wén zì xué)
古物	(gǔ wù)
古希腊	(gǔ xī là)
古希腊语	(gǔ xī là yǔ)
古昔	(gǔ xī)
古稀	(gǔ xī)
古纤道	(gǔ qiàn dào)
古县	(gǔ xiàn)
古新世	(gǔ xīn shì)
古新统	(gǔ xīn tǒng)
古训	(gǔ xùn)
古雅典	(gǔ yǎ diǎn)
古砚	(gǔ yàn)
古谚	(gǔ yàn)
古冶区	(gǔ yě qū)
古义	(gǔ yì)
古音	(gǔ yīn)
古语	(gǔ yǔ)
古早	(gǔ zǎo)
古早味	(gǔ zǎo wèi)
古宅	(gǔ zhái)
古丈县	(gǔ zhàng xiàn)
古筝	(gǔ zhēng)
古装	(gǔ zhuāng)
古装剧	(gǔ zhuāng jù)
古字	(gǔ zì)
扢	(gǔ)
唃	(gū)
榾	(gǔ)
榖	(gǔ)
嘏	(gǔ)
固	(gù)
固安县	(gù ān xiàn)
固醇	(gù chún)
固氮	(gù dàn)
固定	(gù dìng)
固定词组	(gù dìng cí zǔ)
固定点	(gù dìng diǎn)
固定电话	(gù dìng diàn huà)
固定收入	(gù dìng shōu rù)
固定型思维	(gù dìng xíng sī wéi)
固定资产	(gù dìng zī chǎn)
固化	(gù huà)
固话	(gù huà)
固件	(gù jiàn)
固穷	(gù qióng)
固然	(gù rán)
固若金汤	(gù ruò jīn tāng)
固始县	(gù shǐ xiàn)
固守	(gù shǒu)
固态	(gù tài)
固态硬盘	(gù tài yìng pán)
固体	(gù tǐ)
固体胶	(gù tǐ jiāo)
固体食物	(gù tǐ shí wù)
固体物理	(gù tǐ wù lǐ)
固网	(gù wǎng)
固网电信	(gù wǎng diàn xìn)
固形量	(gù xíng liàng)
固形物	(gù xíng wù)
固阳县	(gù yáng xiàn)
固有	(gù yǒu)
固有词	(gù yǒu cí)
固有名词	(gù yǒu míng cí)
固原市	(gù yuán shì)
固镇县	(gù zhèn xiàn)
固执	(gù zhí)
固执己见	(gù zhí jǐ jiàn)
故	(gù)
故步自封	(gù bù zì fēng)
故称	(gù chēng)
故城	(gù chéng)
故城县	(gù chéng xiàn)
故此	(gù cǐ)
故道	(gù dào)
故地	(gù dì)
故第	(gù dì)
故典	(gù diǎn)
故都	(gù dū)
故而	(gù ér)
故宫	(gù gōng)
故宫博物院	(gù gōng bó wù yuàn)
故国	(gù guó)
故伎	(gù jì)
故伎重演	(gù jì chóng yǎn)
故迹	(gù jì)
故家	(gù jiā)
故家子弟	(gù jiā zǐ dì)
故交	(gù jiāo)
故旧	(gù jiù)
故旧不弃	(gù jiù bù qì)
故居	(gù jū)
故里	(gù lǐ)
故吏	(gù lì)
故墓	(gù mù)
故弄玄虚	(gù nòng xuán xū)
故去	(gù qù)
故人	(gù rén)
故杀	(gù shā)
故世	(gù shì)
故事	(gù shì)
故事片	(gù shi piàn)
故事线	(gù shi xiàn)
故态复萌	(gù tài fù méng)
故土	(gù tǔ)
故我	(gù wǒ)
故乡	(gù xiāng)
故训	(gù xùn)
故业	(gù yè)
故意	(gù yì)
故友	(gù yǒu)
故园	(gù yuán)
故云	(gù yún)
故宅	(gù zhái)
故障	(gù zhàng)
故辙	(gù zhé)
故知	(gù zhī)
故址	(gù zhǐ)
故纸堆	(gù zhǐ duī)
故作	(gù zuò)
故作端庄	(gù zuò duān zhuāng)
故作深沉	(gù zuò shēn chén)
故作姿态	(gù zuò zī tài)
凅	(gù)
堌	(gù)
梏	(gù)
崓	(gù)
崮	(gù)
雇	(gù)
雇凶	(gù xiōng)
雇佣	(gù yōng)
雇用	(gù yòng)
雇主	(gù zhǔ)
刮	(guā)
刮擦	(guā cā)
刮蹭	(guā cèng)
刮铲	(guā chǎn)
刮刀	(guā dāo)
刮掉	(guā diào)
刮刮叫	(guā guā jiào)
刮刮卡	(guā guā kǎ)
刮刮乐	(guā guā lè)
刮胡刀	(guā hú dāo)
刮胡子	(guā hú zi)
刮脸	(guā liǎn)
刮目相看	(guā mù xiāng kàn)
刮皮刀	(guā pí dāo)
刮痧	(guā shā)
刮伤	(guā shāng)
刮勺	(guā sháo)
栝	(guā)
劀	(guā)
剐	(guǎ)
寡	(guǎ)
寡不敌众	(guǎ bù dí zhòng)
寡淡	(guǎ dàn)
寡二少双	(guǎ èr shǎo shuāng)
寡妇	(guǎ fu)
寡居	(guǎ jū)
寡陋	(guǎ lòu)
寡情	(guǎ qíng)
寡糖	(guǎ táng)
寡头	(guǎ tóu)
寡头垄断	(guǎ tóu lǒng duàn)
寡头政治	(guǎ tóu zhèng zhì)
寡言	(guǎ yán)
寡助	(guǎ zhù)
卦	(guà)
卦辞	(guà cí)
卦义	(guà yì)
挂	(guà)
挂碍	(guà ài)
挂彩	(guà cǎi)
挂车	(guà chē)
挂齿	(guà chǐ)
挂搭	(guà dā)
挂褡	(guà dā)
挂挡	(guà dǎng)
挂断	(guà duàn)
挂钩	(guà gōu)
挂钩儿	(guà gōu r)
挂果	(guà guǒ)
挂好	(guà hǎo)
挂号	(guà hào)
挂号信	(guà hào xìn)
挂号证	(guà hào zhèng)
挂花	(guà huā)
挂怀	(guà huái)
挂机	(guà jī)
挂急诊	(guà jí zhěn)
挂靠	(guà kào)
挂科	(guà kē)
挂兰	(guà lán)
挂历	(guà lì)
挂镰	(guà lián)
挂虑	(guà lǜ)
挂马	(guà mǎ)
挂面	(guà miàn)
挂名	(guà míng)
挂念	(guà niàn)
挂牌	(guà pái)
挂旗	(guà qí)
挂起	(guà qǐ)
挂绳	(guà shéng)
挂失	(guà shī)
挂饰	(guà shì)
挂帅	(guà shuài)
挂水	(guà shuǐ)
挂锁	(guà suǒ)
挂毯	(guà tǎn)
挂图	(guà tú)
挂线	(guà xiàn)
挂心	(guà xīn)
挂靴	(guà xuē)
挂羊头卖狗肉	(guà yáng tóu mài gǒu ròu)
挂一漏万	(guà yī lòu wàn)
挂在嘴边	(guà zài zuǐ biān)
挂在嘴上	(guà zai zuǐ shang)
挂载	(guà zài)
挂职	(guà zhí)
挂钟	(guà zhōng)
挂轴	(guà zhóu)
挂住	(guà zhù)
挂坠盒	(guà zhuì hé)
乖	(guāi)
乖乖	(guāi guai)
乖乖女	(guāi guāi nǚ)
乖乖牌	(guāi guāi pái)
乖觉	(guāi jué)
乖离	(guāi lí)
乖戾	(guāi lì)
乖谬	(guāi miù)
乖僻	(guāi pì)
乖巧	(guāi qiǎo)
乖顺	(guāi shùn)
乖迕	(guāi wǔ)
乖忤	(guāi wǔ)
乖张	(guāi zhāng)
掴	(guāi)
拐	(guǎi)
拐点	(guǎi diǎn)
拐棍	(guǎi gùn)
拐角	(guǎi jiǎo)
拐角处	(guǎi jiǎo chù)
拐卖	(guǎi mài)
拐骗	(guǎi piàn)
拐弯	(guǎi wān)
拐弯处	(guǎi wān chù)
拐弯儿	(guǎi wān r)
拐弯抹角	(guǎi wān mò jiǎo)
拐杖	(guǎi zhàng)
拐子	(guǎi zi)
夬	(guài)
怪	(guài)
怪不得	(guài bu de)
怪才	(guài cái)
怪诞	(guài dàn)
怪诞不经	(guài dàn bù jīng)
怪道	(guài dào)
怪话	(guài huà)
怪杰	(guài jié)
怪咖	(guài kā)
怪里怪气	(guài lǐ guài qì)
怪秘	(guài mì)
怪模怪样	(guài mú guài yàng)
怪念头	(guài niàn tou)
怪癖	(guài pǐ)
怪僻	(guài pì)
怪气	(guài qì)
怪腔怪调	(guài qiāng guài diào)
怪圈	(guài quān)
怪人	(guài rén)
怪声怪气	(guài shēng guài qì)
怪事	(guài shì)
怪手	(guài shǒu)
怪兽	(guài shòu)
怪叔叔	(guài shū shu)
怪胎	(guài tāi)
怪味	(guài wèi)
怪物	(guài wu)
怪相	(guài xiàng)
怪象	(guài xiàng)
怪讶	(guài yà)
怪样	(guài yàng)
怪异	(guài yì)
怪罪	(guài zuì)
官	(guān)
官办	(guān bàn)
官报私仇	(guān bào sī chóu)
官逼民反	(guān bī mín fǎn)
官兵	(guān bīng)
官舱	(guān cāng)
官差	(guān chāi)
官场	(guān chǎng)
官场现形记	(guān chǎng xiàn xíng jì)
官称	(guān chēng)
官倒	(guān dǎo)
官邸	(guān dǐ)
官渡区	(guān dù qū)
官二代	(guān èr dài)
官翻	(guān fān)
官方	(guān fāng)
官方语言	(guān fāng yǔ yán)
官房长官	(guān fáng zhǎng guān)
官非	(guān fēi)
官费	(guān fèi)
官俸	(guān fèng)
官府	(guān fǔ)
官复原职	(guān fù yuán zhí)
官官相护	(guān guān xiāng hù)
官桂	(guān guì)
官话	(guān huà)
官宦	(guān huàn)
官宦人家	(guān huàn rén jiā)
官家	(guān jiā)
官价	(guān jià)
官架子	(guān jià zi)
官阶	(guān jiē)
官爵	(guān jué)
官军	(guān jūn)
官客	(guān kè)
官老爷	(guān lǎo ye)
官吏	(guān lì)
官僚	(guān liáo)
官僚习气	(guān liáo xí qì)
官僚主义	(guān liáo zhǔ yì)
官媒	(guān méi)
官名	(guān míng)
官能	(guān néng)
官能基	(guān néng jī)
官能团	(guān néng tuán)
官署	(guān shǔ)
官司	(guān si)
官私合营	(guān sī hé yíng)
官田	(guān tián)
官厅水库	(guān tīng shuǐ kù)
官网	(guān wǎng)
官威	(guān wēi)
官微	(guān wēi)
官位	(guān wèi)
官衔	(guān xián)
官宣	(guān xuān)
官学	(guān xué)
官盐	(guān yán)
官样	(guān yàng)
官样文章	(guān yàng wén zhāng)
官印	(guān yìn)
官员	(guān yuán)
官运亨通	(guān yùn hēng tōng)
官箴	(guān zhēn)
官职	(guān zhí)
官制	(guān zhì)
官子	(guān zǐ)
冠	(guàn)
冠斑犀鸟	(guān bān xī niǎo)
冠词	(guàn cí)
冠海雀	(guān hǎi què)
冠军	(guàn jūn)
冠军赛	(guàn jūn sài)
冠麻鸭	(guān má yā)
冠脉	(guān mài)
冠脉循环	(guān mài xún huán)
冠冕	(guān miǎn)
冠冕堂皇	(guān miǎn táng huáng)
冠名	(guàn míng)
冠纹柳莺	(guān wén liǔ yīng)
冠县	(guān xiàn)
冠心病	(guān xīn bìng)
冠形词	(guān xíng cí)
冠以	(guàn yǐ)
冠鱼狗	(guān yú gǒu)
冠状	(guān zhuàng)
冠状病毒	(guān zhuàng bìng dú)
冠状动脉	(guān zhuàng dòng mài)
冠状动脉旁路移植手术	(guān zhuàng dòng mài páng lù yí zhí shǒu shù)
冠状动脉旁通手术	(guān zhuàng dòng mài páng tōng shǒu shù)
冠子	(guān zi)
倌	(guān)
棺	(guān)
棺材	(guān cai)
棺材板	(guān cai bǎn)
棺材瓤子	(guān cai ráng zi)
棺椁	(guān guǒ)
棺木	(guān mù)
鳤	(guǎn)
卝	(guàn)
毌	(guàn)
丱	(guàn)
掼	(guàn)
掼蛋	(guàn dàn)
掼奶油	(guàn nǎi yóu)
惯	(guàn)
惯常	(guàn cháng)
惯犯	(guàn fàn)
惯坏	(guàn huài)
惯家	(guàn jia)
惯例	(guàn lì)
惯量	(guàn liàng)
惯窃	(guàn qiè)
惯偷	(guàn tōu)
惯性	(guàn xìng)
惯性系	(guàn xìng xì)
惯养	(guàn yǎng)
惯用	(guàn yòng)
惯用手	(guàn yòng shǒu)
惯用语	(guàn yòng yǔ)
惯有	(guàn yǒu)
惯贼	(guàn zéi)
光	(guāng)
光斑	(guāng bān)
光膀子	(guāng bǎng zi)
光爆	(guāng bào)
光背地鸫	(guāng bèi dì dōng)
光笔	(guāng bǐ)
光标	(guāng biāo)
光波	(guāng bō)
光波长	(guāng bō cháng)
光采	(guāng cǎi)
光彩	(guāng cǎi)
光彩夺目	(guāng cǎi duó mù)
光冲量	(guāng chōng liàng)
光磁	(guāng cí)
光磁碟	(guāng cí dié)
光磁碟机	(guāng cí dié jī)
光大	(guāng dà)
光导纤维	(guāng dǎo xiān wéi)
光电	(guāng diàn)
光电二极管	(guāng diàn èr jí guǎn)
光电效应	(guāng diàn xiào yìng)
光电子	(guāng diàn zǐ)
光碟	(guāng dié)
光腚肿菊	(guāng dìng zhǒng jú)
光动嘴	(guāng dòng zuǐ)
光度	(guāng dù)
光二极管	(guāng èr jí guǎn)
光发送器	(guāng fā sòng qì)
光风霁月	(guāng fēng jì yuè)
光伏	(guāng fú)
光伏器件	(guāng fú qì jiàn)
光辐射	(guāng fú shè)
光复	(guāng fù)
光复会	(guāng fù huì)
光复乡	(guāng fù xiāng)
光杆司令	(guāng gǎn sī lìng)
光感应	(guāng gǎn yìng)
光隔离器	(guāng gé lí qì)
光功率	(guāng gōng lǜ)
光顾	(guāng gù)
光怪陆离	(guāng guài lù lí)
光光	(guāng guāng)
光棍	(guāng gùn)
光棍儿	(guāng gùn r)
光棍节	(guāng gùn jié)
光害	(guāng hài)
光合	(guāng hé)
光合作用	(guāng hé zuò yòng)
光华	(guāng huá)
光滑	(guāng huá)
光化性角化病	(guāng huà xìng jiǎo huà bìng)
光化学	(guāng huà xué)
光化作用	(guāng huà zuò yòng)
光环	(guāng huán)
光辉	(guāng huī)
光检测器	(guāng jiǎn cè qì)
光脚	(guāng jiǎo)
光脚的不怕穿鞋的	(guāng jiǎo de bù pà chuān xié de)
光接收器	(guāng jiē shōu qì)
光洁	(guāng jié)
光景	(guāng jǐng)
光刻	(guāng kè)
光刻机	(guāng kè jī)
光刻胶	(guāng kè jiāo)
光缆	(guāng lǎn)
光亮	(guāng liàng)
光亮度	(guāng liàng dù)
光量	(guāng liàng)
光临	(guāng lín)
光溜	(guāng liu)
光卤石	(guāng lǔ shí)
光禄大夫	(guāng lù dài fu)
光禄勋	(guāng lù xūn)
光芒	(guāng máng)
光芒万丈	(guāng máng wàn zhàng)
光猫	(guāng māo)
光面	(guāng miàn)
光面内质网	(guāng miàn nèi zhì wǎng)
光敏	(guāng mǐn)
光明	(guāng míng)
光明节	(guāng míng jié)
光明磊落	(guāng míng lěi luò)
光明区	(guāng míng qū)
光明日报	(guāng míng rì bào)
光明正大	(guāng míng zhèng dà)
光能	(guāng néng)
光能合成	(guāng néng hé chéng)
光年	(guāng nián)
光耦	(guāng ǒu)
光耦合器	(guāng ǒu hé qì)
光盘	(guāng pán)
光盘驱动器	(guāng pán qū dòng qì)
光谱	(guāng pǔ)
光谱分析	(guāng pǔ fēn xī)
光谱图	(guāng pǔ tú)
光谱学	(guāng pǔ xué)
光谱仪	(guāng pǔ yí)
光漆	(guāng qī)
光前裕后	(guāng qián yù hòu)
光驱	(guāng qū)
光圈	(guāng quān)
光荣	(guāng róng)
光荣榜	(guāng róng bǎng)
光荣革命	(guāng róng gé mìng)
光润	(guāng rùn)
光山县	(guāng shān xiàn)
光射线	(guāng shè xiàn)
光是	(guāng shì)
光束	(guāng shù)
光说不练	(guāng shuō bù liàn)
光说不做	(guāng shuō bù zuò)
光速	(guāng sù)
光天化日	(guāng tiān huà rì)
光通量	(guāng tōng liàng)
光头	(guāng tóu)
光头党	(guāng tóu dǎng)
光头强	(guāng tóu qiáng)
光秃秃	(guāng tū tū)
光污染	(guāng wū rǎn)
光纤	(guāng xiān)
光纤电缆	(guāng xiān diàn lǎn)
光纤分布式数据接口	(guāng xiān fēn bù shì shù jù jiē kǒu)
光纤分布数据接口	(guāng xiān fēn bù shù jù jiē kǒu)
光纤分散式资料介面	(guāng xiān fēn sàn shì zī liào jiè miàn)
光纤接口	(guāng xiān jiē kǒu)
光纤衰减	(guāng xiān shuāi jiǎn)
光鲜	(guāng xiān)
光线	(guāng xiàn)
光线追踪	(guāng xiàn zhuī zōng)
光信号	(guāng xìn hào)
光绪	(guāng xù)
光绪帝	(guāng xù dì)
光学	(guāng xué)
光学雷达	(guāng xué léi dá)
光学显微镜	(guāng xué xiǎn wēi jìng)
光学仪器	(guāng xué yí qì)
光学字符识别	(guāng xué zì fú shí bié)
光艳	(guāng yàn)
光耀	(guāng yào)
光耀门楣	(guāng yào mén méi)
光遗传学	(guāng yí chuán xué)
光阴	(guāng yīn)
光阴荏苒	(guāng yīn rěn rǎn)
光阴似箭	(guāng yīn sì jiàn)
光影	(guāng yǐng)
光影效	(guāng yǐng xiào)
光源	(guāng yuán)
光晕	(guāng yùn)
光泽	(guāng zé)
光泽县	(guāng zé xiàn)
光栅	(guāng shān)
光照	(guāng zhào)
光照度	(guāng zhào dù)
光照治疗	(guāng zhào zhì liáo)
光州	(guāng zhōu)
光州广域市	(guāng zhōu guǎng yù shì)
光州市	(guāng zhōu shì)
光柱	(guāng zhù)
光追	(guāng zhuī)
光锥	(guāng zhuī)
光子	(guāng zǐ)
光宗耀祖	(guāng zōng yào zǔ)
垙	(guāng)
咣	(guāng)
咣当	(guāng dāng)
桄	(guàng)
桄榔	(guāng láng)
广	(yǎn)
广安门	(guǎng ān mén)
广安区	(guǎng ān qū)
广安市	(guǎng ān shì)
广播	(guǎng bō)
广播地址	(guǎng bō dì zhǐ)
广播电台	(guǎng bō diàn tái)
广播节目	(guǎng bō jié mù)
广播剧	(guǎng bō jù)
广播室	(guǎng bō shì)
广播网	(guǎng bō wǎng)
广播网路	(guǎng bō wǎng lù)
广播员	(guǎng bō yuán)
广博	(guǎng bó)
广昌县	(guǎng chāng xiàn)
广场	(guǎng chǎng)
广场恐怖症	(guǎng chǎng kǒng bù zhèng)
广场恐惧	(guǎng chǎng kǒng jù)
广场恐惧症	(guǎng chǎng kǒng jù zhèng)
广场舞	(guǎng chǎng wǔ)
广传	(guǎng chuán)
广大	(guǎng dà)
广岛	(guǎng dǎo)
广德市	(guǎng dé shì)
广电	(guǎng diàn)
广电总局	(guǎng diàn zǒng jú)
广东海洋大学	(guǎng dōng hǎi yáng dà xué)
广东话	(guǎng dōng huà)
广东科学技术职业学院	(guǎng dōng kē xué jì shù zhí yè xué yuàn)
广东人	(guǎng dōng rén)
广东省	(guǎng dōng shěng)
广东外语外贸大学	(guǎng dōng wài yǔ wài mào dà xué)
广度	(guǎng dù)
广而告之	(guǎng ér gào zhī)
广泛	(guǎng fàn)
广泛性焦虑症	(guǎng fàn xìng jiāo lǜ zhèng)
广泛影响	(guǎng fàn yǐng xiǎng)
广丰区	(guǎng fēng qū)
广柑	(guǎng gān)
广告	(guǎng gào)
广告拦截器	(guǎng gào lán jié qì)
广告栏	(guǎng gào lán)
广告牌	(guǎng gào pái)
广告片	(guǎng gào piàn)
广告衫	(guǎng gào shān)
广告商	(guǎng gào shāng)
广告条幅	(guǎng gào tiáo fú)
广告位	(guǎng gào wèi)
广告宣传	(guǎng gào xuān chuán)
广告宣传车	(guǎng gào xuān chuán chē)
广告宣传画	(guǎng gào xuān chuán huà)
广告主	(guǎng gào zhǔ)
广汉市	(guǎng hàn shì)
广河县	(guǎng hé xiàn)
广藿香	(guǎng huò xiāng)
广交会	(guǎng jiāo huì)
广角	(guǎng jiǎo)
广角镜	(guǎng jiǎo jìng)
广角镜头	(guǎng jiǎo jìng tóu)
广结良缘	(guǎng jié liáng yuán)
广九	(guǎng jiǔ)
广九铁路	(guǎng jiǔ tiě lù)
广开言路	(guǎng kāi yán lù)
广阔	(guǎng kuò)
广灵县	(guǎng líng xiàn)
广陵区	(guǎng líng qū)
广袤	(guǎng mào)
广漠	(guǎng mò)
广目天	(guǎng mù tiān)
广南县	(guǎng nán xiàn)
广宁县	(guǎng níng xiàn)
广平县	(guǎng píng xiàn)
广普	(guǎng pǔ)
广谱	(guǎng pǔ)
广饶县	(guǎng ráo xiàn)
广式	(guǎng shì)
广受好评	(guǎng shòu hǎo píng)
广水市	(guǎng shuǐ shì)
广外	(guǎng wài)
广为	(guǎng wéi)
广西壮族自治区	(guǎng xī zhuàng zú zì zhì qū)
广信区	(guǎng xìn qū)
广砚	(guǎng yàn)
广阳区	(guǎng yáng qū)
广义	(guǎng yì)
广义相对论	(guǎng yì xiāng duì lùn)
广游	(guǎng yóu)
广域市	(guǎng yù shì)
广域网	(guǎng yù wǎng)
广域网路	(guǎng yù wǎng lù)
广元市	(guǎng yuán shì)
广州美术学院	(guǎng zhōu měi shù xué yuàn)
广州日报	(guǎng zhōu rì bào)
广州市	(guǎng zhōu shì)
广州中医药大学	(guǎng zhōu zhōng yī yào dà xué)
广子	(guǎng zi)
广宗县	(guǎng zōng xiàn)
归	(guī)
归案	(guī àn)
归并	(guī bìng)
归程	(guī chéng)
归除	(guī chú)
归档	(guī dàng)
归队	(guī duì)
归附	(guī fù)
归根	(guī gēn)
归根到底	(guī gēn dào dǐ)
归根结底	(guī gēn jié dǐ)
归根结柢	(guī gēn jié dǐ)
归根结蒂	(guī gēn jié dì)
归根究底	(guī gēn jiū dǐ)
归公	(guī gōng)
归功	(guī gōng)
归国	(guī guó)
归还	(guī huán)
归化	(guī huà)
归结	(guī jié)
归经	(guī jīng)
归咎	(guī jiù)
归口	(guī kǒu)
归来	(guī lái)
归类	(guī lèi)
归零	(guī líng)
归零地	(guī líng dì)
归拢	(guī lǒng)
归路	(guī lù)
归谬法	(guī miù fǎ)
归牧	(guī mù)
归纳	(guī nà)
归纳法	(guī nà fǎ)
归纳推理	(guī nà tuī lǐ)
归宁	(guī níng)
归期	(guī qī)
归侨	(guī qiáo)
归仁	(guī rén)
归入	(guī rù)
归省	(guī xǐng)
归属	(guī shǔ)
归属感	(guī shǔ gǎn)
归属权	(guī shǔ quán)
归顺	(guī shùn)
归宿	(guī sù)
归绥	(guī suí)
归天	(guī tiān)
归途	(guī tú)
归位	(guī wèi)
归西	(guī xī)
归向	(guī xiàng)
归心	(guī xīn)
归心似箭	(guī xīn sì jiàn)
归依	(guī yī)
归因	(guī yīn)
归因理论	(guī yīn lǐ lùn)
归隐	(guī yǐn)
归于	(guī yú)
归真	(guī zhēn)
归正	(guī zhèng)
归置	(guī zhi)
归罪	(guī zuì)
圭	(guī)
圭亚那	(guī yà nà)
妫	(guī)
规	(guī)
亀	(guī)
椝	(guī)
槻	(guī)
巂	(xī)
宄	(guǐ)
庋	(guǐ)
匦	(guǐ)
佹	(guǐ)
垝	(guǐ)
垝垣	(guǐ yuán)
姽	(guǐ)
晷	(guǐ)
攰	(guì)
柜	(guì)
柜哥	(guì gē)
柜姐	(guì jiě)
柜台	(guì tái)
柜员	(guì yuán)
柜员机	(guì yuán jī)
柜子	(guì zi)
刿	(guì)
刽	(guì)
刽子手	(guì zi shǒu)
桂	(guì)
桂东县	(guì dōng xiàn)
桂格	(guì gé)
桂冠	(guì guān)
桂花	(guì huā)
桂林市	(guì lín shì)
桂林医学院	(guì lín yī xué yuàn)
桂纶镁	(guì lún měi)
桂木属	(guì mù shǔ)
桂皮	(guì pí)
桂平市	(guì píng shì)
桂阳县	(guì yáng xiàn)
桂鱼	(guì yú)
桂枝	(guì zhī)
桧	(guì)
桧柏	(guì bǎi)
桧木	(guì mù)
棍	(gùn)
棍棒	(gùn bàng)
棍网球	(gùn wǎng qiú)
棍杖	(gùn zhàng)
棍子	(gùn zi)
呙	(guō)
埚	(guō)
啯	(guō)
崞	(guō)
囯	(guó)
国	(guó)
国安	(guó ān)
国安部	(guó ān bù)
国安局	(guó ān jú)
国办	(guó bàn)
国宝	(guó bǎo)
国保	(guó bǎo)
国标	(guó biāo)
国标码	(guó biāo mǎ)
国标舞	(guó biāo wǔ)
国别	(guó bié)
国宾	(guó bīn)
国宾馆	(guó bīn guǎn)
国柄	(guó bǐng)
国补	(guó bǔ)
国菜	(guó cài)
国策	(guó cè)
国产	(guó chǎn)
国产化	(guó chǎn huà)
国朝	(guó cháo)
国粹	(guó cuì)
国大	(guó dà)
国大党	(guó dà dǎng)
国道	(guó dào)
国定假日	(guó dìng jià rì)
国都	(guó dū)
国度	(guó dù)
国蠹	(guó dù)
国队	(guó duì)
国法	(guó fǎ)
国防	(guó fáng)
国防部	(guó fáng bù)
国防部长	(guó fáng bù zhǎng)
国防工业	(guó fáng gōng yè)
国防科学技术工业委员会	(guó fáng kē xué jì shù gōng yè wěi yuán huì)
国防利益	(guó fáng lì yì)
国防色	(guó fáng sè)
国防现代化	(guó fáng xiàn dài huà)
国防语言学院	(guó fáng yǔ yán xué yuàn)
国防预算	(guó fáng yù suàn)
国风	(guó fēng)
国服	(guó fú)
国父	(guó fù)
国富兵强	(guó fù bīng qiáng)
国富论	(guó fù lùn)
国歌	(guó gē)
国共	(guó gòng)
国共合作	(guó gòng hé zuò)
国共两党	(guó gòng liǎng dǎng)
国共内战	(guó gòng nèi zhàn)
国关	(guó guān)
国航	(guó háng)
国号	(guó hào)
国花	(guó huā)
国画	(guó huà)
国槐	(guó huái)
国槐树	(guó huái shù)
国徽	(guó huī)
国会	(guó huì)
国会大厦	(guó huì dà shà)
国会山	(guó huì shān)
国会议员	(guó huì yì yuán)
国会议长	(guó huì yì zhǎng)
国货	(guó huò)
国籍	(guó jí)
国技	(guó jì)
国际	(guó jì)
国际奥林匹克委员会	(guó jì ào lín pǐ kè wěi yuán huì)
国际奥委会	(guó jì ào wěi huì)
国际笔会	(guó jì bǐ huì)
国际标准化组织	(guó jì biāo zhǔn huà zǔ zhī)
国际大赦	(guó jì dà shè)
国际单位	(guó jì dān wèi)
国际单位制	(guó jì dān wèi zhì)
国际电报电话咨询委员会	(guó jì diàn bào diàn huà zī xún wěi yuán huì)
国际电话	(guó jì diàn huà)
国际电信联盟	(guó jì diàn xìn lián méng)
国际儿童节	(guó jì ér tóng jié)
国际法	(guó jì fǎ)
国际法庭	(guó jì fǎ tíng)
国际法院	(guó jì fǎ yuàn)
国际妇女节	(guó jì fù nǚ jié)
国际歌	(guó jì gē)
国际公认	(guó jì gōng rèn)
国际共产主义运动	(guó jì gòng chǎn zhǔ yì yùn dòng)
国际关系	(guó jì guān xì)
国际海事组织	(guó jì hǎi shì zǔ zhī)
国际航空联合会	(guó jì háng kōng lián hé huì)
国际航空运输协会	(guó jì háng kōng yùn shū xié huì)
国际和平基金会	(guó jì hé píng jī jīn huì)
国际互联网络	(guó jì hù lián wǎng luò)
国际化	(guó jì huà)
国际货币基金	(guó jì huò bì jī jīn)
国际货币基金组织	(guó jì huò bì jī jīn zǔ zhī)
国际货运代理	(guó jì huò yùn dài lǐ)
国际机场	(guó jì jī chǎng)
国际级	(guó jì jí)
国际金融公司	(guó jì jīn róng gōng sī)
国际空间站	(guó jì kōng jiān zhàn)
国际劳动节	(guó jì láo dòng jié)
国际劳工组织	(guó jì láo gōng zǔ zhī)
国际联盟	(guó jì lián méng)
国际贸易	(guó jì mào yì)
国际媒体	(guó jì méi tǐ)
国际米兰	(guó jì mǐ lán)
国际米兰队	(guó jì mǐ lán duì)
国际米兰足球俱乐部	(guó jì mǐ lán zú qiú jù lè bù)
国际民航组织	(guó jì mín háng zǔ zhī)
国际民间组织	(guó jì mín jiān zǔ zhī)
国际棋联	(guó jì qí lián)
国际清算银行	(guó jì qīng suàn yín háng)
国际人权标准	(guó jì rén quán biāo zhǔn)
国际日期变更线	(guó jì rì qī biàn gēng xiàn)
国际商会	(guó jì shāng huì)
国际商业机器	(guó jì shāng yè jī qì)
国际社会	(guó jì shè huì)
国际收支	(guó jì shōu zhī)
国际数学联盟	(guó jì shù xué lián méng)
国际私法	(guó jì sī fǎ)
国际特赦	(guó jì tè shè)
国际特赦组织	(guó jì tè shè zǔ zhī)
国际体操联合会	(guó jì tǐ cāo lián hé huì)
国际田径联合会	(guó jì tián jìng lián hé huì)
国际田联	(guó jì tián lián)
国际跳棋	(guó jì tiào qí)
国际外交	(guó jì wài jiāo)
国际网络	(guó jì wǎng luò)
国际文传电讯社	(guó jì wén chuán diàn xùn shè)
国际文传通讯社	(guó jì wén chuán tōng xùn shè)
国际先驱论坛报	(guó jì xiān qū lùn tán bào)
国际象棋	(guó jì xiàng qí)
国际协会	(guó jì xié huì)
国际刑警组织	(guó jì xíng jǐng zǔ zhī)
国际刑事警察组织	(guó jì xíng shì jǐng chá zǔ zhī)
国际性	(guó jì xìng)
国际医疗中心	(guó jì yī liáo zhōng xīn)
国际音标	(guó jì yīn biāo)
国际羽毛球联合会	(guó jì yǔ máo qiú lián hé huì)
国际原子能机构	(guó jì yuán zǐ néng jī gòu)
国际战争罪法庭	(guó jì zhàn zhēng zuì fǎ tíng)
国际肿瘤研究机构	(guó jì zhǒng liú yán jiū jī gòu)
国际主义	(guó jì zhǔ yì)
国际足联	(guó jì zú lián)
国际足球联合会	(guó jì zú qiú lián hé huì)
国家	(guó jiā)
国家安全	(guó jiā ān quán)
国家安全部	(guó jiā ān quán bù)
国家安全局	(guó jiā ān quán jú)
国家标准化管理委员会	(guó jiā biāo zhǔn huà guǎn lǐ wěi yuán huì)
国家标准码	(guó jiā biāo zhǔn mǎ)
国家代码	(guó jiā dài mǎ)
国家地震局	(guó jiā dì zhèn jú)
国家电力监管委员会	(guó jiā diàn lì jiān guǎn wěi yuán huì)
国家电网公司	(guó jiā diàn wǎng gōng sī)
国家队	(guó jiā duì)
国家发展改革委	(guó jiā fā zhǎn gǎi gé wěi)
国家公园	(guó jiā gōng yuán)
国家广播电视总局	(guó jiā guǎng bō diàn shì zǒng jú)
国家海洋局	(guó jiā hǎi yáng jú)
国家汉办	(guó jiā hàn bàn)
国家航空公司	(guó jiā háng kōng gōng sī)
国家航天局	(guó jiā háng tiān jú)
国家互联网信息办公室	(guó jiā hù lián wǎng xìn xī bàn gōng shì)
国家环保总局	(guó jiā huán bǎo zǒng jú)
国家火山公园	(guó jiā huǒ shān gōng yuán)
国家级	(guó jiā jí)
国家计委	(guó jiā jì wěi)
国家监委	(guó jiā jiān wěi)
国家军品贸易管理委员会	(guó jiā jūn pǐn mào yì guǎn lǐ wěi yuán huì)
国家军品贸易局	(guó jiā jūn pǐn mào yì jú)
国家开发银行	(guó jiā kāi fā yín háng)
国家留学基金管理委员会	(guó jiā liú xué jī jīn guǎn lǐ wěi yuán huì)
国家旅游度假区	(guó jiā lǚ yóu dù jià qū)
国家社会主义	(guó jiā shè huì zhǔ yì)
国家统计局	(guó jiā tǒng jì jú)
国家图书馆	(guó jiā tú shū guǎn)
国家外汇管理局	(guó jiā wài huì guǎn lǐ jú)
国家文物鉴定委员会	(guó jiā wén wù jiàn dìng wěi yuán huì)
国家文物局	(guó jiā wén wù jú)
国家文物委员会	(guó jiā wén wù wěi yuán huì)
国家新闻出版广电总局	(guó jiā xīn wén chū bǎn guǎng diàn zǒng jú)
国家信访局	(guó jiā xìn fǎng jú)
国家兴亡，匹夫有责	(guó jiā xīng wáng , pǐ fū yǒu zé)
国家一级保护	(guó jiā yī jí bǎo hù)
国家医疗服务体系	(guó jiā yī liáo fú wù tǐ xì)
国家元首	(guó jiā yuán shǒu)
国家政策	(guó jiā zhèng cè)
国家质量监督检验检疫总局	(guó jiā zhì liàng jiān dū jiǎn yàn jiǎn yì zǒng jú)
国家重点实验室	(guó jiā zhòng diǎn shí yàn shì)
国家重点学科	(guó jiā zhòng diǎn xué kē)
国家主席	(guó jiā zhǔ xí)
国家主义	(guó jiā zhǔ yì)
国脚	(guó jiǎo)
国教	(guó jiào)
国界	(guó jiè)
国界线	(guó jiè xiàn)
国境	(guó jìng)
国君	(guó jūn)
国考	(guó kǎo)
国库	(guó kù)
国库券	(guó kù quàn)
国乐	(guó yuè)
国礼	(guó lǐ)
国力	(guó lì)
国立	(guó lì)
国立首尔大学	(guó lì shǒu ěr dà xué)
国立台北科技大学	(guó lì tái běi kē jì dà xué)
国立西南联合大学	(guó lì xī nán lián hé dà xué)
国联	(guó lián)
国骂	(guó mà)
国漫	(guó màn)
国贸	(guó mào)
国美电器	(guó měi diàn qì)
国门	(guó mén)
国民	(guó mín)
国民待遇	(guó mín dài yù)
国民党	(guó mín dǎng)
国民革命军	(guó mín gé mìng jūn)
国民经济	(guó mín jīng jì)
国民警卫队	(guó mín jǐng wèi duì)
国民年金	(guó mín nián jīn)
国民年金保险	(guó mín nián jīn bǎo xiǎn)
国民生产毛额	(guó mín shēng chǎn máo é)
国民生产总值	(guó mín shēng chǎn zǒng zhí)
国民收入	(guó mín shōu rù)
国民小学	(guó mín xiǎo xué)
国民议会	(guó mín yì huì)
国民政府	(guó mín zhèng fǔ)
国民中学	(guó mín zhōng xué)
国名	(guó míng)
国难	(guó nàn)
国内	(guó nèi)
国内安全保卫局	(guó nèi ān quán bǎo wèi jú)
国内生产毛额	(guó nèi shēng chǎn máo é)
国内生产总值	(guó nèi shēng chǎn zǒng zhí)
国内外	(guó nèi wài)
国内线	(guó nèi xiàn)
国内战争	(guó nèi zhàn zhēng)
国破家亡	(guó pò jiā wáng)
国旗	(guó qí)
国企	(guó qǐ)
国情	(guó qíng)
国情咨文	(guó qíng zī wén)
国庆	(guó qìng)
国庆节	(guó qìng jié)
国庆日	(guó qìng rì)
国人	(guó rén)
国弱民穷	(guó ruò mín qióng)
国色天香	(guó sè tiān xiāng)
国殇	(guó shāng)
国师	(guó shī)
国史	(guó shǐ)
国势	(guó shì)
国势日衰	(guó shì rì shuāi)
国事	(guó shì)
国事访问	(guó shì fǎng wèn)
国是	(guó shì)
国手	(guó shǒu)
国书	(guó shū)
国术	(guó shù)
国税局	(guó shuì jú)
国台办	(guó tái bàn)
国泰	(guó tài)
国泰航空	(guó tài háng kōng)
国泰民安	(guó tài mín ān)
国体	(guó tǐ)
国土	(guó tǔ)
国土安全	(guó tǔ ān quán)
国土安全部	(guó tǔ ān quán bù)
国土安全局	(guó tǔ ān quán jú)
国外	(guó wài)
国外市场	(guó wài shì chǎng)
国王	(guó wáng)
国威	(guó wēi)
国务	(guó wù)
国务次卿	(guó wù cì qīng)
国务卿	(guó wù qīng)
国务委员	(guó wù wěi yuán)
国务院	(guó wù yuàn)
国务院港澳事务办公室	(guó wù yuàn gǎng ào shì wù bàn gōng shì)
国务院国有资产监督管理委员会	(guó wù yuàn guó yǒu zī chǎn jiān dū guǎn lǐ wěi yuán huì)
国务院台湾事务办公室	(guó wù yuàn tái wān shì wù bàn gōng shì)
国务院新闻办公室	(guó wù yuàn xīn wén bàn gōng shì)
国务长官	(guó wù zhǎng guān)
国务总理	(guó wù zǒng lǐ)
国玺	(guó xǐ)
国小	(guó xiǎo)
国新办	(guó xīn bàn)
国行	(guó háng)
国姓	(guó xìng)
国姓乡	(guó xìng xiāng)
国学	(guó xué)
国宴	(guó yàn)
国药	(guó yào)
国医	(guó yī)
国音	(guó yīn)
国营	(guó yíng)
国营企业	(guó yíng qǐ yè)
国有	(guó yǒu)
国有公司	(guó yǒu gōng sī)
国有化	(guó yǒu huà)
国有企业	(guó yǒu qǐ yè)
国有资产监督管理委员会	(guó yǒu zī chǎn jiān dū guǎn lǐ wěi yuán huì)
国语	(guó yǔ)
国语注音符号第一式	(guó yǔ zhù yīn fú hào dì yī shì)
国运	(guó yùn)
国葬	(guó zàng)
国贼	(guó zéi)
国债	(guó zhài)
国侦局	(guó zhēn jú)
国政	(guó zhèng)
国中	(guó zhōng)
国中之国	(guó zhōng zhī guó)
国资	(guó zī)
国资委	(guó zī wěi)
国子监	(guó zǐ jiàn)
国字	(guó zì)
国字脸	(guó zì liǎn)
国足	(guó zú)
国族	(guó zú)
国祚	(guó zuò)
囶	(guó)
囻	(guó)
圀	(guó)
帼	(guó)
果	(guǒ)
果报	(guǒ bào)
果倍爽	(guǒ bèi shuǎng)
果播	(guǒ bō)
果不其然	(guǒ bù qí rán)
果茶	(guǒ chá)
果冻	(guǒ dòng)
果断	(guǒ duàn)
果粉	(guǒ fěn)
果腹	(guǒ fù)
果敢	(guǒ gǎn)
果干	(guǒ gān)
果戈里	(guǒ gē lǐ)
果核	(guǒ hé)
果酱	(guǒ jiàng)
果胶	(guǒ jiāo)
果酒	(guǒ jiǔ)
果决	(guǒ jué)
果粒	(guǒ lì)
果料儿	(guǒ liào r)
果岭	(guǒ lǐng)
果洛藏族自治州	(guǒ luò zàng zú zì zhì zhōu)
果木	(guǒ mù)
果泥	(guǒ ní)
果农	(guǒ nóng)
果盘	(guǒ pán)
果皮	(guǒ pí)
果啤	(guǒ pí)
果品	(guǒ pǐn)
果脯	(guǒ fǔ)
果葡糖浆	(guǒ pú táng jiāng)
果期	(guǒ qī)
果切	(guǒ qiē)
果然	(guǒ rán)
果仁	(guǒ rén)
果仁儿	(guǒ rén r)
果仁密饼	(guǒ rén mì bǐng)
果肉	(guǒ ròu)
果如所料	(guǒ rú suǒ liào)
果实	(guǒ shí)
果实累累	(guǒ shí léi léi)
果实散播	(guǒ shí sàn bō)
果蔬	(guǒ shū)
果树	(guǒ shù)
果穗	(guǒ suì)
果糖	(guǒ táng)
果昔	(guǒ xī)
果馅饼	(guǒ xiàn bǐng)
果蝇	(guǒ yíng)
果园	(guǒ yuán)
果真	(guǒ zhēn)
果汁	(guǒ zhī)
果汁机	(guǒ zhī jī)
果子	(guǒ zi)
果子冻	(guǒ zi dòng)
果子酱	(guǒ zi jiàng)
果子狸	(guǒ zi lí)
果子露	(guǒ zi lù)
惈	(guǒ)
椁	(guǒ)
哈	(hā)
哈巴狗	(hǎ bā gǒu)
哈巴谷书	(hā bā gǔ shū)
哈巴河县	(hā bā hé xiàn)
哈巴罗夫斯克	(hā bā luó fū sī kè)
哈巴雪山	(hā bā xuě shān)
哈棒	(hā bàng)
哈贝尔	(hā bèi ěr)
哈贝马斯	(hā bèi mǎ sī)
哈比人	(hā bǐ rén)
哈伯	(hā bó)
哈伯玛斯	(hā bó mǎ sī)
哈伯太空望远镜	(hā bó tài kōng wàng yuǎn jìng)
哈勃	(hā bó)
哈博罗内	(hā bó luó nèi)
哈布斯堡	(hā bù sī bǎo)
哈达	(hǎ dá)
哈得斯	(hā dé sī)
哈德斯	(hā dé sī)
哈德逊河	(hā dé xùn hé)
哈迪	(hǎ dí)
哈迪斯	(hā dí sī)
哈恩	(hā ēn)
哈尔滨工业大学	(hā ěr bīn gōng yè dà xué)
哈尔滨市	(hā ěr bīn shì)
哈尔登	(hā ěr dēng)
哈尔斯塔	(hā ěr sī tǎ)
哈丰角	(hā fēng jiǎo)
哈佛	(hā fó)
哈佛大学	(hā fó dà xué)
哈该书	(hā gāi shū)
哈根达斯	(hā gēn dá sī)
哈哈	(hā hā)
哈哈大笑	(hā hā dà xiào)
哈哈镜	(hā hā jìng)
哈哈笑	(hā hā xiào)
哈基米	(hā jī mǐ)
哈吉	(hā jí)
哈吉斯	(hā jí sī)
哈啾	(hā jiū)
哈克贝利·芬历险记	(hā kè bèi lì · fēn lì xiǎn jì)
哈扣	(hā kòu)
哈拉	(hā lā)
哈拉尔五世	(hā lā ěr wǔ shì)
哈拉雷	(hā lā léi)
哈拉子	(hā lā zi)
哈喇	(hā la)
哈喇子	(hā lá zi)
哈莱姆	(hā lái mǔ)
哈雷彗星	(hā léi huì xīng)
哈里	(hā lǐ)
哈里发	(hā lǐ fā)
哈里发帝国	(hā lǐ fā dì guó)
哈里发国	(hā lǐ fā guó)
哈里森·施密特	(hā lǐ sēn · shī mì tè)
哈里斯堡	(hā lǐ sī bǎo)
哈利	(hā lì)
哈利·波特	(hā lì · bō tè)
哈利伯顿	(hā lì bó dùn)
哈利法克斯	(hā lì fǎ kè sī)
哈利路亚	(hā lì lù yà)
哈莉·贝瑞	(hā lì · bèi ruì)
哈灵根	(hā líng gēn)
哈喽	(hā lóu)
哈伦裤	(hā lún kù)
哈啰	(hā luō)
哈啰出行	(hā luō chū xíng)
哈罗	(hā luó)
哈罗德	(hā luó dé)
哈马尔	(hā mǎ ěr)
哈马黑拉岛	(hā mǎ hēi lā dǎo)
哈马斯	(hā mǎ sī)
哈梅内伊	(hā méi nèi yī)
哈蒙德	(hā méng dé)
哈迷	(hā mí)
哈米尔卡	(hā mǐ ěr kǎ)
哈米吉多顿	(hā mǐ jí duō dùn)
哈密瓜	(hā mì guā)
哈密市	(hā mì shì)
哈蜜瓜	(hā mì guā)
哈摩辣	(hā mó là)
哈姆雷特	(hā mǔ léi tè)
哈拿	(hā ná)
哈尼	(hā ní)
哈尼族	(hā ní zú)
哈奴曼	(hā nú màn)
哈努卡	(hā nǔ kǎ)
哈珀	(hā pò)
哈普西科德	(hā pǔ xī kē dé)
哈欠	(hā qian)
哈日	(hā rì)
哈日族	(hā rì zú)
哈萨克	(hā sà kè)
哈萨克人	(hā sà kè rén)
哈萨克斯坦	(hā sà kè sī tǎn)
哈萨克文	(hā sà kè wén)
哈萨克语	(hā sà kè yǔ)
哈萨克族	(hā sà kè zú)
哈桑	(hā sāng)
哈士蟆	(hà shi má)
哈士奇	(hā shì qí)
哈苏	(hā sū)
哈特福德	(hā tè fú dé)
哈瓦那	(hā wǎ nà)
哈希	(hā xī)
哈腰	(hā yāo)
咍	(hāi)
咳	(hāi)
咳呛	(ké qiàng)
咳嗽	(ké sou)
咳痰	(ké tán)
咳血	(ké xiě)
嗨	(hāi)
嗨药	(hāi yào)
孩	(hái)
孩儿	(hái r)
孩奴	(hái nú)
孩提	(hái tí)
孩童	(hái tóng)
孩子	(hái zi)
孩子们	(hái zi men)
孩子气	(hái zi qì)
害	(hài)
害病	(hài bìng)
害虫	(hài chóng)
害处	(hài chu)
害得	(hài de)
害肚子	(hài dù zi)
害马	(hài mǎ)
害命	(hài mìng)
害鸟	(hài niǎo)
害怕	(hài pà)
害群之马	(hài qún zhī mǎ)
害人	(hài rén)
害人不浅	(hài rén bù qiǎn)
害人虫	(hài rén chóng)
害人精	(hài rén jīng)
害人之心不可有，防人之心不可无	(hài rén zhī xīn bù kě yǒu , fáng rén zhī xīn bù kě wú)
害臊	(hài sào)
害兽	(hài shòu)
害死	(hài sǐ)
害喜	(hài xǐ)
害相思病	(hài xiāng sī bìng)
害羞	(hài xiū)
害眼	(hài yǎn)
害月子	(hài yuè zi)
嗐	(hài)
憨	(hān)
憨豆先生	(hān dòu xiān sheng)
憨厚	(hān hou)
憨实	(hān shí)
憨态	(hān tài)
憨态可掬	(hān tài kě jū)
憨直	(hān zhí)
憨子	(hān zi)
含	(hán)
含苞	(hán bāo)
含苞待放	(hán bāo dài fàng)
含宫咀徵	(hán gōng jǔ zhǐ)
含垢忍辱	(hán gòu rěn rǔ)
含含糊糊	(hán hán hú hú)
含胡	(hán hu)
含糊	(hán hu)
含糊不清	(hán hú bù qīng)
含糊其词	(hán hú qí cí)
含混	(hán hùn)
含金	(hán jīn)
含金量	(hán jīn liàng)
含括	(hán guā)
含泪	(hán lèi)
含量	(hán liàng)
含片	(hán piàn)
含气	(hán qì)
含情脉脉	(hán qíng mò mò)
含忍	(hán rěn)
含沙量	(hán shā liàng)
含沙射影	(hán shā shè yǐng)
含山县	(hán shān xiàn)
含商咀徵	(hán shāng jǔ zhǐ)
含水	(hán shuǐ)
含水层	(hán shuǐ céng)
含税	(hán shuì)
含碳	(hán tàn)
含味隽永	(hán wèi juàn yǒng)
含笑	(hán xiào)
含辛茹苦	(hán xīn rú kǔ)
含羞草	(hán xiū cǎo)
含蓄	(hán xù)
含血喷人	(hán xuè pēn rén)
含饴弄孙	(hán yí nòng sūn)
含义	(hán yì)
含意	(hán yì)
含英咀华	(hán yīng jǔ huá)
含油	(hán yóu)
含油岩	(hán yóu yán)
含有	(hán yǒu)
含冤	(hán yuān)
含蕴	(hán yùn)
咁	(gān)
函	(hán)
函办	(hán bàn)
函大	(hán dà)
函洞	(hán dòng)
函购	(hán gòu)
函谷关	(hán gǔ guān)
函馆	(hán guǎn)
函件	(hán jiàn)
函人	(hán rén)
函式库	(hán shì kù)
函授	(hán shòu)
函授大学	(hán shòu dà xué)
函授课程	(hán shòu kè chéng)
函数	(hán shù)
函送	(hán sòng)
函送法办	(hán sòng fǎ bàn)
函子	(hán zi)
唅	(hán)
晗	(hán)
寒	(hán)
寒伧	(hán chen)
寒蝉	(hán chán)
寒蝉效应	(hán chán xiào yìng)
寒潮	(hán cháo)
寒碜	(hán chen)
寒窗	(hán chuāng)
寒带	(hán dài)
寒冬	(hán dōng)
寒风	(hán fēng)
寒风刺骨	(hán fēng cì gǔ)
寒光闪闪	(hán guāng shǎn shǎn)
寒假	(hán jià)
寒噤	(hán jìn)
寒荆	(hán jīng)
寒冷	(hán lěng)
寒流	(hán liú)
寒毛	(hán máo)
寒门	(hán mén)
寒气	(hán qì)
寒舍	(hán shè)
寒食	(hán shí)
寒士	(hán shì)
寒酸	(hán suān)
寒天	(hán tiān)
寒亭区	(hán tíng qū)
寒腿	(hán tuǐ)
寒微	(hán wēi)
寒武爆发	(hán wǔ bào fā)
寒武纪	(hán wǔ jì)
寒武纪大爆发	(hán wǔ jì dà bào fā)
寒武纪生命大爆发	(hán wǔ jì shēng mìng dà bào fā)
寒心	(hán xīn)
寒暄	(hán xuān)
寒鸦	(hán yā)
寒衣	(hán yī)
寒意	(hán yì)
寒战	(hán zhàn)
喊	(hǎn)
喊道	(hǎn dào)
喊话	(hǎn huà)
喊话器	(hǎn huà qì)
喊叫	(hǎn jiào)
喊声	(hǎn shēng)
喊冤	(hǎn yuān)
喊住	(hǎn zhù)
㘎	(hǎn)
旱	(hàn)
旱魃	(hàn bá)
旱冰	(hàn bīng)
旱厕	(hàn cè)
旱金莲	(hàn jīn lián)
旱涝保收	(hàn lào bǎo shōu)
旱情	(hàn qíng)
旱伞	(hàn sǎn)
旱獭	(hàn tǎ)
旱象	(hàn xiàng)
旱鸭子	(hàn yā zi)
旱烟	(hàn yān)
旱灾	(hàn zāi)
垾	(hàn)
捍	(hàn)
捍卫	(hàn wèi)
捍卫者	(hàn wèi zhě)
悍	(hàn)
悍匪	(hàn fěi)
悍妇	(hàn fù)
悍马	(hàn mǎ)
悍然	(hàn rán)
悍然不顾	(hàn rán bù gù)
悍勇	(hàn yǒng)
㪋	(hàn)
撖	(hàn)
暵	(hàn)
撼	(hàn)
撼动	(hàn dòng)
撼天动地	(hàn tiān dòng dì)
憾	(hàn)
憾恨	(hàn hèn)
憾事	(hàn shì)
夯	(hāng)
夯歌	(hāng gē)
夯汉	(hāng hàn)
夯具	(hāng jù)
夯实	(hāng shí)
夯土	(hāng tǔ)
夯土机	(hāng tǔ jī)
夯砣	(hāng tuó)
杭	(háng)
杭锦	(háng jǐn)
杭锦后旗	(háng jǐn hòu qí)
杭锦旗	(háng jǐn qí)
杭州市	(háng zhōu shì)
杭州湾	(háng zhōu wān)
嚆	(hāo)
呺	(xiāo)
嗥	(háo)
嗥叫	(háo jiào)
壕	(háo)
壕沟	(háo gōu)
嚎	(háo)
嚎叫	(háo jiào)
嚎哭	(háo kū)
嚎啕	(háo táo)
嚎啕大哭	(háo táo dà kū)
好	(hǎo)
好办	(hǎo bàn)
好半天	(hǎo bàn tiān)
好棒	(hǎo bàng)
好报	(hǎo bào)
好比	(hǎo bǐ)
好辩	(hào biàn)
好兵帅克	(hǎo bīng shuài kè)
好不	(hǎo bù)
好不好	(hǎo bu hǎo)
好不容易	(hǎo bù róng yì)
好吃	(hǎo chī)
好吃懒做	(hào chī lǎn zuò)
好处	(hǎo chǔ)
好大喜功	(hào dà xǐ gōng)
好歹	(hǎo dǎi)
好道	(hǎo dào)
好睇	(hǎo dì)
好动	(hào dòng)
好斗	(hào dòu)
好端端	(hǎo duān duān)
好多	(hǎo duō)
好恶	(hào wù)
好饭不怕晚	(hǎo fàn bù pà wǎn)
好感	(hǎo gǎn)
好高骛远	(hào gāo wù yuǎn)
好过	(hǎo guò)
好汉	(hǎo hàn)
好汉不吃眼前亏	(hǎo hàn bù chī yǎn qián kuī)
好汉不提当年勇	(hǎo hàn bù tí dāng nián yǒng)
好汉做事好汉当	(hǎo hàn zuò shì hǎo hàn dāng)
好好	(hǎo hǎo)
好好儿	(hǎo hāo r)
好好先生	(hǎo hǎo xiān sheng)
好好学习，天天向上	(hǎo hǎo xué xí , tiān tiān xiàng shàng)
好喝	(hǎo hē)
好话	(hǎo huà)
好坏	(hǎo huài)
好活当赏	(hǎo huó dāng shǎng)
好几	(hǎo jǐ)
好几年	(hǎo jǐ nián)
好记	(hǎo jì)
好记性不如烂笔头	(hǎo jì xìng bù rú làn bǐ tóu)
好家伙	(hǎo jiā huo)
好景不长	(hǎo jǐng bù cháng)
好久	(hǎo jiǔ)
好久不见	(hǎo jiǔ bu jiàn)
好酒沉瓮底	(hǎo jiǔ chén wèng dǐ)
好酒贪杯	(hào jiǔ tān bēi)
好聚好散	(hǎo jù hǎo sàn)
好看	(hǎo kàn)
好康	(hǎo kāng)
好客	(hào kè)
好莱坞	(hǎo lái wù)
好了伤疤忘了疼	(hǎo le shāng bā wàng le téng)
好立克	(hǎo lì kè)
好料	(hǎo liào)
好马不吃回头草	(hǎo mǎ bù chī huí tóu cǎo)
好梦难成	(hǎo mèng nán chéng)
好面子	(hào miàn zi)
好命	(hǎo mìng)
好男不跟女斗	(hǎo nán bù gēn nǚ dòu)
好鸟	(hǎo niǎo)
好朋友	(hǎo péng you)
好评	(hǎo píng)
好奇	(hào qí)
好奇尚异	(hào qí shàng yì)
好奇心	(hào qí xīn)
好起来	(hǎo qǐ lai)
好气	(hǎo qì)
好强	(hào qiáng)
好球	(hǎo qiú)
好去	(hǎo qù)
好惹	(hǎo rě)
好人	(hǎo rén)
好人好事	(hǎo rén hǎo shì)
好日子	(hǎo rì zi)
好容易	(hǎo róng yì)
好色	(hào sè)
好色之徒	(hào sè zhī tú)
好生	(hǎo shēng)
好胜	(hào shèng)
好时	(hǎo shí)
好使	(hǎo shǐ)
好市多	(hǎo shì duō)
好似	(hǎo sì)
好事	(hǎo shì)
好事不出门，恶事传千里	(hǎo shì bù chū mén , è shì chuán qiān lǐ)
好事多磨	(hǎo shì duō mó)
好事者	(hào shì zhě)
好事之徒	(hào shì zhī tú)
好手	(hǎo shǒu)
好受	(hǎo shòu)
好睡	(hǎo shuì)
好说	(hǎo shuō)
好说歹说	(hǎo shuō dǎi shuō)
好死不如赖活着	(hǎo sǐ bù rú lài huó zhe)
好听	(hǎo tīng)
好哇	(hǎo wā)
好玩	(hǎo wán)
好玩儿	(hǎo wán r)
好望角	(hǎo wàng jiǎo)
好为人师	(hào wéi rén shī)
好物	(hǎo wù)
好戏还在后头	(hǎo xì hái zài hòu tou)
好险	(hǎo xiǎn)
好象	(hǎo xiàng)
好像	(hǎo xiàng)
好笑	(hǎo xiào)
好些	(hǎo xiē)
好心	(hǎo xīn)
好心当成驴肝肺	(hǎo xīn dàng chéng lǘ gān fèi)
好心人	(hǎo xīn rén)
好学	(hǎo xué)
好学近乎知，力行近乎仁，知耻近乎勇	(hào xué jìn hū zhī , lì xíng jìn hū rén , zhī chǐ jìn hū yǒng)
好言	(hǎo yán)
好言好语	(hǎo yán hǎo yǔ)
好氧	(hào yǎng)
好样的	(hǎo yàng de)
好逸恶劳	(hào yì wù láo)
好意	(hǎo yì)
好意思	(hǎo yì si)
好用	(hǎo yòng)
好友	(hǎo yǒu)
好又多	(hǎo yòu duō)
好运	(hǎo yùn)
好运符	(hǎo yùn fú)
好在	(hǎo zài)
好战	(hào zhàn)
好整以暇	(hào zhěng yǐ xiá)
好转	(hǎo zhuǎn)
好自为之	(hǎo zì wéi zhī)
好走	(hǎo zǒu)
昊	(hào)
昊天	(hào tiān)
昦	(hào)
恏	(hào)
皓	(hào)
呵	(hē)
呵叱	(hē chì)
呵斥	(hē chì)
呵呵	(hē hē)
呵喝	(hē hè)
呵护	(hē hù)
呵禁	(hē jìn)
呵谴	(hē qiǎn)
呵欠	(hē qiàn)
呵责	(hē zé)
欱	(hē)
喝	(hē)
喝采	(hè cǎi)
喝彩	(hè cǎi)
喝茶	(hē chá)
喝倒彩	(hè dào cǎi)
喝道	(hè dào)
喝掉	(hē diào)
喝断片	(hē duàn piàn)
喝高	(hē gāo)
喝挂	(hē guà)
喝光	(hē guāng)
喝酒	(hē jiǔ)
喝凉水都塞牙	(hē liáng shuǐ dōu sāi yá)
喝令	(hè lìng)
喝茫	(hē máng)
喝西北风	(hē xī běi fēng)
喝止	(hè zhǐ)
喝醉	(hē zuì)
嗬	(hē)
合	(hé)
合办	(hé bàn)
合抱	(hé bào)
合璧	(hé bì)
合编	(hé biān)
合并	(hé bìng)
合并症	(hé bìng zhèng)
合不来	(hé bù lái)
合不拢嘴	(hé bù lǒng zuǐ)
合唱	(hé chàng)
合唱团	(hé chàng tuán)
合称	(hé chēng)
合成	(hé chéng)
合成词	(hé chéng cí)
合成代谢	(hé chéng dài xiè)
合成法	(hé chéng fǎ)
合成革	(hé chéng gé)
合成类固醇	(hé chéng lèi gù chún)
合成器	(hé chéng qì)
合成石油	(hé chéng shí yóu)
合成数	(hé chéng shù)
合成物	(hé chéng wù)
合成洗涤剂	(hé chéng xǐ dí jì)
合成纤维	(hé chéng xiān wéi)
合成橡胶	(hé chéng xiàng jiāo)
合成语音	(hé chéng yǔ yīn)
合吃族	(hé chī zú)
合川区	(hé chuān qū)
合当	(hé dāng)
合得来	(hé de lái)
合订本	(hé dìng běn)
合而为一	(hé ér wéi yī)
合法	(hé fǎ)
合法化	(hé fǎ huà)
合法性	(hé fǎ xìng)
合肥工业大学	(hé féi gōng yè dà xué)
合肥市	(hé féi shì)
合缝	(hé fèng)
合该	(hé gāi)
合格	(hé gé)
合格证	(hé gé zhèng)
合弓纲	(hé gōng gāng)
合共	(hé gòng)
合股	(hé gǔ)
合股线	(hé gǔ xiàn)
合规	(hé guī)
合乎	(hé hū)
合乎情理	(hé hū qíng lǐ)
合欢	(hé huān)
合婚	(hé hūn)
合伙	(hé huǒ)
合伙人	(hé huǒ rén)
合夥	(hé huǒ)
合夥人	(hé huǒ rén)
合击	(hé jī)
合集	(hé jí)
合辑	(hé jí)
合计	(hé jì)
合家	(hé jiā)
合家欢	(hé jiā huān)
合江县	(hé jiāng xiàn)
合脚	(hé jiǎo)
合金	(hé jīn)
合卺	(hé jǐn)
合理	(hé lǐ)
合理化	(hé lǐ huà)
合理性	(hé lǐ xìng)
合力	(hé lì)
合流	(hé liú)
合龙	(hé lóng)
合拢	(hé lǒng)
合谋	(hé móu)
合拍	(hé pāi)
合聘	(hé pìn)
合浦县	(hé pǔ xiàn)
合气道	(hé qì dào)
合情合理	(hé qíng hé lǐ)
合取	(hé qǔ)
合群	(hé qún)
合山市	(hé shān shì)
合扇	(hé shàn)
合上	(hé shàng)
合身	(hé shēn)
合十	(hé shí)
合时	(hé shí)
合时宜	(hé shí yí)
合式	(hé shì)
合适	(hé shì)
合手	(hé shǒu)
合数	(hé shù)
合水县	(hé shuǐ xiàn)
合四乙尺工	(hé sì yǐ chě gōng)
合算	(hé suàn)
合体	(hé tǐ)
合体字	(hé tǐ zì)
合同	(hé tong)
合同法	(hé tong fǎ)
合同各方	(hé tong gè fāng)
合围	(hé wéi)
合为	(hé wéi)
合宪性	(hé xiàn xìng)
合心	(hé xīn)
合眼	(hé yǎn)
合眼摸象	(hé yǎn mō xiàng)
合演	(hé yǎn)
合阳县	(hé yáng xiàn)
合叶	(hé yè)
合页	(hé yè)
合一	(hé yī)
合宜	(hé yí)
合义复词	(hé yì fù cí)
合议	(hé yì)
合议庭	(hé yì tíng)
合意	(hé yì)
合音	(hé yīn)
合营	(hé yíng)
合影	(hé yǐng)
合用	(hé yòng)
合于	(hé yú)
合于时宜	(hé yú shí yí)
合院	(hé yuàn)
合约	(hé yuē)
合葬	(hé zàng)
合掌	(hé zhǎng)
合照	(hé zhào)
合辙	(hé zhé)
合辙儿	(hé zhé r)
合着	(hé zhe)
合众	(hé zhòng)
合众国	(hé zhòng guó)
合众国际社	(hé zhòng guó jì shè)
合众为一	(hé zhòng wéi yī)
合众银行	(hé zhòng yín háng)
合著	(hé zhù)
合资	(hé zī)
合子	(hé zi)
合字	(hé zì)
合纵	(hé zòng)
合纵连横	(hé zòng lián héng)
合奏	(hé zòu)
合租	(hé zū)
合作	(hé zuò)
合作方	(hé zuò fāng)
合作化	(hé zuò huà)
合作伙伴	(hé zuò huǒ bàn)
合作农场	(hé zuò nóng chǎng)
合作社	(hé zuò shè)
合作市	(hé zuò shì)
合作者	(hé zuò zhě)
何	(hé)
何必	(hé bì)
何不	(hé bù)
何不食肉糜	(hé bù shí ròu mí)
何曾	(hé céng)
何尝	(hé cháng)
何啻	(hé chì)
何出此言	(hé chū cǐ yán)
何处	(hé chù)
何等	(hé děng)
何方	(hé fāng)
何方神圣	(hé fāng shén shèng)
何妨	(hé fáng)
何干	(hé gān)
何故	(hé gù)
何苦	(hé kǔ)
何况	(hé kuàng)
何乐不为	(hé lè bù wéi)
何乐而不为	(hé lè ér bù wéi)
何其	(hé qí)
何去何从	(hé qù hé cóng)
何人	(hé rén)
何日	(hé rì)
何如	(hé rú)
何时	(hé shí)
何首乌	(hé shǒu wū)
何所	(hé suǒ)
何为	(hé wéi)
何谓	(hé wèi)
何西阿书	(hé xī ā shū)
何须	(hé xū)
何许	(hé xǔ)
何许人	(hé xǔ rén)
何以	(hé yǐ)
何以见得	(hé yǐ jiàn dé)
何应钦	(hé yìng qīn)
何在	(hé zài)
何止	(hé zhǐ)
和	(hé)
和蔼	(hé ǎi)
和蔼可亲	(hé ǎi kě qīn)
和布克赛尔蒙古自治县	(hé bù kè sài ěr měng gǔ zì zhì xiàn)
和达清夫	(hé dá qīng fū)
和得来	(hé de lái)
和风	(hé fēng)
和服	(hé fú)
和歌	(hé gē)
和歌山	(hé gē shān)
和好	(hé hǎo)
和好如初	(hé hǎo rú chū)
和合	(hé hé)
和和气气	(hé hé qì qì)
和缓	(hé huǎn)
和会	(hé huì)
和记黄埔	(hé jì huáng pǔ)
和解	(hé jiě)
和解费	(hé jiě fèi)
和静县	(hé jìng xiàn)
和局	(hé jú)
和乐	(hé lè)
和乐蟹	(hé lè xiè)
和离	(hé lí)
和林格尔县	(hé lín gé ěr xiàn)
和龙市	(hé lóng shì)
和美	(hé měi)
和美镇	(hé měi zhèn)
和面	(huó miàn)
和睦	(hé mù)
和睦相处	(hé mù xiāng chǔ)
和牛	(hé niú)
和暖	(hé nuǎn)
和牌	(hú pái)
和盘托出	(hé pán tuō chū)
和平	(hé píng)
和平队	(hé píng duì)
和平鸽	(hé píng gē)
和平共处	(hé píng gòng chǔ)
和平共处五项原则	(hé píng gòng chǔ wǔ xiàng yuán zé)
和平会谈	(hé píng huì tán)
和平里	(hé píng lǐ)
和平鸟	(hé píng niǎo)
和平区	(hé píng qū)
和平谈判	(hé píng tán pàn)
和平特使	(hé píng tè shǐ)
和平条约	(hé píng tiáo yuē)
和平统一	(hé píng tǒng yī)
和平县	(hé píng xiàn)
和平主义	(hé píng zhǔ yì)
和棋	(hé qí)
和气	(hé qi)
和气生财	(hé qì shēng cái)
和气致祥	(hé qì zhì xiáng)
和洽	(hé qià)
和散那	(hé sǎn nà)
和善	(hé shàn)
和尚	(hé shang)
和尚打伞，无法无天	(hé shang dǎ sǎn , wú fǎ wú tiān)
和珅	(hé shēn)
和声	(hé shēng)
和食	(hé shí)
和事佬	(hé shì lǎo)
和数	(hé shù)
和顺	(hé shùn)
和顺县	(hé shùn xiàn)
和硕县	(hé shuò xiàn)
和谈	(hé tán)
和田	(hé tián)
和田地区	(hé tián dì qū)
和田河	(hé tián hé)
和田市	(hé tián shì)
和田县	(hé tián xiàn)
和田玉	(hé tián yù)
和阗	(hé tián)
和稀泥	(huò xī ní)
和弦	(hé xián)
和县	(hé xiàn)
和谐	(hé xié)
和谐号	(hé xié hào)
和谐性	(hé xié xìng)
和煦	(hé xù)
和颜悦色	(hé yán yuè sè)
和衣	(hé yī)
和衣而卧	(hé yī ér wò)
和音	(hé yīn)
和约	(hé yuē)
和悦	(hé yuè)
和政县	(hé zhèng xiàn)
劾	(hé)
河	(hé)
㪃	(hé)
曷	(hé)
核	(hé)
核爆炸	(hé bào zhà)
核爆炸装置	(hé bào zhà zhuāng zhì)
核变形	(hé biàn xíng)
核驳	(hé bó)
核不扩散	(hé bù kuò sàn)
核裁军	(hé cái jūn)
核查	(hé chá)
核出口控制	(hé chū kǒu kòng zhì)
核磁共振	(hé cí gòng zhèn)
核大国	(hé dà guó)
核弹	(hé dàn)
核弹头	(hé dàn tóu)
核当量	(hé dāng liàng)
核导弹	(hé dǎo dàn)
核地雷	(hé dì léi)
核电	(hé diàn)
核电厂	(hé diàn chǎng)
核电磁脉冲	(hé diàn cí mài chōng)
核电荷数	(hé diàn hè shù)
核电站	(hé diàn zhàn)
核定	(hé dìng)
核冬天	(hé dōng tiān)
核动力	(hé dòng lì)
核动力航空母舰	(hé dòng lì háng kōng mǔ jiàn)
核对	(hé duì)
核对峙	(hé duì zhì)
核儿	(hú r)
核发电	(hé fā diàn)
核发电厂	(hé fā diàn chǎng)
核反击	(hé fǎn jī)
核反应	(hé fǎn yìng)
核反应堆	(hé fǎn yìng duī)
核防御	(hé fáng yù)
核废物	(hé fèi wù)
核分裂	(hé fēn liè)
核辐射	(hé fú shè)
核苷	(hé gān)
核苷酸	(hé gān suān)
核工程	(hé gōng chéng)
核工业	(hé gōng yè)
核国家	(hé guó jiā)
核合成	(hé hé chéng)
核轰炸	(hé hōng zhà)
核轰炸机	(hé hōng zhà jī)
核黄素	(hé huáng sù)
核技术	(hé jì shù)
核碱基	(hé jiǎn jī)
核僵持	(hé jiāng chí)
核结构	(hé jié gòu)
核聚变	(hé jù biàn)
核军备	(hé jūn bèi)
核均势	(hé jūn shì)
核可	(hé kě)
核扩散	(hé kuò sàn)
核连锁反应	(hé lián suǒ fǎn yìng)
核裂变	(hé liè biàn)
核门槛	(hé mén jiàn)
核模型	(hé mó xíng)
核能	(hé néng)
核能源	(hé néng yuán)
核屏蔽	(hé píng bì)
核潜艇	(hé qián tǐng)
核球	(hé qiú)
核燃料	(hé rán liào)
核燃料后处理	(hé rán liào hòu chǔ lǐ)
核热	(hé rè)
核仁	(hé rén)
核设施	(hé shè shī)
核实	(hé shí)
核势	(hé shì)
核事件	(hé shì jiàn)
核试	(hé shì)
核试爆	(hé shì bào)
核试验	(hé shì yàn)
核试验场	(hé shì yàn chǎng)
核试验堆	(hé shì yàn duī)
核四	(hé sì)
核素	(hé sù)
核酸	(hé suān)
核算	(hé suàn)
核谈判	(hé tán pàn)
核糖	(hé táng)
核糖核酸	(hé táng hé suān)
核糖体	(hé táng tǐ)
核桃	(hé tao)
核桃仁	(hé tao rén)
核酮糖	(hé tóng táng)
核推进	(hé tuī jìn)
核威慑	(hé wēi shè)
核威慑力量	(hé wēi shè lì liang)
核威慑政策	(hé wēi shè zhèng cè)
核问题	(hé wèn tí)
核武	(hé wǔ)
核武库	(hé wǔ kù)
核武器	(hé wǔ qì)
核物理	(hé wù lǐ)
核显	(hé xiǎn)
核相互作用	(hé xiāng hù zuò yòng)
核销	(hé xiāo)
核小体	(hé xiǎo tǐ)
核心	(hé xīn)
核型	(hé xíng)
核医学	(hé yī xué)
核原料	(hé yuán liào)
核战	(hé zhàn)
核战斗部	(hé zhàn dòu bù)
核种	(hé zhǒng)
核柱	(hé zhù)
核转变	(hé zhuǎn biàn)
核装置	(hé zhuāng zhì)
核准	(hé zhǔn)
核子	(hé zǐ)
核子医学	(hé zǐ yī xué)
核自旋	(hé zì xuán)
惒	(hé)
佫	(hè)
垎	(hè)
嗃	(hè)
壑	(hè)
壑沟	(hè gōu)
壑谷	(hè gǔ)
嘿	(hēi)
嘿嘿	(hēi hēi)
嘿咻	(hēi xiū)
拫	(hén)
佷	(hěn)
很	(hěn)
很是	(hěn shì)
恨	(hèn)
恨不得	(hèn bu de)
恨恶	(hèn wù)
恨国	(hèn guó)
恨海难填	(hèn hǎi nán tián)
恨嫁	(hèn jià)
恨人	(hèn rén)
恨事	(hèn shì)
恨天高	(hèn tiān gāo)
恨铁不成钢	(hèn tiě bù chéng gāng)
恨透	(hèn tòu)
恨意	(hèn yì)
恨之入骨	(hèn zhī rù gǔ)
亨	(hēng)
亨德尔	(hēng dé ěr)
亨丁顿舞蹈症	(hēng dīng dùn wǔ dǎo zhèng)
亨格洛	(hēng gé luò)
亨利	(hēng lì)
亨利·哈德逊	(hēng lì · hā dé xùn)
亨利五世	(hēng lì wǔ shì)
亨氏	(hēng shì)
亨特	(hēng tè)
亨廷顿舞蹈症	(hēng tíng dùn wǔ dǎo zhèng)
亨通	(hēng tōng)
亨祚	(hēng zuò)
哼	(hng)
哼唱	(hēng chàng)
哼哧	(hēng chī)
哼儿哈儿	(hēng r hā r)
哼哼唧唧	(hēng hēng jī jī)
哼唧	(hēng ji)
哼声	(hēng shēng)
恒	(héng)
恒常	(héng cháng)
恒春	(héng chūn)
恒春半岛	(héng chūn bàn dǎo)
恒春镇	(héng chūn zhèn)
恒大	(héng dà)
恒等	(héng děng)
恒等式	(héng děng shì)
恒定	(héng dìng)
恒河	(héng hé)
恒河猴	(héng hé hóu)
恒河沙数	(héng hé shā shù)
恒加速度	(héng jiā sù dù)
恒久	(héng jiǔ)
恒力	(héng lì)
恒山	(héng shān)
恒山区	(héng shān qū)
恒生	(héng shēng)
恒生银行	(héng shēng yín háng)
恒生指数	(héng shēng zhǐ shù)
恒生中资企业指数	(héng shēng zhōng zī qǐ yè zhǐ shù)
恒速率	(héng sù lǜ)
恒温	(héng wēn)
恒温器	(héng wēn qì)
恒心	(héng xīn)
恒星	(héng xīng)
恒星际	(héng xīng jì)
恒星年	(héng xīng nián)
恒星系	(héng xīng xì)
恒压二极管	(héng yā èr jí guǎn)
恒牙	(héng yá)
姮	(héng)
桁	(háng)
桁架	(héng jià)
桁梁	(héng liáng)
桁杨	(háng yáng)
桁杨刀锯	(háng yáng dāo jù)
横	(héng)
横斑腹小鸮	(héng bān fù xiǎo xiāo)
横斑林莺	(héng bān lín yīng)
横暴	(hèng bào)
横笔	(héng bǐ)
横匾	(héng biǎn)
横标	(héng biāo)
横滨	(héng bīn)
横波	(héng bō)
横步	(héng bù)
横财	(hèng cái)
横陈	(héng chén)
横冲直撞	(héng chōng zhí zhuàng)
横穿	(héng chuān)
横吹	(héng chuī)
横刀夺爱	(héng dāo duó ài)
横渡	(héng dù)
横断	(héng duàn)
横断步道	(héng duàn bù dào)
横断面	(héng duàn miàn)
横断山脉	(héng duàn shān mài)
横断物	(héng duàn wù)
横队	(héng duì)
横额	(héng é)
横翻筋斗	(héng fān jīn dǒu)
横飞	(héng fēi)
横风	(héng fēng)
横峰县	(héng fēng xiàn)
横幅	(héng fú)
横幅标语	(héng fú biāo yǔ)
横纲	(héng gāng)
横杠	(héng gàng)
横隔	(héng gé)
横隔膜	(héng gé mó)
横膈	(héng gé)
横膈膜	(héng gé mó)
横钩	(héng gōu)
横骨	(héng gǔ)
横贯	(héng guàn)
横过	(héng guò)
横祸	(hèng huò)
横加	(héng jiā)
横加指责	(héng jiā zhǐ zé)
横街	(héng jiē)
横结肠	(héng jié cháng)
横截	(héng jié)
横截面	(héng jié miàn)
横截线	(héng jié xiàn)
横筋斗	(héng jīn dǒu)
横空	(héng kōng)
横空出世	(héng kōng chū shì)
横跨	(héng kuà)
横棱纹	(héng léng wén)
横梁	(héng liáng)
横流	(héng liú)
横路	(héng lù)
横眉	(héng méi)
横眉冷对千夫指	(héng méi lěng duì qiān fū zhǐ)
横眉立目	(héng méi lì mù)
横眉怒目	(héng méi nù mù)
横眉竖眼	(héng méi shù yǎn)
横楣	(héng méi)
横楣子	(héng méi zi)
横木	(héng mù)
横拍	(héng pāi)
横排	(héng pái)
横批	(héng pī)
横剖面	(héng pōu miàn)
横七竖八	(héng qī shù bā)
横切	(héng qiē)
横肉	(héng ròu)
横三竖四	(héng sān shù sì)
横扫	(héng sǎo)
横扫千军	(héng sǎo qiān jūn)
横山	(héng shān)
横山区	(héng shān qū)
横山乡	(héng shān xiāng)
横神经	(héng shén jīng)
横生	(héng shēng)
横生枝节	(héng shēng zhī jié)
横尸遍野	(héng shī biàn yě)
横是	(héng shi)
横竖	(héng shu)
横竖劲儿	(héng shù jìn r)
横说竖说	(héng shuō shù shuō)
横死	(hèng sǐ)
横躺	(héng tǎng)
横躺竖卧	(héng tǎng shù wò)
横挑鼻子竖挑眼	(héng tiāo bí zi shù tiāo yǎn)
横头横脑	(héng tóu héng nǎo)
横纹	(héng wén)
横纹肌	(héng wén jī)
横卧	(héng wò)
横线	(héng xiàn)
横向	(héng xiàng)
横斜	(héng xié)
横斜钩	(héng xié gōu)
横心	(héng xīn)
横行	(héng xíng)
横行霸道	(héng xíng bà dào)
横须贺	(héng xū hè)
横须贺市	(héng xū hè shì)
横眼	(héng yǎn)
横摇	(héng yáo)
横溢	(héng yì)
横越	(héng yuè)
横摺	(héng zhé)
横振动	(héng zhèn dòng)
横征暴敛	(héng zhēng bào liǎn)
横直	(héng zhí)
横州市	(héng zhōu shì)
横坐标	(héng zuò biāo)
堼	(hèng)
吽	(hōng)
吽牙	(óu yá)
吽呀	(óu yá)
哄	(hǒng)
哄动	(hōng dòng)
哄动一时	(hōng dòng yī shí)
哄瞒	(hǒng mán)
哄骗	(hǒng piàn)
哄抢	(hōng qiǎng)
哄劝	(hǒng quàn)
哄然	(hōng rán)
哄抬	(hōng tái)
哄堂大笑	(hōng táng dà xiào)
哄笑	(hōng xiào)
哄诱	(hǒng yòu)
嚝	(hōng)
弘	(hóng)
弘法	(hóng fǎ)
弘图	(hóng tú)
弘扬	(hóng yáng)
弘愿	(hóng yuàn)
弘旨	(hóng zhǐ)
妅	(hóng)
吰	(hóng)
宏	(hóng)
宏病毒	(hóng bìng dú)
宏大	(hóng dà)
宏都拉斯	(hóng dū lā sī)
宏观	(hóng guān)
宏观调控	(hóng guān tiáo kòng)
宏观经济	(hóng guān jīng jì)
宏观经济学	(hóng guān jīng jì xué)
宏观世界	(hóng guān shì jiè)
宏亮	(hóng liàng)
宏碁	(hóng jī)
宏碁集团	(hóng jī jí tuán)
宏儒	(hóng rú)
宏图	(hóng tú)
宏伟	(hóng wěi)
宏伟区	(hóng wěi qū)
宏扬	(hóng yáng)
宏愿	(hóng yuàn)
宏旨	(hóng zhǐ)
侯	(hóu)
侯爵	(hóu jué)
侯马市	(hóu mǎ shì)
侯门	(hóu mén)
侯门似海	(hóu mén sì hǎi)
侯赛因	(hóu sài yīn)
喉	(hóu)
喉部	(hóu bù)
喉擦音	(hóu cā yīn)
喉管	(hóu guǎn)
喉急	(hóu jí)
喉结	(hóu jié)
喉镜	(hóu jìng)
喉咙	(hóu lóng)
喉轮	(hóu lún)
喉鸣	(hóu míng)
喉片	(hóu piàn)
喉塞音	(hóu sè yīn)
喉痧	(hóu shā)
喉舌	(hóu shé)
喉头	(hóu tóu)
喉炎	(hóu yán)
喉咽	(hóu yān)
喉音	(hóu yīn)
喉韵	(hóu yùn)
吼	(hǒu)
吼叫	(hǒu jiào)
吼声	(hǒu shēng)
后	(hòu)
后爸	(hòu bà)
后半	(hòu bàn)
后半场	(hòu bàn chǎng)
后半生	(hòu bàn shēng)
后半叶	(hòu bàn yè)
后半夜	(hòu bàn yè)
后备	(hòu bèi)
后备军	(hòu bèi jūn)
后备箱	(hòu bèi xiāng)
后背	(hòu bèi)
后辈	(hòu bèi)
后鼻音	(hòu bí yīn)
后壁	(hòu bì)
后边	(hòu bian)
后边儿	(hòu bian r)
后部	(hòu bù)
后车架	(hòu chē jià)
后车之鉴	(hòu chē zhī jiàn)
后车轴	(hòu chē zhóu)
后撤	(hòu chè)
后尘	(hòu chén)
后翅	(hòu chì)
后厨	(hòu chú)
后传	(hòu zhuàn)
后代	(hòu dài)
后挡板	(hòu dǎng bǎn)
后灯	(hòu dēng)
后调	(hòu diào)
后端	(hòu duān)
后段	(hòu duàn)
后盾	(hòu dùn)
后儿	(hòu r)
后发座	(hòu fà zuò)
后翻筋斗	(hòu fān jīn dǒu)
后方	(hòu fāng)
后妃	(hòu fēi)
后父	(hòu fù)
后付	(hòu fù)
后附	(hòu fù)
后盖	(hòu gài)
后感	(hòu gǎn)
后感觉	(hòu gǎn jué)
后跟	(hòu gēn)
后跟提带	(hòu gēn tí dài)
后宫	(hòu gōng)
后钩	(hòu gōu)
后钩儿	(hòu gōu r)
后顾之忧	(hòu gù zhī yōu)
后冠	(hòu guān)
后果	(hòu guǒ)
后果自负	(hòu guǒ zì fù)
后海	(hòu hǎi)
后汉	(hòu hàn)
后花园	(hòu huā yuán)
后话	(hòu huà)
后患无穷	(hòu huàn wú qióng)
后悔	(hòu huǐ)
后悔不迭	(hòu huǐ bù dié)
后悔莫及	(hòu huǐ mò jí)
后会无期	(hòu huì wú qī)
后会有期	(hòu huì yǒu qī)
后记	(hòu jì)
后继无人	(hòu jì wú rén)
后继有人	(hòu jì yǒu rén)
后加	(hòu jiā)
后甲板	(hòu jiǎ bǎn)
后见之明	(hòu jiàn zhī míng)
后脚	(hòu jiǎo)
后金	(hòu jīn)
后进	(hòu jìn)
后进先出	(hòu jìn xiān chū)
后劲	(hòu jìn)
后晋	(hòu jìn)
后颈	(hòu jǐng)
后空翻	(hòu kōng fān)
后来	(hòu lái)
后来者居上	(hòu lái zhě jū shàng)
后凉	(hòu liáng)
后梁	(hòu liáng)
后龙	(hòu lóng)
后龙镇	(hòu lóng zhèn)
后路	(hòu lù)
后轮	(hòu lún)
后妈	(hòu mā)
后门	(hòu mén)
后面	(hòu mian)
后母	(hòu mǔ)
后母脸	(hòu mǔ liǎn)
后脑	(hòu nǎo)
后脑勺	(hòu nǎo sháo)
后年	(hòu nián)
后娘	(hòu niáng)
后怕	(hòu pà)
后排	(hòu pái)
后期	(hòu qī)
后起之秀	(hòu qǐ zhī xiù)
后秦	(hòu qín)
后勤	(hòu qín)
后勤学	(hòu qín xué)
后人	(hòu rén)
后任	(hòu rèn)
后日	(hòu rì)
后梢	(hòu shāo)
后设	(hòu shè)
后设认知	(hòu shè rèn zhī)
后设资料	(hòu shè zī liào)
后生	(hòu shēng)
后生动物	(hòu shēng dòng wù)
后生可畏	(hòu shēng kě wèi)
后世	(hòu shì)
后事	(hòu shì)
后视镜	(hòu shì jìng)
后手	(hòu shǒu)
后嗣	(hòu sì)
后送	(hòu sòng)
后送医院	(hòu sòng yī yuàn)
后台	(hòu tái)
后台进程	(hòu tái jìn chéng)
后唐	(hòu táng)
后藤	(hòu téng)
后天	(hòu tiān)
后天性	(hòu tiān xìng)
后庭	(hòu tíng)
后头	(hòu tou)
后土	(hòu tǔ)
后退	(hòu tuì)
后卫	(hòu wèi)
后味	(hòu wèi)
后文	(hòu wén)
后西游记	(hòu xī yóu jì)
后现代主义	(hòu xiàn dài zhǔ yì)
后效	(hòu xiào)
后心	(hòu xīn)
后信号灯	(hòu xìn hào dēng)
后续	(hòu xù)
后学	(hòu xué)
后掩蔽	(hòu yǎn bì)
后验概率	(hòu yàn gài lǜ)
后燕	(hòu yān)
后腰	(hòu yāo)
后摇	(hòu yáo)
后摇滚	(hòu yáo gǔn)
后遗症	(hòu yí zhèng)
后羿	(hòu yì)
后裔	(hòu yì)
后影	(hòu yǐng)
后援	(hòu yuán)
后援会	(hòu yuán huì)
后缘	(hòu yuán)
后院	(hòu yuàn)
后院起火	(hòu yuàn qǐ huǒ)
后账	(hòu zhàng)
后赵	(hòu zhào)
后照镜	(hòu zhào jìng)
后者	(hòu zhě)
后诊	(hòu zhěn)
后知后觉	(hòu zhī hòu jué)
后肢	(hòu zhī)
后殖民	(hòu zhí mín)
后制	(hòu zhì)
后置	(hòu zhì)
后置词	(hòu zhì cí)
后置修饰语	(hòu zhì xiū shì yǔ)
后周	(hòu zhōu)
后缀	(hòu zhuì)
后坐	(hòu zuò)
后坐力	(hòu zuò lì)
后座	(hòu zuò)
厚	(hòu)
厚爱	(hòu ài)
厚薄	(hòu bó)
厚薄规	(hòu bó guī)
厚报	(hòu bào)
厚此薄彼	(hòu cǐ bó bǐ)
厚赐	(hòu cì)
厚待	(hòu dài)
厚道	(hòu dao)
厚德载物	(hòu dé zài wù)
厚底鞋	(hòu dǐ xié)
厚度	(hòu dù)
厚古薄今	(hòu gǔ bó jīn)
厚积薄发	(hòu jī bó fā)
厚礼	(hòu lǐ)
厚脸皮	(hòu liǎn pí)
厚朴	(hòu pò)
厚生劳动省	(hòu shēng láo dòng shěng)
厚生省	(hòu shēng shěng)
厚生相	(hòu shēng xiàng)
厚实	(hòu shi)
厚死薄生	(hòu sǐ bó shēng)
厚望	(hòu wàng)
厚颜	(hòu yán)
厚颜无耻	(hòu yán wú chǐ)
厚养薄葬	(hòu yǎng bó zàng)
厚谊	(hòu yì)
厚重	(hòu zhòng)
厚嘴绿鸠	(hòu zuǐ lǜ jiū)
厚嘴苇莺	(hòu zuǐ wěi yīng)
厚嘴啄花鸟	(hòu zuǐ zhuó huā niǎo)
垕	(hòu)
候	(hòu)
候补	(hòu bǔ)
候补名单	(hòu bǔ míng dān)
候场	(hòu chǎng)
候车	(hòu chē)
候车室	(hòu chē shì)
候车亭	(hòu chē tíng)
候乘	(hòu chéng)
候虫	(hòu chóng)
候机楼	(hòu jī lóu)
候机厅	(hòu jī tīng)
候驾	(hòu jià)
候命	(hòu mìng)
候鸟	(hòu niǎo)
候缺	(hòu quē)
候任	(hòu rèn)
候审	(hòu shěn)
候选	(hòu xuǎn)
候选人	(hòu xuǎn rén)
候诊	(hòu zhěn)
候诊室	(hòu zhěn shì)
堠	(hòu)
乎	(hū)
昒	(hū)
呼	(hū)
呼哱哱	(hū bō bō)
呼哧	(hū chī)
呼哧呼哧	(hū chi hū chi)
呼出	(hū chū)
呼风唤雨	(hū fēng huàn yǔ)
呼格	(hū gé)
呼喊	(hū hǎn)
呼嚎	(hū háo)
呼号	(hū háo)
呼喝	(hū hè)
呼和浩特市	(hū hé hào tè shì)
呼呼	(hū hū)
呼呼声	(hū hū shēng)
呼唤	(hū huàn)
呼机	(hū jī)
呼叫	(hū jiào)
呼叫器	(hū jiào qì)
呼叫声	(hū jiào shēng)
呼叫中心	(hū jiào zhōng xīn)
呼救	(hū jiù)
呼拉圈	(hū lā quān)
呼啦啦	(hū lā lā)
呼啦圈	(hū lā quān)
呼来喝去	(hū lái hè qù)
呼兰区	(hū lán qū)
呼噜	(hū lū)
呼噜噜	(hū lū lū)
呼伦贝尔草原	(hū lún bèi ěr cǎo yuán)
呼伦贝尔市	(hū lún bèi ěr shì)
呼伦湖	(hū lún hú)
呼玛县	(hū mǎ xiàn)
呼牛呼马	(hū niú hū mǎ)
呼牛作马	(hū niú zuò mǎ)
呼弄	(hū nòng)
呼朋引伴	(hū péng yǐn bàn)
呼朋引类	(hū péng yǐn lèi)
呼气	(hū qì)
呼声	(hū shēng)
呼天抢地	(hū tiān qiāng dì)
呼图壁县	(hū tú bì xiàn)
呼吸	(hū xī)
呼吸道	(hū xī dào)
呼吸调节器	(hū xī tiáo jié qì)
呼吸管	(hū xī guǎn)
呼吸机	(hū xī jī)
呼吸器	(hū xī qì)
呼吸系统	(hū xī xì tǒng)
呼啸	(hū xiào)
呼啸而过	(hū xiào ér guò)
呼咻	(hū xiū)
呼吁	(hū yù)
呼延	(hū yán)
呼应	(hū yìng)
呼召	(hū zhào)
呼之即来	(hū zhī jí lái)
呼之即来，挥之即去	(hū zhī jí lái , huī zhī jí qù)
呼之欲出	(hū zhī yù chū)
呼中区	(hū zhōng qū)
忽	(hū)
忽布	(hū bù)
忽地	(hū de)
忽而	(hū ér)
忽高忽低	(hū gāo hū dī)
忽忽	(hū hū)
忽忽不乐	(hū hū bù lè)
忽忽悠悠	(hū hū yōu yōu)
忽冷忽热	(hū lěng hū rè)
忽鲁谟斯	(hū lǔ mó sī)
忽略	(hū lüè)
忽略不计	(hū lüè bù jì)
忽然	(hū rán)
忽闪	(hū shǎn)
忽上忽下	(hū shàng hū xià)
忽哨	(hū shào)
忽视	(hū shì)
忽微	(hū wēi)
忽闻	(hū wén)
忽隐忽现	(hū yǐn hū xiàn)
忽悠	(hū you)
唿	(hū)
唿喇	(hū lǎ)
唿喇喇	(hū là là)
唿哨	(hū shào)
惚	(hū)
幠	(hū)
囫	(hú)
囫囵	(hú lún)
囫囵吞下	(hú lún tūn xià)
囫囵吞枣	(hú lún tūn zǎo)
弧	(hú)
弧度	(hú dù)
弧光	(hú guāng)
弧光灯	(hú guāng dēng)
弧菌	(hú jūn)
弧线	(hú xiàn)
弧线长	(hú xiàn cháng)
弧形	(hú xíng)
弧长	(hú cháng)
弧长参数	(hú cháng cān shù)
壶	(hú)
壶关县	(hú guān xiàn)
壶铃	(hú líng)
斛	(hú)
搰	(hú)
槲	(hú)
槲鸫	(hú dōng)
槲寄生	(hú jì shēng)
槲栎	(hú lì)
槲树	(hú shù)
糊	(hú)
乕	(hǔ)
唬	(hǔ)
唬烂	(hǔ làn)
唬弄	(hǔ nòng)
唬人	(hǔ rén)
戸	(hù)
互	(hù)
互补	(hù bǔ)
互不侵犯	(hù bù qīn fàn)
互不相让	(hù bù xiāng ràng)
互操性	(hù cāo xìng)
互斥	(hù chì)
互动	(hù dòng)
互动电视	(hù dòng diàn shì)
互访	(hù fǎng)
互粉	(hù fěn)
互关	(hù guān)
互换	(hù huàn)
互惠	(hù huì)
互惠生	(hù huì shēng)
互利	(hù lì)
互连	(hù lián)
互联	(hù lián)
互联网	(hù lián wǎng)
互联网络	(hù lián wǎng luò)
互联网站	(hù lián wǎng zhàn)
互勉	(hù miǎn)
互殴	(hù ōu)
互让	(hù ràng)
互扔	(hù rēng)
互生	(hù shēng)
互生叶	(hù shēng yè)
互诉衷肠	(hù sù zhōng cháng)
互素	(hù sù)
互通	(hù tōng)
互通性	(hù tōng xìng)
互通有无	(hù tōng yǒu wú)
互为因果	(hù wéi yīn guǒ)
互文	(hù wén)
互相	(hù xiāng)
互相扯皮	(hù xiāng chě pí)
互相监督	(hù xiāng jiān dū)
互相连接	(hù xiāng lián jiē)
互相联系	(hù xiāng lián xì)
互相推诿	(hù xiāng tuī wěi)
互相依存	(hù xiāng yī cún)
互信	(hù xìn)
互异	(hù yì)
互译	(hù yì)
互助	(hù zhù)
互助土族自治县	(hù zhù tǔ zú zì zhì xiàn)
户	(hù)
户部	(hù bù)
户部尚书	(hù bù shàng shū)
户告人晓	(hù gào rén xiǎo)
户籍	(hù jí)
户均	(hù jūn)
户口	(hù kǒu)
户口本	(hù kǒu běn)
户口簿	(hù kǒu bù)
户口名簿	(hù kǒu míng bù)
户口制	(hù kǒu zhì)
户口制度	(hù kǒu zhì dù)
户内	(hù nèi)
户枢不蠹	(hù shū bù dù)
户头	(hù tóu)
户外	(hù wài)
户限	(hù xiàn)
户限为穿	(hù xiàn wéi chuān)
户型	(hù xíng)
户牖	(hù yǒu)
户主	(hù zhǔ)
冱	(hù)
岵	(hù)
怙	(hù)
怙恶不悛	(hù è bù quān)
怙恃	(hù shì)
戽	(hù)
戽斗	(hù dǒu)
戽水	(hù shuǐ)
扈	(hù)
嫮	(hù)
嫭	(hù)
擭	(huò)
哗	(huā)
哗变	(huá biàn)
哗儿哗儿	(huá r huá r)
哗哗	(huā huā)
哗啦	(huā lā)
哗啦啦	(huā lā lā)
哗啦一声	(huā lā yī shēng)
哗然	(huá rán)
哗笑	(huá xiào)
哗众取宠	(huá zhòng qǔ chǒng)
䔢	(huá)
化	(huà)
化德县	(huà dé xiàn)
化敌为友	(huà dí wéi yǒu)
化冻	(huà dòng)
化肥	(huà féi)
化粪池	(huà fèn chí)
化腐朽为神奇	(huà fǔ xiǔ wéi shén qí)
化干戈为玉帛	(huà gān gē wéi yù bó)
化工	(huà gōng)
化工厂	(huà gōng chǎng)
化合	(huà hé)
化合价	(huà hé jià)
化合物	(huà hé wù)
化解	(huà jiě)
化开	(huà kāi)
化疗	(huà liáo)
化隆回族自治县	(huà lóng huí zú zì zhì xiàn)
化名	(huà míng)
化脓	(huà nóng)
化脓性	(huà nóng xìng)
化日	(huà rì)
化身	(huà shēn)
化石	(huà shí)
化石群	(huà shí qún)
化石燃料	(huà shí rán liào)
化痰	(huà tán)
化外	(huà wài)
化为泡影	(huà wéi pào yǐng)
化为乌有	(huà wéi wū yǒu)
化武	(huà wǔ)
化纤	(huà xiān)
化险为夷	(huà xiǎn wéi yí)
化学	(huà xué)
化学比色法	(huà xué bǐ sè fǎ)
化学变化	(huà xué biàn huà)
化学成分	(huà xué chéng fèn)
化学弹药	(huà xué dàn yào)
化学反应	(huà xué fǎn yìng)
化学方程式	(huà xué fāng chéng shì)
化学分析	(huà xué fēn xī)
化学工程	(huà xué gōng chéng)
化学工业	(huà xué gōng yè)
化学激光器	(huà xué jī guāng qì)
化学剂量计	(huà xué jì liàng jì)
化学家	(huà xué jiā)
化学键	(huà xué jiàn)
化学疗法	(huà xué liáo fǎ)
化学能	(huà xué néng)
化学品	(huà xué pǐn)
化学品安全技术说明书	(huà xué pǐn ān quán jì shù shuō míng shū)
化学师	(huà xué shī)
化学式	(huà xué shì)
化学武器	(huà xué wǔ qì)
化学物	(huà xué wù)
化学系	(huà xué xì)
化学纤维	(huà xué xiān wéi)
化学信息素	(huà xué xìn xī sù)
化学性	(huà xué xìng)
化学性质	(huà xué xìng zhì)
化学需氧量	(huà xué xū yǎng liàng)
化学元素	(huà xué yuán sù)
化学战	(huà xué zhàn)
化学战斗部	(huà xué zhàn dòu bù)
化学战剂	(huà xué zhàn jì)
化学治疗	(huà xué zhì liáo)
化验	(huà yàn)
化蛹	(huà yǒng)
化用	(huà yòng)
化油器	(huà yóu qì)
化缘	(huà yuán)
化约	(huà yuē)
化斋	(huà zhāi)
化整为零	(huà zhěng wéi líng)
化州市	(huà zhōu shì)
化妆	(huà zhuāng)
化妆品	(huà zhuāng pǐn)
化妆师	(huà zhuāng shī)
化妆室	(huà zhuāng shì)
化妆水	(huà zhuāng shuǐ)
化妆舞会	(huà zhuāng wǔ huì)
化装	(huà zhuāng)
化子	(huā zi)
化作	(huà zuò)
划	(huà)
划拨	(huà bō)
划不来	(huá bu lái)
划船	(huá chuán)
划船机	(huá chuán jī)
划得来	(huá de lái)
划等号	(huà děng hào)
划掉	(huà diào)
划定	(huà dìng)
划分	(huà fēn)
划归	(huà guī)
划过	(huá guò)
划痕	(huá hén)
划花	(huà huā)
划价	(huà jià)
划桨	(huá jiǎng)
划拉	(huá la)
划破	(huá pò)
划切	(huá qiè)
划清	(huà qīng)
划拳	(huá quán)
划伤	(huá shāng)
划十字	(huà shí zì)
划时代	(huà shí dài)
划算	(huá suàn)
划艇	(huá tǐng)
划位	(huà wèi)
划下	(huà xià)
划线	(huà xiàn)
划线板	(huà xiàn bǎn)
划一	(huà yī)
划一不二	(huà yī bù èr)
划圆防守	(huà yuán fáng shǒu)
划重点	(huà zhòng diǎn)
划子	(huá zi)
桦	(huà)
桦川县	(huà chuān xiàn)
桦甸市	(huà diàn shì)
桦木	(huà mù)
桦木科	(huà mù kē)
桦南县	(huà nán xiàn)
桦树	(huà shù)
崋	(huá)
婳	(huà)
嬅	(huá)
摦	(huà)
怀	(huái)
怀安县	(huái ān xiàn)
怀抱	(huái bào)
怀璧其罪	(huái bì qí zuì)
怀表	(huái biǎo)
怀才不遇	(huái cái bù yù)
怀春	(huái chūn)
怀俄明	(huái é míng)
怀古	(huái gǔ)
怀恨	(huái hèn)
怀恨在心	(huái hèn zài xīn)
怀化市	(huái huà shì)
怀化县	(huái huà xiàn)
怀集县	(huái jí xiàn)
怀旧	(huái jiù)
怀旧感	(huái jiù gǎn)
怀来县	(huái lái xiàn)
怀里	(huái lǐ)
怀炉	(huái lú)
怀禄	(huái lù)
怀念	(huái niàn)
怀宁县	(huái níng xiàn)
怀仁市	(huái rén shì)
怀仁堂	(huái rén táng)
怀妊	(huái rèn)
怀柔	(huái róu)
怀柔区	(huái róu qū)
怀氏虎鸫	(huái shì hǔ dōng)
怀胎	(huái tāi)
怀特	(huái tè)
怀特岛	(huái tè dǎo)
怀乡	(huái xiāng)
怀疑	(huái yí)
怀疑派	(huái yí pài)
怀有	(huái yǒu)
怀远县	(huái yuǎn xiàn)
怀孕	(huái yùn)
佪	(huái)
徊	(huái)
槐	(huái)
槐树	(huái shù)
槐荫区	(huái yīn qū)
坏	(huài)
坏包儿	(huài bāo r)
坏肠子	(huài cháng zi)
坏处	(huài chu)
坏蛋	(huài dàn)
坏掉	(huài diào)
坏东西	(huài dōng xi)
坏分子	(huài fèn zǐ)
坏话	(huài huà)
坏家伙	(huài jiā huǒ)
坏疽	(huài jū)
坏了	(huài le)
坏鸟	(huài niǎo)
坏脾气	(huài pí qì)
坏人	(huài rén)
坏事	(huài shì)
坏水	(huài shuǐ)
坏死	(huài sǐ)
坏透	(huài tòu)
坏笑	(huài xiào)
坏血病	(huài xuè bìng)
坏运	(huài yùn)
坏账	(huài zhàng)
坏种	(huài zhǒng)
欢	(huān)
欢蹦乱跳	(huān bèng luàn tiào)
欢忭	(huān biàn)
欢畅	(huān chàng)
欢度	(huān dù)
欢呼	(huān hū)
欢呼雀跃	(huān hū què yuè)
欢欢喜喜	(huān huān xǐ xǐ)
欢聚	(huān jù)
欢聚一堂	(huān jù yī táng)
欢快	(huān kuài)
欢乐	(huān lè)
欢乐时光	(huān lè shí guāng)
欢庆	(huān qìng)
欢容	(huān róng)
欢声	(huān shēng)
欢声笑语	(huān shēng xiào yǔ)
欢实	(huān shi)
欢势	(huān shi)
欢送	(huān sòng)
欢送会	(huān sòng huì)
欢腾	(huān téng)
欢天喜地	(huān tiān xǐ dì)
欢喜	(huān xǐ)
欢喜冤家	(huān xǐ yuān jia)
欢笑	(huān xiào)
欢心	(huān xīn)
欢欣	(huān xīn)
欢欣鼓舞	(huān xīn gǔ wǔ)
欢欣雀跃	(huān xīn què yuè)
欢宴	(huān yàn)
欢迎	(huān yíng)
欢迎光临	(huān yíng guāng lín)
欢娱	(huān yú)
欢愉	(huān yú)
欢悦	(huān yuè)
歓	(huān)
獾	(huān)
桓	(huán)
桓桓	(huán huán)
桓仁满族自治县	(huán rén mǎn zú zì zhì xiàn)
桓台县	(huán tái xiàn)
桓玄	(huán xuán)
圜	(yuán)
寰	(huán)
寰球	(huán qiú)
寰宇	(huán yǔ)
寰螽	(huán zhōng)
鹮	(huán)
鹮嘴鹬	(huán zuǐ yù)
幻	(huàn)
幻灯	(huàn dēng)
幻灯机	(huàn dēng jī)
幻灯片	(huàn dēng piàn)
幻化	(huàn huà)
幻景	(huàn jǐng)
幻境	(huàn jìng)
幻觉	(huàn jué)
幻觉剂	(huàn jué jì)
幻梦	(huàn mèng)
幻灭	(huàn miè)
幻术	(huàn shù)
幻数	(huàn shù)
幻听	(huàn tīng)
幻想	(huàn xiǎng)
幻象	(huàn xiàng)
幻椅式	(huàn yǐ shì)
幻影	(huàn yǐng)
幻肢	(huàn zhī)
奂	(huàn)
宦	(huàn)
宦官	(huàn guān)
宦海	(huàn hǎi)
宦海风波	(huàn hǎi fēng bō)
宦门	(huàn mén)
宦骑	(huàn qí)
换	(huàn)
换班	(huàn bān)
换茬	(huàn chá)
换成	(huàn chéng)
换乘	(huàn chéng)
换代	(huàn dài)
换单	(huàn dān)
换挡	(huàn dǎng)
换挡杆	(huàn dǎng gǎn)
换刀	(huàn dāo)
换而言之	(huàn ér yán zhī)
换防	(huàn fáng)
换房旅游	(huàn fáng lǚ yóu)
换岗	(huàn gǎng)
换个儿	(huàn gè r)
换工	(huàn gōng)
换季	(huàn jì)
换届	(huàn jiè)
换句话说	(huàn jù huà shuō)
换毛	(huàn máo)
换妻	(huàn qī)
换气	(huàn qì)
换钱	(huàn qián)
换取	(huàn qǔ)
换热器	(huàn rè qì)
换人	(huàn rén)
换帅	(huàn shuài)
换算	(huàn suàn)
换台	(huàn tái)
换汤不换药	(huàn tāng bù huàn yào)
换帖	(huàn tiě)
换位	(huàn wèi)
换位思考	(huàn wèi sī kǎo)
换洗	(huàn xǐ)
换向	(huàn xiàng)
换新	(huàn xīn)
换行	(huàn háng)
换牙	(huàn yá)
换言之	(huàn yán zhī)
换羽	(huàn yǔ)
换喻	(huàn yù)
换证	(huàn zhèng)
换置	(huàn zhì)
换装	(huàn zhuāng)
唤	(huàn)
唤起	(huàn qǐ)
唤头	(huàn tou)
唤醒	(huàn xǐng)
唤雨呼风	(huàn yǔ hū fēng)
唤作	(huàn zuò)
唤做	(huàn zuò)
圂	(hùn)
患	(huàn)
患癌	(huàn ái)
患病	(huàn bìng)
患病者	(huàn bìng zhě)
患处	(huàn chù)
患得患失	(huàn dé huàn shī)
患儿	(huàn ér)
患难	(huàn nàn)
患难见真情	(huàn nàn jiàn zhēn qíng)
患难之交	(huàn nàn zhī jiāo)
患上	(huàn shang)
患有	(huàn yǒu)
患者	(huàn zhě)
槵	(huàn)
槵子	(huàn zǐ)
擐	(huàn)
巟	(huāng)
塃	(huāng)
慌	(huāng)
慌成一团	(huāng chéng yī tuán)
慌得	(huāng de)
慌里慌张	(huāng li huāng zhāng)
慌乱	(huāng luàn)
慌忙	(huāng máng)
慌神	(huāng shén)
慌张	(huāng zhāng)
偟	(huáng)
凰	(huáng)
堭	(huáng)
揘	(héng)
揘毕	(héng bì)
喤	(huáng)
徨	(huáng)
惶	(huáng)
惶惶	(huáng huáng)
惶惑	(huáng huò)
惶遽	(huáng jù)
惶恐	(huáng kǒng)
惶恐不安	(huáng kǒng bù ān)
楻	(huáng)
恍	(huǎng)
恍忽	(huǎng hū)
恍惚	(huǎng hū)
恍然	(huǎng rán)
恍然大悟	(huǎng rán dà wù)
恍然醒悟	(huǎng rán xǐng wù)
恍如	(huǎng rú)
恍如隔世	(huǎng rú gé shì)
恍若	(huǎng ruò)
恍神	(huǎng shén)
晃	(huàng)
晃荡	(huàng dang)
晃动	(huàng dòng)
晃晃悠悠	(huàng huang yōu yōu)
晃悠	(huàng you)
晄	(huǎng)
幌	(huǎng)
幌子	(huǎng zi)
㿠	(huàng)
榥	(huǎng)
㧑	(huī)
㧑损	(huī sǔn)
㧑挹	(huī yì)
挥	(huī)
挥别	(huī bié)
挥斥	(huī chì)
挥斥方遒	(huī chì fāng qiú)
挥动	(huī dòng)
挥发	(huī fā)
挥发性	(huī fā xìng)
挥发性存储器	(huī fā xìng cún chǔ qì)
挥发油	(huī fā yóu)
挥杆	(huī gān)
挥戈	(huī gē)
挥汗	(huī hàn)
挥汗成雨	(huī hàn chéng yǔ)
挥汗如雨	(huī hàn rú yǔ)
挥翰	(huī hàn)
挥毫	(huī háo)
挥毫洒墨	(huī háo sǎ mò)
挥霍	(huī huò)
挥霍无度	(huī huò wú dù)
挥金如土	(huī jīn rú tǔ)
挥泪	(huī lèi)
挥洒	(huī sǎ)
挥洒自如	(huī sǎ zì rú)
挥师	(huī shī)
挥手	(huī shǒu)
挥舞	(huī wǔ)
挥之不去	(huī zhī bù qù)
挥麈	(huī zhǔ)
咴	(huī)
恢	(huī)
恢复	(huī fù)
恢复常态	(huī fù cháng tài)
恢复名誉	(huī fù míng yù)
恢复期	(huī fù qī)
恢复原状	(huī fù yuán zhuàng)
恢弘	(huī hóng)
恢宏	(huī hóng)
恢恢	(huī huī)
恢恢有余	(huī huī yǒu yú)
晖	(huī)
晖映	(huī yìng)
楎	(hún)
徽	(huī)
徽标	(huī biāo)
徽菜	(huī cài)
徽调	(huī diào)
徽号	(huī hào)
徽记	(huī jì)
徽剧	(huī jù)
徽墨	(huī mò)
徽县	(huī xiàn)
徽语	(huī yǔ)
徽章	(huī zhāng)
徽帜	(huī zhì)
徽州区	(huī zhōu qū)
囘	(huí)
回	(huí)
回拜	(huí bài)
回报	(huí bào)
回本	(huí běn)
回避	(huí bì)
回禀	(huí bǐng)
回波	(huí bō)
回驳	(huí bó)
回采	(huí cǎi)
回肠	(huí cháng)
回肠荡气	(huí cháng dàng qì)
回潮	(huí cháo)
回车	(huí chē)
回车符	(huí chē fú)
回车键	(huí chē jiàn)
回嗔作喜	(huí chēn zuò xǐ)
回程	(huí chéng)
回冲	(huí chōng)
回充	(huí chōng)
回抽	(huí chōu)
回春	(huí chūn)
回答	(huí dá)
回单	(huí dān)
回单儿	(huí dān r)
回弹	(huí tán)
回到	(huí dào)
回电	(huí diàn)
回调	(huí diào)
回调函数	(huí diào hán shù)
回跌	(huí diē)
回堵	(huí dǔ)
回怼	(huí duǐ)
回返	(huí fǎn)
回访	(huí fǎng)
回放	(huí fàng)
回奉	(huí fèng)
回复	(huí fù)
回覆	(huí fù)
回甘	(huí gān)
回纥	(huí hé)
回购	(huí gòu)
回鹘	(huí hú)
回顾	(huí gù)
回顾历史	(huí gù lì shǐ)
回顾展	(huí gù zhǎn)
回光反照	(huí guāng fǎn zhào)
回光返照	(huí guāng fǎn zhào)
回光镜	(huí guāng jìng)
回归	(huí guī)
回归年	(huí guī nián)
回归热	(huí guī rè)
回归线	(huí guī xiàn)
回滚	(huí gǔn)
回锅	(huí guō)
回锅肉	(huí guō ròu)
回锅油	(huí guō yóu)
回国	(huí guó)
回过头来	(huí guò tóu lái)
回还	(huí huán)
回函	(huí hán)
回航	(huí háng)
回耗	(huí hào)
回合	(huí hé)
回合制	(huí hé zhì)
回护	(huí hù)
回话	(huí huà)
回回	(huí huí)
回回青	(huí huí qīng)
回火	(huí huǒ)
回击	(huí jī)
回家	(huí jiā)
回家吃自己	(huí jiā chī zì jǐ)
回见	(huí jiàn)
回交	(huí jiāo)
回教	(huí jiào)
回教徒	(huí jiào tú)
回京	(huí jīng)
回敬	(huí jìng)
回绝	(huí jué)
回空	(huí kōng)
回口	(huí kǒu)
回扣	(huí kòu)
回款	(huí kuǎn)
回馈	(huí kuì)
回来	(huí lai)
回老家	(huí lǎo jiā)
回礼	(huí lǐ)
回力球	(huí lì qiú)
回铃音	(huí líng yīn)
回流	(huí liú)
回笼	(huí lóng)
回炉	(huí lú)
回禄	(huí lù)
回禄之灾	(huí lù zhī zāi)
回路	(huí lù)
回銮	(huí luán)
回落	(huí luò)
回马枪	(huí mǎ qiāng)
回门	(huí mén)
回描	(huí miáo)
回民	(huí mín)
回民区	(huí mín qū)
回墨印	(huí mò yìn)
回眸	(huí móu)
回目	(huí mù)
回南天	(huí nán tiān)
回娘家	(huí niáng jiā)
回暖	(huí nuǎn)
回请	(huí qǐng)
回去	(huí qu)
回绕	(huí rào)
回神	(huí shén)
回升	(huí shēng)
回声	(huí shēng)
回声定位	(huí shēng dìng wèi)
回事	(huí shì)
回视	(huí shì)
回收	(huí shōu)
回收站	(huí shōu zhàn)
回首	(huí shǒu)
回数	(huí shù)
回溯	(huí sù)
回天	(huí tiān)
回天乏术	(huí tiān fá shù)
回天无力	(huí tiān wú lì)
回甜	(huí tián)
回填	(huí tián)
回条	(huí tiáo)
回帖	(huí tiě)
回头	(huí tóu)
回头见	(huí tóu jiàn)
回头客	(huí tóu kè)
回头路	(huí tóu lù)
回头率	(huí tóu lǜ)
回吐	(huí tǔ)
回退	(huí tuì)
回望	(huí wàng)
回味	(huí wèi)
回味无穷	(huí wèi wú qióng)
回文	(huí wén)
回响	(huí xiǎng)
回想	(huí xiǎng)
回心转意	(huí xīn zhuǎn yì)
回信	(huí xìn)
回信地址	(huí xìn dì zhǐ)
回形针	(huí xíng zhēn)
回旋	(huí xuán)
回旋曲	(huí xuán qǔ)
回血	(huí xuè)
回忆	(huí yì)
回忆录	(huí yì lù)
回音	(huí yīn)
回应	(huí yìng)
回佣	(huí yòng)
回邮信封	(huí yóu xìn fēng)
回游	(huí yóu)
回赠	(huí zèng)
回执	(huí zhí)
回执单	(huí zhí dān)
回转	(huí zhuǎn)
回族	(huí zú)
回族人	(huí zú rén)
回嘴	(huí zuǐ)
囬	(huí)
廻	(huí)
恛	(huí)
悔	(huǐ)
悔不当初	(huǐ bù dāng chū)
悔改	(huǐ gǎi)
悔过	(huǐ guò)
悔过书	(huǐ guò shū)
悔过自新	(huǐ guò zì xīn)
悔恨	(huǐ hèn)
悔恨交加	(huǐ hèn jiāo jiā)
悔婚	(huǐ hūn)
悔棋	(huǐ qí)
悔悟	(huǐ wù)
悔意	(huǐ yì)
悔之无及	(huǐ zhī wú jí)
悔之已晚	(huǐ zhī yǐ wǎn)
悔罪	(huǐ zuì)
毁	(huǐ)
毁谤	(huǐ bàng)
毁除	(huǐ chú)
毁掉	(huǐ diào)
毁坏	(huǐ huài)
毁家纾难	(huǐ jiā shū nàn)
毁灭	(huǐ miè)
毁灭性	(huǐ miè xìng)
毁容	(huǐ róng)
毁三观	(huǐ sān guān)
毁伤	(huǐ shāng)
毁损	(huǐ sǔn)
毁于一旦	(huǐ yú yī dàn)
毁誉参半	(huǐ yù cān bàn)
毁约	(huǐ yuē)
卉	(huì)
汇	(huì)
汇报	(huì bào)
汇编	(huì biān)
汇编语言	(huì biān yǔ yán)
汇差	(huì chā)
汇出	(huì chū)
汇出行	(huì chū háng)
汇川区	(huì chuān qū)
汇点	(huì diǎn)
汇兑	(huì duì)
汇费	(huì fèi)
汇丰	(huì fēng)
汇丰银行	(huì fēng yín háng)
汇合	(huì hé)
汇划	(huì huà)
汇回	(huì huí)
汇集	(huì jí)
汇寄	(huì jì)
汇价	(huì jià)
汇金	(huì jīn)
汇聚	(huì jù)
汇款	(huì kuǎn)
汇流	(huì liú)
汇流环	(huì liú huán)
汇拢	(huì lǒng)
汇率	(huì lǜ)
汇票	(huì piào)
汇入	(huì rù)
汇水	(huì shuǐ)
汇算	(huì suàn)
汇演	(huì yǎn)
汇业财经集团	(huì yè cái jīng jí tuán)
汇业银行	(huì yè yín háng)
汇映	(huì yìng)
汇整	(huì zhěng)
汇注	(huì zhù)
汇总	(huì zǒng)
汇总表	(huì zǒng biǎo)
会	(huì)
会安	(huì ān)
会不会	(huì bù huì)
会昌县	(huì chāng xiàn)
会场	(huì chǎng)
会车	(huì chē)
会错意	(huì cuò yì)
会党	(huì dǎng)
会东县	(huì dōng xiàn)
会儿	(huì r)
会费	(huì fèi)
会否	(huì fǒu)
会攻	(huì gōng)
会馆	(huì guǎn)
会合	(huì hé)
会合处	(huì hé chù)
会话	(huì huà)
会集	(huì jí)
会籍	(huì jí)
会计	(kuài jì)
会计科目	(kuài jì kē mù)
会计师	(kuài jì shī)
会计学	(kuài jì xué)
会计制度	(kuài jì zhì dù)
会计准则理事会	(kuài jì zhǔn zé lǐ shì huì)
会见	(huì jiàn)
会奖旅游	(huì jiǎng lǚ yóu)
会考	(huì kǎo)
会客	(huì kè)
会客室	(huì kè shì)
会客厅	(huì kè tīng)
会哭的孩子有奶吃	(huì kū de hái zi yǒu nǎi chī)
会哭的孩子有糖吃	(huì kū de hái zi yǒu táng chī)
会理市	(huì lǐ shì)
会门	(huì mén)
会盟	(huì méng)
会面	(huì miàn)
会幕	(huì mù)
会宁县	(huì níng xiàn)
会期	(huì qī)
会商	(huì shāng)
会社	(huì shè)
会审	(huì shěn)
会师	(huì shī)
会士	(huì shì)
会试	(huì shì)
会首	(huì shǒu)
会水	(huì shuǐ)
会所	(huì suǒ)
会谈	(huì tán)
会堂	(huì táng)
会同	(huì tóng)
会同县	(huì tóng xiàn)
会晤	(huì wù)
会心	(huì xīn)
会厌	(huì yàn)
会厌炎	(huì yàn yán)
会要	(huì yào)
会议	(huì yì)
会议室	(huì yì shì)
会议厅	(huì yì tīng)
会议展览	(huì yì zhǎn lǎn)
会意	(huì yì)
会意字	(huì yì zì)
会阴	(huì yīn)
会友	(huì yǒu)
会员	(huì yuán)
会员国	(huì yuán guó)
会泽县	(huì zé xiàn)
会展	(huì zhǎn)
会战	(huì zhàn)
会章	(huì zhāng)
会长	(huì zhǎng)
会长团	(huì zhǎng tuán)
会诊	(huì zhěn)
会众	(huì zhòng)
会子	(huì zi)
哕	(yuě)
哕哕	(huì huì)
恚	(huì)
彗	(huì)
彗核	(huì hé)
彗星	(huì xīng)
晦	(huì)
晦暗	(huì àn)
晦气	(huì qì)
晦涩	(huì sè)
惠	(huì)
惠安县	(huì ān xiàn)
惠城区	(huì chéng qū)
惠东县	(huì dōng xiàn)
惠而不费	(huì ér bù fèi)
惠更斯	(huì gēng sī)
惠顾	(huì gù)
惠及	(huì jí)
惠济区	(huì jì qū)
惠来县	(huì lái xiàn)
惠临	(huì lín)
惠灵顿	(huì líng dùn)
惠民	(huì mín)
惠民县	(huì mín xiàn)
惠能	(huì néng)
惠农区	(huì nóng qū)
惠普	(huì pǔ)
惠普公司	(huì pǔ gōng sī)
惠山区	(huì shān qū)
惠施	(huì shī)
惠书	(huì shū)
惠水县	(huì shuǐ xiàn)
惠斯勒	(huì sī lè)
惠斯特	(huì sī tè)
惠特曼	(huì tè màn)
惠特妮·休斯顿	(huì tè nī · xiū sī dùn)
惠阳区	(huì yáng qū)
惠誉	(huì yù)
惠远寺	(huì yuǎn sì)
惠州市	(huì zhōu shì)
惠子	(huì zi)
喙	(huì)
嘒	(huì)
慧	(huì)
慧能	(huì néng)
慧黠	(huì xiá)
慧星	(huì xīng)
慧眼	(huì yǎn)
槥	(huì)
徻	(wèi)
昏	(hūn)
昏暗	(hūn àn)
昏沉	(hūn chén)
昏倒	(hūn dǎo)
昏定晨省	(hūn dìng chén xǐng)
昏过去	(hūn guo qu)
昏花	(hūn huā)
昏昏沉沉	(hūn hūn chén chén)
昏昏欲睡	(hūn hūn yù shuì)
昏厥	(hūn jué)
昏君	(hūn jūn)
昏聩	(hūn kuì)
昏乱	(hūn luàn)
昏迷	(hūn mí)
昏迷不醒	(hūn mí bù xǐng)
昏睡	(hūn shuì)
昏睡病	(hūn shuì bìng)
昏天黑地	(hūn tiān hēi dì)
昏头	(hūn tóu)
昏头昏脑	(hūn tóu hūn nǎo)
昏庸	(hūn yōng)
惛	(hūn)
惛耄	(hūn mào)
婚	(hūn)
婚变	(hūn biàn)
婚车	(hūn chē)
婚典	(hūn diǎn)
婚房	(hūn fáng)
婚后	(hūn hòu)
婚假	(hūn jià)
婚嫁	(hūn jià)
婚介	(hūn jiè)
婚介所	(hūn jiè suǒ)
婚礼	(hūn lǐ)
婚恋	(hūn liàn)
婚龄	(hūn líng)
婚驴	(hūn lǘ)
婚配	(hūn pèi)
婚期	(hūn qī)
婚前	(hūn qián)
婚前财产公证	(hūn qián cái chǎn gōng zhèng)
婚前性行为	(hūn qián xìng xíng wéi)
婚庆	(hūn qìng)
婚纱	(hūn shā)
婚纱摄影	(hūn shā shè yǐng)
婚神星	(hūn shén xīng)
婚事	(hūn shì)
婚书	(hūn shū)
婚俗	(hūn sú)
婚外	(hūn wài)
婚外情	(hūn wài qíng)
婚筵	(hūn yán)
婚宴	(hūn yàn)
婚姻	(hūn yīn)
婚姻调解	(hūn yīn tiáo jiě)
婚姻法	(hūn yīn fǎ)
婚姻介绍所	(hūn yīn jiè shào suǒ)
婚友	(hūn yǒu)
婚约	(hūn yuē)
殙	(hūn)
魂	(hún)
掍	(hùn)
慁	(hùn)
劐	(huō)
劐弄	(huō leng)
攉	(huō)
攉煤机	(huō méi jī)
㺢	(huò)
㺢㹢狓	(huò jiā pí)
佸	(huó)
火	(huǒ)
火灾	(huǒ zāi)
伙	(huǒ)
伙伴	(huǒ bàn)
伙夫	(huǒ fū)
伙计	(huǒ ji)
伙食	(huǒ shí)
伙食费	(huǒ shí fèi)
伙同	(huǒ tóng)
伙颐	(huǒ yí)
夥	(huǒ)
夥伴	(huǒ bàn)
夥计	(huǒ ji)
夥颐	(huǒ yí)
或	(huò)
或称	(huò chēng)
或多或少	(huò duō huò shǎo)
或将	(huò jiāng)
或门	(huò mén)
或缺	(huò quē)
或然	(huò rán)
或然率	(huò rán lǜ)
或是	(huò shì)
或体	(huò tǐ)
或许	(huò xǔ)
或者	(huò zhě)
祸	(huò)
惑	(huò)
惑星	(huò xīng)
嗀	(huò)
嚯	(huò)
㸌	(huò)
丌	(qí)
击	(jī)
击败	(jī bài)
击毙	(jī bì)
击沉	(jī chén)
击刺	(jī cì)
击打	(jī dǎ)
击倒	(jī dǎo)
击缶	(jí fǒu)
击鼓传花	(jī gǔ chuán huā)
击鼓鸣金	(jī gǔ míng jīn)
击毁	(jī huǐ)
击剑	(jī jiàn)
击溃	(jī kuì)
击落	(jī luò)
击球	(jī qiú)
击球员	(jī qiú yuán)
击杀	(jī shā)
击碎	(jī suì)
击退	(jī tuì)
击弦类	(jī xián lèi)
击弦类乐器	(jī xián lèi yuè qì)
击晕	(jī yūn)
击掌	(jī zhǎng)
击中	(jī zhòng)
击坠	(jī zhuì)
叽	(jī)
叽叽嘎嘎	(jī ji gā gā)
叽叽咕咕	(jī ji gū gū)
叽叽喳喳	(jī jī zhā zhā)
叽哩咕噜	(jī li gū lū)
叽咋柳莺	(jī zǎ liǔ yīng)
圾	(jī)
机	(jī)
机掰	(jī bāi)
机变	(jī biàn)
机不可失	(jī bù kě shī)
机不可失，失不再来	(jī bù kě shī , shī bù zài lái)
机不可失，时不再来	(jī bù kě shī , shí bù zài lái)
机不离手	(jī bù lí shǒu)
机舱	(jī cāng)
机场	(jī chǎng)
机场大厦	(jī chǎng dà shà)
机车	(jī chē)
机床	(jī chuáng)
机电	(jī diàn)
机顶盒	(jī dǐng hé)
机动	(jī dòng)
机动车	(jī dòng chē)
机动车辆	(jī dòng chē liàng)
机动性	(jī dòng xìng)
机翻	(jī fān)
机房	(jī fáng)
机构	(jī gòu)
机关	(jī guān)
机关报	(jī guān bào)
机关布景	(jī guān bù jǐng)
机关车	(jī guān chē)
机关炮	(jī guān pào)
机关枪	(jī guān qiāng)
机关算尽太聪明，反算了卿卿性命	(jī guān suàn jìn tài cōng ming , fǎn suàn le qīng qīng xìng mìng)
机会	(jī huì)
机会成本	(jī huì chéng běn)
机会主义	(jī huì zhǔ yì)
机加酒	(jī jiā jiǔ)
机甲	(jī jiǎ)
机件	(jī jiàn)
机建费	(jī jiàn fèi)
机警	(jī jǐng)
机壳	(jī qiào)
机库	(jī kù)
机理	(jī lǐ)
机伶	(jī ling)
机灵	(jī líng)
机灵鬼	(jī líng guǐ)
机率	(jī lǜ)
机密	(jī mì)
机密文件	(jī mì wén jiàn)
机密性	(jī mì xìng)
机敏	(jī mǐn)
机谋	(jī móu)
机能	(jī néng)
机票	(jī piào)
机器	(jī qì)
机器翻译	(jī qì fān yì)
机器脚踏车	(jī qì jiǎo tà chē)
机器人	(jī qì rén)
机器人学	(jī qì rén xué)
机器学习	(jī qì xué xí)
机枪	(jī qiāng)
机巧	(jī qiǎo)
机身	(jī shēn)
机师	(jī shī)
机踏车	(jī tà chē)
机体	(jī tǐ)
机头	(jī tóu)
机头座	(jī tóu zuò)
机尾	(jī wěi)
机位	(jī wèi)
机务段	(jī wù duàn)
机洗	(jī xǐ)
机箱	(jī xiāng)
机械	(jī xiè)
机械臂	(jī xiè bì)
机械表	(jī xiè biǎo)
机械翻译	(jī xiè fān yì)
机械工	(jī xiè gōng)
机械工程	(jī xiè gōng chéng)
机械工人	(jī xiè gōng rén)
机械化	(jī xiè huà)
机械码	(jī xiè mǎ)
机械能	(jī xiè néng)
机械人	(jī xiè rén)
机械师	(jī xiè shī)
机械性	(jī xiè xìng)
机械硬盘	(jī xiè yìng pán)
机械语言	(jī xiè yǔ yán)
机械战警	(jī xiè zhàn jǐng)
机械钟	(jī xiè zhōng)
机型	(jī xíng)
机要	(jī yào)
机宜	(jī yí)
机翼	(jī yì)
机油	(jī yóu)
机遇	(jī yù)
机缘	(jī yuán)
机运	(jī yùn)
机诈	(jī zhà)
机长	(jī zhǎng)
机制	(jī zhì)
机智	(jī zhì)
机轴	(jī zhóu)
机杼	(jī zhù)
机子	(jī zi)
机组	(jī zǔ)
乩	(jī)
乩童	(jī tóng)
㚻	(jī)
㚻奸	(jī jiān)
咭	(jī)
咭咭呱呱	(jī jī guā guā)
剞	(jī)
剞劂	(jī jué)
唧	(jī)
唧咕	(jī gu)
唧唧	(jī jī)
唧唧嘎嘎	(jī ji gā gā)
唧唧喳喳	(jī jī zhā zhā)
唧啾	(jī jiū)
唧筒	(jī tǒng)
唧筒座	(jī tǒng zuò)
屐	(jī)
姬	(jī)
姬滨鹬	(jī bīn yù)
姬佬	(jī lǎo)
姬路	(jī lù)
姬路城	(jī lù chéng)
姬妾	(jī qiè)
姬松茸	(jī sōng róng)
姬田鸡	(jī tián jī)
姬鹬	(jī yù)
基	(jī)
基板	(jī bǎn)
基本	(jī běn)
基本词汇	(jī běn cí huì)
基本单位	(jī běn dān wèi)
基本点	(jī běn diǎn)
基本定理	(jī běn dìng lǐ)
基本多文种平面	(jī běn duō wén zhǒng píng miàn)
基本法	(jī běn fǎ)
基本概念	(jī běn gài niàn)
基本功	(jī běn gōng)
基本利率	(jī běn lì lǜ)
基本粒子	(jī běn lì zǐ)
基本面	(jī běn miàn)
基本盘	(jī běn pán)
基本上	(jī běn shang)
基本需要	(jī běn xū yào)
基本原理	(jī běn yuán lǐ)
基本原则	(jī běn yuán zé)
基波	(jī bō)
基布兹	(jī bù zī)
基材	(jī cái)
基操	(jī cāo)
基操勿6	(jī cāo wù liù)
基测	(jī cè)
基层	(jī céng)
基础	(jī chǔ)
基础病	(jī chǔ bìng)
基础教育	(jī chǔ jiào yù)
基础结构	(jī chǔ jié gòu)
基础课	(jī chǔ kè)
基础设施	(jī chǔ shè shī)
基础设施即服务	(jī chǔ shè shī jí fú wù)
基础速率	(jī chǔ sù lǜ)
基础问题	(jī chǔ wèn tí)
基床	(jī chuáng)
基带	(jī dài)
基地	(jī dì)
基地恐怖组织	(jī dì kǒng bù zǔ zhī)
基地组织	(jī dì zǔ zhī)
基底	(jī dǐ)
基底动脉	(jī dǐ dòng mài)
基底细胞癌	(jī dǐ xì bāo ái)
基点	(jī diǎn)
基甸	(jī diàn)
基调	(jī diào)
基督	(jī dū)
基督城	(jī dū chéng)
基督教	(jī dū jiào)
基督教科学派	(jī dū jiào kē xué pài)
基督教民主联盟	(jī dū jiào mín zhǔ lián méng)
基督教派	(jī dū jiào pài)
基督教徒	(jī dū jiào tú)
基督圣体节	(jī dū shèng tǐ jié)
基督徒	(jī dū tú)
基督新教	(jī dū xīn jiào)
基多	(jī duō)
基尔	(jī ěr)
基尔特	(jī ěr tè)
基肥	(jī féi)
基辅	(jī fǔ)
基改	(jī gǎi)
基极	(jī jí)
基加利	(jī jiā lì)
基建	(jī jiàn)
基脚	(jī jiǎo)
基金	(jī jīn)
基金会	(jī jīn huì)
基坑	(jī kēng)
基孔肯雅热	(jī kǒng kěn yǎ rè)
基拉韦厄	(jī lā wéi è)
基佬	(jī lǎo)
基里巴斯	(jī lǐ bā sī)
基里巴斯共和国	(jī lǐ bā sī gòng hé guó)
基隆	(jī lóng)
基隆市	(jī lóng shì)
基罗米突	(jī luó mǐ tū)
基面	(jī miàn)
基民	(jī mín)
基民党	(jī mín dǎng)
基模	(jī mó)
基奈	(jī nài)
基尼系数	(jī ní xì shù)
基诺	(jī nuò)
基诺族	(jī nuò zú)
基盘	(jī pán)
基频	(jī pín)
基普	(jī pǔ)
基情	(jī qíng)
基桑加尼	(jī sāng jiā ní)
基石	(jī shí)
基数	(jī shù)
基数词	(jī shù cí)
基台	(jī tái)
基体	(jī tǐ)
基团	(jī tuán)
基网	(jī wǎng)
基西纽	(jī xī niǔ)
基希讷乌	(jī xī nè wū)
基线	(jī xiàn)
基谐波	(jī xié bō)
基牙	(jī yá)
基岩	(jī yán)
基业	(jī yè)
基因	(jī yīn)
基因改造	(jī yīn gǎi zào)
基因工程	(jī yīn gōng chéng)
基因技术	(jī yīn jì shù)
基因库	(jī yīn kù)
基因码	(jī yīn mǎ)
基因体	(jī yīn tǐ)
基因突变	(jī yīn tū biàn)
基因图谱	(jī yīn tú pǔ)
基因型	(jī yīn xíng)
基因修改	(jī yīn xiū gǎi)
基因学	(jī yīn xué)
基因治疗	(jī yīn zhì liáo)
基因组	(jī yīn zǔ)
基因座	(jī yīn zuò)
基音	(jī yīn)
基友	(jī yǒu)
基于	(jī yú)
基站	(jī zhàn)
基址	(jī zhǐ)
基质	(jī zhì)
基质膜	(jī zhì mó)
基桩	(jī zhuāng)
基准	(jī zhǔn)
基座	(jī zuò)
攲	(qī)
敧	(qǐ)
嵇	(jī)
墼	(jī)
亼	(jí)
亽	(jí)
及	(jí)
及第	(jí dì)
及耳	(jí ěr)
及锋而试	(jí fēng ér shì)
及格	(jí gé)
及格线	(jí gé xiàn)
及笄	(jí jī)
及其	(jí qí)
及时	(jí shí)
及时行乐	(jí shí xíng lè)
及时性	(jí shí xìng)
及时雨	(jí shí yǔ)
及物	(jí wù)
及物动词	(jí wù dòng cí)
及早	(jí zǎo)
及至	(jí zhì)
伋	(jí)
吉	(jí)
吉安市	(jí ān shì)
吉安县	(jí ān xiàn)
吉安乡	(jí ān xiāng)
吉百利	(jí bǎi lì)
吉贝	(jí bèi)
吉本斯	(jí běn sī)
吉伯特氏症候群	(jí bó tè shì zhèng hòu qún)
吉卜力工作室	(jí bǔ lì gōng zuò shì)
吉卜赛人	(jí bǔ sài rén)
吉布地	(jí bù dì)
吉布提	(jí bù tí)
吉达	(jí dá)
吉打	(jí dǎ)
吉大港	(jí dà gǎng)
吉迪恩	(jí dí ēn)
吉电子伏	(jí diàn zǐ fú)
吉恩	(jí ēn)
吉尔伯特	(jí ěr bó tè)
吉尔伯特群岛	(jí ěr bó tè qún dǎo)
吉尔达	(jí ěr dá)
吉尔吉斯	(jí ěr jí sī)
吉尔吉斯人	(jí ěr jí sī rén)
吉尔吉斯斯坦	(jí ěr jí sī sī tǎn)
吉尔吉斯坦	(jí ěr jí sī tǎn)
吉尔吉斯族	(jí ěr jí sī zú)
吉佳利	(jí jiā lì)
吉拉德	(jí lā dé)
吉兰丹	(jí lán dān)
吉兰丹河	(jí lán dān hé)
吉兰丹州	(jí lán dān zhōu)
吉勒	(jí lè)
吉里巴斯	(jí lǐ bā sī)
吉利	(jí lì)
吉利丁	(jí lì dīng)
吉利服	(jí lì fú)
吉列	(jí liè)
吉林大学	(jí lín dà xué)
吉林省	(jí lín shěng)
吉林市	(jí lín shì)
吉隆坡	(jí lóng pō)
吉隆县	(jí lóng xiàn)
吉鲁巴	(jí lǔ bā)
吉罗米突	(jí luó mǐ tū)
吉米	(jí mǐ)
吉莫	(jí mò)
吉木乃县	(jí mù nǎi xiàn)
吉木萨尔县	(jí mù sà ěr xiàn)
吉尼斯	(jí ní sī)
吉尼斯世界纪录	(jí ní sī shì jiè jì lù)
吉普	(jí pǔ)
吉普车	(jí pǔ chē)
吉普赛人	(jí pǔ sài rén)
吉普斯夸	(jí pǔ sī kuā)
吉庆	(jí qìng)
吉人自有天相	(jí rén zì yǒu tiān xiàng)
吉日	(jí rì)
吉士	(jí shì)
吉士粉	(jí shì fěn)
吉事	(jí shì)
吉事果	(jí shì guǒ)
吉首市	(jí shǒu shì)
吉水县	(jí shuǐ xiàn)
吉他	(jí tā)
吉他带	(jí tā dài)
吉他谱	(jí tā pǔ)
吉他手	(jí tā shǒu)
吉它	(jí tā)
吉特巴	(jí tè bā)
吉田	(jí tián)
吉娃娃	(jí wá wa)
吉县	(jí xiàn)
吉祥	(jí xiáng)
吉祥物	(jí xiáng wù)
吉凶	(jí xiōng)
吉亚卡摩	(jí yà kǎ mó)
吉阳区	(jí yáng qū)
吉野	(jí yě)
吉野家	(jí yě jiā)
吉兆	(jí zhào)
吉之岛	(jí zhī dǎo)
吉州郡	(jí zhōu jùn)
吉州区	(jí zhōu qū)
吉字节	(jí zì jié)
岌	(jí)
岌岌可危	(jí jí kě wēi)
岌嶪	(jí yè)
极	(jí)
极北	(jí běi)
极北柳莺	(jí běi liǔ yīng)
极北朱顶雀	(jí běi zhū dǐng què)
极差	(jí chā)
极超	(jí chāo)
极大	(jí dà)
极大值	(jí dà zhí)
极道	(jí dào)
极地	(jí dì)
极点	(jí diǎn)
极东	(jí dōng)
极度	(jí dù)
极端	(jí duān)
极端分子	(jí duān fèn zǐ)
极端之恶	(jí duān zhī è)
极端主义	(jí duān zhǔ yì)
极短篇小说	(jí duǎn piān xiǎo shuō)
极光	(jí guāng)
极寒	(jí hán)
极好	(jí hǎo)
极核	(jí hé)
极化	(jí huà)
极简主义	(jí jiǎn zhǔ yì)
极角	(jí jiǎo)
极径	(jí jìng)
极客	(jí kè)
极辣	(jí là)
极乐	(jí lè)
极乐世界	(jí lè shì jiè)
极了	(jí le)
极力	(jí lì)
极目远望	(jí mù yuǎn wàng)
极南	(jí nán)
极品	(jí pǐn)
极其	(jí qí)
极权	(jí quán)
极权主义	(jí quán zhǔ yì)
极少	(jí shǎo)
极少数	(jí shǎo shù)
极深研几	(jí shēn yán jǐ)
极盛时期	(jí shèng shí qī)
极为	(jí wéi)
极细小	(jí xì xiǎo)
极限	(jí xiàn)
极限运动	(jí xiàn yùn dòng)
极小	(jí xiǎo)
极刑	(jí xíng)
极性	(jí xìng)
极有可能	(jí yǒu kě néng)
极右分子	(jí yòu fèn zǐ)
极右翼	(jí yòu yì)
极值	(jí zhí)
极致	(jí zhì)
极轴	(jí zhóu)
极坐标	(jí zuò biāo)
极坐标系	(jí zuò biāo xì)
即	(jí)
即便	(jí biàn)
即插即用	(jí chā jí yòng)
即付	(jí fù)
即或	(jí huò)
即将	(jí jiāng)
即将来临	(jí jiāng lái lín)
即可	(jí kě)
即刻	(jí kè)
即令	(jí lìng)
即墨区	(jí mò qū)
即期品	(jí qī pǐn)
即日	(jí rì)
即溶咖啡	(jí róng kā fēi)
即如	(jí rú)
即时	(jí shí)
即时即地	(jí shí jí dì)
即时通讯	(jí shí tōng xùn)
即时消息	(jí shí xiāo xi)
即时制	(jí shí zhì)
即食	(jí shí)
即使	(jí shǐ)
即为	(jí wéi)
即位	(jí wèi)
即席	(jí xí)
即兴	(jí xìng)
即兴发挥	(jí xìng fā huī)
即兴之作	(jí xìng zhī zuò)
即由	(jí yóu)
即早	(jí zǎo)
即指即译	(jí zhǐ jí yì)
佶	(jí)
亟	(jí)
亟待	(jí dài)
亟需	(jí xū)
卽	(jí)
急	(jí)
急板	(jí bǎn)
急不可待	(jí bù kě dài)
急不可耐	(jí bù kě nài)
急驰	(jí chí)
急赤白脸	(jí chì bái liǎn)
急匆匆	(jí cōng cōng)
急促	(jí cù)
急待	(jí dài)
急公好义	(jí gōng hào yì)
急功近利	(jí gōng jìn lì)
急吼吼	(jí hǒu hǒu)
急婚族	(jí hūn zú)
急火	(jí huǒ)
急急忙忙	(jí jí máng máng)
急救	(jí jiù)
急救包	(jí jiù bāo)
急救箱	(jí jiù xiāng)
急救站	(jí jiù zhàn)
急剧	(jí jù)
急遽	(jí jù)
急流	(jí liú)
急忙	(jí máng)
急难	(jí nàn)
急拍拍	(jí pāi pāi)
急迫	(jí pò)
急切	(jí qiè)
急人之难	(jí rén zhī nàn)
急如星火	(jí rú xīng huǒ)
急刹车	(jí shā chē)
急事	(jí shì)
急速	(jí sù)
急务	(jí wù)
急袭	(jí xí)
急先锋	(jí xiān fēng)
急行军	(jí xíng jūn)
急性	(jí xìng)
急性病	(jí xìng bìng)
急性肠炎	(jí xìng cháng yán)
急性阑尾炎	(jí xìng lán wěi yán)
急性人	(jí xìng rén)
急性照射	(jí xìng zhào shè)
急性子	(jí xìng zi)
急需	(jí xū)
急眼	(jí yǎn)
急要	(jí yào)
急用	(jí yòng)
急于	(jí yú)
急于求成	(jí yú qiú chéng)
急欲	(jí yù)
急躁	(jí zào)
急着	(jí zhe)
急诊	(jí zhěn)
急诊室	(jí zhěn shì)
急症	(jí zhèng)
急智	(jí zhì)
急中生智	(jí zhōng shēng zhì)
急骤	(jí zhòu)
急转	(jí zhuǎn)
急转弯	(jí zhuǎn wān)
急转直下	(jí zhuǎn zhí xià)
急嘴急舌	(jí zuǐ jí shé)
姞	(jí)
庴	(jí)
棘	(jí)
棘楚	(jí chǔ)
棘轮	(jí lún)
棘皮动物	(jí pí dòng wù)
棘手	(jí shǒu)
殛	(jí)
戢	(jí)
楫	(jí)
嵴	(jí)
嫉	(jí)
嫉妒	(jí dù)
嫉恶如仇	(jí è rú chóu)
嫉恨	(jí hèn)
嫉贤妒能	(jí xián dù néng)
䳭	(jí)
几	(jǐ)
几案	(jī àn)
几倍	(jǐ bèi)
几次	(jǐ cì)
几次三番	(jǐ cì sān fān)
几点	(jǐ diǎn)
几丁	(jī dīng)
几丁质	(jī dīng zhì)
几度	(jǐ dù)
几多	(jǐ duō)
几分	(jǐ fēn)
几个	(jǐ ge)
几号	(jǐ hào)
几何	(jǐ hé)
几何光学	(jǐ hé guāng xué)
几何级数	(jǐ hé jí shù)
几何级数增长	(jǐ hé jí shù zēng zhǎng)
几何量	(jǐ hé liàng)
几何平均数	(jǐ hé píng jūn shù)
几何拓扑	(jǐ hé tuò pū)
几何拓扑学	(jǐ hé tuò pū xué)
几何图形	(jǐ hé tú xíng)
几何学	(jǐ hé xué)
几何原本	(jǐ hé yuán běn)
几乎	(jī hū)
几乎不	(jī hū bù)
几谏	(jī jiàn)
几进宫	(jǐ jìn gōng)
几近	(jī jìn)
几经	(jǐ jīng)
几可乱真	(jī kě luàn zhēn)
几率	(jī lǜ)
几米	(jī mǐ)
几内亚	(jǐ nèi yà)
几内亚比绍	(jǐ nèi yà bǐ shào)
几内亚比索	(jī nèi yà bǐ suǒ)
几内亚湾	(jǐ nèi yà wān)
几年	(jǐ nián)
几年来	(jǐ nián lái)
几千	(jǐ qiān)
几时	(jǐ shí)
几岁	(jǐ suì)
几天	(jǐ tiān)
几天来	(jǐ tiān lái)
几微	(jī wēi)
几维鸟	(jī wéi niǎo)
几希	(jī xī)
几许	(jǐ xǔ)
几样	(jǐ yàng)
几欲	(jī yù)
几至	(jī zhì)
己	(jǐ)
己方	(jǐ fāng)
己见	(jǐ jiàn)
己所不欲，勿施于人	(jǐ suǒ bù yù , wù shī yú rén)
己型肝炎	(jǐ xíng gān yán)
丮	(jǐ)
挤	(jǐ)
挤出	(jǐ chū)
挤对	(jǐ duì)
挤兑	(jǐ duì)
挤咕	(jǐ gū)
挤过	(jǐ guò)
挤花	(jǐ huā)
挤花袋	(jǐ huā dài)
挤挤插插	(jǐ jǐ chā chā)
挤紧	(jǐ jǐn)
挤进	(jǐ jìn)
挤垮	(jǐ kuǎ)
挤来挤去	(jǐ lái jǐ qù)
挤落	(jǐ luò)
挤满	(jǐ mǎn)
挤眉弄眼	(jǐ méi nòng yǎn)
挤奶	(jǐ nǎi)
挤破头	(jǐ pò tóu)
挤入	(jǐ rù)
挤上去	(jǐ shàng qu)
挤踏	(jǐ tà)
挤提	(jǐ tí)
挤压	(jǐ yā)
挤牙膏	(jǐ yá gāo)
挤轧	(jǐ yà)
挤眼	(jǐ yǎn)
挤占	(jǐ zhàn)
掎	(jǐ)
戟	(jǐ)
彐	(jì)
彑	(jì)
旡	(jì)
伎	(jì)
伎俩	(jì liǎng)
技	(jì)
技法	(jì fǎ)
技工	(jì gōng)
技工学校	(jì gōng xué xiào)
技嘉	(jì jiā)
技俩	(jì liǎng)
技能	(jì néng)
技巧	(jì qiǎo)
技师	(jì shī)
技士	(jì shì)
技术	(jì shù)
技术标准	(jì shù biāo zhǔn)
技术方案	(jì shù fāng àn)
技术故障	(jì shù gù zhàng)
技术官僚	(jì shù guān liáo)
技术规范	(jì shù guī fàn)
技术潜水	(jì shù qián shuǐ)
技术人员	(jì shù rén yuán)
技术性	(jì shù xìng)
技术学校	(jì shù xué xiào)
技术员	(jì shù yuán)
技术援助	(jì shù yuán zhù)
技术栈	(jì shù zhàn)
技术知识	(jì shù zhī shi)
技术指导	(jì shù zhǐ dǎo)
技校	(jì xiào)
技痒	(jì yǎng)
技艺	(jì yì)
技战术	(jì zhàn shù)
技正	(jì zhèng)
技职	(jì zhí)
技佐	(jì zuǒ)
忌	(jì)
忌辰	(jì chén)
忌惮	(jì dàn)
忌妒	(jì du)
忌恨	(jì hèn)
忌讳	(jì huì)
忌口	(jì kǒu)
忌日	(jì rì)
忌食	(jì shí)
忌羡	(jì xiàn)
忌烟	(jì yān)
妓	(jì)
妓馆	(jì guǎn)
妓女	(jì nǚ)
妓院	(jì yuàn)
妓寨	(jì zhài)
季	(jì)
季报	(jì bào)
季春	(jì chūn)
季冬	(jì dōng)
季度	(jì dù)
季风	(jì fēng)
季父	(jì fù)
季后赛	(jì hòu sài)
季候	(jì hòu)
季会	(jì huì)
季节	(jì jié)
季节性	(jì jié xìng)
季经	(jì jīng)
季军	(jì jūn)
季刊	(jì kān)
季肋	(jì lèi)
季肋区	(jì lèi qū)
季黎诺	(jì lí nuò)
季路	(jì lù)
季莫申科	(jì mò shēn kē)
季诺	(jì nuò)
季世	(jì shì)
季夏	(jì xià)
季羡林	(jì xiàn lín)
季相	(jì xiàng)
季雨林	(jì yǔ lín)
季子	(jì zǐ)
剂	(jì)
剂次	(jì cì)
剂量	(jì liàng)
剂量当量	(jì liàng dāng liàng)
剂型	(jì xíng)
剂子	(jì zi)
垍	(jì)
哜	(jì)
既	(jì)
既成事实	(jì chéng shì shí)
既得	(jì dé)
既得利益	(jì dé lì yì)
既得期间	(jì dé qī jiān)
既定	(jì dìng)
既而	(jì ér)
既来之，则安之	(jì lái zhī , zé ān zhī)
既然	(jì rán)
既视感	(jì shì gǎn)
既是	(jì shì)
既往	(jì wǎng)
既往不咎	(jì wǎng bù jiù)
既已	(jì yǐ)
既有	(jì yǒu)
偈	(jì)
旣	(jì)
悸	(jì)
悸动	(jì dòng)
悸栗	(jì lì)
寄	(jì)
寄出	(jì chū)
寄辞	(jì cí)
寄存	(jì cún)
寄存处	(jì cún chù)
寄存器	(jì cún qì)
寄达	(jì dá)
寄递	(jì dì)
寄顿	(jì dùn)
寄发	(jì fā)
寄放	(jì fàng)
寄父	(jì fù)
寄怀	(jì huái)
寄籍	(jì jí)
寄迹	(jì jì)
寄件人	(jì jiàn rén)
寄居	(jì jū)
寄居蟹	(jì jū xiè)
寄卖	(jì mài)
寄名	(jì míng)
寄母	(jì mǔ)
寄女	(jì nǚ)
寄人篱下	(jì rén lí xià)
寄生	(jì shēng)
寄生虫	(jì shēng chóng)
寄生生活	(jì shēng shēng huó)
寄生物	(jì shēng wù)
寄生者	(jì shēng zhě)
寄售	(jì shòu)
寄送	(jì sòng)
寄宿	(jì sù)
寄宿生	(jì sù shēng)
寄宿学校	(jì sù xué xiào)
寄托	(jì tuō)
寄望	(jì wàng)
寄物	(jì wù)
寄物处	(jì wù chù)
寄物柜	(jì wù guì)
寄销	(jì xiāo)
寄养	(jì yǎng)
寄予	(jì yǔ)
寄予厚望	(jì yǔ hòu wàng)
寄语	(jì yǔ)
寄主	(jì zhǔ)
寄子	(jì zǐ)
寂	(jì)
寂寂	(jì jì)
寂寂无名	(jì jì wú míng)
寂静	(jì jìng)
寂寥	(jì liáo)
寂灭	(jì miè)
寂寞	(jì mò)
寂然	(jì rán)
惎	(jì)
塈	(jì)
暨	(jì)
暨大	(jì dà)
暨今	(jì jīn)
冀	(jì)
冀朝铸	(jì cháo zhù)
冀县	(jì xiàn)
冀州区	(jì zhōu qū)
檵	(jì)
檵花	(jì huā)
檵木	(jì mù)
加	(jiā)
加百列	(jiā bǎi liè)
加班	(jiā bān)
加班费	(jiā bān fèi)
加倍	(jiā bèi)
加俾额尔	(jiā bǐ é ěr)
加冰	(jiā bīng)
加冰块	(jiā bīng kuài)
加餐	(jiā cān)
加仓	(jiā cāng)
加查县	(jiā chá xiàn)
加车	(jiā chē)
加持	(jiā chí)
加粗	(jiā cū)
加达里	(jiā dá lǐ)
加大	(jiā dà)
加大力度	(jiā dà lì dù)
加大努力	(jiā dà nǔ lì)
加大油门	(jiā dà yóu mén)
加德满都	(jiā dé mǎn dū)
加德纳	(jiā dé nà)
加德士	(jiā dé shì)
加德西	(jiā dé xī)
加的夫	(jiā de fū)
加的斯	(jiā dì sī)
加点	(jiā diǎn)
加多宝	(jiā duō bǎo)
加尔各答	(jiā ěr gè dá)
加尔文	(jiā ěr wén)
加法	(jiā fǎ)
加菲猫	(jiā fēi māo)
加分	(jiā fēn)
加封	(jiā fēng)
加封官阶	(jiā fēng guān jiē)
加俸	(jiā fèng)
加氟	(jiā fú)
加盖	(jiā gài)
加格达奇区	(jiā gé dá qí qū)
加工	(jiā gōng)
加工厂	(jiā gōng chǎng)
加工成本	(jiā gōng chéng běn)
加工贸易	(jiā gōng mào yì)
加购	(jiā gòu)
加固	(jiā gù)
加官	(jiā guān)
加官进爵	(jiā guān jìn jué)
加官进禄	(jiā guān jìn lù)
加官进位	(jiā guān jìn wèi)
加官晋级	(jiā guān jìn jí)
加官晋爵	(jiā guān jìn jué)
加国	(jiā guó)
加害	(jiā hài)
加航	(jiā háng)
加号	(jiā hào)
加和	(jiā hé)
加护	(jiā hù)
加护病房	(jiā hù bìng fáng)
加吉鱼	(jiā jí yú)
加急	(jiā jí)
加加林	(jiā jiā lín)
加价	(jiā jià)
加减乘除	(jiā jiǎn chéng chú)
加减号	(jiā jiǎn hào)
加紧	(jiā jǐn)
加进	(jiā jìn)
加劲	(jiā jìn)
加劲儿	(jiā jìn r)
加剧	(jiā jù)
加快	(jiā kuài)
加宽	(jiā kuān)
加拉巴哥斯	(jiā lā bā gē sī)
加拉巴哥斯群岛	(jiā lā bā gē sī qún dǎo)
加拉加斯	(jiā lā jiā sī)
加拉帕戈斯群岛	(jiā lā pà gē sī qún dǎo)
加拉太书	(jiā lā tài shū)
加辣	(jiā là)
加来海峡	(jiā lái hǎi xiá)
加勒比	(jiā lè bǐ)
加勒比国家联盟	(jiā lè bǐ guó jiā lián méng)
加勒比海	(jiā lè bǐ hǎi)
加哩	(jiā lǐ)
加里	(jiā lǐ)
加里波第	(jiā lǐ bō dì)
加里肋亚	(jiā lǐ lèi yà)
加里肋亚海	(jiā lǐ lèi yà hǎi)
加里曼丹	(jiā lǐ màn dān)
加里曼丹岛	(jiā lǐ màn dān dǎo)
加里宁格勒	(jiā lǐ níng gé lè)
加里宁格勒州	(jiā lǐ níng gé lè zhōu)
加利福尼亚	(jiā lì fú ní yà)
加利福尼亚大学	(jiā lì fú ní yà dà xué)
加利福尼亚大学洛杉矶分校	(jiā lì fú ní yà dà xué luò shān jī fēn xiào)
加利福尼亚理工学院	(jiā lì fú ní yà lǐ gōng xué yuàn)
加利福尼亚州	(jiā lì fú ní yà zhōu)
加利肋亚	(jiā lì lèi yà)
加利利	(jiā lì lì)
加利西亚	(jiā lì xī yà)
加料	(jiā liào)
加料钢琴	(jiā liào gāng qín)
加仑	(jiā lún)
加罗林群岛	(jiā luó lín qún dǎo)
加麻大	(jiā má dà)
加码	(jiā mǎ)
加满	(jiā mǎn)
加盟	(jiā méng)
加盟店	(jiā méng diàn)
加密	(jiā mì)
加密货币	(jiā mì huò bì)
加密套接字协议层	(jiā mì tào jiē zì xié yì céng)
加冕	(jiā miǎn)
加缪	(jiā miù)
加拿大	(jiā ná dà)
加拿大皇家	(jiā ná dà huáng jiā)
加拿大皇家海军	(jiā ná dà huáng jiā hǎi jūn)
加拿大太平洋铁路	(jiā ná dà tài píng yáng tiě lù)
加拿大雁	(jiā ná dà yàn)
加那利群岛	(jiā nà lì qún dǎo)
加纳	(jiā nà)
加农	(jiā nóng)
加农炮	(jiā nóng pào)
加派	(jiā pài)
加彭	(jiā péng)
加蓬	(jiā péng)
加气	(jiā qì)
加钱	(jiā qián)
加强	(jiā qiáng)
加强针	(jiā qiáng zhēn)
加氢油	(jiā qīng yóu)
加权	(jiā quán)
加权平均	(jiā quán píng jūn)
加热	(jiā rè)
加人一等	(jiā rén yī děng)
加入	(jiā rù)
加塞儿	(jiā sāi r)
加赛	(jiā sài)
加沙	(jiā shā)
加沙地带	(jiā shā dì dài)
加上	(jiā shàng)
加深	(jiā shēn)
加湿器	(jiā shī qì)
加时	(jiā shí)
加时赛	(jiā shí sài)
加试	(jiā shì)
加数	(jiā shù)
加速	(jiā sù)
加速度	(jiā sù dù)
加速器	(jiā sù qì)
加速踏板	(jiā sù tà bǎn)
加索尔	(jiā suǒ ěr)
加泰罗尼亚	(jiā tài luó ní yà)
加特林	(jiā tè lín)
加特林机枪	(jiā tè lín jī qiāng)
加藤	(jiā téng)
加添	(jiā tiān)
加甜	(jiā tián)
加委	(jiā wěi)
加温	(jiā wēn)
加西亚	(jiā xī yà)
加息	(jiā xī)
加薪	(jiā xīn)
加压	(jiā yā)
加压釜	(jiā yā fǔ)
加演	(jiā yǎn)
加央	(jiā yāng)
加以	(jiā yǐ)
加意	(jiā yì)
加油	(jiā yóu)
加油工	(jiā yóu gōng)
加油枪	(jiā yóu qiāng)
加油添醋	(jiā yóu tiān cù)
加油站	(jiā yóu zhàn)
加载	(jiā zài)
加长	(jiā cháng)
加征	(jiā zhēng)
加之	(jiā zhī)
加值	(jiā zhí)
加值型网路	(jiā zhí xíng wǎng lù)
加重	(jiā zhòng)
加重语气	(jiā zhòng yǔ qì)
加州	(jiā zhōu)
加州大学	(jiā zhōu dà xué)
加州理工学院	(jiā zhōu lǐ gōng xué yuàn)
加注	(jiā zhù)
加兹尼	(jiā zī ní)
加兹尼省	(jiā zī ní shěng)
加总	(jiā zǒng)
加足马力	(jiā zú mǎ lì)
夹	(jiā)
夹袄	(jiá ǎo)
夹板	(jiā bǎn)
夹层	(jiā céng)
夹持	(jiā chí)
夹带	(jiā dài)
夹当	(jiā dāng)
夹当儿	(jiā dāng r)
夹道	(jiā dào)
夹道欢迎	(jiā dào huān yíng)
夹断	(jiā duàn)
夹缝	(jiā fèng)
夹攻	(jiā gōng)
夹棍	(jiā gùn)
夹击	(jiā jī)
夹江县	(jiā jiāng xiàn)
夹角	(jiā jiǎo)
夹脚拖	(jiā jiǎo tuō)
夹脚拖鞋	(jiá jiǎo tuō xié)
夹紧	(jiā jǐn)
夹具	(jiā jù)
夹克	(jiā kè)
夹链袋	(jiā liàn dài)
夹盘	(jiā pán)
夹批	(jiā pī)
夹七夹八	(jiā qī jiā bā)
夹起尾巴	(jiā qǐ wěi ba)
夹钳	(jiā qián)
夹塞儿	(jiā sāi r)
夹山国家森林公园	(jiā shān guó jiā sēn lín gōng yuán)
夹山寺	(jiā shān sì)
夹生	(jiā shēng)
夹生饭	(jiā shēng fàn)
夹头	(jiā tóu)
夹娃娃	(jiā wá wa)
夹尾巴	(jiā wěi ba)
夹馅	(jiā xiàn)
夹心	(jiā xīn)
夹心饼干	(jiā xīn bǐng gān)
夹心族	(jiā xīn zú)
夹杂	(jiā zá)
夹肢窝	(gā zhi wō)
夹竹桃	(jiā zhú táo)
夹子	(jiā zi)
夹子音	(jiā zi yīn)
宊	(jiā)
佳	(jiā)
佳宾	(jiā bīn)
佳得乐	(jiā dé lè)
佳冬	(jiā dōng)
佳冬乡	(jiā dōng xiāng)
佳话	(jiā huà)
佳绩	(jiā jì)
佳节	(jiā jié)
佳洁士	(jiā jié shì)
佳境	(jiā jìng)
佳里	(jiā lǐ)
佳丽	(jiā lì)
佳丽酿	(jiā lì niàng)
佳利酿	(jiā lì niàng)
佳美	(jiā měi)
佳妙	(jiā miào)
佳木斯大学	(jiā mù sī dà xué)
佳木斯市	(jiā mù sī shì)
佳能	(jiā néng)
佳酿	(jiā niàng)
佳偶	(jiā ǒu)
佳评如潮	(jiā píng rú cháo)
佳期	(jiā qī)
佳人	(jiā rén)
佳人才子	(jiā rén cái zǐ)
佳世客	(jiā shì kè)
佳县	(jiā xiàn)
佳肴	(jiā yáo)
佳音	(jiā yīn)
佳作	(jiā zuò)
㹢	(jiā)
枷	(jiā)
枷板	(jiā bǎn)
枷锁	(jiā suǒ)
枷销	(jiā xiāo)
𬂩提	(jiā tí)
家	(jiā)
家八哥	(jiā bā ge)
家暴	(jiā bào)
家蚕	(jiā cán)
家产	(jiā chǎn)
家常	(jiā cháng)
家常便饭	(jiā cháng biàn fàn)
家常菜	(jiā cháng cài)
家常豆腐	(jiā cháng dòu fu)
家臣	(jiā chén)
家丑	(jiā chǒu)
家丑不可外传	(jiā chǒu bù kě wài chuán)
家丑不可外扬	(jiā chǒu bù kě wài yáng)
家畜	(jiā chù)
家传	(jiā chuán)
家慈	(jiā cí)
家大业大	(jiā dà yè dà)
家当	(jiā dàng)
家道	(jiā dào)
家道中落	(jiā dào zhōng luò)
家的	(jiā de)
家底	(jiā dǐ)
家弟	(jiā dì)
家电	(jiā diàn)
家丁	(jiā dīng)
家儿	(jiā ér)
家法	(jiā fǎ)
家父	(jiā fù)
家妇	(jiā fù)
家给人足	(jiā jǐ rén zú)
家公	(jiā gōng)
家姑	(jiā gū)
家规	(jiā guī)
家和万事兴	(jiā hé wàn shì xīng)
家花没有野花香	(jiā huā méi yǒu yě huā xiāng)
家伙	(jiā huo)
家姬	(jiā jī)
家计	(jiā jì)
家家户户	(jiā jiā hù hù)
家家酒	(jiā jiā jiǔ)
家家有本难念的经	(jiā jiā yǒu běn nán niàn de jīng)
家轿	(jiā jiào)
家教	(jiā jiào)
家姐	(jiā jiě)
家景	(jiā jǐng)
家境	(jiā jìng)
家舅	(jiā jiù)
家居	(jiā jū)
家居卖场	(jiā jū mài chǎng)
家具	(jiā jù)
家俱	(jiā jù)
家眷	(jiā juàn)
家老	(jiā lǎo)
家乐福	(jiā lè fú)
家乐氏	(jiā lè shì)
家累千金，坐不垂堂	(jiā lěi qiān jīn , zuò bù chuí táng)
家里	(jiā lǐ)
家里蹲	(jiā lǐ dūn)
家麻雀	(jiā má què)
家马	(jiā mǎ)
家猫	(jiā māo)
家门	(jiā mén)
家母	(jiā mǔ)
家娘	(jiā niáng)
家奴	(jiā nú)
家贫如洗	(jiā pín rú xǐ)
家婆	(jiā pó)
家破人亡	(jiā pò rén wáng)
家谱	(jiā pǔ)
家亲	(jiā qīn)
家禽	(jiā qín)
家去	(jiā qù)
家雀儿	(jiā qiǎo r)
家人	(jiā rén)
家嫂	(jiā sǎo)
家什	(jiā shi)
家世	(jiā shì)
家事	(jiā shì)
家室	(jiā shì)
家叔	(jiā shū)
家属	(jiā shǔ)
家数	(jiā shù)
家私	(jiā sī)
家庭	(jiā tíng)
家庭暴力	(jiā tíng bào lì)
家庭成员	(jiā tíng chéng yuán)
家庭地址	(jiā tíng dì zhǐ)
家庭教师	(jiā tíng jiào shī)
家庭影院	(jiā tíng yǐng yuàn)
家庭主夫	(jiā tíng zhǔ fū)
家庭主妇	(jiā tíng zhǔ fù)
家庭煮夫	(jiā tíng zhǔ fū)
家庭作业	(jiā tíng zuò yè)
家童	(jiā tóng)
家僮	(jiā tóng)
家徒四壁	(jiā tú sì bì)
家务	(jiā wù)
家务活	(jiā wù huó)
家乡	(jiā xiāng)
家乡菜	(jiā xiāng cài)
家乡话	(jiā xiāng huà)
家小	(jiā xiǎo)
家信	(jiā xìn)
家兄	(jiā xiōng)
家训	(jiā xùn)
家鸦	(jiā yā)
家鸭	(jiā yā)
家鸭绿头鸭	(jiā yā lǜ tóu yā)
家严	(jiā yán)
家宴	(jiā yàn)
家燕	(jiā yàn)
家养	(jiā yǎng)
家爷	(jiā yé)
家业	(jiā yè)
家蝇	(jiā yíng)
家佣	(jiā yōng)
家用	(jiā yòng)
家用电脑	(jiā yòng diàn nǎo)
家用电器	(jiā yòng diàn qì)
家语	(jiā yǔ)
家喻户晓	(jiā yù hù xiǎo)
家园	(jiā yuán)
家灶	(jiā zào)
家宅	(jiā zhái)
家长	(jiā zhǎng)
家长会	(jiā zhǎng huì)
家长家短	(jiā cháng jiā duǎn)
家长制	(jiā zhǎng zhì)
家政	(jiā zhèng)
家政学	(jiā zhèng xué)
家政员	(jiā zhèng yuán)
家主	(jiā zhǔ)
家赀万贯	(jiā zī wàn guàn)
家子	(jiā zi)
家姊	(jiā zǐ)
家族	(jiā zú)
家族树	(jiā zú shù)
家祖	(jiā zǔ)
傢具	(jiā jù)
嘉	(jiā)
嘉柏隆里	(jiā bó lóng lǐ)
嘉宝果	(jiā bǎo guǒ)
嘉宾	(jiā bīn)
嘉定	(jiā dìng)
嘉定区	(jiā dìng qū)
嘉尔曼	(jiā ěr màn)
嘉豪	(jiā háo)
嘉禾县	(jiā hé xiàn)
嘉会	(jiā huì)
嘉奖	(jiā jiǎng)
嘉黎县	(jiā lí xiàn)
嘉陵江	(jiā líng jiāng)
嘉陵区	(jiā líng qū)
嘉年华	(jiā nián huá)
嘉善县	(jiā shàn xiàn)
嘉士伯	(jiā shì bó)
嘉祥县	(jiā xiáng xiàn)
嘉兴市	(jiā xīng shì)
嘉许	(jiā xǔ)
嘉义	(jiā yì)
嘉义市	(jiā yì shì)
嘉义县	(jiā yì xiàn)
嘉荫县	(jiā yīn xiàn)
嘉鱼县	(jiā yú xiàn)
嘉峪关	(jiā yù guān)
嘉峪关城	(jiā yù guān chéng)
嘉峪关市	(jiā yù guān shì)
恝	(jiá)
唊	(jiá)
戛	(jiá)
戛戛	(jiá jiá)
戛戛独造	(jiá jiá dú zào)
戛纳	(gā nà)
戛然	(jiá rán)
戛然而止	(jiá rán ér zhǐ)
䛟	(jiá)
岬	(jiǎ)
岬角	(jiǎ jiǎo)
斚	(jiǎ)
假	(jià)
假案	(jiǎ àn)
假掰	(gēi bāi)
假扮	(jiǎ bàn)
假报告	(jiǎ bào gào)
假币	(jiǎ bì)
假别	(jià bié)
假唱	(jiǎ chàng)
假钞	(jiǎ chāo)
假称	(jiǎ chēng)
假秤	(jiǎ chèng)
假充	(jiǎ chōng)
假慈悲	(jiǎ cí bēi)
假大空	(jiǎ dà kōng)
假道	(jiǎ dào)
假道伐虢	(jiǎ dào fá guó)
假定	(jiǎ dìng)
假动作	(jiǎ dòng zuò)
假发	(jiǎ fà)
假分数	(jiǎ fēn shù)
假高音	(jiǎ gāo yīn)
假公济私	(jiǎ gōng jì sī)
假拱	(jiǎ gǒng)
假话	(jiǎ huà)
假货	(jiǎ huò)
假借	(jiǎ jiè)
假借义	(jiǎ jiè yì)
假借字	(jiǎ jiè zì)
假肯定句	(jiǎ kěn dìng jù)
假吏	(jiǎ lì)
假令	(jiǎ lìng)
假冒	(jiǎ mào)
假冒品	(jiǎ mào pǐn)
假冒伪劣	(jiǎ mào wěi liè)
假寐	(jiǎ mèi)
假面	(jiǎ miàn)
假面具	(jiǎ miàn jù)
假面舞会	(jiǎ miàn wǔ huì)
假名	(jiǎ míng)
假期	(jià qī)
假球	(jiǎ qiú)
假人	(jiǎ rén)
假人像	(jiǎ rén xiàng)
假仁假义	(jiǎ rén jiǎ yì)
假日	(jià rì)
假若	(jiǎ ruò)
假嗓	(jiǎ sǎng)
假嗓子	(jiǎ sǎng zi)
假山	(jiǎ shān)
假善人	(jiǎ shàn rén)
假设	(jiǎ shè)
假设性	(jiǎ shè xìng)
假设语气	(jiǎ shè yǔ qì)
假声	(jiǎ shēng)
假使	(jiǎ shǐ)
假释	(jiǎ shì)
假手	(jiǎ shǒu)
假手他人	(jiǎ shǒu tā rén)
假手于人	(jiǎ shǒu yú rén)
假摔	(jiǎ shuāi)
假说	(jiǎ shuō)
假死	(jiǎ sǐ)
假体	(jiǎ tǐ)
假条	(jià tiáo)
假途灭虢	(jiǎ tú miè guó)
假腿	(jiǎ tuǐ)
假托	(jiǎ tuō)
假戏真唱	(jiǎ xì zhēn chàng)
假仙	(jiǎ xiān)
假想	(jiǎ xiǎng)
假想敌	(jiǎ xiǎng dí)
假象	(jiǎ xiàng)
假象牙	(jiǎ xiàng yá)
假小子	(jiǎ xiǎo zi)
假惺惺	(jiǎ xīng xīng)
假性	(jiǎ xìng)
假性近视	(jiǎ xìng jìn shì)
假牙	(jiǎ yá)
假芫茜	(jiǎ yuán qiàn)
假眼	(jiǎ yǎn)
假阳性	(jiǎ yáng xìng)
假洋鬼子	(jiǎ yáng guǐ zi)
假药	(jiǎ yào)
假一赔十	(jiǎ yī péi shí)
假意	(jiǎ yì)
假阴性	(jiǎ yīn xìng)
假音	(jiǎ yīn)
假造	(jiǎ zào)
假账	(jiǎ zhàng)
假招子	(jiǎ zhāo zi)
假正经	(jiǎ zhèng jīng)
假证	(jiǎ zhèng)
假证件	(jiǎ zhèng jiàn)
假肢	(jiǎ zhī)
假种皮	(jiǎ zhǒng pí)
假装	(jiǎ zhuāng)
假子	(jiǎ zǐ)
假作	(jiǎ zuò)
假座	(jiǎ zuò)
斝	(jiǎ)
婽	(jiǎ)
槚	(jiǎ)
榎	(jiǎ)
价	(jie)
价层	(jià céng)
价差	(jià chā)
价电子	(jià diàn zǐ)
价格	(jià gé)
价格标签	(jià gé biāo qiān)
价格表	(jià gé biǎo)
价格战	(jià gé zhàn)
价键	(jià jiàn)
价款	(jià kuǎn)
价廉物美	(jià lián wù měi)
价码	(jià mǎ)
价目	(jià mù)
价签	(jià qiān)
价钱	(jià qian)
价位	(jià wèi)
价值	(jià zhí)
价值标准	(jià zhí biāo zhǔn)
价值工程	(jià zhí gōng chéng)
价值观	(jià zhí guān)
价值连城	(jià zhí lián chéng)
价值量	(jià zhí liàng)
价值增殖	(jià zhí zēng zhí)
架	(jià)
架不住	(jià bu zhù)
架次	(jià cì)
架二郎腿	(jià èr láng tuǐ)
架构	(jià gòu)
架构师	(jià gòu shī)
架拐	(jià guǎi)
架空	(jià kōng)
架空历史	(jià kōng lì shǐ)
架空索道	(jià kōng suǒ dào)
架桥	(jià qiáo)
架上绘画	(jià shàng huì huà)
架设	(jià shè)
架式	(jià shi)
架势	(jià shi)
架子	(jià zi)
架子车	(jià zi chē)
架子鼓	(jià zi gǔ)
架子猪	(jià zi zhū)
架走	(jià zǒu)
幏	(jià)
嫁	(jià)
嫁祸	(jià huò)
嫁祸于人	(jià huò yú rén)
嫁鸡随鸡	(jià jī suí jī)
嫁鸡随鸡，嫁狗随狗	(jià jī suí jī , jià gǒu suí gǒu)
嫁接	(jià jiē)
嫁女	(jià nǚ)
嫁娶	(jià qǔ)
嫁人	(jià rén)
嫁妆	(jià zhuang)
嫁装	(jià zhuang)
嫁资	(jià zī)
戋	(jiān)
戋戋	(jiān jiān)
幵	(qiān)
尖	(jiān)
尖草坪区	(jiān cǎo píng qū)
尖刀	(jiān dāo)
尖顶	(jiān dǐng)
尖端	(jiān duān)
尖峰	(jiān fēng)
尖阁列岛	(jiān gé liè dǎo)
尖管面	(jiān guǎn miàn)
尖尖	(jiān jiān)
尖椒	(jiān jiāo)
尖叫	(jiān jiào)
尖叫鸡	(jiān jiào jī)
尖刻	(jiān kè)
尖括号	(jiān kuò hào)
尖厉	(jiān lì)
尖利	(jiān lì)
尖锐	(jiān ruì)
尖锐化	(jiān ruì huà)
尖锐批评	(jiān ruì pī píng)
尖锐湿疣	(jiān ruì shī yóu)
尖沙咀	(jiān shā zuǐ)
尖山区	(jiān shān qū)
尖声啼哭	(jiān shēng tí kū)
尖石	(jiān shí)
尖石乡	(jiān shí xiāng)
尖酸	(jiān suān)
尖酸刻薄	(jiān suān kè bó)
尖塔	(jiān tǎ)
尖头	(jiān tóu)
尖头鱥	(jiān tóu guì)
尖尾滨鹬	(jiān wěi bīn yù)
尖吻鲈	(jiān wěn lú)
尖细	(jiān xì)
尖新	(jiān xīn)
尖牙	(jiān yá)
尖扎县	(jiān zhā xiàn)
尖窄	(jiān zhǎi)
尖子	(jiān zi)
尖子生	(jiān zi shēng)
尖嘴鱼	(jiān zuǐ yú)
奸	(jiān)
奸臣	(jiān chén)
奸党	(jiān dǎng)
奸恶	(jiān è)
奸夫	(jiān fū)
奸夫淫妇	(jiān fū yín fù)
奸官	(jiān guān)
奸官污吏	(jiān guān wū lì)
奸宄	(jiān guǐ)
奸猾	(jiān huá)
奸滑	(jiān huá)
奸计	(jiān jì)
奸狡	(jiān jiǎo)
奸民	(jiān mín)
奸佞	(jiān nìng)
奸情	(jiān qíng)
奸人	(jiān rén)
奸杀	(jiān shā)
奸商	(jiān shāng)
奸尸	(jiān shī)
奸宿	(jiān sù)
奸徒	(jiān tú)
奸污	(jiān wū)
奸细	(jiān xi)
奸险	(jiān xiǎn)
奸笑	(jiān xiào)
奸邪	(jiān xié)
奸雄	(jiān xióng)
奸淫	(jiān yín)
奸贼	(jiān zéi)
奸诈	(jiān zhà)
歼	(jiān)
歼击	(jiān jī)
歼击机	(jiān jī jī)
歼灭	(jiān miè)
坚	(jiān)
坚壁	(jiān bì)
坚壁清野	(jiān bì qīng yě)
坚冰	(jiān bīng)
坚不可摧	(jiān bù kě cuī)
坚称	(jiān chēng)
坚持	(jiān chí)
坚持不懈	(jiān chí bù xiè)
坚持不渝	(jiān chí bù yú)
坚持下去	(jiān chí xià qù)
坚定	(jiān dìng)
坚定不移	(jiān dìng bù yí)
坚定性	(jiān dìng xìng)
坚戈	(jiān gē)
坚固	(jiān gù)
坚固性	(jiān gù xìng)
坚果	(jiān guǒ)
坚决	(jiān jué)
坚苦卓绝	(jiān kǔ zhuó jué)
坚牢	(jiān láo)
坚明	(jiān míng)
坚强	(jiān qiáng)
坚强不屈	(jiān qiáng bù qū)
坚忍	(jiān rěn)
坚忍不拔	(jiān rěn bù bá)
坚韧	(jiān rèn)
坚韧不拔	(jiān rèn bù bá)
坚如磐石	(jiān rú pán shí)
坚若磐石	(jiān ruò pán shí)
坚实	(jiān shí)
坚守	(jiān shǒu)
坚挺	(jiān tǐng)
坚信	(jiān xìn)
坚信礼	(jiān xìn lǐ)
坚毅	(jiān yì)
坚硬	(jiān yìng)
坚贞	(jiān zhēn)
坚贞不屈	(jiān zhēn bù qū)
坚贞不渝	(jiān zhēn bù yú)
坚振	(jiān zhèn)
坚振礼	(jiān zhèn lǐ)
坚执	(jiān zhí)
坚致	(jiān zhì)
姧	(jiān)
兼	(jiān)
兼爱	(jiān ài)
兼备	(jiān bèi)
兼并	(jiān bìng)
兼并与收购	(jiān bìng yǔ shōu gòu)
兼差	(jiān chāi)
兼程	(jiān chéng)
兼而有之	(jiān ér yǒu zhī)
兼顾	(jiān gù)
兼济天下	(jiān jì tiān xià)
兼具	(jiān jù)
兼课	(jiān kè)
兼任	(jiān rèn)
兼容	(jiān róng)
兼容并包	(jiān róng bìng bāo)
兼容性	(jiān róng xìng)
兼善天下	(jiān shàn tiān xià)
兼施	(jiān shī)
兼收并蓄	(jiān shōu bìng xù)
兼听则明，偏信则暗	(jiān tīng zé míng , piān xìn zé àn)
兼蓄	(jiān xù)
兼营	(jiān yíng)
兼优	(jiān yōu)
兼有	(jiān yǒu)
兼职	(jiān zhí)
笺	(jiān)
揃	(jiān)
傔	(qiàn)
缄	(jiān)
搛	(jiān)
囝	(jiǎn)
囝仔	(jiǎn zǐ)
拣	(jiǎn)
拣佛烧香	(jiǎn fó shāo xiāng)
拣起	(jiǎn qǐ)
拣信室	(jiǎn xìn shì)
拣选	(jiǎn xuǎn)
拣饮择食	(jiǎn yǐn zé shí)
拣择	(jiǎn zé)
枧	(jiǎn)
柬	(jiǎn)
柬埔寨	(jiǎn pǔ zhài)
俭	(jiǎn)
俭薄	(jiǎn bó)
俭腹	(jiǎn fù)
俭朴	(jiǎn pǔ)
俭省	(jiǎn shěng)
俭素	(jiǎn sù)
俭学	(jiǎn xué)
俭以养廉	(jiǎn yǐ yǎng lián)
俭用	(jiǎn yòng)
俭约	(jiǎn yuē)
捡	(jiǎn)
捡到篮里就是菜	(jiǎn dào lán lǐ jiù shì cài)
捡骨	(jiǎn gǔ)
捡了芝麻丢了西瓜	(jiǎn le zhī ma diū le xī guā)
捡漏	(jiǎn lòu)
捡尸	(jiǎn shī)
捡拾	(jiǎn shí)
检	(jiǎn)
检波	(jiǎn bō)
检测	(jiǎn cè)
检测器	(jiǎn cè qì)
检测仪	(jiǎn cè yí)
检查	(jiǎn chá)
检查哨	(jiǎn chá shào)
检查员	(jiǎn chá yuán)
检查站	(jiǎn chá zhàn)
检察	(jiǎn chá)
检察官	(jiǎn chá guān)
检察院	(jiǎn chá yuàn)
检察总长	(jiǎn chá zǒng zhǎng)
检出	(jiǎn chū)
检点	(jiǎn diǎn)
检定	(jiǎn dìng)
检毒盒	(jiǎn dú hé)
检毒箱	(jiǎn dú xiāng)
检方	(jiǎn fāng)
检警调	(jiǎn jǐng diào)
检举	(jiǎn jǔ)
检控	(jiǎn kòng)
检控方	(jiǎn kòng fāng)
检控官	(jiǎn kòng guān)
检漏	(jiǎn lòu)
检录	(jiǎn lù)
检票	(jiǎn piào)
检尸	(jiǎn shī)
检视	(jiǎn shì)
检束	(jiǎn shù)
检索	(jiǎn suǒ)
检讨	(jiǎn tǎo)
检校	(jiǎn jiào)
检修	(jiǎn xiū)
检眼镜	(jiǎn yǎn jìng)
检验	(jiǎn yàn)
检验医学	(jiǎn yàn yī xué)
检疫	(jiǎn yì)
检阅	(jiǎn yuè)
检孕棒	(jiǎn yùn bàng)
检证	(jiǎn zhèng)
检字表	(jiǎn zì biǎo)
检字法	(jiǎn zì fǎ)
剪	(jiǎn)
剪报	(jiǎn bào)
剪裁	(jiǎn cái)
剪彩	(jiǎn cǎi)
剪䌽	(jiǎn cǎi)
剪草除根	(jiǎn cǎo chú gēn)
剪草机	(jiǎn cǎo jī)
剪成	(jiǎn chéng)
剪除	(jiǎn chú)
剪刀	(jiǎn dāo)
剪刀差	(jiǎn dāo chā)
剪刀石头布	(jiǎn dāo shí tou bù)
剪刀手	(jiǎn dāo shǒu)
剪掉	(jiǎn diào)
剪断	(jiǎn duàn)
剪辑	(jiǎn jí)
剪接	(jiǎn jiē)
剪接体	(jiǎn jiē tǐ)
剪径	(jiǎn jìng)
剪力	(jiǎn lì)
剪片	(jiǎn piàn)
剪切	(jiǎn qiē)
剪切板	(jiǎn qiē bǎn)
剪切力	(jiǎn qiē lì)
剪切形变	(jiǎn qiē xíng biàn)
剪贴板	(jiǎn tiē bǎn)
剪贴簿	(jiǎn tiē bù)
剪头	(jiǎn tóu)
剪头发	(jiǎn tóu fa)
剪应力	(jiǎn yìng lì)
剪影	(jiǎn yǐng)
剪映	(jiǎn yìng)
剪枝	(jiǎn zhī)
剪纸	(jiǎn zhǐ)
剪子	(jiǎn zi)
剪嘴鸥	(jiǎn zuǐ ōu)
堿	(jiǎn)
暕	(jiǎn)
戬	(jiǎn)
件	(jiàn)
件数	(jiàn shù)
建	(jiàn)
建安	(jiàn ān)
建安区	(jiàn ān qū)
建白	(jiàn bái)
建材	(jiàn cái)
建昌县	(jiàn chāng xiàn)
建成	(jiàn chéng)
建成区	(jiàn chéng qū)
建党	(jiàn dǎng)
建党节	(jiàn dǎng jié)
建档	(jiàn dàng)
建德市	(jiàn dé shì)
建都	(jiàn dū)
建功立业	(jiàn gōng lì yè)
建构	(jiàn gòu)
建国	(jiàn guó)
建湖县	(jiàn hú xiàn)
建华区	(jiàn huá qū)
建基	(jiàn jī)
建交	(jiàn jiāo)
建教合作	(jiàn jiào hé zuò)
建军节	(jiàn jūn jié)
建康	(jiàn kāng)
建立	(jiàn lì)
建立时间	(jiàn lì shí jiān)
建立者	(jiàn lì zhě)
建模	(jiàn mó)
建宁县	(jiàn níng xiàn)
建瓯市	(jiàn ōu shì)
建平县	(jiàn píng xiàn)
建三江	(jiàn sān jiāng)
建商	(jiàn shāng)
建设	(jiàn shè)
建设性	(jiàn shè xìng)
建始县	(jiàn shǐ xiàn)
建树	(jiàn shù)
建水县	(jiàn shuǐ xiàn)
建屋互助会	(jiàn wū hù zhù huì)
建物	(jiàn wù)
建行	(jiàn háng)
建言	(jiàn yán)
建阳区	(jiàn yáng qū)
建业	(jiàn yè)
建邺区	(jiàn yè qū)
建议	(jiàn yì)
建议售价	(jiàn yì shòu jià)
建造	(jiàn zào)
建造师	(jiàn zào shī)
建政	(jiàn zhèng)
建制	(jiàn zhì)
建置	(jiàn zhì)
建筑	(jiàn zhù)
建筑工人	(jiàn zhù gōng rén)
建筑群	(jiàn zhù qún)
建筑师	(jiàn zhù shī)
建筑物	(jiàn zhù wù)
建筑学	(jiàn zhù xué)
建筑业	(jiàn zhù yè)
剑	(jiàn)
剑拔弩张	(jiàn bá nǔ zhāng)
剑标	(jiàn biāo)
剑柄	(jiàn bǐng)
剑齿虎	(jiàn chǐ hǔ)
剑川县	(jiàn chuān xiàn)
剑道	(jiàn dào)
剑法	(jiàn fǎ)
剑阁县	(jiàn gé xiàn)
剑河县	(jiàn hé xiàn)
剑鸻	(jiàn héng)
剑尖	(jiàn jiān)
剑客	(jiàn kè)
剑龙	(jiàn lóng)
剑麻	(jiàn má)
剑眉星目	(jiàn méi xīng mù)
剑桥	(jiàn qiáo)
剑桥大学	(jiàn qiáo dà xué)
剑身	(jiàn shēn)
剑术	(jiàn shù)
剑鱼	(jiàn yú)
剑鱼座	(jiàn yú zuò)
剑指	(jiàn zhǐ)
剑走偏锋	(jiàn zǒu piān fēng)
剑走蜻蛉	(jiàn zǒu qīng líng)
剑嘴鹛	(jiàn zuǐ méi)
栫	(jiàn)
俴	(jiàn)
健	(jiàn)
健保	(jiàn bǎo)
健步如飞	(jiàn bù rú fēi)
健儿	(jiàn ér)
健检	(jiàn jiǎn)
健将	(jiàn jiàng)
健康	(jiàn kāng)
健康保险	(jiàn kāng bǎo xiǎn)
健康食品	(jiàn kāng shí pǐn)
健康受损	(jiàn kāng shòu sǔn)
健康状况	(jiàn kāng zhuàng kuàng)
健力	(jiàn lì)
健美	(jiàn měi)
健美操	(jiàn měi cāo)
健美运动	(jiàn měi yùn dòng)
健全	(jiàn quán)
健身	(jiàn shēn)
健身房	(jiàn shēn fáng)
健身馆	(jiàn shēn guǎn)
健身室	(jiàn shēn shì)
健硕	(jiàn shuò)
健谈	(jiàn tán)
健忘	(jiàn wàng)
健忘症	(jiàn wàng zhèng)
健旺	(jiàn wàng)
健慰器	(jiàn wèi qì)
健行	(jiàn xíng)
健怡	(jiàn yí)
健怡可乐	(jiàn yí kě lè)
健友	(jiàn yǒu)
健在	(jiàn zài)
健诊	(jiàn zhěn)
健壮	(jiàn zhuàng)
健走	(jiàn zǒu)
涧	(jiàn)
揵	(qián)
楗	(jiàn)
僭	(jiàn)
僭称	(jiàn chēng)
僭越	(jiàn yuè)
僭主	(jiàn zhǔ)
僭主政治	(jiàn zhǔ zhèng zhì)
将	(jiāng)
将伯	(qiāng bó)
将伯之助	(qiāng bó zhī zhù)
将才	(jiàng cái)
将错就错	(jiāng cuò jiù cuò)
将功补过	(jiāng gōng bǔ guò)
将功赎罪	(jiāng gōng shú zuì)
将官	(jiàng guān)
将会	(jiāng huì)
将计就计	(jiāng jì jiù jì)
将今论古	(jiāng jīn lùn gǔ)
将近	(jiāng jìn)
将就	(jiāng jiu)
将军	(jiāng jūn)
将军肚	(jiāng jūn dù)
将军肚子	(jiāng jūn dù zi)
将来	(jiāng lái)
将乐县	(jiāng lè xiàn)
将领	(jiàng lǐng)
将令	(jiàng lìng)
将牌	(jiàng pái)
将棋	(jiàng qí)
将勤补拙	(jiāng qín bǔ zhuō)
将士	(jiàng shì)
将帅	(jiàng shuài)
将死	(jiāng sǐ)
将息	(jiāng xī)
将心比心	(jiāng xīn bǐ xīn)
将要	(jiāng yào)
将至	(jiāng zhì)
姜	(jiāng)
姜戎	(jiāng róng)
姜石年	(jiāng shí nián)
姜太公	(jiāng tài gōng)
姜太公钓鱼，愿者上钩	(jiāng tài gōng diào yú , yuàn zhě shàng gōu)
姜文	(jiāng wén)
姜堰区	(jiāng yàn qū)
姜子牙	(jiāng zǐ yá)
僵	(jiāng)
僵持	(jiāng chí)
僵固性	(jiāng gù xìng)
僵化	(jiāng huà)
僵局	(jiāng jú)
僵尸	(jiāng shī)
僵尸车	(jiāng shī chē)
僵尸粉	(jiāng shī fěn)
僵尸网络	(jiāng shī wǎng luò)
僵卧	(jiāng wò)
僵硬	(jiāng yìng)
僵直	(jiāng zhí)
僵住	(jiāng zhù)
僵住症	(jiāng zhù zhèng)
橿	(jiāng)
桨	(jiǎng)
桨板	(jiǎng bǎn)
桨手	(jiǎng shǒu)
奬	(jiǎng)
匞	(jiàng)
匠	(jiàng)
匠心	(jiàng xīn)
匠心独运	(jiàng xīn dú yùn)
夅	(jiàng)
弶	(jiàng)
交	(jiāo)
交安	(jiāo ān)
交拜	(jiāo bài)
交班	(jiāo bān)
交办	(jiāo bàn)
交保	(jiāo bǎo)
交保释放	(jiāo bǎo shì fàng)
交杯酒	(jiāo bēi jiǔ)
交臂	(jiāo bì)
交臂失之	(jiāo bì shī zhī)
交变	(jiāo biàn)
交变电流	(jiāo biàn diàn liú)
交兵	(jiāo bīng)
交并	(jiāo bìng)
交叉	(jiāo chā)
交叉编译器	(jiāo chā biān yì qì)
交叉点	(jiāo chā diǎn)
交叉感染	(jiāo chā gǎn rǎn)
交叉火力	(jiāo chā huǒ lì)
交叉口	(jiāo chā kǒu)
交叉耐药性	(jiāo chā nài yào xìng)
交叉熵	(jiāo chā shāng)
交叉学科	(jiāo chā xué kē)
交叉阴影线	(jiāo chā yīn yǐng xiàn)
交叉引用	(jiāo chā yǐn yòng)
交叉运球	(jiāo chā yùn qiú)
交差	(jiāo chāi)
交缠	(jiāo chán)
交城县	(jiāo chéng xiàn)
交驰	(jiāo chí)
交出	(jiāo chū)
交错	(jiāo cuò)
交大	(jiāo dà)
交代	(jiāo dài)
交待	(jiāo dài)
交底	(jiāo dǐ)
交点	(jiāo diǎn)
交恶	(jiāo wù)
交费	(jiāo fèi)
交锋	(jiāo fēng)
交付	(jiāo fù)
交感神经	(jiāo gǎn shén jīng)
交割	(jiāo gē)
交给	(jiāo gěi)
交媾	(jiāo gòu)
交骨	(jiāo gǔ)
交管	(jiāo guǎn)
交管所	(jiāo guǎn suǒ)
交规	(jiāo guī)
交还	(jiāo huán)
交好	(jiāo hǎo)
交合	(jiāo hé)
交互	(jiāo hù)
交欢	(jiāo huān)
交换	(jiāo huàn)
交换代数	(jiāo huàn dài shù)
交换代数学	(jiāo huàn dài shù xué)
交换机	(jiāo huàn jī)
交换价值	(jiāo huàn jià zhí)
交换律	(jiāo huàn lǜ)
交换码	(jiāo huàn mǎ)
交换器	(jiāo huàn qì)
交换生	(jiāo huàn shēng)
交换网路	(jiāo huàn wǎng lù)
交换虚电路	(jiāo huàn xū diàn lù)
交换以太网络	(jiāo huàn yǐ tài wǎng luò)
交汇	(jiāo huì)
交汇处	(jiāo huì chù)
交会	(jiāo huì)
交火	(jiāo huǒ)
交货	(jiāo huò)
交货期	(jiāo huò qī)
交集	(jiāo jí)
交际	(jiāo jì)
交际花	(jiāo jì huā)
交际舞	(jiāo jì wǔ)
交加	(jiāo jiā)
交角	(jiāo jiǎo)
交接	(jiāo jiē)
交接班	(jiāo jiē bān)
交结	(jiāo jié)
交睫	(jiāo jié)
交界	(jiāo jiè)
交警	(jiāo jǐng)
交九	(jiāo jiǔ)
交卷	(jiāo juàn)
交口称誉	(jiāo kǒu chēng yù)
交口县	(jiāo kǒu xiàn)
交款单	(jiāo kuǎn dān)
交困	(jiāo kùn)
交粮本	(jiāo liáng běn)
交流	(jiāo liú)
交流道	(jiāo liú dào)
交流电	(jiāo liú diàn)
交纳	(jiāo nà)
交配	(jiāo pèi)
交朋友	(jiāo péng you)
交迫	(jiāo pò)
交契	(jiāo qì)
交钱	(jiāo qián)
交浅言深	(jiāo qiǎn yán shēn)
交强险	(jiāo qiáng xiǎn)
交情	(jiāo qing)
交情匪浅	(jiāo qíng fěi qiǎn)
交融	(jiāo róng)
交涉	(jiāo shè)
交手	(jiāo shǒu)
交售	(jiāo shòu)
交谈	(jiāo tán)
交替	(jiāo tì)
交通	(jiāo tōng)
交通标志	(jiāo tōng biāo zhì)
交通部	(jiāo tōng bù)
交通车	(jiāo tōng chē)
交通大学	(jiāo tōng dà xué)
交通灯	(jiāo tōng dēng)
交通堵塞	(jiāo tōng dǔ sè)
交通费	(jiāo tōng fèi)
交通工具	(jiāo tōng gōng jù)
交通管理局	(jiāo tōng guǎn lǐ jú)
交通规则	(jiāo tōng guī zé)
交通警察	(jiāo tōng jǐng chá)
交通警卫	(jiāo tōng jǐng wèi)
交通卡	(jiāo tōng kǎ)
交通立体化	(jiāo tōng lì tǐ huà)
交通枢纽	(jiāo tōng shū niǔ)
交通协管员	(jiāo tōng xié guǎn yuán)
交通意外	(jiāo tōng yì wài)
交通银行	(jiāo tōng yín háng)
交通拥挤	(jiāo tōng yōng jǐ)
交通运输部	(jiāo tōng yùn shū bù)
交通肇事罪	(jiāo tōng zhào shì zuì)
交通锥	(jiāo tōng zhuī)
交通阻塞	(jiāo tōng zǔ sè)
交头接耳	(jiāo tóu jiē ěr)
交托	(jiāo tuō)
交往	(jiāo wǎng)
交尾	(jiāo wěi)
交响	(jiāo xiǎng)
交响金属	(jiāo xiǎng jīn shǔ)
交响乐	(jiāo xiǎng yuè)
交响乐队	(jiāo xiǎng yuè duì)
交响乐团	(jiāo xiǎng yuè tuán)
交响曲	(jiāo xiǎng qǔ)
交卸	(jiāo xiè)
交心	(jiāo xīn)
交椅	(jiāo yǐ)
交易	(jiāo yì)
交易额	(jiāo yì é)
交易会	(jiāo yì huì)
交易日	(jiāo yì rì)
交易市场	(jiāo yì shì chǎng)
交易所	(jiāo yì suǒ)
交易所交易基金	(jiāo yì suǒ jiāo yì jī jīn)
交易员	(jiāo yì yuán)
交易者	(jiāo yì zhě)
交谊	(jiāo yì)
交谊舞	(jiāo yì wǔ)
交由	(jiāo yóu)
交游	(jiāo yóu)
交友	(jiāo yǒu)
交与	(jiāo yǔ)
交运	(jiāo yùn)
交战	(jiāo zhàn)
交帐	(jiāo zhàng)
交织	(jiāo zhī)
交趾	(jiāo zhǐ)
娇	(jiāo)
娇嗔	(jiāo chēn)
娇痴	(jiāo chī)
娇宠	(jiāo chǒng)
娇喘	(jiāo chuǎn)
娇翠	(jiāo cuì)
娇滴滴	(jiāo dī dī)
娇惰	(jiāo duò)
娇儿	(jiāo ér)
娇惯	(jiāo guàn)
娇贵	(jiāo guì)
娇红	(jiāo hóng)
娇黄	(jiāo huáng)
娇娇女	(jiāo jiāo nǚ)
娇美	(jiāo měi)
娇媚	(jiāo mèi)
娇嫩	(jiāo nen)
娇妻	(jiāo qī)
娇气	(jiāo qì)
娇弱	(jiāo ruò)
娇生惯养	(jiāo shēng guàn yǎng)
娇态	(jiāo tài)
娇小	(jiāo xiǎo)
娇羞	(jiāo xiū)
娇艳	(jiāo yàn)
娇纵	(jiāo zòng)
姣	(jiāo)
姣好	(jiāo hǎo)
敎	(jiào)
椒	(jiāo)
椒江区	(jiāo jiāng qū)
椒盐	(jiāo yán)
椒子	(jiāo zi)
僬	(jiāo)
僬僬	(jiāo jiāo)
僬侥	(jiāo yáo)
憍	(jiāo)
侥	(jiǎo)
侥幸	(jiǎo xìng)
侥幸心理	(jiǎo xìng xīn lǐ)
佼	(jiǎo)
佼佼者	(jiǎo jiǎo zhě)
挢	(jiǎo)
恔	(xiào)
搅	(jiǎo)
搅拌	(jiǎo bàn)
搅拌机	(jiǎo bàn jī)
搅打	(jiǎo dǎ)
搅动	(jiǎo dòng)
搅和	(jiǎo huo)
搅混	(jiǎo hun)
搅局	(jiǎo jú)
搅乱	(jiǎo luàn)
搅扰	(jiǎo rǎo)
搅屎棍	(jiǎo shǐ gùn)
搅珠机	(jiǎo zhū jī)
敫	(jiǎo)
剿	(jiǎo)
剿匪	(jiǎo fěi)
剿灭	(jiǎo miè)
剿说	(chāo shuō)
剿袭	(chāo xí)
摷	(jiǎo)
暞	(jiǎo)
儌	(jiǎo)
敽	(jiǎo)
敿	(jiǎo)
徼	(jiào)
徼幸	(jiǎo xìng)
曒	(jiǎo)
叫	(jiào)
叫板	(jiào bǎn)
叫车	(jiào chē)
叫床	(jiào chuáng)
叫春	(jiào chūn)
叫道	(jiào dào)
叫法	(jiào fǎ)
叫喊	(jiào hǎn)
叫好	(jiào hǎo)
叫花子	(jiào huā zi)
叫化子	(jiào huā zi)
叫唤	(jiào huan)
叫鸡	(jiào jī)
叫苦	(jiào kǔ)
叫苦不迭	(jiào kǔ bu dié)
叫苦连天	(jiào kǔ lián tiān)
叫驴	(jiào lǘ)
叫卖	(jiào mài)
叫牌	(jiào pái)
叫屈	(jiào qū)
叫嚷	(jiào rǎng)
叫声	(jiào shēng)
叫停	(jiào tíng)
叫响	(jiào xiǎng)
叫嚣	(jiào xiāo)
叫醒	(jiào xǐng)
叫醒服务	(jiào xǐng fú wù)
叫早	(jiào zǎo)
叫阵	(jiào zhèn)
叫作	(jiào zuò)
叫做	(jiào zuò)
挍	(jiào)
峤	(jiào)
教	(jiào)
教安	(jiào ān)
教案	(jiào àn)
教本	(jiào běn)
教鞭	(jiào biān)
教材	(jiào cái)
教程	(jiào chéng)
教导	(jiào dǎo)
教法	(jiào fǎ)
教辅	(jiào fǔ)
教父	(jiào fù)
教改	(jiào gǎi)
教官	(jiào guān)
教规	(jiào guī)
教化	(jiào huà)
教坏	(jiāo huài)
教皇	(jiào huáng)
教会	(jiāo huì)
教诲	(jiào huì)
教具	(jiào jù)
教科书	(jiào kē shū)
教科书式	(jiào kē shū shì)
教科文组织	(jiào kē wén zǔ zhī)
教课	(jiāo kè)
教理	(jiào lǐ)
教练	(jiào liàn)
教练机	(jiào liàn jī)
教练员	(jiào liàn yuán)
教龄	(jiào líng)
教民	(jiào mín)
教母	(jiào mǔ)
教派	(jiào pài)
教区	(jiào qū)
教权	(jiào quán)
教师	(jiào shī)
教师节	(jiào shī jié)
教师爷	(jiào shī yé)
教士	(jiào shì)
教室	(jiào shì)
教授	(jiào shòu)
教书	(jiāo shū)
教书匠	(jiāo shū jiàng)
教唆	(jiào suō)
教堂	(jiào táng)
教堂墓地	(jiào táng mù dì)
教堂山	(jiào táng shān)
教条	(jiào tiáo)
教条主义	(jiào tiáo zhǔ yì)
教廷	(jiào tíng)
教廷大使	(jiào tíng dà shǐ)
教头	(jiào tóu)
教徒	(jiào tú)
教务	(jiào wù)
教务室	(jiào wù shì)
教务长	(jiào wù zhǎng)
教学	(jiào xué)
教学大纲	(jiào xué dà gāng)
教学法	(jiào xué fǎ)
教学机构	(jiào xué jī gòu)
教学楼	(jiào xué lóu)
教学软体	(jiào xué ruǎn tǐ)
教学相长	(jiào xué xiāng zhǎng)
教训	(jiào xun)
教研	(jiào yán)
教研室	(jiào yán shì)
教养	(jiào yǎng)
教仪	(jiào yí)
教义	(jiào yì)
教义和圣约	(jiào yì hé shèng yuē)
教友	(jiào yǒu)
教友大会	(jiào yǒu dà huì)
教友派	(jiào yǒu pài)
教育	(jiào yù)
教育背景	(jiào yù bèi jǐng)
教育部	(jiào yù bù)
教育部长	(jiào yù bù zhǎng)
教育电视	(jiào yù diàn shì)
教育工作者	(jiào yù gōng zuò zhě)
教育家	(jiào yù jiā)
教育界	(jiào yù jiè)
教育厅	(jiào yù tīng)
教育委员会	(jiào yù wěi yuán huì)
教育性	(jiào yù xìng)
教育学	(jiào yù xué)
教员	(jiào yuán)
教长	(jiào zhǎng)
教职工	(jiào zhí gōng)
教职员	(jiào zhí yuán)
教职员工	(jiào zhí yuán gōng)
教众	(jiào zhòng)
教主	(jiào zhǔ)
教子	(jiào zǐ)
教宗	(jiào zōng)
教宗座驾	(jiào zōng zuò jià)
斠	(jiào)
嘂	(jiào)
嘦	(jiào)
噍	(jiào)
噍类	(jiào lèi)
噭	(jiào)
阶	(jiē)
接	(jiē)
接案	(jiē àn)
接班	(jiē bān)
接班人	(jiē bān rén)
接棒	(jiē bàng)
接棒人	(jiē bàng rén)
接驳	(jiē bó)
接驳车	(jiē bó chē)
接茬	(jiē chá)
接碴	(jiē chá)
接触	(jiē chù)
接触不良	(jiē chù bù liáng)
接触器	(jiē chù qì)
接待	(jiē dài)
接待室	(jiē dài shì)
接待员	(jiē dài yuán)
接单	(jiē dān)
接到	(jiē dào)
接地	(jiē dì)
接地气	(jiē dì qì)
接点	(jiē diǎn)
接二连三	(jiē èr lián sān)
接发	(jiē fà)
接风	(jiē fēng)
接缝	(jiē fèng)
接骨	(jiē gǔ)
接骨木	(jiē gǔ mù)
接管	(jiē guǎn)
接轨	(jiē guǐ)
接过	(jiē guò)
接合	(jiē hé)
接合菌纲	(jiē hé jūn gāng)
接活	(jiē huó)
接获	(jiē huò)
接机	(jiē jī)
接济	(jiē jì)
接见	(jiē jiàn)
接近	(jiē jìn)
接警	(jiē jǐng)
接客	(jiē kè)
接口	(jiē kǒu)
接力	(jiē lì)
接力棒	(jiē lì bàng)
接力赛	(jiē lì sài)
接力赛跑	(jiē lì sài pǎo)
接连	(jiē lián)
接连不断	(jiē lián bù duàn)
接龙	(jiē lóng)
接纳	(jiē nà)
接盘	(jiē pán)
接泊车	(jiē bó chē)
接洽	(jiē qià)
接球	(jiē qiú)
接壤	(jiē rǎng)
接人	(jiē rén)
接任	(jiē rèn)
接入	(jiē rù)
接入点	(jiē rù diǎn)
接上	(jiē shàng)
接生	(jiē shēng)
接生婆	(jiē shēng pó)
接收	(jiē shōu)
接收机	(jiē shōu jī)
接收器	(jiē shōu qì)
接手	(jiē shǒu)
接受	(jiē shòu)
接受者	(jiē shòu zhě)
接送	(jiē sòng)
接穗	(jiē suì)
接替	(jiē tì)
接听	(jiē tīng)
接通	(jiē tōng)
接通费	(jiē tōng fèi)
接头	(jiē tóu)
接尾词	(jiē wěi cí)
接吻	(jiē wěn)
接戏	(jiē xì)
接下	(jiē xià)
接下来	(jiē xià lái)
接线	(jiē xiàn)
接线板	(jiē xiàn bǎn)
接线盒	(jiē xiàn hé)
接线生	(jiē xiàn shēng)
接线员	(jiē xiàn yuán)
接续	(jiē xù)
接引	(jiē yǐn)
接应	(jiē yìng)
接战	(jiē zhàn)
接掌	(jiē zhǎng)
接着	(jiē zhe)
接枝	(jiē zhī)
接种	(jiē zhòng)
接踵	(jiē zhǒng)
接踵而来	(jiē zhǒng ér lái)
接住	(jiē zhù)
揭	(jiē)
揭不开锅	(jiē bù kāi guō)
揭穿	(jiē chuān)
揭底	(jiē dǐ)
揭谛	(jiē dì)
揭东区	(jiē dōng qū)
揭短	(jiē duǎn)
揭发	(jiē fā)
揭黑	(jiē hēi)
揭举	(jiē jǔ)
揭开	(jiē kāi)
揭露	(jiē lù)
揭秘	(jiē mì)
揭密	(jiē mì)
揭幕	(jiē mù)
揭幕式	(jiē mù shì)
揭幕战	(jiē mù zhàn)
揭牌	(jiē pái)
揭批	(jiē pī)
揭破	(jiē pò)
揭示	(jiē shì)
揭西县	(jiē xī xiàn)
揭晓	(jiē xiǎo)
揭阳市	(jiē yáng shì)
揭载	(jiē zǎi)
揭橥	(jiē zhū)
椄	(jiē)
喈	(jiē)
喼	(jié)
喼汁	(jié zhī)
嗟	(jiē)
孑	(jié)
孑孑	(jié jié)
孑孑为义	(jié jié wéi yì)
孑孓	(jié jué)
孑立	(jié lì)
孑立无依	(jié lì wú yī)
孑然	(jié rán)
孑然一身	(jié rán yī shēn)
孑身	(jié shēn)
孑遗	(jié yí)
孑遗生物	(jié yí shēng wù)
孑影孤单	(jié yǐng gū dān)
卪	(jié)
尐	(jié)
劫	(jié)
劫波	(jié bō)
劫车	(jié chē)
劫持	(jié chí)
劫持者	(jié chí zhě)
劫道	(jié dào)
劫夺	(jié duó)
劫匪	(jié fěi)
劫富济贫	(jié fù jì pín)
劫后余生	(jié hòu yú shēng)
劫机	(jié jī)
劫掠	(jié lüè)
劫难	(jié nàn)
劫囚	(jié qiú)
劫色	(jié sè)
劫杀	(jié shā)
劫数	(jié shù)
劫数难逃	(jié shù nán táo)
劫洗	(jié xǐ)
劫营	(jié yíng)
劫余	(jié yú)
劫狱	(jié yù)
劫寨	(jié zhài)
岊	(jié)
劼	(jié)
杰	(jié)
杰出	(jié chū)
杰斐逊城	(jié fěi xùn chéng)
杰夫	(jié fū)
杰夫·金尼	(jié fū · jīn ní)
杰弗里·乔叟	(jié fú lǐ · qiáo sǒu)
杰弗逊	(jié fú xùn)
杰佛兹	(jié fó zī)
杰克	(jié kè)
杰克·伦敦	(jié kè · lún dūn)
杰克森	(jié kè sēn)
杰克逊	(jié kè xùn)
杰奎琳	(jié kuí lín)
杰奎琳·肯尼迪	(jié kuí lín · kěn ní dí)
杰拉	(jié lā)
杰拉德	(jié lā dé)
杰里科	(jié lǐ kē)
杰里米	(jié lǐ mǐ)
杰利蝾螈	(jié lì róng yuán)
杰米	(jié mǐ)
杰瑞	(jié ruì)
杰瑞·宋飞	(jié ruì · sòng fēi)
杰士派	(jié shì pài)
杰西	(jié xī)
杰西·欧文斯	(jié xī · ōu wén sī)
杰西卡	(jié xī kǎ)
杰西卡·艾尔芭	(jié xī kǎ · ài ěr bā)
杰伊汉港	(jié yī hàn gǎng)
杰作	(jié zuò)
㛃	(jié)
拮	(jié)
拮据	(jié jū)
桀	(jié)
桀骜不驯	(jié ào bù xùn)
桀骜不逊	(jié ào bù xùn)
桀贪骜诈	(jié tān ào zhà)
桀王	(jié wáng)
捷	(jié)
捷安特	(jié ān tè)
捷报	(jié bào)
捷报频传	(jié bào pín chuán)
捷豹	(jié bào)
捷达	(jié dá)
捷尔梅兹	(jié ěr méi zī)
捷尔任斯克	(jié ěr rèn sī kè)
捷径	(jié jìng)
捷克	(jié kè)
捷克共和国	(jié kè gòng hé guó)
捷克人	(jié kè rén)
捷克斯洛伐克	(jié kè sī luò fá kè)
捷克语	(jié kè yǔ)
捷兔	(jié tù)
捷泳	(jié yǒng)
捷语	(jié yǔ)
捷运	(jié yùn)
捷足先登	(jié zú xiān dēng)
婕	(jié)
婕妤	(jié yú)
䂶	(jié)
楬	(jié)
截	(jié)
截断	(jié duàn)
截夺	(jié duó)
截稿	(jié gǎo)
截获	(jié huò)
截击	(jié jī)
截距	(jié jù)
截面	(jié miàn)
截屏	(jié píng)
截取	(jié qǔ)
截拳道	(jié quán dào)
截然	(jié rán)
截然不同	(jié rán bù tóng)
截塔	(jié tǎ)
截瘫	(jié tān)
截停	(jié tíng)
截图	(jié tú)
截尾	(jié wěi)
截线	(jié xiàn)
截长补短	(jié cháng bǔ duǎn)
截肢	(jié zhī)
截止	(jié zhǐ)
截止到	(jié zhǐ dào)
截止期限	(jié zhǐ qī xiàn)
截止日	(jié zhǐ rì)
截止至	(jié zhǐ zhì)
截至	(jié zhì)
榤	(jié)
幯	(jié)
姐	(jiě)
姐弟恋	(jiě dì liàn)
姐夫	(jiě fu)
姐姐	(jiě jie)
姐俩	(jiě liǎ)
姐妹	(jiě mèi)
姐妹花	(jiě mèi huā)
姐们	(jiě men)
姐们儿	(jiě men r)
姐丈	(jiě zhàng)
毑	(jiě)
介	(jiè)
介词	(jiè cí)
介导	(jiè dǎo)
介蒂	(jiè dì)
介电常数	(jiè diàn cháng shù)
介乎	(jiè hū)
介怀	(jiè huái)
介壳	(jiè qiào)
介面	(jiè miàn)
介入	(jiè rù)
介绍	(jiè shào)
介绍信	(jiè shào xìn)
介系词	(jiè xì cí)
介休市	(jiè xiū shì)
介意	(jiè yì)
介于	(jiè yú)
介之推	(jiè zhī tuī)
介值定理	(jiè zhí dìng lǐ)
介质	(jiè zhì)
介质访问控制	(jiè zhì fǎng wèn kòng zhì)
介质访问控制层	(jiè zhì fǎng wèn kòng zhì céng)
介胄	(jiè zhòu)
介子	(jiè zǐ)
戒	(jiè)
戒备	(jiè bèi)
戒备森严	(jiè bèi sēn yán)
戒除	(jiè chú)
戒刀	(jiè dāo)
戒牒	(jiè dié)
戒毒	(jiè dú)
戒毒所	(jiè dú suǒ)
戒断	(jiè duàn)
戒规	(jiè guī)
戒忌	(jiè jì)
戒骄戒躁	(jiè jiāo jiè zào)
戒酒	(jiè jiǔ)
戒惧	(jiè jù)
戒绝	(jiè jué)
戒律	(jiè lǜ)
戒命	(jiè mìng)
戒奢崇俭	(jiè shē chóng jiǎn)
戒慎	(jiè shèn)
戒坛	(jiè tán)
戒条	(jiè tiáo)
戒心	(jiè xīn)
戒行	(jiè xíng)
戒烟	(jiè yān)
戒严	(jiè yán)
戒严令	(jiè yán lìng)
戒严区	(jiè yán qū)
戒指	(jiè zhi)
戒治所	(jiè zhì suǒ)
戒子	(jiè zi)
届	(jiè)
届满	(jiè mǎn)
届时	(jiè shí)
借	(jiè)
借出	(jiè chū)
借词	(jiè cí)
借代	(jiè dài)
借贷	(jiè dài)
借单	(jiè dān)
借单儿	(jiè dān r)
借刀杀人	(jiè dāo shā rén)
借调	(jiè diào)
借东风	(jiè dōng fēng)
借读	(jiè dú)
借端	(jiè duān)
借方	(jiè fāng)
借方差额	(jiè fāng chā é)
借腹生子	(jiè fù shēng zǐ)
借给	(jiè gěi)
借古讽今	(jiè gǔ fěng jīn)
借古喻今	(jiè gǔ yù jīn)
借故	(jiè gù)
借光	(jiè guāng)
借过	(jiè guò)
借花献佛	(jiè huā xiàn fó)
借火	(jiè huǒ)
借机	(jiè jī)
借记	(jiè jì)
借记卡	(jiè jì kǎ)
借鉴	(jiè jiàn)
借镜	(jiè jìng)
借酒浇愁	(jiè jiǔ jiāo chóu)
借据	(jiè jù)
借壳	(jiè ké)
借口	(jiè kǒu)
借款	(jiè kuǎn)
借款人	(jiè kuǎn rén)
借命	(jiè mìng)
借契	(jiè qì)
借钱	(jiè qián)
借取	(jiè qǔ)
借入方	(jiè rù fāng)
借尸还魂	(jiè shī huán hún)
借势	(jiè shì)
借书单	(jiè shū dān)
借书证	(jiè shū zhèng)
借宿	(jiè sù)
借题发挥	(jiè tí fā huī)
借条	(jiè tiáo)
借问	(jiè wèn)
借一步	(jiè yī bù)
借以	(jiè yǐ)
借译	(jiè yì)
借译词	(jiè yì cí)
借用	(jiè yòng)
借喻	(jiè yù)
借阅	(jiè yuè)
借债	(jiè zhài)
借债人	(jiè zhài rén)
借账	(jiè zhàng)
借支	(jiè zhī)
借指	(jiè zhǐ)
借重	(jiè zhòng)
借助	(jiè zhù)
借住	(jiè zhù)
借箸	(jiè zhù)
借字儿	(jiè zì r)
巾	(jīn)
巾帼	(jīn guó)
巾帼须眉	(jīn guó xū méi)
斤	(jīn)
斤斗	(jīn dǒu)
斤斤计较	(jīn jīn jì jiào)
斤两	(jīn liǎng)
今	(jīn)
今不如昔	(jīn bù rú xī)
今朝	(jīn zhāo)
今朝有酒今朝醉	(jīn zhāo yǒu jiǔ jīn zhāo zuì)
今晨	(jīn chén)
今次	(jīn cì)
今村	(jīn cūn)
今儿	(jīn r)
今儿个	(jīn r ge)
今非昔比	(jīn fēi xī bǐ)
今古文	(jīn gǔ wén)
今后	(jīn hòu)
今井	(jīn jǐng)
今年	(jīn nián)
今人	(jīn rén)
今日	(jīn rì)
今日事今日毕	(jīn rì shì jīn rì bì)
今日头条	(jīn rì tóu tiáo)
今生	(jīn shēng)
今时今日	(jīn shí jīn rì)
今世	(jīn shì)
今岁	(jīn suì)
今体诗	(jīn tǐ shī)
今天	(jīn tiān)
今晚	(jīn wǎn)
今文经	(jīn wén jīng)
今文经学	(jīn wén jīng xué)
今昔	(jīn xī)
今夜	(jīn yè)
今译	(jīn yì)
今音	(jīn yīn)
今早	(jīn zǎo)
仅	(jǐn)
仅此而已	(jǐn cǐ ér yǐ)
仅次于	(jǐn cì yú)
仅供	(jǐn gōng)
仅供参考	(jǐn gōng cān kǎo)
仅仅	(jǐn jǐn)
仅作参考	(jǐn zuò cān kǎo)
尽	(jǐn)
尽管	(jǐn guǎn)
尽可能	(jǐn kě néng)
尽快	(jǐn kuài)
尽量	(jǐn liàng)
尽数	(jǐn shù)
尽先	(jǐn xiān)
尽早	(jǐn zǎo)
尽自	(jǐn zi)
卺	(jǐn)
卺饮	(jǐn yǐn)
堇	(jǐn)
堇菜	(jǐn cài)
堇色	(jǐn sè)
厪	(jǐn)
廑	(jǐn)
槿	(jǐn)
妗	(jìn)
妗子	(jìn zi)
劲	(jìn)
劲拔	(jìng bá)
劲爆	(jìng bào)
劲草	(jìng cǎo)
劲吹	(jìng chuī)
劲敌	(jìng dí)
劲度系数	(jìn dù xì shù)
劲儿	(jìn r)
劲风	(jìng fēng)
劲急	(jìng jí)
劲力	(jìn lì)
劲烈	(jìng liè)
劲旅	(jìng lǚ)
劲峭	(jìng qiào)
劲射	(jìng shè)
劲挺	(jìng tǐng)
劲头	(jìn tóu)
劲舞	(jìng wǔ)
劲直	(jìng zhí)
劲卒	(jìng zú)
晋	(jìn)
晋安区	(jìn ān qū)
晋察冀	(jìn chá jì)
晋朝	(jìn cháo)
晋城市	(jìn chéng shì)
晋代	(jìn dài)
晋铎	(jìn duó)
晋级	(jìn jí)
晋见	(jìn jiàn)
晋江市	(jìn jiāng shì)
晋爵	(jìn jué)
晋宁区	(jìn níng qū)
晋升	(jìn shēng)
晋文公	(jìn wén gōng)
晋县	(jìn xiàn)
晋源区	(jìn yuán qū)
晋中市	(jìn zhōng shì)
晋州市	(jìn zhōu shì)
搢	(jìn)
寖	(jìn)
墐	(jǐn)
殣	(jìn)
噤	(jìn)
噤若寒蝉	(jìn ruò hán chán)
噤声	(jìn shēng)
噤声令	(jìn shēng lìng)
巠	(jīng)
坕	(jīng)
京	(jīng)
京巴狗	(jīng bā gǒu)
京报	(jīng bào)
京城	(jīng chéng)
京东	(jīng dōng)
京都	(jīng dū)
京都府	(jīng dū fǔ)
京都念慈庵	(jīng dū niàn cí ān)
京二胡	(jīng èr hú)
京广	(jīng guǎng)
京广铁路	(jīng guǎng tiě lù)
京哈	(jīng hā)
京胡	(jīng hú)
京沪	(jīng hù)
京沪高铁	(jīng hù gāo tiě)
京畿	(jīng jī)
京畿道	(jīng jī dào)
京郊	(jīng jiāo)
京津	(jīng jīn)
京津冀	(jīng jīn jì)
京九铁路	(jīng jiǔ tiě lù)
京剧	(jīng jù)
京口区	(jīng kǒu qū)
京片子	(jīng piàn zi)
京山市	(jīng shān shì)
京师	(jīng shī)
京斯敦	(jīng sī dūn)
京味	(jīng wèi)
京戏	(jīng xì)
京兆	(jīng zhào)
京族	(jīng zú)
殑	(qíng)
旌	(jīng)
旌德县	(jīng dé xiàn)
旌旗	(jīng qí)
旌阳区	(jīng yáng qū)
晶	(jīng)
晶格	(jīng gé)
晶光	(jīng guāng)
晶晶	(jīng jīng)
晶亮	(jīng liàng)
晶明	(jīng míng)
晶片	(jīng piàn)
晶体	(jīng tǐ)
晶体管	(jīng tǐ guǎn)
晶体结构	(jīng tǐ jié gòu)
晶系	(jīng xì)
晶莹	(jīng yíng)
晶圆	(jīng yuán)
晶闸管	(jīng zhá guǎn)
晶振	(jīng zhèn)
晶状	(jīng zhuàng)
晶状体	(jīng zhuàng tǐ)
兢	(jīng)
兢兢业业	(jīng jīng yè yè)
䲔	(jīng)
井	(jǐng)
井底之蛙	(jǐng dǐ zhī wā)
井盖	(jǐng gài)
井冈山	(jǐng gāng shān)
井冈山市	(jǐng gāng shān shì)
井号	(jǐng hào)
井井	(jǐng jǐng)
井井有条	(jǐng jǐng yǒu tiáo)
井口	(jǐng kǒu)
井喷	(jǐng pēn)
井然	(jǐng rán)
井然有序	(jǐng rán yǒu xù)
井上	(jǐng shàng)
井绳	(jǐng shéng)
井水不犯河水	(jǐng shuǐ bù fàn hé shuǐ)
井台	(jǐng tái)
井田	(jǐng tián)
井田制	(jǐng tián zhì)
井蛙之见	(jǐng wā zhī jiàn)
井下	(jǐng xià)
井陉矿区	(jǐng xíng kuàng qū)
井陉县	(jǐng xíng xiàn)
井研县	(jǐng yán xiàn)
井盐	(jǐng yán)
井字棋	(jǐng zì qí)
丼	(dòng)
坓	(jǐng)
刭	(jǐng)
景	(jǐng)
景德镇市	(jǐng dé zhèn shì)
景点	(jǐng diǎn)
景东彝族自治县	(jǐng dōng yí zú zì zhì xiàn)
景福宫	(jǐng fú gōng)
景谷傣族彝族自治县	(jǐng gǔ dǎi zú yí zú zì zhì xiàn)
景观	(jǐng guān)
景观设计	(jǐng guān shè jì)
景洪市	(jǐng hóng shì)
景教	(jǐng jiào)
景况	(jǐng kuàng)
景宁畲族自治县	(jǐng níng shē zú zì zhì xiàn)
景颇	(jǐng pō)
景颇族	(jǐng pō zú)
景气	(jǐng qì)
景区	(jǐng qū)
景色	(jǐng sè)
景山	(jǐng shān)
景山公园	(jǐng shān gōng yuán)
景深	(jǐng shēn)
景泰蓝	(jǐng tài lán)
景泰县	(jǐng tài xiàn)
景物	(jǐng wù)
景县	(jǐng xiàn)
景象	(jǐng xiàng)
景仰	(jǐng yǎng)
景遇	(jǐng yù)
景致	(jǐng zhì)
儆	(jǐng)
儆戒	(jǐng jiè)
憬	(jǐng)
憬然	(jǐng rán)
暻	(jǐng)
径	(jìng)
径道	(jìng dào)
径迹	(jìng jì)
径流	(jìng liú)
径路	(jìng lù)
径情直遂	(jìng qíng zhí suì)
径赛	(jìng sài)
径庭	(jìng tíng)
径向	(jìng xiàng)
径直	(jìng zhí)
径自	(jìng zì)
净	(jìng)
净身	(jìng shēn)
净身出户	(jìng shēn chū hù)
净心修身	(jìng xīn xiū shēn)
弪	(jìng)
弪度	(jìng dù)
婙	(jìng)
倞	(liàng)
婧	(jìng)
敬	(jìng)
敬爱	(jìng ài)
敬拜	(jìng bài)
敬备	(jìng bèi)
敬茶	(jìng chá)
敬称	(jìng chēng)
敬词	(jìng cí)
敬辞	(jìng cí)
敬而远之	(jìng ér yuǎn zhī)
敬奉	(jìng fèng)
敬服	(jìng fú)
敬告	(jìng gào)
敬鬼神而远之	(jìng guǐ shén ér yuǎn zhī)
敬贺	(jìng hè)
敬酒	(jìng jiǔ)
敬酒不吃吃罚酒	(jìng jiǔ bù chī chī fá jiǔ)
敬老	(jìng lǎo)
敬老席	(jìng lǎo xí)
敬老院	(jìng lǎo yuàn)
敬老尊贤	(jìng lǎo zūn xián)
敬礼	(jìng lǐ)
敬佩	(jìng pèi)
敬启	(jìng qǐ)
敬启者	(jìng qǐ zhě)
敬虔	(jìng qián)
敬请	(jìng qǐng)
敬若神明	(jìng ruò shén míng)
敬上	(jìng shàng)
敬神	(jìng shén)
敬畏	(jìng wèi)
敬悉	(jìng xī)
敬惜字纸	(jìng xī zì zhǐ)
敬贤礼士	(jìng xián lǐ shì)
敬谢不敏	(jìng xiè bù mǐn)
敬烟	(jìng yān)
敬仰	(jìng yǎng)
敬业	(jìng yè)
敬业乐群	(jìng yè lè qún)
敬意	(jìng yì)
敬语	(jìng yǔ)
敬赠	(jìng zèng)
敬重	(jìng zhòng)
敬祝	(jìng zhù)
境	(jìng)
境地	(jìng dì)
境界	(jìng jiè)
境况	(jìng kuàng)
境内	(jìng nèi)
境内外	(jìng nèi wài)
境外	(jìng wài)
境由心生	(jìng yóu xīn shēng)
境域	(jìng yù)
境遇	(jìng yù)
坰	(jiōng)
扃	(jiōng)
埛	(jiōng)
冋	(jiōng)
冏	(jiǒng)
冏彻	(jiǒng chè)
冏牧	(jiǒng mù)
冏卿	(jiǒng qīng)
囧	(jiǒng)
迥	(jiǒng)
丩	(jiū)
揪	(jiū)
揪辫子	(jiū biàn zi)
揪出	(jiū chū)
揪斗	(jiū dòu)
揪揪	(jiū jiu)
揪痧	(jiū shā)
揪送	(jiū sòng)
揪心	(jiū xīn)
揪心扒肝	(jiū xīn bā gān)
揪心揪肺	(jiū xīn jiū fèi)
揪住	(jiū zhù)
啾	(jiū)
揫	(jiū)
摎	(jiū)
樛	(jiū)
九	(jiǔ)
九巴	(jiǔ bā)
九边形	(jiǔ biān xíng)
九层塔	(jiǔ céng tǎ)
九成	(jiǔ chéng)
九齿钉耙	(jiǔ chǐ dīng pá)
九鼎	(jiǔ dǐng)
九分之一	(jiǔ fēn zhī yī)
九份	(jiǔ fèn)
九宫格数独	(jiǔ gōng gé shù dú)
九宫山	(jiǔ gōng shān)
九官鸟	(jiǔ guān niǎo)
九归	(jiǔ guī)
九号球	(jiǔ hào qiú)
九华山	(jiǔ huá shān)
九江市	(jiǔ jiāng shì)
九九乘法表	(jiǔ jiǔ chéng fǎ biǎo)
九九归一	(jiǔ jiǔ guī yī)
九九重阳	(jiǔ jiǔ chóng yáng)
九孔	(jiǔ kǒng)
九连环	(jiǔ lián huán)
九流	(jiǔ liú)
九龙	(jiǔ lóng)
九龙城	(jiǔ lóng chéng)
九龙城寨	(jiǔ lóng chéng zhài)
九龙坡区	(jiǔ lóng pō qū)
九龙县	(jiǔ lóng xiàn)
九面体	(jiǔ miàn tǐ)
九牛二虎之力	(jiǔ niú èr hǔ zhī lì)
九牛一毛	(jiǔ niú yī máo)
九窍	(jiǔ qiào)
九卿	(jiǔ qīng)
九泉	(jiǔ quán)
九如	(jiǔ rú)
九如乡	(jiǔ rú xiāng)
九三学社	(jiǔ sān xué shè)
九声六调	(jiǔ shēng liù diào)
九十	(jiǔ shí)
九死一生	(jiǔ sǐ yī shēng)
九台区	(jiǔ tái qū)
九天	(jiǔ tiān)
九天揽月	(jiǔ tiān lǎn yuè)
九天仙女	(jiǔ tiān xiān nǚ)
九天玄女	(jiǔ tiān xuán nǚ)
九头鸟	(jiǔ tóu niǎo)
九尾龟	(jiǔ wěi guī)
九尾狐	(jiǔ wěi hú)
九香虫	(jiǔ xiāng chóng)
九霄云外	(jiǔ xiāo yún wài)
九野	(jiǔ yě)
九一八事变	(jiǔ yī bā shì biàn)
九嶷山	(jiǔ yí shān)
九渊	(jiǔ yuān)
九原区	(jiǔ yuán qū)
九月	(jiǔ yuè)
九月份	(jiǔ yuè fèn)
九寨沟	(jiǔ zhài gōu)
九寨沟风景名胜区	(jiǔ zhài gōu fēng jǐng míng shèng qū)
九寨沟县	(jiǔ zhài gōu xiàn)
九章算术	(jiǔ zhāng suàn shù)
九重霄	(jiǔ chóng xiāo)
九州	(jiǔ zhōu)
久	(jiǔ)
久保	(jiǔ bǎo)
久别	(jiǔ bié)
久别重逢	(jiǔ bié chóng féng)
久病	(jiǔ bìng)
久病成良医	(jiǔ bìng chéng liáng yī)
久病成医	(jiǔ bìng chéng yī)
久等	(jiǔ děng)
久而久之	(jiǔ ér jiǔ zhī)
久负盛名	(jiǔ fù shèng míng)
久攻不下	(jiǔ gōng bù xià)
久假不归	(jiǔ jiǎ bù guī)
久经	(jiǔ jīng)
久经考验	(jiǔ jīng kǎo yàn)
久久	(jiǔ jiǔ)
久旷	(jiǔ kuàng)
久阔	(jiǔ kuò)
久留	(jiǔ liú)
久慕	(jiǔ mù)
久陪	(jiǔ péi)
久违	(jiǔ wéi)
久闻大名	(jiǔ wén dà míng)
久仰	(jiǔ yǎng)
久仰大名	(jiǔ yǎng dà míng)
久已	(jiǔ yǐ)
久远	(jiǔ yuǎn)
久长	(jiǔ cháng)
久之	(jiǔ zhī)
久治县	(jiǔ zhì xiàn)
乆	(jiǔ)
乣	(jiǔ)
㺵	(jiǔ)
咎	(jiù)
咎由自取	(jiù yóu zì qǔ)
咎有应得	(jiù yǒu yīng dé)
柩	(jiù)
桕	(jiù)
倃	(jiù)
救	(jiù)
救兵	(jiù bīng)
救场	(jiù chǎng)
救场如救火	(jiù chǎng rú jiù huǒ)
救出	(jiù chū)
救恩	(jiù ēn)
救恩计划	(jiù ēn jì huà)
救焚益薪	(jiù fén yì xīn)
救国	(jiù guó)
救护	(jiù hù)
救护车	(jiù hù chē)
救护人员	(jiù hù rén yuán)
救活	(jiù huó)
救火	(jiù huǒ)
救急	(jiù jí)
救急不救穷	(jiù jí bù jiù qióng)
救济	(jiù jì)
救济粮	(jiù jì liáng)
救捞局	(jiù lāo jú)
救命	(jiù mìng)
救命稻草	(jiù mìng dào cǎo)
救难	(jiù nàn)
救人一命胜造七级浮屠	(jiù rén yī mìng shèng zào qī jí fú tú)
救生	(jiù shēng)
救生船	(jiù shēng chuán)
救生队	(jiù shēng duì)
救生筏	(jiù shēng fá)
救生圈	(jiù shēng quān)
救生艇	(jiù shēng tǐng)
救生艇甲板	(jiù shēng tǐng jiǎ bǎn)
救生衣	(jiù shēng yī)
救生员	(jiù shēng yuán)
救世	(jiù shì)
救世军	(jiù shì jūn)
救世主	(jiù shì zhǔ)
救市	(jiù shì)
救赎	(jiù shú)
救赎主	(jiù shú zhǔ)
救死扶伤	(jiù sǐ fú shāng)
救亡	(jiù wáng)
救星	(jiù xīng)
救援	(jiù yuán)
救援队	(jiù yuán duì)
救灾	(jiù zāi)
救灾救济司	(jiù zāi jiù jì sī)
救灾款	(jiù zāi kuǎn)
救治	(jiù zhì)
救主	(jiù zhǔ)
救助	(jiù zhù)
救砖	(jiù zhuān)
厩	(jiù)
就	(jiù)
就伴	(jiù bàn)
就便	(jiù biàn)
就餐	(jiù cān)
就此	(jiù cǐ)
就道	(jiù dào)
就地	(jiù dì)
就地取材	(jiù dì qǔ cái)
就地正法	(jiù dì zhèng fǎ)
就读	(jiù dú)
就范	(jiù fàn)
就服	(jiù fú)
就近	(jiù jìn)
就口	(jiù kǒu)
就口杯盖	(jiù kǒu bēi gài)
就里	(jiù lǐ)
就木	(jiù mù)
就擒	(jiù qín)
就寝	(jiù qǐn)
就任	(jiù rèn)
就事论事	(jiù shì lùn shì)
就是	(jiù shì)
就是说	(jiù shì shuō)
就算	(jiù suàn)
就晚了	(jiù wǎn le)
就绪	(jiù xù)
就学	(jiù xué)
就要	(jiù yào)
就业	(jiù yè)
就业安定费	(jiù yè ān dìng fèi)
就业服务	(jiù yè fú wù)
就业机会	(jiù yè jī huì)
就业率	(jiù yè lǜ)
就医	(jiù yī)
就义	(jiù yì)
就着	(jiù zhe)
就诊	(jiù zhěn)
就正	(jiù zhèng)
就职	(jiù zhí)
就职典礼	(jiù zhí diǎn lǐ)
就职演讲	(jiù zhí yǎn jiǎng)
就职演说	(jiù zhí yǎn shuō)
就座	(jiù zuò)
僦	(jiù)
廏	(jiù)
匶	(jiù)
凥	(jū)
拘	(jū)
拘捕	(jū bǔ)
拘传	(jū chuán)
拘忌	(jū jì)
拘检	(jū jiǎn)
拘谨	(jū jǐn)
拘禁	(jū jìn)
拘礼	(jū lǐ)
拘留	(jū liú)
拘留所	(jū liú suǒ)
拘挛	(jū luán)
拘挛儿	(jū luán r)
拘拿	(jū ná)
拘泥	(jū nì)
拘票	(jū piào)
拘牵	(jū qiān)
拘囚	(jū qiú)
拘守	(jū shǒu)
拘束	(jū shù)
拘束衣	(jū shù yī)
拘押	(jū yā)
拘押营	(jū yā yíng)
拘役	(jū yì)
拘迂	(jū yū)
拘执	(jū zhí)
匊	(jū)
居	(jū)
居安思危	(jū ān sī wēi)
居处	(jū chù)
居第	(jū dì)
居多	(jū duō)
居高不下	(jū gāo bù xià)
居高临下	(jū gāo lín xià)
居功	(jū gōng)
居功自傲	(jū gōng zì ào)
居官	(jū guān)
居家	(jū jiā)
居间	(jū jiān)
居经	(jū jīng)
居酒屋	(jū jiǔ wū)
居礼	(jū lǐ)
居礼夫人	(jū lǐ fū ren)
居里	(jū lǐ)
居里夫人	(jū lǐ fū ren)
居留	(jū liú)
居留权	(jū liú quán)
居留证	(jū liú zhèng)
居鲁士	(jū lǔ shì)
居鲁士大帝	(jū lǔ shì dà dì)
居民	(jū mín)
居民点	(jū mín diǎn)
居民点儿	(jū mín diǎn r)
居民楼	(jū mín lóu)
居民区	(jū mín qū)
居民消费价格指数	(jū mín xiāo fèi jià gé zhǐ shù)
居奇	(jū qí)
居然	(jū rán)
居人	(jū rén)
居丧	(jū sāng)
居室	(jū shì)
居首	(jū shǒu)
居孀	(jū shuāng)
居所	(jū suǒ)
居委会	(jū wěi huì)
居位	(jū wèi)
居无定所	(jū wú dìng suǒ)
居心	(jū xīn)
居心不良	(jū xīn bù liáng)
居心何在	(jū xīn hé zài)
居心叵测	(jū xīn pǒ cè)
居心险恶	(jū xīn xiǎn è)
居庸关	(jū yōng guān)
居宅	(jū zhái)
居正	(jū zhèng)
居中	(jū zhōng)
居中对齐	(jū zhōng duì qí)
居住	(jū zhù)
居住地	(jū zhù dì)
居住于	(jū zhù yú)
居住者	(jū zhù zhě)
居住证	(jū zhù zhèng)
挶	(jú)
掬	(jū)
掬诚	(jū chéng)
掬水	(jū shuǐ)
掬饮	(jū yǐn)
崌	(jū)
椐	(jū)
局	(jú)
局部	(jú bù)
局部麻醉	(jú bù má zuì)
局部麻醉剂	(jú bù má zuì jì)
局部性	(jú bù xìng)
局部作用域	(jú bù zuò yòng yù)
局促	(jú cù)
局促不安	(jú cù bù ān)
局促一隅	(jú cù yī yú)
局地	(jú dì)
局级	(jú jí)
局麻	(jú má)
局麻药	(jú má yào)
局面	(jú miàn)
局势	(jú shì)
局外	(jú wài)
局外中立	(jú wài zhōng lì)
局限	(jú xiàn)
局限性	(jú xiàn xìng)
局限于	(jú xiàn yú)
局域网	(jú yù wǎng)
局灶性	(jú zào xìng)
局长	(jú zhǎng)
局中人	(jú zhōng rén)
局子	(jú zi)
桔	(jié)
桔槔	(jié gāo)
桔梗	(jié gěng)
桔子	(jú zi)
椈	(jú)
橘	(jú)
橘柑	(jú gān)
橘红	(jú hóng)
橘黄色	(jú huáng sè)
橘里橘气	(jú lǐ jú qì)
橘络	(jú luò)
橘皮组织	(jú pí zǔ zhī)
橘色	(jú sè)
橘树	(jú shù)
橘味	(jú wèi)
橘子	(jú zi)
橘子酱	(jú zi jiàng)
橘子水	(jú zi shuǐ)
橘子汁	(jú zi zhī)
弆	(jǔ)
咀	(zuǐ)
咀嚼	(jǔ jué)
咀嚼肌	(jǔ jué jī)
矩	(jǔ)
举	(jǔ)
榉	(jǔ)
榉木	(jǔ mù)
巨	(jù)
巨变	(jù biàn)
巨擘	(jù bò)
巨大	(jù dà)
巨大影响	(jù dà yǐng xiǎng)
巨蛋	(jù dàn)
巨蠹	(jù dù)
巨额	(jù é)
巨峰	(jù fēng)
巨幅	(jù fú)
巨富	(jù fù)
巨海扇蛤	(jù hǎi shàn gé)
巨亨	(jù hēng)
巨集	(jù jí)
巨匠	(jù jiàng)
巨爵座	(jù jué zuò)
巨款	(jù kuǎn)
巨量	(jù liàng)
巨量转移	(jù liàng zhuǎn yí)
巨流	(jù liú)
巨龙	(jù lóng)
巨鹿县	(jù lù xiàn)
巨轮	(jù lún)
巨蟒	(jù mǎng)
巨魔	(jù mó)
巨人	(jù rén)
巨人观	(jù rén guān)
巨乳	(jù rǔ)
巨蛇尾	(jù shé wěi)
巨蛇座	(jù shé zuò)
巨䴓	(jù shī)
巨石	(jù shí)
巨石阵	(jù shí zhèn)
巨石柱群	(jù shí zhù qún)
巨噬细胞	(jù shì xì bāo)
巨兽	(jù shòu)
巨头	(jù tóu)
巨无霸	(jù wú bà)
巨无霸汉堡包指数	(jù wú bà hàn bǎo bāo zhǐ shù)
巨无霸指数	(jù wú bà zhǐ shù)
巨蜥	(jù xī)
巨细	(jù xì)
巨细胞病毒	(jù xì bāo bìng dú)
巨细胞病毒视网膜炎	(jù xì bāo bìng dú shì wǎng mó yán)
巨响	(jù xiǎng)
巨蟹	(jù xiè)
巨蟹座	(jù xiè zuò)
巨星	(jù xīng)
巨型	(jù xíng)
巨牙鲨	(jù yá shā)
巨野县	(jù yě xiàn)
巨婴	(jù yīng)
巨著	(jù zhù)
巨资	(jù zī)
巨子	(jù zǐ)
巨嘴短翅莺	(jù zuǐ duǎn chì yīng)
巨嘴柳莺	(jù zuǐ liǔ yīng)
巨嘴鸟	(jù zuǐ niǎo)
巨嘴沙雀	(jù zuǐ shā què)
句	(jù)
句点	(jù diǎn)
句逗	(jù dòu)
句读	(jù dòu)
句法	(jù fǎ)
句法分析	(jù fǎ fēn xī)
句号	(jù hào)
句骊河	(jù lí hé)
句群	(jù qún)
句容市	(jù róng shì)
句式	(jù shì)
句首	(jù shǒu)
句数	(jù shù)
句型	(jù xíng)
句子	(jù zi)
拒	(jù)
拒保	(jù bǎo)
拒捕	(jù bǔ)
拒不接受	(jù bù jiē shòu)
拒斥	(jù chì)
拒腐防变	(jù fǔ fáng biàn)
拒付	(jù fù)
拒接	(jù jiē)
拒绝	(jù jué)
拒绝服务攻击	(jù jué fú wù gōng jī)
拒马	(jù mǎ)
拒签	(jù qiān)
拒收	(jù shōu)
拒载	(jù zài)
拒之门外	(jù zhī mén wài)
歫	(jù)
具	(jù)
具保	(jù bǎo)
具备	(jù bèi)
具尔	(jù ěr)
具格	(jù gé)
具结	(jù jié)
具名	(jù míng)
具身智能	(jù shēn zhì néng)
具体	(jù tǐ)
具体到	(jù tǐ dào)
具体而微	(jù tǐ ér wēi)
具体化	(jù tǐ huà)
具体计划	(jù tǐ jì huà)
具体问题	(jù tǐ wèn tí)
具象	(jù xiàng)
具有	(jù yǒu)
怚	(jù)
俱	(jù)
俱佳	(jù jiā)
俱乐部	(jù lè bù)
俱全	(jù quán)
俱舍宗	(jù shè zōng)
倶	(jù)
倨	(jù)
倨傲	(jù ào)
冣	(jù)
剧	(jù)
剧本	(jù běn)
剧本杀	(jù běn shā)
剧变	(jù biàn)
剧场	(jù chǎng)
剧毒	(jù dú)
剧荒	(jù huāng)
剧集	(jù jí)
剧烈	(jù liè)
剧目	(jù mù)
剧情	(jù qíng)
剧社	(jù shè)
剧坛	(jù tán)
剧痛	(jù tòng)
剧透	(jù tòu)
剧团	(jù tuán)
剧院	(jù yuàn)
剧增	(jù zēng)
剧照	(jù zhào)
剧终	(jù zhōng)
剧组	(jù zǔ)
剧作家	(jù zuò jiā)
埧	(jù)
据	(jù)
据报	(jù bào)
据报导	(jù bào dǎo)
据报道	(jù bào dào)
据称	(jù chēng)
据传	(jù chuán)
据此	(jù cǐ)
据点	(jù diǎn)
据估计	(jù gū jì)
据理	(jù lǐ)
据理力争	(jù lǐ lì zhēng)
据料	(jù liào)
据实	(jù shí)
据实以告	(jù shí yǐ gào)
据守	(jù shǒu)
据说	(jù shuō)
据统计	(jù tǒng jì)
据为己有	(jù wéi jǐ yǒu)
据闻	(jù wén)
据我看	(jù wǒ kàn)
据我所知	(jù wǒ suǒ zhī)
据悉	(jù xī)
据险	(jù xiǎn)
据信	(jù xìn)
据有	(jù yǒu)
惧	(jù)
惧高症	(jù gāo zhèng)
惧内	(jù nèi)
惧怕	(jù pà)
屦	(jù)
懅	(qú)
捐	(juān)
捐班	(juān bān)
捐背	(juān bèi)
捐给	(juān gěi)
捐精	(juān jīng)
捐款	(juān kuǎn)
捐款者	(juān kuǎn zhě)
捐卵	(juān luǎn)
捐命	(juān mìng)
捐募	(juān mù)
捐弃	(juān qì)
捐躯	(juān qū)
捐生	(juān shēng)
捐税	(juān shuì)
捐物	(juān wù)
捐献	(juān xiàn)
捐血	(juān xuè)
捐血者	(juān xuè zhě)
捐益表	(juān yì biǎo)
捐赠	(juān zèng)
捐赠盈余	(juān zèng yíng yú)
捐赠者	(juān zèng zhě)
捐助	(juān zhù)
捐赀	(juān zī)
捐资	(juān zī)
娟	(juān)
娟秀	(juān xiù)
卷	(juàn)
卷巴	(juǎn bā)
卷笔刀	(juǎn bǐ dāo)
卷边	(juǎn biān)
卷饼	(juǎn bǐng)
卷层云	(juǎn céng yún)
卷尺	(juǎn chǐ)
卷带	(juǎn dài)
卷地皮	(juǎn dì pí)
卷发	(juǎn fà)
卷发棒	(juǎn fà bàng)
卷发器	(juǎn fà qì)
卷发筒	(juǎn fà tǒng)
卷腹	(juǎn fù)
卷裹	(juǎn guǒ)
卷积云	(juǎn jī yún)
卷帘	(juǎn lián)
卷帘门	(juǎn lián mén)
卷门	(juǎn mén)
卷铺盖	(juǎn pū gai)
卷铺盖走人	(juǎn pū gài zǒu rén)
卷起	(juǎn qǐ)
卷曲	(juǎn qū)
卷绕	(juǎn rào)
卷刃	(juǎn rèn)
卷入	(juǎn rù)
卷舌元音	(juǎn shé yuán yīn)
卷逃	(juǎn táo)
卷土重来	(juǎn tǔ chóng lái)
卷尾猴	(juǎn wěi hóu)
卷线器	(juǎn xiàn qì)
卷心菜	(juǎn xīn cài)
卷须	(juǎn xū)
卷烟	(juǎn yān)
卷扬	(juǎn yáng)
卷扬机	(juǎn yáng jī)
卷羽鹈鹕	(juǎn yǔ tí hú)
卷云	(juǎn yún)
卷纸	(juǎn zhǐ)
卷帙	(juàn zhì)
卷帙浩繁	(juàn zhì hào fán)
卷轴	(juàn zhóu)
卷子	(juàn zi)
卷宗	(juàn zōng)
劵	(juàn)
弮	(quān)
倦	(juàn)
倦怠	(juàn dài)
倦容	(juàn róng)
悁	(juān)
撅	(juē)
撅嘴	(juē zuǐ)
撧	(juē)
噘	(juē)
噘嘴	(juē zuǐ)
屩	(juē)
屫	(juē)
亅	(jué)
孓	(jué)
抉	(jué)
抉择	(jué zé)
倔	(juè)
倔强	(jué jiàng)
倔头	(juè tóu)
掘	(jué)
掘出	(jué chū)
掘客	(jué kè)
掘墓鞭尸	(jué mù biān shī)
掘墓工人	(jué mù gōng rén)
掘土机	(jué tǔ jī)
桷	(jué)
崛	(jué)
崛地而起	(jué dì ér qǐ)
崛立	(jué lì)
崛起	(jué qǐ)
厥	(jué)
厥功至伟	(jué gōng zhì wěi)
傕	(jué)
劂	(jué)
嶡	(guì)
㵐	(jué)
㵐水	(jué shuǐ)
橛	(jué)
嚼	(jiáo)
嚼劲	(jiáo jìn)
嚼劲儿	(jiáo jìn r)
嚼酒	(jiáo jiǔ)
嚼蜡	(jiáo là)
嚼舌	(jiáo shé)
嚼舌根	(jiáo shé gēn)
嚼舌头	(jiáo shé tóu)
嚼头	(jiáo tou)
嚼子	(jiáo zi)
攫	(jué)
攫夺	(jué duó)
攫取	(jué qǔ)
戄	(jué)
均	(jūn)
均变论	(jūn biàn lùn)
均差	(jūn chā)
均等	(jūn děng)
均等化	(jūn děng huà)
均等论	(jūn děng lùn)
均方	(jūn fāng)
均分	(jūn fēn)
均腐土	(jūn fǔ tǔ)
均衡	(jūn héng)
均衡器	(jūn héng qì)
均价	(jūn jià)
均可	(jūn kě)
均热	(jūn rè)
均湿	(jūn shī)
均势	(jūn shì)
均摊	(jūn tān)
均田制	(jūn tián zhì)
均线	(jūn xiàn)
均一	(jūn yī)
均匀	(jūn yún)
均匀性	(jūn yún xìng)
均沾	(jūn zhān)
均值	(jūn zhí)
均质	(jūn zhì)
君	(jūn)
君臣	(jūn chén)
君权	(jūn quán)
君山区	(jūn shān qū)
君士坦丁堡	(jūn shì tǎn dīng bǎo)
君王	(jūn wáng)
君位	(jūn wèi)
君悦	(jūn yuè)
君长	(jūn zhǎng)
君主	(jūn zhǔ)
君主国	(jūn zhǔ guó)
君主立宪	(jūn zhǔ lì xiàn)
君主政体	(jūn zhǔ zhèng tǐ)
君主政治	(jūn zhǔ zhèng zhì)
君主制	(jūn zhǔ zhì)
君子	(jūn zǐ)
君子报仇，十年不晚	(jūn zi bào chóu , shí nián bù wǎn)
君子动口不动手	(jūn zǐ dòng kǒu bù dòng shǒu)
君子兰	(jūn zǐ lán)
君子坦荡荡，小人长戚戚	(jūn zi tǎn dàng dàng , xiǎo rén cháng qī qī)
君子一言，驷马难追	(jūn zǐ yī yán , sì mǎ nán zhuī)
君子远庖厨	(jūn zǐ yuàn páo chú)
君子之交	(jūn zǐ zhī jiāo)
君子之交淡如水	(jūn zǐ zhī jiāo dàn rú shuǐ)
俊	(jùn)
俊拔	(jùn bá)
俊杰	(jùn jié)
俊美	(jùn měi)
俊俏	(jùn qiào)
俊秀	(jùn xiù)
俊雅	(jùn yǎ)
捃	(jùn)
埈	(jùn)
峻	(jùn)
峻厉	(jùn lì)
峻岭	(jùn lǐng)
峻峭	(jùn qiào)
晙	(jùn)
攈	(jùn)
攟	(jùn)
咔嚓	(kā chā)
咔哒声	(kǎ da shēng)
咔嗒	(kā dā)
咔叽	(kǎ jī)
咔啦	(kǎ lā)
咔唑	(kǎ zuò)
咖	(kā)
咖逼	(kā bī)
咖啡	(kā fēi)
咖啡伴侣	(kā fēi bàn lǚ)
咖啡店	(kā fēi diàn)
咖啡豆	(kā fēi dòu)
咖啡馆	(kā fēi guǎn)
咖啡馆儿	(kā fēi guǎn r)
咖啡壶	(kā fēi hú)
咖啡机	(kā fēi jī)
咖啡色	(kā fēi sè)
咖啡师	(kā fēi shī)
咖啡室	(kā fēi shì)
咖啡厅	(kā fēi tīng)
咖啡屋	(kā fēi wū)
咖啡因	(kā fēi yīn)
咖哩	(kā lǐ)
咖喱	(gā lí)
咖喱粉	(gā lí fěn)
咖位	(kā wèi)
喀	(kā)
喀布尔	(kā bù ěr)
喀嚓	(kā chā)
喀哒	(kā dā)
喀尔喀	(kā ěr kā)
喀拉喀托	(kā lā kā tuō)
喀拉喀托火山	(kā lā kā tuō huǒ shān)
喀拉昆仑山	(kā lā kūn lún shān)
喀拉拉邦	(kā lā lā bāng)
喀喇昆仑公路	(kā lǎ kūn lún gōng lù)
喀喇昆仑山	(kā lǎ kūn lún shān)
喀喇昆仑山脉	(kā lǎ kūn lún shān mài)
喀喇沁	(kā lǎ qìn)
喀喇沁旗	(kā lǎ qìn qí)
喀喇沁左翼蒙古族自治县	(kā lǎ qìn zuǒ yì měng gǔ zú zì zhì xiàn)
喀啦喀啦	(kā lā kā lā)
喀麦隆	(kā mài lóng)
喀纳斯湖	(kā nà sī hú)
喀奴特	(kā nú tè)
喀秋莎	(kā qiū shā)
喀山	(kā shān)
喀什地区	(kā shí dì qū)
喀什噶尔	(kā shí gá ěr)
喀什市	(kā shí shì)
喀斯特	(kā sī tè)
喀土穆	(kā tǔ mù)
卡	(kǎ)
卡昂	(kǎ áng)
卡巴莱	(kǎ bā lái)
卡巴斯基	(kǎ bā sī jī)
卡宾枪	(kǎ bīn qiāng)
卡波西氏肉瘤	(kǎ bō xī shì ròu liú)
卡波耶拉	(kǎ bō yē lā)
卡脖子	(qiǎ bó zi)
卡布其诺	(kǎ bù qí nuò)
卡布其诺咖啡	(kǎ bù qí nuò kā fēi)
卡布奇诺	(kǎ bù qí nuò)
卡槽	(kǎ cáo)
卡车	(kǎ chē)
卡池	(kǎ chí)
卡尺	(kǎ chǐ)
卡达	(kǎ dá)
卡带	(kǎ dài)
卡弹	(kǎ dàn)
卡到阴	(kǎ dào yīn)
卡地亚	(kǎ dì yà)
卡典西德	(kǎ diǎn xī dé)
卡点	(kǎ diǎn)
卡垫	(kǎ diàn)
卡丁车	(kǎ dīng chē)
卡顿	(kǎ dùn)
卡恩	(kǎ ēn)
卡尔	(kǎ ěr)
卡尔·马克思	(kǎ ěr · mǎ kè sī)
卡尔巴拉	(kǎ ěr bā lā)
卡尔德龙	(kǎ ěr dé lóng)
卡尔顿	(kǎ ěr dùn)
卡尔加里	(kǎ ěr jiā lǐ)
卡尔森	(kǎ ěr sēn)
卡尔斯鲁厄	(kǎ ěr sī lǔ è)
卡尔文	(kǎ ěr wén)
卡尔文克莱因	(kǎ ěr wén kè lái yīn)
卡方	(kǎ fāng)
卡夫	(kǎ fū)
卡夫卡	(kǎ fū kǎ)
卡关	(kǎ guān)
卡介苗	(kǎ jiè miáo)
卡壳	(qiǎ ké)
卡扣	(qiǎ kòu)
卡拉	(kǎ lā)
卡拉OK	(kǎ lā o k)
卡拉比拉	(kǎ lā bǐ lā)
卡拉布里亚	(kǎ lā bù lǐ yà)
卡拉季奇	(kǎ lā jì qí)
卡拉胶	(kǎ lā jiāo)
卡拉卡斯	(kǎ lā kǎ sī)
卡拉马佐夫兄弟	(kǎ lā mǎ zuǒ fū xiōng dì)
卡拉姆昌德	(kǎ lā mǔ chāng dé)
卡拉奇	(kǎ lā qí)
卡拉什尼科夫	(kǎ lā shí ní kē fū)
卡啦	(kǎ lā)
卡乐星	(kǎ lè xīng)
卡利多尼亚	(kǎ lì duō ní yà)
卡利卡特	(kǎ lì kǎ tè)
卡利科	(kǎ lì kē)
卡利亚里	(kǎ lì yà lǐ)
卡路里	(kǎ lù lǐ)
卡罗利纳	(kǎ luó lì nà)
卡洛驰	(kǎ luò chí)
卡洛娜	(kǎ luò nà)
卡洛斯	(kǎ luò sī)
卡骆驰	(kǎ luò chí)
卡梅伦	(kǎ méi lún)
卡美拉	(kǎ měi lā)
卡美洛	(kǎ měi luò)
卡门	(kǎ mén)
卡纳达语	(kǎ nà dá yǔ)
卡纳蕾	(kǎ nà lěi)
卡纳塔克邦	(kǎ nà tǎ kè bāng)
卡纳维尔角	(kǎ nà wéi ěr jiǎo)
卡纳维拉尔角	(kǎ nà wéi lā ěr jiǎo)
卡内基	(kǎ nèi jī)
卡内基梅隆大学	(kǎ nèi jī méi lóng dà xué)
卡尼丁	(kǎ ní dīng)
卡农	(kǎ nóng)
卡侬头	(kǎ nóng tóu)
卡奴	(kǎ nú)
卡帕	(kǎ pà)
卡牌	(kǎ pái)
卡盘	(qiǎ pán)
卡片	(kǎ piàn)
卡片机	(kǎ piàn jī)
卡其	(kǎ qí)
卡秋莎	(kǎ qiū shā)
卡若区	(kǎ ruò qū)
卡萨布兰卡	(kǎ sà bù lán kǎ)
卡萨诺瓦	(kǎ sà nuò wǎ)
卡桑德拉	(kǎ sāng dé lā)
卡森城	(kǎ sēn chéng)
卡珊德拉	(kǎ shān dé lā)
卡士达	(kǎ shì dá)
卡仕达	(kǎ shì dá)
卡式	(kǎ shì)
卡式炉	(kǎ shì lú)
卡司	(kǎ sī)
卡斯翠	(kǎ sī cuì)
卡斯蒂利亚	(kǎ sī dì lì yà)
卡斯蒂利亚·莱昂	(kǎ sī dì lì yà · lái áng)
卡斯蒂利亚语	(kǎ sī dì lì yà yǔ)
卡斯特里	(kǎ sī tè lǐ)
卡斯特利翁	(kǎ sī tè lì wēng)
卡斯特罗	(kǎ sī tè luó)
卡死	(kǎ sǐ)
卡榫	(kǎ sǔn)
卡他	(kǎ tā)
卡塔尔	(kǎ tǎ ěr)
卡塔赫纳	(kǎ tǎ hè nà)
卡塔尼亚	(kǎ tǎ ní yà)
卡痰	(kǎ tán)
卡特	(kǎ tè)
卡特彼勒公司	(kǎ tè bǐ lè gōng sī)
卡特尔	(kǎ tè ěr)
卡通	(kǎ tōng)
卡瓦格博峰	(kǎ wǎ gé bó fēng)
卡瓦斯	(kǎ wǎ sī)
卡哇伊	(kǎ wā yī)
卡哇依	(kǎ wā yī)
卡位	(kǎ wèi)
卡文迪什	(kǎ wén dí shí)
卡西米尔效应	(kǎ xī mǐ ěr xiào yìng)
卡西莫夫	(kǎ xī mò fū)
卡西尼	(kǎ xī ní)
卡西欧	(kǎ xī ōu)
卡仙尼	(kǎ xiān ní)
卡宴	(kǎ yàn)
卡债	(kǎ zhài)
卡纸	(kǎ zhǐ)
卡住	(kǎ zhù)
卡子	(qiǎ zi)
卡座	(kǎ zuò)
佧	(kǎ)
佧佤族	(kǎ wǎ zú)
揩	(kāi)
揩擦	(kāi cā)
揩拭	(kāi shì)
揩油	(kāi yóu)
剀	(kǎi)
剀切	(kǎi qiè)
凯	(kǎi)
凯彻	(kǎi chè)
凯达格兰	(kǎi dá gé lán)
凯达格兰族	(kǎi dá gé lán zú)
凯迪拉克	(kǎi dí lā kè)
凯蒂	(kǎi dì)
凯蒂猫	(kǎi dì māo)
凯恩斯	(kǎi ēn sī)
凯尔特人	(kǎi ěr tè rén)
凯法劳尼亚	(kǎi fǎ láo ní yà)
凯夫拉	(kǎi fū lā)
凯芙拉	(kǎi fú lā)
凯歌	(kǎi gē)
凯里市	(kǎi lǐ shì)
凯利	(kǎi lì)
凯林赛	(kǎi lín sài)
凯门鳄	(kǎi mén è)
凯尼恩	(kǎi ní ēn)
凯茜·弗里曼	(kǎi xī fú lǐ màn)
凯撒	(kǎi sā)
凯撒酱	(kǎi sā jiàng)
凯撒肋雅	(kǎi sā lèi yǎ)
凯瑟琳	(kǎi sè lín)
凯特	(kǎi tè)
凯文	(kǎi wén)
凯旋	(kǎi xuán)
凯旋门	(kǎi xuán mén)
凯悦	(kǎi yuè)
凯子	(kǎi zi)
垲	(kǎi)
恺	(kǎi)
恺彻	(kǎi chè)
恺弟	(kǎi tì)
恺撒	(kǎi sā)
恺悌	(kǎi tì)
慨	(kǎi)
慨叹	(kǎi tàn)
楷	(kǎi)
楷模	(kǎi mó)
楷书	(kǎi shū)
楷体	(kǎi tǐ)
楷字	(kǎi zì)
忾	(kài)
欬	(kài)
嘅	(gě)
刊	(kān)
刊登	(kān dēng)
刊发	(kān fā)
刊号	(kān hào)
刊首语	(kān shǒu yǔ)
刊头	(kān tóu)
刊物	(kān wù)
刊误	(kān wù)
刊误表	(kān wù biǎo)
刊行	(kān xíng)
刊印	(kān yìn)
刊载	(kān zǎi)
刊正	(kān zhèng)
勘	(kān)
勘测	(kān cè)
勘查	(kān chá)
勘察	(kān chá)
勘察加	(kān chá jiā)
勘察加半岛	(kān chá jiā bàn dǎo)
勘定	(kān dìng)
勘界	(kān jiè)
勘探	(kān tàn)
勘误	(kān wù)
勘误表	(kān wù biǎo)
勘验	(kān yàn)
勘正	(kān zhèng)
堪	(kān)
堪比	(kān bǐ)
堪察加	(kān chá jiā)
堪察加半岛	(kān chá jiā bàn dǎo)
堪察加柳莺	(kān chá jiā liǔ yīng)
堪称	(kān chēng)
堪培拉	(kān péi lā)
堪萨斯	(kān sà sī)
堪忧	(kān yōu)
堪虞	(kān yú)
堪舆	(kān yú)
戡	(kān)
坎	(kǎn)
坎贝尔	(kǎn bèi ěr)
坎贝尔侏儒仓鼠	(kǎn bèi ěr zhū rú cāng shǔ)
坎城	(kǎn chéng)
坎大哈	(kǎn dà hā)
坎大哈省	(kǎn dà hā shěng)
坎德拉	(kǎn dé lā)
坎儿	(kǎn r)
坎儿井	(kǎn r jǐng)
坎肩	(kǎn jiān)
坎肩儿	(kǎn jiān r)
坎坎	(kǎn kǎn)
坎坷	(kǎn kě)
坎坷不平	(kǎn kě bù píng)
坎坷多舛	(kǎn kě duō chuǎn)
坎昆	(kǎn kūn)
坎𡒄	(kǎn lǎn)
坎帕拉	(kǎn pà lā)
坎培拉	(kǎn péi lā)
坎炁	(kǎn qì)
坎塔布里亚	(kǎn tǎ bù lǐ yà)
坎塔布连	(kǎn tǎ bù lián)
坎塔布连海	(kǎn tǎ bù lián hǎi)
坎塔布连山脉	(kǎn tǎ bù lián shān mài)
坎特伯雷	(kǎn tè bó léi)
坎特伯雷故事集	(kǎn tè bó léi gù shì jí)
坎子	(kǎn zi)
侃	(kǎn)
侃大山	(kǎn dà shān)
侃价	(kǎn jià)
侃侃	(kǎn kǎn)
侃侃而谈	(kǎn kǎn ér tán)
侃星	(kǎn xīng)
侃爷	(kǎn yé)
欿	(kǎn)
欿然	(kǎn rán)
歁	(kǎn)
槛	(jiàn)
槛车	(jiàn chē)
槛花笼鹤	(jiàn huā lóng hè)
崁顶	(kǎn dǐng)
崁顶乡	(kǎn dǐng xiāng)
墈	(kàn)
康	(kāng)
康巴	(kāng bā)
康巴藏区	(kāng bā zàng qū)
康巴地区	(kāng bā dì qū)
康白度	(kāng bái dù)
康拜因	(kāng bài yīn)
康保县	(kāng bǎo xiàn)
康德	(kāng dé)
康定市	(kāng dìng shì)
康复	(kāng fù)
康佳	(kāng jiā)
康健	(kāng jiàn)
康康舞	(kāng kāng wǔ)
康科德	(kāng kē dé)
康乐	(kāng lè)
康乐县	(kāng lè xiàn)
康马县	(kāng mǎ xiàn)
康乃狄克	(kāng nǎi dí kè)
康乃馨	(kāng nǎi xīn)
康奈尔	(kāng nài ěr)
康奈尔大学	(kāng nài ěr dà xué)
康涅狄格	(kāng niè dí gé)
康平	(kāng píng)
康平县	(kāng píng xiàn)
康普茶	(kāng pǔ chá)
康乾盛世	(kāng qián shèng shì)
康乾宗迦峰	(kāng qián zōng jiā fēng)
康强	(kāng qiáng)
康桥	(kāng qiáo)
康区	(kāng qū)
康衢	(kāng qú)
康生	(kāng shēng)
康思维恩格	(kāng sī wéi ēn gé)
康斯坦察	(kāng sī tǎn chá)
康斯坦茨	(kāng sī tǎn cí)
康泰	(kāng tài)
康托尔	(kāng tuō ěr)
康熙	(kāng xī)
康县	(kāng xiàn)
康庄大道	(kāng zhuāng dà dào)
慷	(kāng)
慷慨	(kāng kǎi)
慷慨赴义	(kāng kǎi fù yì)
慷慨激昂	(kāng kǎi jī áng)
慷慨解囊	(kāng kǎi jiě náng)
慷慨捐生	(kāng kǎi juān shēng)
慷慨输将	(kāng kǎi shū jiāng)
槺	(kāng)
扛	(káng)
扛把子	(káng bǎ zi)
亢	(kàng)
亢奋	(kàng fèn)
亢旱	(kàng hàn)
亢进	(kàng jìn)
亢直	(kàng zhí)
伉	(kàng)
伉俪	(kàng lì)
伉俪情深	(kàng lì qíng shēn)
抗	(kàng)
抗癌	(kàng ái)
抗辩	(kàng biàn)
抗病	(kàng bìng)
抗病毒	(kàng bìng dú)
抗病毒药	(kàng bìng dú yào)
抗敌	(kàng dí)
抗毒素	(kàng dú sù)
抗旱	(kàng hàn)
抗核加固	(kàng hé jiā gù)
抗衡	(kàng héng)
抗洪	(kàng hóng)
抗坏血酸	(kàng huài xuè suān)
抗击	(kàng jī)
抗精神病	(kàng jīng shén bìng)
抗拒	(kàng jù)
抗锯齿	(kàng jù chǐ)
抗捐	(kàng juān)
抗菌	(kàng jūn)
抗菌素	(kàng jūn sù)
抗菌药	(kàng jūn yào)
抗抗生素	(kàng kàng shēng sù)
抗涝	(kàng lào)
抗礼	(kàng lǐ)
抗利尿激素	(kàng lì niào jī sù)
抗美援朝	(kàng měi yuán cháo)
抗命	(kàng mìng)
抗母	(kàng mǔ)
抗耐甲氧西林金葡菌	(kàng nài jiǎ yǎng xī lín jīn pú jūn)
抗凝血剂	(kàng níng xuè jì)
抗倾覆	(kàng qīng fù)
抗日	(kàng rì)
抗日战争	(kàng rì zhàn zhēng)
抗生素	(kàng shēng sù)
抗水	(kàng shuǐ)
抗税	(kàng shuì)
抗诉	(kàng sù)
抗体	(kàng tǐ)
抗性	(kàng xìng)
抗血清	(kàng xuè qīng)
抗压	(kàng yā)
抗炎性	(kàng yán xìng)
抗氧化剂	(kàng yǎng huà jì)
抗药	(kàng yào)
抗药能力	(kàng yào néng lì)
抗药性	(kàng yào xìng)
抗议	(kàng yì)
抗议者	(kàng yì zhě)
抗抑郁药	(kàng yì yù yào)
抗疫	(kàng yì)
抗忧郁药	(kàng yōu yù yào)
抗原	(kàng yuán)
抗原决定簇	(kàng yuán jué dìng cù)
抗灾	(kàng zāi)
抗战	(kàng zhàn)
抗震	(kàng zhèn)
抗震结构	(kàng zhèn jié gòu)
抗震救灾指挥部	(kàng zhèn jiù zāi zhǐ huī bù)
抗争	(kàng zhēng)
抗直	(kàng zhí)
抗组胺剂	(kàng zǔ àn jì)
抗组胺药	(kàng zǔ àn yào)
抗组织胺	(kàng zǔ zhī àn)
囥	(kàng)
炕	(kàng)
尻	(kāo)
尻骨	(kāo gǔ)
尻门子	(kāo mén zi)
丂	(kǎo)
考	(kǎo)
拷	(kǎo)
拷贝	(kǎo bèi)
拷打	(kǎo dǎ)
拷花	(kǎo huā)
拷掠	(kǎo lüè)
拷问	(kǎo wèn)
栲	(kǎo)
栲胶	(kǎo jiāo)
栲栳	(kǎo lǎo)
栲属	(kǎo shǔ)
柯	(kē)
柯P	(kē p)
柯城区	(kē chéng qū)
柯达	(kē dá)
柯棣华	(kē dì huá)
柯尔克孜	(kē ěr kè zī)
柯尔克孜语	(kē ěr kè zī yǔ)
柯尔克孜族	(kē ěr kè zī zú)
柯夫塔	(kē fū tǎ)
柯基	(kē jī)
柯里化	(kē lǐ huà)
柯林	(kē lín)
柯林顿	(kē lín dùn)
柯林斯	(kē lín sī)
柯密	(kē mì)
柯那克里	(kē nà kè lǐ)
柯南·道尔	(kē nán · dào ěr)
柯尼斯堡	(kē ní sī bǎo)
柯坪县	(kē píng xiàn)
柯桥区	(kē qiáo qū)
柯萨奇病毒	(kē sà qí bìng dú)
柯沙奇病毒	(kē shā qí bìng dú)
柯劭忞	(kē shào mín)
柯式印刷	(kē shì yìn shuā)
柯西	(kē xī)
棵	(kē)
嵙	(kē)
搕	(kè)
嗑	(kè)
嗑CP	(kē cp)
嗑药	(kè yào)
榼	(kè)
壳	(ké)
壳菜	(qiào cài)
壳儿	(ké r)
壳郎猪	(ké lang zhū)
壳幔	(ké màn)
壳牌公司	(qiào pái gōng sī)
壳质	(qiào zhì)
可	(kě)
可哀	(kě āi)
可爱	(kě ài)
可爱岛	(kě ài dǎo)
可悲	(kě bēi)
可比	(kě bǐ)
可鄙	(kě bǐ)
可编程	(kě biān chéng)
可变	(kě biàn)
可不是	(kě bu shì)
可擦除可编程只读存储器	(kě cā chú kě biān chéng zhǐ dú cún chǔ qì)
可擦写	(kě cā xiě)
可采	(kě cǎi)
可采性	(kě cǎi xìng)
可乘之机	(kě chéng zhī jī)
可吃	(kě chī)
可持续	(kě chí xù)
可持续发展	(kě chí xù fā zhǎn)
可耻	(kě chǐ)
可蠢	(kě chǔn)
可磁化体	(kě cí huà tǐ)
可待因	(kě dài yīn)
可导	(kě dǎo)
可调	(kě tiáo)
可懂度	(kě dǒng dù)
可动	(kě dòng)
可读	(kě dú)
可读性	(kě dú xìng)
可恶	(kě wù)
可儿	(kě ér)
可分	(kě fēn)
可否	(kě fǒu)
可歌可泣	(kě gē kě qì)
可耕地	(kě gēng dì)
可怪	(kě guài)
可观	(kě guān)
可贵	(kě guì)
可汗	(kè hán)
可好	(kě hǎo)
可恨	(kě hèn)
可回收	(kě huí shōu)
可加	(kě jiā)
可嘉	(kě jiā)
可见	(kě jiàn)
可见光	(kě jiàn guāng)
可接受性	(kě jiē shòu xìng)
可结合性	(kě jié hé xìng)
可解	(kě jiě)
可劲	(kě jìn)
可劲儿	(kě jìn r)
可惊	(kě jīng)
可敬	(kě jìng)
可就	(kě jiù)
可掬	(kě jū)
可决	(kě jué)
可决率	(kě jué lǜ)
可决票	(kě jué piào)
可卡因	(kě kǎ yīn)
可堪	(kě kān)
可看	(kě kàn)
可靠	(kě kào)
可靠性	(kě kào xìng)
可可	(kě kě)
可可波罗	(kě kě bō luó)
可可粉	(kě kě fěn)
可可米	(kě kě mǐ)
可可西里	(kě kě xī lǐ)
可可脂	(kě kě zhī)
可控硅	(kě kòng guī)
可口	(kě kǒu)
可口可乐	(kě kǒu kě lè)
可扩展标记语言	(kě kuò zhǎn biāo jì yǔ yán)
可兰经	(kě lán jīng)
可乐	(kě lè)
可乐饼	(kě lè bǐng)
可乐定	(kě lè dìng)
可丽饼	(kě lì bǐng)
可丽露	(kě lì lù)
可怜	(kě lián)
可怜巴巴	(kě lián bā bā)
可怜虫	(kě lián chóng)
可怜见	(kě lián jiàn)
可怜兮兮	(kě lián xī xī)
可裂变	(kě liè biàn)
可裂变材料	(kě liè biàn cái liào)
可裂变同位素	(kě liè biàn tóng wèi sù)
可伦坡	(kě lún pō)
可虑	(kě lǜ)
可恼	(kě nǎo)
可能	(kě néng)
可能性	(kě néng xìng)
可逆	(kě nì)
可逆性	(kě nì xìng)
可念	(kě niàn)
可怕	(kě pà)
可欺	(kě qī)
可气	(kě qì)
可巧	(kě qiǎo)
可亲	(kě qīn)
可取	(kě qǔ)
可取之处	(kě qǔ zhī chù)
可圈可点	(kě quān kě diǎn)
可燃	(kě rán)
可燃冰	(kě rán bīng)
可燃性	(kě rán xìng)
可人	(kě rén)
可溶	(kě róng)
可溶性	(kě róng xìng)
可身	(kě shēn)
可食	(kě shí)
可视电话	(kě shì diàn huà)
可视化	(kě shì huà)
可是	(kě shì)
可恃	(kě shì)
可数	(kě shǔ)
可数集	(kě shǔ jí)
可数名词	(kě shǔ míng cí)
可颂	(kě sòng)
可塑性	(kě sù xìng)
可叹	(kě tàn)
可体	(kě tǐ)
可通	(kě tōng)
可望	(kě wàng)
可望而不可及	(kě wàng ér bù kě jí)
可望而不可即	(kě wàng ér bù kě jí)
可望有成	(kě wàng yǒu chéng)
可微	(kě wēi)
可畏	(kě wèi)
可谓	(kě wèi)
可惜	(kě xī)
可喜	(kě xǐ)
可喜可贺	(kě xǐ kě hè)
可想而知	(kě xiǎng ér zhī)
可笑	(kě xiào)
可心	(kě xīn)
可信	(kě xìn)
可信度	(kě xìn dù)
可信任	(kě xìn rèn)
可行	(kě xíng)
可行性	(kě xíng xìng)
可选	(kě xuǎn)
可寻址	(kě xún zhǐ)
可压缩	(kě yā suō)
可言	(kě yán)
可一而不可再	(kě yī ér bù kě zài)
可移植	(kě yí zhí)
可移植性	(kě yí zhí xìng)
可疑	(kě yí)
可疑分子	(kě yí fèn zǐ)
可以	(kě yǐ)
可以意会，不可言传	(kě yǐ yì huì , bù kě yán chuán)
可有可无	(kě yǒu kě wú)
可遇不可求	(kě yù bù kě qiú)
可再生	(kě zài shēng)
可憎	(kě zēng)
可展曲面	(kě zhǎn qū miàn)
可支付性	(kě zhī fù xìng)
可支配收入	(kě zhī pèi shōu rù)
可知	(kě zhī)
可知论	(kě zhī lùn)
可执行	(kě zhí xíng)
可转让	(kě zhuǎn ràng)
可转让证券	(kě zhuǎn ràng zhèng quàn)
可转债	(kě zhuǎn zhài)
可作	(kě zuò)
坷	(kē)
坷垃	(kē lā)
岢	(kě)
岢岚县	(kě lán xiàn)
克	(kè)
克东县	(kè dōng xiàn)
克尔白	(kè ěr bái)
克服	(kè fú)
克格勃	(kè gé bó)
克国	(kè guó)
克基拉岛	(kè jī lā dǎo)
克己	(kè jǐ)
克己奉公	(kè jǐ fèng gōng)
克己复礼	(kè jǐ fù lǐ)
克俭	(kè jiǎn)
克扣	(kè kòu)
克拉	(kè lā)
克拉科夫	(kè lā kē fū)
克拉克	(kè lā kè)
克拉玛依区	(kè lā mǎ yī qū)
克拉玛依市	(kè lā mǎ yī shì)
克拉斯金诺	(kè lā sī jīn nuò)
克拉斯诺达尔	(kè lā sī nuò dá ěr)
克拉斯诺亚尔斯克	(kè lā sī nuò yà ěr sī kè)
克拉通	(kè lā tōng)
克莱	(kè lái)
克莱顿	(kè lái dùn)
克莱尔	(kè lái ěr)
克莱尔蒙特	(kè lái ěr méng tè)
克莱蒙	(kè lái méng)
克莱蒙特	(kè lái méng tè)
克莱斯勒	(kè lái sī lè)
克莱因	(kè lái yīn)
克赖斯特彻奇	(kè lài sī tè chè qí)
克朗	(kè lǎng)
克朗代克	(kè lǎng dài kè)
克劳德	(kè láo dé)
克劳斯	(kè láo sī)
克劳修斯	(kè láo xiū sī)
克勒	(kè lè)
克雷伯氏菌属	(kè léi bó shì jūn shǔ)
克蕾儿	(kè lěi r)
克里奥尔语	(kè lǐ ào ěr yǔ)
克里米亚	(kè lǐ mǐ yà)
克里姆林宫	(kè lǐ mǔ lín gōng)
克里木	(kè lǐ mù)
克里木半岛	(kè lǐ mù bàn dǎo)
克里木战争	(kè lǐ mù zhàn zhēng)
克里普斯	(kè lǐ pǔ sī)
克里斯蒂安	(kè lǐ sī dì ān)
克里斯蒂安松	(kè lǐ sī dì ān sōng)
克里斯蒂娃	(kè lǐ sī dì wá)
克里斯汀	(kè lǐ sī tīng)
克里斯汀·贝尔	(kè lǐ sī tīng · bèi ěr)
克里斯托弗	(kè lǐ sī tuō fú)
克里特	(kè lǐ tè)
克里特岛	(kè lǐ tè dǎo)
克利夫兰	(kè lì fū lán)
克利斯朵夫	(kè lì sī duǒ fū)
克莉奥佩特拉	(kè lì ào pèi tè lā)
克林德	(kè lín dé)
克林顿	(kè lín dùn)
克林霉素	(kè lín méi sù)
克林姆	(kè lín mǔ)
克林姆酱	(kè lín mǔ jiàng)
克流感	(kè liú gǎn)
克隆	(kè lóng)
克隆技术	(kè lóng jì shù)
克隆人	(kè lóng rén)
克隆氏病	(kè lóng shì bìng)
克娄巴特拉	(kè lóu bā tè lā)
克漏字	(kè lòu zì)
克虏伯	(kè lǔ bó)
克仑特罗	(kè lún tè luō)
克罗埃西亚	(kè luó āi xī yà)
克罗地亚	(kè luó dì yà)
克罗地亚共和国	(kè luó dì yà gòng hé guó)
克罗地亚语	(kè luó dì yà yǔ)
克罗诺斯	(kè luó nuò sī)
克霉唑	(kè méi zuò)
克难	(kè nán)
克期	(kè qī)
克勤克俭	(kè qín kè jiǎn)
克日	(kè rì)
克沙奇病毒	(kè shā qí bìng dú)
克山县	(kè shān xiàn)
克绍箕裘	(kè shào jī qiú)
克什克腾	(kè shí kè téng)
克什克腾旗	(kè shí kè téng qí)
克什米尔	(kè shí mǐ ěr)
克氏黑鳍鳈	(kè shì hēi qí quán)
克氏原螯虾	(kè shì yuán áo xiā)
克丝钳子	(kè sī qián zi)
克苏鲁	(kè sū lǔ)
克他命	(kè tā mìng)
克汀病	(kè tīng bìng)
克维拉	(kè wéi lā)
克文	(kè wén)
克星	(kè xīng)
克雅氏病	(kè yǎ shì bìng)
克耶邦	(kè yē bāng)
克耶族	(kè yē zú)
克制	(kè zhì)
克孜尔尕哈	(kè zī ěr gǎ hā)
克孜尔千佛洞	(kè zī ěr qiān fó dòng)
克孜勒	(kè zī lè)
克孜勒苏河	(kè zī lè sū hé)
克孜勒苏柯尔克孜自治州	(kè zī lè sū kē ěr kè zī zì zhì zhōu)
刻	(kè)
刻板	(kè bǎn)
刻板印象	(kè bǎn yìn xiàng)
刻版	(kè bǎn)
刻薄	(kè bó)
刻薄寡恩	(kè bó guǎ ēn)
刻本	(kè běn)
刻剥	(kè bō)
刻不容缓	(kè bù róng huǎn)
刻刀	(kè dāo)
刻毒	(kè dú)
刻度	(kè dù)
刻度盘	(kè dù pán)
刻骨	(kè gǔ)
刻骨铭心	(kè gǔ míng xīn)
刻骨相思	(kè gǔ xiāng sī)
刻鹄类鹜	(kè hú lèi wù)
刻痕	(kè hén)
刻画	(kè huà)
刻苦	(kè kǔ)
刻苦耐劳	(kè kǔ nài láo)
刻苦钻研	(kè kǔ zuān yán)
刻录	(kè lù)
刻录机	(kè lù jī)
刻期	(kè qī)
刻奇	(kè qí)
刻日	(kè rì)
刻丝	(kè sī)
刻写	(kè xiě)
刻意	(kè yì)
刻意求工	(kè yì qiú gōng)
刻意为之	(kè yì wéi zhī)
刻印	(kè yìn)
刻舟求剑	(kè zhōu qiú jiàn)
兙	(shi2ke4)
剋	(kēi)
剋架	(kēi jià)
峇	(kē)
峇峇娘惹	(bā bā niáng rě)
峇拉煎	(bā lā jiān)
峇厘	(bā lí)
峇里	(bā lǐ)
恪	(kè)
恪慎	(kè shèn)
恪守	(kè shǒu)
恪遵	(kè zūn)
客	(kè)
客舱	(kè cāng)
客场	(kè chǎng)
客车	(kè chē)
客船	(kè chuán)
客串	(kè chuàn)
客单价	(kè dān jià)
客店	(kè diàn)
客队	(kè duì)
客饭	(kè fàn)
客房	(kè fáng)
客房服务	(kè fáng fú wù)
客服	(kè fú)
客观	(kè guān)
客观世界	(kè guān shì jiè)
客观唯心主义	(kè guān wéi xīn zhǔ yì)
客观性	(kè guān xìng)
客观主义	(kè guān zhǔ yì)
客官	(kè guān)
客户	(kè hù)
客户端	(kè hù duān)
客户服务	(kè hù fú wù)
客户服务部	(kè hù fú wù bù)
客户机	(kè hù jī)
客户机软件	(kè hù jī ruǎn jiàn)
客户应用	(kè hù yìng yòng)
客机	(kè jī)
客家话	(kè jiā huà)
客家人	(kè jiā rén)
客家语	(kè jiā yǔ)
客居	(kè jū)
客流	(kè liú)
客轮	(kè lún)
客满	(kè mǎn)
客气	(kè qi)
客气话	(kè qi huà)
客群	(kè qún)
客人	(kè rén)
客似云来	(kè sì yún lái)
客室	(kè shì)
客死	(kè sǐ)
客死异乡	(kè sǐ yì xiāng)
客诉	(kè sù)
客堂	(kè táng)
客套	(kè tào)
客套话	(kè tào huà)
客梯	(kè tī)
客体	(kè tǐ)
客厅	(kè tīng)
客西马尼园	(kè xī mǎ ní yuán)
客语	(kè yǔ)
客源	(kè yuán)
客运	(kè yùn)
客运量	(kè yùn liàng)
客蚤	(kè zǎo)
客蚤属	(kè zǎo shǔ)
客栈	(kè zhàn)
客制化	(kè zhì huà)
客座教授	(kè zuò jiào shòu)
兛	(qian1ke4)
兞	(hao2ke4)
兡	(bai3ke4)
垦	(kěn)
垦丁	(kěn dīng)
垦丁国家公园	(kěn dīng guó jiā gōng yuán)
垦耕	(kěn gēng)
垦荒	(kěn huāng)
垦利区	(kěn lì qū)
垦殖	(kěn zhí)
恳	(kěn)
恳辞	(kěn cí)
恳切	(kěn qiè)
恳请	(kěn qǐng)
恳求	(kěn qiú)
啃	(kěn)
啃老	(kěn lǎo)
啃老族	(kěn lǎo zú)
啃书	(kěn shū)
掯	(kèn)
坑	(kēng)
坑道	(kēng dào)
坑爹	(kēng diē)
坑洞	(kēng dòng)
坑害	(kēng hài)
坑井	(kēng jǐng)
坑坎	(kēng kǎn)
坑坑洼洼	(kēng keng wā wā)
坑口	(kēng kǒu)
坑蒙	(kēng mēng)
坑蒙拐骗	(kēng mēng guǎi piàn)
坑木	(kēng mù)
坑骗	(kēng piàn)
坑人	(kēng rén)
坑杀	(kēng shā)
坑洼	(kēng wā)
吭	(háng)
吭哧	(kēng chi)
吭吭	(kēng kēng)
吭气	(kēng qì)
吭声	(kēng shēng)
倥	(kōng)
倥侗	(kōng tóng)
倥偬	(kǒng zǒng)
崆	(kōng)
崆峒区	(kōng tóng qū)
悾	(kōng)
孔	(kǒng)
孔版印刷	(kǒng bǎn yìn shuā)
孔丛子	(kǒng cóng zǐ)
孔道	(kǒng dào)
孔德	(kǒng dé)
孔洞	(kǒng dòng)
孔方兄	(kǒng fāng xiōng)
孔夫子	(kǒng fū zǐ)
孔教	(kǒng jiào)
孔径	(kǒng jìng)
孔林	(kǒng lín)
孔门	(kǒng mén)
孔孟	(kǒng mèng)
孔孟之道	(kǒng mèng zhī dào)
孔庙	(kǒng miào)
孔明	(kǒng míng)
孔明灯	(kǒng míng dēng)
孔丘	(kǒng qiū)
孔雀	(kǒng què)
孔雀河	(kǒng què hé)
孔雀女	(kǒng què nǚ)
孔雀王朝	(kǒng què wáng cháo)
孔雀座	(kǒng què zuò)
孔融	(kǒng róng)
孔融让梨	(kǒng róng ràng lí)
孔尚任	(kǒng shàng rèn)
孔圣人	(kǒng shèng rén)
孔斯贝格	(kǒng sī bèi gé)
孔武	(kǒng wǔ)
孔武有力	(kǒng wǔ yǒu lì)
孔隙	(kǒng xì)
孔穴	(kǒng xué)
孔眼	(kǒng yǎn)
孔乙己	(kǒng yǐ jǐ)
孔殷	(kǒng yīn)
孔颖达	(kǒng yǐng dá)
孔院	(kǒng yuàn)
孔子	(kǒng zǐ)
孔子家语	(kǒng zǐ jiā yǔ)
孔子学院	(kǒng zǐ xué yuàn)
恐	(kǒng)
恐艾	(kǒng ài)
恐怖	(kǒng bù)
恐怖电影	(kǒng bù diàn yǐng)
恐怖分子	(kǒng bù fèn zǐ)
恐怖片	(kǒng bù piàn)
恐怖片儿	(kǒng bù piān r)
恐怖袭击	(kǒng bù xí jī)
恐怖症	(kǒng bù zhèng)
恐怖主义	(kǒng bù zhǔ yì)
恐怖主义者	(kǒng bù zhǔ yì zhě)
恐怖组织	(kǒng bù zǔ zhī)
恐高症	(kǒng gāo zhèng)
恐攻	(kǒng gōng)
恐共	(kǒng gòng)
恐韩症	(kǒng hán zhèng)
恐慌	(kǒng huāng)
恐慌发作	(kǒng huāng fā zuò)
恐婚	(kǒng hūn)
恐惧	(kǒng jù)
恐惧症	(kǒng jù zhèng)
恐旷症	(kǒng kuàng zhèng)
恐狼	(kǒng láng)
恐龙	(kǒng lóng)
恐龙类	(kǒng lóng lèi)
恐龙妹	(kǒng lóng mèi)
恐龙总目	(kǒng lóng zǒng mù)
恐鸟	(kǒng niǎo)
恐怕	(kǒng pà)
恐水病	(kǒng shuǐ bìng)
恐水症	(kǒng shuǐ zhèng)
恐同	(kǒng tóng)
恐同症	(kǒng tóng zhèng)
恐袭	(kǒng xí)
恐吓	(kǒng hè)
恐血症	(kǒng xuè zhèng)
控	(kòng)
控辩	(kòng biàn)
控辩交易	(kòng biàn jiāo yì)
控辩协议	(kòng biàn xié yì)
控方	(kòng fāng)
控告	(kòng gào)
控股	(kòng gǔ)
控股公司	(kòng gǔ gōng sī)
控管	(kòng guǎn)
控规	(kòng guī)
控件	(kòng jiàn)
控评	(kòng píng)
控球后卫	(kòng qiú hòu wèi)
控诉	(kòng sù)
控卫	(kòng wèi)
控制	(kòng zhì)
控制棒	(kòng zhì bàng)
控制杆	(kòng zhì gǎn)
控制狂	(kòng zhì kuáng)
控制论	(kòng zhì lùn)
控制权	(kòng zhì quán)
控制室	(kòng zhì shì)
控制台	(kòng zhì tái)
控罪	(kòng zuì)
抠	(kōu)
抠脚	(kōu jiǎo)
抠门	(kōu mén)
抠门儿	(kōu mén r)
抠搜	(kōu sou)
抠图	(kōu tú)
抠字眼	(kōu zì yǎn)
抠字眼儿	(kōu zì yǎn r)
口	(kǒu)
口岸	(kǒu àn)
口白	(kǒu bái)
口爆	(kǒu bào)
口碑	(kǒu bēi)
口碑流传	(kǒu bēi liú chuán)
口碑载道	(kǒu bēi zài dào)
口北	(kǒu běi)
口鼻	(kǒu bí)
口播	(kǒu bō)
口不应心	(kǒu bù yìng xīn)
口不择言	(kǒu bù zé yán)
口才	(kǒu cái)
口彩	(kǒu cǎi)
口称	(kǒu chēng)
口吃	(kǒu chī)
口齿	(kǒu chǐ)
口齿不清	(kǒu chǐ bù qīng)
口齿伶俐	(kǒu chǐ líng lì)
口齿清楚	(kǒu chǐ qīng chu)
口齿生香	(kǒu chǐ shēng xiāng)
口臭	(kǒu chòu)
口出狂言	(kǒu chū kuáng yán)
口传	(kǒu chuán)
口疮	(kǒu chuāng)
口袋	(kǒu dài)
口袋饼	(kǒu dài bǐng)
口袋妖怪	(kǒu dài yāo guài)
口袋罪	(kǒu dài zuì)
口德	(kǒu dé)
口风	(kǒu fēng)
口风琴	(kǒu fēng qín)
口锋	(kǒu fēng)
口服	(kǒu fú)
口服补液盐	(kǒu fú bǔ yè yán)
口服液	(kǒu fú yè)
口福	(kǒu fú)
口腹	(kǒu fù)
口腹之欲	(kǒu fù zhī yù)
口感	(kǒu gǎn)
口干舌燥	(kǒu gān shé zào)
口供	(kǒu gòng)
口号	(kǒu hào)
口红	(kǒu hóng)
口红胶	(kǒu hóng jiāo)
口湖	(kǒu hú)
口湖乡	(kǒu hú xiāng)
口糊	(kǒu hú)
口簧	(kǒu huáng)
口簧琴	(kǒu huáng qín)
口活	(kǒu huó)
口技	(kǒu jì)
口交	(kǒu jiāo)
口角	(kǒu jué)
口角战	(kǒu jiǎo zhàn)
口径	(kǒu jìng)
口诀	(kǒu jué)
口嚼酒	(kǒu jiáo jiǔ)
口渴	(kǒu kě)
口口声声	(kǒu kou shēng shēng)
口粮	(kǒu liáng)
口令	(kǒu lìng)
口络	(kǒu luò)
口蜜腹剑	(kǒu mì fù jiàn)
口蘑	(kǒu mó)
口沫	(kǒu mò)
口沫横飞	(kǒu mò héng fēi)
口讷	(kǒu nè)
口皮	(kǒu pí)
口气	(kǒu qì)
口器	(kǒu qì)
口腔	(kǒu qiāng)
口腔溃疡	(kǒu qiāng kuì yáng)
口腔炎	(kǒu qiāng yán)
口琴	(kǒu qín)
口球	(kǒu qiú)
口若悬河	(kǒu ruò xuán hé)
口哨	(kǒu shào)
口舌	(kǒu shé)
口射	(kǒu shè)
口实	(kǒu shí)
口试	(kǒu shì)
口是心非	(kǒu shì xīn fēi)
口述	(kǒu shù)
口水	(kǒu shuǐ)
口水歌	(kǒu shuǐ gē)
口水鸡	(kǒu shuǐ jī)
口水佬	(kǒu shuǐ lǎo)
口水战	(kǒu shuǐ zhàn)
口水仗	(kǒu shuǐ zhàng)
口说无凭	(kǒu shuō wú píng)
口蹄疫	(kǒu tí yì)
口甜	(kǒu tián)
口条	(kǒu tiáo)
口头	(kǒu tóu)
口头禅	(kǒu tóu chán)
口头语	(kǒu tóu yǔ)
口味	(kǒu wèi)
口吻	(kǒu wěn)
口无择言	(kǒu wú zé yán)
口无遮拦	(kǒu wú zhē lán)
口误	(kǒu wù)
口吸盘	(kǒu xī pán)
口弦	(kǒu xián)
口嫌体正直	(kǒu xián tǐ zhèng zhí)
口嫌体直	(kǒu xián tǐ zhí)
口香糖	(kǒu xiāng táng)
口信	(kǒu xìn)
口形	(kǒu xíng)
口型	(kǒu xíng)
口眼歪斜	(kǒu yǎn wāi xié)
口译	(kǒu yì)
口译员	(kǒu yì yuán)
口音	(kǒu yin)
口淫	(kǒu yín)
口语	(kǒu yǔ)
口语沟通	(kǒu yǔ gōu tōng)
口欲期	(kǒu yù qī)
口罩	(kǒu zhào)
口诛笔伐	(kǒu zhū bǐ fá)
口子	(kǒu zi)
口足目	(kǒu zú mù)
叩	(kòu)
叩拜	(kòu bài)
叩关	(kòu guān)
叩见	(kòu jiàn)
叩门	(kòu mén)
叩球	(kòu qiú)
叩首	(kòu shǒu)
叩头	(kòu tóu)
叩问	(kòu wèn)
叩谒	(kòu yè)
叩应	(kòu yìng)
扣	(kòu)
扣查	(kòu chá)
扣除	(kòu chú)
扣带回	(kòu dài huí)
扣动	(kòu dòng)
扣发	(kòu fā)
扣分	(kòu fēn)
扣关	(kòu guān)
扣环	(kòu huán)
扣击	(kòu jī)
扣缴	(kòu jiǎo)
扣扣	(kòu kòu)
扣篮	(kòu lán)
扣留	(kòu liú)
扣帽子	(kòu mào zi)
扣襻	(kòu pàn)
扣球	(kòu qiú)
扣去	(kòu qù)
扣人心弦	(kòu rén xīn xián)
扣肉	(kòu ròu)
扣杀	(kòu shā)
扣上	(kòu shàng)
扣屎盔子	(kòu shǐ kuī zi)
扣屎盆子	(kòu shǐ pén zi)
扣式电池	(kòu shì diàn chí)
扣题	(kòu tí)
扣问	(kòu wèn)
扣压	(kòu yā)
扣押	(kòu yā)
扣应	(kòu yìng)
扣住	(kòu zhù)
怐	(kòu)
怐愗	(kòu mào)
寇	(kòu)
寇攘	(kòu rǎng)
寇准	(kòu zhǔn)
刳	(kū)
枯	(kū)
枯草	(kū cǎo)
枯草杆菌	(kū cǎo gǎn jūn)
枯草热	(kū cǎo rè)
枯干	(kū gān)
枯槁	(kū gǎo)
枯寂	(kū jì)
枯竭	(kū jié)
枯茗	(kū míng)
枯木	(kū mù)
枯木逢春	(kū mù féng chūn)
枯树	(kū shù)
枯水	(kū shuǐ)
枯水期	(kū shuǐ qī)
枯死	(kū sǐ)
枯萎	(kū wěi)
枯萎病	(kū wěi bìng)
枯朽	(kū xiǔ)
枯叶	(kū yè)
枯叶剂	(kū yè jì)
枯燥	(kū zào)
枯燥无味	(kū zào wú wèi)
哭	(kū)
哭鼻子	(kū bí zi)
哭得死去活来	(kū de sǐ qù huó lái)
哭喊	(kū hǎn)
哭哭啼啼	(kū ku tí tí)
哭脸	(kū liǎn)
哭灵	(kū líng)
哭闹	(kū nào)
哭泣	(kū qì)
哭腔	(kū qiāng)
哭墙	(kū qiáng)
哭穷	(kū qióng)
哭秋风	(kū qiū fēng)
哭丧	(kū sāng)
哭丧棒	(kū sāng bàng)
哭丧脸	(kū sang liǎn)
哭丧着脸	(kū sang zhe liǎn)
哭声	(kū shēng)
哭诉	(kū sù)
哭天抹泪	(kū tiān mǒ lèi)
哭笑不得	(kū xiào bù dé)
堀	(kū)
圐	(kū)
圐圙	(kū lüè)
楛	(kǔ)
库	(kù)
库布里克	(kù bù lǐ kè)
库藏	(kù cáng)
库车市	(kù chē shì)
库存	(kù cún)
库存现金	(kù cún xiàn jīn)
库德	(kù dé)
库德斯坦	(kù dé sī tǎn)
库尔	(kù ěr)
库尔德	(kù ěr dé)
库尔德工人党	(kù ěr dé gōng rén dǎng)
库尔德人	(kù ěr dé rén)
库尔德斯坦	(kù ěr dé sī tǎn)
库尔勒市	(kù ěr lè shì)
库尔尼科娃	(kù ěr ní kē wá)
库尔斯克	(kù ěr sī kè)
库房	(kù fáng)
库工党	(kù gōng dǎng)
库克	(kù kè)
库克船长	(kù kè chuán zhǎng)
库克群岛	(kù kè qún dǎo)
库克山	(kù kè shān)
库肯霍夫公园	(kù kěn huò fū gōng yuán)
库拉索	(kù lā suǒ)
库里提巴	(kù lǐ tí bā)
库鲁病	(kù lǔ bìng)
库仑	(kù lún)
库仑计	(kù lún jì)
库伦	(kù lún)
库伦旗	(kù lún qí)
库姆	(kù mǔ)
库姆塔格沙漠	(kù mǔ tǎ gé shā mò)
库木吐拉千佛洞	(kù mù tǔ lā qiān fó dòng)
库纳	(kù nà)
库珀带	(kù pò dài)
库页岛	(kù yè dǎo)
库页岛柳莺	(kù yè dǎo liǔ yīng)
喾	(kù)
夸	(kuā)
夸克	(kuā kè)
夸夸其谈	(kuā kuā qí tán)
姱	(kuā)
侉	(kuǎ)
侉子	(kuǎ zi)
垮	(kuǎ)
垮脸	(kuǎ liǎn)
垮塌	(kuǎ tā)
垮台	(kuǎ tái)
㐄	(kuà)
挎	(kuà)
挎包	(kuà bāo)
挎兜	(kuà dōu)
挎兜儿	(kuà dōu r)
挎斗	(kuà dǒu)
㧟	(kuǎi)
巜	(kuài)
块	(kuài)
块儿八毛	(kuài r bā máo)
块根	(kuài gēn)
块规	(kuài guī)
块茎	(kuài jīng)
块菌	(kuài jūn)
块垒	(kuài lěi)
块煤	(kuài méi)
块体	(kuài tǐ)
块头	(kuài tóu)
块状	(kuài zhuàng)
快	(kuài)
快班	(kuài bān)
快板	(kuài bǎn)
快板儿	(kuài bǎn r)
快报	(kuài bào)
快步	(kuài bù)
快步流星	(kuài bù liú xīng)
快步跑	(kuài bù pǎo)
快餐	(kuài cān)
快餐部	(kuài cān bù)
快餐店	(kuài cān diàn)
快餐交友	(kuài cān jiāo yǒu)
快测	(kuài cè)
快炒店	(kuài chǎo diàn)
快车	(kuài chē)
快车道	(kuài chē dào)
快充	(kuài chōng)
快船	(kuài chuán)
快当	(kuài dang)
快刀断乱麻	(kuài dāo duàn luàn má)
快刀斩乱麻	(kuài dāo zhǎn luàn má)
快递	(kuài dì)
快递员	(kuài dì yuán)
快点	(kuài diǎn)
快点儿	(kuài diǎn r)
快感	(kuài gǎn)
快感中心	(kuài gǎn zhōng xīn)
快攻	(kuài gōng)
快锅	(kuài guō)
快活	(kuài huo)
快件	(kuài jiàn)
快捷	(kuài jié)
快捷方式	(kuài jié fāng shì)
快捷键	(kuài jié jiàn)
快进	(kuài jìn)
快可立	(kuài kě lì)
快乐	(kuài lè)
快乐大本营	(kuài lè dà běn yíng)
快马加鞭	(kuài mǎ jiā biān)
快慢	(kuài màn)
快门	(kuài mén)
快钱	(kuài qián)
快取	(kuài qǔ)
快筛	(kuài shāi)
快闪	(kuài shǎn)
快闪存储器	(kuài shǎn cún chǔ qì)
快闪党	(kuài shǎn dǎng)
快闪记忆体	(kuài shǎn jì yì tǐ)
快闪记忆体盘	(kuài shǎn jì yì tǐ pán)
快闪族	(kuài shǎn zú)
快时尚	(kuài shí shàng)
快手	(kuài shǒu)
快熟面	(kuài shú miàn)
快速	(kuài sù)
快速动眼期	(kuài sù dòng yǎn qī)
快速记忆法	(kuài sù jì yì fǎ)
快速筛检	(kuài sù shāi jiǎn)
快速以太网络	(kuài sù yǐ tài wǎng luò)
快速诊断测试	(kuài sù zhěn duàn cè shì)
快碳	(kuài tàn)
快艇	(kuài tǐng)
快退	(kuài tuì)
快慰	(kuài wèi)
快消	(kuài xiāo)
快消品	(kuài xiāo pǐn)
快信	(kuài xìn)
快行道	(kuài xíng dào)
快讯	(kuài xùn)
快要	(kuài yào)
快意	(kuài yì)
快鱼	(kuài yú)
快照	(kuài zhào)
快中子	(kuài zhōng zǐ)
快煮壶	(kuài zhǔ hú)
快转	(kuài zhuǎn)
快嘴	(kuài zuǐ)
侩	(kuài)
哙	(wèi)
廥	(kuài)
廥仓	(kuài cāng)
旝	(kuài)
宽	(kuān)
宽敞	(kuān chang)
宽畅	(kuān chàng)
宽城满族自治县	(kuān chéng mǎn zú zì zhì xiàn)
宽城区	(kuān chéng qū)
宽绰	(kuān chuo)
宽打窄用	(kuān dǎ zhǎi yòng)
宽大	(kuān dà)
宽大为怀	(kuān dà wéi huái)
宽带	(kuān dài)
宽贷	(kuān dài)
宽待	(kuān dài)
宽甸满族自治县	(kuān diàn mǎn zú zì zhì xiàn)
宽度	(kuān dù)
宽泛	(kuān fàn)
宽斧	(kuān fǔ)
宽广	(kuān guǎng)
宽广度	(kuān guǎng dù)
宽弘	(kuān hóng)
宽宏	(kuān hóng)
宽宏大度	(kuān hóng dà dù)
宽宏大量	(kuān hóng dà liàng)
宽洪	(kuān hóng)
宽洪大度	(kuān hóng dà dù)
宽洪大量	(kuān hóng dà liàng)
宽厚	(kuān hòu)
宽缓	(kuān huǎn)
宽假	(kuān jiǎ)
宽减	(kuān jiǎn)
宽胶带	(kuān jiāo dài)
宽解	(kuān jiě)
宽口	(kuān kǒu)
宽旷	(kuān kuàng)
宽阔	(kuān kuò)
宽亮	(kuān liàng)
宽免	(kuān miǎn)
宽频	(kuān pín)
宽屏	(kuān píng)
宽饶	(kuān ráo)
宽容	(kuān róng)
宽赦	(kuān shè)
宽舒	(kuān shū)
宽恕	(kuān shù)
宽爽	(kuān shuǎng)
宽松	(kuān sōng)
宽尾树莺	(kuān wěi shù yīng)
宽慰	(kuān wèi)
宽吻海豚	(kuān wěn hǎi tún)
宽限	(kuān xiàn)
宽限期	(kuān xiàn qī)
宽心	(kuān xīn)
宽心丸	(kuān xīn wán)
宽心丸儿	(kuān xīn wán r)
宽衣	(kuān yī)
宽衣解带	(kuān yī jiě dài)
宽以待人	(kuān yǐ dài rén)
宽银幕电影	(kuān yín mù diàn yǐng)
宽影片	(kuān yǐng piàn)
宽宥	(kuān yòu)
宽余	(kuān yú)
宽裕	(kuān yù)
宽窄	(kuān zhǎi)
宽展	(kuān zhǎn)
宽嘴鹟莺	(kuān zuǐ wēng yīng)
梡	(kuǎn)
欵	(kuǎn)
款	(kuǎn)
款步	(kuǎn bù)
款待	(kuǎn dài)
款到发货	(kuǎn dào fā huò)
款冬	(kuǎn dōng)
款段	(kuǎn duàn)
款儿	(kuǎn r)
款伏	(kuǎn fú)
款服	(kuǎn fú)
款款	(kuǎn kuǎn)
款式	(kuǎn shi)
款项	(kuǎn xiàng)
款宴	(kuǎn yàn)
款子	(kuǎn zi)
匡	(kuāng)
匡扶社稷	(kuāng fú shè jì)
匡正	(kuāng zhèng)
劻	(kuāng)
哐	(kuāng)
哐哐啷啷	(kuāng kuāng lāng lāng)
哐啷	(kuāng lāng)
恇	(kuāng)
夼	(kuǎng)
圹	(kuàng)
旷	(kuàng)
旷达	(kuàng dá)
旷代	(kuàng dài)
旷地	(kuàng dì)
旷废	(kuàng fèi)
旷费	(kuàng fèi)
旷夫	(kuàng fū)
旷工	(kuàng gōng)
旷古	(kuàng gǔ)
旷古未闻	(kuàng gǔ wèi wén)
旷古未有	(kuàng gǔ wèi yǒu)
旷课	(kuàng kè)
旷阔	(kuàng kuò)
旷渺	(kuàng miǎo)
旷日持久	(kuàng rì chí jiǔ)
旷时摄影	(kuàng shí shè yǐng)
旷世	(kuàng shì)
旷野	(kuàng yě)
旷职	(kuàng zhí)
框	(kuàng)
框架	(kuàng jià)
框框	(kuàng kuang)
框图	(kuàng tú)
框子	(kuàng zi)
刲	(kuī)
岿	(kuī)
悝	(kuī)
奎	(kuí)
奎宁	(kuí níng)
奎宁水	(kuí níng shuǐ)
奎屯市	(kuí tún shì)
奎文区	(kuí wén qū)
揆	(kuí)
喹	(kuí)
喹诺酮	(kuí nuò tóng)
暌	(kuí)
暌隔	(kuí gé)
暌违	(kuí wéi)
戣	(kuí)
櫆	(kuí)
櫆师	(kuí shī)
夔	(kuí)
夔夔	(kuí kuí)
夔州	(kuí zhōu)
傀	(guī)
傀儡	(kuǐ lěi)
傀儡戏	(kuǐ lěi xì)
傀儡政权	(kuǐ lěi zhèng quán)
卼	(wù)
匮	(kuì)
匮乏	(kuì fá)
匮竭	(kuì jié)
匮缺	(kuì quē)
喟	(kuì)
愦	(kuì)
愧	(kuì)
愧不敢当	(kuì bù gǎn dāng)
愧对	(kuì duì)
愧汗	(kuì hàn)
愧恨	(kuì hèn)
愧悔无地	(kuì huǐ wú dì)
愧疚	(kuì jiù)
愧赧	(kuì nǎn)
愧色	(kuì sè)
愧怍	(kuì zuò)
㱮	(huì)
樻	(guì)
坤	(kūn)
坤包	(kūn bāo)
坤甸	(kūn diàn)
昆	(kūn)
昆布	(kūn bù)
昆虫	(kūn chóng)
昆虫学	(kūn chóng xué)
昆都仑区	(kūn dū lún qū)
昆卡	(kūn kǎ)
昆仑	(kūn lún)
昆仑山	(kūn lún shān)
昆仑山脉	(kūn lún shān mài)
昆明湖	(kūn míng hú)
昆明市	(kūn míng shì)
昆曲	(kūn qǔ)
昆山市	(kūn shān shì)
昆士兰	(kūn shì lán)
昆士兰州	(kūn shì lán zhōu)
昆汀	(kūn tīng)
昆汀·塔伦蒂诺	(kūn tīng · tǎ lún dì nuò)
昆汀·塔伦提诺	(kūn tīng · tǎ lún tí nuò)
昆廷	(kūn tíng)
昆玉	(kūn yù)
昆仲	(kūn zhòng)
晜	(kūn)
堃	(kūn)
捆	(kǔn)
捆绑	(kǔn bǎng)
捆缚	(kǔn fù)
捆扎	(kǔn zā)
悃	(kǔn)
壸	(kǔn)
梱	(kǔn)
困	(kùn)
困顿	(kùn dùn)
困厄	(kùn è)
困惑	(kùn huò)
困惑不解	(kùn huò bù jiě)
困境	(kùn jìng)
困窘	(kùn jiǒng)
困局	(kùn jú)
困倦	(kùn juàn)
困苦	(kùn kǔ)
困难	(kùn nan)
困难在于	(kùn nan zài yú)
困扰	(kùn rǎo)
困守	(kùn shǒu)
困兽犹斗	(kùn shòu yóu dòu)
扩	(kuò)
扩版	(kuò bǎn)
扩编	(kuò biān)
扩表	(kuò biǎo)
扩充	(kuò chōng)
扩大	(kuò dà)
扩大化	(kuò dà huà)
扩大再生产	(kuò dà zài shēng chǎn)
扩及	(kuò jí)
扩建	(kuò jiàn)
扩军	(kuò jūn)
扩孔	(kuò kǒng)
扩列	(kuò liè)
扩容	(kuò róng)
扩散	(kuò sàn)
扩散周知	(kuò sàn zhōu zhī)
扩胸器	(kuò xiōng qì)
扩音	(kuò yīn)
扩音机	(kuò yīn jī)
扩音器	(kuò yīn qì)
扩印	(kuò yìn)
扩增	(kuò zēng)
扩增实境	(kuò zēng shí jìng)
扩展	(kuò zhǎn)
扩展程序	(kuò zhǎn chéng xù)
扩展名	(kuò zhǎn míng)
扩展坞	(kuò zhǎn wù)
扩张	(kuò zhāng)
扩招	(kuò zhāo)
括	(kuò)
括毒	(kuò dú)
括号	(kuò hào)
括弧	(kuò hú)
括线	(kuò xiàn)
括约肌	(kuò yuē jī)
廓	(kuò)
廓清	(kuò qīng)
彉	(guō)
垃	(lā)
垃圾	(lā jī)
垃圾车	(lā jī chē)
垃圾堆	(lā jī duī)
垃圾分类	(lā jī fēn lèi)
垃圾工	(lā jī gōng)
垃圾股	(lā jī gǔ)
垃圾食品	(lā jī shí pǐn)
垃圾桶	(lā jī tǒng)
垃圾筒	(lā jī tǒng)
垃圾箱	(lā jī xiāng)
垃圾邮件	(lā jī yóu jiàn)
拉	(lá)
拉K	(lā k)
拉巴斯	(lā bā sī)
拉巴特	(lā bā tè)
拉㞎㞎	(lā bǎ ba)
拉白布条	(lā bái bù tiáo)
拉包尔	(lā bāo ěr)
拉比	(lā bǐ)
拉卜楞寺	(lā bǔ léng sì)
拉不出屎来怨茅房	(lā bù chū shǐ lái yuàn máo fáng)
拉布	(lā bù)
拉布布	(lā bù bu)
拉布拉多	(lā bù lā duō)
拉茶	(lā chá)
拉碴	(lā chā)
拉场子	(lā chǎng zi)
拉扯	(lā che)
拉扯大	(lā che dà)
拉仇恨	(lā chóu hèn)
拉达克	(lā dá kè)
拉大便	(lā dà biàn)
拉大旗作虎皮	(lā dà qí zuò hǔ pí)
拉大条	(lā dà tiáo)
拉倒	(lā dǎo)
拉德	(lā dé)
拉登	(lā dēng)
拉狄克	(lā dí kè)
拉丁	(lā dīng)
拉丁方块	(lā dīng fāng kuài)
拉丁化	(lā dīng huà)
拉丁美洲	(lā dīng měi zhōu)
拉丁文	(lā dīng wén)
拉丁文字	(lā dīng wén zì)
拉丁舞	(lā dīng wǔ)
拉丁语	(lā dīng yǔ)
拉丁字母	(lā dīng zì mǔ)
拉动	(lā dòng)
拉肚子	(lā dù zi)
拉顿	(lā dùn)
拉尔夫	(lā ěr fū)
拉尔维克	(lā ěr wéi kè)
拉法格	(lā fǎ gé)
拉法赫	(lā fǎ hè)
拉法兰	(lā fǎ lán)
拉菲草	(lā fēi cǎo)
拉斐尔	(lā fěi ěr)
拉斐特	(lā fěi tè)
拉风	(lā fēng)
拉夫	(lā fū)
拉夫堡	(lā fū bǎo)
拉夫堡大学	(lā fū bǎo dà xué)
拉夫罗夫	(lā fū luó fū)
拉夫桑贾尼	(lā fū sāng jiǎ ní)
拉盖尔	(lā gài ěr)
拉杆	(lā gān)
拉杆箱	(lā gǎn xiāng)
拉冈	(lā gāng)
拉高	(lā gāo)
拉格比	(lā gé bǐ)
拉格朗日	(lā gé lǎng rì)
拉各斯	(lā gè sī)
拉勾	(lā gōu)
拉勾儿	(lā gōu r)
拉钩	(lā gōu)
拉呱	(lā gua)
拉关系	(lā guān xì)
拉管	(lā guǎn)
拉合尔	(lā hé ěr)
拉赫曼尼诺夫	(lā hè màn ní nuò fū)
拉黑	(lā hēi)
拉后钩儿	(lā hòu gōu r)
拉祜	(lā hù)
拉祜族	(lā hù zú)
拉话	(lā huà)
拉环	(lā huán)
拉活	(lā huó)
拉家常	(lā jiā cháng)
拉贾斯坦邦	(lā jiǎ sī tǎn bāng)
拉架	(lā jià)
拉交情	(lā jiāo qing)
拉筋	(lā jīn)
拉紧	(lā jǐn)
拉近	(lā jìn)
拉近距离	(lā jìn jù lí)
拉锯	(lā jù)
拉锯战	(lā jù zhàn)
拉开	(lā kāi)
拉开架势	(lā kāi jià shi)
拉开序幕	(lā kāi xù mù)
拉科鲁尼亚	(lā kē lǔ ní yà)
拉克替醇	(lā kè tì chún)
拉客	(lā kè)
拉胯	(lā kuà)
拉奎拉	(lā kuí lā)
拉拉	(lā lā)
拉拉扯扯	(lā lā chě chě)
拉拉队	(lā lā duì)
拉拉蛄	(là là gǔ)
拉里	(lā lǐ)
拉力	(lā lì)
拉力器	(lā lì qì)
拉力赛	(lā lì sài)
拉练	(lā liàn)
拉链	(lā liàn)
拉链袋	(lā liàn dài)
拉拢	(lā lǒng)
拉鲁	(lā lǔ)
拉鲁湿地国家自然保护区	(lā lǔ shī dì guó jiā zì rán bǎo hù qū)
拉马丹	(lā mǎ dān)
拉马特甘	(lā mǎ tè gān)
拉满	(lā mǎn)
拉美	(lā měi)
拉美西斯	(lā měi xī sī)
拉米夫定	(lā mǐ fū dìng)
拉面	(lā miàn)
拉磨	(lā mò)
拉莫斯	(lā mò sī)
拉姆安拉	(lā mǔ ān lā)
拉那烈	(lā nà liè)
拉纳卡	(lā nà kǎ)
拉尼娜	(lā ní nà)
拉尼娅	(lā ní yà)
拉帕斯	(lā pà sī)
拉坯	(lā pī)
拉皮	(lā pí)
拉皮条	(lā pí tiáo)
拉票	(lā piào)
拉平	(lā píng)
拉普拉斯	(lā pǔ lā sī)
拉普兰	(lā pǔ lán)
拉齐奥	(lā qí ào)
拉青格	(lā qīng gé)
拉取	(lā qǔ)
拉入	(lā rù)
拉撒路	(lā sā lù)
拉萨市	(lā sà shì)
拉萨条约	(lā sà tiáo yuē)
拉森	(lā sēn)
拉沙病毒	(lā shā bìng dú)
拉山头	(lā shān tóu)
拉伤	(lā shāng)
拉伸	(lā shēn)
拉伸强度	(lā shēn qiáng dù)
拉什卡尔加	(lā shí kǎ ěr jiā)
拉什莫尔山	(lā shí mò ěr shān)
拉生意	(lā shēng yì)
拉屎	(lā shǐ)
拉手	(lā shǒu)
拉丝模	(lā sī mó)
拉斯穆森	(lā sī mù sēn)
拉斯帕尔马斯	(lā sī pà ěr mǎ sī)
拉斯维加斯	(lā sī wéi jiā sī)
拉锁	(lā suǒ)
拉抬	(lā tái)
拉脱维亚	(lā tuō wéi yà)
拉瓦尔	(lā wǎ ěr)
拉瓦锡	(lā wǎ xī)
拉文克劳	(lā wén kè láo)
拉文纳	(lā wén nà)
拉稀	(lā xī)
拉下脸	(lā xià liǎn)
拉辛	(lā xīn)
拉新	(lā xīn)
拉匝禄	(lā zā lù)
拉杂	(lā zá)
拉长	(lā cháng)
拉长脸	(lā cháng liǎn)
拉制	(lā zhì)
拉孜县	(lā zī xiàn)
拉兹莫夫斯基	(lā zī mò fū sī jī)
旯	(lá)
剌	(là)
揦	(là)
揦子	(lá zi)
喇	(lā)
喇叭	(lǎ ba)
喇叭花	(lǎ ba huā)
喇叭裤	(lǎ ba kù)
喇叭裙	(lǎ ba qún)
喇叭水仙	(lā bā shuǐ xiān)
喇叭形	(lǎ ba xíng)
喇合	(lǎ hé)
喇嘛	(lǎ ma)
喇嘛教	(lǎ ma jiào)
喇嘛庙	(lǎ ma miào)
喇赛	(lā sài)
喇沙	(lǎ shā)
喇舌	(lǎ jī)
楋	(là)
䗶	(là)
啦	(la)
啦呱	(lā gua)
啦啦队	(lā lā duì)
啦啦队长	(lā lā duì zhǎng)
来	(lái)
来M	(lái m)
来安县	(lái ān xiàn)
来宾	(lái bīn)
来宾市	(lái bīn shì)
来不得	(lái bu dé)
来不及	(lái bu jí)
来朝	(lái zhāo)
来潮	(lái cháo)
来到	(lái dào)
来得	(lái de)
来得及	(lái de jí)
来得早不如来得巧	(lái de zǎo bù rú lái de qiǎo)
来电	(lái diàn)
来电答铃	(lái diàn dá líng)
来电显示	(lái diàn xiǎn shì)
来而不往非礼也	(lái ér bù wǎng fēi lǐ yě)
来犯	(lái fàn)
来访	(lái fǎng)
来访者	(lái fǎng zhě)
来凤县	(lái fèng xiàn)
来福枪	(lái fú qiāng)
来福线	(lái fú xiàn)
来复枪	(lái fù qiāng)
来复线	(lái fù xiàn)
来港	(lái gǎng)
来函	(lái hán)
来鸿	(lái hóng)
来鸿去燕	(lái hóng qù yàn)
来华	(lái huá)
来回	(lái huí)
来回来去	(lái huí lái qù)
来火	(lái huǒ)
来火儿	(lái huǒ r)
来讲	(lái jiǎng)
来劲	(lái jìn)
来客	(lái kè)
来历	(lái lì)
来历不明	(lái lì bù míng)
来临	(lái lín)
来龙去脉	(lái lóng qù mài)
来路	(lái lù)
来路不明	(lái lù bù míng)
来年	(lái nián)
来去无踪	(lái qù wú zōng)
来日	(lái rì)
来日方长	(lái rì fāng cháng)
来神	(lái shén)
来生	(lái shēng)
来示	(lái shì)
来世	(lái shì)
来势	(lái shì)
来事	(lái shì)
来苏糖	(lái sū táng)
来台	(lái tái)
来头	(lái tóu)
来往	(lái wǎng)
来文	(lái wén)
来无影，去无踪	(lái wú yǐng , qù wú zōng)
来袭	(lái xí)
来项	(lái xiang)
来信	(lái xìn)
来义	(lái yì)
来义乡	(lái yì xiāng)
来意	(lái yì)
来硬的	(lái yìng de)
来由	(lái yóu)
来源	(lái yuán)
来源于	(lái yuán yú)
来者不拒	(lái zhě bù jù)
来者不善，善者不来	(lái zhě bù shàn , shàn zhě bù lái)
来着	(lái zhe)
来之不易	(lái zhī bù yì)
来自	(lái zì)
来踪去迹	(lái zōng qù jì)
崃	(lái)
徕	(lái)
梾	(lái)
梾木	(lái mù)
攋	(là)
岚	(lán)
岚皋县	(lán gāo xiàn)
岚山区	(lán shān qū)
岚县	(lán xiàn)
拦	(lán)
拦车	(lán chē)
拦柜	(lán guì)
拦河坝	(lán hé bà)
拦检	(lán jiǎn)
拦劫	(lán jié)
拦截	(lán jié)
拦路	(lán lù)
拦路虎	(lán lù hǔ)
拦网	(lán wǎng)
拦腰	(lán yāo)
拦住	(lán zhù)
拦阻	(lán zǔ)
栏	(lán)
栏杆	(lán gān)
栏柜	(lán guì)
栏架	(lán jià)
栏目	(lán mù)
栏圈	(lán quān)
栏位	(lán wèi)
栏栅	(lán zhà)
婪	(lán)
斓	(lán)
揽	(lǎn)
揽炒	(lǎn chǎo)
揽客	(lǎn kè)
揽辔澄清	(lǎn pèi chéng qīng)
揽权	(lǎn quán)
揽胜	(lǎn shèng)
揽收	(lǎn shōu)
㨫	(lǎn)
榄	(lǎn)
榄角	(lǎn jiǎo)
懒	(lǎn)
懒癌	(lǎn ái)
懒虫	(lǎn chóng)
懒怠	(lǎn dài)
懒蛋	(lǎn dàn)
懒得	(lǎn de)
懒得搭理	(lǎn de dā lǐ)
懒惰	(lǎn duò)
懒骨头	(lǎn gǔ tou)
懒鬼	(lǎn guǐ)
懒汉	(lǎn hàn)
懒驴上磨屎尿多	(lǎn lǘ shàng mò shǐ niào duō)
懒猫	(lǎn māo)
懒人	(lǎn rén)
懒人包	(lǎn rén bāo)
懒人沙发	(lǎn rén shā fā)
懒散	(lǎn sǎn)
懒洋洋	(lǎn yāng yāng)
懒腰	(lǎn yāo)
懒音	(lǎn yīn)
擥	(lǎn)
孄	(lǎn)
孏	(lǎn)
啷	(lāng)
啷当	(lāng dāng)
廊	(láng)
廊坊市	(láng fáng shì)
廊酒	(láng jiǔ)
廊庙	(láng miào)
廊桥	(láng qiáo)
廊庑	(láng wǔ)
嫏	(láng)
嫏嬛	(láng huán)
榔	(láng)
榔槺	(láng kāng)
榔头	(láng tou)
榔榆	(láng yú)
朗	(lǎng)
朗读	(lǎng dú)
朗朗上口	(lǎng lǎng shàng kǒu)
朗姆	(lǎng mǔ)
朗姆酒	(lǎng mǔ jiǔ)
朗诵	(lǎng sòng)
朗文	(lǎng wén)
朗县	(lǎng xiàn)
朗吟	(lǎng yín)
朗照	(lǎng zhào)
塱	(lǎng)
埌	(làng)
崀	(làng)
㫰	(làng)
捞	(lāo)
捞本	(lāo běn)
捞稻草	(lāo dào cǎo)
捞女	(lāo nǚ)
捞钱	(lāo qián)
捞取	(lāo qǔ)
捞什子	(lāo shí zi)
捞外快	(lāo wài kuài)
捞一把	(lāo yī bǎ)
捞油水	(lāo yóu shuǐ)
劳	(láo)
劳埃德	(láo āi dé)
劳动	(láo dòng)
劳动保险	(láo dòng bǎo xiǎn)
劳动报	(láo dòng bào)
劳动改造	(láo dòng gǎi zào)
劳动合同	(láo dòng hé tong)
劳动教养	(láo dòng jiào yǎng)
劳动节	(láo dòng jié)
劳动力	(láo dòng lì)
劳动模范	(láo dòng mó fàn)
劳动能力	(láo dòng néng lì)
劳动人民	(láo dòng rén mín)
劳动新闻	(láo dòng xīn wén)
劳动营	(láo dòng yíng)
劳动者	(láo dòng zhě)
劳顿	(láo dùn)
劳而无功	(láo ér wú gōng)
劳烦	(láo fán)
劳方	(láo fāng)
劳改	(láo gǎi)
劳改营	(láo gǎi yíng)
劳工	(láo gōng)
劳雇	(láo gù)
劳雇关系	(láo gù guān xì)
劳驾	(láo jià)
劳教	(láo jiào)
劳教所	(láo jiào suǒ)
劳倦	(láo juàn)
劳苦	(láo kǔ)
劳拉西泮	(láo lā xī pàn)
劳劳叨叨	(láo lao dāo dāo)
劳累	(láo lèi)
劳力	(láo lì)
劳力士	(láo lì shì)
劳碌	(láo lù)
劳伦斯	(láo lún sī)
劳民伤财	(láo mín shāng cái)
劳模	(láo mó)
劳伤	(láo shāng)
劳什子	(láo shí zi)
劳神	(láo shén)
劳斯莱斯	(láo sī lái sī)
劳损	(láo sǔn)
劳委会	(láo wěi huì)
劳务	(láo wù)
劳务费	(láo wù fèi)
劳务合同	(láo wù hé tong)
劳务交换	(láo wù jiāo huàn)
劳务人员	(láo wù rén yuán)
劳务市场	(láo wù shì chǎng)
劳心	(láo xīn)
劳心苦思	(láo xīn kǔ sī)
劳心劳力	(láo xīn láo lì)
劳燕分飞	(láo yàn fēn fēi)
劳役	(láo yì)
劳逸	(láo yì)
劳逸结合	(láo yì jié hé)
劳瘵	(láo zhài)
劳资	(láo zī)
劳资关系	(láo zī guān xì)
劳作	(láo zuò)
唠	(lào)
唠叨	(láo dao)
唠嗑	(lào kē)
唠唠叨叨	(láo lao dāo dāo)
哰	(láo)
崂	(láo)
崂山	(láo shān)
崂山区	(láo shān qū)
佬	(lǎo)
㧯	(lǎo)
咾	(lǎo)
姥	(mǔ)
姥姥	(lǎo lao)
姥娘	(lǎo niáng)
姥鲨	(lǎo shā)
姥爷	(lǎo ye)
栳	(lǎo)
嫪	(lào)
嫪毐	(lào ǎi)
仂	(lè)
仂语	(lè yǔ)
扐	(lè)
叻沙	(lè shā)
乐	(yuè)
乐安县	(lè ān xiàn)
乐不可极	(lè bù kě jí)
乐不可支	(lè bù kě zhī)
乐不思蜀	(lè bù sī shǔ)
乐昌破镜	(lè chāng pò jìng)
乐昌市	(lè chāng shì)
乐此不疲	(lè cǐ bù pí)
乐道	(lè dào)
乐蒂	(lè dì)
乐颠了馅	(lè diān le xiàn)
乐东	(lè dōng)
乐东黎族自治县	(lè dōng lí zú zì zhì xiàn)
乐东县	(lè dōng xiàn)
乐都区	(lè dū qū)
乐队	(yuè duì)
乐福鞋	(lè fú xié)
乐府	(yuè fǔ)
乐感	(yuè gǎn)
乐高	(lè gāo)
乐购	(lè gòu)
乐观	(lè guān)
乐观其成	(lè guān qí chéng)
乐观主义	(lè guān zhǔ yì)
乐呵呵	(lè hē hē)
乐华梅兰	(lè huá méi lán)
乐活	(lè huó)
乐极生悲	(lè jí shēng bēi)
乐见	(lè jiàn)
乐见其成	(lè jiàn qí chéng)
乐句	(yuè jù)
乐捐	(lè juān)
乐开花	(lè kāi huā)
乐浪郡	(lè làng jùn)
乐理	(yuè lǐ)
乐陵市	(lào líng shì)
乐龄	(lè líng)
乐律	(yuè lǜ)
乐迷	(yuè mí)
乐平市	(lè píng shì)
乐谱	(yuè pǔ)
乐器	(yuè qì)
乐清市	(yuè qīng shì)
乐曲	(yuè qǔ)
乐趣	(lè qù)
乐色	(lè sè)
乐山市	(lè shān shì)
乐善好施	(lè shàn hào shī)
乐师	(yuè shī)
乐施会	(lè shī huì)
乐事	(lè shì)
乐手	(yuè shǒu)
乐蜀	(lè shǔ)
乐坛	(yuè tán)
乐陶陶	(lè táo táo)
乐天	(lè tiān)
乐天派	(lè tiān pài)
乐天知命	(lè tiān zhī mìng)
乐亭县	(lào tíng xiàn)
乐透	(lè tòu)
乐土	(lè tǔ)
乐团	(yuè tuán)
乐歪	(lè wāi)
乐业县	(lè yè xiàn)
乐意	(lè yì)
乐音	(yuè yīn)
乐于	(lè yú)
乐于助人	(lè yú zhù rén)
乐园	(lè yuán)
乐在其中	(lè zài qí zhōng)
乐章	(yuè zhāng)
乐之	(lè zhī)
乐至县	(lè zhì xiàn)
乐滋滋	(lè zī zī)
乐子	(lè zi)
了	(liǎo)
了不得	(liǎo bu de)
了不起	(liǎo bu qǐ)
了此残生	(liǎo cǐ cán shēng)
了当	(liǎo dàng)
了得	(liǎo de)
了断	(liǎo duàn)
了结	(liǎo jié)
了解	(liǎo jiě)
了局	(liǎo jú)
了了	(liǎo liǎo)
了去了	(le qù le)
了却	(liǎo què)
了却此生	(liǎo què cǐ shēng)
了然	(liǎo rán)
了然于胸	(liǎo rán yú xiōng)
了如指掌	(liǎo rú zhǐ zhǎng)
了事	(liǎo shì)
了无	(liǎo wú)
了无生趣	(liǎo wú shēng qù)
了无新意	(liǎo wú xīn yì)
了债	(liǎo zhài)
了知	(liǎo zhī)
勒	(lè)
勒逼	(lè bī)
勒毙	(lēi bì)
勒脖子	(lēi bó zi)
勒哈费尔	(lè hā fèi ěr)
勒戒	(lè jiè)
勒紧	(lēi jǐn)
勒紧裤带	(lēi jǐn kù dài)
勒克斯	(lè kè sī)
勒勒车	(lēi lēi chē)
勒令	(lè lìng)
勒马	(lè mǎ)
勒庞	(lè páng)
勒杀	(lēi shā)
勒斯波斯	(lè sī bō sī)
勒斯波斯岛	(lè sī bō sī dǎo)
勒死	(lēi sǐ)
勒索	(lè suǒ)
勒索软件	(lè suǒ ruǎn jiàn)
勒索罪	(lè suǒ zuì)
勒威耶	(lè wēi yē)
勒维夫	(lè wéi fu)
勒维纳斯	(lè wéi nà sī)
嫘	(léi)
嫘萦	(léi yíng)
擂	(lèi)
擂茶	(léi chá)
擂鼓鸣金	(léi gǔ míng jīn)
擂台	(lèi tái)
擂台赛	(lèi tái sài)
檑	(léi)
欙	(léi)
垒	(lěi)
垒包	(lěi bāo)
垒固	(lěi gù)
垒砌	(lěi qì)
垒球	(lěi qiú)
樏	(léi)
儡	(lěi)
儽	(lěi)
攂	(léi)
嘞	(lei)
崚	(léng)
塄	(léng)
棱	(léng)
楞	(léng)
楞迦	(léng jiā)
楞迦岛	(léng jiā dǎo)
楞头青	(lèng tóu qīng)
楞严	(lèng yán)
楞子眼	(lèng zi yǎn)
冷	(lěng)
冷傲	(lěng ào)
冷暴力	(lěng bào lì)
冷不丁	(lěng bu dīng)
冷不防	(lěng bu fáng)
冷菜	(lěng cài)
冷餐	(lěng cān)
冷藏	(lěng cáng)
冷藏车	(lěng cáng chē)
冷藏箱	(lěng cáng xiāng)
冷颤	(lěng zhan)
冷场	(lěng chǎng)
冷嘲热讽	(lěng cháo rè fěng)
冷处理	(lěng chǔ lǐ)
冷萃	(lěng cuì)
冷萃咖啡	(lěng cuì kā fēi)
冷淡	(lěng dàn)
冷淡关系	(lěng dàn guān xì)
冷冬	(lěng dōng)
冷冻	(lěng dòng)
冷冻柜	(lěng dòng guì)
冷冻库	(lěng dòng kù)
冷房	(lěng fáng)
冷锋	(lěng fēng)
冷敷	(lěng fū)
冷敷布	(lěng fū bù)
冷宫	(lěng gōng)
冷汗	(lěng hàn)
冷话	(lěng huà)
冷寂	(lěng jì)
冷静	(lěng jìng)
冷静期	(lěng jìng qī)
冷峻	(lěng jùn)
冷空气	(lěng kōng qì)
冷酷	(lěng kù)
冷酷无情	(lěng kù wú qíng)
冷冷	(lěng lěng)
冷冷清清	(lěng lěng qīng qīng)
冷厉	(lěng lì)
冷链	(lěng liàn)
冷冽	(lěng liè)
冷落	(lěng luò)
冷媒	(lěng méi)
冷门	(lěng mén)
冷面	(lěng miàn)
冷漠	(lěng mò)
冷奴	(lěng nú)
冷暖	(lěng nuǎn)
冷暖房	(lěng nuǎn fáng)
冷盘	(lěng pán)
冷盆	(lěng pén)
冷僻	(lěng pì)
冷启动	(lěng qǐ dòng)
冷气	(lěng qì)
冷气机	(lěng qì jī)
冷气衫	(lěng qì shān)
冷枪	(lěng qiāng)
冷切	(lěng qiè)
冷清	(lěng qīng)
冷清清	(lěng qīng qīng)
冷却	(lěng què)
冷却剂	(lěng què jì)
冷却水	(lěng què shuǐ)
冷却塔	(lěng què tǎ)
冷热病	(lěng rè bìng)
冷热度数	(lěng rè dù shù)
冷若冰霜	(lěng ruò bīng shuāng)
冷色	(lěng sè)
冷涩	(lěng sè)
冷森森	(lěng sēn sēn)
冷水	(lěng shuǐ)
冷水机组	(lěng shuǐ jī zǔ)
冷水江市	(lěng shuǐ jiāng shì)
冷水滩区	(lěng shuǐ tān qū)
冷丝丝	(lěng sī sī)
冷飕飕	(lěng sōu sōu)
冷天	(lěng tiān)
冷笑	(lěng xiào)
冷笑话	(lěng xiào hua)
冷血	(lěng xuè)
冷血动物	(lěng xuè dòng wù)
冷轧	(lěng zhá)
冷言冷语	(lěng yán lěng yǔ)
冷眼	(lěng yǎn)
冷眼旁观	(lěng yǎn páng guān)
冷艳	(lěng yàn)
冷饮	(lěng yǐn)
冷语	(lěng yǔ)
冷语冰人	(lěng yǔ bīng rén)
冷遇	(lěng yù)
冷战	(lěng zhàn)
冷知识	(lěng zhī shi)
冷字	(lěng zì)
堎	(líng)
愣	(lèng)
愣干	(lèng gàn)
愣劲儿	(lèng jìn r)
愣神儿	(lèng shén r)
愣说	(lèng shuō)
愣头愣脑	(lèng tóu lèng nǎo)
愣头青	(lèng tóu qīng)
哩	(lǐ)
哩哩啦啦	(lī lī lā lā)
哩哩啰啰	(lī li luō luō)
哩哩罗罗	(lī lī luō luō)
哩溜歪斜	(lī liū wāi xié)
唎	(lì)
厘	(lí)
厘金	(lí jīn)
梸	(lí)
梨	(lí)
梨果	(lí guǒ)
梨花带雨	(lí huā dài yǔ)
梨俱吠陀	(lí jù fèi tuó)
梨属	(lí shǔ)
梨树	(lí shù)
梨树区	(lí shù qū)
梨树县	(lí shù xiàn)
梨涡	(lí wō)
梨园	(lí yuán)
梨园子弟	(lí yuán zǐ dì)
梨子	(lí zi)
喱	(lí)
棃	(lí)
剺	(lí)
嫠	(lí)
嫠妇	(lí fù)
嫠节	(lí jié)
樆	(lí)
嚟	(lì)
斄	(tái)
劙	(lí)
李	(lǐ)
李安	(lǐ ān)
李翱	(lǐ áo)
李白	(lǐ bái)
李百药	(lǐ bǎi yào)
李宝嘉	(lǐ bǎo jiā)
李冰	(lǐ bīng)
李冰冰	(lǐ bīng bīng)
李伯元	(lǐ bó yuán)
李卜克内西	(lǐ bo kè nèi xī)
李沧区	(lǐ cāng qū)
李昌镐	(lǐ chāng hào)
李朝威	(lǐ cháo wēi)
李成桂	(lǐ chéng guì)
李成江	(lǐ chéng jiāng)
李大钊	(lǐ dà zhāo)
李代数	(lǐ dài shù)
李代桃僵	(lǐ dài táo jiāng)
李德林	(lǐ dé lín)
李耳	(lǐ ěr)
李昉	(lǐ fǎng)
李富春	(lǐ fù chūn)
李格非	(lǐ gé fēi)
李广	(lǐ guǎng)
李鬼	(lǐ guǐ)
李国豪	(lǐ guó háo)
李贺	(lǐ hè)
李洪志	(lǐ hóng zhì)
李鸿章	(lǐ hóng zhāng)
李鸿章杂碎	(lǐ hóng zhāng zá sui)
李后主	(lǐ hòu zhǔ)
李怀远	(lǐ huái yuǎn)
李会昌	(lǐ huì chāng)
李季兰	(lǐ jì lán)
李嘉诚	(lǐ jiā chéng)
李嘉欣	(lǐ jiā xīn)
李建成	(lǐ jiàn chéng)
李劼人	(lǐ jié rén)
李靖	(lǐ jìng)
李俊	(lǐ jùn)
李悝	(lǐ kuī)
李逵	(lǐ kuí)
李岚清	(lǐ lán qīng)
李丽珊	(lǐ lì shān)
李连杰	(lǐ lián jié)
李林甫	(lǐ lín fǔ)
李绿园	(lǐ lǜ yuán)
李敏勇	(lǐ mǐn yǒng)
李木	(lǐ mù)
李娜	(lǐ nà)
李清照	(lǐ qīng zhào)
李群	(lǐ qún)
李汝珍	(lǐ rǔ zhēn)
李瑞环	(lǐ ruì huán)
李商隐	(lǐ shāng yǐn)
李时珍	(lǐ shí zhēn)
李氏	(lǐ shì)
李氏朝鲜	(lǐ shì cháo xiǎn)
李树	(lǐ shù)
李舜臣	(lǐ shùn chén)
李斯特	(lǐ sī tè)
李斯特菌	(lǐ sī tè jūn)
李斯特氏杆菌	(lǐ sī tè shì gǎn jūn)
李斯特氏菌	(lǐ sī tè shì jūn)
李四	(lǐ sì)
李四光	(lǐ sì guāng)
李天禄	(lǐ tiān lù)
李天王	(lǐ tiān wáng)
李铁	(lǐ tiě)
李铁拐	(lǐ tiě guǎi)
李娃传	(lǐ wá zhuàn)
李维	(lǐ wéi)
李维史陀	(lǐ wéi shǐ tuó)
李维斯	(lǐ wéi sī)
李卫公	(lǐ wèi gōng)
李玟	(lǐ wén)
李先念	(lǐ xiān niàn)
李小龙	(lǐ xiǎo lóng)
李修贤	(lǐ xiū xián)
李雪健	(lǐ xuě jiàn)
李亚鹏	(lǐ yà péng)
李延寿	(lǐ yán shòu)
李彦宏	(lǐ yàn hóng)
李冶	(lǐ yě)
李英儒	(lǐ yīng rú)
李缨	(lǐ yīng)
李渔	(lǐ yú)
李宇春	(lǐ yǔ chūn)
李煜	(lǐ yù)
李元昊	(lǐ yuán hào)
李约瑟	(lǐ yuē sè)
李泽楷	(lǐ zé kǎi)
李长春	(lǐ cháng chūn)
李肇星	(lǐ zhào xīng)
李振藩	(lǐ zhèn fān)
李直夫	(lǐ zhí fū)
李贽	(lǐ zhì)
李子	(lǐ zi)
李自成	(lǐ zì chéng)
李宗仁	(lǐ zōng rén)
李宗盛	(lǐ zōng shèng)
俚	(lǐ)
俚谚	(lǐ yàn)
俚语	(lǐ yǔ)
娌	(lǐ)
欐	(lì)
力	(lì)
力宝	(lì bǎo)
力保	(lì bǎo)
力保健	(lì bǎo jiàn)
力比多	(lì bǐ duō)
力臂	(lì bì)
力波	(lì bō)
力不从心	(lì bù cóng xīn)
力不胜任	(lì bù shèng rèn)
力场	(lì chǎng)
力畜	(lì chù)
力传递	(lì chuán dì)
力促	(lì cù)
力挫	(lì cuò)
力大无比	(lì dà wú bǐ)
力大无穷	(lì dà wú qióng)
力道	(lì dào)
力度	(lì dù)
力帆	(lì fān)
力工	(lì gōng)
力攻	(lì gōng)
力荐	(lì jiàn)
力娇酒	(lì jiāo jiǔ)
力戒	(lì jiè)
力尽神危	(lì jìn shén wēi)
力矩	(lì jǔ)
力克	(lì kè)
力量	(lì liang)
力量均衡	(lì liàng jūn héng)
力偶	(lì ǒu)
力排众议	(lì pái zhòng yì)
力拚	(lì pàn)
力气	(lì qi)
力钱	(lì qián)
力求	(lì qiú)
力劝	(lì quàn)
力士	(lì shì)
力所不及	(lì suǒ bù jí)
力所能及	(lì suǒ néng jí)
力拓	(lì tuò)
力挺	(lì tǐng)
力图	(lì tú)
力挽狂澜	(lì wǎn kuáng lán)
力心	(lì xīn)
力行	(lì xíng)
力学	(lì xué)
力学波	(lì xué bō)
力学传递	(lì xué chuán dì)
力有未逮	(lì yǒu wèi dài)
力战	(lì zhàn)
力争	(lì zhēng)
力争上游	(lì zhēng shàng yóu)
力征	(lì zhēng)
力主	(lì zhǔ)
力阻	(lì zǔ)
力作	(lì zuò)
历	(lì)
历朝通俗演义	(lì cháo tōng sú yǎn yì)
历城区	(lì chéng qū)
历程	(lì chéng)
历次	(lì cì)
历代	(lì dài)
历代志上	(lì dài zhì shàng)
历代志下	(lì dài zhì xià)
历法	(lì fǎ)
历届	(lì jiè)
历尽	(lì jìn)
历尽沧桑	(lì jìn cāng sāng)
历经	(lì jīng)
历久弥坚	(lì jiǔ mí jiān)
历久弥新	(lì jiǔ mí xīn)
历来	(lì lái)
历历可数	(lì lì kě shǔ)
历历在目	(lì lì zài mù)
历练	(lì liàn)
历年	(lì nián)
历任	(lì rèn)
历时	(lì shí)
历史	(lì shǐ)
历史版本	(lì shǐ bǎn běn)
历史背景	(lì shǐ bèi jǐng)
历史博物馆	(lì shǐ bó wù guǎn)
历史成本	(lì shǐ chéng běn)
历史观点	(lì shǐ guān diǎn)
历史家	(lì shǐ jiā)
历史久远	(lì shǐ jiǔ yuǎn)
历史剧	(lì shǐ jù)
历史人物	(lì shǐ rén wù)
历史上	(lì shǐ shàng)
历史时期	(lì shǐ shí qī)
历史事件	(lì shǐ shì jiàn)
历史唯物主义	(lì shǐ wéi wù zhǔ yì)
历史新高	(lì shǐ xīn gāo)
历史性	(lì shǐ xìng)
历史学	(lì shǐ xué)
历史学家	(lì shǐ xué jiā)
历史沿革	(lì shǐ yán gé)
历史遗产	(lì shǐ yí chǎn)
历史遗迹	(lì shǐ yí jì)
历史意义	(lì shǐ yì yì)
历史悠久	(lì shǐ yōu jiǔ)
历史重演	(lì shǐ chóng yǎn)
历书	(lì shū)
历数	(lì shù)
历下区	(lì xià qū)
历险	(lì xiǎn)
厉	(lì)
厉鬼	(lì guǐ)
厉害	(lì hai)
厉声	(lì shēng)
厉行	(lì xíng)
厉行节约	(lì xíng jié yuē)
屴	(lì)
吏	(lì)
吏部	(lì bù)
吏胥	(lì xū)
吏治	(lì zhì)
坜	(lì)
励	(lì)
励精图治	(lì jīng tú zhì)
励志	(lì zhì)
励志哥	(lì zhì gē)
呖	(lì)
利	(lì)
利比里亚	(lì bǐ lǐ yà)
利比亚	(lì bǐ yà)
利弊	(lì bì)
利宾纳	(lì bīn nà)
利伯曼	(lì bó màn)
利伯维尔	(lì bó wéi ěr)
利川市	(lì chuān shì)
利刀	(lì dāo)
利得	(lì dé)
利得税	(lì dé shuì)
利多卡因	(lì duō kǎ yīn)
利古里亚	(lì gǔ lǐ yà)
利滚利	(lì gǔn lì)
利国利民	(lì guó lì mín)
利害	(lì hài)
利害冲突	(lì hài chōng tū)
利害关系	(lì hài guān xi)
利害关系方	(lì hài guān xi fāng)
利害关系人	(lì hài guān xi rén)
利害攸关	(lì hài yōu guān)
利好	(lì hǎo)
利基	(lì jī)
利己	(lì jǐ)
利己主义	(lì jǐ zhǔ yì)
利剑	(lì jiàn)
利津县	(lì jīn xiàn)
利空	(lì kōng)
利口酒	(lì kǒu jiǔ)
利乐包	(lì lè bāo)
利勒哈默尔	(lì lè hā mò ěr)
利令智昏	(lì lìng zhì hūn)
利隆圭	(lì lóng guī)
利禄	(lì lù)
利落	(lì luo)
利率	(lì lǜ)
利马	(lì mǎ)
利马索尔	(lì mǎ suǒ ěr)
利玛窦	(lì mǎ dòu)
利眠宁	(lì mián níng)
利民	(lì mín)
利默里克	(lì mò lǐ kè)
利纳克斯	(lì nà kè sī)
利奈唑胺	(lì nài zuò àn)
利尿	(lì niào)
利尿剂	(lì niào jì)
利器	(lì qì)
利钱	(lì qián)
利权	(lì quán)
利刃	(lì rèn)
利润	(lì rùn)
利润率	(lì rùn lǜ)
利什曼病	(lì shí màn bìng)
利市	(lì shì)
利事	(lì shì)
利是	(lì shì)
利手	(lì shǒu)
利索	(lì suo)
利他	(lì tā)
利他林	(lì tā lín)
利他灵	(lì tā líng)
利他能	(lì tā néng)
利他行为	(lì tā xíng wéi)
利他主义	(lì tā zhǔ yì)
利贴	(lì tiē)
利通区	(lì tōng qū)
利维坦	(lì wéi tǎn)
利未记	(lì wèi jì)
利物浦	(lì wù pǔ)
利息	(lì xī)
利息率	(lì xi lǜ)
利辛县	(lì xīn xiàn)
利雅得	(lì yǎ dé)
利雅德	(lì yǎ dé)
利益	(lì yì)
利益冲突	(lì yì chōng tū)
利益集团	(lì yì jí tuán)
利益输送	(lì yì shū sòng)
利用	(lì yòng)
利诱	(lì yòu)
利于	(lì yú)
利欲	(lì yù)
利欲心	(lì yù xīn)
利欲熏心	(lì yù xūn xīn)
利爪	(lì zhǎo)
利州区	(lì zhōu qū)
利兹	(lì zī)
枥	(lì)
例	(lì)
例会	(lì huì)
例假	(lì jià)
例句	(lì jù)
例如	(lì rú)
例示	(lì shì)
例汤	(lì tāng)
例题	(lì tí)
例外	(lì wài)
例外字	(lì wài zì)
例行	(lì xíng)
例行公事	(lì xíng gōng shì)
例言	(lì yán)
例语	(lì yǔ)
例证	(lì zhèng)
例子	(lì zi)
戾	(lì)
戾龙	(lì lóng)
戾气	(lì qì)
栃	(lì)
栎	(lì)
栎树	(lì shù)
俪	(lì)
俪影	(lì yǐng)
俐	(lì)
俐落	(lì luo)
栵	(lì)
栗	(lì)
栗斑杜鹃	(lì bān dù juān)
栗斑腹鹀	(lì bān fù wú)
栗背伯劳	(lì bèi bó láo)
栗背短翅鸫	(lì bèi duǎn chì dōng)
栗背短脚鹎	(lì bèi duǎn jiǎo bēi)
栗背奇鹛	(lì bèi qí méi)
栗背岩鹨	(lì bèi yán liù)
栗额鵙鹛	(lì é jú méi)
栗耳短脚鹎	(lì ěr duǎn jiǎo bēi)
栗耳凤鹛	(lì ěr fèng méi)
栗耳鹀	(lì ěr wú)
栗腹歌鸲	(lì fù gē qú)
栗腹矶鸫	(lì fù jī dōng)
栗腹䴓	(lì fù shī)
栗腹文鸟	(lì fù wén niǎo)
栗喉蜂虎	(lì hóu fēng hǔ)
栗喉鵙鹛	(lì hóu jú méi)
栗颊噪鹛	(lì jiá zào méi)
栗颈噪鹛	(lì jǐng zào méi)
栗鳽	(lì yán)
栗然	(lì rán)
栗色	(lì sè)
栗鼠	(lì shǔ)
栗树鸭	(lì shù yā)
栗头八色鸫	(lì tóu bā sè dōng)
栗头地莺	(lì tóu dì yīng)
栗头蜂虎	(lì tóu fēng hǔ)
栗头雀鹛	(lì tóu què méi)
栗头鹟莺	(lì tóu wēng yīng)
栗臀䴓	(lì tún shī)
栗苇鳽	(lì wěi yán)
栗鹀	(lì wú)
栗鸮	(lì xiāo)
栗鸢	(lì yuān)
栗啄木鸟	(lì zhuó mù niǎo)
栗子	(lì zi)
悧	(lì)
唳	(lì)
悷	(lì)
傈	(lì)
傈僳	(lì sù)
傈僳族	(lì sù zú)
凓	(lì)
㮚	(lì)
檪	(lì)
俩	(liǎ)
俩钱	(liǎ qián)
俩钱儿	(liǎ qián r)
奁	(lián)
怜	(lián)
怜爱	(lián ài)
怜悯	(lián mǐn)
怜惜	(lián xī)
怜香惜玉	(lián xiāng xī yù)
怜恤	(lián xù)
帘	(lián)
梿	(lián)
梿枷	(lián jiā)
嗹	(lián)
廉	(lián)
廉耻	(lián chǐ)
廉俸	(lián fèng)
廉航	(lián háng)
廉价	(lián jià)
廉江市	(lián jiāng shì)
廉洁	(lián jié)
廉颇	(lián pō)
廉署	(lián shǔ)
廉正	(lián zhèng)
廉政	(lián zhèng)
廉政公署	(lián zhèng gōng shǔ)
廉直	(lián zhí)
廉租房	(lián zū fáng)
镰	(lián)
敛	(liǎn)
敛巴	(liǎn ba)
敛步	(liǎn bù)
敛财	(liǎn cái)
敛迹	(liǎn jì)
敛钱	(liǎn qián)
敛衽	(liǎn rèn)
歛	(hān)
恋	(liàn)
恋爱	(liàn ài)
恋父情结	(liàn fù qíng jié)
恋歌	(liàn gē)
恋家	(liàn jiā)
恋脚癖	(liàn jiǎo pǐ)
恋旧情结	(liàn jiù qíng jié)
恋恋	(liàn liàn)
恋恋不舍	(liàn liàn bù shě)
恋母情结	(liàn mǔ qíng jié)
恋慕	(liàn mù)
恋念	(liàn niàn)
恋情	(liàn qíng)
恋人	(liàn rén)
恋尸癖	(liàn shī pǐ)
恋童犯	(liàn tóng fàn)
恋童癖	(liàn tóng pǐ)
恋童者	(liàn tóng zhě)
恋物	(liàn wù)
恋物狂	(liàn wù kuáng)
恋物癖	(liàn wù pǐ)
恋栈	(liàn zhàn)
恋战	(liàn zhàn)
恋综	(liàn zōng)
恋足癖	(liàn zú pǐ)
殓	(liàn)
殓房	(liàn fáng)
殓尸房	(liàn shī fáng)
摙	(liǎn)
楝	(liàn)
俍	(liáng)
梁	(liáng)
梁朝	(liáng cháo)
梁辰鱼	(liáng chén yú)
梁河县	(liáng hé xiàn)
梁架	(liáng jià)
梁静茹	(liáng jìng rú)
梁龙	(liáng lóng)
梁木	(liáng mù)
梁平区	(liáng píng qū)
梁山伯与祝英台	(liáng shān bó yǔ zhù yīng tái)
梁山好汉	(liáng shān hǎo hàn)
梁山市	(liáng shān shì)
梁山县	(liáng shān xiàn)
梁上君子	(liáng shàng jūn zǐ)
梁漱溟	(liáng shù míng)
梁唐晋汉周书	(liáng táng jìn hàn zhōu shū)
梁溪区	(liáng xī qū)
梁湘	(liáng xiāng)
梁园区	(liáng yuán qū)
梁祝	(liáng zhù)
梁子湖区	(liáng zi hú qū)
椋	(liáng)
椋鸟	(liáng niǎo)
冫	(bīng)
两	(liǎng)
两岸	(liǎng àn)
两岸三地	(liǎng àn sān dì)
两把刷子	(liǎng bǎ shuā zi)
两败俱伤	(liǎng bài jù shāng)
两倍	(liǎng bèi)
两边	(liǎng biān)
两鬓斑白	(liǎng bìn bān bái)
两不误	(liǎng bù wù)
两不相欠	(liǎng bù xiāng qiàn)
两步路	(liǎng bù lù)
两侧	(liǎng cè)
两侧对称	(liǎng cè duì chèn)
两弹一星	(liǎng dàn yī xīng)
两当县	(liǎng dāng xiàn)
两党制	(liǎng dǎng zhì)
两德	(liǎng dé)
两点水	(liǎng diǎn shuǐ)
两端	(liǎng duān)
两耳不闻窗外事	(liǎng ěr bù wén chuāng wài shì)
两方	(liǎng fāng)
两分法	(liǎng fēn fǎ)
两个中国	(liǎng gè zhōng guó)
两广	(liǎng guǎng)
两广总督	(liǎng guǎng zǒng dū)
两国	(liǎng guó)
两国相争，不斩来使	(liǎng guó xiāng zhēng , bù zhǎn lái shǐ)
两国之间	(liǎng guó zhī jiān)
两汉	(liǎng hàn)
两河	(liǎng hé)
两河流域	(liǎng hé liú yù)
两河文明	(liǎng hé wén míng)
两湖	(liǎng hú)
两虎相争	(liǎng hǔ xiāng zhēng)
两虎相争，必有一伤	(liǎng hǔ xiāng zhēng , bì yǒu yī shāng)
两回事	(liǎng huí shì)
两会	(liǎng huì)
两极	(liǎng jí)
两极分化	(liǎng jí fēn huà)
两极化	(liǎng jí huà)
两颊生津	(liǎng jiá shēng jīn)
两江道	(liǎng jiāng dào)
两脚架	(liǎng jiǎo jià)
两节棍	(liǎng jié gùn)
两句	(liǎng jù)
两口儿	(liǎng kǒu r)
两口子	(liǎng kǒu zi)
两肋插刀	(liǎng lèi chā dāo)
两立	(liǎng lì)
两码事	(liǎng mǎ shì)
两面	(liǎng miàn)
两面派	(liǎng miàn pài)
两面人	(liǎng miàn rén)
两面刃	(liǎng miàn rèn)
两面三刀	(liǎng miàn sān dāo)
两面针	(liǎng miàn zhēn)
两难	(liǎng nán)
两旁	(liǎng páng)
两栖	(liǎng qī)
两栖动物	(liǎng qī dòng wù)
两栖类	(liǎng qī lèi)
两讫	(liǎng qì)
两清	(liǎng qīng)
两情两愿	(liǎng qíng liǎng yuàn)
两情相悦	(liǎng qíng xiāng yuè)
两全	(liǎng quán)
两全其美	(liǎng quán qí měi)
两生类	(liǎng shēng lèi)
两手	(liǎng shǒu)
两手策略	(liǎng shǒu cè lüè)
两手空空	(liǎng shǒu kōng kōng)
两宋	(liǎng sòng)
两𩠌饭	(liǎng sòng fàn)
两头	(liǎng tóu)
两头儿	(liǎng tóu r)
两下	(liǎng xià)
两下子	(liǎng xià zi)
两相	(liǎng xiāng)
两相情愿	(liǎng xiāng qíng yuàn)
两厢情愿	(liǎng xiāng qíng yuàn)
两小无猜	(liǎng xiǎo wú cāi)
两星期	(liǎng xīng qī)
两性	(liǎng xìng)
两性差距	(liǎng xìng chā jù)
两性动物	(liǎng xìng dòng wù)
两性花	(liǎng xìng huā)
两性离子	(liǎng xìng lí zǐ)
两性平等	(liǎng xìng píng děng)
两性异形	(liǎng xìng yì xíng)
两袖清风	(liǎng xiù qīng fēng)
两眼一摸黑	(liǎng yǎn yī mō hēi)
两样	(liǎng yàng)
两样东西	(liǎng yàng dōng xi)
两伊战争	(liǎng yī zhàn zhēng)
两仪	(liǎng yí)
两用	(liǎng yòng)
两院	(liǎng yuàn)
两院制	(liǎng yuàn zhì)
两造	(liǎng zào)
两者	(liǎng zhě)
两着儿	(liǎng zhāo r)
两重	(liǎng chóng)
两重天	(liǎng chóng tiān)
㒳	(liǎng)
唡	(liǎng)
亮	(liàng)
亮氨酸	(liàng ān suān)
亮彩	(liàng cǎi)
亮出	(liàng chū)
亮灯	(liàng dēng)
亮底牌	(liàng dǐ pái)
亮点	(liàng diǎn)
亮度	(liàng dù)
亮光	(liàng guāng)
亮黄灯	(liàng huáng dēng)
亮晶晶	(liàng jīng jīng)
亮菌	(liàng jūn)
亮菌甲素	(liàng jūn jiǎ sù)
亮蓝	(liàng lán)
亮丽	(liàng lì)
亮屏	(liàng píng)
亮闪闪	(liàng shǎn shǎn)
亮饰	(liàng shì)
亮堂	(liàng táng)
亮堂堂	(liàng táng táng)
亮相	(liàng xiàng)
亮星	(liàng xīng)
亮星云	(liàng xīng yún)
亮眼	(liàng yǎn)
亮眼人	(liàng yǎn rén)
亮锃锃	(liàng zèng zèng)
悢	(liàng)
晾	(liàng)
晾干	(liàng gān)
晾晒	(liàng shài)
晾衣夹	(liàng yī jiā)
晾衣架	(liàng yī jià)
晾衣绳	(liàng yī shéng)
喨	(liàng)
撩	(liāo)
撩拨	(liáo bō)
撩动	(liáo dòng)
撩逗	(liáo dòu)
撩开	(liāo kai)
撩乱	(liáo luàn)
撩妹	(liáo mèi)
撩起	(liāo qǐ)
撩惹	(liáo rě)
撩人	(liáo rén)
撩骚	(liáo sāo)
撩是生非	(liáo shì shēng fēi)
嵺	(liáo)
僚	(liáo)
僚机	(liáo jī)
憀	(liáo)
寥	(liáo)
寥廓	(liáo kuò)
寥寥	(liáo liáo)
寥寥可数	(liáo liáo kě shǔ)
寥寥无几	(liáo liáo wú jǐ)
寥落	(liáo luò)
寥若晨星	(liáo ruò chén xīng)
敹	(liáo)
嘹	(liáo)
嘹亮	(liáo liàng)
嘹喨	(liáo liàng)
寮	(liáo)
寮房	(liáo fáng)
寮国	(liáo guó)
寮屋	(liáo wū)
嫽	(liáo)
暸	(liáo)
屪	(liáo)
憭	(liǎo)
尥	(liào)
尥蹶子	(liào juě zi)
料	(liào)
料仓	(liào cāng)
料持	(liào chí)
料到	(liào dào)
料定	(liào dìng)
料斗	(liào dǒu)
料豆儿	(liào dòu r)
料度	(liào duó)
料堆	(liào duī)
料号	(liào hào)
料及	(liào jí)
料件	(liào jiàn)
料件子活	(liào jiàn zi huó)
料酒	(liào jiǔ)
料理	(liào lǐ)
料理店	(liào lǐ diàn)
料器	(liào qì)
料峭	(liào qiào)
料事如神	(liào shì rú shén)
料头	(liào tóu)
料头儿	(liào tóu r)
料想	(liào xiǎng)
料汁	(liào zhī)
料中	(liào zhòng)
料子	(liào zi)
撂	(liào)
撂倒	(liào dǎo)
撂地	(liào dì)
撂挑子	(liào tiāo zi)
廖	(liào)
咧	(liě)
咧开嘴笑	(liě kāi zuǐ xiào)
咧咧	(liē liē)
咧嘴	(liě zuǐ)
列	(liè)
列表	(liè biǎo)
列别杰夫	(liè bié jié fū)
列别捷夫	(liè bié jié fū)
列兵	(liè bīng)
列车	(liè chē)
列车员	(liè chē yuán)
列车长	(liè chē zhǎng)
列出	(liè chū)
列传	(liè zhuàn)
列岛	(liè dǎo)
列队	(liè duì)
列夫·托尔斯泰	(liè fū tuō ěr sī tài)
列弗	(liè fú)
列国	(liè guó)
列侯	(liè hóu)
列举	(liè jǔ)
列克	(liè kè)
列克星顿	(liè kè xīng dùn)
列明	(liè míng)
列宁	(liè níng)
列宁格勒	(liè níng gé lè)
列宁主义	(liè níng zhǔ yì)
列强	(liè qiáng)
列缺	(liè quē)
列缺霹雳	(liè quē pī lì)
列入	(liè rù)
列氏温标	(liè shì wēn biāo)
列王记上	(liè wáng jì shàng)
列王记下	(liè wáng jì xià)
列王纪上	(liè wáng jì shàng)
列王纪下	(liè wáng jì xià)
列为	(liè wéi)
列位	(liè wèi)
列席	(liè xí)
列星	(liè xīng)
列印	(liè yìn)
列支敦士登	(liè zhī dūn shì dēng)
列支敦斯登	(liè zhī dūn sī dēng)
列治文	(liè zhì wén)
列装	(liè zhuāng)
列子	(liè zǐ)
劣	(liè)
劣币驱逐良币	(liè bì qū zhú liáng bì)
劣等	(liè děng)
劣迹	(liè jì)
劣迹斑斑	(liè jì bān bān)
劣绅	(liè shēn)
劣势	(liè shì)
劣汰	(liè tài)
劣质	(liè zhì)
劦	(liè)
冽	(liè)
埒	(liè)
捩	(liè)
巤	(liè)
擸	(liè)
㲱	(liè)
䝓	(liè)
拎	(līn)
拎包	(līn bāo)
拎包党	(līn bāo dǎng)
拎起	(līn qǐ)
林	(lín)
林八哥	(lín bā ge)
林堡	(lín bǎo)
林边	(lín biān)
林边乡	(lín biān xiāng)
林彪	(lín biāo)
林逋	(lín bū)
林场	(lín chǎng)
林冲	(lín chōng)
林茨	(lín cí)
林村	(lín cūn)
林黛玉	(lín dài yù)
林德布拉德	(lín dé bù lā dé)
林地	(lín dì)
林甸县	(lín diàn xiàn)
林雕	(lín diāo)
林雕鸮	(lín diāo xiāo)
林丰正	(lín fēng zhèng)
林壑	(lín hè)
林怀民	(lín huái mín)
林火	(lín huǒ)
林吉特	(lín jí tè)
林家翘	(lín jiā qiáo)
林俊杰	(lín jùn jié)
林卡	(lín kǎ)
林可霉素	(lín kě méi sù)
林克平大学	(lín kè píng dà xué)
林肯	(lín kěn)
林肯郡	(lín kěn jùn)
林口县	(lín kǒu xiàn)
林口乡	(lín kǒu xiāng)
林来疯	(lín lái fēng)
林立	(lín lì)
林林总总	(lín lín zǒng zǒng)
林岭雀	(lín lǐng què)
林柳莺	(lín liǔ yīng)
林鹨	(lín liù)
林木	(lín mù)
林奈	(lín nài)
林内	(lín nèi)
林内乡	(lín nèi xiāng)
林琴南	(lín qín nán)
林檎	(lín qín)
林青霞	(lín qīng xiá)
林区	(lín qū)
林三趾鹑	(lín sān zhǐ chún)
林森	(lín sēn)
林沙锥	(lín shā zhuī)
林书豪	(lín shū háo)
林纾	(lín shū)
林薮	(lín sǒu)
林务	(lín wù)
林西县	(lín xī xiàn)
林县	(lín xiàn)
林心如	(lín xīn rú)
林学	(lín xué)
林雪平	(lín xuě píng)
林业	(lín yè)
林夜鹰	(lín yè yīng)
林忆莲	(lín yì lián)
林阴大道	(lín yīn dà dào)
林荫大道	(lín yīn dà dào)
林荫道	(lín yīn dào)
林语堂	(lín yǔ táng)
林鹬	(lín yù)
林芝市	(lín zhī shì)
林志玲	(lín zhì líng)
林州市	(lín zhōu shì)
林周县	(lín zhōu xiàn)
林子	(lín zi)
林子大了，什么鸟都有	(lín zi dà le , shén me niǎo dōu yǒu)
啉	(lín)
惏	(lín)
嶙	(lín)
嶙峋	(lín xún)
凛	(lǐn)
凛冽	(lǐn liè)
凛遵	(lǐn zūn)
廪	(lǐn)
懔	(lǐn)
檩	(lǐn)
吝	(lìn)
吝啬	(lìn sè)
吝啬鬼	(lìn sè guǐ)
吝惜	(lìn xī)
亃	(lín)
僯	(lǐn)
伶	(líng)
伶盗龙	(líng dào lóng)
伶仃	(líng dīng)
伶俐	(líng lì)
伶俜	(líng pīng)
伶人	(líng rén)
伶牙俐齿	(líng yá lì chǐ)
伶鼬	(líng yòu)
夌	(líng)
坽	(líng)
囹	(líng)
囹圄	(líng yǔ)
囹圉	(líng yǔ)
姈	(líng)
柃	(líng)
昤	(līng)
凌	(líng)
凌波舞	(líng bō wǔ)
凌晨	(líng chén)
凌迟	(líng chí)
凌海市	(líng hǎi shì)
凌河区	(líng hé qū)
凌驾	(líng jià)
凌兢	(líng jīng)
凌空	(líng kōng)
凌厉	(líng lì)
凌乱	(líng luàn)
凌乱不堪	(líng luàn bù kān)
凌蒙初	(líng méng chū)
凌虐	(líng nüè)
凌辱	(líng rǔ)
凌霄花	(líng xiāo huā)
凌汛	(líng xùn)
凌夷	(líng yí)
凌源市	(líng yuán shì)
凌云	(líng yún)
凌云县	(líng yún xiàn)
凌杂	(líng zá)
凌杂米盐	(líng zá mǐ yán)
凌志	(líng zhì)
棂	(líng)
棂床	(líng chuáng)
岭	(lǐng)
岭东区	(lǐng dōng qū)
岭南	(lǐng nán)
岭𫶕	(líng yíng)
另	(lìng)
另案	(lìng àn)
另册	(lìng cè)
另存	(lìng cún)
另存为	(lìng cún wéi)
另当别论	(lìng dāng bié lùn)
另寄	(lìng jì)
另加	(lìng jiā)
另见	(lìng jiàn)
另开	(lìng kāi)
另类	(lìng lèi)
另类医疗	(lìng lèi yī liáo)
另觅新欢	(lìng mì xīn huān)
另谋高就	(lìng móu gāo jiù)
另辟蹊径	(lìng pì xī jìng)
另起炉灶	(lìng qǐ lú zào)
另请高明	(lìng qǐng gāo míng)
另外	(lìng wài)
另行	(lìng xíng)
另行通知	(lìng xíng tōng zhī)
另眼相看	(lìng yǎn xiāng kàn)
另一	(lìng yī)
另一半	(lìng yī bàn)
另一方面	(lìng yī fāng miàn)
另用	(lìng yòng)
另有	(lìng yǒu)
另有企图	(lìng yǒu qǐ tú)
令	(lìng)
令爱	(lìng ài)
令嫒	(lìng ài)
令慈	(lìng cí)
令弟	(lìng dì)
令和	(lìng hé)
令狐	(líng hú)
令狐德棻	(líng hú dé fēn)
令吉	(lìng jí)
令箭	(lìng jiàn)
令节	(lìng jié)
令阃	(lìng kǔn)
令郎	(lìng láng)
令名	(lìng míng)
令牌	(lìng pái)
令牌环	(lìng pái huán)
令牌环网	(lìng pái huán wǎng)
令亲	(lìng qīn)
令人	(lìng rén)
令人不快	(lìng rén bù kuài)
令人发指	(lìng rén fà zhǐ)
令人满意	(lìng rén mǎn yì)
令人振奋	(lìng rén zhèn fèn)
令堂	(lìng táng)
令行禁止	(lìng xíng jìn zhǐ)
令兄	(lìng xiōng)
令药	(lìng yào)
令誉	(lìng yù)
令正	(lìng zhèng)
令状	(lìng zhuàng)
令尊	(lìng zūn)
令尊令堂	(lìng zūn lìng táng)
呤	(líng)
呤呤	(líng líng)
刘	(liú)
刘安	(liú ān)
刘邦	(liú bāng)
刘备	(liú bèi)
刘表	(liú biǎo)
刘伯温	(liú bó wēn)
刘禅	(liú shàn)
刘慈欣	(liú cí xīn)
刘德华	(liú dé huá)
刘鹗	(liú è)
刘公岛	(liú gōng dǎo)
刘海	(liú hǎi)
刘恒	(liú héng)
刘基	(liú jī)
刘家辉	(liú jiā huī)
刘涓子	(liú juān zǐ)
刘涓子鬼遗方	(liú juān zǐ guǐ yí fāng)
刘姥姥进大观园	(liú lǎo lao jìn dà guān yuán)
刘青云	(liú qīng yún)
刘少奇	(liú shào qí)
刘师培	(liú shī péi)
刘奭	(liú shì)
刘宋	(liú sòng)
刘宋时代	(liú sòng shí dài)
刘天华	(liú tiān huá)
刘熙	(liú xī)
刘向	(liú xiàng)
刘心武	(liú xīn wǔ)
刘昫	(liú xù)
刘洋	(liú yáng)
刘义庆	(liú yì qìng)
刘毅	(liú yì)
刘禹锡	(liú yǔ xī)
刘渊	(liú yuān)
留	(liú)
旒	(liú)
榴	(liú)
榴弹	(liú dàn)
榴弹发射器	(liú dàn fā shè qì)
榴弹炮	(liú dàn pào)
榴莲	(liú lián)
榴莲族	(liú lián zú)
榴梿	(liú lián)
榴霰弹	(liú xiàn dàn)
橊	(liú)
懰	(liú)
柳	(liǔ)
柳暗花明	(liǔ àn huā míng)
柳北区	(liǔ běi qū)
柳城县	(liǔ chéng xiàn)
柳橙	(liǔ chéng)
柳橙汁	(liǔ chéng zhī)
柳丁	(liǔ dīng)
柳丁氨醇	(liǔ dīng ān chún)
柳公权	(liǔ gōng quán)
柳河县	(liǔ hé xiàn)
柳江区	(liǔ jiāng qū)
柳雷鸟	(liǔ léi niǎo)
柳林县	(liǔ lín xiàn)
柳绿花红	(liǔ lǜ huā hóng)
柳眉	(liǔ méi)
柳陌花衢	(liǔ mò huā qú)
柳南区	(liǔ nán qū)
柳杞	(liǔ qǐ)
柳琴	(liǔ qín)
柳青	(liǔ qīng)
柳杉	(liǔ shān)
柳树	(liǔ shù)
柳松菇	(liǔ sōng gū)
柳啼花怨	(liǔ tí huā yuàn)
柳体	(liǔ tǐ)
柳条	(liǔ tiáo)
柳絮	(liǔ xù)
柳烟花雾	(liǔ yān huā wù)
柳叶刀	(liǔ yè dāo)
柳毅传	(liǔ yì zhuàn)
柳莺	(liǔ yīng)
柳营	(liǔ yíng)
柳永	(liǔ yǒng)
柳州市	(liǔ zhōu shì)
柳子戏	(liǔ zi xì)
柳宗元	(liǔ zōng yuán)
六	(lù)
六安市	(lù ān shì)
六边形	(liù biān xíng)
六朝	(liù cháo)
六朝时代	(liù cháo shí dài)
六朝四大家	(liù cháo sì dà jiā)
六陈	(liù chén)
六畜	(liù chù)
六二五事变	(liù èr wǔ shì biàn)
六二五战争	(liù èr wǔ zhàn zhēng)
六方	(liù fāng)
六方会谈	(liù fāng huì tán)
六方最密堆积	(liù fāng zuì mì duī jī)
六分仪	(liù fēn yí)
六分仪座	(liù fēn yí zuò)
六分之一	(liù fēn zhī yī)
六氟化硫	(liù fú huà liú)
六氟化铀	(liù fú huà yóu)
六腑	(liù fǔ)
六宫	(liù gōng)
六合	(liù hé)
六合八法	(liù hé bā fǎ)
六合彩	(liù hé cǎi)
六合区	(lù hé qū)
六级士官	(liù jí shì guān)
六家	(liù jiā)
六价	(liù jià)
六角	(liù jiǎo)
六角括号	(liù jiǎo kuò hào)
六角螺帽	(liù jiǎo luó mào)
六角星	(liù jiǎo xīng)
六角形	(liù jiǎo xíng)
六脚	(liù jiǎo)
六脚乡	(liù jiǎo xiāng)
六经	(liù jīng)
六库	(liù kù)
六块腹肌	(liù kuài fù jī)
六芒星	(liù máng xīng)
六面体	(liù miàn tǐ)
六盘山	(liù pán shān)
六盘水市	(liù pán shuǐ shì)
六亲	(liù qīn)
六亲不认	(liù qīn bù rèn)
六亲无靠	(liù qīn wú kào)
六扇门	(liù shàn mén)
六神	(liù shén)
六神无主	(liù shén wú zhǔ)
六十	(liù shí)
六十年代	(liù shí nián dài)
六书	(liù shū)
六韬	(liù tāo)
六韬三略	(liù tāo sān lüè)
六邪	(liù xié)
六艺	(liù yì)
六淫	(liù yín)
六月	(liù yuè)
六月份	(liù yuè fèn)
六枝特区	(liù zhī tè qū)
六字真言	(liù zì zhēn yán)
咙	(lóng)
栊	(lóng)
昽	(lóng)
胧	(lóng)
巃	(lóng)
垅	(lǒng)
拢	(lǒng)
拢共	(lǒng gòng)
拢火	(lǒng huǒ)
拢总	(lǒng zǒng)
拢攥	(lǒng zuàn)
垄	(lǒng)
垄断	(lǒng duàn)
垄沟	(lǒng gōu)
儱	(lǒng)
哢	(lòng)
剅	(lóu)
娄	(lóu)
娄底市	(lóu dǐ shì)
娄烦县	(lóu fán xiàn)
娄宿	(lóu xiù)
娄星区	(lóu xīng qū)
娄子	(lóu zi)
偻	(lǚ)
偻㑩	(lóu luo)
喽	(lóu)
喽啰	(lóu luo)
喽罗	(lóu luo)
喽子	(lóu zi)
楼	(lóu)
楼板	(lóu bǎn)
楼层	(lóu céng)
楼船	(lóu chuán)
楼道	(lóu dào)
楼顶	(lóu dǐng)
楼房	(lóu fáng)
楼凤	(lóu fèng)
楼阁	(lóu gé)
楼阁塔	(lóu gé tǎ)
楼花	(lóu huā)
楼兰	(lóu lán)
楼橹	(lóu lǔ)
楼面	(lóu miàn)
楼盘	(lóu pán)
楼上	(lóu shàng)
楼市	(lóu shì)
楼台	(lóu tái)
楼梯	(lóu tī)
楼梯间	(lóu tī jiān)
楼梯口	(lóu tī kǒu)
楼梯台	(lóu tī tái)
楼下	(lóu xià)
楼厢	(lóu xiāng)
楼宇	(lóu yǔ)
楼主	(lóu zhǔ)
楼子	(lóu zi)
楼座	(lóu zuò)
搂	(lǒu)
搂抱	(lǒu bào)
搂钱	(lōu qián)
搂住	(lǒu zhù)
嵝	(lǒu)
撸	(lū)
撸串	(lū chuàn)
撸管	(lū guǎn)
撸猫	(lū māo)
撸铁	(lū tiě)
噜	(lū)
庐	(lú)
庐江县	(lú jiāng xiàn)
庐山	(lú shān)
庐山区	(lú shān qū)
庐山市	(lú shān shì)
庐阳区	(lú yáng qū)
垆	(lú)
栌	(lú)
掳	(lǔ)
掳获	(lǔ huò)
掳掠	(lǔ lüè)
掳人勒赎	(lǔ rén lè shú)
掳走	(lǔ zǒu)
橹	(lǔ)
坴	(lù)
录	(lù)
僇	(lù)
勠	(lù)
勠力	(lù lì)
戮	(lù)
戮力	(lù lì)
戮力同心	(lù lì tóng xīn)
峦	(luán)
孪	(luán)
孪生	(luán shēng)
孪生姐妹	(luán shēng jiě mèi)
孪生兄弟	(luán shēng xiōng dì)
娈	(luán)
娈童	(luán tóng)
娈童恋	(luán tóng liàn)
栾	(luán)
栾城区	(luán chéng qū)
栾川县	(luán chuān xiàn)
挛	(luán)
挛缩	(luán suō)
圞	(luán)
卵	(luǎn)
卵巢	(luǎn cháo)
卵巢窝	(luǎn cháo wō)
卵蛋	(luǎn dàn)
卵黄	(luǎn huáng)
卵黄管	(luǎn huáng guǎn)
卵黄囊	(luǎn huáng náng)
卵黄腺	(luǎn huáng xiàn)
卵精巢	(luǎn jīng cháo)
卵裂	(luǎn liè)
卵磷脂	(luǎn lín zhī)
卵模	(luǎn mó)
卵母细胞	(luǎn mǔ xì bāo)
卵泡	(luǎn pāo)
卵鞘	(luǎn qiào)
卵石	(luǎn shí)
卵形	(luǎn xíng)
卵用鸡	(luǎn yòng jī)
卵圆	(luǎn yuán)
卵圆窗	(luǎn yuán chuāng)
卵圆形	(luǎn yuán xíng)
卵子	(luǎn zǐ)
乱	(luàn)
乱臣贼子	(luàn chén zéi zǐ)
乱成一团	(luàn chéng yī tuán)
乱吃	(luàn chī)
乱穿马路	(luàn chuān mǎ lù)
乱窜	(luàn cuàn)
乱弹琴	(luàn tán qín)
乱党	(luàn dǎng)
乱掉	(luàn diào)
乱丢	(luàn diū)
乱动	(luàn dòng)
乱搞	(luàn gǎo)
乱搞男女关系	(luàn gǎo nán nǚ guān xì)
乱咕攘	(luàn gū rang)
乱哄哄	(luàn hōng hōng)
乱花	(luàn huā)
乱花钱	(luàn huā qián)
乱画	(luàn huà)
乱纪	(luàn jì)
乱讲	(luàn jiǎng)
乱叫	(luàn jiào)
乱局	(luàn jú)
乱来	(luàn lái)
乱伦	(luàn lún)
乱麻	(luàn má)
乱码	(luàn mǎ)
乱民	(luàn mín)
乱跑	(luàn pǎo)
乱蓬蓬	(luàn pēng pēng)
乱七八糟	(luàn qī bā zāo)
乱扔	(luàn rēng)
乱石	(luàn shí)
乱石砸死	(luàn shí zá sǐ)
乱世	(luàn shì)
乱世佳人	(luàn shì jiā rén)
乱视	(luàn shì)
乱数	(luàn shù)
乱说	(luàn shuō)
乱套	(luàn tào)
乱跳	(luàn tiào)
乱象	(luàn xiàng)
乱写	(luàn xiě)
乱葬岗	(luàn zàng gǎng)
乱糟糟	(luàn zāo zāo)
乱真	(luàn zhēn)
乱政	(luàn zhèng)
乱抓	(luàn zhuā)
乱子	(luàn zi)
抡	(lún)
抡元	(lún yuán)
仑	(lún)
仑背	(lún bèi)
仑背乡	(lún bèi xiāng)
伦	(lún)
伦巴	(lún bā)
伦常	(lún cháng)
伦敦	(lún dūn)
伦敦大学学院	(lún dūn dà xué xué yuàn)
伦敦大学亚非学院	(lún dūn dà xué yà fēi xué yuàn)
伦敦国际金融期货交易所	(lún dūn guó jì jīn róng qī huò jiāo yì suǒ)
伦敦证券交易所	(lún dūn zhèng quàn jiāo yì suǒ)
伦理	(lún lǐ)
伦理观	(lún lǐ guān)
伦理学	(lún lǐ xué)
伦琴	(lún qín)
伦琴射线	(lún qín shè xiàn)
囵	(lún)
啰	(luó)
啰里啰嗦	(luō li luō suo)
啰唆	(luō suo)
啰嗦	(luō suo)
啰唣	(luó zào)
㑩	(luó)
倮	(luǒ)
㧰	(lüè)
摞	(luò)
摞管	(luò guǎn)
榈	(lǘ)
吕	(lǚ)
吕贝克	(lǚ bèi kè)
吕不韦	(lǚ bù wéi)
吕布	(lǚ bù)
吕布戟	(lǚ bù jǐ)
吕洞宾	(lǚ dòng bīn)
吕嘉民	(lǚ jiā mín)
吕览	(lǚ lǎn)
吕梁市	(lǚ liáng shì)
吕蒙	(lǚ méng)
吕宋岛	(lǚ sòng dǎo)
吕宋海峡	(lǚ sòng hǎi xiá)
吕望	(lǚ wàng)
吕岩	(lǚ yán)
侣	(lǚ)
捋	(lǚ)
捋臂揎拳	(luō bì xuān quán)
捋胳膊	(luō gē bo)
捋虎须	(luō hǔ xū)
捋袖子	(luō xiù zi)
梠	(lǚ)
旅	(lǚ)
旅程	(lǚ chéng)
旅程表	(lǚ chéng biǎo)
旅充	(lǚ chōng)
旅大	(lǚ dà)
旅大市	(lǚ dà shì)
旅店	(lǚ diàn)
旅费	(lǚ fèi)
旅馆	(lǚ guǎn)
旅检	(lǚ jiǎn)
旅居	(lǚ jū)
旅居车	(lǚ jū chē)
旅客	(lǚ kè)
旅平险	(lǚ píng xiǎn)
旅人	(lǚ rén)
旅舍	(lǚ shè)
旅社	(lǚ shè)
旅顺	(lǚ shùn)
旅顺港	(lǚ shùn gǎng)
旅顺口区	(lǚ shùn kǒu qū)
旅途	(lǚ tú)
旅行	(lǚ xíng)
旅行袋	(lǚ xíng dài)
旅行社	(lǚ xíng shè)
旅行团	(lǚ xíng tuán)
旅行者	(lǚ xíng zhě)
旅行支票	(lǚ xíng zhī piào)
旅行装备	(lǚ xíng zhuāng bèi)
旅游	(lǚ yóu)
旅游城市	(lǚ yóu chéng shì)
旅游集散中心	(lǚ yóu jí sàn zhōng xīn)
旅游景点	(lǚ yóu jǐng diǎn)
旅游客	(lǚ yóu kè)
旅游热点	(lǚ yóu rè diǎn)
旅游胜地	(lǚ yóu shèng dì)
旅游团	(lǚ yóu tuán)
旅游业	(lǚ yóu yè)
旅游者	(lǚ yóu zhě)
旅长	(lǚ zhǎng)
屡	(lǚ)
屡败屡战	(lǚ bài lǚ zhàn)
屡出狂言	(lǚ chū kuáng yán)
屡次	(lǚ cì)
屡加	(lǚ jiā)
屡见不鲜	(lǚ jiàn bù xiān)
屡教不改	(lǚ jiào bù gǎi)
屡禁不绝	(lǚ jìn bù jué)
屡禁不止	(lǚ jìn bù zhǐ)
屡屡	(lǚ lǚ)
屡劝不听	(lǚ quàn bù tīng)
屡试不爽	(lǚ shì bù shuǎng)
屡遭	(lǚ zāo)
屡战屡败	(lǚ zhàn lǚ bài)
履	(lǚ)
履带	(lǚ dài)
履践	(lǚ jiàn)
履历	(lǚ lì)
履历表	(lǚ lì biǎo)
履历片	(lǚ lì piàn)
履舄交错	(lǚ xì jiāo cuò)
履险如夷	(lǚ xiǎn rú yí)
履新	(lǚ xīn)
履行	(lǚ xíng)
履约	(lǚ yuē)
履约保证金	(lǚ yuē bǎo zhèng jīn)
履职	(lǚ zhí)
垏	(lǜ)
律	(lǜ)
律动	(lǜ dòng)
律法	(lǜ fǎ)
律吕	(lǜ lǚ)
律师	(lǜ shī)
律师事务所	(lǜ shī shì wù suǒ)
律诗	(lǜ shī)
律所	(lǜ suǒ)
律条	(lǜ tiáo)
律政司	(lǜ zhèng sī)
虑	(lǜ)
虑病症	(lǜ bìng zhèng)
嵂	(lǜ)
卛	(lǜ)
掠	(lüè)
掠夺	(lüè duó)
掠夺者	(lüè duó zhě)
掠过	(lüè guò)
掠卖	(lüè mài)
掠美	(lüè měi)
掠取	(lüè qǔ)
掠食	(lüè shí)
圙	(lüè)
呒	(m)
呒没	(m méi)
呒啥	(m shá)
呒虾米	(wú xiā mǐ)
呣	(m)
妈	(mā)
妈宝	(mā bǎo)
妈的法克	(mā de fǎ kè)
妈拉个巴子	(mā lā ge bā zi)
妈了个巴子	(mā le ge bā zi)
妈妈	(mā ma)
妈妈桑	(mā ma sāng)
妈卖批	(mā mài pī)
妈咪	(mā mi)
妈惹法克	(mā rě fǎ kè)
妈祖	(mā zǔ)
㐷	(mǎ)
杩	(mà)
吗	(má)
吗啡	(mǎ fēi)
吗啉	(mǎ lín)
吗喽	(ma lou)
吗哪	(mǎ nǎ)
嘛	(má)
埋	(mái)
埋藏	(mái cáng)
埋单	(mái dān)
埋点	(mái diǎn)
埋伏	(mái fú)
埋孔	(mái kǒng)
埋没	(mái mò)
埋名	(mái míng)
埋设	(mái shè)
埋首	(mái shǒu)
埋汰	(mái tai)
埋天怨地	(mán tiān yuàn dì)
埋头	(mái tóu)
埋头苦干	(mái tóu kǔ gàn)
埋线	(mái xiàn)
埋怨	(mán yuàn)
埋葬	(mái zàng)
劢	(mài)
脉	(mài)
唛	(mài)
唛头	(mài tóu)
鿏	(mài)
嫚	(mān)
嫚子	(mān zi)
樠	(mén)
屘	(mǎn)
曼	(màn)
曼波	(màn bō)
曼波鱼	(màn bō yú)
曼彻斯特	(màn chè sī tè)
曼彻斯特编码	(màn chè sī tè biān mǎ)
曼城	(màn chéng)
曼城队	(màn chéng duì)
曼达尔	(màn dá ěr)
曼岛	(màn dǎo)
曼德勒	(màn dé lè)
曼谷	(màn gǔ)
曼哈顿	(màn hā dùn)
曼哈顿区	(màn hā dùn qū)
曼海姆	(màn hǎi mǔ)
曼荷莲学院	(màn hé lián xué yuàn)
曼联	(màn lián)
曼妙	(màn miào)
曼尼托巴	(màn ní tuō bā)
曼切斯特	(màn qiē sī tè)
曼苏尔	(màn sū ěr)
曼荼罗	(màn tú luó)
曼陀林	(màn tuó lín)
曼陀铃	(màn tuó líng)
曼陀罗	(màn tuó luó)
曼妥思	(màn tuǒ sī)
曼珠沙华	(màn zhū shā huā)
墁	(màn)
幔	(màn)
幔子	(màn zi)
慢	(màn)
慢班	(màn bān)
慢板	(màn bǎn)
慢半拍	(màn bàn pāi)
慢步	(màn bù)
慢车	(màn chē)
慢城市	(màn chéng shì)
慢待	(màn dài)
慢动作	(màn dòng zuò)
慢工出巧匠	(màn gōng chū qiǎo jiàng)
慢工出细货	(màn gōng chū xì huò)
慢化剂	(màn huà jì)
慢火	(màn huǒ)
慢镜头	(màn jìng tóu)
慢慢	(màn màn)
慢慢吃	(màn màn chī)
慢慢来	(màn màn lái)
慢慢吞吞	(màn man tūn tūn)
慢跑	(màn pǎo)
慢热	(màn rè)
慢热型	(màn rè xíng)
慢生活	(màn shēng huó)
慢说	(màn shuō)
慢速	(màn sù)
慢速摄影	(màn sù shè yǐng)
慢碳	(màn tàn)
慢腾腾	(màn téng téng)
慢条斯理	(màn tiáo sī lǐ)
慢吞吞	(màn tūn tūn)
慢行	(màn xíng)
慢行道	(màn xíng dào)
慢性	(màn xìng)
慢性病	(màn xìng bìng)
慢性疾病	(màn xìng jí bìng)
慢性疲劳症候群	(màn xìng pí láo zhèng hòu qún)
慢性疼痛	(màn xìng téng tòng)
慢性子	(màn xìng zi)
慢性阻塞性肺病	(màn xìng zǔ sè xìng fèi bìng)
慢用	(màn yòng)
慢悠悠	(màn yōu yōu)
慢长	(màn cháng)
慢走	(màn zǒu)
忙	(máng)
忙不迭	(máng bù dié)
忙不过来	(máng bù guò lái)
忙乎	(máng hū)
忙活	(máng huo)
忙进忙出	(máng jìn máng chū)
忙里偷闲	(máng lǐ tōu xián)
忙碌	(máng lù)
忙乱	(máng luàn)
忙忙叨叨	(máng mang dāo dāo)
忙音	(máng yīn)
忙于	(máng yú)
忙着	(máng zhe)
忙中有错	(máng zhōng yǒu cuò)
忙中有失	(máng zhōng yǒu shī)
杧	(máng)
杧果	(máng guǒ)
尨	(páng)
杗	(máng)
厖	(páng)
哤	(máng)
庬	(páng)
旄	(máo)
旄车	(máo chē)
旄倪	(mào ní)
旄期	(mào qī)
冇	(mǎo)
卯	(mǎo)
卯起来	(mǎo qǐ lai)
卯榫	(mǎo sǔn)
卯眼	(mǎo yǎn)
峁	(mǎo)
昴	(mǎo)
冃	(mào)
冒	(mào)
冒充	(mào chōng)
冒出来	(mào chū lái)
冒大不韪	(mào dà bù wěi)
冒顶	(mào dǐng)
冒渎	(mào dú)
冒犯	(mào fàn)
冒风险	(mào fēng xiǎn)
冒汗	(mào hàn)
冒号	(mào hào)
冒火	(mào huǒ)
冒进	(mào jìn)
冒领	(mào lǐng)
冒冒失失	(mào mào shī shī)
冒昧	(mào mèi)
冒名	(mào míng)
冒名顶替	(mào míng dǐng tì)
冒名顶替者	(mào míng dǐng tì zhě)
冒纳罗亚	(mào nà luó yà)
冒牌	(mào pái)
冒牌货	(mào pái huò)
冒生命危险	(mào shēng mìng wēi xiǎn)
冒失	(mào shi)
冒失鬼	(mào shi guǐ)
冒暑	(mào shǔ)
冒死	(mào sǐ)
冒题	(mào tí)
冒头	(mào tóu)
冒险	(mào xiǎn)
冒险家	(mào xiǎn jiā)
冒险者	(mào xiǎn zhě)
冒险主义	(mào xiǎn zhǔ yì)
冒烟	(mào yān)
冒用	(mào yòng)
冒雨	(mào yǔ)
冒着	(mào zhe)
帽	(mào)
帽箍儿	(mào gū r)
帽匠	(mào jiàng)
帽天山	(mào tiān shān)
帽沿	(mào yán)
帽檐	(mào yán)
帽子	(mào zi)
帽子叔叔	(mào zi shū shu)
帽子戏法	(mào zi xì fǎ)
媢	(mào)
楙	(mào)
愗	(mào)
懋	(mào)
孭	(miē)
庅	(me)
枚	(méi)
枚卜	(méi bǔ)
枚乘	(méi chéng)
枚举	(méi jǔ)
梅	(méi)
梅德韦杰夫	(méi dé wéi jié fū)
梅毒	(méi dú)
梅干菜	(méi gān cài)
梅河口市	(méi hé kǒu shì)
梅核气	(méi hé qì)
梅红	(méi hóng)
梅花	(méi huā)
梅花鹿	(méi huā lù)
梅花拳	(méi huā quán)
梅江区	(méi jiāng qū)
梅兰芳	(méi lán fāng)
梅里美	(méi lǐ měi)
梅里斯达斡尔族区	(méi lǐ sī dá wò ěr zú qū)
梅里斯区	(méi lǐ sī qū)
梅里亚姆·韦伯斯特	(méi lǐ yà mǔ · wéi bó sī tè)
梅林	(méi lín)
梅洛	(méi luò)
梅纳德	(méi nà dé)
梅派	(méi pài)
梅萨林	(méi sà lín)
梅瑟	(méi sè)
梅森	(méi sēn)
梅森素数	(méi sēn sù shù)
梅山乡	(méi shān xiāng)
梅氏	(méi shì)
梅氏腺	(méi shì xiàn)
梅斯	(méi sī)
梅斯梅尔	(méi sī méi ěr)
梅西	(méi xī)
梅西耶	(méi xī yē)
梅西耶星表	(méi xī yē xīng biǎo)
梅西叶	(méi xī yè)
梅西叶星表	(méi xī yè xīng biǎo)
梅县区	(méi xiàn qū)
梅雨	(méi yǔ)
梅州市	(méi zhōu shì)
梅子	(méi zi)
堳	(méi)
嵋	(méi)
媒	(méi)
媒材	(méi cái)
媒合	(méi hé)
媒介	(méi jiè)
媒界	(méi jiè)
媒婆	(méi pó)
媒人	(méi ren)
媒妁	(méi shuò)
媒妁之言	(méi shuò zhī yán)
媒体	(méi tǐ)
媒体访问控制	(méi tǐ fǎng wèn kòng zhì)
媒体自由	(méi tǐ zì yóu)
媒质	(méi zhì)
楣	(méi)
槑	(dāi)
每	(měi)
每常	(měi cháng)
每处	(měi chù)
每次	(měi cì)
每当	(měi dāng)
每分每秒	(měi fēn měi miǎo)
每逢	(měi féng)
每逢佳节倍思亲	(měi féng jiā jié bèi sī qīn)
每隔	(měi gé)
每个	(měi gè)
每个人	(měi ge rén)
每况愈下	(měi kuàng yù xià)
每每	(měi měi)
每年	(měi nián)
每年一度	(měi nián yī dù)
每人	(měi rén)
每日	(měi rì)
每日电讯报	(měi rì diàn xùn bào)
每日镜报	(měi rì jìng bào)
每日快报	(měi rì kuài bào)
每日限价	(měi rì xiàn jià)
每日新闻	(měi rì xīn wén)
每日邮报	(měi rì yóu bào)
每时每刻	(měi shí měi kè)
每时每日	(měi shí měi rì)
每天	(měi tiān)
每夜	(měi yè)
每月	(měi yuè)
每周	(měi zhōu)
每周一次	(měi zhōu yī cì)
嵄	(měi)
媄	(měi)
媺	(měi)
妹	(mèi)
妹夫	(mèi fu)
妹妹	(mèi mei)
妹妹头	(mèi mei tóu)
妹婿	(mèi xù)
妹子	(mèi zi)
昧	(mèi)
昧旦	(mèi dàn)
昧良心	(mèi liáng xīn)
昧没	(mèi mò)
昧死	(mèi sǐ)
昧心	(mèi xīn)
寐	(mèi)
寐龙	(mèi lóng)
媚	(mèi)
媚词	(mèi cí)
媚惑	(mèi huò)
媚男	(mèi nán)
媚世	(mèi shì)
媚俗	(mèi sú)
媚态	(mèi tài)
媚娃	(mèi wá)
媚外	(mèi wài)
媚笑	(mèi xiào)
媚眼	(mèi yǎn)
扪	(mén)
扪心无愧	(mén xīn wú kuì)
扪心自问	(mén xīn zì wèn)
闷	(mēn)
闷葫芦	(mèn hú lu)
闷酒	(mèn jiǔ)
闷雷	(mèn léi)
闷闷不乐	(mèn mèn bù lè)
闷屁	(mēn pì)
闷热	(mēn rè)
闷骚	(mēn sāo)
闷声不响	(mēn shēng bù xiǎng)
闷声发大财	(mēn shēng fā dà cái)
闷声闷气	(mēn shēng mēn qì)
暪	(mèn)
懑	(mèn)
懑然	(mèn rán)
们	(men)
䖟	(méng)
冡	(méng)
蒙	(méng)
䗈	(méng)
幪	(méng)
檬	(méng)
曚	(méng)
曚昽	(méng lóng)
朦	(méng)
朦骨	(méng gǔ)
朦胧	(méng lóng)
朦胧诗	(méng lóng shī)
勐	(měng)
勐海县	(měng hǎi xiàn)
勐腊县	(měng là xiàn)
懵	(měng)
懵逼	(měng bī)
懵懂	(měng dǒng)
懵懵懂懂	(měng měng dǒng dǒng)
懵圈	(mēng quān)
孟	(mèng)
孟尝君	(mèng cháng jūn)
孟村回族自治县	(mèng cūn huí zú zì zhì xiàn)
孟德斯鸠	(mèng dé sī jiū)
孟菲斯	(mèng fēi sī)
孟浩然	(mèng hào rán)
孟加拉	(mèng jiā lā)
孟加拉国	(mèng jiā lā guó)
孟加拉人民共和国	(mèng jiā lā rén mín gòng hé guó)
孟加拉湾	(mèng jiā lā wān)
孟加拉语	(mèng jiā lā yǔ)
孟姜女	(mèng jiāng nǚ)
孟郊	(mèng jiāo)
孟津区	(mèng jīn qū)
孟轲	(mèng kē)
孟浪	(mèng làng)
孟连傣族拉祜族佤族自治县	(mèng lián dǎi zú lā hù zú wǎ zú zì zhì xiàn)
孟良崮	(mèng liáng gù)
孟买	(mèng mǎi)
孟婆	(mèng pó)
孟婆汤	(mèng pó tāng)
孟思诚	(mèng sī chéng)
孟夏	(mèng xià)
孟州市	(mèng zhōu shì)
孟子	(mèng zǐ)
梦	(mèng)
梦到	(mèng dào)
梦核	(mèng hé)
梦话	(mèng huà)
梦幻	(mèng huàn)
梦幻泡影	(mèng huàn pào yǐng)
梦见	(mèng jiàn)
梦景	(mèng jǐng)
梦境	(mèng jìng)
梦露	(mèng lù)
梦寐	(mèng mèi)
梦寐以求	(mèng mèi yǐ qiú)
梦魔	(mèng mó)
梦溪笔谈	(mèng xī bǐ tán)
梦乡	(mèng xiāng)
梦想	(mèng xiǎng)
梦想家	(mèng xiǎng jiā)
梦行症	(mèng xíng zhèng)
梦魇	(mèng yǎn)
梦遗	(mèng yí)
梦呓	(mèng yì)
梦游	(mèng yóu)
梦游症	(mèng yóu zhèng)
梦中	(mèng zhōng)
夣	(mèng)
咪	(mī)
咪咪	(mī mī)
咪嘴	(mī zuǐ)
咪唑	(mī zuò)
冞	(mí)
弥	(mí)
弥补	(mí bǔ)
弥渡县	(mí dù xiàn)
弥封	(mí fēng)
弥缝	(mí féng)
弥合	(mí hé)
弥迦书	(mí jiā shū)
弥勒	(mí lè)
弥勒佛	(mí lè fó)
弥勒菩萨	(mí lè pú sà)
弥勒市	(mí lè shì)
弥留	(mí liú)
弥留之际	(mí liú zhī jì)
弥满	(mí mǎn)
弥漫	(mí màn)
弥蒙	(mí méng)
弥撒	(mí sa)
弥赛亚	(mí sài yà)
弥散	(mí sàn)
弥天	(mí tiān)
弥天大谎	(mí tiān dà huǎng)
弥陀	(mí tuó)
弥望	(mí wàng)
弥月	(mí yuè)
弥足珍贵	(mí zú zhēn guì)
劘	(mó)
弭	(mǐ)
敉	(mǐ)
宓	(mì)
峚	(mì)
峚山	(mì shān)
密	(mì)
密报	(mì bào)
密闭	(mì bì)
密闭舱	(mì bì cāng)
密闭货舱	(mì bì huò cāng)
密闭门	(mì bì mén)
密不可分	(mì bù kě fēn)
密不透风	(mì bù tòu fēng)
密布	(mì bù)
密道	(mì dào)
密电	(mì diàn)
密度	(mì dù)
密度波	(mì dù bō)
密度计	(mì dù jì)
密尔沃基	(mì ěr wò jī)
密访	(mì fǎng)
密封	(mì fēng)
密封舱	(mì fēng cāng)
密封胶	(mì fēng jiāo)
密告	(mì gào)
密函	(mì hán)
密合	(mì hé)
密会	(mì huì)
密集	(mì jí)
密集恐惧症	(mì jí kǒng jù zhèng)
密件	(mì jiàn)
密教	(mì jiào)
密接	(mì jiē)
密克罗尼西亚	(mì kè luó ní xī yà)
密恐	(mì kǒng)
密林	(mì lín)
密令	(mì lìng)
密码	(mì mǎ)
密码保护	(mì mǎ bǎo hù)
密码电报	(mì mǎ diàn bào)
密码锁	(mì mǎ suǒ)
密码学	(mì mǎ xué)
密码子	(mì mǎ zi)
密密	(mì mì)
密密层层	(mì mi céng céng)
密密麻麻	(mì mi má má)
密密实实	(mì mi shí shi)
密密匝匝	(mì mi zā zā)
密密扎扎	(mì mì zhā zhā)
密谋	(mì móu)
密排	(mì pái)
密切	(mì qiè)
密切接触者	(mì qiè jiē chù zhě)
密山市	(mì shān shì)
密商	(mì shāng)
密实	(mì shí)
密使	(mì shǐ)
密室	(mì shì)
密室逃脱	(mì shì táo tuō)
密司脱	(mì sī tuō)
密斯	(mì sī)
密斯脱	(mì sī tuō)
密送	(mì sòng)
密苏里	(mì sū lǐ)
密苏里州	(mì sū lǐ zhōu)
密谈	(mì tán)
密探	(mì tàn)
密特朗	(mì tè lǎng)
密文	(mì wén)
密西根	(mì xī gēn)
密西西比	(mì xī xī bǐ)
密西西比河	(mì xī xī bǐ hé)
密县	(mì xiàn)
密歇根	(mì xiē gēn)
密歇根大学	(mì xiē gēn dà xué)
密歇根湖	(mì xiē gēn hú)
密檐塔	(mì yán tǎ)
密钥	(mì yào)
密友	(mì yǒu)
密语	(mì yǔ)
密约	(mì yuē)
密云区	(mì yún qū)
密帐	(mì zhàng)
密诏	(mì zhào)
密织	(mì zhī)
密植	(mì zhí)
密致	(mì zhì)
密宗	(mì zōng)
幂	(mì)
幂等	(mì děng)
幂级数	(mì jí shù)
塓	(mì)
嘧	(mì)
幦	(mì)
棉	(mián)
棉袄	(mián ǎo)
棉棒	(mián bàng)
棉被	(mián bèi)
棉布	(mián bù)
棉豆	(mián dòu)
棉凫	(mián fú)
棉花	(mián hua)
棉花棒	(mián huā bàng)
棉花糖	(mián huā táng)
棉裤	(mián kù)
棉兰	(mián lán)
棉兰老岛	(mián lán lǎo dǎo)
棉铃	(mián líng)
棉铃虫	(mián líng chóng)
棉毛	(mián máo)
棉帽	(mián mào)
棉签	(mián qiān)
棉球	(mián qiú)
棉纱	(mián shā)
棉田	(mián tián)
棉条	(mián tiáo)
棉线	(mián xiàn)
棉絮	(mián xù)
棉衣	(mián yī)
丏	(miǎn)
免	(miǎn)
免不得	(miǎn bu de)
免不了	(miǎn bù liǎo)
免持	(miǎn chí)
免除	(miǎn chú)
免黜	(miǎn chù)
免单	(miǎn dān)
免得	(miǎn de)
免掉	(miǎn diào)
免费	(miǎn fèi)
免费搭车	(miǎn fèi dā chē)
免费软件	(miǎn fèi ruǎn jiàn)
免冠	(miǎn guān)
免开尊口	(miǎn kāi zūn kǒu)
免礼	(miǎn lǐ)
免赔	(miǎn péi)
免赔条款	(miǎn péi tiáo kuǎn)
免票	(miǎn piào)
免签	(miǎn qiān)
免去职务	(miǎn qù zhí wù)
免受	(miǎn shòu)
免受伤害	(miǎn shòu shāng hài)
免税	(miǎn shuì)
免谈	(miǎn tán)
免提	(miǎn tí)
免息	(miǎn xī)
免洗杯	(miǎn xǐ bēi)
免洗筷	(miǎn xǐ kuài)
免疫	(miǎn yì)
免疫法	(miǎn yì fǎ)
免疫反应	(miǎn yì fǎn yìng)
免疫力	(miǎn yì lì)
免疫系统	(miǎn yì xì tǒng)
免疫学	(miǎn yì xué)
免疫应答	(miǎn yì yìng dá)
免于	(miǎn yú)
免遭	(miǎn zāo)
免责	(miǎn zé)
免责声明	(miǎn zé shēng míng)
免责条款	(miǎn zé tiáo kuǎn)
免职	(miǎn zhí)
俛	(miǎn)
勉	(miǎn)
勉力	(miǎn lì)
勉力而为	(miǎn lì ér wéi)
勉励	(miǎn lì)
勉勉强强	(miǎn miǎn qiǎng qiǎng)
勉强	(miǎn qiǎng)
勉为其难	(miǎn wéi qí nán)
勉县	(miǎn xiàn)
娩	(miǎn)
勔	(miǎn)
冕	(miǎn)
冕柳莺	(miǎn liǔ yīng)
冕宁县	(miǎn níng xiàn)
冕雀	(miǎn què)
偭	(miǎn)
愐	(miǎn)
喵	(miāo)
喵的	(miāo de)
喵星人	(miāo xīng rén)
描	(miáo)
描红	(miáo hóng)
描画	(miáo huà)
描绘	(miáo huì)
描金	(miáo jīn)
描摹	(miáo mó)
描述	(miáo shù)
描图	(miáo tú)
描写	(miáo xiě)
杪	(miǎo)
妙	(miào)
妙笔	(miào bǐ)
妙笔生花	(miào bǐ shēng huā)
妙不可言	(miào bù kě yán)
妙处	(miào chù)
妙法	(miào fǎ)
妙法莲华经	(miào fǎ lián huá jīng)
妙计	(miào jì)
妙龄	(miào líng)
妙妙熊历险记	(miào miào xióng lì xiǎn jì)
妙品	(miào pǐn)
妙趣	(miào qù)
妙趣横生	(miào qù héng shēng)
妙手	(miào shǒu)
妙手回春	(miào shǒu huí chūn)
妙手空空	(miào shǒu kōng kōng)
妙探寻凶	(miào tàn xún xiōng)
妙用	(miào yòng)
妙语	(miào yǔ)
妙语横生	(miào yǔ héng shēng)
妙语连珠	(miào yǔ lián zhū)
妙语如珠	(miào yǔ rú zhū)
妙在不言中	(miào zài bù yán zhōng)
妙招	(miào zhāo)
妙智慧	(miào zhì huì)
庙	(miào)
庙号	(miào hào)
庙会	(miào huì)
庙口	(miào kǒu)
庙塔	(miào tǎ)
庙堂	(miào táng)
庙宇	(miào yǔ)
庙主	(miào zhǔ)
庙祝	(miào zhù)
庿	(miào)
乜	(miē)
乜斜	(miē xie)
乜嘢	(miē yě)
咩	(miē)
搣	(miè)
幭	(miè)
懱	(miè)
旻	(mín)
旼	(mín)
岷	(mín)
岷江	(mín jiāng)
岷县	(mín xiàn)
忞	(mǐn)
冧	(lín)
崏	(mín)
暋	(mǐn)
䃉	(mín)
刡	(mǐn)
抿	(mǐn)
抿子	(mǐn zi)
呡	(wěn)
泯	(mǐn)
勄	(mǐn)
敃	(mǐn)
悯	(mǐn)
悯惜	(mǐn xī)
敏	(mǐn)
敏感	(mǐn gǎn)
敏感性	(mǐn gǎn xìng)
敏捷	(mǐn jié)
敏锐	(mǐn ruì)
愍	(mǐn)
慜	(mǐn)
名	(míng)
名表	(míng biǎo)
名不符实	(míng bù fú shí)
名不副实	(míng bù fù shí)
名不见经传	(míng bù jiàn jīng zhuàn)
名不虚传	(míng bù xū chuán)
名不正言不顺	(míng bu zhèng yán bu shùn)
名菜	(míng cài)
名草有主	(míng cǎo yǒu zhǔ)
名册	(míng cè)
名产	(míng chǎn)
名场面	(míng chǎng miàn)
名臣	(míng chén)
名称	(míng chēng)
名称标签	(míng chēng biāo qiān)
名称权	(míng chēng quán)
名城	(míng chéng)
名驰遐迩	(míng chí xiá ěr)
名垂青史	(míng chuí qīng shǐ)
名词	(míng cí)
名次	(míng cì)
名刺	(míng cì)
名从主人	(míng cóng zhǔ rén)
名存实亡	(míng cún shí wáng)
名单	(míng dān)
名额	(míng é)
名儿	(míng r)
名分	(míng fèn)
名副其实	(míng fù qí shí)
名古屋	(míng gǔ wū)
名贵	(míng guì)
名号	(míng hào)
名花有主	(míng huā yǒu zhǔ)
名画	(míng huà)
名画家	(míng huà jiā)
名讳	(míng huì)
名籍	(míng jí)
名记	(míng jì)
名妓	(míng jì)
名家	(míng jiā)
名间	(míng jiān)
名间乡	(míng jiān xiāng)
名将	(míng jiàng)
名缰利锁	(míng jiāng lì suǒ)
名角	(míng jué)
名角儿	(míng jué r)
名叫	(míng jiào)
名节	(míng jié)
名酒	(míng jiǔ)
名句	(míng jù)
名爵	(míng jué)
名利	(míng lì)
名利场	(míng lì chǎng)
名利双收	(míng lì shuāng shōu)
名量词	(míng liàng cí)
名列	(míng liè)
名列前茅	(míng liè qián máo)
名伶	(míng líng)
名流	(míng liú)
名录	(míng lù)
名录服务	(míng lù fú wù)
名落孙山	(míng luò sūn shān)
名满天下	(míng mǎn tiān xià)
名门	(míng mén)
名门望族	(míng mén wàng zú)
名模	(míng mó)
名目	(míng mù)
名目繁多	(míng mù fán duō)
名牌	(míng pái)
名牌儿	(míng pái r)
名篇	(míng piān)
名片	(míng piàn)
名气	(míng qi)
名签	(míng qiān)
名曲	(míng qǔ)
名人	(míng rén)
名人录	(míng rén lù)
名人堂	(míng rén táng)
名山	(míng shān)
名山大川	(míng shān dà chuān)
名山区	(míng shān qū)
名声	(míng shēng)
名胜	(míng shèng)
名胜古迹	(míng shèng gǔ jì)
名师	(míng shī)
名师出高徒	(míng shī chū gāo tú)
名实	(míng shí)
名士	(míng shì)
名手	(míng shǒu)
名数	(míng shù)
名素	(míng sù)
名宿	(míng sù)
名堂	(míng tang)
名帖	(míng tiě)
名头	(míng tou)
名望	(míng wàng)
名为	(míng wéi)
名位	(míng wèi)
名闻	(míng wén)
名下	(míng xià)
名衔	(míng xián)
名相	(míng xiàng)
名校	(míng xiào)
名学	(míng xué)
名言	(míng yán)
名扬四海	(míng yáng sì hǎi)
名医	(míng yī)
名义	(míng yì)
名义价值	(míng yì jià zhí)
名义上	(míng yì shàng)
名义账户	(míng yì zhàng hù)
名优	(míng yōu)
名誉	(míng yù)
名誉博士	(míng yù bó shì)
名誉扫地	(míng yù sǎo dì)
名誉学位	(míng yù xué wèi)
名源	(míng yuán)
名源动词	(míng yuán dòng cí)
名媛	(míng yuàn)
名噪一时	(míng zào yī shí)
名正言顺	(míng zhèng yán shùn)
名重识暗	(míng zhòng shí àn)
名著	(míng zhù)
名状	(míng zhuàng)
名字	(míng zi)
名嘴	(míng zuǐ)
名作	(míng zuò)
明	(míng)
明白	(míng bai)
明摆着	(míng bǎi zhe)
明报	(míng bào)
明辨	(míng biàn)
明辨是非	(míng biàn shì fēi)
明查暗访	(míng chá àn fǎng)
明察	(míng chá)
明察暗访	(míng chá àn fǎng)
明察秋毫	(míng chá qiū háo)
明朝	(míng zhāo)
明朝体	(míng cháo tǐ)
明澈	(míng chè)
明成祖	(míng chéng zǔ)
明初	(míng chū)
明厨亮灶	(míng chú liàng zào)
明处	(míng chù)
明窗净几	(míng chuāng jìng jī)
明达	(míng dá)
明达事理	(míng dá shì lǐ)
明代	(míng dài)
明德	(míng dé)
明德学院	(míng dé xué yuàn)
明德镇	(míng dé zhèn)
明儿	(míng r)
明儿个	(míng r ge)
明矾	(míng fán)
明岗暗哨	(míng gǎng àn shào)
明沟	(míng gōu)
明古鲁	(míng gǔ lǔ)
明古鲁市	(míng gǔ lǔ shì)
明光度	(míng guāng dù)
明光市	(míng guāng shì)
明和	(míng hé)
明晃晃	(míng huǎng huǎng)
明慧	(míng huì)
明火	(míng huǒ)
明胶	(míng jiāo)
明皎	(míng jiǎo)
明教	(míng jiào)
明净	(míng jìng)
明镜	(míng jìng)
明镜高悬	(míng jìng gāo xuán)
明快	(míng kuài)
明朗	(míng lǎng)
明了	(míng liǎo)
明里	(míng li)
明里暗里	(míng lǐ àn lǐ)
明理	(míng lǐ)
明丽	(míng lì)
明恋	(míng liàn)
明亮	(míng liàng)
明令	(míng lìng)
明码	(míng mǎ)
明媒正娶	(míng méi zhèng qǔ)
明媚	(míng mèi)
明灭	(míng miè)
明明	(míng míng)
明末	(míng mò)
明末清初	(míng mò qīng chū)
明眸皓齿	(míng móu hào chǐ)
明目张胆	(míng mù zhāng dǎn)
明尼阿波利斯	(míng ní ā bō lì sī)
明尼苏达	(míng ní sū dá)
明尼苏达州	(míng ní sū dá zhōu)
明年	(míng nián)
明枪好躲，暗箭难防	(míng qiāng hǎo duǒ , àn jiàn nán fáng)
明枪易躲，暗箭难防	(míng qiāng yì duǒ , àn jiàn nán fáng)
明清	(míng qīng)
明渠	(míng qú)
明确	(míng què)
明人不做暗事	(míng rén bù zuò àn shì)
明仁宗	(míng rén zōng)
明日	(míng rì)
明日黄花	(míng rì huáng huā)
明山区	(míng shān qū)
明升暗降	(míng shēng àn jiàng)
明十三陵	(míng shí sān líng)
明实录	(míng shí lù)
明示	(míng shì)
明手	(míng shǒu)
明水县	(míng shuǐ xiàn)
明斯克	(míng sī kè)
明邃	(míng suì)
明锁	(míng suǒ)
明太祖	(míng tài zǔ)
明体	(míng tǐ)
明天	(míng tiān)
明天见	(míng tiān jiàn)
明晚	(míng wǎn)
明文	(míng wén)
明文规定	(míng wén guī dìng)
明武宗	(míng wǔ zōng)
明晰	(míng xī)
明溪县	(míng xī xiàn)
明熹宗	(míng xī zōng)
明细	(míng xì)
明细表	(míng xì biǎo)
明虾	(míng xiā)
明显	(míng xiǎn)
明孝陵	(míng xiào líng)
明信片	(míng xìn piàn)
明星	(míng xīng)
明修栈道，暗渡陈仓	(míng xiū zhàn dào , àn dù chén cāng)
明宣宗	(míng xuān zōng)
明言	(míng yán)
明眼人	(míng yǎn rén)
明喻	(míng yù)
明月	(míng yuè)
明早	(míng zǎo)
明杖	(míng zhàng)
明哲保身	(míng zhé bǎo shēn)
明争暗斗	(míng zhēng àn dòu)
明证	(míng zhèng)
明知	(míng zhī)
明知故犯	(míng zhī gù fàn)
明知故问	(míng zhī gù wèn)
明知山有虎，偏向虎山行	(míng zhī shān yǒu hǔ , piān xiàng hǔ shān xíng)
明志	(míng zhì)
明治	(míng zhì)
明治维新	(míng zhì wéi xīn)
明智	(míng zhì)
明智之举	(míng zhì zhī jǔ)
明珠	(míng zhū)
明珠暗投	(míng zhū àn tóu)
冥	(míng)
冥币	(míng bì)
冥钞	(míng chāo)
冥诞	(míng dàn)
冥道	(míng dào)
冥福	(míng fú)
冥府	(míng fǔ)
冥合	(míng hé)
冥婚	(míng hūn)
冥界	(míng jiè)
冥冥之中	(míng míng zhī zhōng)
冥钱	(míng qián)
冥寿	(míng shòu)
冥顽	(míng wán)
冥顽不灵	(míng wán bù líng)
冥王	(míng wáng)
冥王星	(míng wáng xīng)
冥想	(míng xiǎng)
冥纸	(míng zhǐ)
朙	(míng)
榠	(míng)
榠楂	(míng zhā)
暝	(míng)
命	(mìng)
命案	(mìng àn)
命薄	(mìng bó)
命不久矣	(mìng bù jiǔ yǐ)
命大	(mìng dà)
命定	(mìng dìng)
命赴黄泉	(mìng fù huáng quán)
命根	(mìng gēn)
命归黄泉	(mìng guī huáng quán)
命苦	(mìng kǔ)
命理	(mìng lǐ)
命理学	(mìng lǐ xué)
命令	(mìng lìng)
命令句	(mìng lìng jù)
命令列	(mìng lìng liè)
命令行	(mìng lìng háng)
命脉	(mìng mài)
命门	(mìng mén)
命名	(mìng míng)
命名法	(mìng míng fǎ)
命名日	(mìng míng rì)
命名系统	(mìng míng xì tǒng)
命盘	(mìng pán)
命题	(mìng tí)
命题逻辑	(mìng tí luó ji)
命途	(mìng tú)
命途多舛	(mìng tú duō chuǎn)
命途坎坷	(mìng tú kǎn kě)
命危	(mìng wēi)
命相	(mìng xiàng)
命运	(mìng yùn)
命在旦夕	(mìng zài dàn xī)
命中	(mìng zhòng)
命中率	(mìng zhòng lǜ)
命中注定	(mìng zhōng zhù dìng)
摸	(mō)
摸八圈	(mō bā quān)
摸吧	(mō bā)
摸不着	(mō bu zháo)
摸不着边	(mō bu zháo biān)
摸不着头脑	(mō bu zháo tóu nǎo)
摸彩	(mō cǎi)
摸得着	(mō de zháo)
摸底	(mō dǐ)
摸黑	(mō hēi)
摸金校尉	(mō jīn xiào wèi)
摸脉	(mō mài)
摸爬滚打	(mō pá gǔn dǎ)
摸排	(mō pái)
摸牌	(mō pái)
摸清	(mō qīng)
摸石头过河	(mō shí tou guò hé)
摸索	(mō suo)
摸象	(mō xiàng)
摸鱼	(mō yú)
摸着石头过河	(mō zhe shí tou guò hé)
嫫	(mó)
摹	(mó)
摹仿	(mó fǎng)
摹画	(mó huà)
摹拟	(mó nǐ)
摹声词	(mó shēng cí)
摹写	(mó xiě)
模	(mó)
模板	(mú bǎn)
模版	(mú bǎn)
模范	(mó fàn)
模仿	(mó fǎng)
模仿品	(mó fǎng pǐn)
模胡	(mó hu)
模糊	(mó hu)
模糊不清	(mó hu bù qīng)
模糊逻辑	(mó hu luó ji)
模糊数学	(mó hu shù xué)
模具	(mú jù)
模块	(mó kuài)
模块板	(mó kuài bǎn)
模块单元	(mó kuài dān yuán)
模块化	(mó kuài huà)
模块化理论	(mó kuài huà lǐ lùn)
模块式	(mó kuài shì)
模棱	(mó léng)
模棱两可	(mó léng liǎng kě)
模里西斯	(mó lǐ xī sī)
模拟	(mó nǐ)
模拟放大器	(mó nǐ fàng dà qì)
模拟器	(mó nǐ qì)
模拟信号	(mó nǐ xìn hào)
模式	(mó shì)
模式标本	(mó shì biāo běn)
模式种	(mó shì zhǒng)
模似	(mó sì)
模数	(mó shù)
模数转换器	(mó shù zhuǎn huàn qì)
模态	(mó tài)
模特	(mó tè)
模特儿	(mó tè r)
模写	(mó xiě)
模形	(mó xíng)
模型	(mó xíng)
模压	(mú yā)
模样	(mú yàng)
模因	(mó yīn)
模子	(mú zi)
模组	(mó zǔ)
摩	(mó)
摩擦	(mó cā)
摩擦力	(mó cā lì)
摩擦音	(mó cā yīn)
摩城	(mó chéng)
摩德纳	(mó dé nà)
摩的	(mó dī)
摩登	(mó dēng)
摩登原始人	(mó dēng yuán shǐ rén)
摩顶放踵	(mó dǐng fàng zhǒng)
摩尔	(mó ěr)
摩尔定律	(mó ěr dìng lǜ)
摩尔多瓦	(mó ěr duō wǎ)
摩尔多瓦人	(mó ěr duō wǎ rén)
摩尔根	(mó ěr gēn)
摩尔门	(mó ěr mén)
摩尔门经	(mó ěr mén jīng)
摩尔人	(mó ěr rén)
摩尔斯电码	(mó ěr sī diàn mǎ)
摩根	(mó gēn)
摩根·弗里曼	(mó gēn · fú lǐ màn)
摩根士丹利	(mó gēn shì dān lì)
摩诃	(mó hē)
摩睺罗伽	(mó hóu luó jiā)
摩加迪沙	(mó jiā dí shā)
摩加迪休	(mó jiā dí xiū)
摩肩接踵	(mó jiān jiē zhǒng)
摩揭陀	(mó jiē tuó)
摩羯	(mó jié)
摩羯座	(mó jié zuò)
摩卡	(mó kǎ)
摩卡咖啡	(mó kǎ kā fēi)
摩鹿加群岛	(mó lù jiā qún dǎo)
摩洛哥	(mó luò gē)
摩旅	(mó lǚ)
摩门	(mó mén)
摩门经	(mó mén jīng)
摩纳哥	(mó nà gē)
摩尼	(mó ní)
摩尼教	(mó ní jiào)
摩拳擦掌	(mó quán cā zhǎng)
摩挲	(mā sa)
摩萨德	(mó sà dé)
摩丝	(mó sī)
摩斯电码	(mó sī diàn mǎ)
摩斯拉	(mó sī lā)
摩斯密码	(mó sī mì mǎ)
摩苏尔	(mó sū ěr)
摩娑	(mó suō)
摩梭	(mó suō)
摩梭族	(mó suō zú)
摩天	(mó tiān)
摩天大楼	(mó tiān dà lóu)
摩天大厦	(mó tiān dà shà)
摩天楼	(mó tiān lóu)
摩天轮	(mó tiān lún)
摩铁	(mó tiě)
摩托	(mó tuō)
摩托车	(mó tuō chē)
摩托车的士	(mó tuō chē dī shì)
摩托罗拉	(mó tuō luó lā)
摩托艇	(mó tuō tǐng)
摩西	(mó xī)
摩西的律法	(mó xī de lǜ fǎ)
摩西律法	(mó xī lǜ fǎ)
摩西五经	(mó xī wǔ jīng)
摩蟹座	(mó xiè zuò)
嬷	(mó)
嬷嬷	(mó mo)
抹	(mò)
抹脖子	(mǒ bó zi)
抹不下脸	(mǒ bù xià liǎn)
抹布	(mā bù)
抹茶	(mǒ chá)
抹刀	(mǒ dāo)
抹黑	(mǒ hēi)
抹灰	(mǒ huī)
抹酱	(mǒ jiàng)
抹泪	(mǒ lèi)
抹零	(mǒ líng)
抹片	(mǒ piàn)
抹平	(mǒ píng)
抹去	(mǒ qù)
抹杀	(mǒ shā)
抹煞	(mǒ shā)
抹香鲸	(mǒ xiāng jīng)
抹消	(mǒ xiāo)
抹胸	(mò xiōng)
抹一鼻子灰	(mǒ yī bí zi huī)
抹油	(mǒ yóu)
末	(mò)
末班车	(mò bān chē)
末茶	(mò chá)
末车	(mò chē)
末代	(mò dài)
末底改	(mò dǐ gǎi)
末端	(mò duān)
末段	(mò duàn)
末儿	(mò r)
末伏	(mò fú)
末后	(mò hòu)
末节	(mò jié)
末了	(mò liǎo)
末流	(mò liú)
末路	(mò lù)
末煤	(mò méi)
末年	(mò nián)
末篇	(mò piān)
末期	(mò qī)
末任	(mò rèn)
末日	(mò rì)
末日论	(mò rì lùn)
末梢	(mò shāo)
末梢神经	(mò shāo shén jīng)
末世	(mò shì)
末速	(mò sù)
末尾	(mò wěi)
末位淘汰	(mò wèi táo tài)
末席	(mò xí)
末屑	(mò xiè)
末药	(mò yào)
末叶	(mò yè)
末页	(mò yè)
末艺	(mò yì)
末愿	(mò yuàn)
末造	(mò zào)
末子	(mò zi)
末座	(mò zuò)
歾	(mò)
殁	(mò)
妺	(mò)
寞	(mò)
墨	(mò)
墨巴本	(mò bā běn)
墨笔	(mò bǐ)
墨翟	(mò dí)
墨斗	(mò dǒu)
墨尔本	(mò ěr běn)
墨粉	(mò fěn)
墨盒	(mò hé)
墨迹	(mò jì)
墨家	(mò jiā)
墨江哈尼族自治县	(mò jiāng hā ní zú zì zhì xiàn)
墨角兰	(mò jiǎo lán)
墨镜	(mò jìng)
墨客	(mò kè)
墨累	(mò lèi)
墨累达令流域	(mò lèi dá lìng liú yù)
墨绿	(mò lǜ)
墨绿色	(mò lǜ sè)
墨丘利	(mò qiū lì)
墨守成规	(mò shǒu chéng guī)
墨水	(mò shuǐ)
墨水儿	(mò shuǐ r)
墨水屏	(mò shuǐ píng)
墨水瓶架	(mò shuǐ píng jià)
墨条	(mò tiáo)
墨脱县	(mò tuō xiàn)
墨湾	(mò wān)
墨西哥	(mò xī gē)
墨西哥城	(mò xī gē chéng)
墨西哥卷饼	(mò xī gē juǎn bǐng)
墨西哥辣椒	(mò xī gē là jiāo)
墨西哥人	(mò xī gē rén)
墨西哥湾	(mò xī gē wān)
墨西拿	(mò xī ná)
墨西拿海峡	(mò xī ná hǎi xiá)
墨匣	(mò xiá)
墨线	(mò xiàn)
墨刑	(mò xíng)
墨砚	(mò yàn)
墨鱼	(mò yú)
墨玉县	(mò yù xiàn)
墨者	(mò zhě)
墨汁	(mò zhī)
墨纸	(mò zhǐ)
墨竹工卡县	(mò zhú gōng kǎ xiàn)
墨子	(mò zǐ)
墨渍	(mò zì)
哞	(mōu)
侔	(móu)
某	(mǒu)
某处	(mǒu chù)
某地	(mǒu dì)
某甲	(mǒu jiǎ)
某某	(mǒu mǒu)
某人	(mǒu rén)
某时	(mǒu shí)
某事	(mǒu shì)
某些	(mǒu xiē)
某种	(mǒu zhǒng)
母	(mǔ)
母爱	(mǔ ài)
母板	(mǔ bǎn)
母本	(mǔ běn)
母船	(mǔ chuán)
母带	(mǔ dài)
母单	(mǔ dān)
母弹	(mǔ dàn)
母党	(mǔ dǎng)
母蜂	(mǔ fēng)
母港	(mǔ gǎng)
母公司	(mǔ gōng sī)
母国	(mǔ guó)
母哈	(mǔ hā)
母函数	(mǔ hán shù)
母后	(mǔ hòu)
母机	(mǔ jī)
母鸡	(mǔ jī)
母老虎	(mǔ lǎo hǔ)
母驴	(mǔ lǘ)
母难日	(mǔ nàn rì)
母女	(mǔ nǚ)
母亲	(mǔ qīn)
母亲河	(mǔ qīn hé)
母亲节	(mǔ qīn jié)
母球	(mǔ qiú)
母权制	(mǔ quán zhì)
母犬	(mǔ quǎn)
母群体	(mǔ qún tǐ)
母乳	(mǔ rǔ)
母乳代用品	(mǔ rǔ dài yòng pǐn)
母乳化奶粉	(mǔ rǔ huà nǎi fěn)
母乳喂养	(mǔ rǔ wèi yǎng)
母丧	(mǔ sāng)
母上	(mǔ shàng)
母胎	(mǔ tāi)
母胎solo	(mǔ tāi s o l o)
母胎单身	(mǔ tāi dān shēn)
母汤	(mǔ tāng)
母题	(mǔ tí)
母体	(mǔ tǐ)
母系	(mǔ xì)
母系社会	(mǔ xì shè huì)
母细胞	(mǔ xì bāo)
母线	(mǔ xiàn)
母校	(mǔ xiào)
母星	(mǔ xīng)
母夜叉	(mǔ yè chā)
母音	(mǔ yīn)
母音调和	(mǔ yīn tiáo hé)
母语	(mǔ yǔ)
母质	(mǔ zhì)
母子	(mǔ zǐ)
母子垂直感染	(mǔ zǐ chuí zhí gǎn rǎn)
拇	(mǔ)
拇囊炎	(mǔ náng yán)
拇外翻	(mǔ wài fān)
拇战	(mǔ zhàn)
拇指	(mǔ zhǐ)
拇指甲	(mǔ zhǐ jia)
拇趾	(mǔ zhǐ)
拇趾外翻	(mǔ zhǐ wài fān)
姆	(mǔ)
姆巴巴内	(mǔ bā bā nèi)
姆拉迪奇	(mǔ lā dí qí)
姆佬	(mǔ lǎo)
姆佬族	(mǔ lǎo zú)
姆妈	(m mā)
娒	(mǔ)
木	(mù)
木板	(mù bǎn)
木版	(mù bǎn)
木版画	(mù bǎn huà)
木本植物	(mù běn zhí wù)
木鳖果	(mù biē guǒ)
木菠萝	(mù bō luó)
木材	(mù cái)
木柴	(mù chái)
木齿耙	(mù chǐ pá)
木椆	(mù zhòu)
木船	(mù chuán)
木醇	(mù chún)
木村	(mù cūn)
木笛	(mù dí)
木钉	(mù dīng)
木蠹蛾	(mù dù é)
木耳	(mù ěr)
木耳菜	(mù ěr cài)
木筏	(mù fá)
木芙蓉	(mù fú róng)
木杆	(mù gān)
木格措	(mù gé cuò)
木工	(mù gōng)
木骨都束	(mù gǔ dū shù)
木瓜	(mù guā)
木管乐器	(mù guǎn yuè qì)
木棍	(mù gùn)
木夯	(mù hāng)
木华黎	(mù huá lí)
木屐	(mù jī)
木吉他	(mù jí tā)
木剑	(mù jiàn)
木匠	(mù jiàng)
木节	(mù jié)
木槿	(mù jǐn)
木锯	(mù jù)
木聚糖	(mù jù táng)
木糠	(mù kāng)
木刻	(mù kè)
木块	(mù kuài)
木框	(mù kuàng)
木兰	(mù lán)
木兰纲	(mù lán gāng)
木兰花	(mù lán huā)
木兰科	(mù lán kē)
木兰属	(mù lán shǔ)
木兰县	(mù lán xiàn)
木垒哈萨克自治县	(mù lěi hā sà kè zì zhì xiàn)
木里藏族自治县	(mù lǐ zàng zú zì zhì xiàn)
木料	(mù liào)
木马	(mù mǎ)
木马病毒	(mù mǎ bìng dú)
木马计	(mù mǎ jì)
木莓	(mù méi)
木棉	(mù mián)
木棉科	(mù mián kē)
木目金	(mù mù jīn)
木乃伊	(mù nǎi yī)
木乃伊化	(mù nǎi yī huà)
木讷	(mù nè)
木讷寡言	(mù nè guǎ yán)
木讷老人	(mù nè lǎo rén)
木偶	(mù ǒu)
木偶剧	(mù ǒu jù)
木偶戏	(mù ǒu xì)
木偶秀	(mù ǒu xiù)
木片	(mù piàn)
木器	(mù qì)
木琴	(mù qín)
木球	(mù qiú)
木然	(mù rán)
木人石心	(mù rén shí xīn)
木虱	(mù shī)
木薯	(mù shǔ)
木薯淀粉	(mù shǔ diàn fěn)
木炭	(mù tàn)
木糖	(mù táng)
木糖醇	(mù táng chún)
木酮糖	(mù tóng táng)
木桶	(mù tǒng)
木头	(mù tou)
木瓦	(mù wǎ)
木卫	(mù wèi)
木卫二	(mù wèi èr)
木卫三	(mù wèi sān)
木卫四	(mù wèi sì)
木卫一	(mù wèi yī)
木犀	(mù xi)
木犀肉	(mù xi ròu)
木下	(mù xià)
木香	(mù xiāng)
木箱鼓	(mù xiāng gǔ)
木鞋	(mù xié)
木屑	(mù xiè)
木星	(mù xīng)
木曜日	(mù yào rì)
木已成舟	(mù yǐ chéng zhōu)
木鱼	(mù yú)
木吒	(mù zha)
木栅	(mù zhà)
木栅线	(mù zhà xiàn)
木制	(mù zhì)
木质	(mù zhì)
木质部	(mù zhì bù)
木质素	(mù zhì sù)
木桩	(mù zhuāng)
木子美	(mù zǐ měi)
仫	(mù)
仫佬	(mù lǎo)
仫佬族	(mù lǎo zú)
募	(mù)
募化	(mù huà)
募集	(mù jí)
募捐	(mù juān)
募款	(mù kuǎn)
募缘	(mù yuán)
墓	(mù)
墓碑	(mù bēi)
墓场	(mù chǎng)
墓道	(mù dào)
墓地	(mù dì)
墓窖	(mù jiào)
墓坑	(mù kēng)
墓石	(mù shí)
墓塔	(mù tǎ)
墓穴	(mù xué)
墓园	(mù yuán)
墓葬	(mù zàng)
墓葬区	(mù zàng qū)
墓葬群	(mù zàng qún)
墓志	(mù zhì)
墓志铭	(mù zhì míng)
墓主	(mù zhǔ)
幕	(mù)
幕布	(mù bù)
幕府	(mù fǔ)
幕后	(mù hòu)
幕后操纵	(mù hòu cāo zòng)
幕后黑手	(mù hòu hēi shǒu)
幕后花絮	(mù hòu huā xù)
幕间	(mù jiān)
幕僚	(mù liáo)
幕墙	(mù qiáng)
楘	(mù)
慕	(mù)
慕道友	(mù dào yǒu)
慕课	(mù kè)
慕名	(mù míng)
慕名而来	(mù míng ér lái)
慕尼黑	(mù ní hēi)
慕容	(mù róng)
慕士塔格峰	(mù shì tǎ gé fēng)
慕丝	(mù sī)
慕斯	(mù sī)
慕洋犬	(mù yáng quǎn)
暮	(mù)
暮霭	(mù ǎi)
暮鼓晨钟	(mù gǔ chén zhōng)
暮景	(mù jǐng)
暮年	(mù nián)
暮气	(mù qì)
暮色	(mù sè)
暮色苍茫	(mù sè cāng máng)
暮岁	(mù suì)
拿	(ná)
拿办	(ná bàn)
拿捕	(ná bǔ)
拿不出手	(ná bù chū shǒu)
拿不动	(ná bu dòng)
拿不准	(ná bù zhǔn)
拿出	(ná chū)
拿大	(ná dà)
拿大顶	(ná dà dǐng)
拿到	(ná dào)
拿得起放得下	(ná de qǐ fàng de xià)
拿顶	(ná dǐng)
拿俄米	(ná é mǐ)
拿获	(ná huò)
拿架子	(ná jià zi)
拿来	(ná lái)
拿来主义	(ná lái zhǔ yì)
拿你没办法	(ná nǐ méi bàn fǎ)
拿捏	(ná niē)
拿破仑	(ná pò lún)
拿起	(ná qǐ)
拿乔	(ná qiáo)
拿权	(ná quán)
拿人	(ná rén)
拿撒勒	(ná sǎ lè)
拿骚	(ná sāo)
拿手	(ná shǒu)
拿手菜	(ná shǒu cài)
拿手好戏	(ná shǒu hǎo xì)
拿顺	(ná shùn)
拿索	(ná suǒ)
拿铁	(ná tiě)
拿铁咖啡	(ná tiě kā fēi)
拿下	(ná xià)
拿一血	(ná yī xuè)
拿着鸡毛当令箭	(ná zhe jī máo dàng lìng jiàn)
拿主意	(ná zhǔ yi)
拿走	(ná zǒu)
乸	(nǎ)
哪	(nǎ)
哪儿	(nǎ r)
哪儿的话	(nǎ r de huà)
哪儿跟哪儿	(nǎ r gēn nǎ r)
哪个	(nǎ ge)
哪壶不开提哪壶	(nǎ hú bù kāi tí nǎ hú)
哪里	(nǎ lǐ)
哪里哪里	(nǎ lǐ nǎ lǐ)
哪门子	(nǎ mén zi)
哪怕	(nǎ pà)
哪像	(nǎ xiàng)
哪些	(nǎ xiē)
哪一个	(nǎ yī ge)
哪吒	(né zhā)
哪知	(nǎ zhī)
哪知道	(nǎ zhī dào)
呐	(nà)
呐喊	(nà hǎn)
娜	(nà)
娜娜	(nà nà)
娜塔莉	(nà tǎ lì)
捺	(nà)
乃	(nǎi)
乃东区	(nǎi dōng qū)
乃堆拉	(nǎi duī lā)
乃堆拉山口	(nǎi duī lā shān kǒu)
乃尔	(nǎi ěr)
乃是	(nǎi shì)
乃至	(nǎi zhì)
奶	(nǎi)
奶爸	(nǎi bà)
奶白菜	(nǎi bái cài)
奶茶	(nǎi chá)
奶蛋素	(nǎi dàn sù)
奶粉	(nǎi fěn)
奶狗	(nǎi gǒu)
奶皇	(nǎi huáng)
奶皇包	(nǎi huáng bāo)
奶黄	(nǎi huáng)
奶黄包	(nǎi huáng bāo)
奶精	(nǎi jīng)
奶酪	(nǎi lào)
奶酪火锅	(nǎi lào huǒ guō)
奶妈	(nǎi mā)
奶猫	(nǎi māo)
奶名	(nǎi míng)
奶母	(nǎi mǔ)
奶奶	(nǎi nai)
奶奶的	(nǎi nai de)
奶奶灰	(nǎi nai huī)
奶娘	(nǎi niáng)
奶牛	(nǎi niú)
奶牛场	(nǎi niú chǎng)
奶农	(nǎi nóng)
奶品	(nǎi pǐn)
奶瓶	(nǎi píng)
奶帅	(nǎi shuài)
奶水	(nǎi shuǐ)
奶酥	(nǎi sū)
奶素	(nǎi sù)
奶汤	(nǎi tāng)
奶头	(nǎi tóu)
奶头乐	(nǎi tóu lè)
奶昔	(nǎi xī)
奶音	(nǎi yīn)
奶油	(nǎi yóu)
奶油菜花	(nǎi yóu cài huā)
奶油果	(nǎi yóu guǒ)
奶油鸡蛋	(nǎi yóu jī dàn)
奶油小生	(nǎi yóu xiǎo shēng)
奶站	(nǎi zhàn)
奶罩	(nǎi zhào)
奶汁	(nǎi zhī)
奶汁烤	(nǎi zhī kǎo)
奶制品	(nǎi zhì pǐn)
奶拽	(nǎi zhuǎi)
奶子	(nǎi zi)
奶嘴	(nǎi zuǐ)
奶嘴儿	(nǎi zuǐ r)
倷	(nǎi)
奈	(nài)
奈飞	(nài fēi)
奈何	(nài hé)
奈及利亚	(nài jí lì yà)
奈良	(nài liáng)
奈良时代	(nài liáng shí dài)
奈洛比	(nài luò bǐ)
奈曼	(nài màn)
奈曼旗	(nài màn qí)
奈米	(nài mǐ)
奈秒	(nài miǎo)
奈培	(nài péi)
柰	(nài)
柰子	(nài zi)
囡	(nān)
囡囡	(nān nān)
南	(nán)
南安普敦	(nán ān pǔ dūn)
南安市	(nán ān shì)
南岸区	(nán àn qū)
南奥塞梯	(nán ào sài tī)
南澳	(nán ào)
南澳大利亚州	(nán ào dà lì yà zhōu)
南澳岛	(nán ào dǎo)
南澳县	(nán ào xiàn)
南澳乡	(nán ào xiāng)
南半球	(nán bàn qiú)
南北	(nán běi)
南北朝	(nán běi cháo)
南北韩	(nán běi hán)
南北极	(nán běi jí)
南北美	(nán běi měi)
南北长	(nán běi cháng)
南边	(nán bian)
南边儿	(nán bian r)
南冰洋	(nán bīng yáng)
南波万	(nán bō wàn)
南部	(nán bù)
南部县	(nán bù xiàn)
南侧	(nán cè)
南岔县	(nán chà xiàn)
南昌市	(nán chāng shì)
南昌县	(nán chāng xiàn)
南朝	(nán cháo)
南朝陈	(nán cháo chén)
南朝梁	(nán cháo liáng)
南朝齐	(nán cháo qí)
南朝宋	(nán cháo sòng)
南朝鲜	(nán cháo xiǎn)
南城县	(nán chéng xiàn)
南充市	(nán chōng shì)
南川区	(nán chuān qū)
南达科他	(nán dá kē tā)
南大	(nán dà)
南大洋	(nán dà yáng)
南丹县	(nán dān xiàn)
南岛	(nán dǎo)
南岛民族	(nán dǎo mín zú)
南定	(nán dìng)
南端	(nán duān)
南方	(nán fāng)
南方澳渔港	(nán fāng ào yú gǎng)
南方古猿	(nán fāng gǔ yuán)
南方周末	(nán fāng zhōu mò)
南飞过冬	(nán fēi guò dōng)
南非	(nán fēi)
南非茶	(nán fēi chá)
南非语	(nán fēi yǔ)
南芬区	(nán fēn qū)
南丰县	(nán fēng xiàn)
南竿	(nán gān)
南竿乡	(nán gān xiāng)
南岗区	(nán gǎng qū)
南港区	(nán gǎng qū)
南高加索	(nán gāo jiā suǒ)
南宫	(nán gōng)
南宫市	(nán gōng shì)
南瓜	(nán guā)
南瓜灯	(nán guā dēng)
南关区	(nán guān qū)
南郭	(nán guō)
南海	(nán hǎi)
南海舰队	(nán hǎi jiàn duì)
南海区	(nán hǎi qū)
南海子	(nán hǎi zi)
南韩	(nán hán)
南汉	(nán hàn)
南航	(nán háng)
南和区	(nán hé qū)
南荷兰	(nán hé lán)
南湖区	(nán hú qū)
南华	(nán huá)
南华县	(nán huá xiàn)
南华早报	(nán huá zǎo bào)
南灰伯劳	(nán huī bó láo)
南回归线	(nán huí guī xiàn)
南箕北斗	(nán jī běi dǒu)
南极	(nán jí)
南极光	(nán jí guāng)
南极海	(nán jí hǎi)
南极界	(nán jí jiè)
南极圈	(nán jí quān)
南极洲	(nán jí zhōu)
南极洲半岛	(nán jí zhōu bàn dǎo)
南极座	(nán jí zuò)
南迦巴瓦峰	(nán jiā bā wǎ fēng)
南涧彝族自治县	(nán jiàn yí zú zì zhì xiàn)
南江县	(nán jiāng xiàn)
南疆	(nán jiāng)
南郊区	(nán jiāo qū)
南胶河	(nán jiāo hé)
南京	(nán jīng)
南京大屠杀	(nán jīng dà tú shā)
南京大学	(nán jīng dà xué)
南京理工大学	(nán jīng lǐ gōng dà xué)
南京路	(nán jīng lù)
南京农业大学	(nán jīng nóng yè dà xué)
南京市	(nán jīng shì)
南京条约	(nán jīng tiáo yuē)
南京邮电大学	(nán jīng yóu diàn dà xué)
南靖县	(nán jìng xiàn)
南卡罗来纳	(nán kǎ luó lái nà)
南开	(nán kāi)
南开大学	(nán kāi dà xué)
南开区	(nán kāi qū)
南康区	(nán kāng qū)
南柯一梦	(nán kē yī mèng)
南乐县	(nán lè xiàn)
南联盟	(nán lián méng)
南凉	(nán liáng)
南陵县	(nán líng xiàn)
南岭	(nán lǐng)
南美	(nán měi)
南美梨	(nán měi lí)
南美洲	(nán měi zhōu)
南门二	(nán mén èr)
南盟	(nán méng)
南冕座	(nán miǎn zuò)
南面	(nán miàn)
南明区	(nán míng qū)
南木林县	(nán mù lín xiàn)
南宁市	(nán níng shì)
南欧	(nán ōu)
南派螳螂	(nán pài táng láng)
南皮县	(nán pí xiàn)
南票区	(nán piào qū)
南平市	(nán píng shì)
南坡	(nán pō)
南浦市	(nán pǔ shì)
南普陀寺	(nán pǔ tuó sì)
南齐	(nán qí)
南腔北调	(nán qiāng běi diào)
南乔治亚岛和南桑威奇	(nán qiáo zhì yà dǎo hé nán sāng wēi qí)
南谯区	(nán qiáo qū)
南拳	(nán quán)
南拳妈妈	(nán quán mā mā)
南乳	(nán rǔ)
南三角座	(nán sān jiǎo zuò)
南沙区	(nán shā qū)
南沙群岛	(nán shā qún dǎo)
南山区	(nán shān qū)
南赡部洲	(nán shàn bù zhōu)
南十字座	(nán shí zì zuò)
南斯拉夫	(nán sī lā fū)
南宋	(nán sòng)
南苏丹	(nán sū dān)
南特	(nán tè)
南天门	(nán tiān mén)
南通市	(nán tōng shì)
南投	(nán tóu)
南投市	(nán tóu shì)
南投县	(nán tóu xiàn)
南屯区	(nán tún qū)
南纬	(nán wěi)
南无	(nā mó)
南西诸岛	(nán xī zhū dǎo)
南希	(nán xī)
南溪区	(nán xī qū)
南下	(nán xià)
南县	(nán xiàn)
南雄市	(nán xióng shì)
南浔区	(nán xún qū)
南亚	(nán yà)
南亚大草莺	(nán yà dà cǎo yīng)
南亚区域合作联盟	(nán yà qū yù hé zuò lián méng)
南燕	(nán yān)
南阳市	(nán yáng shì)
南阳县	(nán yáng xiàn)
南洋	(nán yáng)
南洋理工大学	(nán yáng lǐ gōng dà xué)
南洋商报	(nán yáng shāng bào)
南鱼座	(nán yú zuò)
南辕北辙	(nán yuán běi zhé)
南苑	(nán yuàn)
南岳	(nán yuè)
南岳区	(nán yuè qū)
南越	(nán yuè)
南枣	(nán zǎo)
南漳县	(nán zhāng xiàn)
南召县	(nán zhào xiàn)
南征	(nán zhēng)
南征北伐	(nán zhēng běi fá)
南征北讨	(nán zhēng běi tǎo)
南征北战	(nán zhēng běi zhàn)
南郑区	(nán zhèng qū)
南州	(nán zhōu)
南州乡	(nán zhōu xiāng)
南庄乡	(nán zhuāng xiāng)
侽	(nán)
娚	(nán)
喃	(nán)
喃喃	(nán nán)
喃喃自语	(nán nán zì yǔ)
喃字	(nán zì)
楠	(nán)
楠格哈尔省	(nán gé hā ěr shěng)
楠木	(nán mù)
楠梓	(nán zǐ)
楠梓区	(nán zǐ qū)
暔	(nán)
戁	(nǎn)
囔	(nāng)
囔囔	(nāng nang)
乪	(nāng)
囊	(náng)
囊揣	(nāng chuài)
囊膪	(nāng chuài)
囊袋	(náng dài)
囊空如洗	(náng kōng rú xǐ)
囊括	(náng kuò)
囊泡	(náng pào)
囊胚	(náng pēi)
囊谦县	(náng qiān xiàn)
囊中取物	(náng zhōng qǔ wù)
囊中羞涩	(náng zhōng xiū sè)
囊肿	(náng zhǒng)
曩	(nǎng)
攮	(nǎng)
孬	(nāo)
孬种	(nāo zhǒng)
呶	(náo)
呶呶	(náo náo)
呶呶不休	(náo náo bù xiū)
挠	(náo)
挠败	(náo bài)
挠钩	(náo gōu)
挠裂	(náo liè)
挠率	(náo lǜ)
挠曲	(náo qū)
挠头	(náo tóu)
挠痒痒	(náo yǎng yang)
峱	(náo)
夒	(náo)
垴	(nǎo)
恼	(nǎo)
恼恨	(nǎo hèn)
恼火	(nǎo huǒ)
恼怒	(nǎo nù)
恼人	(nǎo rén)
恼羞成怒	(nǎo xiū chéng nù)
匘	(nǎo)
嫐	(nǎo)
㕯	(nè)
呢	(ne)
呢喃	(ní nán)
呢喃细语	(ní nán xì yǔ)
呢呢	(ní ní)
呢呢痴痴	(ní ní chī chī)
呢子	(ní zi)
内	(nèi)
内八字脚	(nèi bā zì jiǎo)
内爆	(nèi bào)
内爆法原子弹	(nèi bào fǎ yuán zǐ dàn)
内比都	(nèi bǐ dū)
内宾	(nèi bīn)
内布拉斯加	(nèi bù lā sī jiā)
内部	(nèi bù)
内部斗争	(nèi bù dòu zhēng)
内部矛盾	(nèi bù máo dùn)
内部事务	(nèi bù shì wù)
内部网	(nèi bù wǎng)
内参	(nèi cān)
内侧	(nèi cè)
内测	(nèi cè)
内层	(nèi céng)
内插	(nèi chā)
内场	(nèi chǎng)
内臣	(nèi chén)
内衬	(nèi chèn)
内城	(nèi chéng)
内出血	(nèi chū xuè)
内传	(nèi zhuàn)
内唇	(nèi chún)
内存	(nèi cún)
内存储器	(nèi cún chǔ qì)
内搭裤	(nèi dā kù)
内袋	(nèi dài)
内丹	(nèi dān)
内胆	(nèi dǎn)
内地	(nèi dì)
内弟	(nèi dì)
内定	(nèi dìng)
内斗	(nèi dòu)
内耳	(nèi ěr)
内耳道	(nèi ěr dào)
内飞地	(nèi fēi dì)
内啡素	(nèi fēi sù)
内啡肽	(nèi fēi tài)
内分泌	(nèi fēn mì)
内分泌腺	(nèi fēn mì xiàn)
内稃	(nèi fū)
内服	(nèi fú)
内阁	(nèi gé)
内阁总理大臣	(nèi gé zǒng lǐ dà chén)
内购	(nèi gòu)
内观	(nèi guān)
内鬼	(nèi guǐ)
内海	(nèi hǎi)
内含	(nèi hán)
内涵	(nèi hán)
内涵意义	(nèi hán yì yì)
内耗	(nèi hào)
内河	(nèi hé)
内核	(nèi hé)
内哄	(nèi hòng)
内讧	(nèi hòng)
内湖	(nèi hú)
内湖区	(nèi hú qū)
内华达	(nèi huá dá)
内化	(nèi huà)
内踝	(nèi huái)
内黄县	(nèi huáng xiàn)
内积	(nèi jī)
内急	(nèi jí)
内贾德	(nèi jiǎ dé)
内奸	(nèi jiān)
内建	(nèi jiàn)
内江市	(nèi jiāng shì)
内径	(nèi jìng)
内疚	(nèi jiù)
内卷	(nèi juǎn)
内眷	(nèi juàn)
内卡河	(nèi kǎ hé)
内科	(nèi kē)
内科学	(nèi kē xué)
内科医生	(nèi kē yī shēng)
内裤	(nèi kù)
内窥镜	(nèi kuī jìng)
内涝	(nèi lào)
内里	(nèi lǐ)
内联	(nèi lián)
内联网	(nèi lián wǎng)
内敛	(nèi liǎn)
内流	(nèi liú)
内流河	(nèi liú hé)
内六角扳手	(nèi liù jiǎo bān shǒu)
内六角圆柱头螺钉	(nèi liù jiǎo yuán zhù tóu luó dīng)
内陆	(nèi lù)
内陆国	(nèi lù guó)
内陆河	(nèi lù hé)
内乱	(nèi luàn)
内罗毕	(nèi luó bì)
内码	(nèi mǎ)
内贸	(nèi mào)
内蒙古大学	(nèi měng gǔ dà xué)
内蒙古自治区	(nèi měng gǔ zì zhì qū)
内膜	(nèi mó)
内幕	(nèi mù)
内幕交易	(nèi mù jiāo yì)
内内	(nèi nei)
内能	(nèi néng)
内胚层	(nèi pēi céng)
内皮	(nèi pí)
内埔	(nèi pǔ)
内埔乡	(nèi pǔ xiāng)
内切	(nèi qiē)
内切球	(nèi qiē qiú)
内勤	(nèi qín)
内情	(nèi qíng)
内丘县	(nèi qiū xiàn)
内燃	(nèi rán)
内燃机	(nèi rán jī)
内燃机车	(nèi rán jī chē)
内人	(nèi rén)
内容	(nèi róng)
内容管理系统	(nèi róng guǎn lǐ xì tǒng)
内容量	(nèi róng liàng)
内伤	(nèi shāng)
内熵	(nèi shāng)
内射	(nèi shè)
内省	(nèi xǐng)
内省性	(nèi xǐng xìng)
内饰	(nèi shì)
内视镜	(nèi shì jìng)
内室	(nèi shì)
内塔尼亚胡	(nèi tǎ ní yà hú)
内胎	(nèi tāi)
内帑	(nèi tǎng)
内田	(nèi tián)
内廷	(nèi tíng)
内推	(nèi tuī)
内外	(nèi wài)
内外兼修	(nèi wài jiān xiū)
内务	(nèi wù)
内务部	(nèi wù bù)
内务府	(nèi wù fǔ)
内细胞团	(nèi xì bāo tuán)
内酰胺酶	(nèi xiān àn méi)
内线	(nèi xiàn)
内线交易	(nèi xiàn jiāo yì)
内线消息	(nèi xiàn xiāo xi)
内馅	(nèi xiàn)
内乡县	(nèi xiāng xiàn)
内详	(nèi xiáng)
内向	(nèi xiàng)
内销	(nèi xiāo)
内斜视	(nèi xié shì)
内心	(nèi xīn)
内心深处	(nèi xīn shēn chù)
内心世界	(nèi xīn shì jiè)
内心戏	(nèi xīn xì)
内行	(nèi háng)
内行看门道，外行看热闹	(nèi háng kàn mén dao , wài háng kàn rè nao)
内兄	(nèi xiōng)
内需	(nèi xū)
内眼角	(nèi yǎn jiǎo)
内野	(nèi yě)
内野手	(nèi yě shǒu)
内衣	(nèi yī)
内衣裤	(nèi yī kù)
内营力	(nèi yíng lì)
内用	(nèi yòng)
内忧外患	(nèi yōu wài huàn)
内忧外困	(nèi yōu wài kùn)
内娱	(nèi yú)
内源	(nèi yuán)
内院	(nèi yuàn)
内在	(nèi zài)
内在超越	(nèi zài chāo yuè)
内在几何	(nèi zài jǐ hé)
内在几何学	(nèi zài jǐ hé xué)
内在美	(nèi zài měi)
内在坐标	(nèi zài zuò biāo)
内脏	(nèi zàng)
内战	(nèi zhàn)
内政	(nèi zhèng)
内政部	(nèi zhèng bù)
内政部警政署	(nèi zhèng bù jǐng zhèng shǔ)
内政部长	(nèi zhèng bù zhǎng)
内酯	(nèi zhǐ)
内质网	(nèi zhì wǎng)
内置	(nèi zhì)
内中	(nèi zhōng)
内装	(nèi zhuāng)
内眦	(nèi zì)
恁	(nèn)
恁般	(rèn bān)
恁么	(rèn me)
嫩	(nèn)
嫩江市	(nèn jiāng shì)
嫩绿	(nèn lǜ)
嫩苗	(nèn miáo)
嫩肉粉	(nèn ròu fěn)
嫩芽	(nèn yá)
嫩叶	(nèn yè)
嫩主	(nèn zhǔ)
嗯	(èn)
嗯哼	(en hēng)
妮	(nī)
妮可·基德曼	(nī kě · jī dé màn)
妮维雅	(nī wéi yǎ)
妮维娅	(nī wéi yà)
妮子	(nī zi)
尼	(ní)
尼安德塔人	(ní ān dé tǎ rén)
尼安德特人	(ní ān dé tè rén)
尼布楚条约	(ní bù chǔ tiáo yuē)
尼布甲尼撒	(ní bù jiǎ ní sā)
尼采	(ní cǎi)
尼德兰	(ní dé lán)
尼厄丽德	(ní è lì dé)
尼尔森	(ní ěr sēn)
尼尔逊	(ní ěr xùn)
尼哥	(ní gē)
尼哥底母	(ní gē dǐ mǔ)
尼格罗	(ní gé luó)
尼姑	(ní gū)
尼古丁	(ní gǔ dīng)
尼古西亚	(ní gǔ xī yà)
尼加拉瓜	(ní jiā lā guā)
尼加拉瀑布	(ní jiā lā pù bù)
尼康	(ní kāng)
尼科西亚	(ní kē xī yà)
尼克	(ní kè)
尼克森	(ní kè sēn)
尼勒克县	(ní lè kè xiàn)
尼龙	(ní lóng)
尼龙搭扣	(ní lóng dā kòu)
尼罗河	(ní luó hé)
尼玛	(ní mǎ)
尼玛县	(ní mǎ xiàn)
尼米兹	(ní mǐ zī)
尼姆	(ní mǔ)
尼木县	(ní mù xiàn)
尼泊尔	(ní bó ěr)
尼泊尔鹪鹛	(ní bó ěr jiāo méi)
尼泊尔王国	(ní bó ěr wáng guó)
尼人	(ní rén)
尼日	(ní rì)
尼日尔	(ní rì ěr)
尼日尔河	(ní rì ěr hé)
尼日利亚	(ní rì lì yà)
尼散月	(ní sàn yuè)
尼桑	(ní sāng)
尼斯	(ní sī)
尼斯湖水怪	(ní sī hú shuǐ guài)
尼苏	(ní sū)
尼特	(ní tè)
尼特族	(ní tè zú)
尼希米记	(ní xī mǐ jì)
尼雅河	(ní yǎ hé)
尼亚加拉瀑布	(ní yà jiā lā pù bù)
尼亚美	(ní yà měi)
坭	(ní)
怩	(ní)
倪	(ní)
倪桂珍	(ní guì zhēn)
倪匡	(ní kuāng)
倪柝声	(ní tuò shēng)
拟	(nǐ)
拟大朱雀	(nǐ dà zhū què)
拟订	(nǐ dìng)
拟定	(nǐ dìng)
拟稿	(nǐ gǎo)
拟古	(nǐ gǔ)
拟古之作	(nǐ gǔ zhī zuò)
拟合	(nǐ hé)
拟具	(nǐ jù)
拟球	(nǐ qiú)
拟人	(nǐ rén)
拟声	(nǐ shēng)
拟声唱法	(nǐ shēng chàng fǎ)
拟声词	(nǐ shēng cí)
拟态	(nǐ tài)
拟议	(nǐ yì)
拟音	(nǐ yīn)
拟游隼	(nǐ yóu sǔn)
拟于不伦	(nǐ yú bù lún)
拟制	(nǐ zhì)
拟作	(nǐ zuò)
伱	(nǐ)
你	(nǐ)
你等	(nǐ děng)
你个头	(nǐ ge tóu)
你好	(nǐ hǎo)
你看着办吧	(nǐ kàn zhe bàn ba)
你妈	(nǐ mā)
你们	(nǐ men)
你情我愿	(nǐ qíng wǒ yuàn)
你死我活	(nǐ sǐ wǒ huó)
你我	(nǐ wǒ)
你真行	(nǐ zhēn xíng)
你争我夺	(nǐ zhēng wǒ duó)
你追我赶	(nǐ zhuī wǒ gǎn)
你走你的阳关道，我过我的独木桥	(nǐ zǒu nǐ de yáng guān dào , wǒ guò wǒ de dú mù qiáo)
柅	(nǐ)
旎	(nǐ)
儞	(nǐ)
伲	(nì)
昵	(nì)
昵爱	(nì ài)
昵比	(nì bǐ)
昵称	(nì chēng)
匿	(nì)
匿报	(nì bào)
匿迹	(nì jì)
匿名	(nì míng)
匿影藏形	(nì yǐng cáng xíng)
堄	(nì)
惄	(nì)
拈	(niān)
拈花惹草	(niān huā rě cǎo)
拈酸	(niān suān)
拈香	(niān xiāng)
拈指	(niān zhǐ)
年	(nián)
年报	(nián bào)
年表	(nián biǎo)
年产	(nián chǎn)
年成	(nián cheng)
年初	(nián chū)
年楚河	(nián chǔ hé)
年代	(nián dài)
年代初	(nián dài chū)
年代学	(nián dài xué)
年底	(nián dǐ)
年度	(nián dù)
年度报告	(nián dù bào gào)
年度大会	(nián dù dà huì)
年度股东大会	(nián dù gǔ dōng dà huì)
年度预算	(nián dù yù suàn)
年费	(nián fèi)
年份	(nián fèn)
年俸	(nián fèng)
年复一年	(nián fù yī nián)
年富力强	(nián fù lì qiáng)
年高德劭	(nián gāo dé shào)
年糕	(nián gāo)
年庚	(nián gēng)
年功加俸	(nián gōng jiā fèng)
年关	(nián guān)
年过	(nián guò)
年号	(nián hào)
年华	(nián huá)
年画	(nián huà)
年画儿	(nián huà r)
年会	(nián huì)
年货	(nián huò)
年级	(nián jí)
年纪	(nián jì)
年假	(nián jià)
年间	(nián jiān)
年检	(nián jiǎn)
年鉴	(nián jiàn)
年较差	(nián jiào chā)
年节	(nián jié)
年金	(nián jīn)
年久失修	(nián jiǔ shī xiū)
年均	(nián jūn)
年均日照	(nián jūn rì zhào)
年均增长率	(nián jūn zēng zhǎng lǜ)
年刊	(nián kān)
年来	(nián lái)
年老	(nián lǎo)
年老力衰	(nián lǎo lì shuāi)
年老体弱	(nián lǎo tǐ ruò)
年历	(nián lì)
年龄	(nián líng)
年龄段	(nián líng duàn)
年龄组	(nián líng zǔ)
年轮	(nián lún)
年轮蛋糕	(nián lún dàn gāo)
年迈	(nián mài)
年满	(nián mǎn)
年末	(nián mò)
年内	(nián nèi)
年年	(nián nián)
年年有余	(nián nián yǒu yú)
年谱	(nián pǔ)
年前	(nián qián)
年青	(nián qīng)
年轻	(nián qīng)
年轻化	(nián qīng huà)
年轻力壮	(nián qīng lì zhuàng)
年轻气盛	(nián qīng qì shèng)
年轻人	(nián qīng rén)
年轻有为	(nián qīng yǒu wéi)
年三十	(nián sān shí)
年上	(nián shàng)
年少	(nián shào)
年少无知	(nián shào wú zhī)
年事	(nián shì)
年事已高	(nián shì yǐ gāo)
年收入	(nián shōu rù)
年寿	(nián shòu)
年岁	(nián suì)
年头	(nián tóu)
年头儿	(nián tóu r)
年尾	(nián wěi)
年味	(nián wèi)
年息	(nián xī)
年下	(nián xia)
年限	(nián xiàn)
年薪	(nián xīn)
年兄	(nián xiōng)
年夜	(nián yè)
年夜饭	(nián yè fàn)
年已蹉跎	(nián yǐ cuō tuó)
年谊	(nián yì)
年友	(nián yǒu)
年幼	(nián yòu)
年逾	(nián yú)
年逾古稀	(nián yú gǔ xī)
年月	(nián yuè)
年载	(nián zǎi)
年长	(nián zhǎng)
年之久	(nián zhī jiǔ)
年中	(nián zhōng)
年终	(nián zhōng)
年终奖	(nián zhōng jiǎng)
年资	(nián zī)
年尊	(nián zūn)
捻	(niǎn)
撵	(niǎn)
撵出	(niǎn chū)
撵走	(niǎn zǒu)
撚	(niǎn)
卄	(niàn)
廿	(niàn)
廿八躔	(niàn bā chán)
廿四史	(niàn sì shǐ)
念	(niàn)
念叨	(niàn dao)
念佛	(niàn fó)
念经	(niàn jīng)
念旧	(niàn jiù)
念力	(niàn lì)
念念不忘	(niàn niàn bù wàng)
念念有词	(niàn niàn yǒu cí)
念日	(niàn rì)
念书	(niàn shū)
念诵	(niàn sòng)
念头	(niàn tou)
念想	(niàn xiǎng)
念想儿	(niàn xiang r)
念学位	(niàn xué wèi)
念咒	(niàn zhòu)
念珠	(niàn zhū)
念珠菌症	(niàn zhū jūn zhèng)
埝	(niàn)
娘	(niáng)
娘的	(niáng de)
娘儿们	(niáng r men)
娘家	(niáng jiā)
娘家姓	(niáng jia xìng)
娘俩	(niáng liǎ)
娘妈	(niáng mā)
娘娘	(niáng niang)
娘娘庙	(niáng niáng miào)
娘娘腔	(niáng niang qiāng)
娘泡	(niáng pào)
娘炮	(niáng pào)
娘亲	(niáng qīn)
娘惹	(niáng rě)
娘胎	(niáng tāi)
娘希匹	(niáng xī pǐ)
娘子	(niáng zǐ)
袅	(niǎo)
嬲	(niǎo)
尿	(niào)
尿不湿	(niào bù shī)
尿布	(niào bù)
尿布疹	(niào bù zhěn)
尿床	(niào chuáng)
尿道	(niào dào)
尿点	(niào diǎn)
尿毒症	(niào dú zhèng)
尿遁	(niào dùn)
尿急	(niào jí)
尿检	(niào jiǎn)
尿炕	(niào kàng)
尿裤子	(niào kù zi)
尿嘧啶	(niào mì dìng)
尿尿	(niào niào)
尿脬	(suī pāo)
尿泡	(suī pao)
尿盆	(niào pén)
尿盆儿	(niào pén r)
尿片	(niào piàn)
尿失禁	(niào shī jìn)
尿素	(niào sù)
尿样	(niào yàng)
尿液	(niào yè)
尿意	(niào yì)
㳮	(niào)
㞙	(niào)
捏	(niē)
捏估	(niē gu)
捏合	(niē hé)
捏脊	(niē jǐ)
捏脊治疗	(niē jǐ zhì liáo)
捏碎	(niē suì)
捏一把汗	(niē yī bǎ hàn)
捏一把冷汗	(niē yī bǎ lěng hàn)
捏造	(niē zào)
啮	(niè)
啮齿动物	(niè chǐ dòng wù)
啮齿类	(niè chǐ lèi)
啮齿目	(niè chǐ mù)
啮合	(niè hé)
敜	(niè)
嗫	(niè)
嗫嗫	(niè niè)
嗫嚅	(niè rú)
嗫呫	(niè tiè)
噛	(niè)
嶭	(è)
孽	(niè)
孽报	(niè bào)
孽畜	(niè chù)
孽海花	(niè hǎi huā)
孽缘	(niè yuán)
孽障	(niè zhàng)
孽种	(niè zhǒng)
孽子	(niè zǐ)
蘖枝	(niè zhī)
櫱	(niè)
您	(nín)
您好	(nín hǎo)
宁	(nìng)
宁安市	(níng ān shì)
宁边	(níng biān)
宁波市	(níng bō shì)
宁拆十座庙，不毁一桩婚	(nìng chāi shí zuò miào , bù huǐ yī zhuāng hūn)
宁城县	(níng chéng xiàn)
宁德市	(níng dé shì)
宁都县	(níng dū xiàn)
宁洱哈尼族彝族自治县	(níng ěr hā ní zú yí zú zì zhì xiàn)
宁国市	(níng guó shì)
宁海县	(níng hǎi xiàn)
宁化县	(níng huà xiàn)
宁江区	(níng jiāng qū)
宁津县	(níng jīn xiàn)
宁晋县	(níng jìn xiàn)
宁静	(níng jìng)
宁静致远	(níng jìng zhì yuǎn)
宁可	(nìng kě)
宁肯	(nìng kěn)
宁蒗彝族自治县	(níng làng yí zú zì zhì xiàn)
宁陵县	(níng líng xiàn)
宁明县	(níng míng xiàn)
宁南县	(níng nán xiàn)
宁强县	(níng qiáng xiàn)
宁缺毋滥	(nìng quē wú làn)
宁缺勿滥	(nìng quē wù làn)
宁陕县	(níng shǎn xiàn)
宁死不屈	(nìng sǐ bù qū)
宁为玉碎，不为瓦全	(nìng wéi yù suì , bù wéi wǎ quán)
宁武县	(níng wǔ xiàn)
宁夏回族自治区	(níng xià huí zú zì zhì qū)
宁夏省	(níng xià shěng)
宁县	(níng xiàn)
宁乡市	(níng xiāng shì)
宁阳县	(níng yáng xiàn)
宁远县	(níng yuǎn xiàn)
宁愿	(nìng yuàn)
宁宗	(níng zōng)
宁左勿右	(nìng zuǒ wù yòu)
宁做鸡头，不做凤尾	(nìng zuò jī tóu , bù zuò fèng wěi)
拧	(nǐng)
拧巴	(nǐng ba)
拧成一股绳	(níng chéng yī gǔ shéng)
拧开	(nǐng kāi)
咛	(níng)
柠	(níng)
柠檬	(níng méng)
柠檬草	(níng méng cǎo)
柠檬茶	(níng méng chá)
柠檬鸡	(níng méng jī)
柠檬片	(níng méng piàn)
柠檬水	(níng méng shuǐ)
柠檬酸	(níng méng suān)
柠檬酸循环	(níng méng suān xún huán)
柠檬汁	(níng méng zhī)
儜	(níng)
凝	(níng)
凝冰	(níng bīng)
凝睇	(níng dì)
凝固	(níng gù)
凝固点	(níng gù diǎn)
凝固剂	(níng gù jì)
凝固汽油弹	(níng gù qì yóu dàn)
凝花菜	(níng huā cài)
凝集	(níng jí)
凝集素	(níng jí sù)
凝肩	(níng jiān)
凝胶	(níng jiāo)
凝胶体	(níng jiāo tǐ)
凝结	(níng jié)
凝聚	(níng jù)
凝聚层	(níng jù céng)
凝聚力	(níng jù lì)
凝聚态	(níng jù tài)
凝块	(níng kuài)
凝练	(níng liàn)
凝炼	(níng liàn)
凝神	(níng shén)
凝视	(níng shì)
凝缩	(níng suō)
凝望	(níng wàng)
凝血	(níng xuè)
凝血酶	(níng xuè méi)
凝血酶原	(níng xuè méi yuán)
凝血素	(níng xuè sù)
凝液	(níng yè)
凝滞	(níng zhì)
凝重	(níng zhòng)
佞	(nìng)
寗	(níng)
妞	(niū)
妞妞	(niū niu)
扭	(niǔ)
扭摆	(niǔ bǎi)
扭打	(niǔ dǎ)
扭蛋	(niǔ dàn)
扭角羚	(niǔ jiǎo líng)
扭结	(niǔ jié)
扭矩	(niǔ jǔ)
扭亏	(niǔ kuī)
扭亏为盈	(niǔ kuī wéi yíng)
扭力	(niǔ lì)
扭捏	(niǔ nie)
扭扭乐	(niǔ niǔ lè)
扭扭捏捏	(niǔ niǔ niē niē)
扭曲	(niǔ qū)
扭伤	(niǔ shāng)
扭送	(niǔ sòng)
扭头	(niǔ tóu)
扭腰	(niǔ yāo)
扭转	(niǔ zhuǎn)
扭转乾坤	(niǔ zhuǎn qián kūn)
忸	(niǔ)
忸怩	(niǔ ní)
忸忸怩怩	(niǔ niǔ ní ní)
侬	(nóng)
哝	(nóng)
弄	(nòng)
弄不懂	(nòng bu dǒng)
弄不清	(nòng bu qīng)
弄臣	(nòng chén)
弄错	(nòng cuò)
弄到	(nòng dào)
弄到手	(nòng dào shǒu)
弄丢	(nòng diū)
弄懂	(nòng dǒng)
弄短	(nòng duǎn)
弄岗穗鹛	(nòng gǎng suì méi)
弄坏	(nòng huài)
弄混	(nòng hún)
弄假成真	(nòng jiǎ chéng zhēn)
弄僵	(nòng jiāng)
弄乱	(nòng luàn)
弄明白	(nòng míng bai)
弄平	(nòng píng)
弄巧成拙	(nòng qiǎo chéng zhuō)
弄清	(nòng qīng)
弄伤	(nòng shāng)
弄死	(nòng sǐ)
弄碎	(nòng suì)
弄堂	(lòng táng)
弄通	(nòng tōng)
弄瓦	(nòng wǎ)
弄歪	(nòng wāi)
弄醒	(nòng xǐng)
弄虚作假	(nòng xū zuò jiǎ)
弄脏	(nòng zāng)
弄糟	(nòng zāo)
弄璋	(nòng zhāng)
弄直	(nòng zhí)
弄皱	(nòng zhòu)
弄走	(nòng zǒu)
弄嘴弄舌	(nòng zuǐ nòng shé)
挊	(nòng)
奴	(nú)
奴婢	(nú bì)
奴才	(nú cai)
奴儿干	(nú ér gān)
奴儿干都司	(nú ér gān dū sī)
奴工	(nú gōng)
奴化	(nú huà)
奴家	(nú jiā)
奴隶	(nú lì)
奴隶社会	(nú lì shè huì)
奴隶制	(nú lì zhì)
奴隶制度	(nú lì zhì dù)
奴隶主	(nú lì zhǔ)
奴仆	(nú pú)
奴性	(nú xìng)
奴颜婢膝	(nú yán bì xī)
奴役	(nú yì)
孥	(nú)
努	(nǔ)
努比亚	(nǔ bǐ yà)
努出	(nǔ chū)
努尔哈赤	(nǔ ěr hā chì)
努瓜娄发	(nǔ guā lóu fā)
努劲儿	(nǔ jìn r)
努克	(nǔ kè)
努库阿洛法	(nǔ kù ā luò fǎ)
努力	(nǔ lì)
努力以赴	(nǔ lì yǐ fù)
努美阿	(nǔ měi ā)
努纳武特	(nǔ nà wǔ tè)
努瓦克肖特	(nǔ wǎ kè xiāo tè)
努嘴	(nǔ zuǐ)
努嘴儿	(nǔ zuǐ r)
弩	(nǔ)
弩兵	(nǔ bīng)
弩弓	(nǔ gōng)
弩炮	(nǔ pào)
怒	(nù)
怒不可遏	(nù bù kě è)
怒潮	(nù cháo)
怒斥	(nù chì)
怒冲冲	(nù chōng chōng)
怒怼	(nù duǐ)
怒发冲冠	(nù fà chōng guān)
怒放	(nù fàng)
怒喝	(nù hè)
怒恨	(nù hèn)
怒吼	(nù hǒu)
怒火	(nù huǒ)
怒江	(nù jiāng)
怒江大峡谷	(nù jiāng dà xiá gǔ)
怒江傈僳族自治州	(nù jiāng lì sù zú zì zhì zhōu)
怒骂	(nù mà)
怒目	(nù mù)
怒目而视	(nù mù ér shì)
怒目切齿	(nù mù qiè chǐ)
怒目相向	(nù mù xiāng xiàng)
怒气	(nù qì)
怒气冲冲	(nù qì chōng chōng)
怒气攻心	(nù qì gōng xīn)
怒容	(nù róng)
怒容满面	(nù róng mǎn miàn)
怒色	(nù sè)
怒视	(nù shì)
怒形于色	(nù xíng yú sè)
怒族	(nù zú)
暖	(nuǎn)
暖宝宝	(nuǎn bǎo bǎo)
暖巢管家	(nuǎn cháo guǎn jiā)
暖调	(nuǎn diào)
暖冬	(nuǎn dōng)
暖房	(nuǎn fáng)
暖风	(nuǎn fēng)
暖锋	(nuǎn fēng)
暖阁	(nuǎn gé)
暖和	(nuǎn huo)
暖烘烘	(nuǎn hōng hōng)
暖壶	(nuǎn hú)
暖化	(nuǎn huà)
暖轿	(nuǎn jiào)
暖流	(nuǎn liú)
暖炉	(nuǎn lú)
暖男	(nuǎn nán)
暖暖	(nuǎn nuǎn)
暖暖包	(nuǎn nuǎn bāo)
暖暖区	(nuǎn nuǎn qū)
暖棚	(nuǎn péng)
暖瓶	(nuǎn píng)
暖气	(nuǎn qì)
暖气机	(nuǎn qì jī)
暖气片	(nuǎn qì piàn)
暖融融	(nuǎn róng róng)
暖色	(nuǎn sè)
暖水瓶	(nuǎn shuǐ píng)
暖心	(nuǎn xīn)
暖洋洋	(nuǎn yáng yáng)
暖意	(nuǎn yì)
挪	(nuó)
挪动	(nuó dòng)
挪借	(nuó jiè)
挪开	(nuó kāi)
挪威	(nuó wēi)
挪窝儿	(nuó wō r)
挪亚	(nuó yà)
挪亚方舟	(nuó yà fāng zhōu)
挪用	(nuó yòng)
傩	(nuó)
傩神	(nuó shén)
傩戏	(nuó xì)
㛂	(nuǒ)
喏	(nuò)
㐡	(nuò)
搦	(nuò)
搦战	(nuò zhàn)
懦	(nuò)
懦夫	(nuò fū)
懦弱	(nuò ruò)
女	(rǔ)
女扮男装	(nǚ bàn nán zhuāng)
女伴	(nǚ bàn)
女宾	(nǚ bīn)
女傧相	(nǚ bīn xiàng)
女厕	(nǚ cè)
女衬衫	(nǚ chèn shān)
女乘务员	(nǚ chéng wù yuán)
女大	(nǚ dà)
女大不中留	(nǚ dà bù zhōng liú)
女大十八变	(nǚ dà shí bā biàn)
女单	(nǚ dān)
女的	(nǚ de)
女店员	(nǚ diàn yuán)
女儿	(nǚ ér)
女儿红	(nǚ ér hóng)
女儿墙	(nǚ ér qiáng)
女犯	(nǚ fàn)
女方	(nǚ fāng)
女房东	(nǚ fáng dōng)
女高	(nǚ gāo)
女高音	(nǚ gāo yīn)
女工	(nǚ gōng)
女公爵	(nǚ gōng jué)
女公子	(nǚ gōng zǐ)
女功	(nǚ gōng)
女管家	(nǚ guǎn jiā)
女孩	(nǚ hái)
女孩儿	(nǚ hái r)
女孩子	(nǚ hái zi)
女汉子	(nǚ hàn zi)
女红	(nǚ gōng)
女皇	(nǚ huáng)
女皇大学	(nǚ huáng dà xué)
女皇帝	(nǚ huáng dì)
女继承人	(nǚ jì chéng rén)
女家	(nǚ jiā)
女将	(nǚ jiàng)
女杰	(nǚ jié)
女警	(nǚ jǐng)
女警员	(nǚ jǐng yuán)
女眷	(nǚ juàn)
女篮	(nǚ lán)
女郎	(nǚ láng)
女流	(nǚ liú)
女排	(nǚ pái)
女朋友	(nǚ péng you)
女票	(nǚ piào)
女仆	(nǚ pú)
女强人	(nǚ qiáng rén)
女墙	(nǚ qiáng)
女权	(nǚ quán)
女权主义	(nǚ quán zhǔ yì)
女人	(nǚ rén)
女人家	(nǚ rén jia)
女人气	(nǚ rén qì)
女色	(nǚ sè)
女上位	(nǚ shàng wèi)
女舍监	(nǚ shè jiān)
女神	(nǚ shén)
女神蛤	(nǚ shén gé)
女生	(nǚ shēng)
女生外向	(nǚ shēng wài xiàng)
女士	(nǚ shì)
女士优先	(nǚ shì yōu xiān)
女书	(nǚ shū)
女双	(nǚ shuāng)
女体盛	(nǚ tǐ chéng)
女同	(nǚ tóng)
女同胞	(nǚ tóng bāo)
女童	(nǚ tóng)
女团	(nǚ tuán)
女娲	(nǚ wā)
女娲氏	(nǚ wā shì)
女娃	(nǚ wá)
女王	(nǚ wáng)
女卫	(nǚ wèi)
女巫	(nǚ wū)
女武神	(nǚ wǔ shén)
女校	(nǚ xiào)
女星	(nǚ xīng)
女性	(nǚ xìng)
女性贬抑	(nǚ xìng biǎn yì)
女性割礼	(nǚ xìng gē lǐ)
女性化	(nǚ xìng huà)
女性厌恶	(nǚ xìng yàn wù)
女性主义	(nǚ xìng zhǔ yì)
女修道院	(nǚ xiū dào yuàn)
女婿	(nǚ xu)
女阴	(nǚ yīn)
女婴	(nǚ yīng)
女佣	(nǚ yōng)
女优	(nǚ yōu)
女友	(nǚ yǒu)
女贞	(nǚ zhēn)
女真	(nǚ zhēn)
女真语	(nǚ zhēn yǔ)
女主人	(nǚ zhǔ rén)
女主人公	(nǚ zhǔ rén gōng)
女装	(nǚ zhuāng)
女子	(nǚ zǐ)
女子参政权	(nǚ zǐ cān zhèng quán)
女子无才便是德	(nǚ zǐ wú cái biàn shì dé)
女足	(nǚ zú)
恧	(nǜ)
衄	(nǜ)
噢	(ō)
噢买嘎	(ō mǎi gā)
哦	(o)
哦豁	(ò huō)
哦买嘎	(ò mǎi gā)
欧	(ōu)
欧安组织	(ōu ān zǔ zhī)
欧巴	(ōu bā)
欧巴桑	(ōu ba sāng)
欧柏林	(ōu bó lín)
欧斑鸠	(ōu bān jiū)
欧包	(ōu bāo)
欧宝	(ōu bǎo)
欧车前	(ōu chē qián)
欧当归	(ōu dāng guī)
欧蝶鱼	(ōu dié yú)
欧分	(ōu fēn)
欧鸽	(ōu gē)
欧歌鸫	(ōu gē dōng)
欧共体	(ōu gòng tǐ)
欧冠	(ōu guàn)
欧胡岛	(ōu hú dǎo)
欧吉桑	(ōu jí sāng)
欧几里得	(ōu jǐ lǐ dé)
欧几里德	(ōu jǐ lǐ dé)
欧金斑鸻	(ōu jīn bān héng)
欧金翅雀	(ōu jīn chì què)
欧拉	(ōu lā)
欧莱雅	(ōu lái yǎ)
欧了	(ōu le)
欧蕾	(ōu lěi)
欧里庇得斯	(ōu lǐ bì dé sī)
欧柳莺	(ōu liǔ yīng)
欧罗巴	(ōu luó bā)
欧罗巴洲	(ōu luó bā zhōu)
欧买嘎	(ōu mǎi gā)
欧美	(ōu měi)
欧盟	(ōu méng)
欧盟委员会	(ōu méng wěi yuán huì)
欧咪呀给	(ōu mī yā gěi)
欧米伽	(ōu mǐ gā)
欧米茄表公司	(ōu mǐ jiā biǎo gōng sī)
欧姆	(ōu mǔ)
欧姆蛋	(ōu mǔ dàn)
欧姆龙	(ōu mǔ lóng)
欧尼	(ōu ní)
欧派	(ōu pài)
欧佩克	(ōu pèi kè)
欧泊	(ōu bó)
欧气	(ōu qì)
欧芹	(ōu qín)
欧仁	(ōu rén)
欧若拉	(ōu ruò lā)
欧石鸻	(ōu shí héng)
欧莳萝	(ōu shí luó)
欧氏	(ōu shì)
欧氏几何	(ōu shì jǐ hé)
欧式	(ōu shì)
欧式几何	(ōu shì jǐ hé)
欧文	(ōu wén)
欧文斯	(ōu wén sī)
欧亚	(ōu yà)
欧亚大陆	(ōu yà dà lù)
欧亚红尾鸲	(ōu yà hóng wěi qú)
欧亚𫛭	(ōu yà kuáng)
欧亚鸲	(ōu yà qú)
欧亚喜鹊	(ōu yà xǐ què)
欧阳	(ōu yáng)
欧阳修	(ōu yáng xiū)
欧阳询	(ōu yáng xún)
欧阳予倩	(ōu yáng yú qiàn)
欧夜鹰	(ōu yè yīng)
欧元	(ōu yuán)
欧元区	(ōu yuán qū)
欧楂	(ōu zhā)
欧榛	(ōu zhēn)
欧洲	(ōu zhōu)
欧洲安全和合作组织	(ōu zhōu ān quán hé hé zuò zǔ zhī)
欧洲安全与合作组织	(ōu zhōu ān quán yǔ hé zuò zǔ zhī)
欧洲杯	(ōu zhōu bēi)
欧洲大陆	(ōu zhōu dà lù)
欧洲电视	(ōu zhōu diàn shì)
欧洲法院	(ōu zhōu fǎ yuàn)
欧洲防风	(ōu zhōu fáng fēng)
欧洲歌唱大赛	(ōu zhōu gē chàng dà sài)
欧洲共同市场	(ōu zhōu gòng tóng shì chǎng)
欧洲共同体	(ōu zhōu gòng tóng tǐ)
欧洲航天局	(ōu zhōu háng tiān jú)
欧洲核子研究中心	(ōu zhōu hé zǐ yán jiū zhōng xīn)
欧洲核子中心	(ōu zhōu hé zǐ zhōng xīn)
欧洲理事会	(ōu zhōu lǐ shì huì)
欧洲联盟	(ōu zhōu lián méng)
欧洲人	(ōu zhōu rén)
欧洲山杨	(ōu zhōu shān yáng)
欧洲刑警组织	(ōu zhōu xíng jǐng zǔ zhī)
欧洲议会	(ōu zhōu yì huì)
欧洲之星	(ōu zhōu zhī xīng)
欧洲中央银行	(ōu zhōu zhōng yāng yín háng)
欧洲自由贸易联盟	(ōu zhōu zì yóu mào yì lián méng)
欧猪	(ōu zhū)
殴	(ōu)
殴打	(ōu dǎ)
殴打罪	(ōu dǎ zuì)
殴斗	(ōu dòu)
呕	(ǒu)
呕出物	(ǒu chū wù)
呕气	(òu qì)
呕吐	(ǒu tù)
呕吐物	(ǒu tù wù)
呕心沥血	(ǒu xīn lì xuè)
偶	(ǒu)
偶而	(ǒu ér)
偶尔	(ǒu ěr)
偶犯	(ǒu fàn)
偶函数	(ǒu hán shù)
偶合	(ǒu hé)
偶极	(ǒu jí)
偶见	(ǒu jiàn)
偶联反应	(ǒu lián fǎn yìng)
偶买嘎	(ǒu mǎi gā)
偶然	(ǒu rán)
偶然事件	(ǒu rán shì jiàn)
偶然性	(ǒu rán xìng)
偶人	(ǒu rén)
偶数	(ǒu shù)
偶蹄	(ǒu tí)
偶蹄类	(ǒu tí lèi)
偶蹄目	(ǒu tí mù)
偶像	(ǒu xiàng)
偶像包袱	(ǒu xiàng bāo fu)
偶像剧	(ǒu xiàng jù)
偶一	(ǒu yī)
偶一为之	(ǒu yī wéi zhī)
偶语弃市	(ǒu yǔ qì shì)
偶遇	(ǒu yù)
怄	(òu)
怄气	(òu qì)
啪	(pā)
啪哒	(pā dā)
啪啪啪	(pā pā pā)
杷	(bà)
掱	(pá)
帕	(pà)
帕德嫩神庙	(pà dé nèn shén miào)
帕蒂尔	(pà dì ěr)
帕尔瓦蒂	(pà ěr wǎ dì)
帕福斯	(pà fú sī)
帕格尼尼	(pà gé ní ní)
帕果帕果	(pà guǒ pà guǒ)
帕金森	(pà jīn sēn)
帕金森病	(pà jīn sēn bìng)
帕金森氏症	(pà jīn sēn shì zhèng)
帕拉马里博	(pà lā mǎ lǐ bó)
帕拉塞尔苏斯	(pà lā sài ěr sū sī)
帕兰卡	(pà lán kǎ)
帕劳	(pà láo)
帕累托	(pà lèi tuō)
帕累托法则	(pà lèi tuō fǎ zé)
帕累托最优	(pà lèi tuō zuì yōu)
帕丽斯·希尔顿	(pà lì sī · xī ěr dùn)
帕利基尔	(pà lì jī ěr)
帕马森	(pà mǎ sēn)
帕玛森	(pà mǎ sēn)
帕米尔	(pà mǐ ěr)
帕米尔高原	(pà mǐ ěr gāo yuán)
帕内尔	(pà nèi ěr)
帕能	(pà néng)
帕尼巴特	(pà ní bā tè)
帕尼尼	(pà ní ní)
帕皮提	(pà pí tí)
帕萨特	(pà sà tè)
帕斯	(pà sī)
帕斯卡	(pà sī kǎ)
帕斯卡尔	(pà sī kǎ ěr)
帕斯卡六边形	(pà sī kǎ liù biān xíng)
帕斯卡三角形	(pà sī kǎ sān jiǎo xíng)
帕塔亚	(pà tǎ yà)
帕台农	(pà tái nóng)
帕台农神庙	(pà tái nóng shén miào)
帕特里克	(pà tè lǐ kè)
帕特里夏	(pà tè lǐ xià)
帕特丽夏	(pà tè lì xià)
帕提侬神庙	(pà tí nóng shén miào)
帕提亚人	(pà tí yà rén)
帕瓦罗蒂	(pà wǎ luó dì)
帕西	(pà xī)
帕夏	(pà xià)
帕子	(pà zi)
怕	(pà)
怕老婆	(pà lǎo pó)
怕生	(pà shēng)
怕事	(pà shì)
怕死	(pà sǐ)
怕死鬼	(pà sǐ guǐ)
怕羞	(pà xiū)
怕痒	(pà yǎng)
拍	(pāi)
拍岸	(pāi àn)
拍案	(pāi àn)
拍案而起	(pāi àn ér qǐ)
拍案叫绝	(pāi àn jiào jué)
拍案惊奇	(pāi àn jīng qí)
拍板	(pāi bǎn)
拍出	(pāi chū)
拍打	(pāi da)
拍档	(pāi dàng)
拍点	(pāi diǎn)
拍电	(pāi diàn)
拍电影	(pāi diàn yǐng)
拍发	(pāi fā)
拍号	(pāi hào)
拍黄瓜	(pāi huáng guā)
拍击	(pāi jī)
拍客	(pāi kè)
拍立得	(pāi lì dé)
拍马	(pāi mǎ)
拍马屁	(pāi mǎ pì)
拍卖	(pāi mài)
拍卖会	(pāi mài huì)
拍卖商	(pāi mài shāng)
拍拍屁股走人	(pāi pāi pì gu zǒu rén)
拍片	(pāi piàn)
拍婆子	(pāi pó zi)
拍摄	(pāi shè)
拍手	(pāi shǒu)
拍拖	(pāi tuō)
拍戏	(pāi xì)
拍谢	(pāi xiè)
拍胸脯	(pāi xiōng pú)
拍演	(pāi yǎn)
拍照	(pāi zhào)
拍纸簿	(pāi zhǐ bù)
拍砖	(pāi zhuān)
拍子	(pāi zi)
俳	(pái)
俳佪	(pái huái)
俳句	(pái jù)
俳谐	(pái xié)
俳优	(pái yōu)
排	(pái)
排班	(pái bān)
排版	(pái bǎn)
排比	(pái bǐ)
排便	(pái biàn)
排布	(pái bù)
排插	(pái chā)
排查	(pái chá)
排场	(pái chang)
排斥	(pái chì)
排翅	(pái chì)
排出	(pái chū)
排除	(pái chú)
排除万难	(pái chú wàn nán)
排错	(pái cuò)
排挡	(pái dǎng)
排档	(pái dàng)
排灯节	(pái dēng jié)
排定	(pái dìng)
排毒	(pái dú)
排队	(pái duì)
排放	(pái fàng)
排风口	(pái fēng kǒu)
排骨	(pái gǔ)
排骨精	(pái gǔ jīng)
排海	(pái hǎi)
排洪	(pái hóng)
排华	(pái huá)
排挤	(pái jǐ)
排检	(pái jiǎn)
排解	(pái jiě)
排精	(pái jīng)
排客	(pái kè)
排空	(pái kōng)
排涝	(pái lào)
排雷	(pái léi)
排练	(pái liàn)
排量	(pái liàng)
排列	(pái liè)
排卵	(pái luǎn)
排律	(pái lǜ)
排满	(pái mǎn)
排闷	(pái mèn)
排面	(pái miàn)
排名	(pái míng)
排名榜	(pái míng bǎng)
排名表	(pái míng biǎo)
排母	(pái mǔ)
排难解纷	(pái nàn jiě fēn)
排尿	(pái niào)
排偶	(pái ǒu)
排炮	(pái pào)
排片	(pái piàn)
排起长队	(pái qǐ cháng duì)
排气	(pái qì)
排气管	(pái qì guǎn)
排气孔	(pái qì kǒng)
排气扇	(pái qì shàn)
排遣	(pái qiǎn)
排枪	(pái qiāng)
排球	(pái qiú)
排入	(pái rù)
排山倒海	(pái shān dǎo hǎi)
排射	(pái shè)
排笙	(pái shēng)
排水	(pái shuǐ)
排水沟	(pái shuǐ gōu)
排水管	(pái shuǐ guǎn)
排水孔	(pái shuǐ kǒng)
排水口	(pái shuǐ kǒu)
排水量	(pái shuǐ liàng)
排水渠	(pái shuǐ qú)
排他	(pái tā)
排他性	(pái tā xìng)
排头兵	(pái tóu bīng)
排外	(pái wài)
排湾族	(pái wān zú)
排污	(pái wū)
排污管	(pái wū guǎn)
排屋	(pái wū)
排舞	(pái wǔ)
排箫	(pái xiāo)
排泄	(pái xiè)
排泄物	(pái xiè wù)
排泄系统	(pái xiè xì tǒng)
排泻	(pái xiè)
排泻物	(pái xiè wù)
排行	(pái háng)
排行榜	(pái háng bǎng)
排序	(pái xù)
排烟	(pái yān)
排演	(pái yǎn)
排遗	(pái yí)
排印	(pái yìn)
排忧解难	(pái yōu jiě nàn)
排犹	(pái yóu)
排犹主义	(pái yóu zhǔ yì)
排长	(pái zhǎng)
排针	(pái zhēn)
排走	(pái zǒu)
徘	(pái)
徘徊	(pái huái)
棑	(pái)
哌	(pài)
哌啶	(pài dìng)
哌嗪	(pài qín)
哌替啶	(pài tì dìng)
攀	(pān)
攀比	(pān bǐ)
攀扯	(pān chě)
攀登	(pān dēng)
攀附	(pān fù)
攀附权贵	(pān fù quán guì)
攀高结贵	(pān gāo jié guì)
攀高枝	(pān gāo zhī)
攀高枝儿	(pān gāo zhī r)
攀供	(pān gòng)
攀害	(pān hài)
攀爬	(pān pá)
攀亲	(pān qīn)
攀亲道故	(pān qīn dào gù)
攀山家	(pān shān jiā)
攀升	(pān shēng)
攀谈	(pān tán)
攀诬	(pān wū)
攀岩	(pān yán)
攀援	(pān yuán)
攀缘	(pān yuán)
攀越	(pān yuè)
攀折	(pān zhé)
攀枝花	(pān zhī huā)
攀枝花市	(pān zhī huā shì)
幋	(pán)
媻	(pán)
槃	(pán)
判	(pàn)
判别	(pàn bié)
判别式	(pàn bié shì)
判处	(pàn chǔ)
判定	(pàn dìng)
判读	(pàn dú)
判断	(pàn duàn)
判断力	(pàn duàn lì)
判断语	(pàn duàn yǔ)
判罚	(pàn fá)
判官	(pàn guān)
判据	(pàn jù)
判决	(pàn jué)
判例	(pàn lì)
判例法	(pàn lì fǎ)
判令	(pàn lìng)
判袂	(pàn mèi)
判明	(pàn míng)
判赔	(pàn péi)
判然	(pàn rán)
判若两人	(pàn ruò liǎng rén)
判若云泥	(pàn ruò yún ní)
判刑	(pàn xíng)
判罪	(pàn zuì)
叛	(pàn)
叛变	(pàn biàn)
叛党	(pàn dǎng)
叛匪	(pàn fěi)
叛国	(pàn guó)
叛国罪	(pàn guó zuì)
叛教	(pàn jiào)
叛军	(pàn jūn)
叛离	(pàn lí)
叛乱	(pàn luàn)
叛乱罪	(pàn luàn zuì)
叛卖	(pàn mài)
叛逆	(pàn nì)
叛逆者	(pàn nì zhě)
叛逃	(pàn táo)
叛徒	(pàn tú)
叛贼	(pàn zéi)
乓	(pāng)
彷	(páng)
彷徨	(páng huáng)
彷徉	(páng yáng)
旁	(páng)
旁白	(páng bái)
旁边	(páng biān)
旁边儿	(páng biān r)
旁观	(páng guān)
旁观者	(páng guān zhě)
旁观者清	(páng guān zhě qīng)
旁皇	(páng huáng)
旁腱肌	(páng jiàn jī)
旁路	(páng lù)
旁门	(páng mén)
旁门左道	(páng mén zuǒ dào)
旁敲侧击	(páng qiāo cè jī)
旁人	(páng rén)
旁若无人	(páng ruò wú rén)
旁氏	(páng shì)
旁听	(páng tīng)
旁听生	(páng tīng shēng)
旁骛	(páng wù)
旁系	(páng xì)
旁遮普	(páng zhē pǔ)
旁遮普邦	(páng zhē pǔ bāng)
旁遮普省	(páng zhē pǔ shěng)
旁证	(páng zhèng)
徬	(páng)
嗙	(pǎng)
抛	(pāo)
抛补	(pāo bǔ)
抛补套利	(pāo bǔ tào lì)
抛出	(pāo chū)
抛费	(pāo fèi)
抛夫弃子	(pāo fū qì zǐ)
抛光	(pāo guāng)
抛荒	(pāo huāng)
抛家弃子	(pāo jiā qì zǐ)
抛开	(pāo kāi)
抛空	(pāo kōng)
抛离	(pāo lí)
抛脸	(pāo liǎn)
抛锚	(pāo máo)
抛媚眼	(pāo mèi yǎn)
抛妻弃子	(pāo qī qì zǐ)
抛弃	(pāo qì)
抛却	(pāo què)
抛撒	(pāo sǎ)
抛洒	(pāo sǎ)
抛散	(pāo sàn)
抛射	(pāo shè)
抛射体	(pāo shè tǐ)
抛射物	(pāo shè wù)
抛生藕	(pāo shēng ǒu)
抛售	(pāo shòu)
抛体	(pāo tǐ)
抛头露面	(pāo tóu lù miàn)
抛物面	(pāo wù miàn)
抛物线	(pāo wù xiàn)
抛下	(pāo xià)
抛绣球	(pāo xiù qiú)
抛掷	(pāo zhì)
抛砖	(pāo zhuān)
抛砖引玉	(pāo zhuān yǐn yù)
刨	(páo)
刨笔刀	(bào bǐ dāo)
刨冰	(bào bīng)
刨程	(bào chéng)
刨齿	(bào chǐ)
刨床	(bào chuáng)
刨刀	(bào dāo)
刨根	(páo gēn)
刨根儿	(páo gēn r)
刨根问底	(páo gēn wèn dǐ)
刨工	(bào gōng)
刨花	(bào huā)
刨花板	(bào huā bǎn)
刨丝器	(bào sī qì)
刨子	(bào zi)
咆	(páo)
咆哮	(páo xiào)
咆哮如雷	(páo xiào rú léi)
庖	(páo)
庖厨	(páo chú)
庖牺氏	(páo xī shì)
匏	(páo)
嚗	(bó)
呸	(pēi)
柸	(pēi)
培	(péi)
培根	(péi gēn)
培果	(bèi guǒ)
培勒兹	(péi lè zī)
培林	(péi lín)
培土	(péi tǔ)
培修	(péi xiū)
培训	(péi xùn)
培训班	(péi xùn bān)
培亚	(péi yà)
培养	(péi yǎng)
培养基	(péi yǎng jī)
培养皿	(péi yǎng mǐn)
培养液	(péi yǎng yè)
培育	(péi yù)
培植	(péi zhí)
帔	(pèi)
佩	(pèi)
佩带	(pèi dài)
佩戴	(pèi dài)
佩服	(pèi fú)
佩环	(pèi huán)
佩剑	(pèi jiàn)
佩兰	(pèi lán)
佩鲁贾	(pèi lǔ jiǎ)
佩皮尼昂	(pèi pí ní áng)
佩奇	(pèi qí)
佩饰	(pèi shì)
斾	(pèi)
旆	(pèi)
喷	(pèn)
喷薄	(pēn bó)
喷薄欲出	(pēn bó yù chū)
喷鼻息	(pēn bí xī)
喷池	(pēn chí)
喷出	(pēn chū)
喷出岩	(pēn chū yán)
喷灯	(pēn dēng)
喷发	(pēn fā)
喷饭	(pēn fàn)
喷粪	(pēn fèn)
喷瓜	(pēn guā)
喷灌	(pēn guàn)
喷壶	(pēn hú)
喷火	(pēn huǒ)
喷火器	(pēn huǒ qì)
喷溅	(pēn jiàn)
喷墨	(pēn mò)
喷漆	(pēn qī)
喷气	(pēn qì)
喷气发动机	(pēn qì fā dòng jī)
喷气机	(pēn qì jī)
喷气式	(pēn qì shì)
喷气式飞机	(pēn qì shì fēi jī)
喷气推进实验室	(pēn qì tuī jìn shí yàn shì)
喷枪	(pēn qiāng)
喷泉	(pēn quán)
喷洒	(pēn sǎ)
喷洒器	(pēn sǎ qì)
喷砂	(pēn shā)
喷射	(pēn shè)
喷射机	(pēn shè jī)
喷水池	(pēn shuǐ chí)
喷水壶	(pēn shuǐ hú)
喷丝头	(pēn sī tóu)
喷他佐辛	(pēn tā zuǒ xīn)
喷嚏	(pēn tì)
喷嚏剂	(pēn tì jì)
喷桶	(pēn tǒng)
喷头	(pēn tóu)
喷雾	(pēn wù)
喷雾器	(pēn wù qì)
喷香	(pèn xiāng)
喷涌	(pēn yǒng)
喷子	(pēn zi)
喷嘴	(pēn zuǐ)
喷嘴儿	(pēn zuǐ r)
呠	(pēn)
歕	(pēn)
匉	(pēng)
抨	(pēng)
抨击	(pēng jī)
怦	(pēng)
怦怦	(pēng pēng)
怦然	(pēng rán)
怦然心动	(pēng rán xīn dòng)
䦕	(pēng)
嘭	(pēng)
朋	(péng)
朋比为奸	(péng bǐ wéi jiān)
朋党	(péng dǎng)
朋克	(péng kè)
朋友	(péng you)
朋友妻不可欺	(péng you qī bù kě qī)
朋友圈	(péng you quān)
堋	(péng)
弸	(péng)
彭	(péng)
彭勃	(péng bó)
彭博	(péng bó)
彭博社	(péng bó shè)
彭博通讯社	(péng bó tōng xùn shè)
彭博新闻社	(péng bó xīn wén shè)
彭亨	(péng hēng)
彭湖	(péng hú)
彭湖岛	(péng hú dǎo)
彭佳屿	(péng jiā yǔ)
彭丽媛	(péng lì yuán)
彭麻麻	(péng má má)
彭山区	(péng shān qū)
彭水苗族土家族自治县	(péng shuǐ miáo zú tǔ jiā zú zì zhì xiàn)
彭水县	(péng shuǐ xiàn)
彭县	(péng xiàn)
彭阳县	(péng yáng xiàn)
彭养鸥	(péng yǎng ōu)
彭泽县	(péng zé xiàn)
彭真	(péng zhēn)
彭州市	(péng zhōu shì)
彭祖	(péng zǔ)
棚	(péng)
棚顶	(péng dǐng)
棚户	(péng hù)
棚户区	(péng hù qū)
棚架	(péng jià)
棚架格子	(péng jià gé zi)
棚子	(péng zi)
捧	(pěng)
捧杯	(pěng bēi)
捧场	(pěng chǎng)
捧臭脚	(pěng chòu jiǎo)
捧到天上	(pěng dào tiān shàng)
捧读	(pěng dú)
捧腹	(pěng fù)
捧腹大笑	(pěng fù dà xiào)
捧腹绝倒	(pěng fù jué dǎo)
捧哏	(pěng gén)
捧红	(pěng hóng)
捧花	(pěng huā)
捧角	(pěng jué)
捧角儿	(pěng jué r)
捧杀	(pěng shā)
捧上天	(pěng shàng tiān)
捧托	(pěng tuō)
椪	(pèng)
椪饼	(pèng bǐng)
椪柑	(pèng gān)
碰	(pèng)
丕	(pī)
丕变	(pī biàn)
批	(pī)
批八字	(pī bā zì)
批办	(pī bàn)
批驳	(pī bó)
批捕	(pī bǔ)
批处理	(pī chǔ lǐ)
批荡	(pī dàng)
批点	(pī diǎn)
批斗	(pī dòu)
批斗大会	(pī dòu dà huì)
批发	(pī fā)
批发价	(pī fā jià)
批发商	(pī fā shāng)
批发业	(pī fā yè)
批复	(pī fù)
批改	(pī gǎi)
批号	(pī hào)
批汇	(pī huì)
批颊	(pī jiá)
批假	(pī jià)
批价	(pī jià)
批件	(pī jiàn)
批卷	(pī juàn)
批哩啪啦	(pī li pā lā)
批量	(pī liàng)
批量购买	(pī liàng gòu mǎi)
批量生产	(pī liàng shēng chǎn)
批流年	(pī liú nián)
批命	(pī mìng)
批判	(pī pàn)
批评	(pī píng)
批评家	(pī píng jiā)
批评者	(pī píng zhě)
批萨	(pī sà)
批示	(pī shì)
批踢踢	(pī tī tī)
批踢踢实业坊	(pī tī tī shí yè fāng)
批头	(pī tóu)
批文	(pī wén)
批郤导窾	(pī xì dǎo kuǎn)
批语	(pī yǔ)
批阅	(pī yuè)
批注	(pī zhù)
批转	(pī zhuǎn)
批准	(pī zhǔn)
批准文号	(pī zhǔn wén hào)
伾	(pī)
坯	(pī)
坯布	(pī bù)
坯件	(pī jiàn)
坯料	(pī liào)
坯模	(pī mú)
坯子	(pī zi)
披	(pī)
披垂	(pī chuí)
披风	(pī fēng)
披肝沥胆	(pī gān lì dǎn)
披挂	(pī guà)
披红	(pī hóng)
披甲	(pī jiǎ)
披肩	(pī jiān)
披巾	(pī jīn)
披荆斩棘	(pī jīng zhǎn jí)
披览	(pī lǎn)
披露	(pī lù)
披麻带孝	(pī má dài xiào)
披麻戴孝	(pī má dài xiào)
披靡	(pī mǐ)
披萨	(pī sà)
披沙拣金	(pī shā jiǎn jīn)
披索	(pī suǒ)
披头散发	(pī tóu sàn fà)
披头士	(pī tóu shì)
披头四乐团	(pī tóu sì yuè tuán)
披星带月	(pī xīng dài yuè)
披星戴月	(pī xīng dài yuè)
披阅	(pī yuè)
劈	(pǐ)
劈叉	(pǐ chà)
劈柴	(pǐ chai)
劈挂拳	(pī guà quán)
劈开	(pī kāi)
劈空扳害	(pī kōng bān hài)
劈哩啪啦	(pī li pā lā)
劈离	(pī lí)
劈里啪啦	(pī li pā lā)
劈理	(pī lǐ)
劈脸	(pī liǎn)
劈裂	(pī liè)
劈面	(pī miàn)
劈啪	(pī pā)
劈情操	(pī qíng cāo)
劈手	(pī shǒu)
劈头	(pī tóu)
劈头盖脸	(pī tóu gài liǎn)
劈腿	(pǐ tuǐ)
噼	(pī)
噼里啪啦	(pī li pā lā)
噼啪	(pī pā)
枇	(pí)
枇杷	(pí pa)
枇杷膏	(pí pá gāo)
埤	(pí)
埤头	(pí tóu)
埤头乡	(pí tóu xiāng)
啤	(pí)
啤酒	(pí jiǔ)
啤酒厂	(pí jiǔ chǎng)
啤酒肚	(pí jiǔ dù)
啤酒花	(pí jiǔ huā)
啤酒节	(pí jiǔ jié)
匹	(pǐ)
匹敌	(pǐ dí)
匹夫	(pǐ fū)
匹夫匹妇	(pǐ fū pǐ fù)
匹克	(pǐ kè)
匹克球	(pǐ kè qiú)
匹马力	(pǐ mǎ lì)
匹偶	(pǐ ǒu)
匹耦	(pǐ ǒu)
匹配	(pǐ pèi)
匹兹堡	(pǐ zī bǎo)
庀	(pǐ)
圮	(pǐ)
仳	(pǐ)
擗	(pǐ)
嚭	(pǐ)
屁	(pì)
屁颠屁颠	(pì diān pì diān)
屁墩儿	(pì dūn r)
屁股	(pì gu)
屁股蛋	(pì gu dàn)
屁股蹲儿	(pì gu dūn r)
屁股决定脑袋	(pì gu jué dìng nǎo dai)
屁股眼	(pì gu yǎn)
屁滚尿流	(pì gǔn niào liú)
屁话	(pì huà)
屁精	(pì jīng)
屁民	(pì mín)
屁屁	(pì pi)
屁轻	(pì qīng)
屁事	(pì shì)
屁眼	(pì yǎn)
屁眼儿	(pì yǎn r)
媲	(pì)
媲美	(pì měi)
僻	(pì)
僻处	(pì chǔ)
僻地	(pì dì)
僻静	(pì jìng)
僻远	(pì yuǎn)
囨	(piān)
偏	(piān)
偏爱	(piān ài)
偏安	(piān ān)
偏才	(piān cái)
偏差	(piān chā)
偏差距离	(piān chā jù lí)
偏宠	(piān chǒng)
偏辞	(piān cí)
偏待	(piān dài)
偏宕	(piān dàng)
偏低	(piān dī)
偏殿	(piān diàn)
偏方	(piān fāng)
偏房	(piān fáng)
偏废	(piān fèi)
偏锋	(piān fēng)
偏高	(piān gāo)
偏关县	(piān guān xiàn)
偏光	(piān guāng)
偏光镜	(piān guāng jìng)
偏航	(piān háng)
偏航轴	(piān háng zhóu)
偏好	(piān hào)
偏护	(piān hù)
偏黄	(piān huáng)
偏激	(piān jī)
偏极	(piān jí)
偏极化	(piān jí huà)
偏极镜	(piān jí jìng)
偏见	(piān jiàn)
偏将	(piān jiàng)
偏角	(piān jiǎo)
偏科	(piān kē)
偏劳	(piān láo)
偏离	(piān lí)
偏利共栖	(piān lì gòng qī)
偏利共生	(piān lì gòng shēng)
偏门	(piān mén)
偏旁	(piān páng)
偏僻	(piān pì)
偏偏	(piān piān)
偏颇	(piān pō)
偏巧	(piān qiǎo)
偏三轮	(piān sān lún)
偏三轮摩托车	(piān sān lún mó tuō chē)
偏厦	(piān shà)
偏师	(piān shī)
偏食	(piān shí)
偏蚀	(piān shí)
偏私	(piān sī)
偏态	(piān tài)
偏瘫	(piān tān)
偏袒	(piān tǎn)
偏疼	(piān téng)
偏题	(piān tí)
偏听偏信	(piān tīng piān xìn)
偏头痛	(piān tóu tòng)
偏微分	(piān wēi fēn)
偏微分方程	(piān wēi fēn fāng chéng)
偏误	(piān wù)
偏西	(piān xī)
偏析	(piān xī)
偏狭	(piān xiá)
偏向	(piān xiàng)
偏邪不正	(piān xié bù zhèng)
偏斜	(piān xié)
偏心	(piān xīn)
偏心矩	(piān xīn jǔ)
偏心率	(piān xīn lǜ)
偏心眼	(piān xīn yǎn)
偏压	(piān yā)
偏要	(piān yào)
偏移	(piān yí)
偏倚	(piān yǐ)
偏远	(piān yuǎn)
偏振	(piān zhèn)
偏振波	(piān zhèn bō)
偏振光	(piān zhèn guāng)
偏振镜	(piān zhèn jìng)
偏正式合成词	(piān zhèng shì hé chéng cí)
偏执	(piān zhí)
偏执狂	(piān zhí kuáng)
偏执型	(piān zhí xíng)
偏置	(piān zhì)
偏置电流	(piān zhì diàn liú)
偏置电阻	(piān zhì diàn zǔ)
偏重	(piān zhòng)
偏注	(piān zhù)
偏转	(piān zhuǎn)
偏转角	(piān zhuǎn jiǎo)
剽	(piāo)
剽悍	(piāo hàn)
剽窃	(piāo qiè)
嫖	(piáo)
嫖娼	(piáo chāng)
嫖妓	(piáo jì)
嫖客	(piáo kè)
嫖宿	(piáo sù)
嫖资	(piáo zī)
殍	(piǎo)
僄	(piào)
嘌	(piào)
嘌呤	(piào lìng)
撇	(piē)
撇步	(piě bù)
撇大条	(piě dà tiáo)
撇掉	(piē diào)
撇号	(piě hào)
撇开	(piē kāi)
撇开不谈	(piē kāi bù tán)
撇清	(piē qīng)
撇去	(piē qù)
撇条	(piě tiáo)
撇下	(piē xia)
撇嘴	(piě zuǐ)
丿	(piě)
撆	(piē)
拚	(pàn)
拚财	(pàn cái)
拚除	(pàn chú)
拚弃	(pàn qì)
拚去	(pàn qù)
拚死	(pàn sǐ)
拼	(pīn)
拼板	(pīn bǎn)
拼板玩具	(pīn bǎn wán jù)
拼板游戏	(pīn bǎn yóu xì)
拼版	(pīn bǎn)
拼搏	(pīn bó)
拼餐	(pīn cān)
拼车	(pīn chē)
拼成	(pīn chéng)
拼刺	(pīn cì)
拼刺刀	(pīn cì dāo)
拼凑	(pīn còu)
拼错	(pīn cuò)
拼单	(pīn dān)
拼到底	(pīn dào dǐ)
拼爹	(pīn diē)
拼斗	(pīn dòu)
拼豆	(pīn dòu)
拼读	(pīn dú)
拼法	(pīn fǎ)
拼房	(pīn fáng)
拼合	(pīn hé)
拼花地板	(pīn huā dì bǎn)
拼婚	(pīn hūn)
拼火	(pīn huǒ)
拼接	(pīn jiē)
拼卡	(pīn kǎ)
拼客	(pīn kè)
拼力	(pīn lì)
拼拢	(pīn lǒng)
拼命	(pīn mìng)
拼命三郎	(pīn mìng sān láng)
拼命讨好	(pīn mìng tǎo hǎo)
拼盘	(pīn pán)
拼起来	(pīn qi lai)
拼抢	(pīn qiǎng)
拼杀	(pīn shā)
拼死	(pīn sǐ)
拼死拼活	(pīn sǐ pīn huó)
拼贴	(pīn tiē)
拼图	(pīn tú)
拼图玩具	(pīn tú wán jù)
拼写	(pīn xiě)
拼音	(pīn yīn)
拼音文字	(pīn yīn wén zì)
拼音字母	(pīn yīn zì mǔ)
拼攒	(pīn cuán)
拼争	(pīn zhēng)
拼装	(pīn zhuāng)
拼缀	(pīn zhuì)
拼桌	(pīn zhuō)
拼字	(pīn zì)
姘	(pīn)
姘夫	(pīn fū)
姘妇	(pīn fù)
姘居	(pīn jū)
姘头	(pīn tou)
嫔	(pín)
嫔妃	(pín fēi)
嚬	(pín)
品	(pǐn)
品保	(pǐn bǎo)
品茶	(pǐn chá)
品尝	(pǐn cháng)
品川	(pǐn chuān)
品川区	(pǐn chuān qū)
品达	(pǐn dá)
品德	(pǐn dé)
品等	(pǐn děng)
品第	(pǐn dì)
品读	(pǐn dú)
品服	(pǐn fú)
品格	(pǐn gé)
品管	(pǐn guǎn)
品红	(pǐn hóng)
品级	(pǐn jí)
品鉴	(pǐn jiàn)
品节	(pǐn jié)
品酒	(pǐn jiǔ)
品客	(pǐn kè)
品控	(pǐn kòng)
品蓝	(pǐn lán)
品类	(pǐn lèi)
品丽珠	(pǐn lì zhū)
品绿	(pǐn lǜ)
品貌	(pǐn mào)
品名	(pǐn míng)
品茗	(pǐn míng)
品目	(pǐn mù)
品牌	(pǐn pái)
品评	(pǐn píng)
品趣志	(pǐn qù zhì)
品色	(pǐn sè)
品题	(pǐn tí)
品头论足	(pǐn tóu lùn zú)
品脱	(pǐn tuō)
品位	(pǐn wèi)
品味	(pǐn wèi)
品味生活	(pǐn wèi shēng huó)
品系	(pǐn xì)
品相	(pǐn xiàng)
品行	(pǐn xíng)
品性	(pǐn xìng)
品学	(pǐn xué)
品学兼优	(pǐn xué jiān yōu)
品议	(pǐn yì)
品月	(pǐn yuè)
品质	(pǐn zhì)
品秩	(pǐn zhì)
品种	(pǐn zhǒng)
品族	(pǐn zú)
榀	(pǐn)
乒	(pīng)
乒乓	(pīng pāng)
乒乓球	(pīng pāng qiú)
乒乓球拍	(pīng pāng qiú pāi)
乒乓球台	(pīng pāng qiú tái)
乒坛	(pīng tán)
俜	(pīng)
娉	(pīng)
娉婷	(pīng tíng)
娉婷袅娜	(pīng tíng niǎo nuó)
冖	(mì)
平	(píng)
平安	(píng ān)
平安北道	(píng ān běi dào)
平安道	(píng ān dào)
平安里	(píng ān lǐ)
平安南道	(píng ān nán dào)
平安区	(píng ān qū)
平安神宫	(píng ān shén gōng)
平安时代	(píng ān shí dài)
平安无事	(píng ān wú shì)
平安夜	(píng ān yè)
平坝区	(píng bà qū)
平白	(píng bái)
平白无故	(píng bái wú gù)
平摆	(píng bǎi)
平板	(píng bǎn)
平板车	(píng bǎn chē)
平板电脑	(píng bǎn diàn nǎo)
平板手机	(píng bǎn shǒu jī)
平板支撑	(píng bǎn zhī chēng)
平版	(píng bǎn)
平宝盖	(píng bǎo gài)
平辈	(píng bèi)
平步青云	(píng bù qīng yún)
平仓	(píng cāng)
平昌县	(píng chāng xiàn)
平常	(píng cháng)
平常日	(píng cháng rì)
平常心	(píng cháng xīn)
平成	(píng chéng)
平城区	(píng chéng qū)
平畴	(píng chóu)
平川	(píng chuān)
平川区	(píng chuān qū)
平旦	(píng dàn)
平淡	(píng dàn)
平淡无奇	(píng dàn wú qí)
平地	(píng dì)
平地机	(píng dì jī)
平地木	(píng dì mù)
平地起风波	(píng dì qǐ fēng bō)
平地起家	(píng dì qǐ jiā)
平等	(píng děng)
平等互利	(píng děng hù lì)
平等主义	(píng děng zhǔ yì)
平底	(píng dǐ)
平底锅	(píng dǐ guō)
平顶	(píng dǐng)
平顶山市	(píng dǐng shān shì)
平定	(píng dìng)
平定县	(píng dìng xiàn)
平度市	(píng dù shì)
平凡	(píng fán)
平反	(píng fǎn)
平方	(píng fāng)
平方反比定律	(píng fāng fǎn bǐ dìng lǜ)
平方反比律	(píng fāng fǎn bǐ lǜ)
平方根	(píng fāng gēn)
平方公里	(píng fāng gōng lǐ)
平方米	(píng fāng mǐ)
平方平均数	(píng fāng píng jūn shù)
平方千米	(píng fāng qiān mǐ)
平方英尺	(píng fāng yīng chǐ)
平房	(píng fáng)
平房区	(píng fáng qū)
平分	(píng fēn)
平分秋色	(píng fēn qiū sè)
平坟	(píng fén)
平伏	(píng fú)
平抚	(píng fǔ)
平复	(píng fù)
平菇	(píng gū)
平谷区	(píng gǔ qū)
平锅	(píng guō)
平果市	(píng guǒ shì)
平和	(píng hé)
平和县	(píng hé xiàn)
平衡	(píng héng)
平衡棒	(píng héng bàng)
平衡车	(píng héng chē)
平衡觉	(píng héng jué)
平衡木	(píng héng mù)
平衡态	(píng héng tài)
平湖市	(píng hú shì)
平滑	(píng huá)
平滑肌	(píng huá jī)
平滑字	(píng huá zì)
平话	(píng huà)
平缓	(píng huǎn)
平毁	(píng huǐ)
平假名	(píng jiǎ míng)
平价	(píng jià)
平减	(píng jiǎn)
平江县	(píng jiāng xiàn)
平交道	(píng jiāo dào)
平角	(píng jiǎo)
平津战役	(píng jīn zhàn yì)
平靖	(píng jìng)
平静	(píng jìng)
平局	(píng jú)
平均	(píng jūn)
平均差	(píng jūn chā)
平均成本法	(píng jūn chéng běn fǎ)
平均剂量	(píng jūn jì liàng)
平均律	(píng jūn lǜ)
平均收入	(píng jūn shōu rù)
平均寿命	(píng jūn shòu mìng)
平均数	(píng jūn shù)
平均值	(píng jūn zhí)
平均值定理	(píng jūn zhí dìng lǐ)
平均主义	(píng jūn zhǔ yì)
平空	(píng kōng)
平快车	(píng kuài chē)
平乐县	(píng lè xiàn)
平利县	(píng lì xiàn)
平凉市	(píng liáng shì)
平流层	(píng liú céng)
平鲁区	(píng lǔ qū)
平陆县	(píng lù xiàn)
平罗县	(píng luó xiàn)
平米	(píng mǐ)
平面	(píng miàn)
平面波	(píng miàn bō)
平面几何	(píng miàn jǐ hé)
平面角	(píng miàn jiǎo)
平面镜	(píng miàn jìng)
平面曲线	(píng miàn qū xiàn)
平面设计	(píng miàn shè jì)
平面图	(píng miàn tú)
平民	(píng mín)
平明	(píng míng)
平南县	(píng nán xiàn)
平年	(píng nián)
平叛	(píng pàn)
平平	(píng píng)
平平常常	(píng píng cháng cháng)
平平无奇	(píng píng wú qí)
平埔族	(píng pǔ zú)
平铺直叙	(píng pū zhí xù)
平起平坐	(píng qǐ píng zuò)
平桥区	(píng qiáo qū)
平权	(píng quán)
平权措施	(píng quán cuò shī)
平泉市	(píng quán shì)
平壤	(píng rǎng)
平壤市	(píng rǎng shì)
平人	(píng rén)
平日	(píng rì)
平山区	(píng shān qū)
平山县	(píng shān xiàn)
平舌音	(píng shé yīn)
平身	(píng shēn)
平生	(píng shēng)
平生不做亏心事，半夜敲门心不惊	(píng shēng bù zuò kuī xīn shì , bàn yè qiāo mén xīn bù jīng)
平声	(píng shēng)
平时	(píng shí)
平时不烧香，临时抱佛脚	(píng shí bù shāo xiāng , lín shí bào fó jiǎo)
平实	(píng shí)
平视	(píng shì)
平手	(píng shǒu)
平顺	(píng shùn)
平顺县	(píng shùn xiàn)
平素	(píng sù)
平台	(píng tái)
平台即服务	(píng tái jí fú wù)
平摊	(píng tān)
平潭县	(píng tán xiàn)
平坦	(píng tǎn)
平塘县	(píng táng xiàn)
平替	(píng tì)
平天下	(píng tiān xià)
平添	(píng tiān)
平头	(píng tóu)
平头百姓	(píng tóu bǎi xìng)
平头哥	(píng tóu gē)
平纹	(píng wén)
平稳	(píng wěn)
平芜	(píng wú)
平武县	(píng wǔ xiàn)
平息	(píng xī)
平溪	(píng xī)
平溪乡	(píng xī xiāng)
平乡县	(píng xiāng xiàn)
平心而论	(píng xīn ér lùn)
平信	(píng xìn)
平行	(píng xíng)
平行公设	(píng xíng gōng shè)
平行计算	(píng xíng jì suàn)
平行六面体	(píng xíng liù miàn tǐ)
平行时空	(píng xíng shí kōng)
平行世界	(píng xíng shì jiè)
平行四边形	(píng xíng sì biān xíng)
平行线	(píng xíng xiàn)
平行宇宙	(píng xíng yǔ zhòu)
平型关	(píng xíng guān)
平胸	(píng xiōng)
平阳县	(píng yáng xiàn)
平遥县	(píng yáo xiàn)
平野	(píng yě)
平移	(píng yí)
平抑	(píng yì)
平邑县	(píng yì xiàn)
平易	(píng yì)
平易近人	(píng yì jìn rén)
平阴县	(píng yīn xiàn)
平印	(píng yìn)
平庸	(píng yōng)
平庸之辈	(píng yōng zhī bèi)
平庸之恶	(píng yōng zhī è)
平邮	(píng yóu)
平舆县	(píng yú xiàn)
平原	(píng yuán)
平原鹨	(píng yuán liù)
平原县	(píng yuán xiàn)
平远县	(píng yuǎn xiàn)
平月	(píng yuè)
平仄	(píng zè)
平账	(píng zhàng)
平整	(píng zhěng)
平直	(píng zhí)
平装	(píng zhuāng)
平装本	(píng zhuāng běn)
坪	(píng)
坪林	(píng lín)
坪林乡	(píng lín xiāng)
坪山区	(píng shān qū)
呯	(píng)
凭	(píng)
凭白无故	(píng bái wú gù)
凭本能做事	(píng běn néng zuò shì)
凭单	(píng dān)
凭吊	(píng diào)
凭藉	(píng jiè)
凭借	(píng jiè)
凭据	(píng jù)
凭靠	(píng kào)
凭空	(píng kōng)
凭空捏造	(píng kōng niē zào)
凭栏	(píng lán)
凭陵	(píng líng)
凭票入场	(píng piào rù chǎng)
凭什么	(píng shén me)
凭恃	(píng shì)
凭轼结辙	(píng shì jié zhé)
凭条	(píng tiáo)
凭眺	(píng tiào)
凭险	(píng xiǎn)
凭祥市	(píng xiáng shì)
凭信	(píng xìn)
凭依	(píng yī)
凭倚	(píng yǐ)
凭仗	(píng zhàng)
凭照	(píng zhào)
凭着	(píng zhe)
凭证	(píng zhèng)
凭准	(píng zhǔn)
枰	(píng)
帡	(píng)
帡幪	(píng méng)
屏	(bǐng)
屏保	(píng bǎo)
屏蔽	(píng bì)
屏蔽罐	(píng bì guàn)
屏边苗族自治县	(píng biān miáo zú zì zhì xiàn)
屏除	(bǐng chú)
屏东	(píng dōng)
屏东市	(píng dōng shì)
屏东县	(píng dōng xiàn)
屏风	(píng fēng)
屏门	(píng mén)
屏幕	(píng mù)
屏幕保护程序	(píng mù bǎo hù chéng xù)
屏南县	(píng nán xiàn)
屏气	(bǐng qì)
屏山县	(píng shān xiàn)
屏条	(píng tiáo)
屏退	(bǐng tuì)
屏息	(bǐng xī)
屏营	(bīng yíng)
屏占比	(píng zhàn bǐ)
屏障	(píng zhàng)
帲	(píng)
屛	(píng)
幈	(píng)
慿	(píng)
攴	(pū)
坡	(pō)
坡道	(pō dào)
坡度	(pō dù)
坡国	(pō guó)
坡垒	(pō lěi)
坡鹿	(pō lù)
坡路	(pō lù)
坡头区	(pō tóu qū)
坡县	(pō xiàn)
婆	(pó)
婆家	(pó jiā)
婆罗浮屠	(pó luó fú tú)
婆罗门	(pó luó mén)
婆罗门教	(pó luó mén jiào)
婆罗洲	(pó luó zhōu)
婆娘	(pó niang)
婆婆	(pó po)
婆婆妈妈	(pó po mā mā)
婆娑	(pó suō)
婆媳	(pó xí)
婆心	(pó xīn)
婆姨	(pó yí)
婆子	(pó zi)
叵	(pǒ)
叵测	(pǒ cè)
迫	(pò)
桲	(bó)
剖	(pōu)
剖白	(pōu bái)
剖辩	(pōu biàn)
剖腹	(pōu fù)
剖腹藏珠	(pōu fù cáng zhū)
剖腹产	(pōu fù chǎn)
剖腹产手术	(pōu fù chǎn shǒu shù)
剖腹自杀	(pōu fù zì shā)
剖宫产	(pōu gōng chǎn)
剖宫产手术	(pōu gōng chǎn shǒu shù)
剖解	(pōu jiě)
剖解图	(pōu jiě tú)
剖面	(pōu miàn)
剖视	(pōu shì)
剖视图	(pōu shì tú)
剖析	(pōu xī)
抔	(póu)
掊	(póu)
㕻	(pǒu)
咅	(pǒu)
仆	(pū)
仆街	(pū jiē)
仆欧	(pú ōu)
仆人	(pú rén)
仆役	(pú yì)
扑	(pū)
扑鼻	(pū bí)
扑打	(pū dǎ)
扑倒	(pū dǎo)
扑跌	(pū diē)
扑救	(pū jiù)
扑克	(pū kè)
扑克脸	(pū kè liǎn)
扑克牌	(pū kè pái)
扑空	(pū kōng)
扑棱	(pū leng)
扑脸儿	(pū liǎn r)
扑落	(pū luò)
扑满	(pū mǎn)
扑面	(pū miàn)
扑面而来	(pū miàn ér lái)
扑灭	(pū miè)
扑热息痛	(pū rè xī tòng)
扑杀	(pū shā)
扑闪	(pū shǎn)
扑扇	(pū shan)
扑朔迷离	(pū shuò mí lí)
扑腾	(pū teng)
扑通	(pū tōng)
扑袭	(pū xí)
扑责	(pū zé)
噗	(pū)
噗浪	(pū làng)
匍	(pú)
匍伏	(pú fú)
匍匐	(pú fú)
匍匐茎	(pú fú jīng)
匍匐前进	(pú fú qián jìn)
朴	(pǔ)
朴次茅斯	(pǔ cì máo sī)
朴刀	(pō dāo)
朴门	(pǔ mén)
朴实	(pǔ shí)
朴实无华	(pǔ shí wú huá)
朴素	(pǔ sù)
朴智星	(piáo zhì xīng)
朴子	(pú zǐ)
朴子市	(pú zǐ shì)
埔	(bù)
埔里	(pǔ lǐ)
埔里镇	(pǔ lǐ zhèn)
埔心	(pǔ xīn)
埔心乡	(pǔ xīn xiāng)
埔盐	(pǔ yán)
埔盐乡	(pǔ yán xiāng)
圃	(pǔ)
圃鹀	(pǔ wú)
普	(pǔ)
普埃布拉	(pǔ āi bù lā)
普安县	(pǔ ān xiàn)
普遍	(pǔ biàn)
普遍化	(pǔ biàn huà)
普遍性	(pǔ biàn xìng)
普遍性假设	(pǔ biàn xìng jiǎ shè)
普布斯	(pǔ bù sī)
普查	(pǔ chá)
普丁	(pǔ dīng)
普定县	(pǔ dìng xiàn)
普度众生	(pǔ dù zhòng shēng)
普渡	(pǔ dù)
普渡大学	(pǔ dù dà xué)
普尔热瓦尔斯基	(pǔ ěr rè wǎ ěr sī jī)
普洱茶	(pǔ ěr chá)
普洱市	(pǔ ěr shì)
普法	(pǔ fǎ)
普法战争	(pǔ fǎ zhàn zhēng)
普高	(pǔ gāo)
普格县	(pǔ gé xiàn)
普惠	(pǔ huì)
普及	(pǔ jí)
普吉	(pǔ jí)
普级	(pǔ jí)
普济众生	(pǔ jì zhòng shēng)
普降	(pǔ jiàng)
普京	(pǔ jīng)
普考	(pǔ kǎo)
普拉	(pǔ lā)
普拉达	(pǔ lā dá)
普拉提	(pǔ lā tí)
普拉亚	(pǔ lā yà)
普莱费尔	(pǔ lái fèi ěr)
普莱斯	(pǔ lái sī)
普兰店区	(pǔ lán diàn qū)
普兰县	(pǔ lán xiàn)
普朗克	(pǔ lǎng kè)
普雷克斯流程	(pǔ léi kè sī liú chéng)
普雷斯堡	(pǔ léi sī bǎo)
普雷斯顿	(pǔ léi sī dùn)
普里切特	(pǔ lǐ qiè tè)
普里什蒂纳	(pǔ lǐ shí dì nà)
普立兹奖	(pǔ lì zī jiǎng)
普利策奖	(pǔ lì cè jiǎng)
普利茅斯	(pǔ lì máo sī)
普利司通	(pǔ lì sī tōng)
普利托里亚	(pǔ lì tuō lǐ yà)
普列谢茨克	(pǔ liè xiè cí kè)
普列谢茨克卫星发射场	(pǔ liè xiè cí kè wèi xīng fā shè chǎng)
普林	(pǔ lín)
普林斯顿	(pǔ lín sī dùn)
普林斯顿大学	(pǔ lín sī dùn dà xué)
普鲁东	(pǔ lǔ dōng)
普鲁卡因	(pǔ lǔ kǎ yīn)
普鲁士	(pǔ lǔ shì)
普鲁斯特	(pǔ lǔ sī tè)
普罗	(pǔ luó)
普罗大众	(pǔ luó dà zhòng)
普罗迪	(pǔ luó dí)
普罗夫迪夫	(pǔ luó fū dí fū)
普罗科菲夫	(pǔ luó kē fēi fū)
普罗列塔利亚	(pǔ luó liè tǎ lì yà)
普罗米修斯	(pǔ luó mǐ xiū sī)
普罗提诺	(pǔ luó tí nuò)
普罗旺斯	(pǔ luó wàng sī)
普罗旺斯语	(pǔ luó wàng sī yǔ)
普罗维登斯	(pǔ luó wéi dēng sī)
普罗扎克	(pǔ luó zhā kè)
普米	(pǔ mǐ)
普米族	(pǔ mǐ zú)
普萘洛尔	(pǔ nài luò ěr)
普宁市	(pǔ níng shì)
普普通通	(pǔ pǔ tōng tōng)
普普艺术	(pǔ pǔ yì shù)
普契尼	(pǔ qì ní)
普赛	(pǔ sài)
普桑	(pǔ sāng)
普什图语	(pǔ shí tú yǔ)
普食	(pǔ shí)
普氏立克次体	(pǔ shì lì kè cì tǐ)
普氏小羚羊	(pǔ shì xiǎo líng yáng)
普世	(pǔ shì)
普适	(pǔ shì)
普天同庆	(pǔ tiān tóng qìng)
普天下	(pǔ tiān xià)
普天之下	(pǔ tiān zhī xià)
普通	(pǔ tōng)
普通车	(pǔ tōng chē)
普通赤杨	(pǔ tōng chì yáng)
普通翠鸟	(pǔ tōng cuì niǎo)
普通法	(pǔ tōng fǎ)
普通高等学校招生全国统一考试	(pǔ tōng gāo děng xué xiào zhāo shēng quán guó tǒng yī kǎo shì)
普通高中	(pǔ tōng gāo zhōng)
普通股	(pǔ tōng gǔ)
普通海鸥	(pǔ tōng hǎi ōu)
普通话	(pǔ tōng huà)
普通角闪石	(pǔ tōng jiǎo shǎn shí)
普通教育	(pǔ tōng jiào yù)
普通𫛭	(pǔ tōng kuáng)
普通老百姓	(pǔ tōng lǎo bǎi xìng)
普通楼燕	(pǔ tōng lóu yàn)
普通鸬鹚	(pǔ tōng lú cí)
普通民众	(pǔ tōng mín zhòng)
普通名词	(pǔ tōng míng cí)
普通潜鸟	(pǔ tōng qián niǎo)
普通秋沙鸭	(pǔ tōng qiū shā yā)
普通人	(pǔ tōng rén)
普通䴓	(pǔ tōng shī)
普通燕鸻	(pǔ tōng yàn héng)
普通燕鸥	(pǔ tōng yàn ōu)
普通秧鸡	(pǔ tōng yāng jī)
普通夜鹰	(pǔ tōng yè yīng)
普通鹰鹃	(pǔ tōng yīng juān)
普通中学	(pǔ tōng zhōng xué)
普通朱雀	(pǔ tōng zhū què)
普陀区	(pǔ tuó qū)
普陀山	(pǔ tuó shān)
普外科	(pǔ wài kē)
普西	(pǔ xī)
普希金	(pǔ xī jīn)
普贤	(pǔ xián)
普贤菩萨	(pǔ xián pú sà)
普信	(pǔ xìn)
普信男	(pǔ xìn nán)
普选	(pǔ xuǎn)
普选权	(pǔ xuǎn quán)
普照	(pǔ zhào)
暜	(pǔ)
曝	(pù)
曝光	(bào guāng)
曝光表	(bào guāng biǎo)
曝露	(pù lù)
曝晒	(pù shài)
七	(qī)
七边形	(qī biān xíng)
七彩	(qī cǎi)
七大姑八大姨	(qī dà gū bā dà yí)
七带石斑鱼	(qī dài shí bān yú)
七堵区	(qī dǔ qū)
七方	(qī fāng)
七分熟	(qī fēn shú)
七分之一	(qī fēn zhī yī)
七号电池	(qī hào diàn chí)
七和弦	(qī hé xián)
七河州	(qī hé zhōu)
七荤八素	(qī hūn bā sù)
七级浮屠	(qī jí fú tú)
七角形	(qī jiǎo xíng)
七老八十	(qī lǎo bā shí)
七里河区	(qī lǐ hé qū)
七里香	(qī lǐ xiāng)
七零八落	(qī líng bā luò)
七零八碎	(qī líng bā suì)
七龙珠	(qī lóng zhū)
七美	(qī měi)
七美乡	(qī měi xiāng)
七年之痒	(qī nián zhī yǎng)
七扭八歪	(qī niǔ bā wāi)
七拼八凑	(qī pīn bā còu)
七魄	(qī pò)
七七八八	(qī qī bā bā)
七巧板	(qī qiǎo bǎn)
七窍生烟	(qī qiào shēng yān)
七情	(qī qíng)
七情六欲	(qī qíng liù yù)
七日热	(qī rì rè)
七鳃鳗	(qī sāi mán)
七上八下	(qī shàng bā xià)
七声	(qī shēng)
七声音阶	(qī shēng yīn jiē)
七十	(qī shí)
七事	(qī shì)
七手八脚	(qī shǒu bā jiǎo)
七台河市	(qī tái hé shì)
七弯八拐	(qī wān bā guǎi)
七湾八拐	(qī wān bā guǎi)
七武士	(qī wǔ shì)
七夕	(qī xī)
七夕节	(qī xī jié)
七喜	(qī xǐ)
七弦琴	(qī xián qín)
七项全能	(qī xiàng quán néng)
七星关区	(qī xīng guān qū)
七星瓢虫	(qī xīng piáo chóng)
七星区	(qī xīng qū)
七曜	(qī yào)
七爷八爷	(qī yé bā yé)
七叶树	(qī yè shù)
七月	(qī yuè)
七月份	(qī yuè fèn)
七折八扣	(qī zhé bā kòu)
七政四余	(qī zhèng sì yú)
七嘴八舌	(qī zuǐ bā shé)
妻	(qì)
妻儿	(qī ér)
妻管严	(qī guǎn yán)
妻离子散	(qī lí zǐ sàn)
妻妾	(qī qiè)
妻妾成群	(qī qiè chéng qún)
妻室	(qī shì)
妻小	(qī xiǎo)
妻子	(qī zǐ)
柒	(qī)
栖	(qī)
栖地	(qī dì)
栖居	(qī jū)
栖木	(qī mù)
栖栖	(xī xī)
栖栖遑遑	(xī xī huáng huáng)
栖身	(qī shēn)
栖息	(qī xī)
栖息地	(qī xī dì)
栖霞区	(qī xiá qū)
栖霞市	(qī xiá shì)
栖住	(qī zhù)
桤	(qī)
桤木	(qī mù)
桤树	(qī shù)
凄	(qī)
凄哀	(qī āi)
凄惨	(qī cǎn)
凄恻	(qī cè)
凄楚	(qī chǔ)
凄怆	(qī chuàng)
凄梗	(qī gěng)
凄苦	(qī kǔ)
凄凉	(qī liáng)
凄迷	(qī mí)
凄然	(qī rán)
戚	(qī)
戚继光	(qī jì guāng)
戚戚	(qī qī)
戚属	(qī shǔ)
戚谊	(qī yì)
戚友	(qī yǒu)
戚族	(qī zú)
娸	(qí)
期	(qī)
期待	(qī dài)
期房	(qī fáng)
期货	(qī huò)
期货合约	(qī huò hé yuē)
期冀	(qī jì)
期间	(qī jiān)
期刊	(qī kān)
期考	(qī kǎo)
期满	(qī mǎn)
期末	(qī mò)
期末考	(qī mò kǎo)
期盼	(qī pàn)
期票	(qī piào)
期期艾艾	(qī qī ài ài)
期权	(qī quán)
期望	(qī wàng)
期望值	(qī wàng zhí)
期限	(qī xiàn)
期许	(qī xǔ)
期指	(qī zhǐ)
期中	(qī zhōng)
期中考	(qī zhōng kǎo)
期终	(qī zhōng)
欺	(qī)
欺负	(qī fu)
欺哄	(qī hǒng)
欺君罔上	(qī jūn wǎng shàng)
欺凌	(qī líng)
欺瞒	(qī mán)
欺蒙	(qī méng)
欺男霸女	(qī nán bà nǚ)
欺骗	(qī piàn)
欺骗餐	(qī piàn cān)
欺人太甚	(qī rén tài shèn)
欺辱	(qī rǔ)
欺生	(qī shēng)
欺世盗名	(qī shì dào míng)
欺霜傲雪	(qī shuāng ào xuě)
欺侮	(qī wǔ)
欺行霸市	(qī háng bà shì)
欺压	(qī yā)
欺以其方	(qī yǐ qí fāng)
欺诈	(qī zhà)
欺诈者	(qī zhà zhě)
嘁	(qī)
嘁嘁喳喳	(qī qi chā chā)
䫏	(qī)
亓	(qí)
圻	(qí)
岐	(qí)
岐阜	(qí fù)
岐山县	(qí shān xiàn)
岐视	(qí shì)
其	(qí)
其次	(qí cì)
其二	(qí èr)
其后	(qí hòu)
其间	(qí jiān)
其来有自	(qí lái yǒu zì)
其乐不穷	(qí lè bù qióng)
其乐融融	(qí lè róng róng)
其乐无穷	(qí lè wú qióng)
其貌不扬	(qí mào bù yáng)
其内	(qí nèi)
其三	(qí sān)
其实	(qí shí)
其所	(qí suǒ)
其他	(qí tā)
其它	(qí tā)
其外	(qí wài)
其先	(qí xiān)
其一	(qí yī)
其余	(qí yú)
其中	(qí zhōng)
其自身	(qí zì shēn)
奇	(jī)
奇兵	(qí bīng)
奇才	(qí cái)
奇彩	(qí cǎi)
奇差	(qí chà)
奇耻大辱	(qí chǐ dà rǔ)
奇丑	(qí chǒu)
奇丑无比	(qí chǒu wú bǐ)
奇点	(qí diǎn)
奇怪	(qí guài)
奇观	(qí guān)
奇诡	(qí guǐ)
奇函数	(jī hán shù)
奇花异草	(qí huā yì cǎo)
奇幻	(qí huàn)
奇货可居	(qí huò kě jū)
奇祸	(qí huò)
奇技	(qí jì)
奇迹	(qí jì)
奇解	(qí jiě)
奇景	(qí jǐng)
奇绝	(qí jué)
奇崛	(qí jué)
奇谲	(qí jué)
奇卡诺人	(qí kǎ nuò rén)
奇览	(qí lǎn)
奇丽	(qí lì)
奇门遁甲	(qí mén dùn jiǎ)
奇妙	(qí miào)
奇能	(qí néng)
奇能异士	(qí néng yì shì)
奇努克	(qí nǔ kè)
奇偶	(jī ǒu)
奇偶性	(jī ǒu xìng)
奇葩	(qí pā)
奇趣	(qí qù)
奇缺	(qí quē)
奇人	(qí rén)
奇瑞	(qí ruì)
奇士	(qí shì)
奇事	(qí shì)
奇数	(jī shù)
奇思妙想	(qí sī miào xiǎng)
奇台县	(qí tái xiàn)
奇谈	(qí tán)
奇谈怪论	(qí tán guài lùn)
奇谭	(qí tán)
奇特	(qí tè)
奇蹄类	(jī tí lèi)
奇蹄目	(jī tí mù)
奇瓦瓦	(qí wǎ wǎ)
奇伟	(qí wěi)
奇文	(qí wén)
奇文共赏	(qí wén gòng shǎng)
奇闻	(qí wén)
奇袭	(qí xí)
奇羡	(jī xiàn)
奇效	(qí xiào)
奇形怪状	(qí xíng guài zhuàng)
奇亚籽	(qí yà zǐ)
奇异	(qí yì)
奇异笔	(qí yì bǐ)
奇异果	(qí yì guǒ)
奇异夸克	(qí yì kuā kè)
奇遇	(qí yù)
奇珍	(qí zhēn)
奇珍异宝	(qí zhēn yì bǎo)
奇志	(qí zhì)
奇装异服	(qí zhuāng yì fú)
歧	(qí)
歧见	(qí jiàn)
歧路	(qí lù)
歧路灯	(qí lù dēng)
歧视	(qí shì)
歧途	(qí tú)
歧义	(qí yì)
歧异	(qí yì)
斉	(qí)
亝	(qí)
俟	(sì)
俟候	(sì hòu)
俟机	(sì jī)
埼	(qí)
埼玉	(qí yù)
帺	(qí)
崎	(qí)
崎岖	(qí qū)
棋	(qí)
棋逢对手	(qí féng duì shǒu)
棋高一着	(qí gāo yī zhāo)
棋格状	(qí gé zhuàng)
棋局	(qí jú)
棋具	(qí jù)
棋盘	(qí pán)
棋谱	(qí pǔ)
棋赛	(qí sài)
棋手	(qí shǒu)
棋王	(qí wáng)
棋艺	(qí yì)
棋子	(qí zǐ)
愭	(qí)
旗	(qí)
旗瓣	(qí bàn)
旗标	(qí biāo)
旗兵	(qí bīng)
旗丁	(qí dīng)
旗幅	(qí fú)
旗杆	(qí gān)
旗鼓相当	(qí gǔ xiāng dāng)
旗官	(qí guān)
旗号	(qí hào)
旗籍	(qí jí)
旗舰	(qí jiàn)
旗舰店	(qí jiàn diàn)
旗津	(qí jīn)
旗津区	(qí jīn qū)
旗开得胜	(qí kāi dé shèng)
旗牌	(qí pái)
旗人	(qí rén)
旗手	(qí shǒu)
旗下	(qí xià)
旗校	(qí xiào)
旗语	(qí yǔ)
旗帜	(qí zhì)
旗帜鲜明	(qí zhì xiān míng)
旗装	(qí zhuāng)
旗子	(qí zi)
懠	(qí)
乞	(qǐ)
乞哀告怜	(qǐ āi gào lián)
乞贷	(qǐ dài)
乞儿	(qǐ ér)
乞伏	(qǐ fú)
乞丐	(qǐ gài)
乞和	(qǐ hé)
乞力马扎罗山	(qǐ lì mǎ zhā luó shān)
乞怜	(qǐ lián)
乞求	(qǐ qiú)
乞人	(qǐ rén)
乞食	(qǐ shí)
乞恕	(qǐ shù)
乞讨	(qǐ tǎo)
乞休	(qǐ xiū)
屺	(qǐ)
企	(qǐ)
企鹅	(qǐ é)
企管硕士	(qǐ guǎn shuò shì)
企划	(qǐ huà)
企画	(qǐ huà)
企及	(qǐ jí)
企慕	(qǐ mù)
企盼	(qǐ pàn)
企求	(qǐ qiú)
企投	(qì tóu)
企图	(qǐ tú)
企图心	(qǐ tú xīn)
企望	(qǐ wàng)
企稳	(qǐ wěn)
企业	(qǐ yè)
企业管理	(qǐ yè guǎn lǐ)
企业管理硕士	(qǐ yè guǎn lǐ shuò shì)
企业集团	(qǐ yè jí tuán)
企业家	(qǐ yè jiā)
企业联合组织	(qǐ yè lián hé zǔ zhī)
企业社会责任	(qǐ yè shè huì zé rèn)
企业主	(qǐ yè zhǔ)
杞	(qǐ)
杞妇	(qǐ fù)
杞国	(qǐ guó)
杞人忧天	(qǐ rén yōu tiān)
杞人之忧	(qǐ rén zhī yōu)
杞县	(qǐ xiàn)
杞梓之林	(qǐ zǐ zhī lín)
呇	(qǐ)
启	(qǐ)
启程	(qǐ chéng)
启齿	(qǐ chǐ)
启迪	(qǐ dí)
启东市	(qǐ dōng shì)
启动	(qǐ dòng)
启动区	(qǐ dòng qū)
启动子	(qǐ dòng zi)
启发	(qǐ fā)
启发法	(qǐ fā fǎ)
启发式	(qǐ fā shì)
启封	(qǐ fēng)
启海话	(qǐ hǎi huà)
启航	(qǐ háng)
启蒙	(qǐ méng)
启蒙主义	(qǐ méng zhǔ yì)
启明	(qǐ míng)
启明星	(qǐ míng xīng)
启示	(qǐ shì)
启示录	(qǐ shì lù)
启示者	(qǐ shì zhě)
启事	(qǐ shì)
启应祈祷	(qǐ yìng qí dǎo)
启用	(qǐ yòng)
启运	(qǐ yùn)
启蛰	(qǐ zhé)
启奏	(qǐ zòu)
棨	(qǐ)
䒗	(qì)
弃	(qì)
弃暗投明	(qì àn tóu míng)
弃保潜逃	(qì bǎo qián táo)
弃船	(qì chuán)
弃恶从善	(qì è cóng shàn)
弃核	(qì hé)
弃旧图新	(qì jiù tú xīn)
弃剧	(qì jù)
弃绝	(qì jué)
弃农经商	(qì nóng jīng shāng)
弃取	(qì qǔ)
弃权	(qì quán)
弃若敝屣	(qì ruò bì xǐ)
弃舍	(qì shě)
弃世	(qì shì)
弃市	(qì shì)
弃守	(qì shǒu)
弃邪归正	(qì xié guī zhèng)
弃养	(qì yǎng)
弃婴	(qì yīng)
弃用	(qì yòng)
弃约背盟	(qì yuē bèi méng)
弃之如敝屣	(qì zhī rú bì xǐ)
弃置	(qì zhì)
弃子	(qì zǐ)
契	(qì)
契丹	(qì dān)
契诃夫	(qì hē fū)
契合	(qì hé)
契机	(qì jī)
契箭	(qì jiàn)
契据	(qì jù)
契卡	(qì kǎ)
契妈	(qì mā)
契沙比克湾	(qì shā bǐ kè wān)
契约	(qì yuē)
契约精神	(qì yuē jīng shén)
契约桥牌	(qì yuē qiáo pái)
契子	(qì zǐ)
咠	(qì)
栔	(qì)
愒	(kài)
槭	(qì)
槭木	(qì mù)
槭树	(qì shù)
槭糖浆	(qì táng jiāng)
器	(qì)
器材	(qì cái)
器官	(qì guān)
器官捐献者	(qì guān juān xiàn zhě)
器官移殖	(qì guān yí zhí)
器件	(qì jiàn)
器具	(qì jù)
器乐	(qì yuè)
器量	(qì liàng)
器皿	(qì mǐn)
器物	(qì wù)
器械	(qì xiè)
器宇	(qì yǔ)
器宇轩昂	(qì yǔ xuān áng)
器质性	(qì zhì xìng)
器重	(qì zhòng)
憩	(qì)
憩室炎	(qì shì yán)
憩息处	(qì xī chù)
掐	(qiā)
掐表	(qiā biǎo)
掐脖子	(qiā bó zi)
掐断	(qiā duàn)
掐架	(qiā jià)
掐死	(qiā sǐ)
掐算	(qiā suàn)
搳	(huá)
搳拳	(huá quán)
拤	(qiá)
恰	(qià)
恰当	(qià dàng)
恰到好处	(qià dào hǎo chù)
恰好	(qià hǎo)
恰合	(qià hé)
恰帕斯州	(qià pà sī zhōu)
恰恰	(qià qià)
恰恰舞	(qià qià wǔ)
恰恰相反	(qià qià xiāng fǎn)
恰巧	(qià qiǎo)
恰如	(qià rú)
恰如其分	(qià rú qí fèn)
恰似	(qià sì)
恰亚诺夫	(qià yà nuò fū)
恰遇	(qià yù)
千	(qiān)
千变万化	(qiān biàn wàn huà)
千变万轸	(qiān biàn wàn zhěn)
千层面	(qiān céng miàn)
千差万别	(qiān chā wàn bié)
千乘之国	(qiān shèng zhī guó)
千锤百炼	(qiān chuí bǎi liàn)
千刀万剐	(qiān dāo wàn guǎ)
千岛酱	(qiān dǎo jiàng)
千岛群岛	(qiān dǎo qún dǎo)
千叮万嘱	(qiān dīng wàn zhǔ)
千吨	(qiān dūn)
千恩万谢	(qiān ēn wàn xiè)
千儿八百	(qiān r bā bǎi)
千方百计	(qiān fāng bǎi jì)
千分尺	(qiān fēn chǐ)
千夫	(qiān fū)
千伏	(qiān fú)
千佛洞	(qiān fó dòng)
千古	(qiān gǔ)
千古遗恨	(qiān gǔ yí hèn)
千古罪人	(qiān gǔ zuì rén)
千赫	(qiān hè)
千赫兹	(qiān hè zī)
千家万户	(qiān jiā wàn hù)
千碱基对	(qiān jiǎn jī duì)
千娇百媚	(qiān jiāo bǎi mèi)
千焦	(qiān jiāo)
千斤顶	(qiān jīn dǐng)
千金	(qiān jīn)
千金方	(qiān jīn fāng)
千金难买	(qiān jīn nán mǎi)
千金要方	(qiān jīn yào fāng)
千金一诺	(qiān jīn yī nuò)
千金一掷	(qiān jīn yī zhì)
千军万马	(qiān jūn wàn mǎ)
千军易得，一将难求	(qiān jūn yì dé , yī jiàng nán qiú)
千钧一发	(qiān jūn yī fà)
千卡	(qiān kǎ)
千克	(qiān kè)
千里	(qiān lǐ)
千里搭长棚，没有不散的宴席	(qiān lǐ dā cháng péng , méi yǒu bù sàn de yàn xí)
千里达和多巴哥	(qiān lǐ dá hé duō bā gē)
千里达及托巴哥	(qiān lǐ dá jí tuō bā gē)
千里鹅毛	(qiān lǐ é máo)
千里寄鹅毛	(qiān lǐ jì é máo)
千里马	(qiān lǐ mǎ)
千里马常有，而伯乐不常有	(qiān lǐ mǎ cháng yǒu , ér bó lè bù cháng yǒu)
千里送鹅毛	(qiān lǐ sòng é máo)
千里送鹅毛，礼轻情意重	(qiān lǐ sòng é máo , lǐ qīng qíng yì zhòng)
千里送鹅毛，礼轻人意重	(qiān lǐ sòng é máo , lǐ qīng rén yì zhòng)
千里迢迢	(qiān lǐ tiáo tiáo)
千里眼	(qiān lǐ yǎn)
千里之堤，溃于蚁穴	(qiān lǐ zhī dī , kuì yú yǐ xué)
千里之外	(qiān lǐ zhī wài)
千里之行，始于足下	(qiān lǐ zhī xíng , shǐ yú zú xià)
千虑一得	(qiān lǜ yī dé)
千虑一失	(qiān lǜ yī shī)
千米	(qiān mǐ)
千难万难	(qiān nán wàn nán)
千年	(qiān nián)
千帕	(qiān pà)
千篇一律	(qiān piān yī lǜ)
千奇百怪	(qiān qí bǎi guài)
千千万万	(qiān qiān wàn wàn)
千秋	(qiān qiū)
千秋万代	(qiān qiū wàn dài)
千山区	(qiān shān qū)
千丝万缕	(qiān sī wàn lǚ)
千挑万选	(qiān tiāo wàn xuǎn)
千头万绪	(qiān tóu wàn xù)
千瓦	(qiān wǎ)
千瓦时	(qiān wǎ shí)
千万	(qiān wàn)
千位	(qiān wèi)
千位元	(qiān wèi yuán)
千禧年	(qiān xǐ nián)
千禧一代	(qiān xǐ yī dài)
千辛万苦	(qiān xīn wàn kǔ)
千言万语	(qiān yán wàn yǔ)
千阳县	(qiān yáng xiàn)
千叶	(qiān yè)
千依百顺	(qiān yī bǎi shùn)
千亿	(qiān yì)
千载难逢	(qiān zǎi nán féng)
千兆	(qiān zhào)
千真万确	(qiān zhēn wàn què)
千姿百态	(qiān zī bǎi tài)
千字节	(qiān zì jié)
千足虫	(qiān zú chóng)
仟	(qiān)
扦	(qiān)
扦插	(qiān chā)
扦脚	(qiān jiǎo)
圱	(qiān)
岍	(qiān)
佥	(qiān)
拪	(qiān)
悭	(qiān)
悭俭	(qiān jiǎn)
悭吝	(qiān lìn)
掔	(qiān)
愆	(qiān)
愆期	(qiān qī)
愆尤	(qiān yóu)
搴	(qiān)
搴旗	(qiān qí)
攐	(qiān)
攓	(qiān)
岒	(qián)
拑	(qián)
前	(qián)
前摆	(qián bǎi)
前半晌	(qián bàn shǎng)
前半晌儿	(qián bàn shǎng r)
前半生	(qián bàn shēng)
前半天	(qián bàn tiān)
前半天儿	(qián bàn tiān r)
前半夜	(qián bàn yè)
前备箱	(qián bèi xiāng)
前辈	(qián bèi)
前鼻音	(qián bí yīn)
前臂	(qián bì)
前边	(qián bian)
前边儿	(qián bian r)
前不见古人，后不见来者	(qián bù jiàn gǔ rén , hòu bù jiàn lái zhě)
前不久	(qián bù jiǔ)
前不着村，后不着店	(qián bù zháo cūn , hòu bù zháo diàn)
前部	(qián bù)
前菜	(qián cài)
前舱	(qián cāng)
前叉	(qián chā)
前朝	(qián cháo)
前车之覆，后车之鉴	(qián chē zhī fù , hòu chē zhī jiàn)
前车之鉴	(qián chē zhī jiàn)
前尘	(qián chén)
前程	(qián chéng)
前程远大	(qián chéng yuǎn dà)
前翅	(qián chì)
前传	(qián chuán)
前此	(qián cǐ)
前大灯	(qián dà dēng)
前导	(qián dǎo)
前灯	(qián dēng)
前敌	(qián dí)
前调	(qián diào)
前端	(qián duān)
前端总线	(qián duān zǒng xiàn)
前段	(qián duàn)
前段时间	(qián duàn shí jiān)
前额	(qián é)
前额叶皮质	(qián é yè pí zhì)
前儿	(qián r)
前方	(qián fāng)
前方高能	(qián fāng gāo néng)
前房角	(qián fáng jiǎo)
前锋	(qián fēng)
前锋区	(qián fēng qū)
前夫	(qián fū)
前俯后仰	(qián fǔ hòu yǎng)
前赴后继	(qián fù hòu jì)
前功尽弃	(qián gōng jìn qì)
前冠	(qián guān)
前郭尔罗斯蒙古族自治县	(qián guō ěr luó sī měng gǔ zú zì zhì xiàn)
前汉	(qián hàn)
前后	(qián hòu)
前后文	(qián hòu wén)
前几天	(qián jǐ tiān)
前甲板	(qián jiǎ bǎn)
前件	(qián jiàn)
前脚	(qián jiǎo)
前揭	(qián jiē)
前金区	(qián jīn qū)
前进	(qián jìn)
前进区	(qián jìn qū)
前景	(qián jǐng)
前景可期	(qián jǐng kě qī)
前臼齿	(qián jiù chǐ)
前倨后恭	(qián jù hòu gōng)
前锯肌	(qián jù jī)
前科	(qián kē)
前空翻	(qián kōng fān)
前来	(qián lái)
前廊	(qián láng)
前例	(qián lì)
前凉	(qián liáng)
前列	(qián liè)
前列腺	(qián liè xiàn)
前列腺素	(qián liè xiàn sù)
前列腺炎	(qián liè xiàn yán)
前路	(qián lù)
前轮	(qián lún)
前掠翼	(qián lüè yì)
前茅	(qián máo)
前门	(qián mén)
前门打虎，后门打狼	(qián mén dǎ hǔ , hòu mén dǎ láng)
前门拒虎，后门进狼	(qián mén jù hǔ , hòu mén jìn láng)
前面	(qián miàn)
前男友	(qián nán yǒu)
前年	(qián nián)
前女友	(qián nǚ yǒu)
前怕狼后怕虎	(qián pà láng hòu pà hǔ)
前排	(qián pái)
前仆后继	(qián pū hòu jì)
前妻	(qián qī)
前期	(qián qī)
前桥	(qián qiáo)
前秦	(qián qín)
前倾	(qián qīng)
前情	(qián qíng)
前驱	(qián qū)
前人	(qián rén)
前人栽树，后人乘凉	(qián rén zāi shù , hòu rén chéng liáng)
前任	(qián rèn)
前日	(qián rì)
前三甲	(qián sān jiǎ)
前晌	(qián shǎng)
前哨	(qián shào)
前哨战	(qián shào zhàn)
前摄	(qián shè)
前身	(qián shēn)
前生	(qián shēng)
前世	(qián shì)
前世姻缘	(qián shì yīn yuán)
前事	(qián shì)
前事不忘，后事之师	(qián shì bù wàng , hòu shì zhī shī)
前首相	(qián shǒu xiàng)
前述	(qián shù)
前司	(qián sī)
前苏联	(qián sū lián)
前所未见	(qián suǒ wèi jiàn)
前所未闻	(qián suǒ wèi wén)
前所未有	(qián suǒ wèi yǒu)
前台	(qián tái)
前提	(qián tí)
前提条件	(qián tí tiáo jiàn)
前体	(qián tǐ)
前天	(qián tiān)
前田	(qián tián)
前厅	(qián tīng)
前庭	(qián tíng)
前庭窗	(qián tíng chuāng)
前头	(qián tou)
前凸后翘	(qián tū hòu qiào)
前途	(qián tú)
前途渺茫	(qián tú miǎo máng)
前途未卜	(qián tú wèi bǔ)
前途无量	(qián tú wú liàng)
前腿	(qián tuǐ)
前往	(qián wǎng)
前桅	(qián wéi)
前卫	(qián wèi)
前胃	(qián wèi)
前无古人	(qián wú gǔ rén)
前无古人，后无来者	(qián wú gǔ rén , hòu wú lái zhě)
前夕	(qián xī)
前戏	(qián xì)
前贤	(qián xián)
前嫌	(qián xián)
前线	(qián xiàn)
前些	(qián xiē)
前信号灯	(qián xìn hào dēng)
前行	(qián xíng)
前胸	(qián xiōng)
前胸贴后背	(qián xiōng tiē hòu bèi)
前言	(qián yán)
前沿	(qián yán)
前咽	(qián yān)
前燕	(qián yān)
前仰后合	(qián yǎng hòu hé)
前腰	(qián yāo)
前药	(qián yào)
前夜	(qián yè)
前一天	(qián yī tiān)
前一向	(qián yī xiàng)
前移式叉车	(qián yí shì chā chē)
前意识	(qián yì shí)
前因	(qián yīn)
前因后果	(qián yīn hòu guǒ)
前缘未了	(qián yuán wèi liǎo)
前院	(qián yuàn)
前瞻	(qián zhān)
前瞻性	(qián zhān xìng)
前兆	(qián zhào)
前赵	(qián zhào)
前照灯	(qián zhào dēng)
前者	(qián zhě)
前镇区	(qián zhèn qū)
前肢	(qián zhī)
前置	(qián zhì)
前置词	(qián zhì cí)
前置修饰语	(qián zhì xiū shì yǔ)
前缀	(qián zhuì)
前总理	(qián zǒng lǐ)
前总统	(qián zǒng tǒng)
前奏	(qián zòu)
前奏曲	(qián zòu qǔ)
掮	(qián)
掮客	(qián kè)
乾	(qián)
乾安县	(qián ān xiàn)
乾旦	(qián dàn)
乾嘉三大家	(qián jiā sān dà jiā)
乾坤	(qián kūn)
乾陵	(qián líng)
乾隆	(qián lóng)
乾县	(qián xiàn)
朁	(cǎn)
媊	(qián)
墘	(qián)
凵	(kǎn)
欠	(qiàn)
欠安	(qiàn ān)
欠扁	(qiàn biǎn)
欠抽	(qiàn chōu)
欠费	(qiàn fèi)
欠佳	(qiàn jiā)
欠款	(qiàn kuǎn)
欠缺	(qiàn quē)
欠身	(qiàn shēn)
欠条	(qiàn tiáo)
欠妥	(qiàn tuǒ)
欠项	(qiàn xiàng)
欠薪	(qiàn xīn)
欠债	(qiàn zhài)
欠账	(qiàn zhàng)
欠揍	(qiàn zòu)
伣	(qiàn)
倩	(qiàn)
倩碧	(qiàn bì)
倩影	(qiàn yǐng)
倩装	(qiàn zhuāng)
堑	(qiàn)
堑壕	(qiàn háo)
堑壕战	(qiàn háo zhàn)
椠	(qiàn)
嵌	(qiàn)
嵌进	(qiàn jìn)
嵌入	(qiàn rù)
嵌入式	(qiàn rù shì)
嵌入式衣柜	(qiàn rù shì yī guì)
嵌套	(qiàn tào)
慊	(qiè)
歉	(qiàn)
歉疚	(qiàn jiù)
歉收	(qiàn shōu)
歉意	(qiàn yì)
呛	(qiàng)
呛到	(qiāng dào)
呛咕	(qiāng gu)
枪	(qiāng)
枪把儿	(qiāng bà r)
枪版	(qiāng bǎn)
枪崩	(qiāng bēng)
枪毙	(qiāng bì)
枪刺	(qiāng cì)
枪打出头鸟	(qiāng dǎ chū tóu niǎo)
枪弹	(qiāng dàn)
枪法	(qiāng fǎ)
枪匪	(qiāng fěi)
枪杆	(qiāng gǎn)
枪杆儿	(qiāng gǎn r)
枪杆子	(qiāng gǎn zi)
枪管	(qiāng guǎn)
枪灰色	(qiāng huī sè)
枪击	(qiāng jī)
枪击案	(qiāng jī àn)
枪机	(qiāng jī)
枪决	(qiāng jué)
枪口	(qiāng kǒu)
枪林箭雨	(qiāng lín jiàn yǔ)
枪榴弹	(qiāng liú dàn)
枪炮	(qiāng pào)
枪杀	(qiāng shā)
枪伤	(qiāng shāng)
枪声	(qiāng shēng)
枪手	(qiāng shǒu)
枪术	(qiāng shù)
枪闩	(qiāng shuān)
枪栓	(qiāng shuān)
枪膛	(qiāng táng)
枪替	(qiāng tì)
枪筒	(qiāng tǒng)
枪托	(qiāng tuō)
枪乌贼	(qiāng wū zéi)
枪械	(qiāng xiè)
枪眼	(qiāng yǎn)
枪衣	(qiāng yī)
枪战	(qiāng zhàn)
枪支	(qiāng zhī)
枪枝	(qiāng zhī)
枪子	(qiāng zǐ)
戗	(qiāng)
戗风	(qiāng fēng)
戕	(qiāng)
戕害	(qiāng hài)
斨	(qiāng)
强	(qiáng)
强暴	(qiáng bào)
强逼	(qiǎng bī)
强辩	(qiǎng biàn)
强辩到底	(qiǎng biàn dào dǐ)
强兵	(qiáng bīng)
强撑	(qiǎng chēng)
强词夺理	(qiǎng cí duó lǐ)
强打	(qiáng dǎ)
强大	(qiáng dà)
强档	(qiáng dàng)
强盗	(qiáng dào)
强敌	(qiáng dí)
强调	(qiáng diào)
强调色	(qiáng diào sè)
强度	(qiáng dù)
强队	(qiáng duì)
强风	(qiáng fēng)
强干	(qiáng gàn)
强攻	(qiáng gōng)
强国	(qiáng guó)
强悍	(qiáng hàn)
强横	(qiáng hèng)
强化	(qiáng huà)
强加	(qiáng jiā)
强奸	(qiáng jiān)
强奸犯	(qiáng jiān fàn)
强奸罪	(qiáng jiān zuì)
强碱	(qiáng jiǎn)
强健	(qiáng jiàn)
强将手下无弱兵	(qiáng jiàng shǒu xià wú ruò bīng)
强脚树莺	(qiáng jiǎo shù yīng)
强劲	(qiáng jìng)
强拉	(qiǎng lā)
强力	(qiáng lì)
强力胶	(qiáng lì jiāo)
强梁	(qiáng liáng)
强烈	(qiáng liè)
强烈反对	(qiáng liè fǎn duì)
强令	(qiáng lìng)
强流	(qiáng liú)
强龙不压地头蛇	(qiáng lóng bù yā dì tóu shé)
强买强卖	(qiǎng mǎi qiǎng mài)
强扭的瓜不甜	(qiǎng niǔ de guā bù tián)
强弩之末	(qiáng nǔ zhī mò)
强迫	(qiǎng pò)
强迫观念	(qiǎng pò guān niàn)
强迫劳动	(qiǎng pò láo dòng)
强迫性	(qiǎng pò xìng)
强迫性储物症	(qiǎng pò xìng chǔ wù zhèng)
强迫性性行为	(qiǎng pò xìng xìng xíng wéi)
强迫症	(qiǎng pò zhèng)
强求	(qiǎng qiú)
强权	(qiáng quán)
强人	(qiáng rén)
强人所难	(qiǎng rén suǒ nán)
强忍	(qiǎng rěn)
强韧	(qiáng rèn)
强如	(qiáng rú)
强弱	(qiáng ruò)
强身	(qiáng shēn)
强身健体	(qiáng shēn jiàn tǐ)
强生	(qiáng shēng)
强生公司	(qiáng shēng gōng sī)
强盛	(qiáng shèng)
强使	(qiǎng shǐ)
强似	(qiáng sì)
强势	(qiáng shì)
强吻	(qiáng wěn)
强相互作用	(qiáng xiāng hù zuò yòng)
强项	(qiáng xiàng)
强心剂	(qiáng xīn jì)
强心针	(qiáng xīn zhēn)
强行	(qiáng xíng)
强颜欢笑	(qiǎng yán huān xiào)
强音踏板	(qiáng yīn tà bǎn)
强硬	(qiáng yìng)
强硬立场	(qiáng yìng lì chǎng)
强硬派	(qiáng yìng pài)
强硬态度	(qiáng yìng tài dù)
强有力	(qiáng yǒu lì)
强占	(qiáng zhàn)
强震	(qiáng zhèn)
强征	(qiǎng zhēng)
强直性脊柱炎	(qiáng zhí xìng jǐ zhù yán)
强制	(qiáng zhì)
强中自有强中手	(qiáng zhōng zì yǒu qiáng zhōng shǒu)
强壮	(qiáng zhuàng)
强子	(qiáng zǐ)
强嘴	(jiàng zuǐ)
强作用	(qiáng zuò yòng)
强作用力	(qiáng zuò yòng lì)
墙	(qiáng)
嫱	(qiáng)
樯	(qiáng)
廧	(qiáng)
抢	(qiǎng)
抢白	(qiǎng bái)
抢答	(qiǎng dá)
抢答器	(qiǎng dá qì)
抢断	(qiǎng duàn)
抢夺	(qiǎng duó)
抢风	(qiāng fēng)
抢风航行	(qiāng fēng háng xíng)
抢风头	(qiǎng fēng tóu)
抢功	(qiǎng gōng)
抢购	(qiǎng gòu)
抢婚	(qiǎng hūn)
抢劫	(qiǎng jié)
抢劫案	(qiǎng jié àn)
抢劫罪	(qiǎng jié zuì)
抢镜头	(qiǎng jìng tóu)
抢救	(qiǎng jiù)
抢掠	(qiǎng lüè)
抢跑	(qiǎng pǎo)
抢票	(qiǎng piào)
抢亲	(qiǎng qīn)
抢生意	(qiǎng shēng yi)
抢手	(qiǎng shǒu)
抢手货	(qiǎng shǒu huò)
抢滩	(qiǎng tān)
抢通	(qiǎng tōng)
抢先	(qiǎng xiān)
抢险	(qiǎng xiǎn)
抢险救灾	(qiǎng xiǎn jiù zāi)
抢修	(qiǎng xiū)
抢眼	(qiǎng yǎn)
抢占	(qiǎng zhàn)
抢注	(qiǎng zhù)
抢走	(qiǎng zǒu)
悄	(qiǎo)
悄悄	(qiāo qiāo)
悄悄话	(qiāo qiao huà)
悄悄咪咪	(qiāo qiāo mī mī)
悄然	(qiǎo rán)
悄然无声	(qiǎo rán wú shēng)
悄声	(qiǎo shēng)
悄无声息	(qiǎo wú shēng xī)
劁	(qiāo)
敲	(qiāo)
敲背	(qiāo bèi)
敲边鼓	(qiāo biān gǔ)
敲打	(qiāo dǎ)
敲打锣鼓	(qiāo dǎ luó gǔ)
敲大背	(qiāo dà bèi)
敲钉钻脚	(qiāo dīng zuān jiǎo)
敲定	(qiāo dìng)
敲击	(qiāo jī)
敲开	(qiāo kāi)
敲锣	(qiāo luó)
敲锣边儿	(qiāo luó biān er)
敲门	(qiāo mén)
敲门砖	(qiāo mén zhuān)
敲敲打打	(qiāo qiāo dǎ dǎ)
敲入	(qiāo rù)
敲丧钟	(qiāo sāng zhōng)
敲山震虎	(qiāo shān zhèn hǔ)
敲碗	(qiāo wǎn)
敲响	(qiāo xiǎng)
敲小背	(qiāo xiǎo bèi)
敲诈	(qiāo zhà)
敲诈勒索	(qiāo zhà lè suǒ)
敲诈罪	(qiāo zhà zuì)
敲榨	(qiāo zhà)
敲中背	(qiāo zhōng bèi)
敲钟	(qiāo zhōng)
敲竹杠	(qiāo zhú gàng)
墝	(qiāo)
橇	(qiāo)
橾	(shū)
乔	(qiáo)
乔巴山	(qiáo bā shān)
乔答摩	(qiáo dā mó)
乔丹	(qiáo dān)
乔冠华	(qiáo guàn huá)
乔红	(qiáo hóng)
乔林	(qiáo lín)
乔木	(qiáo mù)
乔纳森	(qiáo nà sēn)
乔迁	(qiáo qiān)
乔迁之喜	(qiáo qiān zhī xǐ)
乔石	(qiáo shí)
乔叟	(qiáo sǒu)
乔希	(qiáo xī)
乔治	(qiáo zhì)
乔治·布尔	(qiáo zhì · bù ěr)
乔治·华盛顿	(qiáo zhì · huá shèng dùn)
乔治·索罗斯	(qiáo zhì · suǒ luó sī)
乔治城	(qiáo zhì chéng)
乔治城大学	(qiáo zhì chéng dà xué)
乔治敦	(qiáo zhì dūn)
乔治亚	(qiáo zhì yà)
乔治一世	(qiáo zhì yī shì)
乔装	(qiáo zhuāng)
乔装打扮	(qiáo zhuāng dǎ bàn)
侨	(qiáo)
侨胞	(qiáo bāo)
侨居	(qiáo jū)
侨眷	(qiáo juàn)
侨民	(qiáo mín)
侨生	(qiáo shēng)
侨务	(qiáo wù)
侨务委员会	(qiáo wù wěi yuán huì)
侨乡	(qiáo xiāng)
桥	(qiáo)
桥本	(qiáo běn)
桥东区	(qiáo dōng qū)
桥段	(qiáo duàn)
桥墩	(qiáo dūn)
桥接	(qiáo jiē)
桥接器	(qiáo jiē qì)
桥梁	(qiáo liáng)
桥面	(qiáo miàn)
桥脑	(qiáo nǎo)
桥牌	(qiáo pái)
桥式整流器	(qiáo shì zhěng liú qì)
桥台	(qiáo tái)
桥头	(qiáo tóu)
桥头堡	(qiáo tóu bǎo)
桥西区	(qiáo xī qū)
桥镇	(qiáo zhèn)
憔	(qiáo)
憔悴	(qiáo cuì)
樵	(qiáo)
樵夫	(qiáo fū)
樵子	(qiáo zǐ)
巧	(qiǎo)
巧辩	(qiǎo biàn)
巧妇	(qiǎo fù)
巧妇难为无米之炊	(qiǎo fù nán wéi wú mǐ zhī chuī)
巧干	(qiǎo gàn)
巧固球	(qiǎo gù qiú)
巧合	(qiǎo hé)
巧计	(qiǎo jì)
巧家县	(qiǎo jiā xiàn)
巧匠	(qiǎo jiàng)
巧克力	(qiǎo kè lì)
巧克力脆片	(qiǎo kè lì cuì piàn)
巧了	(qiǎo le)
巧立名目	(qiǎo lì míng mù)
巧妙	(qiǎo miào)
巧人	(qiǎo rén)
巧舌如簧	(qiǎo shé rú huáng)
巧手	(qiǎo shǒu)
巧思	(qiǎo sī)
巧言令色	(qiǎo yán lìng sè)
巧诈	(qiǎo zhà)
巧诈不如拙诚	(qiǎo zhà bù rú zhuō chéng)
愀	(qiǎo)
俏	(qiào)
俏货	(qiào huò)
俏丽	(qiào lì)
俏美	(qiào měi)
俏皮	(qiào pi)
俏皮话	(qiào pi huà)
峭	(qiào)
峭壁	(qiào bì)
撬	(qiào)
撬棒	(qiào bàng)
撬动	(qiào dòng)
撬杠	(qiào gàng)
撬棍	(qiào gùn)
撬开	(qiào kāi)
撬门	(qiào mén)
撬窃	(qiào qiè)
撬锁	(qiào suǒ)
撽	(qiào)
且	(qiě)
且不说	(qiě bù shuō)
且慢	(qiě màn)
且末县	(qiě mò xiàn)
且末遗址	(qiě mò yí zhǐ)
且说	(qiě shuō)
且听下回分解	(qiě tīng xià huí fēn jiě)
且休	(qiě xiū)
切	(qiè)
切·格瓦拉	(qiè gé wǎ lā)
切变	(qiē biàn)
切菜板	(qiē cài bǎn)
切成	(qiē chéng)
切齿	(qiè chǐ)
切齿腐心	(qiè chǐ fǔ xīn)
切除	(qiē chú)
切触	(qiè chù)
切磋	(qiē cuō)
切磋琢磨	(qiē cuō zhuó mó)
切达	(qiè dá)
切刀	(qiē dāo)
切点	(qiē diǎn)
切断	(qiē duàn)
切尔诺贝利	(qiē ěr nuò bèi lì)
切尔西	(qiè ěr xī)
切分音	(qiē fēn yīn)
切肤之痛	(qiè fū zhī tòng)
切腹	(qiē fù)
切杆	(qiē gān)
切糕	(qiē gāo)
切割	(qiē gē)
切骨之仇	(qiè gǔ zhī chóu)
切合	(qiè hé)
切合实际	(qiè hé shí jì)
切换	(qiē huàn)
切激	(qiè jī)
切记	(qiè jì)
切忌	(qiè jì)
切结书	(qiè jié shū)
切近	(qiè jìn)
切空间	(qiē kōng jiān)
切口	(qiē kǒu)
切块	(qiē kuài)
切脉	(qiè mài)
切面	(qiē miàn)
切末	(qiè mo)
切莫	(qiè mò)
切尼	(qiē ní)
切盼	(qiè pàn)
切片	(qiē piàn)
切片检查	(qiē piàn jiǎn chá)
切平面	(qiē píng miàn)
切迫	(qiè pò)
切切	(qiè qiè)
切切私语	(qiè qiè sī yǔ)
切肉刀	(qiē ròu dāo)
切入	(qiē rù)
切身	(qiè shēn)
切实	(qiè shí)
切实可行	(qiè shí kě xíng)
切碎	(qiē suì)
切特豪斯学校	(qiē tè háo sī xué xiào)
切题	(qiè tí)
切痛	(qiē tòng)
切望	(qiè wàng)
切勿	(qiè wù)
切线	(qiē xiàn)
切向	(qiē xiàng)
切向力	(qiē xiàng lì)
切向量	(qiē xiàng liàng)
切向速度	(qiē xiàng sù dù)
切削	(qiē xiāo)
切牙	(qiē yá)
切要	(qiè yào)
切叶蜂	(qiē yè fēng)
切音	(qiè yīn)
切责	(qiè zé)
切诊	(qiè zhěn)
切中	(qiè zhòng)
切中时弊	(qiè zhòng shí bì)
切中时病	(qiè zhòng shí bìng)
切中要害	(qiè zhòng yào hài)
切嘱	(qiè zhǔ)
妾	(qiè)
妾侍	(qiè shì)
妾室	(qiè shì)
怯	(qiè)
怯场	(qiè chǎng)
怯懦	(qiè nuò)
怯弱	(qiè ruò)
怯生	(qiè shēng)
怯生生	(qiè shēng shēng)
怯声怯气	(qiè shēng qiè qì)
怯意	(qiè yì)
怯子	(qiè zi)
匧	(qiè)
挈	(qiè)
挈带	(qiè dài)
挈挈	(qiè qiè)
倢	(jié)
惬	(qiè)
惬意	(qiè yì)
朅	(qiè)
钦	(qīn)
钦北区	(qīn běi qū)
钦差	(qīn chāi)
钦赐	(qīn cì)
钦定	(qīn dìng)
钦犯	(qīn fàn)
钦敬	(qīn jìng)
钦命	(qīn mìng)
钦奈	(qīn nài)
钦南区	(qīn nán qū)
钦佩	(qīn pèi)
钦羡	(qīn xiàn)
钦仰	(qīn yǎng)
钦挹	(qīn yì)
钦州市	(qīn zhōu shì)
侵	(qīn)
侵彻	(qīn chè)
侵晨	(qīn chén)
侵犯	(qīn fàn)
侵害	(qīn hài)
侵害人	(qīn hài rén)
侵华	(qīn huá)
侵略	(qīn lüè)
侵略军	(qīn lüè jūn)
侵略战争	(qīn lüè zhàn zhēng)
侵略者	(qīn lüè zhě)
侵权	(qīn quán)
侵权行为	(qīn quán xíng wéi)
侵扰	(qīn rǎo)
侵入	(qīn rù)
侵入性	(qīn rù xìng)
侵入岩	(qīn rù yán)
侵入者	(qīn rù zhě)
侵删	(qīn shān)
侵蚀	(qīn shí)
侵蚀作用	(qīn shí zuò yòng)
侵吞	(qīn tūn)
侵袭	(qīn xí)
侵限	(qīn xiàn)
侵夜	(qīn yè)
侵占	(qīn zhàn)
嵚	(qīn)
勤	(qín)
勤奋	(qín fèn)
勤工俭学	(qín gōng jiǎn xué)
勤俭	(qín jiǎn)
勤俭持家	(qín jiǎn chí jiā)
勤俭建国	(qín jiǎn jiàn guó)
勤俭节约	(qín jiǎn jié yuē)
勤俭朴实	(qín jiǎn pǔ shí)
勤俭朴素	(qín jiǎn pǔ sù)
勤俭务实	(qín jiǎn wù shí)
勤谨	(qín jǐn)
勤恳	(qín kěn)
勤苦	(qín kǔ)
勤快	(qín kuài)
勤劳	(qín láo)
勤劳致富	(qín láo zhì fù)
勤力	(qín lì)
勤密	(qín mì)
勤勉	(qín miǎn)
勤能补拙	(qín néng bǔ zhuō)
勤朴	(qín pǔ)
勤勤	(qín qín)
勤勤恳恳	(qín qín kěn kěn)
勤王	(qín wáng)
勤务	(qín wù)
勤务兵	(qín wù bīng)
勤务员	(qín wù yuán)
勤学苦练	(qín xué kǔ liàn)
勤杂	(qín zá)
勤则不匮	(qín zé bù kuì)
勤政廉政	(qín zhèng lián zhèng)
嗪	(qín)
慬	(qín)
擒	(qín)
擒获	(qín huò)
擒人节	(qín rén jié)
擒贼擒王	(qín zéi qín wáng)
噙	(qín)
檎	(qín)
昑	(qǐn)
寝	(qǐn)
寝具	(qǐn jù)
寝苫枕块	(qǐn shān zhěn kuài)
寝食难安	(qǐn shí nán ān)
寝室	(qǐn shì)
吣	(qìn)
揿	(qìn)
倾	(qīng)
倾侧	(qīng cè)
倾巢	(qīng cháo)
倾巢而出	(qīng cháo ér chū)
倾巢来犯	(qīng cháo lái fàn)
倾城	(qīng chéng)
倾倒	(qīng dào)
倾动	(qīng dòng)
倾耳	(qīng ěr)
倾耳而听	(qīng ěr ér tīng)
倾耳细听	(qīng ěr xì tīng)
倾翻	(qīng fān)
倾服	(qīng fú)
倾覆	(qīng fù)
倾盖	(qīng gài)
倾国倾城	(qīng guó qīng chéng)
倾家	(qīng jiā)
倾家荡产	(qīng jiā dàng chǎn)
倾角	(qīng jiǎo)
倾尽	(qīng jìn)
倾力	(qīng lì)
倾慕	(qīng mù)
倾囊	(qīng náng)
倾佩	(qīng pèi)
倾盆	(qīng pén)
倾盆大雨	(qīng pén dà yǔ)
倾诉	(qīng sù)
倾谈	(qīng tán)
倾听	(qīng tīng)
倾听者	(qīng tīng zhě)
倾吐	(qīng tǔ)
倾吐胸臆	(qīng tǔ xiōng yì)
倾吐衷肠	(qīng tǔ zhōng cháng)
倾颓	(qīng tuí)
倾危	(qīng wēi)
倾陷	(qīng xiàn)
倾羡	(qīng xiàn)
倾箱倒箧	(qīng xiāng dào qiè)
倾向	(qīng xiàng)
倾向性	(qīng xiàng xìng)
倾向于	(qīng xiàng yú)
倾销	(qīng xiāo)
倾斜	(qīng xié)
倾斜度	(qīng xié dù)
倾泄	(qīng xiè)
倾泻	(qīng xiè)
倾卸	(qīng xiè)
倾心	(qīng xīn)
倾心吐胆	(qīng xīn tǔ dǎn)
倾轧	(qīng yà)
倾注	(qīng zhù)
卿	(qīng)
卿卿我我	(qīng qīng wǒ wǒ)
圊	(qīng)
勍	(qíng)
情	(qíng)
情爱	(qíng ài)
情报	(qíng bào)
情报处	(qíng bào chù)
情比金坚	(qíng bǐ jīn jiān)
情变	(qíng biàn)
情不可却	(qíng bù kě què)
情不自禁	(qíng bù zì jīn)
情操	(qíng cāo)
情场	(qíng chǎng)
情痴	(qíng chī)
情敌	(qíng dí)
情调	(qíng diào)
情定	(qíng dìng)
情定终身	(qíng dìng zhōng shēn)
情窦	(qíng dòu)
情窦初开	(qíng dòu chū kāi)
情儿	(qíng r)
情非得已	(qíng fēi dé yǐ)
情分	(qíng fèn)
情夫	(qíng fū)
情妇	(qíng fù)
情感	(qíng gǎn)
情感分析	(qíng gǎn fēn xī)
情歌	(qíng gē)
情何以堪	(qíng hé yǐ kān)
情话	(qíng huà)
情怀	(qíng huái)
情急	(qíng jí)
情急了	(qíng jí liǎo)
情急之下	(qíng jí zhī xià)
情急智生	(qíng jí zhì shēng)
情节	(qíng jié)
情结	(qíng jié)
情景	(qíng jǐng)
情景喜剧	(qíng jǐng xǐ jù)
情境	(qíng jìng)
情境模型	(qíng jìng mó xíng)
情况	(qíng kuàng)
情郎	(qíng láng)
情勒	(qíng lè)
情理	(qíng lǐ)
情侣	(qíng lǚ)
情侣酒店	(qíng lǚ jiǔ diàn)
情侣头像	(qíng lǚ tóu xiàng)
情侣鹦鹉	(qíng lǚ yīng wǔ)
情侣装	(qíng lǚ zhuāng)
情面	(qíng miàn)
情趣	(qíng qù)
情趣酒店	(qíng qù jiǔ diàn)
情趣商店	(qíng qù shāng diàn)
情趣玩具	(qíng qù wán jù)
情趣用品	(qíng qù yòng pǐn)
情人	(qíng rén)
情人果	(qíng rén guǒ)
情人节	(qíng rén jié)
情人眼里出西施	(qíng rén yǎn lǐ chū xī shī)
情人眼里有西施	(qíng rén yǎn lǐ yǒu xī shī)
情色	(qíng sè)
情杀	(qíng shā)
情伤	(qíng shāng)
情商	(qíng shāng)
情诗	(qíng shī)
情史	(qíng shǐ)
情势	(qíng shì)
情事	(qíng shì)
情书	(qíng shū)
情搜	(qíng sōu)
情素	(qíng sù)
情愫	(qíng sù)
情随事迁	(qíng suí shì qiān)
情态	(qíng tài)
情同骨肉	(qíng tóng gǔ ròu)
情同手足	(qíng tóng shǒu zú)
情头	(qíng tóu)
情投意合	(qíng tóu yì hé)
情网	(qíng wǎng)
情味	(qíng wèi)
情形	(qíng xing)
情绪	(qíng xù)
情绪化	(qíng xù huà)
情绪价值	(qíng xù jià zhí)
情绪商数	(qíng xù shāng shù)
情绪智商	(qíng xù zhì shāng)
情绪状态	(qíng xù zhuàng tài)
情义	(qíng yì)
情谊	(qíng yì)
情意	(qíng yì)
情有独钟	(qíng yǒu dú zhōng)
情有可原	(qíng yǒu kě yuán)
情逾骨肉	(qíng yú gǔ ròu)
情欲	(qíng yù)
情缘	(qíng yuán)
情愿	(qíng yuàn)
情真意切	(qíng zhēn yì qiè)
情知	(qíng zhī)
情志	(qíng zhì)
情种	(qíng zhǒng)
情状	(qíng zhuàng)
情资	(qíng zī)
晴	(qíng)
晴好	(qíng hǎo)
晴空万里	(qíng kōng wàn lǐ)
晴朗	(qíng lǎng)
晴隆县	(qíng lóng xiàn)
晴时多云	(qíng shí duō yún)
晴天	(qíng tiān)
晴天霹雳	(qíng tiān pī lì)
晴天娃娃	(qíng tiān wá wa)
晴雨	(qíng yǔ)
晴雨表	(qíng yǔ biǎo)
暒	(qíng)
檠	(qíng)
擎	(qíng)
擎拳合掌	(qíng quán hé zhǎng)
㯳	(qíng)
庼	(qǐng)
庆	(qìng)
庆安县	(qìng ān xiàn)
庆城县	(qìng chéng xiàn)
庆大霉素	(qìng dà méi sù)
庆典	(qìng diǎn)
庆功	(qìng gōng)
庆贺	(qìng hè)
庆尚北道	(qìng shàng běi dào)
庆尚道	(qìng shàng dào)
庆尚南道	(qìng shàng nán dào)
庆生	(qìng shēng)
庆幸	(qìng xìng)
庆阳市	(qìng yáng shì)
庆元县	(qìng yuán xiàn)
庆云县	(qìng yún xiàn)
庆州	(qìng zhōu)
庆祝	(qìng zhù)
庆祝会	(qìng zhù huì)
凊	(qìng)
殸	(qìng)
惸	(qióng)
丘	(qiū)
丘八	(qiū bā)
丘北县	(qiū běi xiàn)
丘比特	(qiū bǐ tè)
丘尔金	(qiū ěr jīn)
丘逢甲	(qiū féng jiǎ)
丘壑	(qiū hè)
丘吉尔	(qiū jí ěr)
丘陵	(qiū líng)
丘脑	(qiū nǎo)
丘脑损伤	(qiū nǎo sǔn shāng)
丘县	(qiū xiàn)
丘鹬	(qiū yù)
丘疹	(qiū zhěn)
丠	(qiū)
恘	(qiū)
楸	(qiū)
楸树	(qiū shù)
厹	(qiú)
囚	(qiú)
囚犯	(qiú fàn)
囚锢锋	(qiú gù fēng)
囚禁	(qiú jìn)
囚笼	(qiú lóng)
囚人	(qiú rén)
囚室	(qiú shì)
囚徒	(qiú tú)
囚衣	(qiú yī)
俅	(qiú)
㞗	(qiú)
巯	(qiú)
区	(qū)
区别	(qū bié)
区处	(qū chù)
区分	(qū fēn)
区分大小写	(qū fēn dà xiǎo xiě)
区隔	(qū gé)
区号	(qū hào)
区划	(qū huà)
区画	(qū huà)
区间	(qū jiān)
区间车	(qū jiān chē)
区块	(qū kuài)
区块链	(qū kuài liàn)
区码	(qū mǎ)
区旗	(qū qí)
区区	(qū qū)
区区小事	(qū qū xiǎo shì)
区位	(qū wèi)
区议会	(qū yì huì)
区域	(qū yù)
区域码	(qū yù mǎ)
区域网路	(qū yù wǎng lù)
区域网络	(qū yù wǎng luò)
区域性	(qū yù xìng)
区长	(qū zhǎng)
区字框	(qū zì kuàng)
曲	(qǔ)
曲笔	(qū bǐ)
曲别针	(qū bié zhēn)
曲柄	(qū bǐng)
曲柄钻	(qū bǐng zuàn)
曲尺	(qū chǐ)
曲尺楼梯	(qū chǐ lóu tī)
曲调	(qǔ diào)
曲度	(qū dù)
曲风	(qǔ fēng)
曲阜孔庙	(qū fù kǒng miào)
曲阜市	(qū fù shì)
曲高和寡	(qǔ gāo hè guǎ)
曲肱而枕	(qū gōng ér zhěn)
曲棍	(qū gùn)
曲棍球	(qū gùn qiú)
曲江区	(qǔ jiāng qū)
曲解	(qū jiě)
曲颈瓶	(qū jǐng píng)
曲靖市	(qǔ jìng shì)
曲里拐弯	(qū lǐ guǎi wān)
曲率	(qū lǜ)
曲率向量	(qū lǜ xiàng liàng)
曲麻莱县	(qǔ má lái xiàn)
曲霉毒素	(qǔ méi dú sù)
曲面	(qū miàn)
曲面论	(qū miàn lùn)
曲目	(qǔ mù)
曲奇	(qū qí)
曲蟮	(qū shan)
曲射	(qū shè)
曲射炮	(qū shè pào)
曲水县	(qǔ shuǐ xiàn)
曲松县	(qū sōng xiàn)
曲突徙薪	(qū tū xǐ xīn)
曲沃县	(qǔ wò xiàn)
曲线	(qū xiàn)
曲线救国	(qū xiàn jiù guó)
曲线锯	(qū xiàn ju)
曲线论	(qū xiàn lùn)
曲线拟合	(qū xiàn nǐ hé)
曲线图	(qū xiàn tú)
曲阳县	(qǔ yáng xiàn)
曲艺	(qǔ yì)
曲意	(qū yì)
曲意逢迎	(qū yì féng yíng)
曲折	(qū zhé)
曲直	(qū zhí)
曲终奏雅	(qǔ zhōng zòu yǎ)
曲周县	(qǔ zhōu xiàn)
曲轴	(qū zhóu)
曲子	(qǔ zi)
岖	(qū)
佉	(qū)
佉卢文	(qū lú wén)
伹	(qū)
驱	(qū)
岨	(qū)
屈	(qū)
屈才	(qū cái)
屈从	(qū cóng)
屈打成招	(qū dǎ chéng zhāo)
屈服	(qū fú)
屈公病	(qū gōng bìng)
屈光度	(qū guāng dù)
屈肌	(qū jī)
屈伦博赫	(qū lún bó hè)
屈挠	(qū náo)
屈曲	(qū qū)
屈辱	(qū rǔ)
屈体	(qū tǐ)
屈膝礼	(qū xī lǐ)
屈戌儿	(qū qu r)
屈原	(qū yuán)
屈原祠	(qū yuán cí)
屈折语	(qū zhé yǔ)
屈指	(qū zhǐ)
屈指可数	(qū zhǐ kě shǔ)
屈指一算	(qū zhǐ yī suàn)
屈尊	(qū zūn)
屈尊俯就	(qū zūn fǔ jiù)
佢	(qú)
劬	(qú)
朐	(qú)
忂	(qú)
取	(qǔ)
取保	(qǔ bǎo)
取保候审	(qǔ bǎo hòu shěn)
取保释放	(qǔ bǎo shì fàng)
取材	(qǔ cái)
取出	(qǔ chū)
取代	(qǔ dài)
取代基	(qǔ dài jī)
取道	(qǔ dào)
取得	(qǔ dé)
取得胜利	(qǔ dé shèng lì)
取得一致	(qǔ dé yī zhì)
取灯儿	(qǔ dēng r)
取缔	(qǔ dì)
取而代之	(qǔ ér dài zhī)
取关	(qǔ guān)
取回	(qǔ huí)
取火	(qǔ huǒ)
取件	(qǔ jiàn)
取经	(qǔ jīng)
取景	(qǔ jǐng)
取景框	(qǔ jǐng kuàng)
取景器	(qǔ jǐng qì)
取决	(qǔ jué)
取决于	(qǔ jué yú)
取款	(qǔ kuǎn)
取款机	(qǔ kuǎn jī)
取乐	(qǔ lè)
取名	(qǔ míng)
取模	(qǔ mú)
取闹	(qǔ nào)
取暖	(qǔ nuǎn)
取其精华	(qǔ qí jīng huá)
取其精华，去其糟粕	(qǔ qí jīng huá , qù qí zāo pò)
取钱	(qǔ qián)
取巧	(qǔ qiǎo)
取舍	(qǔ shě)
取胜	(qǔ shèng)
取水	(qǔ shuǐ)
取现	(qǔ xiàn)
取向	(qǔ xiàng)
取消	(qǔ xiāo)
取消关注	(qǔ xiāo guān zhù)
取笑	(qǔ xiào)
取信	(qǔ xìn)
取样	(qǔ yàng)
取银	(qǔ yín)
取用	(qǔ yòng)
取悦	(qǔ yuè)
取长补短	(qǔ cháng bǔ duǎn)
取证	(qǔ zhèng)
取之不尽，用之不竭	(qǔ zhī bù jìn , yòng zhī bù jié)
取走	(qǔ zǒu)
娶	(qǔ)
娶妻	(qǔ qī)
娶亲	(qǔ qīn)
娶媳妇	(qǔ xí fù)
去	(qù)
去背	(qù bèi)
去冰	(qù bīng)
去程	(qù chéng)
去除	(qù chú)
去处	(qù chù)
去得	(qù de)
去掉	(qù diào)
去根	(qù gēn)
去垢剂	(qù gòu jì)
去骨	(qù gǔ)
去光水	(qù guāng shuǐ)
去国	(qù guó)
去回票	(qù huí piào)
去火	(qù huǒ)
去甲肾上腺素	(qù jiǎ shèn shàng xiàn sù)
去离子水	(qù lí zǐ shuǐ)
去留	(qù liú)
去路	(qù lù)
去魅	(qù mèi)
去你的	(qù nǐ de)
去年	(qù nián)
去年底	(qù nián dǐ)
去耦	(qù ǒu)
去皮	(qù pí)
去皮重	(qù pí zhòng)
去其糟粕	(qù qí zāo pò)
去取	(qù qǔ)
去取之间	(qù qǔ zhī jiān)
去声	(qù shēng)
去世	(qù shì)
去势	(qù shì)
去逝	(qù shì)
去暑	(qù shǔ)
去死	(qù sǐ)
去岁	(qù suì)
去台	(qù tái)
去往	(qù wǎng)
去污	(qù wū)
去污名化	(qù wū míng huà)
去芜存菁	(qù wú cún jīng)
去向	(qù xiàng)
去向不明	(qù xiàng bù míng)
去信	(qù xìn)
去氧核糖核酸	(qù yǎng hé táng hé suān)
去氧麻黄碱	(qù yǎng má huáng jiǎn)
去爪	(qù zhuǎ)
去职	(qù zhí)
去中心化	(qù zhōng xīn huà)
去重	(qù chóng)
厺	(qù)
刞	(qù)
呿	(qū)
悛	(quān)
圈	(quān)
圈a	(quān a)
圈地	(quān dì)
圈地运动	(quān dì yùn dòng)
圈点	(quān diǎn)
圈定	(quān dìng)
圈粉	(quān fěn)
圈内	(quān nèi)
圈内人	(quān nèi rén)
圈票处	(quān piào chù)
圈钱	(quān qián)
圈圈	(quān quan)
圈圈叉叉	(quān quān chā chā)
圈圈点点	(quān quan diǎn diǎn)
圈数	(quān shù)
圈套	(quān tào)
圈养	(juàn yǎng)
圈状物	(quān zhuàng wù)
圈子	(quān zi)
棬	(quān)
权	(quán)
权变	(quán biàn)
权变理论	(quán biàn lǐ lùn)
权柄	(quán bǐng)
权充	(quán chōng)
权当	(quán dāng)
权贵	(quán guì)
权衡	(quán héng)
权衡利弊	(quán héng lì bì)
权界	(quán jiè)
权力	(quán lì)
权力的游戏	(quán lì de yóu xì)
权力斗争	(quán lì dòu zhēng)
权力纷争	(quán lì fēn zhēng)
权利	(quán lì)
权利法案	(quán lì fǎ àn)
权利人	(quán lì rén)
权利声明	(quán lì shēng míng)
权利要求	(quán lì yāo qiú)
权谋	(quán móu)
权能	(quán néng)
权且	(quán qiě)
权时	(quán shí)
权势	(quán shì)
权术	(quán shù)
权威	(quán wēi)
权威性	(quán wēi xìng)
权位	(quán wèi)
权限	(quán xiàn)
权钥	(quán yào)
权宜	(quán yí)
权宜之策	(quán yí zhī cè)
权宜之计	(quán yí zhī jì)
权益	(quán yì)
权游	(quán yóu)
权舆	(quán yú)
权欲熏心	(quán yù xūn xīn)
权杖	(quán zhàng)
权证	(quán zhèng)
权重	(quán zhòng)
全	(quán)
全班	(quán bān)
全般	(quán bān)
全豹	(quán bào)
全本	(quán běn)
全编	(quán biān)
全部	(quán bù)
全才	(quán cái)
全场	(quán chǎng)
全场一致	(quán chǎng yī zhì)
全称	(quán chēng)
全城	(quán chéng)
全程	(quán chéng)
全纯	(quán chún)
全党全军	(quán dǎng quán jūn)
全地形车	(quán dì xíng chē)
全等	(quán děng)
全等图形	(quán děng tú xíng)
全等形	(quán děng xíng)
全都	(quán dōu)
全度音	(quán dù yīn)
全端工程师	(quán duān gōng chéng shī)
全额	(quán é)
全方位	(quán fāng wèi)
全份	(quán fèn)
全复	(quán fù)
全副	(quán fù)
全副精力	(quán fù jīng lì)
全副武装	(quán fù wǔ zhuāng)
全港	(quán gǎng)
全攻全守	(quán gōng quán shǒu)
全谷物	(quán gǔ wù)
全国	(quán guó)
全国代表大会	(quán guó dài biǎo dà huì)
全国民主联盟	(quán guó mín zhǔ lián méng)
全国人大	(quán guó rén dà)
全国人大常委会	(quán guó rén dà cháng wěi huì)
全国人大会议	(quán guó rén dà huì yì)
全国人民代表大会	(quán guó rén mín dài biǎo dà huì)
全国人民代表大会常务委员会	(quán guó rén mín dài biǎo dà huì cháng wù wěi yuán huì)
全国性	(quán guó xìng)
全国重点文物保护单位	(quán guó zhòng diǎn wén wù bǎo hù dān wèi)
全乎	(quán hu)
全会	(quán huì)
全活	(quán huó)
全集	(quán jí)
全家	(quán jiā)
全家福	(quán jiā fú)
全跏坐	(quán jiā zuò)
全歼	(quán jiān)
全椒县	(quán jiāo xiàn)
全节流	(quán jié liú)
全景	(quán jǐng)
全局	(quán jú)
全局模块	(quán jú mó kuài)
全局性	(quán jú xìng)
全局作用域	(quán jú zuò yòng yù)
全距	(quán jù)
全聚德	(quán jù dé)
全军	(quán jūn)
全军覆没	(quán jūn fù mò)
全科医生	(quán kē yī shēng)
全垒打	(quán lěi dǎ)
全力	(quán lì)
全力以赴	(quán lì yǐ fù)
全联	(quán lián)
全录	(quán lù)
全轮驱动	(quán lún qū dòng)
全罗北道	(quán luó běi dào)
全罗道	(quán luó dào)
全罗南道	(quán luó nán dào)
全裸	(quán luǒ)
全麻	(quán má)
全马	(quán mǎ)
全麦	(quán mài)
全貌	(quán mào)
全美	(quán měi)
全美广播公司	(quán měi guǎng bō gōng sī)
全面	(quán miàn)
全面禁止	(quán miàn jìn zhǐ)
全面禁止核试验条约	(quán miàn jìn zhǐ hé shì yàn tiáo yuē)
全民	(quán mín)
全民公决	(quán mín gōng jué)
全民健保	(quán mín jiàn bǎo)
全民健康保险	(quán mín jiàn kāng bǎo xiǎn)
全民皆兵	(quán mín jiē bīng)
全民投票	(quán mín tóu piào)
全南县	(quán nán xiàn)
全能	(quán néng)
全年	(quán nián)
全盘	(quán pán)
全陪	(quán péi)
全票	(quán piào)
全拼	(quán pīn)
全屏	(quán píng)
全桥	(quán qiáo)
全勤	(quán qín)
全情	(quán qíng)
全情投入	(quán qíng tóu rù)
全球	(quán qiú)
全球变暖	(quán qiú biàn nuǎn)
全球定位系统	(quán qiú dìng wèi xì tǒng)
全球而言	(quán qiú ér yán)
全球化	(quán qiú huà)
全球南方	(quán qiú nán fāng)
全球暖化	(quán qiú nuǎn huà)
全球气候	(quán qiú qì hòu)
全球气候变暖	(quán qiú qì hòu biàn nuǎn)
全球气候升温	(quán qiú qì hòu shēng wēn)
全球通	(quán qiú tōng)
全球卫星导航系统	(quán qiú wèi xīng dǎo háng xì tǒng)
全球位置测定系统	(quán qiú wèi zhì cè dìng xì tǒng)
全球性	(quán qiú xìng)
全球资讯网	(quán qiú zī xùn wǎng)
全权	(quán quán)
全权大使	(quán quán dà shǐ)
全权代表	(quán quán dài biǎo)
全然	(quán rán)
全日空	(quán rì kōng)
全日制	(quán rì zhì)
全色	(quán sè)
全烧祭	(quán shāo jì)
全身	(quán shēn)
全身而退	(quán shēn ér tuì)
全身镜	(quán shēn jìng)
全身麻醉	(quán shēn má zuì)
全身心	(quán shēn xīn)
全身性红斑狼疮	(quán shēn xìng hóng bān láng chuāng)
全神贯注	(quán shén guàn zhù)
全神灌注	(quán shén guàn zhù)
全省	(quán shěng)
全胜	(quán shèng)
全盛	(quán shèng)
全尸	(quán shī)
全时工作	(quán shí gōng zuò)
全食	(quán shí)
全蚀	(quán shí)
全世界	(quán shì jiè)
全世界第一	(quán shì jiè dì yī)
全市	(quán shì)
全书	(quán shū)
全熟	(quán shú)
全熟蛋	(quán shú dàn)
全数	(quán shù)
全素	(quán sù)
全素食	(quán sù shí)
全速	(quán sù)
全损	(quán sǔn)
全套	(quán tào)
全体	(quán tǐ)
全体会议	(quán tǐ huì yì)
全体人员	(quán tǐ rén yuán)
全天	(quán tiān)
全天候	(quán tiān hòu)
全同	(quán tóng)
全托	(quán tuō)
全网	(quán wǎng)
全文	(quán wén)
全文检索	(quán wén jiǎn suǒ)
全文搜索	(quán wén sōu suǒ)
全无	(quán wú)
全无准备	(quán wú zhǔn bèi)
全息	(quán xī)
全线	(quán xiàn)
全向	(quán xiàng)
全心	(quán xīn)
全心全意	(quán xīn quán yì)
全新	(quán xīn)
全新纪	(quán xīn jì)
全新世	(quán xīn shì)
全新统	(quán xīn tǒng)
全休	(quán xiū)
全须全尾儿	(quán xū quán yǐ r)
全音	(quán yīn)
全影	(quán yǐng)
全优	(quán yōu)
全域	(quán yù)
全愈	(quán yù)
全员	(quán yuán)
全运会	(quán yùn huì)
全责	(quán zé)
全栈	(quán zhàn)
全长	(quán cháng)
全知	(quán zhī)
全知全能	(quán zhī quán néng)
全职	(quán zhí)
全州市	(quán zhōu shì)
全州县	(quán zhōu xiàn)
全资附属公司	(quán zī fù shǔ gōng sī)
佺	(quán)
拳	(quán)
拳棒	(quán bàng)
拳打	(quán dǎ)
拳打脚踢	(quán dǎ jiǎo tī)
拳法	(quán fǎ)
拳击	(quán jī)
拳击手	(quán jī shǒu)
拳击手套	(quán jī shǒu tào)
拳击台	(quán jī tái)
拳击选手	(quán jī xuǎn shǒu)
拳交	(quán jiāo)
拳脚	(quán jiǎo)
拳脚相向	(quán jiǎo xiāng xiàng)
拳曲	(quán qū)
拳拳	(quán quán)
拳师	(quán shī)
拳手	(quán shǒu)
拳术	(quán shù)
拳套	(quán tào)
拳头	(quán tou)
拳头产品	(quán tou chǎn pǐn)
拳王	(quán wáng)
惓	(quán)
惓惓	(quán quán)
権	(quán)
劝	(quàn)
劝导	(quàn dǎo)
劝动	(quàn dòng)
劝服	(quàn fú)
劝告	(quàn gào)
劝和	(quàn hé)
劝化	(quàn huà)
劝驾	(quàn jià)
劝架	(quàn jià)
劝谏	(quàn jiàn)
劝教	(quàn jiào)
劝解	(quàn jiě)
劝戒	(quàn jiè)
劝诫	(quàn jiè)
劝酒	(quàn jiǔ)
劝勉	(quàn miǎn)
劝农	(quàn nóng)
劝农使	(quàn nóng shǐ)
劝善惩恶	(quàn shàn chéng è)
劝说	(quàn shuō)
劝退	(quàn tuì)
劝慰	(quàn wèi)
劝诱	(quàn yòu)
劝止	(quàn zhǐ)
劝阻	(quàn zǔ)
券	(quàn)
券商	(quàn shāng)
却	(què)
却病	(què bìng)
却步	(què bù)
却才	(què cái)
却倒	(què dào)
却是	(què shì)
却之不恭	(què zhī bù gōng)
埆	(què)
悫	(què)
塙	(què)
搉	(què)
榷	(què)
囷	(qūn)
裙	(qún)
嘫	(rán)
冉	(rǎn)
冉冉	(rǎn rǎn)
冉冉上升	(rǎn rǎn shàng shēng)
染	(rǎn)
染病	(rǎn bìng)
染布	(rǎn bù)
染厂	(rǎn chǎng)
染毒	(rǎn dú)
染发	(rǎn fà)
染发剂	(rǎn fà jì)
染风习俗	(rǎn fēng xí sú)
染料	(rǎn liào)
染色	(rǎn sè)
染色体	(rǎn sè tǐ)
染色体倍性	(rǎn sè tǐ bèi xìng)
染色体三倍体症	(rǎn sè tǐ sān bèi tǐ zhèng)
染色质	(rǎn sè zhì)
染上	(rǎn shàng)
染织	(rǎn zhī)
染指	(rǎn zhǐ)
染指垂涎	(rǎn zhǐ chuí xián)
染指于鼎	(rǎn zhǐ yú dǐng)
䎃	(rǎn)
壤	(rǎng)
壤塘县	(rǎng táng xiàn)
壤土	(rǎng tǔ)
攘	(rǎng)
攘臂	(rǎng bì)
攘场	(rǎng cháng)
攘除	(rǎng chú)
攘夺	(rǎng duó)
攘诟	(rǎng gòu)
攘袂	(rǎng mèi)
攘辟	(rǎng bì)
攘窃	(rǎng qiè)
攘攘	(rǎng rǎng)
攘善	(rǎng shàn)
攘外	(rǎng wài)
攘外安内	(rǎng wài ān nèi)
攘袖	(rǎng xiù)
攘羊	(rǎng yáng)
攘夷	(rǎng yí)
攘灾	(rǎng zāi)
嚷	(rǎng)
嚷劈	(rǎng pī)
嚷嚷	(rāng rang)
娆	(ráo)
桡	(náo)
桡骨	(ráo gǔ)
扰	(rǎo)
扰动	(rǎo dòng)
扰流板	(rǎo liú bǎn)
扰乱	(rǎo luàn)
扰民	(rǎo mín)
扰攘	(rǎo rǎng)
惹	(rě)
惹不起	(rě bu qǐ)
惹火	(rě huǒ)
惹火烧身	(rě huǒ shāo shēn)
惹祸	(rě huò)
惹娄子	(rě lóu zi)
惹喽子	(rě lóu zi)
惹楼子	(rě lóu zi)
惹乱子	(rě luàn zi)
惹麻烦	(rě má fan)
惹毛	(rě máo)
惹恼	(rě nǎo)
惹怒	(rě nù)
惹起	(rě qǐ)
惹人	(rě rén)
惹人心烦	(rě rén xīn fán)
惹人厌	(rě rén yàn)
惹人注目	(rě rén zhù mù)
惹人注意	(rě rén zhù yì)
惹事	(rě shì)
惹事生非	(rě shì shēng fēi)
惹是非	(rě shì fēi)
惹是生非	(rě shì shēng fēi)
惹眼	(rě yǎn)
人	(rén)
人保	(rén bǎo)
人比人，气死人	(rén bǐ rén , qì sǐ rén)
人不可貌相	(rén bù kě mào xiàng)
人不可貌相，海水不可斗量	(rén bù kě mào xiàng , hǎi shuǐ bù kě dǒu liáng)
人不为己，天诛地灭	(rén bù wèi jǐ , tiān zhū dì miè)
人不知鬼不觉	(rén bù zhī guǐ bù jué)
人才	(rén cái)
人才济济	(rén cái jǐ jǐ)
人才流失	(rén cái liú shī)
人才外流	(rén cái wài liú)
人材	(rén cái)
人财两得	(rén cái liǎng dé)
人财两空	(rén cái liǎng kōng)
人财两旺	(rén cái liǎng wàng)
人参	(rén shēn)
人参果	(rén shēn guǒ)
人潮	(rén cháo)
人车混行	(rén chē hún xíng)
人臣	(rén chén)
人称	(rén chēng)
人称代词	(rén chēng dài cí)
人畜共患症	(rén chù gòng huàn zhèng)
人传人	(rén chuán rén)
人次	(rén cì)
人从	(rén cóng)
人从众𠈌	(rén cóng zhòng yú)
人丛	(rén cóng)
人大	(rén dà)
人道	(rén dào)
人道救援	(rén dào jiù yuán)
人道主义	(rén dào zhǔ yì)
人丁	(rén dīng)
人丁兴旺	(rén dīng xīng wàng)
人定	(rén dìng)
人定胜天	(rén dìng shèng tiān)
人盾	(rén dùn)
人多势众	(rén duō shì zhòng)
人儿	(rén r)
人犯	(rén fàn)
人贩子	(rén fàn zi)
人防	(rén fáng)
人非生而知之者，孰能无惑	(rén fēi shēng ér zhī zhī zhě , shú néng wú huò)
人夫	(rén fū)
人浮于事	(rén fú yú shì)
人父	(rén fù)
人高马大	(rén gāo mǎ dà)
人格	(rén gé)
人格化	(rén gé huà)
人格魅力	(rén gé mèi lì)
人格神	(rén gé shén)
人各有所好	(rén gè yǒu suǒ hào)
人给家足	(rén jǐ jiā zú)
人工	(rén gōng)
人工吹气	(rén gōng chuī qì)
人工岛	(rén gōng dǎo)
人工耳蜗	(rén gōng ěr wō)
人工费	(rén gōng fèi)
人工概念	(rén gōng gài niàn)
人工河	(rén gōng hé)
人工呼吸	(rén gōng hū xī)
人工湖	(rén gōng hú)
人工林	(rén gōng lín)
人工流产	(rén gōng liú chǎn)
人工受孕	(rén gōng shòu yùn)
人工授精	(rén gōng shòu jīng)
人工智慧	(rén gōng zhì huì)
人工智能	(rén gōng zhì néng)
人海	(rén hǎi)
人海战术	(rén hǎi zhàn shù)
人喊马嘶	(rén hǎn mǎ sī)
人寰	(rén huán)
人皇	(rén huáng)
人祸	(rén huò)
人机工程	(rén jī gōng chéng)
人机界面	(rén jī jiè miàn)
人际	(rén jì)
人际关系	(rén jì guān xì)
人迹罕至	(rén jì hǎn zhì)
人家	(rén jia)
人尖儿	(rén jiān r)
人间	(rén jiān)
人间地狱	(rén jiān dì yù)
人间佛教	(rén jiān fó jiào)
人间清醒	(rén jiān qīng xǐng)
人间天堂	(rén jiān tiān táng)
人间蒸发	(rén jiān zhēng fā)
人艰不拆	(rén jiān bù chāi)
人见人爱	(rén jiàn rén ài)
人杰	(rén jié)
人杰地灵	(rén jié dì líng)
人尽可夫	(rén jìn kě fū)
人尽其才	(rén jìn qí cái)
人精	(rén jīng)
人居	(rén jū)
人均	(rén jūn)
人孔	(rén kǒng)
人口	(rén kǒu)
人口稠密	(rén kǒu chóu mì)
人口调查	(rén kǒu diào chá)
人口贩运	(rén kǒu fàn yùn)
人口红利	(rén kǒu hóng lì)
人口密度	(rén kǒu mì dù)
人口密集	(rén kǒu mì jí)
人口普查	(rén kǒu pǔ chá)
人口数	(rén kǒu shù)
人口统计学	(rén kǒu tǒng jì xué)
人口学	(rén kǒu xué)
人矿	(rén kuàng)
人困马乏	(rén kùn mǎ fá)
人来疯	(rén lái fēng)
人来人往	(rén lái rén wǎng)
人老珠黄	(rén lǎo zhū huáng)
人类	(rén lèi)
人类基因组计划	(rén lèi jī yīn zǔ jì huà)
人类免疫缺陷病毒	(rén lèi miǎn yì quē xiàn bìng dú)
人类起源	(rén lèi qǐ yuán)
人类乳突病毒	(rén lèi rǔ tū bìng dú)
人类学	(rén lèi xué)
人类学家	(rén lèi xué jiā)
人力	(rén lì)
人力车	(rén lì chē)
人力车夫	(rén lì chē fū)
人力接龙	(rén lì jiē lóng)
人力资源	(rén lì zī yuán)
人脸识别	(rén liǎn shí bié)
人链	(rén liàn)
人流	(rén liú)
人流手术	(rén liú shǒu shù)
人龙	(rén lóng)
人伦	(rén lún)
人马	(rén mǎ)
人马臂	(rén mǎ bì)
人马座	(rén mǎ zuò)
人脉	(rén mài)
人满为患	(rén mǎn wéi huàn)
人们	(rén men)
人面兽心	(rén miàn shòu xīn)
人民	(rén mín)
人民币	(rén mín bì)
人民币元	(rén mín bì yuán)
人民大会堂	(rén mín dà huì táng)
人民代表	(rén mín dài biǎo)
人民党	(rén mín dǎng)
人民法院	(rén mín fǎ yuàn)
人民公敌	(rén mín gōng dí)
人民公社	(rén mín gōng shè)
人民公社化	(rén mín gōng shè huà)
人民解放军	(rén mín jiě fàng jūn)
人民警察	(rén mín jǐng chá)
人民民主专政	(rén mín mín zhǔ zhuān zhèng)
人民内部矛盾	(rén mín nèi bù máo dùn)
人民日报	(rén mín rì bào)
人民团体	(rén mín tuán tǐ)
人民网	(rén mín wǎng)
人民行动党	(rén mín xíng dòng dǎng)
人民银行	(rén mín yín háng)
人民英雄纪念碑	(rén mín yīng xióng jì niàn bēi)
人民战争	(rén mín zhàn zhēng)
人民阵线	(rén mín zhèn xiàn)
人民政府	(rén mín zhèng fǔ)
人名	(rén míng)
人命	(rén mìng)
人命关天	(rén mìng guān tiān)
人模狗样	(rén mú gǒu yàng)
人母	(rén mǔ)
人偶	(rén ǒu)
人偶戏	(rén ǒu xì)
人怕出名猪怕壮	(rén pà chū míng zhū pà zhuàng)
人品	(rén pǐn)
人妻	(rén qī)
人气	(rén qì)
人墙	(rén qiáng)
人琴俱亡	(rén qín jù wáng)
人情	(rén qíng)
人情世故	(rén qíng shì gù)
人情味	(rén qíng wèi)
人情味儿	(rén qíng wèi r)
人情债	(rén qíng zhài)
人穷志不穷	(rén qióng zhì bù qióng)
人穷志短	(rén qióng zhì duǎn)
人球	(rén qiú)
人去楼空	(rén qù lóu kōng)
人权	(rén quán)
人权斗士	(rén quán dòu shì)
人权法	(rén quán fǎ)
人权观察	(rén quán guān chá)
人群	(rén qún)
人群管理特别用途车	(rén qún guǎn lǐ tè bié yòng tú chē)
人人	(rén rén)
人人皆知	(rén rén jiē zhī)
人人网	(rén rén wǎng)
人人有责	(rén rén yǒu zé)
人肉	(rén ròu)
人肉沙包	(rén ròu shā bāo)
人肉搜索	(rén ròu sōu suǒ)
人肉搜索引擎	(rén ròu sōu suǒ yǐn qíng)
人如其名	(rén rú qí míng)
人瑞	(rén ruì)
人山人海	(rén shān rén hǎi)
人蛇	(rén shé)
人蛇集团	(rén shé jí tuán)
人设	(rén shè)
人社部	(rén shè bù)
人谁无过	(rén shéi wú guò)
人身	(rén shēn)
人身安全	(rén shēn ān quán)
人身攻击	(rén shēn gōng jī)
人身权	(rén shēn quán)
人身事故	(rén shēn shì gù)
人生	(rén shēng)
人生朝露	(rén shēng zhāo lù)
人生地不熟	(rén shēng dì bù shú)
人生何处不相逢	(rén shēng hé chù bù xiāng féng)
人生路不熟	(rén shēng lù bù shú)
人生如朝露	(rén shēng rú zhāo lù)
人生如梦	(rén shēng rú mèng)
人生一世，草木一春	(rén shēng yī shì , cǎo mù yī chūn)
人声鼎沸	(rén shēng dǐng fèi)
人师	(rén shī)
人士	(rén shì)
人氏	(rén shì)
人世	(rén shì)
人世间	(rén shì jiān)
人势	(rén shì)
人事	(rén shì)
人事不知	(rén shì bù zhī)
人事部	(rén shì bù)
人事部门	(rén shì bù mén)
人事处	(rén shì chù)
人事管理	(rén shì guǎn lǐ)
人是铁饭是钢	(rén shì tiě fàn shì gāng)
人手	(rén shǒu)
人寿	(rén shòu)
人寿保险	(rén shòu bǎo xiǎn)
人寿年丰	(rén shòu nián fēng)
人数	(rén shù)
人算不如天算	(rén suàn bù rú tiān suàn)
人所共知	(rén suǒ gòng zhī)
人梯	(rén tī)
人体	(rén tǐ)
人体工学	(rén tǐ gōng xué)
人体工学椅	(rén tǐ gōng xué yǐ)
人体解剖	(rén tǐ jiě pōu)
人体解剖学	(rén tǐ jiě pōu xué)
人体器官	(rén tǐ qì guān)
人头	(rén tóu)
人头马	(rén tóu mǎ)
人头狮身	(rén tóu shī shēn)
人头熟	(rén tóu shú)
人头税	(rén tóu shuì)
人外有人，天外有天	(rén wài yǒu rén , tiān wài yǒu tiān)
人往高处走，水往低处流	(rén wǎng gāo chù zǒu , shuǐ wǎng dī chù liú)
人望	(rén wàng)
人微言轻	(rén wēi yán qīng)
人为	(rén wéi)
人为财死，鸟为食亡	(rén wèi cái sǐ , niǎo wèi shí wáng)
人为刀俎，我为鱼肉	(rén wéi dāo zǔ , wǒ wéi yú ròu)
人为土	(rén wéi tǔ)
人文	(rén wén)
人文地理学	(rén wén dì lǐ xué)
人文景观	(rén wén jǐng guān)
人文社会学科	(rén wén shè huì xué kē)
人文社科	(rén wén shè kē)
人文学	(rén wén xué)
人文主义	(rén wén zhǔ yì)
人无横财不富，马无夜草不肥	(rén wú hèng cái bù fù , mǎ wú yè cǎo bù féi)
人无完人	(rén wú wán rén)
人无远虑，必有近忧	(rén wú yuǎn lǜ , bì yǒu jìn yōu)
人五人六	(rén wǔ rén liù)
人武	(rén wǔ)
人物	(rén wù)
人物描写	(rén wù miáo xiě)
人相	(rén xiàng)
人相学	(rén xiàng xué)
人像	(rén xiàng)
人效	(rén xiào)
人心	(rén xīn)
人心不古	(rén xīn bù gǔ)
人心不足蛇吞象	(rén xīn bù zú shé tūn xiàng)
人心隔肚皮	(rén xīn gé dù pí)
人心果	(rén xīn guǒ)
人心涣散	(rén xīn huàn sàn)
人心惶惶	(rén xīn huáng huáng)
人心难测	(rén xīn nán cè)
人心所向	(rén xīn suǒ xiàng)
人行	(rén háng)
人行道	(rén xíng dào)
人行地下通道	(rén xíng dì xià tōng dào)
人行横道	(rén xíng héng dào)
人行横道线	(rén xíng héng dào xiàn)
人行区	(rén xíng qū)
人形	(rén xíng)
人性	(rén xìng)
人性化	(rén xìng huà)
人选	(rén xuǎn)
人烟	(rén yān)
人烟稠密	(rén yān chóu mì)
人烟稀少	(rén yān xī shǎo)
人言籍籍	(rén yán jí jí)
人言可畏	(rén yán kě wèi)
人言啧啧	(rén yán zé zé)
人仰马翻	(rén yǎng mǎ fān)
人妖	(rén yāo)
人意	(rén yì)
人影	(rén yǐng)
人有三急	(rén yǒu sān jí)
人有失手，马有失蹄	(rén yǒu shī shǒu , mǎ yǒu shī tí)
人鱼	(rén yú)
人员	(rén yuán)
人缘	(rén yuán)
人缘儿	(rén yuán r)
人猿	(rén yuán)
人云亦云	(rén yún yì yún)
人在江湖，身不由己	(rén zài jiāng hú , shēn bù yóu jǐ)
人赃俱获	(rén zāng jù huò)
人造	(rén zào)
人造革	(rén zào gé)
人造黄油	(rén zào huáng yóu)
人造奶油	(rén zào nǎi yóu)
人造牛油	(rén zào niú yóu)
人造丝	(rén zào sī)
人造天体	(rén zào tiān tǐ)
人造卫星	(rén zào wèi xīng)
人造纤维	(rén zào xiān wéi)
人造语言	(rén zào yǔ yán)
人憎狗厌	(rén zēng gǒu yàn)
人渣	(rén zhā)
人证	(rén zhèng)
人证物证	(rén zhèng wù zhèng)
人之常情	(rén zhī cháng qíng)
人之初，性本善	(rén zhī chū , xìng běn shàn)
人之将死，其言也善	(rén zhī jiāng sǐ , qí yán yě shàn)
人质	(rén zhì)
人治	(rén zhì)
人智学	(rén zhì xué)
人中	(rén zhōng)
人中龙凤	(rén zhōng lóng fèng)
人种	(rén zhǒng)
人资	(rén zī)
人子	(rén zǐ)
人字洞	(rén zì dòng)
人字拖	(rén zì tuō)
人字拖鞋	(rén zì tuō xié)
人字形	(rén zì xíng)
人走茶凉	(rén zǒu chá liáng)
人族	(rén zú)
壬	(rén)
仁	(rén)
仁爱	(rén ài)
仁爱区	(rén ài qū)
仁爱乡	(rén ài xiāng)
仁波切	(rén bō qiè)
仁布县	(rén bù xiàn)
仁川	(rén chuān)
仁川广域市	(rén chuān guǎng yù shì)
仁川市	(rén chuān shì)
仁慈	(rén cí)
仁德	(rén dé)
仁弟	(rén dì)
仁和区	(rén hé qū)
仁和县	(rén hé xiàn)
仁厚	(rén hòu)
仁化县	(rén huà xiàn)
仁怀市	(rén huái shì)
仁怀县	(rén huái xiàn)
仁惠	(rén huì)
仁民爱物	(rén mín ài wù)
仁人君子	(rén rén jūn zǐ)
仁人义士	(rén rén yì shì)
仁人志士	(rén rén zhì shì)
仁寿县	(rén shòu xiàn)
仁术	(rén shù)
仁心仁术	(rén xīn rén shù)
仁兄	(rén xiōng)
仁言利博	(rén yán lì bó)
仁义	(rén yi)
仁义道德	(rén yì dào dé)
仁者见仁，智者见智	(rén zhě jiàn rén , zhì zhě jiàn zhì)
仁政	(rén zhèng)
仁至义尽	(rén zhì yì jìn)
忍	(rěn)
忍不住	(rěn bu zhù)
忍耻	(rěn chǐ)
忍得住	(rěn de zhù)
忍冬	(rěn dōng)
忍垢偷生	(rěn gòu tōu shēng)
忍饥挨饿	(rěn jī ái è)
忍俊	(rěn jùn)
忍俊不禁	(rěn jùn bù jīn)
忍耐	(rěn nài)
忍耐力	(rěn nài lì)
忍气吞声	(rěn qì tūn shēng)
忍让	(rěn ràng)
忍辱负重	(rěn rǔ fù zhòng)
忍辱求全	(rěn rǔ qiú quán)
忍辱偷生	(rěn rǔ tōu shēng)
忍受	(rěn shòu)
忍痛	(rěn tòng)
忍痛割爱	(rěn tòng gē ài)
忍无可忍	(rěn wú kě rěn)
忍心	(rěn xīn)
忍者	(rěn zhě)
忍者龟	(rěn zhě guī)
棯	(rěn)
刃	(rèn)
刃具	(rèn jù)
任	(rèn)
任安	(rén ān)
任便	(rèn biàn)
任城区	(rèn chéng qū)
任从	(rèn cóng)
任达华	(rén dá huá)
任诞	(rèn dàn)
任何	(rèn hé)
任教	(rèn jiào)
任咎	(rèn jiù)
任课	(rèn kè)
任劳任怨	(rèn láo rèn yuàn)
任令	(rèn lìng)
任免	(rèn miǎn)
任命	(rèn mìng)
任命状	(rèn mìng zhuàng)
任内	(rèn nèi)
任凭	(rèn píng)
任凭风浪起，稳坐钓鱼台	(rèn píng fēng làng qǐ , wěn zuò diào yú tái)
任期	(rèn qī)
任其自然	(rèn qí zì rán)
任气	(rèn qì)
任情	(rèn qíng)
任丘市	(rén qiū shì)
任人	(rèn rén)
任人唯亲	(rèn rén wéi qīn)
任人唯贤	(rèn rén wéi xián)
任人宰割	(rèn rén zǎi gē)
任事	(rèn shì)
任随	(rèn suí)
任所	(rèn suǒ)
任天堂	(rèn tiān táng)
任听	(rèn tīng)
任务	(rèn wu)
任务管理器	(rèn wu guǎn lǐ qì)
任务栏	(rèn wu lán)
任侠	(rèn xiá)
任贤使能	(rèn xián shǐ néng)
任性	(rèn xìng)
任选	(rèn xuǎn)
任一	(rèn yī)
任一个	(rèn yī ge)
任意	(rèn yì)
任意球	(rèn yì qiú)
任用	(rèn yòng)
任由	(rèn yóu)
任泽区	(rén zé qū)
任直	(rèn zhí)
任职	(rèn zhí)
任职期间	(rèn zhí qī jiān)
任重道远	(rèn zhòng dào yuǎn)
妊	(rèn)
妊妇	(rèn fù)
妊娠	(rèn shēn)
妊娠试验	(rèn shēn shì yàn)
扔	(rēng)
扔掉	(rēng diào)
扔弃	(rēng qì)
扔下	(rēng xià)
仍	(réng)
仍旧	(réng jiù)
仍然	(réng rán)
日	(rì)
日班	(rì bān)
日薄崦嵫	(rì bó yān zī)
日报	(rì bào)
日本	(rì běn)
日本鹌鹑	(rì běn ān chún)
日本叉尾海燕	(rì běn chā wěi hǎi yàn)
日本刀	(rì běn dāo)
日本电报电话公司	(rì běn diàn bào diàn huà gōng sī)
日本豆腐	(rì běn dòu fu)
日本放送协会	(rì běn fàng sòng xié huì)
日本歌鸲	(rì běn gē qú)
日本共同社	(rì běn gòng tóng shè)
日本鬼子	(rì běn guǐ zi)
日本国志	(rì běn guó zhì)
日本海	(rì běn hǎi)
日本航空	(rì běn háng kōng)
日本黑道	(rì běn hēi dào)
日本鹡鸰	(rì běn jí líng)
日本经济新闻	(rì běn jīng jì xīn wén)
日本柳莺	(rì běn liǔ yīng)
日本脑炎	(rì běn nǎo yán)
日本人	(rì běn rén)
日本书纪	(rì běn shū jì)
日本树莺	(rì běn shù yīng)
日本松雀鹰	(rì běn sōng què yīng)
日本天皇	(rì běn tiān huáng)
日本绣眼鸟	(rì běn xiù yǎn niǎo)
日本学	(rì běn xué)
日本银行	(rì běn yín háng)
日本原子能研究所	(rì běn yuán zǐ néng yán jiū suǒ)
日本沼虾	(rì běn zhǎo xiā)
日比谷公园	(rì bǐ gǔ gōng yuán)
日产	(rì chǎn)
日常	(rì cháng)
日常工作	(rì cháng gōng zuò)
日场	(rì chǎng)
日朝	(rì cháo)
日程	(rì chéng)
日程表	(rì chéng biǎo)
日出	(rì chū)
日出而作，日入而息	(rì chū ér zuò , rì rù ér xī)
日戳	(rì chuō)
日电	(rì diàn)
日电电子	(rì diàn diàn zǐ)
日耳曼	(rì ěr màn)
日耳曼语	(rì ěr màn yǔ)
日方	(rì fāng)
日复一日	(rì fù yī rì)
日怪	(rì guài)
日光	(rì guāng)
日光灯	(rì guāng dēng)
日光节约时	(rì guāng jié yuē shí)
日光浴	(rì guāng yù)
日光浴室	(rì guāng yù shì)
日光浴浴床	(rì guāng yù yù chuáng)
日规	(rì guī)
日晷	(rì guǐ)
日韩	(rì hán)
日航	(rì háng)
日后	(rì hòu)
日化	(rì huà)
日环食	(rì huán shí)
日活用户	(rì huó yòng hù)
日货	(rì huò)
日积月累	(rì jī yuè lěi)
日记	(rì jì)
日记本	(rì jì běn)
日间	(rì jiān)
日渐	(rì jiàn)
日较差	(rì jiào chā)
日进斗金	(rì jìn dǒu jīn)
日经	(rì jīng)
日久	(rì jiǔ)
日久生情	(rì jiǔ shēng qíng)
日久岁深	(rì jiǔ suì shēn)
日据	(rì jù)
日据时代	(rì jù shí dài)
日军	(rì jūn)
日喀则市	(rì kā zé shì)
日刊	(rì kān)
日来	(rì lái)
日里	(rì lǐ)
日历	(rì lì)
日立	(rì lì)
日料	(rì liào)
日流	(rì liú)
日落	(rì luò)
日落西山	(rì luò xī shān)
日没	(rì mò)
日媒	(rì méi)
日美	(rì měi)
日冕	(rì miǎn)
日冕层	(rì miǎn céng)
日暮	(rì mù)
日暮途穷	(rì mù tú qióng)
日南郡	(rì nán jùn)
日内	(rì nèi)
日内瓦	(rì nèi wǎ)
日抛	(rì pāo)
日偏食	(rì piān shí)
日期	(rì qī)
日前	(rì qián)
日趋	(rì qū)
日趋严重	(rì qū yán zhòng)
日全食	(rì quán shí)
日惹	(rì rě)
日惹特区	(rì rě tè qū)
日人	(rì rén)
日人民报	(rì rén mín bào)
日日	(rì rì)
日晒伤	(rì shài shāng)
日晒雨淋	(rì shài yǔ lín)
日神	(rì shén)
日盛	(rì shèng)
日食	(rì shí)
日蚀	(rì shí)
日式	(rì shì)
日式烧肉	(rì shì shāo ròu)
日头	(rì tóu)
日土县	(rì tǔ xiàn)
日文	(rì wén)
日无暇晷	(rì wú xiá guǐ)
日系	(rì xì)
日心说	(rì xīn shuō)
日新	(rì xīn)
日新月异	(rì xīn yuè yì)
日薪	(rì xīn)
日行一善	(rì xíng yī shàn)
日曜日	(rì yào rì)
日夜	(rì yè)
日夜兼程	(rì yè jiān chéng)
日益	(rì yì)
日益增加	(rì yì zēng jiā)
日裔	(rì yì)
日英联军	(rì yīng lián jūn)
日用	(rì yòng)
日用品	(rì yòng pǐn)
日语	(rì yǔ)
日元	(rì yuán)
日圆	(rì yuán)
日月	(rì yuè)
日月蹉跎	(rì yuè cuō tuó)
日月如梭	(rì yuè rú suō)
日月食	(rì yuè shí)
日月潭	(rì yuè tán)
日月五星	(rì yuè wǔ xīng)
日月晕	(rì yuè yùn)
日月重光	(rì yuè chóng guāng)
日增	(rì zēng)
日照	(rì zhào)
日照市	(rì zhào shì)
日臻	(rì zhēn)
日知录	(rì zhī lù)
日至	(rì zhì)
日志	(rì zhì)
日治时期	(rì zhì shí qī)
日中	(rì zhōng)
日子	(rì zi)
日租	(rì zū)
戎	(róng)
戎车	(róng chē)
戎机	(róng jī)
戎甲	(róng jiǎ)
戎羯	(róng jié)
戎马	(róng mǎ)
戎马生涯	(róng mǎ shēng yá)
戎事	(róng shì)
戎事倥偬	(róng shì kǒng zǒng)
戎行	(róng háng)
戎衣	(róng yī)
戎装	(róng zhuāng)
荣	(róng)
荣昌区	(róng chāng qū)
荣成市	(róng chéng shì)
荣成湾	(róng chéng wān)
荣登	(róng dēng)
荣格	(róng gé)
荣光	(róng guāng)
荣光颂	(róng guāng sòng)
荣归	(róng guī)
荣归故里	(róng guī gù lǐ)
荣归主	(róng guī zhǔ)
荣华	(róng huá)
荣华富贵	(róng huá fù guì)
荣获	(róng huò)
荣景	(róng jǐng)
荣军	(róng jūn)
荣枯	(róng kū)
荣禄大夫	(róng lù dà fū)
荣美	(róng měi)
荣民	(róng mín)
荣任	(róng rèn)
荣辱	(róng rǔ)
荣辱观	(róng rǔ guān)
荣辱与共	(róng rǔ yǔ gòng)
荣市	(róng shì)
荣威	(róng wēi)
荣县	(róng xiàn)
荣幸	(róng xìng)
荣耀	(róng yào)
荣誉	(róng yù)
荣誉博士	(róng yù bó shì)
荣誉国民	(róng yù guó mín)
荣誉教授	(róng yù jiào shòu)
荣誉军人	(róng yù jūn rén)
荣誉学位	(róng yù xué wèi)
荣总	(róng zǒng)
容	(róng)
容不得	(róng bu dé)
容城县	(róng chéng xiàn)
容错	(róng cuò)
容光焕发	(róng guāng huàn fā)
容华绝代	(róng huá jué dài)
容或	(róng huò)
容积	(róng jī)
容积效率	(róng jī xiào lǜ)
容克	(róng kè)
容量	(róng liàng)
容量分析	(róng liàng fēn xī)
容貌	(róng mào)
容纳	(róng nà)
容器	(róng qì)
容让	(róng ràng)
容忍	(róng rěn)
容身	(róng shēn)
容受	(róng shòu)
容恕	(róng shù)
容下	(róng xià)
容县	(róng xiàn)
容许	(róng xǔ)
容颜	(róng yán)
容颜失色	(róng yán shī sè)
容易	(róng yì)
容止	(róng zhǐ)
容祖儿	(róng zǔ ér)
嵘	(róng)
榕	(róng)
榕城区	(róng chéng qū)
榕江县	(róng jiāng xiàn)
榕树	(róng shù)
冗	(rǒng)
冗笔	(rǒng bǐ)
冗兵	(rǒng bīng)
冗词	(rǒng cí)
冗辞	(rǒng cí)
冗繁	(rǒng fán)
冗费	(rǒng fèi)
冗官	(rǒng guān)
冗冗	(rǒng rǒng)
冗散	(rǒng sǎn)
冗食	(rǒng shí)
冗数	(rǒng shù)
冗位	(rǒng wèi)
冗务	(rǒng wù)
冗言	(rǒng yán)
冗余	(rǒng yú)
冗语	(rǒng yǔ)
冗员	(rǒng yuán)
冗杂	(rǒng zá)
冗长	(rǒng cháng)
冗长辩论	(rǒng cháng biàn lùn)
冗长度	(rǒng cháng dù)
冗职	(rǒng zhí)
冗赘	(rǒng zhuì)
冗赘词	(rǒng zhuì cí)
坈	(kēng)
柔	(róu)
柔肠寸断	(róu cháng cùn duàn)
柔道	(róu dào)
柔肤水	(róu fū shuǐ)
柔佛	(róu fó)
柔佛海峡	(róu fó hǎi xiá)
柔佛州	(róu fó zhōu)
柔和	(róu hé)
柔滑	(róu huá)
柔曼	(róu màn)
柔美	(róu měi)
柔媚	(róu mèi)
柔嫩	(róu nèn)
柔能克刚	(róu néng kè gāng)
柔情	(róu qíng)
柔情脉脉	(róu qíng mò mò)
柔情似水	(róu qíng sì shuǐ)
柔情侠骨	(róu qíng xiá gǔ)
柔韧	(róu rèn)
柔软	(róu ruǎn)
柔软剂	(róu ruǎn jì)
柔软精	(róu ruǎn jīng)
柔弱	(róu ruò)
柔身术	(róu shēn shù)
柔术	(róu shù)
柔顺	(róu shùn)
柔顺剂	(róu shùn jì)
柔荑花序	(róu tí huā xù)
柔性	(róu xìng)
揉	(róu)
揉搓	(róu cuo)
揉合	(róu hé)
揉和	(róu hé)
揉磨	(róu mo)
揉碎	(róu suì)
揉制	(róu zhì)
宍	(ròu)
如	(rú)
如臂使指	(rú bì shǐ zhǐ)
如草	(rú cǎo)
如厕	(rú cè)
如常	(rú cháng)
如痴如醉	(rú chī rú zuì)
如出一辙	(rú chū yī zhé)
如初	(rú chū)
如此	(rú cǐ)
如此这般	(rú cǐ zhè bān)
如东县	(rú dōng xiàn)
如堕五里雾中	(rú duò wǔ lǐ wù zhōng)
如堕烟雾	(rú duò yān wù)
如法炮制	(rú fǎ páo zhì)
如夫人	(rú fū ren)
如皋市	(rú gāo shì)
如鲠在喉	(rú gěng zài hóu)
如故	(rú gù)
如果	(rú guǒ)
如果说	(rú guǒ shuō)
如何	(rú hé)
如虎添翼	(rú hǔ tiān yì)
如花	(rú huā)
如花似玉	(rú huā sì yù)
如画	(rú huà)
如簧之舌	(rú huáng zhī shé)
如火	(rú huǒ)
如火如荼	(rú huǒ rú tú)
如获至宝	(rú huò zhì bǎo)
如饥似渴	(rú jī sì kě)
如假包换	(rú jiǎ bāo huàn)
如胶似漆	(rú jiāo sì qī)
如今	(rú jīn)
如金似玉	(rú jīn sì yù)
如来	(rú lái)
如来佛	(rú lái fó)
如来佛的掌心	(rú lái fó de zhǎng xīn)
如狼似虎	(rú láng sì hǔ)
如雷贯耳	(rú léi guàn ěr)
如临大敌	(rú lín dà dí)
如临深渊	(rú lín shēn yuān)
如履薄冰	(rú lǚ bó bīng)
如鸟兽散	(rú niǎo shòu sàn)
如期	(rú qī)
如其所好	(rú qí suǒ hào)
如泣如诉	(rú qì rú sù)
如蛆附骨	(rú qū fù gǔ)
如人饮水，冷暖自知	(rú rén yǐn shuǐ , lěng nuǎn zì zhī)
如日中天	(rú rì zhōng tiān)
如丧考妣	(rú sàng kǎo bǐ)
如诗如画	(rú shī rú huà)
如实	(rú shí)
如是	(rú shì)
如是我闻	(rú shì wǒ wén)
如释重负	(rú shì zhòng fù)
如数	(rú shù)
如数家珍	(rú shǔ jiā zhēn)
如斯	(rú sī)
如题	(rú tí)
如同	(rú tóng)
如下	(rú xià)
如许	(rú xǔ)
如一	(rú yī)
如蚁附膻	(rú yǐ fù shān)
如意	(rú yì)
如意郎君	(rú yì láng jūn)
如意算盘	(rú yì suàn pán)
如意套	(rú yì tào)
如蝇逐臭	(rú yíng zhú chòu)
如影随形	(rú yǐng suí xíng)
如有所失	(rú yǒu suǒ shī)
如鱼得水	(rú yú dé shuǐ)
如愿	(rú yuàn)
如愿以偿	(rú yuàn yǐ cháng)
如约而至	(rú yuē ér zhì)
如云	(rú yún)
如坐针毡	(rú zuò zhēn zhān)
挐	(ná)
儒	(rú)
儒艮	(rú gèn)
儒家	(rú jiā)
儒教	(rú jiào)
儒勒·凡尔纳	(rú lè · fán ěr nà)
儒林外史	(rú lín wài shǐ)
儒略日	(rú lüè rì)
儒生	(rú shēng)
儒士	(rú shì)
儒学	(rú xué)
儒雅	(rú yǎ)
儒者	(rú zhě)
嚅	(rú)
孺	(rú)
孺人	(rú rén)
孺子	(rú zǐ)
孺子可教	(rú zǐ kě jiào)
嬬	(xū)
曘	(rú)
乳	(rǔ)
乳癌	(rǔ ái)
乳白	(rǔ bái)
乳白色	(rǔ bái sè)
乳白天空	(rǔ bái tiān kōng)
乳钵	(rǔ bō)
乳哺	(rǔ bǔ)
乳部	(rǔ bù)
乳草	(rǔ cǎo)
乳齿	(rǔ chǐ)
乳臭未干	(rǔ xiù wèi gān)
乳儿	(rǔ ér)
乳房	(rǔ fáng)
乳房摄影	(rǔ fáng shè yǐng)
乳腐	(rǔ fǔ)
乳杆菌	(rǔ gǎn jūn)
乳沟	(rǔ gōu)
乳光	(rǔ guāng)
乳果糖	(rǔ guǒ táng)
乳滑	(rǔ huá)
乳化	(rǔ huà)
乳化剂	(rǔ huà jì)
乳黄色	(rǔ huáng sè)
乳剂	(rǔ jì)
乳痂	(rǔ jiā)
乳浆	(rǔ jiāng)
乳交	(rǔ jiāo)
乳胶	(rǔ jiāo)
乳胶漆	(rǔ jiāo qī)
乳酪	(rǔ lào)
乳酪饼	(rǔ lào bǐng)
乳酪蛋糕	(rǔ lào dàn gāo)
乳糜泻	(rǔ mí xiè)
乳名	(rǔ míng)
乳母	(rǔ mǔ)
乳牛	(rǔ niú)
乳品	(rǔ pǐn)
乳清	(rǔ qīng)
乳山市	(rǔ shān shì)
乳酸	(rǔ suān)
乳酸菌	(rǔ suān jūn)
乳糖	(rǔ táng)
乳糖不耐症	(rǔ táng bù nài zhèng)
乳贴	(rǔ tiē)
乳头	(rǔ tóu)
乳头瘤	(rǔ tóu liú)
乳突	(rǔ tū)
乳突窦	(rǔ tū dòu)
乳腺	(rǔ xiàn)
乳腺癌	(rǔ xiàn ái)
乳腺炎	(rǔ xiàn yán)
乳香	(rǔ xiāng)
乳牙	(rǔ yá)
乳燕	(rǔ yàn)
乳业	(rǔ yè)
乳液	(rǔ yè)
乳源瑶族自治县	(rǔ yuán yáo zú zì zhì xiàn)
乳晕	(rǔ yùn)
乳罩	(rǔ zhào)
乳汁	(rǔ zhī)
乳脂	(rǔ zhī)
乳制品	(rǔ zhì pǐn)
乳猪	(rǔ zhū)
擩	(rǔ)
入	(rù)
入禀	(rù bǐng)
入不敷出	(rù bù fū chū)
入场	(rù chǎng)
入场费	(rù chǎng fèi)
入场券	(rù chǎng quàn)
入场式	(rù chǎng shì)
入超	(rù chāo)
入春	(rù chūn)
入党	(rù dǎng)
入道	(rù dào)
入定	(rù dìng)
入冬	(rù dōng)
入风口	(rù fēng kǒu)
入伏	(rù fú)
入股	(rù gǔ)
入关	(rù guān)
入轨	(rù guǐ)
入海口	(rù hǎi kǒu)
入户	(rù hù)
入会	(rù huì)
入伙	(rù huǒ)
入籍	(rù jí)
入教	(rù jiào)
入境	(rù jìng)
入境签证	(rù jìng qiān zhèng)
入境随俗	(rù jìng suí sú)
入境问俗	(rù jìng wèn sú)
入局	(rù jú)
入口	(rù kǒu)
入口就化	(rù kǒu jiù huà)
入口网	(rù kǒu wǎng)
入口页	(rù kǒu yè)
入联	(rù lián)
入殓	(rù liàn)
入门	(rù mén)
入门课程	(rù mén kè chéng)
入盟	(rù méng)
入迷	(rù mí)
入眠	(rù mián)
入木三分	(rù mù sān fēn)
入涅	(rù niè)
入侵	(rù qīn)
入侵物种	(rù qīn wù zhǒng)
入侵者	(rù qīn zhě)
入情入理	(rù qíng rù lǐ)
入球	(rù qiú)
入肉	(rù ròu)
入神	(rù shén)
入声	(rù shēng)
入圣	(rù shèng)
入时	(rù shí)
入世	(rù shì)
入仕	(rù shì)
入手	(rù shǒu)
入睡	(rù shuì)
入土	(rù tǔ)
入土为安	(rù tǔ wéi ān)
入团	(rù tuán)
入托	(rù tuō)
入微	(rù wēi)
入围	(rù wéi)
入围者	(rù wéi zhě)
入味	(rù wèi)
入伍	(rù wǔ)
入伍生	(rù wǔ shēng)
入息	(rù xī)
入席	(rù xí)
入戏	(rù xì)
入夏	(rù xià)
入乡随俗	(rù xiāng suí sú)
入行	(rù háng)
入选	(rù xuǎn)
入学	(rù xué)
入学率	(rù xué lǜ)
入眼	(rù yǎn)
入药	(rù yào)
入夜	(rù yè)
入狱	(rù yù)
入园	(rù yuán)
入院	(rù yuàn)
入月	(rù yuè)
入职	(rù zhí)
入主	(rù zhǔ)
入住	(rù zhù)
入赘	(rù zhuì)
入罪	(rù zuì)
入罪化	(rù zuì huà)
入樽	(rù zūn)
入座	(rù zuò)
嗕	(rù)
堧	(ruán)
撋	(ruán)
壖	(ruán)
朊	(ruǎn)
朊病毒	(ruǎn bìng dú)
朊毒体	(ruǎn dú tǐ)
蕊	(ruǐ)
枘	(ruì)
枘凿	(ruì záo)
睿	(ruì)
壡	(ruì)
叒	(ruò)
偌	(ruò)
偌大	(ruò dà)
弱	(ruò)
弱爆	(ruò bào)
弱不禁风	(ruò bù jīn fēng)
弱侧	(ruò cè)
弱点	(ruò diǎn)
弱电统一	(ruò diàn tǒng yī)
弱化	(ruò huà)
弱碱	(ruò jiǎn)
弱旅	(ruò lǚ)
弱脉	(ruò mài)
弱肉强食	(ruò ròu qiáng shí)
弱势	(ruò shì)
弱势群体	(ruò shì qún tǐ)
弱视	(ruò shì)
弱酸	(ruò suān)
弱听	(ruò tīng)
弱相互作用	(ruò xiāng hù zuò yòng)
弱项	(ruò xiàng)
弱小	(ruò xiǎo)
弱音踏板	(ruò yīn tà bǎn)
弱智	(ruò zhì)
弱作用	(ruò zuò yòng)
弱作用力	(ruò zuò yòng lì)
婼	(chuò)
仨	(sā)
挲	(sā)
撒	(sā)
撒播	(sǎ bō)
撒村	(sā cūn)
撒旦	(sā dàn)
撒但	(sā dàn)
撒丁岛	(sā dīng dǎo)
撒都该人	(sā dū gāi rén)
撒督	(sā dū)
撒尔孟	(sā ěr mèng)
撒狗粮	(sǎ gǒu liáng)
撒哈拉	(sā hā lā)
撒哈拉人	(sā hā lā rén)
撒哈拉沙漠	(sā hā lā shā mò)
撒哈拉威	(sā hā lā wēi)
撒哈拉以南	(sā hā lā yǐ nán)
撒哈拉以南非洲	(sā hā lā yǐ nán fēi zhōu)
撒欢	(sā huān)
撒欢儿	(sā huān r)
撒谎	(sā huǎng)
撒迦利亚	(sā jiā lì yà)
撒迦利亚书	(sā jiā lì yà shū)
撒娇	(sā jiāo)
撒娇卖乖	(sā jiāo mài guāi)
撒脚	(sā jiǎo)
撒酒疯	(sā jiǔ fēng)
撒科打诨	(sā kē dǎ hùn)
撒克逊	(sā kè xùn)
撒克逊人	(sā kè xùn rén)
撒拉	(sā lā)
撒拉铁	(sā lā tiě)
撒拉语	(sā lā yǔ)
撒拉族	(sā lā zú)
撒赖	(sā lài)
撒罗满	(sā luó mǎn)
撒马尔干	(sā mǎ ěr gān)
撒马尔罕	(sā mǎ ěr hǎn)
撒马利亚	(sā mǎ lì yà)
撒门	(sā mén)
撒母耳记上	(sā mǔ ěr jì shàng)
撒母耳记下	(sā mǔ ěr jì xià)
撒尿	(sā niào)
撒泼	(sā pō)
撒气	(sā qì)
撒切尔	(sā qiē ěr)
撒切尔夫人	(sā qiē ěr fū ren)
撒然	(sā rán)
撒手	(sā shǒu)
撒手闭眼	(sā shǒu bì yǎn)
撒手不管	(sā shǒu bù guǎn)
撒手锏	(sā shǒu jiǎn)
撒手人寰	(sā shǒu rén huán)
撒腿	(sā tuǐ)
撒网	(sā wǎng)
撒西米	(sā xī mǐ)
撒丫子	(sā yā zi)
撒鸭子	(sā yā zi)
撒野	(sā yě)
撒呓挣	(sā yì zheng)
撒种	(sǎ zhǒng)
卅	(sà)
飒	(sà)
揌	(sāi)
塞	(sāi)
塞巴斯蒂安	(sài bā sī dì ān)
塞北	(sài běi)
塞擦音	(sè cā yīn)
塞车	(sāi chē)
塞尺	(sāi chǐ)
塞尔达	(sài ěr dá)
塞尔特	(sài ěr tè)
塞尔特语	(sài ěr tè yǔ)
塞尔维亚	(sài ěr wéi yà)
塞尔维亚和黑山	(sài ěr wéi yà hé hēi shān)
塞尔维亚克罗地亚语	(sài ěr wéi yà kè luó dì yà yǔ)
塞尔维亚语	(sài ěr wéi yà yǔ)
塞耳	(sāi ěr)
塞哥维亚	(sài gē wéi yà)
塞给	(sāi gěi)
塞拉利昂	(sài lā lì áng)
塞拉耶佛	(sài lā yē fó)
塞勒姆	(sài lè mǔ)
塞满	(sāi mǎn)
塞缪尔	(sài miù ěr)
塞缪尔·约翰逊	(sài miù ěr yuē hàn xùn)
塞纳河	(sài nà hé)
塞内加尔	(sài nèi jiā ěr)
塞浦路斯	(sài pǔ lù sī)
塞舌尔	(sài shé ěr)
塞舌尔群岛	(sài shé ěr qún dǎo)
塞斯纳	(sài sī nà)
塞特犬	(sài tè quǎn)
塞瓦斯托波尔	(sài wǎ sī tuō bō ěr)
塞外	(sài wài)
塞万提斯	(sài wàn tí sī)
塞韦里诺	(sài wéi lǐ nuò)
塞维利亚	(sài wéi lì yà)
塞翁失马	(sài wēng shī mǎ)
塞翁失马安知非福	(sài wēng shī mǎ ān zhī fēi fú)
塞翁失马焉知非福	(sài wēng shī mǎ yān zhī fēi fú)
塞席尔	(sài xí ěr)
塞牙	(sāi yá)
塞音	(sè yīn)
塞语	(sài yǔ)
塞渊	(sāi yuān)
塞责	(sè zé)
塞子	(sāi zi)
塞族	(sài zú)
嘥	(sāi)
噻	(sāi)
噻吩	(sāi fēn)
噻嗪	(sāi qín)
噻唑	(sāi zuò)
僿	(sài)
三	(sān)
三K党	(sān k dǎng)
三P	(sān p)
三拗汤	(sān ào tāng)
三八	(sān bā)
三八节	(sān bā jié)
三百六十行	(sān bǎi liù shí háng)
三班倒	(sān bān dǎo)
三斑	(sān bān)
三板	(sān bǎn)
三包	(sān bāo)
三胞胎	(sān bāo tāi)
三宝	(sān bǎo)
三宝鸟	(sān bǎo niǎo)
三宝太监	(sān bǎo tài jiàn)
三北	(sān běi)
三倍	(sān bèi)
三边形	(sān biān xíng)
三不	(sān bù)
三不管	(sān bù guǎn)
三不五时	(sān bù wǔ shí)
三不朽	(sān bù xiǔ)
三不沾	(sān bù zhān)
三不知	(sān bù zhī)
三部曲	(sān bù qǔ)
三藏	(sān zàng)
三藏法师	(sān zàng fǎ shī)
三曹	(sān cáo)
三叉戟	(sān chā jǐ)
三叉神经	(sān chā shén jīng)
三茶六饭	(sān chá liù fàn)
三岔口	(sān chà kǒu)
三仇	(sān chóu)
三春	(sān chūn)
三次	(sān cì)
三次方	(sān cì fāng)
三次方程	(sān cì fāng chéng)
三次曲线	(sān cì qū xiàn)
三次元	(sān cì yuán)
三从四德	(sān cóng sì dé)
三催四请	(sān cuī sì qǐng)
三寸不烂之舌	(sān cùn bù làn zhī shé)
三寸金莲	(sān cùn jīn lián)
三代	(sān dài)
三代同堂	(sān dài tóng táng)
三岛由纪夫	(sān dǎo yóu jì fū)
三道眉草鹀	(sān dào méi cǎo wú)
三得利	(sān dé lì)
三地门	(sān dì mén)
三地门乡	(sān dì mén xiāng)
三等分	(sān děng fēn)
三等分角	(sān děng fēn jiǎo)
三点全露	(sān diǎn quán lòu)
三点水	(sān diǎn shuǐ)
三貂角	(sān diāo jiǎo)
三迭纪	(sān dié jì)
三叠纪	(sān dié jì)
三都水族自治县	(sān dū shuǐ zú zì zhì xiàn)
三度	(sān dù)
三段论	(sān duàn lùn)
三对三斗牛	(sān duì sān dòu niú)
三法司	(sān fǎ sī)
三番两次	(sān fān liǎng cì)
三番五次	(sān fān wǔ cì)
三藩市	(sān fān shì)
三废	(sān fèi)
三分	(sān fēn)
三分球	(sān fēn qiú)
三分熟	(sān fēn shú)
三分头	(sān fēn tóu)
三分之一	(sān fēn zhī yī)
三分钟热度	(sān fēn zhōng rè dù)
三伏	(sān fú)
三氟化硼	(sān fú huà péng)
三纲五常	(sān gāng wǔ cháng)
三个臭皮匠，顶个诸葛亮	(sān gè chòu pí jiang , dǐng gè zhū gě liàng)
三个臭皮匠，合成一个诸葛亮	(sān gè chòu pí jiang , hé chéng yī gè zhū gě liàng)
三个臭皮匠，赛过一个诸葛亮	(sān gè chòu pí jiang , sài guò yī gè zhū gě liàng)
三个臭皮匠，赛过诸葛亮	(sān gè chòu pí jiang , sài guò zhū gě liàng)
三个臭皮匠，胜过一个诸葛亮	(sān gè chòu pí jiang , shèng guò yī gè zhū gě liàng)
三个和尚没水喝	(sān gè hé shang méi shuǐ hē)
三个女人一个墟	(sān gè nǚ rén yī gè xū)
三个女人一台戏	(sān ge nǚ rén yī tái xì)
三个世界	(sān ge shì jiè)
三更	(sān gēng)
三更半夜	(sān gēng bàn yè)
三公经费	(sān gōng jīng fèi)
三姑六婆	(sān gū liù pó)
三顾茅庐	(sān gù máo lú)
三观	(sān guān)
三官大帝	(sān guān dà dì)
三光	(sān guāng)
三光政策	(sān guāng zhèng cè)
三归依	(sān guī yī)
三跪九叩	(sān guì jiǔ kòu)
三国	(sān guó)
三号电池	(sān hào diàn chí)
三号木杆	(sān hào mù gān)
三合会	(sān hé huì)
三合土	(sān hé tǔ)
三合星	(sān hé xīng)
三合一	(sān hé yī)
三合院	(sān hé yuàn)
三和弦	(sān hé xián)
三河市	(sān hé shì)
三皇	(sān huáng)
三皇炮捶	(sān huáng pào chuí)
三皇五帝	(sān huáng wǔ dì)
三魂	(sān hún)
三魂七魄	(sān hún qī pò)
三级	(sān jí)
三级片	(sān jí piàn)
三级士官	(sān jí shì guān)
三级跳	(sān jí tiào)
三级跳远	(sān jí tiào yuǎn)
三极管	(sān jí guǎn)
三家村	(sān jiā cūn)
三甲	(sān jiǎ)
三价	(sān jià)
三驾马车	(sān jià mǎ chē)
三尖瓣	(sān jiān bàn)
三尖杉酯碱	(sān jiān shān zhǐ jiǎn)
三缄其口	(sān jiān qí kǒu)
三件套式西装	(sān jiàn tào shì xī zhuāng)
三键	(sān jiàn)
三江侗族自治县	(sān jiāng dòng zú zì zhì xiàn)
三江平原	(sān jiāng píng yuán)
三江生态旅游区	(sān jiāng shēng tài lǚ yóu qū)
三江源	(sān jiāng yuán)
三焦	(sān jiāo)
三膲	(sān jiāo)
三角	(sān jiǎo)
三角板	(sān jiǎo bǎn)
三角测量法	(sān jiǎo cè liáng fǎ)
三角带	(sān jiǎo dài)
三角凳	(sān jiǎo dèng)
三角法	(sān jiǎo fǎ)
三角腹带	(sān jiǎo fù dài)
三角关系	(sān jiǎo guān xì)
三角函数	(sān jiǎo hán shù)
三角肌	(sān jiǎo jī)
三角巾	(sān jiǎo jīn)
三角恐龙	(sān jiǎo kǒng lóng)
三角裤	(sān jiǎo kù)
三角裤衩	(sān jiǎo kù chǎ)
三角恋爱	(sān jiǎo liàn ài)
三角龙	(sān jiǎo lóng)
三角旗	(sān jiǎo qí)
三角铁	(sān jiǎo tiě)
三角形	(sān jiǎo xíng)
三角学	(sān jiǎo xué)
三角债	(sān jiǎo zhài)
三角洲	(sān jiǎo zhōu)
三角柱体	(sān jiǎo zhù tǐ)
三角锥	(sān jiǎo zhuī)
三角座	(sān jiǎo zuò)
三脚架	(sān jiǎo jià)
三脚两步	(sān jiǎo liǎng bù)
三脚猫	(sān jiǎo māo)
三教	(sān jiào)
三教九流	(sān jiào jiǔ liú)
三节鞭	(sān jié biān)
三井	(sān jǐng)
三九天	(sān jiǔ tiān)
三句话不离本行	(sān jù huà bù lí běn háng)
三聚体	(sān jù tǐ)
三军	(sān jūn)
三军用命	(sān jūn yòng mìng)
三克油	(sān kè yóu)
三框栏	(sān kuàng lán)
三棱草	(sān léng cǎo)
三棱镜	(sān léng jìng)
三里河	(sān lǐ hé)
三里屯	(sān lǐ tún)
三连胜	(sān lián shèng)
三联管	(sān lián guǎn)
三联式发票	(sān lián shì fā piào)
三两	(sān liǎng)
三磷酸腺苷	(sān lín suān xiàn gān)
三菱	(sān líng)
三令五申	(sān lìng wǔ shēn)
三流	(sān liú)
三鹿	(sān lù)
三轮车	(sān lún chē)
三轮车夫	(sān lún chē fū)
三论宗	(sān lùn zōng)
三氯化磷	(sān lǜ huà lín)
三氯甲烷	(sān lǜ jiǎ wán)
三氯氧磷	(sān lǜ yǎng lín)
三氯蔗糖	(sān lǜ zhè táng)
三麻	(sān má)
三马同槽	(sān mǎ tóng cáo)
三毛猫	(sān máo māo)
三昧	(sān mèi)
三门峡市	(sān mén xiá shì)
三门县	(sān mén xiàn)
三秒胶	(sān miǎo jiāo)
三民区	(sān mín qū)
三民主义	(sān mín zhǔ yì)
三明市	(sān míng shì)
三明治	(sān míng zhì)
三炮	(sān pào)
三胚层动物	(sān pēi céng dòng wù)
三陪小姐	(sān péi xiǎo jie)
三朋四友	(sān péng sì yǒu)
三浦	(sān pǔ)
三浦梅园	(sān pǔ méi yuán)
三七	(sān qī)
三七二十一	(sān qī èr shí yī)
三七开	(sān qī kāi)
三七开定论	(sān qī kāi dìng lùn)
三七仔	(sān qī zǐ)
三妻四妾	(sān qī sì qiè)
三千大千世界	(sān qiān dà qiān shì jiè)
三亲六故	(sān qīn liù gù)
三权鼎立	(sān quán dǐng lì)
三权分立	(sān quán fēn lì)
三人成虎	(sān rén chéng hǔ)
三人行	(sān rén xíng)
三人行，必有我师	(sān rén xíng , bì yǒu wǒ shī)
三人行，则必有我师	(sān rén xíng , zé bì yǒu wǒ shī)
三三两两	(sān sān liǎng liǎng)
三色堇	(sān sè jǐn)
三色猫	(sān sè māo)
三色紫罗兰	(sān sè zǐ luó lán)
三沙市	(sān shā shì)
三生有幸	(sān shēng yǒu xìng)
三牲	(sān shēng)
三十	(sān shí)
三十八度线	(sān shí bā dù xiàn)
三十而立	(sān shí ér lì)
三十二相	(sān shí èr xiàng)
三十六计	(sān shí liù jì)
三十六计，走为上策	(sān shí liù jì , zǒu wéi shàng cè)
三十六字母	(sān shí liù zì mǔ)
三十年河东，三十年河西	(sān shí nián hé dōng , sān shí nián hé xī)
三世	(sān shì)
三手病	(sān shǒu bìng)
三水区	(sān shuǐ qū)
三思而后行	(sān sī ér hòu xíng)
三思而行	(sān sī ér xíng)
三苏	(sān sū)
三酸甘油酯	(sān suān gān yóu zhǐ)
三穗县	(sān suì xiàn)
三索锦蛇	(sān suǒ jǐn shé)
三台县	(sān tái xiàn)
三体	(sān tǐ)
三体问题	(sān tǐ wèn tí)
三屉桌	(sān tì zhuō)
三天不打，上房揭瓦	(sān tiān bù dǎ , shàng fáng jiē wǎ)
三天打鱼，两天晒网	(sān tiān dǎ yú , liǎng tiān shài wǎng)
三天两头	(sān tiān liǎng tóu)
三田	(sān tián)
三条	(sān tiáo)
三铁	(sān tiě)
三通	(sān tōng)
三头肌	(sān tóu jī)
三头六臂	(sān tóu liù bì)
三退	(sān tuì)
三瓦两舍	(sān wǎ liǎng shè)
三湾	(sān wān)
三湾乡	(sān wān xiāng)
三围	(sān wéi)
三维	(sān wéi)
三维空间	(sān wéi kōng jiān)
三位博士	(sān wèi bó shì)
三位一体	(sān wèi yī tǐ)
三味线	(sān wèi xiàn)
三温暖	(sān wēn nuǎn)
三文鱼	(sān wén yú)
三文治	(sān wén zhì)
三无	(sān wú)
三无产品	(sān wú chǎn pǐn)
三无企业	(sān wú qǐ yè)
三无人员	(sān wú rén yuán)
三五	(sān wǔ)
三五成群	(sān wǔ chéng qún)
三侠五义	(sān xiá wǔ yì)
三峡	(sān xiá)
三峡大坝	(sān xiá dà bà)
三峡水库	(sān xiá shuǐ kù)
三峡镇	(sān xiá zhèn)
三下两下	(sān xià liǎng xià)
三下五除二	(sān xià wǔ chú èr)
三鲜	(sān xiān)
三相点	(sān xiàng diǎn)
三厢	(sān xiāng)
三项	(sān xiàng)
三项全能	(sān xiàng quán néng)
三项式	(sān xiàng shì)
三硝基甲苯	(sān xiāo jī jiǎ běn)
三小	(sān xiǎo)
三心二意	(sān xīn èr yì)
三星	(sān xīng)
三星集团	(sān xīng jí tuán)
三星乡	(sān xīng xiāng)
三旬九食	(sān xún jiǔ shí)
三亚市	(sān yà shì)
三言两句	(sān yán liǎng jù)
三言两语	(sān yán liǎng yǔ)
三洋	(sān yáng)
三叶草	(sān yè cǎo)
三叶虫	(sān yè chóng)
三夷教	(sān yí jiào)
三义	(sān yì)
三义乡	(sān yì xiāng)
三音	(sān yīn)
三音度	(sān yīn dù)
三用电表	(sān yòng diàn biǎo)
三元	(sān yuán)
三元区	(sān yuán qū)
三元音	(sān yuán yīn)
三原县	(sān yuán xiàn)
三月	(sān yuè)
三月份	(sān yuè fèn)
三月街	(sān yuè jiē)
三长两短	(sān cháng liǎng duǎn)
三折肱	(sān zhé gōng)
三折肱为良医	(sān zhé gōng wéi liáng yī)
三贞九烈	(sān zhēn jiǔ liè)
三振	(sān zhèn)
三芝	(sān zhī)
三芝乡	(sān zhī xiāng)
三只手	(sān zhī shǒu)
三趾滨鹬	(sān zhǐ bīn yù)
三趾翠鸟	(sān zhǐ cuì niǎo)
三趾鸥	(sān zhǐ ōu)
三趾鸦雀	(sān zhǐ yā què)
三趾啄木鸟	(sān zhǐ zhuó mù niǎo)
三中全会	(sān zhōng quán huì)
三重	(sān chóng)
三重奏	(sān chóng zòu)
三柱门	(sān zhù mén)
三资企业	(sān zī qǐ yè)
三自	(sān zì)
三字经	(sān zì jīng)
三足鼎立	(sān zú dǐng lì)
三足金乌	(sān zú jīn wū)
三足乌	(sān zú wū)
三族	(sān zú)
彡	(shān)
弎	(sān)
叁	(sān)
伞	(sǎn)
伞兵	(sǎn bīng)
伞降	(sǎn jiàng)
伞菌	(sǎn jùn)
伞下	(sǎn xià)
伞形	(sǎn xíng)
伞形科	(sǎn xíng kē)
散	(sǎn)
散白	(sǎn bái)
散板	(sǎn bǎn)
散兵	(sǎn bīng)
散兵坑	(sǎn bīng kēng)
散兵游勇	(sǎn bīng yóu yǒng)
散播	(sàn bō)
散布	(sàn bù)
散步	(sàn bù)
散场	(sàn chǎng)
散出	(sàn chū)
散打	(sǎn dǎ)
散诞	(sǎn dàn)
散弹	(sǎn dàn)
散弹枪	(sǎn dàn qiāng)
散点图	(sǎn diǎn tú)
散饵	(sǎn ěr)
散发	(sàn fā)
散匪	(sǎn fěi)
散粉	(sǎn fěn)
散工	(sǎn gōng)
散光	(sàn guāng)
散户	(sǎn hù)
散话	(sǎn huà)
散会	(sàn huì)
散伙	(sàn huǒ)
散伙饭	(sàn huǒ fàn)
散记	(sǎn jì)
散剂	(sǎn jì)
散架	(sǎn jià)
散见	(sǎn jiàn)
散件	(sǎn jiàn)
散焦	(sàn jiāo)
散尽	(sàn jìn)
散景	(sǎn jǐng)
散居	(sǎn jū)
散开	(sàn kāi)
散客	(sǎn kè)
散列	(sǎn liè)
散乱	(sǎn luàn)
散落	(sàn luò)
散漫	(sǎn màn)
散闷	(sàn mèn)
散钱	(sǎn qián)
散曲	(sǎn qǔ)
散热	(sàn rè)
散热膏	(sàn rè gāo)
散热片	(sàn rè piàn)
散热器	(sàn rè qì)
散沙	(sǎn shā)
散射	(sǎn shè)
散失	(sàn shī)
散束	(sàn shù)
散水	(sàn shuǐ)
散碎	(sǎn suì)
散摊子	(sàn tān zi)
散体	(sǎn tǐ)
散腿裤	(sǎn tuǐ kù)
散亡	(sàn wáng)
散文	(sǎn wén)
散文诗	(sǎn wén shī)
散席	(sàn xí)
散戏	(sàn xì)
散心	(sàn xīn)
散心解闷	(sàn xīn jiě mèn)
散学	(sàn xué)
散养	(sǎn yǎng)
散佚	(sàn yì)
散逸	(sàn yì)
散逸层	(sàn yì céng)
散职	(sǎn zhí)
散装	(sǎn zhuāng)
散座	(sǎn zuò)
散座儿	(sǎn zuò r)
桑	(sāng)
桑巴	(sāng bā)
桑藨	(sāng pāo)
桑搏	(sāng bó)
桑蚕	(sāng cán)
桑蚕丝	(sāng cán sī)
桑德尔福德	(sāng dé ěr fú dé)
桑德拉	(sāng dé lā)
桑德斯	(sāng dé sī)
桑地诺民族解放阵线	(sāng dì nuò mín zú jiě fàng zhèn xiàn)
桑给巴尔	(sāng jǐ bā ěr)
桑果	(sāng guǒ)
桑海	(sāng hǎi)
桑间濮上	(sāng jiān pú shàng)
桑娇维塞	(sāng jiāo wéi sài)
桑科	(sāng kē)
桑拿	(sāng ná)
桑那	(sāng nà)
桑内斯	(sāng nèi sī)
桑帕约	(sāng pà yuē)
桑葚	(sāng shèn)
桑日县	(sāng rì xiàn)
桑椹	(sāng shèn)
桑树	(sāng shù)
桑塔纳	(sāng tǎ nà)
桑坦德	(sāng tǎn dé)
桑托里尼岛	(sāng tuō lǐ ní dǎo)
桑耶	(sāng yē)
桑植县	(sāng zhí xiàn)
桑珠孜区	(sāng zhū zī qū)
桑梓	(sāng zǐ)
搡	(sǎng)
嗓	(sǎng)
嗓门	(sǎng mén)
嗓门眼	(sǎng mén yǎn)
嗓眼	(sǎng yǎn)
嗓音	(sǎng yīn)
嗓子	(sǎng zi)
嗓子眼	(sǎng zi yǎn)
嗓子眼儿	(sǎng zi yǎn r)
丧	(sàng)
丧梆	(sàng bāng)
丧棒	(sāng bàng)
丧胆	(sàng dǎn)
丧德	(sàng dé)
丧服	(sāng fú)
丧父	(sàng fù)
丧荒	(sāng huāng)
丧魂落魄	(sàng hún luò pò)
丧魂失魄	(sàng hún shī pò)
丧家之犬	(sàng jiā zhī quǎn)
丧假	(sāng jià)
丧尽	(sàng jìn)
丧尽天良	(sàng jìn tiān liáng)
丧礼	(sāng lǐ)
丧乱	(sāng luàn)
丧门神	(sāng mén shén)
丧门星	(sàng mén xīng)
丧命	(sàng mìng)
丧偶	(sàng ǒu)
丧妻	(sàng qī)
丧气	(sàng qì)
丧气鬼	(sàng qì guǐ)
丧气话	(sàng qì huà)
丧亲	(sàng qīn)
丧权辱国	(sàng quán rǔ guó)
丧身	(sàng shēn)
丧生	(sàng shēng)
丧尸	(sāng shī)
丧失	(sàng shī)
丧失殆尽	(sàng shī dài jìn)
丧事	(sāng shì)
丧天害理	(sàng tiān hài lǐ)
丧亡	(sàng wáng)
丧心病狂	(sàng xīn bìng kuáng)
丧仪	(sāng yí)
丧葬	(sāng zàng)
丧葬费	(sāng zàng fèi)
丧志	(sàng zhì)
丧钟	(sāng zhōng)
搔	(sāo)
搔扰	(sāo rǎo)
搔首弄姿	(sāo shǒu nòng zī)
搔痒	(sāo yǎng)
慅	(sāo)
懆	(cǎo)
扫	(sǎo)
扫把	(sào bǎ)
扫把星	(sào bǎ xīng)
扫除	(sǎo chú)
扫除机	(sǎo chú jī)
扫除天下	(sǎo chú tiān xià)
扫荡	(sǎo dàng)
扫地	(sǎo dì)
扫地机器人	(sǎo dì jī qì rén)
扫地僧	(sǎo dì sēng)
扫黑	(sǎo hēi)
扫黄	(sǎo huáng)
扫黄打非	(sǎo huáng dǎ fēi)
扫黄运动	(sǎo huáng yùn dòng)
扫货	(sǎo huò)
扫街	(sǎo jiē)
扫雷	(sǎo léi)
扫雷舰	(sǎo léi jiàn)
扫雷艇	(sǎo léi tǐng)
扫罗	(sǎo luó)
扫码	(sǎo mǎ)
扫码枪	(sǎo mǎ qiāng)
扫盲	(sǎo máng)
扫眉	(sǎo méi)
扫描	(sǎo miáo)
扫描器	(sǎo miáo qì)
扫描仪	(sǎo miáo yí)
扫墓	(sǎo mù)
扫射	(sǎo shè)
扫视	(sǎo shì)
扫堂腿	(sǎo táng tuǐ)
扫尾	(sǎo wěi)
扫兴	(sǎo xìng)
扫雪车	(sǎo xuě chē)
扫帚	(sào zhou)
扫帚星	(sào zhou xīng)
嫂	(sǎo)
嫂嫂	(sǎo sao)
嫂子	(sǎo zi)
埽	(sào)
啬	(sè)
歮	(sè)
歰	(sè)
森	(sēn)
森巴舞	(sēn bā wǔ)
森海塞尔	(sēn hǎi sài ěr)
森林	(sēn lín)
森林脑炎	(sēn lín nǎo yán)
森林培育	(sēn lín péi yù)
森林浴	(sēn lín yù)
森罗	(sēn luó)
森罗宝殿	(sēn luó bǎo diàn)
森罗殿	(sēn luó diàn)
森美兰	(sēn měi lán)
森然	(sēn rán)
森森	(sēn sēn)
森田	(sēn tián)
森严	(sēn yán)
椮	(sēn)
僧	(sēng)
僧多粥少	(sēng duō zhōu shǎo)
僧伽	(sēng qié)
僧加罗语	(sēng jiā luó yǔ)
僧侣	(sēng lǚ)
僧帽猴	(sēng mào hóu)
僧帽水母	(sēng mào shuǐ mǔ)
僧尼	(sēng ní)
僧人	(sēng rén)
僧俗	(sēng sú)
僧徒	(sēng tú)
僧院	(sēng yuàn)
杀	(shā)
杀草快	(shā cǎo kuài)
杀虫	(shā chóng)
杀虫剂	(shā chóng jì)
杀虫药	(shā chóng yào)
杀出重围	(shā chū chóng wéi)
杀敌	(shā dí)
杀掉	(shā diào)
杀毒	(shā dú)
杀毒软件	(shā dú ruǎn jiàn)
杀风景	(shā fēng jǐng)
杀富济贫	(shā fù jì pín)
杀害	(shā hài)
杀机	(shā jī)
杀鸡给猴看	(shā jī gěi hóu kàn)
杀鸡儆猴	(shā jī jǐng hóu)
杀鸡取卵	(shā jī qǔ luǎn)
杀鸡焉用牛刀	(shā jī yān yòng niú dāo)
杀价	(shā jià)
杀进	(shā jìn)
杀进杀出	(shā jìn shā chū)
杀绝	(shā jué)
杀君马者道旁儿	(shā jūn mǎ zhě dào páng ér)
杀菌	(shā jūn)
杀菌剂	(shā jūn jì)
杀戮	(shā lù)
杀螺剂	(shā luó jì)
杀马特	(shā mǎ tè)
杀灭	(shā miè)
杀气	(shā qì)
杀气腾腾	(shā qì téng téng)
杀器	(shā qì)
杀千刀	(shā qiān dāo)
杀千刀的	(shā qiān dāo de)
杀青	(shā qīng)
杀球	(shā qiú)
杀人	(shā rén)
杀人案	(shā rén àn)
杀人案件	(shā rén àn jiàn)
杀人不过头点地	(shā rén bù guò tóu diǎn dì)
杀人不眨眼	(shā rén bù zhǎ yǎn)
杀人犯	(shā rén fàn)
杀人放火	(shā rén fàng huǒ)
杀人鲸	(shā rén jīng)
杀人狂	(shā rén kuáng)
杀人灭口	(shā rén miè kǒu)
杀人如麻	(shā rén rú má)
杀人未遂	(shā rén wèi suì)
杀人越货	(shā rén yuè huò)
杀软	(shā ruǎn)
杀伤	(shā shāng)
杀伤力	(shā shāng lì)
杀身成仁	(shā shēn chéng rén)
杀身之祸	(shā shēn zhī huò)
杀生	(shā shēng)
杀手	(shā shǒu)
杀手级应用	(shā shǒu jí yìng yòng)
杀手锏	(shā shǒu jiǎn)
杀熟	(shā shú)
杀鼠药	(shā shǔ yào)
杀死	(shā sǐ)
杀头	(shā tóu)
杀一儆百	(shā yī jǐng bǎi)
杀一警百	(shā yī jǐng bǎi)
杀婴	(shā yīng)
杀真菌	(shā zhēn jūn)
杀真菌剂	(shā zhēn jūn jì)
杀彘教子	(shā zhì jiào zǐ)
杀猪盘	(shā zhū pán)
杀猪宰羊	(shā zhū zǎi yáng)
刹	(shā)
刹把	(shā bǎ)
刹不住	(shā bu zhù)
刹车	(shā chē)
刹车灯	(shā chē dēng)
刹那	(chà nà)
刹时	(chà shí)
刹停	(shā tíng)
刹住	(shā zhù)
樧	(shā)
啥	(shá)
啥子	(shá zi)
傻	(shǎ)
傻B	(shǎ bī)
傻白甜	(shǎ bái tián)
傻爆眼	(shǎ bào yǎn)
傻屄	(shǎ bī)
傻逼	(shǎ bī)
傻不愣登	(shǎ bù lèng dēng)
傻叉	(shǎ chā)
傻大个	(shǎ dà gè)
傻大个儿	(shǎ dà gè r)
傻蛋	(shǎ dàn)
傻屌	(shǎ diǎo)
傻瓜	(shǎ guā)
傻瓜干面	(shǎ guā gān miàn)
傻瓜式	(shǎ guā shì)
傻瓜相机	(shǎ guā xiàng jī)
傻乎乎	(shǎ hū hū)
傻话	(shǎ huà)
傻愣愣	(shǎ lèng lèng)
傻里傻气	(shǎ li shǎ qì)
傻卵	(shǎ luǎn)
傻冒	(shǎ mào)
傻帽	(shǎ mào)
傻帽儿	(shǎ mào r)
傻气	(shǎ qì)
傻缺	(shǎ quē)
傻人有傻福	(shǎ rén yǒu shǎ fú)
傻头傻脑	(shǎ tóu shǎ nǎo)
傻笑	(shǎ xiào)
傻眼	(shǎ yǎn)
傻子	(shǎ zi)
儍	(shǎ)
倽	(shá)
唼	(shǎ)
帹	(shà)
帹暆	(shà yí)
厦	(shà)
厦门大学	(xià mén dà xué)
厦门市	(xià mén shì)
歃	(shà)
歃血	(shà xuè)
歃血为盟	(shà xuè wéi méng)
晒	(shài)
晒斑	(shài bān)
晒干	(shài gān)
晒黑	(shài hēi)
晒客	(shài kè)
晒骆驼	(shài luò tuo)
晒伤	(shài shāng)
晒太阳	(shài tài yáng)
晒图	(shài tú)
晒娃	(shài wá)
晒娃族	(shài wá zú)
晒衣绳	(shài yī shéng)
晒油	(shài yóu)
晒照	(shài zhào)
山	(shān)
山阿	(shān ē)
山埃	(shān āi)
山隘	(shān ài)
山案座	(shān àn zuò)
山凹	(shān āo)
山斑鸠	(shān bān jiū)
山包	(shān bāo)
山胞	(shān bāo)
山本	(shān běn)
山本头	(shān běn tóu)
山本五十六	(shān běn wǔ shí liù)
山崩	(shān bēng)
山不转路转	(shān bù zhuàn lù zhuàn)
山不转水转	(shān bù zhuàn shuǐ zhuàn)
山茶	(shān chá)
山茶花	(shān chá huā)
山查	(shān zhā)
山城区	(shān chéng qū)
山川	(shān chuān)
山村	(shān cūn)
山达基	(shān dá jī)
山丹	(shān dān)
山丹县	(shān dān xiàn)
山道年	(shān dào nián)
山地	(shān dì)
山地车	(shān dì chē)
山地同胞	(shān dì tóng bāo)
山地自行车	(shān dì zì xíng chē)
山巅	(shān diān)
山靛	(shān diàn)
山顶	(shān dǐng)
山东半岛	(shān dōng bàn dǎo)
山东大学	(shān dōng dà xué)
山东科技大学	(shān dōng kē jì dà xué)
山东省	(shān dōng shěng)
山洞	(shān dòng)
山斗	(shān dǒu)
山峰	(shān fēng)
山旮旯	(shān gā lá)
山冈	(shān gāng)
山高海深	(shān gāo hǎi shēn)
山高水险	(shān gāo shuǐ xiǎn)
山高水长	(shān gāo shuǐ cháng)
山歌	(shān gē)
山根	(shān gēn)
山沟	(shān gōu)
山沟沟	(shān gōu gōu)
山谷	(shān gǔ)
山谷市	(shān gǔ shì)
山海	(shān hǎi)
山海关	(shān hǎi guān)
山海关区	(shān hǎi guān qū)
山河	(shān hé)
山核桃	(shān hé tao)
山壑	(shān hè)
山洪	(shān hóng)
山胡桃木	(shān hú táo mù)
山皇鸠	(shān huáng jiū)
山火	(shān huǒ)
山鸡	(shān jī)
山鹡鸰	(shān jí líng)
山脊	(shān jǐ)
山涧	(shān jiàn)
山椒鱼	(shān jiāo yú)
山鹪莺	(shān jiāo yīng)
山脚	(shān jiǎo)
山精	(shān jīng)
山口	(shān kǒu)
山口洋	(shān kǒu yáng)
山葵	(shān kuí)
山岚	(shān lán)
山蓝仙鹟	(shān lán xiān wēng)
山榄科	(shān lǎn kē)
山梨	(shān lí)
山梁	(shān liáng)
山林	(shān lín)
山岭	(shān lǐng)
山鹨	(shān liù)
山路	(shān lù)
山麓	(shān lù)
山峦	(shān luán)
山峦重叠	(shān luán chóng dié)
山麻雀	(shān má què)
山脉	(shān mài)
山猫	(shān māo)
山毛榉	(shān máo jǔ)
山莓	(shān méi)
山鹛	(shān méi)
山门	(shān mén)
山盟海誓	(shān méng hǎi shì)
山明水秀	(shān míng shuǐ xiù)
山姆	(shān mǔ)
山姆大叔	(shān mǔ dà shū)
山奈	(shān nài)
山奈钾	(shān nài jiǎ)
山柰	(shān nài)
山南市	(shān nán shì)
山难	(shān nàn)
山泥倾泻	(shān ní qīng xiè)
山炮	(shān pào)
山坡	(shān pō)
山崎	(shān qí)
山羌	(shān qiāng)
山墙	(shān qiáng)
山青水灵	(shān qīng shuǐ líng)
山清水秀	(shān qīng shuǐ xiù)
山穷水尽	(shān qióng shuǐ jìn)
山丘	(shān qiū)
山区	(shān qū)
山雀	(shān què)
山瑞	(shān ruì)
山瑞鳖	(shān ruì biē)
山神	(shān shén)
山狮	(shān shī)
山势	(shān shì)
山水	(shān shuǐ)
山水画	(shān shuǐ huà)
山水诗	(shān shuǐ shī)
山苏	(shān sū)
山体	(shān tǐ)
山田	(shān tián)
山亭区	(shān tíng qū)
山头	(shān tóu)
山颓木坏	(shān tuí mù huài)
山洼	(shān wā)
山外有山，天外有天	(shān wài yǒu shān , tiān wài yǒu tiān)
山坞	(shān wù)
山西大学	(shān xī dà xué)
山西省	(shān xī shěng)
山西兽	(shān xī shòu)
山峡	(shān xiá)
山下	(shān xià)
山乡	(shān xiāng)
山响	(shān xiǎng)
山魈	(shān xiāo)
山行	(shān xíng)
山形	(shān xíng)
山崖	(shān yá)
山羊	(shān yáng)
山羊胡子	(shān yáng hú zi)
山羊绒	(shān yáng róng)
山阳区	(shān yáng qū)
山阳县	(shān yáng xiàn)
山腰	(shān yāo)
山药	(shān yao)
山药蛋	(shān yao dàn)
山野	(shān yě)
山阴县	(shān yīn xiàn)
山嵛菜	(shān yú cài)
山萮菜	(shān yú cài)
山芋	(shān yù)
山岳	(shān yuè)
山噪鹛	(shān zào méi)
山泽	(shān zé)
山贼	(shān zéi)
山楂	(shān zhā)
山楂糕	(shān zhā gāo)
山寨	(shān zhài)
山寨货	(shān zhài huò)
山寨机	(shān zhài jī)
山长水远	(shān cháng shuǐ yuǎn)
山珍海错	(shān zhēn hǎi cuò)
山珍海味	(shān zhēn hǎi wèi)
山雉	(shān zhì)
山中圣训	(shān zhōng shèng xùn)
山中无老虎，猴子称大王	(shān zhōng wú lǎo hǔ , hóu zi chēng dà wáng)
山茱萸	(shān zhū yú)
山竹	(shān zhú)
山庄	(shān zhuāng)
山子	(shān zi)
山陬海澨	(shān zōu hǎi shì)
山嘴	(shān zuǐ)
杉	(shān)
杉本	(shān běn)
杉山	(shān shān)
删	(shān)
删除	(shān chú)
删掉	(shān diào)
删改	(shān gǎi)
删减	(shān jiǎn)
删剪	(shān jiǎn)
删简压缩	(shān jiǎn yā suō)
删节	(shān jié)
删去	(shān qù)
删汰	(shān tài)
删帖	(shān tiě)
姗	(shān)
姗姗	(shān shān)
姗姗来迟	(shān shān lái chí)
埏	(shān)
搧	(shān)
䍹	(shān)
剡	(shàn)
扇	(shàn)
扇贝	(shàn bèi)
扇动	(shān dòng)
扇风	(shān fēng)
扇风耳朵	(shān fēng ěr duo)
扇面琴	(shān miàn qín)
扇区	(shàn qū)
扇尾沙锥	(shān wěi shā zhuī)
扇虾	(shàn xiā)
扇形	(shàn xíng)
扇叶	(shàn yè)
扇子	(shàn zi)
傓	(shān)
善	(shàn)
善罢甘休	(shàn bà gān xiū)
善罢干休	(shàn bà gān xiū)
善本	(shàn běn)
善变	(shàn biàn)
善辩	(shàn biàn)
善财	(shàn cái)
善财难舍	(shàn cái nán shě)
善策	(shàn cè)
善存	(shàn cún)
善待	(shàn dài)
善恶	(shàn è)
善风	(shàn fēng)
善感	(shàn gǎn)
善后	(shàn hòu)
善解人意	(shàn jiě rén yì)
善举	(shàn jǔ)
善款	(shàn kuǎn)
善良	(shàn liáng)
善男信女	(shàn nán xìn nǚ)
善能	(shàn néng)
善人	(shàn rén)
善始善终	(shàn shǐ shàn zhōng)
善事	(shàn shì)
善思	(shàn sī)
善忘	(shàn wàng)
善心	(shàn xīn)
善行	(shàn xíng)
善言	(shàn yán)
善言辞	(shàn yán cí)
善意	(shàn yì)
善意的谎言	(shàn yì de huǎng yán)
善因	(shàn yīn)
善用	(shàn yòng)
善有善报	(shàn yǒu shàn bào)
善有善报，恶有恶报	(shàn yǒu shàn bào , è yǒu è bào)
善于	(shàn yú)
善缘	(shàn yuán)
善哉	(shàn zāi)
善终	(shàn zhōng)
善自保重	(shàn zì bǎo zhòng)
善自为谋	(shàn zì wéi móu)
善自珍摄	(shàn zì zhēn shè)
擅	(shàn)
擅场	(shàn chǎng)
擅闯	(shàn chuǎng)
擅断	(shàn duàn)
擅离职守	(shàn lí zhí shǒu)
擅美	(shàn měi)
擅权	(shàn quán)
擅长	(shàn cháng)
擅自	(shàn zì)
嬗	(shàn)
嬗变	(shàn biàn)
伤	(shāng)
伤疤	(shāng bā)
伤悲	(shāng bēi)
伤别	(shāng bié)
伤病员	(shāng bìng yuán)
伤不起	(shāng bù qǐ)
伤残	(shāng cán)
伤残人员	(shāng cán rén yuán)
伤悼	(shāng dào)
伤道	(shāng dào)
伤风	(shāng fēng)
伤风败俗	(shāng fēng bài sú)
伤俘	(shāng fú)
伤感	(shāng gǎn)
伤害	(shāng hài)
伤寒	(shāng hán)
伤寒沙门氏菌	(shāng hán shā mén shì jūn)
伤寒症	(shāng hán zhèng)
伤号	(shāng hào)
伤耗	(shāng hào)
伤和气	(shāng hé qi)
伤痕	(shāng hén)
伤痕累累	(shāng hén lěi lěi)
伤怀	(shāng huái)
伤患	(shāng huàn)
伤及无辜	(shāng jí wú gū)
伤筋动骨	(shāng jīn dòng gǔ)
伤筋断骨	(shāng jīn duàn gǔ)
伤口	(shāng kǒu)
伤脑筋	(shāng nǎo jīn)
伤人	(shāng rén)
伤身	(shāng shēn)
伤势	(shāng shì)
伤天害理	(shāng tiān hài lǐ)
伤停补时	(shāng tíng bǔ shí)
伤痛	(shāng tòng)
伤透	(shāng tòu)
伤亡	(shāng wáng)
伤心	(shāng xīn)
伤心惨目	(shāng xīn cǎn mù)
伤心蒿目	(shāng xīn hāo mù)
伤心欲绝	(shāng xīn yù jué)
伤心致死	(shāng xīn zhì sǐ)
伤员	(shāng yuán)
伤者	(shāng zhě)
殇	(shāng)
商	(shāng)
商办	(shāng bàn)
商报	(shāng bào)
商标	(shāng biāo)
商埠	(shāng bù)
商场	(shāng chǎng)
商超	(shāng chāo)
商朝	(shāng cháo)
商城	(shāng chéng)
商城县	(shāng chéng xiàn)
商船	(shāng chuán)
商代	(shāng dài)
商店	(shāng diàn)
商调	(shāng diào)
商定	(shāng dìng)
商都县	(shāng dū xiàn)
商队	(shāng duì)
商兑	(shāng duì)
商贩	(shāng fàn)
商港	(shāng gǎng)
商号	(shāng hào)
商河县	(shāng hé xiàn)
商户	(shāng hù)
商会	(shāng huì)
商机	(shāng jī)
商计	(shāng jì)
商家	(shāng jiā)
商贾	(shāng gǔ)
商检	(shāng jiǎn)
商界	(shāng jiè)
商科	(shāng kē)
商科集团	(shāng kē jí tuán)
商科院校	(shāng kē yuàn xiào)
商量	(shāng liang)
商路	(shāng lù)
商洛市	(shāng luò shì)
商旅	(shāng lǚ)
商贸	(shāng mào)
商民	(shāng mín)
商南县	(shāng nán xiàn)
商女	(shāng nǚ)
商品	(shāng pǐn)
商品化	(shāng pǐn huà)
商品价值	(shāng pǐn jià zhí)
商品经济	(shāng pǐn jīng jì)
商品粮	(shāng pǐn liáng)
商铺	(shāng pù)
商祺	(shāng qí)
商洽	(shāng qià)
商丘市	(shāng qiū shì)
商圈	(shāng quān)
商榷	(shāng què)
商人	(shāng rén)
商人银行	(shāng rén yín háng)
商事	(shāng shì)
商数	(shāng shù)
商水县	(shāng shuǐ xiàn)
商税	(shāng shuì)
商谈	(shāng tán)
商汤	(shāng tāng)
商讨	(shāng tǎo)
商务	(shāng wù)
商务部	(shāng wù bù)
商务舱	(shāng wù cāng)
商务汉语考试	(shāng wù hàn yǔ kǎo shì)
商务印书馆	(shāng wù yìn shū guǎn)
商务中心区	(shāng wù zhōng xīn qū)
商行	(shāng háng)
商学	(shāng xué)
商学院	(shāng xué yuàn)
商演	(shāng yǎn)
商鞅	(shāng yāng)
商业	(shāng yè)
商业版本	(shāng yè bǎn běn)
商业发票	(shāng yè fā piào)
商业管理	(shāng yè guǎn lǐ)
商业化	(shāng yè huà)
商业机构	(shāng yè jī gòu)
商业计划	(shāng yè jì huà)
商业模式	(shāng yè mó shì)
商业区	(shāng yè qū)
商业行为	(shāng yè xíng wéi)
商业银行	(shāng yè yín háng)
商业应用	(shāng yè yìng yòng)
商业中心	(shāng yè zhōng xīn)
商议	(shāng yì)
商用	(shāng yòng)
商域	(shāng yù)
商誉	(shāng yù)
商约	(shāng yuē)
商展	(shāng zhǎn)
商栈	(shāng zhàn)
商战	(shāng zhàn)
商州区	(shāng zhōu qū)
商纣王	(shāng zhòu wáng)
商酌	(shāng zhuó)
墒	(shāng)
墒情	(shāng qíng)
墒土	(shāng tǔ)
垧	(shǎng)
晌	(shǎng)
晌午	(shǎng wu)
丄	(shàng)
上	(shàng)
上艾瑟尔	(shàng ài sè ěr)
上岸	(shàng àn)
上班	(shàng bān)
上班时间	(shàng bān shí jiān)
上班族	(shàng bān zú)
上半	(shàng bàn)
上半部分	(shàng bàn bù fèn)
上半场	(shàng bàn chǎng)
上半年	(shàng bàn nián)
上半晌	(shàng bàn shǎng)
上半身	(shàng bàn shēn)
上半时	(shàng bàn shí)
上半天	(shàng bàn tiān)
上半叶	(shàng bàn yè)
上半夜	(shàng bàn yè)
上榜	(shàng bǎng)
上报	(shàng bào)
上辈	(shàng bèi)
上辈子	(shàng bèi zi)
上臂	(shàng bì)
上边	(shàng bian)
上边儿	(shàng bian r)
上标	(shàng biāo)
上膘	(shàng biāo)
上不得台盘	(shàng bù dé tái pán)
上不了台面	(shàng bù liǎo tái miàn)
上部	(shàng bù)
上菜	(shàng cài)
上菜秀	(shàng cài xiù)
上蔡县	(shàng cài xiàn)
上苍	(shàng cāng)
上厕所	(shàng cè suǒ)
上层	(shàng céng)
上层建筑	(shàng céng jiàn zhù)
上场	(shàng chǎng)
上车	(shàng chē)
上城区	(shàng chéng qū)
上乘	(shàng chéng)
上齿	(shàng chǐ)
上传	(shàng chuán)
上船	(shàng chuán)
上床	(shàng chuáng)
上唇	(shàng chún)
上次	(shàng cì)
上达	(shàng dá)
上大号	(shàng dà hào)
上代	(shàng dài)
上当	(shàng dàng)
上当受骗	(shàng dàng shòu piàn)
上党区	(shàng dǎng qū)
上刀山，下火海	(shàng dāo shān , xià huǒ hǎi)
上刀山，下油锅	(shàng dāo shān , xià yóu guō)
上等	(shàng děng)
上等兵	(shàng děng bīng)
上帝	(shàng dì)
上第	(shàng dì)
上吊	(shàng diào)
上调	(shàng tiáo)
上都	(shàng dū)
上颚正门齿	(shàng è zhèng mén chǐ)
上发条	(shàng fā tiáo)
上方	(shàng fāng)
上方宝剑	(shàng fāng bǎo jiàn)
上访	(shàng fǎng)
上分	(shàng fēn)
上坟	(shàng fén)
上风	(shàng fēng)
上峰	(shàng fēng)
上浮	(shàng fú)
上覆	(shàng fù)
上杆	(shàng gān)
上纲上线	(shàng gāng shàng xiàn)
上岗	(shàng gǎng)
上高县	(shàng gāo xiàn)
上个	(shàng ge)
上个星期	(shàng gè xīng qī)
上个月	(shàng gè yuè)
上工	(shàng gōng)
上供	(shàng gòng)
上贡	(shàng gòng)
上钩	(shàng gōu)
上钩儿	(shàng gōu r)
上古	(shàng gǔ)
上古汉语	(shàng gǔ hàn yǔ)
上官	(shàng guān)
上馆子	(shàng guǎn zi)
上轨道	(shàng guǐ dào)
上海	(shàng hǎi)
上海白菜	(shàng hǎi bái cài)
上海财经大学	(shàng hǎi cái jīng dà xué)
上海大剧院	(shàng hǎi dà jù yuàn)
上海大学	(shàng hǎi dà xué)
上海合作组织	(shàng hǎi hé zuò zǔ zhī)
上海话	(shàng hǎi huà)
上海环球金融中心	(shàng hǎi huán qiú jīn róng zhōng xīn)
上海交通大学	(shàng hǎi jiāo tōng dà xué)
上海浦东发展银行	(shàng hǎi pǔ dōng fā zhǎn yín háng)
上海汽车工业集团	(shàng hǎi qì chē gōng yè jí tuán)
上海市	(shàng hǎi shì)
上海体育场	(shàng hǎi tǐ yù chǎng)
上海外国语大学	(shàng hǎi wài guó yǔ dà xué)
上海文广新闻传媒集团	(shàng hǎi wén guǎng xīn wén chuán méi jí tuán)
上海戏剧学院	(shàng hǎi xì jù xué yuàn)
上海音乐学院	(shàng hǎi yīn yuè xué yuàn)
上海证券交易所	(shàng hǎi zhèng quàn jiāo yì suǒ)
上海证券交易所综合股价指数	(shàng hǎi zhèng quàn jiāo yì suǒ zōng hé gǔ jià zhǐ shù)
上杭县	(shàng háng xiàn)
上好	(shàng hǎo)
上合	(shàng hé)
上合组织	(shàng hé zǔ zhī)
上颌	(shàng hé)
上颌骨	(shàng hé gǔ)
上呼吸道感染	(shàng hū xī dào gǎn rǎn)
上环	(shàng huán)
上浣	(shàng huàn)
上回	(shàng huí)
上火	(shàng huǒ)
上级	(shàng jí)
上级领导	(shàng jí lǐng dǎo)
上佳	(shàng jiā)
上家	(shàng jiā)
上架	(shàng jià)
上睑	(shàng jiǎn)
上箭头	(shàng jiàn tóu)
上箭头键	(shàng jiàn tóu jiàn)
上将	(shàng jiàng)
上将军	(shàng jiàng jūn)
上交	(shàng jiāo)
上焦	(shàng jiāo)
上缴	(shàng jiǎo)
上街	(shàng jiē)
上街区	(shàng jiē qū)
上界	(shàng jiè)
上紧发条	(shàng jǐn fā tiáo)
上进	(shàng jìn)
上进心	(shàng jìn xīn)
上镜	(shàng jìng)
上课	(shàng kè)
上空	(shàng kōng)
上口	(shàng kǒu)
上夸克	(shàng kuā kè)
上款	(shàng kuǎn)
上来	(shàng lái)
上篮	(shàng lán)
上了年纪	(shàng le nián jì)
上栗县	(shàng lì xiàn)
上脸	(shàng liǎn)
上梁	(shàng liáng)
上梁不正下梁歪	(shàng liáng bù zhèng xià liáng wāi)
上林县	(shàng lín xiàn)
上流	(shàng liú)
上流社会	(shàng liú shè huì)
上龙	(shàng lóng)
上楼	(shàng lóu)
上路	(shàng lù)
上马	(shàng mǎ)
上门	(shàng mén)
上门费	(shàng mén fèi)
上门客	(shàng mén kè)
上门女婿	(shàng mén nǚ xu)
上面	(shàng miàn)
上面级	(shàng miàn jí)
上年	(shàng nián)
上年纪	(shàng nián jì)
上农	(shàng nóng)
上牌	(shàng pái)
上皮	(shàng pí)
上片	(shàng piàn)
上品	(shàng pǐn)
上坡	(shàng pō)
上坡段	(shàng pō duàn)
上坡路	(shàng pō lù)
上期	(shàng qī)
上气不接下气	(shàng qì bù jiē xià qì)
上汽	(shàng qì)
上前	(shàng qián)
上去	(shàng qù)
上犬式	(shàng quǎn shì)
上确界	(shàng què jiè)
上饶市	(shàng ráo shì)
上热搜	(shàng rè sōu)
上任	(shàng rèn)
上色	(shàng shǎi)
上山	(shàng shān)
上山下乡	(shàng shān xià xiāng)
上善若水	(shàng shàn ruò shuǐ)
上上之策	(shàng shàng zhī cè)
上身	(shàng shēn)
上升	(shàng shēng)
上升空间	(shàng shēng kōng jiān)
上升趋势	(shàng shēng qū shì)
上声	(shǎng shēng)
上市	(shàng shì)
上市公司	(shàng shì gōng sī)
上手	(shàng shǒu)
上首	(shàng shǒu)
上书	(shàng shū)
上疏	(shàng shū)
上述	(shàng shù)
上水	(shàng shuǐ)
上税	(shàng shuì)
上司	(shàng si)
上思县	(shàng sī xiàn)
上诉	(shàng sù)
上诉法院	(shàng sù fǎ yuàn)
上算	(shàng suàn)
上锁	(shàng suǒ)
上台	(shàng tái)
上膛	(shàng táng)
上天	(shàng tiān)
上天入地	(shàng tiān rù dì)
上天无路，入地无门	(shàng tiān wú lù , rù dì wú mén)
上田	(shàng tián)
上同调	(shàng tóng diào)
上头	(shàng tóu)
上吐下泻	(shàng tù xià xiè)
上外	(shàng wài)
上万	(shàng wàn)
上网	(shàng wǎng)
上网本	(shàng wǎng běn)
上位	(shàng wèi)
上位词	(shàng wèi cí)
上位概念	(shàng wèi gài niàn)
上尉	(shàng wèi)
上文	(shàng wén)
上午	(shàng wǔ)
上西天	(shàng xī tiān)
上下	(shàng xià)
上下班	(shàng xià bān)
上下床	(shàng xià chuáng)
上下铺	(shàng xià pù)
上下其手	(shàng xià qí shǒu)
上下文	(shàng xià wén)
上下文菜单	(shàng xià wén cài dān)
上弦	(shàng xián)
上弦月	(shàng xián yuè)
上限	(shàng xiàn)
上线	(shàng xiàn)
上相	(shàng xiàng)
上香	(shàng xiāng)
上校	(shàng xiào)
上鞋	(shàng xié)
上心	(shàng xīn)
上新	(shàng xīn)
上新世	(shàng xīn shì)
上星	(shàng xīng)
上星剧	(shàng xīng jù)
上星期	(shàng xīng qī)
上刑	(shàng xíng)
上行	(shàng xíng)
上行下效	(shàng xíng xià xiào)
上学	(shàng xué)
上旬	(shàng xún)
上牙膛	(shàng yá táng)
上眼睑	(shàng yǎn jiǎn)
上眼药	(shàng yǎn yào)
上演	(shàng yǎn)
上扬	(shàng yáng)
上扬趋势	(shàng yáng qū shì)
上野	(shàng yě)
上页	(shàng yè)
上夜	(shàng yè)
上一次当，学一次乖	(shàng yī cì dàng , xué yī cì guāi)
上一个	(shàng yī ge)
上一号	(shàng yī hào)
上一页	(shàng yī yè)
上衣	(shàng yī)
上议院	(shàng yì yuàn)
上瘾	(shàng yǐn)
上映	(shàng yìng)
上犹县	(shàng yóu xiàn)
上游	(shàng yóu)
上有老下有小	(shàng yǒu lǎo xià yǒu xiǎo)
上有天堂，下有苏杭	(shàng yǒu tiān táng , xià yǒu sū háng)
上有政策，下有对策	(shàng yǒu zhèng cè , xià yǒu duì cè)
上虞区	(shàng yú qū)
上域	(shàng yù)
上谕	(shàng yù)
上月	(shàng yuè)
上云	(shàng yún)
上载	(shàng zǎi)
上贼船	(shàng zéi chuán)
上涨	(shàng zhǎng)
上阵	(shàng zhèn)
上证	(shàng zhèng)
上证综合指数	(shàng zhèng zōng hé zhǐ shù)
上肢	(shàng zhī)
上钟	(shàng zhōng)
上周	(shàng zhōu)
上装	(shàng zhuāng)
上桌	(shàng zhuō)
上奏	(shàng zòu)
上座	(shàng zuò)
上座部	(shàng zuò bù)
上座率	(shàng zuò lǜ)
尙	(shàng)
尚	(shàng)
尚比亚	(shàng bǐ yà)
尚存	(shàng cún)
尚方宝剑	(shàng fāng bǎo jiàn)
尚方剑	(shàng fāng jiàn)
尚可	(shàng kě)
尚且	(shàng qiě)
尚书	(shàng shū)
尚书经	(shàng shū jīng)
尚书郎	(shàng shū láng)
尚未	(shàng wèi)
尚未解决	(shàng wèi jiě jué)
尚无	(shàng wú)
尚武	(shàng wǔ)
尚飨	(shàng xiǎng)
尚义县	(shàng yì xiàn)
尚志市	(shàng zhì shì)
捎	(shāo)
捎来	(shāo lái)
捎信	(shāo xìn)
弰	(shāo)
梢	(shāo)
梢公	(shāo gōng)
筲	(shāo)
旓	(shāo)
勺	(sháo)
勺鸡	(sháo jī)
勺子	(sháo zi)
勺嘴鹬	(sháo zuǐ yù)
㲈	(sháo)
少	(shǎo)
少艾	(shào ài)
少安无躁	(shǎo ān wú zào)
少安毋躁	(shǎo ān wú zào)
少白头	(shào bái tóu)
少不得	(shǎo bu dé)
少不更事	(shào bù gēng shì)
少不了	(shǎo bu liǎo)
少部分	(shǎo bù fen)
少东	(shào dōng)
少东家	(shào dōng jiā)
少儿	(shào ér)
少儿不宜	(shào ér bù yí)
少放	(shǎo fàng)
少府	(shào fǔ)
少妇	(shào fù)
少根筋	(shǎo gēn jīn)
少管闲事	(shǎo guǎn xián shì)
少间	(shǎo jiàn)
少见	(shǎo jiàn)
少见多怪	(shǎo jiàn duō guài)
少将	(shào jiàng)
少刻	(shǎo kè)
少块肉	(shǎo kuài ròu)
少来	(shǎo lái)
少量	(shǎo liàng)
少林	(shào lín)
少林寺	(shào lín sì)
少奶奶	(shào nǎi nai)
少男	(shào nán)
少男少女	(shào nán shào nǚ)
少年	(shào nián)
少年犯	(shào nián fàn)
少年夫妻老来伴	(shào nián fū qī lǎo lái bàn)
少年宫	(shào nián gōng)
少年老成	(shào nián lǎo chéng)
少年人	(shào nián rén)
少年先锋队	(shào nián xiān fēng duì)
少年之家	(shào nián zhī jiā)
少女	(shào nǚ)
少女峰	(shào nǚ fēng)
少顷	(shǎo qǐng)
少数	(shǎo shù)
少数民族	(shǎo shù mín zú)
少数民族乡	(shǎo shù mín zú xiāng)
少数族裔	(shǎo shù zú yì)
少说为佳	(shǎo shuō wéi jiā)
少尉	(shào wèi)
少先队	(shào xiān duì)
少校	(shào xiào)
少许	(shǎo xǔ)
少选	(shǎo xuǎn)
少阳病	(shào yáng bìng)
少阳经	(shào yáng jīng)
少爷	(shào ye)
少有	(shǎo yǒu)
少之又少	(shǎo zhī yòu shǎo)
少壮	(shào zhuàng)
少壮不努力，老大徒伤悲	(shào zhuàng bù nǔ lì , lǎo dà tú shāng bēi)
少壮派	(shào zhuàng pài)
少子化	(shǎo zǐ huà)
卲	(shào)
劭	(shào)
哨	(shào)
哨兵	(shào bīng)
哨笛	(shào dí)
哨卡	(shào qiǎ)
哨所	(shào suǒ)
哨子	(shào zi)
哨子声	(shào zi shēng)
奢	(shē)
奢侈	(shē chǐ)
奢侈品	(shē chǐ pǐn)
奢华	(shē huá)
奢丽	(shē lì)
奢糜	(shē mí)
奢靡	(shē mí)
奢盼	(shē pàn)
奢求	(shē qiú)
奢泰	(shē tài)
奢望	(shē wàng)
奢香	(shē xiāng)
檨	(shē)
佘	(shé)
舍	(shě)
舍本逐末	(shě běn zhú mò)
舍不得	(shě bu de)
舍不得孩子套不住狼	(shě bù de hái zi tào bù zhù láng)
舍车保帅	(shě jū bǎo shuài)
舍得	(shě de)
舍得一身剐，敢把皇帝拉下马	(shě de yī shēn guǎ , gǎn bǎ huáng dì lā xià mǎ)
舍己	(shě jǐ)
舍己救人	(shě jǐ jiù rén)
舍己为公	(shě jǐ wèi gōng)
舍己为人	(shě jǐ wèi rén)
舍命	(shě mìng)
舍弃	(shě qì)
舍身	(shě shēn)
舍身求法	(shě shēn qiú fǎ)
舍生取义	(shě shēng qǔ yì)
舍生忘死	(shě shēng wàng sǐ)
舍下	(shě xià)
舍正从邪	(shě zhèng cóng xié)
厍	(shè)
射	(shè)
射程	(shè chéng)
射出	(shè chū)
射灯	(shè dēng)
射电	(shè diàn)
射电望远镜	(shè diàn wàng yuǎn jìng)
射雕英雄传	(shè diāo yīng xióng zhuàn)
射钉枪	(shè dīng qiāng)
射干	(shè gān)
射洪市	(shè hóng shì)
射击	(shè jī)
射击学	(shè jī xué)
射箭	(shè jiàn)
射精	(shè jīng)
射精管	(shè jīng guǎn)
射流	(shè liú)
射门	(shè mén)
射频	(shè pín)
射频调谐器	(shè pín tiáo xié qì)
射频干扰	(shè pín gān rǎo)
射频识别	(shè pín shí bié)
射频噪声	(shè pín zào shēng)
射杀	(shè shā)
射手	(shè shǒu)
射手座	(shè shǒu zuò)
射线	(shè xiàn)
射阳县	(shè yáng xiàn)
射影	(shè yǐng)
射影变换	(shè yǐng biàn huàn)
射影几何	(shè yǐng jǐ hé)
射影几何学	(shè yǐng jǐ hé xué)
射中	(shè zhòng)
摄	(shè)
摄护腺	(shè hù xiàn)
摄护腺肿大	(shè hù xiàn zhǒng dà)
摄录	(shè lù)
摄取	(shè qǔ)
摄入	(shè rù)
摄入量	(shè rù liàng)
摄食	(shè shí)
摄氏	(shè shì)
摄像	(shè xiàng)
摄像机	(shè xiàng jī)
摄像头	(shè xiàng tóu)
摄影	(shè yǐng)
摄影机	(shè yǐng jī)
摄影记者	(shè yǐng jì zhě)
摄影家	(shè yǐng jiā)
摄影棚	(shè yǐng péng)
摄影师	(shè yǐng shī)
摄影术	(shè yǐng shù)
摄政	(shè zhèng)
摄政王	(shè zhèng wáng)
摄制	(shè zhì)
慑	(shè)
慑服	(shè fú)
慑人	(shè rén)
歙	(shè)
歙县	(shè xiàn)
㕥	(shēn)
屾	(shēn)
伸	(shēn)
伸出	(shēn chū)
伸港	(shēn gǎng)
伸港乡	(shēn gǎng xiāng)
伸肌	(shēn jī)
伸卡球	(shēn kǎ qiú)
伸开	(shēn kāi)
伸懒腰	(shēn lǎn yāo)
伸手	(shēn shǒu)
伸手不见五指	(shēn shǒu bù jiàn wǔ zhǐ)
伸手牌	(shēn shǒu pái)
伸手派	(shēn shǒu pài)
伸缩	(shēn suō)
伸缩喇叭	(shēn suō lǎ ba)
伸缩性	(shēn suō xìng)
伸雪	(shēn xuě)
伸冤	(shēn yuān)
伸展	(shēn zhǎn)
伸展台	(shēn zhǎn tái)
伸张	(shēn zhāng)
伸长	(shēn cháng)
伸直	(shēn zhí)
呻	(shēn)
呻吟	(shēn yín)
侁	(shēn)
娠	(shēn)
深	(shēn)
兟	(shēn)
曑	(shēn)
什	(shén)
什菜	(shí cài)
什邡市	(shí fāng shì)
什锦	(shí jǐn)
什锦果盘	(shí jǐn guǒ pán)
什么	(shén me)
什么地方	(shén me dì fang)
什么的	(shén me de)
什么风把你吹来的	(shén me fēng bǎ nǐ chuī lái de)
什么鬼	(shén me guǐ)
什么好说	(shén me hǎo shuō)
什么人	(shén me rén)
什么时候	(shén me shí hou)
什么事	(shén me shì)
什么样	(shén me yàng)
什器	(shí qì)
什刹海	(shí chà hǎi)
什叶	(shí yè)
什叶派	(shí yè pài)
什一奉献	(shí yī fèng xiàn)
抌	(dǎn)
审	(shěn)
审查	(shěn chá)
审察	(shěn chá)
审处	(shěn chǔ)
审谛	(shěn dì)
审订	(shěn dìng)
审定	(shěn dìng)
审读	(shěn dú)
审度	(shěn duó)
审度时势	(shěn duó shí shì)
审断	(shěn duàn)
审改	(shěn gǎi)
审干	(shěn gàn)
审稿	(shěn gǎo)
审稿人	(shěn gǎo rén)
审核	(shěn hé)
审级	(shěn jí)
审级制度	(shěn jí zhì dù)
审计	(shěn jì)
审计署	(shěn jì shǔ)
审计员	(shěn jì yuán)
审计长	(shěn jì zhǎng)
审结	(shěn jié)
审理	(shěn lǐ)
审美	(shěn měi)
审美观	(shěn měi guān)
审美活动	(shěn měi huó dòng)
审美快感	(shěn měi kuài gǎn)
审美眼光	(shěn měi yǎn guāng)
审判	(shěn pàn)
审判官	(shěn pàn guān)
审判栏	(shěn pàn lán)
审判权	(shěn pàn quán)
审判庭	(shěn pàn tíng)
审判席	(shěn pàn xí)
审判员	(shěn pàn yuán)
审判长	(shěn pàn zhǎng)
审批	(shěn pī)
审慎	(shěn shèn)
审慎行事	(shěn shèn xíng shì)
审时度势	(shěn shí duó shì)
审视	(shěn shì)
审问	(shěn wèn)
审校	(shěn jiào)
审讯	(shěn xùn)
审议	(shěn yì)
审阅	(shěn yuè)
审酌	(shěn zhuó)
哂	(shěn)
哂纳	(shěn nà)
哂笑	(shěn xiào)
婶	(shěn)
婶母	(shěn mǔ)
婶娘	(shěn niáng)
婶婶	(shěn shen)
婶子	(shěn zi)
椹	(shèn)
慎	(shèn)
慎独	(shèn dú)
慎密	(shèn mì)
慎入	(shèn rù)
慎言	(shèn yán)
慎终追远	(shèn zhōng zhuī yuǎn)
慎重	(shèn zhòng)
慎重其事	(shèn zhòng qí shì)
愼	(shèn)
升	(shēng)
升班马	(shēng bān mǎ)
升舱	(shēng cāng)
升调	(shēng diào)
升斗	(shēng dǒu)
升斗小民	(shēng dǒu xiǎo mín)
升幅	(shēng fú)
升高	(shēng gāo)
升格	(shēng gé)
升汞	(shēng gǒng)
升官	(shēng guān)
升官发财	(shēng guān fā cái)
升号	(shēng hào)
升华	(shēng huá)
升级	(shēng jí)
升降	(shēng jiàng)
升降机	(shēng jiàng jī)
升结肠	(shēng jié cháng)
升空	(shēng kōng)
升平	(shēng píng)
升旗	(shēng qí)
升旗仪式	(shēng qí yí shì)
升起	(shēng qǐ)
升迁	(shēng qiān)
升任	(shēng rèn)
升入	(shēng rù)
升上	(shēng shàng)
升市	(shēng shì)
升堂入室	(shēng táng rù shì)
升腾	(shēng téng)
升天	(shēng tiān)
升温	(shēng wēn)
升息	(shēng xī)
升遐	(shēng xiá)
升序	(shēng xù)
升学	(shēng xué)
升压	(shēng yā)
升压剂	(shēng yā jì)
升值	(shēng zhí)
升职	(shēng zhí)
呏	(shēng)
曻	(shēng)
㗂	(shěng)
圣	(kū)
胜	(shèng)
胜败	(shèng bài)
胜不骄，败不馁	(shèng bù jiāo , bài bù něi)
胜出	(shèng chū)
胜地	(shèng dì)
胜负	(shèng fù)
胜负欲	(shèng fù yù)
胜过	(shèng guò)
胜景	(shèng jǐng)
胜利	(shèng lì)
胜利日	(shèng lì rì)
胜利在望	(shèng lì zài wàng)
胜利者	(shèng lì zhě)
胜率	(shèng lǜ)
胜任	(shèng rèn)
胜任能力	(shèng rèn néng lì)
胜似	(shèng sì)
胜诉	(shèng sù)
胜算	(shèng suàn)
胜选	(shèng xuǎn)
胜仗	(shèng zhàng)
胜者	(shèng zhě)
胜者王侯败者寇	(shèng zhě wáng hóu bài zhě kòu)
胜之不武	(shèng zhī bù wǔ)
剩	(shèng)
剩菜	(shèng cài)
剩磁	(shèng cí)
剩饭	(shèng fàn)
剩男	(shèng nán)
剩女	(shèng nǚ)
剩钱	(shèng qián)
剩下	(shèng xià)
剩余	(shèng yú)
剩余定理	(shèng yú dìng lǐ)
剩余放射性	(shèng yú fàng shè xìng)
剩余辐射	(shèng yú fú shè)
剩余价值	(shèng yú jià zhí)
嵊	(shèng)
嵊泗列岛	(shèng sì liè dǎo)
嵊泗县	(shèng sì xiàn)
嵊州市	(shèng zhōu shì)
尸	(shī)
尸斑	(shī bān)
尸布	(shī bù)
尸臭	(shī chòu)
尸骨	(shī gǔ)
尸骸	(shī hái)
尸横遍野	(shī héng biàn yě)
尸检	(shī jiǎn)
尸僵	(shī jiāng)
尸块	(shī kuài)
尸禄	(shī lù)
尸罗	(shī luó)
尸山血海	(shī shān xuè hǎi)
尸身	(shī shēn)
尸首	(shī shou)
尸体	(shī tǐ)
尸体袋	(shī tǐ dài)
尸体解剖	(shī tǐ jiě pōu)
尸体剖检	(shī tǐ pōu jiǎn)
尸位素餐	(shī wèi sù cān)
失	(shī)
失败	(shī bài)
失败是成功之母	(shī bài shì chéng gōng zhī mǔ)
失败者	(shī bài zhě)
失败主义	(shī bài zhǔ yì)
失策	(shī cè)
失察	(shī chá)
失常	(shī cháng)
失宠	(shī chǒng)
失传	(shī chuán)
失聪	(shī cōng)
失措	(shī cuò)
失错	(shī cuò)
失单	(shī dān)
失当	(shī dàng)
失盗	(shī dào)
失道	(shī dào)
失道寡助	(shī dào guǎ zhù)
失地	(shī dì)
失调	(shī diào)
失调电压	(shī tiáo diàn yā)
失掉	(shī diào)
失独	(shī dú)
失独家庭	(shī dú jiā tíng)
失读症	(shī dú zhèng)
失而复得	(shī ér fù dé)
失风	(shī fēng)
失格	(shī gé)
失和	(shī hé)
失衡	(shī héng)
失怙	(shī hù)
失欢	(shī huān)
失悔	(shī huǐ)
失婚	(shī hūn)
失魂	(shī hún)
失魂落魄	(shī hún luò pò)
失活	(shī huó)
失火	(shī huǒ)
失节	(shī jié)
失禁	(shī jìn)
失敬	(shī jìng)
失控	(shī kòng)
失口	(shī kǒu)
失礼	(shī lǐ)
失利	(shī lì)
失联	(shī lián)
失恋	(shī liàn)
失灵	(shī líng)
失落	(shī luò)
失迷	(shī mí)
失眠	(shī mián)
失面子	(shī miàn zi)
失明	(shī míng)
失明症	(shī míng zhèng)
失能	(shī néng)
失陪	(shī péi)
失期	(shī qī)
失窃	(shī qiè)
失去	(shī qù)
失去后劲	(shī qù hòu jìn)
失散	(shī sàn)
失色	(shī sè)
失身	(shī shēn)
失身分	(shī shēn fèn)
失神	(shī shén)
失声	(shī shēng)
失实	(shī shí)
失势	(shī shì)
失事	(shī shì)
失恃	(shī shì)
失手	(shī shǒu)
失守	(shī shǒu)
失速	(shī sù)
失算	(shī suàn)
失态	(shī tài)
失体面	(shī tǐ miàn)
失体统	(shī tǐ tǒng)
失望	(shī wàng)
失温	(shī wēn)
失温症	(shī wēn zhèng)
失物认领	(shī wù rèn lǐng)
失物招领	(shī wù zhāo lǐng)
失误	(shī wù)
失笑	(shī xiào)
失效	(shī xiào)
失效日期	(shī xiào rì qī)
失写症	(shī xiě zhèng)
失信	(shī xìn)
失信被执行人	(shī xìn bèi zhí xíng rén)
失修	(shī xiū)
失序	(shī xù)
失学	(shī xué)
失血	(shī xuè)
失血性贫血	(shī xuè xìng pín xuè)
失言	(shī yán)
失业	(shī yè)
失业率	(shī yè lǜ)
失业者	(shī yè zhě)
失仪	(shī yí)
失宜	(shī yí)
失忆	(shī yì)
失忆症	(shī yì zhèng)
失意	(shī yì)
失迎	(shī yíng)
失语	(shī yǔ)
失语症	(shī yǔ zhèng)
失约	(shī yuē)
失责	(shī zé)
失瞻	(shī zhān)
失张失智	(shī zhāng shī zhì)
失着	(shī zhāo)
失真	(shī zhēn)
失枕	(shī zhěn)
失之东隅，收之桑榆	(shī zhī dōng yú , shōu zhī sāng yú)
失之毫厘，差以千里	(shī zhī háo lí , chà yǐ qiān lǐ)
失之毫厘，差之千里	(shī zhī háo lí , chà zhī qiān lǐ)
失之毫厘，谬以千里	(shī zhī háo lí , miù yǐ qiān lǐ)
失之交臂	(shī zhī jiāo bì)
失职	(shī zhí)
失智	(shī zhì)
失智症	(shī zhì zhèng)
失重	(shī zhòng)
失主	(shī zhǔ)
失坠	(shī zhuì)
失准	(shī zhǔn)
失踪	(shī zōng)
失足	(shī zú)
师	(shī)
师表	(shī biǎo)
师出无名	(shī chū wú míng)
师出有名	(shī chū yǒu míng)
师从	(shī cóng)
师大	(shī dà)
师弟	(shī dì)
师范	(shī fàn)
师范大学	(shī fàn dà xué)
师范学院	(shī fàn xué yuàn)
师父	(shī fu)
师父领进门，修行在个人	(shī fu lǐng jìn mén , xiū xíng zài gè rén)
师傅	(shī fu)
师公	(shī gōng)
师古	(shī gǔ)
师姐	(shī jiě)
师妹	(shī mèi)
师母	(shī mǔ)
师奶	(shī nǎi)
师娘	(shī niáng)
师生	(shī shēng)
师太	(shī tài)
师徒	(shī tú)
师兄	(shī xiōng)
师兄弟	(shī xiōng dì)
师爷	(shī yé)
师夷长技以制夷	(shī yí cháng jì yǐ zhì yí)
师友	(shī yǒu)
师长	(shī zhǎng)
师丈	(shī zhàng)
师资	(shī zī)
师宗县	(shī zōng xiàn)
师祖	(shī zǔ)
师尊	(shī zūn)
师座	(shī zuò)
施	(shī)
施暴	(shī bào)
施秉县	(shī bǐng xiàn)
施打	(shī dǎ)
施甸县	(shī diàn xiàn)
施恩	(shī ēn)
施法	(shī fǎ)
施放	(shī fàng)
施肥	(shī féi)
施工	(shī gōng)
施工单位	(shī gōng dān wèi)
施华洛世奇水晶	(shī huá luò shì qí shuǐ jīng)
施惠	(shī huì)
施加	(shī jiā)
施教	(shī jiào)
施救	(shī jiù)
施琅	(shī láng)
施乐	(shī lè)
施礼	(shī lǐ)
施罗德	(shī luó dé)
施密特	(shī mì tè)
施耐庵	(shī nài ān)
施虐	(shī nüè)
施虐狂	(shī nüè kuáng)
施虐癖	(shī nüè pǐ)
施虐受虐	(shī nüè shòu nüè)
施虐者	(shī nüè zhě)
施舍	(shī shě)
施食	(shī shí)
施事	(shī shì)
施事者	(shī shì zhě)
施泰尔马克	(shī tài ěr mǎ kè)
施特劳斯	(shī tè láo sī)
施瓦布	(shī wǎ bù)
施洗	(shī xǐ)
施洗约翰	(shī xǐ yuē hàn)
施洗者约翰	(shī xǐ zhě yuē hàn)
施行	(shī xíng)
施压	(shī yā)
施以	(shī yǐ)
施用	(shī yòng)
施与	(shī yǔ)
施予	(shī yǔ)
施展	(shī zhǎn)
施政	(shī zhèng)
施政报告	(shī zhèng bào gào)
施治	(shī zhì)
施粥舍饭	(shī zhōu shě fàn)
施主	(shī zhǔ)
施主能级	(shī zhǔ néng jí)
十	(shí)
十八	(shí bā)
十倍	(shí bèi)
十边形	(shí biān xíng)
十常侍	(shí cháng shì)
十成	(shí chéng)
十动然拒	(shí dòng rán jù)
十赌九输	(shí dǔ jiǔ shū)
十多亿	(shí duō yì)
十恶不赦	(shí è bù shè)
十二	(shí èr)
十二边形	(shí èr biān xíng)
十二分	(shí èr fēn)
十二宫	(shí èr gōng)
十二角形	(shí èr jiǎo xíng)
十二经	(shí èr jīng)
十二经脉	(shí èr jīng mài)
十二码	(shí èr mǎ)
十二面体	(shí èr miàn tǐ)
十二平均律	(shí èr píng jūn lǜ)
十二时辰	(shí èr shí chen)
十二星座	(shí èr xīng zuò)
十二月	(shí èr yuè)
十二月份	(shí èr yuè fèn)
十二指肠	(shí èr zhǐ cháng)
十分	(shí fēn)
十分位数	(shí fēn wèi shù)
十分之一	(shí fēn zhī yī)
十干	(shí gān)
十几	(shí jǐ)
十角形	(shí jiǎo xíng)
十戒	(shí jiè)
十诫	(shí jiè)
十锦	(shí jǐn)
十进	(shí jìn)
十进位	(shí jìn wèi)
十进位法	(shí jìn wèi fǎ)
十进制	(shí jìn zhì)
十九	(shí jiǔ)
十克	(shí kè)
十里洋场	(shí lǐ yáng chǎng)
十六	(shí liù)
十六国	(shí liù guó)
十六进制	(shí liù jìn zhì)
十六烷值	(shí liù wán zhí)
十面埋伏	(shí miàn mái fú)
十拿九稳	(shí ná jiǔ wěn)
十年树木，百年树人	(shí nián shù mù , bǎi nián shù rén)
十七	(shí qī)
十七孔桥	(shí qī kǒng qiáo)
十全	(shí quán)
十全十美	(shí quán shí měi)
十三	(shí sān)
十三点	(shí sān diǎn)
十三经	(shí sān jīng)
十三日	(shí sān rì)
十三张	(shí sān zhāng)
十数	(shí shù)
十四行诗	(shí sì háng shī)
十天干	(shí tiān gān)
十瓦	(shí wǎ)
十万	(shí wàn)
十万八千里	(shí wàn bā qiān lǐ)
十万火急	(shí wàn huǒ jí)
十万位	(shí wàn wèi)
十位	(shí wèi)
十五	(shí wǔ)
十项	(shí xiàng)
十项全能	(shí xiàng quán néng)
十堰市	(shí yàn shì)
十一	(shí yī)
十一路	(shí yī lù)
十一月	(shí yī yuè)
十一月份	(shí yī yuè fèn)
十亿	(shí yì)
十亿位元	(shí yì wèi yuán)
十有八九	(shí yǒu bā jiǔ)
十月	(shí yuè)
十月份	(shí yuè fèn)
十月革命	(shí yuè gé mìng)
十之八九	(shí zhī bā jiǔ)
十指不沾阳春水	(shí zhǐ bù zhān yáng chūn shuǐ)
十字	(shí zì)
十字镐	(shí zì gǎo)
十字花科	(shí zì huā kē)
十字架	(shí zì jià)
十字架刑	(shí zì jià xíng)
十字军	(shí zì jūn)
十字军东征	(shí zì jūn dōng zhēng)
十字路口	(shí zì lù kǒu)
十字螺丝刀	(shí zì luó sī dāo)
十字丝	(shí zì sī)
十字形	(shí zì xíng)
十字绣	(shí zì xiù)
十字转门	(shí zì zhuàn mén)
十足	(shí zú)
䂖	(shí)
时	(shí)
时报	(shí bào)
时弊	(shí bì)
时不时	(shí bù shí)
时不我待	(shí bù wǒ dài)
时不再来	(shí bù zài lái)
时菜	(shí cài)
时差	(shí chā)
时常	(shí cháng)
时辰	(shí chen)
时辰未到	(shí chen wèi dào)
时程	(shí chéng)
时戳	(shí chuō)
时大时小	(shí dà shí xiǎo)
时代	(shí dài)
时代广场	(shí dài guǎng chǎng)
时代华纳	(shí dài huá nà)
时点	(shí diǎn)
时调	(shí diào)
时段	(shí duàn)
时段分析	(shí duàn fēn xī)
时断时续	(shí duàn shí xù)
时而	(shí ér)
时分	(shí fēn)
时隔	(shí gé)
时乖命蹇	(shí guāi mìng jiǎn)
时光	(shí guāng)
时光机	(shí guāng jī)
时过境迁	(shí guò jìng qiān)
时好时坏	(shí hǎo shí huài)
时候	(shí hou)
时机	(shí jī)
时价	(shí jià)
时间	(shí jiān)
时间表	(shí jiān biǎo)
时间不早了	(shí jiān bù zǎo le)
时间测定学	(shí jiān cè dìng xué)
时间差	(shí jiān chā)
时间差攻击	(shí jiān chā gōng jī)
时间戳	(shí jiān chuō)
时间点	(shí jiān diǎn)
时间简史	(shí jiān jiǎn shǐ)
时间胶囊	(shí jiān jiāo náng)
时间进程	(shí jiān jìn chéng)
时间囊	(shí jiān náng)
时间区间	(shí jiān qū jiān)
时间是把杀猪刀	(shí jiān shì bǎ shā zhū dāo)
时间线	(shí jiān xiàn)
时间序列	(shí jiān xù liè)
时间轴	(shí jiān zhóu)
时节	(shí jié)
时局	(shí jú)
时刻	(shí kè)
时刻表	(shí kè biǎo)
时刻准备	(shí kè zhǔn bèi)
时空	(shí kōng)
时空穿梭	(shí kōng chuān suō)
时空穿越	(shí kōng chuān yuè)
时空错置	(shí kōng cuò zhì)
时空错置感	(shí kōng cuò zhì gǎn)
时空胶囊	(shí kōng jiāo náng)
时空旅行	(shí kōng lǚ xíng)
时来运转	(shí lái yùn zhuǎn)
时令	(shí lìng)
时髦	(shí máo)
时期	(shí qī)
时区	(shí qū)
时任	(shí rèn)
时日	(shí rì)
时日无多	(shí rì wú duō)
时尚	(shí shàng)
时时	(shí shí)
时时刻刻	(shí shí kè kè)
时式	(shí shì)
时势	(shí shì)
时势造英雄	(shí shì zào yīng xióng)
时事	(shí shì)
时蔬	(shí shū)
时俗	(shí sú)
时速	(shí sù)
时绥	(shí suí)
时态	(shí tài)
时文	(shí wén)
时下	(shí xià)
时显时隐	(shí xiǎn shí yǐn)
时限	(shí xiàn)
时效	(shí xiào)
时效法	(shí xiào fǎ)
时效性	(shí xiào xìng)
时写时辍	(shí xiě shí chuò)
时薪	(shí xīn)
时兴	(shí xīng)
时序	(shí xù)
时讯	(shí xùn)
时延	(shí yán)
时宜	(shí yí)
时隐时现	(shí yǐn shí xiàn)
时雍	(shí yōng)
时有所闻	(shí yǒu suǒ wén)
时运	(shí yùn)
时运不济	(shí yùn bù jì)
时运亨通	(shí yùn hēng tōng)
时长	(shí cháng)
时针	(shí zhēn)
时政	(shí zhèng)
时至今日	(shí zhì jīn rì)
时钟	(shí zhōng)
时钟座	(shí zhōng zuò)
时装	(shí zhuāng)
时装表演	(shí zhuāng biǎo yǎn)
时装剧	(shí zhuāng jù)
时装鞋	(shí zhuāng xié)
时装秀	(shí zhuāng xiù)
时租	(shí zū)
囸	(rì)
实	(shí)
实报实销	(shí bào shí xiāo)
实变	(shí biàn)
实变函数	(shí biàn hán shù)
实变函数论	(shí biàn hán shù lùn)
实不相瞒	(shí bù xiāng mán)
实参	(shí cān)
实操	(shí cāo)
实测	(shí cè)
实诚	(shí chéng)
实穿	(shí chuān)
实锤	(shí chuí)
实词	(shí cí)
实打实	(shí dǎ shí)
实弹	(shí dàn)
实地	(shí dì)
实地访视	(shí dì fǎng shì)
实分析	(shí fēn xī)
实付	(shí fù)
实干	(shí gàn)
实干家	(shí gàn jiā)
实根	(shí gēn)
实话	(shí huà)
实话实说	(shí huà shí shuō)
实惠	(shí huì)
实际	(shí jì)
实际参数	(shí jì cān shù)
实际控制人	(shí jì kòng zhì rén)
实际控制线	(shí jì kòng zhì xiàn)
实际情况	(shí jì qíng kuàng)
实际上	(shí jì shàng)
实际性	(shí jì xìng)
实际应用	(shí jì yìng yòng)
实践	(shí jiàn)
实践是检验真理的唯一标准	(shí jiàn shì jiǎn yàn zhēn lǐ de wéi yī biāo zhǔn)
实缴资本	(shí jiǎo zī běn)
实景	(shí jǐng)
实据	(shí jù)
实控人	(shí kòng rén)
实况	(shí kuàng)
实况录音	(shí kuàng lù yīn)
实况照片	(shí kuàng zhào piàn)
实况主	(shí kuàng zhǔ)
实况转播	(shí kuàng zhuǎn bō)
实力	(shí lì)
实力主义	(shí lì zhǔ yì)
实利	(shí lì)
实利主义	(shí lì zhǔ yì)
实例	(shí lì)
实名	(shí míng)
实名制	(shí míng zhì)
实木	(shí mù)
实女	(shí nǚ)
实拍	(shí pāi)
实情	(shí qíng)
实权	(shí quán)
实施	(shí shī)
实施例	(shí shī lì)
实时	(shí shí)
实事	(shí shì)
实事求是	(shí shì qiú shì)
实收	(shí shōu)
实收资本	(shí shōu zī běn)
实受资本	(shí shou zī běn)
实属	(shí shǔ)
实属不易	(shí shǔ bù yì)
实数	(shí shù)
实数集	(shí shù jí)
实数值	(shí shù zhí)
实岁	(shí suì)
实体	(shí tǐ)
实体层	(shí tǐ céng)
实体店	(shí tǐ diàn)
实体书	(shí tǐ shū)
实务	(shí wù)
实物	(shí wù)
实物教学	(shí wù jiào xué)
实习	(shí xí)
实习生	(shí xí shēng)
实现	(shí xiàn)
实线	(shí xiàn)
实相	(shí xiàng)
实效	(shí xiào)
实心	(shí xīn)
实心皮球	(shí xīn pí qiú)
实行	(shí xíng)
实验	(shí yàn)
实验室	(shí yàn shì)
实验室感染	(shí yàn shì gǎn rǎn)
实验所	(shí yàn suǒ)
实验心理学	(shí yàn xīn lǐ xué)
实验组	(shí yàn zǔ)
实洋	(shí yáng)
实业	(shí yè)
实业家	(shí yè jiā)
实意	(shí yì)
实用	(shí yòng)
实用价值	(shí yòng jià zhí)
实用主义	(shí yòng zhǔ yì)
实在	(shí zài)
实则	(shí zé)
实战	(shí zhàn)
实证	(shí zhèng)
实证主义	(shí zhèng zhǔ yì)
实值	(shí zhí)
实职	(shí zhí)
实至名归	(shí zhì míng guī)
实质	(shí zhì)
实质上	(shí zhì shàng)
实质性	(shí zhì xìng)
实肘	(shí zhǒu)
实足	(shí zú)
拾	(shè)
拾得	(shí dé)
拾掇	(shí duo)
拾荒	(shí huāng)
拾获	(shí huò)
拾级	(shè jí)
拾级而上	(shè jí ér shàng)
拾芥	(shí jiè)
拾金不昧	(shí jīn bù mèi)
拾零	(shí líng)
拾取	(shí qǔ)
拾人涕唾	(shí rén tì tuò)
拾人牙慧	(shí rén yá huì)
拾物	(shí wù)
拾遗	(shí yí)
拾遗补缺	(shí yí bǔ quē)
拾音器	(shí yīn qì)
埘	(shí)
寔	(shí)
史	(shǐ)
史册	(shǐ cè)
史臣	(shǐ chén)
史称	(shǐ chēng)
史传	(shǐ zhuàn)
史传小说	(shǐ zhuàn xiǎo shuō)
史黛西	(shǐ dài xī)
史丹顿岛	(shǐ dān dùn dǎo)
史丹佛	(shǐ dān fó)
史丹福大学	(shǐ dān fú dà xué)
史迪威	(shǐ dí wēi)
史蒂夫	(shǐ dì fū)
史蒂夫·乔布斯	(shǐ dì fū qiáo bù sī)
史蒂文	(shǐ dì wén)
史蒂文斯	(shǐ dì wén sī)
史高比耶	(shǐ gāo bǐ yē)
史观	(shǐ guān)
史官	(shǐ guān)
史籍	(shǐ jí)
史家	(shǐ jiā)
史景迁	(shǐ jǐng qiān)
史莱姆	(shǐ lái mǔ)
史料	(shǐ liào)
史密斯	(shǐ mì sī)
史沫特莱	(shǐ mò tè lái)
史奴比	(shǐ nú bǐ)
史努比	(shǐ nǔ bǐ)
史普尼克	(shǐ pǔ ní kè)
史前	(shǐ qián)
史前古器物	(shǐ qián gǔ qì wù)
史前人	(shǐ qián rén)
史上	(shǐ shàng)
史诗	(shǐ shī)
史诗般	(shǐ shī bān)
史诗级	(shǐ shī jí)
史诗性	(shǐ shī xìng)
史实	(shǐ shí)
史氏蝗莺	(shǐ shì huáng yīng)
史书	(shǐ shū)
史泰博	(shǐ tài bó)
史特劳斯	(shǐ tè láo sī)
史特龙	(shǐ tè lóng)
史提夫·贾伯斯	(shǐ tí fū · jiǎ bó sī)
史瓦帝尼	(shǐ wǎ dì ní)
史瓦济兰	(shǐ wǎ jì lán)
史瓦辛格	(shǐ wǎ xīn gé)
史威士	(shǐ wēi shì)
史无前例	(shǐ wú qián lì)
史学	(shǐ xué)
史学家	(shǐ xué jiā)
史卓	(shǐ zhuó)
乨	(shǐ)
使	(shǐ)
使不得	(shǐ bu de)
使成	(shǐ chéng)
使出	(shǐ chū)
使得	(shǐ de)
使馆	(shǐ guǎn)
使坏	(shǐ huài)
使唤	(shǐ huan)
使节	(shǐ jié)
使节团	(shǐ jié tuán)
使尽	(shǐ jìn)
使劲	(shǐ jìn)
使劲儿	(shǐ jìn r)
使领官员	(shǐ lǐng guān yuán)
使领馆	(shǐ lǐng guǎn)
使命	(shǐ mìng)
使然	(shǐ rán)
使人信服	(shǐ rén xìn fú)
使徒	(shǐ tú)
使徒行传	(shǐ tú xíng zhuàn)
使团	(shǐ tuán)
使性	(shǐ xìng)
使性子	(shǐ xìng zi)
使眼色	(shǐ yǎn sè)
使役	(shǐ yì)
使用	(shǐ yòng)
使用价值	(shǐ yòng jià zhí)
使用量	(shǐ yòng liàng)
使用权	(shǐ yòng quán)
使用条款	(shǐ yòng tiáo kuǎn)
使用者	(shǐ yòng zhě)
使者	(shǐ zhě)
始	(shǐ)
始点	(shǐ diǎn)
始发	(shǐ fā)
始建	(shǐ jiàn)
始料未及	(shǐ liào wèi jí)
始末	(shǐ mò)
始新纪	(shǐ xīn jì)
始新世	(shǐ xīn shì)
始新统	(shǐ xīn tǒng)
始兴县	(shǐ xīng xiàn)
始业式	(shǐ yè shì)
始终	(shǐ zhōng)
始终不渝	(shǐ zhōng bù yú)
始终如一	(shǐ zhōng rú yī)
始祖	(shǐ zǔ)
始祖鸟	(shǐ zǔ niǎo)
始作俑者	(shǐ zuò yǒng zhě)
兘	(shǐ)
宩	(shǐ)
屎	(shǐ)
屎蚵螂	(shǐ kē láng)
屎意	(shǐ yì)
士	(shì)
士巴拿	(shì bā ná)
士兵	(shì bīng)
士大夫	(shì dà fū)
士丹利	(shì dān lì)
士多	(shì duō)
士多啤梨	(shì duō pí lí)
士官	(shì guān)
士力架	(shì lì jià)
士林	(shì lín)
士林区	(shì lín qū)
士敏土	(shì mǐn tǔ)
士农工商	(shì nóng gōng shāng)
士气	(shì qì)
士人	(shì rén)
士师记	(shì shī jì)
士为知己者死，女为悦己者容	(shì wèi zhī jǐ zhě sǐ , nǚ wèi yuè jǐ zhě róng)
士子	(shì zǐ)
士卒	(shì zú)
士族	(shì zú)
世	(shì)
世伯	(shì bó)
世博	(shì bó)
世博会	(shì bó huì)
世仇	(shì chóu)
世代	(shì dài)
世代交替	(shì dài jiāo tì)
世代相传	(shì dài xiāng chuán)
世道	(shì dào)
世风	(shì fēng)
世风日下	(shì fēng rì xià)
世故	(shì gù)
世纪	(shì jì)
世纪末	(shì jì mò)
世纪末年	(shì jì mò nián)
世家	(shì jiā)
世间	(shì jiān)
世交	(shì jiāo)
世界	(shì jiè)
世界报	(shì jiè bào)
世界杯	(shì jiè bēi)
世界变暖	(shì jiè biàn nuǎn)
世界波	(shì jiè bō)
世界博览会	(shì jiè bó lǎn huì)
世界大战	(shì jiè dà zhàn)
世界第一	(shì jiè dì yī)
世界各地	(shì jiè gè dì)
世界观	(shì jiè guān)
世界海关组织	(shì jiè hǎi guān zǔ zhī)
世界和平	(shì jiè hé píng)
世界级	(shì jiè jí)
世界纪录	(shì jiè jì lù)
世界金融中心	(shì jiè jīn róng zhōng xīn)
世界经济	(shì jiè jīng jì)
世界经济论坛	(shì jiè jīng jì lùn tán)
世界粮食署	(shì jiè liáng shi shǔ)
世界旅游组织	(shì jiè lǚ yóu zǔ zhī)
世界贸易	(shì jiè mào yì)
世界贸易中心	(shì jiè mào yì zhōng xīn)
世界贸易组织	(shì jiè mào yì zǔ zhī)
世界末日	(shì jiè mò rì)
世界气象组织	(shì jiè qì xiàng zǔ zhī)
世界强国	(shì jiè qiáng guó)
世界人权宣言	(shì jiè rén quán xuān yán)
世界日报	(shì jiè rì bào)
世界维吾尔代表大会	(shì jiè wéi wú ěr dài biǎo dà huì)
世界卫生大会	(shì jiè wèi shēng dà huì)
世界卫生组织	(shì jiè wèi shēng zǔ zhī)
世界文化遗产	(shì jiè wén huà yí chǎn)
世界文化遗产地	(shì jiè wén huà yí chǎn dì)
世界闻名	(shì jiè wén míng)
世界屋脊	(shì jiè wū jǐ)
世界小姐选美	(shì jiè xiǎo jie xuǎn měi)
世界野生生物基金会	(shì jiè yě shēng shēng wù jī jīn huì)
世界银行	(shì jiè yín háng)
世界语	(shì jiè yǔ)
世界运动会	(shì jiè yùn dòng huì)
世界知名	(shì jiè zhī míng)
世界知识产权组织	(shì jiè zhī shí chǎn quán zǔ zhī)
世界自然基金会	(shì jiè zì rán jī jīn huì)
世锦赛	(shì jǐn sài)
世局	(shì jú)
世爵	(shì jué)
世禄	(shì lù)
世禄之家	(shì lù zhī jiā)
世贸	(shì mào)
世贸大厦	(shì mào dà shà)
世贸中心大楼	(shì mào zhōng xīn dà lóu)
世贸组织	(shì mào zǔ zhī)
世面	(shì miàn)
世母	(shì mǔ)
世情	(shì qíng)
世人	(shì rén)
世上	(shì shàng)
世世	(shì shì)
世世代代	(shì shì dài dài)
世事	(shì shì)
世说新语	(shì shuō xīn yǔ)
世俗	(shì sú)
世态	(shì tài)
世态炎凉	(shì tài yán liáng)
世涛	(shì tāo)
世维会	(shì wéi huì)
世卫	(shì wèi)
世卫组织	(shì wèi zǔ zhī)
世务	(shì wù)
世袭	(shì xí)
世袭君主国	(shì xí jūn zhǔ guó)
世袭罔替	(shì xí wǎng tì)
世袭之争	(shì xí zhī zhēng)
世系	(shì xì)
世相	(shì xiàng)
世行	(shì háng)
世银	(shì yín)
世运	(shì yùn)
世职	(shì zhí)
世胄	(shì zhòu)
世子	(shì zǐ)
世足	(shì zú)
世尊	(shì zūn)
丗	(shì)
仕	(shì)
仕宦	(shì huàn)
仕女	(shì nǚ)
仕途	(shì tú)
市	(shì)
市北区	(shì běi qū)
市曹	(shì cáo)
市场	(shì chǎng)
市场调查	(shì chǎng diào chá)
市场定位	(shì chǎng dìng wèi)
市场份额	(shì chǎng fèn é)
市场化	(shì chǎng huà)
市场划分	(shì chǎng huà fēn)
市场换技术	(shì chǎng huàn jì shù)
市场价	(shì chǎng jià)
市场经济	(shì chǎng jīng jì)
市场竞争	(shì chǎng jìng zhēng)
市场营销	(shì chǎng yíng xiāo)
市场占有率	(shì chǎng zhàn yǒu lǜ)
市场准入	(shì chǎng zhǔn rù)
市尺	(shì chǐ)
市寸	(shì cùn)
市撮	(shì cuō)
市电	(shì diàn)
市分	(shì fēn)
市府	(shì fǔ)
市集	(shì jí)
市价	(shì jià)
市郊	(shì jiāo)
市井	(shì jǐng)
市井小民	(shì jǐng xiǎo mín)
市净率	(shì jìng lǜ)
市侩	(shì kuài)
市立	(shì lì)
市面	(shì miàn)
市面上	(shì miàn shàng)
市民	(shì mín)
市民社会	(shì mín shè huì)
市南区	(shì nán qū)
市内	(shì nèi)
市区	(shì qū)
市容	(shì róng)
市委	(shì wěi)
市辖区	(shì xiá qū)
市县	(shì xiàn)
市议会	(shì yì huì)
市议员	(shì yì yuán)
市盈率	(shì yíng lǜ)
市占率	(shì zhàn lǜ)
市长	(shì zhǎng)
市丈	(shì zhàng)
市镇	(shì zhèn)
市政	(shì zhèng)
市政府	(shì zhèng fǔ)
市政税	(shì zhèng shuì)
市政厅	(shì zhèng tīng)
市值	(shì zhí)
市制	(shì zhì)
市中区	(shì zhōng qū)
市中心	(shì zhōng xīn)
式	(shì)
式微	(shì wēi)
式样	(shì yàng)
式子	(shì zi)
卋	(shì)
似	(sì)
似曾相识	(sì céng xiāng shí)
似地	(shì de)
似的	(shì de)
似懂非懂	(sì dǒng fēi dǒng)
似鲴	(sì gù)
似核	(sì hé)
似乎	(sì hū)
似是而非	(sì shì ér fēi)
似水年华	(sì shuǐ nián huá)
似笑非笑	(sì xiào fēi xiào)
似雪	(sì xuě)
亊	(shì)
势	(shì)
势必	(shì bì)
势不可当	(shì bù kě dāng)
势不两立	(shì bù liǎng lì)
势成骑虎	(shì chéng qí hǔ)
势单力薄	(shì dān lì bó)
势降	(shì jiàng)
势阱	(shì jǐng)
势均力敌	(shì jūn lì dí)
势力	(shì li)
势利	(shì lì)
势利小人	(shì li xiǎo rén)
势利眼	(shì li yǎn)
势能	(shì néng)
势如破竹	(shì rú pò zhú)
势态	(shì tài)
势头	(shì tóu)
势要	(shì yào)
势在必得	(shì zài bì dé)
势在必行	(shì zài bì xíng)
势子	(shì zi)
势族	(shì zú)
事	(shì)
事半功倍	(shì bàn gōng bèi)
事倍功半	(shì bèi gōng bàn)
事必躬亲	(shì bì gōng qīn)
事变	(shì biàn)
事不关己	(shì bù guān jǐ)
事不关己，高高挂起	(shì bù guān jǐ , gāo gāo guà qǐ)
事不过三	(shì bù guò sān)
事不宜迟	(shì bù yí chí)
事到今日	(shì dào jīn rì)
事到临头	(shì dào lín tóu)
事到如今	(shì dào rú jīn)
事典	(shì diǎn)
事端	(shì duān)
事儿	(shì r)
事儿B	(shì r b)
事儿妈	(shì r mā)
事发地点	(shì fā dì diǎn)
事奉	(shì fèng)
事工	(shì gōng)
事故	(shì gù)
事故照射	(shì gù zhào shè)
事关	(shì guān)
事关重大	(shì guān zhòng dà)
事过境迁	(shì guò jìng qiān)
事后	(shì hòu)
事后聪明	(shì hòu cōng ming)
事后诸葛亮	(shì hòu zhū gě liàng)
事机	(shì jī)
事迹	(shì jì)
事假	(shì jià)
事件	(shì jiàn)
事件相关电位	(shì jiàn xiāng guān diàn wèi)
事界	(shì jiè)
事理	(shì lǐ)
事例	(shì lì)
事略	(shì lüè)
事怕行家	(shì pà háng jiā)
事前	(shì qián)
事情	(shì qing)
事权	(shì quán)
事实	(shì shí)
事实根据	(shì shí gēn jù)
事实婚	(shì shí hūn)
事实婚姻	(shì shí hūn yīn)
事实上	(shì shí shàng)
事实胜于雄辩	(shì shí shèng yú xióng biàn)
事势	(shì shì)
事事	(shì shì)
事态	(shì tài)
事态发展	(shì tài fā zhǎn)
事体	(shì tǐ)
事危累卵	(shì wēi lěi luǎn)
事无巨细	(shì wú jù xì)
事务	(shì wù)
事务繁忙	(shì wù fán máng)
事务律师	(shì wù lǜ shī)
事务所	(shì wù suǒ)
事物	(shì wù)
事先	(shì xiān)
事先通知	(shì xiān tōng zhī)
事项	(shì xiàng)
事业	(shì yè)
事业编	(shì yè biān)
事业单位	(shì yè dān wèi)
事业线	(shì yè xiàn)
事业心	(shì yè xīn)
事业有成	(shì yè yǒu chéng)
事宜	(shì yí)
事由	(shì yóu)
事与愿违	(shì yǔ yuàn wéi)
事在人为	(shì zài rén wéi)
事证	(shì zhèng)
事主	(shì zhǔ)
侍	(shì)
侍从	(shì cóng)
侍从官	(shì cóng guān)
侍奉	(shì fèng)
侍候	(shì hòu)
侍郎	(shì láng)
侍立	(shì lì)
侍弄	(shì nòng)
侍女	(shì nǚ)
侍妾	(shì qiè)
侍卫	(shì wèi)
侍卫官	(shì wèi guān)
侍应	(shì yìng)
侍应生	(shì yìng shēng)
侍者	(shì zhě)
拭	(shì)
拭除	(shì chú)
拭抹	(shì mǒ)
拭目	(shì mù)
拭目倾耳	(shì mù qīng ěr)
拭目以待	(shì mù yǐ dài)
拭子	(shì zi)
柿	(shì)
柿饼	(shì bǐng)
柿子	(shì zi)
柿子椒	(shì zi jiāo)
柿子挑软的捏	(shì zi tiāo ruǎn de niē)
是	(shì)
是不是	(shì bu shì)
是次	(shì cì)
是德科技	(shì dé kē jì)
是的	(shì de)
是非	(shì fēi)
是非不分	(shì fēi bù fēn)
是非分明	(shì fēi fēn míng)
是非莫辨	(shì fēi mò biàn)
是非曲直	(shì fēi qū zhí)
是非之地	(shì fēi zhī dì)
是非自有公论	(shì fēi zì yǒu gōng lùn)
是否	(shì fǒu)
是故	(shì gù)
是荷	(shì hé)
是可忍，孰不可忍	(shì kě rěn , shú bù kě rěn)
是拉差	(shì lā chā)
是骡子是马，牵出来遛遛	(shì luó zi shì mǎ , qiān chū lai liù liu)
是日	(shì rì)
是味儿	(shì wèi r)
是药三分毒	(shì yào sān fēn dú)
是以	(shì yǐ)
恃	(shì)
恃才傲物	(shì cái ào wù)
恃强欺弱	(shì qiáng qī ruò)
室	(shì)
室颤	(shì chàn)
室町	(shì tǐng)
室町幕府	(shì tǐng mù fǔ)
室迩人遐	(shì ěr rén xiá)
室内	(shì nèi)
室内乐	(shì nèi yuè)
室内设计	(shì nèi shè jì)
室内装潢	(shì nèi zhuāng huáng)
室女	(shì nǚ)
室女座	(shì nǚ zuò)
室外	(shì wài)
室韦	(shì wéi)
室温	(shì wēn)
室友	(shì yǒu)
揓	(shì)
弑	(shì)
弑父	(shì fù)
弑君	(shì jūn)
弑母	(shì mǔ)
媞	(tí)
嗜	(shì)
嗜好	(shì hào)
嗜碱性粒细胞	(shì jiǎn xìng lì xì bāo)
嗜碱性球	(shì jiǎn xìng qiú)
嗜酒如命	(shì jiǔ rú mìng)
嗜杀成性	(shì shā chéng xìng)
嗜睡症	(shì shuì zhèng)
嗜酸乳杆菌	(shì suān rǔ gǎn jūn)
嗜酸性粒细胞	(shì suān xìng lì xì bāo)
嗜酸性球	(shì suān xìng qiú)
嗜血	(shì xuè)
嗜血杆菌	(shì xuè gǎn jūn)
嗜欲	(shì yù)
奭	(shì)
噬	(shì)
噬菌体	(shì jūn tǐ)
噬脐莫及	(shì qí mò jí)
噬咬	(shì yǎo)
匙	(chí)
収	(shōu)
收	(shōu)
收报	(shōu bào)
收报机	(shōu bào jī)
收报人	(shōu bào rén)
收报室	(shōu bào shì)
收报员	(shōu bào yuán)
收编	(shōu biān)
收兵	(shōu bīng)
收残缀轶	(shōu cán zhuì yì)
收藏	(shōu cáng)
收藏夹	(shōu cáng jiā)
收藏家	(shōu cáng jiā)
收场	(shōu chǎng)
收成	(shōu chéng)
收词	(shōu cí)
收存	(shōu cún)
收存箱	(shōu cún xiāng)
收到	(shōu dào)
收地	(shōu dì)
收冬	(shōu dōng)
收发	(shōu fā)
收发室	(shōu fā shì)
收方	(shōu fāng)
收房	(shōu fáng)
收废站	(shōu fèi zhàn)
收费	(shōu fèi)
收费站	(shōu fèi zhàn)
收伏	(shōu fú)
收服	(shōu fú)
收复	(shōu fù)
收复失地	(shōu fù shī dì)
收腹	(shōu fù)
收割	(shōu gē)
收割机	(shōu gē jī)
收割者	(shōu gē zhě)
收工	(shōu gōng)
收购	(shōu gòu)
收购要约	(shōu gòu yāo yuē)
收官	(shōu guān)
收回	(shōu huí)
收汇	(shōu huì)
收货人	(shōu huò rén)
收获	(shōu huò)
收获节	(shōu huò jié)
收集	(shōu jí)
收假	(shōu jià)
收监	(shōu jiān)
收件人	(shōu jiàn rén)
收件匣	(shōu jiàn xiá)
收件箱	(shōu jiàn xiāng)
收缴	(shōu jiǎo)
收紧	(shōu jǐn)
收据	(shōu jù)
收看	(shōu kàn)
收口	(shōu kǒu)
收款	(shōu kuǎn)
收款台	(shōu kuǎn tái)
收揽	(shōu lǎn)
收礼	(shōu lǐ)
收敛	(shōu liǎn)
收敛锋芒	(shōu liǎn fēng máng)
收敛级数	(shōu liǎn jí shù)
收敛性	(shōu liǎn xìng)
收敛序列	(shōu liǎn xù liè)
收列	(shōu liè)
收留	(shōu liú)
收留所	(shōu liú suǒ)
收拢	(shōu lǒng)
收拢人心	(shōu lǒng rén xīn)
收录	(shōu lù)
收录机	(shōu lù jī)
收罗	(shōu luó)
收买	(shōu mǎi)
收纳	(shōu nà)
收盘	(shōu pán)
收盘价	(shōu pán jià)
收票员	(shōu piào yuán)
收旗卷伞	(shōu qí juǎn sǎn)
收讫	(shōu qì)
收取	(shōu qǔ)
收容	(shōu róng)
收容教育	(shōu róng jiào yù)
收容人	(shōu róng rén)
收容所	(shōu róng suǒ)
收入	(shōu rù)
收山	(shōu shān)
收山之作	(shōu shān zhī zuò)
收生婆	(shōu shēng pó)
收声	(shōu shēng)
收尸	(shōu shī)
收拾	(shōu shi)
收拾残局	(shōu shi cán jú)
收市	(shōu shì)
收视	(shōu shì)
收视率	(shōu shì lǜ)
收手	(shōu shǒu)
收受	(shōu shòu)
收束	(shōu shù)
收税	(shōu shuì)
收缩	(shōu suō)
收缩压	(shōu suō yā)
收条	(shōu tiáo)
收听	(shōu tīng)
收妥	(shōu tuǒ)
收尾	(shōu wěi)
收尾音	(shōu wěi yīn)
收悉	(shōu xī)
收下	(shōu xià)
收线	(shōu xiàn)
收效	(shōu xiào)
收心	(shōu xīn)
收讯	(shōu xùn)
收押	(shōu yā)
收养	(shōu yǎng)
收益	(shōu yì)
收益率	(shōu yì lǜ)
收益帐户	(shōu yì zhàng hù)
收音	(shōu yīn)
收音机	(shōu yīn jī)
收银	(shōu yín)
收银机	(shōu yín jī)
收银台	(shōu yín tái)
收银员	(shōu yín yuán)
收支	(shōu zhī)
收支平衡点	(shōu zhī píng héng diǎn)
收支相抵	(shōu zhī xiāng dǐ)
收租	(shōu zū)
手	(shǒu)
手把	(shǒu bà)
手扳葫芦	(shǒu bān hú lu)
手板葫芦	(shǒu bǎn hú lu)
手办	(shǒu bàn)
手包	(shǒu bāo)
手背	(shǒu bèi)
手笔	(shǒu bǐ)
手臂	(shǒu bì)
手边	(shǒu biān)
手表	(shǒu biǎo)
手柄	(shǒu bǐng)
手脖子	(shǒu bó zi)
手不释卷	(shǒu bù shì juàn)
手残	(shǒu cán)
手册	(shǒu cè)
手抄本	(shǒu chāo běn)
手掣	(shǒu chè)
手锤	(shǒu chuí)
手搓	(shǒu cuō)
手搭凉棚	(shǒu dā liáng péng)
手刀	(shǒu dāo)
手嶌葵	(shǒu dǎo kuí)
手到拈来	(shǒu dào niān lái)
手到擒来	(shǒu dào qín lái)
手倒立	(shǒu dào lì)
手电	(shǒu diàn)
手电筒	(shǒu diàn tǒng)
手定	(shǒu dìng)
手动	(shǒu dòng)
手动变速器	(shǒu dòng biàn sù qì)
手动挡	(shǒu dòng dǎng)
手段	(shǒu duàn)
手法	(shǒu fǎ)
手风琴	(shǒu fēng qín)
手缝	(shǒu féng)
手感	(shǒu gǎn)
手稿	(shǒu gǎo)
手工	(shǒu gōng)
手工台	(shǒu gōng tái)
手工业	(shǒu gōng yè)
手工艺	(shǒu gōng yì)
手滑	(shǒu huá)
手环	(shǒu huán)
手绘	(shǒu huì)
手活	(shǒu huó)
手机	(shǒu jī)
手机卡	(shǒu jī kǎ)
手机壳	(shǒu jī ké)
手机条码	(shǒu jī tiáo mǎ)
手记	(shǒu jì)
手迹	(shǒu jì)
手贱	(shǒu jiàn)
手交	(shǒu jiāo)
手脚	(shǒu jiǎo)
手脚不干净	(shǒu jiǎo bù gān jìng)
手巾	(shǒu jīn)
手筋	(shǒu jīn)
手紧	(shǒu jǐn)
手劲	(shǒu jìn)
手颈	(shǒu jǐng)
手举牌	(shǒu jǔ pái)
手锯	(shǒu jù)
手卷	(shǒu juàn)
手绢	(shǒu juàn)
手铐	(shǒu kào)
手控	(shǒu kòng)
手拉车	(shǒu lā chē)
手拉葫芦	(shǒu lā hú lu)
手拉手	(shǒu lā shǒu)
手雷	(shǒu léi)
手里	(shǒu lǐ)
手里剑	(shǒu lǐ jiàn)
手链	(shǒu liàn)
手榴弹	(shǒu liú dàn)
手忙脚乱	(shǒu máng jiǎo luàn)
手拿	(shǒu ná)
手拿包	(shǒu ná bāo)
手帕	(shǒu pà)
手排	(shǒu pái)
手气	(shǒu qì)
手牵手	(shǒu qiān shǒu)
手欠	(shǒu qiàn)
手枪	(shǒu qiāng)
手巧	(shǒu qiǎo)
手球	(shǒu qiú)
手刃	(shǒu rèn)
手软	(shǒu ruǎn)
手刹	(shǒu shā)
手刹车	(shǒu shā chē)
手式	(shǒu shì)
手势	(shǒu shì)
手书	(shǒu shū)
手术	(shǒu shù)
手术镊	(shǒu shù niè)
手术室	(shǒu shù shì)
手术台	(shǒu shù tái)
手松	(shǒu sōng)
手速	(shǒu sù)
手套	(shǒu tào)
手套箱	(shǒu tào xiāng)
手提	(shǒu tí)
手提包	(shǒu tí bāo)
手提电脑	(shǒu tí diàn nǎo)
手提箱	(shǒu tí xiāng)
手头	(shǒu tóu)
手头紧	(shǒu tóu jǐn)
手头现金	(shǒu tóu xiàn jīn)
手推车	(shǒu tuī chē)
手腕	(shǒu wàn)
手腕式	(shǒu wàn shì)
手腕子	(shǒu wàn zi)
手无寸铁	(shǒu wú cùn tiě)
手无缚鸡之力	(shǒu wú fù jī zhī lì)
手舞足蹈	(shǒu wǔ zú dǎo)
手洗	(shǒu xǐ)
手下	(shǒu xià)
手下败将	(shǒu xià bài jiàng)
手下留情	(shǒu xià liú qíng)
手相	(shǒu xiàng)
手写	(shǒu xiě)
手写笔	(shǒu xiě bǐ)
手写识别	(shǒu xiě shí bié)
手写体	(shǒu xiě tǐ)
手心	(shǒu xīn)
手心手背都是肉	(shǒu xīn shǒu bèi dōu shì ròu)
手性	(shǒu xìng)
手续	(shǒu xù)
手续费	(shǒu xù fèi)
手眼通天	(shǒu yǎn tōng tiān)
手眼协调	(shǒu yǎn xié tiáo)
手痒	(shǒu yǎng)
手摇	(shǒu yáo)
手摇柄	(shǒu yáo bǐng)
手摇风琴	(shǒu yáo fēng qín)
手摇饮料	(shǒu yáo yǐn liào)
手艺	(shǒu yì)
手淫	(shǒu yín)
手印	(shǒu yìn)
手影	(shǒu yǐng)
手用	(shǒu yòng)
手游	(shǒu yóu)
手语	(shǒu yǔ)
手谕	(shǒu yù)
手札	(shǒu zhá)
手闸	(shǒu zhá)
手章	(shǒu zhāng)
手掌	(shǒu zhǎng)
手杖	(shǒu zhàng)
手帐	(shǒu zhàng)
手纸	(shǒu zhǐ)
手指	(shǒu zhǐ)
手指头	(shǒu zhǐ tou)
手制	(shǒu zhì)
手肘	(shǒu zhǒu)
手抓饼	(shǒu zhuā bǐng)
手抓饭	(shǒu zhuā fàn)
手抓羊肉	(shǒu zhuā yáng ròu)
手镯	(shǒu zhuó)
手自一体	(shǒu zì yī tǐ)
手足	(shǒu zú)
手足口病	(shǒu zú kǒu bìng)
手足口症	(shǒu zú kǒu zhèng)
手足亲情	(shǒu zú qīn qíng)
手足无措	(shǒu zú wú cuò)
手足之情	(shǒu zú zhī qíng)
手钻	(shǒu zuàn)
守	(shǒu)
守备	(shǒu bèi)
守兵	(shǒu bīng)
守财奴	(shǒu cái nú)
守车	(shǒu chē)
守成	(shǒu chéng)
守敌	(shǒu dí)
守法	(shǒu fǎ)
守分	(shǒu fèn)
守服	(shǒu fú)
守更	(shǒu gēng)
守宫	(shǒu gōng)
守寡	(shǒu guǎ)
守规矩	(shǒu guī ju)
守恒	(shǒu héng)
守恒定律	(shǒu héng dìng lǜ)
守候	(shǒu hòu)
守护	(shǒu hù)
守护神	(shǒu hù shén)
守活寡	(shǒu huó guǎ)
守节	(shǒu jié)
守旧	(shǒu jiù)
守旧派	(shǒu jiù pài)
守军	(shǒu jūn)
守空房	(shǒu kōng fáng)
守口如瓶	(shǒu kǒu rú píng)
守灵	(shǒu líng)
守门	(shǒu mén)
守门人	(shǒu mén rén)
守门员	(shǒu mén yuán)
守丧	(shǒu sāng)
守身	(shǒu shēn)
守身如玉	(shǒu shēn rú yù)
守时	(shǒu shí)
守势	(shǒu shì)
守岁	(shǒu suì)
守土	(shǒu tǔ)
守土有责	(shǒu tǔ yǒu zé)
守望	(shǒu wàng)
守望台	(shǒu wàng tái)
守望相助	(shǒu wàng xiāng zhù)
守卫	(shǒu wèi)
守卫者	(shǒu wèi zhě)
守孝	(shǒu xiào)
守信	(shǒu xìn)
守信用	(shǒu xìn yòng)
守业	(shǒu yè)
守夜	(shǒu yè)
守一而终	(shǒu yī ér zhōng)
守御	(shǒu yù)
守约	(shǒu yuē)
守则	(shǒu zé)
守斋	(shǒu zhāi)
守正不阿	(shǒu zhèng bù ē)
守职	(shǒu zhí)
守制	(shǒu zhì)
守株待兔	(shǒu zhū dài tù)
守株待兔，缘木求鱼	(shǒu zhū dài tù , yuán mù qiú yú)
守株缘木	(shǒu zhū yuán mù)
守住	(shǒu zhu)
守拙	(shǒu zhuō)
寿	(shòu)
寿比南山	(shòu bǐ nán shān)
寿材	(shòu cái)
寿辰	(shòu chén)
寿带	(shòu dài)
寿诞	(shòu dàn)
寿丰	(shòu fēng)
寿丰乡	(shòu fēng xiāng)
寿糕	(shòu gāo)
寿光市	(shòu guāng shì)
寿考	(shòu kǎo)
寿礼	(shòu lǐ)
寿面	(shòu miàn)
寿命	(shòu mìng)
寿命不长	(shòu mìng bù cháng)
寿宁县	(shòu níng xiàn)
寿数	(shòu shu)
寿司	(shòu sī)
寿堂	(shòu táng)
寿桃	(shòu táo)
寿桃包	(shòu táo bāo)
寿王坟	(shòu wáng fén)
寿喜烧	(shòu xǐ shāo)
寿险	(shòu xiǎn)
寿县	(shòu xiàn)
寿限	(shòu xiàn)
寿星	(shòu xīng)
寿筵	(shòu yán)
寿阳县	(shòu yáng xiàn)
寿衣	(shòu yī)
寿元	(shòu yuán)
寿终	(shòu zhōng)
寿终正寝	(shòu zhōng zhèng qǐn)
受	(shòu)
受保人	(shòu bǎo rén)
受瘪	(shòu biě)
受病	(shòu bìng)
受不了	(shòu bù liǎo)
受禅	(shòu shàn)
受潮	(shòu cháo)
受持	(shòu chí)
受宠	(shòu chǒng)
受宠若惊	(shòu chǒng ruò jīng)
受词	(shòu cí)
受挫	(shòu cuò)
受到	(shòu dào)
受得了	(shòu de liǎo)
受电弓	(shòu diàn gōng)
受法律保护权	(shòu fǎ lǜ bǎo hù quán)
受访	(shòu fǎng)
受访者	(shòu fǎng zhě)
受封	(shòu fēng)
受俸	(shòu fèng)
受膏	(shòu gāo)
受格	(shòu gé)
受够	(shòu gòu)
受雇	(shòu gù)
受过	(shòu guò)
受害	(shòu hài)
受害人	(shòu hài rén)
受害者	(shòu hài zhě)
受寒	(shòu hán)
受欢迎	(shòu huān yíng)
受贿	(shòu huì)
受惠	(shòu huì)
受夹板气	(shòu jiā bǎn qì)
受降	(shòu xiáng)
受降仪式	(shòu xiáng yí shì)
受教	(shòu jiào)
受戒	(shòu jiè)
受尽	(shòu jìn)
受浸	(shòu jìn)
受惊	(shòu jīng)
受精	(shòu jīng)
受精卵	(shòu jīng luǎn)
受精囊	(shòu jīng náng)
受窘	(shòu jiǒng)
受看	(shòu kàn)
受控	(shòu kòng)
受苦	(shòu kǔ)
受困	(shòu kùn)
受累	(shòu lěi)
受礼	(shòu lǐ)
受理	(shòu lǐ)
受凉	(shòu liáng)
受领	(shòu lǐng)
受命	(shòu mìng)
受命于天	(shòu mìng yú tiān)
受纳	(shòu nà)
受难	(shòu nàn)
受难纪念	(shòu nán jì niàn)
受难日	(shòu nàn rì)
受难者	(shòu nàn zhě)
受虐	(shòu nüè)
受虐狂	(shòu nüè kuáng)
受骗	(shòu piàn)
受聘	(shòu pìn)
受聘于	(shòu pìn yú)
受气	(shòu qì)
受气包	(shòu qì bāo)
受穷	(shòu qióng)
受取	(shòu qǔ)
受权	(shòu quán)
受热	(shòu rè)
受任	(shòu rèn)
受辱	(shòu rǔ)
受伤	(shòu shāng)
受赏	(shòu shǎng)
受审	(shòu shěn)
受事	(shòu shì)
受试者	(shòu shì zhě)
受暑	(shòu shǔ)
受死	(shòu sǐ)
受损	(shòu sǔn)
受胎	(shòu tāi)
受体	(shòu tǐ)
受体拮抗剂	(shòu tǐ jié kàng jì)
受听	(shòu tīng)
受托	(shòu tuō)
受托人	(shòu tuō rén)
受托者	(shòu tuō zhě)
受洗	(shòu xǐ)
受洗命名	(shòu xǐ mìng míng)
受限	(shòu xiàn)
受享	(shòu xiǎng)
受刑	(shòu xíng)
受刑人	(shòu xíng rén)
受性	(shòu xìng)
受训	(shòu xùn)
受业	(shòu yè)
受益	(shòu yì)
受益匪浅	(shòu yì fěi qiǎn)
受益人	(shòu yì rén)
受用	(shòu yong)
受约束	(shòu yuē shù)
受孕	(shòu yùn)
受灾	(shòu zāi)
受灾地区	(shòu zāi dì qū)
受支配	(shòu zhī pèi)
受知	(shòu zhī)
受制	(shòu zhì)
受众	(shòu zhòng)
受主	(shòu zhǔ)
受追捧	(shòu zhuī pěng)
受阻	(shòu zǔ)
受罪	(shòu zuì)
授	(shòu)
授粉	(shòu fěn)
授计	(shòu jì)
授奖	(shòu jiǎng)
授精	(shòu jīng)
授课	(shòu kè)
授命	(shòu mìng)
授权	(shòu quán)
授权范围	(shòu quán fàn wéi)
授权令	(shòu quán lìng)
授人以柄	(shòu rén yǐ bǐng)
授人以鱼不如授人以渔	(shòu rén yǐ yú bù rú shòu rén yǐ yú)
授任	(shòu rèn)
授乳	(shòu rǔ)
授时	(shòu shí)
授受	(shòu shòu)
授衔	(shòu xián)
授信	(shòu xìn)
授勋	(shòu xūn)
授业	(shòu yè)
授意	(shòu yì)
授与	(shòu yǔ)
授予	(shòu yǔ)
授证	(shòu zhèng)
授之以鱼不如授之以渔	(shòu zhī yǐ yú bù rú shòu zhī yǐ yú)
售	(shòu)
售后服务	(shòu hòu fú wù)
售货	(shòu huò)
售货台	(shòu huò tái)
售货员	(shòu huò yuán)
售价	(shòu jià)
售卖	(shòu mài)
售票	(shòu piào)
售票处	(shòu piào chù)
售票口	(shòu piào kǒu)
售票员	(shòu piào yuán)
售罄	(shòu qìng)
售完	(shòu wán)
售完即止	(shòu wán jí zhǐ)
夀	(shòu)
殳	(shū)
书	(shū)
书案	(shū àn)
书板	(shū bǎn)
书包	(shū bāo)
书报	(shū bào)
书本	(shū běn)
书不尽言	(shū bù jìn yán)
书虫	(shū chóng)
书橱	(shū chú)
书呆子	(shū dāi zi)
书挡	(shū dǎng)
书档	(shū dàng)
书店	(shū diàn)
书牍	(shū dú)
书蠹	(shū dù)
书法	(shū fǎ)
书法家	(shū fǎ jiā)
书房	(shū fáng)
书肺	(shū fèi)
书风	(shū fēng)
书稿	(shū gǎo)
书馆	(shū guǎn)
书馆儿	(shū guǎn r)
书柜	(shū guì)
书函	(shū hán)
书号	(shū hào)
书画	(shū huà)
书画家	(shū huà jiā)
书画毡	(shū huà zhān)
书会	(shū huì)
书籍	(shū jí)
书脊	(shū jǐ)
书记	(shū ji)
书记处	(shū ji chù)
书记官	(shū ji guān)
书迹	(shū jì)
书架	(shū jià)
书柬	(shū jiǎn)
书简	(shū jiǎn)
书角	(shū jiǎo)
书经	(shū jīng)
书局	(shū jú)
书卷	(shū juàn)
书卷奖	(shū juàn jiǎng)
书卷气	(shū juàn qì)
书刊	(shū kān)
书库	(shū kù)
书立	(shū lì)
书眉	(shū méi)
书面	(shū miàn)
书面许可	(shū miàn xǔ kě)
书面语	(shū miàn yǔ)
书名	(shū míng)
书名号	(shū míng hào)
书目	(shū mù)
书皮	(shū pí)
书皮儿	(shū pí r)
书评	(shū píng)
书签	(shū qiān)
书箧	(shū qiè)
书社	(shū shè)
书生	(shū shēng)
书圣	(shū shèng)
书坛	(shū tán)
书题	(shū tí)
书体	(shū tǐ)
书亭	(shū tíng)
书香	(shū xiāng)
书香门第	(shū xiāng mén dì)
书写	(shū xiě)
书写不能症	(shū xiě bù néng zhèng)
书写符号	(shū xiě fú hào)
书写语言	(shū xiě yǔ yán)
书信	(shū xìn)
书信集	(shū xìn jí)
书腰	(shū yāo)
书页	(shū yè)
书院	(shū yuàn)
书约	(shū yuē)
书札	(shū zhá)
书斋	(shū zhāi)
书证	(shū zhèng)
书中自有黄金屋，书中自有颜如玉	(shū zhōng zì yǒu huáng jīn wū , shū zhōng zì yǒu yán rú yù)
书桌	(shū zhuō)
尗	(shū)
抒	(shū)
抒发	(shū fā)
抒怀	(shū huái)
抒情	(shū qíng)
抒情诗	(shū qíng shī)
抒写	(shū xiě)
枢	(shū)
枢机	(shū jī)
枢机主教	(shū jī zhǔ jiào)
枢密院	(shū mì yuàn)
枢纽	(shū niǔ)
枢垣	(shū yuán)
枢轴	(shū zhóu)
杸	(shū)
叔	(shū)
叔本华	(shū běn huá)
叔伯	(shū bai)
叔父	(shū fù)
叔公	(shū gōng)
叔母	(shū mǔ)
叔娘	(shū niáng)
叔婆	(shū pó)
叔叔	(shū shu)
叔岳	(shū yuè)
叔丈母	(shū zhàng mǔ)
叔丈人	(shū zhàng rén)
叔子	(shū zi)
叔祖	(shū zǔ)
叔祖母	(shū zǔ mǔ)
姝	(shū)
殊	(shū)
殊不知	(shū bù zhī)
殊荣	(shū róng)
殊色	(shū sè)
殊深轸念	(shū shēn zhěn niàn)
殊死	(shū sǐ)
殊途同归	(shū tú tóng guī)
殊乡	(shū xiāng)
殊异	(shū yì)
殊域周咨录	(shū yù zhōu zī lù)
殊致	(shū zhì)
殊姿	(shū zī)
倏	(shū)
倏地	(shū de)
倏忽	(shū hū)
倏然	(shū rán)
梳	(shū)
梳篦	(shū bì)
梳芙厘	(shū fú lí)
梳乎厘	(shū hū lí)
梳理	(shū lǐ)
梳弄	(shū nòng)
梳头	(shū tóu)
梳洗	(shū xǐ)
梳妆	(shū zhuāng)
梳妆室	(shū zhuāng shì)
梳妆台	(shū zhuāng tái)
梳子	(shū zi)
摅	(shū)
孰	(shú)
孰料	(shú liào)
孰优孰劣	(shú yōu shú liè)
孰真孰假	(shú zhēn shú jiǎ)
塾	(shú)
暑	(shǔ)
暑促	(shǔ cù)
暑假	(shǔ jià)
暑期	(shǔ qī)
暑期学校	(shǔ qī xué xiào)
暑气	(shǔ qì)
暑热	(shǔ rè)
暑天	(shǔ tiān)
暑温	(shǔ wēn)
暑瘟	(shǔ wēn)
属	(shǔ)
属地	(shǔ dì)
属格	(shǔ gé)
属国	(shǔ guó)
属吏	(shǔ lì)
属灵	(shǔ líng)
属实	(shǔ shí)
属世	(shǔ shì)
属文	(zhǔ wén)
属下	(shǔ xià)
属象	(shǔ xiàng)
属性	(shǔ xìng)
属意	(zhǔ yì)
属音	(shǔ yīn)
属于	(shǔ yú)
曙	(shǔ)
曙光	(shǔ guāng)
曙红朱雀	(shǔ hóng zhū què)
曙色	(shǔ sè)
丨	(gǔn)
术赤	(zhú chì)
朮	(shù)
戍	(shù)
戍边	(shù biān)
戍角	(shù jiǎo)
戍守	(shù shǒu)
戍卒	(shù zú)
束	(shù)
束发	(shù fà)
束腹	(shù fù)
束缚	(shù fù)
束紧	(shù jǐn)
束身	(shù shēn)
束身内衣	(shù shēn nèi yī)
束手	(shù shǒu)
束手待毙	(shù shǒu dài bì)
束手待死	(shù shǒu dài sǐ)
束手就毙	(shù shǒu jiù bì)
束手就擒	(shù shǒu jiù qín)
束手束脚	(shù shǒu shù jiǎo)
束手无策	(shù shǒu wú cè)
束狭	(shù xiá)
束线带	(shù xiàn dài)
束胸	(shù xiōng)
束修	(shù xiū)
束脩	(shù xiū)
束腰	(shù yāo)
束衣	(shù yī)
束之高阁	(shù zhī gāo gé)
束装	(shù zhuāng)
树	(shù)
树碑立传	(shù bēi lì zhuàn)
树菠萝	(shù bō luó)
树丛	(shù cóng)
树大招风	(shù dà zhāo fēng)
树袋熊	(shù dài xióng)
树倒猢狲散	(shù dǎo hú sūn sàn)
树敌	(shù dí)
树洞	(shù dòng)
树番茄	(shù fān qié)
树干	(shù gàn)
树高千丈，叶落归根	(shù gāo qiān zhàng , yè luò guī gēn)
树根	(shù gēn)
树挂	(shù guà)
树冠	(shù guān)
树化玉	(shù huà yù)
树胶	(shù jiāo)
树懒	(shù lǎn)
树篱	(shù lí)
树立	(shù lì)
树林	(shù lín)
树林市	(shù lín shì)
树龄	(shù líng)
树鹨	(shù liù)
树麻雀	(shù má què)
树莓	(shù méi)
树莓派	(shù méi pài)
树苗	(shù miáo)
树木	(shù mù)
树挪死，人挪活	(shù nuó sǐ , rén nuó huó)
树皮	(shù pí)
树葡萄	(shù pú tao)
树栖	(shù qī)
树人	(shù rén)
树上开花	(shù shàng kāi huā)
树上熟	(shù shàng shú)
树梢	(shù shāo)
树身	(shù shēn)
树熟	(shù shú)
树獭	(shù tǎ)
树突	(shù tū)
树突状细胞	(shù tū zhuàng xì bāo)
树蛙	(shù wā)
树屋	(shù wū)
树叶	(shù yè)
树液	(shù yè)
树阴	(shù yīn)
树荫	(shù yīn)
树欲静而风不止	(shù yù jìng ér fēng bù zhǐ)
树葬	(shù zàng)
树枝	(shù zhī)
树枝状晶	(shù zhī zhuàng jīng)
树脂	(shù zhī)
树种	(shù zhǒng)
树桩	(shù zhuāng)
树状细胞	(shù zhuàng xì bāo)
恕	(shù)
恕我冒昧	(shù wǒ mào mèi)
恕罪	(shù zuì)
庶	(shù)
庶出	(shù chū)
庶吉士	(shù jí shì)
庶几	(shù jī)
庶民	(shù mín)
庶妻	(shù qī)
庶室	(shù shì)
庶子	(shù zǐ)
尌	(shù)
数	(shǔ)
数百	(shù bǎi)
数百万	(shù bǎi wàn)
数不过来	(shǔ bù guò lái)
数不尽	(shǔ bu jìn)
数不清	(shǔ bu qīng)
数不上	(shǔ bù shàng)
数不胜数	(shǔ bù shèng shǔ)
数出	(shǔ chū)
数词	(shù cí)
数得上	(shǔ de shàng)
数得着	(shǔ de zháo)
数典忘祖	(shǔ diǎn wàng zǔ)
数点	(shǔ diǎn)
数独	(shù dú)
数额	(shù é)
数法	(shù fǎ)
数伏	(shǔ fú)
数黑论白	(shǔ hēi lùn bái)
数黑论黄	(shǔ hēi lùn huáng)
数黄道黑	(shǔ huáng dào hēi)
数见不鲜	(shuò jiàn bù xiān)
数九	(shǔ jiǔ)
数九寒天	(shǔ jiǔ hán tiān)
数九天	(shǔ jiǔ tiān)
数据	(shù jù)
数据处理	(shù jù chǔ lǐ)
数据传输	(shù jù chuán shū)
数据段	(shù jù duàn)
数据机	(shù jù jī)
数据集	(shù jù jí)
数据接口	(shù jù jiē kǒu)
数据结构	(shù jù jié gòu)
数据介面	(shù jù jiè miàn)
数据库	(shù jù kù)
数据库软件	(shù jù kù ruǎn jiàn)
数据链路	(shù jù liàn lù)
数据链路层	(shù jù liàn lù céng)
数据链路连接标识	(shù jù liàn lù lián jiē biāo zhì)
数据流	(shù jù liú)
数据手册	(shù jù shǒu cè)
数据通信	(shù jù tōng xìn)
数据挖掘	(shù jù wā jué)
数据网络	(shù jù wǎng luò)
数据线	(shù jù xiàn)
数据压缩	(shù jù yā suō)
数据中心	(shù jù zhōng xīn)
数据总线	(shù jù zǒng xiàn)
数据组	(shù jù zǔ)
数控	(shù kòng)
数控机床	(shù kòng jī chuáng)
数来宝	(shǔ lái bǎo)
数理	(shù lǐ)
数理化	(shù lǐ huà)
数理逻辑	(shù lǐ luó jí)
数理统计	(shù lǐ tǒng jì)
数量	(shù liàng)
数量词	(shù liàng cí)
数量分析	(shù liàng fēn xī)
数量积	(shù liàng jī)
数量级	(shù liàng jí)
数列	(shù liè)
数论	(shù lùn)
数落	(shǔ luo)
数码	(shù mǎ)
数码冲印	(shù mǎ chōng yìn)
数码港	(shù mǎ gǎng)
数码化	(shù mǎ huà)
数码货币	(shù mǎ huò bì)
数码扫描	(shù mǎ sǎo miáo)
数码通	(shù mǎ tōng)
数码相机	(shù mǎ xiàng jī)
数码照相机	(shù mǎ zhào xiàng jī)
数秒	(shǔ miǎo)
数模	(shù mó)
数模转换器	(shù mó zhuǎn huàn qì)
数目	(shù mù)
数目字	(shù mù zì)
数年	(shù nián)
数念	(shǔ niàn)
数清	(shǔ qīng)
数十亿	(shù shí yì)
数数	(shǔ shù)
数万	(shù wàn)
数位	(shù wèi)
数位化	(shù wèi huà)
数位货币	(shù wèi huò bì)
数位网路	(shù wèi wǎng lù)
数位信号	(shù wèi xìn hào)
数小时	(shù xiǎo shí)
数学	(shù xué)
数学分析	(shù xué fēn xī)
数学公式	(shù xué gōng shì)
数学家	(shù xué jiā)
数学模型	(shù xué mó xíng)
数学物理	(shù xué wù lǐ)
数学物理学	(shù xué wù lǐ xué)
数一数二	(shǔ yī shǔ èr)
数以百计	(shù yǐ bǎi jì)
数以千计	(shù yǐ qiān jì)
数以万计	(shù yǐ wàn jì)
数以亿计	(shù yǐ yì jì)
数域	(shù yù)
数月	(shù yuè)
数值	(shù zhí)
数值分析	(shù zhí fēn xī)
数值解	(shù zhí jiě)
数种	(shù zhǒng)
数周	(shù zhōu)
数轴	(shù zhóu)
数珠	(shù zhū)
数珠念佛	(shǔ zhū niàn fó)
数字	(shù zì)
数字版权管理	(shù zì bǎn quán guǎn lǐ)
数字电路	(shù zì diàn lù)
数字电视	(shù zì diàn shì)
数字分频	(shù zì fēn pín)
数字化	(shù zì huà)
数字货币	(shù zì huò bì)
数字孪生	(shù zì luán shēng)
数字命理学	(shù zì mìng lǐ xué)
数字时钟	(shù zì shí zhōng)
数字通信	(shù zì tōng xìn)
数字网	(shù zì wǎng)
数字信号	(shù zì xìn hào)
数字用户线路	(shù zì yòng hù xiàn lù)
数字游民	(shù zì yóu mín)
数字钟	(shù zì zhōng)
数组	(shù zǔ)
墅	(shù)
刷	(shuà)
刷爆	(shuā bào)
刷单	(shuā dān)
刷机	(shuā jī)
刷剧	(shuā jù)
刷卡	(shuā kǎ)
刷扣	(shuā kòu)
刷脸	(shuā liǎn)
刷屏	(shuā píng)
刷入	(shuā rù)
刷手机	(shuā shǒu jī)
刷题	(shuā tí)
刷头	(shuā tóu)
刷洗	(shuā xǐ)
刷新	(shuā xīn)
刷新纪录	(shuā xīn jì lù)
刷新率	(shuā xīn lǜ)
刷牙	(shuā yá)
刷夜	(shuā yè)
刷子	(shuā zi)
唰	(shuā)
摔	(shuāi)
摔打	(shuāi da)
摔倒	(shuāi dǎo)
摔跌	(shuāi diē)
摔断	(shuāi duàn)
摔跟头	(shuāi gēn tou)
摔坏	(shuāi huài)
摔交	(shuāi jiāo)
摔跤	(shuāi jiāo)
摔角	(shuāi jiǎo)
摔门	(shuāi mén)
摔破	(shuāi pò)
摔伤	(shuāi shāng)
摔死	(shuāi sǐ)
帅	(shuài)
帅呆了	(shuài dāi le)
帅哥	(shuài gē)
帅气	(shuài qi)
拴	(shuān)
拴住	(shuān zhù)
栓	(shuān)
栓剂	(shuān jì)
栓皮	(shuān pí)
栓皮栎	(shuān pí lì)
栓塞	(shuān sè)
栓子	(shuān zi)
双	(shuāng)
孀	(shuāng)
孀妇	(shuāng fù)
孀闺	(shuāng guī)
孀居	(shuāng jū)
塽	(shuǎng)
水	(shuǐ)
帨	(shuì)
吮	(shǔn)
吮吸	(shǔn xī)
妁	(shuò)
朔	(shuò)
朔城区	(shuò chéng qū)
朔风	(shuò fēng)
朔风凛冽	(shuò fēng lǐn liè)
朔日	(shuò rì)
朔望	(shuò wàng)
朔望潮	(shuò wàng cháo)
朔月	(shuò yuè)
朔州市	(shuò zhōu shì)
搠	(shuò)
槊	(shuò)
厶	(mǒu)
司	(sī)
司导	(sī dǎo)
司铎	(sī duó)
司法	(sī fǎ)
司法部	(sī fǎ bù)
司法独立	(sī fǎ dú lì)
司法官	(sī fǎ guān)
司法机关	(sī fǎ jī guān)
司法权	(sī fǎ quán)
司法人员	(sī fǎ rén yuán)
司法院	(sī fǎ yuàn)
司各特	(sī gè tè)
司机	(sī jī)
司祭	(sī jì)
司兼导	(sī jiān dǎo)
司康	(sī kāng)
司空	(sī kōng)
司空见惯	(sī kōng jiàn guàn)
司寇	(sī kòu)
司令	(sī lìng)
司令部	(sī lìng bù)
司令官	(sī lìng guān)
司令员	(sī lìng yuán)
司炉	(sī lú)
司马	(sī mǎ)
司马承帧	(sī mǎ chéng zhēn)
司马法	(sī mǎ fǎ)
司马光	(sī mǎ guāng)
司马辽太郎	(sī mǎ liáo tài láng)
司马迁	(sī mǎ qiān)
司马穰苴	(sī mǎ ráng jū)
司马谈	(sī mǎ tán)
司马炎	(sī mǎ yán)
司马懿	(sī mǎ yì)
司马昭	(sī mǎ zhāo)
司马昭之心路人皆知	(sī mǎ zhāo zhī xīn lù rén jiē zhī)
司南	(sī nán)
司售人员	(sī shòu rén yuán)
司汤达	(sī tāng dá)
司陶特	(sī táo tè)
司天台	(sī tiān tái)
司徒	(sī tú)
司徒雷登	(sī tú léi dēng)
司线员	(sī xiàn yuán)
司药	(sī yào)
司仪	(sī yí)
司长	(sī zhǎng)
司职	(sī zhí)
咝	(sī)
咝咝声	(sī sī shēng)
思	(sī)
思辨	(sī biàn)
思潮	(sī cháo)
思潮起伏	(sī cháo qǐ fú)
思春	(sī chūn)
思春期	(sī chūn qī)
思忖	(sī cǔn)
思过	(sī guò)
思嘉丽	(sī jiā lì)
思觉失调	(sī jué shī tiáo)
思考	(sī kǎo)
思科	(sī kē)
思乐冰	(sī lè bīng)
思恋	(sī liàn)
思量	(sī liang)
思路	(sī lù)
思路敏捷	(sī lù mǐn jié)
思虑	(sī lǜ)
思茅区	(sī máo qū)
思密达	(sī mì dá)
思明区	(sī míng qū)
思谋	(sī móu)
思慕	(sī mù)
思南县	(sī nán xiàn)
思念	(sī niàn)
思前想后	(sī qián xiǎng hòu)
思亲	(sī qīn)
思情	(sī qíng)
思索	(sī suǒ)
思惟	(sī wéi)
思维	(sī wéi)
思维导图	(sī wéi dǎo tú)
思维地图	(sī wéi dì tú)
思维敏捷	(sī wéi mǐn jié)
思乡	(sī xiāng)
思乡病	(sī xiāng bìng)
思想	(sī xiǎng)
思想包袱	(sī xiǎng bāo fu)
思想家	(sī xiǎng jiā)
思想交流	(sī xiǎng jiāo liú)
思想库	(sī xiǎng kù)
思想史	(sī xiǎng shǐ)
思想体系	(sī xiǎng tǐ xì)
思想顽钝	(sī xiǎng wán dùn)
思想意识	(sī xiǎng yì shí)
思绪	(sī xù)
思议	(sī yì)
思政	(sī zhèng)
斯	(sī)
斯巴达	(sī bā dá)
斯巴鲁	(sī bā lǔ)
斯宾诺莎	(sī bīn nuò shā)
斯宾塞	(sī bīn sài)
斯彻达尔	(sī chè dá ěr)
斯大林	(sī dà lín)
斯大林格勒	(sī dà lín gé lè)
斯大林格勒会战	(sī dà lín gé lè huì zhàn)
斯大林格勒战役	(sī dà lín gé lè zhàn yì)
斯大林主义	(sī dà lín zhǔ yì)
斯当东	(sī dāng dōng)
斯德哥尔摩	(sī dé gē ěr mó)
斯蒂芬	(sī dì fēn)
斯蒂文	(sī dì wén)
斯蒂文森	(sī dì wén sēn)
斯多葛主义	(sī duō gě zhǔ yì)
斯芬克司	(sī fēn kè sī)
斯芬克斯	(sī fēn kè sī)
斯福尔瓦尔	(sī fú ěr wǎ ěr)
斯哥特	(sī gē tè)
斯捷潘	(sī jié pān)
斯卡伯勒礁	(sī kǎ bó lè jiāo)
斯堪地纳维亚	(sī kān dì nà wéi yà)
斯堪的纳维亚	(sī kān dì nà wéi yà)
斯考特	(sī kǎo tè)
斯柯达	(sī kē dá)
斯科费尔峰	(sī kē fèi ěr fēng)
斯科普里	(sī kē pǔ lǐ)
斯克里亚宾	(sī kè lǐ yà bīn)
斯拉夫	(sī lā fū)
斯拉夫语	(sī lā fū yǔ)
斯莱特林	(sī lái tè lín)
斯雷布雷尼察	(sī léi bù léi ní chá)
斯里巴加湾港	(sī lǐ bā jiā wān gǎng)
斯里兰卡	(sī lǐ lán kǎ)
斯洛伐克	(sī luò fá kè)
斯洛伐克语	(sī luò fá kè yǔ)
斯洛维尼亚	(sī luò wéi ní yà)
斯洛文尼亚	(sī luò wén ní yà)
斯洛文尼亚共和国	(sī luò wén ní yà gòng hé guó)
斯洛文尼亚语	(sī luò wén ní yà yǔ)
斯密	(sī mì)
斯密约瑟	(sī mì yuē sè)
斯摩棱斯克	(sī mó léng sī kè)
斯诺	(sī nuò)
斯诺登	(sī nuò dēng)
斯诺克	(sī nuò kè)
斯帕斯基	(sī pà sī jī)
斯佩耳特小麦	(sī pèi ěr tè xiǎo mài)
斯佩林	(sī pèi lín)
斯佩罗	(sī pèi luó)
斯皮尔伯格	(sī pí ěr bó gé)
斯普拉特利群岛	(sī pǔ lā tè lì qún dǎo)
斯普利特	(sī pǔ lì tè)
斯普林菲尔德	(sī pǔ lín fēi ěr dé)
斯普特尼克	(sī pǔ tè ní kè)
斯塔西	(sī tǎ xī)
斯台普斯	(sī tái pǔ sī)
斯泰恩谢尔	(sī tài ēn xiè ěr)
斯泰西	(sī tài xī)
斯坦贝克	(sī tǎn bèi kè)
斯坦顿	(sī tǎn dùn)
斯坦福	(sī tǎn fú)
斯坦福·莱佛士	(sī tǎn fú · lái fó shì)
斯坦福大学	(sī tǎn fú dà xué)
斯坦利	(sī tǎn lì)
斯坦因	(sī tǎn yīn)
斯特恩	(sī tè ēn)
斯特凡诺普洛斯	(sī tè fán nuò pǔ luò sī)
斯特拉斯堡	(sī tè lā sī bǎo)
斯特拉特福	(sī tè lā tè fú)
斯通亨治石栏	(sī tōng hēng zhì shí lán)
斯图加特	(sī tú jiā tè)
斯托肯立石圈	(sī tuō kěn lì shí quān)
斯托纳	(sī tuō nà)
斯瓦尔巴和扬马延	(sī wǎ ěr bā hé yáng mǎ yán)
斯瓦特	(sī wǎ tè)
斯瓦特谷地	(sī wǎ tè gǔ dì)
斯瓦希里	(sī wǎ xī lǐ)
斯瓦希里语	(sī wǎ xī lǐ yǔ)
斯威士兰	(sī wēi shì lán)
斯文	(sī wén)
斯文·海定	(sī wén · hǎi dìng)
斯沃琪	(sī wò qí)
厮	(sī)
厮搏	(sī bó)
厮缠	(sī chán)
厮打	(sī dǎ)
厮混	(sī hùn)
厮锣	(sī luó)
厮杀	(sī shā)
厮守	(sī shǒu)
厮熟	(sī shú)
撕	(sī)
撕逼	(sī bī)
撕扯	(sī chě)
撕掉	(sī diào)
撕毁	(sī huǐ)
撕烂	(sī làn)
撕裂	(sī liè)
撕票	(sī piào)
撕破	(sī pò)
撕破脸	(sī pò liǎn)
撕碎	(sī suì)
撕心裂肺	(sī xīn liè fèi)
撕咬	(sī yǎo)
嘶	(sī)
嘶喊	(sī hǎn)
嘶吼	(sī hǒu)
嘶叫	(sī jiào)
嘶鸣	(sī míng)
嘶嘶声	(sī sī shēng)
嘶哑	(sī yǎ)
嘶哑声	(sī yǎ shēng)
死	(sǐ)
死板	(sǐ bǎn)
死背	(sǐ bèi)
死别	(sǐ bié)
死不改悔	(sǐ bù gǎi huǐ)
死不了	(sǐ bù liǎo)
死不瞑目	(sǐ bù míng mù)
死不要脸	(sǐ bù yào liǎn)
死缠烂打	(sǐ chán làn dǎ)
死产	(sǐ chǎn)
死城	(sǐ chéng)
死当	(sǐ dàng)
死党	(sǐ dǎng)
死到临头	(sǐ dào lín tóu)
死敌	(sǐ dí)
死定	(sǐ dìng)
死对头	(sǐ duì tou)
死而不僵	(sǐ ér bù jiāng)
死而复活	(sǐ ér fù huó)
死而复生	(sǐ ér fù shēng)
死而后已	(sǐ ér hòu yǐ)
死而无悔	(sǐ ér wú huǐ)
死飞	(sǐ fēi)
死鬼	(sǐ guǐ)
死海	(sǐ hǎi)
死海古卷	(sǐ hǎi gǔ juàn)
死海经卷	(sǐ hǎi jīng juàn)
死后	(sǐ hòu)
死胡同	(sǐ hú tòng)
死缓	(sǐ huǎn)
死灰复燃	(sǐ huī fù rán)
死活	(sǐ huó)
死火山	(sǐ huǒ shān)
死机	(sǐ jī)
死记	(sǐ jì)
死记硬背	(sǐ jì yìng bèi)
死寂	(sǐ jì)
死角	(sǐ jiǎo)
死节	(sǐ jié)
死结	(sǐ jié)
死结难解	(sǐ jié nán jiě)
死劲	(sǐ jìn)
死劲儿	(sǐ jìn r)
死局	(sǐ jú)
死绝	(sǐ jué)
死磕	(sǐ kē)
死了张屠夫，不吃混毛猪	(sǐ le zhāng tú fū , bù chī hùn máo zhū)
死里逃生	(sǐ lǐ táo shēng)
死路	(sǐ lù)
死路一条	(sǐ lù yī tiáo)
死马当活马医	(sǐ mǎ dàng huó mǎ yī)
死面	(sǐ miàn)
死命	(sǐ mìng)
死难	(sǐ nàn)
死难者	(sǐ nàn zhě)
死皮	(sǐ pí)
死皮赖脸	(sǐ pí lài liǎn)
死期	(sǐ qī)
死棋	(sǐ qí)
死乞白赖	(sǐ qi bái lài)
死气白赖	(sǐ qi bái lài)
死气沉沉	(sǐ qì chén chén)
死翘翘	(sǐ qiào qiào)
死囚	(sǐ qiú)
死球	(sǐ qiú)
死区	(sǐ qū)
死去	(sǐ qù)
死去活来	(sǐ qù huó lái)
死人	(sǐ rén)
死人不管	(sǐ rén bù guǎn)
死伤	(sǐ shāng)
死伤者	(sǐ shāng zhě)
死神	(sǐ shén)
死生	(sǐ shēng)
死尸	(sǐ shī)
死士	(sǐ shì)
死守	(sǐ shǒu)
死水	(sǐ shuǐ)
死死	(sǐ sǐ)
死锁	(sǐ suǒ)
死藤水	(sǐ téng shuǐ)
死顽固	(sǐ wán gù)
死亡	(sǐ wáng)
死亡笔记	(sǐ wáng bǐ jì)
死亡率	(sǐ wáng lǜ)
死亡人数	(sǐ wáng rén shù)
死文字	(sǐ wén zì)
死无对证	(sǐ wú duì zhèng)
死无葬身之地	(sǐ wú zàng shēn zhī dì)
死线	(sǐ xiàn)
死巷	(sǐ xiàng)
死心	(sǐ xīn)
死心塌地	(sǐ xīn tā dì)
死心眼儿	(sǐ xīn yǎn r)
死信	(sǐ xìn)
死刑	(sǐ xíng)
死刑缓期执行	(sǐ xíng huǎn qī zhí xíng)
死穴	(sǐ xué)
死循环	(sǐ xún huán)
死讯	(sǐ xùn)
死要面子	(sǐ yào miàn zi)
死要面子活受罪	(sǐ yào miàn zi huó shòu zuì)
死因	(sǐ yīn)
死因不明	(sǐ yīn bù míng)
死硬	(sǐ yìng)
死有余辜	(sǐ yǒu yú gū)
死于非命	(sǐ yú fēi mìng)
死宅	(sǐ zhái)
死战	(sǐ zhàn)
死仗	(sǐ zhàng)
死账	(sǐ zhàng)
死者	(sǐ zhě)
死症	(sǐ zhèng)
死中求生	(sǐ zhōng qiú shēng)
死忠	(sǐ zhōng)
死猪不怕开水烫	(sǐ zhū bù pà kāi shuǐ tàng)
死罪	(sǐ zuì)
亖	(sì)
四	(sì)
四壁萧然	(sì bì xiāo rán)
四边	(sì biān)
四边形	(sì biān xíng)
四不像	(sì bù xiàng)
四部曲	(sì bù qǔ)
四出文钱	(sì chū wén qián)
四处	(sì chù)
四川大地震	(sì chuān dà dì zhèn)
四川大学	(sì chuān dà xué)
四川林鸮	(sì chuān lín xiāo)
四川柳莺	(sì chuān liǔ yīng)
四川盆地	(sì chuān pén dì)
四川日报	(sì chuān rì bào)
四川山鹧鸪	(sì chuān shān zhè gū)
四川省	(sì chuān shěng)
四川外国语大学	(sì chuān wài guó yǔ dà xué)
四川旋木雀	(sì chuān xuán mù què)
四川雉鹑	(sì chuān zhì chún)
四次	(sì cì)
四大	(sì dà)
四大发明	(sì dà fā míng)
四大佛教名山	(sì dà fó jiào míng shān)
四大皆空	(sì dà jiē kōng)
四大美女	(sì dà měi nǚ)
四大名著	(sì dà míng zhù)
四大盆地	(sì dà pén dì)
四大石窟	(sì dà shí kū)
四大天王	(sì dà tiān wáng)
四大须生	(sì dà xū shēng)
四德	(sì dé)
四谛	(sì dì)
四渎	(sì dú)
四方	(sì fāng)
四方步	(sì fāng bù)
四方脸	(sì fāng liǎn)
四方台区	(sì fāng tái qū)
四分历	(sì fēn lì)
四分卫	(sì fēn wèi)
四分位数	(sì fēn wèi shù)
四分五裂	(sì fēn wǔ liè)
四分音符	(sì fēn yīn fú)
四分之一	(sì fēn zhī yī)
四氟化铀	(sì fú huà yóu)
四个全面	(sì ge quán miàn)
四个现代化	(sì ge xiàn dài huà)
四顾	(sì gù)
四国	(sì guó)
四国犬	(sì guó quǎn)
四海	(sì hǎi)
四海飘零	(sì hǎi piāo líng)
四海升平	(sì hǎi shēng píng)
四海为家	(sì hǎi wéi jiā)
四海之内皆兄弟	(sì hǎi zhī nèi jiē xiōng dì)
四害	(sì hài)
四号电池	(sì hào diàn chí)
四合院	(sì hé yuàn)
四胡	(sì hú)
四湖	(sì hú)
四湖乡	(sì hú xiāng)
四化	(sì huà)
四环素	(sì huán sù)
四会市	(sì huì shì)
四级	(sì jí)
四级士官	(sì jí shì guān)
四季	(sì jì)
四季豆	(sì jì dòu)
四季豆腐	(sì jì dòu fu)
四季如春	(sì jì rú chūn)
四溅	(sì jiàn)
四郊	(sì jiāo)
四角	(sì jiǎo)
四角号码	(sì jiǎo hào mǎ)
四角裤	(sì jiǎo kù)
四角形	(sì jiǎo xíng)
四角柱体	(sì jiǎo zhù tǐ)
四脚朝天	(sì jiǎo cháo tiān)
四脚蛇	(sì jiǎo shé)
四近	(sì jìn)
四境	(sì jìng)
四旧	(sì jiù)
四库	(sì kù)
四库全书	(sì kù quán shū)
四两拨千斤	(sì liǎng bō qiān jīn)
四邻	(sì lín)
四邻八舍	(sì lín bā shè)
四灵	(sì líng)
四轮定位	(sì lún dìng wèi)
四轮马车	(sì lún mǎ chē)
四轮驱动	(sì lún qū dòng)
四氯化碳	(sì lǜ huà tàn)
四氯乙烯	(sì lǜ yǐ xī)
四麻	(sì má)
四门轿车	(sì mén jiào chē)
四面	(sì miàn)
四面八方	(sì miàn bā fāng)
四面楚歌	(sì miàn chǔ gē)
四面体	(sì miàn tǐ)
四民	(sì mín)
四目相对	(sì mù xiāng duì)
四旁	(sì páng)
四平八稳	(sì píng bā wěn)
四平市	(sì píng shì)
四起	(sì qǐ)
四强	(sì qiáng)
四强赛	(sì qiáng sài)
四氢大麻酚	(sì qīng dà má fēn)
四清	(sì qīng)
四清运动	(sì qīng yùn dòng)
四驱车	(sì qū chē)
四人帮	(sì rén bāng)
四日市	(sì rì shì)
四散	(sì sàn)
四散奔逃	(sì sàn bēn táo)
四舍五入	(sì shě wǔ rù)
四射	(sì shè)
四声	(sì shēng)
四声杜鹃	(sì shēng dù juān)
四圣谛	(sì shèng dì)
四十	(sì shí)
四时	(sì shí)
四世同堂	(sì shì tóng táng)
四书	(sì shū)
四体	(sì tǐ)
四体不勤，五谷不分	(sì tǐ bù qín , wǔ gǔ bù fēn)
四条	(sì tiáo)
四通八达	(sì tōng bā dá)
四头肌	(sì tóu jī)
四围	(sì wéi)
四维	(sì wéi)
四维空间	(sì wéi kōng jiān)
四物汤	(sì wù tāng)
四下	(sì xià)
四下里	(sì xià li)
四县腔	(sì xiàn qiāng)
四象	(sì xiàng)
四小龙	(sì xiǎo lóng)
四旬节	(sì xún jié)
四旬斋	(sì xún zhāi)
四眼田鸡	(sì yǎn tián jī)
四仰八叉	(sì yǎng bā chā)
四叶草	(sì yè cǎo)
四一二事变	(sì yī èr shì biàn)
四溢	(sì yì)
四元数	(sì yuán shù)
四月	(sì yuè)
四月份	(sì yuè fèn)
四则运算	(sì zé yùn suàn)
四诊	(sì zhěn)
四肢	(sì zhī)
四肢支撑式	(sì zhī zhī chēng shì)
四重奏	(sì chóng zòu)
四周	(sì zhōu)
四子王	(sì zǐ wáng)
四子王旗	(sì zǐ wáng qí)
寺	(sì)
寺庙	(sì miào)
寺院	(sì yuàn)
兕	(sì)
兕觥	(sì gōng)
姒	(sì)
姒文命	(sì wén mìng)
柶	(sì)
枱	(tái)
梩	(lí)
嗣	(sì)
嗣国	(sì guó)
嗣后	(sì hòu)
嗣徽	(sì huī)
嗣岁	(sì suì)
嗣位	(sì wèi)
嗣响	(sì xiǎng)
嗣子	(sì zǐ)
儩	(sì)
忪	(sōng)
松	(sōng)
松巴哇	(sōng bā wā)
松巴哇岛	(sōng bā wā dǎo)
松柏	(sōng bǎi)
松阪猪	(sōng bǎn zhū)
松北区	(sōng běi qū)
松本	(sōng běn)
松岛	(sōng dǎo)
松果	(sōng guǒ)
松果体	(sōng guǒ tǐ)
松果体素	(sōng guǒ tǐ sù)
松果腺	(sōng guǒ xiàn)
松鹤遐龄	(sōng hè xiá líng)
松花蛋	(sōng huā dàn)
松花江	(sōng huā jiāng)
松化石	(sōng huà shí)
松鸡	(sōng jī)
松江	(sōng jiāng)
松江区	(sōng jiāng qū)
松节油	(sōng jié yóu)
松井	(sōng jǐng)
松菌	(sōng jùn)
松科	(sōng kē)
松口蘑	(sōng kǒu mó)
松辽平原	(sōng liáo píng yuán)
松岭区	(sōng lǐng qū)
松露	(sōng lù)
松露猪	(sōng lù zhū)
松明	(sōng míng)
松蘑	(sōng mó)
松木	(sōng mù)
松潘县	(sōng pān xiàn)
松球	(sōng qiú)
松雀	(sōng què)
松雀鹰	(sōng què yīng)
松瓤	(sōng ráng)
松仁	(sōng rén)
松茸	(sōng róng)
松山	(sōng shān)
松山区	(sōng shān qū)
松石	(sōng shí)
松鼠	(sōng shǔ)
松树	(sōng shù)
松塔	(sōng tǎ)
松桃苗族自治县	(sōng táo miáo zú zì zhì xiàn)
松田	(sōng tián)
松尾	(sōng wěi)
松溪县	(sōng xī xiàn)
松下	(sōng xià)
松下电气工业	(sōng xià diàn qì gōng yè)
松下电器	(sōng xià diàn qì)
松下公司	(sōng xià gōng sī)
松香	(sōng xiāng)
松鸦	(sōng yā)
松阳县	(sōng yáng xiàn)
松原市	(sōng yuán shì)
松赞干布	(sōng zàn gàn bù)
松赞干布陵	(sōng zàn gàn bù líng)
松针	(sōng zhēn)
松滋市	(sōng zī shì)
松子	(sōng zǐ)
娀	(sōng)
凇	(sōng)
崧	(sōng)
梥	(sōng)
嵩	(sōng)
嵩明县	(sōng míng xiàn)
嵩山	(sōng shān)
嵩县	(sōng xiàn)
㧐	(sǒng)
怂	(sǒng)
怂恿	(sǒng yǒng)
悚	(sǒng)
悚然	(sǒng rán)
愯	(sǒng)
宋	(sòng)
宋白	(sòng bái)
宋朝	(sòng cháo)
宋慈	(sòng cí)
宋代	(sòng dài)
宋干节	(sòng gān jié)
宋徽宗	(sòng huī zōng)
宋江	(sòng jiāng)
宋濂	(sòng lián)
宋美龄	(sòng měi líng)
宋祁	(sòng qí)
宋任穷	(sòng rèn qióng)
宋四大书	(sòng sì dà shū)
宋四家	(sòng sì jiā)
宋体	(sòng tǐ)
宋襄公	(sòng xiāng gōng)
宋祖英	(sòng zǔ yīng)
㮸	(sòng)
搜	(sōu)
搜捕	(sōu bǔ)
搜查	(sōu chá)
搜查令	(sōu chá lìng)
搜肠刮肚	(sōu cháng guā dù)
搜狗	(sōu gǒu)
搜刮	(sōu guā)
搜狐	(sōu hú)
搜狐网	(sōu hú wǎng)
搜获	(sōu huò)
搜检	(sōu jiǎn)
搜救	(sōu jiù)
搜救犬	(sōu jiù quǎn)
搜罗	(sōu luó)
搜求	(sōu qiú)
搜身	(sōu shēn)
搜神记	(sōu shén jì)
搜索	(sōu suǒ)
搜索队	(sōu suǒ duì)
搜索枯肠	(sōu suǒ kū cháng)
搜索票	(sōu suǒ piào)
搜索树	(sōu suǒ shù)
搜索引擎	(sōu suǒ yǐn qíng)
搜寻	(sōu xún)
搜寻引擎	(sōu xún yǐn qíng)
嗖	(sōu)
嗖嗖	(sōu sōu)
廋	(sōu)
廀	(sōu)
叟	(sǒu)
嗾	(sǒu)
擞	(sòu)
欶	(shuò)
嗽	(sòu)
苏	(sū)
俗	(sú)
俗不可耐	(sú bù kě nài)
俗称	(sú chēng)
俗话	(sú huà)
俗话说	(sú huà shuō)
俗家	(sú jiā)
俗辣	(sú là)
俗滥	(sú làn)
俗名	(sú míng)
俗气	(sú qì)
俗人	(sú rén)
俗世	(sú shì)
俗世奇人	(sú shì qí rén)
俗事	(sú shì)
俗随时变	(sú suí shí biàn)
俗套	(sú tào)
俗体字	(sú tǐ zì)
俗谚	(sú yàn)
俗谚口碑	(sú yàn kǒu bēi)
俗语	(sú yǔ)
俗字	(sú zì)
夙	(sù)
夙敌	(sù dí)
夙诺	(sù nuò)
夙日	(sù rì)
夙世	(sù shì)
夙嫌	(sù xián)
夙兴夜寐	(sù xīng yè mèi)
夙夜	(sù yè)
夙夜匪懈	(sù yè fěi xiè)
夙愿	(sù yuàn)
夙愿得偿	(sù yuàn dé cháng)
夙愿以偿	(sù yuàn yǐ cháng)
诉	(sù)
宿	(sù)
宿弊	(sù bì)
宿便	(sù biàn)
宿草	(sù cǎo)
宿娼	(sù chāng)
宿城区	(sù chéng qū)
宿仇	(sù chóu)
宿处	(sù chù)
宿敌	(sù dí)
宿分	(sù fèn)
宿根	(sù gēn)
宿恨	(sù hèn)
宿疾	(sù jí)
宿见	(sù jiàn)
宿将	(sù jiàng)
宿酒	(sù jiǔ)
宿命	(sù mìng)
宿命论	(sù mìng lùn)
宿命通	(sù mìng tōng)
宿诺	(sù nuò)
宿迁市	(sù qiān shì)
宿儒	(sù rú)
宿舍	(sù shè)
宿舍楼	(sù shè lóu)
宿世	(sù shì)
宿松县	(sù sōng xiàn)
宿务	(sù wù)
宿务语	(sù wù yǔ)
宿雾	(sù wù)
宿雾语	(sù wù yǔ)
宿昔	(sù xī)
宿夜	(sù yè)
宿营	(sù yíng)
宿营地	(sù yíng dì)
宿豫区	(sù yù qū)
宿缘	(sù yuán)
宿怨	(sù yuàn)
宿愿	(sù yuàn)
宿债	(sù zhài)
宿州市	(sù zhōu shì)
宿主	(sù zhǔ)
宿醉	(sù zuì)
嗉	(sù)
嗉囊	(sù náng)
嗉子	(sù zi)
塑	(sù)
塑封	(sù fēng)
塑钢	(sù gāng)
塑化剂	(sù huà jì)
塑胶	(sù jiāo)
塑胶爆炸物	(sù jiāo bào zhà wù)
塑胶车	(sù jiāo chē)
塑胶袋	(sù jiāo dài)
塑胶跑道	(sù jiāo pǎo dào)
塑胶炸药	(sù jiāo zhà yào)
塑料	(sù liào)
塑料袋	(sù liào dài)
塑料姐妹花	(sù liào jiě mèi huā)
塑料普通话	(sù liào pǔ tōng huà)
塑料王	(sù liào wáng)
塑膜	(sù mó)
塑身	(sù shēn)
塑像	(sù xiàng)
塑形	(sù xíng)
塑性	(sù xìng)
塑造	(sù zào)
愫	(sù)
榡	(sù)
僳	(sù)
樕	(sù)
樎	(sù)
橚	(sù)
匴	(suǎn)
挼	(ruá)
䯝	(suǐ)
岁	(suì)
岁不我与	(suì bù wǒ yǔ)
岁差	(suì chā)
岁出	(suì chū)
岁初	(suì chū)
岁俸	(suì fèng)
岁计	(suì jì)
岁计余绌	(suì jì yú chù)
岁静	(suì jìng)
岁阑	(suì lán)
岁末	(suì mò)
岁暮	(suì mù)
岁入	(suì rù)
岁时	(suì shí)
岁首	(suì shǒu)
岁数	(suì shu)
岁岁平安	(suì suì píng ān)
岁修	(suì xiū)
岁序	(suì xù)
岁月	(suì yuè)
岁月流逝	(suì yuè liú shì)
岁月如流	(suì yuè rú liú)
岁月如梭	(suì yuè rú suō)
岁月峥嵘	(suì yuè zhēng róng)
㒸	(suì)
㻽	(xuán)
孙	(sūn)
孙膑	(sūn bìn)
孙膑兵法	(sūn bìn bīng fǎ)
孙策	(sūn cè)
孙大圣	(sūn dà shèng)
孙儿	(sūn ér)
孙继海	(sūn jì hǎi)
孙坚	(sūn jiān)
孙犁	(sūn lí)
孙女	(sūn nǚ)
孙女儿	(sūn nǚ r)
孙女婿	(sūn nǚ xu)
孙权	(sūn quán)
孙山	(sūn shān)
孙思邈	(sūn sī miǎo)
孙文	(sūn wén)
孙吴县	(sūn wú xiàn)
孙武	(sūn wǔ)
孙武子	(sūn wǔ zǐ)
孙悟空	(sūn wù kōng)
孙媳妇	(sūn xí fù)
孙行者	(sūn xíng zhě)
孙燕姿	(sūn yàn zī)
孙逸仙	(sūn yì xiān)
孙毓棠	(sūn yù táng)
孙悦	(sūn yuè)
孙中山	(sūn zhōng shān)
孙诛	(sūn zhū)
孙子	(sūn zǐ)
孙子兵法	(sūn zǐ bīng fǎ)
孙子定理	(sūn zi dìng lǐ)
搎	(sūn)
损	(sǔn)
损公肥私	(sǔn gōng féi sī)
损害	(sǔn hài)
损耗	(sǔn hào)
损耗品	(sǔn hào pǐn)
损坏	(sǔn huài)
损毁	(sǔn huǐ)
损人	(sǔn rén)
损人不利己	(sǔn rén bù lì jǐ)
损人利己	(sǔn rén lì jǐ)
损伤	(sǔn shāng)
损失	(sǔn shī)
损益	(sǔn yì)
损益表	(sǔn yì biǎo)
损友	(sǔn yǒu)
损赠	(sǔn zèng)
榫	(sǔn)
榫卯	(sǔn mǎo)
榫头	(sǔn tou)
榫销	(sǔn xiāo)
榫眼	(sǔn yǎn)
榫凿	(sǔn záo)
唆	(suō)
桫	(suō)
桫椤	(suō luó)
梭	(suō)
梭标	(suō biāo)
梭镖	(suō biāo)
梭哈	(suō hā)
梭梭	(suō suō)
梭鱼	(suō yú)
梭子	(suō zi)
梭子鱼	(suō zi yú)
傞	(suō)
嗦	(suō)
嗦粉	(suō fěn)
嗍	(suō)
所	(suǒ)
所部	(suǒ bù)
所到之处	(suǒ dào zhī chù)
所得	(suǒ dé)
所得税	(suǒ dé shuì)
所多	(suǒ duō)
所多玛	(suǒ duō mǎ)
所多玛与蛾摩拉	(suǒ duō mǎ yǔ é mó lā)
所见	(suǒ jiàn)
所见即所得	(suǒ jiàn jí suǒ dé)
所见所闻	(suǒ jiàn suǒ wén)
所料	(suǒ liào)
所罗巴伯	(suǒ luó bā bó)
所罗门	(suǒ luó mén)
所罗门群岛	(suǒ luó mén qún dǎo)
所能	(suǒ néng)
所生	(suǒ shēng)
所剩无几	(suǒ shèng wú jǐ)
所属	(suǒ shǔ)
所属单位	(suǒ shǔ dān wèi)
所思	(suǒ sī)
所托非人	(suǒ tuō fēi rén)
所为	(suǒ wéi)
所谓	(suǒ wèi)
所闻	(suǒ wén)
所向披靡	(suǒ xiàng pī mǐ)
所向无敌	(suǒ xiàng wú dí)
所幸	(suǒ xìng)
所需	(suǒ xū)
所言非虚	(suǒ yán fēi xū)
所以	(suǒ yǐ)
所以然	(suǒ yǐ rán)
所用非人	(suǒ yòng fēi rén)
所有	(suǒ yǒu)
所有格	(suǒ yǒu gé)
所有权	(suǒ yǒu quán)
所有人	(suǒ yǒu rén)
所有物	(suǒ yǒu wù)
所有者	(suǒ yǒu zhě)
所有制	(suǒ yǒu zhì)
所有主	(suǒ yǒu zhǔ)
所愿	(suǒ yuàn)
所在	(suǒ zài)
所在地	(suǒ zài dì)
所长	(suǒ cháng)
所知	(suǒ zhī)
所指	(suǒ zhǐ)
所致	(suǒ zhì)
所作所为	(suǒ zuò suǒ wéi)
唢	(suǒ)
唢呐	(suǒ nà)
他	(tā)
他国	(tā guó)
他加禄语	(tā jiā lù yǔ)
他律	(tā lǜ)
他妈的	(tā mā de)
他们	(tā men)
他喵的	(tā miāo de)
他娘的	(tā niáng de)
他迁	(tā qiān)
他人	(tā rén)
他日	(tā rì)
他杀	(tā shā)
他山之石可以攻玉	(tā shān zhī shí kě yǐ gōng yù)
他乡	(tā xiāng)
他乡遇故知	(tā xiāng yù gù zhī)
他性	(tā xìng)
他用	(tā yòng)
他者	(tā zhě)
他者化	(tā zhě huà)
他者性	(tā zhě xìng)
它本身	(tā běn shēn)
它们	(tā men)
她	(tā)
她经济	(tā jīng jì)
她玛	(tā mǎ)
她们	(tā men)
塌	(tā)
塌方	(tā fāng)
塌房	(tā fáng)
塌架	(tā jià)
塌棵菜	(tā kē cài)
塌实	(tā shi)
塌台	(tā tái)
塌下	(tā xià)
塌陷	(tā xiàn)
塔	(tǎ)
塔崩	(tǎ bēng)
塔城地区	(tǎ chéng dì qū)
塔城市	(tǎ chéng shì)
塔迪奇	(tǎ dí qí)
塔吊	(tǎ diào)
塔尔寺	(tǎ ěr sì)
塔防	(tǎ fáng)
塔夫绸	(tǎ fū chóu)
塔公	(tǎ gōng)
塔公寺	(tǎ gōng sì)
塔国	(tǎ guó)
塔河县	(tǎ hé xiàn)
塔吉克	(tǎ jí kè)
塔吉克人	(tǎ jí kè rén)
塔吉克斯坦	(tǎ jí kè sī tǎn)
塔吉克族	(tǎ jí kè zú)
塔加路族语	(tǎ jiā lù zú yǔ)
塔尖	(tǎ jiān)
塔可	(tǎ kě)
塔可饼	(tǎ kě bǐng)
塔克拉玛干沙漠	(tǎ kè lā mǎ gān shā mò)
塔口	(tǎ kǒu)
塔拉哈西	(tǎ lā hā xī)
塔拉斯河	(tǎ lā sī hé)
塔拉瓦	(tǎ lā wǎ)
塔勒	(tǎ lè)
塔里木	(tǎ lǐ mù)
塔里木河	(tǎ lǐ mù hé)
塔里木盆地	(tǎ lǐ mù pén dì)
塔列朗	(tǎ liè lǎng)
塔林	(tǎ lín)
塔楼	(tǎ lóu)
塔罗	(tǎ luó)
塔罗卡	(tǎ luó kǎ)
塔罗牌	(tǎ luó pái)
塔玛尔	(tǎ mǎ ěr)
塔木德经	(tǎ mù dé jīng)
塔那那利佛	(tǎ nà nà lì fó)
塔帕斯	(tǎ pà sī)
塔刹	(tǎ chà)
塔扇	(tǎ shàn)
塔什干	(tǎ shí gān)
塔什库尔干塔吉克自治县	(tǎ shí kù ěr gān tǎ jí kè zì zhì xiàn)
塔斯马尼亚	(tǎ sī mǎ ní yà)
塔斯曼尼亚	(tǎ sī màn ní yà)
塔斯曼尼亚岛	(tǎ sī màn ní yà dǎo)
塔斯社	(tǎ sī shè)
塔塔儿	(tǎ tǎ r)
塔塔儿人	(tǎ tǎ r rén)
塔塔尔	(tǎ tǎ ěr)
塔塔尔族	(tǎ tǎ ěr zú)
塔塔粉	(tǎ tǎ fěn)
塔塔酱	(tǎ tǎ jiàng)
塔台	(tǎ tái)
塔瓦斯科	(tǎ wǎ sī kē)
塔尾树鹊	(tǎ wěi shù què)
塔希提	(tǎ xī tí)
塔香	(tǎ xiāng)
塔扎	(tǎ zā)
塔州	(tǎ zhōu)
拓	(tà)
拓拔	(tuò bá)
拓跋	(tuò bá)
拓跋魏	(tuò bá wèi)
拓本	(tà běn)
拓荒	(tuò huāng)
拓荒者	(tuò huāng zhě)
拓宽	(tuò kuān)
拓片	(tà piàn)
拓扑	(tuò pū)
拓扑结构	(tuò pū jié gòu)
拓扑空间	(tuò pū kōng jiān)
拓扑学	(tuò pū xué)
拓印	(tà yìn)
拓展	(tuò zhǎn)
拓展视野	(tuò zhǎn shì yě)
拓展坞	(tuò zhǎn wù)
拓展训练	(tuò zhǎn xùn liàn)
挞	(tà)
搨	(tà)
榻	(tà)
榻床	(tà chuáng)
榻榻米	(tà tà mǐ)
嚃	(tà)
台	(tái)
台安县	(tái ān xiàn)
台磅	(tái bàng)
台胞证	(tái bāo zhèng)
台北	(tái běi)
台北捷运	(tái běi jié yùn)
台北金马影展	(tái běi jīn mǎ yǐng zhǎn)
台北市	(tái běi shì)
台币	(tái bì)
台伯河	(tái bó hé)
台布	(tái bù)
台菜	(tái cài)
台秤	(tái chèng)
台灯	(tái dēng)
台谍	(tái dié)
台东	(tái dōng)
台东市	(tái dōng shì)
台东县	(tái dōng xiàn)
台独	(tái dú)
台端	(tái duān)
台儿庄区	(tái ér zhuāng qū)
台股	(tái gǔ)
台江区	(tái jiāng qū)
台江县	(tái jiāng xiàn)
台克球	(tái kè qiú)
台客	(tái kè)
台历	(tái lì)
台妹	(tái mèi)
台盟	(tái méng)
台面	(tái miàn)
台面呢	(tái miàn ní)
台南	(tái nán)
台前	(tái qián)
台前县	(tái qián xiàn)
台球	(tái qiú)
台球桌	(tái qiú zhuō)
台山话	(tái shān huà)
台山市	(tái shān shì)
台商	(tái shāng)
台式	(tái shì)
台式电脑	(tái shì diàn nǎo)
台湾	(tái wān)
台湾关系法	(tái wān guān xì fǎ)
台湾海峡	(tái wān hǎi xiá)
台湾话	(tái wān huà)
台湾民主自治同盟	(tái wān mín zhǔ zì zhì tóng méng)
台湾叶鼻蝠	(tái wān yè bí fú)
台西	(tái xī)
台西乡	(tái xī xiāng)
台下	(tái xià)
台语	(tái yǔ)
台账	(tái zhàng)
台中	(tái zhōng)
台钟	(tái zhōng)
台州市	(tāi zhōu shì)
台资	(tái zī)
台子	(tái zi)
台座	(tái zuò)
抬	(tái)
抬爱	(tái ài)
抬秤	(tái chèng)
抬杠	(tái gàng)
抬高	(tái gāo)
抬轿子	(tái jiào zi)
抬举	(tái ju)
抬起	(tái qǐ)
抬头	(tái tóu)
抬头不见低头见	(tái tóu bù jiàn dī tóu jiàn)
抬显	(tái xiǎn)
儓	(tái)
太	(tài)
太阿	(tài ē)
太白	(tài bái)
太白粉	(tài bái fěn)
太白山	(tài bái shān)
太白县	(tài bái xiàn)
太白星	(tài bái xīng)
太半	(tài bàn)
太保	(tài bǎo)
太保市	(tài bǎo shì)
太仓市	(tài cāng shì)
太常	(tài cháng)
太初	(tài chū)
太妃糖	(tài fēi táng)
太夫人	(tài fū rén)
太公	(tài gōng)
太公兵法	(tài gōng bīng fǎ)
太公钓鱼，愿者上钩	(tài gōng diào yú , yuàn zhě shàng gōu)
太公望	(tài gōng wàng)
太古	(tài gǔ)
太古代	(tài gǔ dài)
太古洋行	(tài gǔ yáng háng)
太古宙	(tài gǔ zhòu)
太谷区	(tài gǔ qū)
太过	(tài guò)
太好了	(tài hǎo le)
太和殿	(tài hé diàn)
太和区	(tài hé qū)
太和县	(tài hé xiàn)
太后	(tài hòu)
太湖	(tài hú)
太湖县	(tài hú xiàn)
太极	(tài jí)
太极剑	(tài jí jiàn)
太极拳	(tài jí quán)
太极图	(tài jí tú)
太极图说	(tài jí tú shuō)
太监	(tài jiàn)
太康县	(tài kāng xiàn)
太空	(tài kōng)
太空步	(tài kōng bù)
太空舱	(tài kōng cāng)
太空船	(tài kōng chuán)
太空飞船	(tài kōng fēi chuán)
太空服	(tài kōng fú)
太空漫步	(tài kōng màn bù)
太空人	(tài kōng rén)
太空梭	(tài kōng suō)
太空探索	(tài kōng tàn suǒ)
太空舞步	(tài kōng wǔ bù)
太空行走	(tài kōng xíng zǒu)
太空游	(tài kōng yóu)
太空站	(tài kōng zhàn)
太牢	(tài láo)
太鲁阁	(tài lǔ gé)
太鲁阁族	(tài lǔ gé zú)
太麻里	(tài má lǐ)
太麻里乡	(tài má lǐ xiāng)
太妹	(tài mèi)
太平	(tài píng)
太平公主	(tài píng gōng zhǔ)
太平广记	(tài píng guǎng jì)
太平间	(tài píng jiān)
太平门	(tài píng mén)
太平鸟	(tài píng niǎo)
太平区	(tài píng qū)
太平绅士	(tài píng shēn shì)
太平盛世	(tài píng shèng shì)
太平天国	(tài píng tiān guó)
太平天国起义	(tài píng tiān guó qǐ yì)
太平洋	(tài píng yáng)
太平洋联合铁路	(tài píng yáng lián hé tiě lù)
太平洋潜鸟	(tài píng yáng qián niǎo)
太平洋周边	(tài píng yáng zhōu biān)
太婆	(tài pó)
太仆	(tài pú)
太仆寺	(tài pú sì)
太仆寺旗	(tài pú sì qí)
太仆寺卿	(tài pú sì qīng)
太上	(tài shàng)
太上皇	(tài shàng huáng)
太师	(tài shī)
太史	(tài shǐ)
太史公	(tài shǐ gōng)
太史令	(tài shǐ lìng)
太守	(tài shǒu)
太岁	(tài suì)
太太	(tài tai)
太田	(tài tián)
太行山	(tài háng shān)
太虚	(tài xū)
太阳	(tài yang)
太阳报	(tài yáng bào)
太阳饼	(tài yáng bǐng)
太阳窗	(tài yáng chuāng)
太阳从西边出来	(tài yáng cóng xī biān chū lái)
太阳蛋	(tài yang dàn)
太阳灯	(tài yáng dēng)
太阳电池	(tài yáng diàn chí)
太阳电池板	(tài yáng diàn chí bǎn)
太阳风	(tài yáng fēng)
太阳风暴	(tài yáng fēng bào)
太阳光	(tài yáng guāng)
太阳光柱	(tài yáng guāng zhù)
太阳黑子	(tài yáng hēi zǐ)
太阳黑子周	(tài yáng hēi zǐ zhōu)
太阳花	(tài yáng huā)
太阳活动	(tài yáng huó dòng)
太阳镜	(tài yáng jìng)
太阳轮	(tài yáng lún)
太阳能	(tài yáng néng)
太阳能板	(tài yáng néng bǎn)
太阳能电池	(tài yáng néng diàn chí)
太阳日	(tài yáng rì)
太阳晒屁股	(tài yáng shài pì gǔ)
太阳神	(tài yáng shén)
太阳神计划	(tài yáng shén jì huà)
太阳神经丛	(tài yáng shén jīng cóng)
太阳微系统公司	(tài yáng wēi xì tǒng gōng sī)
太阳窝	(tài yáng wō)
太阳系	(tài yáng xì)
太阳穴	(tài yáng xué)
太阳眼镜	(tài yáng yǎn jìng)
太阳翼	(tài yáng yì)
太阳雨	(tài yáng yǔ)
太爷	(tài yé)
太液池	(tài yè chí)
太医	(tài yī)
太阴	(tài yīn)
太原市	(tài yuán shì)
太长不看	(tài cháng bù kàn)
太子	(tài zǐ)
太子党	(tài zǐ dǎng)
太子港	(tài zǐ gǎng)
太子河区	(tài zǐ hé qū)
太子十三峰	(tài zǐ shí sān fēng)
太子太保	(tài zǐ tài bǎo)
太宗	(tài zōng)
太祖	(tài zǔ)
忕	(shì)
忲	(tài)
态	(tài)
态叠加	(tài dié jiā)
态度	(tài du)
态射	(tài shè)
态势	(tài shì)
态样	(tài yàng)
态子	(tài zi)
坍	(tān)
坍方	(tān fāng)
坍塌	(tān tā)
怹	(tān)
摊	(tān)
摊薄	(tān báo)
摊薄后每股盈利	(tān bó hòu měi gǔ yíng lì)
摊档	(tān dàng)
摊点	(tān diǎn)
摊儿	(tān r)
摊贩	(tān fàn)
摊黄菜	(tān huáng cài)
摊鸡蛋	(tān jī dàn)
摊开	(tān kāi)
摊牌	(tān pái)
摊派	(tān pài)
摊钱	(tān qián)
摊晒	(tān shài)
摊商	(tān shāng)
摊事儿	(tān shì r)
摊手	(tān shǒu)
摊售	(tān shòu)
摊提	(tān tí)
摊头	(tān tóu)
摊位	(tān wèi)
摊销	(tān xiāo)
摊子	(tān zi)
坛	(tán)
昙	(tán)
昙花	(tán huā)
昙花一现	(tán huā yī xiàn)
倓	(tán)
惔	(tán)
榃	(tán)
墰	(tán)
墵	(tán)
檀	(tán)
檀香	(tán xiāng)
檀香山	(tán xiāng shān)
檀越	(tán yuè)
壜	(tán)
忐	(tǎn)
忐忑	(tǎn tè)
忐忑不安	(tǎn tè bù ān)
坦	(tǎn)
坦白	(tǎn bái)
坦陈	(tǎn chén)
坦诚	(tǎn chéng)
坦诚相见	(tǎn chéng xiāng jiàn)
坦承	(tǎn chéng)
坦荡	(tǎn dàng)
坦噶尼喀	(tǎn gá ní kā)
坦噶尼喀湖	(tǎn gá ní kā hú)
坦克	(tǎn kè)
坦克车	(tǎn kè chē)
坦率	(tǎn shuài)
坦佩雷	(tǎn pèi léi)
坦然	(tǎn rán)
坦然无惧	(tǎn rán wú jù)
坦桑尼亚	(tǎn sāng ní yà)
坦尚尼亚	(tǎn shàng ní yà)
坦途	(tǎn tú)
坦言	(tǎn yán)
嗿	(tǎn)
叹	(tàn)
叹词	(tàn cí)
叹服	(tàn fú)
叹号	(tàn hào)
叹口气	(tàn kǒu qì)
叹气	(tàn qì)
叹赏	(tàn shǎng)
叹为观止	(tàn wéi guān zhǐ)
叹息	(tàn xī)
叹惜	(tàn xī)
探	(tàn)
探案	(tàn àn)
探班	(tàn bān)
探病	(tàn bìng)
探测	(tàn cè)
探测器	(tàn cè qì)
探测字	(tàn cè zì)
探查	(tàn chá)
探察	(tàn chá)
探尺	(tàn chǐ)
探底	(tàn dǐ)
探店	(tàn diàn)
探访	(tàn fǎng)
探风	(tàn fēng)
探戈	(tàn gē)
探花	(tàn huā)
探家	(tàn jiā)
探监	(tàn jiān)
探井	(tàn jǐng)
探究	(tàn jiū)
探究式	(tàn jiū shì)
探勘	(tàn kān)
探看	(tàn kàn)
探口风	(tàn kǒu fēng)
探口气	(tàn kǒu qì)
探矿	(tàn kuàng)
探矿者	(tàn kuàng zhě)
探雷	(tàn léi)
探雷人员	(tàn léi rén yuán)
探骊得珠	(tàn lí dé zhū)
探路	(tàn lù)
探马	(tàn mǎ)
探秘	(tàn mì)
探明	(tàn míng)
探摸	(tàn mō)
探囊取物	(tàn náng qǔ wù)
探奇	(tàn qí)
探亲	(tàn qīn)
探求	(tàn qiú)
探伤	(tàn shāng)
探身	(tàn shēn)
探身子	(tàn shēn zi)
探视	(tàn shì)
探视权	(tàn shì quán)
探索	(tàn suǒ)
探索性	(tàn suǒ xìng)
探讨	(tàn tǎo)
探听	(tàn tīng)
探头	(tàn tóu)
探头探脑	(tàn tóu tàn nǎo)
探头探脑儿	(tàn tóu tàn nǎo r)
探望	(tàn wàng)
探问	(tàn wèn)
探险	(tàn xiǎn)
探险家	(tàn xiǎn jiā)
探险者	(tàn xiǎn zhě)
探寻	(tàn xún)
探询	(tàn xún)
探幽发微	(tàn yōu fā wēi)
探员	(tàn yuán)
探月	(tàn yuè)
探长	(tàn zhǎng)
探照灯	(tàn zhào dēng)
探针	(tàn zhēn)
探知	(tàn zhī)
探子	(tàn zi)
撢	(dǎn)
㓥	(tāng)
㓥房	(tāng fáng)
嘡	(tāng)
唐	(táng)
唐伯虎	(táng bó hǔ)
唐朝	(táng cháo)
唐初四大家	(táng chū sì dà jiā)
唐代	(táng dài)
唐棣	(táng dì)
唐恩都乐	(táng ēn dōu lè)
唐狗	(táng gǒu)
唐古拉	(táng gǔ lā)
唐古拉山	(táng gǔ lā shān)
唐古拉山脉	(táng gǔ lā shān mài)
唐河县	(táng hé xiàn)
唐花	(táng huā)
唐璜	(táng huáng)
唐吉诃德	(táng jí hē dé)
唐家山	(táng jiā shān)
唐家璇	(táng jiā xuán)
唐卡	(táng kǎ)
唐老鸭	(táng lǎo yā)
唐末	(táng mò)
唐纳	(táng nà)
唐纳德	(táng nà dé)
唐宁街	(táng níng jiē)
唐人	(táng rén)
唐人街	(táng rén jiē)
唐山	(táng shān)
唐山大地震	(táng shān dà dì zhèn)
唐山市	(táng shān shì)
唐绍仪	(táng shào yí)
唐诗	(táng shī)
唐氏儿	(táng shì ér)
唐氏症	(táng shì zhèng)
唐氏综合症	(táng shì zōng hé zhèng)
唐手道	(táng shǒu dào)
唐宋	(táng sòng)
唐宋八大家	(táng sòng bā dà jiā)
唐太宗李卫公问对	(táng tài zōng lǐ wèi gōng wèn duì)
唐突	(táng tū)
唐县	(táng xiàn)
唐扬	(táng yáng)
唐尧	(táng yáo)
唐寅	(táng yín)
唐招提寺	(táng zhāo tí sì)
唐装	(táng zhuāng)
堂	(táng)
堂弟	(táng dì)
堂弟妹	(táng dì mèi)
堂弟媳	(táng dì xí)
堂而皇之	(táng ér huáng zhī)
堂房	(táng fáng)
堂哥	(táng gē)
堂倌	(táng guān)
堂花	(táng huā)
堂皇	(táng huáng)
堂吉诃德	(táng jí hē dé)
堂姐	(táng jiě)
堂姐夫	(táng jiě fu)
堂妹	(táng mèi)
堂妹夫	(táng mèi fu)
堂区	(táng qū)
堂嫂	(táng sǎo)
堂食	(táng shí)
堂堂	(táng táng)
堂堂正正	(táng táng zhèng zhèng)
堂屋	(táng wū)
堂庑	(táng wǔ)
堂兄	(táng xiōng)
堂兄弟	(táng xiōng dì)
堂侄	(táng zhí)
堂姊	(táng zǐ)
堂姊妹	(táng zǐ mèi)
棠	(táng)
棠梨	(táng lí)
啺	(táng)
塘	(táng)
塘鹅	(táng é)
塘沽	(táng gū)
塘沽区	(táng gū qū)
塘角鱼	(táng jiǎo yú)
塘虱	(táng shī)
塘堰	(táng yàn)
搪	(táng)
搪瓷	(táng cí)
搪塞	(táng sè)
搪突	(táng tū)
樘	(táng)
帑	(tǎng)
帑藏	(tǎng zàng)
倘	(tǎng)
倘或	(tǎng huò)
倘能如此	(tǎng néng rú cǐ)
倘然	(tǎng rán)
倘若	(tǎng ruò)
倘佯	(cháng yáng)
埫	(tǎng)
傥	(tǎng)
趟	(tāng)
弢	(tāo)
掏	(tāo)
掏包	(tāo bāo)
掏出	(tāo chū)
掏耳	(tāo ěr)
掏耳勺	(tāo ěr sháo)
掏空	(tāo kōng)
掏钱	(tāo qián)
掏心掏肺	(tāo xīn tāo fèi)
掏腰包	(tāo yāo bāo)
慆	(tāo)
匋	(táo)
咷	(táo)
桃	(táo)
桃城区	(táo chéng qū)
桃红	(táo hóng)
桃花	(táo huā)
桃花扇	(táo huā shàn)
桃花水母	(táo huā shuǐ mǔ)
桃花心木	(táo huā xīn mù)
桃花汛	(táo huā xùn)
桃花源	(táo huā yuán)
桃花运	(táo huā yùn)
桃江县	(táo jiāng xiàn)
桃金娘	(táo jīn niáng)
桃金娘科	(táo jīn niáng kē)
桃李	(táo lǐ)
桃莉羊	(táo lì yáng)
桃仁	(táo rén)
桃腮粉脸	(táo sāi fěn liǎn)
桃色	(táo sè)
桃色案件	(táo sè àn jiàn)
桃色新闻	(táo sè xīn wén)
桃山区	(táo shān qū)
桃树	(táo shù)
桃太郎	(táo tài láng)
桃心	(táo xīn)
桃汛	(táo xùn)
桃园	(táo yuán)
桃园结义	(táo yuán jié yì)
桃园三结义	(táo yuán sān jié yì)
桃园市	(táo yuán shì)
桃源县	(táo yuán xiàn)
桃子	(táo zi)
梼	(táo)
梼杌	(táo wù)
啕	(táo)
套	(tào)
套包	(tào bāo)
套餐	(tào cān)
套车	(tào chē)
套磁	(tào cí)
套叠	(tào dié)
套儿	(tào r)
套房	(tào fáng)
套服	(tào fú)
套购	(tào gòu)
套管	(tào guǎn)
套红	(tào hóng)
套话	(tào huà)
套换	(tào huàn)
套汇	(tào huì)
套间	(tào jiān)
套件	(tào jiàn)
套交情	(tào jiāo qing)
套结	(tào jié)
套近乎	(tào jìn hū)
套口供	(tào kǒu gòng)
套裤	(tào kù)
套牢	(tào láo)
套利	(tào lì)
套利者	(tào lì zhě)
套路	(tào lù)
套马	(tào mǎ)
套马杆	(tào mǎ gǎn)
套牌车	(tào pái chē)
套票	(tào piào)
套期保值	(tào qī bǎo zhí)
套曲	(tào qǔ)
套取	(tào qǔ)
套圈	(tào quān)
套裙	(tào qún)
套色	(tào shǎi)
套衫	(tào shān)
套衫儿	(tào shān r)
套绳	(tào shéng)
套数	(tào shù)
套索	(tào suǒ)
套套	(tào tao)
套筒	(tào tǒng)
套筒扳手	(tào tǒng bān shǒu)
套头	(tào tóu)
套娃	(tào wá)
套问	(tào wèn)
套现	(tào xiàn)
套鞋	(tào xié)
套袖	(tào xiù)
套印	(tào yìn)
套用	(tào yòng)
套语	(tào yǔ)
套中人	(tào zhōng rén)
套钟	(tào zhōng)
套种	(tào zhòng)
套装	(tào zhuāng)
套子	(tào zi)
套作	(tào zuò)
忑	(tè)
忒	(tēi)
慝	(tè)
剔	(tī)
剔除	(tī chú)
剔透	(tī tòu)
剔牙	(tī yá)
梯	(tī)
梯板	(tī bǎn)
梯次	(tī cì)
梯次队形	(tī cì duì xíng)
梯度	(tī dù)
梯度回波	(tī dù huí bō)
梯队	(tī duì)
梯恩梯	(tī ēn tī)
梯恩梯当量	(tī ēn tī dāng liàng)
梯级	(tī jí)
梯己	(tī ji)
梯氏鸫	(tī shì dōng)
梯式配股	(tī shì pèi gǔ)
梯田	(tī tián)
梯形	(tī xíng)
梯也尔	(tī yě ěr)
梯子	(tī zi)
擿	(zhì)
扌	(shǒu)
厗	(tí)
厗奚	(tí xī)
提	(tí)
提案	(tí àn)
提案人	(tí àn rén)
提拔	(tí bá)
提包	(tí bāo)
提笔	(tí bǐ)
提笔忘字	(tí bǐ wàng zì)
提布卢斯	(tí bù lú sī)
提倡	(tí chàng)
提倡者	(tí chàng zhě)
提车	(tí chē)
提称语	(tí chēng yǔ)
提成	(tí chéng)
提出	(tí chū)
提纯	(tí chún)
提词	(tí cí)
提词器	(tí cí qì)
提单	(tí dān)
提到	(tí dào)
提灯	(tí dēng)
提调	(tí diào)
提督	(tí dū)
提多	(tí duō)
提多书	(tí duō shū)
提尔	(tí ěr)
提尔市	(tí ěr shì)
提法	(tí fǎ)
提防	(dī fang)
提干	(tí gàn)
提纲	(tí gāng)
提纲挈领	(tí gāng qiè lǐng)
提高	(tí gāo)
提告	(tí gào)
提告人	(tí gào rén)
提供	(tí gōng)
提供商	(tí gōng shāng)
提供者	(tí gōng zhě)
提盒	(tí hé)
提壶芦	(tí hú lú)
提葫芦	(tí hú lú)
提花	(tí huā)
提婚	(tí hūn)
提货	(tí huò)
提货单	(tí huò dān)
提及	(tí jí)
提级	(tí jí)
提价	(tí jià)
提交	(tí jiāo)
提克里特	(tí kè lǐ tè)
提款	(tí kuǎn)
提款机	(tí kuǎn jī)
提款卡	(tí kuǎn kǎ)
提拉米苏	(tí lā mǐ sū)
提篮	(tí lán)
提篮儿	(tí lán r)
提炼	(tí liàn)
提梁	(tí liáng)
提列	(tí liè)
提领	(tí lǐng)
提溜	(dī liu)
提留	(tí liú)
提名	(tí míng)
提摩太	(tí mó tài)
提摩太后书	(tí mó tài hòu shū)
提摩太前书	(tí mó tài qián shū)
提摩西草	(tí mó xī cǎo)
提姆·罗宾斯	(tí mǔ · luó bīn sī)
提赔	(tí péi)
提起	(tí qǐ)
提起公诉	(tí qǐ gōng sù)
提起精神	(tí qǐ jīng shen)
提前	(tí qián)
提前投票	(tí qián tóu piào)
提挈	(tí qiè)
提亲	(tí qīn)
提亲事	(tí qīn shì)
提琴	(tí qín)
提请	(tí qǐng)
提取	(tí qǔ)
提权	(tí quán)
提任	(tí rèn)
提神	(tí shén)
提神剂	(tí shén jì)
提神醒脑	(tí shén xǐng nǎo)
提审	(tí shěn)
提升	(tí shēng)
提示	(tí shì)
提示承兑	(tí shì chéng duì)
提示付款	(tí shì fù kuǎn)
提示音	(tí shì yīn)
提手	(tí shǒu)
提述	(tí shù)
提水工程	(tí shuǐ gōng chéng)
提速	(tí sù)
提提	(tí tí)
提头儿	(tí tóu r)
提味	(tí wèi)
提问	(tí wèn)
提现	(tí xiàn)
提线木偶	(tí xiàn mù ǒu)
提箱	(tí xiāng)
提携	(tí xié)
提心	(tí xīn)
提心吊胆	(tí xīn diào dǎn)
提薪	(tí xīn)
提醒	(tí xǐng)
提醒物	(tí xǐng wù)
提学御史	(tí xué yù shǐ)
提讯	(tí xùn)
提要	(tí yào)
提掖	(tí yè)
提议	(tí yì)
提喻法	(tí yù fǎ)
提早	(tí zǎo)
提振	(tí zhèn)
提制	(tí zhì)
提踵	(tí zhǒng)
提子	(tí zǐ)
提字器	(tí zì qì)
啼	(tí)
啼饥号寒	(tí jī háo hán)
啼哭	(tí kū)
啼声	(tí shēng)
啼笑皆非	(tí xiào jiē fēi)
啼啭	(tí zhuàn)
屉	(tì)
屉子	(tì zi)
剃	(tì)
剃刀	(tì dāo)
剃度	(tì dù)
剃发留辫	(tì fà liú biàn)
剃光头	(tì guāng tóu)
剃头	(tì tóu)
剃头挑子一头热	(tì tóu tiāo zi yī tóu rè)
剃须刀	(tì xū dāo)
剃须膏	(tì xū gāo)
倜	(tì)
倜傥	(tì tǎng)
悌	(tì)
悌睦	(tì mù)
悌友	(tì yǒu)
悐	(tì)
惕	(tì)
惕然	(tì rán)
替	(tì)
替班	(tì bān)
替班儿	(tì bān r)
替补	(tì bǔ)
替补队员	(tì bǔ duì yuán)
替餐	(tì cān)
替代	(tì dài)
替代品	(tì dài pǐn)
替代燃料	(tì dài rán liào)
替工	(tì gōng)
替古人担忧	(tì gǔ rén dān yōu)
替古人耽忧	(tì gǔ rén dān yōu)
替换	(tì huàn)
替角	(tì jué)
替角儿	(tì jué r)
替身	(tì shēn)
替身演员	(tì shēn yǎn yuán)
替死鬼	(tì sǐ guǐ)
替天行道	(tì tiān xíng dào)
替罪	(tì zuì)
替罪羔羊	(tì zuì gāo yáng)
替罪羊	(tì zuì yáng)
嚏	(tì)
嚏喷	(tì pen)
嚔	(tì)
䶑	(tì)
天	(tiān)
天啊	(tiān a)
天安门	(tiān ān mén)
天安门广场	(tiān ān mén guǎng chǎng)
天安门开了	(tiān ān mén kāi le)
天贝	(tiān bèi)
天崩地裂	(tiān bēng dì liè)
天边	(tiān biān)
天兵	(tiān bīng)
天兵天将	(tiān bīng tiān jiàng)
天不怕地不怕	(tiān bù pà dì bù pà)
天才	(tiān cái)
天差地别	(tiān chā dì bié)
天差地远	(tiān chā dì yuǎn)
天朝	(tiān cháo)
天车	(tiān chē)
天成	(tiān chéng)
天城文	(tiān chéng wén)
天秤	(tiān chèng)
天秤座	(tiān chèng zuò)
天池	(tiān chí)
天窗	(tiān chuāng)
天次	(tiān cì)
天赐	(tiān cì)
天大	(tiān dà)
天道	(tiān dào)
天道酬勤	(tiān dào chóu qín)
天地	(tiān dì)
天地会	(tiān dì huì)
天地良心	(tiān dì liáng xīn)
天地玄黄	(tiān dì xuán huáng)
天地悬隔	(tiān dì xuán gé)
天灯	(tiān dēng)
天等县	(tiān děng xiàn)
天低吴楚，眼空无物	(tiān dī wú chǔ , yǎn kōng wú wù)
天敌	(tiān dí)
天底	(tiān dǐ)
天底下	(tiān dǐ xia)
天帝	(tiān dì)
天电	(tiān diàn)
天顶	(tiān dǐng)
天冬氨酸	(tiān dōng ān suān)
天冬酰胺	(tiān dōng xiān àn)
天妒英才	(tiān dù yīng cái)
天峨县	(tiān é xiàn)
天鹅	(tiān é)
天鹅湖	(tiān é hú)
天鹅绒	(tiān é róng)
天鹅座	(tiān é zuò)
天儿	(tiān r)
天翻地覆	(tiān fān dì fù)
天方	(tiān fāng)
天方夜谭	(tiān fāng yè tán)
天分	(tiān fèn)
天份	(tiān fèn)
天府	(tiān fǔ)
天府之国	(tiān fǔ zhī guó)
天父	(tiān fù)
天妇罗	(tiān fù luó)
天赋	(tiān fù)
天赋异禀	(tiān fù yì bǐng)
天刚亮	(tiān gāng liàng)
天罡	(tiān gāng)
天高皇帝远	(tiān gāo huáng dì yuǎn)
天鸽座	(tiān gē zuò)
天各一方	(tiān gè yī fāng)
天公	(tiān gōng)
天公不作美	(tiān gōng bù zuò měi)
天公地道	(tiān gōng dì dào)
天公作美	(tiān gōng zuò měi)
天宫	(tiān gōng)
天沟	(tiān gōu)
天癸	(tiān guǐ)
天国	(tiān guó)
天寒地冻	(tiān hán dì dòng)
天汉	(tiān hàn)
天旱	(tiān hàn)
天和	(tiān hú)
天河	(tiān hé)
天河区	(tiān hé qū)
天鹤座	(tiān hè zuò)
天黑	(tiān hēi)
天后	(tiān hòu)
天后站	(tiān hòu zhàn)
天候	(tiān hòu)
天花	(tiān huā)
天花板	(tiān huā bǎn)
天花病毒	(tiān huā bìng dú)
天花乱坠	(tiān huā luàn zhuì)
天荒地老	(tiān huāng dì lǎo)
天皇	(tiān huáng)
天玑	(tiān jī)
天机	(tiān jī)
天机不可泄漏	(tiān jī bù kě xiè lòu)
天机不可泄露	(tiān jī bù kě xiè lù)
天际	(tiān jì)
天际线	(tiān jì xiàn)
天价	(tiān jià)
天箭座	(tiān jiàn zuò)
天界	(tiān jiè)
天津	(tiān jīn)
天津大学	(tiān jīn dà xué)
天津环球金融中心	(tiān jīn huán qiú jīn róng zhōng xīn)
天津市	(tiān jīn shì)
天津外国语大学	(tiān jīn wài guó yǔ dà xué)
天津卫	(tiān jīn wèi)
天经地义	(tiān jīng dì yì)
天井	(tiān jǐng)
天峻县	(tiān jùn xiàn)
天课	(tiān kè)
天坑	(tiān kēng)
天空	(tiān kōng)
天籁	(tiān lài)
天籁之音	(tiān lài zhī yīn)
天蓝	(tiān lán)
天蓝色	(tiān lán sè)
天狼星	(tiān láng xīng)
天老儿	(tiān lǎo r)
天冷	(tiān lěng)
天理	(tiān lǐ)
天理教	(tiān lǐ jiào)
天理难容	(tiān lǐ nán róng)
天良	(tiān liáng)
天亮	(tiān liàng)
天量	(tiān liàng)
天灵盖	(tiān líng gài)
天龙八部	(tiān lóng bā bù)
天龙国	(tiān lóng guó)
天龙人	(tiān lóng rén)
天龙座	(tiān lóng zuò)
天蝼	(tiān lóu)
天炉座	(tiān lú zuò)
天禄	(tiān lù)
天伦	(tiān lún)
天伦之乐	(tiān lún zhī lè)
天罗地网	(tiān luó dì wǎng)
天麻	(tiān má)
天马	(tiān mǎ)
天马行空	(tiān mǎ xíng kōng)
天猫座	(tiān māo zuò)
天门	(tiān mén)
天门冬	(tiān mén dōng)
天门冬科	(tiān mén dōng kē)
天门市	(tiān mén shì)
天明	(tiān míng)
天命	(tiān mìng)
天魔	(tiān mó)
天那水	(tiān nà shuǐ)
天南地北	(tiān nán dì běi)
天年	(tiān nián)
天宁区	(tiān níng qū)
天牛	(tiān niú)
天疱疮	(tiān pào chuāng)
天棚	(tiān péng)
天篷	(tiān péng)
天平	(tiān píng)
天平动	(tiān píng dòng)
天气	(tiān qì)
天气预报	(tiān qì yù bào)
天谴	(tiān qiǎn)
天堑	(tiān qiàn)
天桥	(tiān qiáo)
天桥区	(tiān qiáo qū)
天亲	(tiān qīn)
天琴星座	(tiān qín xīng zuò)
天琴座	(tiān qín zuò)
天青石	(tiān qīng shí)
天球	(tiān qiú)
天球赤道	(tiān qiú chì dào)
天趣	(tiān qù)
天权	(tiān quán)
天全县	(tiān quán xiàn)
天然	(tiān rán)
天然呆	(tiān rán dāi)
天然毒素	(tiān rán dú sù)
天然气	(tiān rán qì)
天然纤维	(tiān rán xiān wéi)
天然橡胶	(tiān rán xiàng jiāo)
天然铀	(tiān rán yóu)
天壤之别	(tiān rǎng zhī bié)
天人	(tiān rén)
天人感应	(tiān rén gǎn yìng)
天人合一	(tiān rén hé yī)
天色	(tiān sè)
天杀的	(tiān shā de)
天煞孤星	(tiān shà gū xīng)
天山	(tiān shān)
天山区	(tiān shān qū)
天上	(tiān shàng)
天上不会掉馅饼	(tiān shàng bù huì diào xiàn bǐng)
天上掉馅饼	(tiān shàng diào xiàn bǐng)
天上下刀子	(tiān shàng xià dāo zi)
天神	(tiān shén)
天生	(tiān shēng)
天生的一对	(tiān shēng de yī duì)
天生丽质	(tiān shēng lì zhì)
天生一对	(tiān shēng yī duì)
天时	(tiān shí)
天时地利人和	(tiān shí dì lì rén hé)
天使	(tiān shǐ)
天使报喜节	(tiān shǐ bào xǐ jié)
天使投资	(tiān shǐ tóu zī)
天使投资人	(tiān shǐ tóu zī rén)
天书	(tiān shū)
天枢	(tiān shū)
天数	(tiān shù)
天水碧	(tiān shuǐ bì)
天水市	(tiān shuǐ shì)
天孙娘娘	(tiān sūn niáng niáng)
天台	(tiān tāi)
天台山	(tiān tāi shān)
天台县	(tiān tāi xiàn)
天台宗	(tiān tái zōng)
天坛	(tiān tán)
天坛座	(tiān tán zuò)
天堂	(tiān táng)
天梯	(tiān tī)
天体	(tiān tǐ)
天体光谱学	(tiān tǐ guāng pǔ xué)
天体力学	(tiān tǐ lì xué)
天体物理	(tiān tǐ wù lǐ)
天体物理学	(tiān tǐ wù lǐ xué)
天体物理学家	(tiān tǐ wù lǐ xué jiā)
天体演化学	(tiān tǐ yǎn huà xué)
天体主义	(tiān tǐ zhǔ yì)
天天	(tiān tiān)
天条	(tiān tiáo)
天庭	(tiān tíng)
天头	(tiān tóu)
天兔座	(tiān tù zuò)
天外	(tiān wài)
天外来客	(tiān wài lái kè)
天王	(tiān wáng)
天王星	(tiān wáng xīng)
天网	(tiān wǎng)
天网恢恢	(tiān wǎng huī huī)
天网恢恢，疏而不漏	(tiān wǎng huī huī , shū ér bù lòu)
天文	(tiān wén)
天文单位	(tiān wén dān wèi)
天文馆	(tiān wén guǎn)
天文数字	(tiān wén shù zì)
天文台	(tiān wén tái)
天文望远镜	(tiān wén wàng yuǎn jìng)
天文学	(tiān wén xué)
天文学大成	(tiān wén xué dà chéng)
天文学家	(tiān wén xué jiā)
天问	(tiān wèn)
天无绝人之路	(tiān wú jué rén zhī lù)
天下	(tiān xià)
天下大乱	(tiān xià dà luàn)
天下大势	(tiān xià dà shì)
天下第一	(tiān xià dì yī)
天下没有不散的筵席	(tiān xià méi yǒu bù sàn de yán xí)
天下太平	(tiān xià tài píng)
天下乌鸦一般黑	(tiān xià wū yā yī bān hēi)
天下无难事，只怕有心人	(tiān xià wú nán shì , zhǐ pà yǒu xīn rén)
天下兴亡，匹夫有责	(tiān xià xīng wáng , pǐ fū yǒu zé)
天仙	(tiān xiān)
天险	(tiān xiǎn)
天线	(tiān xiàn)
天线宝宝	(tiān xiàn bǎo bǎo)
天香国色	(tiān xiāng guó sè)
天象	(tiān xiàng)
天象仪	(tiān xiàng yí)
天晓得	(tiān xiǎo de)
天蝎	(tiān xiē)
天蝎座	(tiān xiē zuò)
天蟹座	(tiān xiè zuò)
天心	(tiān xīn)
天心区	(tiān xīn qū)
天星码头	(tiān xīng mǎ tóu)
天行赤眼	(tiān xíng chì yǎn)
天幸	(tiān xìng)
天性	(tiān xìng)
天旋地转	(tiān xuán dì zhuàn)
天璇	(tiān xuán)
天涯	(tiān yá)
天涯海角	(tiān yá hǎi jiǎo)
天涯何处无芳草	(tiān yá hé chù wú fāng cǎo)
天涯区	(tiān yá qū)
天涯若比邻	(tiān yá ruò bǐ lín)
天呀	(tiān ya)
天眼	(tiān yǎn)
天演	(tiān yǎn)
天演论	(tiān yǎn lùn)
天燕座	(tiān yàn zuò)
天要下雨，娘要嫁人	(tiān yào xià yǔ , niáng yào jià rén)
天衣无缝	(tiān yī wú fèng)
天意	(tiān yì)
天鹰座	(tiān yīng zuò)
天有不测风云，人有旦夕祸福	(tiān yǒu bù cè fēng yún , rén yǒu dàn xī huò fú)
天雨路滑	(tiān yù lù huá)
天渊	(tiān yuān)
天元区	(tiān yuán qū)
天灾	(tiān zāi)
天灾地孽	(tiān zāi dì niè)
天灾人祸	(tiān zāi rén huò)
天葬	(tiān zàng)
天造地设	(tiān zào dì shè)
天择	(tiān zé)
天长地久	(tiān cháng dì jiǔ)
天长日久	(tiān cháng rì jiǔ)
天长市	(tiān cháng shì)
天真	(tiān zhēn)
天真烂漫	(tiān zhēn làn màn)
天镇县	(tiān zhèn xiàn)
天职	(tiān zhí)
天舟座	(tiān zhōu zuò)
天诛	(tiān zhū)
天珠	(tiān zhū)
天竺	(tiān zhú)
天竺葵	(tiān zhú kuí)
天竺牡丹	(tiān zhú mǔ dan)
天竺鼠	(tiān zhú shǔ)
天主	(tiān zhǔ)
天主教	(tiān zhǔ jiào)
天主教会	(tiān zhǔ jiào huì)
天主教徒	(tiān zhǔ jiào tú)
天柱	(tiān zhù)
天柱县	(tiān zhù xiàn)
天祝藏族自治县	(tiān zhù zàng zú zì zhì xiàn)
天资	(tiān zī)
天子	(tiān zǐ)
天作之合	(tiān zuò zhī hé)
兲	(tiān)
兲朝	(tiān cháo)
屇	(tián)
恬	(tián)
恬波	(tián bō)
恬不知耻	(tián bù zhī chǐ)
恬畅	(tián chàng)
恬淡	(tián dàn)
恬澹	(tián dàn)
恬和	(tián hé)
恬静	(tián jìng)
恬美	(tián měi)
恬谧	(tián mì)
恬漠	(tián mò)
恬然	(tián rán)
恬适	(tián shì)
恬退	(tián tuì)
恬雅	(tián yǎ)
恬逸	(tián yì)
恬愉	(tián yú)
恬噪	(tián zào)
填	(tián)
填饱	(tián bǎo)
填报	(tián bào)
填表	(tián biǎo)
填补	(tián bǔ)
填充	(tián chōng)
填充剂	(tián chōng jì)
填充题	(tián chōng tí)
填充物	(tián chōng wù)
填词	(tián cí)
填地	(tián dì)
填堵	(tián dǔ)
填房	(tián fáng)
填海	(tián hǎi)
填空	(tián kòng)
填料	(tián liào)
填满	(tián mǎn)
填密	(tián mì)
填塞	(tián sè)
填塞物	(tián sè wù)
填写	(tián xiě)
填鸭	(tián yā)
填鸭式	(tián yā shì)
填字游戏	(tián zì yóu xì)
搷	(chēn)
塡	(tián)
忝	(tiǎn)
殄	(tiǎn)
㥏	(tiǎn)
晪	(tiǎn)
掭	(tiàn)
佻	(tiāo)
挑	(tiāo)
挑拨	(tiǎo bō)
挑拨离间	(tiǎo bō lí jiàn)
挑拨是非	(tiǎo bō shì fēi)
挑刺	(tiāo cì)
挑大梁	(tiǎo dà liáng)
挑灯	(tiǎo dēng)
挑灯拨火	(tiǎo dēng bō huǒ)
挑灯夜战	(tiǎo dēng yè zhàn)
挑动	(tiǎo dòng)
挑逗	(tiǎo dòu)
挑逗性	(tiǎo dòu xìng)
挑肥拣瘦	(tiāo féi jiǎn shòu)
挑夫	(tiāo fū)
挑高	(tiāo gāo)
挑花	(tiǎo huā)
挑花眼	(tiǎo huā yǎn)
挑拣	(tiāo jiǎn)
挑口板	(tiāo kǒu bǎn)
挑毛病	(tiāo máo bìng)
挑毛剔刺	(tiāo máo tī cì)
挑毛剔刺儿	(tiāo máo tī cì r)
挑明	(tiǎo míng)
挑弄	(tiǎo nòng)
挑起	(tiǎo qǐ)
挑染	(tiāo rǎn)
挑三拣四	(tiāo sān jiǎn sì)
挑三窝四	(tiǎo sān wō sì)
挑山工	(tiāo shān gōng)
挑食	(tiāo shí)
挑唆	(tiǎo suō)
挑剔	(tiāo ti)
挑头	(tiǎo tóu)
挑头儿	(tiǎo tóu r)
挑衅	(tiǎo xìn)
挑选	(tiāo xuǎn)
挑檐	(tiǎo yán)
挑战	(tiǎo zhàn)
挑战者	(tiǎo zhàn zhě)
挑战者号	(tiǎo zhàn zhě hào)
挑子	(tiāo zi)
挑嘴	(tiāo zuǐ)
恌	(tiāo)
条	(tiáo)
条案	(tiáo àn)
条板箱	(tiáo bǎn xiāng)
条播	(tiáo bō)
条畅	(tiáo chàng)
条陈	(tiáo chén)
条凳	(tiáo dèng)
条分缕析	(tiáo fēn lǚ xī)
条幅	(tiáo fú)
条幅广告	(tiáo fú guǎng gào)
条贯	(tiáo guàn)
条规	(tiáo guī)
条痕	(tiáo hén)
条几	(tiáo jī)
条件	(tiáo jiàn)
条件反射	(tiáo jiàn fǎn shè)
条件反应	(tiáo jiàn fǎn yìng)
条件概率	(tiáo jiàn gài lǜ)
条件句	(tiáo jiàn jù)
条件式	(tiáo jiàn shì)
条款	(tiáo kuǎn)
条理	(tiáo lǐ)
条例	(tiáo lì)
条码	(tiáo mǎ)
条目	(tiáo mù)
条条大路通罗马	(tiáo tiáo dà lù tōng luó mǎ)
条条框框	(tiáo tiáo kuàng kuàng)
条文	(tiáo wén)
条纹	(tiáo wén)
条纹噪鹛	(tiáo wén zào méi)
条形	(tiáo xíng)
条形码	(tiáo xíng mǎ)
条形图	(tiáo xíng tú)
条约	(tiáo yuē)
条子	(tiáo zi)
岧	(tiáo)
岹	(tiáo)
䩦	(tiáo)
宨	(tiǎo)
朓	(tiǎo)
䠷	(tiǎo)
帖	(tiě)
帖服	(tiē fú)
帖木儿	(tiē mù ér)
帖木儿大汗	(tiē mù ér dà hán)
帖撒罗尼迦	(tiě sā luó ní jiā)
帖撒罗尼迦后书	(tiě sā luó ní jiā hòu shū)
帖撒罗尼迦前书	(tiě sā luó ní jiā qián shū)
帖子	(tiě zi)
怗	(tiē)
僣	(jiàn)
呫	(tiè)
呫哔	(tiè bì)
呫吨	(zhān dūn)
呫吨酮	(zhān dūn tóng)
呫嗫	(tiè niè)
呫嚅	(chè rú)
呫呫	(tiè tiè)
厅	(tīng)
厅堂	(tīng táng)
厅长	(tīng zhǎng)
听	(yǐn)
桯	(tīng)
廷	(tíng)
廷巴克图	(tíng bā kè tú)
廷布	(tíng bù)
廷试	(tíng shì)
廷尉	(tíng wèi)
亭	(tíng)
亭阁	(tíng gé)
亭湖区	(tíng hú qū)
亭台	(tíng tái)
亭台楼阁	(tíng tái lóu gé)
亭亭玉立	(tíng tíng yù lì)
亭午	(tíng wǔ)
亭长	(tíng zhǎng)
亭子	(tíng zi)
庭	(tíng)
庭除	(tíng chú)
庭审	(tíng shěn)
庭堂	(tíng táng)
庭外	(tíng wài)
庭训	(tíng xùn)
庭园	(tíng yuán)
庭院	(tíng yuàn)
庭长	(tíng zhǎng)
停	(tíng)
停摆	(tíng bǎi)
停办	(tíng bàn)
停表	(tíng biǎo)
停步	(tíng bù)
停产	(tíng chǎn)
停车	(tíng chē)
停车场	(tíng chē chǎng)
停车格	(tíng chē gé)
停车计时器	(tíng chē jì shí qì)
停车库	(tíng chē kù)
停车位	(tíng chē wèi)
停车站	(tíng chē zhàn)
停当	(tíng dang)
停电	(tíng diàn)
停顿	(tíng dùn)
停放	(tíng fàng)
停飞	(tíng fēi)
停俸	(tíng fèng)
停服	(tíng fú)
停更	(tíng gēng)
停工	(tíng gōng)
停航	(tíng háng)
停火	(tíng huǒ)
停火线	(tíng huǒ xiàn)
停机	(tíng jī)
停机坪	(tíng jī píng)
停机时间	(tíng jī shí jiān)
停经	(tíng jīng)
停刊	(tíng kān)
停靠	(tíng kào)
停靠港	(tíng kào gǎng)
停靠站	(tíng kào zhàn)
停课	(tíng kè)
停留	(tíng liú)
停盘	(tíng pán)
停泊	(tíng bó)
停尸	(tíng shī)
停尸房	(tíng shī fáng)
停尸间	(tíng shī jiān)
停食	(tíng shí)
停驶	(tíng shǐ)
停手	(tíng shǒu)
停水	(tíng shuǐ)
停损单	(tíng sǔn dān)
停息	(tíng xī)
停下	(tíng xià)
停下来	(tíng xià lái)
停歇	(tíng xiē)
停薪留职	(tíng xīn liú zhí)
停业	(tíng yè)
停用	(tíng yòng)
停战	(tíng zhàn)
停战日	(tíng zhàn rì)
停站	(tíng zhàn)
停职	(tíng zhí)
停止	(tíng zhǐ)
停滞	(tíng zhì)
停滞不前	(tíng zhì bù qián)
停住	(tíng zhù)
婷	(tíng)
婷婷玉立	(tíng tíng yù lì)
楟	(tíng)
圢	(tǐng)
侹	(tǐng)
挺	(tǐng)
挺拔	(tǐng bá)
挺而走险	(tǐng ér zǒu xiǎn)
挺杆	(tǐng gǎn)
挺好	(tǐng hǎo)
挺进	(tǐng jìn)
挺举	(tǐng jǔ)
挺立	(tǐng lì)
挺身	(tǐng shēn)
挺身而出	(tǐng shēn ér chū)
挺尸	(tǐng shī)
挺腰	(tǐng yāo)
挺直	(tǐng zhí)
挺住	(tǐng zhù)
梃	(tǐng)
嗵	(tōng)
嗵嗵鼓	(tōng tōng gǔ)
冂	(jiōng)
仝	(tóng)
同	(tóng)
同安区	(tóng ān qū)
同案犯	(tóng àn fàn)
同班	(tóng bān)
同班同学	(tóng bān tóng xué)
同伴	(tóng bàn)
同胞	(tóng bāo)
同胞兄妹	(tóng bāo xiōng mèi)
同辈	(tóng bèi)
同比	(tóng bǐ)
同病相怜	(tóng bìng xiāng lián)
同步	(tóng bù)
同步轨道	(tóng bù guǐ dào)
同步加速器	(tóng bù jiā sù qì)
同步口译	(tóng bù kǒu yì)
同步数位阶层	(tóng bù shù wèi jiē céng)
同步卫星	(tóng bù wèi xīng)
同侪	(tóng chái)
同侪检视	(tóng chái jiǎn shì)
同侪审查	(tóng chái shěn chá)
同侪团体	(tóng chái tuán tǐ)
同侪压力	(tóng chái yā lì)
同侪咨商	(tóng chái zī shāng)
同翅目	(tóng chì mù)
同仇敌忾	(tóng chóu dí kài)
同传	(tóng chuán)
同传耳麦	(tóng chuán ěr mài)
同窗	(tóng chuāng)
同床共枕	(tóng chuáng gòng zhěn)
同床异梦	(tóng chuáng yì mèng)
同党	(tóng dǎng)
同道	(tóng dào)
同道者	(tóng dào zhě)
同道中人	(tóng dào zhōng rén)
同德县	(tóng dé xiàn)
同等	(tóng děng)
同调	(tóng diào)
同犯	(tóng fàn)
同房	(tóng fáng)
同分异构	(tóng fēn yì gòu)
同分异构体	(tóng fēn yì gòu tǐ)
同符合契	(tóng fú hé qì)
同父异母	(tóng fù yì mǔ)
同甘共苦	(tóng gān gòng kǔ)
同甘苦	(tóng gān kǔ)
同感	(tóng gǎn)
同工	(tóng gōng)
同工同酬	(tóng gōng tóng chóu)
同功	(tóng gōng)
同构	(tóng gòu)
同归于尽	(tóng guī yú jìn)
同好	(tóng hào)
同花	(tóng huā)
同花大顺	(tóng huā dà shùn)
同花顺	(tóng huā shùn)
同化	(tóng huà)
同化作用	(tóng huà zuò yòng)
同婚	(tóng hūn)
同伙	(tóng huǒ)
同级	(tóng jí)
同级评审	(tóng jí píng shěn)
同济	(tóng jì)
同济大学	(tóng jì dà xué)
同江市	(tóng jiāng shì)
同居	(tóng jū)
同款	(tóng kuǎn)
同框	(tóng kuàng)
同乐	(tóng lè)
同乐会	(tóng lè huì)
同类	(tóng lèi)
同类相食	(tóng lèi xiāng shí)
同类相吸	(tóng lèi xiāng xī)
同理	(tóng lǐ)
同理心	(tóng lǐ xīn)
同量	(tóng liàng)
同量异位素	(tóng liàng yì wèi sù)
同僚	(tóng liáo)
同龄	(tóng líng)
同龄人	(tóng líng rén)
同流合污	(tóng liú hé wū)
同路	(tóng lù)
同路人	(tóng lù rén)
同卵	(tóng luǎn)
同卵双胞胎	(tóng luǎn shuāng bāo tāi)
同蒙其利	(tóng méng qí lì)
同盟	(tóng méng)
同盟国	(tóng méng guó)
同盟军	(tóng méng jūn)
同名	(tóng míng)
同名同姓	(tóng míng tóng xìng)
同谋	(tóng móu)
同母异父	(tóng mǔ yì fù)
同年	(tóng nián)
同袍	(tóng páo)
同配生殖	(tóng pèi shēng zhí)
同妻	(tóng qī)
同期	(tóng qī)
同情	(tóng qíng)
同情者	(tóng qíng zhě)
同人	(tóng rén)
同人小说	(tóng rén xiǎo shuō)
同仁	(tóng rén)
同仁市	(tóng rén shì)
同仁堂	(tóng rén táng)
同日	(tóng rì)
同日而语	(tóng rì ér yǔ)
同上	(tóng shàng)
同声传译	(tóng shēng chuán yì)
同声翻译	(tóng shēng fān yì)
同声一哭	(tóng shēng yī kū)
同时	(tóng shí)
同时代	(tóng shí dài)
同时期	(tóng shí qī)
同事	(tóng shì)
同室操戈	(tóng shì cāo gē)
同手同脚	(tóng shǒu tóng jiǎo)
同素异形体	(tóng sù yì xíng tǐ)
同台	(tóng tái)
同态	(tóng tài)
同堂	(tóng táng)
同途殊归	(tóng tú shū guī)
同位	(tóng wèi)
同位素	(tóng wèi sù)
同位素分离	(tóng wèi sù fēn lí)
同温层	(tóng wēn céng)
同屋	(tóng wū)
同喜	(tóng xǐ)
同乡	(tóng xiāng)
同乡亲故	(tóng xiāng qīn gù)
同心	(tóng xīn)
同心同德	(tóng xīn tóng dé)
同心县	(tóng xīn xiàn)
同心协力	(tóng xīn xié lì)
同行	(tóng háng)
同型配子	(tóng xíng pèi zǐ)
同型性	(tóng xíng xìng)
同性	(tóng xìng)
同性爱	(tóng xìng ài)
同性恋	(tóng xìng liàn)
同性恋恐惧症	(tóng xìng liàn kǒng jù zhèng)
同性恋者	(tóng xìng liàn zhě)
同性相斥	(tóng xìng xiāng chì)
同学	(tóng xué)
同砚	(tóng yàn)
同样	(tóng yàng)
同业	(tóng yè)
同业拆借	(tóng yè chāi jiè)
同业公会	(tóng yè gōng huì)
同一	(tóng yī)
同一挂	(tóng yī guà)
同义	(tóng yì)
同义词	(tóng yì cí)
同义反复	(tóng yì fǎn fù)
同义语	(tóng yì yǔ)
同义字	(tóng yì zì)
同意	(tóng yì)
同音	(tóng yīn)
同音词	(tóng yīn cí)
同音字	(tóng yīn zì)
同余	(tóng yú)
同余类	(tóng yú lèi)
同余式	(tóng yú shì)
同源	(tóng yuán)
同源词	(tóng yuán cí)
同韵词	(tóng yùn cí)
同在	(tóng zài)
同知	(tóng zhī)
同志	(tóng zhì)
同质	(tóng zhì)
同治	(tóng zhì)
同舟共济	(tóng zhōu gòng jì)
同轴	(tóng zhóu)
同轴电缆	(tóng zhóu diàn lǎn)
同桌	(tóng zhuō)
同字框	(tóng zì kuàng)
同宗同源	(tóng zōng tóng yuán)
佟	(tóng)
佟佳江	(tóng jiā jiāng)
彤	(tóng)
哃	(tóng)
桐	(tóng)
桐柏山	(tóng bǎi shān)
桐柏县	(tóng bǎi xiàn)
桐城市	(tóng chéng shì)
桐庐县	(tóng lú xiàn)
桐木偶	(tóng mù ǒu)
桐人	(tóng rén)
桐乡市	(tóng xiāng shì)
桐油	(tóng yóu)
桐梓县	(tóng zǐ xiàn)
僮	(zhuàng)
僮仆	(tóng pú)
僮族	(zhuàng zú)
曈	(tóng)
朣	(tóng)
捅	(tǒng)
捅娄子	(tǒng lóu zi)
捅喽子	(tǒng lóu zi)
捅楼子	(tǒng lóu zi)
捅马蜂窝	(tǒng mǎ fēng wō)
捅破	(tǒng pò)
桶	(tǒng)
桶孔	(tǒng kǒng)
桶口	(tǒng kǒu)
恸	(tòng)
偷	(tōu)
偷安	(tōu ān)
偷吃	(tōu chī)
偷盗	(tōu dào)
偷渡	(tōu dù)
偷渡者	(tōu dù zhě)
偷惰	(tōu duò)
偷工	(tōu gōng)
偷工减料	(tōu gōng jiǎn liào)
偷汉子	(tōu hàn zi)
偷换	(tōu huàn)
偷鸡不成蚀把米	(tōu jī bù chéng shí bǎ mǐ)
偷鸡摸狗	(tōu jī mō gǒu)
偷加	(tōu jiā)
偷看	(tōu kàn)
偷空	(tōu kòng)
偷窥	(tōu kuī)
偷窥狂	(tōu kuī kuáng)
偷懒	(tōu lǎn)
偷梁换柱	(tōu liáng huàn zhù)
偷猎	(tōu liè)
偷猎者	(tōu liè zhě)
偷漏	(tōu lòu)
偷摸	(tōu mō)
偷拍	(tōu pāi)
偷排	(tōu pái)
偷跑	(tōu pǎo)
偷窃	(tōu qiè)
偷情	(tōu qíng)
偷取	(tōu qǔ)
偷去	(tōu qù)
偷人	(tōu rén)
偷生	(tōu shēng)
偷师	(tōu shī)
偷税	(tōu shuì)
偷天换日	(tōu tiān huàn rì)
偷听	(tōu tīng)
偷偷	(tōu tōu)
偷偷摸摸	(tōu tōu mō mō)
偷袭	(tōu xí)
偷闲	(tōu xián)
偷香窃玉	(tōu xiāng qiè yù)
偷笑	(tōu xiào)
偷腥	(tōu xīng)
偷眼	(tōu yǎn)
偷油婆	(tōu yóu pó)
偷运	(tōu yùn)
偷子	(tōu zi)
偸	(tōu)
投	(tóu)
投案	(tóu àn)
投保	(tóu bǎo)
投保方	(tóu bǎo fāng)
投保人	(tóu bǎo rén)
投奔	(tóu bèn)
投笔从戎	(tóu bǐ cóng róng)
投币	(tóu bì)
投币口	(tóu bì kǒu)
投鞭断流	(tóu biān duàn liú)
投标	(tóu biāo)
投产	(tóu chǎn)
投诚	(tóu chéng)
投错胎	(tóu cuò tāi)
投弹	(tóu dàn)
投敌	(tóu dí)
投递	(tóu dì)
投递员	(tóu dì yuán)
投店	(tóu diàn)
投毒	(tóu dú)
投放	(tóu fàng)
投放市场	(tóu fàng shì chǎng)
投稿	(tóu gǎo)
投光灯	(tóu guāng dēng)
投合	(tóu hé)
投河	(tóu hé)
投壶	(tóu hú)
投怀送抱	(tóu huái sòng bào)
投环	(tóu huán)
投缳	(tóu huán)
投缳自缢	(tóu huán zì yì)
投机	(tóu jī)
投机倒把	(tóu jī dǎo bǎ)
投机买卖	(tóu jī mǎi mài)
投机取巧	(tóu jī qǔ qiǎo)
投机者	(tóu jī zhě)
投寄	(tóu jì)
投降	(tóu xiáng)
投军	(tóu jūn)
投开票所	(tóu kāi piào suǒ)
投考	(tóu kǎo)
投靠	(tóu kào)
投篮	(tóu lán)
投篮机	(tóu lán jī)
投袂而起	(tóu mèi ér qǐ)
投拍	(tóu pāi)
投票	(tóu piào)
投票地点	(tóu piào dì diǎn)
投票匦	(tóu piào guǐ)
投票机器	(tóu piào jī qì)
投票间	(tóu piào jiān)
投票率	(tóu piào lǜ)
投票权	(tóu piào quán)
投票箱	(tóu piào xiāng)
投票站	(tóu piào zhàn)
投票者	(tóu piào zhě)
投屏	(tóu píng)
投其所好	(tóu qí suǒ hào)
投契	(tóu qì)
投入	(tóu rù)
投杀	(tóu shā)
投射	(tóu shè)
投身	(tóu shēn)
投生	(tóu shēng)
投师	(tóu shī)
投石问路	(tóu shí wèn lù)
投手	(tóu shǒu)
投书	(tóu shū)
投鼠忌器	(tóu shǔ jì qì)
投诉	(tóu sù)
投宿	(tóu sù)
投胎	(tóu tāi)
投桃报李	(tóu táo bào lǐ)
投喂	(tóu wèi)
投行	(tóu háng)
投影	(tóu yǐng)
投影机	(tóu yǐng jī)
投影几何	(tóu yǐng jǐ hé)
投影几何学	(tóu yǐng jǐ hé xué)
投影面	(tóu yǐng miàn)
投影片	(tóu yǐng piàn)
投影图	(tóu yǐng tú)
投影线	(tóu yǐng xiàn)
投影仪	(tóu yǐng yí)
投影中心	(tóu yǐng zhōng xīn)
投映	(tóu yìng)
投硬币	(tóu yìng bì)
投缘	(tóu yuán)
投掷	(tóu zhì)
投中	(tóu zhòng)
投注	(tóu zhù)
投资	(tóu zī)
投资报酬率	(tóu zī bào chóu lǜ)
投资回报率	(tóu zī huí bào lǜ)
投资家	(tóu zī jiā)
投资人	(tóu zī rén)
投资移民	(tóu zī yí mín)
投资银行	(tóu zī yín háng)
投资者	(tóu zī zhě)
投资组合	(tóu zī zǔ hé)
妵	(tǒu)
斢	(tǒu)
凸	(tū)
凸版	(tū bǎn)
凸版印刷	(tū bǎn yìn shuā)
凸边	(tū biān)
凸出	(tū chū)
凸槌	(tū chuí)
凸度	(tū dù)
凸多胞形	(tū duō bāo xíng)
凸多边形	(tū duō biān xíng)
凸多面体	(tū duō miàn tǐ)
凸耳	(tū ěr)
凸镜	(tū jìng)
凸轮	(tū lún)
凸轮轴	(tū lún zhóu)
凸面	(tū miàn)
凸面镜	(tū miàn jìng)
凸面体	(tū miàn tǐ)
凸起	(tū qǐ)
凸透镜	(tū tòu jìng)
凸凸	(tū tū)
凸显	(tū xiǎn)
凸现	(tū xiàn)
凸线	(tū xiàn)
凸性	(tū xìng)
凸缘	(tū yuán)
凸折线	(tū zhé xiàn)
㻬	(tú)
图	(tú)
图阿雷格	(tú ā léi gé)
图案	(tú àn)
图版	(tú bǎn)
图标	(tú biāo)
图表	(tú biǎo)
图波列夫	(tú bō liè fū)
图册	(tú cè)
图层	(tú céng)
图存	(tú cún)
图钉	(tú dīng)
图恩	(tú ēn)
图尔	(tú ěr)
图尔库	(tú ěr kù)
图画	(tú huà)
图集	(tú jí)
图辑	(tú jí)
图鉴	(tú jiàn)
图解	(tú jiě)
图解说明	(tú jiě shuō míng)
图景	(tú jǐng)
图雷特氏综合症	(tú léi tè shì zōng hé zhèng)
图例	(tú lì)
图林根	(tú lín gēn)
图灵	(tú líng)
图灵机	(tú líng jī)
图灵奖	(tú líng jiǎng)
图卢斯	(tú lú sī)
图卢兹	(tú lú zī)
图录	(tú lù)
图论	(tú lùn)
图门江	(tú mén jiāng)
图们江	(tú mén jiāng)
图们市	(tú mén shì)
图谋	(tú móu)
图木舒克	(tú mù shū kè)
图木舒克市	(tú mù shū kè shì)
图皮	(tú pí)
图片	(tú piàn)
图片报	(tú piàn bào)
图谱	(tú pǔ)
图穷匕见	(tú qióng bǐ xiàn)
图示	(tú shì)
图书	(tú shū)
图书馆	(tú shū guǎn)
图书馆员	(tú shū guǎn yuán)
图书管理员	(tú shū guǎn lǐ yuán)
图腾	(tú téng)
图瓦	(tú wǎ)
图瓦卢	(tú wǎ lú)
图西族	(tú xī zú)
图象	(tú xiàng)
图像	(tú xiàng)
图像处理	(tú xiàng chǔ lǐ)
图像分割	(tú xiàng fēn gē)
图像识别	(tú xiàng shí bié)
图像用户介面	(tú xiàng yòng hù jiè miàn)
图形	(tú xíng)
图形处理单元	(tú xíng chǔ lǐ dān yuán)
图形处理器	(tú xíng chǔ lǐ qì)
图形界面	(tú xíng jiè miàn)
图形卡	(tú xíng kǎ)
图形用户界面	(tú xíng yòng hù jiè miàn)
图样	(tú yàng)
图样图森破	(tú yàng tú sēn pò)
图章	(tú zhāng)
图纸	(tú zhǐ)
图轴	(tú zhóu)
凃	(tú)
徒	(tú)
徒步	(tú bù)
徒步路径	(tú bù lù jìng)
徒步旅行	(tú bù lǚ xíng)
徒步区	(tú bù qū)
徒弟	(tú dì)
徒儿	(tú ér)
徒工	(tú gōng)
徒呼负负	(tú hū fù fù)
徒具	(tú jù)
徒劳	(tú láo)
徒劳无功	(tú láo wú gōng)
徒劳无益	(tú láo wú yì)
徒然	(tú rán)
徒手	(tú shǒu)
徒手画	(tú shǒu huà)
徒孙	(tú sūn)
徒裼	(tú xī)
徒刑	(tú xíng)
徒有其名	(tú yǒu qí míng)
徒有虚名	(tú yǒu xū míng)
徒长	(tú zhǎng)
徒子徒孙	(tú zǐ tú sūn)
峹	(tú)
涂	(tú)
涂白剂	(tú bái jì)
涂层	(tú céng)
涂敷	(tú fū)
涂改	(tú gǎi)
涂改液	(tú gǎi yè)
涂盖	(tú gài)
涂家	(tú jiā)
涂浆台	(tú jiàng tái)
涂径	(tú jìng)
涂料	(tú liào)
涂抹	(tú mǒ)
涂抹酱	(tú mǒ jiàng)
涂片	(tú piàn)
涂去	(tú qù)
涂饰	(tú shì)
涂炭	(tú tàn)
涂污	(tú wū)
涂写	(tú xiě)
涂鸦	(tú yā)
涂鸭	(tú yā)
涂乙	(tú yǐ)
涂油	(tú yóu)
涂油于	(tú yóu yú)
涂脂抹粉	(tú zhī mǒ fěn)
涂装	(tú zhuāng)
屠	(tú)
屠伯	(tú bó)
屠场	(tú chǎng)
屠城	(tú chéng)
屠刀	(tú dāo)
屠毒	(tú dú)
屠毒笔墨	(tú dú bǐ mò)
屠夫	(tú fū)
屠格涅夫	(tú gé niè fū)
屠户	(tú hù)
屠戮	(tú lù)
屠杀	(tú shā)
屠妖节	(tú yāo jié)
屠宰	(tú zǎi)
屠宰场	(tú zǎi chǎng)
嵞	(tú)
嵞山	(tú shān)
土	(tǔ)
土澳	(tǔ ào)
土坝	(tǔ bà)
土邦	(tǔ bāng)
土包子	(tǔ bāo zi)
土崩瓦解	(tǔ bēng wǎ jiě)
土鳖	(tǔ biē)
土拨鼠	(tǔ bō shǔ)
土布	(tǔ bù)
土财主	(tǔ cái zhǔ)
土层	(tǔ céng)
土产	(tǔ chǎn)
土城区	(tǔ chéng qū)
土到不行	(tǔ dào bù xíng)
土得掉渣	(tǔ de diào zhā)
土地	(tǔ di)
土地改革	(tǔ dì gǎi gé)
土地公	(tǔ dì gōng)
土地利用规划	(tǔ dì lì yòng guī huà)
土地神	(tǔ dì shén)
土地资源	(tǔ dì zī yuán)
土豆	(tǔ dòu)
土豆泥	(tǔ dòu ní)
土豆丝	(tǔ dòu sī)
土豆网	(tǔ dòu wǎng)
土堆	(tǔ duī)
土耳其	(tǔ ěr qí)
土耳其人	(tǔ ěr qí rén)
土耳其软糖	(tǔ ěr qí ruǎn táng)
土耳其石	(tǔ ěr qí shí)
土耳其旋转烤肉	(tǔ ěr qí xuán zhuǎn kǎo ròu)
土耳其语	(tǔ ěr qí yǔ)
土耳其玉	(tǔ ěr qí yù)
土法	(tǔ fǎ)
土方	(tǔ fāng)
土方工程	(tǔ fāng gōng chéng)
土方子	(tǔ fāng zi)
土匪	(tǔ fěi)
土改	(tǔ gǎi)
土岗	(tǔ gǎng)
土埂	(tǔ gěng)
土共	(tǔ gòng)
土狗	(tǔ gǒu)
土谷祠	(tǔ gǔ cí)
土豪	(tǔ háo)
土豪劣绅	(tǔ háo liè shēn)
土话	(tǔ huà)
土皇帝	(tǔ huáng dì)
土茴香	(tǔ huí xiāng)
土货	(tǔ huò)
土鸡	(tǔ jī)
土墼	(tǔ jī)
土家	(tǔ jiā)
土家族	(tǔ jiā zú)
土建	(tǔ jiàn)
土阶茅茨	(tǔ jiē máo cí)
土阶茅屋	(tǔ jiē máo wū)
土坎	(tǔ kǎn)
土坎儿	(tǔ kǎn r)
土炕	(tǔ kàng)
土坷垃	(tǔ kē lā)
土库	(tǔ kù)
土库曼	(tǔ kù màn)
土库曼人	(tǔ kù màn rén)
土库曼斯坦	(tǔ kù màn sī tǎn)
土库镇	(tǔ kù zhèn)
土拉弗氏菌	(tǔ lā fú shì jūn)
土狼	(tǔ láng)
土老帽	(tǔ lǎo mào)
土里土气	(tǔ lǐ tǔ qì)
土力工程	(tǔ lì gōng chéng)
土楼	(tǔ lóu)
土路	(tǔ lù)
土伦	(tǔ lún)
土门	(tǔ mén)
土默特右旗	(tǔ mò tè yòu qí)
土默特左旗	(tǔ mò tè zuǒ qí)
土木	(tǔ mù)
土木工程	(tǔ mù gōng chéng)
土木身	(tǔ mù shēn)
土木形骸	(tǔ mù xíng hái)
土牛	(tǔ niú)
土牛木马	(tǔ niú mù mǎ)
土拍	(tǔ pāi)
土坯	(tǔ pī)
土气	(tǔ qì)
土器	(tǔ qì)
土丘	(tǔ qiū)
土壤	(tǔ rǎng)
土壤学	(tǔ rǎng xué)
土人	(tǔ rén)
土桑	(tǔ sāng)
土神	(tǔ shén)
土生土长	(tǔ shēng tǔ zhǎng)
土石方	(tǔ shí fāng)
土石流	(tǔ shí liú)
土司	(tǔ sī)
土特产	(tǔ tè chǎn)
土头土脑	(tǔ tóu tǔ nǎo)
土豚	(tǔ tún)
土卫	(tǔ wèi)
土卫二	(tǔ wèi èr)
土卫六	(tǔ wèi liù)
土味情话	(tǔ wèi qíng huà)
土温	(tǔ wēn)
土星	(tǔ xīng)
土腥	(tǔ xīng)
土洋	(tǔ yáng)
土洋并举	(tǔ yáng bìng jǔ)
土洋结合	(tǔ yáng jié hé)
土窑	(tǔ yáo)
土曜日	(tǔ yào rì)
土音	(tǔ yīn)
土语	(tǔ yǔ)
土葬	(tǔ zàng)
土灶	(tǔ zào)
土政策	(tǔ zhèng cè)
土制	(tǔ zhì)
土猪	(tǔ zhū)
土著	(tǔ zhù)
土著人	(tǔ zhù rén)
土族	(tǔ zú)
土𱇏鱼	(tǔ tuō yú)
吐	(tǔ)
吐便当	(tǔ biàn dāng)
吐嘈	(tù cáo)
吐槽	(tǔ cáo)
吐槽大会	(tù cáo dà huì)
吐蕃	(tǔ bō)
吐根	(tǔ gēn)
吐谷浑	(tǔ yù hún)
吐故纳新	(tǔ gù nà xīn)
吐火罗人	(tǔ huǒ luó rén)
吐口	(tǔ kǒu)
吐苦水	(tǔ kǔ shuǐ)
吐鲁番盆地	(tǔ lǔ fān pén dì)
吐鲁番市	(tǔ lǔ fān shì)
吐露	(tǔ lù)
吐沫	(tù mo)
吐气	(tǔ qì)
吐弃	(tǔ qì)
吐舌头	(tǔ shé tou)
吐实	(tǔ shí)
吐绶鸡	(tǔ shòu jī)
吐司	(tǔ sī)
吐丝	(tǔ sī)
吐丝自缚	(tǔ sī zì fù)
吐诉	(tǔ sù)
吐穗	(tǔ suì)
吐痰	(tǔ tán)
吐瓦鲁	(tǔ wǎ lǔ)
吐絮	(tǔ xù)
吐血	(tù xiě)
吐艳	(tǔ yàn)
吐字	(tǔ zì)
兔	(tù)
兔爸	(tù bà)
兔唇	(tù chún)
兔径	(tù jìng)
兔年	(tù nián)
兔热病	(tù rè bìng)
兔死狗烹	(tù sǐ gǒu pēng)
兔死狐悲	(tù sǐ hú bēi)
兔狲	(tù sūn)
兔崽子	(tù zǎi zi)
兔子	(tù zi)
兔子不吃窝边草	(tù zi bù chī wō biān cǎo)
兔子尾巴长不了	(tù zi wěi ba cháng bu liǎo)
堍	(tù)
圕	(tuān)
团	(tuán)
团拜	(tuán bài)
团拜会	(tuán bài huì)
团丁	(tuán dīng)
团队	(tuán duì)
团队精神	(tuán duì jīng shén)
团风县	(tuán fēng xiàn)
团购	(tuán gòu)
团花	(tuán huā)
团伙	(tuán huǒ)
团建	(tuán jiàn)
团结	(tuán jié)
团结工会	(tuán jié gōng huì)
团结就是力量	(tuán jié jiù shì lì liang)
团结一心	(tuán jié yī xīn)
团聚	(tuán jù)
团练	(tuán liàn)
团灭	(tuán miè)
团年	(tuán nián)
团契	(tuán qì)
团扇	(tuán shàn)
团体	(tuán tǐ)
团体冠军	(tuán tǐ guàn jūn)
团体行	(tuán tǐ xíng)
团团转	(tuán tuán zhuàn)
团鱼	(tuán yú)
团员	(tuán yuán)
团圆	(tuán yuán)
团战	(tuán zhàn)
团长	(tuán zhǎng)
抟	(tuán)
抟饭	(tuán fàn)
抟风	(tuán fēng)
抟沙	(tuán shā)
慱	(tuán)
彖	(tuàn)
彖辞	(tuàn cí)
推	(tuī)
推杯换盏	(tuī bēi huàn zhǎn)
推本溯源	(tuī běn sù yuán)
推波助澜	(tuī bō zhù lán)
推测	(tuī cè)
推阐	(tuī chǎn)
推车	(tuī chē)
推车发动	(tuī chē fā dòng)
推陈布新	(tuī chén bù xīn)
推陈出新	(tuī chén chū xīn)
推迟	(tuī chí)
推斥	(tuī chì)
推斥力	(tuī chì lì)
推崇	(tuī chóng)
推出	(tuī chū)
推辞	(tuī cí)
推戴	(tuī dài)
推宕	(tuī dàng)
推导	(tuī dǎo)
推倒	(tuī dǎo)
推定	(tuī dìng)
推动	(tuī dòng)
推动力	(tuī dòng lì)
推度	(tuī duó)
推断	(tuī duàn)
推恩	(tuī ēn)
推而广之	(tuī ér guǎng zhī)
推翻	(tuī fān)
推服	(tuī fú)
推杆	(tuī gān)
推估	(tuī gū)
推故	(tuī gù)
推官	(tuī guān)
推广	(tuī guǎng)
推后	(tuī hòu)
推及	(tuī jí)
推计	(tuī jì)
推荐	(tuī jiàn)
推荐书	(tuī jiàn shū)
推荐信	(tuī jiàn xìn)
推介	(tuī jiè)
推介会	(tuī jiè huì)
推进	(tuī jìn)
推进舱	(tuī jìn cāng)
推进剂	(tuī jìn jì)
推进器	(tuī jìn qì)
推究	(tuī jiū)
推举	(tuī jǔ)
推开	(tuī kāi)
推拉门	(tuī lā mén)
推来推去	(tuī lái tuī qù)
推理	(tuī lǐ)
推理小说	(tuī lǐ xiǎo shuō)
推力	(tuī lì)
推论	(tuī lùn)
推拿	(tuī ná)
推敲	(tuī qiāo)
推求	(tuī qiú)
推却	(tuī què)
推三阻四	(tuī sān zǔ sì)
推搡	(tuī sǎng)
推升	(tuī shēng)
推手	(tuī shǒu)
推说	(tuī shuō)
推送	(tuī sòng)
推溯	(tuī sù)
推算	(tuī suàn)
推索	(tuī suǒ)
推搪	(tuī táng)
推特	(tuī tè)
推头	(tuī tóu)
推土机	(tuī tǔ jī)
推推搡搡	(tuī tuī sǎng sǎng)
推托	(tuī tuō)
推脱	(tuī tuō)
推挽	(tuī wǎn)
推委	(tuī wěi)
推诿	(tuī wěi)
推文	(tuī wén)
推问	(tuī wèn)
推贤让能	(tuī xián ràng néng)
推详	(tuī xiáng)
推想	(tuī xiǎng)
推销	(tuī xiāo)
推销员	(tuī xiāo yuán)
推卸	(tuī xiè)
推心	(tuī xīn)
推心置腹	(tuī xīn zhì fù)
推行	(tuī xíng)
推许	(tuī xǔ)
推选	(tuī xuǎn)
推寻	(tuī xún)
推延	(tuī yán)
推衍	(tuī yǎn)
推演	(tuī yǎn)
推移	(tuī yí)
推油	(tuī yóu)
推友	(tuī yǒu)
推展	(tuī zhǎn)
推甄	(tuī zhēn)
推知	(tuī zhī)
推重	(tuī zhòng)
推助	(tuī zhù)
推子	(tuī zi)
推尊	(tuī zūn)
吞	(tūn)
吞并	(tūn bìng)
吞吃	(tūn chī)
吞服	(tūn fú)
吞金	(tūn jīn)
吞精	(tūn jīng)
吞没	(tūn mò)
吞米桑布札	(tūn mǐ sāng bù zhá)
吞灭	(tūn miè)
吞拿鱼	(tūn ná yú)
吞声	(tūn shēng)
吞食	(tūn shí)
吞噬	(tūn shì)
吞噬细胞	(tūn shì xì bāo)
吞噬作用	(tūn shì zuò yòng)
吞吐	(tūn tǔ)
吞吐量	(tūn tǔ liàng)
吞吞吐吐	(tūn tūn tǔ tǔ)
吞咽	(tūn yàn)
吞咽困难	(tūn yàn kùn nán)
吞音	(tūn yīn)
吞云吐雾	(tūn yún tǔ wù)
呑	(tūn)
旽	(tūn)
暾	(tūn)
暾欲谷	(tūn yù gǔ)
屯	(tún)
屯昌	(tún chāng)
屯昌县	(tún chāng xiàn)
屯垦	(tún kěn)
屯留区	(tún liú qū)
屯落	(tún luò)
屯门	(tún mén)
屯区	(tún qū)
屯戍	(tún shù)
屯特	(tún tè)
屯特大学	(tún tè dà xué)
屯溪区	(tún xī qū)
屯邅	(zhūn zhān)
屯驻	(tún zhù)
屯子	(tún zi)
㹠	(tún)
庉	(dùn)
乇	(tuō)
托	(tuō)
托班	(tuō bān)
托庇	(tuō bì)
托钵修会	(tuō bō xiū huì)
托辞	(tuō cí)
托底	(tuō dǐ)
托儿	(tuō r)
托儿所	(tuō ér suǒ)
托尔金	(tuō ěr jīn)
托尔斯港	(tuō ěr sī gǎng)
托尔斯泰	(tuō ěr sī tài)
托福	(tuō fú)
托付	(tuō fù)
托管	(tuō guǎn)
托管班	(tuō guǎn bān)
托架	(tuō jià)
托举	(tuō jǔ)
托卡马克	(tuō kǎ mǎ kè)
托卡塔	(tuō kǎ tǎ)
托克劳	(tuō kè láo)
托克托	(tuō kè tuō)
托克托县	(tuō kè tuō xiàn)
托克逊县	(tuō kè xùn xiàn)
托拉博拉	(tuō lā bó lā)
托拉斯	(tuō lā sī)
托莱多	(tuō lái duō)
托老所	(tuō lǎo suǒ)
托勒玫	(tuō lè méi)
托勒密	(tuō lè mì)
托里拆利	(tuō lǐ chāi lì)
托里县	(tuō lǐ xiàn)
托利党	(tuō lì dǎng)
托罗斯山	(tuō luó sī shān)
托马斯	(tuō mǎ sī)
托马斯·阿奎纳	(tuō mǎ sī · ā kuí nà)
托马斯·哈代	(tuō mǎ sī · hā dài)
托木尔	(tuō mù ěr)
托木尔峰	(tuō mù ěr fēng)
托尼	(tuō ní)
托尼老师	(tuō ní lǎo shī)
托派	(tuō pài)
托盘	(tuō pán)
托盘车	(tuō pán chē)
托皮卡	(tuō pí kǎ)
托腮	(tuō sāi)
托生	(tuō shēng)
托塔天王	(tuō tǎ tiān wáng)
托特	(tuō tè)
托业	(tuō yè)
托叶	(tuō yè)
托育	(tuō yù)
托运	(tuō yùn)
托运行李	(tuō yùn xíng li)
托足无门	(tuō zú wú mén)
拖	(tuō)
拖把	(tuō bǎ)
拖驳	(tuō bó)
拖布	(tuō bù)
拖车	(tuō chē)
拖车头	(tuō chē tóu)
拖船	(tuō chuán)
拖沓	(tuō tà)
拖带	(tuō dài)
拖宕	(tuō dàng)
拖地	(tuō dì)
拖地板	(tuō dì bǎn)
拖吊	(tuō diào)
拖吊车	(tuō diào chē)
拖动	(tuō dòng)
拖动力	(tuō dòng lì)
拖斗	(tuō dǒu)
拖儿带女	(tuō ér dài nǚ)
拖放	(tuō fàng)
拖挂	(tuō guà)
拖挂车	(tuō guà chē)
拖后腿	(tuō hòu tuǐ)
拖家带口	(tuō jiā dài kǒu)
拖进	(tuō jìn)
拖垮	(tuō kuǎ)
拖拉	(tuō lā)
拖拉机	(tuō lā jī)
拖雷	(tuō léi)
拖累	(tuō lěi)
拖累症	(tuō lěi zhèng)
拖链	(tuō liàn)
拖轮	(tuō lún)
拖慢	(tuō màn)
拖磨	(tuō mó)
拖泥带水	(tuō ní dài shuǐ)
拖欧	(tuō ōu)
拖牵索道	(tuō qiān suǒ dào)
拖欠	(tuō qiàn)
拖人下水	(tuō rén xià shuǐ)
拖堂	(tuō táng)
拖拖沓沓	(tuō tuō tà tà)
拖拖拉拉	(tuō tuō lā lā)
拖网	(tuō wǎng)
拖尾巴	(tuō wěi ba)
拖下水	(tuō xià shuǐ)
拖鞋	(tuō xié)
拖鞋面包	(tuō xié miàn bāo)
拖行	(tuō xíng)
拖延	(tuō yán)
拖延时间	(tuō yán shí jiān)
拖延战术	(tuō yán zhàn shù)
拖延症	(tuō yán zhèng)
拖曳	(tuō yè)
拖曳机	(tuō yè jī)
拖曳伞	(tuō yè sǎn)
拖移	(tuō yí)
拖油瓶	(tuō yóu píng)
拖债	(tuō zhài)
拖长	(tuō cháng)
拖住	(tuō zhù)
拖拽	(tuō zhuài)
拖字诀	(tuō zì jué)
拖走	(tuō zǒu)
侂	(tuō)
驮	(tuó)
佗	(tuó)
坨	(tuó)
坨儿	(tuó r)
坨子	(tuó zi)
柁	(tuó)
槖	(tuó)
橐	(tuó)
橐笔	(tuó bǐ)
橐囊	(tuó náng)
橐笥	(tuó sì)
橐驼	(tuó tuó)
橐橐	(tuó tuó)
橐龠	(tuó yuè)
橐中装	(tuó zhōng zhuāng)
妥	(tuǒ)
妥当	(tuǒ dang)
妥瑞症	(tuǒ ruì zhèng)
妥善	(tuǒ shàn)
妥实	(tuǒ shí)
妥帖	(tuǒ tiē)
妥贴	(tuǒ tiē)
妥妥的	(tuǒ tuǒ de)
妥协	(tuǒ xié)
椭	(tuǒ)
椭球	(tuǒ qiú)
椭圆	(tuǒ yuán)
椭圆函数	(tuǒ yuán hán shù)
椭圆机	(tuǒ yuán jī)
椭圆积分	(tuǒ yuán jī fēn)
椭圆曲线	(tuǒ yuán qū xiàn)
椭圆形	(tuǒ yuán xíng)
椭圆形办公室	(tuǒ yuán xíng bàn gōng shì)
撱	(tuǒ)
柝	(tuò)
唾	(tuò)
唾骂	(tuò mà)
唾面自干	(tuò miàn zì gān)
唾沫	(tuò mo)
唾沫星子	(tuò mò xīng zi)
唾弃	(tuò qì)
唾手可得	(tuò shǒu kě dé)
唾液	(tuò yè)
唾液腺	(tuò yè xiàn)
唾余	(tuò yú)
挖	(wā)
挖鼻子	(wā bí zi)
挖掉	(wā diào)
挖洞	(wā dòng)
挖耳勺	(wā ěr sháo)
挖坟	(wā fén)
挖机	(wā jī)
挖角	(wā jué)
挖掘	(wā jué)
挖掘机	(wā jué jī)
挖掘机械	(wā jué jī xiè)
挖浚	(wā jùn)
挖开	(wā kāi)
挖坑	(wā kēng)
挖空	(wā kōng)
挖空心思	(wā kōng xīn si)
挖苦	(wā kǔ)
挖矿	(wā kuàng)
挖泥船	(wā ní chuán)
挖墙脚	(wā qiáng jiǎo)
挖肉补疮	(wā ròu bǔ chuāng)
挖土机	(wā tǔ jī)
挖穴	(wā xué)
娲	(wā)
搲	(wā)
娃	(wá)
娃儿	(wá ér)
娃娃	(wá wa)
娃娃兵	(wá wa bīng)
娃娃菜	(wá wa cài)
娃娃车	(wá wa chē)
娃娃脸	(wá wa liǎn)
娃娃亲	(wá wa qīn)
娃娃生	(wá wa shēng)
娃娃音	(wá wa yīn)
娃娃鱼	(wá wa yú)
娃娃装	(wá wa zhuāng)
娃子	(wá zi)
佤	(wǎ)
佤族	(wǎ zú)
哇	(wa)
哇靠	(wā kào)
哇塞	(wā sāi)
哇噻	(wā sāi)
哇沙比	(wā shā bǐ)
哇沙米	(wā shā mǐ)
哇哇	(wā wā)
歪	(wāi)
歪打正着	(wāi dǎ zhèng zháo)
歪点子	(wāi diǎn zi)
歪风	(wāi fēng)
歪风邪气	(wāi fēng xié qì)
歪瓜裂枣	(wāi guā liè zǎo)
歪果仁	(wāi guǒ rén)
歪理	(wāi lǐ)
歪门邪道	(wāi mén xié dào)
歪曲	(wāi qū)
歪歪扭扭	(wāi wāi niǔ niǔ)
歪歪斜斜	(wāi wāi xié xié)
歪斜	(wāi xié)
歪嘴	(wāi zuǐ)
㖞	(wāi)
崴	(wēi)
崴脚	(wǎi jiǎo)
崴子	(wǎi zi)
外	(wài)
外八字脚	(wài bā zì jiǎo)
外八字腿	(wài bā zì tuǐ)
外办	(wài bàn)
外邦人	(wài bāng rén)
外包	(wài bāo)
外币	(wài bì)
外边	(wài bian)
外边儿	(wài bian r)
外表	(wài biǎo)
外宾	(wài bīn)
外部	(wài bù)
外部连结	(wài bù lián jié)
外部链接	(wài bù liàn jiē)
外侧	(wài cè)
外侧沟	(wài cè gōu)
外侧裂	(wài cè liè)
外层	(wài céng)
外层空间	(wài céng kōng jiān)
外插	(wài chā)
外差	(wài chā)
外场	(wài cháng)
外场人	(wài cháng rén)
外出	(wài chū)
外出访问	(wài chū fǎng wèn)
外传	(wài chuán)
外错角	(wài cuò jiǎo)
外搭程式	(wài dā chéng shì)
外带	(wài dài)
外丹	(wài dān)
外地	(wài dì)
外地人	(wài dì rén)
外电	(wài diàn)
外耳	(wài ěr)
外耳道	(wài ěr dào)
外放	(wài fàng)
外飞地	(wài fēi dì)
外分泌	(wài fēn mì)
外分泌腺	(wài fēn mì xiàn)
外稃	(wài fū)
外敷	(wài fū)
外刚内柔	(wài gāng nèi róu)
外高加索	(wài gāo jiā suǒ)
外公	(wài gōng)
外骨骼	(wài gǔ gé)
外挂	(wài guà)
外挂程式	(wài guà chéng shì)
外观	(wài guān)
外观设计	(wài guān shè jì)
外管局	(wài guǎn jú)
外郭城	(wài guō chéng)
外国	(wài guó)
外国话	(wài guó huà)
外国人	(wài guó rén)
外国语	(wài guó yǔ)
外国资本	(wài guó zī běn)
外海	(wài hǎi)
外号	(wài hào)
外踝	(wài huái)
外环线	(wài huán xiàn)
外患	(wài huàn)
外汇	(wài huì)
外汇储备	(wài huì chǔ bèi)
外汇存底	(wài huì cún dǐ)
外烩	(wài huì)
外积	(wài jī)
外激素	(wài jī sù)
外籍	(wài jí)
外籍华人	(wài jí huá rén)
外籍劳工	(wài jí láo gōng)
外加	(wài jiā)
外加附件	(wài jiā fù jiàn)
外加剂	(wài jiā jì)
外嫁	(wài jià)
外间	(wài jiān)
外交	(wài jiāo)
外交庇护	(wài jiāo bì hù)
外交部	(wài jiāo bù)
外交部长	(wài jiāo bù zhǎng)
外交大臣	(wài jiāo dà chén)
外交风波	(wài jiāo fēng bō)
外交关系	(wài jiāo guān xì)
外交关系理事会	(wài jiāo guān xì lǐ shì huì)
外交官	(wài jiāo guān)
外交豁免权	(wài jiāo huò miǎn quán)
外交家	(wài jiāo jiā)
外交事务	(wài jiāo shì wù)
外交手腕	(wài jiāo shǒu wàn)
外交特权	(wài jiāo tè quán)
外交学院	(wài jiāo xué yuàn)
外交政策	(wài jiāo zhèng cè)
外教	(wài jiào)
外接圆	(wài jiē yuán)
外界	(wài jiè)
外借	(wài jiè)
外景	(wài jǐng)
外径	(wài jìng)
外舅	(wài jiù)
外卡	(wài kǎ)
外刊	(wài kān)
外科	(wài kē)
外科手术	(wài kē shǒu shù)
外科学	(wài kē xué)
外科医生	(wài kē yī shēng)
外壳	(wài ké)
外快	(wài kuài)
外宽内忌	(wài kuān nèi jì)
外来	(wài lái)
外来词	(wài lái cí)
外来货	(wài lái huò)
外来人	(wài lái rén)
外来投资	(wài lái tóu zī)
外来娃	(wài lái wá)
外来物种	(wài lái wù zhǒng)
外来语	(wài lái yǔ)
外劳	(wài láo)
外力	(wài lì)
外链	(wài liàn)
外流	(wài liú)
外露	(wài lù)
外卖	(wài mài)
外卖员	(wài mài yuán)
外满洲	(wài mǎn zhōu)
外贸	(wài mào)
外贸协会	(wài mào xié huì)
外貌	(wài mào)
外貌协会	(wài mào xié huì)
外貌主义	(wài mào zhǔ yì)
外媒	(wài méi)
外蒙	(wài měng)
外蒙古	(wài měng gǔ)
外面	(wài miàn)
外派	(wài pài)
外袍	(wài páo)
外胚层	(wài pēi céng)
外皮	(wài pí)
外婆	(wài pó)
外戚	(wài qī)
外企	(wài qǐ)
外强中干	(wài qiáng zhōng gān)
外墙	(wài qiáng)
外侨	(wài qiáo)
外勤	(wài qín)
外人	(wài rén)
外伤	(wài shāng)
外商	(wài shāng)
外商独资企业	(wài shāng dú zī qǐ yè)
外商直接投资	(wài shāng zhí jiē tóu zī)
外设	(wài shè)
外甥	(wài shēng)
外甥女	(wài sheng nǚ)
外甥女婿	(wài sheng nǚ xu)
外甥媳妇	(wài sheng xí fù)
外省	(wài shěng)
外食	(wài shí)
外食族	(wài shí zú)
外事	(wài shì)
外事处	(wài shì chù)
外手	(wài shǒu)
外水	(wài shuǐ)
外送	(wài sòng)
外孙	(wài sūn)
外孙女	(wài sūn nǚ)
外孙女儿	(wài sūn nǚ r)
外孙子	(wài sūn zi)
外太空	(wài tài kōng)
外滩	(wài tān)
外逃	(wài táo)
外套	(wài tào)
外头	(wài tou)
外推	(wài tuī)
外推法	(wài tuī fǎ)
外网	(wài wǎng)
外围	(wài wéi)
外文	(wài wén)
外文系	(wài wén xì)
外侮	(wài wǔ)
外务	(wài wù)
外务部	(wài wù bù)
外务省	(wài wù shěng)
外骛	(wài wù)
外显	(wài xiǎn)
外显率	(wài xiǎn lǜ)
外显性	(wài xiǎn xìng)
外显子	(wài xiǎn zǐ)
外线	(wài xiàn)
外乡	(wài xiāng)
外乡人	(wài xiāng rén)
外相	(wài xiàng)
外向	(wài xiàng)
外向型	(wài xiàng xíng)
外销	(wài xiāo)
外协	(wài xié)
外斜肌	(wài xié jī)
外泄	(wài xiè)
外心	(wài xīn)
外星	(wài xīng)
外星人	(wài xīng rén)
外行	(wài háng)
外形	(wài xíng)
外型	(wài xíng)
外需	(wài xū)
外宣	(wài xuān)
外延	(wài yán)
外眼角	(wài yǎn jiǎo)
外爷	(wài ye)
外野	(wài yě)
外野手	(wài yě shǒu)
外业	(wài yè)
外衣	(wài yī)
外溢	(wài yì)
外阴	(wài yīn)
外用	(wài yòng)
外语	(wài yǔ)
外遇	(wài yù)
外圆内方	(wài yuán nèi fāng)
外援	(wài yuán)
外源	(wài yuán)
外源凝集素	(wài yuán níng jí sù)
外院	(wài yuàn)
外在	(wài zài)
外在超越	(wài zài chāo yuè)
外债	(wài zhài)
外展训练	(wài zhǎn xùn liàn)
外长	(wài zhǎng)
外照射	(wài zhào shè)
外质膜	(wài zhì mó)
外置	(wài zhì)
外资	(wài zī)
外资企业	(wài zī qǐ yè)
外子	(wài zǐ)
外眦	(wài zì)
外祖父	(wài zǔ fù)
外祖母	(wài zǔ mǔ)
弯	(wān)
弯道	(wān dào)
弯道超车	(wān dào chāo chē)
弯管面	(wān guǎn miàn)
弯角	(wān jiǎo)
弯路	(wān lù)
弯男	(wān nán)
弯曲	(wān qū)
弯曲度	(wān qū dù)
弯曲空间	(wān qū kōng jiān)
弯弯	(wān wān)
弯弯曲曲	(wān wān qū qū)
弯腰	(wān yāo)
弯腰驼背	(wān yāo tuó bèi)
弯液面	(wān yè miàn)
弯月	(wān yuè)
弯月形透镜	(wān yuè xíng tòu jìng)
弯折	(wān zhé)
弯子	(wān zi)
弯嘴滨鹬	(wān zuǐ bīn yù)
剜	(wān)
捥	(wàn)
塆	(wān)
丸	(wán)
丸剂	(wán jì)
丸山	(wán shān)
丸子	(wán zi)
刓	(wán)
抏	(wán)
完	(wán)
完败	(wán bài)
完爆	(wán bào)
完备	(wán bèi)
完备性	(wán bèi xìng)
完毕	(wán bì)
完璧	(wán bì)
完璧归赵	(wán bì guī zhào)
完璧之身	(wán bì zhī shēn)
完成	(wán chéng)
完成时	(wán chéng shí)
完蛋	(wán dàn)
完封	(wán fēng)
完工	(wán gōng)
完好	(wán hǎo)
完好如初	(wán hǎo rú chū)
完好无缺	(wán hǎo wú quē)
完好无损	(wán hǎo wú sǔn)
完婚	(wán hūn)
完结	(wán jié)
完了	(wán le)
完满	(wán mǎn)
完美	(wán měi)
完美无缺	(wán měi wú quē)
完美无瑕	(wán měi wú xiá)
完美主义者	(wán měi zhǔ yì zhě)
完虐	(wán nüè)
完全	(wán quán)
完全归纳推理	(wán quán guī nà tuī lǐ)
完人	(wán rén)
完赛	(wán sài)
完善	(wán shàn)
完胜	(wán shèng)
完事	(wán shì)
完事大吉	(wán shì dà jí)
完熟	(wán shú)
完税	(wán shuì)
完完全全	(wán wán quán quán)
完形	(wán xíng)
完形测验	(wán xíng cè yàn)
完形填空	(wán xíng tián kòng)
完形心理学	(wán xíng xīn lǐ xué)
完形心理治疗	(wán xíng xīn lǐ zhì liáo)
完型填空	(wán xíng tián kòng)
完颜	(wán yán)
完整	(wán zhěng)
完整性	(wán zhěng xìng)
宛	(wǎn)
宛城区	(wǎn chéng qū)
宛然	(wǎn rán)
宛如	(wǎn rú)
宛若	(wǎn ruò)
宛转	(wǎn zhuǎn)
挽	(wǎn)
挽词	(wǎn cí)
挽辞	(wǎn cí)
挽额	(wǎn é)
挽歌	(wǎn gē)
挽回	(wǎn huí)
挽救	(wǎn jiù)
挽具	(wǎn jù)
挽力	(wǎn lì)
挽留	(wǎn liú)
挽幛	(wǎn zhàng)
挽尊	(wǎn zūn)
埦	(wǎn)
晚	(wǎn)
晚安	(wǎn ān)
晚班	(wǎn bān)
晚半天儿	(wǎn ban tiān r)
晚报	(wǎn bào)
晚辈	(wǎn bèi)
晚餐	(wǎn cān)
晚场	(wǎn chǎng)
晚车	(wǎn chē)
晚祷	(wǎn dǎo)
晚点	(wǎn diǎn)
晚饭	(wǎn fàn)
晚归	(wǎn guī)
晚会	(wǎn huì)
晚婚晚育	(wǎn hūn wǎn yù)
晚间	(wǎn jiān)
晚节不保	(wǎn jié bù bǎo)
晚近	(wǎn jìn)
晚景	(wǎn jǐng)
晚礼服	(wǎn lǐ fú)
晚年	(wǎn nián)
晚期	(wǎn qī)
晚期癌症	(wǎn qī ái zhèng)
晚清	(wǎn qīng)
晚晌	(wǎn shǎng)
晚上	(wǎn shang)
晚上好	(wǎn shàng hǎo)
晚世	(wǎn shì)
晚熟	(wǎn shú)
晚霞	(wǎn xiá)
晚宴	(wǎn yàn)
晚育	(wǎn yù)
晚自习	(wǎn zì xí)
晥	(wǎn)
惋	(wǎn)
惋惜	(wǎn xī)
婉	(wǎn)
婉称	(wǎn chēng)
婉词	(wǎn cí)
婉辞	(wǎn cí)
婉拒	(wǎn jù)
婉妙	(wǎn miào)
婉如	(wǎn rú)
婉言	(wǎn yán)
婉约	(wǎn yuē)
婉转	(wǎn zhuǎn)
晩	(wǎn)
碗	(wǎn)
万	(mò)
万俟	(mò qí)
卐	(wàn)
卍	(wàn)
尪	(wāng)
尩	(wāng)
亡	(wáng)
亡八	(wáng bā)
亡兵纪念日	(wáng bīng jì niàn rì)
亡故	(wáng gù)
亡国	(wáng guó)
亡国虏	(wáng guó lǔ)
亡国灭种	(wáng guó miè zhǒng)
亡国奴	(wáng guó nú)
亡魂	(wáng hún)
亡灵	(wáng líng)
亡命	(wáng mìng)
亡命之徒	(wáng mìng zhī tú)
亡母	(wáng mǔ)
亡妻	(wáng qī)
亡羊补牢	(wáng yáng bǔ láo)
亡佚	(wáng yì)
亡者	(wáng zhě)
枉	(wǎng)
枉法	(wǎng fǎ)
枉费	(wǎng fèi)
枉顾	(wǎng gù)
枉径	(wǎng jìng)
枉劳	(wǎng láo)
枉然	(wǎng rán)
枉攘	(wǎng rǎng)
枉死	(wǎng sǐ)
罔	(wǎng)
往	(wǎng)
往常	(wǎng cháng)
往程	(wǎng chéng)
往初	(wǎng chū)
往返	(wǎng fǎn)
往复	(wǎng fù)
往复锯	(wǎng fù jù)
往复运动	(wǎng fù yùn dòng)
往古	(wǎng gǔ)
往还	(wǎng huán)
往后	(wǎng hòu)
往迹	(wǎng jì)
往届	(wǎng jiè)
往来	(wǎng lái)
往来帐户	(wǎng lái zhàng hù)
往例	(wǎng lì)
往脸上抹黑	(wǎng liǎn shàng mǒ hēi)
往泥里踩	(wǎng nì lǐ cǎi)
往年	(wǎng nián)
往前	(wǎng qián)
往日	(wǎng rì)
往生	(wǎng shēng)
往时	(wǎng shí)
往事	(wǎng shì)
往事如风	(wǎng shì rú fēng)
往事已矣	(wǎng shì yǐ yǐ)
往死里	(wǎng sǐ lǐ)
往岁	(wǎng suì)
往外	(wǎng wài)
往往	(wǎng wǎng)
往昔	(wǎng xī)
往心里去	(wǎng xīn li qù)
惘	(wǎng)
惘然	(wǎng rán)
惘然若失	(wǎng rán ruò shī)
妄	(wàng)
妄称	(wàng chēng)
妄动	(wàng dòng)
妄断	(wàng duàn)
妄念	(wàng niàn)
妄求	(wàng qiú)
妄取	(wàng qǔ)
妄人	(wàng rén)
妄生穿凿	(wàng shēng chuān záo)
妄说	(wàng shuō)
妄图	(wàng tú)
妄为	(wàng wéi)
妄下雌黄	(wàng xià cí huáng)
妄想	(wàng xiǎng)
妄想狂	(wàng xiǎng kuáng)
妄想症	(wàng xiǎng zhèng)
妄言	(wàng yán)
妄言妄听	(wàng yán wàng tīng)
妄语	(wàng yǔ)
妄自菲薄	(wàng zì fěi bó)
妄自尊大	(wàng zì zūn dà)
忘	(wàng)
忘八旦	(wàng bā dàn)
忘八蛋	(wàng bā dàn)
忘本	(wàng běn)
忘不了	(wàng bu liǎo)
忘餐	(wàng cān)
忘词	(wàng cí)
忘掉	(wàng diào)
忘恩	(wàng ēn)
忘恩负义	(wàng ēn fù yì)
忘乎所以	(wàng hū suǒ yǐ)
忘怀	(wàng huái)
忘机	(wàng jī)
忘记	(wàng jì)
忘年交	(wàng nián jiāo)
忘年恋	(wàng nián liàn)
忘年之交	(wàng nián zhī jiāo)
忘情	(wàng qíng)
忘却	(wàng què)
忘我	(wàng wǒ)
忘性	(wàng xìng)
忘忧草	(wàng yōu cǎo)
旺	(wàng)
旺波日山	(wàng bō rì shān)
旺苍县	(wàng cāng xiàn)
旺炽	(wàng chì)
旺炽型	(wàng chì xíng)
旺炽性	(wàng chì xìng)
旺季	(wàng jì)
旺角	(wàng jiǎo)
旺来	(wàng lái)
旺盛	(wàng shèng)
旺月	(wàng yuè)
旺子	(wàng zi)
望	(wàng)
望安	(wàng ān)
望安乡	(wàng ān xiāng)
望尘莫及	(wàng chén mò jí)
望城区	(wàng chéng qū)
望都县	(wàng dū xiàn)
望而却步	(wàng ér què bù)
望而生畏	(wàng ér shēng wèi)
望而兴叹	(wàng ér xīng tàn)
望风	(wàng fēng)
望风而逃	(wàng fēng ér táo)
望夫石	(wàng fū shí)
望花区	(wàng huā qū)
望见	(wàng jiàn)
望江县	(wàng jiāng xiàn)
望京	(wàng jīng)
望奎县	(wàng kuí xiàn)
望楼	(wàng lóu)
望梅止渴	(wàng méi zhǐ kě)
望谟县	(wàng mó xiàn)
望女成凤	(wàng nǚ chéng fèng)
望日	(wàng rì)
望文生义	(wàng wén shēng yì)
望眼欲穿	(wàng yǎn yù chuān)
望洋	(wàng yáng)
望洋兴叹	(wàng yáng xīng tàn)
望远镜	(wàng yuǎn jìng)
望远镜座	(wàng yuǎn jìng zuò)
望远瞄准镜	(wàng yuǎn miáo zhǔn jìng)
望月	(wàng yuè)
望诊	(wàng zhěn)
望子成龙	(wàng zǐ chéng lóng)
望族	(wàng zú)
危	(wēi)
危辞耸听	(wēi cí sǒng tīng)
危殆	(wēi dài)
危地马拉	(wēi dì mǎ lā)
危地马拉人	(wēi dì mǎ lā rén)
危笃	(wēi dǔ)
危而不持	(wēi ér bù chí)
危房	(wēi fáng)
危害	(wēi hài)
危害评价	(wēi hài píng jià)
危害性	(wēi hài xìng)
危机	(wēi jī)
危机感	(wēi jī gǎn)
危机四伏	(wēi jī sì fú)
危及	(wēi jí)
危急	(wēi jí)
危径	(wēi jìng)
危境	(wēi jìng)
危局	(wēi jú)
危惧	(wēi jù)
危困	(wēi kùn)
危楼	(wēi lóu)
危难	(wēi nàn)
危迫	(wēi pò)
危如朝露	(wēi rú zhāo lù)
危如累卵	(wēi rú lěi luǎn)
危若朝露	(wēi ruò zhāo lù)
危途	(wēi tú)
危亡	(wēi wáng)
危险	(wēi xiǎn)
危险警告灯	(wēi xiǎn jǐng gào dēng)
危险品	(wēi xiǎn pǐn)
危性	(wēi xìng)
危言耸听	(wēi yán sǒng tīng)
危言危行	(wēi yán wēi xíng)
危在旦夕	(wēi zài dàn xī)
危重	(wēi zhòng)
危重病人	(wēi zhòng bìng rén)
威	(wēi)
威逼	(wēi bī)
威逼利诱	(wēi bī lì yòu)
威卜	(wēi bǔ)
威德	(wēi dé)
威翟	(wēi zhái)
威而钢	(wēi ér gāng)
威尔士	(wēi ěr shì)
威尔士语	(wēi ěr shì yǔ)
威尔特郡	(wēi ěr tè jùn)
威尔逊	(wēi ěr xùn)
威风	(wēi fēng)
威风凛凛	(wēi fēng lǐn lǐn)
威凤一羽	(wēi fèng yī yǔ)
威福自己	(wēi fú zì jǐ)
威海市	(wēi hǎi shì)
威海卫	(wēi hǎi wèi)
威骇	(wēi hài)
威化	(wēi huà)
威化饼干	(wēi huà bǐng gān)
威基基	(wēi jī jī)
威克岛	(wēi kè dǎo)
威客	(wēi kè)
威力	(wēi lì)
威厉	(wēi lì)
威利	(wēi lì)
威利斯	(wēi lì sī)
威廉	(wēi lián)
威廉·福克纳	(wēi lián · fú kè nà)
威廉·莎士比亚	(wēi lián · shā shì bǐ yà)
威廉斯堡	(wēi lián sī bǎo)
威烈	(wēi liè)
威灵	(wēi líng)
威灵顿	(wēi líng dùn)
威玛	(wēi mǎ)
威玛共和国	(wēi mǎ gòng hé guó)
威玛拼法	(wēi mǎ pīn fǎ)
威玛拼音	(wēi mǎ pīn yīn)
威猛	(wēi měng)
威名	(wēi míng)
威末酒	(wēi mò jiǔ)
威尼斯	(wēi ní sī)
威尼斯商人	(wēi ní sī shāng rén)
威宁彝族回族苗族自治县	(wēi níng yí zú huí zú miáo zú zì zhì xiàn)
威迫	(wēi pò)
威奇托	(wēi qí tuō)
威权	(wēi quán)
威容	(wēi róng)
威慑	(wēi shè)
威慑力量	(wēi shè lì liang)
威士	(wēi shì)
威士忌	(wēi shì jì)
威士忌酒	(wēi shì jì jiǔ)
威氏注音法	(wēi shì zhù yīn fǎ)
威势	(wēi shì)
威斯康辛	(wēi sī kāng xīn)
威斯康星	(wēi sī kāng xīng)
威斯敏斯特教堂	(wēi sī mǐn sī tè jiào táng)
威妥玛	(wēi tuǒ mǎ)
威妥玛拼法	(wēi tuǒ mǎ pīn fǎ)
威妥玛拼音	(wēi tuǒ mǎ pīn yīn)
威望	(wēi wàng)
威武	(wēi wǔ)
威武不屈	(wēi wǔ bù qū)
威吓	(wēi hè)
威显	(wēi xiǎn)
威县	(wēi xiàn)
威胁	(wēi xié)
威信	(wēi xìn)
威信扫地	(wēi xìn sǎo dì)
威信县	(wēi xìn xiàn)
威亚	(wēi yǎ)
威严	(wēi yán)
威仪	(wēi yí)
威远县	(wēi yuǎn xiàn)
威震	(wēi zhèn)
威震天下	(wēi zhèn tiān xià)
威重	(wēi zhòng)
威尊命贱	(wēi zūn mìng jiàn)
偎	(wēi)
偎傍	(wēi bàng)
揻	(wēi)
椳	(wēi)
微	(wēi)
微安	(wēi ān)
微安培	(wēi ān péi)
微凹黄檀	(wēi āo huáng tán)
微薄	(wēi bó)
微表情	(wēi biǎo qíng)
微波	(wēi bō)
微波炉	(wēi bō lú)
微波天线	(wēi bō tiān xiàn)
微博	(wēi bó)
微博客	(wēi bó kè)
微不足道	(wēi bù zú dào)
微操	(wēi cāo)
微臣	(wēi chén)
微尘	(wēi chén)
微处理机	(wēi chǔ lǐ jī)
微处理器	(wēi chǔ lǐ qì)
微创	(wēi chuāng)
微创手术	(wēi chuāng shǒu shù)
微词	(wēi cí)
微电脑	(wēi diàn nǎo)
微电子	(wēi diàn zǐ)
微电子学	(wēi diàn zǐ xué)
微雕	(wēi diāo)
微调	(wēi tiáo)
微动开关	(wēi dòng kāi guān)
微动脉	(wēi dòng mài)
微分	(wēi fēn)
微分方程	(wēi fēn fāng chéng)
微分几何	(wēi fēn jǐ hé)
微分几何学	(wēi fēn jǐ hé xué)
微分学	(wēi fēn xué)
微风	(wēi fēng)
微服	(wēi fú)
微服私访	(wēi fú sī fǎng)
微观	(wēi guān)
微观经济	(wēi guān jīng jì)
微观经济学	(wēi guān jīng jì xué)
微观世界	(wēi guān shì jiè)
微管	(wēi guǎn)
微管蛋白	(wēi guǎn dàn bái)
微光	(wēi guāng)
微乎其微	(wēi hū qí wēi)
微火	(wēi huǒ)
微机	(wēi jī)
微机化	(wēi jī huà)
微积分	(wēi jī fēn)
微积分学	(wēi jī fēn xué)
微贱	(wēi jiàn)
微胶囊技术	(wēi jiāo náng jì shù)
微晶	(wēi jīng)
微晶片	(wēi jīng piàn)
微径	(wēi jìng)
微静脉	(wēi jìng mài)
微距	(wēi jù)
微聚焦	(wēi jù jiāo)
微菌	(wēi jūn)
微克	(wēi kè)
微孔膜	(wēi kǒng mó)
微控制器	(wēi kòng zhì qì)
微辣	(wēi là)
微粒	(wēi lì)
微粒体	(wēi lì tǐ)
微量	(wēi liàng)
微量白蛋白	(wēi liàng bái dàn bái)
微量元素	(wēi liàng yuán sù)
微茫	(wēi máng)
微米	(wēi mǐ)
微妙	(wēi miào)
微明	(wēi míng)
微末	(wēi mò)
微漠	(wēi mò)
微囊	(wēi náng)
微胖	(wēi pàng)
微劈恩	(wēi pī ēn)
微扰	(wēi rǎo)
微扰论	(wēi rǎo lùn)
微扰展开	(wēi rǎo zhǎn kāi)
微溶	(wēi róng)
微软	(wēi ruǎn)
微软公司	(wēi ruǎn gōng sī)
微弱	(wēi ruò)
微山县	(wēi shān xiàn)
微商	(wēi shāng)
微升	(wēi shēng)
微生物	(wēi shēng wù)
微生物学	(wēi shēng wù xué)
微生物学家	(wēi shēng wù xué jiā)
微睡眠	(wēi shuì mián)
微丝	(wēi sī)
微丝血管	(wēi sī xuè guǎn)
微速摄影	(wēi sù shè yǐng)
微缩	(wēi suō)
微缩胶卷	(wēi suō jiāo juǎn)
微驼	(wēi tuó)
微微	(wēi wēi)
微细	(wēi xì)
微细加工	(wēi xì jiā gōng)
微小	(wēi xiǎo)
微笑	(wēi xiào)
微信	(wēi xìn)
微星	(wēi xīng)
微型	(wēi xíng)
微型小说	(wēi xíng xiǎo shuō)
微血管	(wēi xuè guǎn)
微醺	(wēi xūn)
微言大义	(wēi yán dà yì)
微恙	(wēi yàng)
微整	(wēi zhěng)
微整形	(wēi zhěng xíng)
微中子	(wēi zhōng zǐ)
巍	(wēi)
巍峨	(wēi é)
巍然	(wēi rán)
巍然屹立	(wēi rán yì lì)
巍山彝族回族自治县	(wēi shān yí zú huí zú zì zhì xiàn)
巍巍	(wēi wēi)
囗	(wéi)
圩	(xū)
围	(wéi)
围标	(wéi biāo)
围脖	(wéi bó)
围捕	(wéi bǔ)
围产	(wéi chǎn)
围产期	(wéi chǎn qī)
围场	(wéi chǎng)
围场满族蒙古族自治县	(wéi chǎng mǎn zú měng gǔ zú zì zhì xiàn)
围城	(wéi chéng)
围城打援	(wéi chéng dǎ yuán)
围兜	(wéi dōu)
围堵	(wéi dǔ)
围攻	(wéi gōng)
围观	(wéi guān)
围护	(wéi hù)
围护结构	(wéi hù jié gòu)
围击	(wéi jī)
围剿	(wéi jiǎo)
围巾	(wéi jīn)
围垦	(wéi kěn)
围困	(wéi kùn)
围栏	(wéi lán)
围篱	(wéi lí)
围拢	(wéi lǒng)
围炉	(wéi lú)
围殴	(wéi ōu)
围棋	(wéi qí)
围起	(wéi qǐ)
围墙	(wéi qiáng)
围裙	(wéi qún)
围绕	(wéi rào)
围术期	(wéi shù qī)
围网	(wéi wǎng)
围魏救赵	(wéi wèi jiù zhào)
围堰	(wéi yàn)
围腰	(wéi yāo)
围住	(wéi zhù)
围嘴	(wéi zuǐ)
围坐	(wéi zuò)
帏	(wéi)
帏幕	(wéi mù)
峞	(wéi)
桅	(wéi)
桅杆	(wéi gān)
桅竿	(wéi gān)
唯	(wéi)
唯独	(wéi dú)
唯读	(wéi dú)
唯二	(wéi èr)
唯饭	(wéi fàn)
唯粉	(wéi fěn)
唯恐	(wéi kǒng)
唯恐天下不乱	(wéi kǒng tiān xià bù luàn)
唯理论	(wéi lǐ lùn)
唯利是图	(wéi lì shì tú)
唯美	(wéi měi)
唯命是从	(wéi mìng shì cóng)
唯识宗	(wéi shí zōng)
唯唯诺诺	(wéi wéi nuò nuò)
唯物	(wéi wù)
唯物论	(wéi wù lùn)
唯物主义	(wéi wù zhǔ yì)
唯象	(wéi xiàng)
唯象理论	(wéi xiàng lǐ lùn)
唯心论	(wéi xīn lùn)
唯心主义	(wéi xīn zhǔ yì)
唯一	(wéi yī)
唯一性	(wéi yī xìng)
唯意志论	(wéi yì zhì lùn)
唯有	(wéi yǒu)
帷	(wéi)
帷幔	(wéi màn)
帷幕	(wéi mù)
惟	(wéi)
惟独	(wéi dú)
惟恐	(wéi kǒng)
惟利是图	(wéi lì shì tú)
惟妙惟肖	(wéi miào wéi xiào)
惟一	(wéi yī)
惟有	(wéi yǒu)
嵬	(wéi)
媁	(wéi)
寪	(wěi)
伟	(wěi)
伟岸	(wěi àn)
伟大	(wěi dà)
伟哥	(wěi gē)
伟观	(wěi guān)
伟绩	(wěi jì)
伟晶岩	(wěi jīng yán)
伟举	(wěi jǔ)
伟力	(wěi lì)
伟丽	(wěi lì)
伟器	(wěi qì)
伟人	(wěi rén)
伟士牌	(wěi shì pái)
伟业	(wěi yè)
伪	(wěi)
伪币	(wěi bì)
伪钞	(wěi chāo)
伪朝	(wěi cháo)
伪代码	(wěi dài mǎ)
伪顶	(wěi dǐng)
伪基百科	(wěi jī bǎi kē)
伪纪录片	(wěi jì lù piàn)
伪迹	(wěi jì)
伪经	(wěi jīng)
伪军	(wěi jūn)
伪君子	(wěi jūn zǐ)
伪科学	(wěi kē xué)
伪劣	(wěi liè)
伪命题	(wěi mìng tí)
伪娘	(wěi niáng)
伪善	(wěi shàn)
伪善者	(wěi shàn zhě)
伪饰	(wěi shì)
伪书	(wěi shū)
伪托	(wěi tuō)
伪阳性	(wěi yáng xìng)
伪阴性	(wěi yīn xìng)
伪造	(wěi zào)
伪造品	(wěi zào pǐn)
伪造者	(wěi zào zhě)
伪证	(wěi zhèng)
伪装	(wěi zhuāng)
尾	(yǐ)
尾巴	(wěi ba)
尾班	(wěi bān)
尾部	(wěi bù)
尾大不掉	(wěi dà bù diào)
尾灯	(wěi dēng)
尾骨	(wěi gǔ)
尾号	(wěi hào)
尾击	(wěi jī)
尾款	(wěi kuǎn)
尾矿	(wěi kuàng)
尾矿库	(wěi kuàng kù)
尾流	(wěi liú)
尾闾骨	(wěi lǘ gǔ)
尾期	(wěi qī)
尾鳍	(wěi qí)
尾气	(wěi qì)
尾欠	(wěi qiàn)
尾梢	(wěi shāo)
尾生	(wěi shēng)
尾声	(wěi shēng)
尾数	(wěi shù)
尾水	(wěi shuǐ)
尾水渠道	(wěi shuǐ qú dào)
尾随	(wěi suí)
尾牙	(wěi yá)
尾页	(wěi yè)
尾翼	(wěi yì)
尾音	(wěi yīn)
尾蚴	(wěi yòu)
尾羽	(wěi yǔ)
尾羽龙	(wěi yǔ lóng)
尾韵	(wěi yùn)
尾注	(wěi zhù)
尾椎	(wěi zhuī)
尾缀	(wěi zhuì)
尾子	(wěi zi)
委	(wěi)
委过	(wěi guò)
委靡	(wěi mǐ)
委靡不振	(wěi mǐ bù zhèn)
委内瑞拉	(wěi nèi ruì lā)
委内瑞拉马脑炎病毒	(wěi nèi ruì lā mǎ nǎo yán bìng dú)
委派	(wěi pài)
委培	(wěi péi)
委曲	(wěi qū)
委曲求全	(wěi qū qiú quán)
委屈	(wěi qu)
委任	(wěi rèn)
委任书	(wěi rèn shū)
委任统治	(wěi rèn tǒng zhì)
委蛇	(wēi yí)
委身	(wěi shēn)
委实	(wěi shí)
委托	(wěi tuō)
委托人	(wěi tuō rén)
委托书	(wěi tuō shū)
委外	(wěi wài)
委宛	(wěi wǎn)
委婉	(wěi wǎn)
委婉词	(wěi wǎn cí)
委婉语	(wěi wǎn yǔ)
委委屈屈	(wěi wěi qū qū)
委以	(wěi yǐ)
委以重任	(wěi yǐ zhòng rèn)
委员	(wěi yuán)
委员会	(wěi yuán huì)
委员长	(wěi yuán zhǎng)
娓	(wěi)
娓娓	(wěi wěi)
娓娓动听	(wěi wěi dòng tīng)
娓娓而谈	(wěi wěi ér tán)
廆	(guī)
壝	(wěi)
亹	(mén)
亹亹	(wěi wěi)
亹亹不倦	(wěi wěi bù juàn)
未	(wèi)
未艾	(wèi ài)
未报	(wèi bào)
未必	(wèi bì)
未必见得	(wèi bì jiàn dé)
未便	(wèi biàn)
未卜	(wèi bǔ)
未卜先知	(wèi bǔ xiān zhī)
未曾	(wèi céng)
未尝	(wèi cháng)
未尝不可	(wèi cháng bù kě)
未成	(wèi chéng)
未成冠	(wèi chéng guān)
未成年	(wèi chéng nián)
未成年人	(wèi chéng nián rén)
未成年者	(wèi chéng nián zhě)
未达一间	(wèi dá yī jiàn)
未定	(wèi dìng)
未敢苟同	(wèi gǎn gǒu tóng)
未冠	(wèi guān)
未果	(wèi guǒ)
未婚	(wèi hūn)
未婚夫	(wèi hūn fū)
未婚妻	(wèi hūn qī)
未及	(wèi jí)
未几	(wèi jǐ)
未解	(wèi jiě)
未解之谜	(wèi jiě zhī mí)
未经	(wèi jīng)
未经证实	(wèi jīng zhèng shí)
未竟	(wèi jìng)
未竟之志	(wèi jìng zhī zhì)
未决	(wèi jué)
未可	(wèi kě)
未可厚非	(wèi kě hòu fēi)
未可同日而语	(wèi kě tóng rì ér yǔ)
未来	(wèi lái)
未来派	(wèi lái pài)
未来式	(wèi lái shì)
未来学	(wèi lái xué)
未来主义	(wèi lái zhǔ yì)
未老先衰	(wèi lǎo xiān shuāi)
未了	(wèi liǎo)
未料	(wèi liào)
未免	(wèi miǎn)
未名	(wèi míng)
未命名	(wèi mìng míng)
未能	(wèi néng)
未能免俗	(wèi néng miǎn sú)
未然	(wèi rán)
未删节版	(wèi shān jié bǎn)
未始	(wèi shǐ)
未受精	(wèi shòu jīng)
未受影响	(wèi shòu yǐng xiǎng)
未熟	(wèi shú)
未遂	(wèi suì)
未亡人	(wèi wáng rén)
未详	(wèi xiáng)
未央	(wèi yāng)
未央区	(wèi yāng qū)
未有	(wèi yǒu)
未雨绸缪	(wèi yǔ chóu móu)
未知	(wèi zhī)
未知数	(wèi zhī shù)
未知数儿	(wèi zhī shù r)
未置可否	(wèi zhì kě fǒu)
位	(wèi)
位次	(wèi cì)
位极人臣	(wèi jí rén chén)
位居	(wèi jū)
位列	(wèi liè)
位面	(wèi miàn)
位图	(wèi tú)
位形	(wèi xíng)
位形空间	(wèi xíng kōng jiān)
位移	(wèi yí)
位于	(wèi yú)
位元	(wèi yuán)
位元币	(wèi yuán bì)
位元组	(wèi yuán zǔ)
位置	(wèi zhi)
位置效应	(wèi zhì xiào yìng)
位子	(wèi zi)
味	(wèi)
味噌	(wèi cēng)
味噌汤	(wèi cēng tāng)
味道	(wèi dao)
味儿	(wèi r)
味精	(wèi jīng)
味觉	(wèi jué)
味觉迟钝	(wèi jué chí dùn)
味醂	(wèi lín)
味蕾	(wèi lěi)
味淋	(wèi lín)
味霖	(wèi lín)
味美思酒	(wèi měi sī jiǔ)
味素	(wèi sù)
味同嚼蜡	(wèi tóng jiáo là)
味之素	(wèi zhī sù)
尉	(wèi)
尉迟	(yù chí)
尉迟恭	(yù chí gōng)
尉犁县	(yù lí xiàn)
尉缭	(wèi liáo)
尉缭子	(wèi liáo zi)
尉氏县	(wèi shì xiàn)
喂	(wèi)
慰	(wèi)
慰安妇	(wèi ān fù)
慰藉	(wèi jiè)
慰劳	(wèi láo)
慰问	(wèi wèn)
慰问金	(wèi wèn jīn)
慰唁	(wèi yàn)
鳚	(wèi)
塭	(wēn)
榅	(wēn)
榅桲	(wēn po)
亠	(tóu)
文	(wén)
文爱	(wén ài)
文安县	(wén ān xiàn)
文案	(wén àn)
文本	(wén běn)
文本编辑器	(wén běn biān jí qì)
文本框	(wén běn kuàng)
文笔	(wén bǐ)
文不对题	(wén bù duì tí)
文不加点	(wén bù jiā diǎn)
文部	(wén bù)
文部乡	(wén bù xiāng)
文采	(wén cǎi)
文昌	(wén chāng)
文昌市	(wén chāng shì)
文昌鱼	(wén chāng yú)
文抄公	(wén chāo gōng)
文臣	(wén chén)
文成县	(wén chéng xiàn)
文创	(wén chuàng)
文创产业	(wén chuàng chǎn yè)
文创商品	(wén chuàng shāng pǐn)
文词	(wén cí)
文辞	(wén cí)
文旦	(wén dàn)
文档	(wén dàng)
文档对象模型	(wén dàng duì xiàng mó xíng)
文登区	(wén dēng qū)
文牒	(wén dié)
文读	(wén dú)
文牍	(wén dú)
文牍主义	(wén dú zhǔ yì)
文法	(wén fǎ)
文房四宝	(wén fáng sì bǎo)
文风	(wén fēng)
文风不动	(wén fēng bù dòng)
文峰区	(wén fēng qū)
文稿	(wén gǎo)
文告	(wén gào)
文革	(wén gé)
文攻武吓	(wén gōng wǔ hè)
文官	(wén guān)
文过饰非	(wén guò shì fēi)
文蛤	(wén gé)
文豪	(wén háo)
文号	(wén hào)
文化	(wén huà)
文化层	(wén huà céng)
文化城	(wén huà chéng)
文化冲击	(wén huà chōng jī)
文化传统	(wén huà chuán tǒng)
文化大革命	(wén huà dà gé mìng)
文化宫	(wén huà gōng)
文化和旅游部	(wén huà hé lǚ yóu bù)
文化荒漠	(wén huà huāng mò)
文化交流	(wén huà jiāo liú)
文化圈	(wén huà quān)
文化热	(wén huà rè)
文化沙漠	(wén huà shā mò)
文化史	(wén huà shǐ)
文化水平	(wén huà shuǐ píng)
文化遗产	(wén huà yí chǎn)
文化障碍	(wén huà zhàng ài)
文汇报	(wén huì bào)
文火	(wén huǒ)
文集	(wén jí)
文件	(wén jiàn)
文件大小	(wén jiàn dà xiǎo)
文件服务器	(wén jiàn fú wù qì)
文件格式	(wén jiàn gé shì)
文件夹	(wén jiàn jiā)
文江学海	(wén jiāng xué hǎi)
文教	(wén jiào)
文锦渡	(wén jǐn dù)
文静	(wén jìng)
文具	(wén jù)
文具店	(wén jù diàn)
文具商	(wén jù shāng)
文康	(wén kāng)
文康活动	(wén kāng huó dòng)
文科	(wén kē)
文科学士	(wén kē xué shì)
文库	(wén kù)
文莱	(wén lái)
文莱达鲁萨兰国	(wén lái dá lǔ sà lán guó)
文理	(wén lǐ)
文联	(wén lián)
文旅	(wén lǚ)
文旅部	(wén lǚ bù)
文盲	(wén máng)
文秘	(wén mì)
文面	(wén miàn)
文明	(wén míng)
文明病	(wén míng bìng)
文明化	(wén míng huà)
文墨	(wén mò)
文凭	(wén píng)
文气	(wén qì)
文青	(wén qīng)
文曲星	(wén qǔ xīng)
文人	(wén rén)
文人相轻	(wén rén xiāng qīng)
文如其人	(wén rú qí rén)
文弱书生	(wén ruò shū shēng)
文山会海	(wén shān huì hǎi)
文山区	(wén shān qū)
文山市	(wén shān shì)
文山线	(wén shān xiàn)
文山壮族苗族自治州	(wén shān zhuàng zú miáo zú zì zhì zhōu)
文身	(wén shēn)
文圣区	(wén shèng qū)
文石	(wén shí)
文史	(wén shǐ)
文士	(wén shì)
文饰	(wén shì)
文书	(wén shū)
文书处理	(wén shū chǔ lǐ)
文殊	(wén shū)
文殊菩萨	(wén shū pú sà)
文殊师利菩萨	(wén shū shī lì pú sà)
文水县	(wén shuǐ xiàn)
文思	(wén sī)
文坛	(wén tán)
文体	(wén tǐ)
文童	(wén tóng)
文武	(wén wǔ)
文武百官	(wén wǔ bǎi guān)
文武合一	(wén wǔ hé yī)
文武双全	(wén wǔ shuāng quán)
文物	(wén wù)
文物径	(wén wù jìng)
文戏	(wén xì)
文县	(wén xiàn)
文献	(wén xiàn)
文献学	(wén xiàn xué)
文胸	(wén xiōng)
文须雀	(wén xū què)
文宣	(wén xuān)
文宣部	(wén xuān bù)
文选	(wén xuǎn)
文学	(wén xué)
文学博士	(wén xué bó shì)
文学家	(wén xué jiā)
文学巨匠	(wén xué jù jiàng)
文学史	(wén xué shǐ)
文学士	(wén xué shì)
文雅	(wén yǎ)
文言	(wén yán)
文言文	(wén yán wén)
文以载道	(wén yǐ zài dào)
文艺	(wén yì)
文艺兵	(wén yì bīng)
文艺复兴	(wén yì fù xīng)
文艺演出	(wén yì yǎn chū)
文艺作品	(wén yì zuò pǐn)
文娱	(wén yú)
文员	(wén yuán)
文苑	(wén yuàn)
文约	(wén yuē)
文责自负	(wén zé zì fù)
文摘	(wén zhāi)
文章	(wén zhāng)
文征明	(wén zhēng míng)
文职	(wén zhí)
文质彬彬	(wén zhì bīn bīn)
文治武功	(wén zhì wǔ gōng)
文种	(wén zhǒng)
文诌诌	(wén zhōu zhōu)
文绉绉	(wén zhōu zhōu)
文竹	(wén zhú)
文字	(wén zì)
文字处理	(wén zì chǔ lǐ)
文字档	(wén zì dàng)
文字改革	(wén zì gǎi gé)
文字学	(wén zì xué)
文字学家	(wén zì xué jiā)
文字狱	(wén zì yù)
文宗	(wén zōng)
刎	(wěn)
抆	(wèn)
吻	(wěn)
吻别	(wěn bié)
吻部	(wěn bù)
吻合	(wěn hé)
吻痕	(wěn hén)
吻技	(wěn jì)
吻戏	(wěn xì)
问	(wèn)
问安	(wèn ān)
问答	(wèn dá)
问倒	(wèn dǎo)
问道	(wèn dào)
问道于盲	(wèn dào yú máng)
问鼎	(wèn dǐng)
问鼎轻重	(wèn dǐng qīng zhòng)
问鼎中原	(wèn dǐng zhōng yuán)
问寒问暖	(wèn hán wèn nuǎn)
问好	(wèn hǎo)
问号	(wèn hào)
问候	(wèn hòu)
问话	(wèn huà)
问津	(wèn jīn)
问荆	(wèn jīng)
问卷	(wèn juàn)
问客杀鸡	(wèn kè shā jī)
问路	(wèn lù)
问名	(wèn míng)
问世	(wèn shì)
问市	(wèn shì)
问事	(wèn shì)
问题	(wèn tí)
问心无愧	(wèn xīn wú kuì)
问心有愧	(wèn xīn yǒu kuì)
问讯	(wèn xùn)
问责	(wèn zé)
问责性	(wèn zé xìng)
问诊	(wèn zhěn)
问住	(wèn zhù)
问罪	(wèn zuì)
问罪之师	(wèn zuì zhī shī)
揾	(wèn)
揾钱	(wèn qián)
揾食	(wèn shí)
嗡	(wēng)
嗡嗡	(wēng wēng)
嗡嗡弹	(wēng wēng dàn)
嗡嗡叫	(wēng wēng jiào)
嗡嗡声	(wēng wēng shēng)
嗡嗡祖拉	(wēng wēng zǔ lā)
奣	(wěng)
塕	(wěng)
塕埲	(wěng běng)
嵡	(wěng)
暡	(wěng)
暡曚	(wěng méng)
挝	(zhuā)
倭	(wō)
倭瓜	(wō guā)
倭黑猩猩	(wō hēi xīng xing)
倭军	(wō jūn)
倭寇	(wō kòu)
倭马亚王朝	(wō mǎ yà wáng cháo)
倭人	(wō rén)
捼	(ruó)
喔	(wō)
我	(wǒ)
我操	(wǒ cào)
我曹	(wǒ cáo)
我肏	(wǒ cào)
我的世界	(wǒ de shì jiè)
我方	(wǒ fāng)
我国	(wǒ guó)
我靠	(wǒ kào)
我勒个去	(wǒ lè ge qù)
我们	(wǒ men)
我去	(wǒ qù)
我司	(wǒ sī)
我行我素	(wǒ xíng wǒ sù)
我也是醉了	(wǒ yě shì zuì le)
我这儿	(wǒ zhe r)
我这个人	(wǒ zhè ge rén)
我醉欲眠	(wǒ zuì yù mián)
婐	(wǒ)
偓	(wò)
握	(wò)
握别	(wò bié)
握持	(wò chí)
握力	(wò lì)
握拳	(wò quán)
握手	(wò shǒu)
握有	(wò yǒu)
握爪	(wò zhuǎ)
握住	(wò zhù)
幄	(wò)
斡	(wò)
斡旋	(wò xuán)
圬	(wū)
杇	(wū)
巫	(wū)
巫毒	(wū dú)
巫毒教	(wū dú jiào)
巫蛊	(wū gǔ)
巫婆	(wū pó)
巫山	(wū shān)
巫山县	(wū shān xiàn)
巫师	(wū shī)
巫术	(wū shù)
巫统	(wū tǒng)
巫溪县	(wū xī xiàn)
巫觋	(wū xí)
巫峡	(wū xiá)
巫医	(wū yī)
巫裔	(wū yì)
呜	(wū)
呜呼	(wū hū)
呜呼哀哉	(wū hū āi zāi)
呜呜	(wū wū)
呜呜祖拉	(wū wū zǔ lā)
呜咽	(wū yè)
屋	(wū)
屋顶	(wū dǐng)
屋脊	(wū jǐ)
屋架	(wū jià)
屋漏更遭连夜雨	(wū lòu gèng zāo lián yè yǔ)
屋漏偏逢连夜雨	(wū lòu piān féng lián yè yǔ)
屋面	(wū miàn)
屋面瓦	(wū miàn wǎ)
屋企	(wū qǐ)
屋外	(wū wài)
屋檐	(wū yán)
屋宇	(wū yǔ)
屋子	(wū zi)
毋	(wú)
毋宁	(wú nìng)
毋忘	(wú wàng)
毋庸	(wú yōng)
吾	(wú)
吾生也有涯，而知也无涯	(wú shēng yě yǒu yá , ér zhī yě wú yá)
吴	(wú)
吴堡县	(wú bǔ xiàn)
吴承恩	(wú chéng ēn)
吴楚	(wú chǔ)
吴川市	(wú chuān shì)
吴哥城	(wú gē chéng)
吴哥窟	(wú gē kū)
吴官正	(wú guān zhèng)
吴广	(wú guǎng)
吴郭鱼	(wú guō yú)
吴国	(wú guó)
吴晗	(wú hán)
吴嘉经	(wú jiā jīng)
吴江区	(wú jiāng qū)
吴敬梓	(wú jìng zǐ)
吴孟超	(wú mèng chāo)
吴牛见月	(wú niú jiàn yuè)
吴侬软语	(wú nóng ruǎn yǔ)
吴旗	(wú qí)
吴旗县	(wú qí xiàn)
吴起	(wú qǐ)
吴起县	(wú qǐ xiàn)
吴桥县	(wú qiáo xiàn)
吴清源	(wú qīng yuán)
吴仁宝	(wú rén bǎo)
吴任臣	(wú rèn chén)
吴三桂	(wú sān guì)
吴市吹箫	(wú shì chuī xiāo)
吴淞	(wú sōng)
吴天明	(wú tiān míng)
吴头楚尾	(wú tóu chǔ wěi)
吴王阖庐	(wú wáng hé lú)
吴王阖闾	(wú wáng hé lǘ)
吴下阿蒙	(wú xià ā méng)
吴县	(wú xiàn)
吴兴区	(wú xīng qū)
吴仪	(wú yí)
吴永刚	(wú yǒng gāng)
吴用	(wú yòng)
吴语	(wú yǔ)
吴玉章	(wú yù zhāng)
吴越	(wú yuè)
吴越同舟	(wú yuè tóng zhōu)
吴镇宇	(wú zhèn yǔ)
吴中区	(wú zhōng qū)
吴忠市	(wú zhōng shì)
吴子	(wú zǐ)
吴自牧	(wú zì mù)
吴尊	(wú zūn)
唔	(wú)
梧	(wú)
梧桐	(wú tóng)
梧桐科	(wú tóng kē)
梧州市	(wú zhōu shì)
橆	(wú)
㐅	(wǔ)
五	(wǔ)
五霸	(wǔ bà)
五百年前是一家	(wǔ bǎi nián qián shì yī jiā)
五倍子树	(wǔ bèi zi shù)
五笔编码	(wǔ bǐ biān mǎ)
五笔字形	(wǔ bǐ zì xíng)
五边形	(wǔ biān xíng)
五步蛇	(wǔ bù shé)
五彩	(wǔ cǎi)
五彩缤纷	(wǔ cǎi bīn fēn)
五彩纸屑	(wǔ cǎi zhǐ xiè)
五常	(wǔ cháng)
五常市	(wǔ cháng shì)
五打一	(wǔ dǎ yī)
五大湖	(wǔ dà hú)
五大连池市	(wǔ dà lián chí shì)
五大名山	(wǔ dà míng shān)
五大三粗	(wǔ dà sān cū)
五大洲	(wǔ dà zhōu)
五代	(wǔ dài)
五代十国	(wǔ dài shí guó)
五道口	(wǔ dào kǒu)
五等爵位	(wǔ děng jué wèi)
五帝	(wǔ dì)
五斗柜	(wǔ dǒu guì)
五斗米道	(wǔ dǒu mǐ dào)
五度	(wǔ dù)
五短身材	(wǔ duǎn shēn cái)
五方	(wǔ fāng)
五分美金	(wǔ fēn měi jīn)
五分熟	(wǔ fēn shú)
五分之一	(wǔ fēn zhī yī)
五峰土家族自治县	(wǔ fēng tǔ jiā zú zì zhì xiàn)
五峰乡	(wǔ fēng xiāng)
五福临门	(wǔ fú lín mén)
五谷	(wǔ gǔ)
五谷丰登	(wǔ gǔ fēng dēng)
五股	(wǔ gǔ)
五股乡	(wǔ gǔ xiāng)
五官	(wǔ guān)
五官端正	(wǔ guān duān zhèng)
五光十色	(wǔ guāng shí sè)
五鬼	(wǔ guǐ)
五鬼闹判	(wǔ guǐ nào pàn)
五号	(wǔ hào)
五号电池	(wǔ hào diàn chí)
五河县	(wǔ hé xiàn)
五胡十六国	(wǔ hú shí liù guó)
五湖四海	(wǔ hú sì hǎi)
五虎将	(wǔ hǔ jiàng)
五花八门	(wǔ huā bā mén)
五花大绑	(wǔ huā dà bǎng)
五花肉	(wǔ huā ròu)
五华区	(wǔ huá qū)
五华县	(wǔ huá xiàn)
五环	(wǔ huán)
五环会徽	(wǔ huán huì huī)
五荤	(wǔ hūn)
五级士官	(wǔ jí shì guān)
五加	(wǔ jiā)
五家渠	(wǔ jiā qú)
五家渠市	(wǔ jiā qú shì)
五讲四美三热爱	(wǔ jiǎng sì měi sān rè ài)
五角	(wǔ jiǎo)
五角场	(wǔ jiǎo chǎng)
五角大楼	(wǔ jiǎo dà lóu)
五角大厦	(wǔ jiǎo dà shà)
五角星	(wǔ jiǎo xīng)
五角形	(wǔ jiǎo xíng)
五结	(wǔ jié)
五结乡	(wǔ jié xiāng)
五金	(wǔ jīn)
五金店	(wǔ jīn diàn)
五金店铺	(wǔ jīn diàn pù)
五经	(wǔ jīng)
五劳七伤	(wǔ láo qī shāng)
五痨七伤	(wǔ láo qī shāng)
五棱镜	(wǔ léng jìng)
五莲县	(wǔ lián xiàn)
五凉	(wǔ liáng)
五粮液	(wǔ liáng yè)
五苓散	(wǔ líng sǎn)
五岭	(wǔ lǐng)
五伦	(wǔ lún)
五马分尸	(wǔ mǎ fēn shī)
五芒星	(wǔ máng xīng)
五毛	(wǔ máo)
五毛党	(wǔ máo dǎng)
五毛特效	(wǔ máo tè xiào)
五权宪法	(wǔ quán xiàn fǎ)
五人墓碑记	(wǔ rén mù bēi jì)
五卅	(wǔ sà)
五色	(wǔ sè)
五色缤纷	(wǔ sè bīn fēn)
五声音阶	(wǔ shēng yīn jiē)
五十	(wǔ shí)
五十步笑百步	(wǔ shí bù xiào bǎi bù)
五十肩	(wǔ shí jiān)
五十铃	(wǔ shí líng)
五世	(wǔ shì)
五四爱国运动	(wǔ sì ài guó yùn dòng)
五四运动	(wǔ sì yùn dòng)
五台山	(wǔ tái shān)
五台市	(wǔ tái shì)
五台县	(wǔ tái xiàn)
五体投地	(wǔ tǐ tóu dì)
五通	(wǔ tōng)
五通桥区	(wǔ tōng qiáo qū)
五味	(wǔ wèi)
五味俱全	(wǔ wèi jù quán)
五味杂陈	(wǔ wèi zá chén)
五味子	(wǔ wèi zǐ)
五瘟	(wǔ wēn)
五瘟神	(wǔ wēn shén)
五五	(wǔ wǔ)
五险一金	(wǔ xiǎn yī jīn)
五线谱	(wǔ xiàn pǔ)
五香	(wǔ xiāng)
五香粉	(wǔ xiāng fěn)
五项全能	(wǔ xiàng quán néng)
五辛素	(wǔ xīn sù)
五星	(wǔ xīng)
五星红旗	(wǔ xīng hóng qí)
五星级	(wǔ xīng jí)
五刑	(wǔ xíng)
五行	(wǔ xíng)
五行八作	(wǔ háng bā zuō)
五形	(wǔ xíng)
五旬节	(wǔ xún jié)
五言绝句	(wǔ yán jué jù)
五颜六色	(wǔ yán liù sè)
五氧化二钒	(wǔ yǎng huà èr fán)
五叶松	(wǔ yè sōng)
五音	(wǔ yīn)
五音不全	(wǔ yīn bù quán)
五音度	(wǔ yīn dù)
五原县	(wǔ yuán xiàn)
五院	(wǔ yuàn)
五月	(wǔ yuè)
五月份	(wǔ yuè fèn)
五月节	(wǔ yuè jié)
五岳	(wǔ yuè)
五蕴	(wǔ yùn)
五脏	(wǔ zàng)
五脏六腑	(wǔ zàng liù fǔ)
五寨县	(wǔ zhài xiàn)
五针松	(wǔ zhēn sōng)
五指	(wǔ zhǐ)
五指山	(wǔ zhǐ shān)
五指山市	(wǔ zhǐ shān shì)
五洲	(wǔ zhōu)
五浊	(wǔ zhuó)
五子棋	(wǔ zǐ qí)
五祖拳	(wǔ zǔ quán)
午安	(wǔ ān)
午餐	(wǔ cān)
午餐会	(wǔ cān huì)
午餐肉	(wǔ cān ròu)
午饭	(wǔ fàn)
午后	(wǔ hòu)
午觉	(wǔ jiào)
午前	(wǔ qián)
午睡	(wǔ shuì)
午休	(wǔ xiū)
午宴	(wǔ yàn)
午夜	(wǔ yè)
伍	(wǔ)
伍德豪斯	(wǔ dé háo sī)
伍家岗区	(wǔ jiā gǎng qū)
伍奢	(wǔ shē)
伍斯特酱	(wǔ sī tè jiàng)
伍廷芳	(wǔ tíng fāng)
伍子胥	(wǔ zǐ xū)
仵	(wǔ)
仵工	(wǔ gōng)
仵作	(wǔ zuò)
庑	(wǔ)
怃	(wǔ)
忤	(wǔ)
忤逆	(wǔ nì)
妩	(wǔ)
妩媚	(wǔ mèi)
武	(wǔ)
武安市	(wǔ ān shì)
武昌区	(wǔ chāng qū)
武城县	(wǔ chéng xiàn)
武川县	(wǔ chuān xiàn)
武打	(wǔ dǎ)
武打片	(wǔ dǎ piàn)
武旦	(wǔ dàn)
武当山	(wǔ dāng shān)
武德	(wǔ dé)
武丁	(wǔ dīng)
武定	(wǔ dìng)
武定县	(wǔ dìng xiàn)
武都区	(wǔ dū qū)
武都市	(wǔ dū shì)
武断	(wǔ duàn)
武冈市	(wǔ gāng shì)
武功	(wǔ gōng)
武功山	(wǔ gōng shān)
武功县	(wǔ gōng xiàn)
武官	(wǔ guān)
武馆	(wǔ guǎn)
武汉大学	(wǔ hàn dà xué)
武汉钢铁公司	(wǔ hàn gāng tiě gōng sī)
武汉市	(wǔ hàn shì)
武侯祠	(wǔ hóu cí)
武侯区	(wǔ hóu qū)
武江区	(wǔ jiāng qū)
武将	(wǔ jiàng)
武进区	(wǔ jìn qū)
武经七书	(wǔ jīng qī shū)
武警	(wǔ jǐng)
武警部队	(wǔ jǐng bù duì)
武警战士	(wǔ jǐng zhàn shì)
武举	(wǔ jǔ)
武库	(wǔ kù)
武力	(wǔ lì)
武林	(wǔ lín)
武陵区	(wǔ líng qū)
武陵源	(wǔ líng yuán)
武隆区	(wǔ lóng qū)
武略	(wǔ lüè)
武鸣区	(wǔ míng qū)
武宁县	(wǔ níng xiàn)
武平县	(wǔ píng xiàn)
武器	(wǔ qì)
武器级	(wǔ qì jí)
武器禁运	(wǔ qì jìn yùn)
武器系统	(wǔ qì xì tǒng)
武强县	(wǔ qiáng xiàn)
武清	(wǔ qīng)
武清区	(wǔ qīng qū)
武山鸡	(wǔ shān jī)
武山县	(wǔ shān xiàn)
武生	(wǔ shēng)
武圣	(wǔ shèng)
武胜县	(wǔ shèng xiàn)
武士	(wǔ shì)
武士刀	(wǔ shì dāo)
武士道	(wǔ shì dào)
武士彟	(wǔ shì huò)
武术	(wǔ shù)
武水	(wǔ shuǐ)
武松	(wǔ sōng)
武坛	(wǔ tán)
武田	(wǔ tián)
武统	(wǔ tǒng)
武王伐纣	(wǔ wáng fá zhòu)
武威市	(wǔ wēi shì)
武溪	(wǔ xī)
武侠	(wǔ xiá)
武侠小说	(wǔ xiá xiǎo shuō)
武仙座	(wǔ xiān zuò)
武乡县	(wǔ xiāng xiàn)
武宣县	(wǔ xuān xiàn)
武穴市	(wǔ xué shì)
武夷山	(wǔ yí shān)
武夷山市	(wǔ yí shān shì)
武义县	(wǔ yì xiàn)
武艺	(wǔ yì)
武艺高强	(wǔ yì gāo qiáng)
武邑县	(wǔ yì xiàn)
武勇	(wǔ yǒng)
武职	(wǔ zhí)
武陟县	(wǔ zhì xiàn)
武装	(wǔ zhuāng)
武装部队	(wǔ zhuāng bù duì)
武装冲突	(wǔ zhuāng chōng tū)
武装分子	(wǔ zhuāng fèn zǐ)
武装力量	(wǔ zhuāng lì liàng)
俉	(wú)
侮	(wǔ)
侮骂	(wǔ mà)
侮慢	(wǔ màn)
侮蔑	(wǔ miè)
侮弄	(wǔ nòng)
侮辱	(wǔ rǔ)
捂	(wǔ)
捂脸	(wǔ liǎn)
捂住	(wǔ zhù)
啎	(wǔ)
摀	(wǔ)
兀	(wù)
兀凳	(wù dèng)
兀鹫	(wù jiù)
兀立	(wù lì)
兀臬	(wù niè)
兀臲	(wù niè)
兀鹰	(wù yīng)
兀自	(wù zì)
勿	(wù)
勿cue	(wù cue)
勿忘我	(wù wàng wǒ)
勿谓言之不预	(wù wèi yán zhī bù yù)
戊	(wù)
戊巴比妥钠	(wù bā bǐ tuǒ nà)
戊醇	(wù chún)
戊五醇	(wù wǔ chún)
戊型肝炎	(wù xíng gān yán)
戊戌变法	(wù xū biàn fǎ)
戊戌维新	(wù xū wéi xīn)
戊唑醇	(wù zuò chún)
务	(wù)
务必	(wù bì)
务川仡佬族苗族自治县	(wù chuān gē lǎo zú miáo zú zì zhì xiàn)
务工	(wù gōng)
务农	(wù nóng)
务期	(wù qī)
务请	(wù qǐng)
务实	(wù shí)
务虚	(wù xū)
扤	(wù)
屼	(wù)
坞	(wù)
坞堡	(wù bǎo)
坞壁	(wù bì)
坞站	(wù zhàn)
杌	(wù)
杌凳	(wù dèng)
杌陧	(wù niè)
悟	(wù)
悟道	(wù dào)
悟空	(wù kōng)
悟能	(wù néng)
悟入	(wù rù)
悟性	(wù xìng)
悮	(wù)
晤	(wù)
晤面	(wù miàn)
晤谈	(wù tán)
婺	(wù)
婺城区	(wù chéng qū)
婺源县	(wù yuán xiàn)
寤	(wù)
寤寐	(wù mèi)
寤寐求之	(wù mèi qiú zhī)
夕	(xī)
夕发朝至	(xī fā zhāo zhì)
夕阳	(xī yáng)
夕阳产业	(xī yáng chǎn yè)
夕阳西下	(xī yáng xī xià)
夕照	(xī zhào)
吸	(xī)
吸把	(xī bǎ)
吸尘机	(xī chén jī)
吸尘器	(xī chén qì)
吸虫	(xī chóng)
吸虫纲	(xī chóng gāng)
吸地	(xī dì)
吸顶灯	(xī dǐng dēng)
吸毒	(xī dú)
吸毒成瘾	(xī dú chéng yǐn)
吸粉	(xī fěn)
吸附	(xī fù)
吸附剂	(xī fù jì)
吸附性	(xī fù xìng)
吸管	(xī guǎn)
吸积	(xī jī)
吸金	(xī jīn)
吸尽	(xī jìn)
吸进	(xī jìn)
吸睛	(xī jīng)
吸口	(xī kǒu)
吸力	(xī lì)
吸留	(xī liú)
吸猫	(xī māo)
吸门	(xī mén)
吸蜜鸟	(xī mì niǎo)
吸纳	(xī nà)
吸奶	(xī nǎi)
吸奶器	(xī nǎi qì)
吸盘	(xī pán)
吸盘鱼	(xī pán yú)
吸气	(xī qì)
吸气器	(xī qì qì)
吸取	(xī qǔ)
吸取教训	(xī qǔ jiào xun)
吸热	(xī rè)
吸入	(xī rù)
吸入阀	(xī rù fá)
吸入剂	(xī rù jì)
吸入器	(xī rù qì)
吸声	(xī shēng)
吸湿	(xī shī)
吸湿性	(xī shī xìng)
吸食	(xī shí)
吸收	(xī shōu)
吸收剂量	(xī shōu jì liàng)
吸水	(xī shuǐ)
吸吮	(xī shǔn)
吸碳	(xī tàn)
吸铁石	(xī tiě shí)
吸血	(xī xuè)
吸血鬼	(xī xuè guǐ)
吸血乌贼	(xī xuè wū zéi)
吸烟	(xī yān)
吸烟区	(xī yān qū)
吸烟室	(xī yān shì)
吸氧	(xī yǎng)
吸音	(xī yīn)
吸引	(xī yǐn)
吸引力	(xī yǐn lì)
吸引眼球	(xī yǐn yǎn qiú)
吸引子	(xī yǐn zi)
吸引子网络	(xī yǐn zǐ wǎng luò)
吸着	(xī zhuó)
吸住	(xī zhù)
希	(xī)
希波克拉底	(xī bō kè lā dǐ)
希伯来	(xī bó lái)
希伯来大学	(xī bó lái dà xué)
希伯来人	(xī bó lái rén)
希伯来书	(xī bó lái shū)
希伯来文	(xī bó lái wén)
希伯来语	(xī bó lái yǔ)
希伯莱	(xī bó lái)
希尔	(xī ěr)
希尔伯特	(xī ěr bó tè)
希尔顿	(xī ěr dùn)
希尔弗瑟姆	(xī ěr fú sè mǔ)
希尔内科斯	(xī ěr nèi kē sī)
希格斯	(xī gé sī)
希格斯玻色子	(xī gé sī bō sè zǐ)
希格斯机制	(xī gé sī jī zhì)
希格斯粒子	(xī gé sī lì zǐ)
希罕	(xī han)
希洪	(xī hóng)
希冀	(xī jì)
希拉里	(xī lā lǐ)
希拉里·克林顿	(xī lā lǐ · kè lín dùn)
希拉蕊	(xī lā ruǐ)
希腊	(xī là)
希腊文	(xī là wén)
希腊语	(xī là yǔ)
希腊字母	(xī là zì mǔ)
希罗底	(xī luó dǐ)
希律王	(xī lǜ wáng)
希奇	(xī qí)
希奇古怪	(xī qí gǔ guài)
希仁	(xī rén)
希神	(xī shén)
希舒美	(xī shū měi)
希斯	(xī sī)
希斯·莱杰	(xī sī lái jié)
希斯仑	(xī sī lún)
希特勒	(xī tè lè)
希望	(xī wàng)
希望落空	(xī wàng luò kōng)
希沃特	(xī wò tè)
希西家	(xī xī jiā)
希夏邦马峰	(xī xià bāng mǎ fēng)
昔	(xī)
昔年	(xī nián)
昔日	(xī rì)
昔阳县	(xī yáng xiàn)
析	(xī)
析出	(xī chū)
析毫剖厘	(xī háo pōu lí)
析疑	(xī yí)
怸	(xī)
恓	(xī)
恓惶	(xī huáng)
㢴	(xī)
唏	(xī)
唏哩哗啦	(xī li huā lā)
唏里哗啦	(xī li huā lā)
唏嘘	(xī xū)
息	(xī)
息烽县	(xī fēng xiàn)
息肩	(xī jiān)
息率	(xī lǜ)
息怒	(xī nù)
息票	(xī piào)
息屏	(xī píng)
息屏显示	(xī píng xiǎn shì)
息肉	(xī ròu)
息事宁人	(xī shì níng rén)
息息相关	(xī xī xiāng guān)
息县	(xī xiàn)
息影	(xī yǐng)
息争	(xī zhēng)
奚	(xī)
奚落	(xī luò)
奚啸伯	(xī xiào bó)
悕	(xī)
屖	(xī)
娭	(āi)
娭姐	(āi jiě)
晞	(xī)
欷	(xī)
欷吁	(xī xū)
欷歔	(xī xū)
悉	(xī)
悉达多	(xī dá duō)
悉德尼	(xī dé ní)
悉尼	(xī ní)
悉数	(xī shù)
悉听尊便	(xī tīng zūn biàn)
悉悉索索	(xī xī suǒ suǒ)
悉心	(xī xīn)
惜	(xī)
惜别	(xī bié)
惜才	(xī cái)
惜寸阴	(xī cùn yīn)
惜福	(xī fú)
惜命	(xī mìng)
惜售	(xī shòu)
晳	(xī)
晰	(xī)
傒	(xī)
㫺	(xī)
徯	(xī)
徯径	(xī jìng)
僖	(xī)
嘻	(xī)
嘻哈	(xī hā)
嘻皮	(xī pí)
嘻嘻	(xī xī)
噏	(xī)
噏动	(xī dòng)
嶲	(xī)
膝	(xī)
嬉	(xī)
嬉皮	(xī pí)
嬉皮士	(xī pí shì)
嬉皮笑脸	(xī pí xiào liǎn)
嬉耍	(xī shuǎ)
嬉戏	(xī xì)
嬉笑	(xī xiào)
嬉笑怒骂	(xī xiào nù mà)
嬉游	(xī yóu)
樨	(xī)
䤈	(xī)
凞	(xī)
曦	(xī)
巇	(xī)
席	(xí)
席德尼	(xí dé ní)
席地	(xí dì)
席地而睡	(xí dì ér shuì)
席地而坐	(xí dì ér zuò)
席凡宁根	(xí fán níng gēn)
席卷	(xí juǎn)
席勒	(xí lè)
席梦思	(xí mèng sī)
席位	(xí wèi)
喺	(xǐ)
媳	(xí)
媳妇	(xí fu)
媳妇熬成婆	(xí fù áo chéng pó)
媳妇儿	(xí fù r)
槢	(xí)
檄	(xí)
檄书	(xí shū)
檄文	(xí wén)
枲	(xǐ)
徙	(xǐ)
喜	(xǐ)
喜爱	(xǐ ài)
喜报	(xǐ bào)
喜饼	(xǐ bǐng)
喜不自禁	(xǐ bù zì jīn)
喜不自胜	(xǐ bù zì shèng)
喜车	(xǐ chē)
喜冲冲	(xǐ chōng chōng)
喜出望外	(xǐ chū wàng wài)
喜从天降	(xǐ cóng tiān jiàng)
喜大普奔	(xǐ dà pǔ bēn)
喜蛋	(xǐ dàn)
喜当爹	(xǐ dāng diē)
喜德县	(xǐ dé xiàn)
喜恶	(xǐ è)
喜感	(xǐ gǎn)
喜歌剧院	(xǐ gē jù yuàn)
喜憨儿	(xǐ hān ér)
喜好	(xǐ hào)
喜欢	(xǐ huan)
喜极而泣	(xǐ jí ér qì)
喜结连理	(xǐ jié lián lǐ)
喜结良缘	(xǐ jié liáng yuán)
喜酒	(xǐ jiǔ)
喜剧	(xǐ jù)
喜来登	(xǐ lái dēng)
喜乐	(xǐ lè)
喜力	(xǐ lì)
喜马拉雅	(xǐ mǎ lā yǎ)
喜马拉雅山	(xǐ mǎ lā yǎ shān)
喜马拉雅山脉	(xǐ mǎ lā yǎ shān mài)
喜马拉雅中杜鹃	(xǐ mǎ lā yǎ zhōng dù juān)
喜娘	(xǐ niáng)
喜怒哀乐	(xǐ nù āi lè)
喜怒无常	(xǐ nù wú cháng)
喜帕	(xǐ pà)
喜气	(xǐ qì)
喜气洋洋	(xǐ qì yáng yáng)
喜钱	(xǐ qian)
喜庆	(xǐ qìng)
喜鹊	(xǐ què)
喜群飞	(xǐ qún fēi)
喜群游	(xǐ qún yóu)
喜人	(xǐ rén)
喜丧	(xǐ sāng)
喜色	(xǐ sè)
喜山白眉朱雀	(xǐ shān bái méi zhū què)
喜山点翅朱雀	(xǐ shān diǎn chì zhū què)
喜山红眉朱雀	(xǐ shān hóng méi zhū què)
喜山𫛭	(xǐ shān kuáng)
喜事	(xǐ shì)
喜糖	(xǐ táng)
喜提	(xǐ tí)
喜帖	(xǐ tiě)
喜闻乐见	(xǐ wén lè jiàn)
喜喜欢欢	(xǐ xǐ huān huān)
喜笑	(xǐ xiào)
喜笑颜开	(xǐ xiào yán kāi)
喜新厌旧	(xǐ xīn yàn jiù)
喜形于色	(xǐ xíng yú sè)
喜兴	(xǐ xìng)
喜讯	(xǐ xùn)
喜筵	(xǐ yán)
喜宴	(xǐ yàn)
喜阳	(xǐ yáng)
喜洋洋	(xǐ yáng yáng)
喜吟吟	(xǐ yín yín)
喜盈盈	(xǐ yíng yíng)
喜忧参半	(xǐ yōu cān bàn)
喜雨	(xǐ yǔ)
喜悦	(xǐ yuè)
喜跃	(xǐ yuè)
喜跃抃舞	(xǐ yuè biàn wǔ)
喜则气缓	(xǐ zé qì huǎn)
喜幛	(xǐ zhàng)
喜孜孜	(xǐ zī zī)
喜滋滋	(xǐ zī zī)
喜子	(xǐ zi)
屣	(xǐ)
憙	(xǐ)
囍	(xǐ)
匸	(xì)
卌	(xì)
戏	(xì)
戏称	(xì chēng)
戏词	(xì cí)
戏法	(xì fǎ)
戏仿	(xì fǎng)
戏份	(xì fèn)
戏精	(xì jīng)
戏剧	(xì jù)
戏剧化	(xì jù huà)
戏剧化人格违常	(xì jù huà rén gé wéi cháng)
戏剧家	(xì jù jiā)
戏剧性	(xì jù xìng)
戏码	(xì mǎ)
戏弄	(xì nòng)
戏偶	(xì ǒu)
戏票	(xì piào)
戏曲	(xì qǔ)
戏耍	(xì shuǎ)
戏说	(xì shuō)
戏说剧	(xì shuō jù)
戏台	(xì tái)
戏侮	(xì wǔ)
戏谑	(xì xuè)
戏言	(xì yán)
戏眼	(xì yǎn)
戏院	(xì yuàn)
戏子	(xì zi)
系	(xì)
系数	(xì shù)
屃	(xì)
呬	(xì)
咥	(dié)
㣟	(xì)
戱	(xì)
匣	(xiá)
匣枪	(xiá qiāng)
匣子	(xiá zi)
侠	(xiá)
侠盗飞车	(xiá dào fēi chē)
侠盗猎车手	(xiá dào liè chē shǒu)
侠客	(xiá kè)
侠气	(xiá qì)
侠士	(xiá shì)
侠义	(xiá yì)
柙	(xiá)
峡	(xiá)
峡谷	(xiá gǔ)
峡江县	(xiá jiāng xiàn)
峡湾	(xiá wān)
暇	(xiá)
丅	(xià)
下	(xià)
下巴	(xià ba)
下巴颏	(xià ba kē)
下摆	(xià bǎi)
下拜	(xià bài)
下班	(xià bān)
下半	(xià bàn)
下半场	(xià bàn chǎng)
下半年	(xià bàn nián)
下半身	(xià bàn shēn)
下半时	(xià bàn shí)
下半天	(xià bàn tiān)
下半夜	(xià bàn yè)
下辈	(xià bèi)
下辈子	(xià bèi zi)
下鼻甲	(xià bí jiǎ)
下笔	(xià bǐ)
下边	(xià bian)
下边儿	(xià bian r)
下标	(xià biāo)
下不来	(xià bù lái)
下不来台	(xià bù lái tái)
下不了台	(xià bu liǎo tái)
下不为例	(xià bù wéi lì)
下层	(xià céng)
下场	(xià chǎng)
下场门	(xià chǎng mén)
下车	(xià chē)
下沉	(xià chén)
下沉市场	(xià chén shì chǎng)
下齿	(xià chǐ)
下厨	(xià chú)
下垂	(xià chuí)
下唇	(xià chún)
下次	(xià cì)
下次见	(xià cì jiàn)
下挫	(xià cuò)
下达	(xià dá)
下单	(xià dān)
下蛋	(xià dàn)
下档	(xià dàng)
下地	(xià dì)
下调	(xià diào)
下跌	(xià diē)
下订单	(xià dìng dān)
下定决心	(xià dìng jué xīn)
下定义	(xià dìng yì)
下毒	(xià dú)
下毒手	(xià dú shǒu)
下肚	(xià dù)
下颚	(xià è)
下发	(xià fā)
下凡	(xià fán)
下饭	(xià fàn)
下方	(xià fāng)
下放	(xià fàng)
下飞机	(xià fēi jī)
下风	(xià fēng)
下浮	(xià fú)
下腹部	(xià fù bù)
下岗	(xià gǎng)
下港	(xià gǎng)
下个	(xià ge)
下个星期	(xià gè xīng qī)
下个月	(xià gè yuè)
下工	(xià gōng)
下工夫	(xià gōng fu)
下功夫	(xià gōng fu)
下关	(xià guān)
下馆子	(xià guǎn zi)
下跪	(xià guì)
下锅	(xià guō)
下海	(xià hǎi)
下寒武	(xià hán wǔ)
下寒武统	(xià hán wǔ tǒng)
下颔	(xià hàn)
下颔骨	(xià hàn gǔ)
下颌	(xià hé)
下颌骨	(xià hé gǔ)
下颌下腺	(xià hé xià xiàn)
下狠心	(xià hěn xīn)
下花园区	(xià huā yuán qū)
下滑	(xià huá)
下划线	(xià huà xiàn)
下画线	(xià huà xiàn)
下浣	(xià huàn)
下回	(xià huí)
下级	(xià jí)
下家	(xià jiā)
下架	(xià jià)
下嫁	(xià jià)
下贱	(xià jiàn)
下箭头	(xià jiàn tóu)
下箭头键	(xià jiàn tóu jiàn)
下降	(xià jiàng)
下焦	(xià jiāo)
下脚	(xià jiǎo)
下脚料	(xià jiǎo liào)
下届	(xià jiè)
下界	(xià jiè)
下九流	(xià jiǔ liú)
下酒	(xià jiǔ)
下酒菜	(xià jiǔ cài)
下决心	(xià jué xīn)
下槛	(xià kǎn)
下颏	(xià kē)
下课	(xià kè)
下夸克	(xià kuā kè)
下款	(xià kuǎn)
下来	(xià lai)
下里巴人	(xià lǐ bā rén)
下列	(xià liè)
下令	(xià lìng)
下流	(xià liú)
下龙湾	(xià lóng wān)
下楼	(xià lóu)
下陆区	(xià lù qū)
下落	(xià luò)
下落不明	(xià luò bù míng)
下马	(xià mǎ)
下马威	(xià mǎ wēi)
下毛毛雨	(xià máo mao yǔ)
下锚	(xià máo)
下面	(xià miàn)
下奶	(xià nǎi)
下片	(xià piàn)
下聘	(xià pìn)
下坡	(xià pō)
下坡路	(xià pō lù)
下期	(xià qī)
下棋	(xià qí)
下情	(xià qíng)
下丘脑	(xià qiū nǎo)
下去	(xià qù)
下犬式	(xià quǎn shì)
下确界	(xià què jiè)
下人	(xià rén)
下任	(xià rèn)
下乳	(xià rǔ)
下三烂	(xià sān làn)
下三滥	(xià sān làn)
下山	(xià shān)
下设	(xià shè)
下身	(xià shēn)
下士	(xià shì)
下世	(xià shì)
下视	(xià shì)
下视丘	(xià shì qiū)
下手	(xià shǒu)
下属	(xià shǔ)
下属公司	(xià shǔ gōng sī)
下水	(xià shuǐ)
下水道	(xià shuǐ dào)
下水管	(xià shuǐ guǎn)
下水礼	(xià shuǐ lǐ)
下死劲	(xià sǐ jìn)
下榻	(xià tà)
下台	(xià tái)
下台阶	(xià tái jiē)
下体	(xià tǐ)
下田	(xià tián)
下同	(xià tóng)
下头	(xià tóu)
下驮	(xià tuó)
下网	(xià wǎng)
下位词	(xià wèi cí)
下午	(xià wǔ)
下午茶	(xià wǔ chá)
下午好	(xià wǔ hǎo)
下西洋	(xià xī yáng)
下辖	(xià xiá)
下弦	(xià xián)
下弦月	(xià xián yuè)
下限	(xià xiàn)
下线	(xià xiàn)
下线仪式	(xià xiàn yí shì)
下陷	(xià xiàn)
下乡	(xià xiāng)
下星期	(xià xīng qī)
下行	(xià xíng)
下修	(xià xiū)
下旋	(xià xuán)
下旋削球	(xià xuán xiāo qiú)
下雪	(xià xuě)
下旬	(xià xún)
下眼睑	(xià yǎn jiǎn)
下咽	(xià yān)
下咽癌	(xià yān ái)
下腰	(xià yāo)
下药	(xià yào)
下野	(xià yě)
下页	(xià yè)
下一步	(xià yī bù)
下一次	(xià yī cì)
下一代	(xià yī dài)
下一个	(xià yī ge)
下一页	(xià yī yè)
下一站	(xià yī zhàn)
下议院	(xià yì yuàn)
下意识	(xià yì shí)
下阴	(xià yīn)
下游	(xià yóu)
下雨	(xià yǔ)
下狱	(xià yù)
下院	(xià yuàn)
下月	(xià yuè)
下崽	(xià zǎi)
下载	(xià zǎi)
下葬	(xià zàng)
下闸	(xià zhá)
下诏	(xià zhào)
下肢	(xià zhī)
下至上	(xià zhì shàng)
下周	(xià zhōu)
下逐客令	(xià zhú kè lìng)
下注	(xià zhù)
下箸	(xià zhù)
下装	(xià zhuāng)
下坠	(xià zhuì)
下作	(xià zuo)
吓	(xià)
吓倒	(xià dǎo)
吓得发抖	(xià dé fā dǒu)
吓疯	(xià fēng)
吓唬	(xià hu)
吓坏	(xià huài)
吓昏	(xià hūn)
吓跑	(xià pǎo)
吓破胆	(xià pò dǎn)
吓人	(xià rén)
吓傻	(xià shǎ)
吓吓叫	(xià xià jiào)
吓一跳	(xià yī tiào)
夏	(xià)
夏奥会	(xià ào huì)
夏朝	(xià cháo)
夏虫不可以语冰	(xià chóng bù kě yǐ yǔ bīng)
夏尔巴人	(xià ěr bā rén)
夏河县	(xià hé xiàn)
夏侯	(xià hóu)
夏黄公	(xià huáng gōng)
夏季	(xià jì)
夏津县	(xià jīn xiàn)
夏敬渠	(xià jìng qú)
夏克提	(xià kè tí)
夏历	(xià lì)
夏利	(xià lì)
夏令	(xià lìng)
夏令时	(xià lìng shí)
夏令营	(xià lìng yíng)
夏洛克	(xià luò kè)
夏洛特	(xià luò tè)
夏洛特·勃良特	(xià luò tè · bó liáng tè)
夏洛特阿马利亚	(xià luò tè ā mǎ lì yà)
夏洛特敦	(xià luò tè dūn)
夏目漱石	(xià mù shù shí)
夏普	(xià pǔ)
夏日	(xià rì)
夏商周	(xià shāng zhōu)
夏时制	(xià shí zhì)
夏士莲	(xià shì lián)
夏天	(xià tiān)
夏娃	(xià wá)
夏威夷	(xià wēi yí)
夏威夷岛	(xià wēi yí dǎo)
夏威夷果	(xià wēi yí guǒ)
夏威夷火山国家公园	(xià wēi yí huǒ shān guó jiā gōng yuán)
夏威夷群岛	(xià wēi yí qún dǎo)
夏县	(xià xiàn)
夏延	(xià yán)
夏衍	(xià yǎn)
夏邑县	(xià yì xiàn)
夏正民	(xià zhèng mín)
夏至点	(xià zhì diǎn)
夏州	(xià zhōu)
夏装	(xià zhuāng)
夓	(xià)
㔾	(jié)
仙	(xiān)
仙八色鸫	(xiān bā sè dōng)
仙贝	(xiān bèi)
仙草	(xiān cǎo)
仙丹	(xiān dān)
仙岛	(xiān dǎo)
仙方	(xiān fāng)
仙方儿	(xiān fāng r)
仙宫	(xiān gōng)
仙姑	(xiān gū)
仙股	(xiān gǔ)
仙鹤	(xiān hè)
仙后座	(xiān hòu zuò)
仙界	(xiān jiè)
仙境	(xiān jìng)
仙居县	(xiān jū xiàn)
仙客来	(xiān kè lái)
仙乐	(xiān yuè)
仙茅	(xiān máo)
仙女	(xiān nǚ)
仙女棒	(xiān nǚ bàng)
仙女座	(xiān nǚ zuò)
仙气	(xiān qì)
仙去	(xiān qù)
仙人	(xiān rén)
仙人球	(xiān rén qiú)
仙人跳	(xiān rén tiào)
仙人掌	(xiān rén zhǎng)
仙人掌杆菌	(xiān rén zhǎng gǎn jūn)
仙人掌果	(xiān rén zhǎng guǒ)
仙山	(xiān shān)
仙山琼阁	(xiān shān qióng gé)
仙逝	(xiān shì)
仙台	(xiān tái)
仙桃	(xiān táo)
仙桃市	(xiān táo shì)
仙童	(xiān tóng)
仙王座	(xiān wáng zuò)
仙乡	(xiān xiāng)
仙药	(xiān yào)
仙游	(xiān yóu)
仙游县	(xiān yóu xiàn)
仙姿玉色	(xiān zī yù sè)
仙子	(xiān zǐ)
仚	(xiān)
先	(xiān)
先辈	(xiān bèi)
先妣	(xiān bǐ)
先鞭	(xiān biān)
先兵后礼	(xiān bīng hòu lǐ)
先不先	(xiān bù xiān)
先慈	(xiān cí)
先达	(xiān dá)
先大母	(xiān dà mǔ)
先导	(xiān dǎo)
先到先得	(xiān dào xiān dé)
先帝遗诏	(xiān dì yí zhào)
先睹为快	(xiān dǔ wéi kuài)
先发	(xiān fā)
先发投手	(xiān fā tóu shǒu)
先发制人	(xiān fā zhì rén)
先锋	(xiān fēng)
先锋队	(xiān fēng duì)
先锋派	(xiān fēng pài)
先父	(xiān fù)
先公	(xiān gōng)
先汉	(xiān hàn)
先河	(xiān hé)
先后	(xiān hòu)
先后顺序	(xiān hòu shùn xù)
先皇	(xiān huáng)
先机	(xiān jī)
先见	(xiān jiàn)
先见者	(xiān jiàn zhě)
先见之明	(xiān jiàn zhī míng)
先进	(xiān jìn)
先进个人	(xiān jìn gè rén)
先进集体	(xiān jìn jí tǐ)
先进水平	(xiān jìn shuǐ píng)
先进武器	(xiān jìn wǔ qì)
先进先出	(xiān jìn xiān chū)
先决	(xiān jué)
先决条件	(xiān jué tiáo jiàn)
先决问题	(xiān jué wèn tí)
先觉	(xiān jué)
先君	(xiān jūn)
先来后到	(xiān lái hòu dào)
先礼后兵	(xiān lǐ hòu bīng)
先例	(xiān lì)
先烈	(xiān liè)
先令	(xiān lìng)
先民	(xiān mín)
先母	(xiān mǔ)
先期	(xiān qī)
先期录音	(xiān qī lù yīn)
先前	(xiān qián)
先遣队	(xiān qiǎn duì)
先驱	(xiān qū)
先驱者	(xiān qū zhě)
先人	(xiān rén)
先容	(xiān róng)
先入为主	(xiān rù wéi zhǔ)
先生	(xiān sheng)
先声	(xiān shēng)
先声夺人	(xiān shēng duó rén)
先师	(xiān shī)
先天	(xiān tiān)
先天不足	(xiān tiān bù zú)
先天不足，后天失调	(xiān tiān bù zú , hòu tiān shī tiáo)
先天下之忧而忧，后天下之乐而乐	(xiān tiān xià zhī yōu ér yōu , hòu tiān xià zhī lè ér lè)
先天性	(xiān tiān xìng)
先天性缺陷	(xiān tiān xìng quē xiàn)
先天与后天	(xiān tiān yǔ hòu tiān)
先头	(xiān tóu)
先王	(xiān wáng)
先王之道	(xiān wáng zhī dào)
先王之乐	(xiān wáng zhī yuè)
先王之政	(xiān wáng zhī zhèng)
先下手为强	(xiān xià shǒu wéi qiáng)
先贤	(xiān xián)
先行	(xiān xíng)
先行者	(xiān xíng zhě)
先验	(xiān yàn)
先验概率	(xiān yàn gài lǜ)
先有	(xiān yǒu)
先有后婚	(xiān yǒu hòu hūn)
先斩后奏	(xiān zhǎn hòu zòu)
先兆	(xiān zhào)
先哲	(xiān zhé)
先知	(xiān zhī)
先知先觉	(xiān zhī xiān jué)
先主	(xiān zhǔ)
先走一步	(xiān zǒu yī bù)
先祖	(xiān zǔ)
佡	(xiān)
忺	(xiān)
杴	(xiān)
姺	(xiǎn)
掀	(xiān)
掀背车	(xiān bèi chē)
掀掉	(xiān diào)
掀动	(xiān dòng)
掀翻	(xiān fān)
掀风鼓浪	(xiān fēng gǔ làng)
掀开	(xiān kāi)
掀起	(xiān qǐ)
掀腾	(xiān téng)
掀天揭地	(xiān tiān jiē dì)
掀涌	(xiān yǒng)
鲜	(xiǎn)
暹	(xiān)
暹粒	(xiān lì)
暹罗	(xiān luó)
暹罗语	(xiān luó yǔ)
暹逻	(xiān luó)
憸	(xiān)
孅	(xiān)
伭	(xián)
弦	(xián)
弦而鼓之	(xián ér gǔ zhī)
弦歌	(xián gē)
弦乐	(xián yuè)
弦乐队	(xián yuè duì)
弦乐器	(xián yuè qì)
弦理论	(xián lǐ lùn)
弦论	(xián lùn)
弦鸣乐器	(xián míng yuè qì)
弦切角	(xián qiē jiǎo)
弦数	(xián shù)
弦外之音	(xián wài zhī yīn)
弦月	(xián yuè)
弦月窗	(xián yuè chuāng)
挦	(xián)
咸	(xián)
咸安区	(xián ān qū)
咸丰	(xián fēng)
咸丰草	(xián fēng cǎo)
咸丰县	(xián fēng xiàn)
咸镜	(xián jìng)
咸镜北道	(xián jìng běi dào)
咸镜道	(xián jìng dào)
咸镜南道	(xián jìng nán dào)
咸宁市	(xián níng shì)
咸兴	(xián xīng)
咸兴市	(xián xīng shì)
咸阳桥	(xián yáng qiáo)
咸阳市	(xián yáng shì)
咸与维新	(xián yù wéi xīn)
涎	(xián)
娴	(xián)
娴静	(xián jìng)
娴淑	(xián shū)
娴熟	(xián shú)
娴雅	(xián yǎ)
衔	(xián)
嗛	(qiàn)
嫌	(xián)
嫌猜	(xián cāi)
嫌恶	(xián wù)
嫌犯	(xián fàn)
嫌恨	(xián hèn)
嫌忌	(xián jì)
嫌贫爱富	(xián pín ài fù)
嫌弃	(xián qì)
嫌隙	(xián xì)
嫌厌	(xián yàn)
嫌疑	(xián yí)
嫌疑犯	(xián yí fàn)
嫌疑人	(xián yí rén)
嫌怨	(xián yuàn)
憪	(xián)
㵪	(xián)
䕭	(xián)
冼	(xiǎn)
冼星海	(xiǎn xīng hǎi)
崄	(xiǎn)
㬎	(xiǎn)
幰	(xiǎn)
岘	(xiàn)
岘港	(xiàn gǎng)
岘首山	(xiàn shǒu shān)
宪	(xiàn)
宪兵	(xiàn bīng)
宪兵队	(xiàn bīng duì)
宪法	(xiàn fǎ)
宪法法院	(xiàn fǎ fǎ yuàn)
宪章	(xiàn zhāng)
宪章派	(xiàn zhāng pài)
宪政	(xiàn zhèng)
宪政主义	(xiàn zhèng zhǔ yì)
宪制	(xiàn zhì)
僴	(xiàn)
僩	(xiàn)
撊	(xiàn)
㿝	(xiāng)
厢	(xiāng)
厢房	(xiāng fáng)
厢式车	(xiāng shì chē)
厢型车	(xiāng xíng chē)
勷	(ráng)
忀	(xiāng)
欀	(xiāng)
庠	(xiáng)
享	(xiǎng)
享福	(xiǎng fú)
享国	(xiǎng guó)
享乐	(xiǎng lè)
享乐主义	(xiǎng lè zhǔ yì)
享乐主义者	(xiǎng lè zhǔ yì zhě)
享名	(xiǎng míng)
享年	(xiǎng nián)
享清福	(xiǎng qīng fú)
享受	(xiǎng shòu)
享用	(xiǎng yòng)
享有	(xiǎng yǒu)
享誉	(xiǎng yù)
晑	(xiǎng)
想	(xiǎng)
想必	(xiǎng bì)
想不到	(xiǎng bu dào)
想不开	(xiǎng bu kāi)
想不通	(xiǎng bu tōng)
想出	(xiǎng chū)
想当然	(xiǎng dāng rán)
想当然尔	(xiǎng dāng rán ěr)
想当然耳	(xiǎng dāng rán ěr)
想到	(xiǎng dào)
想得开	(xiǎng de kāi)
想得美	(xiǎng de měi)
想法	(xiǎng fǎ)
想方设法	(xiǎng fāng shè fǎ)
想家	(xiǎng jiā)
想见	(xiǎng jiàn)
想开	(xiǎng kāi)
想来	(xiǎng lái)
想念	(xiǎng niàn)
想起	(xiǎng qǐ)
想起来	(xiǎng qi lai)
想入非非	(xiǎng rù fēi fēi)
想睡	(xiǎng shuì)
想通	(xiǎng tōng)
想头	(xiǎng tou)
想望	(xiǎng wàng)
想想看	(xiǎng xiǎng kàn)
想象	(xiǎng xiàng)
想象力	(xiǎng xiàng lì)
想像	(xiǎng xiàng)
想像力	(xiǎng xiàng lì)
想要	(xiǎng yào)
想也没想	(xiǎng yě méi xiǎng)
向	(xiàng)
向背	(xiàng bèi)
向壁虚构	(xiàng bì xū gòu)
向壁虚造	(xiàng bì xū zào)
向导	(xiàng dǎo)
向好	(xiàng hǎo)
向后	(xiàng hòu)
向火	(xiàng huǒ)
向家坝	(xiàng jiā bà)
向来	(xiàng lái)
向例	(xiàng lì)
向量	(xiàng liàng)
向量积	(xiàng liàng jī)
向量空间	(xiàng liàng kōng jiān)
向量图形	(xiàng liàng tú xíng)
向慕	(xiàng mù)
向暮	(xiàng mù)
向盘	(xiàng pán)
向前	(xiàng qián)
向日葵	(xiàng rì kuí)
向上	(xiàng shàng)
向外	(xiàng wài)
向往	(xiàng wǎng)
向下	(xiàng xià)
向斜	(xiàng xié)
向心力	(xiàng xīn lì)
向性	(xiàng xìng)
向阳	(xiàng yáng)
向阳花	(xiàng yáng huā)
向阳区	(xiàng yáng qū)
向右拐	(xiàng yòu guǎi)
向隅	(xiàng yú)
向隅而泣	(xiàng yú ér qì)
向着	(xiàng zhe)
向左拐	(xiàng zuǒ guǎi)
巷	(xiàng)
巷弄	(xiàng lòng)
巷战	(xiàng zhàn)
巷子	(xiàng zi)
像	(xiàng)
像差	(xiàng chā)
像话	(xiàng huà)
像貌	(xiàng mào)
像模像样	(xiàng mú xiàng yàng)
像那么回事儿	(xiàng nà me huí shì r)
像片	(xiàng piàn)
像素	(xiàng sù)
像样	(xiàng yàng)
像元	(xiàng yuán)
像章	(xiàng zhāng)
橡	(xiàng)
橡胶	(xiàng jiāo)
橡胶树	(xiàng jiāo shù)
橡木	(xiàng mù)
橡皮	(xiàng pí)
橡皮擦	(xiàng pí cā)
橡皮膏	(xiàng pí gāo)
橡皮筋	(xiàng pí jīn)
橡皮泥	(xiàng pí ní)
橡皮球	(xiàng pí qiú)
橡皮艇	(xiàng pí tǐng)
橡皮图章	(xiàng pí tú zhāng)
橡皮线	(xiàng pí xiàn)
橡实	(xiàng shí)
橡树	(xiàng shù)
橡子	(xiàng zǐ)
橡子面	(xiàng zi miàn)
橡子面儿	(xiàng zi miàn r)
枭	(xiāo)
枭首	(xiāo shǒu)
枭首示众	(xiāo shǒu shì zhòng)
枭雄	(xiāo xióng)
枵	(xiāo)
哓	(xiāo)
宵	(xiāo)
宵禁	(xiāo jìn)
宵小	(xiāo xiǎo)
宵夜	(xiāo yè)
宵衣旰食	(xiāo yī gàn shí)
宵征	(xiāo zhēng)
嘐	(xiāo)
歊	(xiāo)
嚣	(xiāo)
嚣张	(xiāo zhāng)
嚣张跋扈	(xiāo zhāng bá hù)
嚣张气焰	(xiāo zhāng qì yàn)
櫹	(xiāo)
崤	(xiáo)
淆	(xiáo)
小	(xiǎo)
小case	(xiǎo c a s e)
小巴	(xiǎo bā)
小白	(xiǎo bái)
小白菜	(xiǎo bái cài)
小白额雁	(xiǎo bái é yàn)
小白脸	(xiǎo bái liǎn)
小白脸儿	(xiǎo bái liǎn r)
小白鼠	(xiǎo bái shǔ)
小白兔	(xiǎo bái tù)
小白腰雨燕	(xiǎo bái yāo yǔ yàn)
小百科全书	(xiǎo bǎi kē quán shū)
小斑点	(xiǎo bān diǎn)
小斑姬鹟	(xiǎo bān jī wēng)
小斑啄木鸟	(xiǎo bān zhuó mù niǎo)
小半	(xiǎo bàn)
小包	(xiǎo bāo)
小鸨	(xiǎo bǎo)
小报	(xiǎo bào)
小贝	(xiǎo bèi)
小辈	(xiǎo bèi)
小辈子	(xiǎo bèi zi)
小本	(xiǎo běn)
小笔电	(xiǎo bǐ diàn)
小编	(xiǎo biān)
小扁豆	(xiǎo biǎn dòu)
小便	(xiǎo biàn)
小便池	(xiǎo biàn chí)
小便斗	(xiǎo biàn dǒu)
小便器	(xiǎo biàn qì)
小便宜	(xiǎo pián yi)
小辫	(xiǎo biàn)
小辫儿	(xiǎo biàn r)
小辫子	(xiǎo biàn zi)
小杓鹬	(xiǎo sháo yù)
小标题	(xiǎo biāo tí)
小婊砸	(xiǎo biǎo zá)
小别胜新婚	(xiǎo bié shèng xīn hūn)
小滨鹬	(xiǎo bīn yù)
小病	(xiǎo bìng)
小波	(xiǎo bō)
小不点	(xiǎo bu diǎn)
小不忍则乱大谋	(xiǎo bù rěn zé luàn dà móu)
小步舞曲	(xiǎo bù wǔ qǔ)
小菜	(xiǎo cài)
小菜儿	(xiǎo cài r)
小菜一碟	(xiǎo cài yī dié)
小册子	(xiǎo cè zi)
小插曲	(xiǎo chā qǔ)
小𥻗子	(xiǎo chá zi)
小产	(xiǎo chǎn)
小铲子	(xiǎo chǎn zi)
小肠	(xiǎo cháng)
小抄	(xiǎo chāo)
小抄儿	(xiǎo chāo r)
小潮	(xiǎo cháo)
小车	(xiǎo chē)
小城	(xiǎo chéng)
小乘	(xiǎo shèng)
小惩大诫	(xiǎo chéng dà jiè)
小吃	(xiǎo chī)
小吃店	(xiǎo chī diàn)
小赤壁	(xiǎo chì bì)
小冲突	(xiǎo chōng tū)
小丑	(xiǎo chǒu)
小丑鱼	(xiǎo chǒu yú)
小除夕	(xiǎo chú xī)
小川	(xiǎo chuān)
小传	(xiǎo zhuàn)
小船	(xiǎo chuán)
小槌	(xiǎo chuí)
小春	(xiǎo chūn)
小葱	(xiǎo cōng)
小聪明	(xiǎo cōng ming)
小打小闹	(xiǎo dǎ xiǎo nào)
小袋	(xiǎo dài)
小袋鼠	(xiǎo dài shǔ)
小弹	(xiǎo dàn)
小刀	(xiǎo dāo)
小岛	(xiǎo dǎo)
小道	(xiǎo dào)
小道具	(xiǎo dào jù)
小道消息	(xiǎo dào xiāo xi)
小道新闻	(xiǎo dào xīn wén)
小的	(xiǎo de)
小登	(xiǎo dēng)
小滴	(xiǎo dī)
小弟	(xiǎo dì)
小弟弟	(xiǎo dì di)
小电驴	(xiǎo diàn lǘ)
小电影	(xiǎo diàn yǐng)
小店	(xiǎo diàn)
小店区	(xiǎo diàn qū)
小调	(xiǎo diào)
小动作	(xiǎo dòng zuò)
小洞不补大洞吃苦	(xiǎo dòng bù bǔ dà dòng chī kǔ)
小豆蔻	(xiǎo dòu kòu)
小杜鹃	(xiǎo dù juān)
小肚鸡肠	(xiǎo dù jī cháng)
小蠹	(xiǎo dù)
小段子	(xiǎo duàn zi)
小鹅	(xiǎo é)
小额融资	(xiǎo é róng zī)
小颚	(xiǎo è)
小儿	(xiǎo ér)
小儿经	(xiǎo ér jīng)
小儿科	(xiǎo ér kē)
小儿麻痹	(xiǎo ér má bì)
小儿麻痹病毒	(xiǎo ér má bì bìng dú)
小儿麻痹症	(xiǎo ér má bì zhèng)
小儿软骨病	(xiǎo ér ruǎn gǔ bìng)
小二	(xiǎo èr)
小发财	(xiǎo fā cái)
小番茄	(xiǎo fān qié)
小饭馆	(xiǎo fàn guǎn)
小饭桌	(xiǎo fàn zhuō)
小范围	(xiǎo fàn wéi)
小贩	(xiǎo fàn)
小费	(xiǎo fèi)
小粉	(xiǎo fěn)
小粉红	(xiǎo fěn hóng)
小凤头燕鸥	(xiǎo fèng tóu yàn ōu)
小幅	(xiǎo fú)
小腹	(xiǎo fù)
小改改	(xiǎo gǎi gǎi)
小钢炮	(xiǎo gāng pào)
小钢珠	(xiǎo gāng zhū)
小港	(xiǎo gǎng)
小港区	(xiǎo gǎng qū)
小哥	(xiǎo gē)
小哥哥	(xiǎo gē ge)
小公共	(xiǎo gōng gòng)
小公主	(xiǎo gōng zhǔ)
小攻	(xiǎo gōng)
小恭	(xiǎo gōng)
小狗	(xiǎo gǒu)
小姑	(xiǎo gū)
小姑子	(xiǎo gū zi)
小鼓	(xiǎo gǔ)
小褂	(xiǎo guà)
小拐	(xiǎo guǎi)
小官	(xiǎo guān)
小管	(xiǎo guǎn)
小广播	(xiǎo guǎng bō)
小鬼	(xiǎo guǐ)
小过	(xiǎo guò)
小孩	(xiǎo hái)
小孩堤防	(xiǎo hái dī fáng)
小孩儿	(xiǎo hái r)
小孩哥	(xiǎo hái gē)
小孩姐	(xiǎo hái jiě)
小孩子	(xiǎo hái zi)
小号	(xiǎo hào)
小昊	(xiǎo hào)
小河	(xiǎo hé)
小黑领噪鹛	(xiǎo hēi lǐng zào méi)
小红萝卜	(xiǎo hóng luó bo)
小红帽	(xiǎo hóng mào)
小红莓	(xiǎo hóng méi)
小红书	(xiǎo hóng shū)
小花	(xiǎo huā)
小花远志	(xiǎo huā yuǎn zhì)
小鬟	(xiǎo huán)
小皇帝	(xiǎo huáng dì)
小黄	(xiǎo huáng)
小黄车	(xiǎo huáng chē)
小黄瓜	(xiǎo huáng guā)
小黄脚鹬	(xiǎo huáng jiǎo yù)
小蝗莺	(xiǎo huáng yīng)
小谎	(xiǎo huǎng)
小灰山椒鸟	(xiǎo huī shān jiāo niǎo)
小茴香	(xiǎo huí xiāng)
小混混	(xiǎo hùn hùn)
小伙	(xiǎo huǒ)
小伙儿	(xiǎo huǒ r)
小伙子	(xiǎo huǒ zi)
小货车	(xiǎo huò chē)
小鸡	(xiǎo jī)
小鸡鸡	(xiǎo jī jī)
小集团	(xiǎo jí tuán)
小己	(xiǎo jǐ)
小计	(xiǎo jì)
小技	(xiǎo jì)
小家碧玉	(xiǎo jiā bì yù)
小家鼠	(xiǎo jiā shǔ)
小家子气	(xiǎo jiā zi qì)
小建	(xiǎo jiàn)
小将	(xiǎo jiàng)
小脚	(xiǎo jiǎo)
小轿车	(xiǎo jiào chē)
小节	(xiǎo jié)
小节线	(xiǎo jié xiàn)
小结	(xiǎo jié)
小姐	(xiǎo jie)
小姐姐	(xiǎo jiě jie)
小解	(xiǎo jiě)
小金库	(xiǎo jīn kù)
小金县	(xiǎo jīn xiàn)
小精灵	(xiǎo jīng líng)
小径	(xiǎo jìng)
小九九	(xiǎo jiǔ jiǔ)
小酒馆	(xiǎo jiǔ guǎn)
小舅子	(xiǎo jiù zi)
小鹃鸠	(xiǎo juān jiū)
小卷	(xiǎo juǎn)
小军舰鸟	(xiǎo jūn jiàn niǎo)
小开	(xiǎo kāi)
小看	(xiǎo kàn)
小康	(xiǎo kāng)
小康社会	(xiǎo kāng shè huì)
小考	(xiǎo kǎo)
小可	(xiǎo kě)
小可爱	(xiǎo kě ài)
小葵花凤头鹦鹉	(xiǎo kuí huā fèng tóu yīng wǔ)
小括号	(xiǎo kuò hào)
小老婆	(xiǎo lǎo pó)
小老鼠	(xiǎo lǎo shǔ)
小里小气	(xiǎo li xiǎo qì)
小两口	(xiǎo liǎng kǒu)
小两口儿	(xiǎo liǎng kǒu r)
小量	(xiǎo liàng)
小林	(xiǎo lín)
小鳞胸鹪鹛	(xiǎo lín xiōng jiāo méi)
小羚羊	(xiǎo líng yáng)
小龙	(xiǎo lóng)
小龙虾	(xiǎo lóng xiā)
小笼包	(xiǎo lóng bāo)
小笼汤包	(xiǎo lóng tāng bāo)
小楼	(xiǎo lóu)
小鹿乱撞	(xiǎo lù luàn zhuàng)
小路	(xiǎo lù)
小轮车	(xiǎo lún chē)
小萝卜头	(xiǎo luó bo tou)
小绿人	(xiǎo lǜ rén)
小妈	(xiǎo mā)
小马	(xiǎo mǎ)
小马座	(xiǎo mǎ zuò)
小麦	(xiǎo mài)
小麦胚芽	(xiǎo mài pēi yá)
小卖部	(xiǎo mài bù)
小猫	(xiǎo māo)
小毛头	(xiǎo máo tou)
小美洲鸵	(xiǎo měi zhōu tuó)
小妹	(xiǎo mèi)
小妹妹	(xiǎo mèi mei)
小米	(xiǎo mǐ)
小米椒	(xiǎo mǐ jiāo)
小米辣	(xiǎo mǐ là)
小秘	(xiǎo mì)
小蜜	(xiǎo mì)
小蜜蜂	(xiǎo mì fēng)
小面包	(xiǎo miàn bāo)
小民	(xiǎo mín)
小名	(xiǎo míng)
小拇指	(xiǎo mǔ zhǐ)
小奶狗	(xiǎo nǎi gǒu)
小脑	(xiǎo nǎo)
小年轻	(xiǎo nián qīng)
小年夜	(xiǎo nián yè)
小鸟	(xiǎo niǎo)
小鸟球	(xiǎo niǎo qiú)
小鸟胃	(xiǎo niǎo wèi)
小鸟依人	(xiǎo niǎo yī rén)
小牛	(xiǎo niú)
小牛肉	(xiǎo niú ròu)
小女	(xiǎo nǚ)
小女人	(xiǎo nǚ rén)
小鸥	(xiǎo ōu)
小盘尾	(xiǎo pán wěi)
小胖爪	(xiǎo pàng zhuǎ)
小跑	(xiǎo pǎo)
小泡	(xiǎo pào)
小朋友	(xiǎo péng yǒu)
小屁孩	(xiǎo pì hái)
小䴙䴘	(xiǎo pì tī)
小票	(xiǎo piào)
小品	(xiǎo pǐn)
小企业	(xiǎo qǐ yè)
小气	(xiǎo qì)
小气鬼	(xiǎo qì guǐ)
小气候	(xiǎo qì hòu)
小汽车	(xiǎo qì chē)
小憩	(xiǎo qì)
小钱	(xiǎo qián)
小强	(xiǎo qiáng)
小桥	(xiǎo qiáo)
小桥流水	(xiǎo qiáo liú shuǐ)
小瞧	(xiǎo qiáo)
小巧	(xiǎo qiǎo)
小巧玲珑	(xiǎo qiǎo líng lóng)
小青脚鹬	(xiǎo qīng jiǎo yù)
小青年	(xiǎo qīng nián)
小清新	(xiǎo qīng xīn)
小丘	(xiǎo qiū)
小球	(xiǎo qiú)
小区	(xiǎo qū)
小区广播	(xiǎo qū guǎng bō)
小曲	(xiǎo qǔ)
小觑	(xiǎo qù)
小泉	(xiǎo quán)
小犬	(xiǎo quǎn)
小犬座	(xiǎo quǎn zuò)
小确幸	(xiǎo què xìng)
小人	(xiǎo rén)
小人得志	(xiǎo rén dé zhì)
小人精	(xiǎo rén jīng)
小人书	(xiǎo rén shū)
小人物	(xiǎo rén wù)
小日本	(xiǎo rì běn)
小日本儿	(xiǎo rì běn r)
小日子	(xiǎo rì zi)
小绒鸭	(xiǎo róng yā)
小三	(xiǎo sān)
小三度	(xiǎo sān dù)
小三和弦	(xiǎo sān hé xián)
小三劝退师	(xiǎo sān quàn tuì shī)
小嗓	(xiǎo sǎng)
小商贩	(xiǎo shāng fàn)
小舌	(xiǎo shé)
小升初	(xiǎo shēng chū)
小生产	(xiǎo shēng chǎn)
小声	(xiǎo shēng)
小胜	(xiǎo shèng)
小狮座	(xiǎo shī zuò)
小时	(xiǎo shí)
小时工	(xiǎo shí gōng)
小时候	(xiǎo shí hou)
小时候儿	(xiǎo shí hou r)
小时了了，大未必佳	(xiǎo shí liǎo liǎo , dà wèi bì jiā)
小食	(xiǎo shí)
小食中心	(xiǎo shí zhōng xīn)
小事	(xiǎo shì)
小事一桩	(xiǎo shì yī zhuāng)
小试牛刀	(xiǎo shì niú dāo)
小视	(xiǎo shì)
小手小脚	(xiǎo shǒu xiǎo jiǎo)
小寿星	(xiǎo shòu xīng)
小受	(xiǎo shòu)
小书签	(xiǎo shū qiān)
小叔	(xiǎo shū)
小鼠	(xiǎo shǔ)
小树	(xiǎo shù)
小树林	(xiǎo shù lín)
小数	(xiǎo shù)
小数点	(xiǎo shù diǎn)
小睡	(xiǎo shuì)
小说	(xiǎo shuō)
小说家	(xiǎo shuō jiā)
小厮	(xiǎo sī)
小松菜	(xiǎo sōng cài)
小松糕	(xiǎo sōng gāo)
小苏打	(xiǎo sū dá)
小算盘	(xiǎo suàn pán)
小太平鸟	(xiǎo tài píng niǎo)
小太太	(xiǎo tài tai)
小太阳	(xiǎo tài yáng)
小摊	(xiǎo tān)
小摊儿	(xiǎo tān r)
小汤山	(xiǎo tāng shān)
小淘气	(xiǎo táo qì)
小提琴	(xiǎo tí qín)
小提琴手	(xiǎo tí qín shǒu)
小题大作	(xiǎo tí dà zuò)
小题大做	(xiǎo tí dà zuò)
小天鹅	(xiǎo tiān é)
小田鸡	(xiǎo tián jī)
小畑健	(xiǎo tián jiàn)
小同乡	(xiǎo tóng xiāng)
小偷	(xiǎo tōu)
小偷儿	(xiǎo tōu r)
小偷小摸	(xiǎo tōu xiǎo mō)
小头	(xiǎo tóu)
小团体主义	(xiǎo tuán tǐ zhǔ yì)
小腿	(xiǎo tuǐ)
小腿肚	(xiǎo tuǐ dù)
小吞噬细胞	(xiǎo tūn shì xì bāo)
小娃	(xiǎo wá)
小娃娃	(xiǎo wá wa)
小玩意	(xiǎo wán yì)
小苇鳽	(xiǎo wěi jiān)
小我	(xiǎo wǒ)
小巫见大巫	(xiǎo wū jiàn dà wū)
小屋	(xiǎo wū)
小鹀	(xiǎo wú)
小溪	(xiǎo xī)
小媳妇	(xiǎo xí fu)
小虾	(xiǎo xiā)
小虾米	(xiǎo xiā mi)
小仙女	(xiǎo xiān nǚ)
小仙鹟	(xiǎo xiān wēng)
小鲜肉	(xiǎo xiān ròu)
小项	(xiǎo xiàng)
小巷	(xiǎo xiàng)
小小	(xiǎo xiǎo)
小小说	(xiǎo xiǎo shuō)
小写	(xiǎo xiě)
小写字母	(xiǎo xiě zì mǔ)
小心	(xiǎo xīn)
小心地滑	(xiǎo xīn dì huá)
小心谨慎	(xiǎo xīn jǐn shèn)
小心眼	(xiǎo xīn yǎn)
小心眼儿	(xiǎo xīn yǎn r)
小心翼翼	(xiǎo xīn yì yì)
小星头啄木鸟	(xiǎo xīng tóu zhuó mù niǎo)
小行星	(xiǎo xíng xīng)
小行星带	(xiǎo xíng xīng dài)
小型	(xiǎo xíng)
小型巴士	(xiǎo xíng bā shì)
小型车	(xiǎo xíng chē)
小型柜橱	(xiǎo xíng guì chú)
小型核武器	(xiǎo xíng hé wǔ qì)
小型货车	(xiǎo xíng huò chē)
小型企业	(xiǎo xíng qǐ yè)
小型汽车	(xiǎo xíng qì chē)
小熊猫	(xiǎo xióng māo)
小熊维尼	(xiǎo xióng wéi ní)
小熊座	(xiǎo xióng zuò)
小婿	(xiǎo xù)
小学	(xiǎo xué)
小学而大遗	(xiǎo xué ér dà yí)
小学生	(xiǎo xué shēng)
小薰	(xiǎo xūn)
小鸦鹃	(xiǎo yā juān)
小雅	(xiǎo yǎ)
小亚细亚	(xiǎo yà xì yà)
小岩洞	(xiǎo yán dòng)
小眼角	(xiǎo yǎn jiǎo)
小雁塔	(xiǎo yàn tǎ)
小燕尾	(xiǎo yàn wěi)
小羊	(xiǎo yáng)
小羊驼	(xiǎo yáng tuó)
小样	(xiǎo yàng)
小妖	(xiǎo yāo)
小妖精	(xiǎo yāo jīng)
小野	(xiǎo yě)
小野不由美	(xiǎo yě bù yóu měi)
小夜	(xiǎo yè)
小夜班	(xiǎo yè bān)
小夜曲	(xiǎo yè qǔ)
小姨	(xiǎo yí)
小姨子	(xiǎo yí zi)
小意思	(xiǎo yì si)
小隐隐于林，大隐隐于市	(xiǎo yǐn yǐn yú lín , dà yǐn yǐn yú shì)
小隐隐于野，大隐隐于市	(xiǎo yǐn yǐn yú yě , dà yǐn yǐn yú shì)
小鹰号	(xiǎo yīng hào)
小油菜	(xiǎo yóu cài)
小游	(xiǎo yóu)
小于	(xiǎo yú)
小雨	(xiǎo yǔ)
小雨伞	(xiǎo yǔ sǎn)
小渊	(xiǎo yuān)
小云雀	(xiǎo yún què)
小韵	(xiǎo yùn)
小脏鬼	(xiǎo zāng guǐ)
小灶	(xiǎo zào)
小寨	(xiǎo zhài)
小昭寺	(xiǎo zhāo sì)
小折刀	(xiǎo zhé dāo)
小镇	(xiǎo zhèn)
小支气管	(xiǎo zhī qì guǎn)
小指	(xiǎo zhǐ)
小众	(xiǎo zhòng)
小转	(xiǎo zhuǎn)
小篆	(xiǎo zhuàn)
小酌	(xiǎo zhuó)
小资	(xiǎo zī)
小资产阶级	(xiǎo zī chǎn jiē jí)
小子	(xiǎo zǐ)
小卒	(xiǎo zú)
小组	(xiǎo zǔ)
小组赛	(xiǎo zǔ sài)
小组委员会	(xiǎo zǔ wěi yuán huì)
小祖宗	(xiǎo zǔ zōng)
小嘴鸻	(xiǎo zuǐ héng)
小嘴乌鸦	(xiǎo zuǐ wū yā)
小作怡情，大作伤身	(xiǎo zuō yí qíng , dà zuō shāng shēn)
晓	(xiǎo)
晓得	(xiǎo de)
晓示	(xiǎo shì)
晓以大义	(xiǎo yǐ dà yì)
晓谕	(xiǎo yù)
晓喻	(xiǎo yù)
孝	(xiào)
孝昌县	(xiào chāng xiàn)
孝道	(xiào dao)
孝服	(xiào fú)
孝感市	(xiào gǎn shì)
孝经	(xiào jīng)
孝敬	(xiào jìng)
孝廉	(xiào lián)
孝南区	(xiào nán qū)
孝圣宪	(xiào shèng xiàn)
孝顺	(xiào shùn)
孝思不匮	(xiào sī bù kuì)
孝肃	(xiào sù)
孝悌	(xiào tì)
孝悌忠信	(xiào tì zhōng xìn)
孝心	(xiào xīn)
孝衣	(xiào yī)
孝义市	(xiào yì shì)
孝子	(xiào zǐ)
校	(xiào)
校霸	(xiào bà)
校草	(xiào cǎo)
校场	(jiào chǎng)
校车	(xiào chē)
校地	(xiào dì)
校订	(jiào dìng)
校对	(jiào duì)
校方	(xiào fāng)
校风	(xiào fēng)
校服	(xiào fú)
校歌	(xiào gē)
校官	(xiào guān)
校规	(xiào guī)
校花	(xiào huā)
校徽	(xiào huī)
校际	(xiào jì)
校监	(xiào jiān)
校刊	(xiào kān)
校勘	(jiào kān)
校历	(xiào lì)
校门	(xiào mén)
校名	(xiào míng)
校闹	(xiào nào)
校内	(xiào nèi)
校庆	(xiào qìng)
校区	(xiào qū)
校舍	(xiào shè)
校释	(jiào shì)
校外	(xiào wài)
校尉	(xiào wèi)
校训	(xiào xùn)
校验	(jiào yàn)
校验码	(jiào yàn mǎ)
校样	(jiào yàng)
校友	(xiào yǒu)
校园	(xiào yuán)
校阅	(jiào yuè)
校运会	(xiào yùn huì)
校长	(xiào zhǎng)
校招	(xiào zhāo)
校正	(jiào zhèng)
校准	(jiào zhǔn)
哮	(xiào)
哮喘	(xiào chuǎn)
哮喘病	(xiào chuǎn bìng)
哮鸣	(xiào míng)
笑	(xiào)
效	(xiào)
效法	(xiào fǎ)
效果	(xiào guǒ)
效果图	(xiào guǒ tú)
效价	(xiào jià)
效价能	(xiào jià néng)
效劳	(xiào láo)
效力	(xiào lì)
效率	(xiào lǜ)
效能	(xiào néng)
效犬马之劳	(xiào quǎn mǎ zhī láo)
效验	(xiào yàn)
效益	(xiào yì)
效应	(xiào yìng)
效用	(xiào yòng)
效尤	(xiào yóu)
效忠	(xiào zhōng)
啸	(xiào)
啸叫	(xiào jiào)
歗	(xiào)
些微	(xiē wēi)
些许	(xiē xǔ)
揳	(xiē)
楔	(xiē)
楔尾伯劳	(xiē wěi bó láo)
楔尾绿鸠	(xiē wěi lǜ jiū)
楔尾鸥	(xiē wěi ōu)
楔形	(xiē xíng)
楔形文字	(xiē xíng wén zì)
楔形物	(xiē xíng wù)
楔子	(xiē zi)
楔嘴鹩鹛	(xiē zuǐ liáo méi)
歇	(xiē)
歇菜	(xiē cài)
歇顶	(xiē dǐng)
歇后语	(xiē hòu yǔ)
歇艎	(xiē huáng)
歇脚	(xiē jiǎo)
歇了吧	(xiē le ba)
歇洛克·福尔摩斯	(xiē luò kè · fú ěr mó sī)
歇气	(xiē qì)
歇山顶	(xiē shān dǐng)
歇手	(xiē shǒu)
歇斯底里	(xiē sī dǐ lǐ)
歇宿	(xiē sù)
歇息	(xiē xi)
歇心	(xiē xīn)
歇业	(xiē yè)
协	(xié)
协办	(xié bàn)
协变量	(xié biàn liàng)
协处理器	(xié chǔ lǐ qì)
协调	(xié tiáo)
协调人	(xié tiáo rén)
协调世界时	(xié tiáo shì jiè shí)
协调员	(xié tiáo yuán)
协定	(xié dìng)
协方差	(xié fāng chā)
协管	(xié guǎn)
协管员	(xié guǎn yuán)
协和	(xié hé)
协和飞机	(xié hé fēi jī)
协和式客机	(xié hé shì kè jī)
协会	(xié huì)
协警	(xié jǐng)
协理	(xié lǐ)
协力	(xié lì)
协力车	(xié lì chē)
协商	(xié shāng)
协商会议	(xié shāng huì yì)
协同	(xié tóng)
协同主持人	(xié tóng zhǔ chí rén)
协同作用	(xié tóng zuò yòng)
协议	(xié yì)
协议书	(xié yì shū)
协约	(xié yuē)
协约国	(xié yuē guó)
协韵	(xié yùn)
协助	(xié zhù)
协奏	(xié zòu)
协奏曲	(xié zòu qǔ)
协作	(xié zuò)
旪	(xié)
㐖	(xié)
㐖毒	(xié dú)
挟	(xié)
挟持	(xié chí)
挟带	(xié dài)
挟天子以令天下	(xié tiān zǐ yǐ lìng tiān xià)
挟天子以令诸侯	(xié tiān zǐ yǐ lìng zhū hóu)
挟细拿粗	(xié xì ná cū)
挟怨	(xié yuàn)
挟制	(xié zhì)
㶸	(xié)
偕	(xié)
偕老	(xié lǎo)
偕同	(xié tóng)
斜	(xié)
斜边	(xié biān)
斜度	(xié dù)
斜对	(xié duì)
斜方肌	(xié fāng jī)
斜方型	(xié fāng xíng)
斜杠	(xié gàng)
斜杠青年	(xié gàng qīng nián)
斜管面	(xié guǎn miàn)
斜肌	(xié jī)
斜交	(xié jiāo)
斜角	(xié jiǎo)
斜径	(xié jìng)
斜靠	(xié kào)
斜愣眼	(xié leng yǎn)
斜愣眼儿	(xié leng yǎn r)
斜率	(xié lǜ)
斜面	(xié miàn)
斜睨	(xié nì)
斜坡	(xié pō)
斜切锯	(xié qiē jù)
斜射球	(xié shè qiú)
斜视	(xié shì)
斜塔	(xié tǎ)
斜躺	(xié tǎng)
斜体	(xié tǐ)
斜体字	(xié tǐ zì)
斜投影	(xié tóu yǐng)
斜纹	(xié wén)
斜纹织	(xié wén zhī)
斜线	(xié xiàn)
斜线号	(xié xiàn hào)
斜眼	(xié yǎn)
斜眼看	(xié yǎn kàn)
斜阳	(xié yáng)
斜倚	(xié yǐ)
斜长石	(xié cháng shí)
斜轴	(xié zhóu)
携	(xié)
携程	(xié chéng)
携带	(xié dài)
携带者	(xié dài zhě)
携家带眷	(xié jiā dài juàn)
携眷	(xié juàn)
携款	(xié kuǎn)
携手	(xié shǒu)
携手并肩	(xié shǒu bìng jiān)
携手同行	(xié shǒu tóng xíng)
撷	(xié)
撷取	(xié qǔ)
撷英	(xié yīng)
勰	(xié)
写	(xiě)
写本	(xiě běn)
写道	(xiě dào)
写法	(xiě fǎ)
写生	(xiě shēng)
写实	(xiě shí)
写手	(xiě shǒu)
写死	(xiě sǐ)
写完	(xiě wán)
写下	(xiě xià)
写信	(xiě xìn)
写意	(xiě yì)
写意画	(xiě yì huà)
写照	(xiě zhào)
写真	(xiě zhēn)
写真集	(xiě zhēn jí)
写字	(xiě zì)
写字板	(xiě zì bǎn)
写字楼	(xiě zì lóu)
写字台	(xiě zì tái)
写作	(xiě zuò)
卸	(xiè)
卸除	(xiè chú)
卸货	(xiè huò)
卸肩儿	(xiè jiān r)
卸扣	(xiè kòu)
卸磨杀驴	(xiè mò shā lǘ)
卸任	(xiè rèn)
卸套	(xiè tào)
卸头	(xiè tóu)
卸下	(xiè xià)
卸载	(xiè zài)
卸责	(xiè zé)
卸职	(xiè zhí)
卸妆	(xiè zhuāng)
卸装	(xiè zhuāng)
卨	(xiè)
屑	(xiè)
械	(xiè)
械斗	(xiè dòu)
械系	(xiè xì)
偰	(xiè)
媟	(xiè)
榭	(xiè)
屧	(xiè)
嶰	(xiè)
廨	(xiè)
懈	(xiè)
懈弛	(xiè chí)
懈怠	(xiè dài)
懈惰	(xiè duò)
懈气	(xiè qì)
心	(xīn)
心爱	(xīn ài)
心安	(xīn ān)
心安理得	(xīn ān lǐ dé)
心安神闲	(xīn ān shén xián)
心瓣	(xīn bàn)
心包	(xīn bāo)
心病	(xīn bìng)
心搏	(xīn bó)
心不在焉	(xīn bù zài yān)
心材	(xīn cái)
心肠	(xīn cháng)
心潮澎湃	(xīn cháo péng pài)
心驰神往	(xīn chí shén wǎng)
心慈手软	(xīn cí shǒu ruǎn)
心存不满	(xīn cún bù mǎn)
心存怀疑	(xīn cún huái yí)
心胆	(xīn dǎn)
心胆俱裂	(xīn dǎn jù liè)
心荡神驰	(xīn dàng shén chí)
心道	(xīn dào)
心得	(xīn dé)
心得安	(xīn dé ān)
心地	(xīn dì)
心地善良	(xīn dì shàn liáng)
心底	(xīn dǐ)
心电感应	(xīn diàn gǎn yìng)
心电图	(xīn diàn tú)
心动	(xīn dòng)
心动女	(xīn dòng nǚ)
心动图	(xīn dòng tú)
心毒	(xīn dú)
心毒手辣	(xīn dú shǒu là)
心烦	(xīn fán)
心烦气躁	(xīn fán qì zào)
心烦意乱	(xīn fán yì luàn)
心防	(xīn fáng)
心房	(xīn fáng)
心房颤动	(xīn fáng chàn dòng)
心扉	(xīn fēi)
心肺	(xīn fèi)
心肺复苏术	(xīn fèi fù sū shù)
心服	(xīn fú)
心服口服	(xīn fú kǒu fú)
心腹	(xīn fù)
心腹之患	(xīn fù zhī huàn)
心甘	(xīn gān)
心甘情愿	(xīn gān qíng yuàn)
心肝	(xīn gān)
心肝宝贝	(xīn gān bǎo bèi)
心高气傲	(xīn gāo qì ào)
心根	(xīn gēn)
心梗	(xīn gěng)
心广体胖	(xīn guǎng tǐ pán)
心寒	(xīn hán)
心狠手辣	(xīn hěn shǒu là)
心花怒放	(xīn huā nù fàng)
心怀	(xīn huái)
心怀忐忑	(xīn huái tǎn tè)
心慌	(xīn huāng)
心慌意乱	(xīn huāng yì luàn)
心灰意懒	(xīn huī yì lǎn)
心灰意冷	(xīn huī yì lěng)
心机	(xīn jī)
心肌	(xīn jī)
心肌梗塞	(xīn jī gěng sè)
心肌梗死	(xīn jī gěng sǐ)
心肌炎	(xīn jī yán)
心急	(xīn jí)
心急吃不了热豆腐	(xīn jí chī bu liǎo rè dòu fu)
心急火燎	(xīn jí huǒ liǎo)
心计	(xīn jì)
心迹	(xīn jì)
心悸	(xīn jì)
心尖	(xīn jiān)
心焦	(xīn jiāo)
心绞痛	(xīn jiǎo tòng)
心结	(xīn jié)
心劲	(xīn jìn)
心经	(xīn jīng)
心惊	(xīn jīng)
心惊胆战	(xīn jīng dǎn zhàn)
心惊肉跳	(xīn jīng ròu tiào)
心静	(xīn jìng)
心静自然凉	(xīn jìng zì rán liáng)
心境	(xīn jìng)
心坎	(xīn kǎn)
心口	(xīn kǒu)
心口不一	(xīn kǒu bù yī)
心口如一	(xīn kǒu rú yī)
心宽体胖	(xīn kuān tǐ pán)
心旷神怡	(xīn kuàng shén yí)
心累	(xīn lèi)
心里	(xīn li)
心里话	(xīn li huà)
心里美萝卜	(xīn li měi luó bo)
心里痒痒	(xīn lǐ yǎng yang)
心里有鬼	(xīn li yǒu guǐ)
心里有谱	(xīn lǐ yǒu pǔ)
心里有数	(xīn lǐ yǒu shù)
心理	(xīn lǐ)
心理词典	(xīn lǐ cí diǎn)
心理防线	(xīn lǐ fáng xiàn)
心理分析	(xīn lǐ fēn xī)
心理建设	(xīn lǐ jiàn shè)
心理统计学	(xīn lǐ tǒng jì xué)
心理学	(xīn lǐ xué)
心理学家	(xīn lǐ xué jiā)
心理战	(xīn lǐ zhàn)
心理作用	(xīn lǐ zuò yòng)
心力	(xīn lì)
心力交瘁	(xīn lì jiāo cuì)
心力衰竭	(xīn lì shuāi jié)
心灵	(xīn líng)
心灵感应	(xīn líng gǎn yìng)
心灵鸡汤	(xīn líng jī tāng)
心灵上	(xīn líng shàng)
心灵手巧	(xīn líng shǒu qiǎo)
心领	(xīn lǐng)
心领神会	(xīn lǐng shén huì)
心领神悟	(xīn lǐng shén wù)
心流	(xīn liú)
心路	(xīn lù)
心乱如麻	(xīn luàn rú má)
心轮	(xīn lún)
心律	(xīn lǜ)
心律不齐	(xīn lǜ bù qí)
心律不整	(xīn lǜ bù zhěng)
心律失常	(xīn lǜ shī cháng)
心率	(xīn lǜ)
心满意足	(xīn mǎn yì zú)
心锚	(xīn máo)
心魔	(xīn mó)
心目	(xīn mù)
心目中	(xīn mù zhōng)
心怦怦跳	(xīn pēng pēng tiào)
心砰砰跳	(xīn pēng pēng tiào)
心平气和	(xīn píng qì hé)
心气	(xīn qì)
心窍	(xīn qiào)
心切	(xīn qiè)
心情	(xīn qíng)
心如刀割	(xīn rú dāo gē)
心如刀绞	(xīn rú dāo jiǎo)
心如止水	(xīn rú zhǐ shuǐ)
心软	(xīn ruǎn)
心塞	(xīn sāi)
心伤	(xīn shāng)
心上人	(xīn shàng rén)
心神	(xīn shén)
心神不安	(xīn shén bù ān)
心神不宁	(xīn shén bù níng)
心神恍惚	(xīn shén huǎng hū)
心神专注	(xīn shén zhuān zhù)
心声	(xīn shēng)
心事	(xīn shì)
心事重重	(xīn shì chóng chóng)
心室	(xīn shì)
心室颤动	(xīn shì chàn dòng)
心术	(xīn shù)
心说	(xīn shuō)
心思	(xīn si)
心宿二	(xīn xiù èr)
心酸	(xīn suān)
心算	(xīn suàn)
心碎	(xīn suì)
心态	(xīn tài)
心疼	(xīn téng)
心田	(xīn tián)
心跳	(xīn tiào)
心跳过缓	(xīn tiào guò huǎn)
心痛	(xīn tòng)
心头	(xīn tóu)
心头好	(xīn tóu hǎo)
心头肉	(xīn tóu ròu)
心土	(xīn tǔ)
心窝儿	(xīn wō r)
心无二用	(xīn wú èr yòng)
心无旁骛	(xīn wú páng wù)
心细	(xīn xì)
心细如尘	(xīn xì rú chén)
心细如发	(xīn xì rú fà)
心下	(xīn xià)
心弦	(xīn xián)
心羡	(xīn xiàn)
心想	(xīn xiǎng)
心想事成	(xīn xiǎng shì chéng)
心心念念	(xīn xīn niàn niàn)
心心相印	(xīn xīn xiāng yìn)
心性	(xīn xìng)
心胸	(xīn xiōng)
心胸开阔	(xīn xiōng kāi kuò)
心胸狭隘	(xīn xiōng xiá ài)
心胸狭窄	(xīn xiōng xiá zhǎi)
心秀	(xīn xiù)
心虚	(xīn xū)
心许	(xīn xǔ)
心绪	(xīn xù)
心绪不佳	(xīn xù bù jiā)
心绪不宁	(xīn xù bù níng)
心学	(xīn xué)
心血	(xīn xuè)
心血管	(xīn xuè guǎn)
心血管疾病	(xīn xuè guǎn jí bìng)
心血来潮	(xīn xuè lái cháo)
心眼	(xīn yǎn)
心眼大	(xīn yǎn dà)
心眼多	(xīn yǎn duō)
心眼儿	(xīn yǎn r)
心眼好	(xīn yǎn hǎo)
心叶椴	(xīn yè duàn)
心仪	(xīn yí)
心疑	(xīn yí)
心意	(xīn yì)
心音	(xīn yīn)
心影儿	(xīn yǐng ér)
心硬	(xīn yìng)
心有灵犀一点通	(xīn yǒu líng xī yī diǎn tōng)
心有余，力不足	(xīn yǒu yú , lì bù zú)
心有余而力不足	(xīn yǒu yú ér lì bù zú)
心有余悸	(xīn yǒu yú jì)
心猿意马	(xīn yuán yì mǎ)
心愿	(xīn yuàn)
心愿单	(xīn yuàn dān)
心悦诚服	(xīn yuè chéng fú)
心脏	(xīn zàng)
心脏病	(xīn zàng bìng)
心脏病发作	(xīn zàng bìng fā zuò)
心脏搭桥手术	(xīn zàng dā qiáo shǒu shù)
心脏疾患	(xīn zàng jí huàn)
心脏收缩压	(xīn zàng shōu suō yā)
心脏舒张压	(xīn zàng shū zhāng yā)
心脏杂音	(xīn zàng zá yīn)
心脏骤停	(xīn zàng zhòu tíng)
心窄	(xīn zhǎi)
心战	(xīn zhàn)
心照	(xīn zhào)
心照不宣	(xīn zhào bù xuān)
心折	(xīn zhé)
心知肚明	(xīn zhī dù míng)
心直口快	(xīn zhí kǒu kuài)
心直嘴快	(xīn zhí zuǐ kuài)
心志	(xīn zhì)
心智	(xīn zhì)
心智图	(xīn zhì tú)
心中	(xīn zhōng)
心中无数	(xīn zhōng wú shù)
心中有鬼	(xīn zhōng yǒu guǐ)
心中有数	(xīn zhōng yǒu shù)
心重	(xīn zhòng)
心轴	(xīn zhóu)
心拙口笨	(xīn zhuō kǒu bèn)
心拙口夯	(xīn zhuō kǒu bèn)
心醉	(xīn zuì)
心醉神迷	(xīn zuì shén mí)
忻	(xīn)
忻城县	(xīn chéng xiàn)
忻府区	(xīn fǔ qū)
忻州市	(xīn zhōu shì)
昕	(xīn)
欣	(xīn)
欣逢	(xīn féng)
欣然	(xīn rán)
欣赏	(xīn shǎng)
欣慰	(xīn wèi)
欣喜	(xīn xǐ)
欣喜若狂	(xīn xǐ ruò kuáng)
欣欣向荣	(xīn xīn xiàng róng)
欣幸	(xīn xìng)
新	(xīn)
新安县	(xīn ān xiàn)
新奥尔良	(xīn ào ěr liáng)
新巴尔虎右旗	(xīn bā ěr hǔ yòu qí)
新巴尔虎左旗	(xīn bā ěr hǔ zuǒ qí)
新柏拉图主义	(xīn bó lā tú zhǔ yì)
新版	(xīn bǎn)
新北界	(xīn běi jiè)
新北区	(xīn běi qū)
新北市	(xīn běi shì)
新编	(xīn biān)
新宾满族自治县	(xīn bīn mǎn zú zì zhì xiàn)
新兵	(xīn bīng)
新不列颠岛	(xīn bù liè diān dǎo)
新不伦瑞克	(xīn bù lún ruì kè)
新蔡县	(xīn cài xiàn)
新产品推介会	(xīn chǎn pǐn tuī jiè huì)
新昌县	(xīn chāng xiàn)
新朝	(xīn cháo)
新潮	(xīn cháo)
新陈代谢	(xīn chén dài xiè)
新成土	(xīn chéng tǔ)
新城病	(xīn chéng bìng)
新城电台	(xīn chéng diàn tái)
新城区	(xīn chéng qū)
新城乡	(xīn chéng xiāng)
新宠	(xīn chǒng)
新仇旧恨	(xīn chóu jiù hèn)
新愁旧恨	(xīn chóu jiù hèn)
新出炉	(xīn chū lú)
新出生	(xīn chū shēng)
新春	(xīn chūn)
新春佳节	(xīn chūn jiā jié)
新词	(xīn cí)
新村	(xīn cūn)
新大陆	(xīn dà lù)
新党	(xīn dǎng)
新德里	(xīn dé lǐ)
新低	(xīn dī)
新店	(xīn diàn)
新店市	(xīn diàn shì)
新店溪	(xīn diàn xī)
新丁	(xīn dīng)
新都区	(xīn dū qū)
新房	(xīn fáng)
新芬党	(xīn fēn dǎng)
新丰县	(xīn fēng xiàn)
新丰乡	(xīn fēng xiāng)
新风	(xīn fēng)
新风系统	(xīn fēng xì tǒng)
新抚区	(xīn fǔ qū)
新妇	(xīn fù)
新干县	(xīn gàn xiàn)
新干线	(xīn gàn xiàn)
新港	(xīn gǎng)
新港乡	(xīn gǎng xiāng)
新高	(xīn gāo)
新古典	(xīn gǔ diǎn)
新古典主义	(xīn gǔ diǎn zhǔ yì)
新官上任三把火	(xīn guān shàng rèn sān bǎ huǒ)
新冠	(xīn guān)
新冠病毒	(xīn guān bìng dú)
新规	(xīn guī)
新贵	(xīn guì)
新海峡时报	(xīn hǎi xiá shí bào)
新罕布什尔	(xīn hǎn bù shí ěr)
新和县	(xīn hé xiàn)
新河县	(xīn hé xiàn)
新华	(xīn huá)
新华区	(xīn huá qū)
新华日报	(xīn huá rì bào)
新华书店	(xīn huá shū diàn)
新华网	(xīn huá wǎng)
新化县	(xīn huà xiàn)
新欢	(xīn huān)
新晃侗族自治县	(xīn huǎng dòng zú zì zhì xiàn)
新会区	(xīn huì qū)
新婚	(xīn hūn)
新婚夫妇	(xīn hūn fū fù)
新婚宴尔	(xīn hūn yàn ěr)
新婚燕尔	(xīn hūn yàn ěr)
新畿内亚	(xīn jī nèi yà)
新几内亚	(xīn jǐ nèi yà)
新纪元	(xīn jì yuán)
新加坡	(xīn jiā pō)
新加坡国立大学	(xīn jiā pō guó lì dà xué)
新加坡人	(xīn jiā pō rén)
新嫁娘	(xīn jià niáng)
新建	(xīn jiàn)
新建区	(xīn jiàn qū)
新疆歌鸲	(xīn jiāng gē qú)
新疆生产建设兵团	(xīn jiāng shēng chǎn jiàn shè bīng tuán)
新疆手抓饭	(xīn jiāng shǒu zhuā fàn)
新疆维吾尔自治区	(xīn jiāng wéi wú ěr zì zhì qū)
新绛县	(xīn jiàng xiàn)
新教	(xīn jiào)
新教徒	(xīn jiào tú)
新阶段	(xīn jiē duàn)
新界	(xīn jiè)
新金县	(xīn jīn xiàn)
新津区	(xīn jīn qū)
新近	(xīn jìn)
新晋	(xīn jìn)
新京报	(xīn jīng bào)
新井	(xīn jǐng)
新居	(xīn jū)
新军	(xīn jūn)
新喀里多尼亚	(xīn kā lǐ duō ní yà)
新款	(xīn kuǎn)
新拉	(xīn lā)
新来乍到	(xīn lái zhà dào)
新郎	(xīn láng)
新郎官	(xīn láng guān)
新郎倌	(xīn láng guān)
新浪	(xīn làng)
新浪网	(xīn làng wǎng)
新浪微博	(xīn làng wēi bó)
新乐市	(xīn lè shì)
新力	(xīn lì)
新历	(xīn lì)
新林区	(xīn lín qū)
新龙县	(xīn lóng xiàn)
新罗区	(xīn luó qū)
新马	(xīn mǎ)
新马泰	(xīn mǎ tài)
新霉素	(xīn méi sù)
新秘	(xīn mì)
新密市	(xīn mì shì)
新民市	(xīn mín shì)
新民晚报	(xīn mín wǎn bào)
新民主主义	(xīn mín zhǔ zhǔ yì)
新民主主义革命	(xīn mín zhǔ zhǔ yì gé mìng)
新民主主义论	(xīn mín zhǔ zhǔ yì lùn)
新墨西哥	(xīn mò xī gē)
新慕道团	(xīn mù dào tuán)
新南威尔士	(xīn nán wēi ěr shì)
新南威尔士州	(xīn nán wēi ěr shì zhōu)
新年	(xīn nián)
新年快乐	(xīn nián kuài lè)
新年前夕	(xīn nián qián xī)
新娘	(xīn niáng)
新娘秘书	(xīn niáng mì shū)
新宁县	(xīn níng xiàn)
新农合	(xīn nóng hé)
新派	(xīn pài)
新埤	(xīn pí)
新埤乡	(xīn pí xiāng)
新平彝族傣族自治县	(xīn píng yí zú dǎi zú zì zhì xiàn)
新瓶旧酒	(xīn píng jiù jiǔ)
新瓶装旧酒	(xīn píng zhuāng jiù jiǔ)
新埔	(xīn pǔ)
新埔镇	(xīn pǔ zhèn)
新奇	(xīn qí)
新钱	(xīn qián)
新邱区	(xīn qiū qū)
新热带界	(xīn rè dài jiè)
新人	(xīn rén)
新任	(xīn rèn)
新荣区	(xīn róng qū)
新儒家	(xīn rú jiā)
新锐	(xīn ruì)
新山	(xīn shān)
新邵县	(xīn shào xiàn)
新生	(xīn shēng)
新生代	(xīn shēng dài)
新生儿	(xīn shēng ér)
新石器	(xīn shí qì)
新石器时代	(xīn shí qì shí dài)
新时代	(xīn shí dài)
新市区	(xīn shì qū)
新市镇	(xīn shì zhèn)
新式	(xīn shì)
新手	(xīn shǒu)
新思想	(xīn sī xiǎng)
新斯科舍	(xīn sī kē shè)
新宿	(xīn sù)
新台币	(xīn tái bì)
新泰市	(xīn tài shì)
新塘	(xīn táng)
新天地	(xīn tiān dì)
新田县	(xīn tián xiàn)
新土	(xīn tǔ)
新文化运动	(xīn wén huà yùn dòng)
新闻	(xīn wén)
新闻策划	(xīn wén cè huà)
新闻出版总署	(xīn wén chū bǎn zǒng shǔ)
新闻处	(xīn wén chù)
新闻发布会	(xīn wén fā bù huì)
新闻发言人	(xīn wén fā yán rén)
新闻稿	(xīn wén gǎo)
新闻工作者	(xīn wén gōng zuò zhě)
新闻记者	(xīn wén jì zhě)
新闻界	(xīn wén jiè)
新闻媒体	(xīn wén méi tǐ)
新闻网	(xīn wén wǎng)
新闻学	(xīn wén xué)
新闻周刊	(xīn wén zhōu kān)
新闻主播	(xīn wén zhǔ bō)
新闻自由	(xīn wén zì yóu)
新闻组	(xīn wén zǔ)
新吴区	(xīn wú qū)
新西伯利亚	(xīn xī bó lì yà)
新西伯利亚市	(xīn xī bó lì yà shì)
新西兰	(xīn xī lán)
新禧	(xīn xǐ)
新潟	(xīn xì)
新鲜	(xīn xiān)
新县	(xīn xiàn)
新乡市	(xīn xiāng shì)
新乡县	(xīn xiāng xiàn)
新新人类	(xīn xīn rén lèi)
新星	(xīn xīng)
新型	(xīn xíng)
新型冠状病毒	(xīn xíng guān zhuàng bìng dú)
新型农村合作医疗	(xīn xíng nóng cūn hé zuò yī liáo)
新兴	(xīn xīng)
新兴产业	(xīn xīng chǎn yè)
新兴经济国家	(xīn xīng jīng jì guó jiā)
新兴区	(xīn xīng qū)
新兴县	(xīn xīng xiàn)
新修	(xīn xiū)
新修本草	(xīn xiū běn cǎo)
新秀	(xīn xiù)
新选	(xīn xuǎn)
新芽	(xīn yá)
新雅	(xīn yǎ)
新野县	(xīn yě xiàn)
新一代	(xīn yī dài)
新沂市	(xīn yí shì)
新义州市	(xīn yì zhōu shì)
新艺拉玛	(xīn yì lā mǎ)
新艺综合体	(xīn yì zōng hé tǐ)
新异	(xīn yì)
新意	(xīn yì)
新英格兰	(xīn yīng gé lán)
新颖	(xīn yǐng)
新余市	(xīn yú shì)
新园	(xīn yuán)
新园乡	(xīn yuán xiāng)
新源县	(xīn yuán xiàn)
新约	(xīn yuē)
新约全书	(xīn yuē quán shū)
新月	(xīn yuè)
新造	(xīn zào)
新泽西	(xīn zé xī)
新增	(xīn zēng)
新郑市	(xīn zhèng shì)
新政	(xīn zhèng)
新知	(xīn zhī)
新殖民化	(xīn zhí mín huà)
新殖民主义	(xīn zhí mín zhǔ yì)
新洲区	(xīn zhōu qū)
新竹	(xīn zhú)
新竹市	(xīn zhú shì)
新竹县	(xīn zhú xiàn)
新庄	(xīn zhuāng)
新庄市	(xīn zhuāng shì)
新作	(xīn zuò)
歆	(xīn)
噷	(hm)
伈	(xǐn)
㐰	(xìn)
伩	(xìn)
囟	(xìn)
囟门	(xìn mén)
囟脑门	(xìn nǎo mén)
信	(xìn)
信报	(xìn bào)
信报财经新闻	(xìn bào cái jīng xīn wén)
信笔	(xìn bǐ)
信标	(xìn biāo)
信不过	(xìn bù guò)
信步	(xìn bù)
信差	(xìn chāi)
信从	(xìn cóng)
信贷	(xìn dài)
信贷危机	(xìn dài wēi jī)
信贷违约掉期	(xìn dài wéi yuē diào qī)
信贷衍生产品	(xìn dài yǎn shēng chǎn pǐn)
信道	(xìn dào)
信得过	(xìn de guò)
信德省	(xìn dé shěng)
信都区	(xìn dū qū)
信访	(xìn fǎng)
信访局	(xìn fǎng jú)
信丰县	(xìn fēng xiàn)
信风	(xìn fēng)
信封	(xìn fēng)
信奉	(xìn fèng)
信佛	(xìn fó)
信服	(xìn fú)
信鸽	(xìn gē)
信管	(xìn guǎn)
信函	(xìn hán)
信号	(xìn hào)
信号处理	(xìn hào chǔ lǐ)
信号灯	(xìn hào dēng)
信号台	(xìn hào tái)
信笺	(xìn jiān)
信件	(xìn jiàn)
信教	(xìn jiào)
信经	(xìn jīng)
信靠	(xìn kào)
信口	(xìn kǒu)
信口雌黄	(xìn kǒu cí huáng)
信口胡说	(xìn kǒu hú shuō)
信口开合	(xìn kǒu kāi hé)
信口开河	(xìn kǒu kāi hé)
信赖	(xìn lài)
信赖区间	(xìn lài qū jiān)
信令	(xìn lìng)
信念	(xìn niàn)
信然	(xìn rán)
信任	(xìn rèn)
信神者	(xìn shén zhě)
信实	(xìn shí)
信使	(xìn shǐ)
信使核糖核酸	(xìn shǐ hé táng hé suān)
信誓旦旦	(xìn shì dàn dàn)
信手	(xìn shǒu)
信守	(xìn shǒu)
信宿	(xìn sù)
信天翁	(xìn tiān wēng)
信天游	(xìn tiān yóu)
信条	(xìn tiáo)
信筒	(xìn tǒng)
信徒	(xìn tú)
信托	(xìn tuō)
信物	(xìn wù)
信息	(xìn xī)
信息差	(xìn xī chā)
信息管理	(xìn xī guǎn lǐ)
信息化	(xìn xī huà)
信息技术	(xìn xī jì shù)
信息茧房	(xìn xī jiǎn fáng)
信息论	(xìn xī lùn)
信息时代	(xìn xī shí dài)
信息素	(xìn xī sù)
信息图	(xìn xī tú)
信息图形	(xìn xī tú xíng)
信息系统	(xìn xī xì tǒng)
信息学	(xìn xī xué)
信息与通讯技术	(xìn xī yǔ tōng xùn jì shù)
信箱	(xìn xiāng)
信心	(xìn xīn)
信心百倍	(xìn xīn bǎi bèi)
信阳市	(xìn yáng shì)
信仰	(xìn yǎng)
信仰者	(xìn yǎng zhě)
信宜市	(xìn yí shì)
信以为真	(xìn yǐ wéi zhēn)
信义	(xìn yì)
信义区	(xìn yì qū)
信义乡	(xìn yì xiāng)
信意	(xìn yì)
信用	(xìn yòng)
信用等级	(xìn yòng děng jí)
信用额	(xìn yòng é)
信用风险	(xìn yòng fēng xiǎn)
信用观察	(xìn yòng guān chá)
信用卡	(xìn yòng kǎ)
信用评等	(xìn yòng píng děng)
信用评级	(xìn yòng píng jí)
信用社	(xìn yòng shè)
信用危机	(xìn yòng wēi jī)
信用证	(xìn yòng zhèng)
信用证券	(xìn yòng zhèng quàn)
信誉	(xìn yù)
信噪比	(xìn zào bǐ)
信札	(xìn zhá)
信纸	(xìn zhǐ)
信众	(xìn zhòng)
信州区	(xìn zhōu qū)
信子	(xìn zi)
星	(xīng)
星巴克	(xīng bā kè)
星表	(xīng biǎo)
星冰乐	(xīng bīng lè)
星辰	(xīng chén)
星驰	(xīng chí)
星岛	(xīng dǎo)
星岛日报	(xīng dǎo rì bào)
星等	(xīng děng)
星斗	(xīng dǒu)
星二代	(xīng èr dài)
星官	(xīng guān)
星光	(xīng guāng)
星海争霸	(xīng hǎi zhēng bà)
星汉	(xīng hàn)
星号	(xīng hào)
星火	(xīng huǒ)
星级	(xīng jí)
星际	(xīng jì)
星际大战	(xīng jì dà zhàn)
星际旅行	(xīng jì lǚ xíng)
星际争霸	(xīng jì zhēng bà)
星家	(xīng jiā)
星空	(xīng kōng)
星历	(xīng lì)
星流电击	(xīng liú diàn jī)
星流霆击	(xīng liú tíng jī)
星罗棋布	(xīng luó qí bù)
星马	(xīng mǎ)
星马泰	(xīng mǎ tài)
星名	(xīng míng)
星命家	(xīng mìng jiā)
星盘	(xīng pán)
星期	(xīng qī)
星期二	(xīng qī èr)
星期几	(xīng qī jǐ)
星期六	(xīng qī liù)
星期日	(xīng qī rì)
星期三	(xīng qī sān)
星期四	(xīng qī sì)
星期天	(xīng qī tiān)
星期五	(xīng qī wǔ)
星期一	(xīng qī yī)
星球	(xīng qiú)
星球大战	(xīng qiú dà zhàn)
星群	(xīng qún)
星术	(xīng shù)
星宿	(xīng xiù)
星体	(xīng tǐ)
星条旗	(xīng tiáo qí)
星头啄木鸟	(xīng tóu zhuó mù niǎo)
星图	(xīng tú)
星团	(xīng tuán)
星系盘	(xīng xì pán)
星相	(xīng xiàng)
星相家	(xīng xiàng jiā)
星相师	(xīng xiàng shī)
星相十足	(xīng xiāng shí zú)
星相术	(xīng xiàng shù)
星相图	(xīng xiàng tú)
星相学	(xīng xiàng xué)
星象	(xīng xiàng)
星象恶曜	(xīng xiàng è yào)
星象图	(xīng xiàng tú)
星星	(xīng xing)
星星之火	(xīng xing zhī huǒ)
星星之火，可以燎原	(xīng xing zhī huǒ , kě yǐ liáo yuán)
星型网	(xīng xíng wǎng)
星鸦	(xīng yā)
星曜	(xīng yào)
星夜	(xīng yè)
星移斗转	(xīng yí dǒu zhuǎn)
星月	(xīng yuè)
星云	(xīng yún)
星云表	(xīng yún biǎo)
星洲	(xīng zhōu)
星洲日报	(xīng zhōu rì bào)
星座	(xīng zuò)
星座运势	(xīng zuò yùn shì)
惺	(xīng)
惺忪	(xīng sōng)
惺松	(xīng sōng)
惺惺	(xīng xīng)
惺惺相惜	(xīng xīng xiāng xī)
惺惺作态	(xīng xīng zuò tài)
曐	(xīng)
嬹	(xìng)
㽮	(xīng)
刑	(xíng)
刑案	(xíng àn)
刑部	(xíng bù)
刑场	(xíng chǎng)
刑舂	(xíng chōng)
刑罚	(xíng fá)
刑法	(xíng fǎ)
刑房	(xíng fáng)
刑警	(xíng jǐng)
刑拘	(xíng jū)
刑具	(xíng jù)
刑戮	(xíng lù)
刑律	(xíng lǜ)
刑满	(xíng mǎn)
刑名	(xíng míng)
刑名之学	(xíng míng zhī xué)
刑期	(xíng qī)
刑求	(xíng qiú)
刑人	(xíng rén)
刑辱	(xíng rǔ)
刑事	(xíng shì)
刑事法庭	(xíng shì fǎ tíng)
刑事法院	(xíng shì fǎ yuàn)
刑事犯	(xíng shì fàn)
刑事犯罪	(xíng shì fàn zuì)
刑事警察	(xíng shì jǐng chá)
刑事警察局	(xíng shì jǐng chá jú)
刑事拘留	(xíng shì jū liú)
刑事局	(xíng shì jú)
刑事审判庭	(xíng shì shěn pàn tíng)
刑事诉讼法	(xíng shì sù sòng fǎ)
刑诉法	(xíng sù fǎ)
刑堂	(xíng táng)
刑天	(xíng tiān)
刑庭	(xíng tíng)
刑网	(xíng wǎng)
刑讯	(xíng xùn)
刑杖	(xíng zhàng)
刑侦	(xíng zhēn)
形	(xíng)
形变	(xíng biàn)
形参	(xíng cān)
形成	(xíng chéng)
形成层	(xíng chéng céng)
形单影只	(xíng dān yǐng zhī)
形而上学	(xíng ér shàng xué)
形符	(xíng fú)
形骸	(xíng hái)
形核	(xíng hé)
形婚	(xíng hūn)
形迹	(xíng jì)
形貌	(xíng mào)
形旁	(xíng páng)
形容	(xíng róng)
形容词	(xíng róng cí)
形容词短语	(xíng róng cí duǎn yǔ)
形容辞	(xíng róng cí)
形色	(xíng sè)
形上	(xíng shàng)
形神	(xíng shén)
形声	(xíng shēng)
形声字	(xíng shēng zì)
形胜	(xíng shèng)
形式	(xíng shì)
形式发票	(xíng shì fā piào)
形式化	(xíng shì huà)
形式主义	(xíng shì zhǔ yì)
形似	(xíng sì)
形势	(xíng shì)
形势严峻	(xíng shì yán jùn)
形态	(xíng tài)
形态发生素	(xíng tài fā shēng sù)
形态学	(xíng tài xué)
形体	(xíng tǐ)
形同	(xíng tóng)
形同陌路	(xíng tóng mò lù)
形同虚设	(xíng tóng xū shè)
形象	(xíng xiàng)
形象大使	(xíng xiàng dà shǐ)
形象代言人	(xíng xiàng dài yán rén)
形象艺术	(xíng xiàng yì shù)
形像	(xíng xiàng)
形形色色	(xíng xíng sè sè)
形译	(xíng yì)
形意拳	(xíng yì quán)
形影不离	(xíng yǐng bù lí)
形影相吊	(xíng yǐng xiāng diào)
形影相随	(xíng yǐng xiāng suí)
形于色	(xíng yú sè)
形制	(xíng zhì)
形质	(xíng zhì)
形状	(xíng zhuàng)
侀	(xíng)
型	(xíng)
型板	(xíng bǎn)
型别	(xíng bié)
型材	(xíng cái)
型号	(xíng hào)
型录	(xíng lù)
型男	(xíng nán)
型式	(xíng shì)
型态	(xíng tài)
擤	(xǐng)
擤鼻涕	(xǐng bí tì)
杏	(xìng)
杏鲍菇	(xìng bào gū)
杏花村	(xìng huā cūn)
杏花岭区	(xìng huā lǐng qū)
杏林	(xìng lín)
杏林区	(xìng lín qū)
杏仁	(xìng rén)
杏仁豆腐	(xìng rén dòu fu)
杏仁果	(xìng rén guǒ)
杏仁核	(xìng rén hé)
杏仁体	(xìng rén tǐ)
杏树	(xìng shù)
杏眼	(xìng yǎn)
杏子	(xìng zi)
幸	(xìng)
幸存	(xìng cún)
幸存者	(xìng cún zhě)
幸而	(xìng ér)
幸福	(xìng fú)
幸福学	(xìng fú xué)
幸好	(xìng hǎo)
幸会	(xìng huì)
幸进	(xìng jìn)
幸亏	(xìng kuī)
幸免	(xìng miǎn)
幸甚	(xìng shèn)
幸甚至哉	(xìng shèn zhì zāi)
幸事	(xìng shì)
幸喜	(xìng xǐ)
幸运	(xìng yùn)
幸运饼干	(xìng yùn bǐng gān)
幸运抽奖	(xìng yùn chōu jiǎng)
幸运儿	(xìng yùn ér)
幸运曲奇	(xìng yùn qū qí)
幸运信	(xìng yùn xìn)
幸灾乐祸	(xìng zāi lè huò)
性	(xìng)
性爱	(xìng ài)
性暗示	(xìng àn shì)
性伴	(xìng bàn)
性伴侣	(xìng bàn lǚ)
性变态	(xìng biàn tài)
性别	(xìng bié)
性别比	(xìng bié bǐ)
性别角色	(xìng bié jué sè)
性别歧视	(xìng bié qí shì)
性别认同障碍	(xìng bié rèn tóng zhàng ài)
性病	(xìng bìng)
性产业	(xìng chǎn yè)
性成熟	(xìng chéng shú)
性冲动	(xìng chōng dòng)
性传播	(xìng chuán bō)
性地	(xìng dì)
性短讯	(xìng duǎn xùn)
性恶论	(xìng è lùn)
性服务	(xìng fú wù)
性服务产业	(xìng fú wù chǎn yè)
性福	(xìng fú)
性感	(xìng gǎn)
性高潮	(xìng gāo cháo)
性格	(xìng gé)
性格不合	(xìng gé bù hé)
性工作	(xìng gōng zuò)
性工作者	(xìng gōng zuò zhě)
性媾	(xìng gòu)
性关系	(xìng guān xi)
性幻想	(xìng huàn xiǎng)
性贿赂	(xìng huì lù)
性伙伴	(xìng huǒ bàn)
性激素	(xìng jī sù)
性急	(xìng jí)
性疾病	(xìng jí bìng)
性价比	(xìng jià bǐ)
性健康	(xìng jiàn kāng)
性交	(xìng jiāo)
性交高潮	(xìng jiāo gāo cháo)
性交易	(xìng jiāo yì)
性教育	(xìng jiào yù)
性接触	(xìng jiē chù)
性禁忌	(xìng jìn jì)
性快感	(xìng kuài gǎn)
性乐	(xìng lè)
性蕾期	(xìng lěi qī)
性冷淡	(xìng lěng dàn)
性冷感	(xìng lěng gǎn)
性满足	(xìng mǎn zú)
性命	(xìng mìng)
性命攸关	(xìng mìng yōu guān)
性能	(xìng néng)
性虐待	(xìng nüè dài)
性癖	(xìng pǐ)
性偏好	(xìng piān hào)
性器	(xìng qì)
性器官	(xìng qì guān)
性器期	(xìng qì qī)
性侵	(xìng qīn)
性侵犯	(xìng qīn fàn)
性侵害	(xìng qīn hài)
性情	(xìng qíng)
性取向	(xìng qǔ xiàng)
性骚扰	(xìng sāo rǎo)
性善	(xìng shàn)
性生活	(xìng shēng huó)
性事	(xìng shì)
性同一性障碍	(xìng tóng yī xìng zhàng ài)
性玩物	(xìng wán wù)
性物恋	(xìng wù liàn)
性细胞	(xìng xì bāo)
性腺	(xìng xiàn)
性向	(xìng xiàng)
性行	(xìng xíng)
性行为	(xìng xíng wéi)
性学	(xìng xué)
性瘾	(xìng yǐn)
性欲	(xìng yù)
性欲高潮	(xìng yù gāo cháo)
性张力	(xìng zhāng lì)
性征	(xìng zhēng)
性指向	(xìng zhǐ xiàng)
性质	(xìng zhì)
性质命题	(xìng zhì mìng tí)
性转	(xìng zhuǎn)
性状	(xìng zhuàng)
性子	(xìng zi)
姓	(xìng)
姓蒋还是姓汪	(xìng jiǎng hái shi xìng wāng)
姓名	(xìng míng)
姓氏	(xìng shì)
悻	(xìng)
悻然	(xìng rán)
悻悻	(xìng xìng)
婞	(xìng)
塂	(jiǎng)
凶	(xiōng)
凶巴巴	(xiōng bā bā)
凶暴	(xiōng bào)
凶残	(xiōng cán)
凶党	(xiōng dǎng)
凶刀	(xiōng dāo)
凶多吉少	(xiōng duō jí shǎo)
凶恶	(xiōng è)
凶犯	(xiōng fàn)
凶服	(xiōng fú)
凶光	(xiōng guāng)
凶悍	(xiōng hàn)
凶狠	(xiōng hěn)
凶荒	(xiōng huāng)
凶狂	(xiōng kuáng)
凶戾	(xiōng lì)
凶猛	(xiōng měng)
凶年	(xiōng nián)
凶器	(xiōng qì)
凶丧	(xiōng sāng)
凶杀	(xiōng shā)
凶杀案	(xiōng shā àn)
凶煞	(xiōng shà)
凶身	(xiōng shēn)
凶神	(xiōng shén)
凶神恶煞	(xiōng shén è shà)
凶事	(xiōng shì)
凶手	(xiōng shǒu)
凶死	(xiōng sǐ)
凶顽	(xiōng wán)
凶嫌	(xiōng xián)
凶险	(xiōng xiǎn)
凶相	(xiōng xiàng)
凶相毕露	(xiōng xiàng bì lù)
凶信	(xiōng xìn)
凶讯	(xiōng xùn)
凶焰	(xiōng yàn)
凶宅	(xiōng zhái)
凶兆	(xiōng zhào)
兄	(xiōng)
兄弟	(xiōng dì)
兄弟会	(xiōng dì huì)
兄弟姐妹	(xiōng dì jiě mèi)
兄弟阋墙	(xiōng dì xì qiáng)
兄弟阋于墙，外御其侮	(xiōng dì xì yú qiáng , wài yù qí wǔ)
兄妹	(xiōng mèi)
兄嫂	(xiōng sǎo)
兄台	(xiōng tái)
兄长	(xiōng zhǎng)
匈	(xiōng)
匈奴	(xiōng nú)
匈牙利	(xiōng yá lì)
匈牙利语	(xiōng yá lì yǔ)
匈语	(xiōng yǔ)
㐫	(xiōng)
恟	(xiōng)
敻	(xiòng)
休	(xiū)
休班	(xiū bān)
休兵	(xiū bīng)
休达	(xiū dá)
休耕	(xiū gēng)
休怪	(xiū guài)
休会	(xiū huì)
休假	(xiū jià)
休克	(xiū kè)
休伦湖	(xiū lún hú)
休旅车	(xiū lǚ chē)
休眠	(xiū mián)
休眠火山	(xiū mián huǒ shān)
休谟	(xiū mó)
休沐	(xiū mù)
休宁县	(xiū níng xiàn)
休妻	(xiū qī)
休戚相关	(xiū qī xiāng guān)
休憩	(xiū qì)
休士顿	(xiū shì dùn)
休氏树莺	(xiū shì shù yīng)
休氏旋木雀	(xiū shì xuán mù què)
休市	(xiū shì)
休斯敦	(xiū sī dūn)
休斯顿	(xiū sī dùn)
休庭	(xiū tíng)
休息	(xiū xi)
休息室	(xiū xī shì)
休闲	(xiū xián)
休闲裤	(xiū xián kù)
休闲鞋	(xiū xián xié)
休想	(xiū xiǎng)
休学	(xiū xué)
休养	(xiū yǎng)
休养生息	(xiū yǎng shēng xī)
休伊特	(xiū yī tè)
休战	(xiū zhàn)
休整	(xiū zhěng)
休止	(xiū zhǐ)
休止符	(xiū zhǐ fú)
咻	(xiū)
修	(xiū)
修编	(xiū biān)
修补	(xiū bǔ)
修补匠	(xiū bǔ jiàng)
修车	(xiū chē)
修成正果	(xiū chéng zhèng guǒ)
修辞	(xiū cí)
修辞格	(xiū cí gé)
修辞学	(xiū cí xué)
修道	(xiū dào)
修道会	(xiū dào huì)
修道士	(xiū dào shì)
修道院	(xiū dào yuàn)
修订	(xiū dìng)
修订版	(xiū dìng bǎn)
修订本	(xiū dìng běn)
修订历史	(xiū dìng lì shǐ)
修读	(xiū dú)
修法	(xiū fǎ)
修复	(xiū fù)
修改	(xiū gǎi)
修改稿	(xiū gǎi gǎo)
修规	(xiū guī)
修好	(xiū hǎo)
修会	(xiū huì)
修剪	(xiū jiǎn)
修建	(xiū jiàn)
修脚	(xiū jiǎo)
修脚师	(xiū jiǎo shī)
修课	(xiū kè)
修理	(xiū lǐ)
修理厂	(xiū lǐ chǎng)
修例	(xiū lì)
修练	(xiū liàn)
修炼	(xiū liàn)
修炼成仙	(xiū liàn chéng xiān)
修路	(xiū lù)
修罗	(xiū luó)
修罗场	(xiū luó chǎng)
修面	(xiū miàn)
修睦	(xiū mù)
修女	(xiū nǚ)
修齐	(xiū qí)
修葺	(xiū qì)
修缮	(xiū shàn)
修身	(xiū shēn)
修士	(xiū shì)
修饰	(xiū shì)
修饰话	(xiū shì huà)
修饰语	(xiū shì yǔ)
修手	(xiū shǒu)
修水利	(xiū shuǐ lì)
修水县	(xiū shuǐ xiàn)
修图	(xiū tú)
修文县	(xiū wén xiàn)
修武县	(xiū wǔ xiàn)
修昔底德	(xiū xī dǐ dé)
修昔底德陷阱	(xiū xī dǐ dé xiàn jǐng)
修习	(xiū xí)
修禊	(xiū xì)
修宪	(xiū xiàn)
修鞋匠	(xiū xié jiàng)
修心养性	(xiū xīn yǎng xìng)
修行	(xiū xíng)
修行人	(xiū xíng rén)
修养	(xiū yǎng)
修业	(xiū yè)
修音	(xiū yīn)
修院	(xiū yuàn)
修造	(xiū zào)
修造厂	(xiū zào chǎng)
修长	(xiū cháng)
修真	(xiū zhēn)
修整	(xiū zhěng)
修正	(xiū zhèng)
修正案	(xiū zhèng àn)
修正液	(xiū zhèng yè)
修正主义	(xiū zhèng zhǔ yì)
修指甲	(xiū zhǐ jia)
修筑	(xiū zhù)
修撰	(xiū zhuàn)
修阻	(xiū zǔ)
庥	(xiū)
朽	(xiǔ)
朽蠹	(xiǔ dù)
朽坏	(xiǔ huài)
朽烂	(xiǔ làn)
朽木	(xiǔ mù)
朽木不可雕	(xiǔ mù bù kě diāo)
岫	(xiù)
岫岩满族自治县	(xiù yán mǎn zú zì zhì xiàn)
峀	(xiù)
嗅	(xiù)
嗅觉	(xiù jué)
嗅球	(xiù qiú)
嗅探	(xiù tàn)
嗅探犬	(xiù tàn quǎn)
嗅盐	(xiù yán)
戌	(qu)
吁	(yù)
吁吁	(xū xū)
旴	(xū)
姁	(xǔ)
欨	(xū)
媭	(xū)
墟	(xū)
墟里	(xū lǐ)
嘘	(xū)
嘘寒问暖	(xū hán wèn nuǎn)
嘘声	(xū shēng)
嘘嘘	(xū xū)
歔	(xū)
歘	(xū)
徐	(xú)
徐悲鸿	(xú bēi hóng)
徐步	(xú bù)
徐福	(xú fú)
徐光启	(xú guāng qǐ)
徐缓	(xú huǎn)
徐汇区	(xú huì qū)
徐继畬	(xú jì yú)
徐家汇	(xú jiā huì)
徐俊	(xú jùn)
徐克	(xú kè)
徐匡迪	(xú kuāng dí)
徐娘半老	(xú niáng bàn lǎo)
徐水区	(xú shuǐ qū)
徐渭	(xú wèi)
徐闻县	(xú wén xiàn)
徐熙媛	(xú xī yuán)
徐霞客	(xú xiá kè)
徐霞客游记	(xú xiá kè yóu jì)
徐星	(xú xīng)
徐行	(xú xíng)
徐徐	(xú xú)
徐铉	(xú xuàn)
徐祯卿	(xú zhēn qīng)
徐志摩	(xú zhì mó)
徐州市	(xú zhōu shì)
呴	(xū)
栩	(xǔ)
栩栩	(xǔ xǔ)
栩栩如生	(xǔ xǔ rú shēng)
栩栩生辉	(xǔ xǔ shēng huī)
冔	(xǔ)
旭	(xù)
旭日	(xù rì)
序	(xù)
序跋	(xù bá)
序次	(xù cì)
序号	(xù hào)
序列	(xù liè)
序列号	(xù liè hào)
序幕	(xù mù)
序曲	(xù qǔ)
序数	(xù shù)
序文	(xù wén)
序言	(xù yán)
序章	(xù zhāng)
侐	(xù)
昫	(xù)
叙	(xù)
叙旧	(xù jiù)
叙拉古	(xù lā gǔ)
叙利亚	(xù lì yà)
叙利亚文	(xù lì yà wén)
叙明	(xù míng)
叙事	(xù shì)
叙事诗	(xù shì shī)
叙事线	(xù shì xiàn)
叙述	(xù shù)
叙述性	(xù shù xìng)
叙谈	(xù tán)
叙文	(xù wén)
叙言	(xù yán)
叙永县	(xù yǒng xiàn)
叙州区	(xù zhōu qū)
恤	(xù)
恤匮	(xù kuì)
恤嫠	(xù lí)
恤衫	(xù shān)
垿	(xù)
殈	(xù)
勖	(xù)
勗	(xù)
喣	(xǔ)
婿	(xù)
慉	(xù)
吅	(sòng)
咺	(xuǎn)
宣	(xuān)
宣布	(xuān bù)
宣布破产	(xuān bù pò chǎn)
宣称	(xuān chēng)
宣城市	(xuān chéng shì)
宣传	(xuān chuán)
宣传部	(xuān chuán bù)
宣传册	(xuān chuán cè)
宣传攻势	(xuān chuán gōng shì)
宣传画	(xuān chuán huà)
宣导	(xuān dǎo)
宣道	(xuān dào)
宣读	(xuān dú)
宣恩县	(xuān ēn xiàn)
宣发	(xuān fā)
宣告	(xuān gào)
宣汉县	(xuān hàn xiàn)
宣化区	(xuān huà qū)
宣讲	(xuān jiǎng)
宣教	(xuān jiào)
宣介	(xuān jiè)
宣礼塔	(xuān lǐ tǎ)
宣明	(xuān míng)
宣判	(xuān pàn)
宣认	(xuān rèn)
宣示	(xuān shì)
宣誓	(xuān shì)
宣誓供词证明	(xuān shì gòng cí zhèng míng)
宣誓就职	(xuān shì jiù zhí)
宣誓书	(xuān shì shū)
宣誓证言	(xuān shì zhèng yán)
宣统	(xuān tǒng)
宣威市	(xuān wēi shì)
宣武门	(xuān wǔ mén)
宣泄	(xuān xiè)
宣言	(xuān yán)
宣扬	(xuān yáng)
宣战	(xuān zhàn)
宣纸	(xuān zhǐ)
宣州区	(xuān zhōu qū)
揎	(xuān)
喧	(xuān)
喧宾夺主	(xuān bīn duó zhǔ)
喧哗	(xuān huá)
喧哗与骚动	(xuān huá yǔ sāo dòng)
喧闹	(xuān nào)
喧扰	(xuān rǎo)
喧腾	(xuān téng)
喧嚣	(xuān xiāo)
愃	(xuān)
暄	(xuān)
暄腾	(xuān teng)
儇	(xuān)
嬛	(xuān)
悬	(xuán)
悬案	(xuán àn)
悬臂	(xuán bì)
悬揣	(xuán chuǎi)
悬垂	(xuán chuí)
悬带	(xuán dài)
悬荡	(xuán dàng)
悬而未决	(xuán ér wèi jué)
悬浮	(xuán fú)
悬浮窗	(xuán fú chuāng)
悬浮微粒	(xuán fú wēi lì)
悬浮物	(xuán fú wù)
悬挂	(xuán guà)
悬挂式滑翔	(xuán guà shì huá xiáng)
悬挂式滑翔机	(xuán guà shì huá xiáng jī)
悬河	(xuán hé)
悬壶	(xuán hú)
悬壶济世	(xuán hú jì shì)
悬空	(xuán kōng)
悬空寺	(xuán kōng sì)
悬梁刺股	(xuán liáng cì gǔ)
悬念	(xuán niàn)
悬赏	(xuán shǎng)
悬赏令	(xuán shǎng lìng)
悬殊	(xuán shū)
悬索桥	(xuán suǒ qiáo)
悬停	(xuán tíng)
悬崖	(xuán yá)
悬崖勒马	(xuán yá lè mǎ)
悬崖峭壁	(xuán yá qiào bì)
悬岩	(xuán yán)
悬疑	(xuán yí)
悬雍垂	(xuán yōng chuí)
旋	(xuán)
旋臂	(xuán bì)
旋风	(xuàn fēng)
旋风脚	(xuàn fēng jiǎo)
旋覆花	(xuán fù huā)
旋光	(xuán guāng)
旋花科	(xuán huā kē)
旋回	(xuán huí)
旋即	(xuán jí)
旋里	(xuán lǐ)
旋量	(xuán liàng)
旋流	(xuán liú)
旋律	(xuán lǜ)
旋木雀	(xuán mù què)
旋钮	(xuán niǔ)
旋前肌	(xuán qián jī)
旋乾转坤	(xuán qián zhuǎn kūn)
旋绕	(xuán rào)
旋梯	(xuán tī)
旋筒风帆	(xuán tǒng fēng fān)
旋涡	(xuán wō)
旋涡星系	(xuán wō xīng xì)
旋涡星云	(xuán wō xīng yún)
旋涡状	(xuán wō zhuàng)
旋舞	(xuán wǔ)
旋翼	(xuán yì)
旋渊	(xuán yuān)
旋闸	(xuán zhá)
旋踵	(xuán zhǒng)
旋转	(xuán zhuǎn)
旋转对称	(xuán zhuǎn duì chèn)
旋转极	(xuán zhuǎn jí)
旋转角	(xuán zhuǎn jiǎo)
旋转角速度	(xuán zhuǎn jiǎo sù dù)
旋转烤肉	(xuán zhuǎn kǎo ròu)
旋转力	(xuán zhuǎn lì)
旋转门	(xuán zhuǎn mén)
旋转木马	(xuán zhuǎn mù mǎ)
旋转球	(xuán zhuǎn qiú)
旋转曲面	(xuán zhuǎn qū miàn)
旋转台	(xuán zhuǎn tái)
旋转运动	(xuán zhuǎn yùn dòng)
旋转指标	(xuán zhuǎn zhǐ biāo)
旋转轴	(xuán zhuǎn zhóu)
旋子	(xuàn zi)
嫙	(xuán)
暶	(xuán)
晅	(xuān)
昡	(xuàn)
楦	(xuàn)
楦头	(xuàn tou)
楦子	(xuàn zi)
削	(xiāo)
削波	(xuē bō)
削除	(xuē chú)
削发	(xuē fà)
削籍	(xuē jí)
削价	(xuē jià)
削尖	(xiāo jiān)
削减	(xuē jiǎn)
削铅笔	(xiāo qiān bǐ)
削铅笔机	(xiāo qiān bǐ jī)
削球	(xiāo qiú)
削弱	(xuē ruò)
削瘦	(xuē shòu)
削职	(xuē zhí)
削职为民	(xuē zhí wéi mín)
削足适履	(xuē zú shì lǚ)
斈	(xué)
乴	(xué)
峃	(xué)
学	(xué)
学霸	(xué bà)
学报	(xué bào)
学步	(xué bù)
学步车	(xué bù chē)
学测	(xué cè)
学潮	(xué cháo)
学到	(xué dào)
学弟	(xué dì)
学而不思则罔，思而不学则殆	(xué ér bù sī zé wǎng , sī ér bù xué zé dài)
学而不厌	(xué ér bù yàn)
学而不厌，诲人不倦	(xué ér bù yàn , huì rén bù juàn)
学而优则仕	(xué ér yōu zé shì)
学费	(xué fèi)
学分	(xué fēn)
学分小时	(xué fēn xiǎo shí)
学分制	(xué fēn zhì)
学风	(xué fēng)
学府	(xué fǔ)
学富五车	(xué fù wǔ chē)
学乖	(xué guāi)
学海	(xué hǎi)
学海泛舟	(xué hǎi fàn zhōu)
学海无涯	(xué hǎi wú yá)
学好	(xué hǎo)
学号	(xué hào)
学坏	(xué huài)
学会	(xué huì)
学会院士	(xué huì yuàn shì)
学级	(xué jí)
学籍	(xué jí)
学监	(xué jiān)
学姐	(xué jiě)
学界	(xué jiè)
学究	(xué jiū)
学科	(xué kē)
学理	(xué lǐ)
学力	(xué lì)
学历	(xué lì)
学龄	(xué líng)
学妹	(xué mèi)
学门	(xué mén)
学名	(xué míng)
学名药	(xué míng yào)
学摸	(xué mo)
学年	(xué nián)
学派	(xué pài)
学期	(xué qī)
学前班	(xué qián bān)
学前教育	(xué qián jiào yù)
学区	(xué qū)
学区房	(xué qū fáng)
学然后知不足	(xué rán hòu zhī bù zú)
学人	(xué rén)
学如逆水行舟，不进则退	(xué rú nì shuǐ xíng zhōu , bù jìn zé tuì)
学舍	(xué shè)
学生	(xué sheng)
学生t检验	(xué sheng t jiǎn yàn)
学生会	(xué sheng huì)
学生运动	(xué sheng yùn dòng)
学生证	(xué sheng zhèng)
学时	(xué shí)
学识	(xué shí)
学士	(xué shì)
学士学位	(xué shì xué wèi)
学术	(xué shù)
学术界	(xué shù jiè)
学术水平	(xué shù shuǐ píng)
学术自由	(xué shù zì yóu)
学说	(xué shuō)
学硕	(xué shuò)
学堂	(xué táng)
学童	(xué tóng)
学徒	(xué tú)
学位	(xué wèi)
学位论文	(xué wèi lùn wén)
学位证书	(xué wèi zhèng shū)
学问	(xué wèn)
学无止境	(xué wú zhǐ jìng)
学习	(xué xí)
学习时报	(xué xí shí bào)
学衔	(xué xián)
学校	(xué xiào)
学样	(xué yàng)
学业	(xué yè)
学业有成	(xué yè yǒu chéng)
学医	(xué yī)
学以致用	(xué yǐ zhì yòng)
学艺	(xué yì)
学友	(xué yǒu)
学园	(xué yuán)
学员	(xué yuán)
学院	(xué yuàn)
学院派	(xué yuàn pài)
学运	(xué yùn)
学渣	(xué zhā)
学长	(xué zhǎng)
学者	(xué zhě)
学制	(xué zhì)
学子	(xué zǐ)
噱	(jué)
噱头	(xué tóu)
勋	(xūn)
勋绩	(xūn jì)
勋爵	(xūn jué)
勋业	(xūn yè)
勋章	(xūn zhāng)
埙	(xūn)
壎	(xūn)
曛	(xūn)
旬	(xún)
旬课	(xún kè)
旬年	(xún nián)
旬期	(xún qī)
旬日	(xún rì)
旬时	(xún shí)
旬始	(xún shǐ)
旬首	(xún shǒu)
旬输月送	(xún shū yuè sòng)
旬朔	(xún shuò)
旬岁	(xún suì)
旬阳市	(xún yáng shì)
旬邑县	(xún yì xiàn)
寻	(xún)
寻宝	(xún bǎo)
寻常	(xún cháng)
寻仇	(xún chóu)
寻出	(xún chū)
寻的	(xún dì)
寻甸回族彝族自治县	(xún diàn huí zú yí zú zì zhì xiàn)
寻短见	(xún duǎn jiàn)
寻访	(xún fǎng)
寻根	(xún gēn)
寻根问底	(xún gēn wèn dǐ)
寻呼机	(xún hū jī)
寻花	(xún huā)
寻花问柳	(xún huā wèn liǔ)
寻欢	(xún huān)
寻欢作乐	(xún huān zuò lè)
寻回犬	(xún huí quǎn)
寻获	(xún huò)
寻机	(xún jī)
寻开心	(xún kāi xīn)
寻觅	(xún mì)
寻摸	(xún mo)
寻求	(xún qiú)
寻事生非	(xún shì shēng fēi)
寻水术	(xún shuǐ shù)
寻思	(xún sī)
寻死	(xún sǐ)
寻味	(xún wèi)
寻问	(xún wèn)
寻乌县	(xún wū xiàn)
寻衅	(xún xìn)
寻衅滋事罪	(xún xìn zī shì zuì)
寻找	(xún zhǎo)
寻址	(xún zhǐ)
寻租	(xún zū)
巡	(xún)
巡捕	(xún bǔ)
巡捕房	(xún bǔ fáng)
巡测仪	(xún cè yí)
巡查	(xún chá)
巡抚	(xún fǔ)
巡更	(xún gēng)
巡航	(xún háng)
巡航导弹	(xún háng dǎo dàn)
巡回	(xún huí)
巡回法庭	(xún huí fǎ tíng)
巡回演出	(xún huí yǎn chū)
巡警	(xún jǐng)
巡礼	(xún lǐ)
巡逻	(xún luó)
巡逻车	(xún luó chē)
巡逻船	(xún luó chuán)
巡逻队	(xún luó duì)
巡逻艇	(xún luó tǐng)
巡视	(xún shì)
巡行	(xún xíng)
巡演	(xún yǎn)
巡洋舰	(xún yáng jiàn)
巡弋	(xún yì)
巡游	(xún yóu)
㖊	(xún)
峋	(xún)
恂	(xún)
栒	(xún)
偱	(xún)
揗	(shǔn)
循	(xún)
循道宗	(xún dào zōng)
循分	(xún fèn)
循规蹈矩	(xún guī dǎo jǔ)
循化撒拉族自治县	(xún huà sā lā zú zì zhì xiàn)
循环	(xún huán)
循环节	(xún huán jié)
循环经济	(xún huán jīng jì)
循环论证	(xún huán lùn zhèng)
循环赛	(xún huán sài)
循环使用	(xún huán shǐ yòng)
循环系统	(xún huán xì tǒng)
循环小数	(xún huán xiǎo shù)
循环性	(xún huán xìng)
循序	(xún xù)
循序渐进	(xún xù jiàn jìn)
循循善诱	(xún xún shàn yòu)
循着	(xún zhe)
卂	(xùn)
侚	(xùn)
徇	(xùn)
徇情	(xùn qíng)
徇私枉法	(xùn sī wǎng fǎ)
徇私舞弊	(xùn sī wǔ bì)
㢲	(xùn)
殉	(xùn)
殉道	(xùn dào)
殉国	(xùn guó)
殉教	(xùn jiào)
殉节	(xùn jié)
殉难	(xùn nàn)
殉情	(xùn qíng)
殉死	(xùn sǐ)
殉葬	(xùn zàng)
殉职	(xùn zhí)
巽	(xùn)
巽他海峡	(xùn tā hǎi xiá)
巽他群岛	(xùn tā qún dǎo)
巽他语	(xùn tā yǔ)
噀	(xùn)
丫	(yā)
丫巴儿	(yā bā r)
丫杈	(yā chà)
丫环	(yā huan)
丫鬟	(yā huan)
丫髻	(yā jì)
丫角	(yā jiǎo)
丫挺	(yā tǐng)
丫头	(yā tou)
丫头片子	(yā tou piàn zi)
压	(yā)
压板	(yā bǎn)
压宝	(yā bǎo)
压扁	(yā biǎn)
压舱石	(yā cāng shí)
压场	(yā chǎng)
压车	(yā chē)
压倒	(yā dǎo)
压倒性	(yā dǎo xìng)
压低	(yā dī)
压电	(yā diàn)
压电体	(yā diàn tǐ)
压伏	(yā fú)
压服	(yā fú)
压根	(yà gēn)
压根儿	(yà gēn r)
压花	(yā huā)
压坏	(yā huài)
压挤	(yā jǐ)
压价	(yā jià)
压紧	(yā jǐn)
压克力	(yā kè lì)
压垮	(yā kuǎ)
压力	(yā lì)
压力锅	(yā lì guō)
压力计	(yā lì jì)
压力强度	(yā lì qiáng dù)
压力容器	(yā lì róng qì)
压力山大	(yā lì shān dà)
压路机	(yā lù jī)
压马路	(yà mǎ lù)
压埋	(yā mái)
压迫	(yā pò)
压强	(yā qiáng)
压舌板	(yā shé bǎn)
压实	(yā shí)
压死	(yā sǐ)
压死骆驼的最后一根稻草	(yā sǐ luò tuo de zuì hòu yī gēn dào cǎo)
压蒜器	(yā suàn qì)
压岁钱	(yā suì qián)
压碎	(yā suì)
压缩	(yā suō)
压缩包	(yā suō bāo)
压缩比	(yā suō bǐ)
压缩机	(yā suō jī)
压缩器	(yā suō qì)
压台戏	(yā tái xì)
压痛	(yā tòng)
压线	(yā xiàn)
压线钳	(yā xiàn qián)
压抑	(yā yì)
压韵	(yā yùn)
压榨	(yā zhà)
压阵	(yā zhèn)
压制	(yā zhì)
压轴戏	(yā zhòu xì)
压住	(yā zhù)
押	(yā)
押宝	(yā bǎo)
押车	(yā chē)
押后	(yā hòu)
押解	(yā jiè)
押金	(yā jīn)
押平声韵	(yā píng shēng yùn)
押沙龙	(yā shā lóng)
押送	(yā sòng)
押题	(yā tí)
押运	(yā yùn)
押运员	(yā yùn yuán)
押韵	(yā yùn)
押注	(yā zhù)
押租	(yā zū)
垭	(yā)
垭口	(yā kǒu)
桠	(yā)
桠杈	(yā chà)
伢	(yá)
伢崽	(yá zǎi)
伢子	(yá zi)
枒	(yá)
厓	(yá)
堐	(yá)
崖	(yá)
崖岸	(yá àn)
崖壁	(yá bì)
崖谷	(yá gǔ)
崖海鸦	(yá hǎi yā)
崖壑	(yá hè)
崖刻	(yá kè)
崖略	(yá lüè)
崖沙燕	(yá shā yàn)
崖限	(yá xiàn)
崖州	(yá zhōu)
崖州区	(yá zhōu qū)
哑	(yā)
哑巴	(yǎ ba)
哑巴吃黄连	(yǎ ba chī huáng lián)
哑巴吃黄连，有苦说不出	(yǎ ba chī huáng lián , yǒu kǔ shuō bu chū)
哑巴吃黄莲	(yǎ ba chī huáng lián)
哑巴亏	(yǎ ba kuī)
哑点	(yǎ diǎn)
哑鼓	(yǎ gǔ)
哑光	(yǎ guāng)
哑剧	(yǎ jù)
哑口	(yǎ kǒu)
哑口无言	(yǎ kǒu wú yán)
哑铃	(yǎ líng)
哑谜	(yǎ mí)
哑然失笑	(yǎ rán shī xiào)
哑语	(yǎ yǔ)
哑终端	(yǎ zhōng duān)
哑子	(yǎ zi)
亚	(yà)
亚巴郎	(yà bā láng)
亚比利尼	(yà bǐ lì ní)
亚比玉	(yà bǐ yù)
亚庇	(yà bì)
亚伯	(yà bó)
亚伯拉罕	(yà bó lā hǎn)
亚伯氏症	(yà bó shì zhèng)
亚琛	(yà chēn)
亚纯	(yà chún)
亚达薛西	(yà dá xuē xī)
亚单位	(yà dān wèi)
亚当	(yà dāng)
亚当·斯密	(yà dāng · sī mì)
亚当斯	(yà dāng sī)
亚当斯敦	(yà dāng sī dūn)
亚得里亚海	(yà dé lǐ yà hǎi)
亚的斯亚贝巴	(yà dì sī yà bèi bā)
亚丁	(yà dīng)
亚丁湾	(yà dīng wān)
亚东县	(yà dōng xiàn)
亚冬会	(yà dōng huì)
亚非拉	(yà fēi lā)
亚弗烈	(yà fú liè)
亚父	(yà fù)
亚该亚	(yà gāi yà)
亚纲	(yà gāng)
亚哈斯	(yà hā sī)
亚急性	(yà jí xìng)
亚健康	(yà jiàn kāng)
亚界	(yà jiè)
亚金	(yà jīn)
亚军	(yà jūn)
亚喀巴	(yà kā bā)
亚科	(yà kē)
亚克力	(yà kè lì)
亚拉巴马	(yà lā bā mǎ)
亚拉伯	(yà lā bó)
亚兰	(yà lán)
亚类	(yà lèi)
亚里士多德	(yà lǐ shì duō dé)
亚里斯多德	(yà lǐ sī duō dé)
亚历山大	(yà lì shān dà)
亚历山大·杜布切克	(yà lì shān dà · dù bù qiē kè)
亚历山大大帝	(yà lì shān dà dà dì)
亚历山大里亚	(yà lì shān dà lǐ yà)
亚历山大鹦鹉	(yà lì shān dà yīng wǔ)
亚利安娜	(yà lì ān nà)
亚利桑那	(yà lì sāng nà)
亚利桑那州	(yà lì sāng nà zhōu)
亚利桑纳州	(yà lì sāng nà zhōu)
亚临界	(yà lín jiè)
亚龙湾	(yà lóng wān)
亚伦	(yà lún)
亚罗号	(yà luó hào)
亚罗士打	(yà luó shì dǎ)
亚麻	(yà má)
亚麻布	(yà má bù)
亚麻仁	(yà má rén)
亚麻酸	(yà má suān)
亚麻子	(yà má zǐ)
亚麻籽	(yà má zǐ)
亚马孙	(yà mǎ sūn)
亚马孙河	(yà mǎ sūn hé)
亚马逊	(yà mǎ xùn)
亚马逊河	(yà mǎ xùn hé)
亚美利加	(yà měi lì jiā)
亚美利加洲	(yà měi lì jiā zhōu)
亚美尼亚	(yà měi ní yà)
亚门	(yà mén)
亚们	(yà men)
亚米拿达	(yà mǐ ná dá)
亚目	(yà mù)
亚穆苏克罗	(yà mù sū kè luó)
亚努科维奇	(yà nǔ kē wéi qí)
亚欧大陆	(yà ōu dà lù)
亚欧大陆腹地	(yà ōu dà lù fù dì)
亚欧大陆桥	(yà ōu dà lù qiáo)
亚平宁	(yà píng nìng)
亚齐	(yà qí)
亚齐省	(yà qí shěng)
亚热带	(yà rè dài)
亚撒	(yà sā)
亚塞拜然	(yà sài bài rán)
亚瑟	(yà sè)
亚瑟士	(yà sè shì)
亚瑟王	(yà sè wáng)
亚砷	(yà shēn)
亚砷酸	(yà shēn suān)
亚圣	(yà shèng)
亚松森	(yà sōng sēn)
亚速尔群岛	(yà sù ěr qún dǎo)
亚速海	(yà sù hǎi)
亚所	(yà suǒ)
亚太	(yà tài)
亚太地区	(yà tài dì qū)
亚太经合会	(yà tài jīng hé huì)
亚太经合组织	(yà tài jīng hé zǔ zhī)
亚太经济合作组织	(yà tài jīng jì hé zuò zǔ zhī)
亚太区	(yà tài qū)
亚特兰大	(yà tè lán dà)
亚铁	(yà tiě)
亚投行	(yà tóu háng)
亚文化	(yà wén huà)
亚西尔·阿拉法特	(yà xī ěr ā lā fǎ tè)
亚细安	(yà xì ān)
亚细亚	(yà xì yà)
亚细亚洲	(yà xì yà zhōu)
亚硝胺	(yà xiāo àn)
亚硝酸	(yà xiāo suān)
亚硝酸钠	(yà xiāo suān nà)
亚硝酸盐	(yà xiāo suān yán)
亚硝酸异戊酯	(yà xiāo suān yì wù zhǐ)
亚型	(yà xíng)
亚裔	(yà yì)
亚音节单位	(yà yīn jié dān wèi)
亚原子	(yà yuán zǐ)
亚运	(yà yùn)
亚运村	(yà yùn cūn)
亚运会	(yà yùn huì)
亚种	(yà zhǒng)
亚洲	(yà zhōu)
亚洲杯	(yà zhōu bēi)
亚洲短趾百灵	(yà zhōu duǎn zhǐ bǎi líng)
亚洲开发银行	(yà zhōu kāi fā yín háng)
亚洲梨	(yà zhōu lí)
亚洲漠地林莺	(yà zhōu mò dì lín yīng)
亚洲周刊	(yà zhōu zhōu kān)
亚洲足球联合会	(yà zhōu zú qiú lián hé huì)
亚足联	(yà zú lián)
挜	(yà)
娅	(yà)
揠	(yà)
呀	(yā)
呀诺达	(yā nuò dá)
恹	(yān)
恹恹	(yān yān)
崦	(yān)
崦嵫	(yān zī)
傿	(yàn)
嫣	(yān)
嫣红	(yān hóng)
嫣然	(yān rán)
嫣然一笑	(yān rán yī xiào)
嶖	(yān)
延	(yán)
延安市	(yán ān shì)
延毕	(yán bì)
延边朝鲜族自治州	(yán biān cháo xiǎn zú zì zhì zhōu)
延边大学	(yán biān dà xué)
延迟	(yán chí)
延川县	(yán chuān xiàn)
延宕	(yán dàng)
延发	(yán fā)
延搁	(yán gē)
延后	(yán hòu)
延缓	(yán huǎn)
延会	(yán huì)
延吉市	(yán jí shì)
延见	(yán jiàn)
延接	(yán jiē)
延津县	(yán jīn xiàn)
延颈企踵	(yán jǐng qǐ zhǒng)
延揽	(yán lǎn)
延绵	(yán mián)
延脑	(yán nǎo)
延年	(yán nián)
延年益寿	(yán nián yì shòu)
延聘	(yán pìn)
延平区	(yán píng qū)
延平乡	(yán píng xiāng)
延坪岛	(yán píng dǎo)
延期	(yán qī)
延期付款	(yán qī fù kuǎn)
延请	(yán qǐng)
延庆区	(yán qìng qū)
延烧	(yán shāo)
延伸	(yán shēn)
延时摄影	(yán shí shè yǐng)
延寿	(yán shòu)
延寿县	(yán shòu xiàn)
延髓	(yán suǐ)
延误	(yán wù)
延误费	(yán wu fèi)
延禧攻略	(yán xǐ gōng lüè)
延性	(yán xìng)
延续	(yán xù)
延音线	(yán yīn xiàn)
延展	(yán zhǎn)
延展性	(yán zhǎn xìng)
延长	(yán cháng)
延长县	(yán cháng xiàn)
延长线	(yán cháng xiàn)
严	(yán)
严查	(yán chá)
严惩	(yán chéng)
严惩不贷	(yán chéng bù dài)
严斥	(yán chì)
严饬	(yán chì)
严词	(yán cí)
严辞	(yán cí)
严慈	(yán cí)
严打	(yán dǎ)
严岛	(yán dǎo)
严岛神社	(yán dǎo shén shè)
严冬	(yán dōng)
严防	(yán fáng)
严父	(yán fù)
严复	(yán fù)
严格	(yán gé)
严格隔离	(yán gé gé lí)
严格来讲	(yán gé lái jiǎng)
严格来说	(yán gé lái shuō)
严寒	(yán hán)
严加	(yán jiā)
严紧	(yán jǐn)
严谨	(yán jǐn)
严禁	(yán jìn)
严峻	(yán jùn)
严苛	(yán kē)
严控	(yán kòng)
严酷	(yán kù)
严了眼儿	(yán le yǎn r)
严厉	(yán lì)
严厉打击	(yán lì dǎ jī)
严厉批评	(yán lì pī píng)
严密	(yán mì)
严明	(yán míng)
严实	(yán shi)
严守	(yán shǒu)
严丝合缝	(yán sī hé fèng)
严肃	(yán sù)
严刑	(yán xíng)
严刑拷打	(yán xíng kǎo dǎ)
严严实实	(yán yán shí shí)
严以律己	(yán yǐ lǜ jǐ)
严于律己	(yán yú lǜ jǐ)
严整	(yán zhěng)
严正	(yán zhèng)
严重	(yán zhòng)
严重关切	(yán zhòng guān qiè)
严重后果	(yán zhòng hòu guǒ)
严重急性呼吸系统综合症	(yán zhòng jí xìng hū xī xì tǒng zōng hé zhèng)
严重问题	(yán zhòng wèn tí)
严重性	(yán zhòng xìng)
㳂	(yán)
妍	(yán)
妍丽	(yán lì)
岩	(yán)
岩滨鹬	(yán bīn yù)
岩仓	(yán cāng)
岩仓使节团	(yán cāng shǐ jié tuán)
岩层	(yán céng)
岩床	(yán chuáng)
岩鸽	(yán gē)
岩壑	(yán hè)
岩画	(yán huà)
岩浆	(yán jiāng)
岩浆流	(yán jiāng liú)
岩浆岩	(yán jiāng yán)
岩降	(yán jiàng)
岩径	(yán jìng)
岩雷鸟	(yán léi niǎo)
岩流圈	(yán liú quān)
岩鹭	(yán lù)
岩崎	(yán qí)
岩溶	(yán róng)
岩沙海葵毒素	(yán shā hǎi kuí dú sù)
岩石	(yán shí)
岩石层	(yán shí céng)
岩石圈	(yán shí quān)
岩石学	(yán shí xué)
岩手	(yán shǒu)
岩土体	(yán tǔ tǐ)
岩屑	(yán xiè)
岩穴	(yán xué)
岩盐	(yán yán)
岩燕	(yán yàn)
岩羊	(yán yáng)
炎	(yán)
姸	(yán)
啱	(yān)
喦	(niè)
嵓	(yán)
揅	(yán)
檐	(yán)
檐廊	(yán láng)
奄	(yǎn)
奄列	(yǎn liè)
奄奄一息	(yǎn yǎn yī xī)
兖	(yǎn)
兖州区	(yǎn zhōu qū)
匽	(yǎn)
俨	(yǎn)
俨然	(yǎn rán)
俨如	(yǎn rú)
弇	(yǎn)
掩	(yǎn)
掩蔽	(yǎn bì)
掩藏	(yǎn cáng)
掩耳	(yǎn ěr)
掩耳盗铃	(yǎn ěr dào líng)
掩盖	(yǎn gài)
掩护	(yǎn hù)
掩卷	(yǎn juàn)
掩码	(yǎn mǎ)
掩埋	(yǎn mái)
掩面而泣	(yǎn miàn ér qì)
掩人耳目	(yǎn rén ěr mù)
掩杀	(yǎn shā)
掩饰	(yǎn shì)
掩体	(yǎn tǐ)
掩样法	(yǎn yàng fǎ)
掩映	(yǎn yìng)
厣	(yǎn)
偃	(yǎn)
偃旗息鼓	(yǎn qí xī gǔ)
偃师区	(yǎn shī qū)
偃息	(yǎn xī)
揜	(yǎn)
扊	(yǎn)
戭	(yǎn)
噞	(yǎn)
巚	(yǎn)
厌	(yàn)
厌薄	(yàn bó)
厌恶	(yàn wù)
厌烦	(yàn fán)
厌恨	(yàn hèn)
厌倦	(yàn juàn)
厌酷球孢子菌	(yàn kù qiú bāo zǐ jūn)
厌腻	(yàn nì)
厌女	(yàn nǚ)
厌女症	(yàn nǚ zhèng)
厌气	(yàn qì)
厌弃	(yàn qì)
厌食	(yàn shí)
厌食症	(yàn shí zhèng)
厌世	(yàn shì)
厌学	(yàn xué)
厌氧	(yàn yǎng)
厌氧菌	(yàn yǎng jūn)
厌战	(yàn zhàn)
咽	(yān)
咽鼓管	(yān gǔ guǎn)
咽喉	(yān hóu)
咽气	(yàn qì)
咽头	(yān tóu)
咽峡	(yān xiá)
咽峡炎	(yān xiá yán)
咽下	(yàn xià)
咽下困难	(yàn xià kùn nán)
咽炎	(yān yán)
咽住	(yàn zhù)
彦	(yàn)
晏	(yàn)
晏驾	(yàn jià)
晏平仲	(yàn píng zhòng)
晏婴	(yàn yīng)
晏子	(yàn zǐ)
晏子春秋	(yàn zǐ chūn qiū)
唁	(yàn)
唁电	(yàn diàn)
唁函	(yàn hán)
唁劳	(yàn láo)
唁信	(yàn xìn)
宴	(yàn)
宴会	(yàn huì)
宴会厅	(yàn huì tīng)
宴客	(yàn kè)
宴乐	(yàn lè)
宴请	(yàn qǐng)
宴席	(yàn xí)
宴飨	(yàn xiǎng)
宴饮	(yàn yǐn)
掞	(shàn)
堰	(yàn)
堰塞湖	(yàn sè hú)
堰蜓座	(yàn tíng zuò)
喭	(yàn)
嬿	(yàn)
央	(yāng)
央财	(yāng cái)
央告	(yāng gao)
央及	(yāng jí)
央企	(yāng qǐ)
央求	(yāng qiú)
央人	(yāng rén)
央视	(yāng shì)
央托	(yāng tuō)
央行	(yāng háng)
央中	(yāng zhōng)
殃	(yāng)
殃及	(yāng jí)
扬	(yáng)
扬鞭	(yáng biān)
扬菜	(yáng cài)
扬帆	(yáng fān)
扬帆远航	(yáng fān yuǎn háng)
扬幡招魂	(yáng fān zhāo hún)
扬谷	(yáng gǔ)
扬基	(yáng jī)
扬科维奇	(yáng kē wéi qí)
扬眉	(yáng méi)
扬名	(yáng míng)
扬名四海	(yáng míng sì hǎi)
扬起	(yáng qǐ)
扬琴	(yáng qín)
扬清激浊	(yáng qīng jī zhuó)
扬声器	(yáng shēng qì)
扬雄	(yáng xióng)
扬言	(yáng yán)
扬抑格	(yáng yì gé)
扬长	(yáng cháng)
扬长避短	(yáng cháng bì duǎn)
扬长而去	(yáng cháng ér qù)
扬召	(yáng zhào)
扬中市	(yáng zhōng shì)
扬州炒饭	(yáng zhōu chǎo fàn)
扬州市	(yáng zhōu shì)
扬子鳄	(yáng zǐ è)
扬子江	(yáng zǐ jiāng)
杨	(yáng)
杨百翰	(yáng bǎi hàn)
杨百翰大学	(yáng bǎi hàn dà xué)
杨宝森	(yáng bǎo sēn)
杨斌	(yáng bīn)
杨采妮	(yáng cǎi nī)
杨丞琳	(yáng chéng lín)
杨澄中	(yáng chéng zhōng)
杨福家	(yáng fú jiā)
杨贵妃	(yáng guì fēi)
杨过	(yáng guò)
杨虎城	(yáng hǔ chéng)
杨家将	(yáng jiā jiàng)
杨建利	(yáng jiàn lì)
杨炯	(yáng jiǒng)
杨俊	(yáng jùn)
杨开慧	(yáng kāi huì)
杨澜	(yáng lán)
杨利伟	(yáng lì wěi)
杨陵区	(yáng líng qū)
杨柳	(yáng liǔ)
杨梅	(yáng méi)
杨凝式	(yáng níng shì)
杨浦区	(yáng pǔ qū)
杨锐	(yáng ruì)
杨森	(yáng sēn)
杨尚昆	(yáng shàng kūn)
杨守仁	(yáng shǒu rén)
杨树	(yáng shù)
杨树菇	(yáng shù gū)
杨桃	(yáng táo)
杨维	(yáng wéi)
杨秀清	(yáng xiù qīng)
杨业	(yáng yè)
杨亿	(yáng yì)
杨玉环	(yáng yù huán)
杨月清	(yáng yuè qīng)
杨致远	(yáng zhì yuǎn)
杨朱	(yáng zhū)
旸	(yáng)
佯	(yáng)
佯狂	(yáng kuáng)
佯言	(yáng yán)
佯装	(yáng zhuāng)
垟	(yáng)
昜	(yáng)
徉	(yáng)
仰	(yǎng)
仰光大金塔	(yǎng guāng dà jīn tǎ)
仰角	(yǎng jiǎo)
仰赖	(yǎng lài)
仰慕	(yǎng mù)
仰人鼻息	(yǎng rén bí xī)
仰韶	(yǎng sháo)
仰韶文化	(yǎng sháo wén huà)
仰视	(yǎng shì)
仰躺	(yǎng tǎng)
仰天	(yǎng tiān)
仰头	(yǎng tóu)
仰望	(yǎng wàng)
仰卧	(yǎng wò)
仰卧起坐	(yǎng wò qǐ zuò)
仰卧式	(yǎng wò shì)
仰屋	(yǎng wū)
仰屋兴叹	(yǎng wū xīng tàn)
仰屋著书	(yǎng wū zhù shū)
仰泳	(yǎng yǒng)
仰仗	(yǎng zhàng)
坱	(yǎng)
怏	(yàng)
样	(yàng)
样板	(yàng bǎn)
样板戏	(yàng bǎn xì)
样本	(yàng běn)
样单	(yàng dān)
样机	(yàng jī)
样例	(yàng lì)
样貌	(yàng mào)
样品	(yàng pǐn)
样式	(yàng shì)
样条函数	(yàng tiáo hán shù)
样样	(yàng yàng)
样张	(yàng zhāng)
样章	(yàng zhāng)
样子	(yàng zi)
恙	(yàng)
恙虫病	(yàng chóng bìng)
幺	(yāo)
幺并矢	(yāo bìng shǐ)
幺点	(yāo diǎn)
幺儿	(yāo ér)
幺二	(yāo èr)
幺麽小丑	(yāo mó xiǎo chǒu)
幺女	(yāo nǚ)
夭	(yāo)
夭殇	(yāo shāng)
夭寿	(yāo shòu)
夭亡	(yāo wáng)
夭折	(yāo zhé)
吆	(yāo)
吆喊	(yāo hǎn)
吆喝	(yāo he)
吆呼	(yāo hū)
吆五喝六	(yāo wǔ hè liù)
妖	(yāo)
妖蛾子	(yāo é zi)
妖风	(yāo fēng)
妖妇	(yāo fù)
妖怪	(yāo guài)
妖姬	(yāo jī)
妖精	(yāo jing)
妖媚	(yāo mèi)
妖魔	(yāo mó)
妖魔鬼怪	(yāo mó guǐ guài)
妖魔化	(yāo mó huà)
妖孽	(yāo niè)
妖女	(yāo nǚ)
妖气	(yāo qì)
妖娆	(yāo ráo)
妖人	(yāo rén)
妖术	(yāo shù)
妖术师	(yāo shù shī)
妖物	(yāo wù)
妖邪	(yāo xié)
妖言	(yāo yán)
妖言惑众	(yāo yán huò zhòng)
妖艳	(yāo yàn)
妖冶	(yāo yě)
喓	(yāo)
尧	(yáo)
尧都区	(yáo dū qū)
肴	(yáo)
垚	(yáo)
峣	(yáo)
姚	(yáo)
姚安县	(yáo ān xiàn)
姚思廉	(yáo sī lián)
姚文元	(yáo wén yuán)
姚雪垠	(yáo xuě yín)
傜	(yáo)
摇	(yáo)
摇摆	(yáo bǎi)
摇摆不定	(yáo bǎi bù dìng)
摇摆乐	(yáo bǎi yuè)
摇摆舞	(yáo bǎi wǔ)
摇摆州	(yáo bǎi zhōu)
摇笔杆	(yáo bǐ gǎn)
摇臂	(yáo bì)
摇船	(yáo chuán)
摇电话	(yáo diàn huà)
摇动	(yáo dòng)
摇杆	(yáo gǎn)
摇光	(yáo guāng)
摇滚	(yáo gǔn)
摇滚乐	(yáo gǔn yuè)
摇撼	(yáo hàn)
摇号	(yáo hào)
摇晃	(yáo huàng)
摇奖	(yáo jiǎng)
摇篮	(yáo lán)
摇篮曲	(yáo lán qǔ)
摇粒绒	(yáo lì róng)
摇橹	(yáo lǔ)
摇橹船	(yáo lǔ chuán)
摇旗呐喊	(yáo qí nà hǎn)
摇钱树	(yáo qián shù)
摇人	(yáo rén)
摇身	(yáo shēn)
摇身一变	(yáo shēn yī biàn)
摇手	(yáo shǒu)
摇头	(yáo tóu)
摇头摆尾	(yáo tóu bǎi wěi)
摇头丸	(yáo tóu wán)
摇尾乞怜	(yáo wěi qǐ lián)
摇醒	(yáo xǐng)
摇摇摆摆	(yáo yáo bǎi bǎi)
摇摇车	(yáo yáo chē)
摇摇欲坠	(yáo yáo yù zhuì)
摇曳	(yáo yè)
摇曳多姿	(yáo yè duō zī)
摇椅	(yáo yǐ)
摇匀	(yáo yún)
摇战	(yáo zhàn)
徭	(yáo)
徭役	(yáo yì)
愮	(yáo)
杳	(yǎo)
杳霭	(yǎo ǎi)
杳茫	(yǎo máng)
杳眇	(yǎo miǎo)
杳渺	(yǎo miǎo)
杳冥	(yǎo míng)
杳然	(yǎo rán)
杳如黄鹤	(yǎo rú huáng hè)
杳无人迹	(yǎo wú rén jì)
杳无音信	(yǎo wú yīn xìn)
杳杳	(yǎo yǎo)
咬	(yǎo)
咬唇妆	(yǎo chún zhuāng)
咬定	(yǎo dìng)
咬耳朵	(yǎo ěr duo)
咬钩	(yǎo gōu)
咬合	(yǎo hé)
咬痕	(yǎo hén)
咬甲癖	(yǎo jiǎ pǐ)
咬紧牙关	(yǎo jǐn yá guān)
咬嚼	(yǎo jiáo)
咬啮	(yǎo niè)
咬人的狗不露齿	(yǎo rén de gǒu bù lòu chǐ)
咬人狗儿不露齿	(yǎo rén gǒu r bù lù chǐ)
咬伤	(yǎo shāng)
咬舌自尽	(yǎo shé zì jìn)
咬文嚼字	(yǎo wén jiáo zì)
咬牙	(yǎo yá)
咬牙切齿	(yǎo yá qiè chǐ)
咬着耳朵	(yǎo zhe ěr duo)
咬字	(yǎo zì)
婹	(yǎo)
曜	(yào)
倻	(yē)
掖	(yè)
掖咕	(yē gu)
掖门	(yè mén)
掖庭	(yè tíng)
掖掖盖盖	(yē yē gài gài)
掖垣	(yè yuán)
椰	(yē)
椰菜	(yē cài)
椰菜花	(yē cài huā)
椰果	(yē guǒ)
椰皇	(yē huáng)
椰浆	(yē jiāng)
椰壳	(yē ké)
椰壳纤维	(yē ké xiān wéi)
椰林	(yē lín)
椰林飘香	(yē lín piāo xiāng)
椰奶	(yē nǎi)
椰青	(yē qīng)
椰蓉	(yē róng)
椰丝	(yē sī)
椰油	(yē yóu)
椰枣	(yē zǎo)
椰汁	(yē zhī)
椰子	(yē zi)
椰子猫	(yē zi māo)
椰子蟹	(yē zi xiè)
椰子汁	(yē zi zhī)
暍	(hè)
噎	(yē)
噎死	(yē sǐ)
噎住	(yē zhù)
捓	(yé)
揶	(yé)
揶揄	(yé yú)
擨	(yé)
也	(yě)
也罢	(yě bà)
也好	(yě hǎo)
也好不到哪里去	(yě hǎo bù dào nǎ lǐ qù)
也好不了多少	(yě hǎo bu liǎo duō shǎo)
也就是	(yě jiù shì)
也就是说	(yě jiù shì shuō)
也门	(yě mén)
也许	(yě xǔ)
也有今天	(yě yǒu jīn tiān)
吔	(yē)
冶	(yě)
冶荡	(yě dàng)
冶金	(yě jīn)
冶金学	(yě jīn xué)
冶炼	(yě liàn)
冶炼炉	(yě liàn lú)
冶容	(yě róng)
冶天	(yě tiān)
冶艳	(yě yàn)
冶游	(yě yóu)
冶铸	(yě zhù)
野	(yě)
嘢	(yě)
业	(yè)
业大	(yè dà)
业根	(yè gēn)
业海	(yè hǎi)
业荒于嬉	(yè huāng yú xī)
业绩	(yè jì)
业界	(yè jiè)
业界标准	(yè jiè biāo zhǔn)
业经	(yè jīng)
业精于勤	(yè jīng yú qín)
业力	(yè lì)
业龙	(yè lóng)
业满	(yè mǎn)
业内	(yè nèi)
业配	(yè pèi)
业配文	(yè pèi wén)
业师	(yè shī)
业态	(yè tài)
业务	(yè wù)
业务员	(yè wù yuán)
业已	(yè yǐ)
业余	(yè yú)
业余爱好者	(yè yú ài hào zhě)
业余大学	(yè yú dà xué)
业余教育	(yè yú jiào yù)
业余者	(yè yú zhě)
业障	(yè zhàng)
业者	(yè zhě)
业主	(yè zhǔ)
叶	(xié)
叶韵	(xié yùn)
曳	(yè)
曳步舞	(yè bù wǔ)
曳光弹	(yè guāng dàn)
曳尾鹱	(yè wěi hù)
曳引车	(yè yǐn chē)
抴	(yè)
夜	(yè)
夜班	(yè bān)
夜半	(yè bàn)
夜不闭户	(yè bù bì hù)
夜不成眠	(yè bù chéng mián)
夜不归宿	(yè bù guī sù)
夜叉	(yè chā)
夜场	(yè chǎng)
夜床服务	(yè chuáng fú wù)
夜大	(yè dà)
夜大学	(yè dà xué)
夜店	(yè diàn)
夜饭	(yè fàn)
夜光	(yè guāng)
夜壶	(yè hú)
夜间	(yè jiān)
夜间部	(yè jiān bù)
夜惊	(yè jīng)
夜景	(yè jǐng)
夜开花	(yè kāi huā)
夜空	(yè kōng)
夜来香	(yè lái xiāng)
夜阑	(yè lán)
夜阑人静	(yè lán rén jìng)
夜阑珊	(yè lán shān)
夜郎	(yè láng)
夜郎自大	(yè láng zì dà)
夜里	(yè li)
夜鹭	(yè lù)
夜盲	(yè máng)
夜盲症	(yè máng zhèng)
夜猫子	(yè māo zi)
夜幕	(yè mù)
夜幕低垂	(yè mù dī chuí)
夜幕降临	(yè mù jiàng lín)
夜鸟	(yè niǎo)
夜跑	(yè pǎo)
夜盆儿	(yè pén r)
夜曲	(yè qǔ)
夜色	(yè sè)
夜色苍茫	(yè sè cāng máng)
夜深人静	(yè shēn rén jìng)
夜神仙	(yè shén xiān)
夜生活	(yè shēng huó)
夜市	(yè shì)
夜视	(yè shì)
夜视镜	(yè shì jìng)
夜视仪	(yè shì yí)
夜晚	(yè wǎn)
夜袭	(yè xí)
夜香木	(yè xiāng mù)
夜枭	(yè xiāo)
夜消	(yè xiāo)
夜宵	(yè xiāo)
夜宵儿	(yè xiāo r)
夜校	(yè xiào)
夜行	(yè xíng)
夜行军	(yè xíng jūn)
夜行性	(yè xíng xìng)
夜行昼伏	(yè xíng zhòu fú)
夜夜	(yè yè)
夜以继日	(yè yǐ jì rì)
夜莺	(yè yīng)
夜鹰	(yè yīng)
夜游	(yè yóu)
夜游症	(yè yóu zhèng)
夜总会	(yè zǒng huì)
晔	(yè)
烨	(yè)
堨	(è)
殗	(yè)
殗殜	(yè dié)
楪	(dié)
擖	(gě)
嶫	(yè)
一	(yī)
一把好手	(yī bǎ hǎo shǒu)
一把年纪	(yī bǎ nián jì)
一把屎一把尿	(yī bǎ shǐ yī bǎ niào)
一把手	(yī bǎ shǒu)
一把死拿	(yī bǎ sǐ ná)
一把眼泪一把鼻涕	(yī bǎ yǎn lèi yī bǎ bí tì)
一把钥匙开一把锁	(yī bǎ yào shi kāi yī bǎ suǒ)
一把抓	(yī bǎ zhuā)
一百一	(yī bǎi yī)
一败涂地	(yī bài tú dì)
一般	(yī bān)
一般般	(yī bān bān)
一般而言	(yī bān ér yán)
一般规定	(yī bān guī dìng)
一般见识	(yī bān jiàn shi)
一般来讲	(yī bān lái jiǎng)
一般来说	(yī bān lái shuō)
一般贸易	(yī bān mào yì)
一般人	(yī bān rén)
一般说来	(yī bān shuō lái)
一般性	(yī bān xìng)
一般原则	(yī bān yuán zé)
一斑	(yī bān)
一板三眼	(yī bǎn sān yǎn)
一板一眼	(yī bǎn yī yǎn)
一半	(yī bàn)
一半天	(yī bàn tiān)
一饱眼福	(yī bǎo yǎn fú)
一暴十寒	(yī pù shí hán)
一杯羹	(yī bēi gēng)
一辈子	(yī bèi zi)
一本万利	(yī běn wàn lì)
一本正经	(yī běn zhèng jīng)
一鼻孔出气	(yī bí kǒng chū qì)
一笔不苟	(yī bǐ bù gǒu)
一笔带过	(yī bǐ dài guò)
一笔勾销	(yī bǐ gōu xiāo)
一笔抹杀	(yī bǐ mǒ shā)
一笔抹煞	(yī bǐ mǒ shā)
一壁	(yī bì)
一边	(yī biān)
一边倒	(yī biān dǎo)
一遍	(yī biàn)
一遍又一遍	(yī biàn yòu yī biàn)
一秉虔诚	(yī bǐng qián chéng)
一并	(yī bìng)
一病不起	(yī bìng bù qǐ)
一拨儿	(yī bō r)
一波三折	(yī bō sān zhé)
一波未平，一波又起	(yī bō wèi píng , yī bō yòu qǐ)
一不小心	(yī bù xiǎo xīn)
一不做，二不休	(yī bù zuò , èr bù xiū)
一步到位	(yī bù dào wèi)
一步登天	(yī bù dēng tiān)
一步裙	(yī bù qún)
一步一个脚印	(yī bù yī gè jiǎo yìn)
一部二十四史，不知从何说起	(yī bù èr shí sì shǐ , bù zhī cóng hé shuō qǐ)
一部分	(yī bù fen)
一侧化	(yī cè huà)
一层	(yī céng)
一场空	(yī cháng kōng)
一倡三叹	(yī chàng sān tàn)
一唱三叹	(yī chàng sān tàn)
一唱一和	(yī chàng yī hè)
一朝被蛇咬，十年怕井绳	(yī zhāo bèi shé yǎo , shí nián pà jǐng shéng)
一朝天子一朝臣	(yī cháo tiān zǐ yī cháo chén)
一朝一夕	(yī zhāo yī xī)
一尘不染	(yī chén bù rǎn)
一成不变	(yī chéng bù biàn)
一逞兽欲	(yī chěng shòu yù)
一筹莫展	(yī chóu mò zhǎn)
一触即发	(yī chù jí fā)
一触即溃	(yī chù jí kuì)
一传十，十传百	(yī chuán shí , shí chuán bǎi)
一槌定音	(yī chuí dìng yīn)
一锤定音	(yī chuí dìng yīn)
一锤子买卖	(yī chuí zi mǎi mài)
一辞莫赞	(yī cí mò zàn)
一次	(yī cì)
一次方程	(yī cì fāng chéng)
一次方程式	(yī cì fāng chéng shì)
一次函数	(yī cì hán shù)
一次生，两次熟	(yī cì shēng , liǎng cì shú)
一次性	(yī cì xìng)
一次又一次	(yī cì yòu yī cì)
一次总付	(yī cì zǒng fù)
一蹴而就	(yī cù ér jiù)
一蹴即至	(yī cù jí zhì)
一蹴可几	(yī cù kě jī)
一寸光阴一寸金	(yī cùn guāng yīn yī cùn jīn)
一寸光阴一寸金，寸金难买寸光阴	(yī cùn guāng yīn yī cùn jīn , cùn jīn nán mǎi cùn guāng yīn)
一错再错	(yī cuò zài cuò)
一打	(yī dá)
一大通	(yī dà tōng)
一大早	(yī dà zǎo)
一大早儿	(yī dà zǎo r)
一代	(yī dài)
一代不如一代	(yī dài bù rú yī dài)
一带	(yī dài)
一带而过	(yī dài ér guò)
一旦	(yī dàn)
一弹指顷	(yī tán zhǐ qǐng)
一党	(yī dǎng)
一党专制	(yī dǎng zhuān zhì)
一刀两断	(yī dāo liǎng duàn)
一刀切	(yī dāo qiē)
一道	(yī dào)
一地鸡毛	(yī dì jī máo)
一等	(yī děng)
一等奖	(yī děng jiǎng)
一等一	(yī děng yī)
一递一个	(yī dì yī gè)
一递一声	(yī dì yī shēng)
一点	(yī diǎn)
一点不	(yī diǎn bù)
一点点	(yī diǎn diǎn)
一点儿	(yī diǎn r)
一点就通	(yī diǎn jiù tōng)
一点水一个泡	(yī diǎn shuǐ yī gè pào)
一点一滴	(yī diǎn yī dī)
一点一点	(yī diǎn yī diǎn)
一丁不识	(yī dīng bù shí)
一丁点	(yī dīng diǎn)
一定	(yī dìng)
一丢丢	(yī diū diū)
一东一西	(yī dōng yī xī)
一动不动	(yī dòng bù dòng)
一睹	(yī dǔ)
一肚皮	(yī dù pí)
一肚子	(yī dù zi)
一度	(yī dù)
一堆	(yī duī)
一对	(yī duì)
一对儿	(yī duì r)
一对一	(yī duì yī)
一对一斗牛	(yī duì yī dòu niú)
一多对应	(yī duō duì yìng)
一而再，再而三	(yī ér zài , zài ér sān)
一二	(yī èr)
一发	(yī fā)
一发不可收拾	(yī fā bù kě shōu shi)
一发而不可收	(yī fā ér bù kě shōu)
一帆风顺	(yī fān fēng shùn)
一反常态	(yī fǎn cháng tài)
一反往常	(yī fǎn wǎng cháng)
一犯再犯	(yī fàn zài fàn)
一方	(yī fāng)
一方面	(yī fāng miàn)
一房一厅	(yī fáng yī tīng)
一分耕耘，一分收获	(yī fēn gēng yún , yī fēn shōu huò)
一分钱两分货	(yī fēn qián liǎng fēn huò)
一分钱一分货	(yī fēn qián yī fēn huò)
一分熟	(yī fēn shú)
一分为二	(yī fēn wéi èr)
一分一毫	(yī fēn yī háo)
一夫当关，万夫莫开	(yī fū dāng guān , wàn fū mò kāi)
一夫多妻	(yī fū duō qī)
一夫一妻	(yī fū yī qī)
一改故辙	(yī gǎi gù zhé)
一改再改	(yī gǎi zài gǎi)
一概	(yī gài)
一概而论	(yī gài ér lùn)
一杆进洞	(yī gān jìn dòng)
一干二净	(yī gān èr jìng)
一哥	(yī gē)
一个	(yī ge)
一个巴掌拍不响	(yī ge bā zhǎng pāi bù xiǎng)
一个半	(yī ge bàn)
一个个	(yī gè gè)
一个将军一个令	(yī gè jiāng jūn yī gè lìng)
一个接一个	(yī ge jiē yī ge)
一个劲	(yī gè jìn)
一个劲儿	(yī gè jìn r)
一个萝卜一个坑	(yī gè luó bo yī gè kēng)
一个人	(yī gè rén)
一个天南，一个地北	(yī ge tiān nán , yī ge dì běi)
一个头两个大	(yī ge tóu liǎng ge dà)
一个样	(yī ge yàng)
一个中国政策	(yī gè zhōng guó zhèng cè)
一根筋	(yī gēn jīn)
一共	(yī gòng)
一古脑儿	(yī gǔ nǎo r)
一股脑	(yī gǔ nǎo)
一股脑儿	(yī gǔ nǎo r)
一股清流	(yī gǔ qīng liú)
一股子	(yī gǔ zi)
一骨碌	(yī gū lu)
一鼓作气	(yī gǔ zuò qì)
一贯	(yī guàn)
一棍子打死	(yī gùn zi dǎ sǐ)
一锅粥	(yī guō zhōu)
一国两制	(yī guó liǎng zhì)
一过性	(yī guò xìng)
一号	(yī hào)
一号电池	(yī hào diàn chí)
一号木杆	(yī hào mù gān)
一黑早	(yī hēi zǎo)
一哄而起	(yī hōng ér qǐ)
一哄而散	(yī hōng ér sàn)
一呼百诺	(yī hū bǎi nuò)
一呼百应	(yī hū bǎi yìng)
一晃	(yī huǎng)
一挥而就	(yī huī ér jiù)
一回生二回熟	(yī huí shēng èr huí shú)
一回事	(yī huí shì)
一会	(yī huì)
一会儿	(yī huì r)
一击入洞	(yī jī rù dòng)
一级	(yī jí)
一级棒	(yī jí bàng)
一级方程式	(yī jí fāng chéng shì)
一级士官	(yī jí shì guān)
一级头	(yī jí tóu)
一己	(yī jǐ)
一技之长	(yī jì zhī cháng)
一家	(yī jiā)
一家人	(yī jiā rén)
一家人不说两家话	(yī jiā rén bù shuō liǎng jiā huà)
一家之主	(yī jiā zhī zhǔ)
一家子	(yī jiā zi)
一甲子	(yī jiǎ zǐ)
一价	(yī jià)
一见高低	(yī jiàn gāo dī)
一见倾心	(yī jiàn qīng xīn)
一见如故	(yī jiàn rú gù)
一见钟情	(yī jiàn zhōng qíng)
一箭双雕	(yī jiàn shuāng diāo)
一箭之仇	(yī jiàn zhī chóu)
一角鲸	(yī jiǎo jīng)
一较高下	(yī jiào gāo xià)
一姐	(yī jiě)
一介不取	(yī jiè bù qǔ)
一经	(yī jīng)
一惊一乍	(yī jīng yī zhà)
一径	(yī jìng)
一掬同情之泪	(yī jū tóng qíng zhī lèi)
一举	(yī jǔ)
一举成功	(yī jǔ chéng gōng)
一举两得	(yī jǔ liǎng dé)
一举手一投足	(yī jǔ shǒu yī tóu zú)
一举一动	(yī jǔ yī dòng)
一句	(yī jù)
一句话	(yī jù huà)
一决雌雄	(yī jué cí xióng)
一觉醒来	(yī jiào xǐng lái)
一蹶不振	(yī jué bù zhèn)
一卡通	(yī kǎ tōng)
一颗老鼠屎坏了一锅汤	(yī kē lǎo shǔ shǐ huài le yī guō tāng)
一刻千金	(yī kè qiān jīn)
一空	(yī kōng)
一孔之见	(yī kǒng zhī jiàn)
一口	(yī kǒu)
一口吃不成胖子	(yī kǒu chī bù chéng pàng zi)
一口吃个胖子	(yī kǒu chī ge pàng zi)
一口价	(yī kǒu jià)
一口气	(yī kǒu qì)
一口气儿	(yī kǒu qì r)
一口咬定	(yī kǒu yǎo dìng)
一哭二闹三上吊	(yī kū èr nào sān shàng diào)
一块	(yī kuài)
一块儿	(yī kuài r)
一窥端倪	(yī kuī duān ní)
一夔已足	(yī kuí yǐ zú)
一来	(yī lái)
一来二去	(yī lái èr qù)
一览	(yī lǎn)
一览表	(yī lǎn biǎo)
一览无遗	(yī lǎn wú yí)
一览无余	(yī lǎn wú yú)
一览众山小	(yī lǎn zhòng shān xiǎo)
一揽子	(yī lǎn zi)
一劳永逸	(yī láo yǒng yì)
一了百了	(yī liǎo bǎi liǎo)
一类	(yī lèi)
一类保护动物	(yī lèi bǎo hù dòng wù)
一力降十会	(yī lì xiáng shí huì)
一粒老鼠屎坏了一锅粥	(yī lì lǎo shǔ shǐ huài le yī guō zhōu)
一连	(yī lián)
一连串	(yī lián chuàn)
一脸茫然	(yī liǎn máng rán)
一鳞半爪	(yī lín bàn zhǎo)
一灵真性	(yī líng zhēn xìng)
一溜烟	(yī liù yān)
一流	(yī liú)
一路	(yī lù)
一路风尘	(yī lù fēng chén)
一路货色	(yī lù huò sè)
一路来	(yī lù lái)
一路平安	(yī lù píng ān)
一路上	(yī lù shàng)
一路顺风	(yī lù shùn fēng)
一轮	(yī lún)
一箩筐	(yī luó kuāng)
一落千丈	(yī luò qiān zhàng)
一律	(yī lǜ)
一马当先	(yī mǎ dāng xiān)
一马平川	(yī mǎ píng chuān)
一马勺坏一锅	(yī mǎ sháo huài yī guō)
一脉相承	(yī mài xiāng chéng)
一毛不拔	(yī máo bù bá)
一毛一样	(yī máo yī yàng)
一门式	(yī mén shì)
一门心思	(yī mén xīn si)
一秘	(yī mì)
一面	(yī miàn)
一面倒	(yī miàn dǎo)
一面之词	(yī miàn zhī cí)
一面之交	(yī miàn zhī jiāo)
一抿子	(yī mǐn zi)
一鸣惊人	(yī míng jīng rén)
一命呜呼	(yī mìng wū hū)
一模一样	(yī mú yī yàng)
一亩三分地	(yī mǔ sān fēn dì)
一木难支	(yī mù nán zhī)
一目了然	(yī mù liǎo rán)
一目十行	(yī mù shí háng)
一男半女	(yī nán bàn nǚ)
一年半	(yī nián bàn)
一年半载	(yī nián bàn zǎi)
一年到头	(yī nián dào tóu)
一年多	(yī nián duō)
一年期	(yī nián qī)
一年生	(yī nián shēng)
一年四季	(yī nián sì jì)
一年之计在于春	(yī nián zhī jì zài yú chūn)
一念之差	(yī niàn zhī chā)
一诺千金	(yī nuò qiān jīn)
一拍即合	(yī pāi jí hé)
一拍两散	(yī pāi liǎng sàn)
一排	(yī pái)
一派胡言	(yī pài hú yán)
一派谎言	(yī pài huǎng yán)
一盘棋	(yī pán qí)
一盘散沙	(yī pán sǎn shā)
一旁	(yī páng)
一炮打响	(yī pào dǎ xiǎng)
一炮而红	(yī pào ér hóng)
一瞥	(yī piē)
一贫如洗	(yī pín rú xǐ)
一颦一笑	(yī pín yī xiào)
一品	(yī pǐn)
一品锅	(yī pǐn guō)
一品红	(yī pǐn hóng)
一瓶子不响，半瓶子晃荡	(yī píng zi bù xiǎng , bàn píng zi huàng dang)
一曝十寒	(yī pù shí hán)
一妻制	(yī qī zhì)
一齐	(yī qí)
一骑绝尘	(yī qí jué chén)
一起	(yī qǐ)
一气	(yī qì)
一气呵成	(yī qì hē chéng)
一气之下	(yī qì zhī xià)
一千零一夜	(yī qiān líng yī yè)
一钱不值	(yī qián bù zhí)
一钱如命	(yī qián rú mìng)
一枪命中	(yī qiāng mìng zhòng)
一腔	(yī qiāng)
一窍不通	(yī qiào bù tōng)
一切	(yī qiè)
一切就绪	(yī qiè jiù xù)
一切如旧	(yī qiè rú jiù)
一切险	(yī qiè xiǎn)
一切向钱看	(yī qiè xiàng qián kàn)
一亲芳泽	(yī qīn fāng zé)
一琴一鹤	(yī qín yī hè)
一清二白	(yī qīng èr bái)
一清二楚	(yī qīng èr chǔ)
一清如水	(yī qīng rú shuǐ)
一清早	(yī qīng zǎo)
一穷二白	(yī qióng èr bái)
一丘之貉	(yī qiū zhī hé)
一去不复返	(yī qù bù fù fǎn)
一去不回	(yī qù bù huí)
一去无影踪	(yī qù wú yǐng zōng)
一瘸一拐	(yī qué yī guǎi)
一人得道，鸡犬升天	(yī rén dé dào , jī quǎn shēng tiān)
一日不见，如隔三秋	(yī rì bù jiàn , rú gé sān qiū)
一日不如一日	(yī rì bù rú yī rì)
一日千里	(yī rì qiān lǐ)
一日三餐	(yī rì sān cān)
一日三秋	(yī rì sān qiū)
一日为师，终身为父	(yī rì wéi shī , zhōng shēn wéi fù)
一日之计在于晨	(yī rì zhī jì zài yú chén)
一日之雅	(yī rì zhī yǎ)
一如	(yī rú)
一如既往	(yī rú jì wǎng)
一如所料	(yī rú suǒ liào)
一如往常	(yī rú wǎng cháng)
一扫而空	(yī sǎo ér kōng)
一刹那	(yī chà nà)
一霎	(yī shà)
一霎间	(yī shà jiān)
一霎时	(yī shà shí)
一霎眼	(yī shà yǎn)
一山不容二虎	(yī shān bù róng èr hǔ)
一闪而过	(yī shǎn ér guò)
一闪念	(yī shǎn niàn)
一身	(yī shēn)
一身汗	(yī shēn hàn)
一身两役	(yī shēn liǎng yì)
一身是胆	(yī shēn shì dǎn)
一神教	(yī shén jiào)
一神论	(yī shén lùn)
一审	(yī shěn)
一生	(yī shēng)
一生一世	(yī shēng yī shì)
一声	(yī shēng)
一声不吭	(yī shēng bù kēng)
一声不响	(yī shēng bù xiǎng)
一失足成千古恨	(yī shī zú chéng qiān gǔ hèn)
一石二鸟	(yī shí èr niǎo)
一时	(yī shí)
一时半会	(yī shí bàn huì)
一时半会儿	(yī shí bàn huì r)
一时半刻	(yī shí bàn kè)
一时半霎	(yī shí bàn shà)
一时半晌	(yī shí bàn shǎng)
一时间	(yī shí jiān)
一时瑜亮	(yī shí yú liàng)
一矢中的	(yī shǐ zhòng dì)
一世	(yī shì)
一式二份	(yī shì èr fèn)
一事无成	(yī shì wú chéng)
一视同仁	(yī shì tóng rén)
一是一，二是二	(yī shì yī , èr shì èr)
一匙	(yī chí)
一手	(yī shǒu)
一手包办	(yī shǒu bāo bàn)
一手交钱，一手交货	(yī shǒu jiāo qián , yī shǒu jiāo huò)
一手遮天	(yī shǒu zhē tiān)
一水儿	(yī shuǐ r)
一瞬	(yī shùn)
一瞬间	(yī shùn jiān)
一说	(yī shuō)
一丝不苟	(yī sī bù gǒu)
一丝不挂	(yī sī bù guà)
一丝一毫	(yī sī yī háo)
一宿	(yī xiǔ)
一塌糊涂	(yī tā hú tu)
一胎化	(yī tāi huà)
一胎制	(yī tāi zhì)
一潭死水	(yī tán sǐ shuǐ)
一探究竟	(yī tàn jiū jìng)
一套	(yī tào)
一体	(yī tǐ)
一体化	(yī tǐ huà)
一体两面	(yī tǐ liǎng miàn)
一天到晚	(yī tiān dào wǎn)
一天一个样	(yī tiān yī ge yàng)
一条道走到黑	(yī tiáo dào zǒu dào hēi)
一条龙	(yī tiáo lóng)
一条龙服务	(yī tiáo lóng fú wù)
一条路走到黑	(yī tiáo lù zǒu dào hēi)
一条绳上的蚂蚱	(yī tiáo shéng shàng de mà zha)
一条心	(yī tiáo xīn)
一通百通	(yī tōng bǎi tōng)
一同	(yī tóng)
一统	(yī tǒng)
一头	(yī tóu)
一头热	(yī tóu rè)
一头雾水	(yī tóu wù shuǐ)
一头栽进	(yī tóu zāi jìn)
一吐为快	(yī tǔ wéi kuài)
一团和气	(yī tuán hé qì)
一团火	(yī tuán huǒ)
一团乱糟	(yī tuán luàn zāo)
一团漆黑	(yī tuán qī hēi)
一团糟	(yī tuán zāo)
一推六二五	(yī tuī liù èr wǔ)
一碗水端平	(yī wǎn shuǐ duān píng)
一网打尽	(yī wǎng dǎ jìn)
一往情深	(yī wǎng qíng shēn)
一往无前	(yī wǎng wú qián)
一望而知	(yī wàng ér zhī)
一望无际	(yī wàng wú jì)
一望无垠	(yī wàng wú yín)
一维	(yī wéi)
一味	(yī wèi)
一文不名	(yī wén bù míng)
一文不值	(yī wén bù zhí)
一问三不知	(yī wèn sān bù zhī)
一窝蜂	(yī wō fēng)
一无是处	(yī wú shì chù)
一无所动	(yī wú suǒ dòng)
一无所获	(yī wú suǒ huò)
一无所闻	(yī wú suǒ wén)
一无所有	(yī wú suǒ yǒu)
一无所长	(yī wú suǒ cháng)
一无所知	(yī wú suǒ zhī)
一五一十	(yī wǔ yī shí)
一物降一物	(yī wù xiáng yī wù)
一夕	(yī xī)
一夕数惊	(yī xī shù jīng)
一席话	(yī xí huà)
一席之地	(yī xí zhī dì)
一袭	(yī xí)
一系列	(yī xì liè)
一下	(yī xià)
一下儿	(yī xià r)
一下子	(yī xià zi)
一线	(yī xiàn)
一线生机	(yī xiàn shēng jī)
一线希望	(yī xiàn xī wàng)
一线之隔	(yī xiàn zhī gé)
一线之间	(yī xiàn zhī jiān)
一相情愿	(yī xiāng qíng yuàn)
一厢情愿	(yī xiāng qíng yuàn)
一向	(yī xiàng)
一小部分	(yī xiǎo bù fèn)
一小撮	(yī xiǎo cuō)
一小阵儿	(yī xiǎo zhèn r)
一笑了之	(yī xiào liǎo zhī)
一笑置之	(yī xiào zhì zhī)
一些	(yī xiē)
一心	(yī xīn)
一心多用	(yī xīn duō yòng)
一心二用	(yī xīn èr yòng)
一心一德	(yī xīn yī dé)
一心一意	(yī xīn yī yì)
一星半点	(yī xīng bàn diǎn)
一行	(yī xíng)
一学就会	(yī xué jiù huì)
一雪前耻	(yī xuě qián chǐ)
一血	(yī xuè)
一言	(yī yán)
一言不发	(yī yán bù fā)
一言不合	(yī yán bù hé)
一言抄百总	(yī yán chāo bǎi zǒng)
一言既出，驷马难追	(yī yán jì chū , sì mǎ nán zhuī)
一言九鼎	(yī yán jiǔ dǐng)
一言难尽	(yī yán nán jìn)
一言千金	(yī yán qiān jīn)
一言堂	(yī yán táng)
一言为定	(yī yán wéi dìng)
一言为重	(yī yán wéi zhòng)
一言一动	(yī yán yī dòng)
一言一行	(yī yán yī xíng)
一言以蔽之	(yī yán yǐ bì zhī)
一眼	(yī yǎn)
一眼看穿	(yī yǎn kàn chuān)
一眼望去	(yī yǎn wàng qù)
一氧化氮	(yī yǎng huà dàn)
一氧化二氮	(yī yǎng huà èr dàn)
一氧化碳	(yī yǎng huà tàn)
一样	(yī yàng)
一叶障目	(yī yè zhàng mù)
一叶知秋	(yī yè zhī qiū)
一夜爆红	(yī yè bào hóng)
一夜露水	(yī yè lù shui)
一夜情	(yī yè qíng)
一夜无眠	(yī yè wú mián)
一夜之间	(yī yè zhī jiān)
一一	(yī yī)
一一对应	(yī yī duì yìng)
一一映射	(yī yī yìng shè)
一衣带水	(yī yī dài shuǐ)
一以贯之	(yī yǐ guàn zhī)
一意	(yī yì)
一意孤行	(yī yì gū xíng)
一饮而尽	(yī yǐn ér jìn)
一应	(yī yīng)
一应俱全	(yī yīng jù quán)
一拥而入	(yī yōng ér rù)
一拥而上	(yī yōng ér shàng)
一雨成秋	(yī yǔ chéng qiū)
一语不发	(yī yǔ bù fā)
一语成谶	(yī yǔ chéng chèn)
一语道破	(yī yǔ dào pò)
一语双关	(yī yǔ shuāng guān)
一语中的	(yī yǔ zhòng dì)
一元	(yī yuán)
一元复始	(yī yuán fù shǐ)
一元化	(yī yuán huà)
一元论	(yī yuán lùn)
一员	(yī yuán)
一月	(yī yuè)
一月份	(yī yuè fèn)
一跃而起	(yī yuè ér qǐ)
一再	(yī zài)
一早	(yī zǎo)
一则	(yī zé)
一则以喜，一则以忧	(yī zé yǐ xǐ , yī zé yǐ yōu)
一眨眼	(yī zhǎ yǎn)
一展身手	(yī zhǎn shēn shǒu)
一战	(yī zhàn)
一站式	(yī zhàn shì)
一长一短	(yī cháng yī duǎn)
一着不慎，满盘皆输	(yī zhāo bù shèn , mǎn pán jiē shū)
一针见血	(yī zhēn jiàn xiě)
一阵	(yī zhèn)
一阵子	(yī zhèn zi)
一之为甚	(yī zhī wéi shèn)
一枝独秀	(yī zhī dú xiù)
一知半解	(yī zhī bàn jiě)
一直	(yī zhí)
一直以来	(yī zhí yǐ lái)
一纸空文	(yī zhǐ kōng wén)
一致	(yī zhì)
一致性	(yī zhì xìng)
一致性效应	(yī zhì xìng xiào yìng)
一致字	(yī zhì zì)
一掷千金	(yī zhì qiān jīn)
一中一台	(yī zhōng yī tái)
一中原则	(yī zhōng yuán zé)
一种	(yī zhǒng)
一众	(yī zhòng)
一周	(yī zhōu)
一柱擎天	(yī zhù qíng tiān)
一抓一大把	(yī zhuā yī dà bǎ)
一转眼	(yī zhuǎn yǎn)
一准	(yī zhǔn)
一字	(yī zì)
一字褒贬	(yī zì bāo biǎn)
一字不差	(yī zì bù chà)
一字不漏	(yī zì bù lòu)
一字不识	(yī zì bù shí)
一字不提	(yī zì bù tí)
一字儿	(yī zì r)
一字巾	(yī zì jīn)
一字马	(yī zì mǎ)
一字千金	(yī zì qiān jīn)
一字一泪	(yī zì yī lèi)
一字之师	(yī zì zhī shī)
一字纵队	(yī zì zòng duì)
一总	(yī zǒng)
一走了之	(yī zǒu liǎo zhī)
一族	(yī zú)
一醉方休	(yī zuì fāng xiū)
一作	(yī zuò)
弌	(yī)
伊	(yī)
伊比利亚	(yī bǐ lì yà)
伊比利亚半岛	(yī bǐ lì yà bàn dǎo)
伊壁鸠鲁	(yī bì jiū lǔ)
伊波拉	(yī bō lā)
伊川县	(yī chuān xiàn)
伊春市	(yī chūn shì)
伊党	(yī dǎng)
伊甸园	(yī diàn yuán)
伊顿公学	(yī dùn gōng xué)
伊尔库茨克	(yī ěr kù cí kè)
伊凡	(yī fán)
伊芙	(yī fú)
伊戈尔	(yī gē ěr)
伊戈尔斯	(yī gē ěr sī)
伊金霍洛	(yī jīn huò luò)
伊金霍洛旗	(yī jīn huò luò qí)
伊科病毒	(yī kē bìng dú)
伊拉克	(yī lā kè)
伊莱克斯	(yī lái kè sī)
伊朗	(yī lǎng)
伊朗宪监会	(yī lǎng xiàn jiān huì)
伊犁哈萨克自治州	(yī lí hā sà kè zì zhì zhōu)
伊犁河	(yī lí hé)
伊犁盆地	(yī lí pén dì)
伊里奇	(yī lǐ qí)
伊丽莎白	(yī lì shā bái)
伊利埃斯库	(yī lì āi sī kù)
伊利格瑞	(yī lì gé ruì)
伊利湖	(yī lì hú)
伊利诺	(yī lì nuò)
伊利诺伊	(yī lì nuò yī)
伊利亚特	(yī lì yà tè)
伊莉萨白	(yī lì sà bái)
伊莉莎白	(yī lì shā bái)
伊留申	(yī liú shēn)
伊隆·马斯克	(yī lóng · mǎ sī kè)
伊伦	(yī lún)
伊洛瓦底	(yī luò wǎ dǐ)
伊玛目	(yī mǎ mù)
伊曼纽尔	(yī màn niǔ ěr)
伊美区	(yī měi qū)
伊妹儿	(yī mèi r)
伊媚儿	(yī mèi r)
伊面	(yī miàn)
伊尼特	(yī ní tè)
伊尼亚斯	(yī ní yà sī)
伊尼伊德	(yī ní yī dé)
伊宁市	(yī níng shì)
伊宁县	(yī níng xiàn)
伊普西隆	(yī pǔ xī lóng)
伊人	(yī rén)
伊瑞克提翁庙	(yī ruì kè tí wēng miào)
伊萨卡	(yī sà kǎ)
伊塞克湖	(yī sài kè hú)
伊始	(yī shǐ)
伊士曼柯达公司	(yī shì màn kē dá gōng sī)
伊势丹	(yī shì dān)
伊水	(yī shuǐ)
伊思迈尔	(yī sī mài ěr)
伊斯法罕	(yī sī fǎ hǎn)
伊斯兰	(yī sī lán)
伊斯兰堡	(yī sī lán bǎo)
伊斯兰国	(yī sī lán guó)
伊斯兰教	(yī sī lán jiào)
伊斯兰马巴德	(yī sī lán mǎ bā dé)
伊斯兰圣战组织	(yī sī lán shèng zhàn zǔ zhī)
伊斯曼	(yī sī màn)
伊斯帕尼奥拉	(yī sī pà ní ào lā)
伊斯坦堡	(yī sī tǎn bǎo)
伊斯坦布尔	(yī sī tǎn bù ěr)
伊斯特	(yī sī tè)
伊索	(yī suǒ)
伊索寓言	(yī suǒ yù yán)
伊塔	(yī tǎ)
伊藤	(yī téng)
伊藤博文	(yī téng bó wén)
伊通河	(yī tōng hé)
伊通火山群	(yī tōng huǒ shān qún)
伊通满族自治县	(yī tōng mǎn zú zì zhì xiàn)
伊通自然保护区	(yī tōng zì rán bǎo hù qū)
伊娃	(yī wá)
伊娃·门德斯	(yī wá · mén dé sī)
伊万卡	(yī wàn kǎ)
伊蚊	(yī wén)
伊吾县	(yī wú xiàn)
伊于胡底	(yī yú hú dǐ)
伊州	(yī zhōu)
依	(yī)
依安县	(yī ān xiàn)
依傍	(yī bàng)
依次	(yī cì)
依从	(yī cóng)
依存	(yī cún)
依地酸二钴	(yī dì suān èr gǔ)
依法	(yī fǎ)
依法治国	(yī fǎ zhì guó)
依附	(yī fù)
依葫芦画瓢	(yī hú lu huà piáo)
依计行事	(yī jì xíng shì)
依旧	(yī jiù)
依据	(yī jù)
依靠	(yī kào)
依赖	(yī lài)
依赖注入	(yī lài zhù rù)
依兰县	(yī lán xiàn)
依恋	(yī liàn)
依亲	(yī qīn)
依然	(yī rán)
依然故我	(yī rán gù wǒ)
依然如故	(yī rán rú gù)
依撒格	(yī sā gé)
依撒依亚	(yī sā yī yà)
依撒意亚	(yī sā yì yà)
依山傍水	(yī shān bàng shuǐ)
依属	(yī shǔ)
依顺	(yī shùn)
依托	(yī tuō)
依偎	(yī wēi)
依我看	(yī wǒ kàn)
依我来看	(yī wǒ lái kàn)
依稀	(yī xī)
依序	(yī xù)
依循	(yī xún)
依样画葫芦	(yī yàng huà hú lu)
依依	(yī yī)
依依不舍	(yī yī bù shě)
依云	(yī yún)
依仗	(yī zhàng)
依照	(yī zhào)
依着	(yī zhe)
咿	(yī)
咿呀学语	(yī yā xué yǔ)
揖	(yī)
欹	(yī)
噫	(yī)
毉	(yī)
匜	(yí)
㐌	(tā)
仪	(yí)
仪表	(yí biǎo)
仪表放大器	(yí biǎo fàng dà qì)
仪表盘	(yí biǎo pán)
仪典	(yí diǎn)
仪队	(yí duì)
仪节	(yí jié)
仪礼	(yí lǐ)
仪陇县	(yí lǒng xiàn)
仪器	(yí qì)
仪器表	(yí qì biǎo)
仪容	(yí róng)
仪式	(yí shì)
仪态	(yí tài)
仪卫	(yí wèi)
仪仗	(yí zhàng)
仪仗队	(yí zhàng duì)
仪征市	(yí zhēng shì)
圯	(yí)
夷	(yí)
夷狄	(yí dí)
夷旷	(yí kuàng)
夷陵区	(yí líng qū)
夷戮	(yí lù)
夷门	(yí mén)
夷灭	(yí miè)
夷平	(yí píng)
夷然	(yí rán)
夷为平地	(yí wéi píng dì)
夷犹	(yí yóu)
夷洲	(yí zhōu)
戺	(shì)
侇	(yí)
怡	(yí)
怡保	(yí bǎo)
怡保市	(yí bǎo shì)
怡然	(yí rán)
怡然自得	(yí rán zì dé)
怡人	(yí rén)
怡颜悦色	(yí yán yuè sè)
怡悦	(yí yuè)
宜	(yí)
宜宾市	(yí bīn shì)
宜昌市	(yí chāng shì)
宜城市	(yí chéng shì)
宜川县	(yí chuān xiàn)
宜春市	(yí chūn shì)
宜都市	(yí dū shì)
宜丰县	(yí fēng xiàn)
宜黄县	(yí huáng xiàn)
宜家	(yí jiā)
宜居	(yí jū)
宜君县	(yí jūn xiàn)
宜兰	(yí lán)
宜兰市	(yí lán shì)
宜兰县	(yí lán xiàn)
宜良县	(yí liáng xiàn)
宜人	(yí rén)
宜兴市	(yí xīng shì)
宜秀区	(yí xiù qū)
宜阳县	(yí yáng xiàn)
宜于	(yí yú)
宜章县	(yí zhāng xiàn)
宜州区	(yí zhōu qū)
咦	(yí)
峓	(yí)
恞	(yí)
姨	(yí)
姨夫	(yí fu)
姨父	(yí fu)
姨姐	(yí jiě)
姨姥姥	(yí lǎo lao)
姨妈	(yí mā)
姨妈巾	(yí mā jīn)
姨妹	(yí mèi)
姨母	(yí mǔ)
姨母笑	(yí mǔ xiào)
姨奶奶	(yí nǎi nai)
姨娘	(yí niáng)
姨婆	(yí pó)
姨太太	(yí tài tai)
姨丈	(yí zhàng)
栘	(yí)
宧	(yí)
椸	(yí)
暆	(yí)
彛	(yí)
嶷	(yí)
彝	(yí)
彝剧	(yí jù)
彝良县	(yí liáng xiàn)
彝器	(yí qì)
彝族	(yí zú)
彝族年	(yí zú nián)
乙	(yǐ)
乙氨基	(yǐ ān jī)
乙醇	(yǐ chún)
乙二醇	(yǐ èr chún)
乙方	(yǐ fāng)
乙肝	(yǐ gān)
乙基	(yǐ jī)
乙流	(yǐ liú)
乙硫醇	(yǐ liú chún)
乙醚	(yǐ mí)
乙脑	(yǐ nǎo)
乙女	(yǐ nǚ)
乙女心	(yǐ nǚ xīn)
乙醛	(yǐ quán)
乙炔	(yǐ quē)
乙酸	(yǐ suān)
乙太	(yǐ tài)
乙太网路	(yǐ tài wǎng lù)
乙烷	(yǐ wán)
乙烯	(yǐ xī)
乙烯基	(yǐ xī jī)
乙酰	(yǐ xiān)
乙酰胺吡咯烷酮	(yǐ xiān àn bǐ luò wán tóng)
乙酰胆碱	(yǐ xiān dǎn jiǎn)
乙型	(yǐ xíng)
乙型肝炎	(yǐ xíng gān yán)
乙型脑炎	(yǐ xíng nǎo yán)
乙氧基	(yǐ yǎng jī)
乙游	(yǐ yóu)
乙种	(yǐ zhǒng)
乙种粒子	(yǐ zhǒng lì zǐ)
乙种射线	(yǐ zhǒng shè xiàn)
乙状结肠	(yǐ zhuàng jié cháng)
已	(yǐ)
已成形	(yǐ chéng xíng)
已故	(yǐ gù)
已婚	(yǐ hūn)
已婚已育	(yǐ hūn yǐ yù)
已见分晓	(yǐ jiàn fēn xiǎo)
已经	(yǐ jīng)
已久	(yǐ jiǔ)
已然	(yǐ rán)
已往	(yǐ wǎng)
已知	(yǐ zhī)
已作故人	(yǐ zuò gù rén)
以	(yǐ)
以埃	(yǐ āi)
以巴	(yǐ bā)
以暴易暴	(yǐ bào yì bào)
以暴制暴	(yǐ bào zhì bào)
以北	(yǐ běi)
以备不测	(yǐ bèi bù cè)
以本人名	(yǐ běn rén míng)
以便	(yǐ biàn)
以不变应万变	(yǐ bù biàn yìng wàn biàn)
以此	(yǐ cǐ)
以此类推	(yǐ cǐ lèi tuī)
以此为	(yǐ cǐ wéi)
以次	(yǐ cì)
以德报怨	(yǐ dé bào yuàn)
以东	(yǐ dōng)
以毒攻毒	(yǐ dú gōng dú)
以讹传讹	(yǐ é chuán é)
以法莲	(yǐ fǎ lián)
以防	(yǐ fáng)
以防万一	(yǐ fáng wàn yī)
以弗所	(yǐ fú suǒ)
以弗所书	(yǐ fú suǒ shū)
以工代赈	(yǐ gōng dài zhèn)
以和为贵	(yǐ hé wéi guì)
以后	(yǐ hòu)
以华制华	(yǐ huá zhì huá)
以及	(yǐ jí)
以假乱真	(yǐ jiǎ luàn zhēn)
以降	(yǐ jiàng)
以儆效尤	(yǐ jǐng xiào yóu)
以军	(yǐ jūn)
以来	(yǐ lái)
以老大自居	(yǐ lǎo dà zì jū)
以老卖老	(yǐ lǎo mài lǎo)
以泪洗面	(yǐ lèi xǐ miàn)
以礼相待	(yǐ lǐ xiāng dài)
以利亚	(yǐ lì yà)
以利亚敬	(yǐ lì yà jìng)
以利亚撒	(yǐ lì yà sā)
以利于	(yǐ lì yú)
以邻为壑	(yǐ lín wéi hè)
以卵击石	(yǐ luǎn jī shí)
以律	(yǐ lǜ)
以马内利	(yǐ mǎ nèi lì)
以貌取人	(yǐ mào qǔ rén)
以免	(yǐ miǎn)
以南	(yǐ nán)
以内	(yǐ nèi)
以偏概全	(yǐ piān gài quán)
以期	(yǐ qī)
以其人之道，还治其人之身	(yǐ qí rén zhī dào , huán zhì qí rén zhī shēn)
以前	(yǐ qián)
以强凌弱	(yǐ qiáng líng ruò)
以求	(yǐ qiú)
以权谋私	(yǐ quán móu sī)
以权压法	(yǐ quán yā fǎ)
以人废言	(yǐ rén fèi yán)
以人名命名	(yǐ rén míng mìng míng)
以人为本	(yǐ rén wéi běn)
以柔克刚	(yǐ róu kè gāng)
以弱胜强	(yǐ ruò shèng qiáng)
以撒	(yǐ sā)
以赛亚书	(yǐ sài yà shū)
以色列	(yǐ sè liè)
以色列人	(yǐ sè liè rén)
以上	(yǐ shàng)
以少胜多	(yǐ shǎo shèng duō)
以身报国	(yǐ shēn bào guó)
以身抵债	(yǐ shēn dǐ zhài)
以身试法	(yǐ shēn shì fǎ)
以身相许	(yǐ shēn xiāng xǔ)
以身许国	(yǐ shēn xǔ guó)
以身作则	(yǐ shēn zuò zé)
以慎为键	(yǐ shèn wéi jiàn)
以失败而告终	(yǐ shī bài ér gào zhōng)
以史为鉴	(yǐ shǐ wéi jiàn)
以示警戒	(yǐ shì jǐng jiè)
以斯拉记	(yǐ sī lā jì)
以斯帖	(yǐ sī tiě)
以斯帖记	(yǐ sī tiě jì)
以死明志	(yǐ sǐ míng zhì)
以太	(yǐ tài)
以太坊	(yǐ tài fáng)
以太网	(yǐ tài wǎng)
以太网络	(yǐ tài wǎng luò)
以汤沃沸	(yǐ tāng wò fèi)
以外	(yǐ wài)
以往	(yǐ wǎng)
以为	(yǐ wéi)
以物易物	(yǐ wù yì wù)
以西	(yǐ xī)
以西结书	(yǐ xī jié shū)
以下	(yǐ xià)
以下犯上	(yǐ xià fàn shàng)
以飨读者	(yǐ xiǎng dú zhě)
以小人之心，度君子之腹	(yǐ xiǎo rén zhī xīn , duó jūn zǐ zhī fù)
以虚带实	(yǐ xū dài shí)
以叙	(yǐ xù)
以牙还牙	(yǐ yá huán yá)
以言代法	(yǐ yán dài fǎ)
以言代法，以权压法	(yǐ yán dài fǎ , yǐ quán yā fǎ)
以眼还眼	(yǐ yǎn huán yǎn)
以眼还眼，以牙还牙	(yǐ yǎn huán yǎn , yǐ yá huán yá)
以药养医	(yǐ yào yǎng yī)
以一驭万	(yǐ yī yù wàn)
以夷制夷	(yǐ yí zhì yí)
以亿计	(yǐ yì jì)
以逸待劳	(yǐ yì dài láo)
以债养债	(yǐ zhài yǎng zhài)
以正视听	(yǐ zhèng shì tīng)
以直报怨，以德报德	(yǐ zhí bào yuàn , yǐ dé bào dé)
以至	(yǐ zhì)
以至于	(yǐ zhì yú)
以致	(yǐ zhì)
以致于	(yǐ zhì yú)
以资	(yǐ zī)
以资证明	(yǐ zī zhèng míng)
以子之矛，攻子之盾	(yǐ zǐ zhī máo , gōng zǐ zhī dùn)
以眦睚杀人	(yǐ zì yá shā rén)
扡	(chǐ)
攺	(yǐ)
倚	(yǐ)
倚靠	(yǐ kào)
倚赖	(yǐ lài)
倚老卖老	(yǐ lǎo mài lǎo)
倚天屠龙记	(yǐ tiān tú lóng jì)
倚托	(yǐ tuō)
倚仗	(yǐ zhàng)
倚重	(yǐ zhòng)
扆	(yǐ)
偯	(yǐ)
椅	(yǐ)
椅背	(yǐ bèi)
椅凳	(yǐ dèng)
椅子	(yǐ zi)
旖	(yǐ)
旖旎	(yǐ nǐ)
檥	(yǐ)
乂	(yì)
弋	(yì)
弋江区	(yì jiāng qū)
弋阳县	(yì yáng xiàn)
亿万	(yì wàn)
亿万富豪	(yì wàn fù háo)
亿万富翁	(yì wàn fù wēng)
刈	(yì)
刈包	(guà bāo)
刈羽	(yì yǔ)
忆	(yì)
忆苦饭	(yì kǔ fàn)
忆苦思甜	(yì kǔ sī tián)
忆述	(yì shù)
屹	(yì)
屹立	(yì lì)
伇	(yì)
亦步亦趋	(yì bù yì qū)
亦称	(yì chēng)
亦敌亦友	(yì dí yì yǒu)
亦即	(yì jí)
亦且	(yì qiě)
亦庄	(yì zhuāng)
亦作	(yì zuò)
抑	(yì)
抑或	(yì huò)
抑且	(yì qiě)
抑塞	(yì sè)
抑素	(yì sù)
抑扬	(yì yáng)
抑扬格	(yì yáng gé)
抑郁	(yì yù)
抑郁不平	(yì yù bù píng)
抑郁症	(yì yù zhèng)
抑止	(yì zhǐ)
抑制	(yì zhì)
抑制剂	(yì zhì jì)
抑制作用	(yì zhì zuò yòng)
杙	(yì)
呓	(yì)
呓语	(yì yǔ)
劮	(yì)
佚	(dié)
佚名	(yì míng)
役	(yì)
役畜	(yì chù)
役龄	(yì líng)
役男	(yì nán)
役使	(yì shǐ)
役使动物	(yì shǐ dòng wù)
易	(yì)
易爆	(yì bào)
易北河	(yì běi hé)
易变	(yì biàn)
易变质	(yì biàn zhì)
易卜拉欣	(yì bǔ lā xīn)
易卜生	(yì bǔ shēng)
易初莲花	(yì chū lián huā)
易传	(yì zhuàn)
易懂	(yì dǒng)
易读	(yì dú)
易腐败	(yì fǔ bài)
易感	(yì gǎn)
易挥发	(yì huī fā)
易饥症	(yì jī zhèng)
易激惹	(yì jī rě)
易建联	(yì jiàn lián)
易接近	(yì jiē jìn)
易经	(yì jīng)
易开罐	(yì kāi guàn)
易科罚金	(yì kē fá jīn)
易拉宝	(yì lā bǎo)
易拉罐	(yì lā guàn)
易理解	(yì lǐ jiě)
易洛魁	(yì luò kuí)
易门县	(yì mén xiàn)
易蒙停	(yì méng tíng)
易取得	(yì qǔ dé)
易趣	(yì qù)
易燃物	(yì rán wù)
易燃物品	(yì rán wù pǐn)
易容	(yì róng)
易溶	(yì róng)
易如反掌	(yì rú fǎn zhǎng)
易事	(yì shì)
易逝	(yì shì)
易手	(yì shǒu)
易守难攻	(yì shǒu nán gōng)
易司马仪	(yì sī mǎ yí)
易碎	(yì suì)
易损性	(yì sǔn xìng)
易弯	(yì wān)
易县	(yì xiàn)
易学	(yì xué)
易言之	(yì yán zhī)
易用性	(yì yòng xìng)
易游网	(yì yóu wǎng)
易于	(yì yú)
易孕	(yì yùn)
易主	(yì zhǔ)
峄	(yì)
峄城区	(yì chéng qū)
佾	(yì)
㑊	(yì)
怿	(yì)
枻	(yì)
弈	(yì)
奕	(yì)
奕䜣	(yì xīn)
奕𬣞	(yì zhǔ)
帟	(yì)
挹	(yì)
挹掬	(yì jū)
挹取	(yì qǔ)
挹注	(yì zhù)
挹酌	(yì zhuó)
唈	(yì)
悒	(yì)
埸	(yì)
埶	(yì)
勚	(yì)
亄	(yì)
意	(yì)
意存笔先，画尽意在	(yì cún bǐ xiān , huà jìn yì zài)
意大利	(yì dà lì)
意大利面	(yì dà lì miàn)
意大利青瓜	(yì dà lì qīng guā)
意大利青酱	(yì dà lì qīng jiàng)
意大利人	(yì dà lì rén)
意大利语	(yì dà lì yǔ)
意大利直面	(yì dà lì zhí miàn)
意第绪语	(yì dì xù yǔ)
意符	(yì fú)
意涵	(yì hán)
意会	(yì huì)
意即	(yì jí)
意甲	(yì jiǎ)
意见	(yì jiàn)
意见不合	(yì jiàn bù hé)
意见领袖	(yì jiàn lǐng xiù)
意见箱	(yì jiàn xiāng)
意境	(yì jìng)
意乐	(yì lè)
意料	(yì liào)
意料之外	(yì liào zhī wài)
意料之中	(yì liào zhī zhōng)
意面	(yì miàn)
意念	(yì niàn)
意念移物	(yì niàn yí wù)
意气风发	(yì qì fēng fā)
意气相投	(yì qì xiāng tóu)
意气用事	(yì qì yòng shì)
意趣	(yì qù)
意识	(yì shí)
意识到	(yì shí dào)
意识流	(yì shí liú)
意识形态	(yì shí xíng tài)
意识型态	(yì shí xíng tài)
意式	(yì shì)
意式奶冻	(yì shì nǎi dòng)
意思	(yì si)
意思意思	(yì sī yì sī)
意态	(yì tài)
意图	(yì tú)
意外	(yì wài)
意外事故	(yì wài shì gù)
意味	(yì wèi)
意味深长	(yì wèi shēn cháng)
意味着	(yì wèi zhe)
意谓	(yì wèi)
意下如何	(yì xià rú hé)
意想不到	(yì xiǎng bù dào)
意向	(yì xiàng)
意向书	(yì xiàng shū)
意象	(yì xiàng)
意兴	(yì xìng)
意兴索然	(yì xìng suǒ rán)
意义	(yì yì)
意义变化	(yì yì biàn huà)
意译	(yì yì)
意淫	(yì yín)
意犹未尽	(yì yóu wèi jìn)
意欲	(yì yù)
意愿	(yì yuàn)
意蕴	(yì yùn)
意旨	(yì zhǐ)
意指	(yì zhǐ)
意志	(yì zhì)
意志力	(yì zhì lì)
意中	(yì zhōng)
意中人	(yì zhōng rén)
意中事	(yì zhōng shì)
廙	(yì)
嫕	(yì)
毅	(yì)
毅力	(yì lì)
毅然	(yì rán)
毅然决然	(yì rán jué rán)
殪	(yì)
曀	(yì)
圛	(yì)
劓	(yì)
檍	(yì)
斁	(yì)
懿	(yì)
懿亲	(yì qīn)
懿旨	(yì zhǐ)
因	(yīn)
因爱成恨	(yīn ài chéng hèn)
因变量	(yīn biàn liàng)
因变数	(yīn biàn shù)
因材施教	(yīn cái shī jiào)
因吹斯汀	(yīn chuī sī tīng)
因此	(yīn cǐ)
因地制宜	(yīn dì zhì yí)
因而	(yīn ér)
因父之名	(yīn fù zhī míng)
因公	(yīn gōng)
因公殉职	(yīn gōng xùn zhí)
因故	(yīn gù)
因果	(yīn guǒ)
因果报应	(yīn guǒ bào yìng)
因祸得福	(yīn huò dé fú)
因利乘便	(yīn lì chéng biàn)
因陋就简	(yīn lòu jiù jiǎn)
因纽特	(yīn niǔ tè)
因努伊特	(yīn nǔ yī tè)
因人成事	(yīn rén chéng shì)
因人而异	(yīn rén ér yì)
因如此	(yīn rú cǐ)
因时制宜	(yīn shí zhì yí)
因式	(yīn shì)
因式分解	(yīn shì fēn jiě)
因势利导	(yīn shì lì dǎo)
因数	(yīn shù)
因私	(yīn sī)
因斯布鲁克	(yīn sī bù lǔ kè)
因素	(yīn sù)
因特网	(yīn tè wǎng)
因特网提供商	(yīn tè wǎng tí gōng shāng)
因陀罗	(yīn tuó luó)
因为	(yīn wèi)
因袭	(yīn xí)
因小失大	(yīn xiǎo shī dà)
因循	(yīn xún)
因循守旧	(yīn xún shǒu jiù)
因噎废食	(yīn yē fèi shí)
因应	(yīn yìng)
因由	(yīn yóu)
因缘	(yīn yuán)
因孕而婚	(yīn yùn ér hūn)
因之	(yīn zhī)
因子	(yīn zǐ)
侌	(yīn)
荫	(yìn)
垔	(yīn)
姻	(yīn)
姻亲	(yīn qīn)
姻缘	(yīn yuán)
殷	(yīn)
殷都区	(yīn dū qū)
殷富	(yīn fù)
殷弘绪	(yīn hóng xù)
殷红	(yān hóng)
殷切	(yīn qiè)
殷勤	(yīn qín)
殷商	(yīn shāng)
殷实	(yīn shí)
殷墟	(yīn xū)
殷殷	(yīn yīn)
殷忧启圣	(yīn yōu qǐ shèng)
堙	(yīn)
喑	(yīn)
喑哑	(yīn yǎ)
愔	(yīn)
慇	(yīn)
冘	(yóu)
冘疑	(yóu yí)
冘豫	(yóu yù)
㐺	(zhòng)
乑	(zhòng)
吟	(yín)
吟唱	(yín chàng)
吟风弄月	(yín fēng nòng yuè)
吟哦	(yín é)
吟诗	(yín shī)
吟诵	(yín sòng)
吟咏	(yín yǒng)
吟游	(yín yóu)
垠	(yín)
唫	(jìn)
崟	(yín)
崯	(yín)
寅吃卯粮	(yín chī mǎo liáng)
婬	(yín)
夤	(yín)
夤夜	(yín yè)
夤缘	(yín yuán)
夤缘攀附	(yín yuán pān fù)
殥	(yín)
嚚	(yín)
尹	(yǐn)
引	(yǐn)
引爆	(yǐn bào)
引爆点	(yǐn bào diǎn)
引爆装置	(yǐn bào zhuāng zhì)
引别	(yǐn bié)
引柴	(yǐn chái)
引产	(yǐn chǎn)
引出	(yǐn chū)
引导	(yǐn dǎo)
引导扇区	(yǐn dǎo shàn qū)
引导师	(yǐn dǎo shī)
引导员	(yǐn dǎo yuán)
引得	(yǐn dé)
引逗	(yǐn dòu)
引渡	(yǐn dù)
引而不发	(yǐn ér bù fā)
引发	(yǐn fā)
引狗入寨	(yǐn gǒu rù zhài)
引鬼上门	(yǐn guǐ shàng mén)
引号	(yǐn hào)
引号完	(yǐn hào wán)
引号完毕	(yǐn hào wán bì)
引河	(yǐn hé)
引火	(yǐn huǒ)
引火柴	(yǐn huǒ chái)
引火烧身	(yǐn huǒ shāo shēn)
引火线	(yǐn huǒ xiàn)
引见	(yǐn jiàn)
引荐	(yǐn jiàn)
引脚	(yǐn jiǎo)
引进	(yǐn jìn)
引经据典	(yǐn jīng jù diǎn)
引颈	(yǐn jǐng)
引颈就戮	(yǐn jǐng jiù lù)
引咎	(yǐn jiù)
引咎辞职	(yǐn jiù cí zhí)
引决	(yǐn jué)
引开	(yǐn kāi)
引吭高歌	(yǐn háng gāo gē)
引狼入室	(yǐn láng rù shì)
引理	(yǐn lǐ)
引力	(yǐn lì)
引力波	(yǐn lì bō)
引力场	(yǐn lì chǎng)
引领	(yǐn lǐng)
引流	(yǐn liú)
引路	(yǐn lù)
引起	(yǐn qǐ)
引桥	(yǐn qiáo)
引擎	(yǐn qíng)
引擎盖	(yǐn qíng gài)
引燃	(yǐn rán)
引人入胜	(yǐn rén rù shèng)
引人注目	(yǐn rén zhù mù)
引人注意	(yǐn rén zhù yì)
引入	(yǐn rù)
引入迷途	(yǐn rù mí tú)
引蛇出洞	(yǐn shé chū dòng)
引申	(yǐn shēn)
引申义	(yǐn shēn yì)
引述	(yǐn shù)
引水	(yǐn shuǐ)
引水工程	(yǐn shuǐ gōng chéng)
引水入墙	(yǐn shuǐ rù qiáng)
引体向上	(yǐn tǐ xiàng shàng)
引退	(yǐn tuì)
引文	(yǐn wén)
引嫌	(yǐn xián)
引线	(yǐn xiàn)
引线穿针	(yǐn xiàn chuān zhēn)
引线框架	(yǐn xiàn kuàng jià)
引向	(yǐn xiàng)
引信	(yǐn xìn)
引叙	(yǐn xù)
引言	(yǐn yán)
引以为傲	(yǐn yǐ wéi ào)
引以为憾	(yǐn yǐ wéi hàn)
引以为鉴	(yǐn yǐ wéi jiàn)
引以为戒	(yǐn yǐ wéi jiè)
引以为荣	(yǐn yǐ wéi róng)
引用	(yǐn yòng)
引用句	(yǐn yòng jù)
引诱	(yǐn yòu)
引语	(yǐn yǔ)
引玉之砖	(yǐn yù zhī zhuān)
引战	(yǐn zhàn)
引着	(yǐn zháo)
引征	(yǐn zhēng)
引证	(yǐn zhèng)
引种	(yǐn zhǒng)
引子	(yǐn zi)
吲	(yǐn)
吲唑	(yǐn zuò)
饮	(yǐn)
檃	(yǐn)
檃栝	(yǐn kuò)
櫽	(yǐn)
廴	(yǐn)
印	(yìn)
印巴	(yìn bā)
印把子	(yìn bà zi)
印版	(yìn bǎn)
印本	(yìn běn)
印鼻	(yìn bí)
印表机	(yìn biǎo jī)
印钞机	(yìn chāo jī)
印次	(yìn cì)
印地语	(yìn dì yǔ)
印第安	(yìn dì ān)
印第安纳	(yìn dì ān nà)
印第安纳波利斯	(yìn dì ān nà bō lì sī)
印第安人	(yìn dì ān rén)
印第安座	(yìn dì ān zuò)
印度	(yìn dù)
印度国大党	(yìn dù guó dà dǎng)
印度航空公司	(yìn dù háng kōng gōng sī)
印度河	(yìn dù hé)
印度教	(yìn dù jiào)
印度教徒	(yìn dù jiào tú)
印度金黄鹂	(yìn dù jīn huáng lí)
印度尼西亚	(yìn dù ní xī yà)
印度尼西亚语	(yìn dù ní xī yà yǔ)
印度人	(yìn dù rén)
印度人民党	(yìn dù rén mín dǎng)
印度时报	(yìn dù shí bào)
印度寿带	(yìn dù shòu dài)
印度斯坦	(yìn dù sī tǎn)
印度－雅利安	(yìn dù yǎ lì ān)
印度眼镜蛇	(yìn dù yǎn jìng shé)
印度洋	(yìn dù yáng)
印度音乐	(yìn dù yīn yuè)
印度支那	(yìn dù zhī nà)
印度支那半岛	(yìn dù zhī nà bàn dǎo)
印发	(yìn fā)
印古什	(yìn gǔ shí)
印航	(yìn háng)
印盒	(yìn hé)
印痕	(yìn hén)
印花	(yìn huā)
印花税	(yìn huā shuì)
印记	(yìn jì)
印迹	(yìn jì)
印加	(yìn jiā)
印鉴	(yìn jiàn)
印江土家族苗族自治县	(yìn jiāng tǔ jiā zú miáo zú zì zhì xiàn)
印戒	(yìn jiè)
印戒细胞	(yìn jiè xì bāo)
印缅斑嘴鸭	(yìn miǎn bān zuǐ yā)
印缅褐头雀鹛	(yìn miǎn hè tóu què méi)
印尼	(yìn ní)
印尼盾	(yìn ní dùn)
印尼语	(yìn ní yǔ)
印泥	(yìn ní)
印纽	(yìn niǔ)
印钮	(yìn niǔ)
印欧人	(yìn ōu rén)
印欧文	(yìn ōu wén)
印欧语	(yìn ōu yǔ)
印欧语系	(yìn ōu yǔ xì)
印欧语言	(yìn ōu yǔ yán)
印谱	(yìn pǔ)
印染	(yìn rǎn)
印绶	(yìn shòu)
印鼠客蚤	(yìn shǔ kè zǎo)
印数	(yìn shù)
印刷	(yìn shuā)
印刷版	(yìn shuā bǎn)
印刷厂	(yìn shuā chǎng)
印刷电路板	(yìn shuā diàn lù bǎn)
印刷机	(yìn shuā jī)
印刷量	(yìn shuā liàng)
印刷品	(yìn shuā pǐn)
印刷术	(yìn shuā shù)
印刷所	(yìn shuā suǒ)
印刷体	(yìn shuā tǐ)
印刷业	(yìn shuā yè)
印台	(yìn tái)
印台区	(yìn tái qū)
印太	(yìn tài)
印堂	(yìn táng)
印堂穴	(yìn táng xué)
印头鱼	(yìn tóu yú)
印玺	(yìn xǐ)
印象	(yìn xiàng)
印象分	(yìn xiàng fēn)
印象派	(yìn xiàng pài)
印象主义	(yìn xiàng zhǔ yì)
印信	(yìn xìn)
印行	(yìn xíng)
印鱼	(yìn yú)
印章	(yìn zhāng)
印证	(yìn zhèng)
印支	(yìn zhī)
印支半岛	(yìn zhī bàn dǎo)
印支绿鹊	(yìn zhī lǜ què)
印支期	(yìn zhī qī)
印制	(yìn zhì)
印制电路	(yìn zhì diàn lù)
印制电路板	(yìn zhì diàn lù bǎn)
印子	(yìn zi)
印子钱	(yìn zi qián)
慭	(yìn)
应	(yīng)
应变	(yìng biàn)
应变管理	(yìng biàn guǎn lǐ)
应变力	(yìng biàn lì)
应变数	(yìng biàn shù)
应采儿	(yīng cǎi ér)
应承	(yìng chéng)
应城市	(yìng chéng shì)
应酬	(yìng chou)
应从	(yìng cóng)
应答	(yìng dá)
应当	(yīng dāng)
应得	(yīng dé)
应敌	(yìng dí)
应点	(yìng diǎn)
应对	(yìng duì)
应对如流	(yìng duì rú liú)
应分	(yīng fèn)
应付	(yìng fu)
应付过去	(yìng fu guò qu)
应付裕如	(yìng fu yù rú)
应付账款	(yīng fù zhàng kuǎn)
应付自如	(yìng fu zì rú)
应该	(yīng gāi)
应该的	(yīng gāi de)
应和	(yìng hè)
应机立断	(yìng jī lì duàn)
应激	(yìng jī)
应激反应	(yìng jī fǎn yìng)
应激性	(yìng jī xìng)
应激源	(yìng jī yuán)
应急	(yìng jí)
应急待命	(yìng jí dài mìng)
应急照射	(yìng jí zhào shè)
应计	(yīng jì)
应计基础	(yīng jì jī chǔ)
应接	(yìng jiē)
应接不暇	(yìng jiē bù xiá)
应届	(yīng jiè)
应届毕业生	(yīng jiè bì yè shēng)
应届生	(yīng jiè shēng)
应景	(yìng jǐng)
应景儿	(yìng jǐng r)
应举	(yìng jǔ)
应考	(yìng kǎo)
应力	(yìng lì)
应力场	(yìng lì chǎng)
应卯	(yìng mǎo)
应门	(yìng mén)
应名	(yīng míng)
应名儿	(yīng míng r)
应诺	(yìng nuò)
应聘	(yìng pìn)
应聘者	(yìng pìn zhě)
应声	(yìng shēng)
应声虫	(yìng shēng chóng)
应时	(yìng shí)
应市	(yìng shì)
应试	(yìng shì)
应试教育	(yìng shì jiào yù)
应收	(yīng shōu)
应收账款	(yīng shōu zhàng kuǎn)
应手	(yìng shǒu)
应诉	(yìng sù)
应天承运	(yìng tiān chéng yùn)
应天顺时	(yìng tiān shùn shí)
应县	(yìng xiàn)
应许	(yīng xǔ)
应许之地	(yīng xǔ zhī dì)
应选	(yìng xuǎn)
应验	(yìng yàn)
应邀	(yìng yāo)
应用	(yìng yòng)
应用层	(yìng yòng céng)
应用程式	(yìng yòng chéng shì)
应用程式介面	(yìng yòng chéng shì jiè miàn)
应用程序	(yìng yòng chéng xù)
应用程序编程接口	(yìng yòng chéng xù biān chéng jiē kǒu)
应用程序接口	(yìng yòng chéng xù jiē kǒu)
应用科学	(yìng yòng kē xué)
应用平台	(yìng yòng píng tái)
应用软件	(yìng yòng ruǎn jiàn)
应用软体	(yìng yòng ruǎn tǐ)
应用数学	(yìng yòng shù xué)
应用文	(yìng yòng wén)
应用物理	(yìng yòng wù lǐ)
应有	(yīng yǒu)
应有尽有	(yīng yǒu jìn yǒu)
应援	(yìng yuán)
应允	(yīng yǔn)
应运	(yìng yùn)
应运而生	(yìng yùn ér shēng)
应战	(yìng zhàn)
应召	(yìng zhào)
应召女郎	(yìng zhào nǚ láng)
应召站	(yìng zhào zhàn)
应诏	(yìng zhào)
应诊	(yìng zhěn)
应征	(yìng zhēng)
应制	(yìng zhì)
婴	(yīng)
婴儿	(yīng ér)
婴儿潮	(yīng ér cháo)
婴儿车	(yīng ér chē)
婴儿猝死综合症	(yīng ér cù sǐ zōng hé zhèng)
婴儿期	(yīng ér qī)
婴儿手推车	(yīng ér shǒu tuī chē)
婴孩	(yīng hái)
婴猴	(yīng hóu)
婴幼儿	(yīng yòu ér)
朠	(yīng)
嫈	(yīng)
撄	(yīng)
嘤	(yīng)
樱	(yīng)
樱岛	(yīng dǎo)
樱花	(yīng huā)
樱花草	(yīng huā cǎo)
樱花国	(yīng huā guó)
樱花妹	(yīng huā mèi)
樱井	(yīng jǐng)
樱桃	(yīng táo)
樱桃番茄	(yīng táo fān qié)
樱桃萝卜	(yīng táo luó bo)
樱桃小嘴	(yīng táo xiǎo zuǐ)
樱桃园	(yīng táo yuán)
茔	(yíng)
楹	(yíng)
楹联	(yíng lián)
嬴	(yíng)
嬴政	(yíng zhèng)
影	(yǐng)
影本	(yǐng běn)
影壁	(yǐng bì)
影帝	(yǐng dì)
影碟	(yǐng dié)
影碟机	(yǐng dié jī)
影儿	(yǐng r)
影后	(yǐng hòu)
影集	(yǐng jí)
影剧	(yǐng jù)
影剧院	(yǐng jù yuàn)
影迷	(yǐng mí)
影片	(yǐng piàn)
影评	(yǐng píng)
影评人	(yǐng píng rén)
影射	(yǐng shè)
影射小说	(yǐng shè xiǎo shuō)
影视	(yǐng shì)
影坛	(yǐng tán)
影厅	(yǐng tīng)
影响	(yǐng xiǎng)
影响层面	(yǐng xiǎng céng miàn)
影响力	(yǐng xiǎng lì)
影响面	(yǐng xiǎng miàn)
影响因子	(yǐng xiǎng yīn zǐ)
影象	(yǐng xiàng)
影像	(yǐng xiàng)
影像处理	(yǐng xiàng chǔ lǐ)
影像档	(yǐng xiàng dàng)
影像会议	(yǐng xiàng huì yì)
影星	(yǐng xīng)
影业	(yǐng yè)
影音	(yǐng yīn)
影印	(yǐng yìn)
影印本	(yǐng yìn běn)
影印机	(yǐng yìn jī)
影院	(yǐng yuàn)
影展	(yǐng zhǎn)
影子	(yǐng zi)
影子内阁	(yǐng zi nèi gé)
影踪	(yǐng zōng)
映	(yìng)
映衬	(yìng chèn)
映入	(yìng rù)
映入脑海	(yìng rù nǎo hǎi)
映入眼帘	(yìng rù yǎn lián)
映山红	(yìng shān hóng)
映射	(yìng shè)
映射过程	(yìng shè guò chéng)
映象文件	(yìng xiàng wén jiàn)
映像	(yìng xiàng)
映像管	(yìng xiàng guǎn)
映演	(yìng yǎn)
映照	(yìng zhào)
媵	(yìng)
媵侍	(yìng shì)
哟	(yō)
唷	(yo)
佣	(yōng)
佣婢	(yōng bì)
佣兵	(yōng bīng)
佣妇	(yōng fù)
佣工	(yōng gōng)
佣金	(yòng jīn)
佣钱	(yòng qian)
佣人	(yōng rén)
拥	(yōng)
拥抱	(yōng bào)
拥兵自重	(yōng bīng zì zhòng)
拥戴	(yōng dài)
拥堵	(yōng dǔ)
拥趸	(yōng dǔn)
拥护	(yōng hù)
拥护者	(yōng hù zhě)
拥挤	(yōng jǐ)
拥挤不堪	(yōng jǐ bù kān)
拥立	(yōng lì)
拥塞	(yōng sè)
拥吻	(yōng wěn)
拥有	(yōng yǒu)
拥有权	(yōng yǒu quán)
庸	(yōng)
庸才	(yōng cái)
庸碌	(yōng lù)
庸碌无能	(yōng lù wú néng)
庸人	(yōng rén)
庸人自扰	(yōng rén zì rǎo)
庸俗	(yōng sú)
庸俗化	(yōng sú huà)
庸医	(yōng yī)
庸庸碌碌	(yōng yōng lù lù)
嗈	(yōng)
墉	(yōng)
墉垣	(yōng yuán)
慵	(yōng)
慵懒	(yōng lǎn)
壅	(yōng)
壅蔽	(yōng bì)
壅塞	(yōng sè)
廱	(yōng)
喁	(yóng)
喁喁	(yóng yóng)
栐	(yǒng)
俑	(yǒng)
俑坑	(yǒng kēng)
勇	(yǒng)
勇敢	(yǒng gǎn)
勇悍	(yǒng hàn)
勇决	(yǒng jué)
勇力	(yǒng lì)
勇略	(yǒng lüè)
勇猛	(yǒng měng)
勇气	(yǒng qì)
勇气可嘉	(yǒng qì kě jiā)
勇士	(yǒng shì)
勇往直前	(yǒng wǎng zhí qián)
勇武	(yǒng wǔ)
勇于	(yǒng yú)
勈	(yǒng)
埇	(yǒng)
埇桥区	(yǒng qiáo qū)
悀	(yǒng)
恿	(yǒng)
愑	(yǒng)
优	(yōu)
优待	(yōu dài)
优待票	(yōu dài piào)
优待券	(yōu dài quàn)
优等	(yōu děng)
优等生	(yōu děng shēng)
优点	(yōu diǎn)
优格	(yōu gé)
优厚	(yōu hòu)
优化	(yōu huà)
优惠	(yōu huì)
优惠贷款	(yōu huì dài kuǎn)
优惠券	(yōu huì quàn)
优绩主义	(yōu jì zhǔ yì)
优角	(yōu jiǎo)
优酷	(yōu kù)
优酪乳	(yōu luò rǔ)
优良	(yōu liáng)
优劣	(yōu liè)
优伶	(yōu líng)
优美	(yōu měi)
优孟	(yōu mèng)
优尼科	(yōu ní kē)
优诺牌	(yōu nuò pái)
优盘	(yōu pán)
优缺点	(yōu quē diǎn)
优柔	(yōu róu)
优柔寡断	(yōu róu guǎ duàn)
优生	(yōu shēng)
优生学	(yōu shēng xué)
优胜	(yōu shèng)
优胜劣汰	(yōu shèng liè tài)
优势	(yōu shì)
优兔	(yōu tù)
优渥	(yōu wò)
优先	(yōu xiān)
优先承购权	(yōu xiān chéng gòu quán)
优先股	(yōu xiān gǔ)
优先级	(yōu xiān jí)
优先认股权	(yōu xiān rèn gǔ quán)
优秀	(yōu xiù)
优选	(yōu xuǎn)
优雅	(yōu yǎ)
优衣库	(yōu yī kù)
优异	(yōu yì)
优异奖	(yōu yì jiǎng)
优游	(yōu yóu)
优游自得	(yōu yóu zì dé)
优于	(yōu yú)
优裕	(yōu yù)
优越	(yōu yuè)
优质	(yōu zhì)
攸	(yōu)
攸关	(yōu guān)
攸县	(yōu xiàn)
忧	(yōu)
忧愁	(yōu chóu)
忧患	(yōu huàn)
忧惧	(yōu jù)
忧虑	(yōu lǜ)
忧闷	(yōu mèn)
忧容	(yōu róng)
忧伤	(yōu shāng)
忧思	(yōu sī)
忧心	(yōu xīn)
忧心忡忡	(yōu xīn chōng chōng)
忧悒	(yōu yì)
忧郁	(yōu yù)
忧郁症	(yōu yù zhèng)
忧灼	(yōu zhuó)
呦	(yōu)
呦呦	(yōu yōu)
幽	(yōu)
幽暗	(yōu àn)
幽闭恐惧	(yōu bì kǒng jù)
幽闭恐惧症	(yōu bì kǒng jù zhèng)
幽浮	(yōu fú)
幽浮迷	(yōu fú mí)
幽谷	(yōu gǔ)
幽会	(yōu huì)
幽魂	(yōu hún)
幽寂	(yōu jì)
幽禁	(yōu jìn)
幽径	(yōu jìng)
幽静	(yōu jìng)
幽灵	(yōu líng)
幽囹	(yōu líng)
幽绿	(yōu lǜ)
幽美	(yōu měi)
幽门	(yōu mén)
幽门螺杆菌	(yōu mén luó gǎn jūn)
幽门螺旋杆菌	(yōu mén luó xuán gǎn jūn)
幽门螺旋菌	(yōu mén luó xuán jūn)
幽明	(yōu míng)
幽冥	(yōu míng)
幽默	(yōu mò)
幽默感	(yōu mò gǎn)
幽僻	(yōu pì)
幽深	(yōu shēn)
幽邃	(yōu suì)
幽微	(yōu wēi)
幽香	(yōu xiāng)
幽雅	(yōu yǎ)
幽幽	(yōu yōu)
幽怨	(yōu yuàn)
幽州	(yōu zhōu)
悠	(yōu)
悠久	(yōu jiǔ)
悠然	(yōu rán)
悠然神往	(yōu rán shén wǎng)
悠闲	(yōu xián)
悠扬	(yōu yáng)
悠悠	(yōu yōu)
悠悠球	(yōu yōu qiú)
悠游卡	(yōu yóu kǎ)
悠远	(yōu yuǎn)
悠哉悠哉	(yōu zāi yōu zāi)
悠长	(yōu cháng)
悠着	(yōu zhe)
懮	(yǒu)
懮虑	(yōu lǜ)
櫌	(yōu)
尢	(wāng)
尤	(yóu)
尤尔钦科	(yóu ěr qīn kē)
尤诟	(yóu gòu)
尤加利	(yóu jiā lì)
尤金	(yóu jīn)
尤卡坦	(yóu kǎ tǎn)
尤卡坦半岛	(yóu kǎ tǎn bàn dǎo)
尤坎	(yóu kǎn)
尤克里里	(yóu kè lǐ lǐ)
尤里斯·伊文思	(yóu lǐ sī · yī wén sī)
尤利西斯	(yóu lì xī sī)
尤利娅·季莫申科	(yóu lì yà · jì mò shēn kē)
尤其	(yóu qí)
尤其是	(yóu qí shì)
尤为	(yóu wéi)
尤文图斯	(yóu wén tú sī)
尤物	(yóu wù)
尤溪县	(yóu xī xiàn)
尤指	(yóu zhǐ)
怞	(zhòu)
斿	(yóu)
䍃	(yáo)
楢	(yóu)
友	(yǒu)
友爱	(yǒu ài)
友邦	(yǒu bāng)
友邦保险	(yǒu bāng bǎo xiǎn)
友好	(yǒu hǎo)
友好区	(yǒu hǎo qū)
友尽	(yǒu jìn)
友军	(yǒu jūn)
友邻	(yǒu lín)
友情	(yǒu qíng)
友人	(yǒu rén)
友善	(yǒu shàn)
友商	(yǒu shāng)
友悌	(yǒu tì)
友谊	(yǒu yì)
友谊地久天长	(yǒu yì dì jiǔ tiān cháng)
友谊峰	(yǒu yì fēng)
友谊赛	(yǒu yì sài)
友谊商店	(yǒu yì shāng diàn)
友谊县	(yǒu yì xiàn)
有	(yǒu)
有碍	(yǒu ài)
有百害而无一利	(yǒu bǎi hài ér wú yī lì)
有百利而无一弊	(yǒu bǎi lì ér wú yī bì)
有百利而无一害	(yǒu bǎi lì ér wú yī hài)
有板有眼	(yǒu bǎn yǒu yǎn)
有办法	(yǒu bàn fǎ)
有帮助	(yǒu bāng zhù)
有备而来	(yǒu bèi ér lái)
有备无患	(yǒu bèi wú huàn)
有悖于	(yǒu bèi yú)
有本钱	(yǒu běn qián)
有本事	(yǒu běn shi)
有边儿	(yǒu biān r)
有编制	(yǒu biān zhì)
有别	(yǒu bié)
有病	(yǒu bìng)
有不少名堂	(yǒu bù shǎo míng tang)
有才干	(yǒu cái gàn)
有产者	(yǒu chǎn zhě)
有偿	(yǒu cháng)
有朝	(yǒu zhāo)
有朝一日	(yǒu zhāo yī rì)
有沉有浮	(yǒu chén yǒu fú)
有成	(yǒu chéng)
有仇不报非君子	(yǒu chóu bù bào fēi jūn zǐ)
有仇不报非君子，有冤不伸枉为人	(yǒu chóu bù bào fēi jūn zǐ , yǒu yuān bù shēn wǎng wéi rén)
有创造力	(yǒu chuàng zào lì)
有次	(yǒu cì)
有次序	(yǒu cì xù)
有待	(yǒu dài)
有袋类	(yǒu dài lèi)
有胆量	(yǒu dǎn liàng)
有弹性	(yǒu tán xìng)
有道	(yǒu dào)
有道理	(yǒu dào li)
有道是	(yǒu dào shì)
有得一比	(yǒu dé yī bǐ)
有得有失	(yǒu dé yǒu shī)
有德行	(yǒu dé xíng)
有的	(yǒu de)
有的放矢	(yǒu dì fàng shǐ)
有的没的	(yǒu de méi de)
有的时候	(yǒu de shí hòu)
有的是	(yǒu de shì)
有点	(yǒu diǎn)
有点儿	(yǒu diǎn r)
有电	(yǒu diàn)
有毒	(yǒu dú)
有方	(yǒu fāng)
有份	(yǒu fèn)
有风	(yǒu fēng)
有夫之妇	(yǒu fū zhī fù)
有福	(yǒu fú)
有福同享，有祸同当	(yǒu fú tóng xiǎng , yǒu huò tóng dāng)
有福同享，有难同当	(yǒu fú tóng xiǎng , yǒu nàn tóng dāng)
有妇之夫	(yǒu fù zhī fū)
有感而发	(yǒu gǎn ér fā)
有搞头	(yǒu gǎo tou)
有攻击性	(yǒu gōng jī xìng)
有钩绦虫	(yǒu gōu tāo chóng)
有够	(yǒu gòu)
有怪莫怪	(yǒu guài mò guài)
有关	(yǒu guān)
有关各方	(yǒu guān gè fāng)
有关联	(yǒu guān lián)
有轨	(yǒu guǐ)
有轨电车	(yǒu guǐ diàn chē)
有鬼	(yǒu guǐ)
有过之而无不及	(yǒu guò zhī ér wú bù jí)
有害	(yǒu hài)
有害无利	(yǒu hài wú lì)
有害无益	(yǒu hài wú yì)
有何贵干	(yǒu hé guì gàn)
有核国家	(yǒu hé guó jiā)
有颌	(yǒu hé)
有恒	(yǒu héng)
有话快说	(yǒu huà kuài shuō)
有话要说	(yǒu huà yào shuō)
有荤有素	(yǒu hūn yǒu sù)
有活力	(yǒu huó lì)
有机	(yǒu jī)
有机玻璃	(yǒu jī bō li)
有机氮	(yǒu jī dàn)
有机肥	(yǒu jī féi)
有机分子	(yǒu jī fēn zǐ)
有机化合物	(yǒu jī huà hé wù)
有机化学	(yǒu jī huà xué)
有机可乘	(yǒu jī kě chéng)
有机磷	(yǒu jī lín)
有机磷毒剂	(yǒu jī lín dú jì)
有机磷酸酯类	(yǒu jī lín suān zhǐ lèi)
有机体	(yǒu jī tǐ)
有机土	(yǒu jī tǔ)
有机物	(yǒu jī wù)
有加	(yǒu jiā)
有价证券	(yǒu jià zhèng quàn)
有价值	(yǒu jià zhí)
有肩膀	(yǒu jiān bǎng)
有鉴于此	(yǒu jiàn yú cǐ)
有教无类	(yǒu jiào wú lèi)
有节	(yǒu jié)
有节制	(yǒu jié zhì)
有解	(yǒu jiě)
有界	(yǒu jiè)
有借有还，再借不难	(yǒu jiè yǒu huán , zài jiè bù nán)
有劲	(yǒu jìn)
有惊无险	(yǒu jīng wú xiǎn)
有精神病	(yǒu jīng shén bìng)
有救	(yǒu jiù)
有局	(yǒu jú)
有决心	(yǒu jué xīn)
有可能	(yǒu kě néng)
有空	(yǒu kòng)
有空儿	(yǒu kòng r)
有孔虫	(yǒu kǒng chóng)
有口皆碑	(yǒu kǒu jiē bēi)
有口无心	(yǒu kǒu wú xīn)
有苦说不出	(yǒu kǔ shuō bu chū)
有亏职守	(yǒu kuī zhí shǒu)
有赖	(yǒu lài)
有劳	(yǒu láo)
有了	(yǒu le)
有了胎	(yǒu le tāi)
有棱有角	(yǒu léng yǒu jiǎo)
有礼貌	(yǒu lǐ mào)
有理	(yǒu lǐ)
有理式	(yǒu lǐ shì)
有理数	(yǒu lǐ shù)
有理数集	(yǒu lǐ shù jí)
有理数域	(yǒu lǐ shù yù)
有力	(yǒu lì)
有利	(yǒu lì)
有利可图	(yǒu lì kě tú)
有利有弊	(yǒu lì yǒu bì)
有利于	(yǒu lì yú)
有联系	(yǒu lián xì)
有脸	(yǒu liǎn)
有良心	(yǒu liáng xīn)
有两下子	(yǒu liǎng xià zi)
有料	(yǒu liào)
有码	(yǒu mǎ)
有卖相	(yǒu mài xiàng)
有没有	(yǒu méi yǒu)
有眉目	(yǒu méi mù)
有魅力	(yǒu mèi lì)
有名	(yǒu míng)
有名亡实	(yǒu míng wáng shí)
有名无实	(yǒu míng wú shí)
有木有	(yǒu mù yǒu)
有目共睹	(yǒu mù gòng dǔ)
有目共见	(yǒu mù gòng jiàn)
有目共赏	(yǒu mù gòng shǎng)
有目无睹	(yǒu mù wú dǔ)
有奶便是娘	(yǒu nǎi biàn shì niáng)
有能力	(yǒu néng lì)
有年	(yǒu nián)
有年头	(yǒu nián tou)
有排面	(yǒu pái miàn)
有屁快放	(yǒu pì kuài fàng)
有谱	(yǒu pǔ)
有谱儿	(yǒu pǔ r)
有期徒刑	(yǒu qī tú xíng)
有其父必有其子	(yǒu qí fù bì yǒu qí zǐ)
有其师，必有其徒	(yǒu qí shī , bì yǒu qí tú)
有气派	(yǒu qì pài)
有气无力	(yǒu qì wú lì)
有气音	(yǒu qì yīn)
有气质	(yǒu qì zhì)
有钱	(yǒu qián)
有钱能使鬼推磨	(yǒu qián néng shǐ guǐ tuī mò)
有钱人	(yǒu qián rén)
有钱有势	(yǒu qián yǒu shì)
有钱有闲	(yǒu qián yǒu xián)
有潜力	(yǒu qián lì)
有腔调	(yǒu qiāng diào)
有情	(yǒu qíng)
有情人	(yǒu qíng rén)
有情人终成眷属	(yǒu qíng rén zhōng chéng juàn shǔ)
有情有义	(yǒu qíng yǒu yì)
有顷	(yǒu qǐng)
有请	(yǒu qǐng)
有穷	(yǒu qióng)
有求必应	(yǒu qiú bì yìng)
有去无回	(yǒu qù wú huí)
有趣	(yǒu qù)
有权	(yǒu quán)
有权势者	(yǒu quán shì zhě)
有权威	(yǒu quán wēi)
有染	(yǒu rǎn)
有人	(yǒu rén)
有人情	(yǒu rén qíng)
有人想你	(yǒu rén xiǎng nǐ)
有如	(yǒu rú)
有色	(yǒu sè)
有色金属	(yǒu sè jīn shǔ)
有色人种	(yǒu sè rén zhǒng)
有色无胆	(yǒu sè wú dǎn)
有色眼镜	(yǒu sè yǎn jìng)
有商有量	(yǒu shāng yǒu liàng)
有神论	(yǒu shén lùn)
有神论者	(yǒu shén lùn zhě)
有生以来	(yǒu shēng yǐ lái)
有生之年	(yǒu shēng zhī nián)
有声读物	(yǒu shēng dú wù)
有声书	(yǒu shēng shū)
有声有色	(yǒu shēng yǒu sè)
有失	(yǒu shī)
有失厚道	(yǒu shī hòu dao)
有失身份	(yǒu shī shēn fèn)
有失远迎	(yǒu shī yuǎn yíng)
有时	(yǒu shí)
有时候	(yǒu shí hou)
有识之士	(yǒu shí zhī shì)
有史以来	(yǒu shǐ yǐ lái)
有始无终	(yǒu shǐ wú zhōng)
有始有终	(yǒu shǐ yǒu zhōng)
有事	(yǒu shì)
有恃无恐	(yǒu shì wú kǒng)
有手有脚	(yǒu shǒu yǒu jiǎo)
有数	(yǒu shù)
有水	(yǒu shuǐ)
有说有笑	(yǒu shuō yǒu xiào)
有司	(yǒu sī)
有丝分裂	(yǒu sī fēn liè)
有损	(yǒu sǔn)
有损压缩	(yǒu sǔn yā suō)
有所	(yǒu suǒ)
有所不同	(yǒu suǒ bù tóng)
有所得必有所失	(yǒu suǒ dé bì yǒu suǒ shī)
有所作为	(yǒu suǒ zuò wéi)
有蹄动物	(yǒu tí dòng wù)
有条不紊	(yǒu tiáo bù wěn)
有条纹	(yǒu tiáo wén)
有条有理	(yǒu tiáo yǒu lǐ)
有统计学意义	(yǒu tǒng jì xué yì yì)
有头无尾	(yǒu tóu wú wěi)
有头有脸	(yǒu tóu yǒu liǎn)
有头有尾	(yǒu tóu yǒu wěi)
有望	(yǒu wàng)
有违	(yǒu wéi)
有为	(yǒu wéi)
有为有守	(yǒu wéi yǒu shǒu)
有味	(yǒu wèi)
有无	(yǒu wú)
有无相通	(yǒu wú xiāng tōng)
有希望	(yǒu xī wàng)
有息	(yǒu xī)
有喜	(yǒu xǐ)
有戏	(yǒu xì)
有夏	(yǒu xià)
有限	(yǒu xiàn)
有限单元	(yǒu xiàn dān yuán)
有限公司	(yǒu xiàn gōng sī)
有限集	(yǒu xiàn jí)
有限群	(yǒu xiàn qún)
有限元	(yǒu xiàn yuán)
有限元法	(yǒu xiàn yuán fǎ)
有线	(yǒu xiàn)
有线电视	(yǒu xiàn diàn shì)
有线新闻网	(yǒu xiàn xīn wén wǎng)
有效	(yǒu xiào)
有效负载	(yǒu xiào fù zài)
有效期	(yǒu xiào qī)
有效日期	(yǒu xiào rì qī)
有效数字	(yǒu xiào shù zì)
有效性	(yǒu xiào xìng)
有些	(yǒu xiē)
有些人	(yǒu xiē rén)
有心	(yǒu xīn)
有心人	(yǒu xīn rén)
有心眼	(yǒu xīn yǎn)
有新意	(yǒu xīn yì)
有形	(yǒu xíng)
有型	(yǒu xíng)
有兴趣	(yǒu xìng qù)
有幸	(yǒu xìng)
有性生殖	(yǒu xìng shēng zhí)
有雄心	(yǒu xióng xīn)
有序	(yǒu xù)
有序化	(yǒu xù huà)
有学问	(yǒu xué wèn)
有烟煤	(yǒu yān méi)
有眼不识泰山	(yǒu yǎn bù shí tài shān)
有眼光	(yǒu yǎn guāng)
有眼力见儿	(yǒu yǎn lì jiàn r)
有眼无珠	(yǒu yǎn wú zhū)
有氧操	(yǒu yǎng cāo)
有氧健身操	(yǒu yǎng jiàn shēn cāo)
有氧运动	(yǒu yǎng yùn dòng)
有样学样	(yǒu yàng xué yàng)
有一次	(yǒu yī cì)
有一搭没一搭	(yǒu yī dā méi yī dā)
有一点	(yǒu yī diǎn)
有一点儿	(yǒu yī diǎn r)
有一句没一句	(yǒu yī jù méi yī jù)
有一拼	(yǒu yī pīn)
有一手	(yǒu yī shǒu)
有一说一	(yǒu yī shuō yī)
有一说一，有二说二	(yǒu yī shuō yī , yǒu èr shuō èr)
有一套	(yǒu yī tào)
有一腿	(yǒu yī tuǐ)
有一些	(yǒu yī xiē)
有益	(yǒu yì)
有益处	(yǒu yì chu)
有意	(yǒu yì)
有意识	(yǒu yì shí)
有意思	(yǒu yì si)
有意无意	(yǒu yì wú yì)
有意义	(yǒu yì yì)
有意栽花花不发，无心插柳柳成阴	(yǒu yì zāi huā huā bù fā , wú xīn chā liǔ liǔ chéng yīn)
有毅力	(yǒu yì lì)
有阴影	(yǒu yīn yǐng)
有印象	(yǒu yìn xiàng)
有影响	(yǒu yǐng xiǎng)
有勇无谋	(yǒu yǒng wú móu)
有用	(yǒu yòng)
有余	(yǒu yú)
有预谋	(yǒu yù móu)
有缘	(yǒu yuán)
有缘无分	(yǒu yuán wú fèn)
有源区	(yǒu yuán qū)
有约在先	(yǒu yuē zài xiān)
有则改之，无则加勉	(yǒu zé gǎi zhī , wú zé jiā miǎn)
有责任	(yǒu zé rèn)
有增无减	(yǒu zēng wú jiǎn)
有增无已	(yǒu zēng wú yǐ)
有着	(yǒu zhe)
有征无战	(yǒu zhēng wú zhàn)
有枝有叶	(yǒu zhī yǒu yè)
有志	(yǒu zhì)
有志竟成	(yǒu zhì jìng chéng)
有志气	(yǒu zhì qì)
有志者事竟成	(yǒu zhì zhě shì jìng chéng)
有志之士	(yǒu zhì zhī shì)
有种	(yǒu zhǒng)
有主见	(yǒu zhǔ jiàn)
有助	(yǒu zhù)
有助于	(yǒu zhù yú)
有资格	(yǒu zī gé)
有滋有味	(yǒu zī yǒu wèi)
有子存焉	(yǒu zǐ cún yān)
有嘴没舌	(yǒu zuǐ mò shé)
有嘴无心	(yǒu zuǐ wú xīn)
有罪	(yǒu zuì)
有罪不罚	(yǒu zuì bù fá)
有作用	(yǒu zuò yòng)
丣	(yǒu)
卣	(yǒu)
槱	(yǒu)
又	(yòu)
又吵又闹	(yòu chǎo yòu nào)
又称	(yòu chēng)
又好气又好笑	(yòu hǎo qì yòu hǎo xiào)
又及	(yòu jí)
又来了	(yòu lái le)
又名	(yòu míng)
又双叒叕	(yòu shuāng ruò zhuó)
又想当婊子又想立牌坊	(yòu xiǎng dāng biǎo zi yòu xiǎng lì pái fāng)
又要马儿跑，又要马儿不吃草	(yòu yào mǎ r pǎo , yòu yào mǎ r bù chī cǎo)
又一次	(yòu yī cì)
右	(yòu)
右边	(yòu bian)
右边儿	(yòu bian r)
右侧	(yòu cè)
右对齐	(yòu duì qí)
右舵	(yòu duò)
右方	(yòu fāng)
右箭头	(yòu jiàn tóu)
右箭头键	(yòu jiàn tóu jiàn)
右江区	(yòu jiāng qū)
右面	(yòu miàn)
右派	(yòu pài)
右派分子	(yòu pài fèn zǐ)
右撇子	(yòu piě zi)
右前卫	(yòu qián wèi)
右倾	(yòu qīng)
右上	(yòu shàng)
右手	(yòu shǒu)
右首	(yòu shǒu)
右袒	(yòu tǎn)
右下	(yòu xià)
右舷	(yòu xián)
右翼	(yòu yì)
右玉县	(yòu yù xiàn)
右转	(yòu zhuǎn)
幼	(yòu)
幼齿	(yòu chǐ)
幼虫	(yòu chóng)
幼雏	(yòu chú)
幼弟	(yòu dì)
幼儿	(yòu ér)
幼儿园	(yòu ér yuán)
幼发拉底河	(yòu fā lā dǐ hé)
幼教	(yòu jiào)
幼马	(yòu mǎ)
幼妹	(yòu mèi)
幼苗	(yòu miáo)
幼年	(yòu nián)
幼女	(yòu nǚ)
幼师	(yòu shī)
幼时	(yòu shí)
幼兽	(yòu shòu)
幼态	(yòu tài)
幼体	(yòu tǐ)
幼童	(yòu tóng)
幼童军	(yòu tóng jūn)
幼吾幼，以及人之幼	(yòu wú yòu , yǐ jí rén zhī yòu)
幼小	(yòu xiǎo)
幼仔	(yòu zǎi)
幼崽	(yòu zǎi)
幼稚	(yòu zhì)
幼稚园	(yòu zhì yuán)
幼子	(yòu zǐ)
佑	(yòu)
佑护	(yòu hù)
侑	(yòu)
柚	(yòu)
柚木	(yòu mù)
柚子	(yòu zi)
囿	(yòu)
宥	(yòu)
唹	(yú)
于	(yú)
于丹	(yú dān)
于都县	(yú dū xiàn)
于归	(yú guī)
于归之喜	(yú guī zhī xǐ)
于洪区	(yú hóng qū)
于事无补	(yú shì wú bǔ)
于是	(yú shì)
于是乎	(yú shì hū)
于田县	(yú tián xiàn)
于心不忍	(yú xīn bù rěn)
亐	(yú)
杅	(yú)
余	(yú)
余车	(yú chē)
余月	(yú yuè)
妤	(yú)
於	(yū)
俞	(yú)
俞天白	(yú tiān bái)
俞文豹	(yú wén bào)
俞穴	(shù xué)
俞正声	(yú zhèng shēng)
兪	(yú)
娱	(yú)
娱乐	(yú lè)
娱乐场	(yú lè chǎng)
娱乐场所	(yú lè chǎng suǒ)
娱乐界	(yú lè jiè)
娱乐圈	(yú lè quān)
娱乐中心	(yú lè zhōng xīn)
娱遣	(yú qiǎn)
揄	(yú)
揄袂	(yú mèi)
揄扬	(yú yáng)
嵎	(yú)
崳	(yú)
嵛	(yú)
愉	(yú)
愉快	(yú kuài)
愉悦	(yú yuè)
媮	(tōu)
榆	(yú)
榆次区	(yú cì qū)
榆林市	(yú lín shì)
榆木	(yú mù)
榆木疙瘩	(yú mù gē da)
榆木脑袋	(yú mù nǎo dai)
榆木脑壳	(yú mù nǎo ké)
榆社县	(yú shè xiàn)
榆树	(yú shù)
榆树市	(yú shù shì)
榆罔	(yú wǎng)
榆阳区	(yú yáng qū)
榆中县	(yú zhōng xiàn)
愚	(yú)
愚笨	(yú bèn)
愚不可及	(yú bù kě jí)
愚蠢	(yú chǔn)
愚钝	(yú dùn)
愚公移山	(yú gōng yí shān)
愚见	(yú jiàn)
愚陋	(yú lòu)
愚鲁	(yú lǔ)
愚氓	(yú méng)
愚昧	(yú mèi)
愚昧无知	(yú mèi wú zhī)
愚蒙	(yú méng)
愚民	(yú mín)
愚弄	(yú nòng)
愚懦	(yú nuò)
愚人	(yú rén)
愚人节	(yú rén jié)
愚弱	(yú ruò)
愚騃	(yú ái)
愚顽	(yú wán)
愚妄	(yú wàng)
愚孝	(yú xiào)
愚意	(yú yì)
愚拙	(yú zhuō)
歈	(yú)
旟	(yú)
予	(yǔ)
予人口实	(yǔ rén kǒu shí)
予以	(yǔ yǐ)
予以照顾	(yǔ yǐ zhào gù)
屿	(yǔ)
伛	(yǔ)
宇	(yǔ)
宇航	(yǔ háng)
宇航服	(yǔ háng fú)
宇航局	(yǔ háng jú)
宇航员	(yǔ háng yuán)
宇普西龙	(yǔ pǔ xī lóng)
宇文	(yǔ wén)
宇宙	(yǔ zhòu)
宇宙飞船	(yǔ zhòu fēi chuán)
宇宙观	(yǔ zhòu guān)
宇宙号	(yǔ zhòu hào)
宇宙射线	(yǔ zhòu shè xiàn)
宇宙速度	(yǔ zhòu sù dù)
宇宙线	(yǔ zhòu xiàn)
宇宙学	(yǔ zhòu xué)
㲾	(yǔ)
俣	(yǔ)
圄	(yǔ)
峿	(wú)
敔	(yǔ)
圉	(yǔ)
圉人	(yǔ rén)
圉限	(yǔ xiàn)
庾	(yǔ)
庾信	(yǔ xìn)
楀	(yǔ)
寙	(yǔ)
噳	(yǔ)
斔	(yǔ)
圫	(ào)
忬	(shū)
妪	(yù)
郁	(yù)
昱	(yù)
昱日	(yù rì)
昱昱	(yù yù)
彧	(yù)
峪	(yù)
域	(yù)
域名	(yù míng)
域名编码	(yù míng biān mǎ)
域名服务器	(yù míng fú wù qì)
域名抢注	(yù míng qiǎng zhù)
域名注册	(yù míng zhù cè)
域外	(yù wài)
堉	(yù)
悆	(yù)
欲	(yù)
欲罢不能	(yù bà bù néng)
欲滴	(yù dī)
欲盖弥彰	(yù gài mí zhāng)
欲海	(yù hǎi)
欲壑难填	(yù hè nán tián)
欲火	(yù huǒ)
欲火焚身	(yù huǒ fén shēn)
欲加之罪，何患无辞	(yù jiā zhī zuì , hé huàn wú cí)
欲经	(yù jīng)
欲绝	(yù jué)
欲念	(yù niàn)
欲女	(yù nǚ)
欲擒故纵	(yù qín gù zòng)
欲求	(yù qiú)
欲取姑与	(yù qǔ gū yǔ)
欲取姑予	(yù qǔ gū yǔ)
欲速则不达	(yù sù zé bù dá)
欲望	(yù wàng)
欲仙欲死	(yù xiān yù sǐ)
欲言又止	(yù yán yòu zhǐ)
欲益反损	(yù yì fǎn sǔn)
欲振乏力	(yù zhèn fá lì)
棫	(yù)
棜	(yù)
喻	(yù)
喻世明言	(yù shì míng yán)
御	(yù)
御宝	(yù bǎo)
御便当	(yù biàn dāng)
御厨	(yù chú)
御赐	(yù cì)
御弟	(yù dì)
御饭团	(yù fàn tuán)
御驾亲征	(yù jià qīn zhēng)
御姐	(yù jiě)
御酒	(yù jiǔ)
御批	(yù pī)
御戎	(yù róng)
御膳房	(yù shàn fáng)
御史	(yù shǐ)
御手	(yù shǒu)
御医	(yù yī)
御用	(yù yòng)
御用大律师	(yù yòng dà lǜ shī)
御宅族	(yù zhái zú)
寓	(yù)
寓管理于服务之中	(yù guǎn lǐ yú fú wù zhī zhōng)
寓教于乐	(yù jiào yú lè)
寓居	(yù jū)
寓目	(yù mù)
寓所	(yù suǒ)
寓言	(yù yán)
寓意	(yù yì)
寓意深远	(yù yì shēn yuǎn)
寓意深长	(yù yì shēn cháng)
愈	(yù)
愈发	(yù fā)
愈加	(yù jiā)
愈来愈	(yù lái yù)
愈演愈烈	(yù yǎn yù liè)
愈益	(yù yì)
毓	(yù)
毓婷	(yù tíng)
墺	(ào)
欎	(yù)
囦	(yuān)
冤	(yuān)
冤案	(yuān àn)
冤仇	(yuān chóu)
冤大头	(yuān dà tóu)
冤魂	(yuān hún)
冤家	(yuān jia)
冤家对头	(yuān jiā duì tóu)
冤家路窄	(yuān jiā lù zhǎi)
冤家宜解不宜结	(yuān jiā yí jiě bù yí jié)
冤假错案	(yuān jiǎ cuò àn)
冤苦	(yuān kǔ)
冤孽	(yuān niè)
冤气	(yuān qì)
冤钱	(yuān qián)
冤情	(yuān qíng)
冤屈	(yuān qū)
冤死	(yuān sǐ)
冤头	(yuān tóu)
冤枉	(yuān wang)
冤枉路	(yuān wang lù)
冤枉钱	(yuān wang qián)
冤诬	(yuān wū)
冤业	(yuān yè)
冤抑	(yuān yì)
冤有头，债有主	(yuān yǒu tóu , zhài yǒu zhǔ)
冤狱	(yuān yù)
冤冤相报何时了	(yuān yuān xiāng bào hé shí liǎo)
冤种	(yuān zhǒng)
惌	(yuān)
棩	(yuān)
元	(yuán)
元胞自动机	(yuán bāo zì dòng jī)
元宝	(yuán bǎo)
元宝区	(yuán bǎo qū)
元宝山区	(yuán bǎo shān qū)
元朝	(yuán cháo)
元代	(yuán dài)
元旦	(yuán dàn)
元旦节	(yuán dàn jié)
元恶	(yuán è)
元恶大憝	(yuán è dà duì)
元古代	(yuán gǔ dài)
元古宙	(yuán gǔ zhòu)
元好问	(yuán hào wèn)
元件	(yuán jiàn)
元江哈尼族彝族傣族自治县	(yuán jiāng hā ní zú yí zú dǎi zú zì zhì xiàn)
元军	(yuán jūn)
元来	(yuán lái)
元朗	(yuán lǎng)
元朗市	(yuán lǎng shì)
元老	(yuán lǎo)
元老院	(yuán lǎo yuàn)
元龙	(yuán lóng)
元煤	(yuán méi)
元末	(yuán mò)
元末明初	(yuán mò míng chū)
元谋县	(yuán móu xiàn)
元年	(yuán nián)
元配	(yuán pèi)
元气	(yuán qì)
元器件	(yuán qì jiàn)
元青	(yuán qīng)
元曲	(yuán qǔ)
元曲四大家	(yuán qǔ sì dà jiā)
元认知	(yuán rèn zhī)
元肉	(yuán ròu)
元山	(yuán shān)
元山市	(yuán shān shì)
元神	(yuán shén)
元诗四大家	(yuán shī sì dà jiā)
元氏县	(yuán shì xiàn)
元首	(yuán shǒu)
元数据	(yuán shù jù)
元帅	(yuán shuài)
元素	(yuán sù)
元素周期表	(yuán sù zhōu qī biǎo)
元太祖	(yuán tài zǔ)
元宵	(yuán xiāo)
元凶	(yuán xiōng)
元勋	(yuán xūn)
元阳县	(yuán yáng xiàn)
元夜	(yuán yè)
元音	(yuán yīn)
元音和谐	(yuán yīn hé xié)
元宇宙	(yuán yǔ zhòu)
元语言	(yuán yǔ yán)
元语言能力	(yuán yǔ yán néng lì)
元元本本	(yuán yuán běn běn)
元月	(yuán yuè)
元长	(yuán cháng)
元长乡	(yuán cháng xiāng)
元资料	(yuán zī liào)
元组	(yuán zǔ)
円	(yuán)
园	(yuán)
园地	(yuán dì)
园丁	(yuán dīng)
园林	(yuán lín)
园圃	(yuán pǔ)
园区	(yuán qū)
园艺	(yuán yì)
园游会	(yuán yóu huì)
园囿	(yuán yòu)
园长	(yuán zhǎng)
员	(yuán)
员额	(yuán é)
员工	(yuán gōng)
员警	(yuán jǐng)
员林	(yuán lín)
员林镇	(yuán lín zhèn)
员山	(yuán shān)
员山乡	(yuán shān xiāng)
员外	(yuán wài)
垣	(yuán)
垣曲县	(yuán qǔ xiàn)
垣衣	(yuán yī)
原	(yuán)
原班人马	(yuán bān rén mǎ)
原爆点	(yuán bào diǎn)
原被告	(yuán bèi gào)
原本	(yuán běn)
原材料	(yuán cái liào)
原产	(yuán chǎn)
原产地	(yuán chǎn dì)
原产国	(yuán chǎn guó)
原唱	(yuán chàng)
原虫	(yuán chóng)
原初	(yuán chū)
原处	(yuán chù)
原创	(yuán chuàng)
原创力	(yuán chuàng lì)
原创性	(yuán chuàng xìng)
原道	(yuán dào)
原地	(yuán dì)
原地踏步	(yuán dì tà bù)
原典版	(yuán diǎn bǎn)
原点	(yuán diǎn)
原点矩	(yuán diǎn jǔ)
原电池	(yuán diàn chí)
原定	(yuán dìng)
原动力	(yuán dòng lì)
原发性进行性失语	(yuán fā xìng jìn xíng xìng shī yǔ)
原封不动	(yuán fēng bù dòng)
原稿	(yuán gǎo)
原告	(yuán gào)
原鸽	(yuán gē)
原故	(yuán gù)
原函数	(yuán hán shù)
原核	(yuán hé)
原核生物	(yuán hé shēng wù)
原核生物界	(yuán hé shēng wù jiè)
原核细胞	(yuán hé xì bāo)
原核细胞型微生物	(yuán hé xì bāo xíng wēi shēng wù)
原籍	(yuán jí)
原价	(yuán jià)
原件	(yuán jiàn)
原来	(yuán lái)
原来如此	(yuán lái rú cǐ)
原理	(yuán lǐ)
原谅	(yuán liàng)
原谅色	(yuán liàng sè)
原料	(yuán liào)
原貌	(yuán mào)
原煤	(yuán méi)
原名	(yuán míng)
原木	(yuán mù)
原拟	(yuán nǐ)
原牛	(yuán niú)
原配	(yuán pèi)
原平市	(yuán píng shì)
原人	(yuán rén)
原色	(yuán sè)
原肾管	(yuán shèn guǎn)
原生	(yuán shēng)
原生动物	(yuán shēng dòng wù)
原生橄榄油	(yuán shēng gǎn lǎn yóu)
原生家庭	(yuán shēng jiā tíng)
原生生物	(yuán shēng shēng wù)
原生质	(yuán shēng zhì)
原声	(yuán shēng)
原声带	(yuán shēng dài)
原始	(yuán shǐ)
原始林	(yuán shǐ lín)
原始码	(yuán shǐ mǎ)
原始热带雨林	(yuán shǐ rè dài yǔ lín)
原始人	(yuán shǐ rén)
原始社会	(yuán shǐ shè huì)
原水	(yuán shuǐ)
原苏联	(yuán sū lián)
原田	(yuán tián)
原图	(yuán tú)
原委	(yuán wěi)
原位	(yuán wèi)
原味	(yuán wèi)
原文	(yuán wén)
原物料	(yuán wù liào)
原先	(yuán xiān)
原纤维	(yuán xiān wéi)
原形	(yuán xíng)
原形毕露	(yuán xíng bì lù)
原型	(yuán xíng)
原研药	(yuán yán yào)
原阳县	(yuán yáng xiàn)
原样	(yuán yàng)
原野	(yuán yě)
原义	(yuán yì)
原意	(yuán yì)
原因	(yuán yīn)
原由	(yuán yóu)
原油	(yuán yóu)
原有	(yuán yǒu)
原语	(yuán yǔ)
原原本本	(yuán yuán běn běn)
原则	(yuán zé)
原则上	(yuán zé shang)
原则性	(yuán zé xìng)
原汁	(yuán zhī)
原汁原味	(yuán zhī yuán wèi)
原址	(yuán zhǐ)
原州区	(yuán zhōu qū)
原住民	(yuán zhù mín)
原住民族	(yuán zhù mín zú)
原著	(yuán zhù)
原装	(yuán zhuāng)
原状	(yuán zhuàng)
原子	(yuán zǐ)
原子半径	(yuán zǐ bàn jìng)
原子笔	(yuán zǐ bǐ)
原子弹	(yuán zǐ dàn)
原子堆	(yuán zǐ duī)
原子反应堆	(yuán zǐ fǎn yìng duī)
原子核	(yuán zǐ hé)
原子量	(yuán zǐ liàng)
原子论	(yuán zǐ lùn)
原子能	(yuán zǐ néng)
原子能发电站	(yuán zǐ néng fā diàn zhàn)
原子武器	(yuán zǐ wǔ qì)
原子序数	(yuán zǐ xù shù)
原子质量	(yuán zǐ zhì liàng)
原子钟	(yuán zǐ zhōng)
原罪	(yuán zuì)
原作	(yuán zuò)
原作版	(yuán zuò bǎn)
圆	(yuán)
圆白菜	(yuán bái cài)
圆柏	(yuán bǎi)
圆场	(yuán chǎng)
圆窗	(yuán chuāng)
圆点	(yuán diǎn)
圆顶	(yuán dǐng)
圆房	(yuán fáng)
圆腹鲱	(yuán fù fēi)
圆拱	(yuán gǒng)
圆鼓鼓	(yuán gǔ gǔ)
圆光	(yuán guāng)
圆规	(yuán guī)
圆规座	(yuán guī zuò)
圆轨道	(yuán guǐ dào)
圆滚滚	(yuán gǔn gǔn)
圆函数	(yuán hán shù)
圆弧	(yuán hú)
圆滑	(yuán huá)
圆滑线	(yuán huá xiàn)
圆环	(yuán huán)
圆谎	(yuán huǎng)
圆寂	(yuán jì)
圆角	(yuán jiǎo)
圆孔	(yuán kǒng)
圆口纲脊椎动物	(yuán kǒu gāng jǐ zhuī dòng wù)
圆括号	(yuán kuò hào)
圆领	(yuán lǐng)
圆满	(yuán mǎn)
圆梦	(yuán mèng)
圆面饼	(yuán miàn bǐng)
圆盘	(yuán pán)
圆球	(yuán qiú)
圆圈	(yuán quān)
圆缺	(yuán quē)
圆融	(yuán róng)
圆润	(yuán rùn)
圆通	(yuán tōng)
圆筒	(yuán tǒng)
圆秃	(yuán tū)
圆屋顶	(yuán wū dǐng)
圆舞	(yuán wǔ)
圆舞曲	(yuán wǔ qǔ)
圆心	(yuán xīn)
圆形	(yuán xíng)
圆形剧场	(yuán xíng jù chǎng)
圆形木材	(yuán xíng mù cái)
圆瑛	(yuán yīng)
圆月	(yuán yuè)
圆晕	(yuán yùn)
圆周	(yuán zhōu)
圆周率	(yuán zhōu lǜ)
圆珠	(yuán zhū)
圆珠笔	(yuán zhū bǐ)
圆柱	(yuán zhù)
圆柱体	(yuán zhù tǐ)
圆柱形	(yuán zhù xíng)
圆锥	(yuán zhuī)
圆锥曲线	(yuán zhuī qū xiàn)
圆锥体	(yuán zhuī tǐ)
圆锥形	(yuán zhuī xíng)
圆锥状	(yuán zhuī zhuàng)
圆桌	(yuán zhuō)
圆桌会议	(yuán zhuō huì yì)
圆子	(yuán zi)
援	(yuán)
援兵	(yuán bīng)
援藏	(yuán zàng)
援交	(yuán jiāo)
援交妹	(yuán jiāo mèi)
援交小姐	(yuán jiāo xiǎo jie)
援救	(yuán jiù)
援军	(yuán jūn)
援手	(yuán shǒu)
援引	(yuán yǐn)
援用	(yuán yòng)
援助	(yuán zhù)
援助机构	(yuán zhù jī gòu)
援助交际	(yuán zhù jiāo jì)
援助之手	(yuán zhù zhī shǒu)
塬	(yuán)
塬地	(yuán dì)
嫄	(yuán)
橼	(yuán)
夗	(yuàn)
怨	(yuàn)
怨艾	(yuàn yì)
怨不得	(yuàn bu de)
怨敌	(yuàn dí)
怨毒	(yuàn dú)
怨怼	(yuàn duì)
怨忿	(yuàn fèn)
怨愤	(yuàn fèn)
怨恨	(yuàn hèn)
怨命	(yuàn mìng)
怨念	(yuàn niàn)
怨女	(yuàn nǚ)
怨偶	(yuàn ǒu)
怨耦	(yuàn ǒu)
怨气	(yuàn qì)
怨气冲天	(yuàn qì chōng tiān)
怨声	(yuàn shēng)
怨声载道	(yuàn shēng zài dào)
怨叹	(yuàn tàn)
怨天尤人	(yuàn tiān yóu rén)
怨天载道	(yuàn tiān zài dào)
怨言	(yuàn yán)
怨尤	(yuàn yóu)
掾	(yuàn)
媛	(yuàn)
愿	(yuàn)
曰	(yuē)
曱	(yuē)
曱甴	(yuē zhá)
彟	(huò)
月	(yuè)
月报	(yuè bào)
月孛	(yuè bèi)
月饼	(yuè bǐng)
月城	(yuè chéng)
月初	(yuè chū)
月底	(yuè dǐ)
月度	(yuè dù)
月费	(yuè fèi)
月分	(yuè fèn)
月份	(yuè fèn)
月份会议	(yuè fèn huì yì)
月份牌	(yuè fèn pái)
月俸	(yuè fèng)
月工	(yuè gōng)
月供	(yuè gōng)
月宫	(yuè gōng)
月光	(yuè guāng)
月光石	(yuè guāng shí)
月光族	(yuè guāng zú)
月桂	(yuè guì)
月桂冠	(yuè guì guān)
月桂树	(yuè guì shù)
月桂树叶	(yuè guì shù yè)
月桂叶	(yuè guì yè)
月海	(yuè hǎi)
月黑	(yuè hēi)
月黑天	(yuè hēi tiān)
月湖区	(yuè hú qū)
月华	(yuè huá)
月季	(yuè jì)
月经	(yuè jīng)
月经垫	(yuè jīng diàn)
月经棉栓	(yuè jīng mián shuān)
月径	(yuè jìng)
月刊	(yuè kān)
月坑	(yuè kēng)
月亏	(yuè kuī)
月阑	(yuè lán)
月蓝	(yuè lán)
月老	(yuè lǎo)
月鳢	(yuè lǐ)
月历	(yuè lì)
月利	(yuè lì)
月亮	(yuè liang)
月亮杯	(yuè liang bēi)
月龄	(yuè líng)
月令	(yuè lìng)
月轮	(yuè lún)
月盲症	(yuè máng zhèng)
月杪	(yuè miǎo)
月末	(yuè mò)
月女神	(yuè nǚ shén)
月偏食	(yuè piān shí)
月票	(yuè piào)
月婆子	(yuè pó zi)
月钱	(yuè qián)
月琴	(yuè qín)
月球	(yuè qiú)
月球车	(yuè qiú chē)
月全食	(yuè quán shí)
月缺	(yuè quē)
月壤	(yuè rǎng)
月嫂	(yuè sǎo)
月色	(yuè sè)
月食	(yuè shí)
月蚀	(yuè shí)
月氏	(yuè zhī)
月事	(yuè shì)
月收入	(yuè shōu rù)
月朔	(yuè shuò)
月台	(yuè tái)
月台幕门	(yuè tái mù mén)
月台票	(yuè tái piào)
月头儿	(yuè tóu r)
月尾	(yuè wěi)
月息	(yuè xī)
月下花前	(yuè xià huā qián)
月下老人	(yuè xià lǎo rén)
月相	(yuè xiàng)
月薪	(yuè xīn)
月信	(yuè xìn)
月牙	(yuè yá)
月牙形	(yuè yá xíng)
月芽	(yuè yá)
月岩	(yuè yán)
月曜日	(yuè yào rì)
月夜	(yuè yè)
月月	(yuè yuè)
月晕	(yuè yùn)
月支	(yuè zhī)
月中	(yuè zhōng)
月子	(yuè zi)
月子病	(yuè zi bìng)
月子中心	(yuè zi zhōng xīn)
月租	(yuè zū)
戉	(yuè)
刖	(yuè)
抈	(yuè)
岳	(yuè)
岳池县	(yuè chí xiàn)
岳得尔歌	(yuè dé ěr gē)
岳飞	(yuè fēi)
岳父	(yuè fù)
岳家	(yuè jiā)
岳麓区	(yuè lù qū)
岳麓山	(yuè lù shān)
岳麓书院	(yuè lù shū yuàn)
岳母	(yuè mǔ)
岳普湖县	(yuè pǔ hú xiàn)
岳塘区	(yuè táng qū)
岳西县	(yuè xī xiàn)
岳阳楼	(yuè yáng lóu)
岳阳楼记	(yuè yáng lóu jì)
岳阳楼区	(yuè yáng lóu qū)
岳阳市	(yuè yáng shì)
岳阳县	(yuè yáng xiàn)
岳丈	(yuè zhàng)
悦	(yuè)
悦耳	(yuè ěr)
悦纳	(yuè nà)
悦色	(yuè sè)
樾	(yuè)
晕	(yūn)
晕菜	(yūn cài)
晕场	(yùn chǎng)
晕车	(yùn chē)
晕池	(yùn chí)
晕船	(yùn chuán)
晕倒	(yūn dǎo)
晕高儿	(yùn gāo r)
晕乎	(yūn hu)
晕糊	(yūn hu)
晕机	(yùn jī)
晕厥	(yūn jué)
晕染	(yùn rǎn)
晕死	(yūn sǐ)
晕碳	(yūn tàn)
晕头	(yūn tóu)
晕头转向	(yūn tóu zhuàn xiàng)
晕眩	(yūn xuàn)
晕血	(yùn xuè)
晕血症	(yùn xuè zhèng)
晕针	(yùn zhēn)
奫	(yūn)
云	(yún)
云城区	(yún chéng qū)
云云	(yún yún)
匀	(yún)
匀称	(yún chèn)
匀净	(yún jìng)
匀溜	(yún liu)
匀实	(yún shi)
匀速	(yún sù)
匀整	(yún zhěng)
妘	(yún)
昀	(yún)
允	(yǔn)
允当	(yǔn dàng)
允诺	(yǔn nuò)
允文允武	(yǔn wén yǔn wǔ)
允许	(yǔn xǔ)
允宜	(yǔn yí)
允准	(yǔn zhǔn)
殒	(yǔn)
殒落	(yǔn luò)
殒命	(yǔn mìng)
殒身不恤	(yǔn shēn bù xù)
孕	(yùn)
孕宝宝	(yùn bǎo bǎo)
孕产	(yùn chǎn)
孕妇	(yùn fù)
孕妇装	(yùn fù zhuāng)
孕激素	(yùn jī sù)
孕期	(yùn qī)
孕穗	(yùn suì)
孕童	(yùn tóng)
孕酮	(yùn tóng)
孕吐	(yùn tù)
孕婴童	(yùn yīng tóng)
孕育	(yùn yù)
枟	(yùn)
恽	(yùn)
愠	(yùn)
愠怒	(yùn nù)
匝	(zā)
匝道	(zā dào)
匝加利亚	(zā jiā lì yà)
匝月	(zā yuè)
咂	(zā)
咂摸	(zā mo)
咂舌	(zā shé)
咂嘴	(zā zuǐ)
拶	(zǎn)
拶刑	(zǎn xíng)
拶榨	(zā zhà)
拶指	(zǎn zhǐ)
拶子	(zǎn zi)
桚	(zǎn)
咋	(zé)
咋呼	(zhā hu)
咋舌	(zé shé)
栽	(zāi)
栽倒	(zāi dǎo)
栽跟头	(zāi gēn tou)
栽筋斗	(zāi jīn dǒu)
栽培	(zāi péi)
栽赃	(zāi zāng)
栽植	(zāi zhí)
栽种	(zāi zhòng)
栽种机	(zāi zhòng jī)
栽子	(zāi zi)
仔	(zǎi)
仔畜	(zǐ chù)
仔鸡	(zǐ jī)
仔肩	(zī jiān)
仔姜	(zǐ jiāng)
仔密	(zǐ mì)
仔细	(zǐ xì)
仔猪	(zǐ zhū)
宰	(zǎi)
宰割	(zǎi gē)
宰客	(zǎi kè)
宰了	(zǎi le)
宰人	(zǎi rén)
宰杀	(zǎi shā)
宰相	(zǎi xiàng)
宰予	(zǎi yú)
宰制	(zǎi zhì)
崽	(zǎi)
崽卖爷田不心疼	(zǎi mài yé tián bù xīn téng)
崽子	(zǎi zi)
扗	(zài)
再	(zài)
再拜	(zài bài)
再版	(zài bǎn)
再保险	(zài bǎo xiǎn)
再保证	(zài bǎo zhèng)
再不	(zài bù)
再不然	(zài bu rán)
再处理	(zài chǔ lǐ)
再次	(zài cì)
再读	(zài dú)
再度	(zài dù)
再发	(zài fā)
再犯	(zài fàn)
再改	(zài gǎi)
再好不过	(zài hǎo bù guò)
再会	(zài huì)
再婚	(zài hūn)
再嫁	(zài jià)
再见	(zài jiàn)
再见全垒打	(zài jiàn quán lěi dǎ)
再建	(zài jiàn)
再醮	(zài jiào)
再接再厉	(zài jiē zài lì)
再接再砺	(zài jiē zài lì)
再就是	(zài jiù shì)
再临	(zài lín)
再平衡	(zài píng héng)
再起	(zài qǐ)
再迁	(zài qiān)
再融资	(zài róng zī)
再入	(zài rù)
再赛	(zài sài)
再三	(zài sān)
再三再四	(zài sān zài sì)
再审	(zài shěn)
再生	(zài shēng)
再生不良性贫血	(zài shēng bù liáng xìng pín xuè)
再生产	(zài shēng chǎn)
再生稻	(zài shēng dào)
再生父母	(zài shēng fù mǔ)
再生能源	(zài shēng néng yuán)
再生燃料	(zài shēng rán liào)
再生水	(zài shēng shuǐ)
再生医学	(zài shēng yī xué)
再生制动	(zài shēng zhì dòng)
再生资源	(zài shēng zī yuán)
再世	(zài shì)
再衰三竭	(zài shuāi sān jié)
再说	(zài shuō)
再四	(zài sì)
再现	(zài xiàn)
再也	(zài yě)
再一次	(zài yī cì)
再育	(zài yù)
再造	(zài zào)
再造手术	(zài zào shǒu shù)
再则	(zài zé)
再怎么	(zài zěn me)
再者	(zài zhě)
再制	(zài zhì)
再制盐	(zài zhì yán)
再制纸	(zài zhì zhǐ)
在	(zài)
在编	(zài biān)
在场	(zài chǎng)
在朝	(zài cháo)
在此	(zài cǐ)
在此后	(zài cǐ hòu)
在此之后	(zài cǐ zhī hòu)
在此之际	(zài cǐ zhī jì)
在此之前	(zài cǐ zhī qián)
在地	(zài dì)
在地下	(zài dì xià)
在读	(zài dú)
在岗	(zài gǎng)
在后	(zài hòu)
在乎	(zài hu)
在户外	(zài hù wài)
在华	(zài huá)
在即	(zài jí)
在家	(zài jiā)
在家靠父母，出门靠朋友	(zài jiā kào fù mǔ , chū mén kào péng you)
在家靠父母，出外靠朋友	(zài jiā kào fù mǔ , chū wài kào péng you)
在家千日好，出门一时难	(zài jiā qiān rì hǎo , chū mén yī shí nán)
在建	(zài jiàn)
在教	(zài jiào)
在来米	(zài lái mǐ)
在理	(zài lǐ)
在那儿	(zài na r)
在内	(zài nèi)
在旁	(zài páng)
在千钧一发之际	(zài qiān jūn yī fà zhī jì)
在前	(zài qián)
在枪口	(zài qiāng kǒu)
在任	(zài rèn)
在身	(zài shēn)
在深处	(zài shēn chù)
在世	(zài shì)
在诉讼期间	(zài sù sòng qī jiān)
在所不辞	(zài suǒ bù cí)
在所不计	(zài suǒ bù jì)
在所难免	(zài suǒ nán miǎn)
在台	(zài tái)
在逃	(zài táo)
在天之灵	(zài tiān zhī líng)
在途	(zài tú)
在外	(zài wài)
在望	(zài wàng)
在位	(zài wèi)
在位时代	(zài wèi shí dài)
在我看	(zài wǒ kàn)
在我看来	(zài wǒ kàn lái)
在握	(zài wò)
在下	(zài xià)
在下面	(zài xià miàn)
在先	(zài xiān)
在线	(zài xiàn)
在校	(zài xiào)
在行	(zài háng)
在野	(zài yě)
在野党	(zài yě dǎng)
在一起	(zài yī qǐ)
在意	(zài yì)
在于	(zài yú)
在这期间	(zài zhè qī jiān)
在这之前	(zài zhè zhī qián)
在职	(zài zhí)
在职训练	(zài zhí xùn liàn)
在座	(zài zuò)
傤	(zài)
咱	(zán)
咱家	(zán jiā)
咱俩	(zán liǎ)
咱们	(zán men)
昝	(zǎn)
寁	(zǎn)
揝	(zuàn)
攒	(zǎn)
攒簇	(cuán cù)
攒集	(cuán jí)
攒劲	(zǎn jìn)
攒聚	(cuán jù)
攒钱	(zǎn qián)
儹	(zǎn)
暂	(zàn)
暂定	(zàn dìng)
暂短	(zàn duǎn)
暂搁	(zàn gē)
暂缓	(zàn huǎn)
暂且	(zàn qiě)
暂缺	(zàn quē)
暂时	(zàn shí)
暂态	(zàn tài)
暂停	(zàn tíng)
暂停键	(zàn tíng jiàn)
暂息	(zàn xī)
暂行	(zàn xíng)
暂住证	(zàn zhù zhèng)
奘	(zàng)
葬	(zàng)
早	(zǎo)
早C晚A	(zǎo c wǎn a)
早安	(zǎo ān)
早班	(zǎo bān)
早班儿	(zǎo bān r)
早报	(zǎo bào)
早播	(zǎo bō)
早勃	(zǎo bó)
早搏	(zǎo bó)
早餐	(zǎo cān)
早操	(zǎo cāo)
早茶	(zǎo chá)
早产	(zǎo chǎn)
早场	(zǎo chǎng)
早车	(zǎo chē)
早晨	(zǎo chén)
早出晚归	(zǎo chū wǎn guī)
早春	(zǎo chūn)
早稻	(zǎo dào)
早稻田大学	(zǎo dào tián dà xué)
早点	(zǎo diǎn)
早点儿	(zǎo diǎn r)
早饭	(zǎo fàn)
早婚	(zǎo hūn)
早教	(zǎo jiào)
早就	(zǎo jiù)
早课	(zǎo kè)
早来	(zǎo lái)
早老素	(zǎo lǎo sù)
早老性痴呆	(zǎo lǎo xìng chī dāi)
早恋	(zǎo liàn)
早年	(zǎo nián)
早鸟票	(zǎo niǎo piào)
早鸟优惠	(zǎo niǎo yōu huì)
早期	(zǎo qī)
早起	(zǎo qǐ)
早前	(zǎo qián)
早秋	(zǎo qiū)
早日	(zǎo rì)
早日康复	(zǎo rì kāng fù)
早上	(zǎo shang)
早上好	(zǎo shang hǎo)
早生贵子	(zǎo shēng guì zǐ)
早市	(zǎo shì)
早逝	(zǎo shì)
早熟	(zǎo shú)
早衰	(zǎo shuāi)
早霜	(zǎo shuāng)
早睡早起	(zǎo shuì zǎo qǐ)
早死	(zǎo sǐ)
早死早超生	(zǎo sǐ zǎo chāo shēng)
早岁	(zǎo suì)
早退	(zǎo tuì)
早晚	(zǎo wǎn)
早亡	(zǎo wáng)
早午餐	(zǎo wǔ cān)
早午饭	(zǎo wǔ fàn)
早先	(zǎo xiān)
早些	(zǎo xiē)
早泄	(zǎo xiè)
早夭	(zǎo yāo)
早已	(zǎo yǐ)
早孕	(zǎo yùn)
早在	(zǎo zài)
早早班	(zǎo zǎo bān)
早早儿	(zǎo zǎo r)
早知	(zǎo zhī)
早知今日何必当初	(zǎo zhī jīn rì hé bì dāng chū)
早自习	(zǎo zì xí)
枣	(zǎo)
枣疯病	(zǎo fēng bìng)
枣泥	(zǎo ní)
枣强县	(zǎo qiáng xiàn)
枣树	(zǎo shù)
枣阳市	(zǎo yáng shì)
枣庄市	(zǎo zhuāng shì)
枣子	(zǎo zi)
唣	(zào)
梍	(zào)
喿	(sào)
慥	(zào)
噪	(zào)
噪大苇莺	(zào dà wěi yīng)
噪点	(zào diǎn)
噪鹃	(zào juān)
噪声	(zào shēng)
噪声污染	(zào shēng wū rǎn)
噪音	(zào yīn)
噪音盒	(zào yīn hé)
噪杂	(zào zá)
则	(zé)
则步隆	(zé bù lóng)
则辣黑	(zé là hēi)
择	(zé)
择不开	(zhái bu kāi)
择菜	(zhái cài)
择刺	(zhái cì)
择定	(zé dìng)
择机	(zé jī)
择偶	(zé ǒu)
择日	(zé rì)
择日不如撞日	(zé rì bù rú zhuàng rì)
择日子	(zhái rì zi)
择善而从	(zé shàn ér cóng)
择善固执	(zé shàn gù zhí)
择食	(zé shí)
啧	(zé)
啧啧	(zé zé)
啧啧称奇	(zé zé chēng qí)
唶	(jiè)
帻	(zé)
仄	(zè)
仄径	(zè jìng)
仄声	(zè shēng)
昃	(zè)
崱	(zé)
戝	(zéi)
怎	(zěn)
怎的	(zěn de)
怎么	(zěn me)
怎么办	(zěn me bàn)
怎么得了	(zěn me dé liǎo)
怎么搞的	(zěn me gǎo de)
怎么回事	(zěn me huí shì)
怎么了	(zěn me le)
怎么说呢	(zěn me shuō ne)
怎么样	(zěn me yàng)
怎么着	(zěn me zhāo)
怎奈	(zěn nài)
怎能	(zěn néng)
怎生	(zěn shēng)
怎样	(zěn yàng)
怎一个愁字了得	(zěn yī gè chóu zì liǎo dé)
增	(zēng)
增白剂	(zēng bái jì)
增兵	(zēng bīng)
增补	(zēng bǔ)
增产	(zēng chǎn)
增城区	(zēng chéng qū)
增持	(zēng chí)
增稠	(zēng chóu)
增稠剂	(zēng chóu jì)
增大	(zēng dà)
增订	(zēng dìng)
增订本	(zēng dìng běn)
增多	(zēng duō)
增防	(zēng fáng)
增幅	(zēng fú)
增岗	(zēng gǎng)
增高	(zēng gāo)
增光	(zēng guāng)
增广	(zēng guǎng)
增厚	(zēng hòu)
增加	(zēng jiā)
增加值	(zēng jiā zhí)
增减	(zēng jiǎn)
增进	(zēng jìn)
增刊	(zēng kān)
增量	(zēng liàng)
增量参数	(zēng liàng cān shù)
增年	(zēng nián)
增强	(zēng qiáng)
增强现实	(zēng qiáng xiàn shí)
增三和弦	(zēng sān hé xián)
增色	(zēng sè)
增删	(zēng shān)
增设	(zēng shè)
增生	(zēng shēng)
增收	(zēng shōu)
增速	(zēng sù)
增塑剂	(zēng sù jì)
增添	(zēng tiān)
增田	(zēng tián)
增温层	(zēng wēn céng)
增压	(zēng yā)
增益	(zēng yì)
增援	(zēng yuán)
增长	(zēng zhǎng)
增长率	(zēng zhǎng lǜ)
增长天	(zēng zhǎng tiān)
增值	(zēng zhí)
增值税	(zēng zhí shuì)
增殖	(zēng zhí)
增殖反应堆	(zēng zhí fǎn yìng duī)
增重粉	(zēng zhòng fěn)
增资	(zēng zī)
憎	(zēng)
憎恶	(zēng wù)
憎恨	(zēng hèn)
憎厌	(zēng yàn)
橧	(zēng)
扎	(zhā)
扎穿	(zhā chuān)
扎带	(zā dài)
扎堆	(zhā duī)
扎格罗斯	(zā gé luó sī)
扎格罗斯山脉	(zā gé luó sī shān mài)
扎根	(zhā gēn)
扎克伯格	(zhā kè bó gé)
扎款	(zhā kuǎn)
扎赉诺尔区	(zhā lài nuò ěr qū)
扎赉特	(zhā lài tè)
扎赉特旗	(zhā lài tè qí)
扎兰屯市	(zhā lán tún shì)
扎鲁特	(zā lǔ tè)
扎鲁特旗	(zā lǔ tè qí)
扎猛子	(zhā měng zi)
扎囊县	(zhā náng xiàn)
扎啤	(zhā pí)
扎实	(zhā shi)
扎心	(zhā xīn)
扎眼	(zhā yǎn)
扎伊尔	(zhā yī ěr)
扎扎	(zhā zhā)
扎扎实实	(zhā zha shí shí)
扎针	(zhā zhēn)
扎住	(zhā zhù)
吒	(zhā)
挓	(zhā)
柤	(zhā)
奓	(zhà)
哳	(zhā)
揸	(zhā)
喳	(zhā)
喳喳	(chā cha)
楂	(zhā)
劄	(zhā)
札	(zhá)
札达县	(zhá dá xiàn)
札格雷布	(zhá gé léi bù)
札格瑞布	(zhá gé ruì bù)
札幌	(zhá huǎng)
札记	(zhá jì)
拃	(zhǎ)
乍	(zhà)
乍得	(zhà dé)
乍得湖	(zhà dé hú)
乍看	(zhà kàn)
乍暖还寒	(zhà nuǎn huán hán)
乍浦	(zhà pǔ)
乍青乍白	(zhà qīng zhà bái)
乍现	(zhà xiàn)
柞	(zuò)
柞蚕丝	(zuò cán sī)
柞栎	(zuò lì)
柞水县	(zhà shuǐ xiàn)
栅	(zhà)
栅格	(shān gé)
栅极	(shān jí)
栅栏	(zhà lán)
栅篱	(zhà lí)
栅门	(zhà mén)
栅条	(zhà tiáo)
栅子	(zhà zi)
咤	(zhà)
榨	(zhà)
榨菜	(zhà cài)
榨干	(zhà gān)
榨酒池	(zhà jiǔ chí)
榨取	(zhà qǔ)
榨油	(zhà yóu)
榨汁机	(zhà zhī jī)
斋	(zhāi)
摘	(zhāi)
摘抄	(zhāi chāo)
摘除	(zhāi chú)
摘记	(zhāi jì)
摘借	(zhāi jiè)
摘金	(zhāi jīn)
摘录	(zhāi lù)
摘帽	(zhāi mào)
摘帽子	(zhāi mào zi)
摘牌	(zhāi pái)
摘取	(zhāi qǔ)
摘桃子	(zhāi táo zi)
摘下	(zhāi xià)
摘要	(zhāi yào)
摘译	(zhāi yì)
摘引	(zhāi yǐn)
摘由	(zhāi yóu)
宅	(zhái)
宅邸	(zhái dǐ)
宅第	(zhái dì)
宅度假	(zhái dù jià)
宅经	(zhái jīng)
宅男	(zhái nán)
宅女	(zhái nǚ)
宅舍	(zhái shè)
宅院	(zhái yuàn)
宅子	(zhái zi)
债	(zhài)
债多不愁	(zhài duō bù chóu)
债户	(zhài hù)
债款	(zhài kuǎn)
债权	(zhài quán)
债权国	(zhài quán guó)
债权人	(zhài quán rén)
债券	(zhài quàn)
债台高筑	(zhài tái gāo zhù)
债务	(zhài wù)
债务担保证券	(zhài wù dān bǎo zhèng quàn)
债务人	(zhài wù rén)
债务证券	(zhài wù zhèng quàn)
债务证书	(zhài wù zhèng shū)
债主	(zhài zhǔ)
寨	(zhài)
寨卡病毒	(zhài kǎ bìng dú)
栴	(zhān)
栴檀	(zhān tán)
旃	(zhān)
旃檀	(zhān tán)
斩	(zhǎn)
斩草除根	(zhǎn cǎo chú gēn)
斩钉截铁	(zhǎn dīng jié tiě)
斩断	(zhǎn duàn)
斩获	(zhǎn huò)
斩杀	(zhǎn shā)
斩杀线	(zhǎn shā xiàn)
斩首	(zhǎn shǒu)
斩首行动	(zhǎn shǒu xíng dòng)
斩新	(zhǎn xīn)
斩眼	(zhǎn yǎn)
展	(zhǎn)
展播	(zhǎn bō)
展布	(zhǎn bù)
展陈	(zhǎn chén)
展翅	(zhǎn chì)
展翅高飞	(zhǎn chì gāo fēi)
展出	(zhǎn chū)
展帆	(zhǎn fān)
展馆	(zhǎn guǎn)
展柜	(zhǎn guì)
展缓	(zhǎn huǎn)
展会	(zhǎn huì)
展开	(zhǎn kāi)
展开图	(zhǎn kāi tú)
展宽	(zhǎn kuān)
展览	(zhǎn lǎn)
展览馆	(zhǎn lǎn guǎn)
展览会	(zhǎn lǎn huì)
展列	(zhǎn liè)
展露	(zhǎn lù)
展眉	(zhǎn méi)
展品	(zhǎn pǐn)
展平	(zhǎn píng)
展评	(zhǎn píng)
展期	(zhǎn qī)
展示	(zhǎn shì)
展室	(zhǎn shì)
展台	(zhǎn tái)
展玩	(zhǎn wán)
展望	(zhǎn wàng)
展位	(zhǎn wèi)
展弦比	(zhǎn xián bǐ)
展现	(zhǎn xiàn)
展销	(zhǎn xiāo)
展销会	(zhǎn xiāo huì)
展转	(zhǎn zhuǎn)
崭	(zhǎn)
崭劲	(zhǎn jìn)
崭亮	(zhǎn liàng)
崭露头角	(zhǎn lù tóu jiǎo)
崭齐	(zhǎn qí)
崭晴	(zhǎn qíng)
崭然	(zhǎn rán)
崭新	(zhǎn xīn)
搌	(zhǎn)
占	(zhàn)
占比	(zhàn bǐ)
占便宜	(zhàn pián yi)
占卜	(zhān bǔ)
占地	(zhàn dì)
占地儿	(zhàn dì r)
占地方	(zhàn dì fang)
占地面积	(zhàn dì miàn ji)
占据	(zhàn jù)
占领	(zhàn lǐng)
占领者	(zhàn lǐng zhě)
占满	(zhàn mǎn)
占去	(zhàn qù)
占上风	(zhàn shàng fēng)
占为己有	(zhàn wéi jǐ yǒu)
占位符	(zhàn wèi fú)
占下风	(zhàn xià fēng)
占先	(zhàn xiān)
占线	(zhàn xiàn)
占星	(zhān xīng)
占星家	(zhān xīng jiā)
占星师	(zhān xīng shī)
占星术	(zhān xīng shù)
占星学	(zhān xīng xué)
占压	(zhàn yā)
占用	(zhàn yòng)
占优	(zhàn yōu)
占优势	(zhàn yōu shì)
占有	(zhàn yǒu)
占着茅坑不拉屎	(zhàn zhe máo kēng bù lā shǐ)
占中	(zhàn zhōng)
占族	(zhān zú)
栈	(zhàn)
栈板	(zhàn bǎn)
栈车	(zhàn chē)
栈存储器	(zhàn cún chǔ qì)
栈单	(zhàn dān)
栈道	(zhàn dào)
栈地址	(zhàn dì zhǐ)
栈顶	(zhàn dǐng)
栈豆	(zhàn dòu)
栈房	(zhàn fáng)
栈阁	(zhàn gé)
栈架	(zhàn jià)
栈径	(zhàn jìng)
栈恋	(zhàn liàn)
栈桥	(zhàn qiáo)
栈桥式码头	(zhàn qiáo shì mǎ tou)
栈山航海	(zhàn shān háng hǎi)
栈主	(zhàn zhǔ)
栈租	(zhàn zū)
战	(zhàn)
战败	(zhàn bài)
战报	(zhàn bào)
战备	(zhàn bèi)
战场	(zhàn chǎng)
战车	(zhàn chē)
战船	(zhàn chuán)
战地	(zhàn dì)
战抖	(zhàn dǒu)
战斗	(zhàn dòu)
战斗部	(zhàn dòu bù)
战斗机	(zhàn dòu jī)
战斗舰	(zhàn dòu jiàn)
战斗力	(zhàn dòu lì)
战斗群	(zhàn dòu qún)
战斗营	(zhàn dòu yíng)
战斗者	(zhàn dòu zhě)
战端	(zhàn duān)
战法	(zhàn fǎ)
战犯	(zhàn fàn)
战俘	(zhàn fú)
战斧	(zhàn fǔ)
战歌	(zhàn gē)
战功	(zhàn gōng)
战国	(zhàn guó)
战国策	(zhàn guó cè)
战国七雄	(zhàn guó qī xióng)
战国时代	(zhàn guó shí dài)
战酣	(zhàn hān)
战壕	(zhàn háo)
战壕热	(zhàn háo rè)
战后	(zhàn hòu)
战火	(zhàn huǒ)
战火纷飞	(zhàn huǒ fēn fēi)
战祸	(zhàn huò)
战机	(zhàn jī)
战绩	(zhàn jì)
战舰	(zhàn jiàn)
战兢	(zhàn jīng)
战兢兢	(zhàn jīng jīng)
战局	(zhàn jú)
战况	(zhàn kuàng)
战力	(zhàn lì)
战利品	(zhàn lì pǐn)
战栗	(zhàn lì)
战列舰	(zhàn liè jiàn)
战乱	(zhàn luàn)
战略	(zhàn lüè)
战略防御倡议	(zhàn lüè fáng yù chàng yì)
战略核力量	(zhàn lüè hé lì liang)
战略核武器	(zhàn lüè hé wǔ qì)
战略轰炸机	(zhàn lüè hōng zhà jī)
战略伙伴	(zhàn lüè huǒ bàn)
战略夥伴	(zhàn lüè huǒ bàn)
战略家	(zhàn lüè jiā)
战略性	(zhàn lüè xìng)
战略要点	(zhàn lüè yào diǎn)
战马	(zhàn mǎ)
战袍	(zhàn páo)
战旗	(zhàn qí)
战区	(zhàn qū)
战胜	(zhàn shèng)
战时	(zhàn shí)
战士	(zhàn shì)
战事	(zhàn shì)
战书	(zhàn shū)
战术	(zhàn shù)
战术导弹	(zhàn shù dǎo dàn)
战术核武器	(zhàn shù hé wǔ qì)
战死	(zhàn sǐ)
战死沙场	(zhàn sǐ shā chǎng)
战团	(zhàn tuán)
战无不胜	(zhàn wú bù shèng)
战无不胜，攻无不克	(zhàn wú bù shèng , gōng wú bù kè)
战无不胜，攻无不取	(zhàn wú bù shèng , gōng wú bù qǔ)
战线	(zhàn xiàn)
战役	(zhàn yì)
战友	(zhàn yǒu)
战云	(zhàn yún)
战战兢兢	(zhàn zhàn jīng jīng)
战战栗栗	(zhàn zhàn lì lì)
战争	(zhàn zhēng)
战争与和平	(zhàn zhēng yǔ hé píng)
战争罪	(zhàn zhēng zuì)
偡	(zhàn)
张	(zhāng)
张爱玲	(zhāng ài líng)
张柏芝	(zhāng bó zhī)
张宝	(zhāng bǎo)
张北县	(zhāng běi xiàn)
张伯伦	(zhāng bó lún)
张敞	(zhāng chǎng)
张弛	(zhāng chí)
张春帆	(zhāng chūn fān)
张春桥	(zhāng chūn qiáo)
张纯如	(zhāng chún rú)
张岱	(zhāng dài)
张丹	(zhāng dān)
张德江	(zhāng dé jiāng)
张灯结彩	(zhāng dēng jié cǎi)
张店区	(zhāng diàn qū)
张飞	(zhāng fēi)
张飞打岳飞	(zhāng fēi dǎ yuè fēi)
张高丽	(zhāng gāo lì)
张挂	(zhāng guà)
张冠李戴	(zhāng guān lǐ dài)
张国荣	(zhāng guó róng)
张衡	(zhāng héng)
张华	(zhāng huá)
张皇	(zhāng huáng)
张皇失措	(zhāng huáng shī cuò)
张惶	(zhāng huáng)
张惠妹	(zhāng huì mèi)
张籍	(zhāng jí)
张家川回族自治县	(zhāng jiā chuān huí zú zì zhì xiàn)
张家港市	(zhāng jiā gǎng shì)
张家界市	(zhāng jiā jiè shì)
张家口市	(zhāng jiā kǒu shì)
张家长，李家短	(zhāng jiā cháng , lǐ jiā duǎn)
张角	(zhāng jué)
张静初	(zhāng jìng chū)
张居正	(zhāng jū zhèng)
张开	(zhāng kāi)
张口	(zhāng kǒu)
张口结舌	(zhāng kǒu jié shé)
张狂	(zhāng kuáng)
张力	(zhāng lì)
张量	(zhāng liàng)
张罗	(zhāng luo)
张曼玉	(zhāng màn yù)
张目	(zhāng mù)
张宁	(zhāng níng)
张溥	(zhāng pǔ)
张秋	(zhāng qiū)
张戎	(zhāng róng)
张若虚	(zhāng ruò xū)
张三	(zhāng sān)
张三，李四，王五，赵六	(zhāng sān , lǐ sì , wáng wǔ , zhào liù)
张三李四	(zhāng sān lǐ sì)
张僧繇	(zhāng sēng yóu)
张韶涵	(zhāng sháo hán)
张太雷	(zhāng tài léi)
张天翼	(zhāng tiān yì)
张贴	(zhāng tiē)
张廷玉	(zhāng tíng yù)
张湾区	(zhāng wān qū)
张王李赵	(zhāng wáng lǐ zhào)
张望	(zhāng wàng)
张闻天	(zhāng wén tiān)
张献忠	(zhāng xiàn zhōng)
张心	(zhāng xīn)
张旭	(zhāng xù)
张学良	(zhāng xué liáng)
张学友	(zhāng xué yǒu)
张牙舞爪	(zhāng yá wǔ zhǎo)
张扬	(zhāng yáng)
张掖市	(zhāng yè shì)
张揖	(zhāng yī)
张仪	(zhāng yí)
张怡	(zhāng yí)
张怡宁	(zhāng yí níng)
张艺谋	(zhāng yì móu)
张易之	(zhāng yì zhī)
张荫桓	(zhāng yìn huán)
张择端	(zhāng zé duān)
张震	(zhāng zhèn)
张之洞	(zhāng zhī dòng)
张治中	(zhāng zhì zhōng)
张自烈	(zhāng zì liè)
张自忠	(zhāng zì zhōng)
张嘴	(zhāng zuǐ)
彰	(zhāng)
彰化	(zhāng huà)
彰化市	(zhāng huà shì)
彰化县	(zhāng huà xiàn)
彰明	(zhāng míng)
彰明较著	(zhāng míng jiào zhù)
彰善瘅恶	(zhāng shàn dàn è)
彰武县	(zhāng wǔ xiàn)
彰显	(zhāng xiǎn)
彰彰	(zhāng zhāng)
嫜	(zhāng)
樟	(zhāng)
樟木	(zhāng mù)
樟脑球	(zhāng nǎo qiú)
樟脑丸	(zhāng nǎo wán)
樟树	(zhāng shù)
樟树市	(zhāng shù shì)
樟宜	(zhāng yí)
暲	(zhāng)
仉	(zhǎng)
掌	(zhǎng)
掌厨	(zhǎng chú)
掌灯	(zhǎng dēng)
掌舵	(zhǎng duò)
掌骨	(zhǎng gǔ)
掌故	(zhǎng gù)
掌掴	(zhǎng guāi)
掌管	(zhǎng guǎn)
掌柜	(zhǎng guì)
掌击	(zhǎng jī)
掌机	(zhǎng jī)
掌控	(zhǎng kòng)
掌门	(zhǎng mén)
掌门人	(zhǎng mén rén)
掌权	(zhǎng quán)
掌上电脑	(zhǎng shàng diàn nǎo)
掌上明珠	(zhǎng shàng míng zhū)
掌上压	(zhǎng shàng yā)
掌勺	(zhǎng sháo)
掌声	(zhǎng shēng)
掌声雷动	(zhǎng shēng léi dòng)
掌握	(zhǎng wò)
掌玺大臣	(zhǎng xǐ dà chén)
掌玺官	(zhǎng xǐ guān)
掌相	(zhǎng xiàng)
掌心	(zhǎng xīn)
掌眼	(zhǎng yǎn)
掌子面	(zhǎng zi miàn)
掌嘴	(zhǎng zuǐ)
丈	(zhàng)
丈二和尚，摸不着头脑	(zhàng èr hé shang , mō bu zháo tóu nǎo)
丈夫	(zhàng fu)
丈量	(zhàng liáng)
丈母	(zhàng mǔ)
丈母娘	(zhàng mǔ niáng)
丈人	(zhàng rén)
仗	(zhàng)
仗火	(zhàng huǒ)
仗势	(zhàng shì)
仗势欺人	(zhàng shì qī rén)
仗恃	(zhàng shì)
仗腰	(zhàng yāo)
仗义	(zhàng yì)
仗义疏财	(zhàng yì shū cái)
仗义执言	(zhàng yì zhí yán)
杖	(zhàng)
杖头木偶	(zhàng tóu mù ǒu)
杖刑	(zhàng xíng)
帐	(zhàng)
帐簿	(zhàng bù)
帐单	(zhàng dān)
帐号	(zhàng hào)
帐户	(zhàng hù)
帐帘	(zhàng lián)
帐幔	(zhàng màn)
帐目	(zhàng mù)
帐幕	(zhàng mù)
帐棚	(zhàng peng)
帐篷	(zhàng peng)
帐子	(zhàng zi)
嶂	(zhàng)
幛	(zhàng)
招	(zhāo)
招安	(zhāo ān)
招办	(zhāo bàn)
招标	(zhāo biāo)
招兵	(zhāo bīng)
招兵买马	(zhāo bīng mǎi mǎ)
招财	(zhāo cái)
招财进宝	(zhāo cái jìn bǎo)
招财猫	(zhāo cái māo)
招潮蟹	(zhāo cháo xiè)
招打	(zhāo dǎ)
招待	(zhāo dài)
招待会	(zhāo dài huì)
招待所	(zhāo dài suǒ)
招待员	(zhāo dài yuán)
招法	(zhāo fǎ)
招风	(zhāo fēng)
招风耳	(zhāo fēng ěr)
招风惹草	(zhāo fēng rě cǎo)
招蜂引蝶	(zhāo fēng yǐn dié)
招抚	(zhāo fǔ)
招工	(zhāo gōng)
招供	(zhāo gòng)
招股	(zhāo gǔ)
招股书	(zhāo gǔ shū)
招股说明书	(zhāo gǔ shuō míng shū)
招呼	(zhāo hu)
招呼站	(zhāo hu zhàn)
招唤	(zhāo huàn)
招魂	(zhāo hún)
招魂幡	(zhāo hún fān)
招魂旛	(zhāo hún fān)
招集	(zhāo jí)
招妓	(zhāo jì)
招架	(zhāo jià)
招降	(zhāo xiáng)
招降纳叛	(zhāo xiáng nà pàn)
招接	(zhāo jiē)
招考	(zhāo kǎo)
招来	(zhāo lái)
招徕	(zhāo lái)
招揽	(zhāo lǎn)
招揽生意	(zhāo lǎn shēng yi)
招领	(zhāo lǐng)
招录	(zhāo lù)
招募	(zhāo mù)
招牌	(zhāo pai)
招牌菜	(zhāo pái cài)
招牌动作	(zhāo pái dòng zuò)
招牌纸	(zhāo pái zhǐ)
招嫖	(zhāo piáo)
招聘	(zhāo pìn)
招聘会	(zhāo pìn huì)
招聘机构	(zhāo pìn jī gòu)
招聘者	(zhāo pìn zhě)
招亲	(zhāo qīn)
招请	(zhāo qǐng)
招惹	(zhāo rě)
招人	(zhāo rén)
招人喜欢	(zhāo rén xǐ huan)
招认	(zhāo rèn)
招商	(zhāo shāng)
招商引资	(zhāo shāng yǐn zī)
招生	(zhāo shēng)
招生官	(zhāo shēng guān)
招式	(zhāo shì)
招收	(zhāo shōu)
招手	(zhāo shǒu)
招数	(zhāo shù)
招贴	(zhāo tiē)
招贴画	(zhāo tiē huà)
招投标	(zhāo tóu biāo)
招贤纳士	(zhāo xián nà shì)
招笑	(zhāo xiào)
招摇	(zhāo yáo)
招摇过市	(zhāo yáo guò shì)
招摇撞骗	(zhāo yáo zhuàng piàn)
招引	(zhāo yǐn)
招诱	(zhāo yòu)
招远市	(zhāo yuǎn shì)
招怨	(zhāo yuàn)
招灾惹祸	(zhāo zāi rě huò)
招展	(zhāo zhǎn)
招致	(zhāo zhì)
招赘	(zhāo zhuì)
招租	(zhāo zū)
昭	(zhāo)
昭和	(zhāo hé)
昭化区	(zhāo huà qū)
昭觉县	(zhāo jué xiàn)
昭披耶河	(zhāo pī yé hé)
昭平县	(zhāo píng xiàn)
昭然若揭	(zhāo rán ruò jiē)
昭示	(zhāo shì)
昭苏县	(zhāo sū xiàn)
昭通市	(zhāo tōng shì)
昭雪	(zhāo xuě)
昭阳区	(zhāo yáng qū)
昭仪	(zhāo yí)
啁	(zhōu)
啁啾	(zhōu jiū)
啁哳	(zhāo zhā)
找	(zhǎo)
找遍	(zhǎo biàn)
找补	(zhǎo bu)
找不到	(zhǎo bu dào)
找不着	(zhǎo bu zháo)
找不着北	(zhǎo bu zháo běi)
找不自在	(zhǎo bù zì zai)
找茬	(zhǎo chá)
找碴	(zhǎo chá)
找碴儿	(zhǎo chá r)
找岔子	(zhǎo chà zi)
找抽	(zhǎo chōu)
找出	(zhǎo chū)
找刺儿	(zhǎo cì r)
找到	(zhǎo dào)
找对象	(zhǎo duì xiàng)
找饭碗	(zhǎo fàn wǎn)
找回	(zhǎo huí)
找机会	(zhǎo jī huì)
找见	(zhǎo jiàn)
找借口	(zhǎo jiè kǒu)
找零	(zhǎo líng)
找麻烦	(zhǎo má fan)
找门路	(zhǎo mén lù)
找平	(zhǎo píng)
找齐	(zhǎo qí)
找钱	(zhǎo qián)
找上门	(zhǎo shàng mén)
找事	(zhǎo shì)
找赎	(zhǎo shú)
找死	(zhǎo sǐ)
找台阶儿	(zhǎo tái jiē r)
找头	(zhǎo tou)
找寻	(zhǎo xún)
找辙	(zhǎo zhé)
找着	(zhǎo zháo)
召	(shào)
召唤	(zhào huàn)
召回	(zhào huí)
召集	(zhào jí)
召集人	(zhào jí rén)
召妓	(zhào jì)
召见	(zhào jiàn)
召开	(zhào kāi)
召陵区	(shào líng qū)
召募	(zhào mù)
兆	(zhào)
兆电子伏	(zhào diàn zǐ fú)
兆赫	(zhào hè)
兆头	(zhào tou)
兆瓦	(zhào wǎ)
兆瓦时	(zhào wǎ shí)
兆瓦特	(zhào wǎ tè)
兆字节	(zhào zì jié)
垗	(zhào)
棹	(zhào)
旐	(zhào)
㷖	(zhào)
曌	(zhào)
嗻	(zhè)
嫬	(zhē)
乛	(zhé)
折	(zhē)
折半	(zhé bàn)
折本	(shé běn)
折笔	(zhé bǐ)
折变	(zhé biàn)
折秤	(shé chèng)
折尺	(zhé chǐ)
折冲樽俎	(zhé chōng zūn zǔ)
折挫	(zhé cuò)
折刀	(zhé dāo)
折刀儿	(zhé dāo r)
折抵	(zhé dǐ)
折叠	(zhé dié)
折叠刀	(zhé dié dāo)
折叠屏	(zhé dié píng)
折叠式	(zhé dié shì)
折叠椅	(zhé dié yǐ)
折断	(zhé duàn)
折兑	(zhé duì)
折耳根	(zhé ěr gēn)
折反射望远镜	(zhé fǎn shè wàng yuǎn jìng)
折返	(zhé fǎn)
折返跑	(zhé fǎn pǎo)
折缝	(zhé féng)
折服	(zhé fú)
折跟头	(zhē gēn tou)
折光	(zhé guāng)
折桂	(zhé guì)
折过儿	(zhē guò r)
折耗	(shé hào)
折合	(zhé hé)
折痕	(zhé hén)
折回	(zhé huí)
折戟沉沙	(zhé jǐ chén shā)
折角	(zhé jiǎo)
折节读书	(zhé jié dú shū)
折旧	(zhé jiù)
折旧率	(zhé jiù lǜ)
折扣	(zhé kòu)
折箩	(zhē luó)
折磨	(zhé mó)
折钱	(shé qián)
折裙	(zhé qún)
折辱	(zhé rǔ)
折杀	(zhé shā)
折煞	(zhé shā)
折扇	(zhé shàn)
折射	(zhé shè)
折射率	(zhé shè lǜ)
折射望远镜	(zhé shè wàng yuǎn jìng)
折寿	(zhé shòu)
折算	(zhé suàn)
折损	(zhé sǔn)
折腾	(zhē teng)
折头	(zhé tou)
折现	(zhé xiàn)
折现率	(zhé xiàn lǜ)
折线	(zhé xiàn)
折线图	(zhé xiàn tú)
折腰	(zhé yāo)
折椅	(zhé yǐ)
折枝	(zhé zhī)
折纸	(zhé zhǐ)
折中	(zhé zhōng)
折衷	(zhé zhōng)
折衷鹦鹉	(zhé zhōng yīng wǔ)
折衷主义	(zhé zhōng zhǔ yì)
折皱	(zhé zhòu)
折转	(zhé zhuǎn)
折子	(zhé zi)
折子戏	(zhé zi xì)
折奏	(zhé zòu)
折罪	(zhé zuì)
哲	(zhé)
哲蚌寺	(zhé bàng sì)
哲理	(zhé lǐ)
哲人	(zhé rén)
哲人其萎	(zhé rén qí wěi)
哲人石	(zhé rén shí)
哲思	(zhé sī)
哲学	(zhé xué)
哲学博士	(zhé xué bó shì)
哲学家	(zhé xué jiā)
哲学史	(zhé xué shǐ)
晢	(zhé)
悊	(zhé)
喆	(zhé)
摺	(zhé)
摺线	(zhé xiàn)
嚞	(zhé)
啫	(zhě)
啫哩	(zhě lí)
啫喱	(zhě lí)
柘	(zhè)
柘蚕	(zhè cán)
柘城县	(zhè chéng xiàn)
柘弹	(zhè dàn)
柘弓	(zhè gōng)
柘黄	(zhè huáng)
柘浆	(zhè jiāng)
柘榴	(zhè liú)
柘榴石	(zhè liú shí)
柘袍	(zhè páo)
柘荣县	(zhè róng xiàn)
柘树	(zhè shù)
柘丝	(zhè sī)
柘砚	(zhè yàn)
䗪	(zhè)
侦	(zhēn)
侦办	(zhēn bàn)
侦测	(zhēn cè)
侦测器	(zhēn cè qì)
侦查	(zhēn chá)
侦察	(zhēn chá)
侦察兵	(zhēn chá bīng)
侦察机	(zhēn chá jī)
侦察性	(zhēn chá xìng)
侦察员	(zhēn chá yuán)
侦毒管	(zhēn dú guǎn)
侦毒器	(zhēn dú qì)
侦缉	(zhēn jī)
侦破	(zhēn pò)
侦探	(zhēn tàn)
侦听	(zhēn tīng)
侦讯	(zhēn xùn)
帧	(zhēn)
帧格式	(zhēn gé shì)
帧检验序列	(zhēn jiǎn yàn xù liè)
帧率	(zhēn lǜ)
帧频	(zhēn pín)
帧首定界符	(zhēn shǒu dìng jiè fú)
帧中继	(zhēn zhōng jì)
桢	(zhēn)
桭	(zhēn)
斟	(zhēn)
斟酒	(zhēn jiǔ)
斟酌	(zhēn zhuó)
斟酌决定权	(zhēn zhuó jué dìng quán)
斟酌字句	(zhēn zhuó zì jù)
榛	(zhēn)
榛果	(zhēn guǒ)
榛鸡	(zhēn jī)
榛栗	(zhēn lì)
榛莽	(zhēn mǎng)
榛仁	(zhēn rén)
榛仁儿	(zhēn rén r)
榛色	(zhēn sè)
榛实	(zhēn shí)
榛薮	(zhēn sǒu)
榛芜	(zhēn wú)
榛榛	(zhēn zhēn)
榛子	(zhēn zi)
枕	(zhěn)
枕边风	(zhěn biān fēng)
枕边故事	(zhěn biān gù shi)
枕边人	(zhěn biān rén)
枕戈待旦	(zhěn gē dài dàn)
枕戈寝甲	(zhěn gē qǐn jiǎ)
枕骨	(zhěn gǔ)
枕藉	(zhěn jiè)
枕巾	(zhěn jīn)
枕块	(zhěn kuài)
枕冷衾寒	(zhěn lěng qīn hán)
枕木	(zhěn mù)
枕石漱流	(zhěn shí shù liú)
枕套	(zhěn tào)
枕头	(zhěn tou)
枕头大战	(zhěn tou dà zhàn)
枕头蛋糕	(zhěn tou dàn gāo)
枕头套	(zhěn tou tào)
枕头箱	(zhěn tou xiāng)
枕席	(zhěn xí)
枕席儿	(zhěn xí r)
枕心	(zhěn xīn)
枕叶	(zhěn yè)
枕状熔岩	(zhěn zhuàng róng yán)
昣	(zhěn)
弫	(zhěn)
圳	(zhèn)
振	(zhèn)
振安区	(zhèn ān qū)
振臂一呼	(zhèn bì yī hū)
振荡	(zhèn dàng)
振荡器	(zhèn dàng qì)
振动	(zhèn dòng)
振奋	(zhèn fèn)
振幅	(zhèn fú)
振聋发聩	(zhèn lóng fā kuì)
振频	(zhèn pín)
振兴	(zhèn xīng)
振兴区	(zhèn xīng qū)
振振有词	(zhèn zhèn yǒu cí)
振振有辞	(zhèn zhèn yǒu cí)
振作	(zhèn zuò)
朕	(zhèn)
朕兆	(zhèn zhào)
揕	(zhèn)
征	(zhēng)
征兵	(zhēng bīng)
征才	(zhēng cái)
征尘	(zhēng chén)
征程	(zhēng chéng)
征传	(zhēng zhuàn)
征得	(zhēng dé)
征地	(zhēng dì)
征调	(zhēng diào)
征发	(zhēng fā)
征伐	(zhēng fá)
征帆	(zhēng fān)
征夫	(zhēng fū)
征服	(zhēng fú)
征服者	(zhēng fú zhě)
征稿	(zhēng gǎo)
征候	(zhēng hòu)
征婚	(zhēng hūn)
征集	(zhēng jí)
征驾	(zhēng jià)
征剿	(zhēng jiǎo)
征敛	(zhēng liǎn)
征敛无度	(zhēng liǎn wú dù)
征马	(zhēng mǎ)
征名责实	(zhēng míng zé shí)
征募	(zhēng mù)
征旆	(zhēng pèi)
征聘	(zhēng pìn)
征求	(zhēng qiú)
征人	(zhēng rén)
征衫	(zhēng shān)
征实	(zhēng shí)
征士	(zhēng shì)
征收	(zhēng shōu)
征戍	(zhēng shù)
征税	(zhēng shuì)
征讨	(zhēng tǎo)
征途	(zhēng tú)
征文	(zhēng wén)
征象	(zhēng xiàng)
征信	(zhēng xìn)
征信社	(zhēng xìn shè)
征选	(zhēng xuǎn)
征询	(zhēng xún)
征衣	(zhēng yī)
征用	(zhēng yòng)
征友	(zhēng yǒu)
征战	(zhēng zhàn)
征召	(zhēng zhào)
征兆	(zhēng zhào)
征彸	(zhēng zhōng)
征状	(zhēng zhuàng)
怔	(zhèng)
怔忡	(zhēng chōng)
怔神儿	(zhēng shén r)
怔忪	(zhēng zhōng)
怔怔	(zhèng zhèng)
怔住	(zhèng zhù)
挣	(zhèng)
挣得	(zhèng dé)
挣钱	(zhèng qián)
挣脱	(zhèng tuō)
挣扎	(zhēng zhá)
峥	(zhēng)
峥嵘	(zhēng róng)
峥嵘岁月	(zhēng róng suì yuè)
拯	(zhěng)
拯救	(zhěng jiù)
拯救大兵瑞恩	(zhěng jiù dà bīng ruì ēn)
掟	(zhěng)
整	(zhěng)
整备	(zhěng bèi)
整倍数	(zhěng bèi shù)
整并	(zhěng bìng)
整饬	(zhěng chì)
整除	(zhěng chú)
整除数	(zhěng chú shù)
整地	(zhěng dì)
整点	(zhěng diǎn)
整队	(zhěng duì)
整顿	(zhěng dùn)
整风	(zhěng fēng)
整风运动	(zhěng fēng yùn dòng)
整改	(zhěng gǎi)
整个	(zhěng gè)
整蛊	(zhěng gǔ)
整合	(zhěng hé)
整环	(zhěng huán)
整活	(zhěng huó)
整脊学	(zhěng jǐ xué)
整建	(zhěng jiàn)
整洁	(zhěng jié)
整理	(zhěng lǐ)
整流	(zhěng liú)
整流器	(zhěng liú qì)
整流罩	(zhěng liú zhào)
整密	(zhěng mì)
整年累月	(zhěng nián lěi yuè)
整齐	(zhěng qí)
整齐划一	(zhěng qí huà yī)
整人	(zhěng rén)
整日	(zhěng rì)
整容	(zhěng róng)
整数	(zhěng shù)
整数倍数	(zhěng shù bèi shù)
整数集合	(zhěng shù jí hé)
整肃	(zhěng sù)
整套	(zhěng tào)
整体	(zhěng tǐ)
整体服务数位网路	(zhěng tǐ fú wù shù wèi wǎng lù)
整体数位服务网路	(zhěng tǐ shù wèi fú wù wǎng lù)
整天	(zhěng tiān)
整条	(zhěng tiáo)
整形	(zhěng xíng)
整形外科	(zhěng xíng wài kē)
整形外科医生	(zhěng xíng wài kē yī shēng)
整型	(zhěng xíng)
整修	(zhěng xiū)
整训	(zhěng xùn)
整夜	(zhěng yè)
整域	(zhěng yù)
整整	(zhěng zhěng)
整整齐齐	(zhěng zhěng qí qí)
整治	(zhěng zhì)
整妆	(zhěng zhuāng)
整装	(zhěng zhuāng)
整装待发	(zhěng zhuāng dài fā)
正	(zhēng)
正安县	(zhèng ān xiàn)
正版	(zhèng bǎn)
正半轴	(zhèng bàn zhóu)
正本	(zhèng běn)
正比	(zhèng bǐ)
正比例	(zhèng bǐ lì)
正步	(zhèng bù)
正步走	(zhèng bù zǒu)
正餐	(zhèng cān)
正常	(zhèng cháng)
正常成本	(zhèng cháng chéng běn)
正常工作	(zhèng cháng gōng zuò)
正常化	(zhèng cháng huà)
正常菌群	(zhèng cháng jūn qún)
正传	(zhèng zhuàn)
正词法	(zhèng cí fǎ)
正大光明	(zhèng dà guāng míng)
正旦	(zhèng dàn)
正当	(zhèng dāng)
正当防卫	(zhèng dàng fáng wèi)
正当理由	(zhèng dàng lǐ yóu)
正当年	(zhèng dāng nián)
正当时	(zhèng dāng shí)
正当性	(zhèng dàng xìng)
正当中	(zhèng dāng zhōng)
正道	(zhèng dào)
正点	(zhèng diǎn)
正电	(zhèng diàn)
正电子	(zhèng diàn zǐ)
正电子发射层析	(zhèng diàn zǐ fā shè céng xī)
正电子发射断层照相术	(zhèng diàn zǐ fā shè duàn céng zhào xiāng shù)
正电子照射断层摄影	(zhèng diàn zǐ zhào shè duàn céng shè yǐng)
正殿	(zhèng diàn)
正丁醚	(zhèng dīng mí)
正定县	(zhèng dìng xiàn)
正断层	(zhèng duàn céng)
正对	(zhèng duì)
正多胞形	(zhèng duō bāo xíng)
正多面体	(zhèng duō miàn tǐ)
正儿八板	(zhèng ér bā bǎn)
正儿八经	(zhèng ér bā jīng)
正法	(zhèng fǎ)
正反	(zhèng fǎn)
正反馈	(zhèng fǎn kuì)
正反两面	(zhèng fǎn liǎng miàn)
正方	(zhèng fāng)
正方体	(zhèng fāng tǐ)
正方向	(zhèng fāng xiàng)
正方形	(zhèng fāng xíng)
正房	(zhèng fáng)
正锋	(zhèng fēng)
正逢其时	(zhèng féng qí shí)
正负	(zhèng fù)
正负电子	(zhèng fù diàn zǐ)
正负号	(zhèng fù hào)
正副驾驶	(zhèng fù jià shǐ)
正港	(zhèng gǎng)
正割	(zhèng gē)
正宫娘娘	(zhèng gōng niáng niáng)
正骨	(zhèng gǔ)
正骨八法	(zhèng gǔ bā fǎ)
正规	(zhèng guī)
正规教育	(zhèng guī jiào yù)
正规军	(zhèng guī jūn)
正轨	(zhèng guǐ)
正好	(zhèng hǎo)
正号	(zhèng hào)
正化	(zhèng huà)
正畸	(zhèng jī)
正极	(zhèng jí)
正驾驶	(zhèng jià shǐ)
正交	(zhèng jiāo)
正交群	(zhèng jiāo qún)
正角	(zhèng jué)
正脚鞋	(zhèng jiǎo xié)
正教	(zhèng jiào)
正教真诠	(zhèng jiào zhēn quán)
正襟危坐	(zhèng jīn wēi zuò)
正经	(zhèng jīng)
正经八百	(zhèng jīng bā bǎi)
正经八摆	(zhèng jīng bā bǎi)
正经事	(zhèng jīng shì)
正剧	(zhèng jù)
正楷	(zhèng kǎi)
正兰旗	(zhèng lán qí)
正蓝旗	(zhèng lán qí)
正离子	(zhèng lí zǐ)
正脸	(zhèng liǎn)
正六边形	(zhèng liù biān xíng)
正路	(zhèng lù)
正妹	(zhèng mèi)
正门	(zhèng mén)
正面	(zhèng miàn)
正名	(zhèng míng)
正模标本	(zhèng mó biāo běn)
正能量	(zhèng néng liàng)
正念	(zhèng niàn)
正宁县	(zhèng níng xiàn)
正牌	(zhèng pái)
正派	(zhèng pài)
正品	(zhèng pǐn)
正妻	(zhèng qī)
正气	(zhèng qì)
正巧	(zhèng qiǎo)
正切	(zhèng qiē)
正确	(zhèng què)
正确路线	(zhèng què lù xiàn)
正然	(zhèng rán)
正人	(zhèng rén)
正人君子	(zhèng rén jūn zi)
正日	(zhèng rì)
正如	(zhèng rú)
正色	(zhèng sè)
正生	(zhèng shēng)
正时	(zhèng shí)
正史	(zhèng shǐ)
正式	(zhèng shì)
正式投票	(zhèng shì tóu piào)
正事	(zhèng shì)
正视	(zhèng shì)
正是	(zhèng shì)
正室	(zhèng shì)
正书	(zhèng shū)
正数	(zhèng shù)
正朔	(zhēng shuò)
正太	(zhèng tài)
正太控	(zhèng tài kòng)
正态分布	(zhèng tài fēn bù)
正题	(zhèng tí)
正体	(zhèng tǐ)
正体字	(zhèng tǐ zì)
正统	(zhèng tǒng)
正投影	(zhèng tóu yǐng)
正外部性	(zhèng wài bù xìng)
正文	(zhèng wén)
正无穷	(zhèng wú qióng)
正午	(zhèng wǔ)
正误	(zhèng wù)
正误表	(zhèng wù biǎo)
正弦	(zhèng xián)
正弦波	(zhèng xián bō)
正弦定理	(zhèng xián dìng lǐ)
正弦形	(zhèng xián xíng)
正相关	(zhèng xiāng guān)
正镶白旗	(zhèng xiāng bái qí)
正向	(zhèng xiàng)
正向力	(zhèng xiàng lì)
正象	(zhèng xiàng)
正邪	(zhèng xié)
正邪相争	(zhèng xié xiāng zhēng)
正型标本	(zhèng xíng biāo běn)
正言厉色	(zhèng yán lì sè)
正颜厉色	(zhèng yán lì sè)
正眼	(zhèng yǎn)
正阳县	(zhèng yáng xiàn)
正要	(zhèng yào)
正业	(zhèng yè)
正义	(zhèng yì)
正义党	(zhèng yì dǎng)
正义斗争	(zhèng yì dòu zhēng)
正义魔人	(zhèng yì mó rén)
正意	(zhèng yì)
正音	(zhèng yīn)
正用	(zhèng yòng)
正月	(zhēng yuè)
正月初一	(zhēng yuè chū yī)
正在	(zhèng zài)
正则	(zhèng zé)
正则表达式	(zhèng zé biǎo dá shì)
正则参数	(zhèng zé cān shù)
正着	(zhèng zháo)
正整数	(zhèng zhěng shù)
正正	(zhèng zhèng)
正直	(zhèng zhí)
正值	(zhèng zhí)
正职	(zhèng zhí)
正中	(zhèng zhōng)
正中下怀	(zhèng zhòng xià huái)
正中要害	(zhèng zhòng yào hài)
正主	(zhèng zhǔ)
正装	(zhèng zhuāng)
正子	(zhèng zǐ)
正字	(zhèng zì)
正字法	(zhèng zì fǎ)
正宗	(zhèng zōng)
政	(zhèng)
政变	(zhèng biàn)
政柄	(zhèng bǐng)
政策	(zhèng cè)
政党	(zhèng dǎng)
政敌	(zhèng dí)
政法	(zhèng fǎ)
政法委	(zhèng fǎ wěi)
政府	(zhèng fǔ)
政府大学院	(zhèng fǔ dà xué yuàn)
政府官员	(zhèng fǔ guān yuán)
政府机关	(zhèng fǔ jī guān)
政府军	(zhèng fǔ jūn)
政府首脑	(zhèng fǔ shǒu nǎo)
政府新闻处	(zhèng fǔ xīn wén chù)
政府债券	(zhèng fǔ zhài quàn)
政改	(zhèng gǎi)
政纲	(zhèng gāng)
政工	(zhèng gōng)
政和县	(zhèng hé xiàn)
政纪	(zhèng jì)
政绩	(zhèng jì)
政见	(zhèng jiàn)
政教	(zhèng jiào)
政教处	(zhèng jiào chǔ)
政教合一	(zhèng jiào hé yī)
政界	(zhèng jiè)
政经	(zhèng jīng)
政局	(zhèng jú)
政客	(zhèng kè)
政理	(zhèng lǐ)
政令	(zhèng lìng)
政论	(zhèng lùn)
政派	(zhèng pài)
政情	(zhèng qíng)
政区	(zhèng qū)
政圈	(zhèng quān)
政权	(zhèng quán)
政权真空	(zhèng quán zhēn kōng)
政审	(zhèng shěn)
政事	(zhèng shì)
政坛	(zhèng tán)
政体	(zhèng tǐ)
政通人和	(zhèng tōng rén hé)
政委	(zhèng wěi)
政务	(zhèng wù)
政协	(zhèng xié)
政训处	(zhèng xùn chù)
政要	(zhèng yào)
政治	(zhèng zhì)
政治庇护	(zhèng zhì bì hù)
政治避难	(zhèng zhì bì nàn)
政治部	(zhèng zhì bù)
政治犯	(zhèng zhì fàn)
政治改革	(zhèng zhì gǎi gé)
政治关系	(zhèng zhì guān xì)
政治化	(zhèng zhì huà)
政治机构	(zhèng zhì jī gòu)
政治家	(zhèng zhì jiā)
政治经济学	(zhèng zhì jīng jì xué)
政治局	(zhèng zhì jú)
政治局面	(zhèng zhì jú miàn)
政治立场	(zhèng zhì lì chǎng)
政治气候	(zhèng zhì qì hòu)
政治人物	(zhèng zhì rén wù)
政治生活	(zhèng zhì shēng huó)
政治史	(zhèng zhì shǐ)
政治思想	(zhèng zhì sī xiǎng)
政治体制	(zhèng zhì tǐ zhì)
政治委员	(zhèng zhì wěi yuán)
政治舞台	(zhèng zhì wǔ tái)
政治性	(zhèng zhì xìng)
政治学	(zhèng zhì xué)
政治异议人士	(zhèng zhì yì yì rén shì)
政治运动	(zhèng zhì yùn dòng)
政治正确	(zhèng zhì zhèng què)
之	(zhī)
之后	(zhī hòu)
之乎者也	(zhī hū zhě yě)
之际	(zhī jì)
之间	(zhī jiān)
之类	(zhī lèi)
之内	(zhī nèi)
之前	(zhī qián)
之上	(zhī shàng)
之所以	(zhī suǒ yǐ)
之外	(zhī wài)
之下	(zhī xià)
之一	(zhī yī)
之至	(zhī zhì)
之中	(zhī zhōng)
之字路	(zhī zì lù)
之字形	(zhī zì xíng)
支	(zhī)
支边	(zhī biān)
支部	(zhī bù)
支差	(zhī chāi)
支撑	(zhī chēng)
支撑架	(zhī chēng jià)
支承	(zhī chéng)
支承销	(zhī chéng xiāo)
支持	(zhī chí)
支持度	(zhī chí dù)
支持率	(zhī chí lǜ)
支持者	(zhī chí zhě)
支出	(zhī chū)
支点	(zhī diǎn)
支店	(zhī diàn)
支队	(zhī duì)
支付	(zhī fù)
支付宝	(zhī fù bǎo)
支付不起	(zhī fù bù qǐ)
支根	(zhī gēn)
支公司	(zhī gōng sī)
支光	(zhī guāng)
支架	(zhī jià)
支教	(zhī jiào)
支解	(zhī jiě)
支开	(zhī kāi)
支恐	(zhī kǒng)
支离	(zhī lí)
支离破碎	(zhī lí pò suì)
支流	(zhī liú)
支那	(zhī nà)
支努干	(zhī nǔ gān)
支配	(zhī pèi)
支配力	(zhī pèi lì)
支配权	(zhī pèi quán)
支票	(zhī piào)
支票簿	(zhī piào bù)
支气管	(zhī qì guǎn)
支气管炎	(zhī qì guǎn yán)
支前	(zhī qián)
支取	(zhī qǔ)
支使	(zhī shǐ)
支书	(zhī shū)
支吾	(zhī wú)
支吾其词	(zhī wú qí cí)
支系	(zhī xì)
支系统	(zhī xì tǒng)
支线	(zhī xiàn)
支行	(zhī háng)
支应	(zhī yìng)
支与流裔	(zhī yǔ liú yì)
支原体	(zhī yuán tǐ)
支原体肺炎	(zhī yuán tǐ fèi yán)
支援	(zhī yuán)
支招	(zhī zhāo)
支支吾吾	(zhī zhī wú wú)
支柱	(zhī zhù)
支柱产业	(zhī zhù chǎn yè)
支子	(zhī zǐ)
支走	(zhī zǒu)
支族	(zhī zú)
支座	(zhī zuò)
卮	(zhī)
吱	(zī)
吱嘎	(zhī gā)
吱嘎声	(zhī gā shēng)
吱声	(zhī shēng)
吱呀	(zhī yā)
吱吱嘎嘎	(zī zī gā gā)
吱吱声	(zī zī shēng)
枝	(zhī)
枝繁叶茂	(zhī fán yè mào)
枝干	(zhī gàn)
枝江市	(zhī jiāng shì)
枝节	(zhī jié)
枝节横生	(zhī jié héng shēng)
枝解	(zhī jiě)
枝晶	(zhī jīng)
枝蔓	(zhī màn)
枝条	(zhī tiáo)
枝丫	(zhī yā)
枝桠	(zhī yā)
枝枒	(zhī yā)
枝叶	(zhī yè)
枝子	(zhī zi)
栀	(zhī)
栀子	(zhī zi)
栀子花	(zhī zi huā)
椥	(zhī)
戠	(zhí)
搘	(zhī)
榰	(zhī)
䵹	(zhī)
执	(zhí)
执拗	(zhí niù)
执笔	(zhí bǐ)
执导	(zhí dǎo)
执法	(zhí fǎ)
执法如山	(zhí fǎ rú shān)
执飞	(zhí fēi)
执绋	(zhí fú)
执教	(zhí jiào)
执金吾	(zhí jīn wú)
执迷	(zhí mí)
执迷不悟	(zhí mí bù wù)
执念	(zhí niàn)
执牛耳	(zhí niú ěr)
执勤	(zhí qín)
执拾	(zhí shí)
执事	(zhí shì)
执委	(zhí wěi)
执委会	(zhí wěi huì)
执行	(zhí xíng)
执行人	(zhí xíng rén)
执行绪	(zhí xíng xù)
执行长	(zhí xíng zhǎng)
执业	(zhí yè)
执意	(zhí yì)
执掌	(zhí zhǎng)
执照	(zhí zhào)
执着	(zhí zhuó)
执政	(zhí zhèng)
执政党	(zhí zhèng dǎng)
执政官	(zhí zhèng guān)
执政能力	(zhí zhèng néng lì)
执政者	(zhí zhèng zhě)
执著	(zhí zhuó)
侄	(zhí)
侄女	(zhí nǚ)
侄女婿	(zhí nǚ xu)
侄孙	(zhí sūn)
侄孙女	(zhí sūn nǚ)
侄媳妇	(zhí xí fù)
侄子	(zhí zi)
值	(zhí)
值班	(zhí bān)
值此	(zhí cǐ)
值当	(zhí dang)
值得	(zhí de)
值得一提	(zhí de yī tí)
值机	(zhí jī)
值钱	(zhí qián)
值勤	(zhí qín)
值日	(zhí rì)
值日生	(zhí rì shēng)
值守	(zhí shǒu)
值宿	(zhí sù)
值星	(zhí xīng)
值夜	(zhí yè)
值域	(zhí yù)
值遇	(zhí yù)
値	(zhí)
埴	(zhí)
植	(zhí)
植保	(zhí bǎo)
植被	(zhí bèi)
植发	(zhí fà)
植根	(zhí gēn)
植根于	(zhí gēn yú)
植苗	(zhí miáo)
植民	(zhí mín)
植皮	(zhí pí)
植入	(zhí rù)
植入式广告	(zhí rù shì guǎng gào)
植树	(zhí shù)
植树节	(zhí shù jié)
植树造林	(zhí shù zào lín)
植田	(zhí tián)
植物	(zhí wù)
植物化学成分	(zhí wù huà xué chéng fèn)
植物界	(zhí wù jiè)
植物牛油	(zhí wù niú yóu)
植物群	(zhí wù qún)
植物人	(zhí wù rén)
植物人状态	(zhí wù rén zhuàng tài)
植物肉	(zhí wù ròu)
植物学	(zhí wù xué)
植物学家	(zhí wù xué jiā)
植物油	(zhí wù yóu)
植物园	(zhí wù yuán)
植物脂肪	(zhí wù zhī fáng)
植物状态	(zhí wù zhuàng tài)
植牙	(zhí yá)
植脂末	(zhí zhī mò)
植株	(zhí zhū)
殖	(zhí)
殖利	(zhí lì)
殖民	(zhí mín)
殖民地	(zhí mín dì)
殖民者	(zhí mín zhě)
殖民主义	(zhí mín zhǔ yì)
摭	(zhí)
樴	(zhí)
夂	(zhǐ)
止	(zhǐ)
止步	(zhǐ bù)
止点	(zhǐ diǎn)
止咳	(zhǐ ké)
止咳糖浆	(zhǐ ké táng jiāng)
止汗剂	(zhǐ hàn jì)
止滑	(zhǐ huá)
止境	(zhǐ jìng)
止闹按钮	(zhǐ nào àn niǔ)
止损	(zhǐ sǔn)
止损单	(zhǐ sǔn dān)
止损点	(zhǐ sǔn diǎn)
止疼片	(zhǐ téng piān)
止痛	(zhǐ tòng)
止痛法	(zhǐ tòng fǎ)
止痛剂	(zhǐ tòng jì)
止痛片	(zhǐ tòng piàn)
止痛药	(zhǐ tòng yào)
止息	(zhǐ xī)
止歇	(zhǐ xiē)
止血	(zhǐ xuè)
止血垫	(zhǐ xuè diàn)
止血栓	(zhǐ xuè shuān)
止血贴	(zhǐ xuè tiē)
只	(zhǐ)
只不过	(zhǐ bu guò)
只当	(zhǐ dàng)
只得	(zhǐ dé)
只读	(zhǐ dú)
只顾	(zhǐ gù)
只管	(zhǐ guǎn)
只好	(zhǐ hǎo)
只见	(zhǐ jiàn)
只见树木，不见森林	(zhǐ jiàn shù mù , bù jiàn sēn lín)
只可意会，不可言传	(zhǐ kě yì huì , bù kě yán chuán)
只能	(zhǐ néng)
只怕	(zhǐ pà)
只欠东风	(zhǐ qiàn dōng fēng)
只是	(zhǐ shì)
只说不做	(zhǐ shuō bù zuò)
只限于	(zhǐ xiàn yú)
只消	(zhǐ xiāo)
只许州官放火，不许百姓点灯	(zhǐ xǔ zhōu guān fàng huǒ , bù xǔ bǎi xìng diǎn dēng)
只言片语	(zhī yán piàn yǔ)
只要	(zhǐ yào)
只要功夫深，铁杵磨成针	(zhǐ yào gōng fu shēn , tiě chǔ mó chéng zhēn)
只有	(zhǐ yǒu)
只争朝夕	(zhǐ zhēng zhāo xī)
只知其一，不知其二	(zhǐ zhī qí yī , bù zhī qí èr)
旨	(zhǐ)
旨趣	(zhǐ qù)
旨意	(zhǐ yì)
旨在	(zhǐ zài)
址	(zhǐ)
纸	(zhǐ)
指	(zhǐ)
指板	(zhǐ bǎn)
指北	(zhǐ běi)
指北针	(zhǐ běi zhēn)
指标	(zhǐ biāo)
指称	(zhǐ chēng)
指斥	(zhǐ chì)
指出	(zhǐ chū)
指代	(zhǐ dài)
指导	(zhǐ dǎo)
指导教授	(zhǐ dǎo jiào shòu)
指导课	(zhǐ dǎo kè)
指导员	(zhǐ dǎo yuán)
指导者	(zhǐ dǎo zhě)
指到	(zhǐ dào)
指点	(zhǐ diǎn)
指点江山	(zhǐ diǎn jiāng shān)
指点迷津	(zhǐ diǎn mí jīn)
指疔	(zhǐ dīng)
指定	(zhǐ dìng)
指法	(zhǐ fǎ)
指腹	(zhǐ fù)
指腹为婚	(zhǐ fù wéi hūn)
指关节	(zhǐ guān jié)
指环	(zhǐ huán)
指挥	(zhǐ huī)
指挥棒	(zhǐ huī bàng)
指挥部	(zhǐ huī bù)
指挥官	(zhǐ huī guān)
指挥家	(zhǐ huī jiā)
指挥者	(zhǐ huī zhě)
指挥中心	(zhǐ huī zhōng xīn)
指鸡骂狗	(zhǐ jī mà gǒu)
指甲	(zhǐ jia)
指甲刀	(zhǐ jia dāo)
指甲盖	(zhǐ jia gài)
指甲剪	(zhǐ jia jiǎn)
指甲钳	(zhǐ jia qián)
指甲油	(zhǐ jia yóu)
指尖	(zhǐ jiān)
指尖陀螺	(zhǐ jiān tuó luó)
指奸	(zhǐ jiān)
指检	(zhǐ jiǎn)
指交	(zhǐ jiāo)
指教	(zhǐ jiào)
指节	(zhǐ jié)
指界	(zhǐ jiè)
指居	(zhǐ jū)
指考	(zhǐ kǎo)
指控	(zhǐ kòng)
指令	(zhǐ lìng)
指令集	(zhǐ lìng jí)
指鹿为马	(zhǐ lù wéi mǎ)
指鹿作马	(zhǐ lù zuò mǎ)
指路	(zhǐ lù)
指名	(zhǐ míng)
指明	(zhǐ míng)
指摹	(zhǐ mó)
指模	(zhǐ mó)
指南	(zhǐ nán)
指南车	(zhǐ nán chē)
指南宫	(zhǐ nán gōng)
指南针	(zhǐ nán zhēn)
指派	(zhǐ pài)
指认	(zhǐ rèn)
指日可待	(zhǐ rì kě dài)
指桑骂槐	(zhǐ sāng mà huái)
指使	(zhǐ shǐ)
指示	(zhǐ shì)
指示代词	(zhǐ shì dài cí)
指示符	(zhǐ shì fú)
指示剂	(zhǐ shì jì)
指示器	(zhǐ shì qì)
指事	(zhǐ shì)
指事字	(zhǐ shì zì)
指手划脚	(zhǐ shǒu huà jiǎo)
指手画脚	(zhǐ shǒu huà jiǎo)
指授	(zhǐ shòu)
指数	(zhǐ shù)
指数函数	(zhǐ shù hán shù)
指数基金	(zhǐ shù jī jīn)
指数期权	(zhǐ shù qī quán)
指数套利	(zhǐ shù tào lì)
指头	(zhǐ tou)
指望	(zhǐ wàng)
指纹	(zhǐ wén)
指向	(zhǐ xiàng)
指向装置	(zhǐ xiàng zhuāng zhì)
指压	(zhǐ yā)
指引	(zhǐ yǐn)
指印	(zhǐ yìn)
指责	(zhǐ zé)
指摘	(zhǐ zhāi)
指战员	(zhǐ zhàn yuán)
指谪	(zhǐ zhé)
指着和尚骂秃子	(zhǐ zhe hé shang mà tū zi)
指针	(zhǐ zhēn)
指征	(zhǐ zhēng)
指正	(zhǐ zhèng)
指证	(zhǐ zhèng)
指指点点	(zhǐ zhǐ diǎn diǎn)
枳	(zhǐ)
枳壳	(zhǐ qiào)
枳实	(zhǐ shí)
恉	(zhǐ)
咫尺	(zhǐ chǐ)
咫尺天涯	(zhǐ chǐ tiān yá)
扻	(zì)
志	(zhì)
志不在此	(zhì bù zài cǐ)
志丹县	(zhì dān xiàn)
志得意满	(zhì dé yì mǎn)
志高气扬	(zhì gāo qì yáng)
志工	(zhì gōng)
志怪	(zhì guài)
志怪小说	(zhì guài xiǎo shuō)
志贺氏菌病	(zhì hè shì jūn bìng)
志留纪	(zhì liú jì)
志留系	(zhì liú xì)
志气	(zhì qì)
志趣	(zhì qù)
志士	(zhì shì)
志士仁人	(zhì shì rén rén)
志同道合	(zhì tóng dào hé)
志向	(zhì xiàng)
志愿	(zhì yuàn)
志愿兵	(zhì yuàn bīng)
志愿军	(zhì yuàn jūn)
志愿者	(zhì yuàn zhě)
志在四方	(zhì zài sì fāng)
忮	(zhì)
厔	(zhì)
帜	(zhì)
帙	(zhì)
制	(zhì)
制霸	(zhì bà)
制裁	(zhì cái)
制导	(zhì dǎo)
制订	(zhì dìng)
制定	(zhì dìng)
制动	(zhì dòng)
制动器	(zhì dòng qì)
制动踏板	(zhì dòng tà bǎn)
制度	(zhì dù)
制度化	(zhì dù huà)
制伏	(zhì fú)
制服	(zhì fú)
制服店	(zhì fú diàn)
制服呢	(zhì fú ní)
制高点	(zhì gāo diǎn)
制衡	(zhì héng)
制空权	(zhì kōng quán)
制钱	(zhì qián)
制胜	(zhì shèng)
制式	(zhì shì)
制式化	(zhì shì huà)
制酸剂	(zhì suān jì)
制药业	(zhì yào yè)
制约	(zhì yuē)
制止	(zhì zhǐ)
栉	(zhì)
栉比	(zhì bǐ)
栉风沐雨	(zhì fēng mù yǔ)
栉瓜	(zhì guā)
栉孔扇贝	(zhì kǒng shàn bèi)
栉水母	(zhì shuǐ mǔ)
柣	(zhí)
峙	(zhì)
庤	(zhì)
挚	(zhì)
挚爱	(zhì ài)
挚诚	(zhì chéng)
挚切	(zhì qiè)
挚情	(zhì qíng)
挚友	(zhì yǒu)
挚友良朋	(zhì yǒu liáng péng)
桎	(zhì)
桎梏	(zhì gù)
掷	(zhì)
掷地有声	(zhì dì yǒu shēng)
掷还	(zhì huán)
掷筊	(zhì jiǎo)
掷色	(zhì shǎi)
掷骰子	(zhì tóu zi)
偫	(zhì)
乿	(luàn)
智	(zhì)
智齿	(zhì chǐ)
智多星	(zhì duō xīng)
智慧	(zhì huì)
智慧财产	(zhì huì cái chǎn)
智慧产权	(zhì huì chǎn quán)
智慧齿	(zhì huì chǐ)
智慧型手机	(zhì huì xíng shǒu jī)
智驾	(zhì jià)
智库	(zhì kù)
智力	(zhì lì)
智力测验	(zhì lì cè yàn)
智力低下	(zhì lì dī xià)
智力玩具	(zhì lì wán jù)
智利	(zhì lì)
智谋	(zhì móu)
智囊机构	(zhì náng jī gòu)
智囊团	(zhì náng tuán)
智能	(zhì néng)
智能卡	(zhì néng kǎ)
智能设计	(zhì néng shè jì)
智能手表	(zhì néng shǒu biǎo)
智能手机	(zhì néng shǒu jī)
智能体	(zhì néng tǐ)
智能障碍	(zhì néng zhàng ài)
智取	(zhì qǔ)
智人	(zhì rén)
智商税	(zhì shāng shuì)
智识	(zhì shí)
智熄	(zhì xī)
智性恋	(zhì xìng liàn)
智牙	(zhì yá)
智𫖮	(zhì yǐ)
智异山	(zhì yì shān)
智育	(zhì yù)
智障	(zhì zhàng)
智障人士	(zhì zhàng rén shì)
智者	(zhì zhě)
智者千虑，必有一失	(zhì zhě qiān lǜ , bì yǒu yī shī)
智珠在握	(zhì zhū zài wò)
彘	(zhì)
廌	(zhì)
寘	(zhì)
懥	(zhì)
懫	(zhí)
中	(zhōng)
中澳	(zhōng ào)
中巴	(zhōng bā)
中巴士	(zhōng bā shì)
中白鹭	(zhōng bái lù)
中班	(zhōng bān)
中板	(zhōng bǎn)
中办	(zhōng bàn)
中帮	(zhōng bāng)
中饱	(zhōng bǎo)
中饱私囊	(zhōng bǎo sī náng)
中保	(zhōng bǎo)
中北部	(zhōng běi bù)
中北大学	(zhōng běi dà xué)
中焙	(zhōng bèi)
中杓鹬	(zhōng sháo yù)
中标	(zhòng biāo)
中波	(zhōng bō)
中部	(zhōng bù)
中财	(zhōng cái)
中彩	(zhòng cǎi)
中餐	(zhōng cān)
中餐馆	(zhōng cān guǎn)
中草药	(zhōng cǎo yào)
中层	(zhōng céng)
中产	(zhōng chǎn)
中产阶级	(zhōng chǎn jiē jí)
中常	(zhōng cháng)
中场	(zhōng chǎng)
中超	(zhōng chāo)
中朝	(zhōng cháo)
中成药	(zhōng chéng yào)
中程	(zhōng chéng)
中川	(zhōng chuān)
中辍	(zhōng chuò)
中村	(zhōng cūn)
中大西洋脊	(zhōng dà xī yáng jǐ)
中弹	(zhòng dàn)
中档	(zhōng dàng)
中岛	(zhōng dǎo)
中的	(zhòng dì)
中等	(zhōng děng)
中等技术学校	(zhōng děng jì shù xué xiào)
中等教育	(zhōng děng jiào yù)
中等师范学校	(zhōng děng shī fàn xué xiào)
中等专业教育	(zhōng děng zhuān yè jiào yù)
中等专业学校	(zhōng děng zhuān yè xué xiào)
中低端	(zhōng dī duān)
中点	(zhōng diǎn)
中调	(zhōng diào)
中东	(zhōng dōng)
中东呼吸综合征	(zhōng dōng hū xī zōng hé zhēng)
中都	(zhōng dū)
中毒	(zhòng dú)
中毒性	(zhòng dú xìng)
中毒者	(zhòng dú zhě)
中端	(zhōng duān)
中短债	(zhōng duǎn zhài)
中段	(zhōng duàn)
中断	(zhōng duàn)
中俄	(zhōng é)
中俄关系	(zhōng é guān xì)
中俄尼布楚条约	(zhōng é ní bù chǔ tiáo yuē)
中耳	(zhōng ěr)
中耳炎	(zhōng ěr yán)
中二病	(zhōng èr bìng)
中法	(zhōng fǎ)
中法战争	(zhōng fǎ zhàn zhēng)
中饭	(zhōng fàn)
中方	(zhōng fāng)
中方县	(zhōng fāng xiàn)
中非	(zhōng fēi)
中非共和国	(zhōng fēi gòng hé guó)
中菲	(zhōng fēi)
中分	(zhōng fēn)
中风	(zhòng fēng)
中锋	(zhōng fēng)
中缝	(zhōng fèng)
中伏	(zhòng fú)
中复电讯	(zhōng fù diàn xùn)
中概股	(zhōng gài gǔ)
中港	(zhōng gǎng)
中港台	(zhōng gǎng tái)
中高度防空	(zhōng gāo dù fáng kōng)
中隔	(zhōng gé)
中共	(zhōng gòng)
中共中央	(zhōng gòng zhōng yāng)
中共中央办公厅	(zhōng gòng zhōng yāng bàn gōng tīng)
中共中央宣传部	(zhōng gòng zhōng yāng xuān chuán bù)
中共中央组织部	(zhōng gòng zhōng yāng zǔ zhī bù)
中古	(zhōng gǔ)
中古汉语	(zhōng gǔ hàn yǔ)
中关村	(zhōng guān cūn)
中规中矩	(zhòng guī zhòng jǔ)
中国	(zhōng guó)
中国白眉朱雀	(zhōng guó bái méi zhū què)
中国保险监督管理委员会	(zhōng guó bǎo xiǎn jiān dū guǎn lǐ wěi yuán huì)
中国北方工业公司	(zhōng guó běi fāng gōng yè gōng sī)
中国钹	(zhōng guó bó)
中国菜	(zhōng guó cài)
中国餐馆症候群	(zhōng guó cān guǎn zhèng hòu qún)
中国残疾人联合会	(zhōng guó cán jí rén lián hé huì)
中国残联	(zhōng guó cán lián)
中国产	(zhōng guó chǎn)
中国城	(zhōng guó chéng)
中国传媒大学	(zhōng guó chuán méi dà xué)
中国船舶工业集团	(zhōng guó chuán bó gōng yè jí tuán)
中国船舶贸易公司	(zhōng guó chuán bó mào yì gōng sī)
中国船舶重工集团公司	(zhōng guó chuán bó zhòng gōng jí tuán gōng sī)
中国大百科全书出版社	(zhōng guó dà bǎi kē quán shū chū bǎn shè)
中国大陆	(zhōng guó dà lù)
中国大蝾螈	(zhōng guó dà róng yuán)
中国地球物理学会	(zhōng guó dì qiú wù lǐ xué huì)
中国地震局	(zhōng guó dì zhèn jú)
中国地震台网	(zhōng guó dì zhèn tái wǎng)
中国地质大学	(zhōng guó dì zhì dà xué)
中国地质调查局	(zhōng guó dì zhì diào chá jú)
中国电视公司	(zhōng guó diàn shì gōng sī)
中国电信	(zhōng guó diàn xìn)
中国东方航空	(zhōng guó dōng fāng háng kōng)
中国法学会	(zhōng guó fǎ xué huì)
中国风	(zhōng guó fēng)
中国工程院	(zhōng guó gōng chéng yuàn)
中国工商银行	(zhōng guó gōng shāng yín háng)
中国共产党	(zhōng guó gòng chǎn dǎng)
中国共产党中央委员会	(zhōng guó gòng chǎn dǎng zhōng yāng wěi yuán huì)
中国共产党中央委员会宣传部	(zhōng guó gòng chǎn dǎng zhōng yāng wěi yuán huì xuān chuán bù)
中国共产主义青年团	(zhōng guó gòng chǎn zhǔ yì qīng nián tuán)
中国光大银行	(zhōng guó guāng dà yín háng)
中国广播公司	(zhōng guó guǎng bō gōng sī)
中国国防科技信息中心	(zhōng guó guó fáng kē jì xìn xī zhōng xīn)
中国国际广播电台	(zhōng guó guó jì guǎng bō diàn tái)
中国国际航空公司	(zhōng guó guó jì háng kōng gōng sī)
中国国际贸易促进委员会	(zhōng guó guó jì mào yì cù jìn wěi yuán huì)
中国国家博物馆	(zhōng guó guó jiā bó wù guǎn)
中国国家航天局	(zhōng guó guó jiā háng tiān jú)
中国国家原子能机构	(zhōng guó guó jiā yuán zǐ néng jī gòu)
中国国民党革命委员会	(zhōng guó guó mín dǎng gé mìng wěi yuán huì)
中国海	(zhōng guó hǎi)
中国海事局	(zhōng guó hǎi shì jú)
中国海洋石油总公司	(zhōng guó hǎi yáng shí yóu zǒng gōng sī)
中国航空工业公司	(zhōng guó háng kōng gōng yè gōng sī)
中国航空运输协会	(zhōng guó háng kōng yùn shū xié huì)
中国航天工业公司	(zhōng guó háng tiān gōng yè gōng sī)
中国好声音	(zhōng guó hǎo shēng yīn)
中国核能总公司	(zhōng guó hé néng zǒng gōng sī)
中国红	(zhōng guó hóng)
中国化	(zhōng guó huà)
中国画	(zhōng guó huà)
中国话	(zhōng guó huà)
中国籍	(zhōng guó jí)
中国建设银行	(zhōng guó jiàn shè yín háng)
中国交通建设	(zhōng guó jiāo tōng jiàn shè)
中国交通运输协会	(zhōng guó jiāo tōng yùn shū xié huì)
中国教育和科研计算机网	(zhōng guó jiào yù hé kē yán jì suàn jī wǎng)
中国教育网	(zhōng guó jiào yù wǎng)
中国结	(zhōng guó jié)
中国进出口银行	(zhōng guó jìn chū kǒu yín háng)
中国经营报	(zhōng guó jīng yíng bào)
中国精密机械进出口公司	(zhōng guó jīng mì jī xiè jìn chū kǒu gōng sī)
中国科学院	(zhōng guó kē xué yuàn)
中国联合航空	(zhōng guó lián hé háng kōng)
中国联通	(zhōng guó lián tōng)
中国林蛙	(zhōng guó lín wā)
中国美术馆	(zhōng guó měi shù guǎn)
中国梦	(zhōng guó mèng)
中国民用航空局	(zhōng guó mín yòng háng kōng jú)
中国民主促进会	(zhōng guó mín zhǔ cù jìn huì)
中国民主建国会	(zhōng guó mín zhǔ jiàn guó huì)
中国民主同盟	(zhōng guó mín zhǔ tóng méng)
中国鸟类学会	(zhōng guó niǎo lèi xué huì)
中国农业银行	(zhōng guó nóng yè yín háng)
中国气象局	(zhōng guó qì xiàng jú)
中国青年报	(zhōng guó qīng nián bào)
中国人	(zhōng guó rén)
中国人大	(zhōng guó rén dà)
中国人民大学	(zhōng guó rén mín dà xué)
中国人民对外友好协会	(zhōng guó rén mín duì wài yǒu hǎo xié huì)
中国人民解放军	(zhōng guó rén mín jiě fàng jūn)
中国人民解放军海军	(zhōng guó rén mín jiě fàng jūn hǎi jūn)
中国人民解放军空军	(zhōng guó rén mín jiě fàng jūn kōng jūn)
中国人民武装警察部队	(zhōng guó rén mín wǔ zhuāng jǐng chá bù duì)
中国人民银行	(zhōng guó rén mín yín háng)
中国人民政治协商会议	(zhōng guó rén mín zhèng zhì xié shāng huì yì)
中国人权民运信息中心	(zhōng guó rén quán mín yùn xìn xī zhōng xīn)
中国人权组织	(zhōng guó rén quán zǔ zhī)
中国日报	(zhōng guó rì bào)
中国商飞	(zhōng guó shāng fēi)
中国商用飞机	(zhōng guó shāng yòng fēi jī)
中国社会科学院	(zhōng guó shè huì kē xué yuàn)
中国剩余定理	(zhōng guó shèng yú dìng lǐ)
中国石化	(zhōng guó shí huà)
中国石油和化学工业协会	(zhōng guó shí yóu hé huà xué gōng yè xié huì)
中国石油化工股份有限公司	(zhōng guó shí yóu huà gōng gǔ fèn yǒu xiàn gōng sī)
中国石油天然气集团公司	(zhōng guó shí yóu tiān rán qì jí tuán gōng sī)
中国时报	(zhōng guó shí bào)
中国式	(zhōng guó shì)
中国天主教爱国会	(zhōng guó tiān zhǔ jiào ài guó huì)
中国通	(zhōng guó tōng)
中国文联	(zhōng guó wén lián)
中国文学艺术界联合会	(zhōng guó wén xué yì shù jiè lián hé huì)
中国消费者协会	(zhōng guó xiāo fèi zhě xié huì)
中国小说史略	(zhōng guó xiǎo shuō shǐ lüè)
中国新闻社	(zhōng guó xīn wén shè)
中国新闻网	(zhōng guó xīn wén wǎng)
中国伊斯兰教协会	(zhōng guó yī sī lán jiào xié huì)
中国移动通信	(zhōng guó yí dòng tōng xìn)
中国银联	(zhōng guó yín lián)
中国银行	(zhōng guó yín háng)
中国银行业监督管理委员会	(zhōng guó yín háng yè jiān dū guǎn lǐ wěi yuán huì)
中国邮政	(zhōng guó yóu zhèng)
中国游艺机游乐园协会	(zhōng guó yóu yì jī yóu lè yuán xié huì)
中国长城工业公司	(zhōng guó cháng chéng gōng yè gōng sī)
中国证监会	(zhōng guó zhèng jiān huì)
中国证券报	(zhōng guó zhèng quàn bào)
中国证券监督管理委员会	(zhōng guó zhèng quàn jiān dū guǎn lǐ wěi yuán huì)
中国政法大学	(zhōng guó zhèng fǎ dà xué)
中国制造	(zhōng guó zhì zào)
中国致公党	(zhōng guó zhì gōng dǎng)
中国中心主义	(zhōng guó zhōng xīn zhǔ yì)
中国中央电视台	(zhōng guó zhōng yāng diàn shì tái)
中国作家协会	(zhōng guó zuò jiā xié huì)
中国作协	(zhōng guó zuò xié)
中海油	(zhōng hǎi yóu)
中韩	(zhōng hán)
中航技进出口有限责任公司	(zhōng háng jì jìn chū kǒu yǒu xiàn zé rèn gōng sī)
中号	(zhōng hào)
中和	(zhōng hé)
中和剂	(zhōng hé jì)
中和抗体	(zhōng hé kàng tǐ)
中和市	(zhōng hé shì)
中华	(zhōng huá)
中华电视	(zhōng huá diàn shì)
中华短翅莺	(zhōng huá duǎn chì yīng)
中华航空公司	(zhōng huá háng kōng gōng sī)
中华龙鸟	(zhōng huá lóng niǎo)
中华民国	(zhōng huá mín guó)
中华民族	(zhōng huá mín zú)
中华攀雀	(zhōng huá pān què)
中华秋沙鸭	(zhōng huá qiū shā yā)
中华全国妇女联合会	(zhōng huá quán guó fù nǚ lián hé huì)
中华全国体育总会	(zhōng huá quán guó tǐ yù zǒng huì)
中华全国总工会	(zhōng huá quán guó zǒng gōng huì)
中华人民共和国	(zhōng huá rén mín gòng hé guó)
中华苏维埃共和国	(zhōng huá sū wéi āi gòng hé guó)
中华台北	(zhōng huá tái běi)
中华田园犬	(zhōng huá tián yuán quǎn)
中华仙鹟	(zhōng huá xiān wēng)
中华鹧鸪	(zhōng huá zhè gū)
中环	(zhōng huán)
中级	(zhōng jí)
中脊	(zhōng jǐ)
中计	(zhòng jì)
中纪委	(zhōng jì wěi)
中继	(zhōng jì)
中继器	(zhōng jì qì)
中继站	(zhōng jì zhàn)
中继资料	(zhōng jì zī liào)
中坚	(zhōng jiān)
中间	(zhōng jiān)
中间层	(zhōng jiān céng)
中间件	(zhōng jiān jiàn)
中间路线	(zhōng jiān lù xiàn)
中间名	(zhōng jiān míng)
中间派	(zhōng jiān pài)
中间人	(zhōng jiān rén)
中间人攻击	(zhōng jiān rén gōng jī)
中间商	(zhōng jiān shāng)
中间神经元	(zhōng jiān shén jīng yuán)
中间纤维	(zhōng jiān xiān wéi)
中间音	(zhōng jiān yīn)
中箭落马	(zhòng jiàn luò mǎ)
中江县	(zhōng jiāng xiàn)
中将	(zhōng jiàng)
中奖	(zhòng jiǎng)
中焦	(zhōng jiāo)
中阶	(zhōng jiē)
中介	(zhōng jiè)
中介所	(zhōng jiè suǒ)
中介资料	(zhōng jiè zī liào)
中筋面粉	(zhōng jīn miàn fěn)
中径	(zhōng jìng)
中局	(zhōng jú)
中举	(zhòng jǔ)
中看	(zhōng kàn)
中看不中用	(zhōng kàn bù zhōng yòng)
中考	(zhōng kǎo)
中科院	(zhōng kē yuàn)
中肯	(zhòng kěn)
中空	(zhōng kōng)
中空玻璃	(zhōng kōng bō li)
中控面板	(zhōng kòng miàn bǎn)
中括号	(zhōng kuò hào)
中辣	(zhōng là)
中郎将	(zhōng láng jiàng)
中老年	(zhōng lǎo nián)
中老年人	(zhōng lǎo nián rén)
中乐透	(zhòng lè tòu)
中立	(zhōng lì)
中立国	(zhōng lì guó)
中立派	(zhōng lì pài)
中立性	(zhōng lì xìng)
中联办	(zhōng lián bàn)
中联航	(zhōng lián háng)
中量级	(zhōng liàng jí)
中寮乡	(zhōng liáo xiāng)
中流	(zhōng liú)
中流砥柱	(zhōng liú dǐ zhù)
中路	(zhōng lù)
中旅社	(zhōng lǚ shè)
中美	(zhōng měi)
中美洲	(zhōng měi zhōu)
中密度纤维板	(zhōng mì dù xiān wéi bǎn)
中魔	(zhòng mó)
中牟县	(zhōng mù xiàn)
中南	(zhōng nán)
中南半岛	(zhōng nán bàn dǎo)
中南部	(zhōng nán bù)
中南海	(zhōng nán hǎi)
中尼	(zhōng ní)
中年	(zhōng nián)
中宁县	(zhōng níng xiàn)
中农	(zhōng nóng)
中女	(zhōng nǚ)
中欧	(zhōng ōu)
中盘	(zhōng pán)
中盘股	(zhōng pán gǔ)
中盘商	(zhōng pán shāng)
中胚层	(zhōng pēi céng)
中篇小说	(zhōng piān xiǎo shuō)
中埔	(zhōng pǔ)
中埔乡	(zhōng pǔ xiāng)
中期	(zhōng qī)
中期选举	(zhōng qī xuǎn jǔ)
中企业	(zhōng qǐ yè)
中气层	(zhōng qì céng)
中气层顶	(zhōng qì céng dǐng)
中签	(zhòng qiān)
中前卫	(zhōng qián wèi)
中枪	(zhòng qiāng)
中青	(zhōng qīng)
中青年	(zhōng qīng nián)
中情局	(zhōng qíng jú)
中区	(zhōng qū)
中圈套	(zhòng quān tào)
中人	(zhōng rén)
中日	(zhōng rì)
中日关系	(zhōng rì guān xì)
中日韩	(zhōng rì hán)
中日韩统一表意文字	(zhōng rì hán tǒng yī biǎo yì wén zì)
中日韩越	(zhōng rì hán yuè)
中阮	(zhōng ruǎn)
中沙群岛	(zhōng shā qún dǎo)
中山	(zhōng shān)
中山成彬	(zhōng shān chéng bīn)
中山大学	(zhōng shān dà xué)
中山服	(zhōng shān fú)
中山公园	(zhōng shān gōng yuán)
中山狼传	(zhōng shān láng zhuàn)
中山陵	(zhōng shān líng)
中山区	(zhōng shān qū)
中山市	(zhōng shān shì)
中山装	(zhōng shān zhuāng)
中伤	(zhòng shāng)
中生代	(zhōng shēng dài)
中声	(zhōng shēng)
中师	(zhōng shī)
中石化	(zhōng shí huà)
中石器时代	(zhōng shí qì shí dài)
中时	(zhōng shí)
中世纪	(zhōng shì jì)
中式	(zhōng shì)
中式英语	(zhōng shì yīng yǔ)
中试	(zhōng shì)
中视	(zhōng shì)
中枢	(zhōng shū)
中枢神经	(zhōng shū shén jīng)
中枢神经系统	(zhōng shū shén jīng xì tǒng)
中暑	(zhòng shǔ)
中水	(zhōng shuǐ)
中台	(zhōng tái)
中提琴	(zhōng tí qín)
中体西用	(zhōng tǐ xī yòng)
中天	(zhōng tiān)
中厅	(zhōng tīng)
中听	(zhōng tīng)
中庭	(zhōng tíng)
中途	(zhōng tú)
中途岛	(zhōng tú dǎo)
中途搁浅	(zhōng tú gē qiǎn)
中途退场	(zhōng tú tuì chǎng)
中土	(zhōng tǔ)
中外	(zhōng wài)
中微子	(zhōng wēi zǐ)
中卫	(zhōng wèi)
中卫市	(zhōng wèi shì)
中位数	(zhōng wèi shù)
中尉	(zhōng wèi)
中文	(zhōng wén)
中午	(zhōng wǔ)
中西	(zhōng xī)
中西部	(zhōng xī bù)
中西合璧	(zhōng xī hé bì)
中西合并	(zhōng xī hé bìng)
中西区	(zhōng xī qū)
中西医	(zhōng xī yī)
中西医结合	(zhōng xī yī jié hé)
中线	(zhōng xiàn)
中向性格	(zhōng xiàng xìng gé)
中小企业	(zhōng xiǎo qǐ yè)
中小型企业	(zhōng xiǎo xíng qǐ yè)
中小学	(zhōng xiǎo xué)
中校	(zhōng xiào)
中邪	(zhòng xié)
中心	(zhōng xīn)
中心点	(zhōng xīn diǎn)
中心对称	(zhōng xīn duì chèn)
中心矩	(zhōng xīn jǔ)
中心粒	(zhōng xīn lì)
中心区	(zhōng xīn qū)
中心语	(zhōng xīn yǔ)
中新社	(zhōng xīn shè)
中新世	(zhōng xīn shì)
中新网	(zhōng xīn wǎng)
中信银行	(zhōng xìn yín háng)
中行	(zhōng háng)
中型	(zhōng xíng)
中兴	(zhōng xīng)
中兴新村	(zhōng xīng xīn cūn)
中性	(zhōng xìng)
中性笔	(zhōng xìng bǐ)
中性粒细胞	(zhōng xìng lì xì bāo)
中宣部	(zhōng xuān bù)
中选	(zhòng xuǎn)
中学	(zhōng xué)
中学生	(zhōng xué shēng)
中旬	(zhōng xún)
中压管	(zhōng yā guǎn)
中亚	(zhōng yà)
中亚草原	(zhōng yà cǎo yuán)
中亚鸽	(zhōng yà gē)
中亚细亚	(zhōng yà xì yà)
中亚夜鹰	(zhōng yà yè yīng)
中研院	(zhōng yán yuàn)
中央	(zhōng yāng)
中央凹	(zhōng yāng āo)
中央邦	(zhōng yāng bāng)
中央财经大学	(zhōng yāng cái jīng dà xué)
中央厨房	(zhōng yāng chú fáng)
中央处理单元	(zhōng yāng chǔ lǐ dān yuán)
中央处理机	(zhōng yāng chǔ lǐ jī)
中央处理器	(zhōng yāng chǔ lǐ qì)
中央电视台	(zhōng yāng diàn shì tái)
中央分车带	(zhōng yāng fēn chē dài)
中央广播电台	(zhōng yāng guǎng bō diàn tái)
中央海岭	(zhōng yāng hǎi lǐng)
中央汇金	(zhōng yāng huì jīn)
中央集权	(zhōng yāng jí quán)
中央军事委员会	(zhōng yāng jūn shì wěi yuán huì)
中央军委	(zhōng yāng jūn wěi)
中央空调	(zhōng yāng kōng tiáo)
中央民族大学	(zhōng yāng mín zú dà xué)
中央企业	(zhōng yāng qǐ yè)
中央情报局	(zhōng yāng qíng bào jú)
中央全会	(zhōng yāng quán huì)
中央人民政府驻香港特别行政区联络办公室	(zhōng yāng rén mín zhèng fǔ zhù xiāng gǎng tè bié xíng zhèng qū lián luò bàn gōng shì)
中央日报	(zhōng yāng rì bào)
中央社	(zhōng yāng shè)
中央省	(zhōng yāng shěng)
中央委员会	(zhōng yāng wěi yuán huì)
中央戏剧学院	(zhōng yāng xì jù xué yuàn)
中央宣传部	(zhōng yāng xuān chuán bù)
中央研究院	(zhōng yāng yán jiū yuàn)
中央音乐学院	(zhōng yāng yīn yuè xué yuàn)
中央银行	(zhōng yāng yín háng)
中央政府	(zhōng yāng zhèng fǔ)
中央执行委员会	(zhōng yāng zhí xíng wěi yuán huì)
中央直辖市	(zhōng yāng zhí xiá shì)
中央专制集权	(zhōng yāng zhuān zhì jí quán)
中阳县	(zhōng yáng xiàn)
中洋脊	(zhōng yáng jǐ)
中药	(zhōng yào)
中野	(zhōng yě)
中叶	(zhōng yè)
中医	(zhōng yī)
中医学	(zhōng yī xué)
中译语通	(zhōng yì yǔ tōng)
中意	(zhòng yì)
中银	(zhōng yín)
中印	(zhōng yìn)
中印半岛	(zhōng yìn bàn dǎo)
中英	(zhōng yīng)
中庸	(zhōng yōng)
中庸之道	(zhōng yōng zhī dào)
中用	(zhōng yòng)
中油	(zhōng yóu)
中游	(zhōng yóu)
中原	(zhōng yuán)
中原大学	(zhōng yuán dà xué)
中原区	(zhōng yuán qū)
中源地震	(zhōng yuán dì zhèn)
中远	(zhōng yuǎn)
中岳	(zhōng yuè)
中越战争	(zhōng yuè zhàn zhēng)
中灶	(zhōng zào)
中贼鸥	(zhōng zéi ōu)
中站区	(zhōng zhàn qū)
中长跑	(zhōng cháng pǎo)
中招	(zhòng zhāo)
中爪哇	(zhōng zhǎo wā)
中正	(zhōng zhèng)
中正纪念堂	(zhōng zhèng jì niàn táng)
中正区	(zhōng zhèng qū)
中值定理	(zhōng zhí dìng lǐ)
中止	(zhōng zhǐ)
中指	(zhōng zhǐ)
中中	(zhōng zhōng)
中轴	(zhōng zhóu)
中轴线	(zhōng zhóu xiàn)
中专	(zhōng zhuān)
中转	(zhōng zhuǎn)
中转柜台	(zhōng zhuǎn guì tái)
中转站	(zhōng zhuǎn zhàn)
中装	(zhōng zhuāng)
中缀	(zhōng zhuì)
中资	(zhōng zī)
中子	(zhōng zǐ)
中子弹	(zhōng zǐ dàn)
中子俘获	(zhōng zǐ fú huò)
中子射线摄影	(zhōng zǐ shè xiàn shè yǐng)
中子数	(zhōng zǐ shù)
中子星	(zhōng zǐ xīng)
中子源	(zhōng zǐ yuán)
中组部	(zhōng zǔ bù)
伀	(zhōng)
彸	(zhōng)
忠	(zhōng)
忠臣	(zhōng chén)
忠诚	(zhōng chéng)
忠告	(zhōng gào)
忠厚	(zhōng hòu)
忠君爱国	(zhōng jūn ài guó)
忠烈	(zhōng liè)
忠南大学校	(zhōng nán dà xué xiào)
忠清	(zhōng qīng)
忠清北道	(zhōng qīng běi dào)
忠清道	(zhōng qīng dào)
忠清南道	(zhōng qīng nán dào)
忠实	(zhōng shí)
忠恕	(zhōng shù)
忠县	(zhōng xiàn)
忠心	(zhōng xīn)
忠心耿耿	(zhōng xīn gěng gěng)
忠信	(zhōng xìn)
忠言	(zhōng yán)
忠言逆耳	(zhōng yán nì ěr)
忠义	(zhōng yì)
忠勇	(zhōng yǒng)
忠于	(zhōng yú)
忠贞	(zhōng zhēn)
忠贞不渝	(zhōng zhēn bù yú)
柊	(zhōng)
柊叶	(zhōng yè)
冢	(zhǒng)
冢中枯骨	(zhǒng zhōng kū gǔ)
尰	(zhǒng)
仲	(zhòng)
仲巴县	(zhòng bā xiàn)
仲裁	(zhòng cái)
仲父	(zhòng fù)
仲介	(zhòng jiè)
仲尼	(zhòng ní)
仲秋	(zhòng qiū)
仲夏	(zhòng xià)
仲夏夜之梦	(zhòng xià yè zhī mèng)
州	(zhōu)
州伯	(zhōu bó)
州界	(zhōu jiè)
州立	(zhōu lì)
州立大学	(zhōu lì dà xué)
州长	(zhōu zhǎng)
侜	(zhōu)
周	(zhōu)
周扒皮	(zhōu bā pí)
周报	(zhōu bào)
周备	(zhōu bèi)
周髀算经	(zhōu bì suàn jīng)
周边	(zhōu biān)
周边商品	(zhōu biān shāng pǐn)
周波	(zhōu bō)
周勃	(zhōu bó)
周朝	(zhōu cháo)
周处	(zhōu chǔ)
周传瑛	(zhōu chuán yīng)
周村区	(zhōu cūn qū)
周代	(zhōu dài)
周到	(zhōu dào)
周敦颐	(zhōu dūn yí)
周公	(zhōu gōng)
周狗	(zhōu gǒu)
周华健	(zhōu huá jiàn)
周会	(zhōu huì)
周济	(zhōu jì)
周杰伦	(zhōu jié lún)
周径	(zhōu jìng)
周口店	(zhōu kǒu diàn)
周口市	(zhōu kǒu shì)
周礼	(zhōu lǐ)
周立波	(zhōu lì bō)
周梁淑怡	(zhōu liáng shū yí)
周密	(zhōu mì)
周年庆	(zhōu nián qìng)
周宁县	(zhōu níng xiàn)
周期函数	(zhōu qī hán shù)
周全	(zhōu quán)
周日圈	(zhōu rì quān)
周日运动	(zhōu rì yùn dòng)
周润发	(zhōu rùn fā)
周三径一	(zhōu sān jìng yī)
周身	(zhōu shēn)
周瘦鹃	(zhōu shòu juān)
周树人	(zhōu shù rén)
周速	(zhōu sù)
周围	(zhōu wéi)
周围神经	(zhōu wéi shén jīng)
周围性眩晕	(zhōu wéi xìng xuàn yùn)
周详	(zhōu xiáng)
周星驰	(zhōu xīng chí)
周宣王	(zhōu xuān wáng)
周旋	(zhōu xuán)
周璇	(zhōu xuán)
周延	(zhōu yán)
周易	(zhōu yì)
周永康	(zhōu yǒng kāng)
周幽王	(zhōu yōu wáng)
周游	(zhōu yóu)
周游列国	(zhōu yóu liè guó)
周游世界	(zhōu yóu shì jiè)
周有光	(zhōu yǒu guāng)
周瑜	(zhōu yú)
周瑜打黄盖	(zhōu yú dǎ huáng gài)
周遭	(zhōu zāo)
周章	(zhōu zhāng)
周长	(zhōu cháng)
周折	(zhōu zhé)
周知	(zhōu zhī)
周至县	(zhōu zhì xiàn)
周中	(zhōu zhōng)
周转	(zhōu zhuǎn)
周转不开	(zhōu zhuǎn bù kāi)
周转不灵	(zhōu zhuǎn bù líng)
周转金	(zhōu zhuǎn jīn)
周庄	(zhōu zhuāng)
周庄镇	(zhōu zhuāng zhèn)
周总理	(zhōu zǒng lǐ)
周晬	(zhōu zuì)
周作人	(zhōu zuò rén)
喌	(zhōu)
妯	(zhóu)
妯娌	(zhóu li)
帚	(zhǒu)
㑇	(zhòu)
咒	(zhòu)
咒骂	(zhòu mà)
咒文	(zhòu wén)
咒语	(zhòu yǔ)
咒诅	(zhòu zǔ)
㤘	(zhòu)
宙	(zhòu)
宙斯	(zhòu sī)
宙斯盾战斗系统	(zhòu sī dùn zhàn dòu xì tǒng)
冑	(zhòu)
昼	(zhòu)
昼伏夜出	(zhòu fú yè chū)
昼行性	(zhòu xíng xìng)
昼夜	(zhòu yè)
昼夜节律	(zhòu yè jié lǜ)
昼夜平分点	(zhòu yè píng fēn diǎn)
朱	(zhū)
朱背啄花鸟	(zhū bèi zhuó huā niǎo)
朱笔	(zhū bǐ)
朱庇特	(zhū bì tè)
朱德	(zhū dé)
朱迪亚	(zhū dí yà)
朱棣	(zhū dì)
朱粉	(zhū fěn)
朱绂	(zhū fú)
朱高炽	(zhū gāo chì)
朱古力	(zhū gǔ lì)
朱广沪	(zhū guǎng hù)
朱红	(zhū hóng)
朱红灯	(zhū hóng dēng)
朱鹮	(zhū huán)
朱俊	(zhū jùn)
朱鹂	(zhū lí)
朱立伦	(zhū lì lún)
朱丽亚	(zhū lì yà)
朱丽叶	(zhū lì yè)
朱利安	(zhū lì ān)
朱利亚尼	(zhū lì yà ní)
朱利娅	(zhū lì yà)
朱莉娅	(zhū lì yà)
朱鹭	(zhū lù)
朱诺	(zhū nuò)
朱漆	(zhū qī)
朱雀	(zhū què)
朱砂	(zhū shā)
朱温	(zhū wēn)
朱鹀	(zhū wú)
朱熹	(zhū xī)
朱孝天	(zhū xiào tiān)
朱元璋	(zhū yuán zhāng)
朱云折槛	(zhū yún zhé jiàn)
朱允炆	(zhū yǔn wén)
朱瞻基	(zhū zhān jī)
朱子	(zhū zǐ)
朱自清	(zhū zì qīng)
侏	(zhū)
侏蓝仙鹟	(zhū lán xiān wēng)
侏罗	(zhū luó)
侏罗纪	(zhū luó jì)
侏儒	(zhū rú)
侏儒仓鼠	(zhū rú cāng shǔ)
侏儒症	(zhū rú zhèng)
咮	(zhòu)
株	(zhū)
株距	(zhū jù)
株连	(zhū lián)
株式会社	(zhū shì huì shè)
株守	(zhū shǒu)
株治	(zhū zhì)
株洲市	(zhū zhōu shì)
槠	(zhū)
橥	(zhū)
敳	(ái)
斸	(zhǔ)
主	(zhǔ)
主板	(zhǔ bǎn)
主办	(zhǔ bàn)
主办国	(zhǔ bàn guó)
主办权	(zhǔ bàn quán)
主保圣人	(zhǔ bǎo shèng rén)
主编	(zhǔ biān)
主宾	(zhǔ bīn)
主宾谓	(zhǔ bīn wèi)
主播	(zhǔ bō)
主簿	(zhǔ bù)
主材	(zhǔ cái)
主裁	(zhǔ cái)
主裁判	(zhǔ cái pàn)
主菜	(zhǔ cài)
主场	(zhǔ chǎng)
主唱	(zhǔ chàng)
主车群	(zhǔ chē qún)
主承销商	(zhǔ chéng xiāo shāng)
主持	(zhǔ chí)
主持人	(zhǔ chí rén)
主厨	(zhǔ chú)
主创	(zhǔ chuàng)
主词	(zhǔ cí)
主次	(zhǔ cì)
主从	(zhǔ cóng)
主打	(zhǔ dǎ)
主打歌	(zhǔ dǎ gē)
主打品牌	(zhǔ dǎ pǐn pái)
主刀	(zhǔ dāo)
主导	(zhǔ dǎo)
主导权	(zhǔ dǎo quán)
主导性	(zhǔ dǎo xìng)
主祷文	(zhǔ dǎo wén)
主调	(zhǔ diào)
主动	(zhǔ dòng)
主动脉	(zhǔ dòng mài)
主动免疫	(zhǔ dòng miǎn yì)
主动权	(zhǔ dòng quán)
主动收入	(zhǔ dòng shōu rù)
主队	(zhǔ duì)
主罚	(zhǔ fá)
主法向量	(zhǔ fǎ xiàng liàng)
主犯	(zhǔ fàn)
主峰	(zhǔ fēng)
主妇	(zhǔ fù)
主干	(zhǔ gàn)
主干网路	(zhǔ gàn wǎng lù)
主干网络	(zhǔ gàn wǎng luò)
主干线	(zhǔ gàn xiàn)
主格	(zhǔ gé)
主公	(zhǔ gōng)
主攻	(zhǔ gōng)
主顾	(zhǔ gù)
主观	(zhǔ guān)
主观主义	(zhǔ guān zhǔ yì)
主管	(zhǔ guǎn)
主管机关	(zhǔ guǎn jī guān)
主管人员	(zhǔ guǎn rén yuán)
主航道	(zhǔ háng dào)
主和派	(zhǔ hé pài)
主和弦	(zhǔ hé xián)
主环	(zhǔ huán)
主机	(zhǔ jī)
主机板	(zhǔ jī bǎn)
主机名	(zhǔ jī míng)
主计	(zhǔ jì)
主计室	(zhǔ jì shì)
主祭	(zhǔ jì)
主见	(zhǔ jiàn)
主将	(zhǔ jiàng)
主讲	(zhǔ jiǎng)
主角	(zhǔ jué)
主教	(zhǔ jiào)
主教座堂	(zhǔ jiào zuò táng)
主科	(zhǔ kē)
主理人	(zhǔ lǐ rén)
主力	(zhǔ lì)
主力舰	(zhǔ lì jiàn)
主力军	(zhǔ lì jūn)
主料	(zhǔ liào)
主流	(zhǔ liú)
主楼	(zhǔ lóu)
主麻	(zhǔ má)
主麻日	(zhǔ má rì)
主谋	(zhǔ móu)
主脑	(zhǔ nǎo)
主品牌	(zhǔ pǐn pái)
主仆	(zhǔ pú)
主球	(zhǔ qiú)
主权	(zhǔ quán)
主权国家	(zhǔ quán guó jiā)
主人	(zhǔ rén)
主人公	(zhǔ rén gōng)
主人翁	(zhǔ rén wēng)
主任	(zhǔ rèn)
主日	(zhǔ rì)
主日学	(zhǔ rì xué)
主食	(zhǔ shí)
主使	(zhǔ shǐ)
主帅	(zhǔ shuài)
主诉	(zhǔ sù)
主题	(zhǔ tí)
主题歌	(zhǔ tí gē)
主题公园	(zhǔ tí gōng yuán)
主题乐园	(zhǔ tí lè yuán)
主题曲	(zhǔ tí qǔ)
主题演讲	(zhǔ tí yǎn jiǎng)
主体	(zhǔ tǐ)
主体思想	(zhǔ tǐ sī xiǎng)
主厅	(zhǔ tīng)
主委	(zhǔ wěi)
主谓	(zhǔ wèi)
主谓宾	(zhǔ wèi bīn)
主谓结构	(zhǔ wèi jié gòu)
主谓句	(zhǔ wèi jù)
主席	(zhǔ xí)
主席国	(zhǔ xí guó)
主席台	(zhǔ xí tái)
主席团	(zhǔ xí tuán)
主嫌	(zhǔ xián)
主显节	(zhǔ xiǎn jié)
主线	(zhǔ xiàn)
主销	(zhǔ xiāo)
主心骨	(zhǔ xīn gǔ)
主修	(zhǔ xiū)
主序带	(zhǔ xù dài)
主序星	(zhǔ xù xīng)
主旋律	(zhǔ xuán lǜ)
主演	(zhǔ yǎn)
主要	(zhǔ yào)
主业	(zhǔ yè)
主页	(zhǔ yè)
主义	(zhǔ yì)
主意	(zhǔ yi)
主因	(zhǔ yīn)
主音	(zhǔ yīn)
主音吉他	(zhǔ yīn jí tā)
主语	(zhǔ yǔ)
主宰	(zhǔ zǎi)
主宰者	(zhǔ zǎi zhě)
主战派	(zhǔ zhàn pài)
主张	(zhǔ zhāng)
主掌	(zhǔ zhǎng)
主政	(zhǔ zhèng)
主旨	(zhǔ zhǐ)
主旨演讲	(zhǔ zhǐ yǎn jiǎng)
主治医师	(zhǔ zhì yī shī)
主轴	(zhǔ zhóu)
主轴承	(zhǔ zhóu chéng)
主抓	(zhǔ zhuā)
主子	(zhǔ zi)
主族	(zhǔ zú)
拄	(zhǔ)
拄拐	(zhǔ guǎi)
嘱	(zhǔ)
嘱咐	(zhǔ fu)
嘱托	(zhǔ tuō)
伫	(zhù)
伫立	(zhù lì)
伫列	(zhù liè)
助	(zhù)
助残	(zhù cán)
助产	(zhù chǎn)
助产士	(zhù chǎn shì)
助词	(zhù cí)
助动车	(zhù dòng chē)
助动词	(zhù dòng cí)
助攻	(zhù gōng)
助焊剂	(zhù hàn jì)
助记方法	(zhù jì fāng fǎ)
助记符	(zhù jì fú)
助剂	(zhù jì)
助教	(zhù jiào)
助理	(zhù lǐ)
助力	(zhù lì)
助力车	(zhù lì chē)
助眠	(zhù mián)
助农	(zhù nóng)
助跑	(zhù pǎo)
助人	(zhù rén)
助人为快乐之本	(zhù rén wéi kuài lè zhī běn)
助人为乐	(zhù rén wéi lè)
助熔剂	(zhù róng jì)
助手	(zhù shǒu)
助手席	(zhù shǒu xí)
助听器	(zhù tīng qì)
助推	(zhù tuī)
助推火箭	(zhù tuī huǒ jiàn)
助推器	(zhù tuī qì)
助威	(zhù wēi)
助兴	(zhù xìng)
助选	(zhù xuǎn)
助学	(zhù xué)
助学贷款	(zhù xué dài kuǎn)
助学金	(zhù xué jīn)
助一臂之力	(zhù yī bì zhī lì)
助益	(zhù yì)
助战	(zhù zhàn)
助长	(zhù zhǎng)
助阵	(zhù zhèn)
助纣为虐	(zhù zhòu wéi nüè)
住	(zhù)
住持	(zhù chí)
住处	(zhù chù)
住地	(zhù dì)
住读	(zhù dú)
住房	(zhù fáng)
住房和城乡建设部	(zhù fáng hé chéng xiāng jiàn shè bù)
住海边	(zhù hǎi biān)
住户	(zhù hù)
住家	(zhù jiā)
住建部	(zhù jiàn bù)
住脚	(zhù jiǎo)
住居	(zhù jū)
住客	(zhù kè)
住口	(zhù kǒu)
住棚节	(zhù péng jié)
住区	(zhù qū)
住商	(zhù shāng)
住舍	(zhù shè)
住手	(zhù shǒu)
住宿	(zhù sù)
住所	(zhù suǒ)
住校	(zhù xiào)
住友	(zhù yǒu)
住院	(zhù yuàn)
住院部	(zhù yuàn bù)
住院医师	(zhù yuàn yī shī)
住宅	(zhù zhái)
住宅楼	(zhù zhái lóu)
住宅泡沫	(zhù zhái pào mò)
住宅区	(zhù zhái qū)
住址	(zhù zhǐ)
住嘴	(zhù zuǐ)
杼	(zhù)
壴	(zhù)
柷	(zhù)
柱	(zhù)
柱梁	(zhù liáng)
柱塞	(zhù sāi)
柱身	(zhù shēn)
柱石	(zhù shí)
柱体	(zhù tǐ)
柱头	(zhù tóu)
柱型图	(zhù xíng tú)
柱状图	(zhù zhuàng tú)
柱子	(zhù zi)
抓	(zhuā)
抓包	(zhuā bāo)
抓辫子	(zhuā biàn zi)
抓饼	(zhuā bǐng)
抓捕	(zhuā bǔ)
抓大放小	(zhuā dà fàng xiǎo)
抓地	(zhuā dì)
抓地力	(zhuā dì lì)
抓耳	(zhuā ěr)
抓耳挠腮	(zhuā ěr náo sāi)
抓饭	(zhuā fàn)
抓哏	(zhuā gén)
抓工夫	(zhuā gōng fu)
抓功夫	(zhuā gōng fu)
抓猴	(zhuā hóu)
抓获	(zhuā huò)
抓奸	(zhuā jiān)
抓紧	(zhuā jǐn)
抓紧时间	(zhuā jǐn shí jiān)
抓紧学习	(zhuā jǐn xué xí)
抓阄	(zhuā jiū)
抓举	(zhuā jǔ)
抓狂	(zhuā kuáng)
抓力	(zhuā lì)
抓马	(zhuā mǎ)
抓挠	(zhuā nao)
抓拍	(zhuā pāi)
抓嫖	(zhuā piáo)
抓取	(zhuā qǔ)
抓去	(zhuā qù)
抓搔	(zhuā sāo)
抓伤	(zhuā shāng)
抓手	(zhuā shǒu)
抓娃娃机	(zhuā wá wa jī)
抓瞎	(zhuā xiā)
抓小辫子	(zhuā xiǎo biàn zi)
抓痒	(zhuā yǎng)
抓药	(zhuā yào)
抓贼	(zhuā zéi)
抓周	(zhuā zhōu)
抓住	(zhuā zhù)
抓子儿	(zhuā zǐ r)
抓走	(zhuā zǒu)
拽	(zhuǎi)
拽步	(zhuài bù)
拽姐	(zhuǎi jiě)
专	(zhuān)
专案	(zhuān àn)
专案经理	(zhuān àn jīng lǐ)
专案小组	(zhuān àn xiǎo zǔ)
专案组	(zhuān àn zǔ)
专场	(zhuān chǎng)
专车	(zhuān chē)
专程	(zhuān chéng)
专递	(zhuān dì)
专断	(zhuān duàn)
专访	(zhuān fǎng)
专攻	(zhuān gōng)
专管	(zhuān guǎn)
专柜	(zhuān guì)
专横	(zhuān hèng)
专机	(zhuān jī)
专辑	(zhuān jí)
专家	(zhuān jiā)
专家评价	(zhuān jiā píng jià)
专家评论	(zhuān jiā píng lùn)
专家系统	(zhuān jiā xì tǒng)
专科	(zhuān kē)
专科学校	(zhuān kē xué xiào)
专科院校	(zhuān kē yuàn xiào)
专控	(zhuān kòng)
专款	(zhuān kuǎn)
专栏	(zhuān lán)
专利	(zhuān lì)
专利法	(zhuān lì fǎ)
专利局	(zhuān lì jú)
专利权	(zhuān lì quán)
专利药品	(zhuān lì yào pǐn)
专列	(zhuān liè)
专卖	(zhuān mài)
专卖店	(zhuān mài diàn)
专美于前	(zhuān měi yú qián)
专门	(zhuān mén)
专门化	(zhuān mén huà)
专门机构	(zhuān mén jī gòu)
专门家	(zhuān mén jiā)
专门列车	(zhuān mén liè chē)
专门人员	(zhuān mén rén yuán)
专名	(zhuān míng)
专名词	(zhuān míng cí)
专区	(zhuān qū)
专权	(zhuān quán)
专人	(zhuān rén)
专任	(zhuān rèn)
专擅	(zhuān shàn)
专事	(zhuān shì)
专属	(zhuān shǔ)
专属经济区	(zhuān shǔ jīng jì qū)
专硕	(zhuān shuò)
专司	(zhuān sī)
专题	(zhuān tí)
专题报导	(zhuān tí bào dǎo)
专题地图	(zhuān tí dì tú)
专题片	(zhuān tí piàn)
专线	(zhuān xiàn)
专项	(zhuān xiàng)
专心	(zhuān xīn)
专心一意	(zhuān xīn yī yì)
专心致志	(zhuān xīn zhì zhì)
专业	(zhuān yè)
专业户	(zhuān yè hù)
专业化	(zhuān yè huà)
专业教育	(zhuān yè jiào yù)
专业人才	(zhuān yè rén cái)
专业人士	(zhuān yè rén shì)
专业性	(zhuān yè xìng)
专一	(zhuān yī)
专意	(zhuān yì)
专营	(zhuān yíng)
专营店	(zhuān yíng diàn)
专用	(zhuān yòng)
专用集成电路	(zhuān yòng jí chéng diàn lù)
专用网路	(zhuān yòng wǎng lù)
专有	(zhuān yǒu)
专有名词	(zhuān yǒu míng cí)
专员	(zhuān yuán)
专责	(zhuān zé)
专长	(zhuān cháng)
专征	(zhuān zhēng)
专政	(zhuān zhèng)
专职	(zhuān zhí)
专制	(zhuān zhì)
专制君主制	(zhuān zhì jūn zhǔ zhì)
专制主义	(zhuān zhì zhǔ yì)
专治	(zhuān zhì)
专注	(zhuān zhù)
专著	(zhuān zhù)
砖	(zhuān)
剸	(tuán)
孨	(zhuǎn)
啭	(zhuàn)
僎	(zhuàn)
撰	(zhuàn)
撰稿	(zhuàn gǎo)
撰稿人	(zhuàn gǎo rén)
撰录	(zhuàn lù)
撰拟	(zhuàn nǐ)
撰述	(zhuàn shù)
撰文	(zhuàn wén)
撰写	(zhuàn xiě)
妆	(zhuāng)
妆扮	(zhuāng bàn)
妆点	(zhuāng diǎn)
妆奁	(zhuāng lián)
妆容	(zhuāng róng)
妆饰	(zhuāng shì)
妆造	(zhuāng zào)
庄	(zhuāng)
庒	(zhuāng)
桩	(zhuāng)
桩构栈道	(zhuāng gòu zhàn dào)
桩脚	(zhuāng jiǎo)
桩桩件件	(zhuāng zhuāng jiàn jiàn)
壮	(zhuàng)
壮大	(zhuàng dà)
壮胆	(zhuàng dǎn)
壮丁	(zhuàng dīng)
壮观	(zhuàng guān)
壮举	(zhuàng jǔ)
壮阔	(zhuàng kuò)
壮丽	(zhuàng lì)
壮烈	(zhuàng liè)
壮美	(zhuàng měi)
壮年	(zhuàng nián)
壮起胆子	(zhuàng qǐ dǎn zi)
壮实	(zhuàng shi)
壮士	(zhuàng shì)
壮硕	(zhuàng shuò)
壮围	(zhuàng wéi)
壮围乡	(zhuàng wéi xiāng)
壮阳	(zhuàng yáng)
壮语	(zhuàng yǔ)
壮志	(zhuàng zhì)
壮族	(zhuàng zú)
撞	(zhuàng)
撞车	(zhuàng chē)
撞大运	(zhuàng dà yùn)
撞倒	(zhuàng dǎo)
撞鬼	(zhuàng guǐ)
撞毁	(zhuàng huǐ)
撞击	(zhuàng jī)
撞击坑	(zhuàng jī kēng)
撞击式打印机	(zhuàng jī shì dǎ yìn jī)
撞击式印表机	(zhuàng jī shì yìn biǎo jī)
撞机	(zhuàng jī)
撞见	(zhuàng jiàn)
撞烂	(zhuàng làn)
撞脸	(zhuàng liǎn)
撞骗	(zhuàng piàn)
撞球	(zhuàng qiú)
撞衫	(zhuàng shān)
撞伤	(zhuàng shāng)
撞死	(zhuàng sǐ)
撞锁	(zhuàng suǒ)
撞运气	(zhuàng yùn qi)
撞针	(zhuàng zhēn)
椎	(chuí)
椎骨	(zhuī gǔ)
椎间盘	(zhuī jiān pán)
坠	(zhuì)
坠海	(zhuì hǎi)
坠胡	(zhuì hú)
坠毁	(zhuì huǐ)
坠机	(zhuì jī)
坠楼	(zhuì lóu)
坠落	(zhuì luò)
坠马	(zhuì mǎ)
坠琴	(zhuì qín)
坠入	(zhuì rù)
坠入爱河	(zhuì rù ài hé)
坠入情网	(zhuì rù qíng wǎng)
坠饰	(zhuì shì)
坠胎	(zhuì tāi)
坠亡	(zhuì wáng)
坠子	(zhuì zi)
惴	(zhuì)
惴惴不安	(zhuì zhuì bù ān)
啍	(tūn)
准	(zhǔn)
准格尔旗	(zhǔn gé ěr qí)
准将	(zhǔn jiàng)
准考证	(zhǔn kǎo zhèng)
准入	(zhǔn rù)
准生证	(zhǔn shēng zhèng)
准许	(zhǔn xǔ)
准予	(zhǔn yǔ)
拙	(zhuō)
拙笨	(zhuō bèn)
拙笔	(zhuō bǐ)
拙稿	(zhuō gǎo)
拙见	(zhuō jiàn)
拙荆	(zhuō jīng)
拙劣	(zhuō liè)
拙朴	(zhuō pǔ)
拙涩	(zhuō sè)
拙于言词	(zhuō yú yán cí)
拙政园	(zhuō zhèng yuán)
拙直	(zhuō zhí)
拙著	(zhuō zhù)
拙嘴笨舌	(zhuō zuǐ bèn shé)
拙作	(zhuō zuò)
捉	(zhuō)
捉捕	(zhuō bǔ)
捉捕器	(zhuō bǔ qì)
捉对	(zhuō duì)
捉获	(zhuō huò)
捉急	(zhuō jí)
捉奸	(zhuō jiān)
捉襟见肘	(zhuō jīn jiàn zhǒu)
捉迷藏	(zhuō mí cáng)
捉摸	(zhuō mō)
捉摸不定	(zhuō mō bù dìng)
捉拿	(zhuō ná)
捉拿归案	(zhuō ná guī àn)
捉弄	(zhuō nòng)
捉取	(zhuō qǔ)
捉住	(zhuō zhù)
桌	(zhuō)
桌案	(zhuō àn)
桌布	(zhuō bù)
桌灯	(zhuō dēng)
桌机	(zhuō jī)
桌巾	(zhuō jīn)
桌面	(zhuō miàn)
桌面儿	(zhuō miàn r)
桌面儿上	(zhuō miàn r shàng)
桌球	(zhuō qiú)
桌上型	(zhuō shàng xíng)
桌上型电脑	(zhuō shàng xíng diàn nǎo)
桌椅板凳	(zhuō yǐ bǎn dèng)
桌游	(zhuō yóu)
桌子	(zhuō zi)
倬	(zhuō)
棁	(zhuō)
棳	(zhuó)
彴	(zhuó)
卓	(zhuó)
卓别林	(zhuó bié lín)
卓尔不群	(zhuó ěr bù qún)
卓乎不群	(zhuó hū bù qún)
卓绝	(zhuó jué)
卓兰	(zhuó lán)
卓兰镇	(zhuó lán zhèn)
卓尼县	(zhuó ní xiàn)
卓然	(zhuó rán)
卓识	(zhuó shí)
卓溪	(zhuó xī)
卓溪乡	(zhuó xī xiāng)
卓异	(zhuó yì)
卓有成效	(zhuó yǒu chéng xiào)
卓越	(zhuó yuè)
卓著	(zhuó zhù)
卓资县	(zhuó zī xiàn)
叕	(zhuó)
斫	(zhuó)
斫白	(zhuó bái)
斫丧	(zhuó sàng)
斫畬	(zhuó shē)
斫营	(zhuó yíng)
丵	(zhuó)
䓬	(zhuó)
梲	(zhuó)
啄	(zhuó)
啄花鸟	(zhuó huā niǎo)
啄木鸟	(zhuó mù niǎo)
啄食	(zhuó shí)
啄羊鹦鹉	(zhuó yáng yīng wǔ)
啅	(zhào)
斮	(zhuó)
椓	(zhuó)
晫	(zhuó)
䅵	(zhuó)
擢	(zhuó)
擢第	(zhuó dì)
擢发难数	(zhuó fà nán shǔ)
擢升	(zhuó shēng)
櫡	(zhù)
孖	(zī)
孜	(zī)
孜然	(zī rán)
孜然芹	(zī rán qín)
孜孜	(zī zī)
孜孜不倦	(zī zī bù juàn)
孜孜矻矻	(zī zī kū kū)
孜孜以求	(zī zī yǐ qiú)
咨	(zī)
咨嗟	(zī jiē)
咨请	(zī qǐng)
咨文	(zī wén)
咨询	(zī xún)
姿	(zī)
姿容	(zī róng)
姿色	(zī sè)
姿式	(zī shì)
姿势	(zī shì)
姿态	(zī tài)
孶	(zī)
嗞	(zī)
嗞啦	(zī lā)
孳	(zī)
孳乳	(zī rǔ)
孳生	(zī shēng)
孳息	(zī xī)
孳孳	(zī zī)
子	(zǐ)
子菜单	(zǐ cài dān)
子层	(zǐ céng)
子产	(zǐ chǎn)
子承父业	(zǐ chéng fù yè)
子程序	(zǐ chéng xù)
子丑	(zǐ chǒu)
子代	(zǐ dài)
子弹	(zǐ dàn)
子弹火车	(zǐ dàn huǒ chē)
子弟	(zǐ dì)
子癫前症	(zǐ diān qián zhèng)
子儿	(zǐ r)
子房	(zǐ fáng)
子公司	(zǐ gōng sī)
子供向	(zǐ gōng xiàng)
子宫	(zǐ gōng)
子宫壁	(zǐ gōng bì)
子宫环	(zǐ gōng huán)
子宫肌瘤	(zǐ gōng jī liú)
子宫颈	(zǐ gōng jǐng)
子宫颈癌	(zǐ gōng jǐng ái)
子宫颈管	(zǐ gōng jǐng guǎn)
子宫颈抹片	(zǐ gōng jǐng mǒ piàn)
子宫内避孕器	(zǐ gōng nèi bì yùn qì)
子宫内膜异位症	(zǐ gōng nèi mó yì wèi zhèng)
子宫托	(zǐ gōng tuō)
子贡	(zǐ gòng)
子规	(zǐ guī)
子级	(zǐ jí)
子集	(zǐ jí)
子集合	(zǐ jí hé)
子句	(zǐ jù)
子爵	(zǐ jué)
子空间	(zǐ kōng jiān)
子粒	(zǐ lì)
子路	(zǐ lù)
子民	(zǐ mín)
子模型	(zǐ mó xíng)
子母	(zǐ mǔ)
子母弹	(zǐ mǔ dàn)
子母扣	(zǐ mǔ kòu)
子母炮弹	(zǐ mǔ pào dàn)
子母炸弹	(zǐ mǔ zhà dàn)
子目	(zǐ mù)
子目录	(zǐ mù lù)
子囊菌	(zǐ náng jūn)
子女	(zǐ nǚ)
子品牌	(zǐ pǐn pái)
子群	(zǐ qún)
子实	(zǐ shí)
子嗣	(zǐ sì)
子孙	(zǐ sūn)
子孙娘娘	(zǐ sūn niáng niang)
子网	(zǐ wǎng)
子网屏蔽码	(zǐ wǎng píng bì mǎ)
子午线	(zǐ wǔ xiàn)
子系统	(zǐ xì tǒng)
子细	(zǐ xì)
子细胞	(zǐ xì bāo)
子虚乌有	(zǐ xū wū yǒu)
子叶	(zǐ yè)
子夜	(zǐ yè)
子音	(zǐ yīn)
子域	(zǐ yù)
子曰	(zǐ yuē)
子长市	(zǐ cháng shì)
子洲县	(zǐ zhōu xiàn)
子猪	(zǐ zhū)
子子孙孙	(zǐ zǐ sūn sūn)
姊	(zǐ)
姊夫	(zǐ fu)
姊妹	(zǐ mèi)
姊丈	(zǐ zhàng)
姊姊	(zǐ zǐ)
呰	(zǐ)
梓	(zǐ)
梓童	(zǐ tóng)
梓潼县	(zǐ tóng xiàn)
字	(zì)
字串	(zì chuàn)
字词	(zì cí)
字典	(zì diǎn)
字调	(zì diào)
字段	(zì duàn)
字符	(zì fú)
字符串	(zì fú chuàn)
字符集	(zì fú jí)
字根	(zì gēn)
字根表	(zì gēn biǎo)
字根通用码	(zì gēn tōng yòng mǎ)
字号	(zì hao)
字画	(zì huà)
字汇	(zì huì)
字集	(zì jí)
字迹	(zì jì)
字脚	(zì jiǎo)
字节	(zì jié)
字节数	(zì jié shù)
字句	(zì jù)
字据	(zì jù)
字里行间	(zì lǐ háng jiān)
字码	(zì mǎ)
字谜	(zì mí)
字面	(zì miàn)
字母	(zì mǔ)
字母表	(zì mǔ biǎo)
字母词	(zì mǔ cí)
字母顺序	(zì mǔ shùn xù)
字幕	(zì mù)
字首	(zì shǒu)
字书	(zì shū)
字数	(zì shù)
字素	(zì sù)
字体	(zì tǐ)
字条	(zì tiáo)
字帖	(zì tiě)
字帖儿	(zì tiě r)
字头	(zì tóu)
字图	(zì tú)
字尾	(zì wěi)
字形	(zì xíng)
字型	(zì xíng)
字眼	(zì yǎn)
字样	(zì yàng)
字义	(zì yì)
字音	(zì yīn)
字元	(zì yuán)
字元集	(zì yuán jí)
字源	(zì yuán)
字斟句酌	(zì zhēn jù zhuó)
字正腔圆	(zì zhèng qiāng yuán)
字纸篓	(zì zhǐ lǒu)
字重	(zì zhòng)
字字珠玑	(zì zì zhū jī)
字字珠玉	(zì zì zhū yù)
字组	(zì zǔ)
剚	(zì)
恣	(zì)
恣情	(zì qíng)
恣肆	(zì sì)
恣睢	(zì suī)
恣行无忌	(zì xíng wú jì)
恣意	(zì yì)
恣意妄为	(zì yì wàng wéi)
恣欲	(zì yù)
宗	(zōng)
宗祠	(zōng cí)
宗地	(zōng dì)
宗法	(zōng fǎ)
宗匠	(zōng jiàng)
宗教	(zōng jiào)
宗教法庭	(zōng jiào fǎ tíng)
宗教改革	(zōng jiào gǎi gé)
宗教徒	(zōng jiào tú)
宗教团	(zōng jiào tuán)
宗教学	(zōng jiào xué)
宗教仪式	(zōng jiào yí shì)
宗筋	(zōng jīn)
宗喀巴	(zōng kā bā)
宗庙	(zōng miào)
宗派	(zōng pài)
宗派主义	(zōng pài zhǔ yì)
宗圣公	(zōng shèng gōng)
宗圣侯	(zōng shèng hóu)
宗师	(zōng shī)
宗室	(zōng shì)
宗正	(zōng zhèng)
宗旨	(zōng zhǐ)
宗主	(zōng zhǔ)
宗主国	(zōng zhǔ guó)
宗主权	(zōng zhǔ quán)
宗族	(zōng zú)
棕	(zōng)
棕矮星	(zōng ǎi xīng)
棕斑鸠	(zōng bān jiū)
棕背伯劳	(zōng bèi bó láo)
棕背黑头鸫	(zōng bèi hēi tóu dōng)
棕背田鸡	(zōng bèi tián jī)
棕背雪雀	(zōng bèi xuě què)
棕绷	(zōng bēng)
棕编	(zōng biān)
棕草鹛	(zōng cǎo méi)
棕翅𫛭鹰	(zōng chì kuáng yīng)
棕垫	(zōng diàn)
棕顶树莺	(zōng dǐng shù yīng)
棕额长尾山雀	(zōng é cháng wěi shān què)
棕腹大仙鹟	(zōng fù dà xiān wēng)
棕腹杜鹃	(zōng fù dù juān)
棕腹鵙鹛	(zōng fù jú méi)
棕腹蓝仙鹟	(zōng fù lán xiān wēng)
棕腹林鸲	(zōng fù lín qú)
棕腹柳莺	(zōng fù liǔ yīng)
棕腹树鹊	(zōng fù shù què)
棕腹隼雕	(zōng fù sǔn diāo)
棕腹仙鹟	(zōng fù xiān wēng)
棕腹啄木鸟	(zōng fù zhuó mù niǎo)
棕缚	(zōng fù)
棕肛凤鹛	(zōng gāng fèng méi)
棕褐短翅莺	(zōng hè duǎn chì yīng)
棕褐色	(zōng hè sè)
棕黑	(zōng hēi)
棕红	(zōng hóng)
棕喉雀鹛	(zōng hóu què méi)
棕黄	(zōng huáng)
棕颈钩嘴鹛	(zōng jǐng gōu zuǐ méi)
棕颈犀鸟	(zōng jǐng xī niǎo)
棕颈雪雀	(zōng jǐng xuě què)
棕颈鸭	(zōng jǐng yā)
棕颏噪鹛	(zōng kē zào méi)
棕脸鹟莺	(zōng liǎn wēng yīng)
棕榈	(zōng lǘ)
棕榈襞	(zōng lǘ bì)
棕榈科	(zōng lǘ kē)
棕榈属	(zōng lǘ shǔ)
棕榈树	(zōng lǘ shù)
棕榈油	(zōng lǘ yóu)
棕毛	(zōng máo)
棕眉柳莺	(zōng méi liǔ yīng)
棕眉山岩鹨	(zōng méi shān yán liù)
棕三趾鹑	(zōng sān zhǐ chún)
棕色	(zōng sè)
棕扇尾莺	(zōng shàn wěi yīng)
棕绳	(zōng shéng)
棕树	(zōng shù)
棕薮鸲	(zōng sǒu qú)
棕毯	(zōng tǎn)
棕头歌鸲	(zōng tóu gē qú)
棕头钩嘴鹛	(zōng tóu gōu zuǐ méi)
棕头鸥	(zōng tóu ōu)
棕头雀鹛	(zōng tóu què méi)
棕头鸦雀	(zōng tóu yā què)
棕头幽鹛	(zōng tóu yōu méi)
棕臀噪鹛	(zōng tún zào méi)
棕尾伯劳	(zōng wěi bó láo)
棕尾褐鹟	(zōng wěi hè wēng)
棕尾虹雉	(zōng wěi hóng zhì)
棕尾𫛭	(zōng wěi kuáng)
棕胸佛法僧	(zōng xiōng fó fǎ sēng)
棕胸蓝姬鹟	(zōng xiōng lán jī wēng)
棕胸雅鹛	(zōng xiōng yǎ méi)
棕胸岩鹨	(zōng xiōng yán liù)
棕胸竹鸡	(zōng xiōng zhú jī)
棕熊	(zōng xióng)
棕夜鹭	(zōng yè lù)
棕雨燕	(zōng yǔ yàn)
棕噪鹛	(zōng zào méi)
棕枕山雀	(zōng zhěn shān què)
棕枝全日	(zōng zhī quán rì)
棕枝主日	(zōng zhī zhǔ rì)
棕朱雀	(zōng zhū què)
䗥	(zōng)
偬	(zǒng)
摠	(zǒng)
掫	(zōu)
棸	(zōu)
㛀	(chú)
奏	(zòu)
奏乐	(zòu yuè)
奏鸣曲	(zòu míng qǔ)
奏鸣曲式	(zòu míng qǔ shì)
奏帖	(zòu tiě)
奏效	(zòu xiào)
奏折	(zòu zhé)
揍	(zòu)
揍扁	(zòu biǎn)
揍人	(zòu rén)
揍死	(zòu sǐ)
卆	(zú)
卒	(zú)
卒岁	(zú suì)
卒业	(zú yè)
卒中	(cù zhòng)
哫	(zú)
倅	(cuì)
崒	(cuì)
族	(zú)
族类	(zú lèi)
族灭	(zú miè)
族谱	(zú pǔ)
族权	(zú quán)
族群	(zú qún)
族人	(zú rén)
族裔	(zú yì)
族长	(zú zhǎng)
族诛	(zú zhū)
俎	(zǔ)
攥	(zuàn)
攥拳头	(zuàn quán tou)
厜	(zuī)
朘	(juān)
樶	(zuī)
嘴	(zuǐ)
嘴巴	(zuǐ ba)
嘴巴子	(zuǐ ba zi)
嘴笨	(zuǐ bèn)
嘴不严	(zuǐ bù yán)
嘴馋	(zuǐ chán)
嘴敞	(zuǐ chǎng)
嘴唇	(zuǐ chún)
嘴乖	(zuǐ guāi)
嘴尖	(zuǐ jiān)
嘴贱	(zuǐ jiàn)
嘴角	(zuǐ jiǎo)
嘴啃泥	(zuǐ kěn ní)
嘴快	(zuǐ kuài)
嘴快心直	(zuǐ kuài xīn zhí)
嘴牢	(zuǐ láo)
嘴里	(zuǐ lǐ)
嘴脸	(zuǐ liǎn)
嘴炮	(zuǐ pào)
嘴皮子	(zuǐ pí zi)
嘴瓢	(zuǐ piáo)
嘴欠	(zuǐ qiàn)
嘴琴	(zuǐ qín)
嘴秋	(zuǐ qiū)
嘴软	(zuǐ ruǎn)
嘴上没毛，办事不牢	(zuǐ shàng méi máo , bàn shì bù láo)
嘴松	(zuǐ sōng)
嘴碎	(zuǐ suì)
嘴损	(zuǐ sǔn)
嘴套	(zuǐ tào)
嘴替	(zuǐ tì)
嘴甜	(zuǐ tián)
嘴甜心苦	(zuǐ tián xīn kǔ)
嘴稳	(zuǐ wěn)
嘴型	(zuǐ xíng)
嘴严	(zuǐ yán)
嘴硬	(zuǐ yìng)
嘴直	(zuǐ zhí)
嘴子	(zuǐ zi)
最	(zuì)
最初	(zuì chū)
最大公因子	(zuì dà gōng yīn zǐ)
最大公约数	(zuì dà gōng yuē shù)
最大化	(zuì dà huà)
最大似然估计	(zuì dà sì rán gū jì)
最大速率	(zuì dà sù lǜ)
最低潮	(zuì dī cháo)
最低点	(zuì dī diǎn)
最低谷	(zuì dī gǔ)
最低限度	(zuì dī xiàn dù)
最低音	(zuì dī yīn)
最多	(zuì duō)
最高	(zuì gāo)
最高等	(zuì gāo děng)
最高法院	(zuì gāo fǎ yuàn)
最高工资限额	(zuì gāo gōng zī xiàn é)
最高人民法院	(zuì gāo rén mín fǎ yuàn)
最高人民检察院	(zuì gāo rén mín jiǎn chá yuàn)
最高限额	(zuì gāo xiàn é)
最高音	(zuì gāo yīn)
最好	(zuì hǎo)
最好是	(zuì hǎo shì)
最后	(zuì hòu)
最后的晚餐	(zuì hòu de wǎn cān)
最后期限	(zuì hòu qī xiàn)
最后通牒	(zuì hòu tōng dié)
最后晚餐	(zuì hòu wǎn cān)
最后一天	(zuì hòu yī tiān)
最惠国	(zuì huì guó)
最惠国待遇	(zuì huì guó dài yù)
最佳	(zuì jiā)
最佳化	(zuì jiā huà)
最近	(zuì jìn)
最近几年	(zuì jìn jǐ nián)
最密堆积	(zuì mì duī jī)
最年长	(zuì nián zhǎng)
最善	(zuì shàn)
最少	(zuì shǎo)
最是	(zuì shì)
最为	(zuì wéi)
最喜爱	(zuì xǐ ài)
最先	(zuì xiān)
最小二乘	(zuì xiǎo èr chéng)
最小二乘法	(zuì xiǎo èr chéng fǎ)
最小公倍数	(zuì xiǎo gōng bèi shù)
最小公分母	(zuì xiǎo gōng fēn mǔ)
最小化	(zuì xiǎo huà)
最小平方法	(zuì xiǎo píng fāng fǎ)
最小值	(zuì xiǎo zhí)
最新	(zuì xīn)
最优	(zuì yōu)
最优化	(zuì yōu huà)
最优解	(zuì yōu jiě)
最远	(zuì yuǎn)
最终	(zuì zhōng)
最终幻想	(zuì zhōng huàn xiǎng)
槜李	(zuì lǐ)
檇	(zuì)
尊	(zūn)
尊卑	(zūn bēi)
尊称	(zūn chēng)
尊崇	(zūn chóng)
尊从	(zūn cóng)
尊奉	(zūn fèng)
尊公	(zūn gōng)
尊贵	(zūn guì)
尊号	(zūn hào)
尊驾	(zūn jià)
尊敬	(zūn jìng)
尊君	(zūn jūn)
尊老	(zūn lǎo)
尊老爱幼	(zūn lǎo ài yòu)
尊命	(zūn mìng)
尊亲	(zūn qīn)
尊亲属	(zūn qīn shǔ)
尊荣	(zūn róng)
尊容	(zūn róng)
尊尚	(zūn shàng)
尊师	(zūn shī)
尊师爱徒	(zūn shī ài tú)
尊师贵道	(zūn shī guì dào)
尊堂	(zūn táng)
尊翁	(zūn wēng)
尊贤爱物	(zūn xián ài wù)
尊贤使能	(zūn xián shǐ néng)
尊严	(zūn yán)
尊意	(zūn yì)
尊鱼	(zūn yú)
尊长	(zūn zhǎng)
尊者	(zūn zhě)
尊重	(zūn zhòng)
墫	(dūn)
嶟	(zūn)
樽	(zūn)
樽罍	(zūn léi)
僔	(zǔn)
撙	(zǔn)
噂	(zǔn)
捘	(zùn)
嘬	(chuài)
昨	(zuó)
昨儿	(zuó r)
昨儿个	(zuó r ge)
昨日	(zuó rì)
昨天	(zuó tiān)
昨晚	(zuó wǎn)
昨夜	(zuó yè)
捽	(zuó)
左	(zuǒ)
左岸	(zuǒ àn)
左膀右臂	(zuǒ bǎng yòu bì)
左边	(zuǒ bian)
左边儿	(zuǒ bian r)
左不过	(zuǒ bu guò)
左侧	(zuǒ cè)
左道惑众	(zuǒ dào huò zhòng)
左对齐	(zuǒ duì qí)
左舵	(zuǒ duò)
左耳入，右耳出	(zuǒ ěr rù , yòu ěr chū)
左贡县	(zuǒ gòng xiàn)
左顾右盼	(zuǒ gù yòu pàn)
左箭头	(zuǒ jiàn tóu)
左箭头键	(zuǒ jiàn tóu jiàn)
左近	(zuǒ jìn)
左口鱼	(zuǒ kǒu yú)
左拉	(zuǒ lā)
左联	(zuǒ lián)
左邻右舍	(zuǒ lín yòu shè)
左轮手枪	(zuǒ lún shǒu qiāng)
左面	(zuǒ miàn)
左派	(zuǒ pài)
左撇子	(zuǒ piě zi)
左前卫	(zuǒ qián wèi)
左倾	(zuǒ qīng)
左倾机会主义	(zuǒ qīng jī huì zhǔ yì)
左丘明	(zuǒ qiū míng)
左权县	(zuǒ quán xiàn)
左券	(zuǒ quàn)
左券在握	(zuǒ quàn zài wò)
左嗓子	(zuǒ sǎng zi)
左上	(zuǒ shàng)
左氏春秋	(zuǒ shì chūn qiū)
左手	(zuǒ shǒu)
左首	(zuǒ shǒu)
左思	(zuǒ sī)
左思右想	(zuǒ sī yòu xiǎng)
左袒	(zuǒ tǎn)
左弯右拐	(zuǒ wān yòu guǎi)
左下	(zuǒ xià)
左舷	(zuǒ xián)
左氧氟沙星	(zuǒ yǎng fú shā xīng)
左翼	(zuǒ yì)
左营	(zuǒ yíng)
左营区	(zuǒ yíng qū)
左拥右抱	(zuǒ yōng yòu bào)
左右	(zuǒ yòu)
左右逢源	(zuǒ yòu féng yuán)
左右共利	(zuǒ yòu gòng lì)
左右勾拳	(zuǒ yòu gōu quán)
左右开弓	(zuǒ yòu kāi gōng)
左右两难	(zuǒ yòu liǎng nán)
左右手	(zuǒ yòu shǒu)
左右袒	(zuǒ yòu tǎn)
左右为难	(zuǒ yòu wéi nán)
左云县	(zuǒ yún xiàn)
左支右绌	(zuǒ zhī yòu chù)
左至右	(zuǒ zhì yòu)
左转	(zuǒ zhuǎn)
左字头	(zuǒ zì tóu)
左宗棠	(zuǒ zōng táng)
左宗棠鸡	(zuǒ zōng táng jī)
佐	(zuǒ)
佐餐	(zuǒ cān)
佐丹奴	(zuǒ dān nú)
佐贰	(zuǒ èr)
佐酒	(zuǒ jiǔ)
佐科威	(zuǒ kē wēi)
佐料	(zuǒ liào)
佐罗	(zuǒ luó)
佐世保	(zuǒ shì bǎo)
佐藤	(zuǒ téng)
佐野	(zuǒ yě)
佐证	(zuǒ zhèng)
佐治亚	(zuǒ zhì yà)
佐佐木	(zuǒ zuǒ mù)
作	(zuò)
作爱	(zuò ài)
作案	(zuò àn)
作罢	(zuò bà)
作伴	(zuò bàn)
作保	(zuò bǎo)
作笔记	(zuò bǐ jì)
作弊	(zuò bì)
作别	(zuò bié)
作出	(zuò chū)
作辍	(zuò chuò)
作答	(zuò dá)
作东	(zuò dōng)
作对	(zuò duì)
作恶	(zuò è)
作法	(zuò fǎ)
作坊	(zuō fang)
作废	(zuò fèi)
作风	(zuò fēng)
作风正派	(zuò fēng zhèng pài)
作梗	(zuò gěng)
作古	(zuò gǔ)
作怪	(zuò guài)
作好准备	(zuò hǎo zhǔn bèi)
作合	(zuò hé)
作画	(zuò huà)
作家	(zuò jiā)
作假	(zuò jiǎ)
作奸犯科	(zuò jiān fàn kē)
作茧	(zuò jiǎn)
作茧自缚	(zuò jiǎn zì fù)
作件	(zuò jiàn)
作践	(zuò jiàn)
作客	(zuò kè)
作乐	(zuò lè)
作料	(zuò liao)
作乱	(zuò luàn)
作马	(zuò mǎ)
作梦	(zuò mèng)
作鸟兽散	(zuò niǎo shòu sàn)
作孽	(zuò niè)
作弄	(zuò nòng)
作呕	(zuò ǒu)
作派	(zuò pài)
作陪	(zuò péi)
作品	(zuò pǐn)
作曲	(zuò qǔ)
作曲家	(zuò qǔ jiā)
作曲者	(zuò qǔ zhě)
作人	(zuò rén)
作色	(zuò sè)
作势	(zuò shì)
作誓	(zuò shì)
作手	(zuò shǒu)
作寿	(zuò shòu)
作数	(zuò shù)
作死	(zuò sǐ)
作祟	(zuò suì)
作态	(zuò tài)
作痛	(zuò tòng)
作威作福	(zuò wēi zuò fú)
作为	(zuò wéi)
作文	(zuò wén)
作物	(zuò wù)
作息	(zuò xī)
作息时间	(zuò xī shí jiān)
作息时间表	(zuò xī shí jiān biǎo)
作下	(zuò xià)
作兴	(zuò xīng)
作秀	(zuò xiù)
作妖	(zuò yāo)
作业	(zuò yè)
作业环境	(zuò yè huán jìng)
作业系统	(zuò yè xì tǒng)
作业员	(zuò yè yuán)
作揖	(zuò yī)
作用	(zuò yòng)
作用力	(zuò yòng lì)
作用域	(zuò yòng yù)
作用域链	(zuò yòng yù liàn)
作贼	(zuò zéi)
作战	(zuò zhàn)
作者	(zuò zhě)
作者不详	(zuò zhě bù xiáng)
作者权	(zuò zhě quán)
作者未详	(zuò zhě wèi xiáng)
作证	(zuò zhèng)
作证能力	(zuò zhèng néng lì)
作主	(zuò zhǔ)
作准	(zuò zhǔn)
坐	(zuò)
坐班	(zuò bān)
坐班房	(zuò bān fáng)
坐便器	(zuò biàn qì)
坐标	(zuò biāo)
坐标法	(zuò biāo fǎ)
坐标空间	(zuò biāo kōng jiān)
坐标系	(zuò biāo xì)
坐不垂堂	(zuò bù chuí táng)
坐厕	(zuò cè)
坐厕垫	(zuò cè diàn)
坐禅	(zuò chán)
坐车	(zuò chē)
坐吃山空	(zuò chī shān kōng)
坐吃享福	(zuò chī xiǎng fú)
坐大	(zuò dà)
坐等	(zuò děng)
坐电梯	(zuò diàn tī)
坐垫	(zuò diàn)
坐定	(zuò dìng)
坐墩	(zuò dūn)
坐而论道	(zuò ér lùn dào)
坐骨	(zuò gǔ)
坐骨神经	(zuò gǔ shén jīng)
坐骨神经痛	(zuò gǔ shén jīng tòng)
坐关	(zuò guān)
坐观成败	(zuò guān chéng bài)
坐果	(zuò guǒ)
坐好	(zuò hǎo)
坐化	(zuò huà)
坐驾	(zuò jià)
坐降落伞	(zuò jiàng luò sǎn)
坐井观天	(zuò jǐng guān tiān)
坐蜡	(zuò là)
坐牢	(zuò láo)
坐冷板凳	(zuò lěng bǎn dèng)
坐立不安	(zuò lì bù ān)
坐立难安	(zuò lì nán ān)
坐龙庭	(zuò lóng tíng)
坐落	(zuò luò)
坐骑	(zuò qí)
坐山观虎斗	(zuò shān guān hǔ dòu)
坐商	(zuò shāng)
坐失	(zuò shī)
坐失机宜	(zuò shī jī yí)
坐失良机	(zuò shī liáng jī)
坐实	(zuò shí)
坐视	(zuò shì)
坐视不理	(zuò shì bù lǐ)
坐收渔利	(zuò shōu yú lì)
坐台	(zuò tái)
坐台小姐	(zuò tái xiǎo jiě)
坐探	(zuò tàn)
坐卧不宁	(zuò wò bù níng)
坐席	(zuò xí)
坐下	(zuò xia)
坐享	(zuò xiǎng)
坐享其成	(zuò xiǎng qí chéng)
坐像	(zuò xiàng)
坐药	(zuò yào)
坐以待毙	(zuò yǐ dài bì)
坐椅	(zuò yǐ)
坐浴盆	(zuò yù pén)
坐浴桶	(zuò yù tǒng)
坐月子	(zuò yuè zi)
坐镇	(zuò zhèn)
坐庄	(zuò zhuāng)
坐姿	(zuò zī)
岝	(zuò)
岞	(zuò)
怍	(zuò)
唑	(zuò)
座	(zuò)
座标轴	(zuò biāo zhóu)
座舱	(zuò cāng)
座车	(zuò chē)
座次	(zuò cì)
座垫	(zuò diàn)
座儿	(zuò r)
座号	(zuò hào)
座机	(zuò jī)
座驾	(zuò jià)
座落	(zuò luò)
座上宾	(zuò shàng bīn)
座上客	(zuò shàng kè)
座生水母	(zuò shēng shuǐ mǔ)
座谈	(zuò tán)
座谈会	(zuò tán huì)
座堂	(zuò táng)
座头鲸	(zuò tóu jīng)
座头市	(zuò tóu shì)
座位	(zuò wèi)
座无虚席	(zuò wú xū xí)
座席	(zuò xí)
座椅	(zuò yǐ)
座椅套子	(zuò yǐ tào zi)
座右铭	(zuò yòu míng)
座钟	(zuò zhōng)
座子	(zuò zi)
做	(zuò)
做爱	(zuò ài)
做伴	(zuò bàn)
做伴儿	(zuò bàn r)
做不到	(zuò bù dào)
做菜	(zuò cài)
做操	(zuò cāo)
做出	(zuò chū)
做错	(zuò cuò)
做大	(zuò dà)
做祷告	(zuò dǎo gào)
做到	(zuò dào)
做掉	(zuò diào)
做东	(zuò dōng)
做法	(zuò fǎ)
做饭	(zuò fàn)
做工	(zuò gōng)
做工夫	(zuò gōng fu)
做工作	(zuò gōng zuò)
做功	(zuò gōng)
做功夫	(zuò gōng fu)
做官	(zuò guān)
做鬼	(zuò guǐ)
做鬼脸	(zuò guǐ liǎn)
做好做歹	(zuò hǎo zuò dǎi)
做活	(zuò huó)
做活儿	(zuò huó r)
做鸡	(zuò jī)
做旧	(zuò jiù)
做局	(zuò jú)
做绝	(zuò jué)
做客	(zuò kè)
做空	(zuò kōng)
做礼拜	(zuò lǐ bài)
做脸	(zuò liǎn)
做买卖	(zuò mǎi mài)
做满月	(zuò mǎn yuè)
做眉做眼	(zuò méi zuò yǎn)
做媒	(zuò méi)
做梦	(zuò mèng)
做牛做马	(zuò niú zuò mǎ)
做派	(zuò pài)
做亲	(zuò qīn)
做球	(zuò qiú)
做人	(zuò rén)
做人家	(zuò rén jiā)
做人情	(zuò rén qíng)
做生活	(zuò shēng huó)
做生日	(zuò shēng rì)
做生意	(zuò shēng yì)
做声	(zuò shēng)
做市商	(zuò shì shāng)
做事	(zuò shì)
做手	(zuò shǒu)
做手脚	(zuò shǒu jiǎo)
做寿	(zuò shòu)
做厅长	(zuò tīng zhǎng)
做完	(zuò wán)
做为	(zuò wéi)
做文章	(zuò wén zhāng)
做戏	(zuò xì)
做小	(zuò xiǎo)
做小抄	(zuò xiǎo chāo)
做学问	(zuò xué wèn)
做鸭	(zuò yā)
做眼	(zuò yǎn)
做眼色	(zuò yǎn sè)
做一天和尚撞一天钟	(zuò yī tiān hé shang zhuàng yī tiān zhōng)
做贼心虚	(zuò zéi xīn xū)
做张做势	(zuò zhāng zuò shì)
做张做智	(zuò zhāng zuò zhì)
做帐	(zuò zhàng)
做账	(zuò zhàng)
做针线	(zuò zhēn xiàn)
做证	(zuò zhèng)
做主	(zuò zhǔ)
做庄	(zuò zhuāng)
做准备工作	(zuò zhǔn bèi gōng zuò)
做自己	(zuò zì jǐ)
做作	(zuò zuo)
咗	(zuǒ)
䦉	(sì)
𪢌哰	(lán láo)
𪢠吨	(lán dūn)
