〆切	(しめきり)
〆切る	(しめきる)
※印	(こめじるし)
０時	(れいじ)
１００倍	(ひゃくばい)
１００歩譲る	(ひゃっぽゆずる)
１００万	(ひゃくまん)
１０代	(じゅうだい)
１０分	(じっぷん,じゅっぷん)
１０分の１	(じゅうぶんのいち)
１０進	(じっしん,じゅっしん)
１０進法	(じっしんほう,じゅっしんほう)
１０日	(とおか)
１０月	(じゅうがつ)
１１月	(じゅういちがつ)
１２時	(じゅうにじ)
１２月	(じゅうにがつ)
１つ目	(ひとつめ)
１つ星	(ひとつぼし)
１杯	(いっぱい)
１本	(いっぽん)
１歩	(いっぽ)
１歩１歩	(いっぽいっぽ)
１部	(いちぶ)
１才	(いっさい)
１曹	(いっそう)
１冊	(いっさつ)
１次	(いちじ)
１次元	(いちじげん)
１打	(いちだ)
１党	(いっとう)
１等	(いっとう)
１等兵	(いっとうへい)
１等車	(いっとうしゃ)
１等国	(いっとうこく)
１等軍曹	(いっとうぐんそう)
１等親	(いっとうしん)
１等賞	(いっとうしょう)
１等星	(いっとうせい)
１等卒	(いっとうそつ)
１点	(いってん)
１錠	(いちじょう)
１度	(いちど,ひとたび)
１度に	(いちどに)
１対１	(いちたいいち,いったいいち)
１発	(いっぱつ)
１番	(いちばん)
１番手	(いちばんて)
１分	(いちぶ)
１服	(いっぷく)
１割	(いちわり)
１個	(いっこ)
１号	(いちごう)
１回	(いっかい)
１撃	(いちげき)
１階	(いっかい)
１局	(いっきょく)
１軍	(いちぐん)
１口	(ひとくち)
１塁	(いちるい)
１粒	(ひとつぶ,いちりゅう)
１列	(いちれつ)
１輪	(いちりん)
１面	(いちめん)
１秒	(いちびょう)
１年	(いちねん,ひととし,ひととせ)
１年間	(いちねんかん)
１年生	(いちねんせい)
１年中	(いちねんじゅう,いちねんぢゅう)
１匹	(いっぴき)
１票	(いっぴょう)
１品料理	(いっぴんりょうり)
１泊	(いっぱく)
１切れ	(ひときれ)
１人	(ひとり,いちにん)
１人あたり	(ひとりあたり)
１人で	(ひとりで)
１人残らず	(ひとりのこらず)
１人称	(いちにんしょう)
１人当たり	(ひとりあたり)
１人娘	(ひとりむすめ)
１人息子	(ひとりむすこ)
１日	(いちにち,いちじつ)
１日じゅう	(いちにちじゅう,いちにちぢゅう)
１日中	(いちにちじゅう,いちにちぢゅう)
１時	(いちじ)
１時間	(いちじかん)
１士	(いっし)
１世紀	(いっせいき)
１式	(いっしき)
１歳	(いっさい)
１台	(いちだい)
１体	(いったい)
１頭	(いっとう)
１位	(いちい)
１尉	(いちい)
１行	(いちぎょう)
１軒	(いっけん)
１語	(いちご)
１円玉	(いちえんだま)
１月	(いちがつ)
１着	(いっちゃく)
１周年	(いっしゅうねん)
１週	(いっしゅう)
１週間	(いっしゅうかん)
１足	(いっそく)
１組	(ひとくみ,いちくみ)
１佐	(いっさ)
２０才	(はたち,にじゅっさい,にじっさい)
２０世紀	(にじっせいき,にじゅっせいき)
２０歳	(はたち,にじゅっさい,にじっさい)
２倍	(にばい)
２部	(にぶ)
２曹	(にそう)
２乗	(にじょう,じじょう)
２次	(にじ)
２次方程式	(にじほうていしき)
２次会	(にじかい)
２次元	(にじげん)
２等	(にとう)
２等兵	(にとうへい)
２等辺３角形	(にとうへんさんかっけい,にとうへんさんかくけい)
２等分	(にとうぶん)
２等分線	(にとうぶんせん)
２等軍曹	(にとうぐんそう)
２等親	(にとうしん)
２等賞	(にとうしょう)
２度	(にど)
２度３度	(にどさんど)
２番	(にばん)
２番目	(にばんめ)
２方	(ふたかた)
２国間	(にこくかん)
２桁	(ふたけた)
２回	(にかい)
２階	(にかい)
２階建	(にかいだて)
２階建て	(にかいだて)
２進法	(にしんほう)
２塁	(にるい)
２人	(ふたり,ににん)
２人とも	(ふたりとも)
２人称	(ににんしょう)
２人分	(ふたりぶん)
２人共	(ふたりとも)
２人組	(ふたりぐみ,ににんぐみ)
２日	(ふつか)
２士	(にし)
２世	(にせい)
２通	(につう)
２位	(にい)
２尉	(にい)
２項式	(にこうしき)
２月	(にがつ)
２重	(にじゅう,ふたえ)
２週間	(にしゅうかん)
２足	(にそく)
２佐	(にさ)
３百	(さんびゃく)
３倍	(さんばい)
３本	(さんぼん)
３曹	(さんそう)
３次元	(さんじげん)
３等	(さんとう)
３等分	(さんとうぶん)
３等軍曹	(さんとうぐんそう)
３回	(さんかい)
３角形	(さんかくけい,さんかっけい)
３階	(さんがい,さんかい)
３塁	(さんるい)
３枚	(さんまい)
３千	(さんぜん)
３球３振	(さんきゅうさんしん)
３球三振	(さんきゅうさんしん)
３人	(さんにん,みたり)
３人称	(さんにんしょう)
３人殺し	(さんにんごろし,さんにんころし)
３人組	(さんにんぐみ)
３日	(みっか)
３時	(さんじ)
３士	(さんし)
３尉	(さんい)
３月	(さんがつ)
３組	(さんくみ,みくみ)
３佐	(さんさ)
４つ足	(よつあし)
４次元	(よじげん,しじげん)
４角形	(しかくけい,しかっけい)
４輪駆動車	(よんりんくどうしゃ)
４日	(よっか)
４時	(よじ)
４月	(しがつ)
４字熟語	(よじじゅくご)
５０音順	(ごじゅうおんじゅん)
５倍	(ごばい)
５分５分	(ごぶごぶ)
５角形	(ごかくけい,ごかっけい)
５日	(いつか,ごにち)
５色	(ごしき,ごしょく)
５月	(ごがつ)
６角形	(ろっかっけい,ろっかくけい)
６日	(むいか,むゆか,むよか)
６月	(ろくがつ)
７角形	(しちかっけい,しちかくけい,ななかっけい)
７日	(なのか,なぬか)
７月	(しちがつ,なながつ)
８の字	(はちのじ)
８角形	(はっかくけい,はっかっけい)
８日	(ようか)
８月	(はちがつ)
９日	(ここのか,ここぬか)
９月	(くがつ)
ＡＢＣ順	(エービーシーじゅん)
Ｎ響	(エヌきょう)
ＱＱ車	(きゅうきゅうしゃ)
Ｘ線	(エックスせん)
Ｙ目	(よこめ)
α線	(アルファせん)
π中間子	(パイちゅうかんし)
あ・うんの呼吸	(あうんのこきゅう)
アーク灯	(アークとう)
アーク燈	(アークとう)
あいあい傘	(あいあいがさ)
あいさつ回り	(あいさつまわり)
あいづちを打つ	(あいづちをうつ)
アイヌ族	(アイヌぞく)
あいの子	(あいのこ)
あい変らず	(あいかわらず)
あい変わらず	(あいかわらず)
あい路	(あいろ)
あい昧	(あいまい)
あい色	(あいいろ,らんしょく)
アウトライト取引	(アウトライトとりひき)
あうんの呼吸	(あうんのこきゅう)
あおぎ見る	(あおぎみる)
あおぞら市場	(あおぞらいちば)
あお向け	(あおむけ)
あかね色	(あかねいろ)
あがり目	(あがりめ)
あがり湯	(あがりゆ)
アカ狩り	(あかがり)
アキレス腱	(アキレスけん)
あきれ返る	(あきれかえる)
あき地	(あきち)
あき缶	(あきかん)
あき性	(あきしょう)
アクリル酸	(アクリルさん)
あくる日	(あくるひ)
あく促	(あくせく,あくさく)
あく洗い	(あくあらい)
あげくの果て	(あげくのはて)
あけ渡す	(あけわたす)
あげ物	(あげもの)
あげ足をとる	(あげあしをとる)
あげ足を取る	(あげあしをとる)
あご骨	(がっこつ,がくこつ,あごぼね)
あさ飯	(あさめし,あさはん)
あざ笑う	(あざわらう)
アジア太平洋地域	(アジアたいへいようちいき)
あし毛	(あしげ)
アズマ男	(あずまおとこ)
あずま屋	(あずまや)
あぜ道	(あぜみち)
あそばせ言葉	(あそばせことば)
あそび人	(あそびにん)
あそび相手	(あそびあいて)
あそび心	(あそびごころ,あそびゴコロ)
あたかも好し	(あたかもよし)
あたり前	(あたりまえ,あたりめー,あたりめえ)
あたり散らす	(あたりちらす)
あだ花	(あだばな)
あだ名	(あだな,こんめい)
あだ討ち	(あだうち)
あっせん料	(あっせんりょう)
あったま来る	(あたまにくる,あったまくる)
アッという間に	(あっというまに)
あっという間に	(あっというまに)
アッと言う間に	(あっというまに)
あっと言う間に	(あっというまに)
あっ気	(あっけ)
あっ晴れ	(あっぱれ)
あっ砕	(あっさい)
あっ旋	(あっせん)
あて名	(あてな)
あて先	(あてさき)
あて字	(あてじ)
アドオン電話	(アドオンでんわ)
アドレス帳	(アドレスちょう)
あと払い	(あとばらい,ごばらい)
あと味	(あとあじ)
あと押し	(あとおし)
あと追い	(あとおい)
あなた方	(あなたがた)
アナログデジタル変換器	(アナログデジタルへんかんき)
アナログ計算機	(アナログけいさんき)
あの方	(あのかた)
あの人	(あのひと)
アパート荒らし	(アパートあらし)
アバタ面	(あばたづら)
あばた面	(あばたづら)
あばら骨	(あばらぼね,ろっこつ)
あばれ回る	(あばれまわる)
あぶな絵	(あぶなえ)
アブラを売る	(あぶらをうる)
あぶらを売る	(あぶらをうる)
あぶら虫	(あぶらむし,アブラムシ)
あぶら汗	(あぶらあせ)
あぶら身	(あぶらみ)
あぶら性	(あぶらしょう)
アフリカの角	(アフリカのつの)
あぶり出し	(あぶりだし)
あぶり出す	(あぶりだす)
あふれ出る	(あふれでる)
あべかわ餅	(あべかわもち)
アヘン窟	(あへんくつ)
あほう鳥	(アホウドリ,あほうどり)
あまに油	(あまにゆ)
あまり物	(あまりもの)
あま味	(あまみ)
アミノ酸	(アミノさん)
あみ出す	(あみだす)
アメーバ運動	(アメーバうんどう)
アメリカ豹	(アメリカひょう)
アメリカ合衆国	(アメリカがっしゅうこく)
アメリカ人	(アメリカじん)
アメリカ杉	(アメリカすぎ,アメリカスギ)
あめ玉	(あめだま)
あや糸	(あやいと)
あや取り	(あやとり)
あや織り	(あやおり)
アラビア数字	(アラビアすうじ)
あらん限り	(あらんかぎり)
あら筋	(あらすじ)
あら捜し	(あらさがし)
アラ探し	(あらさがし)
あら探し	(あらさがし)
ありがとう御座います	(ありがとうございます)
あり触れた	(ありふれた)
あり得ないほど	(ありえないほど)
あり得ない程	(ありえないほど)
あり得べき	(ありうべき)
あり得る	(ありうる)
アリ地獄	(ありじごく,アリジゴク)
あり地獄	(ありじごく,アリジゴク)
あり方	(ありかた)
あり付く	(ありつく)
あり様	(ありさま,ありよう)
あり余る	(ありあまる)
アリ塚	(ありづか)
あり塚	(ありづか)
アルカリ性	(アルカリせい)
アルギン酸	(アルギンさん)
アルコール依存症	(アルコールいぞんしょう,アルコールいそんしょう)
アルツハイマー病	(アルツハイマーびょう)
アルファ線	(アルファせん)
ある日	(あるひ)
ある時	(あるとき)
アル中	(アルちゅう)
あわせ鏡	(あわせかがみ)
あわて者	(あわてもの)
あわ立つ	(あわだつ)
あわ粒	(あわつぶ,ぞくりゅう)
あん分	(あんぶん)
あん摩	(あんま)
いい返す	(いいかえす)
いい含める	(いいふくめる)
いい加減	(いいかげん)
いい加減にしなさい	(いいかげんにしなさい)
いい年をして	(いいとしをして)
いい切る	(いいきる)
いい歳をして	(いいとしをして)
いえ中	(うちじゅう,いえじゅう,かちゅう)
イオン化	(イオンか)
いかさま師	(いかさまし)
いかなる場合でも	(いかなるばあいでも)
いか物	(いかもの)
いか様	(いかさま,イカサマ)
いき値	(いきち,しきいち)
いく日	(いくにち,いくか)
いさぎ良い	(いさぎよい)
イジメっ子	(いじめっこ)
いじめっ子	(いじめっこ)
いじり回す	(いじりまわす)
イスラーム原理主義	(イスラムげんりしゅぎ,イスラームげんりしゅぎ)
イスラム教徒	(イスラムきょうと)
イスラム原理主義	(イスラムげんりしゅぎ,イスラームげんりしゅぎ)
いずれの場合においても	(いずれのばあいにおいても)
いずれ又	(いずれまた)
いたずらっ子	(いたずらっこ)
いたずら坊主	(いたずらぼうず)
いたずら盛り	(いたずらざかり)
いたずら書き	(いたずらがき)
イタズラ小僧	(いたずらこぞう)
いたずら小僧	(いたずらこぞう)
いたずら者	(いたずらもの)
いただき物	(いただきもの)
いため物	(いためもの)
イチ早く	(いちはやく)
いち早く	(いちはやく)
いったい全体	(いったいぜんたい)
いっとき逃れ	(いちじのがれ,いっときのがれ)
いつの間にか	(いつのまにか)
いつの間にやら	(いつのまにやら)
いっぱい機嫌	(いっぱいきげん)
いっぷう変わった	(いっぷうかわった)
いつもの通りに	(いつものとおりに)
いつ何どき	(いつなんどき)
いつ何時	(いつなんどき)
いつ流	(いつりゅう)
いつ迄も	(いつまでも)
いつ頃	(いつごろ)
いで立つ	(いでたつ)
いで湯	(いでゆ)
いて座	(いてざ)
いとし子	(いとしご,まなご)
いとも簡単に	(いともかんたんに)
いなか者	(いなかもの,いなかもん)
いなり寿司	(いなりずし)
イヌ年	(いぬどし,イヌどし)
いぬ年	(いぬどし,イヌどし)
イノシン酸	(イノシンさん)
いまの所	(いまのところ)
いま思うと	(いまおもうと)
いま一度	(いまいちど)
いもち病	(いもちびょう,とうねつびょう)
いもづる式	(いもづるしき)
イモ虫	(いもむし,イモムシ)
いも虫	(いもむし,イモムシ)
いも掘り	(いもほり)
イヤしん坊	(いやしんぼう)
いやしん坊	(いやしんぼう)
いやでも応でも	(いやでもおうでも)
イヤと言うほど	(いやというほど,イヤというほど)
いや気がさす	(いやけがさす)
いや味	(いやみ)
いや応	(いやおう)
いや応なし	(いやおうなし)
いや応なしに	(いやおうなしに)
いら立つ	(いらだつ)
いり卵	(いりたまご)
いれ込む	(いれこむ)
いわし雲	(いわしぐも)
いんぎん無礼	(いんぎんぶれい)
インゲン豆	(いんげんまめ,インゲンマメ)
いんげん豆	(いんげんまめ,インゲンマメ)
インスタント食品	(インスタントしょくひん)
インディア紙	(インディアかみ)
インディペンデントリビング運動	(インディペンデントリビングうんどう)
インド教	(インドきょう)
インド人	(インドじん)
インフラ開発	(インフラかいはつ)
いん石	(いんせき)
イ長調	(イちょうちょう)
イ短調	(イたんちょう)
ウィジャ板	(ウィジャばん)
ウィジャ盤	(ウィジャばん)
ウイジャ盤	(ウィジャばん)
ウイック回転	(ウイックかいてん)
ウーロン茶	(ウーロンちゃ,ウーロンチャ)
うお座	(うおざ)
うかがい知る	(うかがいしる)
うかぬ顔	(うかぬかお)
うかれ歩く	(うかれあるく)
うき目	(うきめ)
うき世	(うきよ,ふせい)
ウグイス色	(うぐいすいろ)
うぐいす色	(うぐいすいろ)
うけ取る	(うけとる)
ウサギ年	(うさぎどし,うどし)
うさぎ年	(うさぎどし,うどし)
うさを晴らしに	(うさをはらしに)
うさん臭い	(うさんくさい)
ウサ晴らし	(うさばらし)
うさ晴らし	(うさばらし)
うしろ姿	(うしろすがた)
うしろ足	(うしろあし)
うし年	(うしどし)
うす暗い	(うすぐらい)
うず巻く	(うずまく)
うす馬鹿	(うすばか,うすバカ,ウスバカ)
うせ物	(うせもの)
うそで固める	(うそでかためる)
ウソを付く	(うそをつく,ウソをつく)
ウソ八百	(うそはっぴゃく)
うそ八百	(うそはっぴゃく)
ウソ付き	(うそつき,ウソつき)
うそ字	(うそじ)
うた沢	(うたざわ)
うちわ喧嘩	(うちわげんか)
うち返す	(うちかえす)
うち解けにくい	(うちとけにくい)
うち解ける	(うちとける)
うち鳴らす	(うちならす)
うち殺す	(うちころす)
うち砕く	(うちくだく,ぶちくだく)
うち湯	(うちゆ)
うち下ろす	(うちおろす)
うち込む	(うちこむ)
うち中	(うちじゅう,いえじゅう,かちゅう)
ウツ病	(うつびょう)
うつ病	(うつびょう)
うっ憤	(うっぷん)
うつ伏す	(うつぶす)
うつ伏せ	(うつぶせ)
うっ積	(うっせき)
うつ向き	(うつむき)
うつ向く	(うつむく)
うっ血	(うっけつ)
うっ滞	(うったい)
うで時計	(うでどけい)
うで試し	(うでだめし)
うなぎ登り	(うなぎのぼり)
うなぎ丼	(うなどん,うなぎどんぶり,うなぎどん)
うなぎ上り	(うなぎのぼり)
うな丼	(うなどん,うなぎどんぶり,うなぎどん)
うね立て	(うねたて,うねだて)
うの花	(うのはな,ウノハナ)
うの毛	(うのけ)
うば車	(うばぐるま)
うば桜	(うばざくら)
うぶ毛	(うぶげ)
うまい汁	(うまいしる)
うまく行く	(うまくいく)
うまれ変わり	(うまれかわり)
うま年	(うまどし)
うま味	(うまみ)
うめ込む	(うめこむ)
ウラ側	(うらがわ)
うら側	(うらがわ)
ウラ話	(うらばなし,ウラばなし)
ウラ技	(うらわざ)
うら枯れ	(うらがれ)
ウラ面	(うらめん)
うら盆	(うらぼん)
うら盆会	(うらぼんえ)
うら若い	(うらわかい)
うり二つ	(うりふたつ)
うるう年	(うるうどし,じゅんねん)
うるう月	(うるうづき,じゅんげつ)
うれし涙	(うれしなみだ)
うわさ通り	(うわさどおり)
うわの空	(うわのそら)
うわ気	(うわき)
うわ言	(うわごと)
うわ薬	(うわぐすり,ゆうやく,ゆう)
うん悪く	(うんわるく)
うん蓄	(うんちく,ウンチク)
う回	(うかい)
う食	(うしょく)
う蝕	(うしょく)
う飼い	(うかい,うがい)
えい光弾	(えいこうだん)
えい航	(えいこう)
エゴマ油	(えごまあぶら,えごまゆ)
えごま油	(えごまあぶら,えごまゆ)
エコロジー運動	(エコロジーうんどう)
えこ贔屓	(えこひいき)
えたいの知れない	(えたいのしれない)
エックス線	(エックスせん)
えのき茸	(えのきたけ,えのきだけ,エノキタケ)
エライザ法	(エライザほう)
えらい人	(えらいひと)
えら物	(えらぶつ,えらもの)
えり抜く	(えりぬく,よりぬく)
えり分ける	(よりわける,えりわける)
えり好み	(よりごのみ,えりごのみ)
えり巻き	(えりまき,エリマキ)
えり首	(えりくび)
えり元	(えりもと)
えり足	(えりあし)
エンジン発動機	(エンジンはつどうき)
エンジン故障	(エンジンこしょう)
エンピツ削り	(えんぴつけずり)
えんぴつ削り	(えんぴつけずり)
えん堤	(えんてい)
エン麦	(えんばく,エンばく,エンバク)
えん麦	(えんばく,エンばく,エンバク)
えん罪	(えんざい)
おあいにく様	(おあいにくさま)
おい出す	(おいだす)
おい茂る	(おいしげる)
おうし座	(おうしざ)
おう歌	(おうか)
おう殺	(おうさつ)
おう吐	(おうと)
おおげさに言う	(おおげさにいう)
おかげ様	(おかげさま)
おかげ様で	(おかげさまで)
おが屑	(おがくず)
オギノ式	(オギノしき,おぎのしき)
おき火	(おきび)
おくれ毛	(おくれげ)
おく病	(おくびょう)
おく深い	(おくふかい,おくぶかい)
おけさ節	(おけさぶし)
おこそ頭巾	(おこそずきん)
おさな心	(おさなごころ)
おし広める	(おしひろめる)
おし寄せる	(おしよせる)
おし流す	(おしながす)
おし黙る	(おしだまる)
おせち料理	(おせちりょうり)
おたずね者	(おたずねもの)
おつかれ様	(おつかれさま)
おっしゃる通り	(おっしゃるとおり,おっしゃるとうり)
おとうと嫁	(おとうとよめ,おとよめ)
おとぎ話	(おとぎばなし)
おどけ話	(おどけばなし)
おとし入れる	(おとしいれる)
おとし穴	(おとしあな)
おとめ座	(おとめざ)
おどり上がる	(おどりあがる)
おと年	(おととし,いっさくねん)
おない年	(おないどし)
おない歳	(おないどし)
おばけ屋敷	(おばけやしき)
おはよう御座います	(おはようございます,おはよーございます)
おびき出す	(おびきだす)
おひつじ座	(おひつじざ)
オブジェクト指向	(オブジェクトしこう)
オブジェクト指向言語	(オブジェクトしこうげんご)
オムツ気触れ	(おむつかぶれ,オムツかぶれ)
おめでとう御座います	(おめでとうございます)
おもい出す	(おもいだす)
おや指	(おやゆび)
おり返す	(おりかえす)
おり立つ	(おりたつ)
おり姫	(おりひめ)
おろし金	(おろしがね)
オンナの子	(おんなのこ)
おんぶに抱っこ	(おんぶにだっこ)
おん鳥	(おんどり,オンドリ)
お八つ	(おやつ)
お伴	(おとも)
お報せ	(おしらせ)
お弁当	(おべんとう)
お別れ	(おわかれ)
お餅	(おもち)
お菜	(おかず,オカズ)
お参り	(おまいり)
お茶	(おちゃ)
お産	(おさん)
お歯黒	(おはぐろ)
お出かけ	(おでかけ)
お出で	(おいで)
お出でになる	(おいでになる)
お出掛け	(おでかけ)
お辞儀	(おじぎ)
お大事に	(おだいじに)
お待ちどうさま	(おまちどおさま,おまちどうさま)
お待ちどおさま	(おまちどおさま,おまちどうさま)
お待ち遠様	(おまちどおさま,おまちどうさま)
お袋	(おふくろ,オフクロ)
お誕生日おめでとうございます	(おたんじょうびおめでとうございます)
お彈き	(おはじき,おハジキ)
お道化る	(おどける,たわける)
お得	(おとく,おトク)
お徳	(おとく,おトク)
お釣	(おつり)
お釣り	(おつり)
お喋り	(おしゃべり)
お多福	(おたふく)
お返し	(おかえし)
お坊ちゃん	(おぼっちゃん)
お坊っちゃん	(おぼっちゃん)
お風呂に入る	(おふろにはいる)
お釜	(おかま,オカマ)
お父さん	(おとうさん,おとっさん)
お付き	(おつき)
お負けに	(おまけに)
お腹	(おなか)
お伽草子	(おとぎぞうし)
お伽話	(おとぎばなし)
お伽噺	(おとぎばなし)
お高祖頭巾	(おこそずきん)
お供	(おとも)
お宮	(おみや)
お宮参り	(おみやまいり)
お構い	(おかまい)
お構いなく	(おかまいなく)
お構い無く	(おかまいなく)
お古	(おふる)
お帰りなさい	(おかえりなさい)
お鍋	(おなべ,オナベ)
お菓子	(おかし)
お好み焼	(おこのみやき)
お好み焼き	(おこのみやき)
お河童	(おかっぱ,オカッパ)
お互いさま	(おたがいさま)
お互い様	(おたがいさま)
お化け	(おばけ,オバケ)
お化け屋敷	(おばけやしき)
お話し中	(おはなしちゅう)
お話中	(おはなしちゅう)
お祭	(おまつり)
お祭り	(おまつり)
お嫁さん	(およめさん)
お見えになる	(おみえになる)
お見合	(おみあい)
お見合い	(おみあい)
お見舞	(おみまい)
お見舞い	(おみまい)
お薦め	(おすすめ,オススメ)
お奨め	(おすすめ,オススメ)
お絞り	(おしぼり)
お結び	(おむすび)
お節介	(おせっかい)
お節料理	(おせちりょうり)
お姐さん	(おねえさん)
お金	(おかね)
お浸し	(おひたし,おしたし)
お酒	(おさけ)
お尻	(おしり,オシリ)
お客さま	(おきゃくさま)
お客さん	(おきゃくさん)
お客様	(おきゃくさま)
お冷	(おひや)
お冷や	(おひや)
お礼	(おれい,おんれい)
お礼奉公	(おれいぼうこう)
お漏らし	(おもらし)
お皿	(おさら)
お墨つき	(おすみつき)
お墨付	(おすみつき)
お墨付き	(おすみつき)
お母	(おふくろ,オフクロ)
お母さま	(おかあさま)
お母さん	(おかあさん,おかーさん)
お母様	(おかあさま)
お目にかかる	(おめにかかる)
お目に掛かる	(おめにかかる)
お目出度う	(おめでとう)
お目出度うございます	(おめでとうございます)
お年玉	(おとしだま)
お嬢さん	(おじょうさん)
お盆	(おぼん)
お披露目	(おひろめ)
お疲れさま	(おつかれさま)
お疲れ様	(おつかれさま)
お婆さん	(おばあさん,おばーさん)
お婆ん	(おばん)
お七夜	(おしちや)
お気のどく	(おきのどく)
お気の毒	(おきのどく)
お前	(おまえ,おまい)
お前さん	(おまえさん,おめえさん)
お遣い	(おつかい)
お襁褓	(おむつ,オムツ)
お襁褓気触れ	(おむつかぶれ,オムツかぶれ)
お寝しょ	(おねしょ,オネショ)
お寝小	(おねしょ,オネショ)
お勧め	(おすすめ,オススメ)
お日さま	(おひさま)
お日様	(おひさま)
お洒落	(おしゃれ,オシャレ)
お三時	(おさんじ)
お膳	(おぜん)
お上	(おかみ)
お上りさん	(おのぼりさん)
お神渡り	(おみわたり)
お神酒	(おみき)
お神籤	(おみくじ)
お神輿	(おみこし)
お生憎さま	(おあいにくさま)
お生憎様	(おあいにくさま)
お食い初め	(おくいぞめ)
お使い	(おつかい)
お世辞	(おせじ)
お世話になる	(おせわになる)
お仕舞い	(おしまい)
お手あげ	(おてあげ)
お手上げ	(おてあげ)
お手盛り	(おてもり)
お手洗い	(おてあらい)
お手玉	(おてだま)
お手伝いさん	(おてつだいさん)
お守	(おまもり)
お守り	(おまもり)
お数	(おかず,オカズ)
お祀	(おまつり)
お祀り	(おまつり)
お孫さん	(おまごさん)
お弾き	(おはじき,おハジキ)
お湯	(おゆ)
お天気	(おてんき)
お天気屋	(おてんきや)
お田	(おでん)
お凸	(おでこ)
お屠蘇	(おとそ)
お土産	(おみやげ,おみあげ)
お碗	(おわん)
お握り	(おにぎり)
お下げ	(おさげ)
お先に	(おさきに)
お邪魔します	(おじゃまします)
お新香	(おしんこ)
お兄さん	(おにいさん)
お兄ちゃん	(おにいちゃん)
お休みなさい	(おやすみなさい)
お巡りさん	(おまわりさん)
お尋ね者	(おたずねもの)
お芽出度う	(おめでとう)
お陽さま	(おひさま)
お陽様	(おひさま)
お爺さん	(おじいさん)
お陰	(おかげ)
お陰さま	(おかげさま)
お陰さまで	(おかげさまで)
お陰で	(おかげで)
お陰様	(おかげさま)
お陰様で	(おかげさまで)
お蔭	(おかげ)
お蔭で	(おかげで)
お蔭様	(おかげさま)
お蔭様で	(おかげさまで)
お玉じゃくし	(おたまじゃくし,オタマジャクシ)
お玉杓子	(おたまじゃくし,オタマジャクシ)
お御籤	(おみくじ)
お御輿	(おみこし)
お願いいたします	(おねがいいたします)
お願いしまあす	(おねがいします)
お願いします	(おねがいします)
お願い致します	(おねがいいたします)
お雑煮	(おぞうに)
お早うございます	(おはようございます,おはよーございます)
お早う御座います	(おはようございます,おはよーございます)
お札	(おさつ)
お宅	(おたく)
お召	(おめし)
お召し	(おめし)
お召し物	(おめしもの)
お知らせ	(おしらせ)
お中	(おなか)
お中元	(おちゅうげん)
お終い	(おしまい)
お呪い	(おまじない)
お咒い	(おまじない)
お猪口	(おちょこ)
お転婆	(おてんば)
お粧し	(おめかし)
お子さま	(おこさま)
お子さん	(おこさん)
お子様	(おこさま)
お姉さん	(おねえさん)
お祖父さん	(おじいさん)
お祖母さん	(おばあさん,おばーさん)
お座なりになる	(おざなりになる)
カーソル強調	(カーソルきょうちょう)
カード会員	(カードかいいん)
カーボン紙	(カーボンし,カーボンかみ)
かいま見る	(かいまみる)
がい骨	(がいこつ,ガイコツ)
かい離	(かいり)
かい人	(かいじん)
がい子	(がいし)
カヴァー曲	(カバーきょく,カヴァーきょく)
カエルの子はカエル	(かえるのこはかえる)
かえるの子はかえる	(かえるのこはかえる)
かえる跳び	(かえるとび,かわずとび)
カカア天下	(かかあでんか)
かかあ天下	(かかあでんか)
かかり合い	(かかりあい)
かかり合う	(かかりあう)
かきいれ時	(かきいれどき)
カギを掛ける	(かぎをかける)
かぎを掛ける	(かぎをかける)
カキ氷	(かきごおり)
かき氷	(かきごおり)
かぎ出す	(かぎだす)
ガキ大将	(がきだいしょう)
がき大将	(がきだいしょう)
かぎ分ける	(かぎわける)
かき合せる	(かきあわせる)
かき合わせる	(かきあわせる)
かき回す	(かきまわす)
かき混ぜる	(かきまぜる)
かき集める	(かきあつめる)
カギ括弧	(カギカッコ,かぎかっこ,カギかっこ)
かき立てる	(かきたてる)
かき乱す	(かきみだす)
かき鳴らす	(かきならす)
かき入れ時	(かきいれどき)
カギ穴	(かぎあな)
かぎ穴	(かぎあな)
かき込む	(かきこむ)
かき直す	(かきなおす)
かけがえの無い	(かけがえのない)
かけ布団	(かけぶとん)
かけ合う	(かけあう)
かけ合わせる	(かけあわせる)
かけ回る	(かけまわる)
かけ離れる	(かけはなれる)
かけ上がる	(かけあがる)
かけ声	(かけごえ)
かけ算	(かけざん)
かけ引き	(かけひき)
かけ込む	(かけこむ)
カコウ岩	(かこうがん)
かさ張る	(かさばる)
かじり付く	(かぶりつく,かじりつく)
かじり散らす	(かじりちらす)
かしわ手を打つ	(かしわでをうつ)
カスタム化	(カスタムか)
かずの子	(かずのこ,カズノコ)
かすめ取る	(かすめとる)
ガス欠	(ガスけつ)
ガス栓	(ガスせん)
かぜを引く	(かぜをひく)
かぜ薬	(かぜぐすり,かざぐすり)
かたき討ち	(かたきうち)
かたくり粉	(かたくりこ)
かたずを飲む	(かたずをのむ)
かた苦しい	(かたくるしい,かたぐるしい)
かた目	(かため)
カツオ節	(かつおぶし,かつぶし)
かつお節	(かつおぶし,かつぶし)
かつぎ上げる	(かつぎあげる)
カッコ悪い	(かっこわるい,かっこうわるい)
かっこ悪い	(かっこわるい,かっこうわるい)
カッコ良い	(かっこいい,かっこよい,かっこういい)
かっこ良い	(かっこいい,かっこよい,かっこういい)
がっちり屋	(がっちりや)
かって出る	(かってでる)
かっぱ巻	(かっぱまき)
カッパ巻き	(かっぱまき)
かっぱ巻き	(かっぱまき)
かっぽう着	(かっぽうぎ)
かっ飛ばす	(かっとばす)
カツ丼	(カツどん,かつどん)
かつ丼	(カツどん,かつどん)
かっ攫う	(かっさらう)
かっ血	(かっけつ)
かな漢字変換	(かなかんじへんかん)
かな交じり	(かなまじり)
かな交じり文	(かなまじりぶん)
かな遣い	(かなづかい)
かな使い	(かなづかい)
かな書き	(かながき)
カナ文字	(かなもじ)
かな文字	(かなもじ)
かに座	(かにざ)
かね尺	(かねじゃく,きょくしゃく)
カノン砲	(カノンほう,かのうほう)
カバー曲	(カバーきょく,カヴァーきょく)
かば色	(かばいろ)
かば焼	(かばやき)
かば焼き	(かばやき)
カビ臭い	(かびくさい,カビくさい)
かび臭い	(かびくさい,カビくさい)
カブト虫	(カブトムシ,かぶとむし)
かぶと虫	(カブトムシ,かぶとむし)
かぶり付く	(かぶりつく,かじりつく)
カポシ肉腫	(カポジにくしゅ,カポシにくしゅ)
カポジ肉腫	(カポジにくしゅ,カポシにくしゅ)
カマを掘る	(かまをほる)
かまを掘る	(かまをほる)
かま元	(かまもと)
カミソリ負け	(かみそりまけ)
かみそり負け	(かみそりまけ)
かみの毛	(かみのけ)
かみ締める	(かみしめる)
かみ分ける	(かみわける)
かみ付く	(かみつく)
かみ合う	(かみあう)
かみ合せる	(かみあわせる)
かみ合わせる	(かみあわせる)
かみ切る	(かみきる)
かみ殺す	(かみころす)
かみ砕く	(かみくだく)
かもし出す	(かもしだす)
カモ打ち	(かもうち)
カモ撃ち	(かもうち)
かも知れない	(かもしれない)
かも知れません	(かもしれません)
がらがら蛇	(がらがらへび,ガラガラヘビ)
ガラが悪い	(ガラがわるい,がらがわるい)
がらが悪い	(ガラがわるい,がらがわるい)
からすの濡れ羽色	(からすのぬればいろ)
カラスの行水	(からすのぎょうずい)
からすの行水	(からすのぎょうずい)
からす貝	(カラスガイ,からすがい)
ガラス綿	(ガラスめん)
からす鳴き	(からすなき)
ガラス張り	(ガラスばり)
カラテ家	(からてか)
からと言って	(からといって)
からみ合う	(からみあう)
からめ取る	(からめとる)
からめ手	(からめて,からめで)
から風	(からかぜ)
カラ咳	(からせき,からぜき)
から拭き	(からぶき)
カラ手形	(からてがた,くうてがた)
から揚げ	(からあげ)
かりん糖	(かりんとう)
かり出す	(かりだす)
かり立てる	(かりたてる)
ガリ勉	(がりべん,ガリベン)
がり勉	(がりべん,ガリベン)
カリ首	(かりくび)
カルメ焼	(カルメやき)
カルメ焼き	(カルメやき)
カレー饂飩	(カレーうどん)
かわり映え	(かわりばえ)
かんきつ類	(かんきつるい)
ガンギ車	(ガンギぐるま,がんぎぐるま)
がんぎ車	(ガンギぐるま,がんぎぐるま)
カンツリー倶楽部	(カントリークラブ,カントリー・クラブ)
カントリー倶楽部	(カントリークラブ,カントリー・クラブ)
かんな屑	(かんなくず)
ガンピ紙	(がんぴし)
かん腸	(かんちょう,カンチョウ)
かん夫	(かんぷ)
かん高い	(かんだかい)
かん口令	(かんこうれい)
がん首	(がんくび)
かん味	(かんみ)
かん養	(かんよう)
がん腫	(がんしゅ)
かん子	(かんし)
か流	(かりゅう)
か弱い	(かよわい)
カ所	(かしょ)
か条	(かじょう)
カ行	(かぎょう)
か行	(かぎょう)
ガ行	(ガぎょう)
ヵ月	(かげつ)
カ月	(かげつ)
か月	(かげつ)
キー入力	(キーにゅうりょく)
きかん気	(きかんき)
きき返す	(ききかえす)
きき眼	(ききめ)
キズ物	(きずもの,キズモノ)
きず薬	(きずぐすり)
ギター弦	(ギターげん)
ギックリ腰	(ぎっくりごし)
ぎっくり腰	(ぎっくりごし)
きつね火	(きつねび)
キツネ憑き	(きつねつき)
きっ抗	(きっこう)
きつ音	(きつおん)
きな粉	(きなこ)
きぬ擦れ	(きぬずれ)
キビ団子	(きびだんご)
きび団子	(きびだんご)
きまり悪い	(きまりわるい)
きまり文句	(きまりもんく)
きゅう舎	(きゅうしゃ)
ギョウ虫	(ぎょうちゅう,ギョウチュウ)
ぎょう虫	(ぎょうちゅう,ギョウチュウ)
きょう体	(きょうたい)
ぎょう倖	(ぎょうこう)
きょう正	(きょうせい)
ギリシア神話	(ギリシャしんわ,ギリシアしんわ)
ギリシア文字	(ギリシャもじ,ギリシアもじ)
ギリシャ神話	(ギリシャしんわ,ギリシアしんわ)
ギリシャ文字	(ギリシャもじ,ギリシアもじ)
キリスト教	(キリストきょう)
キリスト教徒	(キリストきょうと)
キリトリ線	(きりとりせん,キリトリせん)
キリル文字	(キリルもじ)
きり立つ	(きりたつ)
きり拓く	(きりひらく)
きり下げる	(きりさげる)
キレ者	(きれもの)
キロ米	(キロメートル,キロメーター,キロ・メートル)
き裂	(きれつ)
ギ酸	(ぎさん)
き損	(きそん)
くいしん坊	(くいしんぼう,くいしんぼ)
くい違い	(くいちがい)
くい違う	(くいちがう)
くい止める	(くいとめる)
クーポン券	(クーポンけん)
クエン酸	(くえんさん,クエンさん)
くくり付ける	(くくりつける)
くぐり戸	(くぐりど)
くさいものに蓋	(くさいものにふた)
くさび形	(くさびがた,けっけい,せっけい)
くさび形文字	(くさびがたもじ,せっけいもじ,けっけいもじ)
くされ縁	(くされえん)
クジラ肉	(げいにく,くじらにく,クジラにく)
くし焼き	(くしやき)
くじ引き	(くじびき)
クスクス笑う	(くすくすわらう,クスクスわらう)
くすくす笑う	(くすくすわらう,クスクスわらう)
くすり屋	(くすりや)
くすり箱	(くすりばこ)
くすり指	(くすりゆび)
くず粉	(くずこ)
くせ者	(くせもの,クセモノ)
クソミソに言う	(くそみそにいう)
クソ度胸	(クソどきょう,くそどきょう)
くそ度胸	(クソどきょう,くそどきょう)
クソ溜め	(くそだめ)
くそ溜め	(くそだめ)
くだもの屋	(くだものや)
くつくつ法師	(くつくつぼうし)
くっ付く	(くっつく)
くっ付ける	(くっつける)
くつ屋	(くつや)
くつ下	(くつした)
くつ一足	(くついっそく)
くどき文句	(くどきもんく)
くびり殺す	(くびりころす)
クビを長くする	(くびをながくする)
クビを切る	(くびをきる)
クビを傾げる	(くびをかしげる)
くぼ地	(くぼち,おうち)
くみ取り	(くみとり)
くみ取り口	(くみとりぐち)
くみ取る	(くみとる)
くみ取口	(くみとりぐち)
くみ上げる	(くみあげる)
くも助	(くもすけ)
くやし涙	(くやしなみだ)
クラフト紙	(クラフトし)
グラ付く	(ぐらつく,グラつく)
ぐら付く	(ぐらつく,グラつく)
くら替え	(くらがえ)
グリーン車	(グリーンしゃ)
グリーン券	(グリーンけん)
くり抜く	(くりぬく)
くり出す	(くりだす)
くり返し	(くりかえし)
くり返す	(くりかえす)
くり貫く	(くりぬく)
くり毛	(くりげ)
グループ分離キャラクタ	(グループぶんりキャラクタ)
グループ見出し	(グループみだし)
クル病	(くるびょう)
くる病	(くるびょう)
くる日	(くるひ)
くる日もくる日も	(くるひもくるひも)
グレゴリオ暦	(グレゴリオれき)
くれない色	(べにいろ,こうしょく,くれないいろ)
ぐれん隊	(ぐれんたい)
クローン動物	(クローンどうぶつ)
クローン技術	(クローンぎじゅつ)
クローン人間	(クローンにんげん)
くわ入れ式	(くわいれしき)
クンクン鳴く	(クンクンなく,くんくんなく)
くんくん鳴く	(クンクンなく,くんくんなく)
くん蒸	(くんじょう)
くん製	(くんせい)
ケイソウ土	(けいそうど)
けいそう土	(けいそうど)
けい部	(けいぶ)
けい動脈	(けいどうみゃく)
けい光	(けいこう)
ケイ素	(けいそ)
けい線	(けいせん)
けい線を引く	(けいせんをひく)
ケイ藻	(けいそう)
ケイ藻土	(けいそうど)
ケーソン病	(ケーソンびょう)
ケーソン工法	(ケーソンこうほう)
ケガ人	(けがにん)
けが人	(けがにん)
げきを飛ばす	(げきをとばす)
けさ方	(けさがた)
けずり落とす	(けずりおとす)
ゲタを預ける	(げたをあずける)
げたを預ける	(げたをあずける)
げた履き	(げたばき)
ゲタ箱	(げたばこ)
げた箱	(げたばこ)
ケチを付ける	(ケチをつける,けちをつける)
けちを付ける	(ケチをつける,けちをつける)
けちん坊	(けちんぼう,けちんぼ,ケチンボ)
ケツの穴	(けつのあな,しりのあな)
けつの穴	(けつのあな,しりのあな)
ゲッ歯類	(げっしるい)
げっ歯類	(げっしるい)
ゲテ物	(ゲテモノ,げてもの)
ケラケラ笑う	(ケラケラわらう,けらけらわらう)
けらけら笑う	(ケラケラわらう,けらけらわらう)
ゲラゲラ笑う	(ゲラゲラわらう,げらげらわらう)
げらげら笑う	(ゲラゲラわらう,げらげらわらう)
ゲリラ兵	(ゲリラへい)
ゲリラ戦	(ゲリラせん)
けり殺す	(けりころす)
けり込む	(けりこむ)
ケンカ腰	(けんかごし)
けんか腰	(けんかごし)
けんしょう炎	(けんしょうえん)
けんせい球	(けんせいきゅう)
けんつくを食わす	(けんつくをくわす)
ケント紙	(ケントし)
ゲンを担ぐ	(げんをかつぐ,ゲンをかつぐ)
げんを担ぐ	(げんをかつぐ,ゲンをかつぐ)
けん銃	(けんじゅう)
けん怠感	(けんたいかん)
けん盤	(けんばん)
けん騒	(けんそう)
けん引	(けんいん,けんびき)
けん引車	(けんいんしゃ)
けん玉	(けんだま)
けん伝	(けんでん)
けん責	(けんせき)
けん制	(けんせい)
けん制球	(けんせいきゅう)
け飛ばす	(けとばす)
ヶ所	(かしょ)
ヶ月	(かげつ)
コウジ菌	(こうじきん,きくきん)
こうじ菌	(こうじきん,きくきん)
コウモリ傘	(こうもりがさ,コウモリがさ)
こうもり傘	(こうもりがさ,コウモリがさ)
ごう慢	(ごうまん)
こう門	(こうもん)
こう配	(こうばい)
こう頭	(こうとう)
こう丸	(こうがん)
こう言う	(こういう,こうゆう,こーゆー)
こう薬	(こうやく,あぶらぐすり)
こう着	(こうちゃく)
こう着状態	(こうちゃくじょうたい)
コードレス電話	(コードレスでんわ)
コーヒー豆	(コーヒーまめ)
コール天	(コールてん,コールテン)
こき下ろす	(こきおろす)
こぎ着ける	(こぎつける)
こげ茶	(こげちゃ)
こげ臭い	(こげくさい)
こころ細い	(こころぼそい)
こじ付ける	(こじつける)
こし入れ	(こしいれ)
コスト効率	(コストこうりつ)
こすり付ける	(こすりつける,すりつける)
こすれ合う	(すれあう,こすれあう)
コソ泥	(こそどろ,コソドロ)
こそ泥	(こそどろ,コソドロ)
コタツ布団	(こたつぶとん)
こたつ布団	(こたつぶとん)
ごった返す	(ごったがえす)
こっぱ微塵	(こっぱみじん)
コツを覚える	(コツをおぼえる,こつをおぼえる)
こつを覚える	(コツをおぼえる,こつをおぼえる)
ことが出来る	(ことができる)
ことなかれ主義	(ことなかれしゅぎ)
ことの他	(ことのほか)
ことば遣い	(ことばづかい)
こどもの日	(こどものひ)
こども用	(こどもよう)
ことを好む	(ことをこのむ)
こと霊	(ことだま)
こと欠かない	(ことかかない)
こと切れる	(こときれる)
こと無く	(ことなく)
こと細か	(ことこまか)
こと細かに	(ことこまかに)
こと足りる	(ことたりる)
このような場合に	(このようなばあいに)
この場合	(このばあい)
この度	(このたび,こたび)
この辺	(このへん)
この間	(このあいだ,このかん)
この結果	(このけっか)
この頃	(このごろ)
この外	(このほか)
こぶ茶	(こぶちゃ,こんぶちゃ)
こぼし話	(こぼしばなし)
こまを回す	(こまをまわす)
コマ撮り	(コマどり,こまどり)
こま撮り	(コマどり,こまどり)
コマ割り	(コマわり)
コマ落し	(こまおとし)
コマ落とし	(こまおとし)
こま犬	(こまいぬ)
ゴマ塩	(ごましお,ゴマしお)
ごま塩	(ごましお,ゴマしお)
ゴマ油	(ごまあぶら,ゴマあぶら)
ごま油	(ごまあぶら,ゴマあぶら)
ゴミ集積場	(ゴミしゅうせきじょう)
ゴミ入	(ごみいれ,ゴミいれ)
ゴミ入れ	(ごみいれ,ゴミいれ)
ごみ入れ	(ごみいれ,ゴミいれ)
ゴミ箱	(ごみばこ)
ごみ箱	(ごみばこ)
ゴムの木	(ゴムのき,ごむのき,ゴムノキ)
ごむの木	(ゴムのき,ごむのき,ゴムノキ)
こむら返り	(こむらがえり)
ごめん下さい	(ごめんください)
こり固まる	(こりかたまる)
ゴルフ場	(ゴルフじょう)
ゴルフ倶楽部	(ゴルフクラブ,ゴルフ・クラブ)
これと同じ	(これとおなじ)
これ程	(これほど)
これ等	(これら)
これ迄	(これまで)
コロンブスの卵	(コロンブスのたまご)
コロンブスの玉子	(コロンブスのたまご)
ゴロ合わせ	(ごろあわせ)
コンシューマ向け製品	(コンシューマむけせいひん)
コンシューマ製品	(コンシューマせいひん)
コンピューター化	(コンピュータか,コンピューターか)
コンピューター用語	(コンピュータようご,コンピューターようご)
コンピューター援用設計	(コンピューターえんようせっけい)
コンピューター援用生産	(コンピューターえんようせいさん)
コンピュータ化	(コンピュータか,コンピューターか)
コンピュータ用語	(コンピュータようご,コンピューターようご)
こん棒	(こんぼう)
こん包	(こんぽう)
こん倒	(こんとう)
こん睡状態	(こんすいじょうたい)
ご本尊	(ごほんぞん)
ご幣	(ごへい,おんべい,おんべ)
ご鞭撻	(ごべんたつ)
ご不沙汰	(ごぶさた)
ご馳走	(ごちそう)
ご馳走さま	(ごちそうさま)
ご馳走さまでした	(ごちそうさまでした)
ご馳走様	(ごちそうさま)
ご馳走様でした	(ごちそうさまでした)
ご存じ	(ごぞんじ)
ご存知	(ごぞんじ)
ご殿	(ごてん)
ご多忙中	(ごたぼうちゅう)
ご飯	(ごはん)
ご機嫌	(ごきげん)
ご苦労	(ごくろう)
ご苦労さま	(ごくろうさま,ごくろーさま)
ご苦労さん	(ごくろうさん)
ご苦労様	(ごくろうさま,ごくろーさま)
ご覧	(ごらん)
ご覧ください	(ごらんください)
ご覧なさい	(ごらんなさい)
ご覧下さい	(ごらんください)
ご了承	(ごりょうしょう)
ご連絡	(ごれんらく)
ご陵	(ごりょう)
ご令嬢	(ごれいじょう)
ご迷惑	(ごめいわく)
ご免	(ごめん,ゴメン)
ご免なさい	(ごめんなさい)
ご免下さい	(ごめんください)
ご所	(ごしょ)
ご託	(ごたく)
ご無沙汰	(ごぶさた)
こ線橋	(こせんきょう)
ご協力	(ごきょうりょく)
ご心配なく	(ごしんぱいなく)
ご兄弟	(ごきょうだい)
ご用	(ごよう)
ご用の方	(ごようのかた)
ご用納め	(ごようおさめ)
ご用始め	(ごようはじめ)
ご主人	(ごしゅじん)
ご注意	(ごちゅうい)
ご座る	(ござる)
サーボ機構	(サーボきこう)
サイクルアンドライド方式	(サイクルアンドライドほうしき)
さいづち頭	(さいづちあたま)
サイン曲線	(サインきょくせん)
さい帯	(さいたい,せいたい)
さい銭	(さいせん)
さえ渡る	(さえわたる)
さお竹	(さおだけ)
さか立ち	(さかだち)
さくら飯	(さくらめし)
さくら肉	(さくらにく)
さくら色	(さくらいろ)
さく井	(さくせい)
さく裂	(さくれつ)
さく乳	(さくにゅう)
さく岩機	(さくがんき)
さく薬	(さくやく)
さけび声	(さけびごえ)
ささめ雪	(ささめゆき)
さざ波	(さざなみ,ささなみ)
ささ雪	(ささめゆき)
ささ舟	(ささぶね)
さし出す	(さしだす)
さし当たり	(さしあたり)
さし絵	(さしえ)
さし木	(さしき)
さし入れる	(さしいれる)
さし上げる	(さしあげる)
さし込む	(さしこむ)
さし障る	(さしさわる)
させ子	(させこ)
さそり座	(さそりざ)
さつき晴れ	(さつきばれ)
さつま芋	(さつまいも,かんしょ,サツマイモ)
サデ網	(さであみ)
さで網	(さであみ)
さて置く	(さておく)
サナダ虫	(さなだむし,サナダムシ)
さなだ虫	(さなだむし,サナダムシ)
サハラ沙漠	(サハラさばく)
サハラ砂漠	(サハラさばく)
サバを読む	(さばをよむ)
さばを読む	(さばをよむ)
さび付く	(さびつく,サビつく)
さび止め	(さびどめ)
サボタージュ員	(サボタージュいん)
ざまを見ろ	(ざまをみろ)
ざま見ろ	(ざまみろ)
さや豌豆	(さやえんどう,サヤエンドウ)
さらけ出す	(さらけだす)
さらし木綿	(さらしもめん)
サラダ皿	(サラダざら)
さら地	(さらち)
さり気ない	(さりげない)
さり気無い	(さりげない)
ザル法	(ざるほう)
ざる法	(ざるほう)
サル年	(さるどし)
さる年	(さるどし)
サル芝居	(さるしばい)
ざれ歌	(ざれうた)
ざれ事	(ざれごと,たわむれごと,ざれこと)
サンゴ礁	(さんごしょう,サンゴしょう)
さんご礁	(さんごしょう,サンゴしょう)
さんずの川	(さんずのかわ)
サンプリング周波数	(サンプリングしゅうはすう)
さん然	(さんぜん)
さ来年	(さらいねん)
さ来月	(さらいげつ)
さ来週	(さらいしゅう)
さ迷う	(さまよう)
サ行	(さぎょう)
さ行	(さぎょう)
ザ行	(ざぎょう)
ざ行	(ざぎょう)
さ中	(さいちゅう,さなか)
シアン化合物	(シアンかごうぶつ)
シアン化物	(シアンかぶつ)
シーアンドエア方式	(シーアンドエアほうしき)
シーア派	(シーアは)
シーソー遊び	(シーソーあそび)
しいて言えば	(しいていえば)
シーリング方式	(シーリングほうしき)
シールド工法	(シールドこうほう)
ジェット機	(ジェットき)
シェリー酒	(シェリーしゅ)
しがみ付く	(しがみつく)
じか談判	(じかだんぱん,じきだんぱん)
しきい値	(いきち,しきいち)
しくしく泣く	(しくしくなく)
シグモイド関数	(シグモイドかんすう)
しこ名	(しこな)
しし唐	(ししとう,シシトウ)
しし座	(ししざ)
システム分析	(システムぶんせき)
シゾイド人間	(シゾイドにんげん)
したたか者	(したたかもの)
しだれ柳	(しだれやなぎ,シダレヤナギ)
しち面倒	(しちめんどう)
しつけ方	(しつけかた)
しつけ糸	(しつけいと)
じっと見る	(じっとみる)
シップエア方式	(シップエアほうしき)
じてんしゃ屋	(じてんしゃや)
して遣る	(してやる)
しな垂れかかる	(しなだれかかる)
しな垂れる	(しなだれる)
しのび寄る	(しのびよる)
しびれ感	(しびれかん)
シフト演算機構	(シフトえんざんきこう)
しぼり取る	(しぼりとる)
しまい込む	(しまいこむ)
シマ馬	(シマウマ,しまうま)
しま馬	(シマウマ,しまうま)
しみ出る	(しみでる)
しめ出す	(しめだす)
しめ殺す	(しめころす)
しめ縄	(しめなわ)
しもた屋	(しもたや)
ジャガ薯	(じゃがいも,ジャガイモ)
じゃが薯	(じゃがいも,ジャガイモ)
ジャガ芋	(じゃがいも,ジャガイモ)
じゃが芋	(じゃがいも,ジャガイモ)
しゃくし定規	(しゃくしじょうぎ)
しゃくに障る	(しゃくにさわる)
しゃく熱	(しゃくねつ)
ジャケ写	(ジャケしゃ)
じゃじゃ馬	(じゃじゃうま)
シャボン玉	(シャボンだま,しゃぼんだま)
しゃぼん玉	(シャボンだま,しゃぼんだま)
じゃま者	(じゃまもの)
シャレっ気	(しゃれっけ)
しゃれっ気	(しゃれっけ)
しゃれ込む	(しゃれこむ)
ジャン拳	(じゃんけん,ジャンケン)
じゃん拳	(じゃんけん,ジャンケン)
じゃ口	(じゃぐち)
じゃ香	(じゃこう,ジャコウ)
じゅうたん爆撃	(じゅうたんばくげき)
じゅう毛	(じゅうもう)
シュウ酸	(しゅうさん)
シュタイナー学校	(シュタイナーがっこう)
ジュラ紀	(ジュラき)
じゅん菜	(じゅんさい,ジュンサイ)
しゅん工	(しゅんこう)
しゅん功	(しゅんこう)
じゅ文	(じゅもん)
しょうが焼き	(しょうがやき)
しょうが無い	(しょうがない,しようがない,しょーがない)
しようが無い	(しょうがない,しようがない,しょーがない)
しょうこう熱	(しょうこうねつ)
しょう液	(しょうえき)
しょう油	(しょうゆ,しょうゆう)
じょく婦	(じょくふ)
しょく罪	(しょくざい,ぞくざい,とくざい)
しょげ込む	(しょげこむ)
ション便	(しょうべん,しょんべん,ションベン)
ショ糖	(ショとう,しょとう)
しょ糖	(ショとう,しょとう)
しらけ世代	(しらけせだい)
しらす干し	(しらすぼし,シラスボシ)
しらみ潰し	(しらみつぶし)
シリアル通信	(シリアルつうしん)
シリアル伝送	(シリアルでんそう)
しりの穴	(けつのあな,しりのあな)
しり合う	(しりあう)
ジロジロ見る	(じろじろみる,ジロジロみる)
じろじろ見る	(じろじろみる,ジロジロみる)
ジンギス汗	(ジンギスかん,ジンギスカン)
じん帯	(じんたい)
じん麻疹	(じんましん,ジンマシン)
しん酌	(しんしゃく)
し残す	(しのこす)
し出し	(しだし)
し出す	(しだす)
し吹く	(しぶく)
し方がない	(しかたがない)
し放題	(しほうだい)
し掛ける	(しかける)
し慣れる	(しなれる)
し過ぎる	(しすぎる)
し好	(しこう)
し合う	(しあう)
し兼ねない	(しかねない)
し兼ねる	(しかねる)
し尽くす	(しつくす)
し尽す	(しつくす)
し烈	(しれつ,しきれつ)
し難い	(しにくい,しがたい)
し尿	(しにょう)
し始める	(しはじめる)
し手	(して,シテ)
し遂げる	(しとげる)
し損じる	(しそんじる)
し損なう	(しそこなう,しぞこなう)
し向ける	(しむける)
し続ける	(しつづける)
し易い	(しやすい)
し直す	(しなおす)
ずい分	(ずいぶん)
すい星	(すいせい)
すい星のように現れる	(すいせいのようにあらわれる)
すい臓	(すいぞう)
スウェーデン語	(スウェーデンご)
すう勢	(すうせい)
スカッシング関数	(スカッシングかんすう)
すがり付く	(すがりつく)
スキーの板	(スキーのいた)
スキー場	(スキーじょう)
スキー用品	(スキーようひん)
スキャンロン方式	(スキャンロンほうしき)
すき間	(すきま)
すき焼	(すきやき,スキヤキ)
すき焼き	(すきやき,スキヤキ)
すき身	(すきみ)
すき嫌い	(すききらい)
すくい出す	(すくいだす)
すくい取る	(すくいとる)
すくい上げる	(すくいあげる)
すぐ側	(すぐそば)
すぐ様	(すぐさま)
スケ番	(スケばん,すけばん,スケバン)
スゴ腕	(すごうで)
すご腕	(すごうで)
すし飯	(すしめし)
すし詰め	(すしづめ)
すじ違い	(すじちがい)
スズメの涙	(すずめのなみだ)
すずめの涙	(すずめのなみだ)
スズメ蜂	(スズメバチ,すずめばち)
すすり泣く	(すすりなく)
すっぱ抜き	(すっぱぬき)
すっぱ抜く	(すっぱぬく)
ステーキ屋	(ステーキや)
ステップ関数	(ステップかんすう)
ステップ応答	(ステップおうとう)
ストックホルム症候群	(ストックホルムしょうこうぐん)
すね当て	(すねあて)
スパイ行為	(スパイこうい)
ずばずば言う	(ずばずばいう)
スピード線	(スピードせん)
スプリンクラー設備	(スプリンクラーせつび)
ズブ濡れ	(ずぶぬれ)
ずぶ濡れ	(ずぶぬれ)
スペイン語	(スペインご)
すべり台	(すべりだい)
すべり易い	(すべりやすい)
スポーツ倶楽部	(スポーツクラブ,スポーツ・クラブ)
スポーツ新聞	(スポーツしんぶん)
スポ根	(スポこん)
スポ魂	(スポこん)
すまし顔	(すましがお)
すまし汁	(すましじる)
すみ分け	(すみわけ)
すりこ木	(すりこぎ)
スリム化	(スリムか)
すり抜ける	(すりぬける)
すり鉢	(すりばち)
すり寄る	(すりよる)
すり減らす	(すりへらす)
すり潰す	(すりつぶす)
すり落とす	(そりおとす,すりおとす)
すり切れる	(すりきれる)
すり傷	(すりきず)
すり替える	(すりかえる)
すり込む	(すりこむ)
すり足	(すりあし)
するが良い	(するがいい,するがよい)
ズル休み	(ずるやすみ)
ずる休み	(ずるやすみ)
すれ合う	(すれあう,こすれあう)
すれ違い	(すれちがい)
すれ違う	(すれちがう)
スワヒリ語	(スワヒリご)
すんでの事	(すんでのこと,すってのこと,すでのこと)
すんでの所で	(すんでのところで)
す可き	(すべき)
す速い	(すばやい)
す早い	(すばやい)
ぜいたく品	(ぜいたくひん)
セーム革	(セームがわ)
セーラー服	(セーラーふく)
セールス戦略	(セールスせんりゃく)
せが高い	(せがたかい)
せき払い	(せきばらい)
せき立てる	(せきたてる)
せき込む	(せきこむ)
せき止める	(せきとめる)
せざるを得ない	(せざるをえない)
せち辛い	(せちがらい)
せっけん水	(せっけんすい)
せっぱ詰まる	(せっぱつまる)
せっ生	(せっせい)
セミ時雨	(せみしぐれ)
せみ時雨	(せみしぐれ)
セリフ回し	(せりふまわし,セリフまわし)
せりふ回し	(せりふまわし,セリフまわし)
ゼロ次	(ゼロじ)
ゼロ地点	(ゼロちてん)
ゼロ戦	(ゼロせん,れいせん)
せんじ詰める	(せんじつめる)
センベイ布団	(せんべいぶとん)
せんべい布団	(せんべいぶとん)
せん別	(せんべつ)
せん定	(せんてい)
ぜん動	(ぜんどう)
せん断	(せんだん)
せん光	(せんこう)
せん滅	(せんめつ)
せん塔	(せんとう)
せん妄	(せんもう,せんぼう)
ぜん息	(ぜんそく)
せん越	(せんえつ)
そううつ病	(そううつびょう)
そうかと言って	(そうかといって)
そうでない場合は	(そうでないばあいは)
そう氷	(そうひょう)
そう病	(そうびょう)
ソウ類	(そうるい)
そう類	(そうるい)
そう身	(そうみ,そうしん)
そう言う	(そういう,そうゆう,そーゆー)
そう痒	(そうよう)
ソケイ部	(そけいぶ)
そけい部	(そけいぶ)
そこ迄	(そこまで)
そそぎ込む	(そそぎこむ)
そぞろ歩き	(そぞろあるき)
そと回り	(そとまわり)
そと湯	(そとゆ)
その半面	(そのはんめん)
その場合には	(そのばあいには)
その代り	(そのかわり)
その代わり	(そのかわり)
その都度	(そのつど)
その反面	(そのはんめん)
その後	(そのあと,そのご,そののち)
その儘	(そのまま,そのまんま)
その内	(そのうち)
その上	(そのうえ)
その上で	(そのうえで)
その実	(そのじつ)
その他	(そのほか,そのた)
その外	(そのほか,そのた)
その為	(そのため)
そば近く	(そばちかく)
そば殻	(そばがら)
そば杖	(そばづえ)
そよ風	(そよかぜ,びふう)
そら豆	(そらまめ,ソラマメ)
そら恐ろしい	(そらおそろしい)
そら頼み	(そらだのみ)
そら涙	(そらなみだ)
そら色	(そらいろ)
そら似	(そらに)
そら言	(そらごと,くうげん,むなこと)
ソリが合わない	(そりがあわない)
そりが合わない	(そりがあわない)
そり返る	(そりかえる)
そり落とす	(そりおとす,すりおとす)
それに加えて	(それにくわえて)
それ程	(それほど)
それ処か	(それどころか)
それ等	(それら)
それ故	(それゆえ)
それ故に	(それゆえに)
それ以来	(それいらい)
それ以上	(それいじょう)
そん色	(そんしょく)
そ及	(そきゅう,さっきゅう)
ソ連	(ソれん)
だいご味	(だいごみ)
ダイヤの指輪	(ダイヤのゆびわ)
たい肥	(たいひ)
タイ国	(タイこく)
タイ記録	(タイきろく)
ダウ平均株価	(ダウへいきんかぶか)
だからと言って	(だからといって)
たから箱	(たからばこ)
たき付ける	(たきつける)
だき合う	(だきあう)
たき火	(たきび)
たき木	(まき,たきぎ)
タクシー乗り場	(タクシーのりば)
タクシー乗場	(タクシーのりば)
たくし上げる	(たくしあげる)
たこ焼	(たこやき,タコヤキ)
タコ焼き	(たこやき,タコヤキ)
たこ焼き	(たこやき,タコヤキ)
たこ揚げ	(たこあげ)
だし抜く	(だしぬく)
たし算	(たしざん)
だし汁	(だしじる)
たすけ合う	(たすけあう)
たたき出す	(たたきだす)
たたき伏せる	(たたきふせる)
たたき付ける	(たたきつける)
たたき割る	(たたきわる)
たたき潰す	(たたきつぶす)
たたき落す	(たたきおとす)
たたき落とす	(たたきおとす)
たたき起こす	(たたきおこす)
たたき切る	(たたききる)
たたき込む	(たたきこむ)
たたき斬る	(たたききる)
ただし書	(ただしがき)
ただし書き	(ただしがき)
だだっ子	(だだっこ)
たたみ込む	(たたみこむ)
ただ今	(ただいま)
タダ者	(ただもの,タダモノ,タダもの)
ただ者	(ただもの,タダモノ,タダもの)
ただ中	(ただなか)
たち込める	(たちこめる)
だて男	(だておとこ)
たて琴	(たてごと)
たで食う虫も好きずき	(たでくうむしもすきずき)
たで食う虫も好き好き	(たでくうむしもすきずき)
たどり着く	(たどりつく)
たね違い	(たねちがい)
たび人	(たびびと,りょじん,たびと)
ﾀﾋ亡	(しぼう)
ダフ屋	(だふや)
だふ屋	(だふや)
たべもの屋	(たべものや)
だぼ鯊	(だぼはぜ,ダボハゼ)
たまご色	(たまごいろ)
たまご焼き	(たまごやき)
だまし取る	(だましとる)
たまに傷	(たまにきず,たまにキズ)
ダムダム弾	(ダムダムだん)
ため池	(ためいけ)
ため息	(ためいき)
ダメ押し	(だめおし)
だめ押し	(だめおし)
ため込む	(ためこむ)
たらい回し	(たらいまわし)
だらし無い	(だらしない)
たらし込む	(たらしこむ)
タラ子	(たらこ,タラこ)
たら子	(たらこ,タラこ)
たる木	(たるき,はえき)
たわい無い	(たわいない,たあいない)
たわけ者	(たわけもの)
たわ言	(たわごと,たわこと)
だんだん畑	(だんだんばたけ)
タンパク質	(たんぱくしつ)
たんぱく質	(たんぱくしつ)
たん白質	(たんぱくしつ)
たん瘤	(たんこぶ,タンコブ)
だ捕	(だほ)
タ行	(たぎょう)
た行	(たぎょう)
ダ行	(ダぎょう)
た易い	(たやすい)
だ円	(だえん)
チクチク痛む	(チクチクいたむ,ちくちくいたむ)
ちくちく痛む	(チクチクいたむ,ちくちくいたむ)
ちちくり合う	(ちちくりあう)
チャチャを入れる	(ちゃちゃをいれる,チャチャをいれる)
ちゃちゃを入れる	(ちゃちゃをいれる,チャチャをいれる)
ちゃんこ鍋	(ちゃんこなべ)
ちゃんこ料理	(ちゃんこりょうり)
チャンバラ映画	(ちゃんばらえいが)
ちゃんばら映画	(ちゃんばらえいが)
チャン語	(チャンご)
ちゃ色	(ちゃいろ)
ちゅう房	(ちゅうぼう)
ちょう笑	(ちょうしょう)
ちょっと一杯	(ちょっといっぱい)
チョビ髭	(ちょびひげ,チョビひげ)
ちょび髭	(ちょびひげ,チョビひげ)
ちらし鮨	(ちらしずし)
ちらし寿司	(ちらしずし)
ちりめん紙	(ちりめんがみ)
ちりめん皺	(ちりめんじわ,ちりめんジワ)
ちり取	(ちりとり,チリトリ)
チリ取り	(ちりとり,チリトリ)
ちり取り	(ちりとり,チリトリ)
ちんちん鳴る	(ちんちんなる)
チンドン屋	(ちんどんや)
ちんどん屋	(ちんどんや)
ちん入	(ちんにゅう)
ついて行く	(ついていく,ついてゆく)
つかず離れず	(つかずはなれず)
つかぬ事	(つかぬこと)
つかの間	(つかのま)
つかみ出す	(つかみだす)
つかみ取る	(つかみとる)
つき出す	(つきだす)
つき出る	(つきでる)
つき刺す	(つきさす)
つき従う	(つきしたがう)
つき倒す	(つきたおす)
つき動かす	(つきうごかす)
つき返す	(つきかえす)
つき放す	(つきはなす)
つき飛ばす	(つきとばす)
つき合い	(つきあい)
つき合う	(つきあう)
つき合せる	(つきあわせる)
つき合わせる	(つきあわせる)
つぎ合わせる	(つぎあわせる)
つき落とす	(つきおとす)
つき上げる	(つきあげる)
つき物	(つきもの)
つぎ込む	(つぎこむ)
つき指	(つきゆび)
つくだ煮	(つくだに)
つくつく法師	(つくつくぼうし,ツクツクボウシ)
つくり出す	(つくりだす)
つくり声	(つくりごえ)
つくり直す	(つくりなおす)
つけまつ毛	(つけまつげ)
つけ根	(つけね)
つけ合わせ	(つけあわせ)
つけ合わせる	(つけあわせる)
つけ回す	(つけまわす)
つけ火	(つけび)
つけ加える	(つけくわえる)
つけ睫毛	(つけまつげ)
つけ狙う	(つけねらう)
つげ口	(つげぐち)
つけ目	(つけめ)
つけ入る	(つけいる)
つけ上がる	(つけあがる)
つけ焼き	(つけやき)
つけ込む	(つけこむ)
つけ直す	(つけなおす)
つけ値	(つけね)
つけ髭	(つけひげ)
つけ足す	(つけたす)
つじつまの合わない	(つじつまのあわない)
つじ風	(せんぷう,つむじかぜ,つじかぜ)
つつみ隠す	(つつみかくす)
つっ立つ	(つったつ)
つっ走る	(つっぱしる)
つなぎ合わせる	(つなぎあわせる)
つなぎ目	(つなぎめ)
つなぎ止める	(つなぎとめる)
つな渡り	(つなわたり)
つばぜり合い	(つばぜりあい)
つまみ出す	(つまみだす)
つまみ取る	(つみとる,つまみとる)
つま弾き	(つまはじき)
つま先	(つまさき)
つま先で歩く	(つまさきであるく)
つま楊枝	(つまようじ)
つみ取る	(つみとる,つまみとる)
つみ人	(つみびと)
つみ重ねる	(つみかさねる)
つむぎ唄	(つむぎうた)
つむぎ歌	(つむぎうた)
つむじ風	(せんぷう,つむじかぜ,つじかぜ)
つむじ曲がり	(つむじまがり)
つめ寄る	(つめよる)
つめ跡	(つめあと)
つめ込む	(つめこむ)
つや出し	(つやだし)
つや消し	(つやけし)
つらく当たる	(つらくあたる)
つらぬき通す	(つらぬきとおす,ぬきとおす)
つり出す	(つりだす)
つり合う	(つりあう)
つり銭	(つりせん)
つり橋	(つりばし,つりはし)
つり上がる	(つりあがる)
つり上げる	(つりあげる)
つり下がる	(つりさがる)
つり下げる	(つりさげる)
つるし上げ	(つるしあげ)
つるし上げる	(つるしあげる)
つれて行く	(つれていく,つれてゆく)
つれ出す	(つれだす)
つれ添う	(つれそう)
つれ込む	(つれこむ)
つんぼ桟敷	(つんぼさじき)
っ放し	(っぱなし)
てい談	(ていだん)
データの先頭	(データのせんとう)
データビット長	(データビットちょう)
データ処理	(データしょり)
データ交換	(データこうかん)
データ解析	(データかいせき)
データ通信	(データつうしん)
デート倶楽部	(デートクラブ,デート・クラブ)
テキスト開始	(テキストかいし)
テキスト終結	(テキストしゅうけつ)
できちゃった結婚	(できちゃったけっこん)
できる限り	(できるかぎり)
できる限り早期	(できるかぎりそうき)
でき次第	(できしだい)
でき高	(できだか)
てき面	(てきめん)
でき上がり	(できあがり)
でき上がる	(できあがる)
でき事	(できごと)
てき弾	(てきだん)
テキ屋	(てきや,テキや)
でっち奉公	(でっちぼうこう,でっちほうこう)
デフォールト値	(デフォルトち,デフォールトち)
デフォルト値	(デフォルトち,デフォールトち)
てるてる坊主	(てるてるぼうず)
テレビ報道	(テレビほうどう)
テレビ電話	(テレビでんわ)
テレビ放送	(テレビほうそう)
テレビ局	(テレビきょく)
テレビ塔	(テレビとう)
テレ屋	(てれや)
テロ対策	(テロたいさく)
テロ攻撃	(テロこうげき)
テロ組織	(テロそしき)
てんてこ舞	(てんてこまい)
てんてこ舞い	(てんてこまい)
てんとう虫	(てんとうむし,テントウムシ)
てんびん棒	(てんびんぼう)
てんびん座	(てんびんざ)
でん部	(でんぶ)
でん粉	(でんぷん,デンプン)
という物	(というもの)
という訳だ	(というわけだ)
ドイツ連邦共和国	(ドイツれんぽうきょうわこく)
ドイツ民主共和国	(ドイツみんしゅきょうわこく)
ドイツ人	(ドイツじん)
ドイツ語	(ドイツご)
どうしたら良い	(どうしたらいい,どうしたらよい)
どうぞ宜しく	(どうぞよろしく)
どうってことは無い	(どうってことはない)
どうって事はない	(どうってことはない)
どうって事は無い	(どうってことはない)
どうという事もない	(どうということもない)
とう骨	(とうこつ)
どう喝	(どうかつ)
どう猛	(どうもう,ねいもう)
とう汰	(とうた)
とう痛	(とうつう)
どう忘れ	(どうわすれ)
どう言う	(どういう)
どう致しまして	(どういたしまして)
とおり道	(とおりみち)
とおり過ぎる	(とおりすぎる)
とが人	(とがにん)
とぎ汁	(とぎしる,とぎじる)
とげ抜き	(とげぬき)
ドシャ降り	(どしゃぶり)
どしゃ降り	(どしゃぶり)
とじ込む	(とじこむ)
どたん場	(どたんば)
どちら様	(どちらさま)
トドの詰まり	(とどのつまり,トドのつまり)
とどの詰まり	(とどのつまり,トドのつまり)
となりの芝生は青い	(となりのしばふはあおい)
となり合う	(となりあう)
どなり立てる	(どなりたてる)
どの場合にも	(どのばあいにも)
どの位	(どのくらい,どのぐらい)
どの様	(どのよう)
とび出る	(とびでる)
とび交う	(とびかう)
とび魚	(とびうお,トビウオ)
とび職人	(とびしょくにん)
どぶ鼠	(どぶねずみ,ドブネズミ)
ともえ投げ	(ともえなげ)
とも倒れ	(ともだおれ)
とも食い	(ともぐい)
とも言う	(ともいう)
とも有れ	(ともあれ)
とやかく言う	(とやかくいう)
とらぬ狸の皮算用	(とらぬたぬきのかわざんよう)
トラの巻	(とらのまき)
とらの巻	(とらのまき)
トラ猫	(トラねこ,とらねこ,トラネコ)
とら猫	(トラねこ,とらねこ,トラネコ)
トラ年	(とらどし)
とら年	(とらどし)
ドラ息子	(どらむすこ)
どら息子	(どらむすこ)
トラ刈り	(とらがり)
とら刈り	(とらがり)
とりこみ中	(とりこみちゅう)
とり残す	(とりのこす)
とり扱う	(とりあつかう)
とり出す	(とりだす)
とり除く	(とりのぞく)
とり急ぎ	(とりいそぎ)
とり結ぶ	(とりむすぶ)
とり乱す	(とりみだす)
トリ年	(とりどし,トリどし)
とり年	(とりどし,トリどし)
とり肉	(とりにく,けいにく,ちょうにく)
とり戻す	(とりもどす)
とり囲む	(とりかこむ)
とり行う	(とりおこなう)
トルコ風呂	(トルコぶろ)
ドル記号	(ドルきごう)
ドル札	(ドルさつ)
どれ程	(どれほど)
トロイアの木馬	(トロイのもくば,トロイアのもくば)
トロイの木馬	(トロイのもくば,トロイアのもくば)
ドロのように寝る	(どろのようにねる)
トロロ芋	(とろろいも,トロロイモ)
とろろ芋	(とろろいも,トロロイモ)
ドロ沼	(どろぬま,ドロぬま,でいしょう)
どんぐりの背くらべ	(どんぐりのせいくらべ)
ドングリの背比べ	(どんぐりのせいくらべ)
どんぐりの背比べ	(どんぐりのせいくらべ)
ドングリ眼	(どんぐりまなこ,ドングリまなこ)
どんぐり眼	(どんぐりまなこ,ドングリまなこ)
とんでも無い	(とんでもない)
トンビがタカを生む	(とんびがたかをうむ,とびがたかをうむ)
トンビが鷹を生む	(とんびがたかをうむ,とびがたかをうむ)
とんびが鷹を生む	(とんびがたかをうむ,とびがたかをうむ)
どんぶり鉢	(どんぶりばち)
ドンブリ勘定	(どんぶりかんじょう,ドンブリかんじょう)
どんぶり勘定	(どんぶりかんじょう,ドンブリかんじょう)
どんぶり物	(どんぶりもの,どんもの)
トンボ返り	(とんぼがえり)
とんぼ返り	(とんぼがえり)
トンボ帰り	(とんぼがえり)
とんぼ帰り	(とんぼがえり)
ドン臭い	(どんくさい,ドンくさい)
どん臭い	(どんくさい,ドンくさい)
どん底	(どんぞこ)
トン死	(とんし)
とん死	(とんし)
と比べて	(とくらべて)
と博	(とばく)
ト長調	(トちょうちょう)
ト短調	(トたんちょう)
と仮定して	(とかていして)
と仮定しても	(とかていしても)
ド肝を抜く	(どぎもをぬく,ドぎもをぬく)
と共に	(とともに)
ド級	(どきゅう,ドきゅう)
と考えられる	(とかんがえられる)
と殺	(とさつ)
と同じように	(とおなじように)
と同じ様に	(とおなじように)
ド忘れ	(どわすれ,ドわすれ)
ど忘れ	(どわすれ,ドわすれ)
と言うのは	(というのは)
と言うもの	(というもの)
と言う物	(というもの)
と言う訳だ	(というわけだ)
と言えば	(といえば)
と言われる	(といわれる)
ト音記号	(トおんきごう)
ナイショ話	(ないしょばなし)
ないしょ話	(ないしょばなし)
ない交ぜにする	(ないまぜにする)
なお更	(なおさら)
なお且つ	(なおかつ)
ながい間	(ながいあいだ)
ながれ星	(ながれぼし)
なぎ倒す	(なぎたおす)
なき叫ぶ	(なきさけぶ)
なき声	(なきごえ)
なぐり倒す	(なぐりたおす)
なしで済ます	(なしですます)
なしの礫	(なしのつぶて)
なし崩し	(なしくずし)
なし遂げる	(なしとげる)
なし終える	(なしおえる)
なし終わる	(なしおわる)
なすり付ける	(なすりつける)
なぜかと言うと	(なぜかというと)
ナタネ油	(なたねあぶら,なたねゆ)
なたね油	(なたねあぶら,なたねゆ)
なだれ落ちる	(なだれおちる)
なだれ込む	(なだれこむ)
なで回す	(なでまわす)
なで切り	(なでぎり)
なで上げる	(なであげる)
なで下ろす	(なでおろす)
なで斬り	(なでぎり)
なにが何でも	(なにがなんでも)
なに喰わぬ顔	(なにくわぬかお)
なに食わぬ顔	(なにくわぬかお)
なに様	(なにさま)
なべ物	(なべもの)
なまけ者	(なまけもの)
ナマズ髭	(なまずひげ)
なまず髭	(なまずひげ)
なま臭い	(なまぐさい)
なま放送	(なまほうそう)
なま殺し	(なまごろし)
なみ線	(はせん,なみせん)
なり果てる	(なりはてる)
なり手	(なりて)
なり下がる	(なりさがる)
なり下る	(なりさがる)
なる程	(なるほど)
なれ初め	(なれそめ)
なれ合い	(なれあい)
なれ合う	(なれあう)
なわ張り	(なわばり)
ナンキン錠	(ナンキンじょう)
なんでも屋	(なんでもや)
なんとは無しに	(なんとはなしに)
なんの気なしに	(なんのきなしに)
なんの気無しに	(なんのきなしに)
なんぱ船	(なんぱせん)
にいにい蝉	(にいにいぜみ)
におい菖蒲	(においしょうぶ)
におい袋	(においぶくろ)
にぎり飯	(にぎりめし)
にぎり鮨	(にぎりずし)
にぎり寿司	(にぎりずし)
にくまれ口	(にくまれぐち)
にげ出す	(にげだす)
にごり点	(にごりてん)
ニセ手紙	(にせてがみ)
ニセ物	(にせもの,ぎぶつ,がんぶつ)
にせ物	(にせもの,ぎぶつ,がんぶつ)
にせ札	(にせさつ)
にっちもさっちも行かない	(にっちもさっちもいかない)
ニッポン人	(にほんじん,にっぽんじん)
にべも無い	(にべもない,ニベもない)
ニュース媒体	(ニュースばいたい)
ニュース映画	(ニュースえいが)
によって異なる	(によってことなる)
にらみ付ける	(にらみつける)
にらみ合う	(にらみあう)
にらみ合わせる	(にらみあわせる)
にわか成り金	(にわかなりきん)
にわか成金	(にわかなりきん)
にわか分限	(にわかぶげん,にわかぶんげん)
にわか景気	(にわかげいき)
にわか勉強	(にわかべんきょう)
にわか仕立て	(にわかじたて)
にわか仕込み	(にわかじこみ)
にわか雨	(にわかあめ)
にわか造り	(にわかづくり)
にわか作り	(にわかづくり)
に比べ	(にくらべ)
ニ長調	(ニちょうちょう)
に当たって	(にあたって)
ニ短調	(ニたんちょう)
に対して	(にたいして)
に対する	(にたいする)
に對して	(にたいして)
に對する	(にたいする)
に反して	(にはんして)
に付き	(につき)
に関しちゃ	(にかんして)
に関して	(にかんして)
に過ぎない	(にすぎない)
に基づいて	(にもとづいて)
に加え	(にくわえ)
に加えて	(にくわえて)
に就いて	(について)
に就き	(につき)
に就て	(について)
に拠る	(による)
に拠れば	(によれば)
に取って	(にとって)
に似て	(ににて)
に依って	(によって)
に依る	(による)
に依ると	(によると)
に依れば	(によれば)
に因って	(によって)
に因る	(による)
に因れば	(によれば)
に応じて	(におうじて)
に於いて	(において)
に於ける	(における)
に於て	(において)
に照らして	(にてらして)
に准じて	(にじゅんじて)
に準じて	(にじゅんじて)
ぬい針	(ぬいばり,ぬいはり)
ぬか喜び	(ぬかよろこび)
ぬき出す	(ぬきだす)
ぬき放つ	(ぬきはなつ)
ぬり絵	(ぬりえ)
ねこなで声	(ねこなでごえ)
ネコに小判	(ねこにこばん,ネコにこばん)
ネコ被り	(ねこかぶり)
ねこ撫で声	(ねこなでごえ)
ねじ伏せる	(ねじふせる)
ネジ回し	(ねじまわし)
ねじ回し	(ねじまわし)
ねじ開ける	(ねじあける)
ねじ切る	(ねじきる)
ねじ曲げる	(ねじまげる)
ネジ山	(ねじやま)
ねじ山	(ねじやま)
ねじ上げる	(ねじあげる)
ねじ込む	(ねじこむ)
ネズミ捕り	(ねずみとり,ネズミとり)
ネズミ年	(ねずみどし,ねどし,ネズミどし)
ねずみ年	(ねずみどし,ねどし,ネズミどし)
ネズミ取り	(ねずみとり,ネズミとり)
ねずみ入らず	(ねずみいらず)
ネズミ色	(ねずみいろ)
ねずみ色	(ねずみいろ)
ねつ造	(ねつぞう,でつぞう)
ねばり強い	(ねばりづよい)
ねらい澄ます	(ねらいすます)
ねらい撃ち	(ねらいうち)
ねり歩く	(ねりあるく)
ねり合せる	(ねりあわせる)
ねり合わせる	(ねりあわせる)
ねん出	(ねんしゅつ)
ノイマン形	(ノイマンがた)
ノイマン型	(ノイマンがた)
ノースウェスト準州	(ノースウェストじゅんしゅう)
ノースウエスト準州	(ノースウェストじゅんしゅう)
ノーベル平和賞	(ノーベルへいわしょう)
ノーベル賞	(ノーベルしょう)
のき並み	(のきなみ)
のけ反る	(のけぞる)
のしを付ける	(のしをつける)
のし餅	(のしもち)
のし袋	(のしぶくろ)
のし掛かる	(のしかかる)
のし上がる	(のしあがる)
のし上げる	(のしあげる)
のし紙	(のしがみ)
のぞき見	(のぞきみ)
のぞき魔	(のぞきま)
のぞき込む	(のぞきこむ)
のっ引きならない	(のっぴきならない)
のどが渇く	(のどがかわく)
のどが乾く	(のどがかわく)
のど笛	(のどぶえ)
のび上がる	(のびあがる)
のび縮み	(のびちぢみ)
のべ日数	(のべにっすう)
のぼり坂	(のぼりざか)
のぼり口	(のぼりぐち,のぼりくち)
のみ込み	(のみこみ)
のめり込む	(のめりこむ)
ノラ猫	(のらねこ,ノラネコ)
のら猫	(のらねこ,ノラネコ)
ノラ犬	(のらいぬ)
のら犬	(のらいぬ)
のりかえ券	(のりかえけん)
のり出す	(のりだす)
ノリ気	(のりき)
のり気	(のりき)
のり込む	(のりこむ)
のるか反るか	(のるかそるか)
ノロケ話	(のろけばなし,ノロケばなし)
のろけ話	(のろけばなし,ノロケばなし)
のんき者	(のんきもの)
のん気	(のんき,ノンキ)
の度に	(のたびに,のたんびに)
の様に	(のように)
パーソナル化	(パーソナルか)
パートタイム従業員	(パートタイムじゅうぎょういん)
バイオ素子	(バイオそし)
パイプ爆弾	(パイプばくだん)
パイプ役	(パイプやく)
パイ擦り	(パイズリ,パイずり,ぱいずり)
はい回る	(はいまわる)
バイ菌	(ばいきん,バイキン)
ばい菌	(ばいきん,バイキン)
パイ刷り	(パイズリ,パイずり,ぱいずり)
はい芽	(はいが)
ばい煙	(ばいえん)
パイ中間子	(パイちゅうかんし)
バカは死ななきゃ直らない	(ばかはしななきゃなおらない)
バカは死ななきゃ治らない	(ばかはしななきゃなおらない)
はかり知れない	(はかりしれない)
バカを見る	(ばかをみる)
ばかを見る	(ばかをみる)
バカ話	(ばかばなし)
ばか話	(ばかばなし)
バカ力	(ばかぢから)
ばか力	(ばかぢから)
バカ受け	(ばかうけ)
ばか受け	(ばかうけ)
バカ野郎	(ばかやろう,バカヤロー,バカヤロウ)
バカ者	(ばかもの,ばかもん)
ばか者	(ばかもの,ばかもん)
バカ正直	(ばかしょうじき)
ばか正直	(ばかしょうじき)
はき出す	(はきだす)
はぎ取り	(はぎとり)
はぎ取る	(はぎとる)
はき捨てる	(はきすてる)
はき替える	(はきかえる)
はき違える	(はきちがえる)
はき物	(はきもの)
ばく大	(ばくだい)
はく奪	(はくだつ)
ばく進	(ばくしん)
はく離	(はくり)
ばく然	(ばくぜん)
はく製	(はくせい)
はけ口	(はけぐち,はけくち)
はげ落ちる	(はげおちる)
はけ目	(はけめ)
はげ上がる	(はげあがる)
はけ先	(はけさき)
はさみ切る	(はさみきる)
はさみ込む	(はさみこむ)
はじき出す	(はじきだす)
バス発着場	(バスはっちゃくじょう)
バス停	(バスてい)
はせ参じる	(はせさんじる)
パソコン通信	(パソコンつうしん)
パターン認識	(パターンにんしき)
はたらき蜂	(はたらきばち)
はた迷惑	(はためいわく)
はた目	(はため)
はだ色	(はだいろ)
バチが当たる	(ばちがあたる,バチがあたる)
ハチの巣	(はちのす,ハチノス)
はちの巣	(はちのす,ハチノス)
パチンコ台	(パチンコだい)
バチ当たり	(ばちあたり)
バチ当り	(ばちあたり)
ハチ公	(ハチこう)
ハチ合わせ	(はちあわせ)
はち合わせ	(はちあわせ)
はち蜜	(はちみつ,はつみつ,ハチミツ)
はっこう乳	(はっこうにゅう)
ハッブル望遠鏡	(ハッブルぼうえんきょう)
はっ酵	(はっこう)
はっ酵乳	(はっこうにゅう)
はつ恋	(はつこい)
ばつ一	(ばついち,バツイチ)
はっ着	(はっちゃく)
はなし家	(はなしか)
バナナの皮	(バナナのかわ)
はなはだ以て	(はなはだもって)
ハナ風邪	(はなかぜ)
はな水	(はなみず)
ハニカミ屋	(はにかみや)
はにかみ屋	(はにかみや)
はね除ける	(はねのける)
はね返す	(はねかえす)
はね返る	(はねかえる)
はね飛ばす	(はねとばす)
はね回る	(はねまわる)
はね上がる	(はねあがる)
ババ抜き	(ばばぬき,ババぬき)
ばば抜き	(ばばぬき,ババぬき)
バベルの塔	(バベルのとう)
はみ出し	(はみだし)
はみ出す	(はみだす)
はみ出る	(はみでる)
はめ板	(はめいた)
はめ倒す	(はめたおす)
はめ込む	(はめこむ)
はやし詞	(はやしことば)
はやし言葉	(はやしことば)
はらい清める	(はらいきよめる)
パラレル通信	(パラレルつうしん)
ばら荷	(ばらに)
ばら撒く	(ばらまく,バラまく)
バラ色	(バラいろ,ばらいろ)
ばら色	(バラいろ,ばらいろ)
バラ蒔く	(ばらまく,バラまく)
パリティ変換	(パリティへんかん)
はり倒す	(はりたおす)
はり付け	(はりつけ)
はり合う	(はりあう)
はり込む	(はりこむ)
はり紙	(はりがみ)
ハンセン病	(ハンセンびょう)
パン粉	(パンこ)
はん濫	(はんらん)
パン屋	(パンや)
パン屑	(パンくず)
ハ長調	(ハちょうちょう)
は虫類	(はちゅうるい)
ハ短調	(ハたんちょう)
ハ行	(はぎょう)
は行	(はぎょう)
バ行	(バぎょう)
パ行	(パぎょう)
ハ音記号	(ハおんきごう)
ひいき目	(ひいきめ)
ビール瓶	(ビールびん)
ビール券	(ビールけん)
ひかえ目	(ひかえめ)
ピカピカ光る	(ピカピカひかる,ぴかぴかひかる)
ぴかぴか光る	(ピカピカひかる,ぴかぴかひかる)
ひがみ根性	(ひがみこんじょう)
ひがみ心	(ひがみごころ)
ひが目	(ひがめ)
ひき付ける	(ひきつける)
ひき戸	(ひきど)
ひき起こす	(ひきおこす)
ひき入れる	(ひきいれる)
ひき殺す	(ひきころす)
ひき算	(ひきざん)
ひき逃げ	(ひきにげ)
ひき続く	(ひきつづく)
ひき込む	(ひきこむ)
ヒグス機構	(ヒッグスきこう,ヒグスきこう)
ピクピク動く	(ピクピクうごく,ぴくぴくうごく)
ぴくぴく動く	(ピクピクうごく,ぴくぴくうごく)
ひけ目	(ひけめ)
ひげ剃り	(ひげそり)
ひこ孫	(ひまご,そうそん,ひいまご)
ヒザ関節	(ひざかんせつ,しつかんせつ)
ひざ関節	(ひざかんせつ,しつかんせつ)
ビジネススクール入学共通試験	(ビジネススクールにゅうがくきょうつうしけん)
ひじ掛け椅子	(ひじかけいす)
ひじ鉄	(ひじてつ)
ひし形	(ひしがた,りょうけい)
ビタミン剤	(ビタミンざい)
ひた走り	(ひたはしり,ひたばしり)
ひっきり無し	(ひっきりなし)
ヒッグス機構	(ヒッグスきこう,ヒグスきこう)
ヒックリ返す	(ひっくりかえす,ひっくりがえす)
ひっくり返す	(ひっくりかえす,ひっくりがえす)
ひっくり返る	(ひっくりかえる,ひっくりがえる)
ビッグ便	(ビッグベン,ビッグ・ベン)
ひっこみ思案	(ひっこみじあん)
ひつじ年	(ひつじどし)
ビット毎	(ビットごと)
ひっぱり出す	(ひっぱりだす)
ひっ迫	(ひっぱく)
ひっ越す	(ひっこす)
ひどい目にあう	(ひどいめにあう)
ひどい目に遭う	(ひどいめにあう)
ひとえ帯	(ひとえおび)
ひとくち話	(ひとくちばなし)
ひとつ目	(ひとつめ)
ひとつ星	(ひとつぼし)
ひとっ走り	(ひとっぱしり)
ひとめ惚れ	(ひとめぼれ)
ひとり歩き	(ひとりあるき)
ひとり残らず	(ひとりのこらず)
ひとり立ち	(ひとりだち)
ひとり旅	(ひとりたび)
ひとり娘	(ひとりむすめ)
ひとり寝	(ひとりね)
ひとり息子	(ひとりむすこ)
ひとり相撲	(ひとりずもう)
ひとり言	(ひとりごと)
ひとり占め	(ひとりじめ)
ひとり芝居	(ひとりしばい)
ひとり子	(ひとりご)
ひと安心	(ひとあんしん)
ひと抱え	(ひとかかえ)
ひと吹き	(ひとふき)
ひと度	(いちど,ひとたび)
ひと段落	(いちだんらく,ひとだんらく)
ひと掴み	(ひとつかみ)
ひと桁	(ひとけた)
ひと荒れ	(ひとあれ)
ひと回り	(ひとまわり)
ひと肌	(ひとはだ)
ひと肌脱ぐ	(ひとはだぬぐ)
ひと揃い	(ひとそろい)
ひと筋	(ひとすじ)
ひと筋縄	(ひとすじなわ)
ひと筋繩	(ひとすじなわ)
ひと巻き	(いっかん,ひとまき)
ひと口	(ひとくち)
ひと塊	(いっかい,ひとかたまり)
ひと塊り	(いっかい,ひとかたまり)
ひと括り	(ひとくくり)
ひと粒	(ひとつぶ,いちりゅう)
ひと眠り	(ひとねむり)
ひと皿	(ひとさら)
ひと目	(ひとめ)
ひと目惚れ	(ひとめぼれ)
ひと幕	(ひとまく)
ひと泡	(ひとあわ)
ひと泡ふかせる	(ひとあわふかせる)
ひと泡吹かせる	(ひとあわふかせる)
ひと気	(ひとけ,ひとげ)
ひと切り	(ひときり)
ひと切れ	(ひときれ)
ひと寝入り	(ひとねいり)
ひと山	(ひとやま)
ひと時	(ひととき,いっとき)
ひと仕事	(ひとしごと)
ひと思いに	(ひとおもいに)
ひと通り	(ひととおり)
ひと晩	(ひとばん)
ひと握り	(ひとにぎり)
ひと昔	(ひとむかし)
ひと昔前	(ひとむかしまえ)
ひと息	(ひといき)
ひと先ず	(ひとまず)
ひと休み	(ひとやすみ)
ひと押し	(ひとおし)
ひと言	(ひとこと,いちげん,いちごん)
ひと塩	(ひとしお)
ひと雨	(ひとあめ)
ひと月	(ひとつき,いちげつ)
ひと走り	(ひとはしり)
ひと足	(ひとあし)
ひと足先に	(ひとあしさきに)
ひと組	(ひとくみ,いちくみ)
ひな祭	(ひなまつり)
ひな祭り	(ひなまつり)
ひな鑑別師	(ひなかんべつし)
ひな人形	(ひなにんぎょう)
ひな形	(ひながた)
ひな型	(ひながた)
ひねくり回す	(ひねくりまわす)
ひねり出す	(ひねりだす)
ひねり潰す	(ひねりつぶす)
ひび割れ	(ひびわれ)
ひび焼き	(ひびやき)
ヒフ科	(ひふか,ひフか,ヒフか)
ヒマシ油	(ひましゆ,ヒマシゆ)
ひまし油	(ひましゆ,ヒマシゆ)
ひま人	(ひまじん)
ひも付	(ひもつき,ヒモつき)
ヒモ付き	(ひもつき,ヒモつき)
ひも付き	(ひもつき,ヒモつき)
ひょうきん者	(ひょうきんもの)
ひょうろく玉	(ひょうろくだま)
ひょう変	(ひょうへん)
ひょう窃	(ひょうせつ)
ピヨピヨ鳴く	(ピヨピヨなく,ぴよぴよなく)
ぴよぴよ鳴く	(ピヨピヨなく,ぴよぴよなく)
ビラン剤	(びらんざい,ビランざい)
びらん剤	(びらんざい,ビランざい)
びらん性	(びらんせい)
ひら仮名	(ひらがな)
ひれ伏す	(ひれふす)
ひんしゅくを買う	(ひんしゅくをかう)
ピントが外れる	(ピントがはずれる)
ピンと来る	(ピンとくる,ぴんとくる)
ぴんと来る	(ピンとくる,ぴんとくる)
ピン撥ね	(ピンはね,ピンハネ,ぴんはね)
ビン詰め	(びんづめ)
ひん死	(ひんし)
ピン音	(ピンイン)
ひ弱い	(ひよわい)
ひ上がる	(ひあがる)
ひ上る	(ひあがる)
ヒ素	(ひそ)
ひ孫	(ひまご,そうそん,ひいまご)
ファイル分離キャラクタ	(ファイルぶんりキャラクタ)
ファジィ理論	(ファジーりろん,ファジィりろん)
ファジー理論	(ファジーりろん,ファジィりろん)
ファッション雑誌	(ファッションざっし)
ファン倶楽部	(ファンクラブ,ファン・クラブ)
ふいん気	(ふんいき,ふいんき)
ブーリアン関数	(ブーリアンかんすう)
プー太郎	(ぷうたろう,プーたろう,ふうたろう)
ぷー太郎	(ぷうたろう,プーたろう,ふうたろう)
ふき取る	(ふきとる)
ふくらし粉	(ふくらしこ)
ふくれっ面	(ふくれっつら)
ふさぎ込む	(ふさぎこむ)
ふたご座	(ふたござ)
ふだん着	(ふだんぎ)
ブタ肉	(ぶたにく,とんにく)
ぶた肉	(ぶたにく,とんにく)
ふた手	(ふたて)
ブタ箱	(ぶたばこ)
ブタ小屋	(ぶたごや)
ふた月	(ふたつき)
ふた子	(ふたご,そうし)
ブチ壊す	(ぶちこわす)
ぶち壊す	(ぶちこわす)
ブチ撒ける	(ぶちまける,ブチまける)
ぶち撒ける	(ぶちまける,ブチまける)
ブチ殺す	(ぶちころす)
ぶち殺す	(ぶちころす)
ぶち砕く	(うちくだく,ぶちくだく)
ぶっきら棒	(ぶっきらぼう)
ふつつか者	(ふつつかもの)
ぶっ飛ばす	(ぶっとばす)
ふっ飛ぶ	(ふっとぶ)
フッ化水素酸	(ふっかすいそさん)
フッ化物	(フッかぶつ,ふっかぶつ)
ふっ切れる	(ふっきれる)
ぶっ殺す	(ぶっころす)
フッ素	(ふっそ,フッソ)
ふっ素	(ふっそ,フッソ)
ぶっ通し	(ぶっとおし)
ふて腐れる	(ふてくされる)
フテ寝	(ふてね)
ふて寝	(ふてね)
ブドウ酒	(ぶどうしゅ)
ぶどう酒	(ぶどうしゅ)
ブドウ糖	(ぶどうとう)
ぶどう糖	(ぶどうとう)
ブラウン管	(ブラウンかん)
プラスチック爆弾	(プラスチックばくだん)
フランス語	(フランスご)
ぶら下がる	(ぶらさがる)
ぶら下げる	(ぶらさげる)
ぶりっ子	(ぶりっこ,ブリッコ)
プリンター設定	(プリンターせってい)
プリント基板	(プリントきばん)
プリント基盤	(プリントきばん)
フリント硝子	(フリントガラス,フリント・ガラス)
ふり仮名	(ふりがな,フリガナ)
ふり返る	(ふりかえる)
ふり分ける	(ふりわける)
ふり乱す	(ふりみだす)
ふり落とす	(ふりおとす)
ふり切る	(ふりきる)
ふり袖	(ふりそで)
ふるいに掛ける	(ふるいにかける)
ふるい分ける	(ふるいわける)
ふるい立つ	(ふるいたつ)
ふるい落す	(ふるいおとす)
ふるい落とす	(ふるいおとす)
ふるい起こす	(ふるいおこす)
フルタイム従業員	(フルタイムじゅうぎょういん)
ふる里	(ふるさと)
ブレーク信号	(ブレークしんごう)
ふれ回る	(ふれまわる)
フロー制御	(フローせいぎょ)
プログラム言語	(プログラムげんご)
プロセス制御	(プロセスせいぎょ)
ブロック番号	(ブロックばんごう)
プロペラ機	(プロペラき)
フロ場	(ふろば)
ふろ場	(ふろば)
ふんい気	(ふんいき,ふいんき)
ふんぞり返る	(ふんぞりかえる)
ふん便	(ふんべん)
ふん反り返る	(ふんぞりかえる)
ふん尿	(ふんにょう)
ブン殴る	(ぶんなぐる,ブンなぐる)
ぶん殴る	(ぶんなぐる,ブンなぐる)
ふん囲気	(ふんいき,ふいんき)
ブ厚い	(ぶあつい)
ぶ厚い	(ぶあつい)
ふ化	(ふか)
ふ卵	(ふらん)
ブ男	(ブおとこ,ぶおとこ,しこお)
ぶ然	(ぶぜん)
ふ頭	(ふとう)
へい死	(へいし)
ページ数	(ページすう)
べき乗	(べきじょう)
へき地	(へきち)
へき開	(へきかい)
ベクトル空間	(ベクトルくうかん)
ベクトル値	(ベクトルち)
へこ帯	(へこおび)
へし折る	(へしおる)
へそくり金	(へそくりがね)
へその緒	(へそのお)
へそ曲がり	(へそまがり)
へそ曲り	(へそまがり)
へそ繰り	(へそくり,ヘソクリ)
へたの横好き	(へたのよこずき)
ヘッディング開始	(ヘッディングかいし)
べっ甲	(べっこう)
ペテン師	(ぺてんし)
ぺてん師	(ぺてんし)
ベトナム人	(ベトナムじん)
ベトナム戦争	(ベトナムせんそう)
ペトリ皿	(ペトリざら)
ベニヤ板	(ベニヤいた)
べに花	(べにばな,ベニバナ,ベニハナ)
べに色	(べにいろ,こうしょく,くれないいろ)
へばり付く	(へばりつく)
ヘビ年	(みどし,へびどし)
へび年	(みどし,へびどし)
ヘボ医者	(へぼいしゃ)
へぼ医者	(へぼいしゃ)
ペルシア人	(ペルシアじん)
ペルシア語	(ペルシャご,ペルシアご)
ペルシャ語	(ペルシャご,ペルシアご)
べろべろ嘗める	(ベロベロなめる,べろべろなめる)
ベロベロ舐める	(ベロベロなめる,べろべろなめる)
べろべろ舐める	(ベロベロなめる,べろべろなめる)
ペンキ塗りたて	(ペンキぬりたて)
ペンキ塗り立て	(ペンキぬりたて)
へんとう腺	(へんとうせん)
べんとう箱	(べんとうばこ)
ベン髪	(べんぱつ)
ペン先	(ペンさき)
ヘ長調	(ヘちょうちょう)
ヘ短調	(ヘたんちょう)
へ理屈	(へりくつ)
ヘ音記号	(ヘおんきごう)
ぼうぜん自失	(ぼうぜんじしつ)
ほうの木	(ほおのき,ほうのき,ホオノキ)
ほうり出す	(ほうりだす)
ほうり込む	(ほうりこむ,ホウリコむ)
ホウレン草	(ほうれんそう,ホウレンソウ)
ほうれん草	(ほうれんそう,ホウレンソウ)
ぼう然	(ぼうぜん,もうぜん,ボーゼン)
ホウ素	(ホウそ,ほうそ)
ほう素	(ホウそ,ほうそ)
ホウ酸	(ホウさん,ほうさん)
ほう酸	(ホウさん,ほうさん)
ほう助	(ほうじょ)
ポーランド語	(ポーランドご)
ボール盤	(ボールばん)
ほお紅	(ほおべに)
ほかの物	(ほかのもの)
ほこ先	(ほこさき)
ほそぼそ話す	(ほそぼそはなす)
ほたて貝	(ほたてがい,ホタテガイ)
ポタポタ落ちる	(ポタポタおちる,ぽたぽたおちる)
ぽたぽた落ちる	(ポタポタおちる,ぽたぽたおちる)
ホタル狩り	(ほたるがり,ホタルがり)
ほたる狩り	(ほたるがり,ホタルがり)
ぼた餅	(ぼたもち)
ぼっ発	(ぼっぱつ)
ぼっ手繰り	(ぼったくり,ボッタクリ)
ほとんどの人	(ほとんどのひと)
ほど近い	(ほどちかい)
ほの暗い	(ほのぐらい)
ほの白い	(ほのじろい)
ほほ笑ましい	(ほほえましい)
ほほ笑み	(ほほえみ,ほおえみ)
ほほ笑む	(ほほえむ,ほおえむ)
ホメ殺し	(ほめごろし,ほめころし,ホメごろし)
ほめ殺し	(ほめごろし,ほめころし,ホメごろし)
ほめ言葉	(ほめことば)
ポラロイド写真	(ポラロイドしゃしん)
ホラ貝	(ほらがい,ホラがい,ホラガイ)
ほら貝	(ほらがい,ホラがい,ホラガイ)
ほら穴	(ほらあな,どうけつ)
ぼりぼり食べる	(ぼりぼりたべる)
ほり出す	(ほりだす)
ほり起こす	(ほりおこす)
ポルトガル語	(ポルトガルご)
ほれ込む	(ほれこむ)
ボロ布	(ぼろきれ,ぼろぬの)
ぼろ布	(ぼろきれ,ぼろぬの)
ボロ家	(ぼろや)
ぼろ家	(ぼろや)
ボロ切れ	(ぼろきれ,ぼろぬの)
ぼろ切れ	(ぼろきれ,ぼろぬの)
ボロ屋	(ぼろや)
ぼろ屋	(ぼろや)
ポン引き	(ポンびき,ポンぴき,ぽんびき)
ぽん引き	(ポンびき,ポンぴき,ぽんびき)
ホ長調	(ホちょうちょう)
ホ短調	(ホたんちょう)
ほ乳	(ほにゅう)
ほ乳びん	(ほにゅうびん)
ほ乳動物	(ほにゅうどうぶつ)
ほ乳類	(ほにゅうるい)
ほ乳瓶	(ほにゅうびん)
マーケティング策略	(マーケティングさくりゃく)
マーケティング戦略	(マーケティングせんりゃく)
マージャン屋	(マージャンや)
マーボー豆腐	(マーボーどうふ,マーボどうふ,マーボードーフ)
マーボ豆腐	(マーボーどうふ,マーボどうふ,マーボードーフ)
マイクロ波	(マイクロは)
まい進	(まいしん)
まかない付き	(まかないつき)
まか不思議	(まかふしぎ)
まが玉	(まがたま)
まき絵	(まきえ)
まき散らす	(まきちらす)
まき戻す	(まきもどす)
まくし立てる	(まくしたてる)
まくり上げる	(まくりあげる)
まぐれ当たり	(まぐれあたり)
まさ目	(まさめ)
まじまじと見る	(まじまじとみる)
マジメ腐る	(まじめくさる,マジメくさる)
まじめ腐る	(まじめくさる,マジメくさる)
マスを掻く	(マスをかく)
まず隗より始めよ	(まずかいよりはじめよ)
まず以て	(まずもって)
まぜ物	(まぜもの)
またと無い	(またとない)
またの名	(またのな)
またの日	(またのひ)
また貸し	(またがし)
また家来	(またげらい)
また借り	(またがり)
また明日	(またあした)
また木	(またぎ)
また聞き	(またぎき)
まったくの所	(まったくのところ)
まっただ中	(まっただなか)
まっ暗	(まっくら)
まっ白	(まっしろ,ましろ)
まっ茶	(まっちゃ)
まっ赤	(まっか)
まっ黒	(まっくろ)
まっ裸	(まっぱだか)
まつ毛	(まつげ)
まっ平ら	(まったいら)
まっ青	(まっさお)
まっ四角	(まっしかく)
まっ先	(まっさき)
まっ正直	(まっしょうじき)
まっ昼間	(まっぴるま)
まっ最中	(まっさいちゅう,まっさなか)
マテ貝	(まてがい,マテガイ)
まとい付く	(まといつく)
まな板	(まないた)
まな弟子	(まなでし)
まな娘	(まなむすめ)
マネ事	(まねごと)
まね事	(まねごと)
まま父	(けいふ,ままちち)
まま母	(ままはは,けいぼ)
ママ子	(ままこ,けいし,ままっこ)
まゆ毛	(まゆげ)
まゆ墨	(まゆずみ)
マルコフ過程	(マルコフかてい)
マルコフ遷移	(マルコフせんい)
まる暗記	(まるあんき)
まる出し	(まるだし)
まる儲け	(まるもうけ)
まる見え	(まるみえ)
まる裸	(まるはだか)
まる呑み	(まるのみ)
まる洗い	(まるあらい)
マレック病	(マレックびょう)
まわり道	(まわりみち)
まわれ右	(まわれみぎ)
まん前	(まんまえ)
まん丸	(まんまる)
まん丸い	(まんまるい)
まん延	(まんえん)
まん円い	(まんまるい)
まん中	(まんなか)
ま上	(まうえ)
ま四角	(ましかく)
ま向い	(まむかい)
ま向かい	(まむかい)
マ行	(まぎょう)
ま行	(まぎょう)
みがき粉	(みがきこ)
みかん畑	(みかんばたけ)
ミサイル防衛	(ミサイルぼうえい)
ミサイル駆逐艦	(ミサイルくちくかん)
みじん切り	(みじんぎり)
みずがめ座	(みずがめざ)
みず子	(みずこ,みずご,ちし)
みそ汁	(みそしる)
みだれ髪	(みだれがみ)
みどりの日	(みどりのひ)
みどり色	(みどりいろ,りょくしょく)
ミドル級	(ミドルきゅう)
みなし子	(こじ,みなしご)
みな殺し	(みなごろし)
みな様	(みなさま)
ミリ波	(ミリは)
みんな殺し	(みなごろし)
ミンミン蝉	(ミンミンゼミ,みんみんぜみ)
みんみん蝉	(ミンミンゼミ,みんみんぜみ)
み使い	(みつかい)
ムール貝	(ムールがい)
むかし話	(むかしばなし)
ムカッ腹	(むかっぱら,ムカッパラ)
ムカっ腹	(むかっぱら,ムカッパラ)
むかっ腹	(むかっぱら,ムカッパラ)
むき出し	(むきだし)
むき出す	(むきだす)
むき身	(むきみ)
むく毛	(むくげ)
ムク犬	(むくいぬ,ムクいぬ)
むく犬	(むくいぬ,ムクいぬ)
むこう岸	(むこうぎし)
ムコ養子	(むこようし,ムコようし)
むさぼり食う	(むさぼりくう)
ムシの良い	(むしのいい,むしのよい)
むしの知らせ	(むしのしらせ)
むしゃぶり付く	(むしゃぶりつく)
むしり取る	(むしりとる)
むし歯	(むしば)
むし暑い	(むしあつい)
むせ返る	(むせかえる)
ムダ骨	(むだぼね)
むだ骨	(むだぼね)
むだ話	(むだばなし)
ムダ足	(むだあし)
むだ足	(むだあし)
むつ言	(むつごと)
むらさき色	(むらさきいろ,ししょく)
めい福	(めいふく,みょうふく)
めい想	(めいそう)
メーカー希望価格	(メーカーきぼうかかく)
メーカ希望価格	(メーカーきぼうかかく)
メール交換	(メールこうかん)
めくら窓	(めくらまど)
めくら滅法	(めくらめっぽう)
めくら判	(めくらばん)
めぐり合い	(めぐりあい)
めぐり合う	(めぐりあう)
めじろ押し	(めじろおし)
メスを入れる	(メスをいれる)
メス犬	(メスいぬ,めすいぬ,めいぬ)
メディア王	(メディアおう)
めに遭う	(めにあう)
メリケン粉	(メリケンこ)
メンド臭い	(めんどくさい,めんどうくさい,メンドくさい)
めんど臭い	(めんどくさい,めんどうくさい,メンドくさい)
めん棒	(めんぼう)
めん鶏	(めんどり,メンドリ)
めん鳥	(めんどり,メンドリ)
めん羊	(めんよう)
もうけ口	(もうけぐち)
もうけ物	(もうけもの)
もうけ役	(もうけやく)
もえぎ色	(もえぎいろ)
もえ出る	(もえでる)
モーメント項	(モーメントこう)
もぐり込む	(もぐりこむ)
もし可能ならば	(もしかのうならば)
もたせ掛ける	(もたせかける)
もたれ掛かる	(もたれかかる)
もたれ椅子	(もたれいす)
もち寄る	(もちよる)
もち切り	(もちきり)
もち月	(もちづき,ぼうげつ)
もち越す	(もちこす)
もっての外	(もってのほか)
もって来る	(もってくる)
もって行く	(もっていく,もってゆく)
モデムの設定	(モデムのせってい)
もて余す	(もてあます)
もて囃す	(もてはやす)
モヌケの殻	(もぬけのから,もぬけのカラ)
もぬけの殻	(もぬけのから,もぬけのカラ)
もぬけの空	(もぬけのから,もぬけのカラ)
ものの気	(もののけ)
もの分かり	(ものわかり)
もの好き	(ものずき)
もの凄い	(ものすごい,ものすっごい,ものすんごい)
もの柔らか	(ものやわらか)
もの憂い	(ものうい)
もの欲しげ	(ものほしげ)
もの珍しい	(ものめずらしい)
モノ足りない	(ものたりない)
もの足りない	(ものたりない)
もみ合う	(もみあう)
もみ療治	(もみりょうじ)
もみ上げ	(もみあげ,モミアゲ)
もみ手	(もみで)
もみ消す	(もみけす)
もめ事	(もめごと)
もも色	(ももいろ)
もも引き	(ももひき)
もらい泣き	(もらいなき)
もらい物	(もらいもの,もらいもん)
もれ聞く	(もれきく)
もろはの剣	(もろはのつるぎ,もろはのけん,りょうばのけん)
もろ刃	(もろは,りょうば)
もろ刃の剣	(もろはのつるぎ,もろはのけん,りょうばのけん)
モンテカルロ法	(モンテカルロほう)
も裾	(もすそ)
やかん頭	(やかんあたま)
ヤキが回る	(やきがまわる,ヤキがまわる)
やきが回る	(やきがまわる,ヤキがまわる)
ヤキモチ焼き	(やきもちやき,ヤキモチやき)
やきもち焼き	(やきもちやき,ヤキモチやき)
ヤキ入れ	(やきいれ)
やき入れ	(やきいれ)
ヤギ座	(やぎざ)
やぎ座	(やぎざ)
やくに立つ	(やくにたつ)
やさ男	(やさおとこ,やさお)
やせ衰える	(やせおとろえる)
ヤセ我慢	(やせがまん)
やせ我慢	(やせがまん)
やっかい払い	(やっかいばらい)
やって来る	(やってくる)
やつ当たり	(やつあたり)
やとい主	(やといぬし)
やぶ蛇	(やぶへび,ヤブヘビ)
やまと絵	(やまとえ)
やみ夜	(やみよ)
やむを得ず	(やむをえず)
やり方	(やりかた)
やり合う	(やりあう)
やり切る	(やりきる)
やり取り	(やりとり)
やり遂げる	(やりとげる)
やり通す	(やりとおす)
やり込める	(やりこめる)
ヤリ玉	(やりだま,ヤリだま)
やり玉	(やりだま,ヤリだま)
やり繰り	(やりくり)
やり直し	(やりなおし)
やり直す	(やりなおす)
やる瀬ない	(やるせない)
ヤ行	(やぎょう)
や行	(やぎょう)
ゆずり受ける	(ゆずりうける)
ユダヤ教会堂	(ユダヤきょうかいどう)
ユダヤ人	(ユダヤじん)
ユニット分離キャラクタ	(ユニットぶんりキャラクタ)
ゆりの木	(ゆりのき,ユリノキ)
ゆり動かす	(ゆりうごかす)
ユリ根	(ゆりね,ユリね)
ゆれ動く	(ゆれうごく)
ヨウ素	(ようそ)
よう素	(ようそ)
ヨー素	(ようそ)
よかれ悪しかれ	(よかれあしかれ)
よけいなお世話	(よけいなおせわ)
よこ糸	(よこいと,ぬきいと,ぬき)
ヨコ目	(よこめ)
よしなし事	(よしなしごと)
よせ集める	(よせあつめる)
よそ見	(よそみ)
よそ目	(よそめ)
よそ事	(よそごと)
よそ行き	(よそゆき,よそいき)
よそ者	(よそもの,よそもん)
ヨタ話	(よたばなし,ヨタばなし)
よた話	(よたばなし,ヨタばなし)
ヨタ者	(よたもの,よたもん)
よつ足	(よつあし)
よび戻す	(よびもどす)
よみの国	(よみのくに)
ヨリを戻す	(よりをもどす)
よりを戻す	(よりをもどす)
より分ける	(よりわける,えりわける)
より好み	(よりごのみ,えりごのみ)
よろず屋	(よろずや)
ラー麺	(ラーメン,らーめん,らあめん)
ラー油	(ラーユ)
ライトハンド奏法	(ライトハンドそうほう)
ライン川	(ラインがわ)
ライ病	(らいびょう)
らい病	(らいびょう)
らく印	(らくいん)
ラッパ水仙	(ラッパずいせん,らっぱずいせん,らっぱすいせん)
ラッパ呑み	(らっぱのみ,ラッパのみ)
ラッパ飲み	(らっぱのみ,ラッパのみ)
らっぱ飲み	(らっぱのみ,ラッパのみ)
ラテン語	(ラテンご)
ラベル付け	(ラベルづけ)
ラマ教	(ラマきょう,らまきょう)
ランゲルハンス島	(ランゲルハンスとう)
ランブル鞭毛虫	(ランブルべんもうちゅう)
ランブル鞭毛虫症	(ランブルべんもうちゅうしょう)
らん用	(らんよう)
ラ行	(らぎょう)
ら行	(らぎょう)
リーダーシップ的地位	(リーダーシップてきちい)
リーダー交代	(リーダーこうたい)
リストラ策	(リストラさく)
りつ然	(りつぜん)
リトマス試験紙	(リトマスしけんし)
リトル東京	(リトルとうきょう,リトルトーキョー)
リノール酸	(リノールさん)
リボルビング払い	(リボルビングばらい)
リボ払い	(リボばらい)
りゅう座	(りゅうざ)
リンゴ病	(りんごびょう)
りんご病	(りんごびょう)
りん病	(りんびょう)
リン灰石	(りんかいせき)
リン酸	(りんさん)
り患	(りかん)
り災	(りさい)
り災者	(りさいしゃ)
ルーラル地域	(ルーラルちいき)
るす番	(るすばん)
れき死	(れきし)
レコードの溝	(レコードのみぞ)
レコード分離キャラクタ	(レコードぶんりキャラクタ)
レコード屋	(レコードや)
レジオネラ菌	(レジオネラきん)
レジオネラ症	(レジオネラしょう)
レトルト食品	(レトルトしょくひん)
れん乳	(れんにゅう)
ろうあ学校	(ろうあがっこう)
ろうあ者	(ろうあしゃ)
ろうけつ染め	(ろうけつぞめ)
ろう城	(ろうじょう)
ロウ人形	(ろうにんぎょう)
ろう人形	(ろうにんぎょう)
ろう学校	(ろうがっこう)
ろう者	(ろうしゃ)
ローマン的	(ロマンてき,ローマンてき)
ローマン派	(ロマンは,ローマンは)
ローマン主義	(ロマンしゅぎ,ローマンしゅぎ)
ローマ字	(ローマじ)
ローム層	(ロームそう)
ローロー船	(ローローせん)
ロケット発射筒	(ロケットはっしゃとう)
ロシア文字	(ロシアもじ)
ロシア語	(ロシアご)
ロシヤ語	(ロシアご)
ろっ骨	(あばらぼね,ろっこつ)
ロボットの視覚	(ロボットのしかく)
ロボット工学	(ロボットこうがく)
ロマン的	(ロマンてき,ローマンてき)
ロマン派	(ロマンは,ローマンは)
ロマン主義	(ロマンしゅぎ,ローマンしゅぎ)
ろれつが回らない	(ろれつがまわらない)
ロ長調	(ロちょうちょう)
ロ短調	(ロたんちょう)
ろ過	(ろか)
ろ過器	(ろかき)
ロ語	(ろご)
ろ紙	(ろし)
ワーク取り付け台	(ワークとりつけだい)
わい曲	(わいきょく)
ワイ談	(わいだん)
わい談	(わいだん)
わい小	(わいしょう)
わかち合う	(わかちあう)
わかち書き	(わかちがき)
わがもの顔	(わがものがお)
わからず屋	(わからずや)
わかり切った	(わかりきった)
わかり切る	(わかりきる)
わかれ道	(わかれみち)
わが党	(わがとう)
わが方	(わがほう)
わが国	(わがくに)
わが家	(わがや,わがいえ)
わが君	(わがきみ)
わが身	(わがみ)
わが事	(わがこと)
わが物	(わがもの)
わが物顔	(わがものがお)
わが心	(わがこころ)
わき出す	(わきだす)
わき出る	(わきでる)
わき腹	(わきばら)
わき見	(わきみ,ぼうし)
わき起こる	(わきおこる)
わき上がる	(わきあがる)
わき役	(わきやく)
わけが分からない	(わけがわからない)
わけ隔て	(わけへだて)
わけ目	(わけめ)
わすれ物	(わすれもの,わすれもん)
わだかまり無く	(わだかまりなく)
ワニ口	(わにぐち)
わび言	(わびごと)
わび状	(わびじょう)
わらじ虫	(ワラジムシ,わらじむし)
わらべ唄	(わらべうた)
わらべ歌	(わらべうた)
ワラ半紙	(わらばんし,ワラばんし)
わら半紙	(わらばんし,ワラばんし)
わら靴	(わらぐつ)
わら紙	(わらがみ)
わり算	(わりざん)
わり込む	(わりこむ)
わり箸	(わりばし,ワリバシ)
ワル乗り	(わるのり)
われ勝ちに	(われがちに)
われ先に	(われさきに)
われ知らず	(われしらず)
わん曲	(わんきょく)
ヲコト点	(をことてん,おことてん)
阿うん	(あうん,あ・うん,アウン)
阿ねる	(おもねる)
阿る	(おもねる)
阿わ雪	(あわゆき)
阿鼻叫喚	(あびきょうかん)
阿呆	(アホ,あほ,あほう)
阿呆鳥	(アホウドリ,あほうどり)
阿呆陀羅	(あほんだら,あほだら,アホンダラ)
阿多福	(おたふく)
阿房	(アホ,あほ,あほう)
阿房鳥	(アホウドリ,あほうどり)
阿吽	(あうん,あ・うん,アウン)
阿吽の呼吸	(あうんのこきゅう)
阿呍	(あうん,あ・うん,アウン)
阿蘭陀	(オランダ)
阿弥陀	(あみだ)
阿彌陀	(あみだ)
阿米利加	(アメリカ)
阿魔	(あま,アマ)
阿片	(あへん,アヘン)
阿片窟	(あへんくつ)
阿舎	(あずまや)
阿諛	(あゆ)
阿諛追従	(あゆついしょう)
嗄びる	(からびる)
嗄れる	(しゃがれる,しわがれる,かれる)
哀しい	(かなしい)
哀しみ	(かなしみ)
哀しむ	(かなしむ)
哀びん	(あいびん,あいみん)
哀みん	(あいびん,あいみん)
哀れ	(あわれ,あはれ)
哀れっぽい	(あわれっぽい)
哀れみ	(あわれみ)
哀れむ	(あわれむ)
哀れ気	(あわれげ)
哀別	(あいべつ)
哀愁	(あいしゅう)
哀詞	(あいし)
哀悼	(あいとう)
哀弔	(あいちょう)
哀調	(あいちょう)
哀感	(あいかん)
哀歌	(あいか)
哀号	(あいごう)
哀話	(あいわ)
哀歓	(あいかん)
哀哭	(あいこく)
哀憐	(あいれん)
哀愍	(あいびん,あいみん)
哀憫	(あいびん,あいみん)
哀慕	(あいぼ)
哀切	(あいせつ)
哀情	(あいじょう)
哀傷	(あいしょう)
哀詩	(あいし)
哀史	(あいし)
哀訴	(あいそ)
哀痛	(あいつう)
哀惜	(あいせき)
哀音	(あいおん)
哀願	(あいがん)
哀楽	(あいらく)
埃	(ほこり,ホコリ)
埃及	(エジプト,エジブト)
挨拶	(あいさつ)
挨拶まわり	(あいさつまわり)
挨拶回り	(あいさつまわり)
挨拶状	(あいさつじょう)
癌	(がん,ガン)
癌腫	(がんしゅ)
矮鶏	(チャボ)
矮躯	(わいく)
矮軀	(わいく)
矮小	(わいしょう)
靄	(もや,モヤ)
靄靆	(あいたい)
艾	(よもぎ,ヨモギ)
隘路	(あいろ)
碍子	(がいし)
愛	(あい)
愛がん	(あいがん)
愛きょう	(あいきょう,あいぎょう)
愛しい	(うつくしい)
愛しみ	(かなしみ)
愛しむ	(おしむ)
愛し子	(いとしご,まなご)
愛すべき	(あいすべき)
愛する	(あいする)
愛でたい	(めでたい)
愛でたし	(めでたし)
愛でる	(めでる)
愛に飢える	(あいにうえる)
愛の結晶	(あいのけっしょう)
愛らしい	(あいらしい)
愛蔵	(あいぞう)
愛蔵版	(あいぞうばん)
愛唱	(あいしょう)
愛唱歌	(あいしょうか)
愛唱曲	(あいしょうきょく)
愛車	(あいしゃ)
愛称	(あいしょう)
愛弟子	(まなでし)
愛読	(あいどく)
愛読書	(あいどくしょ)
愛読者	(あいどくしゃ)
愛児	(あいじ)
愛撫	(あいぶ)
愛顧	(あいこ)
愛国	(あいこく)
愛国心	(あいこくしん)
愛国者	(あいこくしゃ)
愛国主義	(あいこくしゅぎ)
愛好	(あいこう)
愛好家	(あいこうか)
愛好者	(あいこうしゃ)
愛護	(あいご)
愛嬌	(あいきょう,あいぎょう)
愛敬	(あいきょう,あいぎょう)
愛馬	(あいば)
愛猫	(あいびょう)
愛猫家	(あいびょうか)
愛慕	(あいぼ)
愛娘	(まなむすめ)
愛鳥	(あいちょう)
愛女	(あいなめ,アイナメ)
愛妻	(あいさい)
愛妾	(あいしょう)
愛情	(あいじょう)
愛犬	(あいけん)
愛犬家	(あいけんか)
愛人	(あいじん)
愛書	(あいしょ)
愛誦	(あいしょう)
愛他主義	(あいたしゅぎ)
愛玩	(あいがん)
愛翫	(あいがん)
愛息	(あいそく)
愛惜	(あいせき,あいじゃく)
愛郷	(あいきょう)
愛郷心	(あいきょうしん)
愛想	(あいそ,あいそう)
愛想のいい	(あいそのいい,あいそのよい)
愛想のよい	(あいそのいい,あいそのよい)
愛想の良い	(あいそのいい,あいそのよい)
愛煙家	(あいえんか)
愛液	(あいえき)
愛吟	(あいぎん)
愛飲	(あいいん)
愛用	(あいよう)
愛育	(あいいく)
愛欲	(あいよく)
愛慾	(あいよく)
愛媛県	(えひめけん)
愛媛縣	(えひめけん)
愛楽	(あいぎょう)
愛憎	(あいぞう)
愛憎併存	(あいぞうへいそん)
愛着	(あいちゃく)
愛知県	(あいちけん)
愛知縣	(あいちけん)
愛執	(あいしゅう)
愛子	(いとしご,まなご)
曖昧	(あいまい)
曖昧さ	(あいまいさ)
曖昧模糊	(あいまいもこ)
礙子	(がいし)
安い	(やすい)
安っぽい	(やすっぽい)
安ど	(あんど)
安まる	(やすまる)
安もの	(やすもの,やすもん)
安もん	(やすもの,やすもん)
安らう	(やすらう)
安らか	(やすらか)
安らぎ	(やすらぎ)
安んじる	(やすんじる)
安々	(やすやす)
安安	(やすやす)
安保	(あんぽ)
安倍川もち	(あべかわもち)
安倍川餅	(あべかわもち)
安産	(あんざん)
安打	(あんだ)
安定	(あんてい)
安定化	(あんていか)
安定器	(あんていき)
安定同位体	(あんていどういたい)
安定性	(あんていせい)
安堵	(あんど)
安否	(あんぴ,あんぷ,あんぶ)
安静	(あんせい)
安静時	(あんせいじ)
安酒	(やすざけ)
安酒場	(やすさかば)
安居	(あんきょ)
安売り	(やすうり)
安眠	(あんみん)
安母尼亜	(アンモニア)
安寧	(あんねい)
安寧秩序	(あんねいちつじょ)
安普請	(やすぶしん)
安気	(あんき)
安全	(あんぜん,あんせん)
安全瓣	(あんぜんべん)
安全保障	(あんぜんほしょう)
安全保障条約	(あんぜんほしょうじょうやく)
安全弁	(あんぜんべん)
安全地帯	(あんぜんちたい)
安全第一	(あんぜんだいいち)
安全対策	(あんぜんたいさく)
安全教育	(あんぜんきょういく)
安全期	(あんぜんき)
安全器	(あんぜんき)
安全性	(あんぜんせい)
安全域	(あんぜんいき)
安全運転	(あんぜんうんてん)
安上がり	(やすあがり)
安上り	(やすあがり)
安神	(あんしん)
安手	(やすで)
安価	(あんか)
安宿	(やすやど)
安泰	(あんたい)
安土桃山時代	(あづちももやまじだい)
安危	(あんき)
安穏	(あんのん,あんおん)
安臥	(あんが)
安物	(やすもの,やすもん)
安息	(あんそく)
安閑	(あんかん)
安心	(あんしん)
安心立命	(あんしんりつめい,あんじんりゅうめい,あんじんりゅうみょう)
安佚	(あんいつ)
安易	(あんい)
安逸	(あんいつ)
安楽	(あんらく)
安楽死	(あんらくし)
安着	(あんちゃく)
安直	(あんちょく)
安値	(やすね)
安置	(あんち)
安住	(あんじゅう)
庵	(いおり,あん,いお)
庵室	(あんしつ,あんじつ)
庵主	(あんじゅ,あんしゅ)
鞍部	(あんぶ)
鞍替え	(くらがえ)
諳んじる	(そらんじる)
諳記	(あんき)
諳譜	(あんぷ)
諳誦	(あんしょう,あんじゅ)
闇	(やみ)
闇い	(くらい)
闇黒	(あんこく)
闇路	(やみじ)
闇然	(あんぜん)
闇夜	(やみよ)
闇愚	(あんぐ)
闇雲	(やみくも)
闇値	(やみね)
鮟鱇	(あんこう,アンコウ)
岸	(きし)
岸べ	(きしべ)
岸壁	(がんぺき)
岸辺	(きしべ)
按じる	(あんじる)
按ずる	(あんずる)
按分	(あんぶん)
按摩	(あんま)
按排	(あんばい)
按配	(あんばい)
按手	(あんしゅ,あんじゅ)
案	(あん)
案じる	(あんじる)
案ずる	(あんずる)
案の定	(あんのじょう)
案の上	(あんのじょう)
案の条	(あんのじょう)
案出	(あんしゅつ)
案分	(あんぶん)
案件	(あんけん)
案内	(あんない,あない)
案内嬢	(あんないじょう)
案内書	(あんないしょ)
案内所	(あんないじょ)
案内係	(あんないがかり)
案配	(あんばい)
案山子	(かかし,かがし,あんざんし)
案外	(あんがい)
案文	(あんぶん,あんもん)
案下	(あんか)
暗い	(くらい)
暗がり	(くらがり)
暗きょ	(あんきょ)
暗に	(あんに)
暗やみ	(くらやみ)
暗れる	(くれる)
暗闇	(くらやみ)
暗部	(あんぶ)
暗唱	(あんしょう,あんじゅ)
暗唱番号	(あんしょうばんごう)
暗赤色	(あんせきしょく)
暗闘	(あんとう)
暗号	(あんごう)
暗号化	(あんごうか)
暗号化手法	(あんごうかしゅほう)
暗号解読	(あんごうかいどく)
暗号手法	(あんごうしゅほう)
暗合	(あんごう)
暗褐色	(あんかっしょく)
暗黒	(あんこく)
暗黒大陸	(あんこくたいりく)
暗黒期	(あんこくき)
暗黒時代	(あんこくじだい)
暗記	(あんき)
暗礁	(あんしょう)
暗君	(あんくん)
暗涙	(あんるい)
暗涙に咽ぶ	(あんるいにむせぶ)
暗流	(あんりゅう)
暗黙	(あんもく)
暗譜	(あんぷ)
暗渠	(あんきょ)
暗然	(あんぜん)
暗色	(あんしょく)
暗殺	(あんさつ)
暗殺事件	(あんさつじけん)
暗示	(あんじ)
暗室	(あんしつ)
暗誦	(あんしょう,あんじゅ)
暗算	(あんざん)
暗翳	(あんえい)
暗影	(あんえい)
暗愚	(あんぐ)
暗喩	(あんゆ)
暗躍	(あんやく)
暗雲	(あんうん)
暗証	(あんしょう)
暗証番号	(あんしょうばんごう)
暗証化	(あんしょうか)
暗中	(あんちゅう)
暗中摸索	(あんちゅうもさく)
暗中模索	(あんちゅうもさく)
暗転	(あんてん)
黯然	(あんぜん)
昂ぶる	(たかぶる)
昂る	(たかぶる)
昂奮	(こうふん,コーフン)
昂然	(こうぜん)
昂騰	(こうとう)
昂揚	(こうよう)
凹	(おう)
凹たれる	(へこたれる)
凹ます	(へこます)
凹ませる	(へこませる)
凹まる	(くぼまる)
凹み	(くぼみ,へこみ)
凹む	(へこむ)
凹める	(くぼめる)
凹レンズ	(おうレンズ)
凹版	(おうはん)
凹垂れる	(へこたれる)
凹地	(くぼち,おうち)
凹溜まり	(くぼたまり)
凹面	(おうめん)
凹面鏡	(おうめんきょう)
凹所	(おうしょ)
凹田	(くぼた)
凹凸	(おうとつ)
凹形	(おうけい,おうがた)
凹型	(おうけい,おうがた)
凹眼	(おうがん)
凹眼鏡	(おうがんきょう)
熬り子	(いりこ)
熬る	(いる)
熬海鼠	(いりこ)
鏖	(みなごろし)
鏖殺	(おうさつ)
襖	(ふすま)
拗ける	(ねじける)
拗じくれる	(ねじくれる)
拗ねる	(すねる)
拗れる	(こじれる)
拗音	(ようおん)
傲岸	(ごうがん)
傲倨	(ごうきょ)
傲慢	(ごうまん)
傲慢不遜	(ごうまんふそん)
傲然	(ごうぜん)
奥	(おく)
奥さま	(おくさま)
奥さん	(おくさん)
奥さん孝行	(おくさんこうこう)
奥の間	(おくのま)
奥の手	(おくのて)
奥の院	(おくのいん)
奥ふかい	(おくふかい,おくぶかい)
奥ぶかい	(おくふかい,おくぶかい)
奥まって	(おくまって)
奥まる	(おくまる)
奥ゆかしい	(おくゆかしい)
奥歯	(おくば)
奥床しい	(おくゆかしい)
奥地	(おくち,おうち)
奥底	(おくそこ,おうてい)
奥方	(おくがた)
奥付	(おくづけ)
奥付け	(おくづけ)
奥附	(おくづけ)
奥許し	(おくゆるし)
奥技	(おうぎ,おくぎ)
奥妙	(おうみょう)
奥勤め	(おくづとめ)
奥山	(おくやま)
奥深い	(おくふかい,おくぶかい)
奥手	(おくて)
奥書	(おくがき)
奥書き	(おくがき)
奥庭	(おくにわ)
奥向き	(おくむき)
奥行	(おくゆき)
奥行き	(おくゆき)
奥様	(おくさま)
奥儀	(おうぎ,おくぎ)
奥意	(おくい)
奥義	(おうぎ,おくぎ)
奥印	(おくいん)
奥御殿	(おくごてん)
奥之院	(おくのいん)
奥旨	(おうし)
奥座敷	(おくざしき)
奧	(おく)
慠然	(ごうぜん)
澳	(おき)
懊れる	(じれる)
八	(はち,や)
八つ	(やっつ,やつ)
八つあたり	(やつあたり)
八つあたりに	(やつあたりに)
八つ当たり	(やつあたり)
八つ当たりに	(やつあたりに)
八つ当り	(やつあたり)
八つ口	(やつくち)
八つ裂き	(やつざき)
八つ目鰻	(やつめうなぎ,ヤツメウナギ)
八ッ橋	(やつはし)
八ツ橋	(やつはし)
八つ橋	(やつはし)
八つ切り	(やつぎり)
八つ手	(やつで,ヤツデ)
八つ手網	(やつであみ)
八つ折り判	(やつおりばん)
八の字	(はちのじ)
八百長	(やおちょう)
八百万	(やおよろず)
八百屋	(やおや)
八本	(はちほん,はっぽん)
八潮路	(やしおじ)
八達	(はったつ)
八島	(やしま)
八丁	(はっちょう)
八端	(はったん)
八段	(はったん)
八幡の不知藪	(やわたのやぶしらず)
八幡の薮不知	(やわたのやぶしらず)
八幡の薮知らず	(やわたのやぶしらず)
八幡の藪知らず	(やわたのやぶしらず)
八幡宮	(はちまんぐう)
八反	(はったん)
八辺形	(はちへんけい)
八方	(はっぽう)
八方ふさがり	(はっぽうふさがり)
八方美人	(はっぽうびじん)
八方塞	(はっぽうふさがり)
八方塞がり	(はっぽうふさがり)
八方塞り	(はっぽうふさがり)
八方丸くおさまる	(はっぽうまるくおさまる)
八方丸く収まる	(はっぽうまるくおさまる)
八方丸く治まる	(はっぽうまるくおさまる)
八分め	(はちぶめ,はちぶんめ)
八分目	(はちぶめ,はちぶんめ)
八分音符	(はちぶおんぷ)
八福	(はちふく)
八釜しい	(やかましい)
八卦	(はっけ,はっか)
八卦掌	(はっけしょう)
八掛	(はっかけ)
八紘	(はっこう)
八紘一宇	(はっこういちう)
八荒	(はっこう)
八極拳	(はっきょくけん)
八角形	(はっかくけい,はっかっけい)
八九分	(はっくぶ)
八口	(やつくち)
八苦	(はっく)
八裂き	(やつざき)
八面	(はちめん)
八面玲瓏	(はちめんれいろう)
八面六臂	(はちめんろっぴ)
八目鰻	(やつめうなぎ,ヤツメウナギ)
八千草	(やちぐさ,やちくさ)
八千代	(やちよ)
八千年	(はっせんねん,やちとせ)
八千歳	(はっせんねん,やちとせ)
八橋	(やつはし)
八切	(やつぎり)
八日	(ようか)
八十路	(やそじ)
八手	(やつで,ヤツデ)
八朔	(はっさく)
八挺	(はっちょう)
八月	(はちがつ)
八折り判	(やつおりばん)
八折判	(やつおりばん)
八重の潮路	(やえのしおじ)
八重歯	(やえば)
八重咲き	(やえざき)
八重桜	(やえざくら)
八重垣	(やえがき)
八重雲	(やえぐも,やえくも)
八洲	(やしま)
八字ひげ	(はちじひげ)
八字髭	(はちじひげ)
巴	(ともえ)
巴布	(パップ,ハップ)
巴旦杏	(はたんきょう)
巴格達	(バグダッド,バグダード,バグダット)
巴基斯担	(パキスタン)
巴里	(パリ)
巴奈馬	(パナマ)
巴投	(ともえなげ)
巴投げ	(ともえなげ)
巴瓦	(ともえがわら)
芭蕉	(ばしょう,バショウ)
捌	(はち,や)
捌く	(さばく)
捌ける	(さばける)
捌け口	(はけぐち,はけくち)
抜かす	(ぬかす)
抜かる	(ぬかる)
抜きとる	(ぬきとる)
抜きはなつ	(ぬきはなつ)
抜きんでる	(ぬきんでる)
抜きん出る	(ぬきんでる)
抜き出す	(ぬきだす)
抜き打ち	(ぬきうち)
抜き放つ	(ぬきはなつ)
抜き取る	(ぬきとる)
抜く	(ぬく)
抜ける	(ぬける)
抜け出す	(ぬけだす)
抜け出る	(ぬけでる)
抜け道	(ぬけみち)
抜け殻	(ぬけがら)
抜け路	(ぬけみち)
抜け落ちる	(ぬけおちる)
抜け穴	(ぬけあな)
抜てき	(ばってき,ばったく)
抜本的	(ばっぽんてき)
抜歯	(ばっし)
抜出す	(ぬけだす)
抜萃	(ばっすい)
抜打ち	(ぬきうち)
抜刀	(ばっとう)
抜道	(ぬけみち)
抜放つ	(ぬきはなつ)
抜殻	(ぬけがら)
抜路	(ぬけみち)
抜糸	(ばっし)
抜取る	(ぬきとる)
抜群	(ばつぐん,ばっくん,バツグン)
抜粋	(ばっすい)
抜穴	(ぬけあな)
抜擢	(ばってき,ばったく)
抜枠	(ばっすい)
跋扈	(ばっこ)
把	(たば)
把っ手	(とって,はしゅ)
把む	(つかむ)
把持	(はじ)
把手	(とって,はしゅ)
把握	(はあく)
罷む	(やむ)
罷めさせる	(やめさせる)
罷める	(やめる)
罷り	(まかり)
罷免	(ひめん)
罷業	(ひぎょう)
覇気	(はき)
覇権	(はけん)
覇王樹	(サボテン,シャボテン)
覇者	(はしゃ)
白	(しろ)
白アリ	(しろあり,シロアリ)
白あり	(しろあり,シロアリ)
白い	(しろい)
白くじら	(しろくじら)
白ける	(しらける)
白け世代	(しらけせだい)
白バイ	(しろバイ)
白む	(しらむ,しろむ)
白々しい	(しらじらしい)
白白しい	(しらじらしい)
白菜	(はくさい,ハクサイ)
白茶ける	(しらちゃける)
白痴	(はくち)
白痴者	(たわけもの)
白癡	(はくち)
白川夜船	(しらかわよふね,しらかわよぶね)
白川夜舟	(しらかわよふね,しらかわよぶね)
白地	(あからさま)
白堊	(はくあ)
白堊紀	(はくあき)
白耳義	(ベルギー)
白髪	(しらが,はくはつ,しろかみ)
白粉	(おしろい)
白河夜船	(しらかわよふね,しらかわよぶね)
白河夜舟	(しらかわよふね,しらかわよぶね)
白黒	(しろくろ)
白狐	(しろぎつね,びゃっこ)
白化個体	(はくかこたい)
白樺	(しらかば,しらかんば,シラカバ)
白禍	(はっか)
白金	(はっきん)
白鯨	(しろくじら)
白菊	(しらぎく)
白口	(しろぐち,シログチ)
白竜	(ペーロン)
白米	(はくまい,しらよね,しろごめ)
白墨	(はくぼく)
白木	(しらき)
白鳥	(はくちょう,ハクチョウ)
白熱	(はくねつ)
白人	(はくじん)
白刃	(はくじん,しらは)
白日	(はくじつ)
白身	(しろみ)
白書	(はくしょ)
白滝	(しらたき,シラタキ)
白桃	(はくとう)
白鱚	(しろぎす,シロギス)
白線	(はくせん)
白血病	(はっけつびょう)
白血球	(はっけっきゅう)
白亜	(はくあ)
白亜紀	(はくあき)
白亜質	(はくあしつ)
白烟	(はくえん)
白煙	(はくえん)
白眼視	(はくがんし)
白夜	(びゃくや,はくや)
白衣	(はくい,びゃくえ,びゃくい)
白衣明妃	(びゃくえみょうひ)
白蟻	(しろあり,シロアリ)
白羽	(しらは)
白紙	(はくし,しらかみ)
白昼	(はくちゅう)
白状	(はくじょう)
白子	(しらこ,しろこ)
白子干	(しらすぼし,シラスボシ)
白子干し	(しらすぼし,シラスボシ)
百	(ひゃく,はく)
百八の鐘	(ひゃくはちのかね)
百般	(ひゃっぱん)
百倍	(ひゃくばい)
百弊	(ひゃくへい)
百歩譲る	(ひゃっぽゆずる)
百出	(ひゃくしゅつ)
百代	(ひゃくせい,ひゃくだい,はくたい)
百点	(ひゃくてん)
百発百中	(ひゃっぱつひゃくちゅう)
百方	(ひゃっぽう)
百分比	(ひゃくぶんひ)
百分率	(ひゃくぶんりつ)
百官	(ひゃっかん)
百鬼夜行	(ひゃっきやぎょう,ひゃっきやこう)
百害	(ひゃくがい)
百合	(ゆり,ゆる,ユリ)
百合の木	(ゆりのき,ユリノキ)
百合の樹	(ゆりのき,ユリノキ)
百合根	(ゆりね,ユリね)
百合樹	(ゆりのき,ユリノキ)
百花	(ひゃっか)
百花撩乱	(ひゃっかりょうらん)
百花繚乱	(ひゃっかりょうらん)
百花斉放	(ひゃっかせいほう)
百貨	(ひゃっか)
百貨店	(ひゃっかてん)
百計	(ひゃっけい)
百済	(くだら)
百済楽	(くだらがく)
百家争鳴	(ひゃっかそうめい)
百科	(ひゃっか)
百科辞典	(ひゃっかじてん)
百科全書	(ひゃっかぜんしょ)
百科事典	(ひゃっかじてん)
百雷	(ひゃくらい)
百錬	(ひゃくれん)
百面相	(ひゃくめんそう)
百難	(ひゃくなん)
百年祭	(ひゃくねんさい)
百人一首	(ひゃくにんいっしゅ)
百日せき	(ひゃくにちぜき,ひゃくにちせき)
百日ぜき	(ひゃくにちぜき,ひゃくにちせき)
百日草	(ひゃくにちそう,ヒャクニチソウ)
百日咳	(ひゃくにちぜき,ひゃくにちせき)
百日紅	(さるすべり,ひゃくじつこう,しび)
百色眼鏡	(ひゃくいろめがね)
百舌	(もず,モズ)
百舌鳥	(もず,モズ)
百世	(ひゃくせい,ひゃくだい,はくたい)
百事	(ひゃくじ)
百獣	(ひゃくじゅう)
百態	(ひゃくたい)
百万	(ひゃくまん)
百万遍	(ひゃくまんべん)
百万長者	(ひゃくまんちょうじゃ)
百味	(ひゃくみ)
百聞	(ひゃくぶん)
百行	(ひゃっこう)
百姓	(ひゃくしょう)
百姓家	(ひゃくしょうや)
百姓一揆	(ひゃくしょういっき)
百薬	(ひゃくやく)
百薬の長	(ひゃくやくのちょう)
百葉箱	(ひゃくようばこ,ひゃくようそう)
百芸	(ひゃくげい)
百戦百勝	(ひゃくせんひゃくしょう)
百戦練磨	(ひゃくせんれんま)
百戦錬磨	(ひゃくせんれんま)
百足	(むかで,ひゃくそく,ムカデ)
百卒長	(ひゃくそつちょう)
佰	(ひゃく,はく)
柏	(かしわ,カシワ)
柏木	(かしわぎ)
柏手を打つ	(かしわでをうつ)
拝み倒す	(おがみたおす)
拝む	(おがむ)
拝読	(はいどく)
拝火教	(はいかきょう)
拝見	(はいけん)
拝借	(はいしゃく)
拝啓	(はいけい)
拝聴	(はいちょう)
拝謁	(はいえつ)
拜見	(はいけん)
敗ける	(まける)
敗れる	(やぶれる)
敗北	(はいぼく)
敗北る	(まける)
敗北感	(はいぼくかん)
敗残	(はいざん)
敗色が濃い	(はいしょくがこい)
敗訴	(はいそ)
敗退	(はいたい)
敗因	(はいいん)
敗戦	(はいせん)
敗戦国	(はいせんこく)
敗者	(はいしゃ)
敗走	(はいそう)
班	(はん)
班長	(はんちょう)
班点	(はんてん)
般若	(はんにゃ)
斑	(ぶち,はん,ふ)
斑白	(はんぱく)
斑点	(はんてん)
斑馬	(シマウマ,しまうま)
搬出	(はんしゅつ)
搬入	(はんにゅう)
搬送	(はんそう)
搬送波	(はんそうは)
頒ける	(わける)
頒白	(はんぱく)
頒布	(はんぷ)
阪	(さか)
阪神	(はんしん)
阪神大震災	(はんしんだいしんさい)
坂	(さか)
坂道	(さかみち)
板	(いた)
板ばさみ	(いたばさみ)
板締	(いたじめ)
板締め	(いたじめ)
板画	(はんが)
板金	(ばんきん,いたがね)
板金屋	(ばんきんや)
板塀	(いたべい)
板前	(いたまえ)
板挟み	(いたばさみ)
板挾み	(いたばさみ)
板銀	(ばんきん,いたがね)
板元	(はんもと)
板紙	(いたがみ)
版	(はん,ばん)
版画	(はんが)
版権	(はんけん)
版数	(はんすう)
版下	(はんした)
版下書き	(はんしたかき)
版元	(はんもと)
鈑金	(ばんきん,いたがね)
半	(はん)
半２重	(はんにじゅう)
半か年	(はんかねん)
半か月	(はんかげつ)
半ズボン	(はんズボン)
半そで	(はんそで)
半ば	(なかば)
半ばすぎ	(なかばすぎ)
半ば過ぎ	(なかばすぎ)
半白	(はんぱく)
半々	(はんはん)
半半	(はんはん)
半被	(はっぴ)
半病人	(はんびょうにん)
半部族	(はんぶぞく)
半纏	(はんてん)
半纒	(はんてん)
半長	(はんなが)
半長径	(はんちょうけい)
半長靴	(はんながぐつ)
半島	(はんとう)
半搗き米	(はんつきまい)
半導体	(はんどうたい)
半道	(はんみち)
半畳	(はんじょう)
半独立	(はんどくりつ)
半端	(はんぱ)
半額	(はんがく)
半二重	(はんにじゅう)
半分	(はんぶん)
半封建性	(はんほうけんせい)
半革装丁	(はんかわそうてい)
半弓	(はんきゅう)
半股引き	(はんももひき)
半官半民	(はんかんはんみん)
半官報	(はんかんぽう)
半官的	(はんかんてき)
半貴石	(はんきせき)
半国	(はんごく)
半過去	(はんかこ)
半壊	(はんかい)
半季	(はんき)
半加工品	(はんかこうひん)
半減	(はんげん)
半減期	(はんげんき)
半鹹水	(はんかんすい)
半角	(はんかく)
半截	(はんせつ)
半解	(はんかい)
半金	(はんきん)
半襟	(はんえり)
半径	(はんけい)
半句	(はんく)
半開	(はんかい)
半開き	(はんびらき)
半開国	(はんかいこく)
半可	(はんか)
半可通	(はんかつう)
半口	(はんくち)
半狂乱	(はんきょうらん)
半潰れ	(はんつぶれ)
半里	(はんり)
半流動体	(はんりゅうどうたい)
半輪	(はんりん)
半裸	(はんら)
半裸体	(はんらたい)
半盲	(はんもう)
半盲症	(はんもうしょう)
半面	(はんめん)
半面識	(はんめんしき)
半母音	(はんぼいん)
半年	(はんとし,はんねん)
半年ごとに	(はんとしごとに)
半年毎に	(はんとしごとに)
半農	(はんのう)
半片	(はんぺん,はんぺい)
半平	(はんぺん,はんぺい)
半期	(はんき)
半旗	(はんき)
半乾き	(はんかわき)
半切	(はんせつ)
半切れ	(はんきれ)
半切符	(はんきっぷ)
半球	(はんきゅう)
半人前	(はんにんまえ)
半日	(はんにち,はんじつ)
半殺し	(はんごろし)
半焼け	(はんやけ)
半身	(はんしん)
半身不随	(はんしんふずい)
半身像	(はんしんぞう)
半身浴	(はんしんよく)
半神	(はんしん)
半生	(はんせい)
半時	(はんとき,はんじ)
半世紀	(はんせいき)
半熟	(はんじゅく)
半熟練工	(はんじゅくれんこう)
半数	(はんすう)
半死	(はんし)
半死半生	(はんしはんしょう)
半価	(はんか)
半天	(はんてん)
半田	(はんだ,ハンダ)
半艇身	(はんていしん)
半透明	(はんとうめい)
半途	(はんと)
半夏生	(はんげしょう,ハンゲショウ)
半宵	(はんしょう)
半諧音	(はんかいおん)
半信半疑	(はんしんはんぎ)
半休	(はんきゅう)
半袖	(はんそで)
半靴	(はんぐつ,ほうか,はんか)
半塩水	(はんえんすい)
半眼で	(はんがんで)
半夜	(はんや)
半意識	(はんいしき)
半音	(はんおん)
半音階	(はんおんかい)
半陰陽	(はんいんよう)
半陰影	(はんいんえい)
半影	(はんえい)
半永久的	(はんえいきゅうてき)
半玉	(はんぎょく)
半円	(はんえん)
半円形	(はんえんけい)
半月	(はんげつ,はんつき)
半月刊	(はんげっかん)
半張り	(はんばり)
半折	(はんせつ)
半直線	(はんちょくせん)
半値	(はんね)
半紙	(はんし)
半製品	(はんせいひん)
半鐘	(はんしょう)
半周	(はんしゅう)
半煮え	(はんにえ)
半濁音	(はんだくおん)
半作	(はんさく)
扮飾	(ふんしょく)
伴	(とも)
伴う	(ともなう)
伴なう	(ともなう)
伴侶	(はんりょ,ばんりょ)
伴僧	(ばんそう)
伴食	(ばんしょく)
伴天連	(バテレン)
伴奏	(ばんそう)
伴奏部	(ばんそうぶ)
絆	(きずな,きづな)
絆創膏	(ばんそうこう,バンソウコウ,バンソーコー)
瓣	(べん)
瓣膜	(べんまく)
邦	(くに)
邦画	(ほうが)
邦貨	(ほうか)
邦人	(ほうじん)
邦題	(ほうだい)
邦訳	(ほうやく)
邦楽	(ほうがく)
邦字新聞	(ほうじしんぶん)
浜	(はま,ハマ)
浜べ	(はまべ)
浜辺	(はまべ)
幇間	(たいこもち)
幇助	(ほうじょ)
膀胱	(ぼうこう)
膀胱炎	(ぼうこうえん)
蚌	(はまぐり,ハマグリ)
棒	(ぼう)
棒きれ	(ぼうきれ,ぼうぎれ)
棒グラフ	(ぼうグラフ)
棒暗記	(ぼうあんき)
棒立ち	(ぼうだち)
棒切	(ぼうきれ,ぼうぎれ)
棒切れ	(ぼうきれ,ぼうぎれ)
棒線	(ぼうせん)
棒振	(ボウフラ,ぼうふら,ボーフラ)
棒状	(ぼうじょう)
傍	(かたわら)
傍ら	(かたわら)
傍らに	(かたわらに)
傍輩	(ほうばい)
傍点	(ぼうてん)
傍耳	(かたみみ)
傍観	(ぼうかん)
傍観者	(ぼうかんしゃ)
傍惚れ	(おかぼれ)
傍見	(おかみ)
傍近く	(そばちかく)
傍迷惑	(はためいわく)
傍目	(おかめ)
傍目八目	(おかめはちもく)
傍人	(ぼうじん)
傍若無人	(ぼうじゃくぶじん)
傍焼き	(おかやき)
傍視	(わきみ,ぼうし)
傍受	(ぼうじゅ)
傍聴	(ぼうちょう)
傍聴料	(ぼうちょうりょう)
傍聴券	(ぼうちょうけん)
傍聴人	(ぼうちょうにん)
傍聴無料	(ぼうちょうむりょう)
傍聴席	(ぼうちょうせき)
傍系	(ぼうけい)
傍線	(ぼうせん)
傍訓	(ぼうくん)
傍役	(わきやく)
傍杖	(そばづえ)
傍証	(ぼうしょう)
傍注	(ぼうちゅう)
傍註	(ぼうちゅう)
包み	(つつみ)
包みこむ	(つつみこむ)
包みなおす	(つつみなおす)
包みなく	(つつみなく)
包み金	(つつみがね,つつみきん)
包み釦	(つつみぼたん)
包み匿す	(つつみかくす)
包み飾る	(つつみかざる)
包み物	(つつみもの)
包み隠し	(つつみかくし)
包み隠す	(つつみかくす)
包み込む	(つつみこむ)
包み直す	(つつみなおす)
包み紙	(つつみがみ)
包む	(つつむ)
包める	(くるめる)
包蔵	(ほうぞう)
包帯	(ほうたい)
包丁	(ほうちょう)
包含	(ほうがん)
包含的	(ほうがんてき)
包金	(つつみがね,つつみきん)
包茎	(ほうけい,ほうきょう)
包莖	(ほうけい,ほうきょう)
包括	(ほうかつ)
包括的	(ほうかつてき)
包皮	(ほうひ)
包皮切断	(ほうひせつだん)
包容	(ほうよう)
包容力	(ほうようりょく)
包摂	(ほうせつ)
包囲	(ほうい)
包隠す	(つつみかくす)
包込む	(つつみこむ)
包紙	(つつみがみ)
包装	(ほうそう)
枹	(ばち,バチ)
胞衣	(えな,ほうい,ほうえ)
胞子	(ほうし)
褒めそやす	(ほめそやす)
褒めたたえる	(ほめたたえる)
褒めたてる	(ほめたてる)
褒めちぎる	(ほめちぎる)
褒める	(ほめる)
褒め称える	(ほめたたえる)
褒め称す	(ほめそやす)
褒め詞	(ほめことば)
褒め奉る	(ほめまつる)
褒め歌う	(ほめうたう)
褒め合い	(ほめあい)
褒め立てる	(ほめたてる)
褒め殺し	(ほめごろし,ほめころし,ホメごろし)
褒め殺す	(ほめごろす)
褒め上げる	(ほめあげる)
褒め言葉	(ほめことば)
褒貶	(ほうへん)
褒辞	(ほうじ)
褒奨	(ほうしょう)
褒美	(ほうび)
褒賞	(ほうしょう)
褒章	(ほうしょう)
褒状	(ほうじょう)
雹	(ひょう,ヒョウ)
薄	(ススキ,すすき)
薄い	(うすい)
薄ぎたない	(うすぎたない)
薄ぐらい	(うすぐらい)
薄っぺら	(うすっぺら)
薄バカ	(うすばか,うすバカ,ウスバカ)
薄まる	(うすまる)
薄める	(うすめる)
薄らぐ	(うすらぐ)
薄れる	(うすれる)
薄暗い	(うすぐらい)
薄板	(うすいた)
薄々	(うすうす)
薄薄	(うすうす)
薄荷	(はっか,はか,ハッカ)
薄荷精	(はっかせい)
薄化粧	(うすげしょう)
薄利多売	(はくりたばい)
薄馬鹿	(うすばか,うすバカ,ウスバカ)
薄明	(はくめい)
薄膜	(うすまく,はくまく)
薄皮	(うすかわ)
薄片	(はくへん)
薄情	(はくじょう)
薄刃	(うすば)
薄弱	(はくじゃく)
薄幸	(はっこう)
薄倖	(はっこう)
薄揚げ	(うすあげ)
薄汚い	(うすぎたない)
薄汚ない	(うすぎたない)
薄着	(うすぎ)
薄志弱行	(はくしじゃっこう)
宝	(たから)
宝クジ	(たからくじ)
宝くじ	(たからくじ)
宝ばこ	(たからばこ)
宝もの	(たからもの,ほうもつ)
宝島	(たからじま)
宝庫	(ほうこ)
宝籤	(たからくじ)
宝生	(ほうしょう)
宝石	(ほうせき)
宝物	(たからもの,ほうもつ)
宝箱	(たからばこ)
宝玉	(ほうぎょく)
保する	(ほする,ほうする)
保ち合い	(もちあい,たもちあい)
保つ	(たもつ,もつ)
保安	(ほあん)
保安林	(ほあんりん)
保安要員	(ほあんよういん)
保持	(ほじ)
保持者	(ほじしゃ)
保存	(ほぞん)
保存量	(ほぞんりょう)
保存系	(ほぞんけい)
保管	(ほかん)
保管会社	(ほかんがいしゃ)
保管金	(ほかんきん)
保管料	(ほかんりょう)
保管林	(ほかんりん)
保管人	(ほかんにん)
保管物	(ほかんぶつ)
保管証	(ほかんしょう)
保合い	(もちあい,たもちあい)
保護	(ほご)
保護の聖人	(ほごのせいじん)
保護関税	(ほごかんぜい)
保護関税率	(ほごかんぜいりつ)
保護観察	(ほごかんさつ)
保護国	(ほごこく)
保護検束	(ほごけんそく)
保護金	(ほごきん)
保護領	(ほごりょう)
保護貿易	(ほごぼうえき)
保護鳥	(ほごちょう)
保護色	(ほごしょく)
保護税	(ほごぜい)
保護司	(ほごし)
保護団体	(ほごだんたい)
保護委員	(ほごいいん)
保護者	(ほごしゃ)
保健	(ほけん)
保健婦	(ほけんふ)
保健所	(ほけんじょ,ほけんしょ)
保健医	(ほけんい)
保菌者	(ほきんしゃ)
保塁	(ほうるい,ほるい)
保冷	(ほれい)
保留	(ほりゅう)
保母	(ほぼ)
保姆	(ほぼ)
保全	(ほぜん)
保全会	(ほぜんかい)
保全会社	(ほぜんがいしゃ)
保身	(ほしん)
保身術	(ほしんじゅつ)
保釈	(ほしゃく)
保釈金	(ほしゃくきん)
保釈中	(ほしゃくちゅう)
保守	(ほしゅ)
保守党	(ほしゅとう)
保守的	(ほしゅてき)
保守系	(ほしゅけい)
保守性	(ほしゅせい)
保守主義	(ほしゅしゅぎ)
保税	(ほぜい)
保税倉庫	(ほぜいそうこ)
保税地域	(ほぜいちいき)
保温	(ほおん)
保険	(ほけん)
保険つき	(ほけんつき,ほけんづき)
保険付	(ほけんつき,ほけんづき)
保険付き	(ほけんつき,ほけんづき)
保険会社	(ほけんがいしゃ)
保険金	(ほけんきん)
保険金受取人	(ほけんきんうけとりにん)
保険料	(ほけんりょう)
保険料率	(ほけんりょうりつ)
保険医	(ほけんい)
保険証	(ほけんしょう)
保線	(ほせん)
保養	(ほよう)
保養地	(ほようち)
保養所	(ほようじょ,ほようしょ)
保養院	(ほよういん)
保有	(ほゆう)
保有米	(ほゆうまい)
保有者	(ほゆうしゃ)
保育	(ほいく)
保育所	(ほいくしょ,ほいくじょ)
保育園	(ほいくえん)
保障	(ほしょう)
保障付	(ほしょうつき)
保障付き	(ほしょうつき)
保障占領	(ほしょうせんりょう)
保証	(ほしょう)
保証付	(ほしょうつき)
保証付き	(ほしょうつき)
保証金	(ほしょうきん)
保証牛乳	(ほしょうぎゅうにゅう)
保証人	(ほしょうにん)
堡礁	(ほしょう)
堡塁	(ほうるい,ほるい)
飽かす	(あかす)
飽かず	(あかず)
飽き	(あき)
飽きしょう	(あきしょう)
飽きる	(あきる)
飽き飽き	(あきあき)
飽き性	(あきしょう)
飽くことを知らない	(あくことをしらない)
飽くまで	(あくまで)
飽く迄	(あくまで)
飽和	(ほうわ)
飽和状態	(ほうわじょうたい)
飽食	(ほうしょく)
寳	(たから)
抱え	(かかえ)
抱える	(かかえる)
抱きあう	(だきあう)
抱きかかえる	(だきかかえる)
抱きしめる	(だきしめる)
抱きとめる	(だきとめる)
抱きよせる	(だきよせる)
抱き抱える	(だきかかえる)
抱き締める	(だきしめる)
抱き合う	(だきあう)
抱き寄せる	(だきよせる)
抱き留める	(だきとめる)
抱き起こす	(だきおこす)
抱き起す	(だきおこす)
抱き上げる	(だきあげる)
抱き込む	(だきこむ)
抱き止める	(だきとめる)
抱く	(いだく)
抱っこ	(だっこ)
抱締める	(だきしめる)
抱負	(ほうふ)
抱腹	(ほうふく)
抱腹絶倒	(ほうふくぜっとう)
抱合う	(だきあう)
抱留める	(だきとめる)
抱擁	(ほうよう)
抱込む	(だきこむ)
豹変	(ひょうへん)
報	(ほう)
報いる	(むくいる)
報え	(こたえ)
報える	(こたえる)
報じたように	(ほうじたように)
報じる	(ほうじる)
報ずる	(ほうずる)
報せ	(しらせ)
報せる	(しらせる)
報償	(ほうしょう)
報酬	(ほうしゅう)
報導	(ほうどう)
報道	(ほうどう)
報道官	(ほうどうかん)
報道機関	(ほうどうきかん)
報復	(ほうふく)
報復措置	(ほうふくそち)
報告	(ほうこく)
報告書	(ほうこくしょ)
報告者	(ほうこくしゃ)
報知	(ほうち)
鉋	(かんな,カンナ)
鉋屑	(かんなくず)
暴きだす	(あばきだす)
暴き出す	(あばきだす)
暴く	(あばく)
暴れだす	(あばれだす)
暴れまわる	(あばれまわる)
暴れる	(あばれる)
暴れ出す	(あばれだす)
暴れ回る	(あばれまわる)
暴れ廻る	(あばれまわる)
暴れ狂う	(あばれくるう)
暴れ馬	(あばれうま)
暴れ込む	(あばれこむ)
暴れ者	(あばれもの)
暴動	(ぼうどう)
暴発	(ぼうはつ)
暴風	(ぼうふう,あらし)
暴風雨	(ぼうふうう,あらし)
暴挙	(ぼうきょ)
暴君	(ぼうくん)
暴力	(ぼうりょく)
暴力団	(ぼうりょくだん)
暴利	(ぼうり)
暴露	(ばくろ)
暴落	(ぼうらく)
暴虐	(ぼうぎゃく)
暴食	(ぼうしょく)
暴騰	(ぼうとう)
暴戻	(ぼうれい)
暴徒	(ぼうと)
暴行	(ぼうこう)
暴言	(ぼうげん)
暴飲	(ぼういん)
暴飲暴食	(ぼういんぼうしょく)
暴走	(ぼうそう)
暴走族	(ぼうそうぞく)
鮑	(あわび,アワビ)
爆ぜる	(はぜる)
爆発	(ばくはつ)
爆発的	(ばくはつてき)
爆発管	(ばくはつかん)
爆発力	(ばくはつりょく)
爆発物	(ばくはつぶつ)
爆発性	(ばくはつせい)
爆風	(ばくふう)
爆撃	(ばくげき)
爆撃機	(ばくげきき)
爆雷	(ばくらい)
爆裂	(ばくれつ)
爆破	(ばくは)
爆沈	(ばくちん)
爆死	(ばくし)
爆砕	(ばくさい)
爆弾	(ばくだん,バクダン)
爆笑	(ばくしょう)
爆心地	(ばくしんち)
爆薬	(ばくやく)
爆竹	(ばくちく)
杯	(さかずき,さかづき,うき)
卑しい	(いやしい)
卑しむ	(いやしむ)
卑しめる	(いやしめる)
卑しん坊	(いやしんぼう)
卑わい	(ひわい)
卑称	(ひしょう)
卑見	(ひけん)
卑賎	(ひせん)
卑賤	(ひせん)
卑金属	(ひきんぞく)
卑近	(ひきん)
卑劣	(ひれつ)
卑劣漢	(ひれつかん)
卑陋	(ひろう)
卑怯	(ひきょう)
卑屈	(ひくつ)
卑属	(ひぞく)
卑屬	(ひぞく)
卑俗	(ひぞく)
卑猥	(ひわい)
卑下	(ひげ)
卑小	(ひしょう)
卑言	(ひげん)
卑語	(ひご)
盃	(さかずき,さかづき,うき)
悲しい	(かなしい)
悲しみ	(かなしみ)
悲しむ	(かなしむ)
悲哀	(ひあい)
悲報	(ひほう)
悲惨	(ひさん)
悲愴	(ひそう)
悲憤慷慨	(ひふんこうがい)
悲歌慷慨	(ひかこうがい)
悲観	(ひかん)
悲観的	(ひかんてき)
悲劇	(ひげき)
悲恋	(ひれん)
悲鳴	(ひめい)
悲酸	(ひさん)
悲嘆	(ひたん)
悲歎	(ひたん)
悲痛	(ひつう)
悲喜こもごも	(ひきこもごも)
悲喜交々	(ひきこもごも)
悲喜交交	(ひきこもごも)
悲願	(ひがん)
悲運	(ひうん)
悲壮	(ひそう)
碑銘	(ひめい)
碑文	(ひぶん)
北	(きた)
北アイルランド	(きたアイルランド)
北アメリカ	(きたアメリカ)
北カリフォルニア	(ほくカリフォルニア)
北の方	(きたのかた,きたのほう)
北岸	(ほくがん)
北岸沿いに	(ほくがんぞいに)
北半	(ほくはん)
北半球	(きたはんきゅう)
北々東	(ほくほくとう)
北北東	(ほくほくとう)
北々西	(ほくほくせい)
北北西	(ほくほくせい)
北氷洋	(ほくひょうよう,ほっぴょうよう)
北部	(ほくぶ)
北側	(きたがわ,ほくそく)
北朝	(ほくちょう)
北朝鮮	(きたちょうせん)
北辰	(ほくしん)
北大西洋	(きたたいせいよう)
北大西洋条約	(きたたいせいようじょうやく)
北東	(ほくとう,きたひがし)
北斗七星	(ほくとしちせい)
北斗星	(ほくとせい)
北端	(ほくたん)
北辺	(ほくへん)
北方	(ほっぽう)
北風	(きたかぜ,ほくふう)
北光	(ほっこう)
北国	(きたぐに,ほっこく)
北国人	(ほっこくじん)
北海	(ほっかい)
北海道	(ほっかいどう)
北海道開発庁長官	(ほっかいどうかいはつちょうちょうかん)
北航	(ほっこう)
北回帰線	(きたかいきせん)
北極	(ほっきょく)
北極光	(ほっきょくこう)
北極海	(ほっきょくかい)
北極圏	(ほっきょくけん)
北極星	(ほっきょくせい)
北極熊	(ほっきょくぐま,ホッキョクグマ)
北極洋	(ほっきょくよう)
北寄り	(きたより)
北郊	(ほっこう)
北進	(ほくしん)
北京	(ペキン,ペイチン)
北京語	(ペキンご)
北境	(ほっきょう)
北口	(きたぐち)
北嶺	(ほくれい)
北陸	(ほくりく)
北満	(ほくまん)
北門	(きたもん,ほくもん)
北米	(ほくべい)
北米合衆国	(ほくべいがっしゅうこく)
北米土人	(ほくべいどじん)
北面	(ほくめん)
北欧	(ほくおう)
北欧人	(ほくおうじん)
北欧諸国	(ほくおうしょこく)
北清事変	(ほくしんじへん)
北山	(きたやま)
北上	(ほくじょう)
北受け	(きたうけ)
北天	(ほくてん)
北緯	(ほくい)
北西	(ほくせい)
北西航路	(ほくせいこうろ)
北下ろし	(きたおろし)
北鮮	(ほくせん)
北向き	(きたむき)
北行	(ほっこう)
北洋	(ほくよう)
北枕	(きたまくら,キタマクラ)
北支	(ほくし)
北支事変	(ほくしじへん)
貝	(かい)
貝がら	(かいがら)
貝ボタン	(かいボタン)
貝毒	(かいどく)
貝割	(かいわり)
貝割り	(かいわり)
貝貨	(ばいか)
貝殻	(かいがら)
貝類	(かいるい)
貝殼	(かいがら)
貝柱	(かいばしら)
背	(せい)
背がたかい	(せがたかい)
背が低い	(せがひくい)
背が高い	(せがたかい)
背く	(そむく)
背ける	(そむける)
背たけ	(せたけ,せいたけ)
背なか	(せなか)
背のび	(せのび,せいのび)
背の君	(せのきみ)
背ぼね	(せぼね)
背徳	(はいとく)
背番号	(せばんごう)
背負う	(せおう,しょう)
背骨	(せぼね)
背広	(せびろ,セビロ)
背後	(はいご)
背教	(はいきょう)
背景	(はいけい)
背任	(はいにん)
背伸び	(せのび,せいのび)
背信	(はいしん)
背信者	(はいしんしゃ)
背延び	(せのび,せいのび)
背泳ぎ	(せおよぎ)
背丈	(せたけ,せいたけ)
背中	(せなか)
背中あわせ	(せなかあわせ)
背中の痛み	(せなかのいたみ)
背中合せ	(せなかあわせ)
背中合わせ	(せなかあわせ)
倍	(ばい)
倍にする	(ばいにする)
倍大	(ばいだい)
倍額	(ばいがく)
倍加	(ばいか)
倍精度	(ばいせいど)
倍旧	(ばいきゅう)
倍率	(ばいりつ)
倍数	(ばいすう)
倍音	(ばいおん)
倍増	(ばいぞう)
倍増し	(ばいまし)
悖徳	(はいとく)
被い	(おおい)
被う	(おおう)
被せる	(かぶせる)
被ばく	(ひばく)
被ばく者	(ひばくしゃ)
被る	(かぶる,かむる)
被爆	(ひばく)
被爆者	(ひばくしゃ)
被差別	(ひさべつ)
被乗数	(ひじょうすう)
被除数	(ひじょすう)
被担保債権額	(ひたんぽさいけんがく)
被服	(ひふく)
被覆	(ひふく)
被告	(ひこく)
被告人	(ひこくにん)
被害	(ひがい)
被害を受ける	(ひがいをうける)
被害妄想	(ひがいもうそう)
被害者	(ひがいしゃ)
被検者	(ひけんしゃ)
被減数	(ひげんすう)
被曝	(ひばく)
被写体	(ひしゃたい)
被選挙権	(ひせんきょけん)
被選挙資格	(ひせんきょしかく)
被験者	(ひけんしゃ)
被傭者	(ひようしゃ)
被用者	(ひようしゃ)
被災	(ひさい)
被災地	(ひさいち)
被災者	(ひさいしゃ)
備え	(そなえ)
備えつける	(そなえつける)
備える	(そなえる)
備え付け	(そなえつけ)
備え付ける	(そなえつける)
備に	(つぶさに)
備わる	(そなわる)
備付	(そなえつけ)
備後表	(びんごおもて)
備荒	(びこう)
備荒食	(びこうしょく)
備荒貯蓄	(びこうちょちく)
備考	(びこう)
備砲	(びほう)
備品	(びひん)
備忘	(びぼう)
備忘録	(びぼうろく)
備蓄	(びちく)
備蓄米	(びちくまい)
焙り出し	(あぶりだし)
焙り出す	(あぶりだす)
焙る	(あぶる)
焙烙	(ほうろく,ほうらく)
輩	(ばら)
輩出	(はいしゅつ)
唄	(うた)
唄う	(うたう)
奔る	(はしる)
奔放	(ほんぽう)
奔放不羈	(ほんぽうふき)
奔流	(ほんりゅう)
奔馬	(ほんば)
奔走	(ほんそう)
犇めき	(ひしめき)
犇々	(ひしひし,ヒシヒシ)
犇犇	(ひしひし,ヒシヒシ)
本	(ほん)
本の	(ほんの)
本ぶり	(ほんぶり)
本もの	(ほんもの,ホンモノ)
本案	(ほんあん)
本邦	(ほんぽう)
本々	(もともと)
本本	(もともと)
本部	(ほんぶ)
本草	(ほんぞう)
本草学	(ほんぞうがく)
本場	(ほんば)
本場所	(ほんばしょ)
本場物	(ほんばもの)
本朝	(ほんちょう)
本船	(ほんせん)
本船渡し	(ほんせんわたし)
本当	(ほんとう,ほんと,ホントー)
本當	(ほんとう,ほんと,ホントー)
本島	(ほんとう)
本盗	(ほんとう)
本道	(ほんどう)
本店	(ほんてん,ほんだな)
本殿	(ほんでん)
本調子	(ほんちょうし,ほんじょうし)
本読み	(ほんよみ)
本隊	(ほんたい)
本番	(ほんばん)
本方	(もとかた)
本縫い	(ほんぬい)
本俸	(ほんぽう)
本腹	(ほんばら,ほんぷく)
本稿	(ほんこう)
本格	(ほんかく)
本格的	(ほんかくてき)
本格化	(ほんかくか)
本卦がえり	(ほんけがえり)
本卦帰り	(ほんけがえり)
本卦還り	(ほんけがえり)
本管	(ほんかん)
本館	(ほんかん)
本国	(ほんごく,ほんこく)
本国人	(ほんごくじん)
本会議	(ほんかいぎ)
本籍	(ほんせき)
本籍地	(ほんせきち)
本家	(ほんけ)
本家本元	(ほんけほんもと)
本建築	(ほんけんちく)
本降り	(ほんぶり)
本街道	(ほんかいどう)
本結び	(ほんむすび)
本節	(ほんせつ)
本金庫	(ほんきんこ)
本筋	(ほんすじ)
本局	(ほんきょく)
本拠	(ほんきょ)
本拠地	(ほんきょち)
本絹	(ほんけん)
本科	(ほんか)
本来	(ほんらい)
本塁	(ほんるい)
本塁打	(ほんるいだ)
本領	(ほんりょう)
本流	(ほんりゅう)
本論	(ほんろん)
本名	(ほんみょう,ほんめい)
本命	(ほんめい)
本末顛倒	(ほんまつてんとう)
本末顚倒	(ほんまつてんとう)
本末転倒	(ほんまつてんとう)
本木	(もとき)
本能	(ほんのう)
本年	(ほんねん)
本棚	(ほんだな)
本妻	(ほんさい)
本気	(ほんき)
本契約	(ほんけいやく)
本籤	(ほんくじ)
本然	(ほんぜん,ほんねん)
本人	(ほんにん)
本日	(ほんじつ)
本膳	(ほんぜん)
本社	(ほんしゃ,ほんじゃ)
本省	(ほんしょう)
本試験	(ほんしけん)
本書	(ほんしょ)
本署	(ほんしょ)
本数	(ほんすう)
本訴	(ほんそ)
本曇り	(ほんぐもり)
本堂	(ほんどう)
本題	(ほんだい)
本体	(ほんたい)
本通り	(ほんどおり)
本望	(ほんもう)
本位	(ほんい)
本文	(ほんぶん,ほんもん)
本屋	(ほんや)
本舞台	(ほんぶたい)
本物	(ほんもの,ホンモノ)
本務	(ほんむ)
本線	(ほんせん)
本箱	(ほんばこ)
本校	(ほんこう)
本心	(ほんしん)
本性	(ほんしょう,ほんせい)
本腰	(ほんごし)
本業	(ほんぎょう)
本意	(ほんい,ほい)
本義	(ほんぎ)
本音	(ほんね)
本営	(ほんえい)
本影	(ほんえい)
本員	(ほんいん)
本源	(ほんげん)
本院	(ほんいん)
本願	(ほんがん)
本葬	(ほんそう)
本則	(ほんそく)
本章	(ほんしょう)
本陣	(ほんじん)
本職	(ほんしょく)
本旨	(ほんし)
本紙	(ほんし)
本誌	(ほんし)
本質	(ほんしつ)
本州	(ほんしゅう)
本字	(ほんじ)
本尊	(ほんぞん)
崩す	(くずす)
崩れる	(くずれる)
崩壊	(ほうかい)
崩潰	(ほうかい)
崩御	(ほうぎょ)
繃帯	(ほうたい)
迸る	(ほとばしる,とばしる)
逬る	(ほとばしる,とばしる)
逼る	(せまる,せる)
逼迫	(ひっぱく)
鼻	(はな)
鼻カゼ	(はなかぜ)
鼻かぜ	(はなかぜ)
鼻がたかい	(はながたかい)
鼻が高い	(はながたかい)
鼻クソ	(はなくそ,はなクソ)
鼻くそ	(はなくそ,はなクソ)
鼻すじ	(はなすじ)
鼻たけ	(はなたけ,びじょう)
鼻っぱしら	(はなっぱしら)
鼻っぱり	(はなっぱり)
鼻つまみ	(はなつまみ)
鼻づまり	(はなづまり)
鼻づら	(はなづら)
鼻っ張り	(はなっぱり)
鼻っ柱	(はなっぱしら)
鼻ひげ	(はなひげ)
鼻メガネ	(はなめがね,ハナメガネ)
鼻めがね	(はなめがね,ハナメガネ)
鼻をあかす	(はなをあかす)
鼻を高くする	(はなをたかくする)
鼻を明かす	(はなをあかす)
鼻を突き合わす	(はなをつきあわす)
鼻を折る	(はなをおる)
鼻白む	(はなしらむ)
鼻唄	(はなうた)
鼻持ちならぬ	(はなもちならぬ)
鼻衝	(はなつき)
鼻衝き	(はなつき)
鼻出血	(びしゅっけつ)
鼻端	(びたん)
鼻糞	(はなくそ,はなクソ)
鼻風邪	(はなかぜ)
鼻綱	(はなづな)
鼻高	(はなたか,はなだか)
鼻高々	(はなたかだか)
鼻高高	(はなたかだか)
鼻歌	(はなうた)
鼻歌まじり	(はなうたまじり)
鼻歌混じり	(はなうたまじり)
鼻歌交じり	(はなうたまじり)
鼻革	(はながわ)
鼻根	(びこん)
鼻骨	(びこつ)
鼻汗	(はなあせ)
鼻呼吸	(はなこきゅう,びこきゅう)
鼻許	(はなもと)
鼻疾	(びしつ)
鼻詰まり	(はなづまり)
鼻詰り	(はなづまり)
鼻筋	(はなすじ)
鼻鏡	(はなかがみ,びきょう)
鼻孔	(びこう)
鼻口	(びこう)
鼻潰れ	(はなつぶれ)
鼻梁	(びりょう)
鼻輪	(はなわ)
鼻毛	(はなげ)
鼻面	(はなづら)
鼻木	(はなぎ)
鼻内	(びない)
鼻腔	(びこう,びくう)
鼻茸	(はなたけ,びじょう)
鼻声	(はなごえ,びせい)
鼻屎	(はなくそ,はなクソ)
鼻拭き	(はなふき)
鼻水	(はなみず)
鼻突	(はなつき)
鼻突き	(はなつき)
鼻突き合い	(はなつきあい)
鼻息	(はないき,びそく)
鼻息が荒い	(はないきがあらい)
鼻下	(びか)
鼻下長	(びかちょう)
鼻先	(はなさき)
鼻向け	(はなむけ)
鼻緒	(はなお)
鼻血	(はなぢ,はなじ)
鼻炎	(びえん)
鼻眼鏡	(はなめがね,ハナメガネ)
鼻薬	(はなぐすり)
鼻音	(びおん)
鼻元	(はなもと)
鼻摘まみ	(はなつまみ)
鼻摘み	(はなつまみ)
鼻紙	(はながみ)
鼻柱	(はなばしら)
鼻濁音	(びだくおん)
鼻髭	(はなひげ)
鼻祖	(びそ)
嬶天下	(かかあでんか)
匕	(さじ,しゃじ,かい)
匕首	(あいくち,ひしゅ)
比	(ころ,ごろ)
比い	(たぐい)
比する	(ひする)
比べ	(くらべ)
比べる	(くらべる)
比ゆ	(ひゆ)
比肩	(ひけん)
比較	(ひかく)
比較的	(ひかくてき)
比較対照	(ひかくたいしょう)
比較級	(ひかくきゅう)
比較文学	(ひかくぶんがく)
比較言語学	(ひかくげんごがく)
比類のない	(ひるいのない)
比類の無い	(ひるいのない)
比例	(ひれい)
比律賓	(フィリピン,フィリッピン,フイリピン)
比率	(ひりつ)
比目魚	(ひらめ,ヒラメ)
比熱	(ひねつ)
比叡山	(ひえいざん)
比翼の鳥	(ひよくのとり)
比喩	(ひゆ)
比諭	(ひゆ)
比重	(ひじゅう)
彼	(あれ,アレ)
彼の方	(あのかた)
彼の人	(あのひと)
彼ら	(かれら)
彼れ	(あれ,アレ)
彼岸	(ひがん)
彼岸花	(ひがんばな,ヒガンバナ)
彼岸会	(ひがんえ)
彼処	(あそこ,あすこ,かしこ)
彼等	(かれら)
彼方	(かなた,あなた)
彼奴	(あいつ)
彼女	(かのじょ)
彼氏	(かれし)
彼所	(あそこ,あすこ,かしこ)
筆	(ふで,ひつ)
筆ペン	(ふでペン)
筆を揮う	(ふでをふるう)
筆不精	(ふでぶしょう)
筆法	(ひっぽう)
筆迹	(ひっせき,ふであと)
筆記	(ひっき)
筆記試験	(ひっきしけん)
筆跡	(ひっせき,ふであと)
筆蹟	(ひっせき,ふであと)
筆名	(ひつめい)
筆墨	(ひつぼく)
筆順	(ひつじゅん)
筆頭	(ひっとう,ふでがしら)
筆頭菜	(つくし,どひつ,ひっとうさい)
筆無精	(ふでぶしょう)
筆先	(ふでさき)
筆箱	(ふでばこ)
筆写略字	(ひっしゃりゃくじ)
筆者	(ひっしゃ)
鄙しい	(いやしい)
鄙見	(ひけん)
鄙賤	(ひせん)
鄙劣	(ひれつ)
鄙陋	(ひろう)
鄙俗	(ひぞく)
鄙猥	(ひわい)
鄙言	(ひげん)
鄙語	(ひご)
必ず	(かならず)
必ずしも	(かならずしも)
必ずや	(かならずや)
必定	(ひつじょう)
必読	(ひつどく)
必罰	(ひつばつ)
必見	(ひっけん)
必捷	(ひっしょう)
必竟	(ひっきょう)
必然	(ひつぜん)
必然的	(ひつぜんてき)
必然性	(ひつぜんせい)
必殺	(ひっさつ)
必勝	(ひっしょう)
必衰	(ひっすい)
必死	(ひっし)
必携	(ひっけい)
必修	(ひっしゅう)
必修科目	(ひっしゅうかもく)
必須	(ひっす,ひっしゅ,ひっすう)
必須科目	(ひっすかもく)
必需	(ひつじゅ)
必需品	(ひつじゅひん)
必要	(ひつよう)
必要なし	(ひつようなし)
必要ならば	(ひつようならば)
必要に応じて	(ひつようにおうじて)
必要は発明の母	(ひつようははつめいのはは)
必要品	(ひつようひん)
必要事	(ひつようじ)
必要条件	(ひつようじょうけん)
必要物	(ひつようぶつ)
必要性	(ひつようせい)
必用	(ひつよう)
必着	(ひっちゃく)
必至	(ひっし)
必治	(ひっち)
必治薬	(ひっちやく)
必中	(ひっちゅう)
庇う	(かばう)
陛下	(へいか)
畢竟	(ひっきょう)
閉ざす	(とざす)
閉じこめる	(とじこめる)
閉じこもる	(とじこもる)
閉じる	(とじる)
閉じ篭もる	(とじこもる)
閉じ籠もる	(とじこもる)
閉じ込める	(とじこめる)
閉じ込もる	(とじこもる)
閉そく	(へいそく)
閉まる	(しまる)
閉める	(しめる)
閉め出す	(しめだす)
閉め切る	(しめきる)
閉店	(へいてん)
閉端	(へいたん)
閉館	(へいかん)
閉回路	(へいかいろ)
閉会	(へいかい)
閉経	(へいけい)
閉経後	(へいけいご)
閉経期	(へいけいき)
閉口	(へいこう)
閉幕	(へいまく)
閉切る	(しめきる)
閉塞	(へいそく)
閉世界	(へいせかい)
閉所恐怖症	(へいしょきょうふしょう,へいじょきょうふしょう)
閉鎖	(へいさ)
閉息	(へいそく)
閉込める	(とじこめる)
敝衣	(へいい)
蓖麻	(ひま)
蓖麻子	(ひまし)
蓖麻子油	(ひましゆ,ヒマシゆ)
痺れ	(しびれ)
痺れる	(しびれる,シビれる,シビレる)
痺れ感	(しびれかん)
碧	(あお)
碧い	(あおい)
碧空	(へきくう)
碧山	(へきざん)
碧水	(へきすい)
碧眼	(へきがん)
碧玉	(へきぎょく)
蔽い	(おおい)
蔽う	(おおう)
箆	(へら,ヘラ)
弊害	(へいがい)
弊社	(へいしゃ)
弊衣	(へいい)
幣害	(へいがい)
幣制	(へいせい)
篳篥	(ひちりき)
篦	(へら,ヘラ)
壁	(かべ,へき)
壁かけ	(かべかけ)
壁の花	(かべのはな)
壁掛	(かべかけ)
壁掛け	(かべかけ)
壁画	(へきが)
壁蝨	(ダニ,だに)
壁紙	(かべがみ)
避く	(さく)
避ける	(さける,よける)
避る	(さる)
避雷針	(ひらいしん)
避難	(ひなん)
避難訓練	(ひなんくんれん)
避難者	(ひなんしゃ)
避妊	(ひにん)
避暑	(ひしょ)
避暑地	(ひしょち)
髀肉	(ひにく)
斃す	(たおす)
斃れる	(たおれる)
斃死	(へいし)
臂	(ひじ,ヒジ)
襞	(ひだ,ヒダ)
躄蟹	(ザリガニ,ざりがに)
贔負	(ひいき)
贔屓	(ひいき)
贔屓にする	(ひいきにする)
贔屓目	(ひいきめ)
蝙蝠	(こうもり,かわほり,へんぷく)
蝙蝠傘	(こうもりがさ,コウモリがさ)
編	(へん)
編さん	(へんさん)
編みがさ	(あみがさ)
編みだす	(あみだす)
編みもの	(あみもの)
編み棒	(あみぼう)
編み出す	(あみだす)
編み機	(あみき)
編み笠	(あみがさ)
編み目	(あみめ)
編み上げ	(あみあげ)
編み物	(あみもの)
編み針	(あみばり)
編む	(あむ)
編もの	(あみもの)
編棒	(あみぼう)
編成	(へんせい)
編出す	(あみだす)
編隊	(へんたい)
編機	(あみき)
編集	(へんしゅう)
編集部	(へんしゅうぶ)
編集機能	(へんしゅうきのう)
編集者	(へんしゅうしゃ)
編集子	(へんしゅうし)
編輯	(へんしゅう)
編笠	(あみがさ)
編笠茸	(アミガサタケ,あみがさたけ)
編目	(あみめ)
編曲	(へんきょく)
編入	(へんにゅう)
編上げ	(あみあげ)
編物	(あみもの)
編修	(へんしゅう)
編者	(へんしゃ,へんじゃ)
編針	(あみばり)
編纂	(へんさん)
鞭撻	(べんたつ)
扁たい	(ひらたい)
扁額	(へんがく)
扁旁	(へんぼう)
扁平	(へんぺい)
扁平足	(へんぺいそく)
扁青石	(へんせいせき)
扁桃	(へんとう)
扁桃腺	(へんとうせん)
扁桃腺炎	(へんとうせんえん)
扁桃油	(へんとうゆ)
扁舟	(へんしゅう)
貶す	(けなす)
貶む	(さげすむ)
褊狭	(へんきょう)
弁	(べん)
弁える	(わきまえる)
弁じる	(べんじる)
弁じ立てる	(べんじたてる)
弁ずる	(べんずる)
弁別	(べんべつ)
弁柄	(ベンガラ,べんがら)
弁駁	(べんばく,べんぱく)
弁才	(べんさい)
弁才天	(べんざいてん,べざいてん)
弁財天	(べんざいてん,べざいてん)
弁償	(べんしょう)
弁償金	(べんしょうきん)
弁当	(べんとう)
弁当屋	(べんとうや)
弁当箱	(べんとうばこ)
弁當	(べんとう)
弁髪	(べんぱつ)
弁護	(べんご)
弁護料	(べんごりょう)
弁護人	(べんごにん)
弁護士	(べんごし)
弁護士会	(べんごしかい)
弁護団	(べんごだん)
弁護依頼人	(べんごいらいにん)
弁護者	(べんごしゃ)
弁済	(べんさい)
弁解	(べんかい)
弁口	(べんこう)
弁理	(べんり)
弁理士	(べんりし)
弁論	(べんろん)
弁論大会	(べんろんたいかい)
弁明	(べんめい)
弁膜	(べんまく)
弁難	(べんなん)
弁慶	(べんけい)
弁慶の泣き所	(べんけいのなきどころ)
弁慶草	(べんけいそう,ベンケイソウ)
弁慶縞	(べんけいじま)
弁慶格子	(べんけいごうし)
弁慶蟹	(べんけいがに,ベンケイガニ)
弁鰓類	(べんさいるい)
弁舌	(べんぜつ)
弁士	(べんし)
弁疏	(べんそ)
弁天	(べんてん)
弁務官	(べんむかん)
弁者	(べんしゃ)
弁証	(べんしょう)
弁証法	(べんしょうほう)
弁証論	(べんしょうろん)
弁証学	(べんしょうがく)
弁座	(べんざ)
便	(びん)
便じる	(べんじる)
便ずる	(べんずる)
便せん	(びんせん)
便り	(たより,だより)
便る	(たよる)
便々	(べんべん)
便便	(べんべん)
便乗	(びんじょう)
便乗者	(びんじょうしゃ)
便乗主義者	(びんじょうしゅぎしゃ)
便船	(びんせん)
便殿	(びんでん,べんでん)
便法	(べんぽう)
便服	(べんぷく)
便管	(べんかん)
便壺	(べんつぼ,べんこ)
便箋	(びんせん)
便覧	(びんらん,べんらん)
便利	(べんり)
便利さ	(べんりさ)
便利屋	(べんりや)
便秘	(べんぴ)
便佞	(べんねい)
便侫	(べんねい)
便器	(べんき)
便所	(べんじょ)
便通	(べんつう)
便衣	(べんい)
便衣隊	(べんいたい)
便宜	(べんぎ,びんぎ)
便宜上	(べんぎじょう)
便宜主義	(べんぎしゅぎ)
便益	(べんえき)
便意	(べんい)
便坐	(べんざ)
便座	(べんざ)
変	(へん)
変える	(かえる)
変じる	(へんじる)
変ずる	(へんずる)
変てこ	(へんてこ,ヘンテコ)
変てこりん	(へんてこりん,ヘンテコリン)
変に	(へんに)
変ぼう	(へんぼう)
変り	(かわり)
変りもの	(かわりもの,かわりもん)
変り果てる	(かわりはてる)
変り者	(かわりもの,かわりもん)
変り種	(かわりだね)
変る	(かわる)
変ロ短調	(へんロたんちょう)
変わった	(かわった)
変わらない	(かわらない)
変わらぬ	(かわらぬ)
変わり	(かわり)
変わりばえ	(かわりばえ)
変わりはてる	(かわりはてる)
変わりめ	(かわりめ)
変わりもん	(かわりもの,かわりもん)
変わりやすい	(かわりやすい)
変わり果てる	(かわりはてる)
変わり模様	(かわりもよう)
変わり目	(かわりめ)
変わり易い	(かわりやすい)
変わり映え	(かわりばえ)
変わり者	(かわりもの,かわりもん)
変わり種	(かわりだね)
変わる	(かわる)
変成	(へんせい)
変成岩	(へんせいがん)
変電所	(へんでんしょ)
変調	(へんちょう)
変調波	(へんちょうは)
変動	(へんどう)
変法	(へんぽう)
変分学	(へんぶんがく)
変改	(へんかい)
変革	(へんかく)
変格	(へんかく)
変更	(へんこう)
変更不能	(へんこうふのう)
変更履歴	(へんこうりれき)
変光星	(へんこうせい)
変化	(へんか)
変化球	(へんかきゅう)
変幻	(へんげん)
変幻自在	(へんげんじざい)
変換	(へんかん)
変換機	(へんかんき)
変換器	(へんかんき)
変換子	(へんかんし)
変節	(へんせつ)
変圧	(へんあつ)
変圧器	(へんあつき)
変圧所	(へんあつじょ)
変量	(へんりょう)
変流器	(へんりゅうき)
変乱	(へんらん)
変貌	(へんぼう)
変名	(へんめい,へんみょう)
変拍子	(へんびょうし)
変遷	(へんせん)
変人	(へんじん)
変容	(へんよう)
変色	(へんしょく)
変身	(へんしん)
変声期	(へんせいき)
変事	(へんじ)
変数	(へんすう)
変死	(へんし)
変死者	(へんししゃ)
変速	(へんそく)
変速機	(へんそくき)
変態	(へんたい,ヘンタイ)
変態的	(へんたいてき)
変態心理	(へんたいしんり)
変態心理学	(へんたいしんりがく)
変態性欲	(へんたいせいよく)
変体	(へんたい)
変体がな	(へんたいがな)
変体仮名	(へんたいがな)
変梃	(へんてこ,ヘンテコ)
変梃りん	(へんてこりん,ヘンテコリン)
変通	(へんつう)
変位	(へんい)
変物	(へんぶつ)
変心	(へんしん)
変形	(へんけい)
変形ゴマ	(へんけいゴマ)
変形虫類	(へんけいちゅうるい)
変性	(へんせい)
変移	(へんい)
変異	(へんい)
変異体	(へんいたい)
変域	(へんいき)
変災	(へんさい)
変造	(へんぞう)
変則	(へんそく)
変哲もない	(へんてつもない)
変哲も無い	(へんてつもない)
変症	(へんしょう)
変質	(へんしつ)
変質者	(へんしつしゃ)
変種	(へんしゅ)
変装	(へんそう)
変字	(へんじ)
変奏曲	(へんそうきょく)
遍く	(あまねく)
遍歴	(へんれき)
遍路	(へんろ)
遍在	(へんざい)
辨	(べん)
辨える	(わきまえる)
辨別	(べんべつ)
辨財天	(べんざいてん,べざいてん)
辨償	(べんしょう)
辨当	(べんとう)
辨當	(べんとう)
辨済	(べんさい)
辨理	(べんり)
辨明	(べんめい)
辨慶	(べんけい)
辨天	(べんてん)
辨務官	(べんむかん)
辨証	(べんしょう)
辮髪	(べんぱつ)
辯	(べん)
辯駁	(べんばく,べんぱく)
辯才	(べんさい)
辯才天	(べんざいてん,べざいてん)
辯護	(べんご)
辯解	(べんかい)
辯論	(べんろん)
辯明	(べんめい)
辯舌	(べんぜつ)
辯士	(べんし)
辯疏	(べんそ)
辯天	(べんてん)
辯証	(べんしょう)
變	(へん)
變更	(へんこう)
杓文字	(しゃもじ,さもじ)
杓子	(しゃくし)
杓子定規	(しゃくしじょうぎ)
標	(しるし)
標ぼう	(ひょうぼう)
標榜	(ひょうぼう)
標本	(ひょうほん)
標的	(ひょうてき)
標定	(ひょうてい)
標高	(ひょうこう)
標記	(ひょうき)
標縄	(しめなわ)
標識	(ひょうしき)
標示	(ひょうじ)
標題	(ひょうだい)
標語	(ひょうご)
標札	(ひょうさつ)
標徴	(ひょうちょう)
標準	(ひょうじゅん)
標準出力	(ひょうじゅんしゅつりょく)
標準化	(ひょうじゅんか)
標準偏差	(ひょうじゅんへんさ)
標準入力	(ひょうじゅんにゅうりょく)
標準時	(ひょうじゅんじ)
標準誤差	(ひょうじゅんごさ)
標準語	(ひょうじゅんご)
表	(おもて)
表ざた	(おもてざた)
表す	(あらわす)
表する	(ひょうする)
表だつ	(おもてだつ)
表だって	(おもてだって)
表れる	(あらわれる)
表わす	(あらわす)
表白	(ひょうはく)
表表紙	(おもてびょうし)
表側	(おもてがわ)
表層	(ひょうそう)
表層性	(ひょうそうせい)
表出	(ひょうしゅつ)
表帯	(うわおび)
表二階	(おもてにかい)
表付き	(おもてつき)
表構え	(おもてがまえ)
表号	(ひょうごう)
表記	(ひょうき)
表記法	(ひょうきほう)
表解	(ひょうかい)
表具	(ひょうぐ)
表具師	(ひょうぐし)
表具屋	(ひょうぐや)
表決	(ひょうけつ)
表決権	(ひょうけつけん)
表看板	(おもてかんばん)
表口	(おもてぐち)
表裏	(ひょうり,おもてうら)
表裏一体	(ひょうりいったい)
表立つ	(おもてだつ)
表立った	(おもてだった)
表立って	(おもてだって)
表六玉	(ひょうろくだま)
表門	(おもてもん)
表面	(ひょうめん)
表面的	(ひょうめんてき)
表面化	(ひょうめんか)
表面上	(ひょうめんじょう)
表面張力	(ひょうめんちょうりょく)
表明	(ひょうめい)
表皮	(ひょうひ)
表情	(ひょうじょう)
表日本	(おもてにほん)
表沙汰	(おもてざた)
表賞	(ひょうしょう)
表示	(ひょうじ)
表示板	(ひょうじばん)
表示灯	(ひょうじとう)
表示書	(ひょうじしょ)
表示物	(ひょうじぶつ)
表題	(ひょうだい)
表替	(おもてがえ)
表替え	(おもてがえ)
表通	(おもてどおり)
表通り	(おもてどおり)
表土	(ひょうど)
表現	(ひょうげん)
表現形式	(ひょうげんけいしき)
表向き	(おもてむき)
表象	(ひょうしょう)
表玄関	(おもてげんかん)
表意	(ひょうい)
表意文字	(ひょういもじ)
表音文字	(ひょうおんもじ,ひょうおんもんじ)
表音字母	(ひょうおんじぼ)
表芸	(おもてげい)
表在	(ひょうざい)
表札	(ひょうさつ)
表彰	(ひょうしょう)
表彰状	(ひょうしょうじょう)
表着	(うわぎ,じょうい)
表徴	(ひょうちょう)
表紙	(ひょうし)
表忠碑	(ひょうちゅうひ)
表忠塔	(ひょうちゅうとう)
表装	(ひょうそう)
表座敷	(おもてざしき)
俵	(たわら,ひょう)
俵数	(ひょうすう)
俵物	(たわらもの,ひょうもつ)
鼈	(すっぽん,べつ,スッポン)
鼈甲	(べっこう)
鼈甲色	(べっこういろ)
別	(べつ,べち)
別あつらえ	(べつあつらえ)
別け	(わけ)
別けて	(わけて)
別ける	(わける)
別け隔て	(わけへだて)
別け前	(わけまえ)
別して	(べっして)
別ち	(わかち)
別つ	(わかつ)
別て	(わけて)
別なく	(べつなく)
別に	(べつに)
別れ	(わかれ)
別れる	(わかれる)
別れ別れ	(わかれわかれ)
別れ道	(わかれみち)
別れ路	(わかれじ)
別れ目	(わかれめ)
別れ争う	(わかれあらそう)
別報	(べっぽう)
別杯	(べっぱい)
別盃	(べっぱい)
別便	(べつびん)
別表	(べっぴょう)
別々	(べつべつ)
別別	(べつべつ)
別々に	(べつべつに)
別別に	(べつべつに)
別冊	(べっさつ)
別册	(べっさつ)
別称	(べっしょう)
別除権	(べつじょけん)
別辞	(べつじ)
別当	(べっとう)
別邸	(べってい)
別殿	(べつでん)
別動隊	(べつどうたい)
別棟	(べつむね,べっとう)
別働隊	(べつどうたい)
別段	(べつだん,べちだん)
別法	(べっぽう)
別封で	(べっぷうで)
別格	(べっかく)
別個	(べっこ)
別箇	(べっこ)
別館	(べっかん)
別号	(べつごう)
別後	(べつご)
別戸	(べっこ)
別記	(べっき)
別家	(べっけ,べっか)
別間	(べつま)
別件	(べっけん)
別居	(べっきょ)
別巻	(べっかん)
別勘定	(べつかんじょう)
別科	(べっか)
別懇	(べっこん)
別口	(べつくち)
別離	(べつり)
別路	(べつろ)
別売	(べつうり,べつばい)
別売り	(べつうり,べつばい)
別名	(べつめい,べつみょう)
別納	(べつのう)
別派	(べっぱ)
別配達	(べつはいたつ)
別嬪	(べっぴん)
別品	(べっぴん)
別趣	(べっしゅ)
別染め	(べつぞめ)
別人	(べつじん,べつにん)
別時	(べつじ)
別使	(べっし)
別世界	(べっせかい)
別仕立て	(べつじたて)
別事	(べつじ)
別室	(べっしつ)
別送	(べっそう)
別堂	(べつどう)
別天地	(べってんち)
別条	(べつじょう)
別誂え	(べつあつらえ)
別途	(べっと)
別問題	(べつもんだい)
別無く	(べつなく)
別物	(べつもの)
別席	(べっせき)
別項	(べっこう)
別行	(べつぎょう)
別形	(べっけい)
別言	(べつげん)
別言すれば	(べつげんすれば)
別宴	(べつえん)
別業	(べつぎょう)
別儀	(べつぎ,べちぎ)
別意	(べつい)
別義	(べつぎ,べちぎ)
別院	(べついん)
別宅	(べったく)
別珍	(べっちん)
別紙	(べっし)
別製	(べっせい)
別種	(べっしゅ)
別荘	(べっそう)
別状	(べつじょう)
賓客	(ひんきゃく,ひんかく)
瀕死	(ひんし)
殯宮	(ひんきゅう)
鬢長	(ビンナガ,びんなが)
氷	(こおり)
氷つく	(こおりつく)
氷づめ	(こおりづめ)
氷のう	(ひょうのう)
氷る	(こおる)
氷床	(ひょうしょう)
氷醋酸	(ひょうさくさん)
氷袋	(こおりぶくろ)
氷点	(ひょうてん)
氷点下	(ひょうてんか)
氷豆腐	(しみどうふ,こおりどうふ)
氷付く	(こおりつく)
氷菓	(ひょうか)
氷菓子	(こおりがし)
氷海	(ひょうかい)
氷河	(ひょうが)
氷河期	(ひょうがき)
氷河時代	(ひょうがじだい)
氷滑り	(こおりすべり)
氷結	(ひょうけつ)
氷詰	(こおりづめ)
氷詰め	(こおりづめ)
氷解	(ひょうかい)
氷晶	(ひょうしょう)
氷塊	(ひょうかい)
氷輪	(ひょうりん)
氷面	(ひょうめん)
氷嚢	(ひょうのう)
氷期	(ひょうき)
氷人	(ひょうじん)
氷刃	(ひょうじん)
氷砂糖	(こおりざとう)
氷山	(ひょうざん)
氷食	(ひょうしょく)
氷蝕	(ひょうしょく)
氷室	(ひむろ,ひょうしつ)
氷釈	(ひょうしゃく)
氷水	(こおりみず,こおりすい,ひみず)
氷炭	(ひょうたん)
氷田	(ひょうでん)
氷屋	(こおりや)
氷霧	(ひょうむ)
氷像	(ひょうぞう)
氷挟み	(こおりばさみ)
氷削機	(ひょうさくき,ひょうさっき)
氷雪	(ひょうせつ)
氷雨	(ひさめ)
氷原	(ひょうげん)
氷枕	(こおりまくら,ひょうちん)
氷震	(ひょうしん)
氷柱	(つらら,ひょうちゅう)
氷漬け	(こおりづけ)
氷酢酸	(ひょうさくさん)
冰	(ひ)
兵	(いくさ)
兵たん	(へいたん)
兵備	(へいび)
兵変	(へいへん)
兵曹	(へいそう)
兵曹長	(へいそうちょう)
兵長	(へいちょう)
兵車	(へいしゃ)
兵船	(へいせん)
兵端	(へいたん)
兵隊	(へいたい)
兵児帯	(へこおび)
兵法	(へいほう,ひょうほう)
兵法家	(へいほうか)
兵匪	(へいひ)
兵鋒	(へいほう)
兵戈	(へいか)
兵火	(へいか)
兵禍	(へいか)
兵籍	(へいせき)
兵家	(へいか)
兵科	(へいか)
兵庫県	(ひょうごけん)
兵庫縣	(ひょうごけん)
兵力	(へいりょく)
兵力削減	(へいりょくさくげん)
兵粮	(ひょうろう)
兵糧	(ひょうろう)
兵糧攻め	(ひょうろうぜめ)
兵糧米	(ひょうろうまい)
兵六玉	(ひょうろくだま)
兵乱	(へいらん)
兵略	(へいりゃく)
兵馬	(へいば)
兵難	(へいなん)
兵器	(へいき)
兵器廠	(へいきしょう)
兵器工	(へいきこう)
兵器工場	(へいきこうじょう)
兵器庫	(へいきこ)
兵器拡散	(へいきかくさん)
兵器輸出	(へいきゆしゅつ)
兵権	(へいけん)
兵刃	(へいじん)
兵舎	(へいしゃ)
兵食	(へいしょく)
兵士	(へいし)
兵式体操	(へいしきたいそう)
兵事	(へいじ)
兵書	(へいしょ)
兵数	(へいすう)
兵団	(へいだん)
兵威	(へいい)
兵燹	(へいせん)
兵学	(へいがく)
兵学校	(へいがっこう)
兵学者	(へいがくしゃ)
兵役	(へいえき)
兵役忌避	(へいえききひ)
兵役免状	(へいえきめんじょう)
兵営	(へいえい)
兵語	(へいご)
兵員	(へいいん)
兵站	(へいたん)
兵站部	(へいたんぶ)
兵站基地	(へいたんきち)
兵站線	(へいたんせん)
兵站学	(へいたんがく)
兵仗	(ひょうじょう,へいじょう)
兵制	(へいせい)
兵種	(へいしゅ)
兵卒	(へいそつ)
丙	(へい,ひのえ)
丙午	(ひのえうま,へいご)
柄	(がら,ガラ)
柄が悪い	(ガラがわるい,がらがわるい)
禀告	(りんこく,ひんこく)
禀請	(りんせい)
禀請書	(りんせいしょ)
禀性	(ひんせい,りんせい)
禀議	(りんぎ,ひんぎ)
禀議書	(りんぎしょ)
禀質	(ひんしつ)
稟告	(りんこく,ひんこく)
稟請	(りんせい)
稟議	(りんぎ,ひんぎ)
稟議書	(りんぎしょ)
鞆絵	(ともえ)
餅	(もち)
餠	(もち)
并呑	(へいどん)
併さる	(あわさる)
併し	(しかし,しっかし)
併しながら	(しかしながら)
併し乍ら	(しかしながら)
併せて	(あわせて)
併せる	(あわせる)
併せ考える	(あわせかんがえる)
併せ用いる	(あわせもちいる)
併どん	(へいどん)
併称	(へいしょう)
併読	(へいどく)
併発	(へいはつ)
併発症	(へいはつしょう)
併合	(へいごう)
併記	(へいき)
併進	(へいしん)
併立	(へいりつ)
併起	(へいき)
併殺	(へいさつ)
併設	(へいせつ)
併吞	(へいどん)
併呑	(へいどん)
併行	(へいこう)
併行線	(へいこうせん)
併音	(ピンイン)
併用	(へいよう)
併有	(へいゆう)
併置	(へいち)
並	(なみ)
並いる	(なみいる)
並たいてい	(なみたいてい)
並に	(ならびに)
並はずれる	(なみはずれる)
並び	(ならび)
並びない	(ならびない)
並びなき	(ならびなき)
並びに	(ならびに)
並び無い	(ならびない)
並び無き	(ならびなき)
並ぶ	(ならぶ)
並べる	(ならべる)
並べ方	(ならべかた)
並べ立てる	(ならべたてる)
並み	(なみ)
並みいる	(なみいる)
並みはずれる	(なみはずれる)
並み並み	(なみなみ)
並み並みならぬ	(なみなみならぬ)
並み歩	(なみあし)
並み大抵	(なみたいてい)
並み幅	(なみはば)
並み居る	(なみいる)
並み木	(なみき)
並み外れ	(なみはずれ)
並み外れる	(なみはずれる)
並み型	(なみがた)
並み足	(なみあし)
並めて	(なめて)
並々	(なみなみ)
並々ならぬ	(なみなみならぬ)
並並	(なみなみ)
並並ならぬ	(なみなみならぬ)
並称	(へいしょう)
並大抵	(なみたいてい)
並幅	(なみはば)
並記	(へいき)
並巾	(なみはば)
並進	(へいしん)
並居る	(なみいる)
並立	(へいりつ)
並列	(へいれつ)
並木	(なみき)
並樹	(なみき)
並外れ	(なみはずれ)
並外れる	(なみはずれる)
並行	(へいこう)
並行線	(へいこうせん)
並用	(へいよう)
並置	(へいち)
並製	(なみせい)
並足	(なみあし)
病	(やまい)
病い	(やまい)
病き	(いたずき,いたつき,いたづき)
病みつき	(やみつき,ヤミツキ)
病みつく	(やみつく)
病み付き	(やみつき,ヤミツキ)
病み付く	(やみつく)
病み上がり	(やみあがり)
病み上り	(やみあがり)
病む	(やむ)
病巣	(びょうそう)
病床	(びょうしょう)
病牀	(びょうしょう)
病的	(びょうてき)
病棟	(びょうとう)
病後	(びょうご)
病菌	(びょうきん)
病苦	(びょうく)
病理学	(びょうりがく)
病名	(びょうめい)
病気	(びょうき,ビョーキ)
病気の流行	(びょうきのりゅうこう)
病氣	(びょうき,ビョーキ)
病人	(びょうにん)
病弱	(びょうじゃく)
病室	(びょうしつ)
病死	(びょうし)
病原	(びょうげん)
病原菌	(びょうげんきん)
病源	(びょうげん)
病源菌	(びょうげんきん)
病院	(びょういん)
病徴	(びょうちょう)
病症	(びょうしょう)
病状	(びょうじょう)
波	(なみ)
波うちぎわ	(なみうちぎわ)
波うつ	(なみうつ)
波長	(はちょう)
波乗	(なみのり)
波乗り	(なみのり)
波打ち際	(なみうちぎわ)
波打つ	(なみうつ)
波打つ髪	(なみうつかみ)
波打際	(なみうちぎわ)
波動	(はどう)
波戸場	(はとば)
波及	(はきゅう)
波間に	(なみまに)
波蘭	(ポーランド)
波瀾	(はらん)
波瀾万丈	(はらんばんじょう)
波浪	(はろう)
波乱	(はらん)
波乱バンジョー	(はらんばんじょう)
波乱万丈	(はらんばんじょう)
波頭	(なみがしら,はとう)
波紋	(はもん)
波線	(はせん,なみせん)
波行	(はぎょう)
波形	(はけい,なみがた)
波止場	(はとば)
玻璃	(はり)
剥がし暦	(はがしごよみ)
剥がす	(はがす,へがす)
剥がれる	(はがれる)
剥きだし	(むきだし)
剥きだす	(むきだす)
剥き出し	(むきだし)
剥き出す	(むきだす)
剥ぎ取り	(はぎとり)
剥ぎ取る	(はぎとる)
剥き身	(すきみ)
剥く	(むく)
剥ぐ	(はぐ,へぐ)
剥ける	(むける)
剥げる	(はげる)
剥げ落ちる	(はげおちる)
剥し暦	(はがしごよみ)
剥す	(はがす,へがす)
剥る	(へずる)
剥れる	(むくれる)
剥出し	(むきだし)
剥奪	(はくだつ)
剥離	(はくり)
剥落	(はくらく)
剥取	(はぎとり)
剥取る	(はぎとる)
剥身	(すきみ)
剥脱	(はくだつ)
剥製	(はくせい)
剥製術	(はくせいじゅつ)
剝がし暦	(はがしごよみ)
剝がす	(はがす,へがす)
剝がれる	(はがれる)
剝き出す	(むきだす)
剝ぎ取り	(はぎとり)
剝ぎ取る	(はぎとる)
剝き身	(すきみ)
剝く	(むく)
剝ぐ	(はぐ,へぐ)
剝ける	(むける)
剝げる	(はげる)
剝げ落ちる	(はげおちる)
剝し暦	(はがしごよみ)
剝れる	(むくれる)
剝奪	(はくだつ)
剝離	(はくり)
剝落	(はくらく)
剝脱	(はくだつ)
剝製	(はくせい)
菠薐草	(ほうれんそう,ホウレンソウ)
鉢	(はち)
鉢合せ	(はちあわせ)
鉢合わせ	(はちあわせ)
鉢巻	(はちまき,ハチマキ)
鉢巻き	(はちまき,ハチマキ)
鉢植	(はちうえ)
鉢植え	(はちうえ)
播州	(ばんしゅう)
撥	(ばち,バチ)
撥ね	(はね,ハネ)
撥ねつける	(はねつける)
撥ね除ける	(はねのける)
撥ね返す	(はねかえす)
撥ね飛ばす	(はねとばす)
撥ね付ける	(はねつける)
撥ね退ける	(はねのける)
撥条	(ばね,ぜんまい,バネ)
撥音	(はつおん)
伯	(はく)
伯父	(おじ,はくふ,しゅくふ)
伯爵	(はくしゃく)
伯剌西爾	(ブラジル)
伯労	(もず,モズ)
伯母	(おば,はくぼ,しゅくぼ)
伯叔	(はくしゅく)
伯兄	(はっけい)
伯楽	(ばくろう,はくらく)
伯仲	(はくちゅう)
帛紗	(ふくさ)
狛犬	(こまいぬ)
勃々	(ぼつぼつ)
勃勃	(ぼつぼつ)
勃発	(ぼっぱつ)
勃起	(ぼっき)
勃興	(ぼっこう)
勃牙利	(ブルガリア)
舶来	(はくらい)
舶来品	(はくらいひん)
博	(はく,ばく)
博愛	(はくあい)
博愛家	(はくあいか)
博愛主義	(はくあいしゅぎ)
博打	(ばくち)
博大	(はくだい)
博覧	(はくらん)
博覧会	(はくらんかい)
博覧強記	(はくらんきょうき)
博労	(ばくろう,はくらく)
博識	(はくしき)
博士	(はかせ)
博士号	(はくしごう,はかせごう)
博士課程	(はくしかてい,はかせかてい)
博士論文	(はかせろんぶん,はくしろんぶん)
博徒	(ばくと)
博聞	(はくぶん)
博物	(はくぶつ)
博物館	(はくぶつかん)
博物学	(はくぶつがく)
博学	(はくがく)
博学多才	(はくがくたさい)
博学力行	(はくがくりょっこう)
博学者	(はくがくしゃ)
博雅	(はくが)
博奕	(ばくち)
博奕宿	(ばくちやど)
博引傍証	(はくいんぼうしょう)
博引旁証	(はくいんぼうしょう)
搏つ	(うつ)
駁	(ぶち,はん,ふ)
駮	(ぶち,はん,ふ)
跛	(びっこ,ちんば,あしなえ)
擘く	(つんざく)
卜	(ぼく)
卜い	(うらない)
卜う	(うらなう)
卜居	(ぼっきょ)
卜筮	(ぼくぜい)
卜書	(うらぶみ)
卜占	(ぼくせん)
卜者	(ぼくしゃ)
捕える	(とらえる)
捕そく	(ほそく)
捕まえる	(つかまえる)
捕まる	(つかまる)
捕らえる	(とらえる)
捕らぬ狸の皮算用	(とらぬたぬきのかわざんよう)
捕らわれる	(とらわれる)
捕り縄	(とりなわ)
捕り物	(とりもの)
捕る	(とる)
捕われる	(とらわれる)
捕縛	(ほばく)
捕獲	(ほかく)
捕穫	(ほかく)
捕鯨	(ほげい)
捕鯨船	(ほげいせん)
捕虜	(ほりょ)
捕虜交換	(ほりょこうかん)
捕虜収容所	(ほりょしゅうようじょ)
捕球	(ほきゅう)
捕殺	(ほさつ)
捕縄	(とりなわ)
捕食	(ほしょく)
捕手	(ほしゅ)
捕物	(とりもの)
捕逸	(ほいつ)
捕捉	(ほそく)
哺乳	(ほにゅう)
哺乳びん	(ほにゅうびん)
哺乳動物	(ほにゅうどうぶつ)
哺乳類	(ほにゅうるい)
哺乳瓶	(ほにゅうびん)
補う	(おぎなう)
補弼	(ほひつ)
補償	(ほしょう)
補償金	(ほしょうきん)
補充	(ほじゅう)
補導	(ほどう)
補給	(ほきゅう)
補給幹線	(ほきゅうかんせん)
補間	(ほかん)
補角	(ほかく)
補欠	(ほけつ)
補強	(ほきょう)
補闕	(ほけつ)
補数	(ほすう)
補題	(ほだい)
補聴器	(ほちょうき)
補完	(ほかん)
補習教育	(ほしゅうきょういく)
補修	(ほしゅう)
補遺	(ほい)
補翼	(ほよく)
補語	(ほご)
補則	(ほそく)
補正	(ほせい)
補助	(ほじょ)
補助動詞	(ほじょどうし)
補助漢字	(ほじょかんじ)
補助記憶装置	(ほじょきおくそうち)
補助艦艇	(ほじょかんてい)
補助金	(ほじょきん)
補綴	(ほてつ,ほてい)
補足	(ほそく)
補佐	(ほさ)
不きげん	(ふきげん)
不ぞろい	(ふぞろい,ふそろい)
不マジメ	(ふまじめ)
不まじめ	(ふまじめ)
不愛想	(ぶあいそう,ぶあいそ)
不安	(ふあん)
不安げ	(ふあんげ)
不安の種	(ふあんのたね)
不安定	(ふあんてい)
不安気	(ふあんげ)
不安心	(ふあんしん)
不案内	(ふあんない)
不抜	(ふばつ)
不敗	(ふはい)
不備	(ふび)
不本意	(ふほんい)
不必要	(ふひつよう)
不便	(ふびん)
不変	(ふへん)
不変性	(ふへんせい)
不才	(ふさい)
不材	(ふさい)
不裁可	(ふさいか)
不参	(ふさん)
不参加	(ふさんか)
不側不離	(ふそくふり)
不測	(ふそく)
不徹底	(ふてってい)
不臣	(ふしん)
不成功	(ふせいこう)
不成績	(ふせいせき)
不成立	(ふせいりつ)
不承	(ふしょう)
不承不承	(ふしょうぶしょう)
不承諾	(ふしょうだく)
不承認	(ふしょうにん)
不承知	(ふしょうち)
不誠実	(ふせいじつ)
不誠意	(ふせいい)
不逞	(ふてい)
不充分	(ふじゅうぶん)
不出来	(ふでき)
不純	(ふじゅん)
不純物	(ふじゅんぶつ)
不次	(ふじ)
不従順	(ふじゅうじゅん)
不達	(ふたつ)
不当	(ふとう)
不当たり	(ふあたり)
不当り	(ふあたり)
不当労働行為	(ふとうろうどうこうい)
不当利得	(ふとうりとく)
不当廉売	(ふとうれんばい)
不党	(ふとう)
不導体	(ふどうたい)
不導性	(ふどうせい)
不倒翁	(ふとうおう)
不道徳	(ふどうとく)
不道理	(ふどうり)
不得策	(ふとくさく)
不得手	(ふえて)
不得要領	(ふとくようりょう)
不得意	(ふとくい)
不徳	(ふとく)
不徳漢	(ふとくかん)
不等	(ふとう)
不等辺	(ふとうへん)
不等号	(ふとうごう)
不敵	(ふてき)
不敵不敵しい	(ふてぶてしい)
不釣り合い	(ふつりあい)
不釣合	(ふつりあい)
不釣合い	(ふつりあい)
不調	(ふちょう)
不調法	(ぶちょうほう)
不調和	(ふちょうわ)
不定	(ふてい)
不定詞	(ふていし)
不定法	(ふていほう)
不定冠詞	(ふていかんし)
不定計量空間	(ふていけいりょうくうかん)
不定期	(ふていき)
不凍	(ふとう)
不凍港	(ふとうこう)
不凍海	(ふとうかい)
不凍剤	(ふとうざい)
不凍液	(ふとうえき)
不動	(ふどう)
不動産	(ふどうさん)
不動産屋	(ふどうさんや)
不動産業者	(ふどうさんぎょうしゃ)
不動明王	(ふどうみょうおう)
不動心	(ふどうしん)
不都合	(ふつごう)
不斗	(ふと)
不渡り	(ふわたり)
不渡り手形	(ふわたりてがた)
不渡り小切手	(ふわたりこぎって)
不渡手形	(ふわたりてがた)
不断	(ふだん)
不断着	(ふだんぎ)
不悪	(あしからず)
不二	(ふじ)
不二山	(ふじさん,ふじやま)
不発	(ふはつ)
不発弾	(ふはつだん)
不法	(ふほう)
不法集会	(ふほうしゅうかい)
不法侵入	(ふほうしんにゅう)
不法入国	(ふほうにゅうこく)
不法移民	(ふほういみん)
不法占有	(ふほうせんゆう)
不凡	(ふぼん)
不払い	(ふばらい)
不分割	(ふぶんかつ)
不風流	(ぶふうりゅう)
不服	(ふふく)
不服従	(ふふくじゅう)
不感症	(ふかんしょう)
不干渉	(ふかんしょう)
不格好	(ぶかっこう)
不耕作地	(ふこうさくち)
不工合	(ふぐあい)
不公平	(ふこうへい)
不公平競争	(ふこうへいきょうそう)
不公正	(ふこうせい)
不慣	(ふなれ)
不慣れ	(ふなれ)
不帰	(ふき)
不規律	(ふきりつ)
不規則	(ふきそく)
不規則動詞	(ふきそくどうし)
不軌	(ふき)
不好き	(ぶすき)
不合格	(ふごうかく)
不合理	(ふごうり)
不和	(ふわ)
不和雷同	(ふわらいどう)
不換紙幣	(ふかんしへい)
不揮発性	(ふきはつせい)
不活動	(ふかつどう)
不活発	(ふかっぱつ)
不活化	(ふかつか)
不活溌	(ふかっぱつ)
不活性	(ふかっせい)
不活性ガス	(ふかっせいガス)
不惑	(ふわく)
不機嫌	(ふきげん)
不羇	(ふき)
不羈	(ふき)
不羈奔放	(ふきほんぽう)
不吉	(ふきつ)
不即不離	(ふそくふり)
不急	(ふきゅう)
不甲斐ない	(ふがいない)
不甲斐無い	(ふがいない)
不揃い	(ふぞろい,ふそろい)
不間	(ぶま)
不検束	(ふけんそく)
不見識	(ふけんしき)
不見転芸者	(みずてんげいしゃ)
不健康	(ふけんこう)
不健全	(ふけんぜん)
不結果	(ふけっか)
不節制	(ふせっせい)
不潔	(ふけつ)
不介入	(ふかいにゅう)
不届き	(ふとどき)
不尽	(ふじん)
不尽山	(ふじさん,ふじやま)
不謹慎	(ふきんしん)
不経済	(ふけいざい)
不精	(ぶしょう)
不精不精	(ふしょうぶしょう)
不精巧	(ふせいこう)
不精者	(ぶしょうもの)
不精髭	(ぶしょうひげ)
不景気	(ふけいき)
不浄	(ふじょう)
不浄場	(ふじょうば)
不敬	(ふけい)
不敬虔	(ふけいけん)
不敬罪	(ふけいざい)
不具	(ふぐ)
不具合	(ふぐあい)
不具者	(ふぐしゃ)
不俱戴天	(ふぐたいてん)
不倶戴天	(ふぐたいてん)
不決定	(ふけってい)
不決断	(ふけつだん)
不覚	(ふかく)
不覚の涙	(ふかくのなみだ)
不覚の一投	(ふかくのいっとう)
不覚者	(ふかくもの)
不均等	(ふきんとう)
不均衡	(ふきんこう)
不均斉	(ふきんせい)
不均質	(ふきんしつ)
不可	(ふか)
不可避	(ふかひ)
不可分	(ふかぶん)
不可解	(ふかかい)
不可抗力	(ふかこうりょく)
不可能	(ふかのう)
不可能選択	(ふかのうせんたく)
不可逆	(ふかぎゃく)
不可欠	(ふかけつ)
不可侵	(ふかしん)
不可侵条約	(ふかしんじょうやく)
不可入性	(ふかにゅうせい)
不可視	(ふかし)
不可視光線	(ふかしこうせん)
不可思議	(ふかしぎ)
不可誤	(ふかご)
不可知	(ふかち)
不可知的	(ふかちてき)
不可知論	(ふかちろん)
不空成就	(ふくうじょうじゅ)
不苦労	(ふくろう,フクロウ)
不快	(ふかい)
不寛容	(ふかんよう)
不況	(ふきょう)
不拡大	(ふかくだい)
不欄	(ふらん)
不労	(ふろう)
不労所得	(ふろうしょとく)
不老	(ふろう)
不老不死	(ふろうふし)
不老泉	(ふろうせん)
不了簡	(ふりょうけん)
不了見	(ふりょうけん)
不離	(ふり)
不礼	(ぶれい)
不理	(ふり)
不利	(ふり)
不利益	(ふりえき)
不例	(ふれい)
不連続	(ふれんぞく)
不良	(ふりょう)
不良貸し付け	(ふりょうかしつけ)
不良導体	(ふりょうどうたい)
不良化	(ふりょうか)
不良品	(ふりょうひん)
不良少年	(ふりょうしょうねん)
不良診断	(ふりょうしんだん)
不量見	(ふりょうけん)
不料簡	(ふりょうけん)
不埓	(ふらち)
不埒	(ふらち)
不流通	(ふりゅうつう)
不倫	(ふりん)
不倫罪	(ふりんざい)
不履行	(ふりこう)
不慮	(ふりょ)
不買	(ふばい)
不買同盟	(ふばいどうめい)
不満	(ふまん)
不満足	(ふまんぞく)
不毛	(ふもう)
不毛の地	(ふもうのち)
不躾	(ぶしつけ)
不眠	(ふみん)
不眠不休	(ふみんふきゅう)
不眠症	(ふみんしょう)
不勉強	(ふべんきょう)
不面目	(ふめんぼく,ふめんもく)
不滅	(ふめつ)
不敏	(ふびん)
不愍	(ふびん)
不憫	(ふびん)
不名数	(ふめいすう)
不名誉	(ふめいよ)
不明	(ふめい)
不明りょう	(ふめいりょう)
不明朗	(ふめいろう)
不明瞭	(ふめいりょう)
不明確	(ふめいかく)
不謬性	(ふびゅうせい)
不磨	(ふま)
不納	(ふのう)
不撓	(ふとう)
不撓不屈	(ふとうふくつ)
不能	(ふのう)
不偏	(ふへん)
不偏不党	(ふへんふとう)
不品行	(ふひんこう)
不平	(ふへい)
不平不満	(ふへいふまん)
不平等	(ふびょうどう)
不評	(ふひょう)
不評判	(ふひょうばん)
不期	(ふき)
不斉	(ふせい)
不起訴	(ふきそ)
不気味	(ぶきみ)
不気嫌	(ふきげん)
不器	(ふき)
不器量	(ぶきりょう,ふきりょう)
不器用	(ぶきよう)
不器用者	(ぶきようもの)
不恰好	(ぶかっこう)
不錆鋼	(ふせいこう)
不侵略	(ふしんりゃく)
不寝の番	(ねずのばん)
不寝番	(ねずばん,ふしんばん)
不請不請	(ふしょうぶしょう)
不親切	(ふしんせつ)
不屈	(ふくつ)
不全	(ふぜん)
不確か	(ふたしか)
不確実	(ふかくじつ)
不燃	(ふねん)
不燃性	(ふねんせい)
不熱心	(ふねっしん)
不人気	(ふにんき)
不人情	(ふにんじょう)
不仁	(ふじん)
不妊	(ふにん)
不妊症	(ふにんしょう)
不姙	(ふにん)
不認承	(ふにんしょう)
不認可	(ふにんか)
不日	(ふじつ)
不如帰	(ホトトギス,ほととぎす)
不如意	(ふにょい)
不入り	(ふいり)
不善	(ふぜん)
不善感	(ふぜんかん)
不摂生	(ふせっせい)
不身持ち	(ふみもち)
不審	(ふしん)
不審火	(ふしんび,ふしんか)
不審尋問	(ふしんじんもん)
不審訊問	(ふしんじんもん)
不生産的	(ふせいさんてき)
不勝手	(ふかって)
不十分	(ふじゅうぶん)
不実	(ふじつ)
不時	(ふじ)
不時着	(ふじちゃく)
不時着陸	(ふじちゃくりく)
不使用	(ふしよう)
不始末	(ふしまつ)
不世出	(ふせいしゅつ)
不仕付け	(ぶしつけ)
不仕合せ	(ふしあわせ)
不仕合わせ	(ふしあわせ)
不仕末	(ふしまつ)
不似合	(ふにあい)
不似合い	(ふにあい)
不勢	(ぶぜい)
不嗜	(ぶたしなみ)
不適	(ふてき)
不適当	(ふてきとう)
不適格	(ふてきかく,ふてっかく)
不適切	(ふてきせつ)
不適任	(ふてきにん)
不手回し	(ふてまわし)
不手際	(ふてぎわ)
不首尾	(ふしゅび)
不熟練	(ふじゅくれん)
不束	(ふつつか)
不束者	(ふつつかもの)
不順	(ふじゅん)
不思議	(ふしぎ)
不死	(ふし)
不死鳥	(ふしちょう)
不死身	(ふじみ)
不随	(ふずい)
不随意	(ふずいい)
不随意筋	(ふずいいきん)
不粋	(ぶすい)
不所存	(ふしょぞん)
不所存者	(ふしょぞんもの)
不特定	(ふとくてい)
不特定多数	(ふとくていたすう)
不体裁	(ふていさい)
不条理	(ふじょうり)
不通	(ふつう)
不同	(ふどう)
不同化	(ふどうか)
不同意	(ふどうい)
不統一	(ふとういつ)
不透明	(ふとうめい)
不図	(ふと)
不圖	(ふと)
不退	(ふたい)
不退転	(ふたいてん)
不完全	(ふかんぜん)
不為	(ふため)
不味	(ふみ)
不味い	(まずい,マズイ,マズい)
不衛生	(ふえいせい)
不文	(ふぶん)
不文法	(ふぶんほう)
不文律	(ふぶんりつ)
不文明	(ふぶんめい)
不穏	(ふおん)
不穏当	(ふおんとう)
不穏分子	(ふおんぶんし)
不穏文書	(ふおんぶんしょ)
不問	(ふもん)
不問にふす	(ふもんにふす)
不問に付す	(ふもんにふす)
不問に附す	(ふもんにふす)
不悉	(ふしつ)
不細工	(ぶさいく,ぶざいく,ブサイク)
不鮮明	(ふせんめい)
不相応	(ふそうおう)
不祥	(ふしょう)
不祥不祥	(ふしょうぶしょう)
不祥事	(ふしょうじ)
不詳	(ふしょう)
不向き	(ふむき)
不消化	(ふしょうか)
不消化物	(ふしょうかぶつ)
不孝	(ふこう,ふきょう)
不肖	(ふしょう)
不心得	(ふこころえ)
不信	(ふしん)
不信任	(ふしんにん)
不信任案	(ふしんにんあん)
不信任投票	(ふしんにんとうひょう)
不信実	(ふしんじつ)
不信心	(ふしんじん)
不信仰	(ふしんこう)
不信義	(ふしんぎ)
不信用	(ふしんよう)
不信者	(ふしんじゃ)
不行き届き	(ふゆきとどき)
不行跡	(ふぎょうせき)
不行届き	(ふゆきとどき)
不行儀	(ふぎょうぎ)
不行状	(ふぎょうじょう)
不幸	(ふこう)
不幸せ	(ふしあわせ)
不興	(ふきょう)
不朽	(ふきゅう)
不朽の名作	(ふきゅうのめいさく)
不銹鋼	(ふしゅうこう)
不宣	(ふせん)
不馴	(ふなれ)
不馴れ	(ふなれ)
不遜	(ふそん)
不言	(ふげん)
不言不語	(ふげんふご)
不言実行	(ふげんじっこう)
不養生	(ふようじょう)
不様	(ぶざま)
不要	(ふよう)
不夜城	(ふやじょう)
不一	(ふいつ,ふいち)
不一致	(ふいっち)
不乙	(ふいつ,ふいち)
不易	(ふえき)
不意	(ふい)
不意打ち	(ふいうち)
不意撃ち	(ふいうち)
不意気	(ぶいき)
不意試験	(ふいしけん)
不意討ち	(ふいうち)
不義	(ふぎ)
不義理	(ふぎり)
不印	(ふじるし)
不用	(ふよう)
不用品	(ふようひん)
不用心	(ぶようじん,ふようじん)
不用意	(ふようい)
不愉快	(ふゆかい)
不虞	(ふぐ)
不漁	(ふりょう)
不予	(ふよ)
不語	(ふご)
不遇	(ふぐう)
不縁	(ふえん)
不遠慮	(ぶえんりょ)
不運	(ふうん)
不在	(ふざい)
不在地主	(ふざいじぬし)
不在投票	(ふざいとうひょう)
不在証明	(ふざいしょうめい)
不賛成	(ふさんせい)
不戦	(ふせん)
不戦勝	(ふせんしょう)
不着	(ふちゃく)
不貞	(ふてい)
不貞不貞しい	(ふてぶてしい)
不貞腐れる	(ふてくされる)
不貞寝	(ふてね)
不真面目	(ふまじめ)
不振	(ふしん)
不整	(ふせい)
不整合	(ふせいごう)
不整合人	(ふせいごうじん)
不整脈	(ふせいみゃく)
不正	(ふせい)
不正乗車	(ふせいじょうしゃ)
不正規	(ふせいき)
不正規軍	(ふせいきぐん)
不正規戦	(ふせいきせん)
不正確	(ふせいかく)
不正事件	(ふせいじけん)
不正行為	(ふせいこうい)
不正直	(ふしょうじき)
不知	(ふち)
不知火	(しらぬい,しらぬひ)
不治	(ふじ,ふち)
不智	(ふち)
不忠	(ふちゅう)
不仲	(ふなか)
不注意	(ふちゅうい)
不祝儀	(ぶしゅうぎ)
不自然	(ふしぜん)
不自由	(ふじゆう)
不足	(ふそく)
不足前	(たらずまえ)
不足勝	(ふそくがち)
不作	(ふさく)
不作法	(ぶさほう)
布	(ぬの,ふ)
布く	(しく)
布地	(ぬのじ)
布告	(ふこく)
布巾	(ふきん)
布設	(ふせつ)
布施	(ふせ)
布石	(ふせき)
布団	(ふとん)
布哇	(ハワイ)
步く	(あるく)
歩	(あゆみ)
歩きまわる	(あるきまわる)
歩き回る	(あるきまわる)
歩き廻る	(あるきまわる)
歩く	(あるく)
歩み	(あゆみ)
歩みよる	(あゆみよる)
歩み方	(あゆみかた)
歩み寄る	(あゆみよる)
歩む	(あゆむ)
歩兵	(ほへい)
歩兵戦闘車両	(ほへいせんとうしゃりょう)
歩道	(ほどう)
歩道橋	(ほどうきょう)
歩調	(ほちょう)
歩合	(ぶあい)
歩行	(ほこう)
歩行者	(ほこうしゃ)
歩行者優先	(ほこうしゃゆうせん)
怖い	(こわい)
怖がる	(こわがる)
怖じる	(おじる)
怖る	(おそる)
怖れ	(おそれ)
怖れる	(おそれる)
怖ろしい	(おそろしい)
捗る	(はかどる)
捗々しい	(はかばかしい)
捗捗しい	(はかばかしい)
部	(ぶ)
部材	(ぶざい)
部長	(ぶちょう)
部隊	(ぶたい)
部隊撤退	(ぶたいてったい)
部隊区分	(ぶたいくぶん)
部分	(ぶぶん)
部分的	(ぶぶんてき)
部分集合	(ぶぶんしゅうごう)
部分麻酔	(ぶぶんますい)
部厚い	(ぶあつい)
部類	(ぶるい)
部落	(ぶらく)
部落民	(ぶらくみん)
部門	(ぶもん)
部面	(ぶめん)
部内	(ぶない)
部品	(ぶひん)
部首	(ぶしゅ)
部署	(ぶしょ)
部数	(ぶすう)
部所	(ぶしょ)
部外	(ぶがい)
部外秘	(ぶがいひ)
部外者	(ぶがいしゃ)
部位	(ぶい)
部屋	(へや)
部屋代	(へやだい)
部屋着	(へやぎ)
部下	(ぶか)
部員	(ぶいん)
部族	(ぶぞく)
埠頭	(ふとう)
簿記	(ぼき)
簿外	(ぼがい)
擦った揉んだ	(すったもんだ)
擦り	(かすり)
擦りガラス	(すりガラス)
擦りつける	(こすりつける,すりつける)
擦りむく	(すりむく)
擦り抜ける	(すりぬける)
擦り剥く	(すりむく)
擦り剥ける	(すりむける)
擦り剝く	(すりむく)
擦り疵	(すりきず)
擦り付ける	(こすりつける,すりつける)
擦り寄る	(すりよる)
擦り減らす	(すりへらす)
擦り切る	(すりきる)
擦り切れる	(すりきれる)
擦り傷	(すりきず)
擦り替える	(すりかえる)
擦り消す	(すりけす)
擦り込む	(すりこむ)
擦る	(こする)
擦れっからし	(すれっからし)
擦れっ枯し	(すれっからし)
擦れっ枯らし	(すれっからし)
擦れる	(すれる)
擦れ擦れ	(すれすれ,スレスレ)
擦れ合う	(すれあう,こすれあう)
擦れ違い	(すれちがい)
擦れ違う	(すれちがう)
擦抜ける	(すりぬける)
擦剥く	(すりむく)
擦剥ける	(すりむける)
擦付ける	(なすりつける)
擦過傷	(さっかしょう)
擦寄る	(すりよる)
擦切る	(すりきる)
擦傷	(すりきず)
偲ぶ	(しのぶ)
猜疑	(さいぎ)
猜疑心	(さいぎしん)
才	(さい)
才筆	(さいひつ)
才槌	(さいづち)
才槌頭	(さいづちあたま)
才徳	(さいとく)
才噸	(さいとん)
才分	(さいぶん)
才幹	(さいかん)
才覚	(さいかく)
才力	(さいりょく)
才量	(さいりょう)
才略	(さいりゃく)
才名	(さいめい)
才能	(さいのう)
才女	(さいじょ)
才気	(さいき)
才気煥発	(さいきかんぱつ)
才気縦横	(さいきじゅうおう)
才器	(さいき)
才人	(さいじん)
才色	(さいしょく)
才色兼備	(さいしょくけんび)
才弾ける	(さいはじける)
才腕	(さいわん)
才未満	(さいみまん)
才物	(さいぶつ)
才学	(さいがく)
才媛	(さいえん)
才芸	(さいげい)
才藻	(さいそう)
才知	(さいち)
才智	(さいち)
才子	(さいし)
才走る	(さいばしる)
材料	(ざいりょう)
材木	(ざいもく)
材器	(さいき)
材質	(ざいしつ)
財	(ざい)
財宝	(ざいほう)
財布	(さいふ)
財産	(ざいさん)
財閥	(ざいばつ)
財貨	(ざいか)
財界	(ざいかい)
財経	(ざいけい)
財力	(ざいりょく)
財団	(ざいだん)
財団法人	(ざいだんほうじん)
財物	(ざいぶつ,ざいもつ)
財務	(ざいむ)
財務トランザクション	(ざいむトランザクション)
財務体質	(ざいむたいしつ)
財源	(ざいげん)
財政	(ざいせい)
財政安定	(ざいせいあんてい)
財政改革	(ざいせいかいかく)
財政均衡計画	(ざいせいきんこうけいかく)
財政力	(ざいせいりょく)
財政難	(ざいせいなん)
財政破綻	(ざいせいはたん)
財政収支	(ざいせいしゅうし)
財政危機	(ざいせいきき)
財政問題	(ざいせいもんだい)
財政支援	(ざいせいしえん)
裁	(さい)
裁き	(さばき)
裁きの庭	(さばきのにわ)
裁く	(さばく)
裁ち	(たち)
裁ちかける	(たちかける)
裁ち板	(たちいた)
裁ち方	(たちかた)
裁ち縫う	(たちぬう)
裁ち割る	(たちわる)
裁ち掛ける	(たちかける)
裁ち庖丁	(たちぼうちょう)
裁ち切る	(たちきる)
裁ち上がり	(たちあがり)
裁ち物	(たちもの)
裁ち屑	(たちくず)
裁つ	(たつ)
裁定	(さいてい)
裁断	(さいだん)
裁断師	(さいだんし)
裁縫	(さいほう)
裁縫師	(さいほうし)
裁許	(さいきょ)
裁決	(さいけつ)
裁決書	(さいけつしょ)
裁可	(さいか)
裁量	(さいりょう)
裁判	(さいばん)
裁判ざた	(さいばんざた)
裁判長	(さいばんちょう)
裁判官	(さいばんかん)
裁判権	(さいばんけん)
裁判人	(さいばんにん)
裁判沙汰	(さいばんざた)
裁判上	(さいばんじょう)
裁判所	(さいばんしょ)
纔か	(わずか)
采幣	(さいはい)
采配	(さいはい)
采配を振る	(さいはいをふる)
採り入れる	(とりいれる)
採り上げる	(とりあげる)
採る	(とる)
採寸	(さいすん)
採点	(さいてん)
採否	(さいひ)
採集	(さいしゅう)
採決	(さいけつ)
採掘	(さいくつ)
採録	(さいろく)
採譜	(さいふ)
採取	(さいしゅ)
採算	(さいさん)
採算性	(さいさんせい)
採炭	(さいたん)
採血	(さいけつ)
採用	(さいよう)
採油	(さいゆ)
採択	(さいたく)
彩やか	(あざやか)
彩り	(いろどり)
彩る	(いろどる)
彩度	(さいど)
彩色	(さいしき,さいしょく)
菜	(な)
菜っ葉	(なっぱ)
菜蕗	(ふき,ふふき,フキ)
菜食	(さいしょく)
菜食主義者	(さいしょくしゅぎしゃ)
菜葉	(なっぱ)
菜園	(さいえん)
菜種	(なたね)
菜種殻	(なたねがら)
菜種油	(なたねあぶら,なたねゆ)
参	(さん,み)
参った	(まいった,マイッタ)
参らせる	(まいらせる)
参る	(まいる)
参拝	(さんぱい)
参禅	(さんぜん)
参朝	(さんちょう)
参道	(さんどう)
参殿	(さんでん)
参宮	(さんぐう)
参観	(さんかん)
参観人	(さんかんにん)
参賀	(さんが)
参賀帳	(さんがちょう)
参賀者	(さんがしゃ)
参画	(さんかく)
参会	(さんかい)
参会者	(さんかいしゃ)
参集	(さんしゅう)
参加	(さんか)
参加希望者	(さんかきぼうしゃ)
参加者	(さんかしゃ)
参覲交代	(さんきんこうたい)
参考	(さんこう)
参考品	(さんこうひん)
参考人	(さんこうにん)
参考書	(さんこうしょ)
参考書目	(さんこうしょもく)
参考図書館	(さんこうとしょかん)
参考文献	(さんこうぶんけん)
参考資料	(さんこうしりょう)
参列	(さんれつ)
参列者	(さんれつしゃ)
参籠	(さんろう)
参洛	(さんらく)
参謀	(さんぼう)
参謀本部	(さんぼうほんぶ)
参謀長	(さんぼうちょう)
参内	(さんだい)
参勤交代	(さんきんこうたい)
参勤交替	(さんきんこうたい)
参入	(さんにゅう)
参上	(さんじょう)
参事	(さんじ)
参事官	(さんじかん)
参事会	(さんじかい)
参堂	(さんどう)
参向	(さんこう)
参詣	(さんけい)
参議	(さんぎ)
参議院	(さんぎいん)
参議院議員	(さんぎいんぎいん)
参与	(さんよ)
参与官	(さんよかん)
参与者	(さんよしゃ)
参院	(さんいん)
参戦	(さんせん)
参照	(さんしょう)
参照渡し	(さんしょうわたし)
参照文献	(さんしょうぶんけん)
参着	(さんちゃく)
参政	(さんせい)
参政官	(さんせいかん)
参政権	(さんせいけん)
参酌	(さんしゃく)
參	(さん,み)
參考	(さんこう)
喰い止める	(くいとめる)
喰う	(くう)
喰べる	(たべる)
喰らいつく	(くらいつく)
喰らい付く	(くらいつく)
喰らう	(くらう)
残す	(のこす)
残り	(のこり)
残り火	(のこりび)
残り物	(のこりもの)
残る	(のこる)
残存	(ざんぞん,ざんそん)
残飯	(ざんぱん)
残高	(ざんだか)
残光	(ざんこう)
残骸	(ざんがい)
残基	(ざんき)
残金	(ざんきん)
残刻	(ざんこく)
残酷	(ざんこく)
残留	(ざんりゅう)
残念	(ざんねん)
残念ながら	(ざんねんながら)
残虐	(ざんぎゃく)
残忍	(ざんにん)
残身	(ざんしん)
残暑	(ざんしょ)
残務	(ざんむ)
残務整理	(ざんむせいり)
残響	(ざんきょう)
残像	(ざんぞう)
残心	(ざんしん)
残芯	(ざんしん)
残業	(ざんぎょう)
蚕	(かいこ,カイコ)
蚕豆	(そらまめ,ソラマメ)
蚕児	(さんじ)
蚕具	(さんぐ)
蚕卵	(さんらん)
蚕卵紙	(さんらんし)
蚕糸	(さんし)
蚕糸試験所	(さんししけんじょ)
蚕糸業	(さんしぎょう)
蚕食	(さんしょく)
蚕室	(さんしつ)
蚕業	(さんぎょう)
蚕紙	(さんし)
蚕種	(さんしゅ)
蚕座	(さんざ)
蠶	(かいこ,カイコ)
惨い	(むごい,ムゴい)
惨め	(みじめ)
惨敗	(ざんぱい,さんぱい)
惨澹	(さんたん)
惨憺	(さんたん)
惨害	(さんがい)
惨禍	(さんか)
惨劇	(さんげき)
惨刻	(ざんこく)
惨酷	(ざんこく)
惨落	(さんらく)
惨虐	(ざんぎゃく)
惨忍	(ざんにん)
惨殺	(ざんさつ)
惨事	(さんじ)
惨死	(ざんし)
惨状	(さんじょう)
粲々	(さんさん)
粲粲	(さんさん)
粲爛	(さんらん)
粲然	(さんぜん)
燦き	(きらめき,キラメキ)
燦めき	(きらめき,キラメキ)
燦めく	(きらめく)
燦々	(さんさん)
燦燦	(さんさん)
燦爛	(さんらん)
燦然	(さんぜん)
倉	(くら)
倉づくり	(くらづくり)
倉出し	(くらだし)
倉渡し	(くらわたし)
倉敷	(くらしき)
倉敷料	(くらしきりょう)
倉荷	(くらに)
倉皇	(そうこう)
倉皇として	(そうこうとして)
倉庫	(そうこ)
倉庫に納める	(そうこにおさめる)
倉庫会社	(そうこがいしゃ)
倉庫業	(そうこぎょう)
倉廩	(そうりん)
倉入れ	(くらいれ)
倉造り	(くらづくり)
倉主	(くらぬし)
倉卒	(そうそつ)
蒼	(あお)
蒼い	(あおい)
蒼ざめる	(あおざめる)
蒼白い	(あおじろい)
蒼白色	(そうはくしょく)
蒼々	(あおあお)
蒼蒼	(あおあお)
蒼惶	(そうこう)
蒼惶として	(そうこうとして)
蒼茫	(そうぼう)
蒼褪める	(あおざめる)
艙口	(そうこう)
蔵	(くら)
蔵う	(しまう)
蔵づくり	(くらづくり)
蔵出し	(くらだし)
蔵入れ	(くらいれ)
蔵書	(ぞうしょ)
蔵相	(ぞうしょう)
蔵造り	(くらづくり)
操	(みさお,そう)
操り	(あやつり)
操る	(あやつる)
操車	(そうしゃ)
操船	(そうせん)
操短	(そうたん)
操舵	(そうだ)
操舵手	(そうだしゅ)
操守	(そうしゅ)
操行	(そうこう)
操業	(そうぎょう)
操業短縮	(そうぎょうたんしゅく)
操縦	(そうじゅう)
操縦席	(そうじゅうせき)
操縦席音声記録装置	(そうじゅうせきおんせいきろくそうち)
操作	(そうさ)
曹長	(そうちょう)
曹司	(ぞうし)
漕ぎつける	(こぎつける)
漕ぎ付ける	(こぎつける)
漕ぎ着ける	(こぎつける)
漕ぐ	(こぐ)
漕艇	(そうてい)
槽	(ふね)
艸	(くさ)
草	(くさ)
草かんむり	(くさかんむり,そうこう)
草とり	(くさとり)
草の根	(くさのね)
草はら	(そうげん,くさはら,くさわら)
草むら	(くさむら)
草案	(そうあん)
草々	(そうそう)
草草	(そうそう)
草場の影	(くさばのかげ)
草叢	(くさむら)
草笛	(くさぶえ)
草稿	(そうこう)
草冠	(くさかんむり,そうこう)
草花	(くさばな,そうか)
草履	(ぞうり,じょうり)
草履虫	(ぞうりむし,ゾウリムシ)
草綿	(わた,ワタ)
草木	(くさき,そうもく)
草取	(くさとり)
草取り	(くさとり)
草深い	(くさぶかい)
草書	(そうしょ)
草体	(そうたい)
草臥れる	(くたびれる)
草鞋	(わらじ)
草鞋虫	(ワラジムシ,わらじむし)
草野球	(くさやきゅう)
草葉の陰	(くさばのかげ)
草魚	(そうぎょ,ソウギョ)
草原	(そうげん,くさはら,くさわら)
草紙	(そうし)
草子	(そうし)
草卒	(そうそつ)
冊	(さつ)
冊立	(さくりつ,さくりゅう)
冊数	(さっすう)
冊子	(そうし)
厠	(かわや)
側	(そば)
側か	(ほのか)
側む	(そばむ)
側める	(そばめる)
側ら	(かたわら)
側背	(そくはい)
側壁	(そくへき)
側部	(そくぶ)
側車	(そくしゃ)
側辺	(そくへん)
側根	(そっこん)
側溝	(そっこう)
側火山	(そっかざん)
側近	(そっきん)
側近く	(そばちかく)
側近者	(そっきんしゃ)
側圧	(そくあつ)
側面	(そくめん)
側面観	(そくめんかん)
側面図	(そくめんず)
側射	(そくしゃ)
側仕え	(そばづかえ)
側室	(そくしつ)
側聞	(そくぶん)
側線	(そくせん)
側役	(そばやく)
側泳	(そばえい)
側杖	(そばづえ)
策	(さく)
策定	(さくてい)
策略	(さくりゃく)
策謀	(さくぼう)
策士	(さくし)
策戦	(さくせん)
測り知れない	(はかりしれない)
測る	(はかる)
測長機	(そくちょうき)
測地	(そくち)
測定	(そくてい)
測度	(そくど)
測候所	(そっこうじょ)
測量	(そくりょう)
測量機械	(そくりょうきかい)
測量技師	(そくりょうぎし)
測量図	(そくりょうず)
涔々	(しんしん)
涔涔	(しんしん)
曽	(ひい,ひ,そう)
曽て	(かつて,かって)
曽孫	(ひまご,そうそん,ひいまご)
曽遊	(そうゆう,ぞうゆう)
曽祖父	(そうそふ,ひいじじ,ひじじ)
曽祖母	(そうそぼ,ひいばば,ひばば)
曾	(ひい,ひ,そう)
曾て	(かつて,かって)
曾孫	(ひまご,そうそん,ひいまご)
曾遊	(そうゆう,ぞうゆう)
曾祖父	(そうそふ,ひいじじ,ひじじ)
曾祖母	(そうそぼ,ひいばば,ひばば)
層	(そう)
層雲	(そううん)
層状	(そうじょう)
叉	(また)
叉銃	(さじゅう)
叉木	(またぎ)
叉手網	(さであみ)
扱い	(あつかい)
扱う	(あつかう)
扱き下ろす	(こきおろす)
扱く	(しごく,シゴく)
扱下ろす	(こきおろす)
扠	(さて)
扠置く	(さておく)
挿し絵	(さしえ)
挿し木	(さしき)
挿し入れる	(さしいれる)
挿す	(さす)
挿む	(はさむ,ハサむ)
挿話	(そうわ)
挿絵	(さしえ)
挿木	(さしき)
挿入	(そうにゅう)
挿入モード	(そうにゅうモード)
挿入図	(そうにゅうず)
插入	(そうにゅう)
茶	(ちゃ)
茶いろ	(ちゃいろ)
茶きん	(ちゃきん)
茶さじ	(ちゃさじ)
茶しゃく	(ちゃしゃく)
茶せん	(ちゃせん)
茶づけ	(ちゃづけ)
茶の間	(ちゃのま)
茶の湯	(ちゃのゆ)
茶わん	(ちゃわん)
茶わん蒸し	(ちゃわんむし)
茶杓	(ちゃしゃく)
茶々	(ちゃちゃ,チャチャ)
茶茶	(ちゃちゃ,チャチャ)
茶々をいれる	(ちゃちゃをいれる,チャチャをいれる)
茶々を入れる	(ちゃちゃをいれる,チャチャをいれる)
茶袋	(ちゃぶくろ)
茶道	(さどう,ちゃどう)
茶道具	(ちゃどうぐ)
茶店	(さてん,ちゃみせ)
茶髪	(ちゃぱつ)
茶番	(ちゃばん)
茶番的	(ちゃばんてき)
茶番狂言	(ちゃばんきょうげん)
茶飯事	(さはんじ)
茶菓	(さか,ちゃか)
茶菓子	(ちゃがし)
茶褐色	(ちゃかっしょく)
茶化す	(ちゃかす)
茶会	(ちゃかい,さかい)
茶巾	(ちゃきん)
茶目	(ちゃめ)
茶目る	(ちゃめる)
茶舗	(ちゃほ)
茶器	(ちゃき)
茶筌	(ちゃせん)
茶色	(ちゃいろ)
茶室	(ちゃしつ)
茶匙	(ちゃさじ)
茶畑	(ちゃばたけ)
茶筒	(ちゃづつ)
茶碗	(ちゃわん)
茶碗蒸	(ちゃわんむし)
茶碗蒸し	(ちゃわんむし)
茶屋	(ちゃや)
茶筅	(ちゃせん)
茶摘み	(ちゃつみ)
茶柱	(ちゃばしら)
茶漬	(ちゃづけ)
茶漬け	(ちゃづけ)
査察	(ささつ)
査定	(さてい)
査読	(さどく)
査問	(さもん)
査閲	(さえつ)
査証	(さしょう)
察	(さつ,サツ)
察し	(さっし)
察する	(さっする)
察知	(さっち)
檫	(さつ,せつ)
侘	(わび)
侘しい	(わびしい)
侘び	(わび)
侘びしい	(わびしい)
侘びる	(わびる)
侘び言	(わびこと)
侘住い	(わびずまい)
差	(さ)
差しあげる	(さしあげる)
差しあたり	(さしあたり)
差しかかる	(さしかかる)
差しかける	(さしかける)
差しこむ	(さしこむ)
差しさわり	(さしさわり)
差しだす	(さしだす)
差しつける	(さしつける)
差しつ差されつ	(さしつさされつ)
差し歯	(さしば)
差し出がましい	(さしでがましい)
差し出し人	(さしだしにん)
差し出す	(さしだす)
差し当たり	(さしあたり)
差し付ける	(さしつける)
差し掛かる	(さしかかる)
差し掛ける	(さしかける)
差し掛る	(さしかかる)
差し控える	(さしひかえる)
差し入れる	(さしいれる)
差し上げる	(さしあげる)
差し伸べる	(さしのべる)
差し戻す	(さしもどす)
差し違える	(さしちがえる)
差し押え	(さしおさえ)
差し押える	(さしおさえる)
差し押え品	(さしおさえひん)
差し押さえ	(さしおさえ)
差し押さえる	(さしおさえる)
差し延べる	(さしのべる)
差し引き	(さしひき)
差し引く	(さしひく)
差し込む	(さしこむ)
差し障り	(さしさわり)
差し障りのない	(さしさわりのない)
差し障る	(さしさわる)
差し支え	(さしつかえ)
差し支える	(さしつかえる)
差し止め	(さしとめ)
差し止める	(さしとめる)
差す	(さす)
差別	(さべつ,しゃべつ,しゃべち)
差歯	(さしば)
差出がましい	(さしでがましい)
差出し人	(さしだしにん)
差出す	(さしだす)
差出人	(さしだしにん)
差当り	(さしあたり)
差額	(さがく)
差分	(さぶん)
差付ける	(さしつける)
差掛ける	(さしかける)
差機関	(さきかん)
差控える	(さしひかえる)
差配	(さはい)
差入れる	(さしいれる)
差閊	(さしつかえ)
差閊え	(さしつかえ)
差上げる	(さしあげる)
差伸べる	(さしのべる)
差戻す	(さしもどす)
差違	(さい)
差違える	(さしちがえる)
差押	(さしおさえ)
差押え	(さしおさえ)
差押える	(さしおさえる)
差押さえる	(さしおさえる)
差延べる	(さしのべる)
差益	(さえき)
差異	(さい)
差引	(さしひき)
差引き	(さしひき)
差引く	(さしひく)
差込む	(さしこむ)
差障り	(さしさわり)
差支え	(さしつかえ)
差支える	(さしつかえる)
差止	(さしとめ)
差止め	(さしとめ)
差止める	(さしとめる)
詫び	(わび)
詫びる	(わびる)
詫び言	(わびごと)
詫び状	(わびじょう)
詫言	(わびごと)
詫状	(わびじょう)
柴棍	(サイゴン)
儕	(ばら)
儕輩	(さいはい,せいはい)
辿りつく	(たどりつく)
辿り着く	(たどりつく)
辿る	(たどる)
辿々しい	(たどたどしい)
辿辿しい	(たどたどしい)
覘う	(ねらう)
覘き	(のぞき,ノゾキ)
覘く	(のぞく)
禅	(ぜん)
禅僧	(ぜんそう)
禅寺	(ぜんでら)
禅問答	(ぜんもんどう)
禅宗	(ぜんしゅう)
蝉	(せみ,せび,セミ)
蝉しぐれ	(せみしぐれ)
蝉時雨	(せみしぐれ)
禪	(ぜん)
蟬	(せみ,せび,セミ)
蟾蜍	(ひきがえる,ひき,がまがえる)
纏いつく	(まといつく)
纏い付く	(まといつく)
纏う	(まとう)
纏まり	(まとまり)
纏め	(まとめ)
纏める	(まとめる)
纏る	(まつわる)
纏わる	(まつわる)
讒謗	(ざんぼう)
讒臣	(ざんしん)
讒口	(ざんこう)
讒誣	(ざんぶ)
讒言	(ざんげん)
産まれる	(うまれる)
産みだす	(うみだす)
産みつける	(うみつける)
産み出す	(うみだす)
産み付ける	(うみつける)
産む	(うむ)
産れる	(うまれる)
産出	(さんしゅつ)
産地	(さんち)
産児制限	(さんじせいげん)
産婦人科	(さんふじんか)
産婦人科医	(さんふじんかい)
産後	(さんご)
産科	(さんか)
産科学	(さんかがく)
産卵	(さんらん)
産卵口	(さんらんこう)
産毛	(うぶげ)
産婆	(さんば)
産物	(さんぶつ)
産休	(さんきゅう)
産業	(さんぎょう)
産業機械	(さんぎょうきかい)
産衣	(うぶぎ,うぶぎぬ,さんい)
産院	(さんいん)
産着	(うぶぎ,うぶぎぬ,さんい)
諂う	(へつらう)
剗竜	(ペーロン)
懺悔	(ざんげ,さんげ)
顫え	(ふるえ)
顫える	(ふるえる)
顫動	(せんどう)
昌平	(しょうへい)
菖蒲	(しょうぶ,そうぶ,ショウブ)
娼婦	(しょうふ)
娼妓	(しょうぎ)
椙	(すぎ,スギ)
鯧	(まながつお,マナガツオ)
長	(たけ,たき)
長い	(ながい,ながーい,なっがい)
長いあいだ	(ながいあいだ)
長イス	(ながいす)
長いす	(ながいす)
長い間	(ながいあいだ)
長さ	(ながさ)
長すぎる	(ながすぎる)
長そで	(ながそで)
長つづき	(ながつづき)
長もち	(ながもち)
長らく	(ながらく)
長唄	(ながうた)
長編	(ちょうへん)
長々	(ながなが)
長長	(ながなが)
長持	(ながもち)
長持ち	(ながもち)
長刀	(なぎなた)
長調	(ちょうちょう)
長短	(ちょうたん)
長煩い	(ながわずらい)
長辺	(ちょうへん)
長方体	(ちょうほうたい)
長方形	(ちょうほうけい)
長官	(ちょうかん)
長過ぎる	(ながすぎる)
長話	(ながばなし)
長患い	(ながわずらい)
長久	(ちょうきゅう)
長居	(ながい)
長距離	(ちょうきょり)
長距離打者	(ちょうきょりだしゃ)
長老	(ちょうろう)
長粒米	(ちょうりゅうまい)
長旅	(ながたび,ちょうりょ)
長男	(ちょうなん)
長年	(ながねん)
長女	(ちょうじょ)
長篇	(ちょうへん)
長期	(ちょうき)
長期貸付金	(ちょうきかしつけきん)
長期的	(ちょうきてき)
長期計画	(ちょうきけいかく)
長期借款	(ちょうきしゃっかん)
長期金利	(ちょうききんり)
長崎県	(ながさきけん)
長崎縣	(ながさきけん)
長駆	(ちょうく)
長蛇の列	(ちょうだのれつ)
長時間	(ちょうじかん)
長寿	(ちょうじゅ)
長所	(ちょうしょ)
長閑	(のどか)
長閑か	(のどか)
長袖	(ながそで)
長続	(ながつづき)
長続き	(ながつづき)
長野県	(ながのけん)
長野縣	(ながのけん)
長椅子	(ながいす)
長音	(ちょうおん)
長音階	(ちょうおんかい)
長月	(ながつき,ながづき)
長者	(ちょうじゃ,ちょうしゃ,ちょうざ)
常	(とこ)
常しなえ	(とこしなえ)
常に	(つねに)
常々	(つねづね)
常常	(つねづね)
常分数	(じょうぶんすう)
常軌	(じょうき)
常連	(じょうれん)
常緑	(じょうりょく)
常緑樹	(じょうりょくじゅ)
常任	(じょうにん)
常任委員	(じょうにんいいん)
常日ごろ	(つねひごろ)
常日頃	(つねひごろ)
常設	(じょうせつ)
常時	(じょうじ)
常識	(じょうしき)
常世	(とこよ)
常世の国	(とこよのくに)
常世国	(とこよのくに)
常体	(じょうたい)
常務	(じょうむ)
常習	(じょうしゅう)
常習犯	(じょうしゅうはん)
常習者	(じょうしゅうしゃ)
常用	(じょうよう)
常用対数	(じょうようたいすう)
常用漢字	(じょうようかんじ)
常用癖	(じょうようへき)
常駐	(じょうちゅう)
徜徉	(しょうよう)
場	(ば)
場ちがい	(ばちがい)
場合	(ばあい)
場合によって	(ばあいによって)
場合による	(ばあいによる)
場合を除き	(ばあいをのぞき)
場面	(ばめん)
場末	(ばすえ)
場内	(じょうない)
場所	(ばしょ)
場所柄	(ばしょがら)
場所柄弁えず	(ばしょがらわきまえず)
場違い	(ばちがい)
場味	(ばあじ)
甞める	(なめる,ナメる)
腸	(ちょう)
腸チフス	(ちょうチフス)
腸閉塞	(ちょうへいそく)
腸捻転	(ちょうねんてん)
嘗て	(かつて,かって)
嘗める	(なめる,ナメる)
蟐螂	(かまきり,とうろう,いもじり)
償い	(つぐない)
償う	(つぐなう,つぐのう)
償還	(しょうかん)
償金	(しょうきん)
償却	(しょうきゃく)
倡婦	(しょうふ)
倡和	(しょうわ)
倡妓	(しょうぎ)
倡佯	(しょうよう)
唱い方	(とないかた)
唱う	(うたう)
唱える	(となえる)
唱道	(しょうどう)
唱歌	(しょうか,しょうが)
唱和	(しょうわ)
暢気	(のんき,ノンキ)
抄う	(すくう)
抄本	(しょうほん)
抄録	(しょうろく)
抄訳	(しょうやく)
超	(ちょう,チョー)
超える	(こえる)
超す	(こす)
超並列計算機	(ちょうへいれつけいさんき)
超々大規模集積回路	(ちょうちょうだいきぼしゅうせきかいろ)
超超大規模集積回路	(ちょうちょうだいきぼしゅうせきかいろ)
超大規模集積回路	(ちょうだいきぼしゅうせきかいろ)
超大国	(ちょうたいこく)
超低価格	(ちょうていかかく)
超多段シフト	(ちょうただんシフト)
超格子	(ちょうこうし)
超過	(ちょうか)
超合金	(ちょうごうきん)
超簡易	(ちょうかんい)
超連結子	(ちょうれんけつし)
超満員	(ちょうまんいん)
超媒体	(ちょうばいたい)
超能力	(ちょうのうりょく)
超人	(ちょうじん)
超時空	(ちょうじくう)
超特急	(ちょうとっきゅう)
超文面	(ちょうぶんめん)
超物理学	(ちょうぶつりがく)
超音速	(ちょうおんそく)
超越	(ちょうえつ)
超越点	(ちょうえつてん)
超越関数	(ちょうえつかんすう)
超越交代	(ちょうえつこうたい)
超自然	(ちょうしぜん)
鈔本	(しょうほん)
巣	(す)
巣くう	(すくう)
巣ごもる	(すごもる)
巣喰う	(すくう)
巣雛	(すひな,すびな)
巣鶏	(すどり)
巣窟	(そうくつ)
巣立ち	(すだち)
巣立つ	(すだつ)
巣籠る	(すごもる)
巣食う	(すくう)
巣箱	(すばこ)
巣引き	(すびき)
巣隠れ	(すがくれ)
朝	(ちょう)
朝ごはん	(あさごはん)
朝ご飯	(あさごはん)
朝シャン	(あさシャン)
朝っぱら	(あさっぱら)
朝っ腹	(あさっぱら)
朝メシ	(あさめし,あさはん)
朝めし	(あさめし,あさはん)
朝もや	(あさもや)
朝靄	(あさもや)
朝勃ち	(あさだち)
朝飯	(あさめし,あさはん)
朝飯前	(あさめしまえ)
朝方	(あさがた)
朝会	(ちょうかい,あさかい)
朝稽古	(あさげいこ)
朝刊	(ちょうかん)
朝礼	(ちょうれい)
朝立ち	(あさだち)
朝令暮改	(ちょうれいぼかい)
朝露	(あさつゆ,ちょうろ)
朝起き	(あさおき)
朝起ち	(あさだち)
朝寝	(あさね)
朝寝坊	(あさねぼう)
朝日	(あさひ)
朝三暮四	(ちょうさんぼし)
朝焼	(あさやけ)
朝焼け	(あさやけ)
朝食	(ちょうしょく)
朝市	(あさいち)
朝廷	(ちょうてい)
朝晩	(あさばん)
朝霧	(あさぎり)
朝夕	(あさゆう,ちょうせき,ちょうじゃく)
朝鮮	(ちょうせん)
朝鮮半島	(ちょうせんはんとう)
朝鮮民主主義人民共和国	(ちょうせんみんしゅしゅぎじんみんきょうわこく)
朝鮮語	(ちょうせんご)
朝鮮戦争	(ちょうせんせんそう)
朝顔	(あさがお,アサガオ)
朝御飯	(あさごはん)
朝早く	(あさはやく)
嘲う	(あざわらう)
嘲けり	(あざけり)
嘲ける	(あざける)
嘲り	(あざけり)
嘲り笑う	(あざけりわらう)
嘲る	(あざける)
嘲笑	(ちょうしょう)
嘲笑う	(あざわらう)
潮	(しお)
潮さい	(しおさい,しおざい)
潮どき	(しおどき)
潮の干満	(しおのかんまん)
潮吹き	(しおふき)
潮風	(しおかぜ)
潮風呂	(しおぶろ)
潮干	(しおひ)
潮干狩	(しおひがり)
潮干狩り	(しおひがり)
潮紅	(ちょうこう)
潮流	(ちょうりゅう)
潮噴き	(しおふき)
潮騒	(しおさい,しおざい)
潮時	(しおどき)
潮湯	(しおゆ)
潮位	(ちょうい)
潮汐	(ちょうせき)
炒めもの	(いためもの)
炒める	(いためる)
炒め物	(いためもの)
炒りたて	(いりたて)
炒りつける	(いりつける)
炒り豆腐	(いりどうふ)
炒り付ける	(いりつける)
炒り鍋	(いりなべ)
炒り立て	(いりたて)
炒り卵	(いりたまご)
炒り玉子	(いりたまご)
炒り子	(いりこ)
炒る	(いる)
炒飯	(チャーハン)
炒鍋	(いりなべ)
炒物	(いためもの)
炒子	(いりこ)
車	(くるま,クルマ)
車イス	(くるまいす)
車いす	(くるまいす)
車エビ	(くるまえび,くるまエビ,クルマエビ)
車えび	(くるまえび,くるまエビ,クルマエビ)
車窓	(しゃそう)
車道	(しゃどう)
車風	(しゃふう)
車高短	(しゃこうたん)
車海老	(くるまえび,くるまエビ,クルマエビ)
車検	(しゃけん)
車庫	(しゃこ)
車両	(しゃりょう)
車両縦隊	(しゃりょうじゅうたい)
車輌	(しゃりょう)
車輛	(しゃりょう)
車輪	(しゃりん)
車内	(しゃない)
車体	(しゃたい)
車蝦	(くるまえび,くるまエビ,クルマエビ)
車線	(しゃせん)
車椅子	(くるまいす)
車用品	(くるまようひん)
車掌	(しゃしょう)
車種	(しゃしゅ)
車軸	(しゃじく)
車子	(しゃこ,シャコ)
車座	(くるまざ)
偖	(さて)
掣肘	(せいちゅう)
撤兵	(てっぺい)
撤廃	(てっぱい)
撤回	(てっかい)
撤去	(てっきょ)
撤収	(てっしゅう)
撤退	(てったい)
徹える	(こたえる)
徹す	(とおす)
徹する	(てっする)
徹る	(とおる)
徹底	(てってい)
徹底的	(てっていてき)
徹廃	(てっぱい)
徹甲弾	(てっこうだん)
徹収	(てっしゅう)
徹頭徹尾	(てっとうてつび)
徹退	(てったい)
徹宵	(てっしょう)
徹夜	(てつや)
臣民	(しんみん)
臣下	(しんか)
辰	(たつ)
辰年	(たつどし)
辰巳	(たつみ)
陳べる	(のべる)
陳奮翰	(ちんぷんかん,ちんぶんかん)
陳腐	(ちんぷ)
陳列	(ちんれつ)
陳情	(ちんじょう)
陳述	(ちんじゅつ)
陳謝	(ちんしゃ)
塵	(ちり)
塵芥	(じんかい,ちりあくた,ごみあくた)
塵取り	(ちりとり,チリトリ)
塵入れ	(ごみいれ,ゴミいれ)
塵箱	(ごみばこ)
襯衣	(しんい)
称	(しょう)
称える	(となえる)
称する	(しょうする)
称める	(ほめる)
称号	(しょうごう)
称賛	(しょうさん)
称讃	(しょうさん)
稱する	(しょうする)
瞠く	(みひらく)
瞠る	(みはる)
蟶貝	(まてがい,マテガイ)
成しとげる	(なしとげる)
成し遂げる	(なしとげる)
成す	(なす)
成りゆき	(なりゆき)
成り果てる	(なりはてる)
成り金	(なりきん)
成り立ち	(なりたち)
成り立つ	(なりたつ)
成り上がる	(なりあがる)
成り上る	(なりあがる)
成り手	(なりて)
成り下がる	(なりさがる)
成り下る	(なりさがる)
成り行き	(なりゆき)
成る	(なる)
成るたけ	(なるたけ,なるだけ)
成るべく	(なるべく)
成るほど	(なるほど)
成る程	(なるほど)
成る可く	(なるべく)
成る丈	(なるたけ,なるだけ)
成敗	(せいばい)
成層圏	(せいそうけん)
成長	(せいちょう)
成長率	(せいちょうりつ)
成長曲線	(せいちょうきょくせん)
成程	(なるほど)
成分	(せいぶん)
成仏	(じょうぶつ)
成功	(せいこう)
成果	(せいか)
成果てる	(なりはてる)
成婚	(せいこん)
成吉思汗	(ジンギスかん,ジンギスカン)
成績	(せいせき)
成績表	(せいせきひょう)
成金	(なりきん)
成就	(じょうじゅ)
成句	(せいく)
成立	(せいりつ)
成立ち	(なりたち)
成立つ	(なりたつ)
成年	(せいねん)
成人	(せいじん)
成人の日	(せいじんのひ)
成上がる	(なりあがる)
成手	(なりて)
成熟	(せいじゅく)
成文化	(せいぶんか)
成行	(なりゆき)
成行き	(なりゆき)
成形	(せいけい)
成型	(せいけい)
成育	(せいいく)
成員	(せいいん)
呈色	(ていしょく,ていしき)
呈上	(ていじょう,ていしょう)
呈示	(ていじ)
承ける	(うける,ウケる)
承る	(うけたまわる)
承伏	(しょうふく)
承服	(しょうふく)
承継	(しょうけい)
承諾	(しょうだく)
承前	(しょうぜん)
承認	(しょうにん)
承認状	(しょうにんじょう)
承引	(しょういん)
承知	(しょうち)
承知の幕	(しょうちのまく)
承知の助	(しょうちのすけ)
承知尽く	(しょうちずく,しょうちづく)
承知之助	(しょうちのすけ)
城	(しろ)
城壁	(じょうへき)
城代	(じょうだい)
城郭	(じょうかく)
城廓	(じょうかく)
城門	(じょうもん)
城下	(じょうか)
城下町	(じょうかまち)
城主	(じょうしゅ)
乗じる	(じょうじる)
乗ずる	(じょうずる)
乗せる	(のせる)
乗っかる	(のっかる)
乗っとり	(のっとり)
乗っとる	(のっとる)
乗っ切る	(のっきる)
乗っ取り	(のっとり)
乗っ取る	(のっとる)
乗り	(のり,ノリ)
乗りあわせる	(のりあわせる)
乗りいい	(のりいい,のりよい)
乗りおくれる	(のりおくれる)
乗りかえる	(のりかえる)
乗りかかる	(のりかかる)
乗りかける	(のりかける)
乗りきる	(のりきる)
乗りこえる	(のりこえる)
乗りこなす	(のりこなす)
乗りこむ	(のりこむ)
乗りそこなう	(のりそこなう)
乗りだす	(のりだす)
乗りつぐ	(のりつぐ)
乗りつける	(のりつける)
乗りつぶす	(のりつぶす)
乗りならす	(のりならす)
乗りにくい	(のりにくい)
乗りまわす	(のりまわす)
乗りもの	(のりもの)
乗りよい	(のりいい,のりよい)
乗り場	(のりば)
乗り遅れる	(のりおくれる)
乗り出す	(のりだす)
乗り悪い	(のりにくい)
乗り飛ばす	(のりとばす)
乗り付け	(のりつけ)
乗り付ける	(のりつける)
乗り掛かる	(のりかかる)
乗り掛ける	(のりかける)
乗り掛る	(のりかかる)
乗り慣らす	(のりならす)
乗り過ごす	(のりすごす)
乗り過す	(のりすごす)
乗り合い	(のりあい)
乗り合い船	(のりあいぶね,のりあいせん)
乗り合い馬車	(のりあいばしゃ)
乗り合い自動車	(のりあいじどうしゃ)
乗り合せる	(のりあわせる)
乗り合わす	(のりあわす)
乗り合わせる	(のりあわせる)
乗り換え	(のりかえ)
乗り換える	(のりかえる)
乗り換え場	(のりかえば)
乗り換え券	(のりかえけん)
乗り換え駅	(のりかええき)
乗り回す	(のりまわす)
乗り回る	(のりまわる)
乗り継ぐ	(のりつぐ)
乗り降り	(のりおり)
乗り進める	(のりすすめる)
乗り潰す	(のりつぶす)
乗り良い	(のりいい,のりよい)
乗り馬	(のりうま)
乗り気	(のりき)
乗り切る	(のりきる)
乗り取る	(のりとる)
乗り入る	(のりいる)
乗り入れ	(のりいれ)
乗り入れる	(のりいれる)
乗り上げる	(のりあげる)
乗り捨てる	(のりすてる)
乗り手	(のりて)
乗り熟す	(のりこなす)
乗り損なう	(のりそこなう)
乗り逃げ	(のりにげ)
乗り戻す	(のりもどす)
乗り替え	(のりかえ)
乗り替える	(のりかえる)
乗り通る	(のりとおる)
乗り物	(のりもの)
乗り心地	(のりごこち)
乗り馴らす	(のりならす)
乗り移す	(のりうつす)
乗り移る	(のりうつる)
乗り込む	(のりこむ)
乗り越える	(のりこえる)
乗り越し	(のりこし)
乗り越し料金	(のりこしりょうきん)
乗り越す	(のりこす)
乗り着ける	(のりつける)
乗り組む	(のりくむ)
乗る	(のる,ノる)
乗るかそるか	(のるかそるか)
乗るか反るか	(のるかそるか)
乗場	(のりば)
乗車	(じょうしゃ)
乗車口	(じょうしゃぐち)
乗車賃	(じょうしゃちん)
乗車券	(じょうしゃけん)
乗車駅	(じょうしゃえき)
乗遅れる	(のりおくれる)
乗出す	(のりだす)
乗除	(じょうじょ)
乗船	(じょうせん)
乗法	(じょうほう)
乗付ける	(のりつける)
乗慣らす	(のりならす)
乗号	(じょうごう)
乗合	(のりあい)
乗合い船	(のりあいぶね,のりあいせん)
乗合い馬車	(のりあいばしゃ)
乗合い自動車	(のりあいじどうしゃ)
乗合船	(のりあいぶね,のりあいせん)
乗合馬車	(のりあいばしゃ)
乗合自動車	(のりあいじどうしゃ)
乗換	(のりかえ)
乗換え	(のりかえ)
乗換える	(のりかえる)
乗換券	(のりかえけん)
乗換駅	(のりかええき)
乗回す	(のりまわす)
乗積	(じょうせき)
乗継ぐ	(のりつぐ)
乗艦	(じょうかん)
乗降	(じょうこう)
乗降場	(じょうこうじょう)
乗降車優先	(じょうこうしゃゆうせん)
乗客	(じょうきゃく,じょうかく)
乗馬	(じょうば)
乗馬隊	(じょうばたい)
乗馬服	(じょうばふく)
乗馬靴	(じょうばぐつ)
乗冪	(じょうべき)
乗羃	(じょうべき)
乗気	(のりき)
乗入れ	(のりいれ)
乗入れる	(のりいれる)
乗上げる	(のりあげる)
乗手	(のりて)
乗数	(じょうすう)
乗数効果	(じょうすうこうか)
乗算	(じょうざん)
乗算器	(じょうざんき)
乗逃げ	(のりにげ)
乗物	(のりもの)
乗務員	(じょうむいん)
乗心地	(のりごこち)
乗移る	(のりうつる)
乗用車	(じょうようしゃ)
乗用自動車	(じょうようじどうしゃ)
乗込む	(のりこむ)
乗員	(じょういん)
乗越える	(のりこえる)
乗越し	(のりこし)
乗越す	(のりこす)
乗組	(のりくみ)
乗組員	(のりくみいん)
乘る	(のる,ノる)
程	(ほど)
程なく	(ほどなく)
程ほど	(ほどほど)
程々	(ほどほど)
程程	(ほどほど)
程度	(ていど)
程近い	(ほどちかい)
程無く	(ほどなく)
誠	(まこと)
誠に	(まことに)
誠実	(せいじつ)
誠心誠意	(せいしんせいい)
誠意	(せいい)
澄まし屋	(すましや)
澄まし顔	(すましがお)
澄まし汁	(すましじる)
澄ます	(すます)
澄みきる	(すみきる)
澄み渡る	(すみわたる)
澄み切る	(すみきる)
澄む	(すむ)
橙	(だいだい,ダイダイ)
鯎	(うぐい,ウグイ)
懲しめる	(こらしめる)
懲らしめ	(こらしめ)
懲らしめる	(こらしめる)
懲らす	(こらす)
懲りる	(こりる)
懲罰	(ちょうばつ)
懲戒	(ちょうかい)
懲役	(ちょうえき)
逞しい	(たくましい)
秤	(はかり)
吃り	(どもり)
吃る	(どもる)
吃驚	(びっくり,ビックリ)
吃逆	(しゃっくり)
吃水線	(きっすいせん)
吃音	(きつおん)
蚩尾	(しび)
喫う	(すう)
喫する	(きっする)
喫茶	(きっさ)
喫茶店	(きっさてん,きっちゃてん)
喫驚	(びっくり,ビックリ)
喫水線	(きっすいせん)
喫烟	(きつえん)
喫煙	(きつえん)
喫煙者	(きつえんしゃ)
嗤い	(わらい)
嗤う	(わらう)
痴がましい	(おこがましい)
痴ほう	(ちほう)
痴呆	(ちほう)
痴漢	(ちかん)
痴情	(ちじょう)
痴人	(ちじん)
痴態	(ちたい)
鴟	(とび,とんび,トビ)
鴟尾	(しび)
鴟鵂	(ミミズク,みみずく,みみづく)
鵄	(とび,とんび,トビ)
鵄尾	(しび)
魑魅魍魎	(ちみもうりょう)
癡呆	(ちほう)
黐	(もち,モチ)
黐竿	(もちざお)
池	(いけ)
弛い	(ゆるい)
弛み	(ゆるみ)
弛む	(たるむ,たゆむ)
弛める	(ゆるめる)
弛緩	(しかん,ちかん)
持たらす	(もたらす,もらたす)
持ちあげる	(もちあげる)
持ちあわせる	(もちあわせる)
持ちがいい	(もちがいい,もちがよい)
持ちかける	(もちかける)
持ちがよい	(もちがいい,もちがよい)
持ちが良い	(もちがいい,もちがよい)
持ちきり	(もちきり)
持ちこす	(もちこす)
持ちこたえる	(もちこたえる)
持ちこむ	(もちこむ)
持ちつ持たれつ	(もちつもたれつ)
持ちなおす	(もちなおす)
持ちまえ	(もちまえ)
持ちもの	(もちもの)
持ちもん	(もちもの)
持ちよる	(もちよる)
持ち崩す	(もちくずす)
持ち歩く	(もちあるく)
持ち場	(もちば)
持ち出す	(もちだす)
持ち古す	(もちふるす)
持ち掛ける	(もちかける)
持ち合い	(もちあい,たもちあい)
持ち合せる	(もちあわせる)
持ち合わせる	(もちあわせる)
持ち回る	(もちまわる)
持ち寄る	(もちよる)
持ち堪える	(もちこたえる)
持ち前	(もちまえ)
持ち切り	(もちきり)
持ち切る	(もちきる)
持ち去る	(もちさる)
持ち上がる	(もちあがる)
持ち上げる	(もちあげる)
持ち上る	(もちあがる)
持ち物	(もちもの)
持ち続ける	(もちつづける)
持ち込み	(もちこみ)
持ち込む	(もちこむ)
持ち越す	(もちこす)
持ち運ぶ	(もちはこぶ)
持ち直す	(もちなおす)
持ち主	(もちぬし)
持つ	(もつ)
持っていく	(もっていく,もってゆく)
持ってくる	(もってくる)
持ってゆく	(もっていく,もってゆく)
持って来る	(もってくる)
持って行く	(もっていく,もってゆく)
持てあます	(もてあます)
持てなし	(もてなし)
持てなす	(もてなす)
持てはやす	(もてはやす)
持てる	(もてる)
持て成し	(もてなし)
持て成す	(もてなす)
持て栄す	(もてはやす)
持て余す	(もてあます)
持て囃す	(もてはやす)
持崩す	(もちくずす)
持病	(じびょう)
持歩く	(もちあるく)
持参	(じさん)
持場	(もちば)
持出す	(もちだす)
持掛ける	(もちかける)
持合	(もちあい,たもちあい)
持寄る	(もちよる)
持久	(じきゅう)
持堪える	(もちこたえる)
持碁	(じご,ジゴ)
持前	(もちまえ)
持切り	(もちきり)
持上がる	(もちあがる)
持上げる	(もちあげる)
持上る	(もちあがる)
持物	(もちもの)
持続	(じぞく)
持続力	(じぞくりょく)
持込	(もちこみ)
持込み	(もちこみ)
持込む	(もちこむ)
持越す	(もちこす)
持運ぶ	(もちはこぶ)
持直す	(もちなおす)
持主	(もちぬし)
遅い	(おそい,おっそい,おそーい)
遅く	(おそく)
遅くとも	(おそくとも)
遅す	(おくらす)
遅らす	(おくらす)
遅らせる	(おくらせる)
遅れ	(おくれ)
遅れる	(おくれる)
遅れをとる	(おくれをとる)
遅れを取る	(おくれをとる)
遅々	(ちち)
遅遅	(ちち)
遅刻	(ちこく)
遅配	(ちはい)
遅速	(ちそく)
遅咲	(おそざき)
遅咲き	(おそざき)
遅延	(ちえん)
遅着	(ちちゃく)
遅滞	(ちたい)
馳せ参じる	(はせさんじる)
馳参じる	(はせさんじる)
馳走	(ちそう)
遲い	(おそい,おっそい,おそーい)
尺	(しゃく)
尺八	(しゃくはち)
尺度	(しゃくど)
尺貫法	(しゃっかんほう)
呎	(フィート)
耻	(はじ,じょく)
耻じる	(はじる)
恥	(はじ,じょく)
恥かしい	(はずかしい)
恥しい	(はずかしい)
恥じらう	(はじらう)
恥じる	(はじる)
恥じ入る	(はじいる)
恥ずかしい	(はずかしい)
恥ずかしがる	(はずかしがる)
恥ずかしめる	(はずかしめる)
恥らう	(はじらう)
恥をしのぶ	(はじをしのぶ)
恥を忍ぶ	(はじをしのぶ)
恥部	(ちぶ)
恥骨	(ちこつ)
恥毛	(ちもう)
恥辱	(ちじょく)
恥入る	(はじいる)
歯	(は)
歯がうく	(はがうく)
歯がたたない	(はがたたない)
歯がゆい	(はがゆい)
歯が浮く	(はがうく)
歯が立たない	(はがたたない)
歯ぎしり	(はぎしり)
歯ぐき	(はぐき)
歯ごたえ	(はごたえ)
歯なみ	(はなみ)
歯ならび	(はならび)
歯の浮くような	(はのうくような)
歯の根	(はのね)
歯ブラシ	(はブラシ)
歯みがき	(はみがき)
歯をくいしばる	(はをくいしばる)
歯を食いしばる	(はをくいしばる)
歯を食い縛る	(はをくいしばる)
歯を食縛る	(はをくいしばる)
歯並	(はなみ)
歯並び	(はならび)
歯並み	(はなみ)
歯槽	(しそう)
歯槽膿漏	(しそうのうろう)
歯車	(はぐるま)
歯朶	(しだ,シダ)
歯根	(しこん)
歯垢	(しこう)
歯固	(はがため)
歯固め	(はがため)
歯冠	(しかん)
歯軌条	(しきじょう)
歯茎	(はぐき)
歯科	(しか)
歯科病院	(しかびょういん)
歯科学	(しかがく)
歯科医	(しかい)
歯科医師	(しかいし)
歯科医術	(しかいじゅつ)
歯科医院	(しかいいん)
歯科用	(しかよう)
歯列	(しれつ)
歯列矯正	(しれつきょうせい)
歯面	(しめん)
歯磨	(はみがき)
歯磨き	(はみがき)
歯内療法	(しないりょうほう)
歯内療法専門医	(しないりょうほうせんもんい)
歯切り	(はぎり)
歯切れ	(はぎれ)
歯切れのいい	(はぎれのよい,はぎれのいい)
歯切れのよい	(はぎれのよい,はぎれのいい)
歯切れの良い	(はぎれのよい,はぎれのいい)
歯肉	(しにく,はにく)
歯入れ	(はいれ)
歯神経	(ししんけい)
歯石	(しせき)
歯刷子	(はブラシ)
歯髄	(しずい)
歯痛	(しつう,はいた)
歯向う	(はむかう)
歯向かう	(はむかう)
歯形	(はがた)
歯型	(はがた)
歯学	(しがく)
歯牙	(しが)
歯牙疾患	(しがしっかん)
歯牙矯正術	(しがきょうせいじゅつ)
歯牙状	(しがじょう)
歯芽	(しが)
歯軋り	(はぎしり)
歯痒い	(はがゆい)
歯医者	(はいしゃ)
歯音	(しおん)
歯齦	(しぎん)
歯齦炎	(しぎんえん)
歯応え	(はごたえ)
歯止め	(はどめ)
歯質	(ししつ)
歯状	(しじょう)
齒	(は)
齒醫者	(はいしゃ)
彳む	(たたずむ)
𠮟り飛ばす	(しかりとばす)
𠮟り付ける	(しかりつける)
𠮟咜	(しった)
𠮟責	(しっせき)
𠮟咤	(しった)
叱りつける	(しかりつける)
叱り飛ばす	(しかりとばす)
叱り付ける	(しかりつける)
叱る	(しかる)
叱咜	(しった)
叱言	(こごと)
叱責	(しっせき)
叱咤	(しった)
斥く	(しりぞく,しぞく)
斥ける	(しりぞける)
斥候	(せっこう)
斥候兵	(せっこうへい)
斥候隊	(せっこうたい)
斥力	(せきりょく)
赤い	(あかい)
赤エイ	(アカエイ,あかえい)
赤えい	(アカエイ,あかえい)
赤カブ	(あかかぶ,あかカブ)
赤かぶ	(あかかぶ,あかカブ)
赤こっこ	(アカコッコ,あかこっこ)
赤ちゃん	(あかちゃん)
赤チン	(あかチン)
赤っ恥	(あかっぱじ)
赤プリ	(あかプリ)
赤らむ	(あからむ)
赤らめる	(あからめる)
赤ら顔	(あからがお)
赤んぼ	(あかんぼう,あかんぼ)
赤んぼう	(あかんぼう,あかんぼ)
赤ん坊	(あかんぼう,あかんぼ)
赤貝	(あかがい,アカガイ)
赤潮	(あかしお)
赤々	(あかあか)
赤赤	(あかあか)
赤道	(せきどう)
赤電話	(あかでんわ)
赤飯	(せきはん)
赤翡翠	(あかしょうびん,アカショウビン)
赤鱝	(アカエイ,あかえい)
赤褐色	(せっかっしょく)
赤化	(せっか)
赤金	(どう,あか,あかがね)
赤軍	(せきぐん)
赤痢	(せきり)
赤裸	(あかはだか)
赤裸々	(せきらら)
赤裸裸	(せきらら)
赤毛	(あかげ)
赤帽	(あかぼう)
赤面	(せきめん)
赤貧	(せきひん)
赤熱	(せきねつ,しゃくねつ)
赤色	(あかいろ,せきしょく)
赤十字	(せきじゅうじ)
赤十字社	(せきじゅうじしゃ)
赤狩	(あかがり)
赤狩り	(あかがり)
赤外	(せきがい)
赤外発散	(せきがいはっさん)
赤外線	(せきがいせん)
赤蕪	(あかかぶ,あかカブ)
赤線	(あかせん)
赤血球	(せっけっきゅう)
赤鱏	(アカエイ,あかえい)
赤札	(あかふだ)
赤紫	(あかむらさき)
赤字	(あかじ)
赤字国債	(あかじこくさい)
赤組	(あかぐみ)
勅	(みことのり,ちょく,しょう)
勅筆	(ちょくひつ)
勅裁	(ちょくさい)
勅答	(ちょくとう)
勅定	(ちょくじょう)
勅額	(ちょくがく)
勅許	(ちょっきょ)
勅勘	(ちょっかん)
勅令	(ちょくれい)
勅命	(ちょくめい)
勅諚	(ちょくじょう)
勅任	(ちょくにん)
勅任官	(ちょくにんかん)
勅使	(ちょくし)
勅書	(ちょくしょ)
勅題	(ちょくだい)
勅問	(ちょくもん)
勅宣	(ちょくせん)
勅選	(ちょくせん)
勅意	(ちょくい)
勅語	(ちょくご)
勅諭	(ちょくゆ)
勅願	(ちょくがん)
勅撰	(ちょくせん)
啻ならぬ	(ただならぬ)
啻に	(ただに)
腟	(ちつ)
熾	(おき)
熾す	(おこす)
熾火	(おきび)
熾烈	(しれつ,しきれつ)
冲和	(ちょんぼ,チョンボ)
冲天	(ちゅうてん)
充たす	(みたす)
充ちる	(みちる)
充てがう	(あてがう)
充てる	(あてる)
充備	(じゅうび)
充当	(じゅうとう)
充当金	(じゅうとうきん)
充電	(じゅうでん)
充電機	(じゅうでんき)
充電器	(じゅうでんき)
充二分	(じゅうにぶん)
充分	(じゅうぶん)
充満	(じゅうまん)
充塞	(じゅうそく)
充実	(じゅうじつ)
充填	(じゅうてん)
充塡	(じゅうてん)
充血	(じゅうけつ)
充溢	(じゅういつ)
充用	(じゅうよう)
充員	(じゅういん)
充足	(じゅうそく)
沖	(おき)
沖づり	(おきづり)
沖釣	(おきづり)
沖釣り	(おきづり)
沖合	(おきあい)
沖合い	(おきあい)
沖積	(ちゅうせき)
沖積層	(ちゅうせきそう)
沖積期	(ちゅうせきき)
沖積世	(ちゅうせきせい)
沖積土	(ちゅうせきど)
沖縄	(おきなわ)
沖縄県	(おきなわけん)
沖繩	(おきなわ)
沖繩県	(おきなわけん)
沖繩縣	(おきなわけん)
沖天	(ちゅうてん)
沖仲仕	(おきなかし)
舂	(うす)
衝き当たる	(つきあたる)
衝き動かす	(つきうごかす)
衝き上げる	(つきあげる)
衝く	(つく)
衝動	(しょうどう)
衝動買い	(しょうどうがい)
衝動行為	(しょうどうこうい)
衝撃	(しょうげき)
衝撃波	(しょうげきは)
衝立	(ついたて)
衝立て	(ついたて)
衝突	(しょうとつ)
憧れ	(あこがれ)
憧れる	(あこがれる)
憧憬	(どうけい,しょうけい)
憧憬れる	(あこがれる)
虫	(むし)
虫がいい	(むしがいい,むしがよい)
虫がよい	(むしがいい,むしがよい)
虫が良い	(むしがいい,むしがよい)
虫が知らせる	(むしがしらせる)
虫のいい	(むしのいい,むしのよい)
虫のしらせ	(むしのしらせ)
虫のよい	(むしのいい,むしのよい)
虫の報せ	(むしのしらせ)
虫の居所が悪い	(むしのいどころがわるい)
虫の良い	(むしのいい,むしのよい)
虫の息	(むしのいき)
虫の知らせ	(むしのしらせ)
虫メガネ	(むしめがね,むしメガネ)
虫めがね	(むしめがね,むしメガネ)
虫を殺す	(むしをころす)
虫歯	(むしば)
虫垂	(ちゅうすい)
虫垂炎	(ちゅうすいえん)
虫類	(ちゅうるい)
虫食む	(むしばむ)
虫眼鏡	(むしめがね,むしメガネ)
崇める	(あがめる)
崇拝	(すうはい)
崇高	(すうこう)
崇敬	(すうけい)
蟲	(むし)
蟲惑	(こわく)
蟲惑的	(こわくてき)
銃	(じゅう)
銃火	(じゅうか)
銃剣	(じゅうけん)
銃口	(じゅうこう)
銃連射	(じゅうれんしゃ)
銃砲	(じゅうほう)
銃器	(じゅうき)
銃殺	(じゅうさつ)
銃身	(じゅうしん)
銃声	(じゅうせい)
銃弾	(じゅうだん)
抽き出し	(ひきだし)
抽せん	(ちゅうせん)
抽せん券	(ちゅうせんけん)
抽んでる	(ぬきんでる)
抽出	(ちゅうしゅつ)
抽斗	(ひきだし)
抽籤	(ちゅうせん)
抽籤券	(ちゅうせんけん)
抽象	(ちゅうしょう)
抽象的	(ちゅうしょうてき)
抽象美術	(ちゅうしょうびじゅつ)
抽選	(ちゅうせん)
抽選券	(ちゅうせんけん)
仇	(あだ,あた,あたん)
仇讎	(きゅうしゅう)
仇敵	(きゅうてき)
仇花	(あだばな)
仇討	(あだうち)
仇討ち	(あだうち)
仇同士	(かたきどうし,てきどうし)
酬いる	(むくいる)
稠密	(ちゅうみつ,ちょうみつ)
愁い	(うれい)
愁い顔	(うれいがお)
愁える	(うれえる)
愁傷	(しゅうしょう)
愁訴	(しゅうそ)
綢密	(ちゅうみつ,ちょうみつ)
籌	(はかりごと)
躊躇	(ちゅうちょ)
躊躇い	(ためらい)
躊躇う	(ためらう)
讐	(あだ,あた,あたん)
丑	(うし)
丑年	(うしどし)
醜い	(みにくい)
醜しい	(みぐるしい)
醜悪	(しゅうあく)
醜名	(しこな)
醜男	(ブおとこ,ぶおとこ,しこお)
醜女	(しゅうじょ,しこめ,ぶおんな)
醜態	(しゅうたい)
醜体	(しゅうたい)
醜聞	(しゅうぶん)
臭い	(くさい,くせー,くっせー)
臭いものにふた	(くさいものにふた)
臭いものに蓋	(くさいものにふた)
臭い物に蓋	(くさいものにふた)
臭う	(におう)
臭わす	(におわす)
臭わせる	(におわせる)
臭気	(しゅうき)
臭素	(しゅうそ)
臭味	(しゅうみ)
出がけ	(でがけ,でかけ)
出かける	(でかける)
出かせぎ	(でかせぎ)
出がらし	(でがらし)
出かわり	(でかわり)
出きる	(できる)
出くわす	(でくわす)
出し	(だし,ダシ)
出しにする	(だしにする,ダシにする)
出しに使う	(だしにつかう)
出しぬく	(だしぬく)
出しぬけ	(だしぬけ)
出し抜く	(だしぬく)
出し抜け	(だしぬけ)
出し遅れ	(だしおくれ)
出し放題	(だしほうだい)
出し分	(だしぶん)
出し合う	(だしあう)
出し殻	(だしがら)
出し前	(だしまえ)
出し入れ	(だしいれ)
出し渋る	(だししぶる)
出し手	(だして)
出し違う	(だしちがう)
出し物	(だしもの)
出し惜しみ	(だしおしみ)
出し惜しむ	(だしおしむ)
出し汁	(だしじる)
出す	(だす)
出すぎる	(ですぎる)
出そろう	(でそろう)
出たとこ勝負	(でたとこしょうぶ)
出た所勝負	(でたとこしょうぶ)
出つくす	(でつくす)
出っぱり	(でっぱり)
出っぱる	(でっぱる)
出っ歯	(でっぱ)
出っ張り	(でっぱり)
出っ張る	(でっぱる)
出で立つ	(いでたつ)
出で湯	(いでゆ)
出どき	(でどき)
出なおす	(でなおす)
出はいり	(でいり,ではいり)
出はじめる	(ではじめる)
出はな	(でばな,ではな)
出ばな	(でばな,ではな)
出べそ	(でべそ)
出ほうだい	(でほうだい)
出まかせ	(でまかせ)
出まわる	(でまわる)
出むかえ	(でむかえ)
出る	(でる)
出る釘は打たれる	(でるくぎはうたれる)
出板	(しゅっぱん)
出版	(しゅっぱん)
出版の自由	(しゅっぱんのじゆう)
出版部	(しゅっぱんぶ)
出版部数	(しゅっぱんぶすう)
出版法	(しゅっぱんほう)
出版費	(しゅっぱんひ)
出版許可	(しゅっぱんきょか)
出版界	(しゅっぱんかい)
出版目録	(しゅっぱんもくろく)
出版社	(しゅっぱんしゃ)
出版屋	(しゅっぱんや)
出版物	(しゅっぱんぶつ)
出版業	(しゅっぱんぎょう)
出版業者	(しゅっぱんぎょうしゃ)
出版元	(しゅっぱんもと)
出版者	(しゅっぱんしゃ)
出奔	(しゅっぽん)
出奔者	(しゅっぽんしゃ)
出鼻	(でばな,ではな)
出兵	(しゅっぺい)
出不精	(でぶしょう)
出歩く	(であるく)
出喰わす	(でくわす)
出産	(しゅっさん)
出産数	(しゅっさんすう)
出産祝い	(しゅっさんいわい)
出場	(でば)
出場者	(しゅつじょうしゃ)
出超	(しゅっちょう)
出潮	(でしお)
出城	(でじろ)
出遅れる	(でおくれる)
出歯	(でば)
出初め	(でぞめ)
出初め式	(でぞめしき)
出初式	(でぞめしき)
出処	(しゅっしょ)
出処進退	(しゅっしょしんたい)
出船	(でふね,でぶね)
出窓	(でまど)
出典	(しゅってん)
出店	(でみせ)
出動	(しゅつどう)
出動命令	(しゅつどうめいれい)
出端	(では)
出額	(でびたい)
出発	(しゅっぱつ)
出発点	(しゅっぱつてん)
出帆	(しゅっぱん)
出番	(でばん)
出払い	(ではらい)
出払う	(ではらう)
出方	(でかた)
出放題	(でほうだい)
出費	(しゅっぴ)
出逢い	(であい)
出逢う	(であう)
出府	(しゅっぷ)
出港	(しゅっこう)
出港船	(しゅっこうせん)
出港停止	(しゅっこうていし)
出格子	(でごうし)
出掛	(でがけ,でかけ)
出掛け	(でがけ,でかけ)
出掛ける	(でかける)
出棺	(しゅっかん)
出国	(しゅっこく,しゅつごく)
出過ぎる	(ですぎる)
出航	(しゅっこう)
出合い	(であい)
出合う	(であう)
出荷	(しゅっか)
出涸し	(でがらし)
出涸らし	(でがらし)
出花	(でばな)
出回り	(でまわり)
出回る	(でまわる)
出廻る	(でまわる)
出会	(であい)
出会い	(であい)
出会う	(であう)
出会す	(でくわす)
出火	(しゅっか)
出撃	(しゅつげき)
出稽古	(でげいこ)
出際	(でぎわ)
出家	(しゅっけ,すけ)
出家遁世	(しゅっけとんせい)
出稼ぎ	(でかせぎ)
出駕	(しゅつが)
出揃う	(でそろう)
出監	(しゅっかん)
出講	(しゅっこう)
出交す	(でくわす)
出金	(しゅっきん)
出金額	(しゅっきんがく)
出金者	(しゅっきんしゃ)
出尽くす	(でつくす)
出尽す	(でつくす)
出京	(しゅっきょう)
出精	(しゅっせい)
出捐	(しゅつえん)
出軍	(しゅつぐん)
出殻	(でがら)
出口	(でぐち)
出口調査	(でぐちちょうさ)
出庫	(しゅっこ)
出来	(しゅったい,しゅつらい)
出来あがる	(できあがる)
出来ごと	(できごと)
出来たて	(できたて)
出来ちゃった結婚	(できちゃったけっこん)
出来ばえ	(できばえ)
出来もの	(できもの,できもん)
出来る	(できる)
出来るだけ	(できるだけ)
出来るようになる	(できるようになる)
出来る限り	(できるかぎり)
出来る限り早期	(できるかぎりそうき)
出来る丈	(できるだけ)
出来次第	(できしだい)
出来高	(できだか)
出来高払い	(できだかばらい)
出来合	(できあい)
出来合い	(できあい)
出来合う	(できあう)
出来具合	(できぐあい)
出来立て	(できたて)
出来秋	(できあき)
出来栄え	(できばえ)
出来上がり	(できあがり)
出来上がる	(できあがる)
出来上り	(できあがり)
出来上る	(できあがる)
出来事	(できごと)
出来損なう	(できそこなう)
出来物	(できぶつ,でけもの)
出来心	(できごころ)
出来星	(できぼし)
出来映え	(できばえ)
出来値	(できね)
出來る	(できる)
出藍	(しゅつらん)
出塁	(しゅつるい)
出力	(しゅつりょく)
出力線	(しゅつりょくせん)
出力装置	(しゅつりょくそうち)
出立	(しゅったつ)
出猟	(しゅつりょう)
出廬	(しゅつろ)
出馬	(しゅつば)
出没	(しゅつぼつ)
出門	(しゅつもん)
出目	(でめ)
出目金	(でめきん,デメキン)
出納	(すいとう)
出納簿	(すいとうぼ)
出納係	(すいとうがかり)
出納係り	(すいとうがかり)
出品	(しゅっぴん)
出品国	(しゅっぴんこく)
出品人	(しゅっぴんにん)
出品物	(しゅっぴんぶつ)
出品者	(しゅっぴんしゃ)
出臍	(でべそ)
出前	(でまえ)
出前持	(でまえもち)
出前持ち	(でまえもち)
出欠	(しゅっけつ)
出切る	(できる)
出勤	(しゅっきん)
出勤簿	(しゅっきんぼ)
出勤日	(しゅっきんび)
出勤時間	(しゅっきんじかん)
出勤者	(しゅっきんしゃ)
出渠	(しゅっきょ)
出群	(しゅつぐん)
出刃	(でば)
出刃包丁	(でばぼうちょう)
出刃庖丁	(でばぼうちょう)
出任せ	(でまかせ)
出入	(しゅつにゅう)
出入り	(でいり,ではいり)
出入りの商人	(でいりのしょうにん)
出入り口	(でいりぐち)
出入国	(しゅつにゅうこく)
出入口	(でいりぐち)
出色	(しゅっしょく)
出渋る	(でしぶる)
出商い	(であきない)
出社	(しゅっしゃ)
出身	(しゅっしん)
出身地	(しゅっしんち)
出身校	(しゅっしんこう)
出身者	(しゅっしんしゃ)
出生	(しゅっしょう,しゅっせい)
出生地	(しゅっしょうち,しゅっせいち)
出生過剰	(しゅっしょうかじょう,しゅっせいかじょう)
出生率	(しゅっしょうりつ,しゅっせいりつ)
出生年月日	(しゅっしょうねんがっぴ,しゅっせいねんがっぴ)
出生数	(しゅっしょうすう,しゅっせいすう)
出生証明書	(しゅっしょうしょうめいしょ,しゅっせいしょうめいしょ)
出盛り	(でさかり,でざかり)
出盛る	(でさかる)
出師	(すいし)
出時	(でどき)
出始める	(ではじめる)
出世	(しゅっせ)
出世間	(しゅっせけん)
出世間的	(しゅっせけんてき)
出世頭	(しゅっせがしら)
出世作	(しゅっせさく)
出仕	(しゅっし)
出仕事	(でしごと)
出水	(しゅっすい,でみず)
出訴	(しゅっそ)
出訴期限法	(しゅっそきげんほう)
出損なう	(でそこなう)
出所	(しゅっしょ)
出所進退	(しゅっしょしんたい)
出炭	(しゅったん)
出湯	(いでゆ)
出題	(しゅつだい)
出戻り	(でもどり)
出替わり	(でがわり)
出替わる	(でかわる)
出廷	(しゅってい)
出廷日	(しゅっていび)
出頭	(しゅっとう)
出土	(しゅつど)
出土品	(しゅつどひん)
出外れ	(ではずれ)
出違う	(でちがう)
出無精	(でぶしょう)
出物	(でもの)
出席	(しゅっせき)
出席簿	(しゅっせきぼ)
出席率	(しゅっせきりつ)
出席者	(しゅっせきしゃ)
出先	(でさき)
出先機関	(でさききかん)
出嫌い	(でぎらい)
出現	(しゅつげん)
出郷	(しゅっきょう)
出向	(しゅっこう)
出向く	(でむく)
出鱈目	(でたらめ,デタラメ)
出血	(しゅっけつ)
出血斑	(しゅっけつはん)
出血過多	(しゅっけつかた)
出血死	(しゅっけつし)
出血症	(しゅっけつしょう)
出芽	(しゅつが)
出演	(しゅつえん)
出演者	(しゅつえんしゃ)
出様	(でよう)
出迎え	(でむかえ)
出迎える	(でむかえる)
出漁	(しゅつりょう,しゅつぎょ)
出漁期	(しゅつぎょき)
出漁区域	(しゅつぎょくいき)
出漁権	(しゅつぎょけん)
出御	(しゅつぎょ)
出獄	(しゅつごく)
出願	(しゅつがん)
出願人	(しゅつがんにん)
出願書類	(しゅつがんしょるい)
出願者	(しゅつがんしゃ)
出遭う	(であう)
出札	(しゅっさつ)
出札掛	(しゅっさつがかり)
出札口	(しゅっさつぐち)
出札所	(しゅっさつじょ)
出札係	(しゅっさつがかり)
出展	(しゅってん)
出展者	(しゅってんしゃ)
出張	(しゅっちょう)
出張り	(でばり)
出張る	(でばる)
出張店	(しゅっちょうてん)
出張所	(しゅっちょうじょ)
出張員	(しゅっちょういん)
出這入り	(でいり,ではいり)
出陣	(しゅつじん)
出征	(しゅっせい)
出征家族	(しゅっせいかぞく)
出征軍	(しゅっせいぐん)
出征軍人	(しゅっせいぐんじん)
出汁	(だし,ダシ)
出直し	(でなおし)
出直す	(でなおす)
出直る	(でなおる)
出資	(しゅっし)
出資額	(しゅっしがく)
出資金	(しゅっしきん)
出資者	(しゅっししゃ)
出足	(であし)
初	(はつ,うい)
初め	(はじめ)
初めから	(はじめから)
初めて	(はじめて)
初めに	(はじめに)
初めは	(はじめは)
初める	(そめる)
初もうで	(はつもうで)
初版	(しょはん)
初歩	(しょほ)
初産	(ういざん,しょざん,しょさん)
初産婦	(しょさんぷ)
初場所	(はつばしょ)
初潮	(しょちょう)
初々しい	(ういういしい)
初出	(しょしゅつ,うぶだし)
初初しい	(ういういしい)
初春	(しょしゅん)
初代	(しょだい)
初誕生	(はつたんじょう)
初等	(しょとう)
初冬	(しょとう,はつふゆ)
初段	(しょだん)
初対面	(しょたいめん,はつたいめん)
初耳	(はつみみ)
初犯	(しょはん)
初釜	(はつがま)
初荷	(はつに)
初回	(しょかい)
初婚	(しょこん)
初級	(しょきゅう)
初節供	(はつぜっく)
初節句	(はつぜっく)
初老	(しょろう)
初恋	(はつこい)
初夢	(はつゆめ)
初期	(しょき)
初期段階	(しょきだんかい)
初期化	(しょきか)
初期設定	(しょきせってい)
初期投資	(しょきとうし)
初期投資コスト	(しょきとうしコスト)
初期選択項目	(しょきせんたくこうもく)
初期値	(しょきち)
初秋	(しょしゅう,はつあき)
初任給	(しょにんきゅう)
初日	(はつひ)
初日の出	(はつひので)
初乳	(しょにゅう)
初審	(しょしん)
初手	(しょて)
初体験	(はつたいけん,しょたいけん)
初投稿	(はつとうこう)
初頭	(しょとう)
初夏	(しょか,はつなつ)
初心	(しょしん)
初心者	(しょしんしゃ)
初学者	(しょがくしゃ)
初雪	(はつゆき)
初演	(しょえん)
初夜	(しょや,そや)
初詣	(はつもうで)
初詣で	(はつもうで)
初志	(しょし)
初志貫徹	(しょしかんてつ)
齣	(こま,コマ)
齣撮り	(コマどり,こまどり)
齣落	(こまおとし)
齣落とし	(こまおとし)
除いて	(のぞいて)
除く	(のぞく)
除ける	(のける)
除草	(じょそう)
除草剤	(じょそうざい)
除々に	(じょじょに)
除除に	(じょじょに)
除隊	(じょたい)
除法	(じょほう)
除核	(じょかく)
除籍	(じょせき)
除霊	(じょれい)
除名	(じょめい)
除幕	(じょまく)
除幕式	(じょまくしき)
除去	(じょきょ)
除数	(じょすう)
除算	(じょさん,じょざん)
除外	(じょがい)
除行	(じょこう)
除雪	(じょせつ)
除雪車	(じょせつしゃ)
除夜	(じょや)
厨	(くりや)
厨坊	(ちゅうぼう)
厨房	(ちゅうぼう)
厨子	(ずし)
鋤	(すき)
鋤焼	(すきやき,スキヤキ)
鋤焼き	(すきやき,スキヤキ)
廚	(くりや)
廚房	(ちゅうぼう)
廚子	(ずし)
雛	(ひよこ,ひよっこ,ヒヨコ)
雛祭	(ひなまつり)
雛祭り	(ひなまつり)
雛鑑別師	(ひなかんべつし)
雛芥子	(ひなげし,ヒナゲシ)
雛人形	(ひなにんぎょう)
雛形	(ひながた)
雛型	(ひながた)
雛罌粟	(ひなげし,ヒナゲシ)
楚々	(そそ)
楚楚	(そそ)
儲	(もうけ)
儲かる	(もうかる)
儲け	(もうけ)
儲けもの	(もうけもの)
儲ける	(もうける)
儲け付くで	(もうけづくで)
儲け口	(もうけぐち)
儲け物	(もうけもの)
儲け役	(もうけやく)
儲付くで	(もうけづくで)
儲口	(もうけぐち)
儲位	(ちょい)
儲物	(もうけもの)
儲蓄	(ちょちく)
儲役	(もうけやく)
礎	(いしずえ)
礎石	(そせき)
処	(ところ,とこ)
処ではない	(どころではない)
処々	(ところどころ,しょしょ)
処処	(ところどころ,しょしょ)
処罰	(しょばつ)
処方	(しょほう)
処分	(しょぶん)
処理	(しょり)
処理過程	(しょりかてい)
処女	(しょじょ)
処女膜	(しょじょまく)
処世術	(しょせいじゅつ)
処刑	(しょけい)
処遇	(しょぐう)
処置	(しょち)
畜産	(ちくさん)
畜殺	(ちくさつ)
畜殺場	(ちくさつじょう,ちくさつば)
畜舎	(ちくしゃ)
畜生	(ちくしょう,ちきしょう,チクショー)
畜生道	(ちくしょうどう)
處	(ところ,とこ)
触る	(さわる)
触れあう	(ふれあう)
触れこむ	(ふれこむ)
触れる	(ふれる)
触れ合う	(ふれあう)
触れ回る	(ふれまわる)
触れ込む	(ふれこむ)
触発	(しょくはつ)
触感	(しょっかん)
触回る	(ふれまわる)
触覚	(しょっかく)
触媒	(しょくばい)
触媒作用	(しょくばいさよう)
触手	(しょくしゅ)
触込む	(ふれこむ)
啜りなく	(すすりなく)
啜り泣く	(すすりなく)
啜る	(すする)
川	(かわ,がわ)
川つら	(かわも,かわづら,かわつら)
川づら	(かわも,かわづら,かわつら)
川ばた	(かわばた)
川岸	(かわぎし,かがん)
川蝉	(カワセミ,かわせみ)
川床	(かしょう,かわどこ,かわゆか)
川端	(かわばた)
川口	(かこう,かわぐち)
川柳	(せんりゅう)
川面	(かわも,かわづら,かわつら)
川上	(かわかみ)
川獺	(かわうそ,うそ,おそ)
川下	(かわしも)
川沿い	(かわぞい)
川原	(かわら)
穿き違える	(はきちがえる)
穿く	(はく)
穿ちすぎた	(うがちすぎた)
穿ち過ぎた	(うがちすぎた)
穿刺	(せんし)
穿山甲	(せんざんこう,センザンコウ)
穿通	(せんつう)
船	(ふね)
船便	(ふなびん,せんびん)
船舶	(せんぱく)
船長	(せんちょう,ふなおさ)
船灯	(せんとう)
船底	(せんてい,ふなぞこ,ふなそこ)
船隊	(せんたい)
船歌	(ふなうた)
船旅	(ふなたび)
船室	(せんしつ)
船首	(せんしゅ)
船団	(せんだん)
船尾	(せんび)
船員	(せんいん)
船主	(せんしゅ,ふなぬし)
船酔い	(ふなよい)
椽	(たるき,はえき)
椽側	(えんがわ)
傳播	(でんぱ,でんぱん)
傳承	(でんしょう)
喘ぐ	(あえぐ)
喘息	(ぜんそく)
串	(くし)
串カツ	(くしカツ)
串かつ	(くしカツ)
串やき	(くしやき)
串焼	(くしやき)
串焼き	(くしやき)
串戯	(じょうだん)
串揚	(くしあげ)
串揚げ	(くしあげ)
窓	(まど)
窓ぎわ	(まどぎわ)
窓ごし	(まどごし)
窓べ	(まどべ)
窓辺	(まどべ)
窓際	(まどぎわ)
窓際の席	(まどぎわのせき)
窓口	(まどぐち)
窓越し	(まどごし)
窓枠	(まどわく)
窗	(まど)
牕	(まど)
瘡痕	(そうこん)
床	(ゆか)
床しい	(ゆかしい)
床の間	(とこのま)
床板	(ゆかいた,しょうばん)
床机	(しょうぎ)
床几	(しょうぎ)
床屋	(とこや)
床下	(ゆかした)
牀	(ゆか)
牀几	(しょうぎ)
闖入	(ちんにゅう)
創	(きず,キズ)
創める	(はじめる)
創り出す	(つくりだす)
創り上げる	(つくりあげる)
創る	(つくる)
創案	(そうあん)
創案者	(そうあんしゃ)
創痕	(そうこん)
創見	(そうけん)
創建	(そうけん)
創建者	(そうけんしゃ)
創開	(そうかい)
創刊	(そうかん)
創刊号	(そうかんごう)
創立	(そうりつ)
創立者	(そうりつしゃ)
創面	(そうめん)
創傷	(そうしょう)
創設	(そうせつ)
創設者	(そうせつしゃ)
創始	(そうし)
創始者	(そうししゃ)
創世	(そうせい)
創世記	(そうせいき)
創世期	(そうせいき)
創価学会	(そうかがっかい)
創業	(そうぎょう)
創業費	(そうぎょうひ)
創業者	(そうぎょうしゃ)
創痍	(そうい)
創意	(そうい)
創造	(そうぞう)
創造的	(そうぞうてき)
創造力	(そうぞうりょく)
創造説	(そうぞうせつ)
創造物	(そうぞうぶつ)
創造性	(そうぞうせい)
創造者	(そうぞうしゃ)
創造主	(そうぞうしゅ,そうぞうぬし)
創製	(そうせい)
創作	(そうさく)
創作的	(そうさくてき)
創作力	(そうさくりょく)
創作権	(そうさくけん)
創作者	(そうさくしゃ)
吹かす	(ふかす)
吹きかける	(ふきかける)
吹きこむ	(ふきこむ)
吹きしきる	(ふきしきる)
吹きだす	(ふきだす)
吹きつける	(ふきつける)
吹きでもの	(ふきでもの)
吹きとぶ	(ふきとぶ)
吹きまくる	(ふきまくる)
吹き抜	(ふきぬき)
吹き抜き	(ふきぬき)
吹き抜く	(ふきぬく)
吹き出す	(ふきだす)
吹き出もの	(ふきでもの)
吹き出る	(ふきでる)
吹き出物	(ふきでもの)
吹き倒す	(ふきたおす)
吹き払う	(ふきはらう)
吹き返す	(ふきかえす)
吹き飛ばす	(ふきとばす)
吹き飛ぶ	(ふきとぶ)
吹き付ける	(ふきつける)
吹き掛ける	(ふきかける)
吹き貫き	(ふきぬき)
吹き荒れる	(ふきあれる)
吹き捲くる	(ふきまくる)
吹き捲る	(ふきまくる)
吹き落とす	(ふきおとす)
吹き募る	(ふきつのる)
吹き頻る	(ふきしきる)
吹き散す	(ふきちらす)
吹き散らす	(ふきちらす)
吹き上げる	(ふきあげる)
吹き始める	(ふきはじめる)
吹き送る	(ふきおくる)
吹き替え	(ふきかえ)
吹き替え版	(ふきかえばん)
吹き通す	(ふきとおす)
吹き消す	(ふきけす)
吹き込む	(ふきこむ)
吹き着ける	(ふきつける)
吹く	(ふく)
吹っきれる	(ふっきれる)
吹っとぶ	(ふっとぶ)
吹っ飛ぶ	(ふっとぶ)
吹っ切れる	(ふっきれる)
吹抜き	(ふきぬき)
吹出す	(ふきだす)
吹出る	(ふきでる)
吹出物	(ふきでもの)
吹飛ばす	(ふきとばす)
吹飛ぶ	(ふきとぶ)
吹付ける	(ふきつける)
吹掛ける	(ふきかける)
吹荒れる	(ふきあれる)
吹挙	(すいきょ)
吹螺	(ほらがい,ホラがい,ホラガイ)
吹散らす	(ふきちらす)
吹替	(ふきかえ)
吹替え	(ふきかえ)
吹替え版	(ふきかえばん)
吹替版	(ふきかえばん)
吹雪	(ふぶき)
吹込む	(ふきこむ)
吹奏	(すいそう)
吹奏楽	(すいそうがく)
吹奏楽団	(すいそうがくだん)
炊き出し	(たきだし)
炊き込み	(たきこみ)
炊き込む	(たきこむ)
炊く	(たく)
炊出し	(たきだし)
炊飯機	(すいはんき)
炊飯器	(すいはんき)
炊事	(すいじ)
垂	(たれ,だれ,タレ)
垂し髪	(すべらかし,すべしがみ,たれがみ)
垂らし込む	(たらしこむ)
垂らす	(たらす)
垂り穂	(たりほ)
垂れ	(たれ,だれ,タレ)
垂れる	(たれる)
垂れ耳	(たれみみ)
垂れ髪	(すべらかし,すべしがみ,たれがみ)
垂れ流す	(たれながす)
垂れ柳	(しだれやなぎ,シダレヤナギ)
垂れ幕	(たれまく)
垂れ飾り	(たれかざり)
垂れ下がる	(たれさがる)
垂れ下げる	(たれさげる)
垂耳	(たれみみ)
垂髪	(すべらかし,すべしがみ,たれがみ)
垂範	(すいはん)
垂迹	(すいじゃく,すいしゃく)
垂教	(すいきょう)
垂木	(たるき,はえき)
垂幕	(たれまく)
垂示	(すいし,すいじ)
垂下	(すいか)
垂涎	(すいぜん,すいえん,すいせん)
垂線	(すいせん)
垂楊	(すいよう)
垂直	(すいちょく)
垂直タブ	(すいちょくタブ)
垂直線	(すいちょくせん)
垂準	(すいじゅん)
錘	(おもり)
錘状	(すいじょう)
春	(はる)
春たけなわ	(はるたけなわ)
春の宮	(はるのみや)
春めく	(はるめく)
春闘	(しゅんとう)
春分	(しゅんぶん)
春分の日	(しゅんぶんのひ)
春風	(はるかぜ,しゅんぷう)
春風たいとう	(しゅんぷうたいとう)
春風駘蕩	(しゅんぷうたいとう)
春宮	(とうぐう)
春酣	(はるたけなわ)
春画	(しゅんが)
春菊	(しゅんぎく,シュンギク)
春巻	(はるまき)
春巻き	(はるまき)
春眠	(しゅんみん)
春眠暁を覚えず	(しゅんみんあかつきをおぼえず)
春秋	(しゅんじゅう,はるあき)
春夏秋冬	(しゅんかしゅうとう)
春先	(はるさき)
春宵	(しゅんしょう)
春休	(はるやすみ)
春休み	(はるやすみ)
春一番	(はるいちばん)
春雨	(はるさめ,しゅんう)
椿	(つばき,さんちゃ,ツバキ)
椿説	(ちんせつ)
鰆	(さわら,サワラ)
唇	(くちびる)
唇音	(しんおん)
純愛	(じゅんあい)
純度	(じゅんど)
純化	(じゅんか)
純潔	(じゅんけつ)
純金	(じゅんきん)
純毛	(じゅんもう)
純米酒	(じゅんまいしゅ)
純朴	(じゅんぼく)
純情	(じゅんじょう)
純然	(じゅんぜん)
純日本風	(じゅんにほんふう)
純粋	(じゅんすい)
純粋培養	(じゅんすいばいよう)
純文学	(じゅんぶんがく)
純心	(じゅんしん)
純血	(じゅんけつ)
純益	(じゅんえき)
純真	(じゅんしん)
純正	(じゅんせい)
純正数学	(じゅんせいすうがく)
脣	(くちびる)
淳風美俗	(じゅんぷうびぞく)
淳朴	(じゅんぼく)
醇風美俗	(じゅんぷうびぞく)
醇朴	(じゅんぼく)
醇正	(じゅんせい)
鶉	(うずら,ウズラ)
惷動	(しゅんどう)
蠢く	(うごめく)
蠢動	(しゅんどう)
綽名	(あだな,こんめい)
疵	(きず,キズ)
疵つく	(きずつく)
疵つける	(きずつける)
疵付く	(きずつく)
疵付ける	(きずつける)
疵痕	(きずあと,しょうこん)
疵跡	(きずあと,しょうこん)
疵口	(きずぐち)
疵物	(きずもの,キズモノ)
疵薬	(きずぐすり)
縒りを戻す	(よりをもどす)
茈	(むらさき,ムラサキ)
茨	(いばら,イバラ)
茨城県	(いばらきけん,いばらぎけん)
祠	(ほこら)
詞	(ことば,けとば)
詞藻	(しそう)
辞	(ことば,けとば)
辞む	(いなむ)
辞めさせる	(やめさせる)
辞める	(やめる)
辞表	(じひょう)
辞典	(じてん)
辞令	(じれい)
辞任	(じにん)
辞書	(じしょ)
辞退	(じたい)
辞意	(じい)
辞職	(じしょく)
慈しみ	(いつくしみ)
慈しむ	(いつくしむ)
慈愛	(じあい)
慈悲	(じひ)
慈悲心	(じひしん)
慈父	(じふ)
慈恵	(じけい)
慈母	(じぼ)
慈善	(じぜん)
慈善鍋	(じぜんなべ)
慈善会	(じぜんかい)
慈善家	(じぜんか)
慈善市	(じぜんいち)
慈善事業	(じぜんじぎょう)
慈善箱	(じぜんばこ)
慈善心	(じぜんしん)
慈心	(じしん)
慈兄	(じけい)
慈訓	(じくん)
慈眼	(じげん,じがん)
慈雨	(じう)
磁壁	(じへき)
磁場	(じば,じじょう)
磁化	(じか)
磁界	(じかい)
磁気	(じき)
磁気インク	(じきインク)
磁気カード	(じきカード)
磁気ディスク	(じきディスク)
磁気浮上	(じきふじょう)
磁気共鳴画像	(じききょうめいがぞう)
磁器	(じき)
磁石	(じしゃく,じせき)
磁心	(じしん)
磁性	(じせい)
磁性層	(じせいそう)
雌	(めす,メス,めん)
雌ネジ	(めねじ,めすねじ,メネジ)
雌ねじ	(めねじ,めすねじ,メネジ)
雌伏	(しふく)
雌花	(めばな,しか)
雌鶏	(めんどり,メンドリ)
雌螺子	(めねじ,めすねじ,メネジ)
雌鳥	(めんどり,メンドリ)
雌牛	(めうし,びんぎゅう,めうじ)
雌犬	(メスいぬ,めすいぬ,めいぬ)
雌滝	(めだき)
雌性	(しせい)
雌雄	(しゆう)
辭典	(じてん)
辭書	(じしょ)
此から	(これから)
此の	(この,こん)
此の度	(このたび,こたび)
此の辺	(このへん)
此の間	(このあいだ,このかん)
此の頃	(このごろ)
此れから	(これから)
此れほど	(これほど)
此れまで	(これまで)
此れ迄	(これまで)
此処	(ここ)
此等	(これら)
此度	(このたび,こたび)
此方	(こなた,こんた)
此方こそ	(こちらこそ)
此間	(こないだ)
此奴	(こいつ,こやつ)
此所	(ここ)
次	(じ)
次いで	(ついで)
次ぐ	(つぐ)
次のように	(つぎのように)
次の間	(つぎのま)
次便	(じびん)
次表	(じひょう)
次長	(じちょう)
次々	(つぎつぎ)
次次	(つぎつぎ)
次々に	(つぎつぎに)
次次に	(つぎつぎに)
次打者	(じだしゃ)
次代	(じだい)
次第	(しだい)
次第に	(しだいに)
次第書き	(しだいがき)
次点	(じてん)
次点者	(じてんしゃ)
次官	(じかん)
次号	(じごう)
次回	(じかい)
次会	(じかい)
次将	(じしょう)
次男	(じなん)
次男坊	(じなんぼう)
次年	(じねん)
次女	(じじょ)
次期	(じき)
次善	(じぜん)
次善策	(じぜんさく)
次世代	(じせだい)
次式	(じしき)
次数	(じすう)
次条	(じじょう)
次位	(じい)
次席	(じせき)
次兄	(じけい)
次序	(じじょ)
次亜	(じあ)
次元	(じげん)
次元正則化	(じげんせいそくか)
次章	(じしょう)
次子	(じし)
伺いごと	(うかがいごと)
伺い事	(うかがいごと)
伺い知る	(うかがいしる)
伺う	(うかがう)
伺候	(しこう)
刺	(し)
刺さる	(ささる)
刺し	(さし)
刺しゅう	(ししゅう)
刺し貫く	(さしつらぬく)
刺し殺す	(さしころす)
刺し傷	(さしきず)
刺し身	(さしみ)
刺し身包丁	(さしみぼうちょう)
刺し通す	(さしとおす)
刺し網	(さしあみ)
刺す	(さす)
刺抜き	(とげぬき)
刺草	(いらくさ,イラクサ,じんま)
刺叉	(さすまた,サスマタ)
刺衝	(ししょう)
刺々	(いらいら,イライラ)
刺々しい	(とげとげしい,トゲトゲしい)
刺刺	(いらいら,イライラ)
刺刺しい	(とげとげしい,トゲトゲしい)
刺胳	(しらく)
刺股	(さすまた,サスマタ)
刺激	(しげき)
刺激的	(しげきてき)
刺激剤	(しげきざい)
刺激物	(しげきぶつ)
刺激性	(しげきせい)
刺戟	(しげき)
刺戟的	(しげきてき)
刺戟剤	(しげきざい)
刺戟物	(しげきぶつ)
刺戟性	(しげきせい)
刺客	(しかく,しきゃく,せっかく)
刺絡	(しらく)
刺殺	(しさつ)
刺傷	(さしきず)
刺身	(さしみ)
刺身包丁	(さしみぼうちょう)
刺身庖丁	(さしみぼうちょう)
刺通す	(さしとおす)
刺網	(さしあみ)
刺繍	(ししゅう)
刺繡	(ししゅう)
刺又	(さすまた,サスマタ)
賜う	(たまう)
賜る	(たまわる)
賜わる	(たまわる)
賜暇	(しか)
匆卒	(そうそつ)
怱卒	(そうそつ)
葱	(ねぎ,ネギ)
葱頭	(たまねぎ,タマネギ)
聡敏	(そうびん)
聡明	(そうめい)
樅	(もみ,モミ)
聰明	(そうめい)
従う	(したがう)
従える	(したがえる)
従って	(したがって)
従弟	(じゅうてい,いとこ)
従犯	(じゅうはん)
従軍	(じゅうぐん)
従軍記者	(じゅうぐんきしゃ)
従来	(じゅうらい)
従来型	(じゅうらいがた)
従妹	(じゅうまい,いとこ)
従僕	(じゅうぼく)
従事	(じゅうじ)
従属	(じゅうぞく)
従属変数	(じゅうぞくへんすう)
従順	(じゅうじゅん)
従兄	(じゅうけい,いとこ)
従兄弟	(いとこ,じゅうけいてい)
従業	(じゅうぎょう)
従業員	(じゅうぎょういん)
従者	(じゅうしゃ,じゅしゃ)
従姉	(じゅうし,いとこ)
従姉妹	(いとこ,じゅうしまい)
従祖父	(おおおじ)
叢	(くさむら)
叢がる	(むらがる)
叢氷	(そうひょう)
叢祠	(ほこら)
叢立ち	(そうだち,むらだち)
叢林	(そうりん)
叢生	(そうせい)
叢時雨	(むらしぐれ)
叢書	(そうしょ)
叢談	(そうだん)
叢雨	(むらさめ)
湊	(みなと)
粗	(ほぼ)
粗い	(あらい)
粗っぽい	(あらっぽい)
粗暴	(そぼう)
粗播き	(あらまき)
粗大	(そだい)
粗大ゴミ	(そだいごみ,そだいゴミ)
粗大ごみ	(そだいごみ,そだいゴミ)
粗大塵	(そだいごみ,そだいゴミ)
粗悪	(そあく)
粗悪品	(そあくひん)
粗飯	(そはん)
粗方	(あらかた)
粗忽者	(そこつもの)
粗金	(あらがね,あらかね)
粗筋	(あらすじ)
粗利	(あらり)
粗利益	(あらりえき)
粗漏	(そろう)
粗率	(あらりつ)
粗末	(そまつ)
粗木	(あらき)
粗目	(ざらめ,ザラメ)
粗品	(そしな,そひん)
粗食	(そしょく,そじき)
粗探し	(あらさがし)
粗削り	(あらけずり)
粗野	(そや)
粗雑	(そざつ)
麁品	(そしな,そひん)
麁食	(そしょく,そじき)
促す	(うながす)
促成	(そくせい)
促成栽培	(そくせいさいばい)
促進	(そくしん)
促進剤	(そくしんざい)
促音	(そくおん)
醋	(す)
醋酸	(さくさん)
簇がる	(むらがる)
簇生	(そうせい)
蹙める	(しかめる)
蹴とばす	(けとばす)
蹴りこむ	(けりこむ)
蹴り殺す	(けりころす)
蹴り込む	(けりこむ)
蹴る	(ける)
蹴飛ばす	(けとばす)
蹴球	(しゅうきゅう)
蹴散らす	(けちらす)
蹴上げる	(けあげる)
催し	(もよおし)
催し物	(もよおしもの,もようしもの)
催す	(もよおす)
催促	(さいそく)
催促状	(さいそくじょう)
催告	(さいこく)
催合う	(もやう)
催涙ガス	(さいるいガス)
催涙銃	(さいるいじゅう)
催涙弾	(さいるいだん)
催眠	(さいみん)
催眠剤	(さいみんざい)
催眠術	(さいみんじゅつ)
催眠薬	(さいみんやく)
催物	(もよおしもの,もようしもの)
催淫剤	(さいいんざい)
摧く	(くだく)
摧ける	(くだける)
榱	(たるき,はえき)
伜	(せがれ)
忰	(せがれ)
忰せる	(かせる)
脆い	(もろい)
悴	(せがれ)
悴せる	(かせる)
悴む	(かじかむ)
毳	(むくげ)
翠	(みどり)
翠色	(みどりいろ,りょくしょく)
膵臓	(すいぞう)
村	(むら,そん)
村はちぶ	(むらはちぶ)
村八分	(むらはちぶ)
村長	(そんちょう,むらおさ)
村民	(そんみん)
村人	(むらびと)
村時雨	(むらしぐれ)
村雨	(むらさめ)
皴	(しわ,シワ)
存じる	(ぞんじる)
存分	(ぞんぶん)
存分に	(ぞんぶんに)
存続	(そんぞく)
存在	(そんざい)
存在論	(そんざいろん)
存在意義	(そんざいいぎ)
存在者	(そんざいしゃ)
存知	(ぞんち,ぞんじ)
存置	(そんち)
拵える	(こしらえる)
忖度	(そんたく)
寸でのところで	(すんでのところで)
寸での所で	(すんでのところで)
寸断	(すんだん)
寸法	(すんぽう)
寸分たがわず	(すんぶんたがわず)
寸分違わず	(すんぶんたがわず)
寸詰まり	(すんづまり)
寸詰り	(すんづまり)
寸劇	(すんげき)
寸秒	(すんびょう)
寸評	(すんぴょう)
寸前	(すんぜん)
寸時	(すんじ)
寸暇	(すんか)
寸志	(すんし)
寸足らず	(すんたらず)
吋	(インチ)
撮す	(うつす)
撮み	(つまみ)
撮み出す	(つまみだす)
撮み物	(つまみもの)
撮む	(つまむ)
撮りなおす	(とりなおす)
撮り直し	(とりなおし)
撮り直す	(とりなおす)
撮る	(とる)
撮要	(さつよう)
撮影	(さつえい)
撮影隊	(さつえいたい)
撮影所	(さつえいじょ)
撮影者	(さつえいしゃ)
蹉跌	(さてつ)
挫く	(くじく)
挫ける	(くじける)
挫傷	(ざしょう)
挫折	(ざせつ)
措辞	(そじ)
措置	(そち)
錯そう	(さくそう)
錯る	(こする)
錯和	(ちょんぼ,チョンボ)
錯角	(さっかく)
錯覚	(さっかく)
錯乱	(さくらん)
錯誤	(さくご)
錯雑	(さくざつ)
錯綜	(さくそう)
搭乗	(とうじょう)
搭乗案内	(とうじょうあんない)
搭乗券	(とうじょうけん)
搭乘	(とうじょう)
搭載	(とうさい)
迚も	(とても,とっても)
沓	(くつ)
沓底	(くつぞこ)
沓下	(くつした)
達	(たち)
達する	(たっする)
達成	(たっせい)
達成度	(たっせいど)
達頼喇嘛	(ダライラマ,ダライ・ラマ)
達磨	(だるま,ダルマ)
達人	(たつじん)
達者	(たっしゃ)
答	(こたえ)
答え	(こたえ)
答える	(こたえる)
答案	(とうあん)
答弁	(とうべん)
答弁者	(とうべんしゃ)
答辯	(とうべん)
答申	(とうしん)
打	(ダース)
打けん	(だけん)
打ちおろす	(うちおろす)
打ちかえす	(うちかえす)
打ちくだく	(うちくだく,ぶちくだく)
打ちこむ	(うちこむ)
打ちすえる	(うちすえる)
打ちだす	(うちだす)
打ちつける	(うちつける)
打ちとる	(うちとる)
打ちならす	(うちならす)
打ちぬく	(うちぬく)
打ちのめす	(うちのめす)
打ちまくる	(うちまくる)
打ちまける	(ぶちまける,ブチまける)
打ち抜く	(うちぬく)
打ち出す	(うちだす)
打ち返す	(うちかえす)
打ち付ける	(うちつける)
打ち貫く	(うちぬく)
打ち果す	(うちはたす)
打ち果たす	(うちはたす)
打ち合う	(うちあう)
打ち合せ	(うちあわせ)
打ち合せる	(うちあわせる)
打ち合わせ	(うちあわせ)
打ち合わせる	(うちあわせる)
打ち壊す	(ぶちこわす)
打ち毀す	(ぶちこわす)
打ち解けにくい	(うちとけにくい)
打ち解ける	(うちとける)
打ち解け難い	(うちとけにくい)
打ち据える	(うちすえる)
打ち捲る	(うちまくる)
打ち克つ	(うちかつ)
打ち留める	(うちとめる)
打ち落す	(うちおとす)
打ち落とす	(うちおとす)
打ち滅ぼす	(うちほろぼす)
打ち明ける	(うちあける)
打ち鳴らす	(うちならす)
打ち噛ます	(ぶちかます)
打ち破る	(うちやぶる)
打ち切る	(うちきる)
打ち取る	(うちとる)
打ち撒ける	(ぶちまける,ブチまける)
打ち殺す	(ぶちころす)
打ち傷	(うちきず)
打ち上げ	(うちあげ)
打ち上げる	(うちあげる)
打ち勝つ	(うちかつ)
打ち砕く	(うちくだく,ぶちくだく)
打ち下ろす	(うちおろす)
打ち消し	(うちけし)
打ち消す	(うちけす)
打ち揚げ	(うちあげ)
打ち揚げる	(うちあげる)
打ち込み	(うちこみ)
打ち込む	(うちこむ)
打ち止める	(うちとめる)
打つ	(うつ)
打ってつけ	(うってつけ)
打って付け	(うってつけ)
打っ飛ばす	(ぶっとばす)
打っ殺す	(ぶっころす)
打つ手	(うつて)
打つ手がない	(うつてがない)
打っ通し	(ぶっとおし)
打ん殴る	(ぶんなぐる,ブンなぐる)
打抜く	(うちぬく)
打出す	(うちだす)
打々	(ちょうちょう)
打打	(ちょうちょう)
打倒	(だとう)
打付ける	(うちつける)
打合う	(うちあう)
打合せ	(うちあわせ)
打合せる	(うちあわせる)
打合わせ	(うちあわせ)
打合わせる	(うちあわせる)
打撃	(だげき)
打鍵	(だけん)
打解ける	(うちとける)
打据える	(うちすえる)
打開	(だかい)
打克つ	(うちかつ)
打留める	(うちとめる)
打率	(だりつ)
打明ける	(うちあける)
打鳴らす	(うちならす)
打破	(だは,たは)
打破る	(うちやぶる)
打撲	(だぼく)
打撲傷	(だぼくしょう)
打切る	(うちきる)
打傷	(うちきず)
打上げ	(うちあげ)
打上げる	(うちあげる)
打勝つ	(うちかつ)
打数	(だすう)
打算的	(ださんてき)
打下ろす	(うちおろす)
打線	(だせん)
打消	(うちけし)
打消し	(うちけし)
打消す	(うちけす)
打揚げ	(うちあげ)
打揚げる	(うちあげる)
打込む	(うちこむ)
打楽器	(だがっき)
打者	(だしゃ)
打診	(だしん)
打止める	(うちとめる)
大あわて	(おおあわて)
大いそぎ	(おおいそぎ)
大いなる	(おおいなる)
大いに	(おおいに)
大ウソ	(おおうそ,おおウソ)
大うそ	(おおうそ,おおウソ)
大がかり	(おおがかり)
大きい	(おおきい)
大きさ	(おおきさ)
大きな	(おおきな)
大きなお世話	(おおきなおせわ)
大きな御世話	(おおきなおせわ)
大きに	(おおきに)
大げさ	(おおげさ)
大げさに言う	(おおげさにいう)
大さじ	(おおさじ)
大ざっぱ	(おおざっぱ)
大した	(たいした)
大して	(たいして)
大ぜい	(おおぜい,たいぜい)
大そう	(たいそう)
大ちゅき	(だいすき)
大てい	(たいてい)
大ハズレ	(おおはずれ)
大はずれ	(おおはずれ)
大ぶろしき	(おおぶろしき)
大へん	(たいへん)
大まか	(おおまか)
大まかに言えば	(おおまかにいえば)
大みそか	(おおみそか)
大むかし	(おおむかし)
大もの	(おおもの)
大よそ	(おおよそ)
大らか	(おおらか)
大わらわ	(おおわらわ)
大安	(たいあん,だいあん)
大奥	(おおおく)
大奥様	(おおおくさま)
大阪府	(おおさかふ)
大半	(たいはん)
大便	(だいべん)
大変	(たいへん)
大別	(たいべつ)
大柄	(おおがら)
大波	(おおなみ)
大伯父	(おおおじ)
大伯母	(おおおば)
大部	(たいぶ,だいぶ)
大部分	(だいぶぶん)
大蔵	(おおくら)
大蔵大臣	(おおくらだいじん)
大蔵省	(おおくらしょう)
大層	(たいそう)
大差	(たいさ)
大腸	(だいちょう,おおわた)
大臣	(だいじん)
大成功	(だいせいこう)
大々的	(だいだいてき)
大大的	(だいだいてき)
大代	(だいだい)
大胆	(だいたん)
大刀	(たち)
大徳	(だいとく,たいとく)
大地	(だいち)
大地アース	(だいちアース)
大地震	(おおじしん,だいじしん)
大敵	(たいてき)
大抵	(たいてい)
大東亜共栄圏	(だいとうあきょうえいけん)
大都会	(だいとかい)
大都市	(だいとし)
大豆	(だいず,ダイズ)
大隊	(だいたい)
大多数	(だいたすう)
大凡	(おおよそ)
大反対	(だいはんたい)
大方	(おおかた)
大分	(だいぶ,だいぶん)
大分県	(おおいたけん)
大分縣	(おおいたけん)
大風呂敷	(おおぶろしき)
大仏	(だいぶつ)
大幅	(おおはば)
大幅刷新	(おおはばさっしん)
大概	(たいがい)
大革	(おおつづみ,おおかわ)
大根	(だいこん,だいこ,ダイコン)
大工	(だいく)
大公	(たいこう)
大鼓	(おおつづみ,おおかわ)
大掛かり	(おおがかり)
大掛り	(おおがかり)
大規模	(だいきぼ)
大規模集積回路	(だいきぼしゅうせきかいろ)
大規模戦争	(だいきぼせんそう)
大国	(たいこく)
大海	(たいかい,おおうみ)
大好き	(だいすき)
大好きになる	(だいすきになる)
大好物	(だいこうぶつ)
大和	(やまと)
大和絵	(やまとえ)
大和魂	(やまとだましい)
大和時代	(やまとじだい)
大河	(たいが)
大黒柱	(だいこくばしら)
大虎	(おおとら)
大慌て	(おおあわて)
大会	(たいかい)
大晦日	(おおみそか)
大火	(たいか)
大急ぎ	(おおいそぎ)
大祭	(たいさい)
大祭り	(おおまつり)
大祭司	(だいさいし)
大家	(たいか)
大家族	(だいかぞく)
大袈裟	(おおげさ)
大袈裟に言う	(おおげさにいう)
大将	(たいしょう,だいしょう)
大將	(たいしょう,だいしょう)
大捷	(たいしょう)
大詰めを迎える	(おおづめをむかえる)
大詰を迎える	(おおづめをむかえる)
大巾	(おおはば)
大金	(たいきん,おおがね)
大筋	(おおすじ)
大競争	(だいきょうそう)
大局	(たいきょく)
大鋸屑	(おがくず)
大空	(おおぞら)
大口魚	(たら,タラ)
大理石	(だいりせき)
大粒	(おおつぶ)
大量	(たいりょう)
大量破壊兵器	(たいりょうはかいへいき)
大量生産	(たいりょうせいさん)
大陸	(たいりく)
大陸間弾道ミサイル	(たいりくかんだんどうミサイル)
大陸棚	(たいりくだな)
大麻	(たいま,おおあさ)
大麦	(おおむぎ,オオムギ)
大売り出し	(おおうりだし)
大売出し	(おおうりだし)
大枚	(たいまい)
大皿	(おおざら)
大名	(だいみょう)
大木	(たいぼく)
大目にみる	(おおめにみる)
大目に見る	(おおめにみる)
大目玉	(おおめだま)
大男	(おおおとこ)
大脳	(だいのう)
大虐殺	(だいぎゃくさつ)
大女	(おおおんな)
大砲	(たいほう)
大陪審	(だいばいしん)
大平洋	(たいへいよう)
大瓶	(おおびん)
大企業	(だいきぎょう)
大気	(たいき)
大気汚染	(たいきおせん)
大氣	(たいき)
大器晩成	(たいきばんせい)
大切	(たいせつ,たいせち)
大圏	(たいけん)
大圏コース	(たいけんコース)
大圏航路	(たいけんこうろ)
大全	(たいぜん)
大群	(たいぐん)
大人	(おとな)
大人げない	(おとなげない)
大人しい	(おとなしい)
大人っぽい	(おとなっぽい)
大人気ない	(おとなげない)
大人気無い	(おとなげない)
大日	(だいにち)
大入り	(おおいり)
大騒ぎ	(おおさわぎ)
大掃除	(おおそうじ)
大賞	(たいしょう)
大社	(たいしゃ,おおやしろ)
大赦	(たいしゃ)
大声	(おおごえ,たいせい)
大盛	(おおもり)
大盛り	(おおもり)
大勝	(たいしょう)
大聖	(たいせい)
大聖堂	(だいせいどう)
大使	(たいし)
大使公邸	(たいしこうてい)
大使館	(たいしかん)
大事	(だいじ)
大勢	(おおぜい,たいぜい)
大匙	(おおさじ)
大手	(おおて)
大叔父	(おおおじ)
大叔母	(おおおば)
大書	(たいしょ)
大暑	(たいしょ)
大樹	(たいじゅ)
大水	(おおみず)
大司教	(だいしきょう)
大寺院	(だいじいん)
大蒜	(にんにく,ニンニク)
大損	(おおぞん,だいそん,たいそん)
大体	(だいたい)
大通	(おおどおり)
大通り	(おおどおり)
大同小異	(だいどうしょうい)
大童	(おおわらわ)
大統領	(だいとうりょう)
大統領選	(だいとうりょうせん)
大統領選挙	(だいとうりょうせんきょ)
大統一理論	(だいとういつりろん)
大外れ	(おおはずれ)
大外刈	(おおそとがり)
大外刈り	(おおそとがり)
大王	(だいおう)
大望	(たいもう,たいぼう)
大威徳明王	(だいいとくみょうおう)
大尉	(たいい,だいい)
大文節	(だいぶんせつ)
大文字	(おおもじ,だいもんじ)
大屋	(おおや)
大物	(おおもの)
大西洋	(たいせいよう)
大西洋横断	(たいせいようおうだん)
大昔	(おおむかし)
大喜	(おおよろこび)
大喜び	(おおよろこび)
大嫌い	(だいきらい)
大相撲	(おおずもう)
大小	(だいしょう)
大笑い	(おおわらい)
大形	(おおがた)
大型	(おおがた)
大型タンカー	(おおがたタンカー)
大型トラック	(おおがたトラック)
大型機	(おおがたき)
大修道院	(だいしゅうどういん)
大修道院長	(だいしゅうどういんちょう)
大嘘	(おおうそ,おおウソ)
大噓	(おおうそ,おおウソ)
大学	(だいがく)
大学生	(だいがくせい)
大学院	(だいがくいん)
大学卒	(だいがくそつ)
大學	(だいがく)
大雪	(おおゆき,たいせつ)
大言壮語	(たいげんそうご)
大仰	(おおぎょう)
大様	(おうよう,おおよう,ようよう)
大要	(たいよう)
大意	(たいい)
大義名分	(たいぎめいぶん)
大漁	(たいりょう,たいぎょ)
大宇宙	(だいうちゅう)
大雨	(おおあめ,たいう)
大域	(たいいき)
大御酒	(おみき)
大願成就	(たいがんじょうじゅ,だいがんじょうじゅ)
大悦び	(おおよろこび)
大雑把	(おおざっぱ)
大災害	(だいさいがい)
大戦	(たいせん)
大丈夫	(だいじょうぶ,だいじょぶ,だいじょーぶ)
大詔	(たいしょう)
大正	(たいしょう)
大正時代	(たいしょうじだい)
大枝	(おおえだ,おおえ)
大旨	(おおむね)
大志	(たいし)
大中小	(だいちゅうしょう)
大衆	(たいしゅう)
大衆文学	(たいしゅうぶんがく)
大主教	(だいしゅきょう)
大字	(おおあざ)
大祖	(たいそ)
大嘴	(おおはし,オオハシ)
大佐	(たいさ,だいさ)
大作	(たいさく)
呆け	(ぼけ,ボケ,ヴォケ)
呆ける	(ボケる,ぼける)
呆れかえる	(あきれかえる)
呆れる	(あきれる)
呆れ返る	(あきれかえる)
呆気	(あっけ)
呆気ない	(あっけない)
呆気無い	(あっけない)
呆然	(ぼうぜん,もうぜん,ボーゼン)
呆然自失	(ぼうぜんじしつ)
逮捕	(たいほ)
逮捕許諾	(たいほきょだく)
逮捕者	(たいほしゃ)
逮捕状	(たいほじょう)
代	(しろ)
代え	(かえ)
代える	(かえる)
代り	(かわり)
代りに	(かわりに)
代り代り	(かわりがわり)
代り番	(かわりばん)
代り役	(かわりやく)
代る代る	(かわるがわる)
代わり	(かわり)
代わりに	(かわりに)
代わり代わり	(かわりがわり)
代わり番	(かわりばん)
代わり目	(かわりめ)
代わり映え	(かわりばえ)
代わる	(かわる)
代わる代わる	(かわるがわる)
代案	(だいあん)
代筆	(だいひつ)
代弁	(だいべん)
代弁者	(だいべんしゃ)
代辨	(だいべん)
代辯	(だいべん)
代辯者	(だいべんしゃ)
代表	(だいひょう)
代表部	(だいひょうぶ)
代表的	(だいひょうてき)
代表格	(だいひょうかく)
代表例	(だいひょうれい)
代表団	(だいひょうだん)
代表者	(だいひょうしゃ)
代表作	(だいひょうさく)
代参	(だいさん)
代償	(だいしょう)
代打	(だいだ)
代打者	(だいだしゃ)
代々	(だいだい)
代代	(だいだい)
代待ち	(だいまち)
代地	(だいち)
代読	(だいどく)
代返	(だいへん)
代父	(だいふ)
代官	(だいかん)
代稽古	(だいげいこ)
代艦	(だいかん)
代将	(だいしょう)
代講	(だいこう)
代金	(だいきん)
代金引き換え	(だいきんひきかえ)
代金引換	(だいきんひきかえ)
代金引換え	(だいきんひきかえ)
代金引替	(だいきんひきかえ)
代理	(だいり)
代理部	(だいりぶ)
代理大使	(だいりたいし)
代理店	(だいりてん)
代理公使	(だいりこうし)
代理領事	(だいりりょうじ)
代理牧師	(だいりぼくし)
代理権	(だいりけん)
代理人	(だいりにん)
代理投票	(だいりとうひょう)
代理委任状	(だいりいにんじょう)
代理業	(だいりぎょう)
代理業者	(だいりぎょうしゃ)
代理者	(だいりしゃ)
代名詞	(だいめいし)
代母	(だいぼ)
代納	(だいのう)
代品	(だいひん)
代燃車	(だいねんしゃ)
代人	(だいにん)
代任	(だいにん)
代入	(だいにゅう)
代僧	(だいそう)
代書	(だいしょ)
代書人	(だいしょにん)
代署	(だいしょ)
代数	(だいすう)
代数式	(だいすうしき)
代数学	(だいすうがく)
代価	(だいか)
代替	(だいたい,だいがえ)
代替え	(だいたい,だいがえ)
代替え品	(だいたいひん,だいがえひん)
代替品	(だいたいひん,だいがえひん)
代替物	(だいたいぶつ)
代位	(だいい)
代物	(しろもの,シロモノ)
代務	(だいむ)
代謝	(たいしゃ)
代行	(だいこう)
代行機関	(だいこうきかん)
代行者	(だいこうしゃ)
代休	(だいきゅう)
代言	(だいげん)
代言人	(だいげんにん)
代言者	(だいげんしゃ)
代演	(だいえん)
代役	(だいやく)
代議	(だいぎ)
代議士	(だいぎし)
代議員	(だいぎいん)
代議員団	(だいぎいんだん)
代議政体	(だいぎせいたい)
代議政治	(だいぎせいじ)
代議制度	(だいぎせいど)
代印	(だいいん)
代用	(だいよう)
代用品	(だいようひん)
代用肉	(だいようにく)
代用食	(だいようしょく)
代員	(だいいん)
代願	(だいがん)
代願人	(だいがんにん)
代赭	(たいしゃ)
代赭色	(たいしゃいろ)
代診	(だいしん)
代執行	(だいしっこう)
代置	(だいち)
代走	(だいそう)
代作	(だいさく)
玳瑁	(たいまい,タイマイ)
殆ど	(ほとんど)
殆どの人	(ほとんどのひと)
殆んど	(ほとんど)
待ちあわせ	(まちあわせ)
待ちあわせる	(まちあわせる)
待ちかねる	(まちかねる)
待ちかまえる	(まちかまえる)
待ちこがれる	(まちこがれる)
待ちどうしい	(まちどおしい,まちどうしい)
待ちのぞむ	(まちのぞむ)
待ちぶせ	(まちぶせ)
待ちぼうけ	(まちぼうけ,まちぼけ)
待ちぼけ	(まちぼうけ,まちぼけ)
待ちわびる	(まちわびる)
待ち侘びる	(まちわびる)
待ち詫びる	(まちわびる)
待ち伏せ	(まちぶせ)
待ち伏せる	(まちぶせる)
待ち構える	(まちかまえる)
待ち合い室	(まちあいしつ)
待ち合せ	(まちあわせ)
待ち合せる	(まちあわせる)
待ち合わせ	(まちあわせ)
待ち合わせる	(まちあわせる)
待ち惚け	(まちぼうけ,まちぼけ)
待ち惚ける	(まちぼうける,まちぼける)
待ち兼ねる	(まちかねる)
待ち焦がれる	(まちこがれる)
待ち受ける	(まちうける)
待ち佗びる	(まちわびる)
待ち望む	(まちのぞむ)
待ち遠しい	(まちどおしい,まちどうしい)
待つ	(まつ)
待避	(たいひ)
待伏せ	(まちぶせ)
待伏せる	(まちぶせる)
待構える	(まちかまえる)
待合い室	(まちあいしつ)
待合せ	(まちあわせ)
待合室	(まちあいしつ)
待機	(たいき)
待受ける	(まちうける)
待望	(たいぼう)
待望む	(まちのぞむ)
待遇	(たいぐう)
待遠しい	(まちどおしい,まちどうしい)
怠い	(だるい,ダルい,たるい)
怠けもの	(なまけもの)
怠ける	(なまける)
怠け者	(なまけもの)
怠らずに	(おこたらずに)
怠りがち	(おこたりがち)
怠りなく	(おこたりなく)
怠り勝ち	(おこたりがち)
怠り無く	(おこたりなく)
怠る	(おこたる)
怠堕	(たいだ)
怠惰	(たいだ)
怠慢	(たいまん)
怠納	(たいのう)
怠情	(たいだ)
怠業	(たいぎょう)
帯	(おび)
帯びる	(おびる)
帯分数	(たいぶんすう)
帯革	(おびかわ)
帯留	(おびどめ)
帯留め	(おびどめ)
帯皮	(おびかわ)
帯同	(たいどう)
帯域	(たいいき)
帯域幅	(たいいきはば)
帯止め	(おびどめ)
帶	(おび)
袋	(ふくろ)
袋だたき	(ふくろだたき)
袋ネズミ	(フクロネズミ,ふくろねずみ)
袋ねずみ	(フクロネズミ,ふくろねずみ)
袋叩き	(ふくろだたき)
袋鼠	(フクロネズミ,ふくろねずみ)
袋小路	(ふくろこうじ)
貸	(かし)
貸し	(かし)
貸ししぶり	(かししぶり)
貸しボート	(かしボート)
貸し出し	(かしだし)
貸し出す	(かしだす)
貸し倒れ	(かしだおれ)
貸し方	(かしかた)
貸し付	(かしつけ)
貸し付け	(かしつけ)
貸し家	(かしや,かしいえ)
貸し間	(かしま)
貸し金庫	(かしきんこ)
貸し馬車	(かしばしゃ)
貸し切り	(かしきり)
貸し渋り	(かししぶり)
貸し屋	(かしや,かしいえ)
貸す	(かす)
貸りる	(かりる)
貸出	(かしだし)
貸出し	(かしだし)
貸出す	(かしだす)
貸倒	(かしだおれ)
貸倒れ	(かしだおれ)
貸方	(かしかた)
貸付	(かしつけ)
貸付け	(かしつけ)
貸付金	(かしつけきん)
貸家	(かしや,かしいえ)
貸間	(かしま)
貸借	(たいしゃく)
貸借対照表	(たいしゃくたいしょうひょう)
貸金庫	(かしきんこ)
貸切	(かしきり)
貸切り	(かしきり)
貸渋り	(かししぶり)
貸屋	(かしや,かしいえ)
貸与	(たいよ)
瑇瑁	(たいまい,タイマイ)
戴き	(いただき)
戴きます	(いただきます)
戴き物	(いただきもの)
戴く	(いただく)
戴冠式	(たいかんしき)
黛	(まゆずみ)
黛青	(たいせい)
丹	(に)
丹碧	(たんぺき)
丹誠	(たんせい)
丹毒	(たんどく)
丹精	(たんせい)
丹念	(たんねん)
丹前	(たんぜん)
丹青	(たんせい,たんぜい)
丹色	(にいろ)
丹砂	(たんしゃ)
丹田	(たんでん)
丹塗	(にぬり)
丹塗り	(にぬり)
丹心	(たんしん)
丹朱	(たんしゅ)
担う	(になう)
担ぎ上げる	(かつぎあげる)
担ぐ	(かつぐ)
担保	(たんぽ)
担当	(たんとう)
担当部長	(たんとうぶちょう)
担当課長	(たんとうかちょう)
担当者	(たんとうしゃ)
担架	(たんか,タンカ)
担任	(たんにん)
眈々	(たんたん)
眈眈	(たんたん)
単	(ひとえ)
単１形	(たんいちがた)
単３	(たんさん)
単なる	(たんなる)
単に	(たんに)
単瓣	(たんべん)
単本位	(たんほんい)
単本位性	(たんほんいせい)
単比	(たんぴ)
単比例	(たんぴれい)
単弁	(たんべん)
単弁花	(たんべんか)
単車	(たんしゃ)
単純	(たんじゅん)
単純に言えば	(たんじゅんにいえば)
単純化	(たんじゅんか)
単純計算	(たんじゅんけいさん)
単純疱疹	(たんじゅんほうしん)
単純性	(たんじゅんせい)
単従陣	(たんじゅうじん)
単打	(たんだ)
単帯	(ひとえおび)
単刀直入	(たんとうちょくにゅう)
単調	(たんちょう)
単独	(たんどく)
単独で	(たんどくで)
単独飛行	(たんどくひこう)
単独供給	(たんどくきょうきゅう)
単独会見	(たんどくかいけん)
単独講和	(たんどくこうわ)
単独決算	(たんどくけっさん)
単独内閣	(たんどくないかく)
単独行動	(たんどくこうどう)
単独行為	(たんどくこうい)
単発	(たんぱつ)
単発銃	(たんぱつじゅう)
単発機	(たんぱつき)
単峰駱駝	(たんぽうらくだ)
単複	(たんぷく)
単漢字	(たんかんじ)
単機	(たんき)
単級	(たんきゅう)
単記	(たんき)
単記投票	(たんきとうひょう)
単簡	(たんかん)
単角	(たんかく)
単精度	(たんせいど)
単句	(たんく)
単利	(たんり)
単利表	(たんりひょう)
単利法	(たんりほう)
単皮	(たび)
単騎	(たんき)
単三	(たんさん)
単色	(たんしょく)
単色光	(たんしょっこう,たんしょくこう)
単色画	(たんしょくが)
単射	(たんしゃ)
単身	(たんしん)
単身銃	(たんしんじゅう)
単身赴任	(たんしんふにん)
単式	(たんしき)
単式簿記	(たんしきぼき)
単式火山	(たんしきかざん)
単式学級	(たんしきがっきゅう)
単試合	(たんしあい)
単数	(たんすう)
単価	(たんか)
単体	(たんたい)
単位	(たんい)
単位記号	(たんいきごう)
単位労働組合	(たんいろうどうくみあい)
単位行列	(たんいぎょうれつ)
単位制度	(たんいせいど)
単位組合	(たんいくみあい)
単文	(たんぶん)
単物	(ひとえもの)
単細胞	(たんさいぼう)
単線	(たんせん)
単相	(たんそう)
単項	(たんこう)
単行本	(たんこうぼん)
単行書	(たんこうしょ)
単性	(たんせい)
単眼	(たんがん)
単眼鏡	(たんがんきょう)
単葉	(たんよう)
単葉飛行機	(たんようひこうき)
単葉機	(たんようき)
単一	(たんいつ)
単一化	(たんいつか)
単一神教	(たんいつしんきょう)
単一通貨	(たんいつつうか)
単一形	(たんいちがた)
単一性	(たんいつせい)
単衣	(たんい,ひとえ)
単衣物	(ひとえもの)
単音	(たんおん)
単音節	(たんおんせつ)
単音節語	(たんおんせつご)
単語	(たんご)
単語集	(たんごしゅう)
単語検索	(たんごけんさく)
単語篇	(たんごへん)
単元	(たんげん)
単振動	(たんしんどう)
単子葉	(たんしよう)
単縦列	(たんじゅうれつ)
単作	(たんさく)
単坐機	(たんざき)
単坐式	(たんざしき)
単座機	(たんざき)
耽ける	(ふける)
耽る	(ふける)
耽々	(たんたん)
耽耽	(たんたん)
耽美的	(たんびてき)
單細胞	(たんさいぼう)
箪笥	(たんす,タンス)
簞笥	(たんす,タンス)
胆	(きも,たん,キモ)
胆のう	(たんのう)
胆力	(たんりょく)
胆嚢	(たんのう)
胆囊	(たんのう)
胆石	(たんせき)
胆汁	(たんじゅう)
旦那	(だんな,ダンナ)
但	(ただ,タダ)
但し	(ただし)
但し付き	(ただしづき,ただしつき)
但し書き	(ただしがき)
但書	(ただしがき)
啖う	(くう)
啖呵	(たんか)
淡い	(あわい)
淡白	(たんぱく)
淡薄	(たんぱく)
淡彩	(たんさい)
淡々	(たんたん)
淡淡	(たんたん)
淡紅色	(たんこうしょく)
淡黄色	(たんこうしょく,たんおうしょく)
淡泊	(たんぱく)
淡水	(たんすい)
淡雪	(あわゆき)
蛋白質	(たんぱくしつ)
誕生	(たんじょう)
誕生日	(たんじょうび)
誕生石	(たんじょうせき)
誕生祝い	(たんじょういわい)
澹々	(たんたん)
澹澹	(たんたん)
澹泊	(たんぱく)
当たり	(あたり,アタリ)
当たり前	(あたりまえ,あたりめー,あたりめえ)
当たり散らす	(あたりちらす)
当たる	(あたる)
当て	(あて)
当てこする	(あてこする)
当てこむ	(あてこむ)
当てつける	(あてつける)
当てっこ	(あてっこ)
当てのない	(あてのない)
当てはまる	(あてはまる)
当てはめる	(あてはめる)
当てもの	(あてもの)
当てる	(あてる)
当て擦る	(あてこする)
当て付ける	(あてつける)
当て嵌まる	(あてはまる)
当て嵌める	(あてはめる)
当て身	(あてみ)
当て逃げ	(あてにげ)
当て物	(あてもの)
当て込む	(あてこむ)
当て字	(あてじ)
当の	(とうの)
当り	(あたり,アタリ)
当りまえ	(あたりまえ,あたりめー,あたりめえ)
当り前	(あたりまえ,あたりめー,あたりめえ)
当り散らす	(あたりちらす)
当る	(あたる)
当初	(とうしょ)
当店	(とうてん)
当番	(とうばん)
当方	(とうほう)
当分	(とうぶん)
当該	(とうがい)
当該官庁	(とうがいかんちょう)
当該人物	(とうがいじんぶつ)
当惑	(とうわく)
当機	(とうき)
当局	(とうきょく)
当局者	(とうきょくしゃ)
当面	(とうめん)
当期	(とうき)
当期利益	(とうきりえき)
当前	(とうぜん)
当然	(とうぜん)
当人	(とうにん)
当日	(とうじつ)
当社	(とうしゃ)
当身	(あてみ)
当時	(とうじ)
当世	(とうせい)
当世風	(とうせいふう)
当世風に言うと	(とうせいふうにいうと)
当世流	(とうせいりゅう)
当世向き	(とうせいむき)
当事	(とうじ)
当事者	(とうじしゃ)
当選	(とうせん)
当意即妙	(とういそくみょう)
当駅	(とうえき)
当用	(とうよう)
当用漢字	(とうようかんじ)
当座	(とうざ)
当座資産	(とうざしさん)
蟷螂	(かまきり,とうろう,いもじり)
蟷螂拳	(とうろうけん)
党	(とう)
党利	(とうり)
党利党略	(とうりとうりゃく)
党内	(とうない)
党派	(とうは)
党派心	(とうはしん)
党首	(とうしゅ)
党員	(とういん)
党争	(とうそう)
蕩ける	(とろける)
蕩し込む	(たらしこむ)
蕩す	(たらす)
盪ける	(とろける)
刀	(かたな,とう)
刀の手前	(かたなのてまえ)
刀背	(とうはい,むね)
刀背打ち	(みねうち)
刀筆の吏	(とうひつのり)
刀持ち	(かたなもち)
刀疵	(かたなきず,とうしょう)
刀鍛冶	(かたなかじ)
刀工	(とうこう)
刀掛け	(かたなかけ)
刀圭	(とうけい)
刀圭家	(とうけいか)
刀痕	(とうこん)
刀架	(とうか)
刀剣	(とうけん)
刀剣商	(とうけんしょう)
刀匠	(とうしょう)
刀礼	(とうれい)
刀刃	(とうじん)
刀傷	(かたなきず,とうしょう)
刀身	(とうしん)
刀術	(とうじゅつ)
刀下	(とうか)
刀懸け	(かたなかけ)
刀自	(とじ,とうじ)
島	(しま,シマ)
島じま	(しまじま)
島しょ	(とうしょ)
島々	(しまじま)
島島	(しまじま)
島帝国	(とうていこく)
島風	(しまかぜ)
島根	(しまね)
島根県	(しまねけん)
島根縣	(しまねけん)
島国	(しまぐに,とうごく)
島国根性	(しまぐにこんじょう)
島流し	(しまながし)
島民	(とうみん)
島内	(とうない)
島破り	(しまやぶり)
島人	(とうじん,しまびと)
島山	(しまやま)
島守	(とうしゅ,しまもり)
島司	(とうし)
島台	(しまだい)
島庁	(とうちょう)
島巡り	(しまめぐり)
島陰	(しまかげ)
島蔭	(しまかげ)
島影	(しまかげ)
島嶼	(とうしょ)
島育ち	(しまそだち)
島伝い	(しまづたい)
島中	(しまじゅう)
島主	(とうしゅ,しまもり)
祷り	(いのり)
祷る	(いのる)
嶋	(しま,シマ)
導き	(みちびき)
導きだす	(みちびきだす)
導き出す	(みちびきだす)
導く	(みちびく)
導出	(どうしゅつ)
導電	(どうでん)
導電度	(どうでんど)
導電率	(どうでんりつ)
導電体	(どうでんたい)
導電性	(どうでんせい)
導管	(どうかん)
導火線	(どうかせん)
導入	(どうにゅう)
導体	(どうたい)
導通	(どうつう)
導通抵抗	(どうつうていこう)
禱る	(いのる)
到る	(いたる)
到る処	(いたるところ)
到る所	(いたるところ)
到達	(とうたつ)
到底	(とうてい)
到来	(とうらい)
到頭	(とうとう)
到着	(とうちゃく)
倒	(さかさま)
倒ける	(こける)
倒さ	(さかさ)
倒す	(たおす)
倒れ	(たおれ)
倒れふす	(たおれふす)
倒れる	(たおれる)
倒れ伏す	(たおれふす)
倒れ掛かる	(たおれかかる)
倒れ掛る	(たおれかかる)
倒れ臥す	(たおれふす)
倒産	(とうさん)
倒錯	(とうさく)
倒閣	(とうかく)
倒句	(とうく)
倒立	(とうりつ)
倒木	(とうぼく)
倒幕	(とうばく)
倒事	(さかさまごと)
倒死	(とうし)
倒像	(とうぞう)
倒懸	(とうけん)
倒影	(とうえい)
倒語	(とうご)
倒置	(とうち)
倒置法	(とうちほう)
盗み	(ぬすみ)
盗み出す	(ぬすみだす)
盗み見る	(ぬすみみる)
盗み取る	(ぬすみとる)
盗む	(ぬすむ)
盗塁	(とうるい)
盗難	(とうなん)
盗難保険	(とうなんほけん)
盗難防止	(とうなんぼうし)
盗癖	(とうへき)
盗品	(とうひん)
盗人	(ぬすびと)
盗視	(とうし)
盗聴	(とうちょう)
盗聴機	(とうちょうき)
盗聴器	(とうちょうき)
盗用	(とうよう)
盗賊	(とうぞく)
盗作	(とうさく)
悼む	(いたむ)
悼辞	(とうじ)
道	(みち)
道ずれ	(みちづれ,みちずれ)
道づれ	(みちづれ,みちずれ)
道ならぬ	(みちならぬ)
道ならぬ恋	(みちならぬこい)
道のり	(みちのり,どうてい)
道ばた	(みちばた)
道ゆく	(みちゆく)
道標	(どうひょう,みちじるし)
道場	(どうじょう)
道程	(みちのり,どうてい)
道徳	(どうとく)
道端	(みちばた)
道管	(どうかん)
道化	(どうけ)
道化役者	(どうけやくしゃ)
道話	(どうわ)
道教	(どうきょう)
道筋	(みちすじ)
道具	(どうぐ)
道理	(どうり)
道理で	(どうりで,どおりで)
道連れ	(みちづれ,みちずれ)
道路	(どうろ)
道路封鎖	(どうろふうさ)
道路工事	(どうろこうじ)
道路掃除人	(どうろそうじじん)
道外	(どうけ)
道往く	(みちゆく)
道行	(みちゆき)
道行き	(みちゆき)
道行く	(みちゆく)
道義	(どうぎ)
道楽	(どうらく)
道主	(どうしゅ)
稲	(いね,イネ)
稲むら	(いなむら)
稲叢	(いなむら)
稲光	(いなびかり)
稲荷	(いなり)
稲荷ずし	(いなりずし)
稲荷鮨	(いなりずし)
稲荷寿司	(いなりずし)
稲木	(いなぎ)
稲妻	(いなずま,いなづま)
稲熱	(いもち)
稲熱病	(いもちびょう,とうねつびょう)
稲穂	(いなほ)
稲刈	(いねかり)
稲刈り	(いねかり)
稲苅	(いねかり)
稲苅り	(いねかり)
稲子	(いなご,こう,イナゴ)
稲作	(いなさく)
稻	(いね,イネ)
得	(とく)
得がたい	(えがたい)
得る	(える)
得策	(とくさく)
得点	(とくてん)
得難い	(えがたい)
得票	(とくひょう)
得票率	(とくひょうりつ)
得撒	(テキサス,テクサス)
得手	(えて)
得手勝手	(えてかって)
得体	(えたい)
得体のしれない	(えたいのしれない)
得体の知れない	(えたいのしれない)
得意	(とくい)
得意げ	(とくいげ)
得意気	(とくいげ)
得意先	(とくいさき)
得用	(とくよう)
徳の高い	(とくのたかい)
徳島県	(とくしまけん)
徳利	(とっくり,とくり)
徳撒	(テキサス,テクサス)
徳用	(とくよう)
德島縣	(とくしまけん)
地	(ち)
地がでる	(じがでる)
地が出る	(じがでる)
地すべり	(じすべり)
地でいく	(じでいく,じでゆく)
地でゆく	(じでいく,じでゆく)
地で行く	(じでいく,じでゆく)
地ベタ	(じべた)
地べた	(じべた)
地裁	(ちさい)
地蔵	(じぞう)
地層	(ちそう)
地虫	(じむし)
地蟲	(じむし)
地代	(ちだい,じだい,じしろ)
地帯	(ちたい)
地道	(じみち)
地点	(ちてん)
地対地	(ちたいち)
地対空	(ちたいくう)
地方	(ちほう)
地方裁判所	(ちほうさいばんしょ)
地方時	(ちほうじ)
地方債	(ちほうさい)
地膚	(じはだ)
地滑	(じすべり)
地滑り	(じすべり)
地肌	(じはだ)
地検	(ちけん)
地境	(じざかい,ちきょう)
地酒	(じざけ)
地殻	(ちかく)
地殻変動	(ちかくへんどう)
地雷	(じらい)
地雷原	(じらいげん)
地理	(ちり)
地理学	(ちりがく)
地力	(ちりょく)
地面	(じめん)
地名	(ちめい)
地盤	(じばん,ちばん)
地平	(ちへい)
地平線	(ちへいせん)
地球	(ちきゅう)
地球規模	(ちきゅうきぼ)
地球温暖化	(ちきゅうおんだんか)
地球物理学	(ちきゅうぶつりがく)
地球儀	(ちきゅうぎ)
地区	(ちく)
地上	(ちじょう)
地上げ	(じあげ)
地上げ屋	(じあげや)
地声	(じごえ)
地勢	(ちせい)
地価	(ちか)
地所	(じしょ,ちしょ)
地頭	(じとう)
地図	(ちず)
地位	(ちい)
地味	(じみ)
地下	(ちか)
地下２階	(ちかにかい)
地下げ	(じさげ)
地下道	(ちかどう)
地下二階	(ちかにかい)
地下化	(ちかか)
地下街	(ちかがい)
地下茎	(ちかけい)
地下室	(ちかしつ)
地下鉄	(ちかてつ)
地下足袋	(じかたび)
地形	(ちけい,じぎょう)
地形図	(ちけいず)
地揚げ	(じあげ)
地辷り	(じすべり)
地衣	(ちい)
地域	(ちいき)
地域的分布	(ちいきてきぶんぷ)
地域紛争	(ちいきふんそう)
地域時刻	(ちいきじこく)
地獄	(じごく)
地元	(じもと)
地元警察	(じもとけいさつ)
地元紙	(じもとし)
地震	(じしん)
地震帯	(じしんたい)
地震国	(じしんこく)
地震計	(じしんけい)
地震雷火事おやじ	(じしんかみなりかじおやじ)
地震雷火事親父	(じしんかみなりかじおやじ)
地震探鉱	(じしんたんこう)
地震学	(じしんがく)
地震学者	(じしんがくしゃ)
地誌	(ちし)
地質	(ちしつ)
地質学	(ちしつがく)
地軸	(ちじく)
地主	(じぬし)
地租	(ちそ)
的	(てき)
的確	(てきかく,てっかく)
的屋	(てきや,テキや)
的中	(てきちゅう)
灯	(ひ)
灯す	(ともす,とぼす)
灯り	(あかり)
灯る	(ともる,とぼる)
灯火	(あかり)
灯明	(とうみょう)
灯台	(とうだい)
灯台もと暗し	(とうだいもとくらし)
灯台下暗し	(とうだいもとくらし)
灯影	(とうえい)
灯油	(とうゆ)
登り	(のぼり)
登りつめる	(のぼりつめる)
登り坂	(のぼりざか)
登り道	(のぼりみち)
登り降り	(のぼりくだり,のぼりおり)
登り詰める	(のぼりつめる)
登り口	(のぼりぐち,のぼりくち)
登り下り	(のぼりくだり,のぼりおり)
登る	(のぼる)
登場	(とうじょう)
登記	(とうき)
登録	(とうろく)
登録簿	(とうろくぼ)
登録商標	(とうろくしょうひょう)
登錄	(とうろく)
登山	(とざん)
登山客	(とざんきゃく)
登壇	(とうだん)
登校	(とうこう)
登校拒否	(とうこうきょひ)
登庸	(とうよう)
登用	(とうよう)
燈す	(ともす,とぼす)
燈る	(ともる,とぼる)
燈明	(とうみょう)
燈台	(とうだい)
等	(など)
等しい	(ひとしい)
等ポテンシャル面	(とうポテンシャルめん)
等差	(とうさ)
等差級数	(とうさきゅうすう)
等差数列	(とうさすうれつ)
等辺	(とうへん)
等分	(とうぶん)
等高線	(とうこうせん)
等高線地図	(とうこうせんちず)
等号	(とうごう)
等級	(とうきゅう)
等圧式	(とうあつしき)
等圧線	(とうあつせん)
等身	(とうしん)
等身大	(とうしんだい)
等時性	(とうじせい)
等価	(とうか)
等温	(とうおん)
等温式	(とうおんしき)
等温線	(とうおんせん)
等閑	(なおざり)
低い	(ひくい,ひっくい)
低まる	(ひくまる)
低め	(ひくめ)
低める	(ひくめる)
低層	(ていそう)
低唱	(ていしょう)
低潮	(ていちょう)
低成長	(ていせいちょう)
低地	(ていち)
低電位	(ていでんい)
低調	(ていちょう)
低度	(ていど)
低額	(ていがく)
低徊	(ていかい)
低回	(ていかい)
低級	(ていきゅう)
低減	(ていげん)
低教会	(ていきょうかい)
低金利	(ていきんり)
低圧	(ていあつ)
低開発国	(ていかいはつこく)
低空	(ていくう)
低空飛行	(ていくうひこう)
低利	(ていり)
低利金	(ていりきん)
低利金融	(ていりきんゆう)
低利資金	(ていりしきん)
低廉	(ていれん)
低劣	(ていれつ)
低賃金	(ていちんぎん)
低落	(ていらく)
低率	(ていりつ)
低迷	(ていめい)
低密	(ていみつ)
低木	(ていぼく)
低目	(ひくめ)
低脳	(ていのう)
低脳児	(ていのうじ)
低脳者	(ていのうしゃ)
低能	(ていのう)
低能児	(ていのうじ)
低能者	(ていのうしゃ)
低頻度	(ていひんど)
低気圧	(ていきあつ)
低丘陵	(ていきゅうりょう)
低声	(ていせい)
低湿	(ていしつ)
低水準	(ていすいじゅん)
低順位	(ていじゅんい)
低価	(ていか)
低価格	(ていかかく)
低価格化	(ていかかくか)
低俗	(ていぞく)
低速	(ていそく)
低所得	(ていしょとく)
低頭	(ていとう)
低頭平身	(ていとうへいしん)
低位	(ていい)
低温	(ていおん)
低物価	(ていぶっか)
低下	(ていか)
低性能	(ていせいのう)
低学年	(ていがくねん)
低血圧	(ていけつあつ)
低翼	(ていよく)
低音	(ていおん)
低音部記号	(ていおんぶきごう)
低吟	(ていぎん)
低語	(ていご)
低雲	(ていうん)
低障碍	(ていしょうがい)
低置	(ていち)
低周波	(ていしゅうは)
低資	(ていし)
彽徊	(ていかい)
堤	(つつみ)
堤出	(ていしゅつ)
堤防	(ていぼう)
滴	(しずく)
滴り	(したたり)
滴る	(したたる)
滴定量	(てきていりょう)
滴下	(てきか)
荻	(おぎ,オギ)
荻江節	(おぎえぶし)
荻野式	(オギノしき,おぎのしき)
笛	(ふえ,ちゃく)
笛吹	(ふえふき)
笛吹き	(ふえふき)
嫡出子	(ちゃくしゅつし,てきしゅつし)
嫡流	(ちゃくりゅう)
嫡男	(ちゃくなん)
嫡披	(ちゃくひ)
嫡嗣	(ちゃくし)
嫡孫	(ちゃくそん)
嫡子	(ちゃくし)
敵	(てき)
敵わない	(かなわない)
敵部隊	(てきぶたい)
敵対	(てきたい)
敵軍	(てきぐん)
敵塁	(てきるい)
敵前	(てきぜん)
敵前逃亡	(てきぜんとうぼう)
敵視	(てきし)
敵討	(かたきうち)
敵討ち	(かたきうち)
敵同士	(かたきどうし,てきどうし)
敵役	(かたきやく,てきやく)
敵意	(てきい)
邸	(やしき)
邸内	(ていない)
邸宅	(ていたく)
抵触	(ていしょく)
抵当	(ていとう)
抵当権	(ていとうけん)
抵抗	(ていこう)
抵抗器	(ていこうき)
底	(そこ)
底なし	(そこなし)
底ぬけ	(そこぬけ)
底抜け	(そこぬけ)
底本	(ていほん,そこほん,そこぼん)
底豆	(そこまめ)
底力	(そこぢから)
底無	(そこなし)
底無し	(そこなし)
底知れぬ	(そこしれぬ)
底値	(そこね)
牴触	(ていしょく)
砥ぐ	(とぐ)
砥石	(といし)
觝触	(ていしょく)
弟	(おとうと,てい)
弟さん	(おとうとさん)
弟弟子	(おとうとでし)
弟分	(おとうとぶん)
弟嫁	(おとうとよめ,おとよめ)
弟妹	(ていまい,きょうだい)
弟娘	(おとうとむすめ,おとむすめ)
弟息子	(おとうとむすこ,おとむすこ)
弟小父	(おとおじ)
弟御	(おとうとご)
弟姫	(おとひめ)
弟子	(でし,ていし)
弟子入り	(でしいり)
俤	(おもかげ)
帝	(みかど,ごもん)
帝道	(ていどう)
帝徳	(ていとく)
帝都	(ていと)
帝冠	(ていかん)
帝国	(ていこく)
帝国主義	(ていこくしゅぎ)
帝国主義的	(ていこくしゅぎてき)
帝國	(ていこく)
帝京	(ていきょう)
帝陵	(ていりょう)
帝廟	(ていびょう)
帝命	(ていめい)
帝闕	(ていけつ)
帝日	(ていじつ)
帝室	(ていしつ)
帝土	(ていど)
帝王	(ていおう)
帝王切開	(ていおうせっかい)
帝王切開術	(ていおうせっかいじゅつ)
帝王神権説	(ていおうしんけんせつ)
帝王学	(ていおうがく)
帝威	(ていい)
帝位	(ていい)
帝業	(ていぎょう)
帝政	(ていせい)
帝制	(ていせい)
帝座	(ていざ)
逓減	(ていげん)
逓送	(ていそう)
逓信	(ていしん)
逓伝	(ていでん)
逓増	(ていぞう)
第	(だい)
第１	(だいいち)
第１位	(だいいちい)
第１章	(だいいっしょう)
第２	(だいに)
第２次大戦	(だいにじたいせん)
第３者	(だいさんしゃ)
第二	(だいに)
第二次	(だいにじ)
第二次大戦	(だいにじたいせん)
第二量子化	(だいにりょうしか)
第六感	(だいろっかん)
第三者	(だいさんしゃ)
第希蘭	(テヘラン)
第一	(だいいち)
第一歩	(だいいっぽ)
第一集	(だいいっしゅう)
第一輯	(だいいっしゅう)
第一課	(だいいっか)
第一人者	(だいいちにんしゃ)
第一審	(だいいっしん)
第一条	(だいいちじょう)
第一位	(だいいちい)
第一印象	(だいいちいんしょう)
第一楽章	(だいいちがくしょう)
第一章	(だいいっしょう)
第宅	(ていたく)
蔕	(へた,ほぞ)
締まり屋	(しまりや)
締まる	(しまる)
締めあげる	(しめあげる)
締めくくり	(しめくくり)
締めくくりをつける	(しめくくりをつける)
締めくくる	(しめくくる)
締めだす	(しめだす)
締めつけ	(しめつけ)
締めつける	(しめつける)
締める	(しめる,シメる)
締め出す	(しめだす)
締め付け	(しめつけ)
締め付ける	(しめつける)
締め金	(しめがね)
締め括り	(しめくくり)
締め括りをつける	(しめくくりをつける)
締め括る	(しめくくる)
締め切り	(しめきり)
締め切る	(しめきる)
締め殺す	(しめころす)
締め上げる	(しめあげる)
締め込む	(しめこむ)
締り屋	(しまりや)
締付	(しめつけ)
締付け	(しめつけ)
締付ける	(しめつける)
締結	(ていけつ)
締切	(しめきり)
締切り	(しめきり)
締約	(ていやく)
諦め	(あきらめ)
諦める	(あきらめる)
諦観	(ていかん)
槙	(まき,マキ)
顛覆	(てんぷく)
顛落	(てんらく)
顛末	(てんまつ)
顚覆	(てんぷく)
顚末	(てんまつ)
癲癇	(てんかん)
典	(てん)
典範	(てんぱん)
典故	(てんこ)
典籍	(てんせき,てんじゃく)
典拠	(てんきょ)
典礼	(てんれい)
典麗	(てんれい)
典侍	(てんじ)
典物	(てんぶつ)
典型	(てんけい)
典型的	(てんけいてき)
典雅	(てんが)
典薬	(てんやく)
典獄	(てんごく)
典則	(てんそく)
点	(てん)
点く	(つく)
点じる	(てんじる)
点す	(ともす,とぼす)
点ずる	(てんずる)
点る	(ともる,とぼる)
点鼻薬	(てんびやく)
点播	(てんぱ)
点茶	(てんちゃ,てんさ)
点灯	(てんとう)
点滴	(てんてき)
点滴器	(てんてきき)
点々	(てんてん)
点点	(てんてん)
点光	(てんこう)
点光源	(てんこうげん)
点呼	(てんこ)
点画	(てんかく)
点火	(てんか)
点火栓	(てんかせん)
点火系	(てんかけい)
点火薬	(てんかやく)
点検	(てんけん)
点睛	(てんせい)
点景	(てんけい)
点描	(てんびょう)
点滅	(てんめつ)
点滅器	(てんめつき)
点取り	(てんとり)
点取り虫	(てんとりむし)
点示	(てんじ)
点数	(てんすう)
点数切符	(てんすうきっぷ)
点数制	(てんすうせい)
点水	(てんすい)
点頭	(てんとう)
点頭く	(うなずく,うなづく)
点線	(てんせん)
点心	(てんしん,てんじん)
点穴	(てんけつ)
点眼	(てんがん)
点眼器	(てんがんき)
点眼水	(てんがんすい)
点在	(てんざい)
点者	(てんじゃ)
点綴	(てんてい,てんてつ)
点字	(てんじ)
点字ブロック	(てんじブロック)
點穴	(てんけつ)
佃	(つくだ,てん)
佃煮	(つくだに)
店	(みせ)
店さき	(みせさき)
店ざらし	(たなざらし)
店じまい	(みせじまい)
店閉まい	(みせじまい)
店長	(てんちょう)
店番	(みせばん)
店内	(てんない)
店鋪	(てんぽ)
店舗	(てんぽ)
店晒し	(たなざらし)
店仕舞	(みせじまい)
店仕舞い	(みせじまい)
店頭	(てんとう)
店頭取引	(てんとうとりひき)
店頭債券	(てんとうさいけん)
店頭株	(てんとうかぶ)
店先	(みせさき)
店卸	(たなおろし)
店卸し	(たなおろし)
店員	(てんいん,ていいん)
店主	(てんしゅ)
店子	(たなこ,たなご)
奠都	(てんと)
電	(いなずま,いなづま)
電報	(でんぽう)
電波	(でんぱ,デムパ,デンパ)
電波探知機	(でんぱたんちき)
電波探知器	(でんぱたんちき)
電場	(でんば,でんじょう)
電車	(でんしゃ)
電車賃	(でんしゃちん)
電池	(でんち)
電磁	(でんじ)
電磁気	(でんじき)
電磁石	(でんじしゃく)
電灯	(でんとう)
電燈	(でんとう)
電動	(でんどう)
電動歯ブラシ	(でんどうはブラシ)
電動発動機	(でんどうはつどうき)
電断	(でんだん)
電番	(でんばん)
電工	(でんこう)
電光	(でんこう)
電光石火	(でんこうせっか)
電荷	(でんか)
電荷結合素子	(でんかけつごうそし)
電化	(でんか)
電話	(でんわ)
電話をきる	(でんわをきる)
電話を切る	(でんわをきる)
電話調査	(でんわちょうさ)
電話番号	(でんわばんごう)
電話付き	(でんわつき)
電話回線	(でんわかいせん)
電話機	(でんわき)
電話局	(でんわきょく)
電話器	(でんわき)
電話室	(でんわしつ)
電話網	(でんわもう)
電話線	(でんわせん)
電話帳	(でんわちょう)
電話中	(でんわちゅう)
電撃	(でんげき)
電機	(でんき)
電極	(でんきょく)
電極電位	(でんきょくでんい)
電解	(でんかい)
電解コンデンサー	(でんかいコンデンサー)
電解槽	(でんかいそう)
電解液	(でんかいえき)
電解質	(でんかいしつ)
電界	(でんかい)
電圧	(でんあつ)
電圧計	(でんあつけい)
電離	(でんり)
電離層	(でんりそう)
電力	(でんりょく)
電力供給	(でんりょくきょうきゅう)
電鈴	(でんれい)
電流	(でんりゅう)
電流計	(でんりゅうけい)
電脳	(でんのう)
電気	(でんき)
電気カミソリ	(でんきカミソリ,でんきかみそり)
電気かみそり	(でんきカミソリ,でんきかみそり)
電気スタンド	(でんきスタンド)
電気ストーブ	(でんきストーブ)
電気代	(でんきだい)
電気抵抗	(でんきていこう)
電気電子	(でんきでんし)
電気分解	(でんきぶんかい)
電気工	(でんきこう)
電気回路	(でんきかいろ)
電気会社	(でんきがいしゃ)
電気機器	(でんききき)
電気容量	(でんきようりょう)
電気剃刀	(でんきカミソリ,でんきかみそり)
電気信号	(でんきしんごう)
電気製品	(でんきせいひん)
電氣	(でんき)
電器	(でんき)
電球	(でんきゅう)
電熱器	(でんねつき)
電送	(でんそう)
電算	(でんさん)
電算機	(でんさんき)
電鉄	(でんてつ)
電通大	(でんつうだい)
電位	(でんい)
電位差計	(でんいさけい)
電文	(でんぶん)
電顕	(でんけん)
電線	(でんせん)
電信	(でんしん)
電源	(でんげん)
電源を切る	(でんげんをきる)
電源を入れる	(でんげんをいれる)
電源供給	(でんげんきょうきゅう)
電柱	(でんちゅう)
電卓	(でんたく)
電子	(でんし)
電子データ処理	(でんしデータしょり)
電子ブック	(でんしブック)
電子メイル	(でんしメール)
電子メール	(でんしメール)
電子レンジ	(でんしレンジ)
電子出版	(でんししゅっぱん)
電子辞書	(でんしじしょ)
電子工学	(でんしこうがく)
電子化	(でんしか)
電子回路	(でんしかいろ)
電子計算機	(でんしけいさんき)
電子殻	(でんしかく)
電子密度	(でんしみつど)
電子素子	(でんしそし)
電子資金振替	(でんししきんふりかえ)
殿	(との)
殿部	(でんぶ)
殿達	(とのたち)
殿方	(とのがた,とのかた)
殿粉	(でんぷん,デンプン)
殿閣	(でんかく)
殿軍	(でんぐん)
殿上	(てんじょう)
殿上の間	(てんじょうのま)
殿上人	(てんじょうびと)
殿舎	(でんしゃ)
殿堂	(でんどう)
殿下	(でんか,てんが)
殿様	(とのさま)
殿様風	(とのさまふう)
殿様仕事	(とのさましごと)
殿様蛙	(とのさまがえる)
殿様育ち	(とのさまそだち)
殿様芸	(とのさまげい)
殿宇	(でんう)
殿御	(とのご)
殿原	(とのばら)
殿中	(でんちゅう)
澱粉	(でんぷん,デンプン)
澱粉質	(でんぷんしつ)
凋む	(しぼむ)
凋れる	(しおれる)
凋残	(ちょうざん)
凋尽	(ちょうじん)
凋落	(ちょうらく)
蛁蟟	(ミンミンゼミ,みんみんぜみ)
彫りつける	(ほりつける)
彫り付ける	(ほりつける)
彫り刻む	(ほりきざむ)
彫り上げる	(ほりあげる)
彫り上げ細工	(ほりあげざいく)
彫り物	(ほりもの)
彫る	(ほる,える)
彫付ける	(ほりつける)
彫工	(ちょうこう)
彫金	(ちょうきん)
彫刻	(ちょうこく)
彫刻版	(ちょうこくばん)
彫刻刀	(ちょうこくとう)
彫刻家	(ちょうこくか)
彫刻界	(ちょうこくかい)
彫刻師	(ちょうこくし)
彫刻術	(ちょうこくじゅつ)
彫刻物	(ちょうこくぶつ)
彫塑	(ちょうそ)
彫塑術	(ちょうそじゅつ)
彫物	(ほりもの)
彫像	(ちょうぞう)
彫心鏤骨	(ちょうしんるこつ)
彫琢	(ちょうたく)
雕る	(ほる,える)
鯛	(タイ,たい)
弔い	(とむらい,とぶらい,ともらい)
弔い合戦	(とむらいがっせん)
弔う	(とむらう,とぶらう)
弔する	(ちょうする)
弔銃	(ちょうじゅう)
弔詞	(ちょうし)
弔辞	(ちょうじ)
弔電	(ちょうでん)
弔歌	(ちょうか)
弔合戦	(とむらいがっせん)
弔祭	(ちょうさい)
弔祭料	(ちょうさいりょう)
弔客	(ちょうかく,ちょうきゃく)
弔砲	(ちょうほう)
弔旗	(ちょうき)
弔慰金	(ちょういきん)
弔文	(ちょうぶん)
弔問	(ちょうもん)
弔意	(ちょうい)
弔鐘	(ちょうしょう)
吊し	(つるし)
吊し上げ	(つるしあげ)
吊し上げる	(つるしあげる)
吊す	(つるす)
吊りあがる	(つりあがる)
吊り出す	(つりだす)
吊り橋	(つりばし,つりはし)
吊り上がる	(つりあがる)
吊り上げる	(つりあげる)
吊り上る	(つりあがる)
吊り下がる	(つりさがる)
吊り下げる	(つりさげる)
吊り鐘	(つりがね)
吊る	(つる)
吊るし上げ	(つるしあげ)
吊るし上げる	(つるしあげる)
吊るす	(つるす)
吊橋	(つりばし,つりはし)
吊上げ	(つるしあげ)
吊上げる	(つりあげる)
吊下げる	(つりさげる)
吊鐘	(つりがね)
釣	(つり)
釣ざお	(つりざお)
釣り	(つり)
釣りざお	(つりざお)
釣りばり	(つりばり)
釣り出す	(つりだす)
釣り船	(つりぶね,つりふね)
釣り道具	(つりどうぐ)
釣り竿	(つりざお)
釣り鉤	(つりばり)
釣り合い	(つりあい)
釣り合う	(つりあう)
釣り堀	(つりぼり)
釣り糸	(つりいと)
釣り銭	(つりせん)
釣り橋	(つりばし,つりはし)
釣り上げる	(つりあげる)
釣り書	(つりがき,つりしょ)
釣り書き	(つりがき,つりしょ)
釣り下がる	(つりさがる)
釣り下げる	(つりさげる)
釣り込む	(つりこむ)
釣り針	(つりばり)
釣り鐘	(つりがね)
釣り舟	(つりぶね,つりふね)
釣る	(つる)
釣出す	(つりだす)
釣船	(つりぶね,つりふね)
釣道具	(つりどうぐ)
釣竿	(つりざお)
釣合	(つりあい)
釣合い	(つりあい)
釣合う	(つりあう)
釣堀	(つりぼり)
釣糸	(つりいと)
釣銭	(つりせん)
釣書	(つりがき,つりしょ)
釣書き	(つりがき,つりしょ)
釣込む	(つりこむ)
釣針	(つりばり)
釣鐘	(つりがね)
釣舟	(つりぶね,つりふね)
調	(みつぎ)
調う	(ととのう)
調える	(ととのえる)
調べ	(しらべ)
調べる	(しらべる)
調べ合わす	(しらべあわす)
調査	(ちょうさ)
調査結果	(ちょうさけっか)
調査票	(ちょうさひょう)
調達	(ちょうたつ)
調度	(ちょうど)
調合	(ちょうごう)
調和	(ちょうわ)
調剤	(ちょうざい)
調節	(ちょうせつ)
調理	(ちょうり)
調律	(ちょうりつ)
調声	(ちょうせい)
調書	(ちょうしょ)
調停	(ちょうてい)
調停者	(ちょうていしゃ)
調味料	(ちょうみりょう)
調弦	(ちょうげん)
調薬	(ちょうやく)
調印	(ちょういん)
調印式	(ちょういんしき)
調整	(ちょうせい)
調製	(ちょうせい)
調子	(ちょうし)
調子にのる	(ちょうしにのる)
調子に乗る	(ちょうしにのる)
調子もの	(ちょうしもの)
調子者	(ちょうしもの)
垤	(ありづか)
喋り	(しゃべり)
喋る	(しゃべる)
畳	(じょう)
畳みかける	(たたみかける)
畳みこむ	(たたみこむ)
畳み掛ける	(たたみかける)
畳み込む	(たたみこむ)
畳む	(たたむ)
畳表	(たたみおもて)
畳替え	(たたみがえ)
畳屋	(たたみや)
畳語	(じょうご)
畳針	(たたみばり)
畳字	(じょうじ)
蝶	(ちょう,チョウ)
蝶つがい	(ちょうつがい,ちょうばん)
蝶々	(ちょうちょう,ちょうちょ,チョウチョウ)
蝶蝶	(ちょうちょう,ちょうちょ,チョウチョウ)
蝶番	(ちょうつがい,ちょうばん)
蝶番い	(ちょうつがい,ちょうばん)
蝶鮫	(ちょうざめ,チョウザメ)
鰈	(かれい,カレイ)
疊	(たたみ)
丁	(ちょう)
丁半	(ちょうはん)
丁々	(ちょうちょう)
丁丁	(ちょうちょう)
丁定規	(ていじょうぎ)
丁度	(ちょうど)
丁番	(ちょうつがい,ちょうばん)
丁付け	(ちょうづけ)
丁抹	(デンマーク,デンマルク)
丁目	(ちょうめ)
丁年	(ていねん)
丁年者	(ていねんしゃ)
丁寧	(ていねい)
丁寧語	(ていねいご)
丁髷	(ちょんまげ,チョンマゲ)
丁数	(ちょうすう)
丁稚	(でっち)
丁稚奉公	(でっちぼうこう,でっちほうこう)
丁重	(ていちょう)
丁子	(ちょうじ,チョウジ)
丁字	(ていじ)
丁字形	(ていじけい)
丁字形定規	(ていじけいじょうぎ)
叮嚀	(ていねい)
町	(まち)
町はずれ	(まちはずれ)
町並	(まちなみ)
町並み	(まちなみ)
町歩	(ちょうぶ)
町長	(ちょうちょう)
町村	(ちょうそん)
町会	(ちょうかい)
町家	(まちや,ちょうか)
町角	(まちかど)
町民	(ちょうみん)
町内	(ちょうない)
町人	(ちょうにん,まちにん)
町外れ	(まちはずれ)
町屋	(まちや,ちょうか)
釘	(くぎ,クギ)
頂	(いただき)
頂き	(いただき)
頂きます	(いただきます)
頂きもの	(いただきもの)
頂き物	(いただきもの)
頂く	(いただく)
頂だい	(ちょうだい,ちょーだい)
頂戴	(ちょうだい,ちょーだい)
頂点	(ちょうてん)
頂辺	(てっぺん,てへん,てっぺい)
頂上	(ちょうじょう)
頂載	(ちょうだい,ちょーだい)
鼎	(かなえ,てい)
鼎立	(ていりつ)
鼎立戦	(ていりつせん)
鼎談	(ていだん)
鼎坐	(ていざ)
鼎座	(ていざ)
定か	(さだか)
定まる	(さだまる)
定める	(さだめる)
定本	(ていほん)
定比例	(ていひれい)
定常	(ていじょう)
定礎式	(ていそしき)
定額	(ていがく)
定額貯金	(ていがくちょきん)
定格	(ていかく)
定格荷重	(ていかくかじゅう)
定冠詞	(ていかんし)
定規	(じょうぎ)
定刻	(ていこく)
定款	(ていかん)
定理	(ていり)
定例	(ていれい,じょうれい)
定連	(じょうれん)
定量	(ていりょう)
定木	(じょうぎ)
定年	(ていねん)
定評	(ていひょう)
定期	(ていき)
定期刊行物	(ていきかんこうぶつ)
定期券	(ていきけん)
定石	(じょうせき)
定食	(ていしょく)
定時	(ていじ)
定時制	(ていじせい)
定式	(ていしき,じょうしき)
定数	(ていすう,じょうすう)
定説	(ていせつ)
定価	(ていか)
定位置	(ていいち)
定形	(ていけい)
定形動詞	(ていけいどうし)
定形郵便物	(ていけいゆうびんぶつ)
定型	(ていけい)
定型詩	(ていけいし)
定型郵便物	(ていけいゆうびんぶつ)
定性	(ていせい)
定性分析	(ていせいぶんせき)
定休日	(ていきゅうび)
定義	(ていぎ)
定員	(ていいん)
定着	(ていちゃく)
定職	(ていしょく)
定住	(ていじゅう,じょうじゅう)
定足数	(ていそくすう)
訂正	(ていせい)
碇	(いかり)
碇泊	(ていはく)
聢り	(しっかり)
錠剤	(じょうざい)
錠前	(じょうまえ)
冬	(ふゆ)
冬ごもり	(ふゆごもり)
冬もの	(ふゆもの)
冬季	(とうき)
冬空	(ふゆぞら)
冬篭り	(ふゆごもり)
冬籠もり	(ふゆごもり)
冬籠り	(ふゆごもり)
冬眠	(とうみん)
冬山	(ふゆやま)
冬物	(ふゆもの)
冬向き	(ふゆむき)
冬休み	(ふゆやすみ)
冬至	(とうじ)
苳	(ふき,ふふき,フキ)
東	(あずま,あづま)
東アジア	(ひがしアジア)
東アフリカ	(ひがしアフリカ)
東インド会社	(ひがしインドがいしゃ)
東ヨーロッパ	(ひがしヨーロッパ)
東岸	(とうがん)
東岸沿いに	(とうがんぞいに)
東半	(とうはん)
東半球	(ひがしはんきゅう)
東邦	(とうほう)
東北	(とうほく,ひがしきた)
東北人	(とうほくじん)
東奔西走	(とうほんせいそう)
東部	(とうぶ)
東側	(ひがしがわ)
東都	(とうと)
東独	(とうどく)
東端	(とうたん)
東方	(とうほう,ひがしかた,ひがしがた)
東方教会	(とうほうきょうかい)
東方拡大	(とうほうかくだい)
東風	(こち,とうふう,ひがしかぜ)
東歌	(あずまうた)
東宮	(とうぐう)
東宮御所	(とうぐうごしょ)
東国	(とうごく)
東海	(とうかい)
東海岸	(ひがしかいがん)
東海道	(とうかいどう)
東海地方	(とうかいちほう)
東航	(とうこう)
東寄り	(ひがしより)
東漸	(とうぜん)
東郊	(とうこう)
東進	(とうしん)
東京	(とうきょう,とうけい)
東京都	(とうきょうと)
東京発	(とうきょうはつ)
東京湾	(とうきょうわん)
東京行き	(とうきょうゆき,とうきょういき)
東京着	(とうきょうちゃく)
東京株式市場	(とうきょうかぶしきしじょう)
東亰	(とうきょう,とうけい)
東経	(とうけい)
東軍	(とうぐん)
東口	(ひがしぐち)
東門	(とうもん,ひがしもん)
東面	(とうめん)
東男	(あずまおとこ)
東南	(とうなん,ひがしみなみ)
東南アジア	(とうなんアジア)
東南亜	(とうなんあ)
東欧	(とうおう)
東遷	(とうせん)
東清	(とうしん)
東上	(とうじょう)
東天	(とうてん)
東天紅	(とうてんこう)
東屋	(あずまや)
東西	(とうざい,ひがしにし)
東西南北	(とうざいなんぼく)
東西屋	(とうざいや)
東向き	(ひがしむき)
東行	(とうこう)
東亜	(とうあ)
東亜諸国	(とうあしょこく)
東亜諸民族	(とうあしょみんぞく)
東亞	(とうあ)
東洋	(とうよう)
東洋段通	(とうようだんつう)
東洋風	(とうようふう)
東洋人	(とうようじん)
東洋通	(とうようつう)
東洋主義	(とうようしゅぎ)
東印度会社	(ひがしインドがいしゃ)
東雲	(しののめ)
東征	(とうせい)
諌める	(いさめる)
洞	(うつろ)
洞くつ	(どうくつ)
洞ろ	(うつろ)
洞察	(どうさつ)
洞窟	(どうくつ)
洞穴	(ほらあな,どうけつ)
恫喝	(どうかつ)
恫愒	(どうかつ)
胴	(どう)
胴が長い	(どうがながい)
胴まわり	(どうまわり)
胴回り	(どうまわり)
胴乱	(どうらん)
胴上げ	(どうあげ)
胴体	(どうたい)
胴忘	(どうわすれ)
胴忘れ	(どうわすれ)
胴像	(どうぞう)
胴揚げ	(どうあげ)
凍えつく	(こごえつく)
凍える	(こごえる)
凍え付く	(こごえつく)
凍え死に	(こごえじに)
凍え死ぬ	(こごえしぬ,こごえじぬ)
凍てつく	(いてつく)
凍てる	(いてる)
凍て付く	(いてつく)
凍みつく	(しみつく)
凍みる	(しみる)
凍み豆腐	(しみどうふ,こおりどうふ)
凍み付く	(しみつく)
凍らす	(こおらす)
凍り	(こおり)
凍りつく	(こおりつく)
凍り豆腐	(しみどうふ,こおりどうふ)
凍り付く	(こおりつく)
凍り漬け	(こおりづけ)
凍る	(こおる)
凍瘡	(とうそう)
凍豆腐	(しみどうふ,こおりどうふ)
凍害	(とうがい)
凍寒	(とうかん)
凍結	(とうけつ)
凍結器	(とうけつき)
凍結資産	(とうけつしさん)
凍餒	(とうたい,とうだい)
凍肉	(とうにく)
凍傷	(とうしょう)
凍傷者	(とうしょうしゃ)
凍石	(とうせき)
凍死	(とうし)
凍死者	(とうししゃ)
凍土	(とうど)
凍雨	(とうう)
凍原	(とうげん)
動	(どう)
動かす	(うごかす)
動き	(うごき)
動きまわる	(うごきまわる)
動き回る	(うごきまわる)
動き廻る	(うごきまわる)
動く	(うごく)
動じる	(どうじる)
動ずる	(どうずる)
動ともすれば	(ややともすれば)
動めく	(うごめく)
動もすれば	(ややもすれば)
動産	(どうさん)
動詞	(どうし)
動詞状名詞	(どうしじょうめいし)
動的	(どうてき)
動顛	(どうてん)
動顚	(どうてん)
動滑車	(どうかっしゃ)
動画	(どうが)
動機	(どうき)
動悸	(どうき)
動静	(どうせい)
動力	(どうりょく)
動力降下	(どうりょくこうか)
動力炉	(どうりょくろ)
動力学	(どうりきがく)
動力源	(どうりょくげん)
動力資源	(どうりょくしげん)
動量	(どうりょう)
動乱	(どうらん)
動輪	(どうりん)
動脈	(どうみゃく)
動脈血	(どうみゃくけつ,どうみゃっけつ)
動脈硬化	(どうみゃくこうか)
動脈硬化症	(どうみゃくこうかしょう)
動名詞	(どうめいし)
動気	(どうき)
動勢	(どうせい)
動態	(どうたい)
動体	(どうたい)
動天	(どうてん)
動物	(どうぶつ)
動物愛	(どうぶつあい)
動物崇拝	(どうぶつすうはい)
動物化	(どうぶつか)
動物界	(どうぶつかい)
動物相	(どうぶつそう)
動物学	(どうぶつがく)
動物油脂	(どうぶつゆし)
動物園	(どうぶつえん)
動物誌	(どうぶつし)
動物質	(どうぶつしつ)
動向	(どうこう)
動向表	(どうこうひょう)
動揺	(どうよう)
動議	(どうぎ)
動因	(どういん)
動員	(どういん)
動員令	(どういんれい)
動植物	(どうしょくぶつ)
動軸	(どうじく)
動転	(どうてん)
動作	(どうさ)
動作記録	(どうさきろく)
棟	(むね)
棟梁	(とうりょう)
棟木	(むなぎ)
棟上げ式	(むねあげしき)
働き	(はたらき)
働きかける	(はたらきかける)
働きざかり	(はたらきざかり)
働きすぎる	(はたらきすぎる)
働きバチ	(はたらきばち)
働き蜂	(はたらきばち)
働き掛ける	(はたらきかける)
働き過ぎる	(はたらきすぎる)
働き口	(はたらきぐち)
働き人	(はたらきびと)
働き盛り	(はたらきざかり)
働き手	(はたらきて)
働き通しで	(はたらきとおしで)
働き者	(はたらきもの)
働き振り	(はたらきぶり)
働き中毒	(はたらきちゅうどく)
働く	(はたらく)
都	(みやこ)
都て	(かつて,かって)
都道府県	(とどうふけん)
都度	(つど)
都風	(みやこふう)
都合	(つごう)
都会	(とかい)
都立	(とりつ)
都落ち	(みやこおち)
都民	(とみん)
都民会館	(とみんかいかん)
都内	(とない)
都市	(とし)
都庁	(とちょう)
都心	(としん)
都雅	(とが)
兜	(かぶと)
兜虫	(カブトムシ,かぶとむし)
斗	(ます,マス)
斗い	(たたかい)
斗う	(たたかう)
斗酒	(としゅ)
斗争	(とうそう)
豆	(まめ,マメ)
豆まき	(まめまき)
豆本	(まめほん)
豆腐	(とうふ)
豆冨	(とうふ)
豆富	(とうふ)
豆類	(まめるい)
豆料	(まめりょう)
豆乳	(とうにゅう)
豆撒き	(まめまき)
豆蒔き	(まめまき)
豆鉄砲	(まめでっぽう)
荳	(まめ,マメ)
痘そう	(とうそう)
痘瘡	(とうそう)
痘痕面	(あばたづら)
痘苗	(とうびょう)
闘い	(たたかい)
闘う	(たたかう)
闘技	(とうぎ)
闘技場	(とうぎじょう)
闘牛	(とうぎゅう)
闘気	(とうき)
闘争	(とうそう)
鬪爭	(とうそう)
督促	(とくそく)
督励	(とくれい)
毒	(どく)
毒キノコ	(どくキノコ,どくきのこ,どくたけ)
毒づく	(どくづく)
毒草	(どくそう)
毒々しい	(どくどくしい)
毒毒しい	(どくどくしい)
毒見	(どくみ)
毒見役	(どくみやく)
毒科学	(どくかがく)
毒茸	(どくキノコ,どくきのこ,どくたけ)
毒殺	(どくさつ)
毒舌	(どくぜつ)
毒蛇	(どくじゃ,どくへび)
毒素	(どくそ)
毒突く	(どくづく)
毒味	(どくみ)
毒味役	(どくみやく)
毒物	(どくぶつ)
毒性	(どくせい)
毒薬	(どくやく)
毒液	(どくえき)
独り	(ひとり,いちにん)
独りごと	(ひとりごと)
独りで	(ひとりで)
独りでに	(ひとりでに)
独りぼっち	(ひとりぼっち,ひとりぽっち)
独りぽっち	(ひとりぼっち,ひとりぽっち)
独りよがり	(ひとりよがり)
独り歩き	(ひとりあるき)
独り立ち	(ひとりだち)
独り旅	(ひとりたび)
独り寝	(ひとりね)
独り善がり	(ひとりよがり)
独り天下	(ひとりてんか,ひとりでんか)
独り舞台	(ひとりぶたい)
独り相撲	(ひとりずもう)
独り言	(ひとりごと)
独り占め	(ひとりじめ)
独り芝居	(ひとりしばい)
独り子	(ひとりご)
独裁	(どくさい)
独唱	(どくしょう)
独創	(どくそう)
独創的	(どくそうてき)
独創性	(どくそうせい)
独創性に富む	(どくそうせいにとむ)
独得	(どくとく)
独断	(どくだん)
独房	(どくぼう)
独国	(どくこく)
独禁法	(どっきんほう)
独居	(どっきょ)
独居室	(どっきょしつ)
独立	(どくりつ)
独立班	(どくりつはん)
独立変数	(どくりつへんすう)
独立独歩	(どくりつどっぽ)
独立記念日	(どくりつきねんび)
独立心	(どくりつしん)
独立性	(どくりつせい)
独立宣言	(どくりつせんげん)
独立運動	(どくりつうんどう)
独木舟	(まるきぶね)
独善	(どくぜん)
独身	(どくしん)
独身寮	(どくしんりょう)
独特	(どくとく)
独習	(どくしゅう)
独学	(どくがく)
独演	(どくえん)
独乙	(ドイツ)
独乙語	(ドイツご)
独逸	(ドイツ)
独逸語	(ドイツご)
独吟	(どくぎん)
独楽	(こま)
独楽を回す	(こまをまわす)
独占	(どくせん)
独占禁止法	(どくせんきんしほう)
独占企業	(どくせんきぎょう)
独占欲	(どくせんよく)
独枕	(ひとりまくら)
独酌	(どくしゃく)
独自	(どくじ)
独走	(どくそう)
独奏	(どくそう)
独奏者	(どくそうしゃ)
読み	(よみ)
読みかえす	(よみかえす)
読みきる	(よみきる)
読みこむ	(よみこむ)
読みすぎる	(よみすぎる)
読みそこなう	(よみそこなう)
読みとる	(よみとる)
読みなおす	(よみなおす)
読みもの	(よみもの)
読みやすい	(よみやすい)
読みやすさ	(よみやすさ)
読み出し	(よみだし)
読み出す	(よみだす)
読み返す	(よみかえす)
読み方	(よみかた)
読み過ぎる	(よみすぎる)
読み流す	(よみながす)
読み落とす	(よみおとす)
読み切る	(よみきる)
読み取	(よみとり)
読み取り	(よみとり)
読み取る	(よみとる)
読み上げる	(よみあげる)
読み手	(よみて)
読み書き	(よみかき)
読み損う	(よみそこなう)
読み損なう	(よみそこなう)
読み聞かす	(よみきかす)
読み物	(よみもの)
読み誤る	(よみあやまる)
読み下す	(よみくだす)
読み易い	(よみやすい)
読み込む	(よみこむ)
読み直す	(よみなおす)
読む	(よむ)
読本	(とくほん,どくほん)
読出し	(よみだし)
読唇術	(どくしんじゅつ)
読点	(とうてん)
読返す	(よみかえす)
読解	(どっかい)
読経	(どきょう,どっきょう)
読売	(よみうり)
読破	(どくは)
読取	(よみとり)
読取り	(よみとり)
読取る	(よみとる)
読上げる	(よみあげる)
読手	(よみて)
読書	(どくしょ,とくしょ)
読物	(よみもの)
読誤る	(よみあやまる)
読響	(よみきょう)
読心術	(どくしんじゅつ)
読込む	(よみこむ)
読者	(どくしゃ)
読者層	(どくしゃそう)
犢	(こうし,こうじ)
犢鼻褌	(ふんどし,ふどし,たふさ)
髑髏	(ドクロ,どくろ,しゃれこうべ)
讀む	(よむ)
讀賣	(よみうり)
讀書	(どくしょ,とくしょ)
堵殺	(とさつ)
賭	(かけ)
賭け	(かけ)
賭けごと	(かけごと)
賭ける	(かける)
賭け事	(かけごと)
賭博	(とばく)
賭事	(かけごと)
篤い	(あつい)
篤農家	(とくのうか)
篤行	(とっこう)
篤学	(とくがく)
篤志家	(とくしか)
杜	(もり)
杜夫魚	(かくぶつ)
杜父魚	(かじか,とふぎょ,カジカ)
杜鵑	(ホトトギス,ほととぎす)
杜絶	(とぜつ)
杜絶える	(とだえる)
杜漏	(ずろう)
杜撰	(ずさん,ずざん)
肚	(はら)
肚裏	(とり)
妬ける	(やける)
妬ましい	(ねたましい)
妬み	(ねたみ)
妬む	(ねたむ)
度	(たび,たんび)
度に	(たびに,たんびに)
度をこす	(どをこす)
度を超す	(どをこす)
度を過ごす	(どをすごす)
度を越す	(どをこす)
度胆を抜く	(どぎもをぬく,ドぎもをぬく)
度々	(たびたび)
度度	(たびたび)
度肝を抜く	(どぎもをぬく,ドぎもをぬく)
度合	(どあい)
度合い	(どあい)
度量の広さ	(どりょうのひろさ)
度量衡	(どりょうこう)
度数	(どすう,たびかず)
度数分布図	(どすうぶんぷず)
度忘れ	(どわすれ,ドわすれ)
度胸	(どきょう)
渡し船	(わたしぶね)
渡し守	(わたしもり)
渡し守り	(わたしもり)
渡し舟	(わたしぶね)
渡す	(わたす)
渡り	(わたり,ワタリ)
渡り歩く	(わたりあるく)
渡り合う	(わたりあう)
渡り廊下	(わたりろうか)
渡り鳥	(わたりどり)
渡り者	(わたりもの)
渡る	(わたる)
渡航	(とこう)
渡河	(とか)
渡来	(とらい)
渡米	(とべい)
渡世	(とせい)
渡守	(わたしもり)
鍍金	(メッキ,めっき)
蠧魚	(しみ,とぎょ)
端	(はし,はじ,はな)
端ぎれ	(はぎれ)
端布	(はぎれ)
端的	(たんてき)
端局	(たんきょく)
端麗	(たんれい)
端末	(たんまつ)
端末装置	(たんまつそうち)
端切れ	(はぎれ)
端書	(はがき,ハガキ)
端書き	(はがき,ハガキ)
端数	(はすう)
端先	(はなさき)
端線	(たんせん)
端緒	(たんしょ,たんちょ)
端役	(はやく)
端折る	(はしょる,はしおる)
端整	(たんせい)
端正	(たんせい)
端株	(はかぶ)
端子	(たんし)
短い	(みじかい,みじけー)
短かい	(みじかい,みじけー)
短編	(たんぺん)
短編小説	(たんぺんしょうせつ)
短波	(たんぱ)
短冊	(たんざく,たんじゃく)
短尺	(たんざく,たんじゃく)
短銃	(たんじゅう)
短大	(たんだい)
短刀	(たんとう)
短刀直入	(たんとうちょくにゅう)
短調	(たんちょう)
短歌	(たんか,みじかうた)
短機関銃	(たんきかんじゅう)
短籍	(たんざく,たんじゃく)
短簡	(たんかん)
短剣	(たんけん)
短距離	(たんきょり)
短絡	(たんらく)
短絡的	(たんらくてき)
短命	(たんめい)
短篇	(たんぺん)
短篇小説	(たんぺんしょうせつ)
短期	(たんき)
短期大学	(たんきだいがく)
短気	(たんき)
短詩	(たんし)
短時間	(たんじかん)
短縮	(たんしゅく)
短縮形	(たんしゅくけい)
短所	(たんしょ)
短針	(たんしん)
段	(たん)
段どり	(だんどり)
段ボール	(ダンボール,だんボール)
段別	(たんべつ)
段歩	(たんぶ)
段差	(だんさ)
段袋	(ズボン)
段々	(だんだん)
段々畑	(だんだんばたけ)
段段	(だんだん)
段段畑	(だんだんばたけ)
段々畠	(だんだんばたけ)
段階	(だんかい)
段落	(だんらく)
段取り	(だんどり)
段収	(たんしゅう)
段違い	(だんちがい)
段物	(たんもの)
断える	(たえる)
断じて	(だんじて)
断ち割る	(たちわる)
断ち切る	(たちきる)
断つ	(たつ)
断トツ	(だんトツ,ダントツ)
断やす	(たやす)
断る	(ことわる)
断わる	(ことわる)
断層	(だんそう)
断腸	(だんちょう)
断腸の思い	(だんちょうのおもい)
断定	(だんてい)
断割る	(たちわる)
断固	(だんこ)
断固抗議	(だんここうぎ)
断乎	(だんこ)
断絶	(だんぜつ)
断面	(だんめん)
断末摩	(だんまつま)
断末魔	(だんまつま)
断念	(だんねん)
断片	(だんぺん)
断切る	(たちきる)
断然	(だんぜん)
断熱材	(だんねつざい)
断熱的	(だんねつてき)
断食	(だんじき)
断水	(だんすい)
断頭台	(だんとうだい)
断線	(だんせん)
断行	(だんこう)
断続	(だんぞく)
断崖	(だんがい)
断言	(だんげん)
断種	(だんしゅ)
断罪	(だんざい)
椴	(とど,トド)
緞帳	(どんちょう)
緞子	(どんす)
鍛えあげる	(きたえあげる)
鍛える	(きたえる)
鍛え上げる	(きたえあげる)
鍛工	(たんこう)
鍛練	(たんれん)
鍛錬	(たんれん)
鍛冶	(かじ,たんや,かぬち)
鍛治	(かじ,たんや,かぬち)
斷つ	(たつ)
堆肥	(たいひ)
堆積	(たいせき)
堆石	(たいせき)
兌	(だ)
兌換	(だかん)
兌換券	(だかんけん)
兌換銀行	(だかんぎんこう)
対	(つい)
対い	(むかい)
対う	(むかう)
対して	(たいして)
対岸	(たいがん)
対案	(たいあん)
対比	(たいひ)
対策	(たいさく)
対称	(たいしょう)
対称性	(たいしょうせい)
対処	(たいしょ)
対等	(たいとう)
対格	(たいかく)
対話	(たいわ)
対話式	(たいわしき)
対話者	(たいわしゃ)
対角	(たいかく)
対角化	(たいかくか)
対角線	(たいかくせん)
対局者	(たいきょくしゃ)
対決	(たいけつ)
対抗	(たいこう)
対抗部隊	(たいこうぶたい)
対空ミサイル	(たいくうミサイル)
対空砲火	(たいくうほうか)
対立	(たいりつ)
対面	(たいめん,たいめ)
対偶	(たいぐう)
対峠	(たいじ)
対情報	(たいじょうほう)
対日	(たいにち)
対審	(たいしん)
対数	(たいすう)
対弾道弾	(たいだんどうだん)
対談	(たいだん)
対談者	(たいだんしゃ)
対外	(たいがい)
対外政策	(たいがいせいさく)
対向	(たいこう)
対象	(たいしょう)
対象範囲	(たいしょうはんい)
対象体	(たいしょうたい)
対校試合	(たいこうじあい)
対訳	(たいやく)
対義語	(たいぎご)
対応	(たいおう)
対応版	(たいおうばん)
対応値	(たいおうち)
対遇	(たいぐう)
対戦	(たいせん)
対戦車ミサイル	(たいせんしゃミサイル)
対戦車火器	(たいせんしゃかき)
対照	(たいしょう)
対症	(たいしょう)
対支	(たいし)
対治	(たいじ)
対峙	(たいじ)
隊長	(たいちょう)
隊員	(たいいん)
碓	(うす)
碓氷峠	(うすいとうげ)
對	(たい)
對して	(たいして)
惇朴	(とんぼく)
惇樸	(とんぼく)
敦朴	(とんぼく)
敦樸	(とんぼく)
噸	(トン)
蹲る	(うずくまる,つくばる)
盾	(たて)
遁げる	(にげる)
遁す	(のがす)
遁れる	(のがれる)
遁世	(とんせい,とんぜい)
遁走	(とんそう)
鈍い	(おそい,おっそい,おそーい)
鈍くさい	(どんくさい,ドンくさい)
鈍る	(にぶる,なまる)
鈍臭い	(どんくさい,ドンくさい)
鈍感	(どんかん)
鈍化	(どんか)
鈍間	(のろま,ノロマ)
鈍角	(どんかく)
鈍麻	(どんま)
鈍器	(どんき)
鈍痛	(どんつう)
鈍行	(どんこう)
鈍重	(どんじゅう)
鈍子	(どんす)
楯	(たて)
楯籠る	(たてこもる,たてごもる)
頓	(ひたすら)
頓て	(やがて)
頓と	(ひたと)
頓死	(とんし)
頓着ない	(とんじゃくない,とんちゃくない)
頓着無い	(とんじゃくない,とんちゃくない)
頓珍漢	(とんちんかん,トンチンカン)
遯世	(とんせい,とんぜい)
多	(た)
多い	(おおい)
多いに	(おおいに)
多くの場合	(おおくのばあい)
多すぎる	(おおすぎる)
多ソート	(たソート)
多バイト	(たバイト)
多らか	(おおらか)
多弁	(たべん)
多変量解析	(たへんりょうかいせき)
多変数	(たへんすう)
多辯	(たべん)
多才	(たさい)
多彩	(たさい)
多層	(たそう)
多産	(たさん)
多次元	(たじげん)
多大	(ただい)
多島海	(たとうかい)
多読	(たどく)
多段階	(ただんかい)
多々	(たた)
多多	(たた)
多額	(たがく)
多辺形	(たへんけい)
多方面に	(たほうめんに)
多分	(たぶん)
多寡	(たか)
多国籍	(たこくせき)
多国籍企業	(たこくせききぎょう)
多国籍言語	(たこくせきげんご)
多過ぎる	(おおすぎる)
多角形	(たかくけい,たかっけい)
多孔	(たこう)
多量	(たりょう)
多羅	(たら)
多忙	(たぼう)
多面	(ためん)
多面角	(ためんかく)
多面体	(ためんたい)
多目的	(たもくてき)
多難	(たなん)
多年	(たねん)
多年草	(たねんそう)
多年生植物	(たねんせいしょくぶつ)
多岐	(たき)
多情	(たじょう)
多少	(たしょう)
多少の縁	(たしょうのえん)
多神論	(たしんろん)
多生の縁	(たしょうのえん)
多湿	(たしつ)
多食	(たしょく)
多士済々	(たしせいせい,たしさいさい)
多士済済	(たしせいせい,たしさいさい)
多事多端	(たじたたん)
多勢	(たぜい)
多数	(たすう)
多数決	(たすうけつ)
多祥	(たしょう)
多項式	(たこうしき)
多謝	(たしゃ)
多行	(たぎょう)
多幸	(たこう)
多言	(たげん)
多様	(たよう)
多様化	(たようか)
多様性	(たようせい)
多義	(たぎ)
多用	(たよう)
多元	(たげん)
多元的	(たげんてき)
多元論	(たげんろん)
多元文化論	(たげんぶんかろん)
多原子	(たげんし)
多種	(たしゅ)
多種多様	(たしゅたよう)
多重	(たじゅう)
多重化	(たじゅうか)
多重名前空間	(たじゅうなまえくうかん)
多重債務者	(たじゅうさいむしゃ)
咄	(はなし)
咄す	(はなす)
咄々	(とつとつ)
咄咄	(とつとつ)
咄家	(はなしか)
咄嗟	(とっさ)
咄嗟に	(とっさに)
奪いとる	(うばいとる)
奪い返す	(うばいかえす)
奪い合う	(うばいあう)
奪い取る	(うばいとる)
奪う	(うばう)
奪格	(だっかく)
奪還	(だっかん)
奪回	(だっかい)
奪取	(だっしゅ)
舵	(かじ)
堕する	(だする)
堕とす	(おとす)
堕力	(だりょく)
堕落	(だらく)
堕落坊主	(だらくぼうず)
堕胎	(だたい)
堕胎医	(だたいい)
堕性	(だせい)
惰力	(だりょく)
惰眠	(だみん)
惰気	(だき)
惰性	(だせい)
囮	(おとり,オトリ)
俄	(にわか)
俄か	(にわか)
俄かに	(にわかに)
俄か成金	(にわかなりきん)
俄か分限	(にわかぶげん,にわかぶんげん)
俄か景気	(にわかげいき)
俄か勉強	(にわかべんきょう)
俄か仕立て	(にわかじたて)
俄か仕込み	(にわかじこみ)
俄か雨	(にわかあめ)
俄に	(にわかに)
俄成金	(にわかなりきん)
俄分限	(にわかぶげん,にわかぶんげん)
俄景気	(にわかげいき)
俄盲	(にわかめくら)
俄勉強	(にわかべんきょう)
俄然	(がぜん)
俄仕立て	(にわかじたて)
俄仕込み	(にわかじこみ)
俄雨	(にわかあめ)
俄造り	(にわかづくり)
俄作り	(にわかづくり)
訛	(なまり)
訛り	(なまり)
訛る	(なまる)
蛾	(が,ガ)
鵝毛	(がもう)
鵝鳥	(ガチョウ,がちょう)
鵞毛	(がもう)
鵞鳥	(ガチョウ,がちょう)
額	(がく)
額が少ない	(がくがすくない)
額ぶち	(がくぶち)
額面	(がくめん)
額面割れ	(がくめんわれ)
額縁	(がくぶち)
厄	(やく)
厄ばらい	(やくばらい,やくはらい)
厄病神	(やくびょうがみ,えきびょうがみ)
厄払い	(やくばらい,やくはらい)
厄祓い	(やくばらい,やくはらい)
厄負け	(やくまけ)
厄瓜多	(エクアドル)
厄介	(やっかい)
厄介ごと	(やっかいごと)
厄介ばらい	(やっかいばらい)
厄介もの	(やっかいもの)
厄介払い	(やっかいばらい)
厄介事	(やっかいごと)
厄介物	(やっかいもの)
厄介者	(やっかいもの)
厄落し	(やくおとし)
厄落とし	(やくおとし)
厄難	(やくなん)
厄年	(やくどし)
厄前	(やくまえ)
厄日	(やくび)
厄災	(やくさい)
悪	(わる,ワル)
悪あがき	(わるあがき)
悪い	(わるい)
悪いたずら	(わるいたずら)
悪ガキ	(わるがき,わるガキ)
悪がき	(わるがき,わるガキ)
悪がしこい	(わるがしこい)
悪く言う	(わるくいう)
悪さ	(わるさ)
悪し	(あし)
悪しからず	(あしからず)
悪じゃれ	(わるじゃれ,あくぎ,わるざれ)
悪ずれ	(わるずれ)
悪だくみ	(わるだくみ)
悪たれ	(あくたれ)
悪たれる	(あくたれる)
悪たれ口	(あくたれぐち)
悪どい	(あくどい)
悪に傾く	(あくにかたむく)
悪ノリ	(わるのり)
悪のり	(わるのり)
悪の道へ誘う	(あくのみちへいざなう)
悪の巷	(あくのちまた)
悪びれる	(わるびれる)
悪ふざけ	(わるふざけ)
悪む	(にくむ)
悪らつ	(あくらつ)
悪筆	(あくひつ)
悪弊	(あくへい)
悪病	(あくびょう)
悪擦	(わるずれ)
悪擦れ	(わるずれ)
悪材料	(あくざいりょう)
悪策	(あくさく)
悪場	(わるば)
悪乗り	(わるのり)
悪臭	(あくしゅう)
悪達者	(わるだっしゃ)
悪党	(あくとう)
悪道	(あくどう)
悪徳	(あくとく)
悪悪戯	(わるいたずら)
悪餓鬼	(わるがき,わるガキ)
悪法	(あくほう)
悪方	(あくがた,あくけい)
悪風	(あくふう)
悪婦	(あくふ)
悪感	(あっかん,あくかん)
悪感化	(あっかんか)
悪感情	(あくかんじょう,あっかんじょう)
悪鬼	(あっき)
悪果	(あっか)
悪寒	(おかん)
悪漢	(あっかん)
悪化	(あっか)
悪貨	(あっか,あくか)
悪疾	(あくしつ)
悪計	(あっけい,あくけい)
悪酒	(あくしゅ)
悪口	(わるぐち,わるくち)
悪口雑言	(あっこうぞうごん)
悪辣	(あくらつ)
悪例	(あくれい)
悪霊	(あくりょう,あくれい)
悪令	(あくれい)
悪路	(あくろ)
悪露	(おろ)
悪馬	(あくば,あくめ,あくうま)
悪罵	(あくば)
悪夢	(あくむ)
悪名	(あくめい,あくみょう)
悪名たかい	(あくめいたかい,あくみょうたかい,あくめいだかい)
悪名だかい	(あくめいたかい,あくみょうたかい,あくめいだかい)
悪名高い	(あくめいたかい,あくみょうたかい,あくめいだかい)
悪魔	(あくま)
悪魔払い	(あくまばらい)
悪逆	(あくぎゃく)
悪逆無道	(あくぎゃくむどう,あくぎゃくぶとう,あくぎゃくぶどう)
悪念	(あくねん)
悪虐	(あくぎゃく)
悪虐無道	(あくぎゃくむどう,あくぎゃくぶとう,あくぎゃくぶどう)
悪女	(あくじょ)
悪癖	(あくへき,わるぐせ)
悪平等	(あくびょうどう)
悪評	(あくひょう)
悪婆	(あくば)
悪妻	(あくさい)
悪気	(わるぎ)
悪銭	(あくせん)
悪巧み	(わるだくみ)
悪怯れる	(わるびれる)
悪球	(あっきゅう)
悪趣味	(あくしゅみ)
悪熱	(おねつ)
悪人	(あくにん)
悪日	(あくにち,あくび)
悪洒落	(わるじゃれ,あくぎ,わるざれ)
悪騒ぎ	(わるさわぎ)
悪僧	(あくそう)
悪舌	(あくぜつ,あくした)
悪神	(あくじん)
悪声	(あくせい)
悪食	(あくじき,あくしょく)
悪事	(あくじ)
悪手	(あくしゅ)
悪書	(あくしょ)
悪水	(あくすい)
悪税	(あくぜい)
悪所	(あくしょ)
悪太郎	(あくたろう)
悪態	(あくたい)
悪態をつく	(あくたいをつく)
悪体	(あくたい)
悪天	(あくてん)
悪天候	(あくてんこう)
悪天使	(あくてんし)
悪条件	(あくじょうけん)
悪童	(あくどう)
悪投	(あくとう)
悪徒	(あくと)
悪推量	(わるずいりょう)
悪文	(あくぶん)
悪巫山戯	(わるふざけ)
悪習	(あくしゅう)
悪習慣	(あくしゅうかん)
悪戯	(いたずら,イタズラ,いたづら)
悪戯っ子	(いたずらっこ)
悪戯坊主	(いたずらぼうず)
悪戯盛り	(いたずらざかり)
悪戯書	(いたずらがき)
悪戯書き	(いたずらがき)
悪戯小僧	(いたずらこぞう)
悪戯者	(いたずらもの)
悪戯着	(いたずらぎ)
悪戯子	(いたずらっこ)
悪賢い	(わるがしこい)
悪相	(あくそう)
悪心	(あくしん)
悪行	(あくぎょう,あっこう,あくこう)
悪形	(あくがた,あくけい)
悪性	(あくしょう)
悪性リンパしゅ	(あくせいリンパしゅ)
悪性リンパ腫	(あくせいリンパしゅ)
悪性度	(あくせいど)
悪性腫瘍	(あくせいしゅよう)
悪血	(あくち,おけつ)
悪循環	(あくじゅんかん)
悪言	(あくげん,あくごん)
悪業	(あくごう)
悪衣	(あくい)
悪役	(あくやく)
悪疫	(あくえき)
悪意	(あくい)
悪因悪果	(あくいんあっか)
悪因縁	(あくいんねん)
悪影響	(あくえいきょう)
悪用	(あくよう)
悪遊び	(わるあそび)
悪友	(あくゆう)
悪玉	(あくだま,あくたま)
悪縁	(あくえん)
悪運	(あくうん)
悪戦	(あくせん)
悪戦苦闘	(あくせんくとう)
悪摺れ	(わるずれ)
悪者	(わるもの)
悪政	(あくせい)
悪症	(あくしょう)
悪質	(あくしつ)
悪質化	(あくしつか)
悪足掻き	(わるあがき)
悪足搔き	(わるあがき)
悪阻	(つわり)
悪酔	(わるよい)
悪酔い	(わるよい)
惡	(あく)
惡い	(わるい)
惡口	(わるぐち,わるくち)
惡戲	(いたずら,イタズラ,いたづら)
愕く	(おどろく)
腭	(あご,アゴ)
餓え	(うえ)
餓える	(うえる,かつえる)
餓鬼	(がき,ガキ)
餓鬼大将	(がきだいしょう)
餓鬼道	(がきどう)
餓狼	(がろう)
餓死	(がし,がしん)
諤々	(がくがく)
諤諤	(がくがく)
鍔	(つば)
鍔ぜり合い	(つばぜりあい)
鍔競り合い	(つばぜりあい)
鍔迫り合い	(つばぜりあい)
顎	(あご,アゴ)
顎骨	(がっこつ,がくこつ,あごぼね)
鰐	(わに,ワニ)
鰐鮫	(わにざめ)
鰐口	(わにぐち)
鱷	(わに,ワニ)
恩	(おん)
恩がある	(おんがある)
恩がえし	(おんがえし)
恩が有る	(おんがある)
恩ちょう	(おんちょう)
恩をあだで返す	(おんをあだでかえす)
恩を仇で返す	(おんをあだでかえす)
恩愛	(おんあい,おんない)
恩寵	(おんちょう)
恩讐	(おんしゅう)
恩讎	(おんしゅう)
恩賜	(おんし)
恩典	(おんてん)
恩返し	(おんがえし)
恩給	(おんきゅう)
恩顧	(おんこ)
恩恵	(おんけい)
恩借	(おんしゃく)
恩命	(おんめい)
恩情	(おんじょう)
恩人	(おんじん)
恩賞	(おんしょう)
恩赦	(おんしゃ)
恩師	(おんし)
恩義	(おんぎ)
恩誼	(おんぎ)
恩沢	(おんたく,おんだく)
恩知らず	(おんしらず)
而して	(そして,しかして)
而も	(しかも)
而るに	(しかるに)
而後	(じご)
而来	(じらい)
児	(こ)
児ら	(こら)
児曹	(じそう)
児等	(こら)
児女	(じじょ)
児孫	(じそん)
児童	(じどう)
児童福祉	(じどうふくし)
児童画	(じどうが)
児童劇	(じどうげき)
児童文学	(じどうぶんがく)
児童心理学	(じどうしんりがく)
児戯	(じぎ)
耳	(みみ)
耳あか	(みみあか,じこう)
耳かざり	(みみかざり)
耳がとおい	(みみがとおい)
耳が肥えている	(みみがこえている)
耳が遠い	(みみがとおい)
耳たぶ	(みみたぶ,じだ)
耳をかす	(みみをかす)
耳をすます	(みみをすます)
耳を澄ます	(みみをすます)
耳を貸す	(みみをかす)
耳鼻	(じび)
耳鼻科	(じびか)
耳鼻咽喉科	(じびいんこうか)
耳鼻咽喉専門医	(じびいんこうせんもんい)
耳朶	(みみたぶ,じだ)
耳垢	(みみあか,じこう)
耳木兎	(ミミズク,みみずく,みみづく)
耳目	(じもく,じぼく)
耳腔	(じこう)
耳飾	(みみかざり)
耳飾り	(みみかざり)
耳栓	(みみせん)
耳障り	(みみざわり)
爾後	(じご)
爾来	(じらい)
餌	(えさ,え,エサ)
餌食	(えじき)
二	(に,ふた,ふ)
二カ所	(にかしょ)
二か所	(にかしょ)
二けた	(ふたけた)
二ヶ所	(にかしょ)
二つ	(ふたつ)
二つとも	(ふたつとも)
二つながら	(ふたつながら)
二つ返事	(ふたつへんじ)
二つ割り	(ふたつわり)
二つ共	(ふたつとも)
二つ繭	(ふたつまゆ)
二つ乍ら	(ふたつながら)
二つ置き	(ふたつおき)
二の次	(にのつぎ)
二の町	(にのまち)
二の句	(にのく)
二の句がつげない	(にのくがつげない)
二の句が継げない	(にのくがつげない)
二の膳	(にのぜん)
二の矢	(にのや)
二の丸	(にのまる)
二の舞	(にのまい)
二の足	(にのあし)
二の足を踏む	(にのあしをふむ)
二八	(にはち)
二倍	(にばい)
二本棒	(にほんぼう)
二本差	(にほんざし)
二本差し	(にほんざし)
二本建て	(にほんだて)
二本立て	(にほんだて)
二部	(にぶ)
二部合唱	(にぶがっしょう)
二部合奏	(にぶがっそう)
二部教授	(にぶきょうじゅ)
二曹	(にそう)
二槽式	(にそうしき)
二叉	(ふたまた)
二成り	(ふたなり)
二乗	(にじょう,じじょう)
二乗根	(にじょうこん)
二次	(にじ)
二次的	(にじてき)
二次方程式	(にじほうていしき)
二次会	(にじかい)
二次記憶	(にじきおく)
二次元	(にじげん)
二大政党主義	(にだいせいとうしゅぎ)
二道	(ふたみち)
二等	(にとう)
二等兵	(にとうへい)
二等辺三角形	(にとうへんさんかっけい,にとうへんさんかくけい)
二等分	(にとうぶん)
二等分線	(にとうぶんせん)
二等軍曹	(にとうぐんそう)
二等親	(にとうしん)
二等賞	(にとうしょう)
二度	(ふたたび)
二度三度	(にどさんど)
二度手間	(にどでま)
二度添い	(にどぞい)
二度咲き	(にどざき)
二度刈り	(にどがり)
二段見出し	(にだんみだし)
二番	(にばん)
二番せんじ	(にばんせんじ)
二番め	(にばんめ)
二番抵当	(にばんていとう)
二番煎じ	(にばんせんじ)
二番目	(にばんめ)
二番星	(にばんぼし)
二番刈り	(にばんかり)
二番作	(にばんさく)
二返事	(ふたつへんじ)
二方	(ふたかた)
二分	(にぶん)
二分木	(にぶんぎ)
二分音符	(にぶおんぷ,にぶんおんぷ)
二封	(にふう)
二箇所	(にかしょ)
二更	(にこう)
二宮	(にぐう)
二股	(ふたまた)
二股膏薬	(ふたまたこうやく,ふたまたごうやく)
二国間	(にこくかん)
二号	(にごう)
二号さん	(にごうさん)
二核	(にかく)
二桁	(ふたけた)
二回	(にかい)
二級	(にきゅう)
二交替制労働	(にこうたいせいろうどう)
二階	(にかい)
二階家	(にかいや)
二階建	(にかいだて)
二階建て	(にかいだて)
二階屋	(にかいや)
二結び	(ふたむすび)
二筋道	(ふたすじみち)
二進	(にしん)
二進も三進も	(にっちもさっちも)
二進も三進もいかない	(にっちもさっちもいかない)
二進も三進も行かない	(にっちもさっちもいかない)
二進法	(にしんほう)
二進木	(にしんぎ)
二君	(にくん)
二軍	(にぐん)
二塁	(にるい)
二塁打	(にるいだ)
二塁手	(にるいしゅ)
二連銃	(にれんじゅう)
二連発	(にれんぱつ)
二連式	(にれんしき)
二列	(にれつ)
二流	(にりゅう)
二六時中	(にろくじちゅう)
二輪	(にりん)
二輪車	(にりんしゃ)
二律背反	(にりつはいはん)
二毛作	(にもうさく)
二枚貝	(にまいがい)
二枚目	(にまいめ)
二枚舌	(にまいじた)
二枚折り	(にまいおり)
二目	(ふため)
二男	(じなん)
二念	(にねん)
二拍子	(にびょうし)
二七日	(ふたなぬか,ふたなのか)
二人	(ふたり,ににん)
二人とも	(ふたりとも)
二人称	(ににんしょう)
二人分	(ふたりぶん)
二人共	(ふたりとも)
二人連れ	(ふたりづれ)
二人目	(ふたりめ)
二人前	(ににんまえ)
二人三脚	(ににんさんきゃく)
二人殺し	(ふたりごろし)
二人組	(ふたりぐみ,ににんぐみ)
二日	(ふつか)
二日酔	(ふつかよい)
二日酔い	(ふつかよい)
二三	(にさん)
二色	(にしょく)
二色刷り	(にしょくずり)
二伸	(にしん)
二十	(にじゅう,はた)
二十日大根	(はつかだいこん,ハツカダイコン)
二十日鼠	(はつかねずみ,ハツカネズミ)
二十世紀	(にじっせいき,にじゅっせいき)
二十四時間制	(にじゅうよじかんせい)
二十歳	(はたち,にじゅっさい,にじっさい)
二十重	(はたえ)
二食	(にしょく,にじき)
二士	(にし)
二世	(にせい)
二世の固め	(にせのかため)
二世の契り	(にせのちぎり)
二世の約束	(にせのやくそく)
二手	(ふたて)
二束のわらじ	(にそくのわらじ)
二束の草鞋	(にそくのわらじ)
二束三文	(にそくさんもん)
二死	(にし)
二死後	(にしご)
二酸化イオウ	(にさんかいおう)
二酸化いおう	(にさんかいおう)
二酸化ケイ素	(にさんかけいそ)
二酸化珪素	(にさんかけいそ)
二酸化硫黄	(にさんかいおう)
二酸化炭素	(にさんかたんそ)
二通	(につう)
二通り	(ふたとおり)
二頭筋	(にとうきん)
二頭立	(にとうだて)
二頭立て	(にとうだて)
二頭挽き	(にとうびき)
二頭引	(にとうびき)
二頭引き	(にとうびき)
二王	(におう)
二王門	(におうもん)
二位	(にい)
二尉	(にい)
二線式	(にせんしき)
二相	(にそう)
二項分布	(にこうぶんぷ)
二項式	(にこうしき)
二心	(ふたごころ,にしん,じしん)
二形	(ふたなり)
二軒建て	(にけんだて)
二言	(にごん,にげん)
二言め	(ふたことめ)
二言目	(ふたことめ)
二様	(によう)
二葉	(によう)
二業地	(にぎょうち)
二役	(ふたやく)
二又	(ふたまた)
二俣	(ふたまた)
二元的	(にげんてき)
二元放送	(にげんほうそう)
二元論	(にげんろん)
二原子	(にげんし)
二原子分子	(にげんしぶんし)
二院	(にいん)
二院制	(にいんせい)
二院制度	(にいんせいど)
二月	(ふたつき)
二者	(にしゃ)
二者選一	(にしゃせんいつ)
二者択一	(にしゃたくいつ)
二着	(にちゃく)
二直	(にちょく)
二直角	(にちょっかく)
二種	(にしゅ)
二重	(にじゅう,ふたえ)
二重あご	(にじゅうあご,ふたえあご)
二重らせん	(にじゅうらせん)
二重唱	(にじゅうしょう)
二重窓	(にじゅうまど)
二重撮影	(にじゅうさつえい)
二重道徳	(にじゅうどうとく)
二重抵当	(にじゅうていとう)
二重底	(にじゅうぞこ)
二重顎	(にじゅうあご,ふたえあご)
二重否定	(にじゅうひてい)
二重釜	(にじゅうがま)
二重国籍	(にじゅうこくせき)
二重焦点	(にじゅうしょうてん)
二重結婚	(にじゅうけっこん)
二重露出	(にじゅうろしゅつ)
二重螺旋	(にじゅうらせん)
二重盲検法	(にじゅうもうけんほう)
二重母音	(にじゅうぼいん)
二重人格	(にじゅうじんかく)
二重焼き付け	(にじゅうやきつけ)
二重焼付	(にじゅうやきつけ)
二重焼付け	(にじゅうやきつけ)
二重身	(にじゅうしん)
二重生活	(にじゅうせいかつ)
二重税	(にじゅうぜい)
二重外交	(にじゅうがいこう)
二重写し	(にじゅううつし)
二重星	(にじゅうせい)
二重織	(にじゅうおり)
二重織り	(にじゅうおり)
二重奏	(にじゅうそう)
二週間	(にしゅうかん)
二子	(ふたご,そうし)
二字	(にじ)
二足	(にそく)
二足のわらじ	(にそくのわらじ)
二足の草鞋	(にそくのわらじ)
二足動物	(にそくどうぶつ)
二足三文	(にそくさんもん)
二佐	(にさ)
弍	(に,ふた,ふ)
弐	(に,ふた,ふ)
弐拾	(にじゅう,はた)
弐心	(ふたごころ,にしん,じしん)
発	(はつ)
発ガン	(はつがん)
発がん	(はつがん)
発ガン性	(はつがんせい)
発がん性	(はつがんせい)
発く	(あばく)
発しん	(ほっしん,はっしん)
発する	(はっする)
発つ鳥あとを濁さず	(たつとりあとをにごさず)
発癌	(はつがん)
発癌性	(はつがんせい)
発表	(はっぴょう)
発表会	(はっぴょうかい)
発表者	(はっぴょうしゃ)
発病	(はつびょう)
発車	(はっしゃ)
発出	(はっしゅつ)
発達	(はったつ)
発電	(はつでん)
発電機	(はつでんき)
発電器	(はつでんき)
発電所	(はつでんしょ)
発動	(はつどう)
発端	(ほったん)
発憤	(はっぷん)
発奮	(はっぷん)
発光	(はっこう)
発光ダイオード	(はっこうダイオード)
発汗	(はっかん)
発揮	(はっき)
発火	(はっか)
発見	(はっけん)
発見料	(はっけんりょう)
発見者	(はっけんしゃ)
発酵	(はっこう)
発酵乳	(はっこうにゅう)
発勁	(はっけい)
発進	(はっしん)
発禁	(はっきん)
発禁本	(はっきんぼん)
発掘	(はっくつ)
発覚	(はっかく)
発刊	(はっかん)
発狂	(はっきょう)
発令	(はつれい)
発売	(はつばい)
発売日	(はつばいび)
発売中	(はつばいちゅう)
発明	(はつめい)
発泡	(はっぽう)
発泡スチロール	(はっぽうスチロール)
発砲	(はっぽう)
発砲スチロール	(はっぽうスチロール)
発破	(はっぱ)
発情	(はつじょう)
発券	(はっけん)
発熱	(はつねつ,ほつねつ)
発散	(はっさん)
発色	(はっしょく)
発射	(はっしゃ)
発生	(はっせい)
発生率	(はっせいりつ)
発生学	(はっせいがく)
発声	(はっせい)
発送	(はっそう)
発条	(ばね,ぜんまい,バネ)
発現	(はつげん)
発祥	(はっしょう)
発祥地	(はっしょうち)
発想	(はっそう)
発効	(はっこう)
発信	(はっしん)
発信側	(はっしんがわ)
発信音	(はっしんおん)
発行	(はっこう)
発行スケジュール	(はっこうスケジュール)
発行部数	(はっこうぶすう)
発行会社	(はっこうがいしゃ)
発行所	(はっこうじょ,はっこうしょ)
発行者	(はっこうしゃ)
発芽	(はつが)
発煙	(はつえん)
発煙筒	(はつえんとう)
発言	(はつげん)
発音	(はつおん)
発育	(はついく)
発展	(はってん)
発展途上国	(はってんとじょうこく)
発展中	(はってんちゅう)
発着	(はっちゃく)
発疹	(ほっしん,はっしん)
発振	(はっしん)
発注	(はっちゅう)
発註	(はっちゅう)
発足	(ほっそく,はっそく)
発作	(ほっさ)
發電	(はつでん)
發刊	(はっかん)
醗酵	(はっこう)
醗酵乳	(はっこうにゅう)
乏しい	(とぼしい,ともしい)
伐つ	(うつ)
伐り出す	(きりだす)
伐採	(ばっさい)
伐倒	(ばっとう)
伐木	(ばつぼく)
閥	(ばつ)
閥族	(ばつぞく)
罰	(ばち)
罰があたる	(ばちがあたる,バチがあたる)
罰が当たる	(ばちがあたる,バチがあたる)
罰する	(ばっする)
罰当たり	(ばちあたり)
罰当り	(ばちあたり)
罰金	(ばっきん)
罰一	(ばついち,バツイチ)
罰則	(ばっそく)
法	(ほう)
法る	(のっとる)
法案	(ほうあん)
法案審議	(ほうあんしんぎ)
法被	(はっぴ)
法曹	(ほうそう)
法曹界	(ほうそうかい)
法的	(ほうてき)
法的手段	(ほうてきしゅだん)
法的文書	(ほうてきぶんしょ)
法典	(ほうてん)
法定	(ほうてい)
法規	(ほうき)
法具	(ほうぐ)
法蓮草	(ほうれんそう,ホウレンソウ)
法令	(ほうれい)
法螺貝	(ほらがい,ホラがい,ホラガイ)
法律	(ほうりつ)
法律上	(ほうりつじょう)
法人	(ほうじん)
法人組織にする	(ほうじんそしきにする)
法師	(ほうし,ほっし)
法廷	(ほうてい)
法外	(ほうがい)
法王	(ほうおう)
法王庁	(ほうおうちょう)
法務	(ほうむ)
法務大臣	(ほうむだいじん)
法務省	(ほうむしょう)
法線	(ほうせん)
法線ベクトル	(ほうせんベクトル)
法学	(ほうがく)
法学者	(ほうがくしゃ)
法衣	(ほうい,ほうえ)
法悦	(ほうえつ)
法則	(ほうそく)
法制	(ほうせい)
法治	(ほうち)
法治国家	(ほうちこっか)
琺瑯	(ほうろう,ホーロー,ホウロウ)
髪	(かみ)
髪の毛	(かみのけ)
髪切り虫	(カミキリムシ,かみきりむし)
髪切虫	(カミキリムシ,かみきりむし)
髪飾り	(かみかざり)
髪置	(かみおき)
髪置き	(かみおき)
髮	(かみ)
帆	(ほ)
帆船	(はんせん,ほぶね)
帆立	(ほたて,ホタテ)
帆立貝	(ほたてがい,ホタテガイ)
帆柱	(ほばしら)
帆走	(はんそう)
番め	(ばんめ)
番をする	(ばんをする)
番茶	(ばんちゃ)
番地	(ばんち)
番付	(ばんづけ)
番付け	(ばんづけ)
番附	(ばんづけ)
番号	(ばんごう)
番号記号	(ばんごうきごう)
番瀝青	(ペンキ)
番目	(ばんめ)
番犬	(ばんけん)
番人	(ばんにん)
番傘	(ばんがさ)
番台	(ばんだい)
番頭	(ばんとう)
番外	(ばんがい)
番線	(ばんせん)
番組	(ばんぐみ)
蕃昌	(はんじょう)
蕃椒	(とうがらし,とんがらし,トウガラシ)
蕃境	(ばんきょう)
蕃人	(ばんじん)
蕃社	(ばんしゃ)
蕃夷	(ばんい)
蕃語	(ばんご)
蕃殖	(はんしょく)
蕃主	(はんしゅ)
蕃族	(ばんぞく)
幡	(はた)
藩	(はん)
藩閥	(はんばつ)
藩学	(はんがく)
藩主	(はんしゅ)
翻す	(ひるがえす)
翻る	(ひるがえる)
翻案	(ほんあん)
翻車魚	(まんぼう,マンボウ)
翻弄	(ほんろう)
翻訳	(ほんやく)
翻訳家	(ほんやくか)
翻訳権	(ほんやくけん)
翻訳者	(ほんやくしゃ)
翻意	(ほんい)
翻字	(ほんじ)
飜す	(ひるがえす)
飜る	(ひるがえる)
飜弄	(ほんろう)
飜訳	(ほんやく)
凡	(おおよそ)
凡そ	(おおよそ)
凡て	(すべて)
凡フライ	(ぼんフライ)
凡ゆる	(あらゆる)
凡百	(ぼんぴゃく,ぼんびゃく,ぼんひゃく)
凡才	(ぼんさい)
凡策	(ぼんさく)
凡常	(ぼんじょう)
凡打	(ぼんだ)
凡々	(ぼんぼん)
凡凡	(ぼんぼん)
凡夫	(ぼんぷ,ぼんぶ)
凡骨	(ぼんこつ)
凡例	(はんれい)
凡流	(ぼんりゅう)
凡慮	(ぼんりょ)
凡器	(ぼんき)
凡人	(ぼんじん,ぼんにん)
凡僧	(ぼんそう,ぼんぞう)
凡失	(ぼんしつ)
凡試合	(ぼんしあい)
凡手	(ぼんしゅ)
凡書	(ぼんしょ)
凡庶	(ぼんしょ)
凡俗	(ぼんぞく)
凡小	(ぼんしょう)
凡眼	(ぼんがん)
凡庸	(ぼんよう)
凡愚	(ぼんぐ)
凡戦	(ぼんせん)
凡作	(ぼんさく)
煩い	(うるさい,ウルサイ)
煩さい	(うるさい,ウルサイ)
煩わしい	(わずらわしい)
煩わす	(わずらわす)
煩忙	(はんぼう)
煩悶	(はんもん)
煩悩	(ぼんのう)
煩惱	(ぼんのう)
煩雑	(はんざつ)
繁み	(しげみ)
繁る	(しげる)
繁昌	(はんじょう)
繁吹	(しぶき)
繁吹き	(しぶき)
繁吹く	(しぶく)
繁々	(しげしげ,シゲシゲ)
繁繁	(しげしげ,シゲシゲ)
繁華	(はんか)
繁華街	(はんかがい)
繁忙	(はんぼう)
繁茂	(はんも)
繁栄	(はんえい)
繁盛	(はんじょう)
繁体字	(はんたいじ)
繁文縟礼	(はんぶんじょくれい)
繁雑	(はんざつ)
繁殖	(はんしょく)
反	(たん)
反す	(かえす)
反すう	(はんすう)
反する	(はんする)
反って	(かえって)
反ばく	(はんばく,はんぱく)
反らす	(そらす)
反らせる	(そらせる)
反り	(そり)
反りがあわない	(そりがあわない)
反りかえる	(そりかえる)
反りが合わない	(そりがあわない)
反り返る	(そりかえる)
反り橋	(そりはし,そりばし)
反り身	(そりみ)
反り形	(そりかた)
反る	(かえる)
反比	(はんぴ,ぎゃくひ)
反比例	(はんぴれい)
反変	(はんぺん)
反別	(たんべつ)
反撥	(はんぱつ)
反駁	(はんばく,はんぱく)
反哺	(はんぽ)
反歩	(たんぶ)
反側	(はんそく)
反臣	(はんしん)
反芻	(はんすう)
反動	(はんどう)
反動的	(はんどうてき)
反動革命	(はんどうかくめい)
反動家	(はんどうか)
反動派	(はんどうは)
反動思想	(はんどうしそう)
反動主義	(はんどうしゅぎ)
反独	(はんどく)
反対	(はんたい)
反対側	(はんたいがわ)
反対党	(はんたいとう)
反対論	(はんたいろん)
反対貿易風	(はんたいぼうえきふう)
反対票	(はんたいひょう)
反対色	(はんたいしょく)
反対語	(はんたいご)
反対者	(はんたいしゃ)
反発	(はんぱつ)
反発力	(はんぱつりょく)
反返る	(そりかえる)
反復	(はんぷく)
反感	(はんかん)
反歌	(はんか)
反革命	(はんかくめい)
反攻	(はんこう)
反共	(はんきょう)
反古	(ほご,ほぐ,ほうご)
反古にする	(ほごにする)
反古籠	(ほぐかご)
反故	(ほご,ほぐ,ほうご)
反故にする	(ほごにする)
反故籠	(ほぐかご)
反核	(はんかく)
反撃	(はんげき)
反間	(はんかん)
反軍	(はんぐん)
反軍的	(はんぐんてき)
反抗	(はんこう)
反粒子	(はんりゅうし)
反乱	(はんらん)
反乱軍	(はんらんぐん)
反乱者	(はんらんしゃ)
反論	(はんろん)
反落	(はんらく)
反毛	(はんもう)
反米	(はんべい)
反面	(はんめん)
反面に	(はんめんに)
反面教師	(はんめんきょうし)
反目	(はんもく)
反逆	(はんぎゃく)
反逆人	(はんぎゃくにん)
反逆者	(はんぎゃくしゃ)
反旗	(はんき)
反橋	(そりはし,そりばし)
反日	(はんにち)
反社会的	(はんしゃかいてき)
反射	(はんしゃ)
反射テープ	(はんしゃテープ)
反射的	(はんしゃてき)
反射的に	(はんしゃてきに)
反射鏡	(はんしゃきょう)
反射望遠鏡	(はんしゃぼうえんきょう)
反射運動	(はんしゃうんどう)
反射作用	(はんしゃさよう)
反身	(はんしん)
反省	(はんせい)
反噬	(はんぜい)
反収	(たんしゅう)
反数	(はんすう)
反訴	(はんそ)
反騰	(はんとう)
反体制	(はんたいせい)
反徒	(はんと)
反吐	(へど,ヘド)
反問	(はんもん)
反物	(たんもの)
反物屋	(たんものや)
反物質	(はんぶっしつ)
反響	(はんきょう)
反心	(はんしん)
反陽子	(はんようし)
反様	(かいさま)
反意語	(はんいご)
反応	(はんのう,はんおう)
反応性	(はんのうせい)
反英	(はんえい)
反英雄	(はんえいゆう)
反影	(はんえい)
反映	(はんえい)
反語	(はんご)
反則	(はんそく)
反賊	(はんぞく)
反戦	(はんせん)
反照	(はんしょう)
反政府	(はんせいふ)
反政府党	(はんせいふとう)
反政府勢力	(はんせいふせいりょく)
反証	(はんしょう)
反植民主義	(はんしょくみんしゅぎ)
反転	(はんてん)
反宗教改革	(はんしゅうきょうかいかく)
反作用	(はんさよう)
払いのける	(はらいのける)
払いもどす	(はらいもどす)
払い除ける	(はらいのける)
払い渡す	(はらいわたす)
払い清める	(はらいきよめる)
払い戻す	(はらいもどす)
払い退ける	(はらいのける)
払い下げる	(はらいさげる)
払い込む	(はらいこむ)
払う	(はらう)
払しょく	(ふっしょく,ふっしき)
払底	(ふってい)
払拭	(ふっしょく,ふっしき)
払戻す	(はらいもどす)
払暁	(ふつぎょう,ふっきょう)
辺	(へん)
辺ぴ	(へんぴ)
辺り	(あたり)
辺鄙	(へんぴ)
辺地	(へんち)
辺疆	(へんきょう)
辺境	(へんきょう)
仮	(け)
仮そめ	(かりそめ)
仮とじ	(かりとじ)
仮とじ本	(かりとじほん)
仮に	(かりに)
仮にも	(かりにも)
仮の命	(かりのいのち)
仮の世	(かりのよ)
仮の宿り	(かりのやどり)
仮り	(かり)
仮繃帯	(かりほうたい)
仮病	(けびょう)
仮差し押え	(かりさしおさえ)
仮差し押さえ	(かりさしおさえ)
仮差押	(かりさしおさえ)
仮差押え	(かりさしおさえ)
仮称	(かしょう)
仮歯	(かし)
仮出所	(かりしゅっしょ)
仮出獄	(かりしゅつごく)
仮初	(かりそめ)
仮初にも	(かりそめにも)
仮初め	(かりそめ)
仮初めにも	(かりそめにも)
仮処分	(かりしょぶん)
仮拵え	(かりごしらえ)
仮殿	(かりどの,ごんでん)
仮調印	(かりちょういん)
仮定	(かてい)
仮定法	(かていほう)
仮定款	(かりていかん)
仮定形	(かていけい)
仮痘	(かとう)
仮渡し	(かりわたし)
仮払い	(かりばらい)
仮払い金	(かりばらいきん)
仮払金	(かりばらいきん)
仮分数	(かぶんすう)
仮縫い	(かりぬい)
仮宮	(かりみや)
仮記入	(かりきにゅう)
仮家	(かりいえ)
仮借	(かしゃく,かしゃ)
仮進級	(かりしんきゅう)
仮決	(かけつ)
仮勘定	(かりかんじょう)
仮空	(かくう,がくう)
仮令	(たとえ,たとい)
仮埋め	(かりうめ)
仮埋葬	(かりまいそう)
仮免許	(かりめんきょ)
仮免状	(かりめんじょう)
仮面	(かめん)
仮面舞踏会	(かめんぶとうかい)
仮名	(かめい,かりな,けみょう)
仮名本	(かなぼん)
仮名漢字変換	(かなかんじへんかん)
仮名交じり	(かなまじり)
仮名交じり文	(かなまじりぶん)
仮名遣	(かなづかい)
仮名遣い	(かなづかい)
仮名手本	(かなでほん)
仮名書き	(かながき)
仮名文	(かなぶん,かなぶみ)
仮名文字	(かなもじ)
仮納	(かのう)
仮納金	(かのうきん)
仮納税	(かりのうぜい)
仮泊	(かはく)
仮普請	(かりぶしん)
仮漆	(かしつ)
仮葺	(かりぶき)
仮葺き	(かりぶき)
仮橋	(かりばし)
仮寝	(かりね)
仮親	(かりおや)
仮入学	(かりにゅうがく)
仮設	(かせつ)
仮声	(かせい)
仮釈放	(かりしゃくほう)
仮受け金	(かりうけきん)
仮受取	(かりうけとり)
仮受取証	(かりうけとりしょう)
仮数	(かすう)
仮数部	(かすうぶ)
仮刷り	(かりずり)
仮睡	(かすい)
仮説	(かせつ)
仮死	(かし)
仮条約	(かりじょうやく)
仮貼り	(かりばり)
仮託	(かたく)
仮屋	(かりや)
仮相	(かそう)
仮想	(かそう)
仮想記憶	(かそうきおく)
仮想空間	(かそうくうかん)
仮小屋	(かりごや)
仮性	(かせい)
仮性近視	(かせいきんし)
仮言	(かげん)
仮役	(かりやく)
仮議長	(かりぎちょう)
仮寓	(かぐう)
仮葬	(かそう)
仮宅	(かりたく)
仮枕	(かりまくら)
仮政府	(かりせいふ)
仮植	(かしょく)
仮植え	(かりうえ)
仮住い	(かりずまい)
仮住まい	(かりずまい)
仮住居	(かりずまい)
仮装	(かそう)
仮装舞踏会	(かそうぶとうかい)
仮装巡洋艦	(かそうじゅんようかん)
仮粧	(けしょう,けわい,けそう)
仮綴	(かりとじ)
仮綴じ	(かりとじ)
仮綴本	(かりとじほん)
仮字	(かな)
返す	(かえす)
返り咲き	(かえりざき)
返り咲く	(かえりざく)
返る	(かえる)
返報	(へんぽう)
返辞	(へんじ)
返答	(へんとう)
返歌	(へんか)
返還	(へんかん)
返済	(へんさい)
返金	(へんきん)
返礼	(へんれい)
返品	(へんぴん)
返却	(へんきゃく)
返却値	(へんきゃくち)
返上	(へんじょう)
返事	(へんじ)
返送	(へんそう)
返咲き	(かえりざき)
返信	(へんしん)
返信用の封筒	(へんしんようのふうとう)
返信用封筒	(へんしんようふうとう)
返信用葉書	(へんしんようはがき)
犯す	(おかす)
犯人	(はんにん)
犯行	(はんこう)
犯行声明文	(はんこうせいめいぶん)
犯意	(はんい)
犯則	(はんそく)
犯罪	(はんざい)
犯罪発生率	(はんざいはっせいりつ)
犯罪学	(はんざいがく)
犯罪者	(はんざいしゃ)
氾濫	(はんらん)
汎ゆる	(あらゆる)
汎関数	(はんかんすう)
汎濫	(はんらん)
汎神論	(はんしんろん)
汎用	(はんよう)
汎用機	(はんようき)
泛かぶ	(うかぶ)
泛かべる	(うかべる)
泛ぶ	(うかぶ)
泛べる	(うかべる)
泛子	(うき)
梵和辞典	(ぼんわじてん)
梵妻	(ぼんさい)
梵刹	(ぼんさつ,ぼんせつ)
梵天王	(ぼんてんおう,ぼんてんのう)
梵語	(ぼんご)
梵鐘	(ぼんしょう)
梵字	(ぼんじ)
販路	(はんろ)
販売	(はんばい)
販売部門	(はんばいぶもん)
販売代理店	(はんばいだいりてん)
販売機	(はんばいき)
販売機会	(はんばいきかい)
販売戦略	(はんばいせんりゃく)
販売者	(はんばいしゃ)
販売値段	(はんばいねだん)
飯	(めし)
飯ごう	(はんごう)
飯場	(はんば)
飯店	(はんてん)
飯盒	(はんごう)
飯事	(ままごと)
飯事をする	(ままごとをする)
範	(のり)
範ちゅう	(はんちゅう)
範疇	(はんちゅう)
範例	(はんれい)
範囲	(はんい)
方	(さま)
方がた	(かたがた)
方便	(ほうべん)
方策	(ほうさく)
方程式	(ほうていしき)
方法	(ほうほう)
方々	(かたがた)
方方	(かたがた)
方角	(ほうがく)
方面	(ほうめん)
方面隊	(ほうめんたい)
方式	(ほうしき)
方途	(ほうと)
方位	(ほうい)
方向	(ほうこう)
方向観念	(ほうこうかんねん)
方向音痴	(ほうこうおんち)
方形	(ほうけい)
方形波	(ほうけいは)
方言	(ほうげん)
方則	(ほうそく)
方針	(ほうしん)
方針決定	(ほうしんけってい)
方舟	(はこぶね)
坊さん	(ぼうさん)
坊ちゃん	(ぼっちゃん)
坊っちゃん	(ぼっちゃん)
坊や	(ぼうや)
坊間	(ぼうかん)
坊主	(ぼうず,ぼんず)
坊主頭	(ぼうずあたま)
坊主憎けりゃ袈裟まで憎い	(ぼうずにくけりゃけさまでにくい)
芳しい	(かんばしい)
芳しくない	(かんばしくない)
芳しく無い	(かんばしくない)
芳ばしい	(こうばしい)
芳紀	(ほうき)
芳名	(ほうめい)
芳名録	(ほうめいろく)
芳香	(ほうこう)
芳志	(ほうし)
錺る	(かざる)
防ぐ	(ふせぐ)
防じん	(ぼうじん)
防備	(ぼうび)
防壁	(ぼうへき)
防波堤	(ぼうはてい)
防長官	(ぼうちょうかん)
防塵	(ぼうじん)
防塵室	(ぼうじんしつ)
防塵着	(ぼうじんぎ)
防虫	(ぼうちゅう)
防虫剤	(ぼうちゅうざい)
防臭	(ぼうしゅう)
防臭剤	(ぼうしゅうざい)
防除	(ぼうじょ)
防毒	(ぼうどく)
防毒面	(ぼうどくめん)
防犯	(ぼうはん)
防腐	(ぼうふ)
防腐剤	(ぼうふざい)
防害	(ぼうがい)
防寒	(ぼうかん)
防寒服	(ぼうかんふく)
防護マスク	(ぼうごマスク)
防火	(ぼうか)
防火壁	(ぼうかへき)
防火扉	(ぼうかとびら)
防具	(ぼうぐ)
防空	(ぼうくう)
防空砲	(ぼうくうほう)
防人	(さきもり,ぼうじん)
防湿	(ぼうしつ)
防水	(ぼうすい)
防衛	(ぼうえい)
防衛庁長官	(ぼうえいちょうちょうかん)
防疫	(ぼうえき)
防音	(ぼうおん)
防音室	(ぼうおんしつ)
防御	(ぼうぎょ)
防御部隊	(ぼうぎょぶたい)
防禦	(ぼうぎょ)
防災	(ぼうさい)
防災訓練	(ぼうさいくんれん)
防止	(ぼうし)
防止法	(ぼうしほう)
防止指針	(ぼうしししん)
防総省	(ぼうそうしょう)
妨げ	(さまたげ)
妨げる	(さまたげる)
妨碍	(ぼうがい)
妨礙	(ぼうがい)
妨害	(ぼうがい)
妨害物	(ぼうがいぶつ)
妨業	(ぼうぎょう)
妨業員	(ぼうぎょういん)
房	(ふさ)
房事	(ぼうじ)
房主	(ぼうず,ぼんず)
倣う	(ならう)
倣岸	(ごうがん)
紡ぎ唄	(つむぎうた)
紡ぎ歌	(つむぎうた)
紡ぐ	(つむぐ)
紡錘	(ぼうすい,つむ,つみ)
紡機	(ぼうき)
紡績	(ぼうせき)
紡績工場	(ぼうせきこうじょう)
紡毛	(ぼうもう)
紡糸	(ぼうし)
紡織	(ぼうしょく)
訪う	(とう)
訪ねる	(たずねる)
訪れる	(おとずれる)
訪客	(ほうきゃく,ほうかく)
訪米	(ほうべい)
訪日	(ほうにち)
訪問	(ほうもん)
髣髴	(ほうふつ)
放す	(はなす)
放つ	(はなつ)
放っとく	(ほっとく)
放りこむ	(ほうりこむ,ホウリコむ)
放りだす	(ほうりだす)
放り出す	(ほうりだす)
放り上げる	(ほうりあげる)
放り込む	(ほうりこむ,ホウリコむ)
放る	(ほうる,ほる)
放れる	(はなれる)
放出	(ほうしゅつ)
放蕩	(ほうとう)
放電	(ほうでん)
放火	(ほうか)
放課後	(ほうかご)
放浪	(ほうろう)
放浪者	(ほうろうしゃ)
放免	(ほうめん,ほうべん)
放牧	(ほうぼく)
放念	(ほうねん)
放尿	(ほうにょう)
放棄	(ほうき)
放熱	(ほうねつ)
放任	(ほうにん)
放任主義	(ほうにんしゅぎ)
放射	(ほうしゃ)
放射能	(ほうしゃのう)
放射線	(ほうしゃせん)
放射線感受性	(ほうしゃせんかんじゅせい)
放射線技師	(ほうしゃせんぎし)
放射線科	(ほうしゃせんか)
放射線科医	(ほうしゃせんかい)
放射線学	(ほうしゃせんがく)
放射性	(ほうしゃせい)
放射性廃棄物	(ほうしゃせいはいきぶつ)
放水	(ほうすい)
放水路	(ほうすいろ)
放送	(ほうそう)
放送局	(ほうそうきょく)
放題	(ほうだい)
放物線	(ほうぶつせん)
放心	(ほうしん)
放言	(ほうげん)
放映	(ほうえい)
放置	(ほうち)
放逐	(ほうちく)
放縦	(ほうじゅう,ほうしょう)
妃	(きさき)
妃殿下	(ひでんか)
非	(ひ)
非変換	(ひへんかん)
非才	(ひさい)
非常	(ひじょう)
非常に	(ひじょうに)
非常ブレーキ	(ひじょうブレーキ)
非常口	(ひじょうぐち)
非常識	(ひじょうしき)
非常事態	(ひじょうじたい)
非常線	(ひじょうせん)
非常信号	(ひじょうしんごう)
非常用	(ひじょうよう)
非喫煙者	(ひきつえんしゃ)
非道い	(ひどい,ヒドイ,ヒドい)
非対称	(ひたいしょう)
非対応	(ひたいおう)
非凡	(ひぼん)
非公開	(ひこうかい)
非公式	(ひこうしき)
非公式協議	(ひこうしききょうぎ)
非合法	(ひごうほう)
非許容	(ひきょよう)
非活動	(ひかつどう)
非活動ウィンドウ	(ひかつどうウィンドウ)
非接触	(ひせっしょく)
非金属	(ひきんぞく)
非局所分岐	(ひきょくしょぶんき)
非開示合意	(ひかいじごうい)
非可換ゲージ理論	(ひかかんゲージりろん)
非可換群	(ひかかんぐん)
非課税	(ひかぜい)
非礼	(ひれい)
非力	(ひりき)
非良心的	(ひりょうしんてき)
非論理的	(ひろんりてき)
非売品	(ひばいひん)
非民主	(ひみんしゅ)
非難	(ひなん)
非情	(ひじょう)
非人	(ひにん)
非人間的	(ひにんげんてき)
非認	(ひにん)
非社交的	(ひしゃこうてき)
非生産的	(ひせいさんてき)
非実際的	(ひじっさいてき)
非同期	(ひどうき)
非同期通信	(ひどうきつうしん)
非現実的	(ひげんじつてき)
非線形	(ひせんけい)
非線型	(ひせんけい)
非行	(ひこう)
非行に走る	(ひこうにはしる)
非議	(ひぎ)
非営利	(ひえいり)
非運	(ひうん)
非政府組織	(ひせいふそしき)
飛しょう	(ひしょう)
飛ばす	(とばす)
飛びあがる	(とびあがる)
飛びかう	(とびかう)
飛びかかる	(とびかかる)
飛びきり	(とびきり)
飛びこむ	(とびこむ)
飛びだす	(とびだす)
飛びたつ	(とびたつ)
飛びつく	(とびつく)
飛びのく	(とびのく)
飛びはねる	(とびはねる)
飛びまわる	(とびまわる)
飛び歩く	(とびあるく)
飛び乗る	(とびのる)
飛び出しナイフ	(とびだしナイフ)
飛び出す	(とびだす)
飛び出る	(とびでる)
飛び付く	(とびつく)
飛び掛かる	(とびかかる)
飛び掛る	(とびかかる)
飛び回る	(とびまわる)
飛び火	(とびひ)
飛び級	(とびきゅう)
飛び降りる	(とびおりる)
飛び交う	(とびかう)
飛び離れる	(とびはなれる)
飛び立つ	(とびたつ)
飛び起きる	(とびおきる)
飛び切り	(とびきり)
飛び去る	(とびさる)
飛び散る	(とびちる)
飛び上がる	(とびあがる)
飛び石	(とびいし)
飛び跳ねる	(とびはねる)
飛び退く	(とびのく)
飛び下りる	(とびおりる)
飛び移る	(とびうつる)
飛び込み	(とびこみ)
飛び込み台	(とびこみだい)
飛び込む	(とびこむ)
飛び魚	(とびうお,トビウオ)
飛び越える	(とびこえる)
飛び越す	(とびこす)
飛ぶ	(とぶ)
飛んだ	(とんだ)
飛んでもない	(とんでもない)
飛乗る	(とびのる)
飛出しナイフ	(とびだしナイフ)
飛出す	(とびだす)
飛火	(とびひ)
飛来	(ひらい)
飛立つ	(とびたつ)
飛礫	(つぶて)
飛竜	(ペーロン)
飛龍	(ひりゅう,ひりょう)
飛沫	(しぶき)
飛鳥時代	(あすかじだい)
飛瀑	(ひばく)
飛切り	(とびきり)
飛散	(ひさん)
飛散る	(とびちる)
飛石	(とびいし)
飛翔	(ひしょう)
飛行	(ひこう)
飛行場	(ひこうじょう)
飛行船	(ひこうせん)
飛行機	(ひこうき)
飛行記録装置	(ひこうきろくそうち)
飛行家	(ひこうか)
飛行禁止空域	(ひこうきんしくういき)
飛行時間	(ひこうじかん)
飛行士	(ひこうし)
飛込み	(とびこみ)
飛込む	(とびこむ)
飛魚	(とびうお,トビウオ)
飛越える	(とびこえる)
飛越す	(とびこす)
飛躍	(ひやく)
飛躍的	(ひやくてき)
菲才	(ひさい)
扉	(とびら)
蜚蠊	(ゴキブリ,ごきぶり)
緋い	(あかい)
緋鯉	(ひごい)
緋衣草	(ひごろもそう,ヒゴロモソウ)
鯡	(にしん,かど,ニシン)
肥	(こえ)
肥える	(こえる)
肥え溜め	(こえだめ)
肥し	(こやし)
肥す	(こやす)
肥だめ	(こえだめ)
肥った	(ふとった)
肥やし	(こやし)
肥やす	(こやす)
肥る	(ふとる)
肥大	(ひだい)
肥汲み	(こえくみ)
肥料	(ひりょう)
肥溜	(こえだめ)
肥溜め	(こえだめ)
肥満	(ひまん)
腓返り	(こむらがえり)
腓骨	(ひこつ)
匪躬	(ひきゅう)
匪徒	(ひと)
匪団	(ひだん)
匪賊	(ひぞく)
翡翠	(カワセミ,かわせみ)
翡翠色	(ひすいいろ)
誹謗	(ひぼう)
誹諧	(はいかい)
誹議	(ひぎ)
吠える	(ほえる)
肺	(はい)
肺ガン	(はいがん)
肺がん	(はいがん)
肺癌	(はいがん)
肺胞	(はいほう)
肺病	(はいびょう)
肺肝	(はいかん)
肺活量	(はいかつりょう)
肺結核	(はいけっかく)
肺炎	(はいえん)
肺葉	(はいよう)
肺臓	(はいぞう)
狒々	(ひひ,ヒヒ)
狒狒	(ひひ,ヒヒ)
沸かす	(わかす)
沸きかえる	(わきかえる)
沸き出す	(わきだす)
沸き出る	(わきでる)
沸き返る	(わきかえる)
沸き立つ	(わきたつ)
沸き起こる	(わきおこる)
沸き上がる	(わきあがる)
沸く	(わく)
沸す	(わかす)
沸点	(ふってん)
沸騰	(ふっとう)
沸騰点	(ふっとうてん)
廃める	(やめる)
廃る	(すたる)
廃れる	(すたれる)
廃材	(はいざい)
廃車	(はいしゃ)
廃嫡	(はいちゃく)
廃藩置県	(はいはんちけん)
廃合	(はいごう)
廃疾	(はいしつ)
廃絶	(はいぜつ)
廃坑	(はいこう)
廃鉱	(はいこう)
廃盤	(はいばん)
廃品	(はいひん)
廃棄	(はいき)
廃棄物	(はいきぶつ)
廃人	(はいじん)
廃虚	(はいきょ)
廃墟	(はいきょ)
廃要素	(はいようそ)
廃業	(はいぎょう)
廃止	(はいし)
費	(ひ)
費える	(ついえる)
費す	(ついやす)
費やす	(ついやす)
費消	(ひしょう)
費用	(ひよう)
癈人	(はいじん)
分	(ぶん)
分かず	(わかず)
分かち	(わかち)
分かちあう	(わかちあう)
分かちあたえる	(わかちあたえる)
分かち合う	(わかちあう)
分かち取る	(わかちとる)
分かち書き	(わかちがき)
分かち与える	(わかちあたえる)
分かつ	(わかつ)
分からずや	(わからずや)
分からず屋	(わからずや)
分かり	(わかり)
分かりきった	(わかりきった)
分かりきる	(わかりきる)
分かりにくい	(わかりにくい)
分かりやすい	(わかりやすい)
分かり良い	(わかりよい)
分かり難い	(わかりにくい)
分かり切った	(わかりきった)
分かり切る	(わかりきる)
分かり易い	(わかりやすい)
分かる	(わかる)
分かれる	(わかれる)
分かれ出る	(わかれでる)
分かれ道	(わかれみち)
分かれ目	(わかれめ)
分かれ争う	(わかれあらそう)
分け	(わけ)
分けいい	(わけいい,わけよい)
分けて	(わけて)
分けへだて	(わけへだて)
分けよい	(わけいい,わけよい)
分ける	(わける)
分け隔て	(わけへだて)
分け合う	(わけあう)
分け離す	(わけはなす)
分け良い	(わけいい,わけよい)
分け売り	(わけうり)
分け目	(わけめ)
分け前	(わけまえ)
分け取り	(わけどり)
分け取る	(わけとる)
分け入る	(わけいる)
分け与える	(わけあたえる)
分ち	(わかち)
分ち合う	(わかちあう)
分ち与える	(わかちあたえる)
分つ	(わかつ)
分べん	(ぶんべん)
分らず屋	(わからずや)
分り	(わかり)
分りきった	(わかりきった)
分りやすい	(わかりやすい)
分り切る	(わかりきる)
分り易い	(わかりやすい)
分る	(わかる)
分れる	(わかれる)
分れ道	(わかれみち)
分れ目	(わかれめ)
分れ争う	(わかれあらそう)
分別	(ふんべつ)
分別盛り	(ふんべつざかり)
分別心	(ふんべつしん)
分捕り品	(ぶんどりひん)
分捕り物	(ぶんどりもの)
分捕る	(ぶんどる)
分捕品	(ぶんどりひん)
分布	(ぶんぷ)
分餐	(ぶんさん)
分冊	(ぶんさつ)
分乗	(ぶんじょう)
分詞	(ぶんし)
分担	(ぶんたん)
分担額	(ぶんたんがく)
分担金	(ぶんたんきん)
分党	(ぶんとう)
分地	(ぶんち)
分点	(ぶんてん)
分店	(ぶんてん)
分度器	(ぶんどき)
分隊	(ぶんたい)
分封	(ぶんぽう)
分賦	(ぶんぷ)
分割	(ぶんかつ)
分割ウィンドウ	(ぶんかつウィンドウ)
分割払い	(ぶんかつばらい)
分工場	(ぶんこうじょう)
分骨	(ぶんこつ)
分館	(ぶんかん)
分光	(ぶんこう)
分光器	(ぶんこうき)
分光学	(ぶんこうがく)
分厚い	(ぶあつい)
分化	(ぶんか)
分会	(ぶんかい)
分極	(ぶんきょく)
分極化	(ぶんきょくか)
分際	(ぶんざい)
分家	(ぶんけ)
分教場	(ぶんきょうじょう)
分節	(ぶんせつ)
分解	(ぶんかい)
分解的	(ぶんかいてき)
分解能	(ぶんかいのう)
分解蒸溜法	(ぶんかいじょうりゅうほう)
分界	(ぶんかい)
分界線	(ぶんかいせん)
分進	(ぶんしん)
分局	(ぶんきょく)
分巻	(ぶんまき)
分科	(ぶんか)
分科会	(ぶんかかい)
分課	(ぶんか)
分類	(ぶんるい)
分類表	(ぶんるいひょう)
分類学	(ぶんるいがく)
分厘	(ふんりん,ぶんりん,ぶんり)
分釐	(ふんりん,ぶんりん,ぶんり)
分離	(ぶんり)
分離主義者	(ぶんりしゅぎしゃ)
分力	(ぶんりょく)
分立	(ぶんりつ)
分利	(ぶんり)
分量	(ぶんりょう)
分列	(ぶんれつ)
分列式	(ぶんれつしき)
分裂	(ぶんれつ)
分裂物質	(ぶんれつぶっしつ)
分裂性	(ぶんれつせい)
分溜	(ぶんりゅう)
分留	(ぶんりゅう)
分流	(ぶんりゅう)
分売	(ぶんばい)
分袂	(ぶんべい)
分泌	(ぶんぴつ,ぶんぴ)
分泌物	(ぶんぴつぶつ,ぶんぴぶつ)
分泌液	(ぶんぴつえき)
分娩	(ぶんべん)
分娩期	(ぶんべんき)
分娩時	(ぶんべんじ)
分娩臥床	(ぶんべんがしょう)
分娩作用	(ぶんべんさよう)
分秒	(ふんびょう)
分明	(ふんみょう,ぶんみょう,ぶんめい)
分母	(ぶんぼ)
分木	(ぶんぎ)
分目	(わけめ)
分納	(ぶんのう)
分派	(ぶんぱ)
分派主義	(ぶんぱしゅぎ)
分配	(ぶんぱい)
分配金	(ぶんぱいきん)
分配者	(ぶんぱいしゃ)
分岐	(ぶんき)
分岐点	(ぶんきてん)
分岐線	(ぶんきせん)
分岐駅	(ぶんきえき)
分遣	(ぶんけん)
分区	(ぶんく)
分権	(ぶんけん)
分譲	(ぶんじょう)
分譲地	(ぶんじょうち)
分散	(ぶんさん)
分散処理	(ぶんさんしょり)
分散投資	(ぶんさんとうし)
分散型	(ぶんさんがた)
分社	(ぶんしゃ)
分身	(ぶんしん,ふんじん)
分食	(ぶんしょく)
分蝕	(ぶんしょく)
分室	(ぶんしつ)
分署	(ぶんしょ)
分数	(ぶんすう)
分水界	(ぶんすいかい)
分水嶺	(ぶんすいれい)
分水山脈	(ぶんすいさんみゃく)
分水線	(ぶんすいせん)
分宿	(ぶんしゅく)
分体	(ぶんたい)
分銅	(ふんどう,ぶんどう,ふんどん)
分団	(ぶんだん)
分外	(ぶんがい)
分析	(ぶんせき)
分析表	(ぶんせきひょう)
分析化学	(ぶんせきかがく)
分析試験	(ぶんせきしけん)
分析学	(ぶんせきがく)
分轄	(ぶんかつ)
分限	(ぶげん,ぶんげん)
分限者	(ぶげんじゃ,ぶげんしゃ)
分県地図	(ぶんけんちず)
分校	(ぶんこう)
分煙	(ぶんえん)
分野	(ぶんや)
分液ろうと	(ぶんえきろうと,ぶんえきロート)
分液ロート	(ぶんえきろうと,ぶんえきロート)
分液漏斗	(ぶんえきろうと,ぶんえきロート)
分業	(ぶんぎょう)
分営	(ぶんえい)
分与	(ぶんよ)
分与税	(ぶんよぜい)
分院	(ぶんいん)
分載	(ぶんさい)
分掌	(ぶんしょう)
分針	(ふんしん)
分周	(ぶんしゅう)
分周回路	(ぶんしゅうかいろ)
分注	(ぶんちゅう)
分子	(ぶんし)
分子間力	(ぶんしかんりょく)
分子量	(ぶんしりょう)
分子説	(ぶんしせつ)
芬蘭	(フィンランド)
芬蘭土	(フィンランド)
紛い	(まがい)
紛らす	(まぎらす)
紛らわしい	(まぎらわしい)
紛らわす	(まぎらわす)
紛れる	(まぎれる)
紛れ当たり	(まぐれあたり)
紛れ込む	(まぎれこむ)
紛骨砕身	(ふんこつさいしん)
紛糾	(ふんきゅう)
紛失	(ふんしつ)
紛争	(ふんそう)
紛諍	(ふんそう)
雰囲気	(ふんいき,ふいんき)
焚きつける	(たきつける)
焚き出し	(たきだし)
焚き付ける	(たきつける)
焚き火	(たきび)
焚き木	(まき,たきぎ)
焚く	(たく)
焚出し	(たきだし)
焚付ける	(たきつける)
焚火	(たきび)
粉	(こな,こ)
粉じん	(ふんじん)
粉みじん	(こなみじん,こみじん)
粉ミルク	(こなミルク)
粉茶	(こちゃ,こなちゃ)
粉塵	(ふんじん)
粉々	(こなごな)
粉々に砕く	(こなごなにくだく)
粉粉	(こなごな)
粉粉に砕く	(こなごなにくだく)
粉骨砕身	(ふんこつさいしん)
粉米	(こごめ)
粉末	(ふんまつ)
粉乳	(ふんにゅう)
粉飾	(ふんしょく)
粉砕	(ふんさい)
粉体	(ふんたい)
粉微塵	(こなみじん,こみじん)
粉雪	(こなゆき,こゆき)
粉薬	(こなぐすり,こぐすり)
忿懣	(ふんまん)
忿怒	(ふんぬ,ふんど)
墳墓	(ふんぼ)
憤マン	(ふんまん)
憤まん	(ふんまん)
憤る	(いきどおる)
憤激	(ふんげき)
憤慨	(ふんがい)
憤懣	(ふんまん)
憤怒	(ふんぬ,ふんど)
奮いたつ	(ふるいたつ)
奮い立つ	(ふるいたつ)
奮い起こす	(ふるいおこす)
奮い起す	(ふるいおこす)
奮い起つ	(ふるいたつ)
奮う	(ふるう)
奮って	(ふるって)
奮闘	(ふんとう)
奮発	(ふんぱつ)
奮起	(ふんき)
奮起す	(ふるいおこす)
奮迅	(ふんじん)
奮戦	(ふんせん)
糞	(くそ,クソ)
糞みそに言う	(くそみそにいう)
糞便	(ふんべん)
糞度胸	(クソどきょう,くそどきょう)
糞溜	(くそだめ)
糞溜め	(くそだめ)
糞尿	(ふんにょう)
糞味噌にいう	(くそみそにいう)
糞味噌に言う	(くそみそにいう)
鱝	(えい,エイ)
封	(ふう)
封じこめる	(ふうじこめる)
封じ込む	(ふうじこむ)
封じ込める	(ふうじこめる)
封度	(ポンド)
封建	(ほうけん)
封建時代	(ほうけんじだい)
封建制度	(ほうけんせいど)
封切	(ふうきり)
封切り	(ふうきり)
封入	(ふうにゅう)
封殺	(ふうさつ)
封書	(ふうしょ)
封鎖	(ふうさ)
封筒	(ふうとう)
封印	(ふういん)
風	(ふり,フリ)
風あたり	(かぜあたり,かざあたり)
風ぐるま	(ふうしゃ,かざぐるま,カザグルマ)
風しん	(ふうしん)
風とおし	(かぜとおし,かざとおし)
風び	(ふうび)
風りん	(ふうりん)
風潮	(ふうちょう)
風車	(ふうしゃ,かざぐるま,カザグルマ)
風船	(ふうせん)
風刺	(ふうし)
風袋	(ふうたい)
風当たり	(かぜあたり,かざあたり)
風当り	(かぜあたり,かざあたり)
風格	(ふうかく)
風光絶佳	(ふうこうぜっか)
風化	(ふうか)
風紀	(ふうき)
風紀紊乱	(ふうきびんらん)
風景	(ふうけい)
風力	(ふうりょく)
風鈴	(ふうりん)
風流	(ふうりゅう,ふりゅう)
風呂	(ふろ)
風呂おけ	(ふろおけ)
風呂場	(ふろば)
風呂敷	(ふろしき)
風呂釜	(ふろがま)
風呂桶	(ふろおけ)
風呂屋	(ふろや)
風靡	(ふうび)
風琴	(ふうきん)
風情	(ふぜい,ふうじょう)
風上	(かざかみ)
風水	(ふうすい)
風俗	(ふうぞく,フーゾク)
風速	(ふうそく)
風太郎	(ぷうたろう,プーたろう,ふうたろう)
風体	(ふうてい,ふうたい)
風通し	(かぜとおし,かざとおし)
風土	(ふうど)
風土病	(ふうどびょう)
風聞	(ふうぶん)
風物	(ふうぶつ)
風習	(ふうしゅう)
風下	(かざしも)
風向き	(かざむき,かぜむき)
風邪	(かぜ,ふうじゃ)
風邪をひく	(かぜをひく)
風邪を引く	(かぜをひく)
風邪薬	(かぜぐすり,かざぐすり)
風穴	(かざあな,かぜあな)
風雪	(ふうせつ)
風雅	(ふうが)
風薬	(かぜぐすり,かざぐすり)
風雨	(ふうう)
風雲	(ふううん)
風疹	(ふうしん)
風致地区	(ふうちちく)
風姿	(ふうし)
峯	(みね)
峰	(みね)
峰打ち	(みねうち)
烽火	(のろし,ろうえん,ほうか)
楓子香	(ふうしこう)
蜂	(はち,ハチ)
蜂の巣	(はちのす,ハチノス)
蜂蜜	(はちみつ,はつみつ,ハチミツ)
瘋癲	(ふうてん,フーテン)
鋒	(ほこさき)
鋒先	(ほさき)
逢い引き	(あいびき)
逢う	(あう)
逢わせる	(あわせる)
逢瀬	(おうせ)
逢引	(あいびき)
逢引き	(あいびき)
逢着	(ほうちゃく)
縫い	(ぬい)
縫いぐるみ	(ぬいぐるみ,ヌイグルミ)
縫いつける	(ぬいつける)
縫いもの	(ぬいもの)
縫い包み	(ぬいぐるみ,ヌイグルミ)
縫い付ける	(ぬいつける)
縫い合せる	(ぬいあわせる)
縫い合わせる	(ぬいあわせる)
縫い目	(ぬいめ)
縫い物	(ぬいもの)
縫い込む	(ぬいこむ)
縫い針	(ぬいばり,ぬいはり)
縫う	(ぬう)
縫合	(ほうごう)
縫合せる	(ぬいあわせる)
縫合わせる	(ぬいあわせる)
縫目	(ぬいめ)
縫物	(ぬいもの)
縫針	(ぬいばり,ぬいはり)
諷刺	(ふうし)
諷諌	(ふうかん)
諷諫	(ふうかん)
奉げる	(ささげる)
奉じる	(ほうじる)
奉ずる	(ほうずる)
奉る	(たてまつる,まつる)
奉安	(ほうあん)
奉拝	(ほうはい)
奉幣使	(ほうへいし)
奉唱	(ほうしょう)
奉呈	(ほうてい)
奉持	(ほうじ)
奉伺	(ほうし)
奉答	(ほうとう)
奉戴	(ほうたい)
奉灯	(ほうとう)
奉燈	(ほうとう)
奉読	(ほうどく)
奉公	(ほうこう)
奉公口	(ほうこうぐち)
奉公人	(ほうこうにん)
奉公先	(ほうこうさき)
奉還	(ほうかん)
奉賀	(ほうが)
奉賀帳	(ほうがちょう)
奉加	(ほうが)
奉加帳	(ほうがちょう)
奉納	(ほうのう)
奉納額	(ほうのうがく)
奉納物	(ほうのうぶつ)
奉仕	(ほうし)
奉仕女	(ほうしめ)
奉仕者	(ほうししゃ)
奉書	(ほうしょ)
奉祀	(ほうし)
奉送	(ほうそう)
奉体	(ほうたい)
奉献	(ほうけん)
奉献式	(ほうけんしき)
奉献頌	(ほうけんしょう)
奉献物	(ほうけんぶつ)
奉行	(ぶぎょう)
奉迎	(ほうげい)
奉迎門	(ほうげいもん)
奉職	(ほうしょく)
奉祝	(ほうしゅく)
俸	(ほう)
俸給	(ほうきゅう)
俸給生活者	(ほうきゅうせいかつしゃ)
俸禄	(ほうろく)
俸祿	(ほうろく)
鳳	(ほう)
鳳凰	(ほうおう)
鳳駕	(ほうが)
鳳輦	(ほうれん)
鳳声	(ほうせい)
仏	(ほとけ,ホトケ)
仏さま	(ほとけさま)
仏トン	(ふつトン)
仏の顔も三度	(ほとけのかおもさんど)
仏参	(ぶっさん)
仏臭い	(ほとけくさい)
仏道	(ぶつどう)
仏典	(ぶってん)
仏殿	(ぶつでん)
仏頂面	(ぶっちょうづら)
仏頂尊勝	(ぶっちょうそんしょう)
仏噸	(ふつトン)
仏恩	(ぶつおん)
仏法	(ぶっぽう)
仏法僧	(ぶっぽうそう,ブッポウソウ)
仏閣	(ぶっかく)
仏工	(ぶっこう)
仏国	(ふっこく,ふつこく)
仏果	(ぶっか)
仏画	(ぶつが)
仏会	(ぶつえ)
仏貨	(ふっか)
仏跡	(ぶっせき)
仏家	(ぶっけ)
仏間	(ぶつま)
仏艦	(ふつかん)
仏教	(ぶっきょう)
仏教徒	(ぶっきょうと)
仏経	(ぶっきょう)
仏具	(ぶつぐ,ぶぐ)
仏力	(ぶつりき)
仏領	(ふつりょう)
仏門	(ぶつもん)
仏滅	(ぶつめつ)
仏名	(ぶつみょう)
仏気	(ほとけぎ)
仏器	(ぶっき)
仏前	(ぶつぜん)
仏僧	(ぶっそう)
仏刹	(ぶっさつ,ぶっせつ)
仏舎利	(ぶっしゃり)
仏生会	(ぶっしょうえ)
仏師	(ぶっし)
仏式	(ぶっしき)
仏事	(ぶつじ)
仏書	(ぶっしょ)
仏説	(ぶっせつ)
仏寺	(ぶつじ)
仏塔	(ぶっとう)
仏壇	(ぶつだん)
仏檀	(ぶつだん)
仏堂	(ぶつどう)
仏徒	(ぶっと)
仏屯	(ふつトン)
仏陀	(ブッダ,ぶっだ,ぶつだ)
仏文	(ふつぶん)
仏像	(ぶつぞう)
仏暁	(ふつぎょう,ふっきょう)
仏心	(ぶっしん)
仏性	(ぶっしょう)
仏学	(ぶつがく)
仏顔	(ほとけがお)
仏様	(ほとけさま)
仏印	(ふついん)
仏語	(ぶつご)
仏縁	(ぶつえん)
仏葬	(ぶっそう)
仏者	(ぶっしゃ)
仏祖	(ぶっそ)
仏座	(ぶつざ)
缶	(かん,カン)
缶きり	(かんきり)
缶ジュース	(かんジュース)
缶詰	(かんづめ)
缶詰め	(かんづめ)
缶切	(かんきり)
缶切り	(かんきり)
否か応か	(ひかおうか)
否でも応でも	(いやでもおうでも)
否む	(いやむ)
否めない	(いなめない)
否や	(いなや)
否定	(ひてい)
否定的	(ひていてき)
否定文	(ひていぶん)
否定応答	(ひていおうとう)
否定語	(ひていご)
否々	(いやいや,いえいえ)
否否	(いやいや,いえいえ)
否々乍ら	(いやいやながら)
否否乍ら	(いやいやながら)
否決	(ひけつ)
否認	(ひにん)
否応	(いやおう)
否応なし	(いやおうなし)
否応なしに	(いやおうなしに)
否応無し	(いやおうなし)
否応無しに	(いやおうなしに)
否運	(ひうん)
夫	(おっと)
夫の君	(せのきみ)
夫れ夫れ	(それぞれ)
夫々	(それぞれ)
夫夫	(それぞれ)
夫婦	(ふうふ)
夫婦ゲンカ	(ふうふげんか,ふうふゲンカ)
夫婦げんか	(ふうふげんか,ふうふゲンカ)
夫婦別れ	(ふうふわかれ)
夫婦共稼ぎ	(ふうふともかせぎ)
夫婦連れ	(ふうふづれ,めおとづれ,みょうとづれ)
夫婦生活	(ふうふせいかつ)
夫婦喧嘩	(ふうふげんか,ふうふゲンカ)
夫婦約束	(ふうふやくそく)
夫婦仲	(ふうふなか)
夫君	(ふくん)
夫妻	(ふさい)
夫権	(ふけん)
夫人	(ふじん,ぶにん)
夫役	(ふえき,ぶえき,ぶやく)
夫子	(ふうし)
麸	(ふすま)
麸質	(ふしつ)
趺坐	(あぐら)
孵す	(かえす)
孵る	(かえる)
孵化	(ふか)
孵化器	(ふかき)
孵卵	(ふらん)
孵卵機	(ふらんき)
孵卵器	(ふらんき)
麩	(ふすま)
麩質	(ふしつ)
敷き布団	(しきぶとん)
敷き蒲団	(しきぶとん)
敷く	(しく)
敷布	(しきふ)
敷布団	(しきぶとん)
敷地	(しきち)
敷金	(しききん)
敷居	(しきい,しきみ,しき)
敷蒲団	(しきぶとん)
敷設	(ふせつ)
膚	(はだ,はだえ)
膚触り	(はだざわり)
膚寒い	(はださむい,はだざむい)
膚色	(はだいろ)
膚着	(はだぎ,はだぎぬ)
麬	(ふすま)
弗	(ドル)
弗化水素酸	(ふっかすいそさん)
弗化物	(フッかぶつ,ふっかぶつ)
弗素	(ふっそ,フッソ)
伏して	(ふして)
伏し拝む	(ふしおがむ)
伏し倒れる	(ふしたおれる)
伏し目	(ふしめ)
伏す	(ふす)
伏する	(ふくする)
伏せる	(ふせる)
伏せ縫い	(ふせぬい)
伏せ籠	(ふせご,ふせかご)
伏せ勢	(ふくぜい,ふせぜい)
伏せ樋	(ふせどい)
伏せ屋	(ふせや)
伏せ字	(ふせじ)
伏兵	(ふくへい)
伏縫	(ふせぬい)
伏魔殿	(ふくまでん)
伏目	(ふしめ)
伏射	(ふくしゃ)
伏射濠	(ふくしゃごう)
伏勢	(ふくぜい,ふせぜい)
伏水	(ふくすい)
伏樋	(ふせどい)
伏屋	(ふせや)
伏線	(ふくせん)
伏在	(ふくざい)
伏字	(ふせじ)
伏奏	(ふくそう)
扶ける	(たすける)
扶持	(ふち)
扶養	(ふよう)
扶養料	(ふようりょう)
扶養義務	(ふようぎむ)
扶助	(ふじょ)
佛	(ほとけ,ホトケ)
佛國	(ふっこく,ふつこく)
佛教	(ぶっきょう)
佛陀	(ブッダ,ぶっだ,ぶつだ)
佛像	(ぶつぞう)
佛語	(ふつご)
服	(ふく)
服従	(ふくじゅう)
服毒	(ふくどく)
服紗	(ふくさ)
服飾	(ふくしょく)
服薬	(ふくやく)
服役	(ふくえき)
服用	(ふくよう)
服装	(ふくそう)
俘虜	(ふりょ)
俘虜収容所	(ふりょしゅうようじょ)
祓	(はらい,はらえ)
祓い	(はらい,はらえ)
祓い清める	(はらいきよめる)
浮かない顔	(うかないかお)
浮かぬ顔	(うかぬかお)
浮かびあがる	(うかびあがる)
浮かび上がる	(うかびあがる)
浮かぶ	(うかぶ)
浮かべる	(うかべる)
浮かれる	(うかれる)
浮かれ歩く	(うかれあるく)
浮き	(うき)
浮きあがる	(うきあがる)
浮き袋	(うきぶくろ,ふのう)
浮き彫	(うきぼり)
浮き彫り	(うきぼり)
浮き浮き	(ウキウキ,うきうき,ウッキウキ)
浮き立つ	(うきたつ)
浮き嚢	(うきぶくろ,ふのう)
浮き上がる	(うきあがる)
浮き上る	(うきあがる)
浮き世	(うきよ,ふせい)
浮く	(うく)
浮つく	(うわつく)
浮びあがる	(うかびあがる)
浮び上がる	(うかびあがる)
浮ぶ	(うかぶ)
浮べる	(うかべる)
浮れ歩く	(うかれあるく)
浮わつく	(うわつく)
浮標	(ふひょう)
浮袋	(うきぶくろ,ふのう)
浮彫	(うきぼり)
浮彫り	(うきぼり)
浮動	(ふどう)
浮動小数点	(ふどうしょうすうてん)
浮動小数点演算機構	(ふどうしょうすうてんえんざんきこう)
浮付く	(うわつく)
浮浪	(ふろう)
浮浪者	(ふろうしゃ)
浮力	(ふりょく)
浮嚢	(うきぶくろ,ふのう)
浮気	(うわき)
浮気女	(うわきおんな)
浮気者	(うわきもの)
浮氣	(うわき)
浮上	(ふじょう)
浮上がる	(うきあがる)
浮世	(うきよ,ふせい)
浮世絵	(うきよえ)
浮揚	(ふよう)
浮腫	(むくみ)
浮腫み	(むくみ)
浮腫む	(むくむ)
浮子	(うき)
桴	(ばち,バチ)
符牒	(ふちょう)
符丁	(ふちょう)
符号	(ふごう)
符号化	(ふごうか)
符号器	(ふごうき)
符号無し	(ふごうなし)
符合	(ふごう)
符帳	(ふちょう)
匐行疹	(ふくこうしん)
袱紗	(ふくさ)
幅	(はば)
幅が利く	(はばがきく)
幅とび	(はばとび)
幅の広い	(はばのひろい)
幅飛び	(はばとび)
幅広	(はばびろ)
幅広い	(はばひろい)
幅跳び	(はばとび)
蜉蝣	(かげろう,カゲロウ)
鳧	(かも,カモ)
艀	(はしけ)
福	(ふく)
福島県	(ふくしまけん)
福島縣	(ふくしまけん)
福岡県	(ふくおかけん)
福岡縣	(ふくおかけん)
福井県	(ふくいけん)
福井縣	(ふくいけん)
福来朗	(ふくろう,フクロウ)
福老	(ふくろう,フクロウ)
福利	(ふくり)
福笑い	(ふくわらい)
福音	(ふくいん)
福引	(ふくびき)
福引き	(ふくびき)
福祉	(ふくし,ふくち)
福祉国家	(ふくしこっか)
福祉機器	(ふくしきき)
輻湊	(ふくそう)
輻輳	(ふくそう)
輻射	(ふくしゃ)
輻射点	(ふくしゃてん)
甫めて	(はじめて)
斧	(おの)
府庁	(ふちょう)
府県	(ふけん)
府知事	(ふちじ)
府中	(ふちゅう)
俯き	(うつむき)
俯きがち	(うつむきがち)
俯く	(うつむく)
俯け	(うつむけ)
俯ける	(うつむける)
俯す	(うつぶす)
俯せ	(うつぶせ)
俯伏	(ふふく)
俯伏す	(うつぶす)
俯角	(ふかく)
俯瞰	(ふかん)
俯瞰図	(ふかんず)
俯向く	(うつむく)
俯向け	(うつむけ)
俯向ける	(うつむける)
俯仰	(ふぎょう)
俯仰角	(ふぎょうかく)
釜	(かま)
釜を掘る	(かまをほる)
腑抜け	(ふぬけ)
腑甲斐ない	(ふがいない)
腑甲斐無い	(ふがいない)
輔弼	(ほひつ)
輔導	(ほどう)
輔翼	(ほよく)
輔助	(ほじょ)
輔佐	(ほさ)
腐す	(くさす)
腐らす	(くさらす)
腐り果てる	(くさりはてる)
腐る	(くさる)
腐れる	(くされる)
腐れ縁	(くされえん)
腐敗	(ふはい)
腐肉	(ふにく)
腐食	(ふしょく)
腐蝕	(ふしょく)
腐心	(ふしん)
腐朽	(ふきゅう)
撫であげる	(なであげる)
撫でつけ	(なでつけ)
撫でつける	(なでつける)
撫でまわす	(なでまわす)
撫でる	(なでる)
撫で付け	(なでつけ)
撫で付ける	(なでつける)
撫で回す	(なでまわす)
撫で廻す	(なでまわす)
撫で切り	(なでぎり)
撫で上げる	(なであげる)
撫で下す	(なでおろす)
撫で下ろす	(なでおろす)
撫で斬り	(なでぎり)
撫育	(ぶいく)
父	(ちち,ちゃん,てて)
父の日	(ちちのひ)
父方	(ちちかた)
父母	(ふぼ,ちちはは,ててはは)
父親	(ちちおや,てておや)
父上	(ちちうえ)
父系	(ふけい)
父兄	(ふけい)
父兄会	(ふけいかい)
父子	(ふし)
付	(づけ)
付いていく	(ついていく,ついてゆく)
付いてゆく	(ついていく,ついてゆく)
付いて行く	(ついていく,ついてゆく)
付かず離れず	(つかずはなれず)
付かせる	(つかせる)
付かたり	(つかたり)
付かぬ事	(つかぬこと)
付き	(つき,づき,ツキ)
付きあう	(つきあう)
付ききり	(つききり)
付きっきり	(つきっきり)
付きっ切り	(つきっきり)
付きまとう	(つきまとう)
付きもの	(つきもの)
付き纏う	(つきまとう)
付き従う	(つきしたがう)
付き合い	(つきあい)
付き合う	(つきあう)
付き馬	(つきうま)
付き切り	(つききり)
付き切る	(つききる)
付き随う	(つきしたがう)
付き添い	(つきそい)
付き添い婦	(つきそいふ)
付き添い人	(つきそいにん)
付き添う	(つきそう)
付き物	(つきもの)
付き者	(つきもの)
付く	(つく)
付け	(づけ)
付けあわせ	(つけあわせ)
付けかえる	(つけかえる)
付けくわえる	(つけくわえる)
付けこむ	(つけこむ)
付けどころ	(つけどころ)
付けなおす	(つけなおす)
付けねらう	(つけねらう)
付けひげ	(つけひげ)
付けぼくろ	(つけぼくろ)
付けまげ	(つけまげ)
付けまつげ	(つけまつげ)
付けまわす	(つけまわす)
付ける	(つける,ツケる)
付け鼻	(つけばな)
付け不足	(つけぶそく)
付け出し	(つけだし)
付け出す	(つけだす)
付け髪	(つけがみ)
付け根	(つけね)
付け掛け	(つけかけ)
付け合せ	(つけあわせ)
付け合せる	(つけあわせる)
付け合わせ	(つけあわせ)
付け合わせる	(つけあわせる)
付け黒子	(つけぼくろ)
付け換える	(つけかえる)
付け回す	(つけまわす)
付け回る	(つけまわる)
付け火	(つけび)
付け加え	(つけくわえ)
付け加える	(つけくわえる)
付け加えると	(つけくわえると)
付け睫毛	(つけまつげ)
付け届け	(つけとどけ)
付け景気	(つけげいき)
付け狙う	(つけねらう)
付け落ち	(つけおち)
付け落とし	(つけおとし)
付け馬	(つけうま)
付け目	(つけめ)
付け紐	(つけひも)
付け髷	(つけまげ)
付け人	(つけびと)
付け入る	(つけいる)
付け上がる	(つけあがる)
付け上る	(つけあがる)
付け焼き	(つけやき)
付け焼き刃	(つけやきば)
付け焼刃	(つけやきば)
付け所	(つけどころ)
付け替え	(つけかえ)
付け替える	(つけかえる)
付け文	(つけぶみ)
付け薬	(つけぐすり)
付け込み	(つけこみ)
付け込む	(つけこむ)
付け元気	(つけげんき)
付け札	(つけふだ)
付け知恵	(つけぢえ,つけじえ)
付け直す	(つけなおす)
付け値	(つけね)
付け紙	(つけがみ)
付け髭	(つけひげ)
付け足し	(つけたし)
付け足す	(つけたす)
付する	(ふする)
付せん	(ふせん)
付っ切り	(つっきり)
付表	(ふひょう)
付出し	(つけだし)
付従う	(つきしたがう)
付帯	(ふたい)
付帯犯	(ふたいはん)
付帯費用	(ふたいひよう)
付帯事項	(ふたいじこう)
付髪	(つけがみ)
付根	(つけね)
付合い	(つきあい)
付合う	(つきあう)
付合わせる	(つけあわせる)
付和	(ふわ)
付和雷同	(ふわらいどう)
付回す	(つけまわす)
付会	(ふかい)
付記	(ふき)
付加	(ふか)
付加え	(つけくわえ)
付加える	(つけくわえる)
付加税	(ふかぜい)
付加価値サービス	(ふかかちサービス)
付加価値税	(ふかかちぜい)
付箋	(ふせん)
付届	(つけとどけ)
付届け	(つけとどけ)
付近	(ふきん)
付狙う	(つけねらう)
付録	(ふろく)
付落	(つけおち)
付落ち	(つけおち)
付落とし	(つけおとし)
付馬	(つけうま)
付人	(つけびと)
付入る	(つけいる)
付上がる	(つけあがる)
付焼き刃	(つけやきば)
付焼刃	(つけやきば)
付属	(ふぞく)
付属もの	(ふぞくぶつ)
付属節	(ふぞくせつ)
付属品	(ふぞくひん)
付属書	(ふぞくしょ)
付属物	(ふぞくぶつ)
付属語	(ふぞくご)
付随	(ふずい)
付随現象	(ふずいげんしょう)
付所	(つけどころ)
付替	(つけかえ)
付替え	(つけかえ)
付替える	(つけかえる)
付添	(つきそい)
付添い	(つきそい)
付添い人	(つきそいにん)
付添う	(つきそう)
付添婦	(つきそいふ)
付添人	(つきそいにん)
付図	(ふず)
付託	(ふたく)
付物	(つきもの)
付言	(ふげん)
付議	(ふぎ)
付与	(ふよ)
付則	(ふそく)
付札	(つけふだ)
付着	(ふちゃく)
付直す	(つけなおす)
付値	(つけね)
付注	(ふちゅう)
付註	(ふちゅう)
付子	(ふし,ごばいし)
付足し	(つけたし)
付足す	(つけたす)
附く	(つく)
附け	(つけ,ツケ)
附ける	(つける,ツケる)
附する	(ふする)
附表	(ふひょう)
附帯	(ふたい)
附根	(つけね)
附和雷同	(ふわらいどう)
附会	(ふかい)
附記	(ふき)
附加	(ふか)
附箋	(ふせん)
附屆	(つけとどけ)
附近	(ふきん)
附録	(ふろく)
附属	(ふぞく)
附属品	(ふぞくひん)
附属物	(ふぞくぶつ)
附随	(ふずい)
附添い	(つきそい)
附図	(ふず)
附託	(ふたく)
附言	(ふげん)
附議	(ふぎ)
附与	(ふよ)
附則	(ふそく)
附着	(ふちゃく)
附注	(ふちゅう)
附註	(ふちゅう)
附子	(ふし,ごばいし)
阜頭	(ふとう)
赴く	(おもむく)
赴任	(ふにん)
赴任地	(ふにんち)
負	(ふ)
負う	(おう)
負かす	(まかす)
負け	(まけ)
負けじ魂	(まけじだましい)
負ける	(まける)
負けん気	(まけんき)
負け軍	(まけいくさ)
負け犬	(まけいぬ)
負け惜しみ	(まけおしみ)
負け越し	(まけこし)
負け戦	(まけいくさ)
負んぶ	(おんぶ,オンブ)
負んぶに抱っこ	(おんぶにだっこ)
負担	(ふたん)
負符号	(ふふごう)
負号	(ふごう)
負荷	(ふか)
負傷	(ふしょう)
負傷者	(ふしょうしゃ)
負惜しみ	(まけおしみ)
負性	(ふせい)
負債	(ふさい)
負債合計	(ふさいごうけい)
訃報	(ふほう)
訃音	(ふおん,ふいん)
副	(ふく)
副う	(そう)
副える	(そえる)
副本	(ふくほん)
副産物	(ふくさんぶつ)
副尺	(ふくしゃく)
副詞	(ふくし)
副次的	(ふくじてき)
副大統領	(ふくだいとうりょう)
副抵当	(ふくていとう)
副読本	(ふくとくほん,ふくどくほん)
副官	(ふくかん,ふっかん)
副虹	(ふくにじ,ふくこう)
副会長	(ふくかいちょう)
副見出し	(ふくみだし)
副将	(ふくしょう)
副領事	(ふくりょうじ)
副木	(ふくぼく)
副牧師	(ふくぼくし)
副賞	(ふくしょう)
副社長	(ふくしゃちょう)
副審	(ふくしん)
副腎	(ふくじん)
副食	(ふくしょく)
副食物	(ふくしょくぶつ)
副使	(ふくし)
副収入	(ふくしゅうにゅう)
副手	(ふくしゅ)
副首相	(ふくしゅしょう)
副書	(ふくしょ)
副署	(ふくしょ)
副司令	(ふくしれい)
副題	(ふくだい)
副業	(ふくぎょう)
副議長	(ふくぎちょう)
副因	(ふくいん)
副葬品	(ふくそうひん)
副作用	(ふくさよう)
冨有	(ふゆう)
婦	(よめ)
婦長	(ふちょう)
婦警	(ふけい)
婦女	(ふじょ)
婦女子	(ふじょし)
婦人	(ふじん)
婦人服	(ふじんふく)
婦人科	(ふじんか)
婦人科学	(ふじんかがく)
婦人科医	(ふじんかい)
傅	(めのと,ふ)
傅く	(かしずく,かしづく)
傅育	(ふいく)
復	(また)
復しゅう	(ふくしゅう)
復る	(かえる)
復唱	(ふくしょう)
復仇	(ふっきゅう,ふくきゅう)
復讐	(ふくしゅう)
復讎	(ふくしゅう)
復調	(ふくちょう)
復々	(またまた)
復復	(またまた)
復改	(ふっかい)
復古	(ふっこ)
復帰	(ふっき)
復活	(ふっかつ,ふっかーつ)
復旧	(ふっきゅう)
復刊	(ふっかん)
復刻	(ふっこく)
復路	(ふくろ)
復権	(ふっけん,ふくけん)
復数	(ふくすう)
復誦	(ふくしょう)
復習	(ふくしゅう)
復習う	(さらう)
復習える	(さらえる)
復習文	(ふくしゅうぶん)
復興	(ふっこう)
復元	(ふくげん)
復原	(ふくげん)
復職	(ふくしょく)
復製	(ふくせい)
富	(とみ)
富み	(とみ)
富む	(とむ)
富貴	(ふうき,ふっき)
富豪	(ふごう)
富力	(ふりょく)
富強	(ふきょう,ふうきょう)
富栄養化	(ふえいようか)
富山県	(とやまけん)
富山縣	(とやまけん)
富士山	(ふじさん,ふじやま)
富有	(ふゆう)
富祐	(ふゆう)
富裕	(ふゆう)
富者	(ふしゃ,ふうしゃ)
腹	(はら)
腹だたしい	(はらだたしい)
腹ばい	(はらばい)
腹案	(ふくあん)
腹部	(ふくぶ)
腹黒い	(はらぐろい)
腹話術	(ふくわじゅつ)
腹筋	(ふっきん,ふくきん,はらすじ)
腹巻	(はらまき)
腹巻き	(はらまき)
腹立たしい	(はらだたしい)
腹立ち	(はらだち)
腹膜	(ふくまく)
腹膜炎	(ふくまくえん)
腹切	(はらきり)
腹切り	(はらきり)
腹上死	(ふくじょうし)
腹痛	(ふくつう,はらいた)
腹違い	(はらちがい)
腹笑い	(ふくわらい)
腹心	(ふくしん)
腹這い	(はらばい)
複本	(ふくほん)
複合	(ふくごう)
複合媒体	(ふくごうばいたい)
複合語	(ふくごうご)
複刻	(ふっこく)
複利	(ふくり)
複式	(ふくしき)
複数	(ふくすう)
複数個	(ふくすうこ)
複数回	(ふくすうかい)
複素数	(ふくそすう)
複写	(ふくしゃ)
複眼	(ふくがん)
複葉機	(ふくようき)
複雑	(ふくざつ)
複雑さ	(ふくざつさ)
複雑化	(ふくざつか)
複製	(ふくせい)
賦る	(くばる)
賦課	(ふか)
賦税	(ふぜい)
賦役	(ふえき,ぶえき,ぶやく)
賦与	(ふよ)
鮒	(ふな,フナ)
縛りあげる	(しばりあげる)
縛りつける	(しばりつける)
縛り付ける	(しばりつける)
縛り上げる	(しばりあげる)
縛り首	(しばりくび)
縛り込む	(しばりこむ)
縛る	(しばる)
覆い	(おおい)
覆う	(おおう)
覆す	(くつがえす)
覆る	(くつがえる)
覆刻	(ふっこく)
覆面	(ふくめん)
覆水盆に返らず	(ふくすいぼんにかえらず)
覆水盆に帰らず	(ふくすいぼんにかえらず)
鰒	(ふぐ,ふく,ふくべ)
伽	(とぎ)
伽草子	(とぎぞうし)
伽藍	(がらん)
伽藍鳥	(がらんちょう)
伽藍堂	(がらんどう)
伽羅	(きゃら)
伽芝居	(とぎしばい)
垓	(がい)
該博	(がいはく)
該博な知識	(がいはくなちしき)
該当	(がいとう,かくとう)
該当者	(がいとうしゃ)
改ざん	(かいざん)
改まる	(あらたまる)
改めて	(あらためて)
改める	(あらためる)
改版	(かいはん)
改編	(かいへん)
改変	(かいへん)
改称	(かいしょう)
改竄	(かいざん)
改定	(かいてい,かいじょう)
改定版	(かいていばん)
改訂	(かいてい)
改訂版	(かいていばん)
改悪	(かいあく)
改廃	(かいはい)
改革	(かいかく)
改革案	(かいかくあん)
改革過程	(かいかくかてい)
改暦	(かいれき)
改良	(かいりょう)
改良点	(かいりょうてん)
改名	(かいめい,かいみょう)
改善	(かいぜん)
改題	(かいだい)
改憲	(かいけん)
改心	(かいしん)
改新	(かいしん)
改行	(かいぎょう)
改姓	(かいせい)
改修	(かいしゅう)
改選	(かいせん)
改訳	(かいやく)
改印	(かいいん)
改葬	(かいそう)
改造	(かいぞう)
改札	(かいさつ)
改札鋏	(かいさつはさみ)
改札口	(かいさつぐち)
改正	(かいせい)
改正案	(かいせいあん)
改鋳	(かいちゅう)
改築	(かいちく)
改装	(かいそう)
改宗	(かいしゅう)
改組	(かいそ)
改作	(かいさく)
蓋	(ふた,フタ)
蓋う	(おおう)
蓋し	(けだし)
蓋然性	(がいぜんせい)
概して	(がいして)
概ね	(おおむね)
概観	(がいかん)
概況	(がいきょう)
概括	(がいかつ)
概論	(がいろん)
概略	(がいりゃく)
概念	(がいねん)
概評	(がいひょう)
概数	(がいすう)
概説	(がいせつ)
概算	(がいさん)
概要	(がいよう)
甘い	(あまい)
甘い小説	(あまいしょうせつ)
甘え	(あまえ)
甘えっ子	(あまえっこ)
甘える	(あまえる)
甘く	(うまく)
甘ぐり	(あまぐり)
甘く見る	(あまくみる)
甘ったるい	(あまったるい)
甘み	(あまみ)
甘やかす	(あまやかす)
甘草	(かんぞう)
甘党	(あまとう)
甘酒	(あまざけ)
甘橘類	(かんきつるい)
甘口	(あまくち)
甘栗	(あまぐり)
甘露	(かんろ)
甘美	(かんび)
甘受	(かんじゅ)
甘薯	(さつまいも,かんしょ,サツマイモ)
甘味	(あまみ)
甘味料	(かんみりょう)
甘言	(かんげん)
甘言は偶人を喜ばす	(かんげんはぐうじんをよろこばす)
甘藷	(さつまいも,かんしょ,サツマイモ)
甘子	(あまご,アマゴ)
甘酢	(あまず)
杆菌	(かんきん)
肝	(きも,たん,キモ)
肝銘	(かんめい)
肝腎	(かんじん)
肝所	(かんどころ)
肝心	(かんじん)
肝炎	(かんえん)
肝要	(かんよう)
肝硬変	(かんこうへん)
肝油	(かんゆ)
肝臓	(かんぞう)
坩堝	(るつぼ,かんか)
柑橘類	(かんきつるい)
竿	(さお)
竿竹	(さおだけ)
疳高い	(かんだかい)
疳癪	(かんしゃく)
桿菌	(かんきん)
敢えて	(あえて)
敢えなく	(あえなく)
敢え無く	(あえなく)
敢て	(あえて)
敢闘	(かんとう)
敢然	(かんぜん)
敢無く	(あえなく)
敢行	(かんこう)
感じ	(かんじ)
感じとる	(かんじとる)
感じる	(かんじる)
感じ取る	(かんじとる)
感づく	(かんづく)
感触	(かんしょく)
感電	(かんでん)
感動	(かんどう)
感動詞	(かんどうし)
感度	(かんど)
感度良好	(かんどりょうこう)
感服	(かんぷく)
感付く	(かんづく)
感概	(かんがい)
感光	(かんこう)
感化	(かんか)
感激	(かんげき)
感覚	(かんかく)
感慨	(かんがい)
感慨無量	(かんがいむりょう)
感涙	(かんるい)
感冒	(かんぼう)
感銘	(かんめい)
感泣	(かんきゅう)
感情	(かんじょう)
感情表現	(かんじょうひょうげん)
感情移入	(かんじょういにゅう)
感染	(かんせん)
感傷	(かんしょう)
感受性	(かんじゅせい)
感嘆	(かんたん)
感嘆詞	(かんたんし)
感嘆符	(かんたんふ)
感歎	(かんたん)
感歎詞	(かんたんし)
感歎符	(かんたんふ)
感無量	(かんむりょう)
感想	(かんそう)
感謝	(かんしゃ)
感心	(かんしん)
感心を買う	(かんしんをかう)
感性	(かんせい)
感興	(かんきょう)
感応	(かんのう,かんおう)
感知	(かんち)
感知器	(かんちき)
干	(ほし)
干からびる	(ひからびる)
干し	(ほし)
干しブドウ	(ほしぶどう)
干しぶどう	(ほしぶどう)
干し草	(ほしくさ,ほしぐさ)
干し固める	(ほしかためる)
干し海苔	(ほしのり)
干し葡萄	(ほしぶどう)
干し物	(ほしもの)
干し魚	(ほしうお,ほしいお)
干す	(ほす)
干ばつ	(かんばつ)
干ぼし	(ひぼし)
干る	(ひる)
干魃	(かんばつ)
干草	(ほしくさ,ほしぐさ)
干菓子	(ひがし)
干海苔	(ほしのり)
干害	(かんがい)
干涸びる	(ひからびる)
干満	(かんまん)
干瓢	(かんぴょう)
干乾し	(ひぼし)
干乾びる	(ひからびる)
干上がる	(ひあがる)
干渉	(かんしょう)
干拓	(かんたく)
干天	(かんてん)
干物	(ほしもの)
干潟	(ひがた)
干魚	(ほしうお,ほしいお)
干与	(かんよ)
紺	(こん)
紺碧	(こんぺき)
紺地	(こんじ)
紺青	(こんじょう)
紺色	(こんいろ)
紺屋	(こうや,こんや)
骭	(かん)
幹	(みき)
幹部	(かんぶ)
幹部会	(かんぶかい)
幹理	(かんり)
幹流	(かんりゅう)
幹事	(かんじ)
幹事長	(かんじちょう)
幹事会	(かんじかい)
幹線	(かんせん)
幹線道路	(かんせんどうろ)
幹竹割り	(からたけわり)
肛門	(こうもん)
岡	(おか)
岡場所	(おかばしょ)
岡持ち	(おかもち)
岡釣	(おかづり)
岡釣り	(おかづり)
岡辺	(おかべ)
岡惚	(おかぼれ)
岡惚れ	(おかぼれ)
岡目	(おかめ)
岡目八目	(おかめはちもく)
岡山県	(おかやまけん)
岡山縣	(おかやまけん)
岡焼き	(おかやき)
剛い	(つよい)
剛の者	(ごうのもの,こうのもの)
剛胆	(ごうたん)
剛腹	(ごうふく)
剛果	(ごうか)
剛健	(ごうけん)
剛力	(ごうりき)
剛毛	(ごうもう)
剛気	(ごうき)
剛強	(ごうきょう)
剛情	(ごうじょう)
剛球	(ごうきゅう)
剛体	(ごうたい)
剛性	(ごうせい)
剛毅	(ごうき)
剛臆	(ごうおく)
剛勇	(ごうゆう)
剛直	(ごうちょく)
綱	(つな)
綱わたり	(つなわたり)
綱渡り	(つなわたり)
綱紀	(こうき)
綱紀粛正	(こうきしゅくせい)
綱領	(こうりょう)
綱麻	(おうま,つなそ,こうま)
綱要	(こうよう)
綱曳	(つなひき)
綱曳き	(つなひき)
綱引	(つなひき)
綱引き	(つなひき)
鋼	(はがね,こう)
鋼板	(こうはん,こうばん)
鋼鈑	(こうはん,こうばん)
鋼材	(こうざい)
鋼管	(こうかん)
鋼索	(こうさく)
鋼鉄	(こうてつ)
鋼線	(こうせん)
鋼玉	(こうぎょく)
港	(みなと)
港町	(みなとまち)
港街	(みなとまち)
港口	(こうこう)
港内	(こうない)
港湾	(こうわん)
港湾労働者	(こうわんろうどうしゃ)
高い	(たかい,たかーい,たっけー)
高が	(たかが)
高さ	(たかさ)
高びしゃ	(たかびしゃ)
高ぶる	(たかぶる)
高まる	(たかまる)
高み	(たかみ)
高める	(たかめる)
高波	(たかなみ)
高層	(こうそう)
高層建築	(こうそうけんちく)
高潮	(こうちょう)
高次	(こうじ)
高大	(こうだい)
高地	(こうち)
高等	(こうとう)
高等学校	(こうとうがっこう)
高低	(こうてい,たかひく)
高電位	(こうでんい)
高度	(こうど)
高度成長	(こうどせいちょう)
高額	(こうがく)
高飛車	(たかびしゃ)
高分子	(こうぶんし)
高峰	(こうほう)
高感度	(こうかんど)
高々	(たかだか)
高高	(たかだか)
高ーい	(たかい,たかーい,たっけー)
高給	(こうきゅう)
高官	(こうかん)
高関税化	(こうかんぜいか)
高貴	(こうき)
高機能	(こうきのう)
高級	(こうきゅう)
高級品	(こうきゅうひん)
高架	(こうか)
高見	(こうけん)
高潔	(こうけつ)
高精度	(こうせいど)
高圧	(こうあつ)
高圧縮	(こうあっしゅく)
高空	(こうくう,たかぞら)
高覧	(こうらん)
高浪	(たかなみ)
高麗犬	(こまいぬ)
高齢	(こうれい)
高楼	(こうろう)
高密	(こうみつ)
高密度	(こうみつど)
高名	(こうめい,こうみょう)
高鳴り	(たかなり)
高配	(こうはい)
高頻度	(こうひんど)
高品質	(こうひんしつ)
高評	(こうひょう)
高気圧	(こうきあつ)
高然	(こうぜん)
高熱	(こうねつ)
高僧	(こうそう)
高山	(こうざん)
高山病	(こうざんびょう)
高尚	(こうしょう)
高射砲	(こうしゃほう)
高射特科	(こうしゃとっか)
高水準	(こうすいじゅん)
高価	(こうか)
高価い	(たかい,たかーい,たっけー)
高速	(こうそく)
高速道路	(こうそくどうろ)
高速演算機構	(こうそくえんざんきこう)
高所病	(こうしょびょう)
高所恐怖症	(こうしょきょうふしょう)
高台	(たかだい)
高騰	(こうとう)
高位	(こうい)
高温	(こうおん)
高校	(こうこう)
高校生	(こうこうせい)
高笑い	(たかわらい)
高信頼性	(こうしんらいせい)
高性能	(こうせいのう)
高血圧	(こうけつあつ)
高血圧症	(こうけつあつしょう)
高揚	(こうよう)
高野豆腐	(こうやどうふ)
高宜	(こうぎ)
高誼	(こうぎ)
高音	(こうおん,たかね)
高原	(こうげん)
高知県	(こうちけん)
高知縣	(こうちけん)
高値	(たかね)
高値引け	(たかねびけ)
高周波	(こうしゅうは)
高専	(こうせん)
高姿勢	(こうしせい)
高卒	(こうそつ)
羔	(こひつじ)
皐月	(さつき,サツキ)
皐月晴れ	(さつきばれ)
睾丸	(こうがん)
膏	(あぶら)
膏汗	(あぶらあせ)
膏薬	(こうやく,あぶらぐすり)
稿	(こう)
稿本	(こうほん)
稿料	(こうりょう)
縞	(しま)
縞馬	(シマウマ,しまうま)
縞蛇	(しまへび,シマヘビ)
藁	(わら,ワラ)
藁ぶき	(わらぶき)
藁半紙	(わらばんし,ワラばんし)
藁苞	(わらづと)
藁沓	(わらぐつ)
藁履	(わらぐつ)
藁葺	(わらぶき)
藁葺き	(わらぶき)
藁靴	(わらぐつ)
藁紙	(わらがみ)
告げる	(つげる)
告げ口	(つげぐち)
告白	(こくはく)
告別	(こくべつ)
告別ミサ	(こくべつミサ)
告別式	(こくべつしき)
告辞	(こくじ)
告達	(こくたつ)
告発	(こくはつ)
告口	(つげぐち)
告示	(こくじ)
告訴	(こくそ)
告愬	(こくそ)
告天子	(ひばり,こくてんし,こうてんし)
告知	(こくち)
戈	(ほこ,とかり)
咯血	(かっけつ)
哥倫比亜	(コロンビア)
哥沢	(うたざわ)
割	(わり)
割く	(さく)
割ぐり石	(わりぐりいし)
割ける	(さける)
割に	(わりに)
割ふる	(わりふる)
割ぽう	(かっぽう)
割ぽう着	(かっぽうぎ)
割り	(わり)
割りかた	(わりかた)
割りきれない	(わりきれない)
割りぐり石	(わりぐりいし)
割りこむ	(わりこむ)
割りだす	(わりだす)
割りつける	(わりつける)
割りに	(わりに)
割りばし	(わりばし,ワリバシ)
割りふり	(わりふり)
割りふる	(わりふる)
割り安	(わりやす)
割り材	(わりざい)
割り出す	(わりだす)
割り当て	(わりあて,かっとう)
割り当てる	(わりあてる)
割り当て額	(わりあてがく)
割り返し	(わりかえし)
割り方	(わりかた)
割り符	(わりふ,わっぷ)
割り付け	(わりつけ)
割り付ける	(わりつける)
割り高	(わりだか)
割り合い	(わりあい)
割り勘	(わりかん,ワリカン)
割り栗	(わりぐり)
割り栗石	(わりぐりいし)
割り麦	(わりむぎ)
割り木	(わりき)
割り判	(わりはん,わりばん)
割り普請	(わりぶしん)
割り前	(わりまえ)
割り前勘定	(わりまえかんじょう)
割り切る	(わりきる)
割り切れない	(わりきれない)
割り切れる	(わりきれる)
割り書き	(わりがき)
割り算	(わりざん)
割り戻し金	(わりもどしきん)
割り戻す	(わりもどす)
割り楔	(わりくさび)
割り引	(わりびき)
割り引き	(わりびき)
割り引き券	(わりびきけん)
割り引く	(わりびく)
割り印	(わりいん)
割り込み	(わりこみ,ワリコミ)
割り込む	(わりこむ)
割り鏨	(わりたがね)
割り増し	(わりまし)
割り増し金	(わりましきん)
割り振り	(わりふり)
割り振る	(わりふる)
割り竹	(わりだけ,わりたけ)
割り注	(わりちゅう)
割り箸	(わりばし,ワリバシ)
割る	(わる)
割れ	(われ)
割れる	(われる)
割れ目	(われめ,ワレメ)
割れ物	(われもの)
割れ物注意	(われものちゅうい)
割れ易い	(われやすい)
割愛	(かつあい)
割安	(わりやす)
割材	(わりざい)
割出す	(わりだす)
割当	(わりあて,かっとう)
割当て	(わりあて,かっとう)
割当てる	(わりあてる)
割当額	(わりあてがく)
割方	(わりかた)
割符	(わりふ,わっぷ)
割付	(わりつけ)
割付け	(わりつけ)
割付ける	(わりつける)
割付る	(わりつける)
割腹	(かっぷく)
割賦	(かっぷ,わっぷ)
割高	(わりだか)
割合	(わりあい)
割拠	(かっきょ)
割勘	(わりかん,ワリカン)
割礼	(かつれい)
割栗	(わりぐり)
割栗石	(わりぐりいし)
割麦	(わりむぎ)
割木	(わりき)
割目	(われめ,ワレメ)
割判	(わりはん,わりばん)
割烹	(かっぽう)
割烹店	(かっぽうてん)
割烹着	(かっぽうぎ)
割前	(わりまえ)
割前勘定	(わりまえかんじょう)
割切る	(わりきる)
割切れる	(わりきれる)
割譲	(かつじょう)
割書き	(わりがき)
割算	(わりざん)
割戻す	(わりもどす)
割物	(われもの)
割線	(かっせん)
割引	(わりびき)
割引き	(わりびき)
割引く	(わりびく)
割引券	(わりびきけん)
割印	(わりいん)
割込	(わりこみ,ワリコミ)
割込み	(わりこみ,ワリコミ)
割込む	(わりこむ)
割増	(わりまし)
割増し	(わりまし)
割振り	(わりふり)
割振る	(わりふる)
割竹	(わりだけ,わりたけ)
割注	(わりちゅう)
割箸	(わりばし,ワリバシ)
歌	(うた)
歌いあげる	(うたいあげる)
歌い合う	(うたいあう)
歌い上げる	(うたいあげる)
歌う	(うたう)
歌碑	(かひ)
歌唱	(かしょう)
歌詞	(かし)
歌道	(かどう)
歌風	(かふう)
歌稿	(かこう)
歌格	(かかく)
歌合	(うたあわせ)
歌合せ	(うたあわせ)
歌合わせ	(うたあわせ)
歌会	(うたかい,かかい)
歌集	(かしゅう)
歌劇	(かげき)
歌留多	(カルタ,かるた)
歌曲	(かきょく)
歌人	(かじん)
歌声	(うたごえ,かせい)
歌聖	(かせい)
歌手	(かしゅ)
歌書	(かしょ)
歌壇	(かだん)
歌題	(かだい)
歌舞伎	(かぶき)
歌舞妓	(かぶき)
歌舞人	(がくじん,うたまいのひと)
歌仙	(かせん)
歌心	(うたごころ)
歌学	(かがく)
歌謡	(かよう)
歌謡曲	(かようきょく)
歌詠み	(うたよみ)
歌沢	(うたざわ)
歌枕	(うたまくら)
歌姫	(うたひめ)
鴿	(はと,ハト)
挌闘	(かくとう)
革	(かわ)
革まる	(あらたまる)
革める	(あらためる)
革包	(かばん,カバン)
革沓	(かわぐつ)
革命	(かくめい)
革命的	(かくめいてき)
革命運動	(かくめいうんどう)
革新	(かくしん)
革新的	(かくしんてき)
革新系	(かくしんけい)
革靴	(かわぐつ)
格	(かく)
格づけ	(かくづけ,かくずけ)
格安	(かくやす)
格変化	(かくへんか)
格別	(かくべつ,かくべち)
格差	(かくさ)
格調	(かくちょう)
格闘	(かくとう)
格闘戦部隊	(かくとうせんぶたい)
格鬪	(かくとう)
格段	(かくだん)
格幅	(かっぷく)
格付	(かくづけ,かくずけ)
格付け	(かくづけ,かくずけ)
格好	(かっこう,かっこ,カッコ)
格好いい	(かっこいい,かっこよい,かっこういい)
格好つける	(かっこうつける)
格好のいい	(かっこうのいい,かっこうのよい)
格好のよい	(かっこうのいい,かっこうのよい)
格好の悪い	(かっこうのわるい)
格好の良い	(かっこうのいい,かっこうのよい)
格好悪い	(かっこわるい,かっこうわるい)
格好付ける	(かっこうつける)
格好良い	(かっこいい,かっこよい,かっこういい)
格納	(かくのう)
格納庫	(かくのうこ)
格上げ	(かくあげ)
格式	(かくしき,きゃくしき)
格下げ	(かくさげ)
格言	(かくげん)
格子	(こうし)
格子窓	(こうしまど)
格子点	(こうしてん)
格子戸	(こうしど)
格子面	(こうしめん)
葛	(くず,つづら,クズ)
葛粉	(くずこ)
葛藤	(かっとう)
隔たり	(へだたり)
隔たる	(へだたる)
隔て	(へだて)
隔てる	(へだてる)
隔り	(へだたり)
隔壁	(かくへき)
隔絶	(かくぜつ)
隔離	(かくり)
隔膜	(かくまく)
隔年	(かくねん)
隔日	(かくじつ,かくにち)
隔靴掻痒	(かっかそうよう,かくかそうよう)
隔靴搔痒	(かっかそうよう,かくかそうよう)
隔月	(かくげつ)
隔週	(かくしゅう)
閣僚	(かくりょう)
閣僚レベル	(かくりょうレベル)
閣外	(かくがい)
閣下	(かっか)
閣議	(かくぎ)
各	(かく)
各般	(かくはん)
各別	(かくべつ,かくべち)
各部	(かくぶ)
各層	(かくそう)
各処	(かくしょ)
各地	(かくち)
各店	(かくてん)
各藩	(かくはん)
各個	(かっこ)
各国	(かっこく,かくこく)
各回	(かくかい,かっかい)
各階	(かくかい)
各界	(かっかい,かくかい)
各論	(かくろん)
各面	(かくめん)
各派	(かくは)
各情報	(かくじょうほう)
各人	(かくじん)
各社	(かくしゃ)
各省	(かくしょう)
各市	(かくし)
各室	(かくしつ)
各所	(かくしょ)
各位	(かくい)
各県	(かくけん,かっけん)
各項	(かくこう,かっこう)
各校	(かくこう,かっこう)
各行	(かくぎょう,かくこう,かっこう)
各駅	(かくえき)
各駅停車	(かくえきていしゃ)
各員	(かくいん)
各月	(かくげつ)
各紙	(かくし)
各種	(かくしゅ)
各週	(かくしゅう)
各自	(かくじ)
個	(こ,コ,ヶ)
個別	(こべつ)
個別販売	(こべつはんばい)
個別化	(こべつか)
個々	(ここ)
個々に	(ここに)
個々別々	(ここべつべつ)
個個	(ここ)
個個に	(ここに)
個々別別	(ここべつべつ)
個個別別	(ここべつべつ)
個人	(こじん)
個人タクシー	(こじんタクシー)
個人差	(こじんさ)
個人的	(こじんてき)
個人的に知る	(こじんてきにしる)
個人的意見	(こじんてきいけん)
個人個人	(こじんこじん)
個人教授	(こじんきょうじゅ)
個人経営	(こじんけいえい)
個人名	(こじんめい)
個人情報	(こじんじょうほう)
個人投資	(こじんとうし)
個人誤差	(こじんごさ)
個人消費	(こじんしょうひ)
個人性	(こじんせい)
個人用	(こじんよう)
個人展	(こじんてん)
個人指導	(こじんしどう)
個人主義	(こじんしゅぎ)
個室	(こしつ)
個数	(こすう)
個所	(かしょ)
個体	(こたい)
個条	(かじょう)
個条書き	(かじょうがき)
個性	(こせい)
個性的	(こせいてき)
個展	(こてん)
箇	(こ,コ,ヶ)
箇別	(こべつ)
箇々	(ここ)
箇箇	(ここ)
箇数	(こすう)
箇所	(かしょ)
箇条	(かじょう)
箇条書	(かじょうがき)
箇条書き	(かじょうがき)
給	(きゅう)
給う	(たまう)
給わる	(たまわる)
給電線	(きゅうでんせん)
給付	(きゅうふ)
給付金	(きゅうふきん)
給料	(きゅうりょう)
給料日	(きゅうりょうび)
給食	(きゅうしょく)
給仕	(きゅうじ)
給水	(きゅうすい)
給水栓	(きゅうすいせん)
給水制限	(きゅうすいせいげん)
給湯	(きゅうとう)
給湯器	(きゅうとうき)
給血	(きゅうけつ)
給油	(きゅうゆ)
給油所	(きゅうゆじょ,きゅうゆしょ)
給与	(きゅうよ)
根	(ね)
根ざす	(ねざす)
根っから	(ねっから)
根に持つ	(ねにもつ)
根ほり葉ほり	(ねほりはほり)
根まわし	(ねまわし)
根も葉もない	(ねもはもない)
根も葉も無い	(ねもはもない)
根暗	(ねくら,ネクラ)
根本的	(こんぽんてき)
根差す	(ねざす)
根城	(ねじろ)
根底	(こんてい)
根柢	(こんてい)
根負け	(こんまけ)
根幹	(こんかん)
根号	(こんごう)
根回し	(ねまわし)
根拠	(こんきょ)
根拠のない	(こんきょのない)
根拠地	(こんきょち)
根掘り葉掘り	(ねほりはほり)
根絶	(こんぜつ)
根堀り葉堀り	(ねほりはほり)
根気	(こんき)
根強い	(ねづよい)
根情	(こんじょう)
根深い	(ねぶかい)
根太	(ねぶと)
根性	(こんじょう)
根性のすわった	(こんじょうのすわった)
根性焼き	(こんじょうやき)
根元	(こんげん)
根原	(こんげん)
根源	(こんげん)
根治	(こんじ,こんち)
亘る	(わたる)
亙る	(わたる)
耕うん機	(こううんき)
耕す	(たがやす)
耕地	(こうち)
耕具	(こうぐ)
耕耘機	(こううんき)
耕運機	(こううんき)
耕作	(こうさく)
耕作者	(こうさくしゃ)
梗概	(こうがい)
梗塞	(こうそく)
鯁骨	(こうこつ)
更かす	(ふかす)
更ける	(ふける)
更なり	(さらなり)
更に	(さらに)
更める	(あらためる)
更代	(こうたい)
更地	(さらち)
更迭	(こうてつ)
更改	(こうかい)
更々	(さらさら)
更更	(さらさら)
更年期	(こうねんき)
更紗	(サラサ)
更生	(こうせい)
更生期	(こうせいき)
更始	(こうし)
更位	(こうい)
更新	(こうしん)
更衣	(ころもがえ)
更衣室	(こういしつ)
更正	(こうせい)
工	(たくみ)
工兵	(こうへい)
工場	(こうじょう,こうば)
工場実習	(こうじょうじっしゅう)
工程	(こうてい)
工法	(こうほう)
工房	(こうぼう)
工費	(こうひ)
工夫	(くふう)
工夫を凝らす	(くふうをこらす)
工々四	(くんくんしい)
工工四	(くんくんしい)
工合	(ぐあい,ぐわい)
工合い	(ぐあい,ぐわい)
工匠	(こうしょう)
工具	(こうぐ)
工具入	(こうぐいれ)
工科	(こうか)
工賃	(こうちん)
工面	(くめん,ぐめん)
工事	(こうじ)
工事現場	(こうじげんば)
工事中	(こうじちゅう)
工数	(こうすう)
工務	(こうむ)
工学	(こうがく)
工学科	(こうがくか)
工学者	(こうがくしゃ)
工業	(こうぎょう)
工業地区	(こうぎょうちく)
工業規格	(こうぎょうきかく)
工員	(こういん)
工員寮	(こういんりょう)
工芸	(こうげい)
工作	(こうさく)
工作機械	(こうさくきかい)
工作物	(こうさくぶつ)
弓	(ゆみ,ゆ)
弓なり	(ゆみなり,ゆみがた,きゅうけい)
弓道	(きゅうどう)
弓箭	(ゆみや,きゅうし)
弓具	(きゅうぐ)
弓矢	(ゆみや,きゅうし)
弓術	(きゅうじゅつ)
弓弦	(ゆみづる,ゆづる,ゆづら)
弓形	(ゆみなり,ゆみがた,きゅうけい)
公	(きみ,キミ)
公安	(こうあん)
公安官	(こうあんかん)
公案	(こうあん)
公報	(こうほう)
公倍数	(こうばいすう)
公表	(こうひょう)
公布	(こうふ)
公裁	(こうさい)
公差	(こうさ)
公娼	(こうしょう)
公称	(こうしょう)
公称資本	(こうしょうしほん)
公達	(きんだち)
公党	(こうとう)
公道	(こうどう)
公徳	(こうとく)
公徳心	(こうとくしん)
公的	(こうてき)
公敵	(こうてき)
公邸	(こうてい)
公電	(こうでん)
公定	(こうてい)
公定価	(こうていか)
公定価格	(こうていかかく)
公定相場	(こうていそうば)
公法	(こうほう)
公法人	(こうほうじん)
公辺	(こうへん)
公方	(くぼう)
公費	(こうひ)
公分母	(こうぶんぼ)
公憤	(こうふん)
公告	(こうこく)
公共	(こうきょう)
公共料金	(こうきょうりょうきん)
公共事業	(こうきょうじぎょう)
公共図書館	(こうきょうとしょかん)
公共団体	(こうきょうだんたい)
公共物	(こうきょうぶつ)
公共心	(こうきょうしん)
公共性	(こうきょうせい)
公共債	(こうきょうさい)
公館	(こうかん)
公国	(こうこく)
公海	(こうかい)
公海上	(こうかいじょう)
公害	(こうがい)
公侯	(こうこう)
公許	(こうきょ)
公会	(こうかい)
公会堂	(こうかいどう)
公会問答	(こうかいもんどう)
公家	(くげ,こうか,こうけ)
公教	(こうきょう)
公教会	(こうきょうかい)
公教要理	(こうきょうようり)
公金	(こうきん)
公爵	(こうしゃく)
公爵夫人	(こうしゃくふじん)
公開	(こうかい)
公開講座	(こうかいこうざ)
公開図書館	(こうかいとしょかん)
公開外交	(こうかいがいこう)
公開状	(こうかいじょう)
公課	(こうか)
公庫	(こうこ)
公理	(こうり)
公立	(こうりつ)
公立学校	(こうりつがっこう)
公吏	(こうり)
公領	(こうりょう)
公路	(こうろ)
公論	(こうろん)
公売	(こうばい)
公民	(こうみん)
公民館	(こうみんかん)
公民科	(こうみんか)
公民権	(こうみんけん)
公民生活	(こうみんせいかつ)
公明	(こうめい)
公明正大	(こうめいせいだい)
公募	(こうぼ)
公募債	(こうぼさい)
公判	(こうはん)
公判廷	(こうはんてい)
公平	(こうへい)
公平無私	(こうへいむし)
公平政策	(こうへいせいさく)
公評	(こうひょう)
公僕	(こうぼく)
公器	(こうき)
公然	(こうぜん)
公然の秘密	(こうぜんのひみつ)
公人	(こうじん)
公認	(こうにん)
公認候補	(こうにんこうほ)
公認候補者	(こうにんこうほしゃ)
公認会計士	(こうにんかいけいし)
公社	(こうしゃ)
公社債	(こうしゃさい)
公設	(こうせつ)
公設市場	(こうせついちば)
公生活	(こうせいかつ)
公生涯	(こうしょうがい)
公使	(こうし)
公使館	(こうしかん)
公示	(こうじ,こうし)
公式	(こうしき)
公式発表	(こうしきはっぴょう)
公式訪問	(こうしきほうもん)
公式試合	(こうしきしあい,こうしきじあい)
公式主義	(こうしきしゅぎ)
公事	(こうじ)
公試	(こうし)
公署	(こうしょ)
公司	(コンス,こうし)
公私	(こうし)
公訴	(こうそ)
公算	(こうさん)
公孫樹	(いちょう,こうそんじゅ,イチョウ)
公聴会	(こうちょうかい)
公庭	(こうてい)
公図	(こうず)
公団	(こうだん)
公文	(こうぶん)
公文書	(こうぶんしょ)
公武	(こうぶ)
公武合体	(こうぶがったい)
公務	(こうむ)
公務疾病	(こうむしっぺい)
公務員	(こうむいん)
公務災害	(こうむさいがい)
公暇	(こうか)
公休	(こうきゅう)
公休日	(こうきゅうび)
公選	(こうせん)
公言	(こうげん)
公演	(こうえん)
公儀	(こうぎ)
公役	(こうえき)
公益	(こうえき)
公益法人	(こうえきほうじん)
公益事業	(こうえきじぎょう)
公益優先	(こうえきゆうせん)
公益質屋	(こうえきしちや)
公義	(こうぎ)
公議	(こうぎ)
公営	(こうえい)
公用	(こうよう)
公用車	(こうようしゃ)
公用文	(こうようぶん)
公用語	(こうようご)
公有	(こうゆう)
公有地	(こうゆうち)
公有林	(こうゆうりん)
公有物	(こうゆうぶつ)
公園	(こうえん)
公苑	(こうえん)
公約	(こうやく)
公約数	(こうやくすう)
公葬	(こうそう)
公債	(こうさい)
公正	(こうせい)
公正証書	(こうせいしょうしょ)
公証	(こうしょう)
公証人	(こうしょうにん)
公証役場	(こうしょうやくば)
公職	(こうしょく)
公職追放	(こうしょくついほう)
公衆	(こうしゅう)
公衆ブース	(こうしゅうブース)
公衆便所	(こうしゅうべんじょ)
公衆道徳	(こうしゅうどうとく)
公衆電話	(こうしゅうでんわ)
公衆網	(こうしゅうもう)
公衆衛生	(こうしゅうえいせい)
公衆浴場	(こうしゅうよくじょう)
公転	(こうてん)
公準	(こうじゅん)
公子	(こうし)
公租	(こうそ)
功	(いたわり)
功り	(いたわり)
功徳	(くどく)
功夫	(くふう)
功績	(こうせき)
功労	(こうろう)
功名	(こうみょう,こうめい)
功名心	(こうみょうしん)
功能	(こうのう,くのう)
功業	(こうぎょう)
功者	(こうしゃ)
功罪	(こうざい)
攻め	(せめ)
攻める	(せめる)
攻め滅ぼす	(せめほろぼす)
攻め入る	(せめいる)
攻城	(こうじょう)
攻防	(こうぼう)
攻防戦	(こうぼうせん)
攻撃	(こうげき)
攻撃ヘリコプター	(こうげきヘリコプター)
攻撃部隊	(こうげきぶたい)
攻撃方向	(こうげきほうこう)
攻撃開始線	(こうげきかいしせん)
攻究	(こうきゅう)
攻略	(こうりゃく)
攻勢	(こうせい)
攻守	(こうしゅ)
供	(とも)
供え	(そなえ)
供える	(そなえる)
供する	(きょうする)
供ぞろい	(ともぞろい)
供に	(ともに)
供出	(きょうしゅつ)
供出米	(きょうしゅつまい)
供待ち	(ともまち)
供奉	(ぐぶ)
供給	(きょうきゅう)
供給地	(きょうきゅうち)
供給路	(きょうきゅうろ)
供給源	(きょうきゅうげん)
供給者	(きょうきゅうしゃ)
供回り	(ともまわり)
供廻り	(ともまわり)
供祭	(ぐさい)
供揃い	(ともぞろい)
供進	(ぐしん)
供覧	(きょうらん)
供料	(きょうりょう)
供米	(きょうまい)
供人	(ともびと)
供勢	(ともぜい)
供述	(きょうじゅつ)
供述書	(きょうじゅつしょ)
供述者	(きょうじゅつしゃ)
供託	(きょうたく)
供託金	(きょうたくきん)
供託物	(きょうたくぶつ)
供託者	(きょうたくしゃ)
供物	(くもつ)
供物台	(くもつだい)
供血者	(きょうけつしゃ)
供宴	(きょうえん)
供養	(くよう)
供養塔	(くようとう)
供養塚	(くようづか)
供応	(きょうおう)
供用	(きょうよう)
供与	(きょうよ)
供御	(くご,ぐご,くぎょ)
肱	(ひじ,ヒジ)
肱掛椅子	(ひじかけいす)
恭しい	(うやうやしい)
恭々しい	(うやうやしい)
恭賀新年	(きょうがしんねん)
恭敬	(きょうけい)
恭謙	(きょうけん)
恭順	(きょうじゅん)
宮参り	(みやまいり)
宮城	(きゅうじょう)
宮城県	(みやぎけん)
宮城縣	(みやぎけん)
宮殿	(きゅうでん)
宮内庁	(くないちょう)
宮崎県	(みやざきけん)
宮崎縣	(みやざきけん)
宮司	(ぐうじ,みやづかさ)
宮廷	(きゅうてい)
宮廷音楽	(きゅうていおんがく)
宮中	(きゅうちゅう)
拱手	(きょうしゅ,こうしゅ)
拱手傍観	(きょうしゅぼうかん,こうしゅぼうかん)
鞏固	(きょうこ)
鞏膜	(きょうまく)
共	(とも)
共かせぎ	(ともかせぎ)
共に	(ともに)
共白髪	(ともしらが)
共編	(きょうへん)
共編者	(きょうへんしゃ)
共産	(きょうさん)
共産党	(きょうさんとう)
共産党細胞	(きょうさんとうさいぼう)
共産党政治局	(きょうさんとうせいじきょく)
共産地区	(きょうさんちく)
共産分子	(きょうさんぶんし)
共産国家郡	(きょうさんこっかぐん)
共産化	(きょうさんか)
共産軍	(きょうさんぐん)
共産圏	(きょうさんけん)
共産系	(きょうさんけい)
共産陣営	(きょうさんじんえい)
共産中国	(きょうさんちゅうごく)
共産主義	(きょうさんしゅぎ)
共産主義国	(きょうさんしゅぎこく)
共産主義者	(きょうさんしゅぎしゃ)
共催	(きょうさい)
共存	(きょうぞん,きょうそん)
共存共栄	(きょうそんきょうえい,きょうぞんきょうえい)
共倒れ	(ともだおれ)
共働き	(ともばたらき)
共闘	(きょうとう)
共犯	(きょうはん)
共犯者	(きょうはんしゃ)
共販	(きょうはん)
共販会社	(きょうはんがいしゃ)
共感	(きょうかん)
共々	(ともども)
共々に	(ともどもに)
共共	(ともども)
共共に	(ともどもに)
共観福音書	(きょうかんふくいんしょ)
共和党	(きょうわとう)
共和国	(きょうわこく)
共和政体	(きょうわせいたい)
共和政治	(きょうわせいじ)
共和制	(きょうわせい)
共和制度	(きょうわせいど)
共和主義	(きょうわしゅぎ)
共済	(きょうさい)
共済組合	(きょうさいくみあい)
共稼ぎ	(ともかせぎ)
共襟	(ともえり)
共進会	(きょうしんかい)
共労者	(きょうろうしゃ)
共裏	(ともうら)
共力	(きょうりょく)
共立	(きょうりつ)
共鳴	(きょうめい)
共鳴り	(ともなり)
共鳴者	(きょうめいしゃ)
共謀	(きょうぼう)
共謀者	(きょうぼうしゃ)
共棲	(きょうせい)
共寝	(ともね)
共栄	(きょうえい)
共栄圏	(きょうえいけん)
共生	(きょうせい)
共食い	(ともぐい)
共栓	(ともせん)
共通	(きょうつう)
共通エリア	(きょうつうエリア)
共通点	(きょうつうてん)
共通語	(きょうつうご)
共同	(きょうどう)
共同便所	(きょうどうべんじょ)
共同創設者	(きょうどうそうせつしゃ)
共同炊事場	(きょうどうすいじば)
共同防衛	(きょうどうぼうえい)
共同管理	(きょうどうかんり)
共同会見	(きょうどうかいけん)
共同計算	(きょうどうけいさん)
共同記者会見	(きょうどうきしゃかいけん)
共同経営	(きょうどうけいえい)
共同井戸	(きょうどういど)
共同救済基金	(きょうどうきゅうさいききん)
共同募金	(きょうどうぼきん)
共同墓地	(きょうどうぼち)
共同農場	(きょうどうのうじょう)
共同社会	(きょうどうしゃかい)
共同生活	(きょうどうせいかつ)
共同声明	(きょうどうせいめい)
共同疎開	(きょうどうそかい)
共同水栓	(きょうどうすいせん)
共同体	(きょうどうたい)
共同線	(きょうどうせん)
共同相続人	(きょうどうそうぞくにん)
共同性	(きょうどうせい)
共同宣言	(きょうどうせんげん)
共同研究	(きょうどうけんきゅう)
共同一致	(きょうどういっち)
共同因子	(きょうどういんし)
共同責任	(きょうどうせきにん)
共同戦線	(きょうどうせんせん)
共同者	(きょうどうしゃ)
共同住宅	(きょうどうじゅうたく)
共同組合	(きょうどうくみあい)
共学	(きょうがく)
共学制	(きょうがくせい)
共演	(きょうえん)
共演者	(きょうえんしゃ)
共益	(きょうえき)
共益費	(きょうえきひ)
共訳	(きょうやく)
共営	(きょうえい)
共用	(きょうよう)
共有	(きょうゆう)
共有財産	(きょうゆうざいさん)
共有地	(きょうゆうち)
共有物	(きょうゆうぶつ)
共有者	(きょうゆうしゃ)
共振	(きょうしん)
共助	(きょうじょ)
共著	(きょうちょ)
貢	(みつぎ)
貢ぎ	(みつぎ)
貢ぎ物	(みつぎもの)
貢ぐ	(みつぐ)
貢物	(みつぎもの)
貢献	(こうけん)
勾かす	(かどわかす)
勾留	(こうりゅう)
勾配	(こうばい)
勾引	(こういん)
勾引かす	(かどわかす)
勾引し	(かどわかし)
勾引す	(かどわす)
勾引状	(こういんじょう)
勾玉	(まがたま)
佝僂	(くる)
佝僂病	(くるびょう)
鈎	(はり)
鈎虫	(こうちゅう)
鈎括弧	(カギカッコ,かぎかっこ,カギかっこ)
鉤	(はり)
鉤括弧	(カギカッコ,かぎかっこ,カギかっこ)
溝	(みぞ)
溝渠	(こうきょ)
溝鼠	(どぶねずみ,ドブネズミ)
苟且	(かりそめ)
狗	(いぬ,イヌ)
狗肉	(くにく)
枸杞	(くこ,クコ)
枸櫞酸	(くえんさん,クエンさん)
垢	(あか)
媾合	(こうごう)
媾曳	(あいびき)
構	(かまえ)
構いません	(かまいません)
構う	(かまう)
構え	(かまえ)
構える	(かまえる)
構成	(こうせい)
構成単位	(こうせいたんい)
構成可能	(こうせいかのう)
構成要素	(こうせいようそ)
構成子	(こうせいし)
構内	(こうない)
構図	(こうず)
構外	(こうがい)
構文	(こうぶん)
構文法	(こうぶんぽう)
構文木	(こうぶんぎ)
構想	(こうそう)
構造	(こうぞう)
構造体	(こうぞうたい)
構築	(こうちく)
購読	(こうどく)
購読料	(こうどくりょう)
購買	(こうばい)
購買力	(こうばいりょく)
購入	(こうにゅう)
購入者	(こうにゅうしゃ)
購入注文	(こうにゅうちゅうもん)
估券	(こけん)
沽券	(こけん)
孤	(こじ,みなしご)
孤悲	(こい)
孤城	(こじょう)
孤島	(ことう)
孤独	(こどく)
孤児	(こじ,みなしご)
孤児院	(こじいん)
孤軍	(こぐん)
孤客	(こかく)
孤立	(こりつ)
孤立化	(こりつか)
孤立主義	(こりつしゅぎ)
姑	(しゅうとめ,しゅうと,しうとめ)
姑く	(しばらく)
姑息	(こそく)
古	(いにしえ)
古い	(ふるい)
古え	(いにしえ)
古ギツネ	(ふるきつね,ふるぎつね)
古く	(ふるく)
古くさい	(ふるくさい)
古す	(ふるす)
古だぬき	(ふるだぬき)
古つわもの	(ふるつわもの,こへい,こぶし)
古びる	(ふるびる)
古び衰える	(ふるびおとろえる)
古ぼける	(ふるぼける)
古めかしい	(ふるめかしい)
古板本	(こはんぽん,こはんぼん)
古版	(こはん)
古版本	(こはんぽん,こはんぼん)
古本	(ふるほん,ふるぼん,こほん)
古本屋	(ふるほんや)
古筆	(こひつ)
古筆家	(こひつか)
古兵	(ふるつわもの,こへい,こぶし)
古参	(こさん)
古参者	(こさんしゃ)
古草	(ふるくさ)
古茶	(こちゃ)
古巣	(ふるす)
古称	(こしょう)
古城	(こじょう)
古池	(ふるいけ)
古臭い	(ふるくさい)
古川	(ふるかわ)
古創	(ふるきず)
古疵	(ふるきず)
古祠	(こし)
古呆ける	(ふるぼける)
古代	(こだい)
古代エジプト	(こだいエジプト)
古代人	(こだいじん)
古代史	(こだいし)
古代文明	(こだいぶんめい)
古代語	(こだいご)
古刀	(ことう)
古道	(こどう,ふるみち)
古道具	(ふるどうぐ,こどうぐ)
古道具屋	(ふるどうぐや)
古典	(こてん)
古典的	(こてんてき)
古典派	(こてんは)
古典文学	(こてんぶんがく)
古典学	(こてんがく)
古典語	(こてんご)
古典主義	(こてんしゅぎ)
古都	(こと)
古渡り	(こわたり)
古法	(こほう)
古方	(こほう)
古墳	(こふん)
古風	(こふう)
古服	(ふるふく)
古歌	(こか,ふるうた)
古格	(こかく)
古豪	(こごう)
古河	(ふるかわ)
古惚ける	(ふるぼける)
古狐	(ふるきつね,ふるぎつね)
古画	(こが)
古記	(こき)
古加涅	(コカイン)
古家	(ふるいえ,ふるや,こか)
古今	(ここん,こきん)
古今東西	(ここんとうざい)
古今無類	(ここんむるい)
古金	(ふるがね,ふるてつ)
古井戸	(ふるいど)
古酒	(こしゅ,ふるざけ)
古句	(こく)
古来	(こらい)
古老	(ころう)
古狸	(ふるだぬき)
古里	(ふるさと)
古例	(これい)
古流	(こりゅう)
古米	(こまい,ふるごめ)
古廟	(こびょう)
古墨	(こぼく)
古木	(こぼく,ふるき)
古器	(こき)
古銭	(こせん)
古銭学	(こせんがく)
古強者	(ふるつわもの,こへい,こぶし)
古切れ	(ふるぎれ)
古曲	(こきょく)
古泉	(こせん)
古泉学	(こせんがく)
古人	(こじん)
古色	(こしょく)
古色蒼然	(こしょくそうぜん)
古刹	(こさつ)
古傷	(ふるきず)
古社寺	(こしゃじ)
古生物	(こせいぶつ)
古生物学	(こせいぶつがく)
古生物学者	(こせいぶつがくしゃ)
古聖	(こせい)
古詩	(こし)
古史	(こし)
古式	(こしき)
古事	(こじ)
古事つける	(こじつける)
古事記	(こじき,ふることふみ,ふることぶみ)
古事来歴	(こじらいれき)
古手	(ふるて)
古書	(こしょ)
古説	(こせつ)
古寺	(こじ,ふるでら)
古俗	(こぞく)
古体	(こたい)
古鉄	(ふるがね,ふるてつ)
古往今来	(こおうこんらい)
古文	(こぶん)
古文書	(こもんじょ,こぶんしょ)
古文学	(こぶんがく)
古屋	(ふるいえ,ふるや,こか)
古武道	(こぶどう)
古武士	(ふるつわもの,こへい,こぶし)
古物	(こぶつ,ふるもの)
古物商	(こぶつしょう)
古希	(こき)
古昔	(こせき)
古稀	(こき)
古賢	(こけん)
古写本	(こしゃほん)
古靴	(ふるぐつ)
古学	(こがく)
古血	(ふるち)
古訓	(こくん)
古雅	(こが)
古言	(こげん)
古顔	(ふるがお)
古諺	(こげん)
古儀	(こぎ)
古意	(こい)
古義	(こぎ)
古音	(こおん)
古印紙	(こいんし,ふるいんし)
古語	(こご)
古楽	(こがく)
古伝	(こでん)
古伝説	(こでんせつ)
古戦場	(こせんじょう)
古着	(ふるぎ)
古址	(こし)
古趾	(こし)
古制	(こせい)
古株	(ふるかぶ)
古注	(こちゅう)
古註	(こちゅう)
古自動車	(ふるじどうしゃ)
古字	(こじ)
谷	(たに)
谷あい	(たにま,たにあい)
谷まる	(きわまる)
谷川	(たにがわ)
谷底	(たにぞこ,たにそこ)
谷間	(たにま,たにあい)
股	(また)
股がる	(またがる)
股肱	(ここう)
股関節	(こかんせつ)
股間	(こかん)
股間節	(こかんせつ)
股旅	(またたび)
股木	(またぎ)
股引	(ももひき)
股引き	(ももひき)
骨	(ほね)
骨つぎ	(ほねつぎ)
骨とう品	(こっとうひん)
骨を覚える	(コツをおぼえる,こつをおぼえる)
骨抜き	(ほねぬき)
骨杯	(コップ,コツフ)
骨材	(こつざい)
骨粗しょう症	(こつそしょうしょう)
骨粗鬆症	(こつそしょうしょう)
骨董	(こっとう)
骨董品	(こっとうひん)
骨法	(こっぽう)
骨格	(こっかく)
骨骼	(こっかく)
骨継ぎ	(ほねつぎ)
骨接	(ほねつぎ)
骨接ぎ	(ほねつぎ)
骨牌	(カルタ,かるた)
骨盤	(こつばん)
骨肉	(こつにく)
骨髄	(こつずい)
骨惜しみ	(ほねおしみ)
骨相	(こっそう)
骨休め	(ほねやすめ)
骨折	(こっせつ)
骨折り	(ほねおり)
骨子	(こっし)
骨組	(ほねぐみ)
骨組み	(ほねぐみ)
骨組織	(こつそしき)
鼓	(つづみ)
鼓腸	(こちょう)
鼓吹	(こすい)
鼓吹者	(こすいしゃ)
鼓笛	(こてき)
鼓笛隊	(こてきたい)
鼓動	(こどう)
鼓腹	(こふく)
鼓弓	(こきゅう)
鼓膜	(こまく)
鼓室	(こしつ)
鼓手	(こしゅ)
鼓手長	(こしゅちょう)
鼓舞	(こぶ)
鼓舞激励	(こぶげきれい)
鼓脹	(こちょう)
穀倉	(こくそう,こくぐら)
穀粉	(こくふん)
穀類	(こくるい)
穀粒	(こくりゅう,こくつぶ)
穀食	(こくしょく)
穀物	(こくもつ)
瞽	(めくら,メクラ)
瞽女	(ごぜ)
瞽者	(こしゃ)
蠱惑	(こわく)
蠱惑的	(こわくてき)
固い	(かたい)
固まり	(かたまり)
固まる	(かたまる)
固め	(かため)
固める	(かためる)
固より	(もとより)
固持	(こじ)
固辞	(こじ)
固定	(こてい)
固定長	(こていちょう)
固定長ブロック	(こていちょうブロック)
固定負債	(こていふさい)
固定給	(こていきゅう)
固定観念	(こていかんねん)
固定資産	(こていしさん)
固定子	(こていし)
固化	(こか)
固苦しい	(かたくるしい,かたぐるしい)
固陋	(ころう)
固守	(こしゅ)
固体	(こたい)
固唾をのむ	(かたずをのむ)
固唾を呑む	(かたずをのむ)
固唾を飲む	(かたずをのむ)
固形	(こけい)
固型	(こけい)
固有	(こゆう)
固有名詞	(こゆうめいし)
固有値	(こゆうち)
固執	(こしつ,こしゅう)
故	(ふる)
故い	(ふるい)
故に	(ゆえに)
故国	(ここく)
故旧	(こきゅう)
故老	(ころう)
故里	(ふるさと)
故買	(こばい)
故人	(こじん)
故事	(こじ)
故事つける	(こじつける)
故事付ける	(こじつける)
故事来歴	(こじらいれき)
故郷	(ふるさと)
故意	(こい)
故障	(こしょう)
故址	(こし)
雇い人	(やといにん)
雇い主	(やといぬし)
雇う	(やとう)
雇人	(やといにん)
雇傭	(こよう)
雇用	(こよう)
雇員	(こいん)
雇主	(やといぬし)
痼	(しこり,こり)
痼り	(しこり,こり)
痼る	(しこる)
顧みる	(かえりみる)
顧る	(かえりみる)
顧客	(こきゃく,こかく)
顧慮	(こりょ)
顧問	(こもん)
瓜	(うり,ウリ)
瓜二つ	(うりふたつ)
瓜姆	(グアム,グァム,ガム)
颪	(おろし)
寡	(かふ,やもめ,やまめ)
寡い	(すくない)
寡し	(すこし)
寡兵	(かへい)
寡婦	(かふ,やもめ,やまめ)
寡黙	(かもく)
寡男	(やもお)
寡少	(かしょう)
寡勢	(かぜい)
寡聞	(かぶん)
寡言	(かげん)
寡欲	(かよく)
寡慾	(かよく)
寡占	(かせん)
寡作	(かさく)
卦算	(けいさん)
掛	(かけ)
掛かり	(かかり,カカリ)
掛かり合い	(かかりあい)
掛かり合う	(かかりあう)
掛かる	(かかる)
掛け	(かけ)
掛けあう	(かけあう)
掛けあわせる	(かけあわせる)
掛けぶとん	(かけぶとん)
掛ける	(かける)
掛け布団	(かけぶとん)
掛け合う	(かけあう)
掛け合せる	(かけあわせる)
掛け合わせる	(かけあわせる)
掛け金	(かけきん)
掛け離れる	(かけはなれる)
掛け売り	(かけうり)
掛け声	(かけごえ)
掛け算	(かけざん)
掛け替えのない	(かけがえのない)
掛け替えの無い	(かけがえのない)
掛け軸	(かけじく)
掛り	(かかり,カカリ)
掛り合い	(かかりあい)
掛り合う	(かかりあう)
掛る	(かかる)
掛布団	(かけぶとん)
掛長	(かかりちょう)
掛金	(かけきん)
掛離れる	(かけはなれる)
掛売り	(かけうり)
掛声	(かけごえ)
掛算	(かけざん)
掛替えのない	(かけがえのない)
掛員	(かかりいん)
掛軸	(かけじく)
罫線	(けいせん)
罫線を引く	(けいせんをひく)
罫線表	(けいせんひょう)
乖離	(かいり)
掴まえる	(つかまえる)
掴まる	(つかまる)
掴みかかる	(つかみかかる)
掴み出す	(つかみだす)
掴み掛かる	(つかみかかる)
掴み取る	(つかみとる)
掴む	(つかむ)
拐う	(さらう)
拐かす	(かどわかす)
拐帯	(かいたい)
怪しい	(あやしい)
怪しからん	(けしからん)
怪しげ	(あやしげ)
怪しむ	(あやしむ)
怪鴟	(よたか,ぶんぼちょう,ヨタカ)
怪盗	(かいとう)
怪傑	(かいけつ)
怪力	(かいりき,かいりょく)
怪力乱神	(かいりょくらんしん,かいりきらんしん)
怪奇	(かいき)
怪人	(かいじん)
怪人物	(かいじんぶつ)
怪事件	(かいじけん)
怪獣	(かいじゅう)
怪死	(かいし)
怪談	(かいだん)
怪文書	(かいぶんしょ)
怪聞	(かいぶん)
怪我	(けが,ケガ)
怪我人	(けがにん)
怪物	(かいぶつ)
怪訝	(けげん)
怪異	(かいい)
官報	(かんぽう)
官邸	(かんてい)
官房	(かんぼう)
官房長	(かんぼうちょう)
官房長官	(かんぼうちょうかん)
官費	(かんぴ)
官公庁	(かんこうちょう)
官許	(かんきょ)
官話	(かんわ)
官界	(かんかい)
官吏	(かんり)
官僚	(かんりょう)
官僚化	(かんりょうか)
官僚主義	(かんりょうしゅぎ)
官命	(かんめい)
官能	(かんのう)
官能的	(かんのうてき)
官舍	(かんしゃ)
官舎	(かんしゃ)
官事	(かんじ)
官庁	(かんちょう)
官庁街	(かんちょうがい)
官憲	(かんけん)
官用	(かんよう)
官職	(かんしょく)
官製	(かんせい)
冠	(かんむり,かん,かむり)
冠る	(かぶる,かむる)
冠を曲げる	(かんむりをまげる)
冠詞	(かんし)
冠辞	(かんじ)
冠動脈	(かんどうみゃく)
冠婚葬祭	(かんこんそうさい)
冠毛	(かんもう)
冠木	(かぶき)
冠木門	(かぶきもん)
冠省	(かんしょう,かんせい)
冠水	(かんすい)
冠位	(かんい)
冠者	(かんじゃ,かじゃ,かざ)
冠状	(かんじょう)
棺おけ	(かんおけ)
棺桶	(かんおけ)
関	(せき,セキ)
関する	(かんする)
関らず	(かかわらず)
関る	(かかわる)
関わらず	(かかわらず)
関わり	(かかわり)
関わる	(かかわる)
関白	(かんぱく)
関東	(かんとう)
関東弁	(かんとうべん)
関節	(かんせつ)
関節リウマチ	(かんせつリウマチ,かんせつリューマチ)
関節リューマチ	(かんせつリウマチ,かんせつリューマチ)
関節技	(かんせつわざ)
関節炎	(かんせつえん)
関連	(かんれん)
関連会社	(かんれんがいしゃ)
関連商品	(かんれんしょうひん)
関連項目	(かんれんこうもく)
関連性	(かんれんせい)
関聯	(かんれん)
関門	(かんもん)
関渉	(かんしょう)
関数	(かんすう)
関数原型	(かんすうげんけい)
関税	(かんぜい)
関税回避	(かんぜいかいひ)
関税貿易一般協定	(かんぜいぼうえきいっぱんきょうてい)
関所	(せきしょ)
関西	(かんさい,かんせい)
関西弁	(かんさいべん)
関西辯	(かんさいべん)
関係	(かんけい)
関係つける	(かんけいつける)
関係調	(かんけいちょう)
関係会社	(かんけいがいしゃ)
関係強化	(かんけいきょうか)
関係者	(かんけいしゃ)
関脇	(せきわけ)
関心	(かんしん)
関心ごと	(かんしんじ,かんしんごと)
関心を買う	(かんしんをかう)
関心事	(かんしんじ,かんしんごと)
関与	(かんよ)
関知	(かんち)
観	(かん)
観ずる	(かんずる)
観せる	(みせる)
観る	(みる)
観測	(かんそく)
観測ヘリコプター	(かんそくヘリコプター)
観察	(かんさつ)
観察的研究	(かんさつてきけんきゅう)
観点	(かんてん)
観光	(かんこう)
観光バス	(かんこうバス)
観光ビザ	(かんこうビザ)
観光地	(かんこうち)
観光客	(かんこうきゃく)
観光団	(かんこうだん)
観過	(かんか)
観劇	(かんげき)
観客	(かんきゃく,かんかく)
観覧	(かんらん)
観覧車	(かんらんしゃ)
観念	(かんねん)
観念主義	(かんねんしゅぎ)
観賞	(かんしょう)
観世より	(かんぜより)
観世縒	(かんぜより)
観世縒り	(かんぜより)
観世音	(かんぜおん)
観葉植物	(かんようしょくぶつ)
観音さま	(かんのんさま)
観音様	(かんのんさま)
観用植物	(かんようしょくぶつ)
観月	(かんげつ)
観戦	(かんせん)
観戦記	(かんせんき)
観衆	(かんしゅう)
観自在	(かんじざい)
鰥	(やもお)
鰥夫	(やもお)
鰥寡	(かんか)
觀察	(かんさつ)
觀光	(かんこう)
觀世音	(かんぜおん)
觀音さま	(かんのんさま)
觀音様	(かんのんさま)
觀自在	(かんじざい)
管	(かん)
管端	(かんたん)
管理	(かんり)
管理機能	(かんりきのう)
管理局	(かんりきょく)
管理情報	(かんりじょうほう)
管理人	(かんりにん)
管理者	(かんりしゃ)
管理職	(かんりしょく)
管内	(かんない)
管区	(かんく)
管轄	(かんかつ)
管轄官庁	(かんかつかんちょう)
管弦	(かんげん)
管弦楽	(かんげんがく)
管弦楽団	(かんげんがくだん)
管絃	(かんげん)
管絃楽	(かんげんがく)
管楽器	(かんがっき)
管掌	(かんしょう)
管制	(かんせい)
管制塔	(かんせいとう)
館	(やかた)
館長	(かんちょう)
館員	(かんいん)
貫き通す	(つらぬきとおす,ぬきとおす)
貫く	(つらぬく)
貫徹	(かんてつ)
貫流	(かんりゅう)
貫禄	(かんろく)
貫録	(かんろく)
貫首	(かんじゅ,かんしゅ)
貫通	(かんつう)
貫主	(かんじゅ,かんしゅ)
潅ぐ	(そそぐ)
潅腸	(かんちょう,カンチョウ)
潅漑	(かんがい)
慣らう	(ならう)
慣らす	(ならす)
慣れ	(なれ)
慣れる	(なれる)
慣わし	(ならわし)
慣々しい	(なれなれしい)
慣例	(かんれい)
慣例的	(かんれいてき)
慣習	(かんしゅう)
慣行	(かんこう)
慣行取引き	(かんこうとりひき)
慣性	(かんせい)
慣用	(かんよう)
慣用句	(かんようく)
慣用語句	(かんようごく)
盥回し	(たらいまわし)
灌ぐ	(そそぐ)
灌腸	(かんちょう,カンチョウ)
灌漑	(かんがい)
罐	(かん,カン)
罐詰	(かんづめ)
罐詰め	(かんづめ)
鑵	(かん,カン)
光	(ひかり)
光ディスク	(ひかりディスク)
光の速さ	(ひかりのはやさ)
光ファイバ	(ひかりファイバー,ひかりファイバ)
光ファイバー	(ひかりファイバー,ひかりファイバ)
光り輝く	(ひかりかがやく)
光り物	(ひかりもの)
光る	(ひかる)
光波	(こうは)
光彩	(こうさい)
光磁気	(ひかりじき)
光電	(こうでん)
光電池	(こうでんち)
光電子	(こうでんし)
光度	(こうど)
光冠	(こうかん)
光合成	(こうごうせい)
光化学	(こうかがく)
光環	(こうかん)
光輝	(こうき)
光輝く	(ひかりかがやく)
光景	(こうけい)
光量	(こうりょう)
光明	(こうみょう,こうめい)
光年	(こうねん)
光熱費	(こうねつひ)
光栄	(こうえい)
光速	(こうそく)
光通信	(ひかりつうしん)
光物	(ひかりもの)
光線	(こうせん)
光学	(こうがく)
光学文字	(こうがくもじ)
光学繊維	(こうがくせんい)
光炎	(こうえん)
光焔	(こうえん)
光陰	(こういん)
光陰矢のごとし	(こういんやのごとし)
光陰矢の如し	(こういんやのごとし)
光源	(こうげん)
光沢	(こうたく)
光軸	(こうじく)
光子	(こうし)
広い	(ひろい)
広い支持	(ひろいしじ)
広がり	(ひろがり)
広がる	(ひろがる)
広げた腕	(ひろげたうで)
広げる	(ひろげる)
広さ	(ひろさ)
広びろ	(ひろびろ)
広まる	(ひろまる)
広め	(ひろめ)
広める	(ひろめる)
広報	(こうほう)
広報官	(こうほうかん)
広報情報	(こうほうじょうほう)
広場	(ひろば)
広大	(こうだい)
広島県	(ひろしまけん)
広東	(カントン)
広東語	(カントンご)
広汎	(こうはん)
広範	(こうはん)
広範囲	(こうはんい)
広告	(こうこく)
広告板	(こうこくばん)
広告代理店	(こうこくだいりてん)
広告社	(こうこくしゃ)
広告塔	(こうこくとう)
広告主	(こうこくぬし)
広々	(ひろびろ)
広広	(ひろびろ)
広軌	(こうき)
広角	(こうかく)
広漠	(こうばく)
広野	(こうや,ひろの)
広義	(こうぎ)
広域	(こういき)
広遠	(こうえん)
広州	(こうしゅう)
広壮	(こうそう)
廣い	(ひろい)
廣報	(こうほう)
廣島縣	(ひろしまけん)
廣東	(カントン)
廣汎	(こうはん)
廣告	(こうこく)
廣州	(こうしゅう)
珪素	(けいそ)
珪藻	(けいそう)
珪藻土	(けいそうど)
帰す	(かえす)
帰すう	(きすう,きしゅ)
帰り	(かえり)
帰り道	(かえりみち)
帰り路	(かえりみち)
帰る	(かえる)
帰巣性	(きそうせい)
帰国	(きこく)
帰国子女	(きこくしじょ)
帰国子女枠	(きこくしじょわく)
帰還	(きかん)
帰化	(きか)
帰結	(きけつ)
帰京	(ききょう)
帰路	(きろ)
帰納	(きのう)
帰納法	(きのうほう)
帰趨	(きすう,きしゅ)
帰趣	(きすう,きしゅ)
帰任	(きにん)
帰社	(きしゃ)
帰省	(きせい)
帰属	(きぞく)
帰順	(きじゅん)
帰途	(きと)
帰無仮説	(きむかせつ)
帰依	(きえ)
帰宅	(きたく)
帰着	(きちゃく)
規程	(きてい)
規定	(きてい)
規定値	(きていち)
規範	(きはん)
規格	(きかく)
規格化	(きかくか)
規格原案	(きかくげんあん)
規律	(きりつ)
規模	(きぼ)
規模の経済	(きぼのけいざい)
規約	(きやく)
規則	(きそく)
規則を破る	(きそくをやぶる)
規則的	(きそくてき)
規則正い	(きそくただしい)
規則正しい	(きそくただしい)
規制	(きせい)
規準	(きじゅん)
規準化	(きじゅんか)
硅素	(けいそ)
亀	(かめ,カメ)
亀っ甲	(きっこう,きこう)
亀の手	(かめのて)
亀の子	(かめのこ)
亀卜	(きぼく,かめうら)
亀甲	(きっこう,きこう)
亀鑑	(きかん)
亀裂	(きれつ)
亀頭	(きとう)
閨閥	(けいばつ)
閨秀	(けいしゅう)
龜	(かめ,カメ)
龜の手	(かめのて)
龜の子	(かめのこ)
龜卜	(きぼく,かめうら)
龜甲	(きっこう,きこう)
龜鑑	(きかん)
龜裂	(きれつ)
鮭	(さけ,しゃけ,サケ)
鮭茶づけ	(さけちゃづけ)
鮭茶漬け	(さけちゃづけ)
竃	(かま)
歸る	(かえる)
軌を一にする	(きをいつにする)
軌道	(きどう)
軌範	(きはん)
軌跡	(きせき)
鬼	(おに,き)
鬼ごっこ	(おにごっこ)
鬼才	(きさい)
鬼畜	(きちく)
鬼火	(おにび)
鬼理死丹	(キリシタン)
鬼女	(きじょ)
鬼神	(きしん,きじん,おにがみ)
詭弁	(きべん)
詭辯	(きべん)
詭道	(きどう)
詭計	(きけい)
詭謀	(きぼう)
桂	(かつら,カツラ)
桂庵	(けいあん)
桂冠	(けいかん)
桂冠詩人	(けいかんしじん)
桂皮	(けいひ)
桧	(ひのき,ひ,ヒノキ)
桧木	(ひのき,ひ,ヒノキ)
貴い	(とうとい,たっとい)
貴ぶ	(とうとぶ,たっとぶ)
貴賓	(きひん)
貴地	(きち)
貴殿	(きでん)
貴方	(きほう)
貴方がた	(あなたがた)
貴方々	(あなたがた)
貴方方	(あなたがた)
貴婦人	(きふじん)
貴翰	(きかん)
貴簡	(きかん)
貴賎	(きせん)
貴賤	(きせん)
貴金属	(ききんぞく)
貴男	(あなた)
貴女	(あなた)
貴社	(きしゃ)
貴紳	(きしん)
貴顕	(きけん)
貴様	(きさま)
貴意	(きい)
貴紙	(きし)
貴誌	(きし)
貴重	(きちょう)
貴重品	(きちょうひん)
貴族	(きぞく)
貴族院	(きぞくいん)
跪く	(ひざまずく,ひざまづく)
瞶める	(みつめる)
袞竜	(こんりょう)
袞龍	(こんりょう)
滾々	(こんこん,コンコン)
棍棒	(こんぼう)
郭公	(かっこう,カッコウ,カッコー)
鍋	(なべ)
鍋物	(なべもの)
国	(くに)
国ぐに	(くにぐに)
国ざかい	(こっきょう,くにざかい)
国じゅう	(くにじゅう,こくじゅう,こくちゅう)
国宝	(こくほう)
国別	(くにべつ)
国賓	(こくひん)
国策	(こくさく)
国産	(こくさん)
国産車	(こくさんしゃ)
国大	(こくだい)
国道	(こくどう)
国電	(こくでん)
国定	(こくてい)
国防	(こくぼう)
国防長官	(こくぼうちょうかん)
国防費	(こくぼうひ)
国防総省	(こくぼうそうしょう)
国費	(こくひ)
国富	(こくふ)
国歌	(こっか)
国々	(くにぐに)
国国	(くにぐに)
国花	(こっか)
国会	(こっかい)
国会議事堂	(こっかいぎじどう)
国会議員	(こっかいぎいん)
国籍	(こくせき)
国籍条項	(こくせきじょうこう)
国籍言語	(こくせきげんご)
国技	(こくぎ)
国際	(こくさい)
国際的	(こくさいてき)
国際的貿易	(こくさいてきぼうえき)
国際的取引き	(こくさいてきとりひき)
国際法	(こくさいほう)
国際返信切手券	(こくさいへんしんきってけん)
国際関係	(こくさいかんけい)
国際規格	(こくさいきかく)
国際規模	(こくさいきぼ)
国際化	(こくさいか)
国際機関	(こくさいきかん)
国際交流	(こくさいこうりゅう)
国際空港	(こくさいくうこう)
国際社会	(こくさいしゃかい)
国際市場	(こくさいしじょう)
国際通貨基金	(こくさいつうかききん)
国際援助機関	(こくさいえんじょきかん)
国際展開	(こくさいてんかい)
国家	(こっか)
国家テロ	(こっかテロ)
国家独占	(こっかどくせん)
国家主席	(こっかしゅせき)
国交	(こっこう)
国教	(こっきょう)
国界	(こっきょう,くにざかい)
国境	(こっきょう,くにざかい)
国境い	(こっきょう,くにざかい)
国庫	(こっこ)
国立	(こくりつ)
国立大学	(こくりつだいがく)
国立図書館	(こくりつとしょかん)
国連	(こくれん)
国連大使	(こくれんたいし)
国連旗	(こくれんき)
国連事務総長	(こくれんじむそうちょう)
国連総会	(こくれんそうかい)
国民	(こくみん)
国民の休日	(こくみんのきゅうじつ)
国民宿舎	(こくみんしゅくしゃ)
国民投票	(こくみんとうひょう)
国民総生産	(こくみんそうせいさん)
国名	(こくめい)
国内	(こくない)
国内規格	(こくないきかく)
国内経済	(こくないけいざい)
国内総生産	(こくないそうせいさん)
国旗	(こっき)
国慶節	(こっけいせつ)
国全土	(こくぜんど)
国辱	(こくじょく)
国史	(こくし)
国士	(こくし)
国事	(こくじ)
国事犯	(こくじはん)
国是	(こくぜ)
国勢	(こくせい)
国手	(こくしゅ)
国書	(こくしょ)
国税	(こくぜい)
国税局	(こくぜいきょく)
国税庁	(こくぜいちょう)
国粋	(こくすい)
国粋主義	(こくすいしゅぎ)
国鉄	(こくてつ)
国土	(こくど,くにつち)
国土庁長官	(こくどちょうちょうかん)
国外	(こくがい)
国外脱出	(こくがいだっしゅつ)
国王	(こくおう)
国威	(こくい)
国文	(こくぶん)
国務	(こくむ)
国務長官	(こくむちょうかん)
国務大臣	(こくむだいじん)
国務省	(こくむしょう)
国璽	(こくじ)
国益	(こくえき)
国営	(こくえい)
国営企業	(こくえいきぎょう)
国営通信	(こくえいつうしん)
国有	(こくゆう)
国語	(こくご)
国葬	(こくそう)
国賊	(こくぞく)
国債	(こくさい)
国政	(こくせい)
国中	(くにじゅう,こくじゅう,こくちゅう)
国字	(こくじ)
國	(くに)
國際	(こくさい)
國家	(こっか)
國語	(こくご)
摑まる	(つかまる)
摑み取る	(つかみとる)
摑む	(つかむ)
馘	(くび,クビ)
馘首	(かくしゅ)
果	(はて)
果して	(はたして)
果し合い	(はたしあい)
果し状	(はたしじょう)
果す	(はたす)
果せる	(おおせる)
果たして	(はたして)
果たし合い	(はたしあい)
果たし状	(はたしじょう)
果たす	(はたす)
果て	(はて)
果てし	(はてし)
果てしがない	(はてしがない)
果てしが無い	(はてしがない)
果てしない	(はてしない)
果てしなく	(はてしなく)
果てし無い	(はてしない)
果てし無く	(はてしなく)
果てる	(はてる)
果報	(かほう)
果報は寝て待て	(かほうはねてまて)
果報者	(かほうもの)
果菜	(かさい)
果断	(かだん)
果敢	(かかん)
果敢ない	(はかない)
果敢無い	(はかない)
果々しい	(はかばかしい)
果果しい	(はかばかしい)
果粒	(かりゅう)
果皮	(かひ)
果然	(かぜん)
果肉	(かにく)
果実	(かじつ)
果実店	(かじつてん)
果実酒	(かじつしゅ)
果食	(かしょく)
果樹	(かじゅ)
果樹園	(かじゅえん)
果糖	(かとう)
果無い	(はかない)
果物	(くだもの,かぶつ)
果物屋	(くだものや)
果汁	(かじゅう)
菓物	(くだもの,かぶつ)
菓子	(かし)
菓子屋	(かしや)
裹む	(つつむ)
過ぎ	(すぎ)
過ぎゆく	(すぎゆく,すぎいく)
過ぎる	(すぎる)
過ぎ去る	(すぎさる)
過ぎ行く	(すぎゆく,すぎいく)
過ごす	(すごす)
過す	(すごす)
過ち	(あやまち)
過つ	(あやまつ)
過般	(かはん)
過半	(かはん)
過半数	(かはんすう)
過褒	(かほう)
過保護	(かほご)
過不足	(かふそく,かぶそく)
過称	(かしょう)
過程	(かてい)
過大	(かだい)
過大評価	(かだいひょうか)
過怠	(かたい)
過当	(かとう)
過度	(かど)
過度の弁解	(かどのべんかい)
過渡	(かと)
過渡的	(かとてき)
過渡期	(かとき)
過多	(かた)
過分	(かぶん)
過激	(かげき)
過激派	(かげきは)
過酷	(かこく)
過労	(かろう)
過労死	(かろうし)
過量	(かりょう)
過料	(かりょう,あやまちりょう)
過密	(かみつ)
過敏	(かびん)
過敏症	(かびんしょう)
過年度	(かねんど)
過勤	(かきん)
過去	(かこ)
過去る	(すぎさる)
過去形	(かこけい)
過熱	(かねつ)
過日	(かじつ)
過賞	(かしょう)
過少	(かしょう)
過少評価	(かしょうひょうか)
過剰	(かじょう)
過剰利益	(かじょうりえき)
過失	(かしつ)
過食	(かしょく)
過食症	(かしょくしょう)
過疎	(かそ)
過酸化物	(かさんかぶつ)
過誤	(かご)
過小	(かしょう)
過小評価	(かしょうひょうか)
過信	(かしん)
過行く	(すぎゆく,すぎいく)
過言	(かごん,かげん)
過重	(かじゅう)
蛤	(はまぐり,ハマグリ)
蛤仔	(あさり,アサリ)
咳	(せき,しわぶき)
咳き払い	(せきばらい)
咳ばらい	(せきばらい)
咳払い	(せきばらい)
咳嗽	(がいそう)
骸	(から)
骸骨	(がいこつ,ガイコツ)
還す	(かえす)
還り	(かえり)
還る	(かえる)
還境	(かんきょう)
還暦	(かんれき)
還流	(かんりゅう)
還俗	(げんぞく)
還向	(げこう)
還元	(かんげん)
海	(うみ,み,わた)
海ガメ	(うみがめ,うみガメ,ウミガメ)
海がめ	(うみがめ,うみガメ,ウミガメ)
海の幸	(うみのさち)
海べ	(うみべ,かいへん)
海岸	(かいがん)
海岸通り	(かいがんどおり)
海岸線	(かいがんせん)
海抜	(かいばつ)
海浜	(かいひん)
海豹	(アザラシ,あざらし,かいひょう)
海邊	(うみべ,かいへん)
海兵	(かいへい)
海兵隊	(かいへいたい)
海参	(いりこ)
海草	(かいそう,うみくさ,うみぐさ)
海産物	(かいさんぶつ)
海産業	(かいさんぎょう)
海胆	(うに,ウニ)
海底	(かいてい,うなぞこ)
海底ケーブル	(かいていケーブル)
海辺	(うみべ,かいへん)
海港	(かいこう)
海溝	(かいこう)
海亀	(うみがめ,うみガメ,ウミガメ)
海国	(かいこく)
海将	(かいしょう)
海軍	(かいぐん)
海老	(えび,エビ)
海狸	(かいり,うみだぬき)
海里	(かいり,カイリ)
海栗	(うに,ウニ)
海猟	(らっこ,ラッコ)
海流	(かいりゅう)
海陸	(かいりく)
海路	(かいろ,うみじ,うなじ)
海驢	(あしか,みち,アシカ)
海馬	(とど,トド)
海鰻	(あなご,アナゴ)
海綿	(かいめん,うみわた)
海面	(かいめん)
海鳴り	(うみなり)
海難	(かいなん)
海鳥	(うみどり,かいちょう)
海女	(あま,あまめ)
海千山千	(うみせんやません)
海扇	(ほたてがい,ホタテガイ)
海商法	(かいしょうほう)
海上	(かいじょう,かいしょう)
海深	(かいしん)
海神	(かいじん,かいしん,わたつみ)
海生動物	(かいせいどうぶつ)
海石榴	(つばき,さんちゃ,ツバキ)
海食	(かいしょく)
海蝕	(かいしょく)
海事	(かいじ)
海鼠	(なまこ,かいそ,こ)
海水	(かいすい)
海水パンツ	(かいすいパンツ)
海水浴	(かいすいよく)
海水浴場	(かいすいよくじょう)
海水着	(かいすいぎ)
海獺	(らっこ,ラッコ)
海苔	(のり,ノリ)
海豚	(いるか,イルカ)
海外	(かいがい)
海外投資	(かいがいとうし)
海王星	(かいおうせい)
海峡	(かいきょう)
海象	(せいうち,かいぞう,セイウチ)
海嘯	(つなみ)
海沿い	(うみぞい)
海洋	(かいよう)
海洋科学	(かいようかがく)
海鷂魚	(えい,エイ)
海域	(かいいき)
海原	(うなばら,うなはら)
海員	(かいいん)
海月	(クラゲ,くらげ)
海運	(かいうん)
海藻	(かいそう)
海賊	(かいぞく)
海中	(かいちゅう)
亥	(い)
亥年	(いどし)
害	(がい)
害う	(そこなう)
害する	(がいする)
害虫	(がいちゅう)
害毒	(がいどく)
害悪	(がいあく)
害鳥	(がいちょう)
駭く	(おどろく)
鼾	(いびき,イビキ)
鼾声	(かんせい)
鼾睡	(かんすい)
邯鄲の歩み	(かんたんのあゆみ)
邯鄲の夢	(かんたんのゆめ)
邯鄲師	(かんたんし)
邯鄲之夢	(かんたんのゆめ)
含ます	(ふくます)
含ませる	(ふくませる)
含まれない	(ふくまれない)
含まれる	(ふくまれる)
含み	(ふくみ)
含み声	(ふくみごえ)
含み笑い	(ふくみわらい)
含む	(ふくむ,くくむ)
含める	(ふくめる)
含塵率	(がんじんりつ)
含量	(がんりょう)
含水	(がんすい)
含水化合物	(がんすいかごうぶつ)
含水炭素	(がんすいたんそ)
含嗽薬	(がんそうやく)
含糖	(がんとう)
含糖量	(がんとうりょう)
含味	(がんみ)
含羞む	(はにかむ)
含蓄	(がんちく)
含意	(がんい)
含油層	(がんゆそう)
含有	(がんゆう)
含有量	(がんゆうりょう)
函	(はこ,ハコ)
函れる	(いれる)
函蓋	(かんがい)
函嶺	(かんれい)
函渠	(かんきょ)
函人	(かんじん)
函数	(かんすう)
涵養	(かんよう)
寒い	(さむい,さぶい)
寒がり	(さむがり)
寒がる	(さむがる)
寒け	(さむけ)
寒さ	(さむさ)
寒波	(かんぱ)
寒村	(かんそん)
寒帯	(かんたい)
寒帯林	(かんたいりん)
寒地	(かんち)
寒風	(かんぷう)
寒害	(かんがい)
寒々	(さむざむ)
寒寒	(さむざむ)
寒空	(さむぞら)
寒冷	(かんれい)
寒流	(かんりゅう)
寒冒	(かんぼう)
寒暖計	(かんだんけい)
寒気	(さむけ)
寒暑	(かんしょ)
寒天	(かんてん)
寒武利亜	(カンブリア)
寒夜	(かんや)
寒中	(かんちゅう)
韓方薬	(かんぽうやく)
韓国	(かんこく)
韓国人	(かんこくじん)
韓国語	(かんこくご)
韓國	(かんこく)
韓人	(かんじん)
汗	(あせ)
汗ばむ	(あせばむ)
汗をかく	(あせをかく)
汗を掻く	(あせをかく)
汗を搔く	(あせをかく)
汗腺	(かんせん)
汗顔	(かんがん)
汗疣	(あせも,あせぼ)
汗疹	(あせも,あせぼ)
旱	(ひでり)
旱り	(ひでり)
旱魃	(かんばつ)
旱害	(かんがい)
旱天	(かんてん)
莟	(つぼみ)
悍しい	(おぞましい)
悍ましい	(おぞましい)
悍馬	(かんば)
漢方薬	(かんぽうやく)
漢和	(かんわ)
漢民族	(かんみんぞく)
漢気	(おとこぎ,きょうき)
漢詩	(かんし)
漢文	(かんぶん)
漢文訓読	(かんぶんくんどく)
漢音	(かんおん)
漢英	(かんえい)
漢英辞典	(かんえいじてん)
漢英字典	(かんえいじてん)
漢語	(かんご)
漢越音	(かんえつおん)
漢字	(かんじ)
漢字変換	(かんじへんかん)
漢字文化圏	(かんじぶんかけん)
翰長	(かんちょう)
翰林	(かんりん)
翰林院	(かんりんいん)
翰墨	(かんぼく)
頷く	(うなずく,うなづく)
憾み	(うらみ)
駻馬	(かんば)
杭	(くい)
航程	(こうてい)
航法	(こうほう)
航海	(こうかい)
航海日誌	(こうかいにっし)
航跡	(こうせき)
航空	(こうくう)
航空便	(こうくうびん)
航空攻撃	(こうくうこうげき)
航空管理	(こうくうかんり)
航空会社	(こうくうがいしゃ)
航空機	(こうくうき)
航空母艦	(こうくうぼかん)
航空券	(こうくうけん)
航空書簡	(こうくうしょかん)
航空優勢	(こうくうゆうせい)
航空宇宙工業	(こうくううちゅうこうぎょう)
航空宇宙技術研究所	(こうくううちゅうぎじゅつけんきゅうじょ)
航路	(こうろ)
航行	(こうこう)
航続	(こうぞく)
航宇	(こうう)
蒿	(よもぎ,ヨモギ)
蒿雀	(あおじ,アオジ)
竓	(ミリリットル)
毫も	(ごうも)
毫厘	(ごうり,ごうりん)
毫釐	(ごうり,ごうりん)
貉	(むじな,ムジナ)
豪い	(えらい,エライ,エラい)
豪がる	(えらがる)
豪の者	(ごうのもの,こうのもの)
豪胆	(ごうたん)
豪放	(ごうほう)
豪腹	(ごうふく)
豪華	(ごうか)
豪華版	(ごうかばん)
豪家	(ごうか)
豪傑	(ごうけつ)
豪快	(ごうかい)
豪力	(ごうりき)
豪邁	(ごうまい)
豪農	(ごうのう)
豪気	(ごうき)
豪球	(ごうきゅう)
豪商	(ごうしょう)
豪商層	(ごうしょうそう)
豪奢	(ごうしゃ)
豪盛	(ごうせい,こうせい)
豪勢	(ごうせい,こうせい)
豪爽	(ごうそう)
豪太剌利	(オーストラリア)
豪物	(えらぶつ,えらもの)
豪雪	(ごうせつ)
豪毅	(ごうき)
豪飲	(ごういん)
豪勇	(ごうゆう)
豪遊	(ごうゆう)
豪雨	(ごうう)
豪雨禍	(ごううか)
豪語	(ごうご)
豪州	(ごうしゅう)
豪壮	(ごうそう)
豪族	(ごうぞく)
壕	(ほり)
濠	(ほり)
濠太剌利	(オーストラリア)
濠州	(ごうしゅう)
濠洲	(ごうしゅう)
好	(よしみ,ぎ,よしび)
好い	(よい,えい)
好い加減	(いいかげん)
好き	(すき)
好きかって	(すきかって)
好ききらい	(すききらい)
好きずき	(すきずき)
好き好き	(すきずき)
好き勝手	(すきかって)
好き嫌い	(すききらい)
好き者	(すきもの)
好く	(よく)
好し	(よし,えし)
好ましい	(このましい)
好み	(このみ)
好む	(このむ)
好調	(こうちょう)
好都合	(こうつごう)
好餌	(こうじ)
好感	(こうかん)
好個	(こうこ)
好漢	(こうかん)
好機	(こうき)
好加減	(いいかげん)
好況	(こうきょう)
好例	(こうれい)
好男子	(こうだんし)
好評	(こうひょう)
好奇心	(こうきしん)
好人物	(こうじんぶつ)
好色	(こうしょく)
好色っ漢	(こうしょっかん,こうしょくかん)
好色漢	(こうしょっかん,こうしょくかん)
好色者	(こうしょくしゃ)
好尚	(こうしょう)
好事家	(こうずか)
好事魔多し	(こうじまおおし)
好適	(こうてき)
好手	(こうしゅ)
好投	(こうとう)
好物	(こうぶつ)
好嫌	(すききらい)
好学	(こうがく)
好演	(こうえん)
好宜	(こうぎ)
好意	(こうい)
好誼	(こうぎ)
好遇	(こうぐう)
好運	(こううん)
好者	(すきもの)
好転	(こうてん)
号	(ごう)
号車	(ごうしゃ)
号俸	(ごうほう)
号館	(ごうかん)
号令	(ごうれい)
号砲	(ごうほう)
号泣	(ごうきゅう)
号室	(ごうしつ)
号数	(ごうすう)
号外	(ごうがい)
浩瀚	(こうかん)
浩然	(こうぜん)
號	(ごう)
呵る	(しかる)
呵責	(かしゃく)
呵嘖	(かしゃく)
喝さい	(かっさい)
喝采	(かっさい)
喝破	(かっぱ)
合	(あい)
合い	(あい)
合いくぎ	(あいくぎ)
合いことば	(あいことば)
合いの戸	(あいのと)
合いの手	(あいのて)
合いの子	(あいのこ)
合い標	(あいじるし)
合い乗り	(あいのり)
合い詞	(あいことば)
合い釘	(あいくぎ)
合い方	(あいかた)
合い間	(あいま)
合い見積もり	(あいみつもり)
合い見積り	(あいみつもり)
合い鍵	(あいかぎ)
合い口	(あいくち)
合い判	(あいばん)
合い席	(あいせき)
合い性	(あいしょう)
合い言葉	(あいことば)
合い薬	(あいぐすり)
合い印	(あいじるし)
合い着	(あいぎ)
合う	(あう,おう)
合える	(あえる)
合カギ	(あいかぎ)
合さる	(あわさる)
合す	(あわす)
合する	(がっする)
合せて	(あわせて)
合せもの	(あわせもの)
合せる	(あわせる)
合せ鏡	(あわせかがみ)
合せ目	(あわせめ)
合せ物	(あわせもの)
合の手	(あいのて)
合の子	(あいのこ)
合わさる	(あわさる)
合わす	(あわす)
合わせ	(あわせ)
合わせて	(あわせて)
合わせもの	(あわせもの)
合わせる	(あわせる)
合わせ板	(あわせいた)
合わせ砥	(あわせど)
合わせ鏡	(あわせかがみ)
合わせ目	(あわせめ)
合わせ物	(あわせもの)
合わせ行なう	(あわせおこなう)
合板	(ごうはん,ごうばん)
合辦	(ごうべん)
合瓣	(ごうべん)
合棒	(あいぼう)
合抱	(ごうほう)
合本	(がっぽん)
合壁	(がっぺき,かっぺき)
合弁	(ごうべん)
合標	(あいじるし)
合併	(がっぺい)
合併症	(がっぺいしょう)
合冊	(がっさつ,ごうさつ)
合唱	(がっしょう)
合唱隊	(がっしょうたい)
合唱隊長	(がっしょうたいちょう)
合唱隊員	(がっしょうたいいん)
合唱団	(がっしょうだん)
合成	(ごうせい)
合成宝石	(ごうせいほうせき)
合成化学	(ごうせいかがく)
合成化学工業	(ごうせいかがくこうぎょう)
合成酒	(ごうせいしゅ)
合成力	(ごうせいりょく)
合成樹脂	(ごうせいじゅし)
合成物	(ごうせいぶつ)
合成繊維	(ごうせいせんい)
合成語	(ごうせいご)
合乗り	(あいのり)
合槌	(あいづち,あいずち)
合祠	(ごうし)
合従連衡	(がっしょうれんこう)
合点	(がてん,がってん)
合点がいく	(がてんがいく,がてんがゆく)
合点がゆく	(がてんがいく,がてんがゆく)
合点が行く	(がてんがいく,がてんがゆく)
合調	(ごうちょう)
合釘	(あいくぎ)
合法	(ごうほう)
合法的	(ごうほうてき)
合法化	(ごうほうか)
合法性	(ごうほうせい)
合方	(あいかた)
合否	(ごうひ)
合格	(ごうかく)
合格祈願	(ごうかくきがん)
合格者	(ごうかくしゃ)
合歓	(ごうかん)
合計	(ごうけい)
合剤	(ごうざい)
合祭	(ごうさい)
合間	(あいま)
合鍵	(あいかぎ)
合金	(ごうきん)
合口	(あいくち)
合理	(ごうり)
合理的	(ごうりてき)
合理化	(ごうりか)
合理性	(ごうりせい)
合理主義	(ごうりしゅぎ)
合理主義者	(ごうりしゅぎしゃ)
合力	(ごうりょく,ごうりき,こうりょく)
合流	(ごうりゅう)
合名会社	(ごうめいがいしゃ)
合判	(あいばん)
合評	(がっぴょう)
合気道	(あいきどう)
合気道家	(あいきどうか)
合氣道	(あいきどう)
合切	(がっさい)
合切袋	(がっさいぶくろ)
合衾	(ごうきん)
合式	(ごうしき)
合祀	(ごうし)
合宿	(がっしゅく)
合宿所	(がっしゅくじょ,がっしゅくしょ)
合算	(がっさん)
合体	(がったい,ごうたい)
合同	(ごうどう)
合同会合	(ごうどうかいごう)
合同会議	(ごうどうかいぎ)
合同技術委員会	(ごうどうぎじゅついいんかい)
合同軍	(ごうどうぐん)
合同慰霊祭	(ごうどういれいさい)
合図	(あいず)
合席	(あいせき)
合憲	(ごうけん)
合憲性	(ごうけんせい)
合性	(あいしょう)
合鴨	(あいがも,アイガモ)
合言葉	(あいことば)
合一	(ごういつ)
合意	(ごうい)
合意情死	(ごういじょうし)
合意心中	(ごういしんじゅう)
合議	(ごうぎ)
合議制	(ごうぎせい)
合議制度	(ごうぎせいど)
合印	(あいじるし)
合羽	(カッパ,かっぱ)
合憎	(あいにく)
合戦	(かっせん)
合掌	(がっしょう)
合着	(あいぎ)
合致	(がっち)
合衆国	(がっしゅうこく)
合州国	(がっしゅうこく)
合著	(がっちょ,ごうちょ)
合資	(ごうし)
合資会社	(ごうしがいしゃ)
合奏	(がっそう)
合奏調	(がっそうちょう)
合作	(がっさく)
何	(なに,ナニ)
何う	(どう)
何か	(なにか,なんか)
何かかにか	(なにかかにか)
何がし	(なにがし,なにぼう)
何かと	(なにかと)
何がなんでも	(なにがなんでも)
何かにつけて	(なにかにつけて)
何かに付けて	(なにかにつけて)
何か彼にか	(なにかかにか)
何が何だか	(なにがなんだか)
何が何でも	(なにがなんでも)
何か無しに	(なんかなしに)
何ヵ月	(なんかげつ)
何カ月	(なんかげつ)
何か月	(なんかげつ)
何くれ	(なにくれ)
何くれとなく	(なにくれとなく)
何げない	(なにげない)
何げなく	(なにげなく)
何ヶ月	(なんかげつ)
何ごと	(なにごと)
何ごともなく	(なにごともなく)
何ごとも無く	(なにごともなく)
何さま	(なにさま)
何じゃそら	(なんじゃそりゃ,なんじゃそら)
何じゃそりゃ	(なんじゃそりゃ,なんじゃそら)
何しろ	(なにしろ)
何せ	(なにせ,なんせ)
何だか	(なんだか)
何だかだ	(なんだかんだ,なんだかだ)
何だかんだ	(なんだかんだ,なんだかだ)
何たる	(なんたる)
何だ彼だ	(なんだかんだ,なんだかだ)
何だ彼んだ	(なんだかんだ,なんだかだ)
何つう	(なんという,なんとゆう,なんつー)
何つー	(なんという,なんとゆう,なんつー)
何て	(なんて)
何でもかんでも	(なんでもかんでも)
何でもない	(なんでもない)
何でも彼んでも	(なんでもかんでも)
何でも屋	(なんでもや)
何でも無い	(なんでもない)
何と	(なんと)
何という	(なんという,なんとゆう,なんつー)
何とか	(なんとか)
何とかかんとか	(なんとかかんとか)
何とか彼とか	(なんとかかんとか)
何とぞ	(なにとぞ,なにそつ)
何となく	(なんとなく,なにとなく)
何とはなしに	(なんとはなしに)
何とは無しに	(なんとはなしに)
何とも	(なんとも)
何と無く	(なんとなく,なにとなく)
何と言う	(なんという,なんとゆう,なんつー)
何なり	(なんなり)
何にしても	(なんにしても,なににしても)
何のくらい	(どのくらい,どのぐらい)
何のなにがし	(なんのなにがし)
何の某	(なんのなにがし)
何の気なしに	(なんのきなしに)
何の気無しに	(なんのきなしに)
何の位	(どのくらい,どのぐらい)
何の様	(どのよう)
何ぶん	(なにぶん)
何べん	(なんべん)
何べんも	(なんべんも)
何も	(なにも,なんも)
何もかも	(なにもかも)
何もの	(なにもの)
何も彼も	(なにもかも)
何やかや	(なんやかや,なにやかや)
何やら	(なにやら)
何やらかにやら	(なにやらかにやら)
何やら彼にやら	(なにやらかにやら)
何や彼や	(なんやかや,なにやかや)
何より	(なにより)
何ら	(なんら,なにら)
何れ	(いずれ,いづれ)
何れでも	(どれでも)
何れにしても	(いずれにしても)
何れにせよ	(いずれにせよ)
何れの場合においても	(いずれのばあいにおいても)
何れまた	(いずれまた)
何れも	(どれも,いずれも)
何れ程	(どれほど)
何れ何れ	(どれどれ)
何れ又	(いずれまた)
何を言うてんねん	(なにをいうてんねん,なにをゆうてんねん)
何百	(なんびゃく)
何彼と	(なにかと)
何彼につけて	(なにかにつけて)
何遍	(なんべん)
何遍も	(なんべんも)
何才	(なんさい)
何喰わぬ顔	(なにくわぬかお)
何程	(どれほど)
何処	(どこ,いずこ,いずく)
何処か	(どこか,どっか)
何処でも	(どこでも)
何処となく	(どことなく)
何処ともなく	(どこともなく,いずこともなく)
何処とも無く	(どこともなく,いずこともなく)
何処と無く	(どことなく)
何処まで	(どこまで)
何処までも	(どこまでも)
何処も	(どこも)
何処其処	(どこそこ)
何処迄	(どこまで)
何処迄も	(どこまでも)
何處	(どこ,いずこ,いずく)
何等	(なんら,なにら)
何点	(なんてん)
何度	(なんど)
何度か	(なんどか)
何度でも	(なんどでも)
何度も	(なんども)
何番	(なんばん)
何番め	(なんばんめ)
何番目	(なんばんめ)
何方	(どちら,どっち)
何方でも	(どなたでも)
何方へ	(どちらへ)
何方も	(どちらも,どっちも)
何方付かず	(どっちつかず)
何方様	(どちらさま)
何分	(なんぷん)
何個	(なんこ)
何箇	(なんこ)
何故	(なぜ)
何故かいうと	(なぜかというと)
何故かと言うと	(なぜかというと)
何故なら	(なぜなら)
何故ならば	(なぜならば)
何々	(なになに)
何何	(なになに)
何回	(なんかい)
何回も	(なんかいも)
何某	(なにがし,なにぼう)
何年	(なんねん)
何奴	(どいつ,どやつ)
何期も	(なんきも)
何気ない	(なにげない)
何気なく	(なにげなく)
何気無い	(なにげない)
何気無く	(なにげなく)
何千	(なんぜん)
何人	(なんにん)
何人も	(なにびとも,なんびとも,なんぴとも)
何日	(なんにち)
何色搨	(なんしょくずり)
何食わぬ顔	(なにくわぬかお)
何時	(なんじ)
何時か	(いつか)
何時から	(いつから)
何時ごろ	(いつごろ)
何時しか	(いつしか)
何時ぞや	(いつぞや)
何時でも	(いつでも,なんどきでも)
何時なんどき	(いつなんどき)
何時にない	(いつにない)
何時に無い	(いつにない)
何時の間にか	(いつのまにか)
何時の間にやら	(いつのまにやら)
何時まで	(いつまで)
何時までも	(いつまでも)
何時も	(いつも)
何時もの通りに	(いつものとおりに)
何時もより	(いつもより)
何時何時	(いつなんどき)
何時何時までも	(いついつまでも)
何時何時迄も	(いついつまでも)
何時間	(なんじかん)
何時迄	(いつまで)
何時迄も	(いつまでも)
何時頃	(いつごろ)
何事	(なにごと)
何事もなく	(なにごともなく)
何事も無く	(なにごともなく)
何歳	(なんさい)
何所	(どこ,いずこ,いずく)
何条	(なんじょう)
何呉	(なにくれ)
何呉となく	(なにくれとなく)
何呉と無く	(なにくれとなく)
何物	(なにもの)
何心なく	(なにごころなく)
何心無く	(なにごころなく)
何様	(なにさま)
何曜日	(なんようび)
何用で	(なにようで)
何月	(なんがつ)
何者	(なにもの)
何卒	(なにとぞ,なにそつ)
和	(わ)
和える	(あえる)
和ぎ	(なぎ)
和とじ	(わとじ)
和む	(なごむ)
和やか	(なごやか)
和らぐ	(やわらぐ)
和らげる	(やわらげる)
和本	(わほん)
和布	(わかめ,ワカメ)
和独	(わどく)
和風	(わふう)
和服	(わふく)
和歌	(わか)
和歌山県	(わかやまけん)
和歌山縣	(わかやまけん)
和菓子	(わがし)
和魂洋才	(わこんようさい)
和解	(わかい,わげ)
和金	(わきん)
和冦	(わこう)
和寇	(わこう)
和蘭	(オランダ)
和蘭陀	(オランダ)
和名	(わめい,わみょう)
和睦	(わぼく)
和牛	(わぎゅう)
和平	(わへい)
和平プロセス	(わへいプロセス)
和平交渉	(わへいこうしょう)
和平協定	(わへいきょうてい)
和気あいあい	(わきあいあい)
和気藹々	(わきあいあい)
和気藹藹	(わきあいあい)
和気靄々	(わきあいあい)
和人	(わじん)
和上	(おしょう,かしょう,わじょう)
和尚	(おしょう,かしょう,わじょう)
和食	(わしょく)
和室	(わしつ)
和太鼓	(わだいこ,わたいこ)
和文	(わぶん)
和洋	(わよう)
和洋折衷	(わようせっちゅう)
和訳	(わやく)
和音	(わおん)
和英	(わえい)
和英辞典	(わえいじてん)
和語	(わご)
和楽	(わがく)
和紙	(わし,わがみ)
和製	(わせい)
和装	(わそう)
和綴じ	(わとじ)
和佐比	(わさび,ワサビ)
劾奏	(がいそう)
河	(かわ,がわ)
河岸	(かわぎし,かがん)
河川	(かせん)
河床	(かしょう,かわどこ,かわゆか)
河港	(かこう)
河口	(かこう,かわぐち)
河鹿	(カジカ,かじか)
河馬	(かば,カバ)
河面	(かわも,かわづら,かわつら)
河内	(ハノイ)
河畔	(かはん)
河水	(かすい)
河獺	(かわうそ,うそ,おそ)
河童	(かっぱ,カッパ,かわっぱ)
河童巻き	(かっぱまき)
河豚	(ふぐ,ふく,ふくべ)
河沿い	(かわぞい)
河原	(かわら)
狢	(むじな,ムジナ)
荷	(に)
荷う	(になう)
荷くずれ	(にくずれ)
荷さばき	(にさばき)
荷づくり	(にづくり)
荷なう	(になう)
荷捌	(にさばき)
荷捌き	(にさばき)
荷崩れ	(にくずれ)
荷車	(にぐるま)
荷船	(にぶね)
荷担	(かたん)
荷電	(かでん)
荷動き	(にうごき)
荷厄介	(にやっかい)
荷積	(にづみ)
荷積み	(にづみ)
荷馬	(にうま)
荷馬車	(にばしゃ)
荷縄	(になわ)
荷受	(にうけ)
荷受け	(にうけ)
荷送	(におくり)
荷送り	(におくり)
荷台	(にだい)
荷駄	(にだ)
荷為替	(にがわせ)
荷物	(にもつ)
荷物を詰める	(にもつをつめる)
荷揚げ	(にあげ)
荷役	(にやく)
荷造り	(にづくり)
荷札	(にふだ)
荷重	(かじゅう)
荷主	(にぬし)
荷足	(にあし)
荷足り	(にたり)
荷作り	(にづくり)
核	(かく)
核エネルギー	(かくエネルギー)
核爆発	(かくばくはつ)
核爆弾	(かくばくだん)
核兵器	(かくへいき)
核兵器実験	(かくへいきじっけん)
核反応	(かくはんのう)
核反応炉	(かくはんのうろ)
核分裂	(かくぶんれつ)
核家族	(かくかぞく)
核開発	(かくかいはつ)
核燃料	(かくねんりょう)
核仁	(かくじん)
核融合	(かくゆうごう)
核実験	(かくじっけん)
核酸	(かくさん)
核弾頭	(かくだんとう)
核武装	(かくぶそう)
核心	(かくしん)
核抑止力	(かくよくしりょく)
核災害	(かくさいがい)
核戦争	(かくせんそう)
核子	(かくし)
涸びる	(からびる)
涸れる	(かれる)
涸渇	(こかつ)
闔	(とびら)
賀詞	(がし)
賀宴	(がえん)
賀意	(がい)
賀正	(がしょう,がせい)
賀状	(がじょう)
赫かしい	(かがやかしい)
赫かす	(かがやかす)
赫き	(かがやき)
赫く	(かがやく)
赫々	(かくかく,かっかく)
赫赫	(かくかく,かっかく)
褐毛和種	(あかげわしゅ)
褐色	(かっしょく)
褐炭	(かったん)
褐藻	(かっそう)
鶴	(つる,ツル)
鶴はし	(つるはし,ツルハシ)
鶴嘴	(つるはし,ツルハシ)
黒	(くろ)
黒あざ	(くろあざ)
黒い	(くろい)
黒い霧	(くろいきり)
黒くする	(くろくする)
黒くも	(くろくも,くろぐも,こくうん)
黒こげ	(くろこげ)
黒ずむ	(くろずむ)
黒っぽい	(くろっぽい)
黒ぬり	(くろぬり)
黒ネコ	(くろねこ,クロネコ)
黒ネズミ	(くろねずみ)
黒ねずみ	(くろねずみ)
黒ばむ	(くろばむ)
黒びかり	(くろびかり)
黒ヒョウ	(くろひょう,クロヒョウ)
黒ひょう	(くろひょう,クロヒョウ)
黒ぶち	(くろぶち)
黒まる	(くろまる)
黒める	(くろめる)
黒らか	(くろらか)
黒んぼ	(くろんぼ,くろんぼう,クロンボ)
黒んぼう	(くろんぼ,くろんぼう,クロンボ)
黒ん坊	(くろんぼ,くろんぼう,クロンボ)
黒白	(くろしろ,こくはく,こくびゃく)
黒斑	(こくはん,くろぶち,くろふ)
黒板	(こくばん)
黒板拭き	(こくばんふき)
黒豹	(くろひょう,クロヒョウ)
黒表	(こくひょう)
黒駁	(こくはん,くろぶち,くろふ)
黒茶	(くろちゃ,こくちゃ)
黒潮	(くろしお)
黒船	(くろふね)
黒帯	(くろおび)
黒地	(くろじ)
黒底翳	(こくないしょう,くろそこひ)
黒点	(こくてん)
黒豆	(くろまめ,クロマメ)
黒髪	(くろかみ,こくはつ)
黒風	(こくふう)
黒風白雨	(こくふうはくう)
黒服	(くろふく)
黒光り	(くろびかり)
黒海	(こっかい)
黒褐色	(こっかっしょく)
黒々	(くろぐろ)
黒黒	(くろぐろ)
黒鍵	(こっけん)
黒焦げ	(くろこげ)
黒金	(くろがね)
黒金剛石	(くろこんごうせき)
黒酒	(くろき)
黒緑	(くろみどり)
黒麦	(くろむぎ,クロムギ)
黒猫	(くろねこ,クロネコ)
黒苺	(くろいちご,クロイチゴ)
黒米	(くろごめ,くろまい,こくまい)
黒木	(くろき)
黒目	(くろめ)
黒幕	(くろまく)
黒内障	(こくないしょう,くろそこひ)
黒奴	(こくど)
黒漆	(こくしつ,くろうるし)
黒鉛	(こくえん)
黒人	(くろうと,くろと)
黒人霊歌	(こくじんれいか)
黒肉	(くろにく)
黒繻子	(くろじゅす)
黒色	(くろいろ,こくしょく)
黒色ガン	(こくしょくがん)
黒色がん	(こくしょくがん)
黒色癌	(こくしょくがん)
黒色人種	(こくしょくじんしゅ)
黒色腫	(こくしょくしゅ)
黒砂糖	(くろざとう)
黒山	(くろやま)
黒焼	(くろやき)
黒焼き	(くろやき)
黒焼け	(くろやけ)
黒蛇	(くろへび)
黒鼠	(くろねずみ)
黒水熱	(こくすいねつ)
黒水引	(くろみずひき)
黒死病	(こくしびょう)
黒松	(くろまつ,クロマツ)
黒穂	(くろほ,くろぼ)
黒壇	(こくたん)
黒檀	(こくたん)
黒炭	(こくたん)
黒頭巾	(くろずきん)
黒塗	(くろぬり)
黒塗り	(くろぬり)
黒土	(こくど,くろつち)
黒丸	(くろまる)
黒紋付	(くろもんつき)
黒紋付き	(くろもんつき)
黒線	(こくせん)
黒星	(くろぼし)
黒猩々	(くろしょうじょう)
黒猩猩	(くろしょうじょう)
黒熊	(くろくま,くろぐま)
黒銹病	(くろさびびょう)
黒血	(くろち)
黒煙	(こくえん,くろけむり)
黒眼	(くろめ)
黒眼鏡	(くろめがね)
黒曜石	(こくようせき)
黒曜岩	(こくようがん)
黒燿石	(こくようせき)
黒耀石	(こくようせき)
黒衣	(くろご,くろこ)
黒衣の宰相	(こくいのさいしょう,こくえのさいしょう)
黒蟻	(くろあり,クロアリ)
黒翳	(こくえい)
黒影	(こくえい)
黒円	(くろまる)
黒縁	(くろぶち)
黒雲	(くろくも,くろぐも,こくうん)
黒雲母	(くろうんも)
黒痣	(くろあざ)
黒装束	(くろしょうぞく)
黒子	(くろご,くろこ)
黒字	(くろじ)
黒枠	(くろわく)
痕	(あと)
痕迹	(こんせき)
痕跡	(こんせき)
痕蹟	(こんせき)
恨しい	(うらめしい)
恨み	(うらみ)
恨みっこなし	(うらみっこなし)
恨みっこ無し	(うらみっこなし)
恨み事	(うらみごと)
恨み言	(うらみごと)
恨む	(うらむ)
恨めしい	(うらめしい)
恨事	(こんじ)
恒常	(こうじょう)
恒等式	(こうとうしき)
恒久	(こうきゅう)
恒久化	(こうきゅうか)
恒例	(こうれい)
恒温器	(こうおんき)
恒心	(こうしん)
恒星	(こうせい)
桁	(けた)
桁橋	(けたばし)
横	(よこ,ヨコ)
横ぎる	(よこぎる)
横ざま	(よこざま,よこさま)
横しま	(よこしま)
横じま	(よこじま)
横たえる	(よこたえる)
横たわる	(よこたわる)
横づけ	(よこづけ)
横っつら	(よこっつら)
横っ腹	(よこっぱら)
横っ面	(よこっつら)
横どり	(よこどり)
横抱き	(よこだき)
横暴	(おうぼう)
横柄	(おうへい)
横並び現象	(よこならびげんしょう)
横波	(よこなみ,おうは)
横長	(よこなが)
横車	(よこぐるま)
横刀	(たち)
横道	(よこみち)
横笛	(よこぶえ,おうてき,ようじょう)
横丁	(よこちょう)
横町	(よこちょう)
横断	(おうだん)
横断歩道	(おうだんほどう)
横隊	(おうたい)
横奪	(おうだつ)
横風	(おうふう)
横幅	(よこはば)
横付け	(よこづけ)
横腹	(よこばら)
横綱	(よこづな)
横縞	(よこじま)
横隔膜	(おうかくまく)
横膈膜	(おうかくまく)
横好き	(よこずき)
横合	(よこあい)
横合い	(よこあい)
横降り	(よこぶり)
横筋	(よこすじ)
横恋慕	(よこれんぼ)
横領	(おうりょう)
横流し	(よこながし)
横流れ	(よこながれ)
横糸	(よこいと,ぬきいと,ぬき)
横面	(よこつら,よこづら,よこめん)
横木	(よこぎ,よこき)
横目	(よこめ)
横切る	(よこぎる)
横取り	(よこどり)
横書	(よこがき)
横書き	(よこがき)
横死	(おうし)
横文	(おうぶん)
横文字	(よこもじ)
横臥	(おうが)
横線	(おうせん,よこせん)
横向き	(よこむき)
横向く	(よこむく)
横行	(おうこう,おうぎょう)
横穴	(よこあな,おうけつ)
横顔	(よこがお)
横様	(よこざま,よこさま)
横溢	(おういつ)
横議	(おうぎ)
横泳ぎ	(よこおよぎ)
横着	(おうちゃく)
横軸	(よこじく)
横転	(おうてん)
横座標	(おうざひょう)
鴴	(ちどり,チドリ)
鵆	(ちどり,チドリ)
哄然	(こうぜん)
哄笑	(こうしょう)
烘る	(あぶる)
薨去	(こうきょ)
轟く	(とどろく)
轟々	(ごうごう,ゴーゴー,ごーごー)
轟轟	(ごうごう,ゴーゴー,ごーごー)
轟然	(ごうぜん)
弘い	(ひろい)
弘まる	(ひろまる)
弘め	(ひろめ)
弘める	(ひろめる)
弘報	(こうほう)
弘大	(こうだい)
弘済会	(こうさいかい)
弘遠	(こうえん)
宏い	(ひろい)
宏大	(こうだい)
宏漠	(こうばく)
宏遠	(こうえん)
宏壮	(こうそう)
虹	(にじ)
虹彩	(こうさい)
虹色	(にじいろ)
洪積	(こうせき)
洪積層	(こうせきそう)
洪積世	(こうせきせい)
洪水	(こうずい)
洪牙利	(ハンガリー)
紅	(くれない,べに,こう)
紅い	(あかい)
紅白	(こうはく)
紅柄	(ベンガラ,べんがら)
紅茶	(こうちゃ)
紅唇	(こうしん)
紅冠鳥	(こうかんちょう)
紅海	(こうかい)
紅花	(べにばな,ベニバナ,ベニハナ)
紅殻	(ベンガラ,べんがら)
紅涙	(こうるい)
紅梅	(こうばい,べにうめ)
紅娘	(てんとうむし,テントウムシ)
紅色	(べにいろ,こうしょく,くれないいろ)
紅炎	(こうえん)
紅顔	(こうがん)
紅焔	(こうえん)
紅葉	(こうよう)
紅藻	(こうそう)
紅組	(あかぐみ)
訌争	(こうそう)
侯	(こう)
侯伯	(こうはく)
侯補	(こうほ)
侯国	(こうこく)
侯爵	(こうしゃく)
侯爵夫人	(こうしゃくふじん)
喉	(のど,のんど,のみと)
喉が渇く	(のどがかわく)
喉が乾く	(のどがかわく)
喉笛	(のどぶえ)
喉頭	(こうとう)
吼える	(ほえる)
后	(のち)
后宮	(こうぐう)
厚い	(あつい)
厚かましい	(あつかましい)
厚さ	(あつさ)
厚ぼったい	(あつぼったい)
厚み	(あつみ)
厚板	(あついた)
厚薄	(こうはく)
厚地	(あつじ)
厚恩	(こうおん)
厚化粧	(あつげしょう)
厚臼	(あつうす)
厚礼	(こうれい)
厚利	(こうり)
厚皮	(あつかわ)
厚切り	(あつぎり)
厚情	(こうじょう)
厚生	(こうせい)
厚生大臣	(こうせいだいじん)
厚生年金	(こうせいねんきん)
厚生省	(こうせいしょう)
厚手	(あつで)
厚味	(あつみ)
厚相	(こうしょう)
厚顔	(こうがん)
厚顔無恥	(こうがんむち)
厚揚げ	(あつあげ)
厚意	(こうい)
厚誼	(こうぎ)
厚遇	(こうぐう)
厚着	(あつぎ)
厚紙	(あつがみ)
厚志	(こうし)
後	(あと)
後かたづけ	(あとかたづけ)
後がま	(あとがま)
後から後から	(あとからあとから)
後じん	(こうじん)
後で	(あとで)
後の方	(あとのほう)
後へ退く	(あとへひく,あとへはひく)
後へ引く	(あとへひく,あとへはひく)
後ほど	(のちほど)
後らす	(おくらす)
後らせる	(おくらせる)
後れ	(おくれ)
後れる	(おくれる)
後れをとる	(おくれをとる)
後れを取る	(おくれをとる)
後れ毛	(おくれげ)
後ろ	(うしろ)
後ろだて	(うしろだて)
後ろ盾	(うしろだて)
後ろ楯	(うしろだて)
後ろ脚	(うしろあし)
後ろ向き	(うしろむき)
後ろ肢	(うしろあし)
後ろ姿	(うしろすがた)
後ろ足	(うしろあし)
後半	(こうはん)
後半生	(こうはんせい)
後輩	(こうはい)
後編	(こうへん)
後部	(こうぶ)
後産	(あとざん,のちざん)
後場	(ごば)
後塵	(こうじん)
後程	(のちほど)
後端	(こうたん)
後発	(こうはつ)
後発品	(こうはつひん)
後払	(あとばらい,ごばらい)
後払い	(あとばらい,ごばらい)
後方	(こうほう)
後方地域	(こうほうちいき)
後方地域警備	(こうほうちいきけいび)
後方連絡線	(こうほうれんらくせん)
後釜	(あとがま)
後顧	(こうこ)
後々	(あとあと)
後後	(あとあと)
後回し	(あとまわし)
後悔	(こうかい)
後技	(うしろわざ)
後記	(こうき)
後継	(あとつぎ)
後継ぎ	(あとつぎ)
後継者	(こうけいしゃ)
後家	(ごけ)
後件	(こうけん)
後見	(こうけん)
後金	(あときん)
後進国	(こうしんこく)
後列	(こうれつ)
後略	(こうりゃく)
後年	(こうねん)
後篇	(こうへん)
後片づけ	(あとかたづけ)
後片付け	(あとかたづけ)
後妻	(ごさい,こうさい)
後期	(こうき)
後期印象派	(こうきいんしょうは)
後任	(こうにん)
後日	(ごじつ,ごにち)
後生	(ごしょう)
後生大事	(ごしょうだいじ)
後始末	(あとしまつ)
後世	(こうせい)
後事	(こうじ)
後室	(こうしつ)
後手	(ごて)
後書	(あとがき)
後書き	(あとがき)
後述	(こうじゅつ)
後嗣	(こうし)
後戻り	(あともどり)
後天的	(こうてんてき)
後添い	(のちぞい)
後頭部	(こうとうぶ)
後退	(こうたい)
後退文字	(こうたいもじ)
後味	(あとあじ)
後先	(あとさき)
後向き	(うしろむき)
後続	(こうぞく)
後学	(こうがく)
後押し	(あとおし)
後遺症	(こういしょう)
後裔	(こうえい)
後胤	(こういん)
後援	(こうえん)
後者	(こうしゃ)
後置	(こうち)
後追	(あとおい)
後追い	(あとおい)
後追い自殺	(あとおいじさつ)
後姿	(うしろすがた)
後作	(あとさく)
候	(こう)
候補	(こうほ)
候補地	(こうほち)
候補生	(こうほせい)
候補者	(こうほしゃ)
候鳥	(こうちょう)
候文	(そうろうぶん)
乎古止点	(をことてん,おことてん)
乎己止点	(をことてん,おことてん)
呼ばい	(よばい)
呼びかけ	(よびかけ)
呼びかける	(よびかける)
呼びこむ	(よびこむ)
呼びさます	(よびさます)
呼びすて	(よびすて)
呼びだす	(よびだす)
呼びたてる	(よびたてる)
呼びつける	(よびつける)
呼びとめる	(よびとめる)
呼びもどす	(よびもどす)
呼びよせる	(よびよせる)
呼びりん	(よびりん)
呼び出し	(よびだし)
呼び出す	(よびだす)
呼び返す	(よびかえす)
呼び付ける	(よびつける)
呼び掛け	(よびかけ)
呼び掛ける	(よびかける)
呼び回る	(よびまわる)
呼び寄せる	(よびよせる)
呼び覚ます	(よびさます)
呼び立てる	(よびたてる)
呼び鈴	(よびりん)
呼び留める	(よびとめる)
呼び起こす	(よびおこす)
呼び起す	(よびおこす)
呼び入れる	(よびいれる)
呼び捨	(よびすて)
呼び捨て	(よびすて)
呼び声	(よびごえ,こせい)
呼び水	(よびみず)
呼び戻す	(よびもどす)
呼び迎える	(よびむかえる)
呼び込む	(よびこむ)
呼び止める	(よびとめる)
呼ぶ	(よぶ)
呼称	(こしょう)
呼出	(よびだし)
呼出し	(よびだし)
呼出す	(よびだす)
呼付ける	(よびつける)
呼掛ける	(よびかける)
呼寄せる	(よびよせる)
呼覚ます	(よびさます)
呼鈴	(よびりん)
呼起こす	(よびおこす)
呼気	(こき)
呼入れる	(よびいれる)
呼捨て	(よびすて)
呼声	(よびごえ,こせい)
呼水	(よびみず)
呼戻す	(よびもどす)
呼吸	(こきゅう)
呼吸法	(こきゅうほう)
呼吸器	(こきゅうき)
呼吸器系	(こきゅうきけい)
呼応	(こおう)
呼込む	(よびこむ)
呼止める	(よびとめる)
忽ち	(たちまち)
惚け	(ぼけ,ボケ,ヴォケ)
惚ける	(ボケる,ぼける)
惚れぼれ	(ほれぼれ,ほれほれ)
惚れる	(ほれる)
惚れ惚れ	(ほれぼれ,ほれほれ)
惚れ込む	(ほれこむ)
惚気る	(のろける,ノロケる,ノロける)
惚気話	(のろけばなし,ノロケばなし)
狐	(きつね,けつね,きつ)
狐うどん	(きつねうどん,けつねうどん,キツネうどん)
狐つき	(きつねつき)
狐臭	(わきが,えきしゅう,わきくさ)
狐付き	(きつねつき)
狐格子	(きつねごうし)
狐火	(きつねび)
狐狸	(こり)
狐憑き	(きつねつき)
狐饂飩	(きつねうどん,けつねうどん,キツネうどん)
狐疑逡巡	(こぎしゅんじゅん)
弧を描く	(こをえがく)
弧城	(こじょう)
弧度	(こど)
弧光	(ここう)
弧線	(こせん)
弧状	(こじょう)
胡獱	(とど,トド)
胡臭	(わきが,えきしゅう,わきくさ)
胡床	(あぐら)
胡蝶	(こちょう)
胡蜂	(スズメバチ,すずめばち)
胡弓	(こきゅう)
胡瓜	(きゅうり,きうり,キュウリ)
胡国	(ここく)
胡椒	(こしょう,コショウ,コショー)
胡乱	(うろん)
胡麻	(ごま,ゴマ)
胡麻すり	(ごますり,ゴマすり,ゴマスリ)
胡麻擦り	(ごますり,ゴマすり,ゴマスリ)
胡麻化し	(ごまかし)
胡麻化す	(ごまかす)
胡麻擂り	(ごますり,ゴマすり,ゴマスリ)
胡麻塩	(ごましお,ゴマしお)
胡麻油	(ごまあぶら,ゴマあぶら)
胡麻摺り	(ごますり,ゴマすり,ゴマスリ)
胡散臭い	(うさんくさい)
胡桃	(くるみ,クルミ)
胡坐	(あぐら)
胡坐かく	(あぐらをかく,あぐらかく)
胡坐をかく	(あぐらをかく,あぐらかく)
胡坐を掻く	(あぐらをかく,あぐらかく)
胡座	(あぐら)
胡座をかく	(あぐらをかく,あぐらかく)
壷	(つぼ,ツボ)
斛	(こく)
壺	(つぼ,ツボ)
葫	(にんにく,ニンニク)
湖	(みずうみ)
湖面	(こめん)
湖畔	(こはん)
湖上	(こじょう)
湖水	(こすい)
湖沼	(こしょう)
槲	(かしわ,カシワ)
蝴蝶	(こちょう)
糊	(のり)
糊代	(のりしろ)
糊付け	(のりづけ,のりつけ)
糊口	(ここう)
餬口	(ここう)
虎	(とら,トラ)
虎の巻	(とらのまき)
虎ふ	(とらふ,とらぶち)
虎斑	(とらふ,とらぶち)
虎巻	(とらかん)
虎口	(ここう)
虎猫	(トラねこ,とらねこ,トラネコ)
虎視たんたん	(こしたんたん)
虎視眈々	(こしたんたん)
虎視眈眈	(こしたんたん)
虎狩	(とらがり)
虎狩り	(とらがり)
虎穴	(こけつ)
虎燕拳	(こえんけん)
虎刈	(とらがり)
虎刈り	(とらがり)
虎魚	(オコゼ,おこぜ)
許	(ばかり,ばっかり)
許し	(ゆるし)
許す	(ゆるす)
許り	(ばかり,ばっかり)
許りに	(ばかりに)
許多	(あまた)
許婚	(いいなずけ,いいなづけ,きょこん)
許嫁	(いいなずけ,いいなづけ,きょこん)
許可	(きょか)
許可書	(きょかしょ)
許諾	(きょだく)
許容	(きょよう)
琥珀	(こはく)
琥珀色	(こはくいろ)
鯱	(しゃちほこ,シャチホコ)
鯱鉾	(しゃちほこ,シャチホコ)
戸	(と)
戸じまり	(とじまり)
戸だな	(とだな)
戸板	(といた)
戸別	(こべつ)
戸締まり	(とじまり)
戸締り	(とじまり)
戸惑い	(とまどい)
戸惑う	(とまどう)
戸籍	(こせき)
戸籍係	(こせきがかり)
戸口	(とぐち)
戸棚	(とだな)
戸数	(こすう)
戸外	(こがい)
戸外撮影	(こがいさつえい)
戸主	(こしゅ)
互い	(たがい)
互いに	(たがいに)
互い違い	(たがいちがい)
互い違いに	(たがいちがいに)
互に	(かたみに)
互格	(ごかく)
互換	(ごかん)
互換性	(ごかんせい)
互恵	(ごけい)
互角	(ごかく)
互譲	(ごじょう)
互譲的	(ごじょうてき)
互市	(ごし)
互選	(ごせん)
互用	(ごよう)
互助	(ごじょ)
互助的	(ごじょてき)
互助会	(ごじょかい)
弖爾乎波	(てにをは,テニヲハ)
冴	(さえ)
冴え	(さえ)
冴える	(さえる)
冴えわたる	(さえわたる)
冴え渡る	(さえわたる)
冴え返る	(さえかえる)
冴え冴えした	(さえざえした)
冴え冴えとした	(さえざえとした)
冴え輝く	(さえかがやく)
冴え行く	(さえゆく)
冴渡る	(さえわたる)
冴返る	(さえかえる)
冱え	(さえ)
冱える	(さえる)
冱え冱えした	(さえざえした)
冱え冱えとした	(さえざえとした)
冱てる	(いてる)
沪過	(ろか)
沪紙	(ろし)
護り	(まもり)
護る	(まもる)
護岸	(ごがん)
護持	(ごじ)
護符	(ごふ,ごふう)
護美箱	(ごみばこ)
護摩	(ごま)
護謨	(ゴム)
護謨の木	(ゴムのき,ごむのき,ゴムノキ)
護身	(ごしん)
護送	(ごそう)
護衛	(ごえい)
護衛艦	(ごえいかん)
護憲	(ごけん)
花	(はな)
花こう岩	(かこうがん)
花ことば	(はなことば)
花ざかり	(はなざかり)
花しょうぶ	(はなしょうぶ,はなあやめ,ハナショウブ)
花だより	(はなだより)
花だん	(かだん)
花どき	(はなどき)
花の木	(はなのき)
花びら	(はなびら)
花びん	(かびん,はながめ,かへい)
花ふぶき	(はなふぶき)
花まつり	(はなまつり)
花やか	(はなやか)
花やぐ	(はなやぐ)
花よりだんご	(はなよりだんご)
花より団子	(はなよりだんご)
花被	(かひ)
花弁	(はなびら)
花便り	(はなだより)
花柄	(はながら)
花菖蒲	(はなしょうぶ,はなあやめ,ハナショウブ)
花車	(きゃしゃ)
花吹雪	(はなふぶき)
花詞	(はなことば)
花道	(はなみち)
花電車	(はなでんしゃ)
花町	(かがい,はなまち)
花粉	(かふん)
花粉症	(かふんしょう)
花崗岩	(かこうがん)
花冠	(かかん)
花々しい	(はなばなしい)
花花しい	(はなばなしい)
花環	(はなわ)
花火	(はなび)
花季	(かき)
花祭	(はなまつり)
花祭り	(はなまつり)
花嫁	(はなよめ)
花見	(はなみ)
花街	(かがい,はなまち)
花茎	(かけい)
花客	(かかく)
花冷え	(はなびえ)
花梨	(かりん,カリン)
花暦	(はなごよみ)
花林	(かりん,カリン)
花林糖	(かりんとう)
花柳病	(かりゅうびょう)
花柳界	(かりゅうかい)
花輪	(はなわ)
花櫚	(かりん,カリン)
花美	(かび)
花模様	(はなもよう)
花木	(かぼく)
花鳥	(かちょう)
花鳥風月	(かちょうふうげつ)
花片	(はなびら)
花瓶	(かびん,はながめ,かへい)
花譜	(かふ)
花期	(かき)
花器	(かき)
花盛り	(はなざかり)
花実	(はなみ,かじつ)
花時	(はなどき)
花時計	(はなどけい)
花束	(はなたば)
花樹	(かじゅ)
花穂	(かすい,かほ)
花壇	(かだん)
花曇	(はなぐもり)
花曇り	(はなぐもり)
花畑	(はなばたけ)
花畠	(はなばたけ)
花王	(かおう)
花紋	(かもん)
花紋板	(かもんばん)
花屋	(はなや)
花香	(かこう)
花咲く	(はなさく)
花信	(かしん)
花形	(はながた,かけい)
花壻	(はなむこ)
花婿	(はなむこ)
花聟	(はなむこ)
花緒	(はなお)
花押	(かおう)
花芽	(かが,はなめ)
花言	(かげん)
花言葉	(はなことば)
花椰菜	(はなやさい)
花野菜	(はなやさい)
花園	(はなぞの,かえん)
花札	(はなふだ)
花紙	(はながみ)
花軸	(かじく)
花燭	(かしょく)
硴	(かき,ぼれい,カキ)
糀	(こうじ,かむだち)
華	(はな)
華やか	(はなやか)
華やぐ	(はなやぐ)
華より団子	(はなよりだんご)
華北	(かほく)
華表	(かひょう)
華車	(きゃしゃ)
華道	(かどう)
華々しい	(はなばなしい)
華華しい	(はなばなしい)
華客	(かかく)
華麗	(かれい)
華美	(かび)
華南	(かなん,ホワナン)
華僑	(かきょう)
華商	(かしょう)
華奢	(きゃしゃ)
華盛頓	(ワシントン)
華実	(はなみ,かじつ)
華押	(かおう)
華言	(かげん)
華中	(かちゅう)
華冑	(かちゅう)
華燭	(かしょく)
華燭の典	(かしょくのてん)
華族	(かぞく)
滑か	(なめらか,すべらか)
滑らか	(なめらか,すべらか)
滑らす	(すべらす)
滑りこむ	(すべりこむ)
滑りやすい	(すべりやすい)
滑り尺	(すべりじゃく)
滑り寄る	(すべりよる)
滑り落ちる	(すべりおちる)
滑り入る	(すべりいる)
滑り台	(すべりだい)
滑り易い	(すべりやすい)
滑り込む	(すべりこむ)
滑る	(すべる,スベる)
滑車	(かっしゃ)
滑稽	(こっけい)
滑稽本	(こっけいぼん)
滑降	(かっこう)
滑空	(かっくう)
滑落	(かつらく)
滑石	(かっせき)
滑石粉	(かっせきこ)
滑台	(すべりだい)
滑席	(かっせき)
滑沢剤	(かったくざい)
滑走	(かっそう)
滑走路	(かっそうろ)
化かす	(ばかす)
化けチェック	(ばけチェック)
化けの皮	(ばけのかわ)
化けの皮をはぐ	(ばけのかわをはぐ)
化けの皮を剥ぐ	(ばけのかわをはぐ)
化けもの	(ばけもの,ばけもん,バケモノ)
化けもん	(ばけもの,ばけもん,バケモノ)
化ける	(ばける)
化け物	(ばけもの,ばけもん,バケモノ)
化す	(かす,けす)
化する	(かする)
化のう	(かのう)
化の皮	(ばけのかわ)
化成	(かせい)
化成肥料	(かせいひりょう)
化成工業	(かせいこうぎょう)
化導	(かどう,けどう)
化骨	(かこつ)
化合	(かごう)
化合物	(かごうぶつ)
化膿	(かのう)
化膿菌	(かのうきん)
化身	(けしん)
化生	(かせい)
化石	(かせき)
化石層	(かせきそう)
化石燃料	(かせきねんりょう)
化石学	(かせきがく)
化物	(ばけもの,ばけもん,バケモノ)
化繊	(かせん)
化学	(かがく,ばけがく)
化学変化	(かがくへんか)
化学兵器	(かがくへいき)
化学兵器禁止条約	(かがくへいききんしじょうやく)
化学的	(かがくてき)
化学反応	(かがくはんのう)
化学肥料	(かがくひりょう)
化学工学	(かがくこうがく)
化学工業	(かがくこうぎょう)
化学記号	(かがくきごう)
化学剤	(かがくざい)
化学療法	(かがくりょうほう)
化学品	(かがくひん)
化学式	(かがくしき)
化学試験	(かがくしけん)
化学吸着	(かがくきゅうちゃく)
化学繊維	(かがくせんい)
化学線	(かがくせん)
化学戦	(かがくせん)
化学者	(かがくしゃ)
化学製品	(かがくせいひん)
化學	(かがく,ばけがく)
化育	(かいく)
化粧	(けしょう,けわい,けそう)
化粧せっけん	(けしょうせっけん)
化粧部屋	(けしょうべや)
化粧代	(けしょうだい)
化粧道具	(けしょうどうぐ)
化粧殿	(けわいでん)
化粧煉瓦	(けしょうれんが)
化粧料	(けしょうりょう,けわいりょう)
化粧品	(けしょうひん)
化粧石鹸	(けしょうせっけん)
化粧石鹼	(けしょうせっけん)
化粧室	(けしょうしつ)
化粧水	(けしょうすい)
化粧台	(けしょうだい)
化粧下	(けしょうした)
化粧箱	(けしょうばこ)
化粧張り	(けしょうばり)
化粧着	(けしょうぎ)
划竜	(ペーロン)
画	(え,が)
画く	(えがく,かく)
画する	(かくする)
画に描いた餅	(えにかいたもち)
画びょう	(がびょう)
画板	(がばん)
画報	(がほう)
画本	(がほん)
画筆	(がひつ)
画鋲	(がびょう)
画餅	(がべい,がへい)
画伯	(がはく)
画布	(がふ)
画才	(がさい)
画材	(がざい)
画策	(かくさく)
画道	(がどう)
画調	(がちょう)
画定	(かくてい)
画法	(がほう)
画風	(がふう)
画幅	(がふく)
画稿	(がこう)
画工	(がこう)
画会	(がかい)
画集	(がしゅう)
画家	(がか)
画架	(がか)
画箋紙	(がせんし)
画匠	(がしょう)
画廊	(がろう)
画竜点睛	(がりょうてんせい,がりゅうてんせい)
画竜点晴	(がりょうてんせい,がりゅうてんせい)
画龍点睛	(がりょうてんせい,がりゅうてんせい)
画龍点晴	(がりょうてんせい,がりゅうてんせい)
画楼	(がろう)
画面	(がめん)
画譜	(がふ)
画期	(かっき)
画期的	(かっきてき)
画然	(かくぜん)
画人	(がじん)
画商	(がしょう)
画聖	(がせい)
画師	(えし,がし)
画時代的	(かくじだいてき)
画室	(がしつ)
画手	(がしゅ)
画数	(かくすう)
画素	(がそ)
画談	(がだん)
画壇	(がだん)
画題	(がだい)
画帖	(がじょう)
画仙紙	(がせんし)
画像	(がぞう)
画像処理	(がぞうしょり)
画像処理装置	(がぞうしょりそうち)
画心	(がしん)
画学	(ががく)
画学紙	(ががくし)
画一	(かくいつ)
画一的	(かくいつてき)
画一化	(かくいつか)
画一主義	(かくいつしゅぎ)
画意	(がい)
画因	(がいん)
画引	(かくびき)
画引き	(かくびき)
画用紙	(がようし)
画賛	(がさん)
画讃	(がさん)
画讚	(がさん)
画帳	(がちょう)
画障	(がしょう)
画紙	(がし)
画質	(がしつ)
畫一	(かくいつ)
畫一的	(かくいつてき)
話	(はなし)
話し	(はなし)
話しあう	(はなしあう)
話しかける	(はなしかける)
話し方	(はなしかた)
話し掛ける	(はなしかける)
話し合い	(はなしあい)
話し合う	(はなしあう)
話し手	(はなして)
話し下手	(はなしべた)
話し込む	(はなしこむ)
話し中	(はなしちゅう)
話す	(はなす)
話せる	(はなせる)
話法	(わほう)
話合い	(はなしあい)
話合う	(はなしあう)
話々	(はなしばなし)
話話	(はなしばなし)
話術	(わじゅつ)
話題	(わだい)
話下手	(はなしべた)
話込む	(はなしこむ)
話者	(わしゃ)
話中	(はなしちゅう)
樺	(かば,かんば,かにわ)
樺色	(かばいろ)
劃	(かく)
劃する	(かくする)
劃策	(かくさく)
劃定	(かくてい)
劃期	(かっき)
劃期的	(かっきてき)
劃然	(かくぜん)
劃時代的	(かくじだいてき)
劃数	(かくすう)
劃一	(かくいつ)
劃一的	(かくいつてき)
劃一化	(かくいつか)
槐樹	(かいじゅ)
踝	(くるぶし)
懐	(ふところ)
懐かしい	(なつかしい)
懐かしむ	(なつかしむ)
懐く	(いだく)
懐ける	(なつける)
懐しい	(ゆかしい)
懐刀	(ふところがたな)
懐古	(かいこ)
懐旧	(かいきゅう)
懐炉	(かいろ,カイロ)
懐妊	(かいにん)
懐姙	(かいにん)
懐柔	(かいじゅう)
懐石料理	(かいせきりょうり)
懐胎	(かいたい)
懐疑	(かいぎ)
懐中	(かいちゅう)
懐中電灯	(かいちゅうでんとう)
懐中電燈	(かいちゅうでんとう)
懐中物	(かいちゅうもの)
懷	(ふところ)
坏	(さかずき,さかづき,うき)
壊す	(こわす)
壊れもの	(こわれもの)
壊れる	(こわれる)
壊れ物	(こわれもの)
壊疽	(えそ)
壊乱	(かいらん)
壊滅	(かいめつ)
壊血病	(かいけつびょう)
歓び	(よろこび)
歓ぶ	(よろこぶ)
歓待	(かんたい)
歓呼	(かんこ)
歓声	(かんせい)
歓送	(かんそう)
歓送会	(かんそうかい)
歓送迎会	(かんそうげいかい)
歓談	(かんだん)
歓喜	(かんき)
歓心	(かんしん)
歓心を買う	(かんしんをかう)
歓迎	(かんげい)
歓迎会	(かんげいかい)
歓楽	(かんらく)
歓楽街	(かんらくがい)
懽楽	(かんらく)
貛	(あなぐま,あなくま,アナグマ)
環	(わ)
環濠	(かんごう)
環礁	(かんしょう)
環節	(かんせつ)
環境	(かんきょう)
環境グループ	(かんきょうグループ)
環境保護論者	(かんきょうほごろんしゃ)
環境変化	(かんきょうへんか)
環境配慮書	(かんきょうはいりょしょ)
環境事業	(かんきょうじぎょう)
環境庁	(かんきょうちょう)
環境庁長官	(かんきょうちょうちょうかん)
環状	(かんじょう)
緩い	(ゆるい)
緩み	(ゆるみ)
緩む	(ゆるむ)
緩める	(ゆるめる)
緩やか	(ゆるやか)
緩衝	(かんしょう)
緩衝地帯	(かんしょうちたい)
緩衝器	(かんしょうき)
緩和	(かんわ)
緩々	(ゆるゆる,ユルユル)
緩緩	(ゆるゆる,ユルユル)
緩急	(かんきゅう)
緩漫	(かんまん)
緩慢	(かんまん)
緩下薬	(かんげやく)
緩行	(かんこう)
幻	(まぼろし)
幻を追う	(まぼろしをおう)
幻灯	(げんとう)
幻燈	(げんとう)
幻惑	(げんわく)
幻覚	(げんかく)
幻覚剤	(げんかくざい)
幻滅	(げんめつ)
幻視	(げんし)
幻聴	(げんちょう)
幻想	(げんそう)
幻想劇	(げんそうげき)
幻像	(げんぞう)
幻影	(げんえい)
幻姿	(げんし)
宦官	(かんがん)
浣腸	(かんちょう,カンチョウ)
浣熊	(あらいぐま,アライグマ)
患い	(うれい)
患う	(わずらう)
患える	(うれえる)
患部	(かんぶ)
患難	(かんなん)
患者	(かんじゃ)
換え	(かえ)
換える	(かえる)
換わり	(かわり)
換わる	(かわる)
換金	(かんきん)
換気	(かんき)
換気扇	(かんきせん)
換算	(かんさん,かんざん)
換算表	(かんさんひょう,かんざんひょう)
換算率	(かんさんりつ)
換言すれば	(かんげんすれば)
喚く	(わめく)
喚び出す	(よびだす)
喚び起こす	(よびおこす)
喚ぶ	(よぶ)
喚起	(かんき)
喚声	(かんせい)
喚問	(かんもん)
荒	(あら,アラ)
荒い	(あらい)
荒い波	(あらいなみ)
荒す	(あらす)
荒っぽい	(あらっぽい)
荒びれる	(さびれる)
荒らす	(あらす)
荒れくるう	(あれくるう)
荒れはてる	(あれはてる)
荒れる	(あれる)
荒れ果てる	(あれはてる)
荒れ狂う	(あれくるう)
荒れ野	(こうや,あれの,あらの)
荒波	(あらなみ)
荒城	(こうじょう)
荒廃	(こうはい)
荒果てる	(あれはてる)
荒海	(あらうみ)
荒々しい	(あらあらしい)
荒荒しい	(あらあらしい)
荒磯	(あらいそ)
荒稼ぎ	(あらかせぎ)
荒筋	(あらすじ)
荒狂う	(あれくるう)
荒立てる	(あらだてる)
荒利	(あらり)
荒利益	(あらりえき)
荒涼	(こうりょう)
荒寥	(こうりょう)
荒木	(あらき)
荒仕事	(あらしごと)
荒唐無けい	(こうとうむけい)
荒唐無稽	(こうとうむけい)
荒天	(こうてん)
荒武者	(あらむしゃ)
荒行	(あらぎょう)
荒削り	(あらけずり)
荒野	(こうや,あれの,あらの)
慌しい	(あわただしい)
慌ただしい	(あわただしい)
慌てふためく	(あわてふためく)
慌てもの	(あわてもの)
慌てる	(あわてる)
慌て者	(あわてもの)
皇道	(こうどう)
皇帝	(こうてい)
皇后	(こうごう)
皇后陛下	(こうごうへいか)
皇紀	(こうき)
皇居	(こうきょ,こうぎょ)
皇女	(こうじょ,おうじょ)
皇室	(こうしつ)
皇太后	(こうたいごう,こうたいこう)
皇太子	(こうたいし)
皇太子殿下	(こうたいしでんか)
皇太子妃	(こうたいしひ)
皇位	(こうい)
皇子	(おうじ)
皇族	(こうぞく)
黄	(き)
黄いろい	(きいろい)
黄だん	(おうだん)
黄な粉	(きなこ)
黄ばみ	(きばみ)
黄ばむ	(きばむ)
黄みがかった	(きみがかった)
黄リン	(おうりん,おうリン)
黄りん	(おうりん,おうリン)
黄白	(こうはく)
黄白色	(おうはくしょく,こうはくしょく)
黄斑	(おうはん)
黄碧玉	(こうへきぎょく)
黄変米	(おうへんまい)
黄表紙	(きびょうし)
黄菖蒲	(きしょうぶ)
黄塵	(こうじん)
黄疸	(おうだん)
黄道	(こうどう,おうどう)
黄道帯	(こうどうたい)
黄道光	(こうどうこう)
黄道吉日	(おうどうきちにち,こうどうきちにち)
黄道面	(こうどうめん)
黄道色	(こうどうしょく)
黄道十二宮	(こうどうじゅうにきゅう)
黄鯛	(きだい,キダイ)
黄粉	(きなこ)
黄瓜	(きゅうり,きうり,キュウリ)
黄海	(こうかい)
黄河	(こうが)
黄褐色	(おうかっしょく)
黄花	(きばな,こうか)
黄昏	(たそがれ,こうこん)
黄禍	(こうか)
黄肌	(きはだ,きわだ,キハダ)
黄金	(おうごん)
黄金崇拝	(おうごんすうはい)
黄金国	(おうごんこく)
黄金律	(おうごんりつ)
黄金率	(おうごんりつ)
黄金色	(こがねいろ)
黄金時代	(おうごんじだい)
黄金世界	(おうごんせかい)
黄金術	(おうごんじゅつ)
黄金万能	(おうごんばんのう)
黄菊	(きぎく)
黄口	(こうこう)
黄口児	(こうこうじ)
黄枯茶	(きがらちゃ)
黄燐	(おうりん,おうリン)
黄緑	(きみどり,おうりょく)
黄緑色	(おうりょくしょく)
黄麻	(おうま,つなそ,こうま)
黄鳥	(こうちょう)
黄鉛	(おうえん,こうえん)
黄泉	(よみ,こうせん)
黄泉の国	(よみのくに)
黄泉国	(よみのくに)
黄雀	(こうじゃく)
黄熱	(こうねつ,おうねつ)
黄熱病	(おうねつびょう,こうねつびょう)
黄色	(きいろ,こうしょく,おうしょく)
黄色い	(きいろい)
黄色い声	(きいろいこえ)
黄色人種	(おうしょくじんしゅ,こうしょくじんしゅ)
黄沙	(こうさ,おうさ)
黄砂	(こうさ,おうさ)
黄梢	(こうしょう)
黄身	(きみ)
黄熟	(こうじゅく,おうじゅく)
黄水	(おうすい,きみず)
黄水晶	(きずいしょう)
黄水仙	(きずいせん,きすいせん,キズイセン)
黄桃	(おうとう)
黄体	(おうたい)
黄体ホルモン	(おうたいホルモン)
黄鉄鉱	(おうてっこう)
黄銅	(おうどう,こうどう)
黄銅鉱	(おうどうこう)
黄土	(おうど,こうど)
黄味がかった	(きみがかった)
黄吻	(こうふん)
黄楊	(つげ,ツゲ)
黄玉	(おうぎょく,こうぎょく)
黄玉石	(おうぎょくせき,こうぎょくせき)
黃綠	(きみどり,おうりょく)
煌き	(きらめき,キラメキ)
煌く	(きらめく)
煌びやか	(きらびやか)
煌めき	(きらめき,キラメキ)
煌めく	(きらめく)
煌々	(こうこう)
煌煌	(こうこう)
蝗	(いなご,こう,イナゴ)
篁	(たかむら)
鰉	(ひがい,ヒガイ)
恍れる	(ほれる)
恍惚	(こうこつ)
晃々	(こうこう)
晃晃	(こうこう)
灰	(はい)
灰かぐら	(はいかぐら)
灰じん	(かいじん)
灰になる	(はいになる)
灰の水曜日	(はいのすいようび)
灰ふるい	(はいふるい)
灰まみれ	(はいまみれ)
灰暗い	(ほのぐらい)
灰白	(かいはく)
灰白色	(かいはくしょく)
灰白質	(かいはくしつ)
灰塵	(かいじん)
灰吹き	(はいふき)
灰分	(かいぶん)
灰燼	(かいじん)
灰均し	(はいならし)
灰殻	(はいがら)
灰落し	(はいおとし)
灰落とし	(はいおとし)
灰緑色	(かいりょくしょく)
灰皿	(はいざら)
灰青色	(かいせいしょく,はいあおいろ)
灰色	(はいいろ,かいしょく)
灰篩	(はいふるい)
灰神楽	(はいかぐら)
灰受け	(はいうけ)
灰塗れ	(はいまみれ)
灰土	(かいど,はいつち)
灰洗い	(あくあらい)
灰押さえ	(はいおさえ)
灰押し	(はいおし)
灰汁	(あく,アク)
灰汁どい	(あくどい)
灰汁洗い	(あくあらい)
恢復	(かいふく)
揮発	(きはつ)
揮発度	(きはつど)
揮発物質	(きはつぶっしつ)
揮発性	(きはつせい)
揮発油	(きはつゆ)
暉麗	(きれい,キレイ,きれーい)
輝かしい	(かがやかしい)
輝かす	(かがやかす)
輝き	(かがやき)
輝く	(かがやく)
輝やかしい	(かがやかしい)
輝度	(きど)
輝煌帝	(きこうてい)
輝石	(きせき)
輝線	(きせん)
麾下	(きか)
徽章	(きしょう)
回	(かい)
回し	(まわし)
回す	(まわす)
回り道	(まわりみち)
回り合い	(めぐりあい)
回り路	(まわりみち)
回り舞台	(まわりぶたい)
回る	(まわる)
回れ右	(まわれみぎ)
回報	(かいほう)
回避	(かいひ)
回腸	(かいちょう)
回虫	(かいちゅう,カイチュウ)
回船	(かいせん)
回答	(かいとう)
回答者	(かいとうしゃ)
回付	(かいふ)
回復	(かいふく)
回復不可能	(かいふくふかのう)
回復可能	(かいふくかのう)
回復力	(かいふくりょく)
回顧	(かいこ)
回顧録	(かいころく)
回帰	(かいき)
回帰的	(かいきてき)
回帰線	(かいきせん)
回航	(かいこう)
回忌	(かいき)
回教	(かいきょう)
回覧	(かいらん)
回覧板	(かいらんばん)
回廊	(かいろう)
回礼	(かいれい)
回路	(かいろ)
回路基板	(かいろきばん)
回路図	(かいろず)
回目	(かいめ)
回生	(かいせい)
回収	(かいしゅう)
回数	(かいすう)
回数券	(かいすうけん)
回送	(かいそう)
回文	(かいぶん)
回線	(かいせん)
回線制御規則	(かいせんせいぎょきそく)
回想	(かいそう)
回想録	(かいそうろく)
回心	(かいしん)
回旋	(かいせん)
回遊	(かいゆう)
回游	(かいゆう)
回右	(まわれみぎ)
回章	(かいしょう)
回折	(かいせつ)
回折格子	(かいせつこうし)
回診	(かいしん)
回転	(かいてん)
回転信用払い	(かいてんしんようばらい)
回転運動	(かいてんうんどう)
回転軸	(かいてんじく)
回状	(かいじょう)
廻し	(まわし)
廻す	(まわす)
廻り道	(まわりみち)
廻り合い	(めぐりあい)
廻り舞台	(まわりぶたい)
廻る	(まわる)
廻れ右	(まわれみぎ)
廻船	(かいせん)
廻航	(かいこう)
廻覧	(かいらん)
廻廊	(かいろう)
廻送	(かいそう)
廻文	(かいぶん)
廻旋	(かいせん)
廻章	(かいしょう)
廻転	(かいてん)
廻状	(かいじょう)
洄游	(かいゆう)
蛔虫	(かいちゅう,カイチュウ)
悔い	(くい)
悔いる	(くいる)
悔い改める	(くいあらためる)
悔しい	(くやしい,くやしーい)
悔しさ	(くやしさ)
悔し涙	(くやしなみだ)
悔し泣き	(くやしなき)
悔み	(くやみ)
悔み状	(くやみじょう)
悔む	(くやむ)
悔やしい	(くやしい,くやしーい)
悔やし涙	(くやしなみだ)
悔やみ	(くやみ)
悔やみ状	(くやみじょう)
悔やむ	(くやむ)
悔改める	(くいあらためる)
悔恨	(かいこん)
悔涙	(くやしなみだ)
悔泣	(くやしなき)
悔悟	(かいご)
毀す	(こわす)
毀れる	(こわれる)
毀損	(きそん)
毀誉	(きよ)
毀誉褒貶	(きよほうへん)
燬く	(やく)
会	(かい)
会う	(あう)
会う約束	(あうやくそく)
会わせる	(あわせる)
会報	(かいほう)
会長	(かいちょう)
会場	(かいじょう)
会得	(えとく)
会読	(かいどく)
会費	(かいひ)
会舘	(かいかん)
会館	(かいかん)
会規	(かいき)
会合	(かいごう)
会話	(かいわ)
会集	(かいしゅう)
会計	(かいけい)
会計官	(かいけいかん)
会計監査	(かいけいかんさ)
会計年度	(かいけいねんど)
会計士	(かいけいし)
会計学	(かいけいがく)
会見	(かいけん)
会見記	(かいけんき)
会見者	(かいけんしゃ)
会津塗	(あいづぬり)
会派	(かいは)
会期	(かいき)
会期中	(かいきちゅう)
会商	(かいしょう)
会社	(かいしゃ)
会社持ち	(かいしゃもち)
会社概要	(かいしゃがいよう)
会社営業	(かいしゃえいぎょう)
会社員	(かいしゃいん)
会食	(かいしょく)
会式	(えしき)
会釈	(えしゃく)
会所	(かいしょ)
会談	(かいだん)
会堂	(かいどう)
会堂司	(かいどうづかさ)
会同	(かいどう)
会頭	(かいとう)
会席	(かいせき)
会席料理	(かいせきりょうり)
会席膳	(かいせきぜん)
会心	(かいしん)
会厭	(ええん)
会厭軟骨	(ええんなんこつ)
会意	(かいい)
会議	(かいぎ)
会議場	(かいぎじょう)
会議録	(かいぎろく)
会議日程	(かいぎにってい)
会議事項	(かいぎじこう)
会議室	(かいぎしつ)
会議所	(かいぎしょ)
会陰	(えいん)
会飲	(かいいん)
会員	(かいいん)
会員規約	(かいいんきやく)
会員名簿	(かいいんめいぼ)
会員券	(かいいんけん)
会員証	(かいいんしょう)
会員制	(かいいんせい)
会葬	(かいそう)
会葬者	(かいそうしゃ)
会則	(かいそく)
会戦	(かいせん)
会衆	(かいしゅう)
会主	(かいしゅ)
恵み	(めぐみ)
恵む	(めぐむ)
恵比寿	(えびす,ゑびす,ひるこ)
恵沢	(けいたく)
彗星	(すいせい)
彗星のようにあらわれる	(すいせいのようにあらわれる)
彗星のように現れる	(すいせいのようにあらわれる)
彗星の様に現れる	(すいせいのようにあらわれる)
晦	(みそか,つごもり,みそ)
晦日	(みそか,つごもり,みそ)
喙	(くちばし,はし,クチバシ)
絵	(え,が)
絵かき	(えかき)
絵にかいた餅	(えにかいたもち)
絵に描いた餅	(えにかいたもち)
絵に描いた餠	(えにかいたもち)
絵の具	(えのぐ)
絵ハガキ	(えはがき)
絵はがき	(えはがき)
絵もじ	(えもじ,エモジ)
絵本	(えほん)
絵柄	(えがら)
絵端書	(えはがき)
絵画	(かいが)
絵具	(えのぐ)
絵巻	(えまき)
絵巻もの	(えまきもの)
絵巻物	(えまきもの)
絵馬	(えま,えうま)
絵描	(えかき)
絵描き	(えかき)
絵日記	(えにっき)
絵師	(えし,がし)
絵書き	(えかき)
絵図	(えず)
絵文字	(えもじ,エモジ)
絵葉書	(えはがき)
賄い	(まかない)
賄い付き	(まかないつき)
賄う	(まかなう)
賄賂	(わいろ,ワイロ)
會社	(かいしゃ)
彙報	(いほう)
慧眼	(けいがん)
噦	(しゃっくり)
噦く	(えずく,えづく)
諱む	(いむ)
檜	(ひのき,ひ,ヒノキ)
檜木	(ひのき,ひ,ヒノキ)
穢い	(きたない)
穢す	(よごす,けがす)
穢らわしい	(けがらわしい)
穢れ	(けがれ)
穢れる	(けがれる)
穢多	(えた)
穢土	(えど)
昏い	(くらい)
昏れる	(くれる)
昏倒	(こんとう)
昏迷	(こんめい)
昏睡	(こんすい)
昏睡状態	(こんすいじょうたい)
婚い	(よばい)
婚礼	(こんれい)
婚期	(こんき)
婚外性交	(こんがいせいこう)
婚儀	(こんぎ)
婚姻	(こんいん)
婚姻法	(こんいんほう)
婚姻届	(こんいんとどけ)
婚約	(こんやく)
婚約指輪	(こんやくゆびわ)
葷酒	(くんしゅ)
渾沌	(こんとん)
渾々	(こんこん,コンコン)
渾名	(あだな,こんめい)
渾然	(こんぜん)
渾淆	(こんこう)
魂	(たましい,たま)
魂胆	(こんたん)
魂魄	(こんぱく)
魂送り	(たまおくり)
魂柱	(こんちゅう)
混える	(まじえる,まじうる)
混ざる	(まざる)
混じる	(まじる)
混ぜもの	(まぜもの)
混ぜる	(まぜる)
混ぜ合せる	(まぜあわせる)
混ぜ合わせる	(まぜあわせる)
混ぜ物	(まぜもの)
混とん	(こんとん)
混みあう	(こみあう)
混み合う	(こみあう)
混成	(こんせい)
混成団	(こんせいだん)
混成語	(こんせいご)
混沌	(こんとん)
混紡	(こんぼう)
混分数	(こんぶんすう)
混合	(こんごう)
混和	(こんわ)
混々	(こんこん,コンコン)
混混	(こんこん,コンコン)
混交	(こんこう)
混乱	(こんらん)
混迷	(こんめい)
混凝土	(コンクリート)
混然	(こんぜん)
混入	(こんにゅう)
混声	(こんせい)
混声合唱	(こんせいがっしょう)
混同	(こんどう)
混淆	(こんこう)
混信	(こんしん)
混血	(こんけつ)
混浴	(こんよく)
混雑	(こんざつ)
混載	(こんさい)
混在	(こんざい)
混戦	(こんせん)
混濁	(こんだく)
溷濁	(こんだく)
諢名	(あだな,こんめい)
活かす	(いかす)
活き	(いき,イキ)
活きいき	(いきいき,イキイキ)
活きがいい	(いきがいい,いきがよい,イキがいい)
活きが良い	(いきがいい,いきがよい,イキがいい)
活きのいい	(いきのいい,いきのよい,イキのいい)
活きの良い	(いきのいい,いきのよい,イキのいい)
活きる	(いきる)
活き活き	(いきいき,イキイキ)
活ける	(いける)
活け花	(いけばな,せいか)
活版	(かっぱん)
活弁	(かつべん)
活辯	(かつべん)
活動	(かつどう)
活動成果	(かつどうせいか)
活動家	(かつどうか)
活動者	(かつどうしゃ)
活動誌	(かつどうし)
活発	(かっぱつ)
活発化	(かっぱつか)
活花	(いけばな,せいか)
活火山	(かっかざん,かつかざん)
活劇	(かつげき)
活況	(かっきょう)
活力	(かつりょく)
活量	(かつりょう)
活路	(かつろ)
活路開拓	(かつろかいたく)
活溌	(かっぱつ)
活潑	(かっぱつ)
活気	(かっき)
活性	(かっせい)
活性化	(かっせいか)
活性炭	(かっせいたん)
活用	(かつよう)
活躍	(かつやく)
活字	(かつじ)
活字体	(かつじたい)
活字体で書く	(かつじたいでかく)
火	(ひ)
火あそび	(ひあそび)
火かげん	(ひかげん)
火つき	(ひつき)
火つけ	(ひつけ)
火の車	(ひのくるま)
火の番	(ひのばん)
火の粉	(ひのこ,ほのこ)
火の見	(ひのみ)
火の見やぐら	(ひのみやぐら)
火の見櫓	(ひのみやぐら)
火の気	(ひのけ,ほのけ)
火の手	(ひのて)
火の玉	(ひのたま)
火の元	(ひのもと)
火ばし	(ひばし)
火ばち	(ひばち)
火ぶた	(ひぶた)
火もち	(ひもち)
火保ち	(ひもち)
火鉢	(ひばち)
火成岩	(かせいがん)
火持ち	(ひもち)
火床	(ひどこ)
火燵	(こたつ,コタツ)
火燵掛	(こたつがけ)
火打ち石	(ひうちいし,すいせき)
火打石	(ひうちいし,すいせき)
火夫	(かふ)
火付	(ひつけ)
火付き	(ひつき)
火付け	(ひつけ)
火蓋	(ひぶた)
火光	(かこう)
火花	(ひばな)
火急	(かきゅう)
火加減	(ひかげん)
火箭	(ひや,かせん)
火脚	(ひあし)
火酒	(かしゅ)
火口	(かこう)
火口湖	(かこうこ)
火力	(かりょく)
火力発電所	(かりょくはつでんしょ)
火力支援	(かりょくしえん)
火力支援部隊	(かりょくしえんぶたい)
火力支援調整線	(かりょくしえんちょうせいせん)
火力支援計画	(かりょくしえんけいかく)
火皿	(ひざら)
火木土	(かもくど)
火難	(かなん)
火砲	(かほう)
火気	(かき,かっき,ほけ)
火器	(かき)
火熱	(かねつ)
火入れ	(ひいれ)
火山	(かざん)
火山灰	(かざんばい)
火山活動	(かざんかつどう)
火山岩	(かざんがん)
火傷	(やけど,ヤケド)
火縄銃	(ひなわじゅう)
火食	(かしょく)
火食い鳥	(ヒクイドリ,ひくいどり)
火食鳥	(ヒクイドリ,ひくいどり)
火矢	(ひや,かせん)
火事	(かじ)
火勢	(かせい)
火手	(かしゅ)
火砕流	(かさいりゅう)
火屋	(ほや)
火先	(ひさき,ほさき)
火消しつぼ	(ひけしつぼ)
火消し壷	(ひけしつぼ)
火消し壺	(ひけしつぼ)
火消つぼ	(ひけしつぼ)
火星	(かせい)
火星人	(かせいじん)
火刑	(かけい)
火炎	(かえん)
火炎放射器	(かえんほうしゃき)
火炎瓶	(かえんびん)
火焔	(かえん)
火焔放射器	(かえんほうしゃき)
火薬	(かやく)
火曜	(かよう)
火曜日	(かようび)
火影	(ほかげ)
火遊び	(ひあそび)
火玉	(ひだま)
火元	(ひもと)
火災	(かさい)
火災保険	(かさいほけん)
火災流	(かさいりゅう)
火葬	(かそう)
火宅	(かたく)
火照る	(ほてる)
火中	(かちゅう,ほなか)
火種	(ひだね)
火柱	(ひばしら)
火箸	(ひばし)
火足	(ひあし)
夥しい	(おびただしい)
夥多	(かた)
或	(ある)
或いは	(あるいは)
或る	(ある)
或るいは	(あるいは)
或る日	(あるひ)
或る時	(あるとき)
或日	(あるひ)
貨	(たから)
貨弊	(かへい)
貨幣	(かへい)
貨幣価値	(かへいかち)
貨財	(かざい)
貨車	(かしゃ)
貨物	(かもつ,かぶつ)
貨物船	(かもつせん)
貨物駅	(かもつえき)
貨物自動車	(かもつじどうしゃ)
貨殖	(かしょく)
惑う	(まどう)
惑わす	(まどわす)
惑星	(わくせい)
禍	(わざわい)
禍福	(かふく)
禍根	(かこん)
禍害	(かがい)
禍因	(かいん)
禍源	(かげん)
霍乱	(かくらん)
獲らぬ狸の皮算用	(とらぬたぬきのかわざんよう)
獲る	(える)
獲得	(かくとく)
獲物	(えもの)
穫り入れる	(とりいれる)
机	(つくえ,つき)
机上	(きじょう)
机上の空論	(きじょうのくうろん)
机上空論	(きじょうのくうろん)
机下	(きか)
肌	(はだ,はだえ)
肌ざわり	(はだざわり)
肌で感じる	(はだでかんじる)
肌触	(はだざわり)
肌触り	(はだざわり)
肌寒い	(はださむい,はだざむい)
肌合	(はだあい)
肌合い	(はだあい)
肌理	(きめ,きり)
肌色	(はだいろ)
肌身離さず	(はだみはなさず)
肌衣	(はだぎ,はだぎぬ)
肌着	(はだぎ,はだぎぬ)
飢え	(うえ)
飢える	(うえる,かつえる)
飢きん	(ききん)
飢餓	(きが)
飢饉	(ききん)
飢渇	(きかつ)
基	(もと)
基く	(もとづく)
基ずく	(もとづく)
基づく	(もとづく)
基板	(きばん)
基本	(きほん)
基本コンセプト	(きほんコンセプト)
基本的	(きほんてき)
基本的に	(きほんてきに)
基本概念	(きほんがいねん)
基本合意	(きほんごうい)
基本条件	(きほんじょうけん)
基本原理	(きほんげんり)
基本周波数	(きほんしゅうはすう)
基部	(きぶ)
基礎	(きそ)
基礎工事	(きそこうじ)
基礎試験	(きそしけん)
基礎研究	(きそけんきゅう)
基礎知識	(きそちしき)
基地	(きち)
基地閉鎖	(きちへいさ)
基地外	(キチガイ,きちがい,キチゲェ)
基底	(きてい)
基点	(きてん)
基調	(きちょう)
基督	(キリスト)
基督教	(キリストきょう)
基付く	(もとづく)
基幹	(きかん)
基金	(ききん)
基盤	(きばん)
基石	(きせき)
基因	(きいん)
基音	(きおん)
基軸通貨	(きじくつうか)
基準	(きじゅん)
基準化	(きじゅんか)
喞つ	(かこつ)
畸形	(きけい)
畸型	(きけい)
撃ち返す	(うちかえす)
撃ち落す	(うちおとす)
撃ち落とす	(うちおとす)
撃ち破る	(うちやぶる)
撃ち取る	(うちとる)
撃ち殺す	(うちころす)
撃つ	(ぶつ)
撃滅	(げきめつ)
撃破	(げきは)
撃殺す	(うちころす)
撃沈	(げきちん)
撃砕	(げきさい)
撃退	(げきたい)
撃墜	(げきつい)
稽える	(かんがえる)
稽古	(けいこ)
機	(はた)
機材	(きざい)
機長	(きちょう)
機動	(きどう)
機動隊	(きどうたい)
機動計画	(きどうけいかく)
機動警察	(きどうけいさつ)
機動力	(きどうりょく)
機動性	(きどうせい)
機構	(きこう)
機関	(きかん)
機関車	(きかんしゃ)
機関銃	(きかんじゅう)
機化	(きか)
機会	(きかい)
機甲	(きこう)
機雷	(きらい)
機雷原	(きらいげん)
機略	(きりゃく)
機密	(きみつ)
機密保護	(きみつほご)
機密性	(きみつせい)
機敏	(きびん)
機内	(きない)
機能	(きのう)
機能キー	(きのうキー)
機能語	(きのうご)
機器	(きき)
機首	(きしゅ)
機体	(きたい)
機微	(きび)
機先	(きせん)
機嫌	(きげん)
機械	(きかい)
機械翻訳	(きかいほんやく)
機械化	(きかいか)
機械警備	(きかいけいび)
機械文明	(きかいぶんめい)
機械語	(きかいご)
機序	(きじょ)
機業家	(きぎょうか)
機宜	(きぎ)
機影	(きえい)
機運	(きうん)
機知	(きち)
機知に富む	(きちにとむ)
機智	(きち)
機種	(きしゅ)
機軸	(きじく)
機転	(きてん)
積	(せき)
積みあげ	(つみあげ)
積みあげる	(つみあげる)
積みおろす	(つみおろす)
積み出す	(つみだす)
積み立て	(つみたて)
積み立てる	(つみたてる)
積み上げ	(つみあげ)
積み上げる	(つみあげる)
積み下ろす	(つみおろす)
積み込む	(つみこむ)
積み重なる	(つみかさなる)
積み重ねる	(つみかさねる)
積む	(つむ)
積もり	(つもり)
積もる	(つもる)
積り	(つもり)
積る	(つもる)
積分	(せきぶん)
積極	(せっきょく,しゃっきょく)
積極的	(せっきょくてき)
積極性	(せっきょくせい)
積立	(つみたて)
積立て	(つみたて)
積立てる	(つみたてる)
積立金	(つみたてきん)
積乱雲	(せきらんうん)
積率	(せきりつ)
積上	(つみあげ)
積上げ	(つみあげ)
積上げる	(つみあげる)
積算	(せきさん)
積雪	(せきせつ)
積込む	(つみこむ)
積雲	(せきうん)
積載	(せきさい)
積重なる	(つみかさなる)
積重ねる	(つみかさねる)
激しい	(はげしい)
激を飛ばす	(げきをとばす)
激昂	(げっこう,げきこう)
激変	(げきへん)
激臭	(げきしゅう)
激的	(げきてき)
激動	(げきどう)
激闘	(げきとう)
激毒	(げきどく)
激発	(げきはつ)
激高	(げっこう,げきこう)
激化	(げきか,げっか)
激減	(げきげん)
激励	(げきれい)
激烈	(げきれつ)
激流	(げきりゅう)
激論	(げきろん)
激怒	(げきど)
激情	(げきじょう)
激賞	(げきしょう)
激甚	(げきじん)
激暑	(げきしょ)
激痛	(げきつう)
激突	(げきとつ)
激務	(げきむ)
激増	(げきぞう)
激戦	(げきせん)
激震	(げきしん)
磯べ	(いそべ)
磯辺	(いそべ)
磯巾着	(いそぎんちゃく,イソギンチャク)
雞	(にわとり,とり,かけ)
鶏	(とり,トリ)
鶏冠	(とさか,けいかん,トサカ)
鶏卵	(けいらん)
鶏鳴	(けいめい)
鶏肉	(とりにく,けいにく,ちょうにく)
鶏舎	(けいしゃ)
鶏頭	(けいとう,ケイトウ)
鶏魚	(いさき,いさぎ,イサキ)
譏嫌	(きげん)
韲える	(あえる)
饑え	(うえ)
饑える	(うえる,かつえる)
饑餓	(きが)
饑饉	(ききん)
饑渇	(きかつ)
鷄	(にわとり,とり,かけ)
鷄卵	(けいらん)
癪	(しゃく)
癪にさわる	(しゃくにさわる)
癪に触る	(しゃくにさわる)
癪に障る	(しゃくにさわる)
齎す	(もたらす,もらたす)
齎らす	(もたらす,もらたす)
及ばずながら	(およばずながら)
及ばず乍ら	(およばずながら)
及ばない	(およばない)
及びがたい	(およびがたい)
及び難い	(およびがたい)
及び腰	(およびごし)
及ぶ	(およぶ)
及ぼす	(およぼす)
及第	(きゅうだい)
及第点	(きゅうだいてん)
及第者	(きゅうだいしゃ)
及落	(きゅうらく)
吉報	(きっぽう)
吉備団子	(きびだんご)
吉丁虫	(たまむし,タマムシ)
吉利支丹	(キリシタン)
吉日	(きちじつ,きちにち,きつじつ)
吉事	(きちじ,きつじ)
吉祥	(きっしょう,きちじょう)
吉祥天	(きっしょうてん,きちじょうてん)
吉凶	(きっきょう)
吉兆	(きっちょう)
吉徴	(きっちょう)
汲みとる	(くみとる)
汲み取り	(くみとり)
汲み取り口	(くみとりぐち)
汲み取る	(くみとる)
汲み上げる	(くみあげる)
汲む	(くむ)
汲々	(きゅうきゅう)
汲汲	(きゅうきゅう)
汲取り	(くみとり)
汲取口	(くみとりぐち)
汲上げる	(くみあげる)
即かず離れず	(つかずはなれず)
即く	(つく)
即ける	(つける)
即する	(そくする)
即ち	(すなわち,つなわち)
即答	(そくとう)
即断	(そくだん)
即功	(そっこう)
即金	(そっきん)
即刻	(そっこく)
即売	(そくばい)
即日	(そくじつ)
即日出荷	(そくじつしゅっか)
即時	(そくじ)
即時停戦	(そくじていせん)
即時性	(そくじせい)
即死	(そくし)
即位	(そくい)
即物的	(そくぶつてき)
即席	(そくせき)
即効	(そっこう)
即興	(そっきょう)
即興曲	(そっきょうきょく)
即応	(そくおう)
即値	(そくち)
即座	(そくざ)
即座に	(そくざに)
急	(きゅう)
急いで	(いそいで)
急かす	(せかす)
急がば回れ	(いそがばまわれ)
急がば廻れ	(いそがばまわれ)
急ぎ	(いそぎ)
急きたてられる	(せきたてられる)
急きたてる	(せきたてる)
急きょ	(きゅうきょ)
急き立てる	(せきたてる)
急き込む	(せきこむ)
急ぎ足	(いそぎあし)
急ぐ	(いそぐ)
急な坂	(きゅうなさか)
急坂	(きゅうはん,きゅうざか)
急変	(きゅうへん)
急病	(きゅうびょう)
急場	(きゅうば)
急度	(きっと,キッと)
急患	(きゅうかん)
急激	(きゅうげき)
急降下	(きゅうこうか)
急進	(きゅうしん)
急進主義者	(きゅうしんしゅぎしゃ)
急拠	(きゅうきょ)
急劇	(きゅうげき)
急遽	(きゅうきょ)
急立てる	(せきたてる)
急流	(きゅうりゅう)
急落	(きゅうらく)
急募	(きゅうぼ)
急派	(きゅうは)
急迫	(きゅうはく)
急切	(きゅうせつ)
急上昇	(きゅうじょうしょう)
急設	(きゅうせつ)
急逝	(きゅうせい)
急死	(きゅうし)
急送	(きゅうそう)
急速	(きゅうそく)
急所	(きゅうしょ)
急騰	(きゅうとう)
急停車	(きゅうていしゃ)
急務	(きゅうむ)
急襲	(きゅうしゅう)
急行	(きゅうこう)
急行券	(きゅうこうけん)
急性	(きゅうせい)
急須	(きゅうす)
急須の口	(きゅうすのくち)
急用	(きゅうよう)
急造	(きゅうぞう)
急増	(きゅうぞう)
急転直下	(きゅうてんちょっか)
急足	(いそぎあし)
級長	(きゅうちょう)
級数	(きゅうすう)
級友	(きゅうゆう)
疾い	(はやい,はえー,はっやい)
疾っくに	(とっくに)
疾る	(はしる)
疾病	(しっぺい)
疾風	(しっぷう,はやて)
疾風怒涛	(しっぷうどとう)
疾風怒濤	(しっぷうどとう)
疾風迅雷	(しっぷうじんらい)
疾患	(しっかん)
疾走	(しっそう)
極	(ごく)
極く	(ごく)
極まり悪い	(きまりわるい)
極まる	(きわまる)
極み	(きわみ)
極めて	(きわめて)
極める	(きめる,キメる)
極め手	(きめて)
極め込む	(きめこむ)
極り切った	(きまりきった)
極る	(きまる,キマる)
極薄	(ごくうす)
極北	(きょくほく)
極大	(きょくだい)
極地	(きょくち)
極低温科学	(きょくていおんかがく)
極点	(きょくてん)
極東	(きょくとう)
極度	(きょくど)
極端	(きょくたん)
極悪	(ごくあく)
極冠	(きょっかん)
極寒	(ごっかん,ごくかん)
極力	(きょくりょく)
極論	(きょくろん)
極秘	(ごくひ)
極貧	(ごくひん)
極上	(ごくじょう)
極微	(きょくび,ごくび)
極限	(きょくげん)
極線	(きょくせん)
極小	(きょくしょう,ごくしょう)
極刑	(きょっけい)
極性	(きょくせい)
極意	(ごくい)
極印	(ごくいん)
極右	(きょくう)
極楽	(ごくらく)
極楽鳥	(ごくらくちょう)
極致	(きょくち)
極座標	(きょくざひょう)
棘	(とげ,トゲ)
棘皮動物	(きょくひどうぶつ)
集い	(つどい)
集う	(つどう)
集まり	(あつまり)
集まる	(あつまる)
集める	(あつめる)
集り	(たかり,タカリ)
集る	(あつまる)
集成	(しゅうせい)
集光	(しゅうこう)
集合	(しゅうごう)
集合的	(しゅうごうてき)
集荷	(しゅうか)
集会	(しゅうかい)
集積	(しゅうせき)
集積回路	(しゅうせきかいろ)
集計	(しゅうけい)
集金	(しゅうきん)
集塊	(しゅうかい)
集落	(しゅうらく,じゅらく)
集配	(しゅうはい)
集配人	(しゅうはいじん,しゅうはいにん)
集権	(しゅうけん)
集権排除	(しゅうけんはいじょ)
集群	(しゅうぐん)
集団	(しゅうだん)
集団心理	(しゅうだんしんり)
集約	(しゅうやく)
集中	(しゅうちゅう)
集中線	(しゅうちゅうせん)
楫	(かじ)
嫉ける	(やける)
嫉ましい	(ねたましい)
嫉み	(ねたみ)
嫉む	(ねたむ)
嫉妬	(しっと)
嫉妬深い	(しっとぶかい)
嫉視	(しっし)
瘠せる	(やせる)
瘠る	(やせる)
檝	(かじ)
藉く	(しく)
藉す	(かす)
藉口	(しゃこう)
籍をおく	(せきをおく)
籍を置く	(せきをおく)
鶺鴒	(せきれい,まなばしら,にわくなぶり)
覿面	(てきめん)
几	(おしまずき,き)
几上	(きじょう)
几下	(きか)
几帳	(きちょう)
几帳面	(きちょうめん)
己	(おのれ)
己れ	(おのれ)
己惚れ	(うぬぼれ,おのぼれ)
己惚れる	(うぬぼれる)
脊	(せい)
脊負う	(せおう,しょう)
脊骨	(せぼね)
脊広	(せびろ,セビロ)
脊髄	(せきずい)
脊丈	(せたけ,せいたけ)
脊椎	(せきつい)
脊椎動物	(せきついどうぶつ)
幾	(いく)
幾たび	(いくど,いくたび)
幾つ	(いくつ)
幾つか	(いくつか)
幾つも	(いくつも)
幾ど	(ほとんど)
幾ばくもなく	(いくばくもなく)
幾ばくも無く	(いくばくもなく)
幾ら	(いくら)
幾らか	(いくらか)
幾度	(いくど,いくたび)
幾多	(いくた)
幾分	(いくぶん)
幾何	(きか)
幾何もなく	(いくばくもなく)
幾何学	(きかがく)
幾許もなく	(いくばくもなく)
幾千	(いくせん)
幾日	(いくにち,いくか)
伎	(わざ,ぎ)
伎倆	(ぎりょう)
伎量	(ぎりょう)
伎能	(ぎのう)
伎女	(ぎじょ)
伎楽	(ぎがく)
伎芸	(ぎげい)
技	(わざ,ぎ)
技法	(ぎほう)
技倆	(ぎりょう)
技量	(ぎりょう)
技能	(ぎのう)
技巧	(ぎこう)
技師	(ぎし)
技手	(ぎしゅ,ぎて)
技術	(ぎじゅつ)
技術的	(ぎじゅつてき)
技術革新	(ぎじゅつかくしん)
技術力	(ぎじゅつりょく)
技術水準	(ぎじゅつすいじゅん)
技術提携	(ぎじゅつていけい)
技術同士	(ぎじゅつどうし)
技術移転	(ぎじゅついてん)
技術援助	(ぎじゅつえんじょ)
技術者	(ぎじゅつしゃ)
技芸	(ぎげい)
忌	(いみ)
忌まわしい	(いまわしい)
忌ま忌ましい	(いまいましい)
忌み	(いみ)
忌み詞	(いみことば)
忌み日	(いみび)
忌み言葉	(いみことば)
忌む	(いむ)
忌避	(きひ)
忌詞	(いみことば)
忌憚	(きたん)
忌諱	(きき,きい)
忌々しい	(いまいましい)
忌忌しい	(いまいましい)
忌日	(いみび)
忌言葉	(いみことば)
忌垣	(いがき,いかき)
忌中	(きちゅう)
妓女	(ぎじょ)
季候	(きこう)
季節	(きせつ)
季節はずれ	(きせつはずれ)
季節的	(きせつてき)
季節風	(きせつふう)
季節外れ	(きせつはずれ)
季刊	(きかん)
季語	(きご)
計	(けい)
計らい	(はからい)
計らう	(はからう)
計りしれない	(はかりしれない)
計り知れない	(はかりしれない)
計る	(はかる)
計測	(けいそく)
計画	(けいかく)
計画案	(けいかくあん)
計画段階	(けいかくだんかい)
計理士	(けいりし)
計量	(けいりょう)
計量テンソル	(けいりょうテンソル)
計量経済学	(けいりょうけいざいがく)
計量言語学	(けいりょうげんごがく)
計略	(けいりゃく)
計器	(けいき)
計上	(けいじょう)
計数	(けいすう)
計算	(けいさん)
計算尺	(けいさんじゃく)
計算機	(けいさんき)
計算機間	(けいさんきま)
計算木	(けいさんぎ)
計算器	(けいさんき)
計算書	(けいさんしょ)
計算者	(けいさんしゃ)
計装	(けいそう)
迹	(あと)
既に	(すでに)
既の事	(すんでのこと,すってのこと,すでのこと)
既の所で	(すんでのところで)
既報	(きほう)
既成	(きせい)
既成事実	(きせいじじつ)
既存	(きそん,きぞん)
既得	(きとく)
既得権	(きとくけん)
既定	(きてい)
既定値	(きていち)
既婚	(きこん)
既婚男性	(きこんだんせい)
既婚者	(きこんしゃ)
既設	(きせつ)
既視感	(きしかん)
既往症	(きおうしょう)
既約	(きやく)
既約表現	(きやくひょうげん)
既知	(きち)
既知外	(キチガイ,きちがい,キチゲェ)
既製	(きせい)
既製服	(きせいふく)
紀律	(きりつ)
紀念	(きねん)
紀行	(きこう)
紀行文	(きこうぶん)
紀要	(きよう)
紀元	(きげん)
紀元後	(きげんご)
紀元前	(きげんぜん)
記	(き)
記す	(しるす,きす)
記法	(きほう)
記号	(きごう)
記号論理学	(きごうろんりがく)
記録	(きろく)
記録映画	(きろくえいが)
記錄	(きろく)
記名	(きめい)
記念	(きねん)
記念碑	(きねんひ)
記念館	(きねんかん)
記念切手	(きねんきって)
記念日	(きねんび)
記念式典	(きねんしきてん)
記譜	(きふ)
記譜法	(きふほう)
記入	(きにゅう)
記事	(きじ)
記述	(きじゅつ)
記述子	(きじゅつし)
記数法	(きすうほう)
記誦	(きしょう)
記憶	(きおく)
記憶法	(きおくほう)
記憶媒体	(きおくばいたい)
記憶容量	(きおくようりょう)
記憶装置	(きおくそうち)
記載	(きさい)
記章	(きしょう)
記帳	(きちょう)
記者	(きしゃ)
記者会見	(きしゃかいけん)
記者団	(きしゃだん)
剤	(ざい)
祭	(まつり)
祭り	(まつり)
祭る	(まつる)
祭典	(さいてん)
祭礼	(さいれい)
祭禮	(さいれい)
祭日	(さいじつ)
祭騒ぎ	(まつりさわぎ)
祭神	(さいじん,さいしん)
祭司	(さいし)
祭祀	(さいし)
祭壇	(さいだん)
済う	(すくう)
済し崩し	(なしくずし)
済す	(すます)
済ます	(すます)
済ませる	(すませる)
済みません	(すみません,スミマセン)
済む	(すむ)
悸える	(おびえる)
寄こす	(よこす)
寄せ	(よせ,ヨセ)
寄せつける	(よせつける)
寄せる	(よせる)
寄せ付ける	(よせつける)
寄せ集め	(よせあつめ)
寄せ集める	(よせあつめる)
寄せ算	(よせざん)
寄せ席	(よせ,よせせき)
寄っかかる	(よっかかる)
寄っ掛かる	(よっかかる)
寄っ掛る	(よっかかる)
寄りかかる	(よりかかる)
寄りすがる	(よりすがる)
寄りそう	(よりそう)
寄りつく	(よりつく)
寄り道	(よりみち)
寄り付く	(よりつく)
寄り掛かる	(よりかかる)
寄り合い	(よりあい)
寄り合う	(よりあう)
寄り集まる	(よりあつまる)
寄り添う	(よりそう)
寄り縋る	(よりすがる)
寄る	(よる)
寄道	(よりみち)
寄付	(きふ)
寄付く	(よりつく)
寄付ける	(よせつける)
寄附	(きふ)
寄港	(きこう)
寄稿	(きこう)
寄稿者	(きこうしゃ)
寄航	(きこう)
寄合	(よりあい)
寄合い	(よりあい)
寄合う	(よりあう)
寄集め	(よせあつめ)
寄金	(ききん)
寄居虫	(ヤドカリ,やどかり)
寄居蟹	(ヤドカリ,やどかり)
寄留	(きりゅう)
寄騎	(よりき)
寄生	(きせい)
寄生虫	(きせいちゅう)
寄生虫症	(きせいちゅうしょう)
寄生生物	(きせいせいぶつ)
寄宿	(きしゅく)
寄宿舎	(きしゅくしゃ)
寄添う	(よりそう)
寄席	(よせ,よせせき)
寄与	(きよ)
寄越す	(よこす)
寄贈	(きぞう,きそう)
寄贈者	(きぞうしゃ,きそうしゃ)
寄縋る	(よりすがる)
寂	(さび)
寂しい	(さびしい,さみしい)
寂しがる	(さびしがる)
寂りょう	(せきりょう)
寂れる	(さびれる)
寂寥	(せきりょう)
寂然	(せきぜん,じゃくねん)
跡	(あと)
跡とり	(あととり)
跡々	(あとあと)
跡跡	(あとあと)
跡継	(あとつぎ)
跡継ぎ	(あとつぎ)
跡絶える	(とだえる)
跡目	(あとめ)
跡片付け	(あとかたづけ)
跡切れる	(とぎれる)
跡切れ跡切れ	(とぎれとぎれ)
跡取	(あととり)
跡取り	(あととり)
跡始末	(あとしまつ)
跡追い	(あとおい)
際	(きわ,ぎわ)
際する	(さいする)
際だつ	(きわだつ)
際どい	(きわどい)
際に	(さいに)
際もの	(きわもの)
際疾い	(きわどい)
際立つ	(きわだつ)
際物	(きわもの)
際限	(さいげん)
継ぎはぎ	(つぎはぎ,ツギハギ)
継ぎ合せる	(つぎあわせる)
継ぎ合わせる	(つぎあわせる)
継ぎ接ぎ	(つぎはぎ,ツギハギ)
継ぎ目	(つぎめ)
継ぎ足す	(つぎたす)
継ぐ	(つぐ,ツぐ)
継っ子	(ままこ,けいし,ままっこ)
継承	(けいしょう)
継承者	(けいしょうしゃ)
継電器	(けいでんき)
継父	(けいふ,ままちち)
継合せる	(つぎあわせる)
継接	(つぎはぎ,ツギハギ)
継接ぎ	(つぎはぎ,ツギハギ)
継母	(ままはは,けいぼ)
継目	(つぎめ)
継嗣	(けいし)
継投	(けいとう)
継続	(けいぞく)
継子	(ままこ,けいし,ままっこ)
継走	(けいそう)
継足す	(つぎたす)
稷	(きび,きみ,キビ)
冀求	(ききゅう)
冀図	(きと)
冀望	(きぼう)
濟む	(すむ)
鯽	(ふな,フナ)
繫がる	(つながる)
繫ぐ	(つなぐ)
繫げる	(つなげる)
霽らす	(はらす)
霽れ	(はれ)
霽れる	(はれる)
霽れ間	(はれま)
驥尾	(きび)
驥足	(きそく)
加	(か)
加うるに	(くわうるに,くおうるに)
加える	(くわえる)
加え算	(くわえざん)
加わる	(くわわる)
加筆	(かひつ)
加餐	(かさん)
加持	(かじ)
加除	(かじょ)
加除式	(かじょしき)
加答児	(カタル)
加担	(かたん)
加担者	(かたんしゃ)
加爾基	(カルキ)
加法	(かほう)
加俸	(かほう)
加給	(かきゅう)
加工	(かこう)
加工産業	(かこうさんぎょう)
加工費	(かこうひ)
加工賃	(かこうちん)
加工貿易	(かこうぼうえき)
加工品	(かこうひん)
加工税	(かこうぜい)
加工業	(かこうぎょう)
加工紙	(かこうし)
加冠	(かかん)
加害	(かがい)
加害者	(かがいしゃ)
加号	(かごう)
加護	(かご)
加加阿	(カカオ)
加減	(かげん)
加減乗除	(かげんじょうじょ)
加減抵抗器	(かげんていこうき)
加圧	(かあつ)
加圧水炉	(かあつすいろ)
加里	(カリ)
加療	(かりょう)
加齢	(かれい)
加留多	(カルタ,かるた)
加硫	(かりゅう)
加硫法	(かりゅうほう)
加禄	(かろく)
加盟	(かめい)
加盟店	(かめいてん)
加盟国	(かめいこく)
加盟者	(かめいしゃ)
加奈陀	(カナダ)
加年	(かねん)
加農砲	(カノンほう,かのうほう)
加虐	(かぎゃく)
加虐愛	(かぎゃくあい)
加判	(かはん)
加判人	(かはんにん)
加配	(かはい)
加配米	(かはいまい)
加熱	(かねつ)
加入	(かにゅう)
加入金	(かにゅうきん)
加入権	(かにゅうけん)
加入者	(かにゅうしゃ)
加湿	(かしつ)
加湿機	(かしつき)
加湿器	(かしつき)
加勢	(かせい)
加数	(かすう)
加水	(かすい)
加水分解	(かすいぶんかい)
加速	(かそく)
加速度	(かそくど)
加速運動	(かそくうんどう)
加算	(かさん)
加算機	(かさんき)
加算器	(かさんき)
加糖	(かとう)
加糖粉乳	(かとうふんにゅう)
加特力	(カトリック)
加味	(かみ)
加温	(かおん)
加行	(かぎょう)
加養	(かよう)
加薬	(かやく)
加役	(かやく)
加増	(かぞう)
加振	(かしん)
加重	(かじゅう,かちょう)
佳	(か)
佳い	(よい,えい)
佳編	(かへん)
佳賓	(かひん)
佳辰	(かしん)
佳調	(かちょう)
佳話	(かわ)
佳節	(かせつ)
佳景	(かけい)
佳境	(かきょう)
佳酒	(かしゅ)
佳句	(かく)
佳客	(かかく)
佳例	(かれい)
佳麗	(かれい)
佳良	(かりょう)
佳木	(かぼく)
佳醸	(かじょう)
佳篇	(かへん)
佳品	(かひん)
佳趣	(かしゅ)
佳人	(かじん)
佳人薄命	(かじんはくめい)
佳日	(かじつ)
佳容	(かよう)
佳賞	(かしょう)
佳什	(かじゅう)
佳味	(かみ)
佳言	(かげん)
佳宴	(かえん)
佳肴	(かこう)
佳月	(かげつ)
佳作	(かさく)
迦楼羅	(かるら)
珈琲	(コーヒー)
珈琲豆	(コーヒーまめ)
枷	(かせ)
痂せる	(かせる)
家	(いえ)
家きん	(かきん)
家じゅう	(うちじゅう,いえじゅう,かちゅう)
家宝	(かほう)
家柄	(いえがら)
家並	(いえなみ,やなみ)
家並み	(いえなみ,やなみ)
家財	(かざい)
家蔵	(かぞう)
家産	(かさん)
家長	(かちょう)
家常	(かじょう)
家臣	(かしん)
家出	(いえで)
家畜	(かちく)
家従	(かじゅう)
家電	(かでん)
家督	(かとく)
家督相続	(かとくそうぞく)
家法	(かほう)
家風	(かふう,いえかぜ)
家扶	(かふ)
家父長制	(かふちょうせい)
家格	(かかく)
家根	(やね)
家号	(やごう)
家集	(かしゅう)
家計	(かけい)
家計簿	(かけいぼ)
家々	(いえいえ)
家家	(いえいえ)
家教	(かきょう)
家筋	(いえすじ)
家居	(いえい,かきょ)
家具	(かぐ)
家具屋	(かぐや)
家君	(いえぎみ,かくん)
家来	(けらい)
家頼	(けらい)
家老	(かろう)
家礼	(けらい)
家例	(かれい)
家賃	(やちん)
家令	(かれい)
家路	(いえじ)
家門	(かもん)
家名	(かめい)
家鳴	(やなり)
家鳴り	(やなり)
家内	(かない,やうち)
家僕	(かぼく)
家禽	(かきん)
家人	(かじん)
家什	(かじゅう)
家声	(かせい)
家事	(かじ)
家守	(やもり,しゅきゅう,ヤモリ)
家書	(かしょ)
家台	(やたい)
家庭	(かてい)
家庭を顧みない	(かていをかえりみない)
家庭裁判所	(かていさいばんしょ)
家庭教師	(かていきょうし)
家庭教育	(かていきょういく)
家庭科	(かていか)
家庭欄	(かていらん)
家庭内暴力	(かていないぼうりょく)
家庭用	(かていよう)
家兎	(かと)
家紋	(かもん)
家屋	(かおく)
家系	(かけい)
家憲	(かけん)
家相	(かそう)
家郷	(かきょう)
家信	(かしん)
家兄	(かけい)
家続き	(いえつづき)
家学	(かがく)
家訓	(かくん,かきん)
家鴨	(アヒル,あひる)
家業	(かぎょう)
家元	(いえもと)
家伝	(かでん)
家運	(かうん)
家宅	(かたく)
家宅捜査	(かたくそうさ)
家宅捜索	(かたくそうさく)
家政	(かせい)
家政婦	(かせいふ)
家職	(かしょく)
家中	(うちじゅう,いえじゅう,かちゅう)
家主	(やぬし,いえぬし,いえあるじ)
家族	(かぞく)
家族づれ	(かぞくづれ)
家族持ち	(かぞくもち)
家族達	(かぞくたち)
家族計画	(かぞくけいかく)
家族連れ	(かぞくづれ)
家作	(かさく)
笳	(あしぶえ,よしぶえ,ろてき)
袈裟	(けさ)
葭	(あし,よし,アシ)
葭簀	(よしず)
嘉辰	(かしん)
嘉節	(かせつ)
嘉例	(かれい)
嘉留太	(カルタ,かるた)
嘉木	(かぼく)
嘉日	(かじつ)
嘉賞	(かしょう)
嘉味	(かみ)
嘉言	(かげん)
嘉宴	(かえん)
嘉肴	(かこう)
夾撃	(きょうげき)
夾雑物	(きょうざつぶつ)
夾竹桃	(きょうちくとう)
莢	(さや,サヤ)
莢エンドウ	(さやえんどう,サヤエンドウ)
莢えんどう	(さやえんどう,サヤエンドウ)
莢豌豆	(さやえんどう,サヤエンドウ)
莢隠元	(さやいんげん,サヤインゲン)
戛然	(かつぜん)
袷	(あわせ)
頬	(つら,ツラ)
頬づえをつく	(ほおづえをつく)
頬っぺ	(ほっぺ)
頬っぺた	(ほっぺた)
頬っ辺	(ほっぺた)
頬ひげ	(ほおひげ)
頬骨	(ほおぼね,きょうこつ,ほほぼね)
頬紅	(ほおべに)
頬髯	(ほおひげ)
頬笑ましい	(ほほえましい)
頬笑み	(ほほえみ,ほおえみ)
頬笑む	(ほほえむ,ほおえむ)
頬杖をつく	(ほおづえをつく)
頬杖を突く	(ほおづえをつく)
頬髭	(ほおひげ)
鋏	(はさみ,ハサミ)
鋏む	(はさむ)
頰	(ほお,ほほ)
頰っぺた	(ほっぺた)
頰っ辺	(ほっぺた)
頰紅	(ほおべに)
甲	(こう)
甲ら	(こうら)
甲板	(かんぱん,こうはん)
甲板渡し	(こうはんわたし,かんぱんわたし)
甲兵	(こうへい)
甲虫	(カブトムシ,かぶとむし)
甲斐	(かい)
甲斐なし	(かいなし)
甲斐々々しい	(かいがいしい)
甲斐甲斐しい	(かいがいしい)
甲斐無し	(かいなし)
甲斐性	(かいしょう,かいしょ)
甲高	(こうだか)
甲高い	(かんだかい)
甲掛け	(こうがけ)
甲殻	(こうかく)
甲殻類	(こうかくるい)
甲論乙駁	(こうろんおつばく)
甲羅	(こうら)
甲声	(かんごえ)
甲所	(かんどころ)
甲鉄	(こうてつ)
甲鉄板	(こうてつばん)
甲鉄艦	(こうてつかん)
甲巡	(こうじゅん)
甲夜	(こうや)
甲乙	(こうおつ)
甲乙丙	(こうおつへい)
甲種	(こうしゅ)
甲冑	(かっちゅう)
甲冑師	(かっちゅうし)
甲胄	(かっちゅう)
甲状せん	(こうじょうせん)
甲状腺	(こうじょうせん)
甲走った	(かんばしった)
甲卒	(こうそつ)
岬	(さき)
岬湾	(こうわん)
假名	(かな)
榎茸	(えのきたけ,えのきだけ,エノキタケ)
架かる	(かかる)
架工歯	(かこうし)
架空	(かくう,がくう)
架上	(かじょう)
架設	(かせつ)
架台	(かだい)
架線	(かせん,がせん)
嫁	(よめ)
嫁ぐ	(とつぐ)
嫁ける	(かたづける)
嫁菜	(よめな,ヨメナ)
嫁取り	(よめとり)
嫁入	(よめいり)
嫁入り	(よめいり)
稼ぎ	(かせぎ)
稼ぎ手	(かせぎて)
稼ぐ	(かせぐ)
稼げる	(かせげる)
稼動	(かどう)
稼働	(かどう)
稼業	(かぎょう)
價	(あたい)
駕篭	(かご)
駕籠	(かご)
駱駝	(らくだ,ラクダ)
尖い	(するどい)
尖がった	(とがった,とんがった)
尖がる	(とがる,とんがる)
尖った	(とがった,とんがった)
尖り	(とんがり)
尖る	(とがる,とんがる)
尖んがった	(とがった,とんがった)
尖んがり	(とんがり)
尖んがる	(とがる,とんがる)
尖部	(せんぶ)
尖度	(せんど)
尖端	(せんたん)
尖鋭	(せんえい)
尖塔	(せんとう)
奸計	(かんけい)
肩	(かた)
肩あて	(かたあて)
肩がわり	(かたがわり)
肩こり	(かたこり)
肩をすくめる	(かたをすくめる)
肩をもつ	(かたをもつ)
肩を持つ	(かたをもつ)
肩を竦める	(かたをすくめる)
肩部	(けんぶ)
肩車	(かたぐるま)
肩代り	(かたがわり)
肩代わり	(かたがわり)
肩当	(かたあて)
肩当て	(かたあて)
肩幅	(かたはば)
肩寄せる	(かたよせる)
肩甲骨	(けんこうこつ)
肩胛骨	(けんこうこつ)
肩巾	(ひれ)
肩凝り	(かたこり)
肩入	(かたいれ)
肩入れ	(かたいれ)
肩身	(かたみ)
肩身が広い	(かたみがひろい)
肩身が狭い	(かたみがせまい)
肩書	(かたがき)
肩書き	(かたがき)
肩替わり	(かたがわり)
肩先	(かたさき)
肩章	(けんしょう,かたじるし)
姦夫	(かんぷ)
姦婦	(かんぷ)
姦計	(かんけい)
姦人	(かんじん)
姦通	(かんつう)
姦淫	(かんいん)
兼	(けん)
兼す	(けんす)
兼ねて	(かねて)
兼ねる	(かねる)
兼ね備える	(かねそなえる)
兼ね合い	(かねあい)
兼ね仕える	(かねつかえる)
兼ね役	(かねやく)
兼備	(けんび)
兼併	(けんぺい)
兼補	(けんぽ)
兼帯	(けんたい)
兼官	(けんかん)
兼合い	(かねあい)
兼々	(かねがね)
兼兼	(かねがね)
兼勤	(けんきん)
兼任	(けんにん)
兼摂	(けんせつ)
兼題	(けんだい)
兼務	(けんむ)
兼行	(けんこう)
兼修	(けんしゅう)
兼業	(けんぎょう)
兼業農家	(けんぎょうのうか)
兼営	(けんえい)
兼用	(けんよう)
兼職	(けんしょく)
堅い	(かたい)
堅くるしい	(かたくるしい,かたぐるしい)
堅める	(かためる)
堅城	(けんじょう)
堅持	(けんじ)
堅調	(けんちょう)
堅固	(けんご)
堅果	(けんか)
堅苦しい	(かたくるしい,かたぐるしい)
堅牢	(けんろう)
堅塁	(けんるい)
堅累	(けんるい)
堅忍	(けんにん)
堅忍不抜	(けんにんふばつ)
堅実	(けんじつ)
堅物	(かたぶつ)
堅魚	(カツオ,かつお)
堅陣	(けんじん)
揃い	(そろい)
揃う	(そろう)
揃える	(そろえる)
揃え方	(そろえかた)
間	(あいだ,あわい)
間がら	(あいだがら)
間じゅう	(あいだじゅう)
間にあう	(まにあう)
間にある	(あいだにある)
間に合う	(まにあう)
間のび	(まのび)
間の戸	(あいのと)
間の手	(あいのて)
間の子	(あいのこ)
間もなく	(まもなく)
間も無く	(まもなく)
間を置いて	(まをおいて,あいだをおいて)
間抜け	(まぬけ,マヌケ)
間柄	(あいだがら)
間貸し	(まがし)
間諜	(かんちょう)
間釘	(あいくぎ)
間断	(かんだん)
間隔	(かんかく)
間合	(まあい)
間合い	(まあい)
間話	(かんわ)
間際	(まぎわ)
間々	(まま)
間間	(まま)
間接	(かんせつ)
間接的	(かんせつてき)
間接目的語	(かんせつもくてきご)
間接税	(かんせつぜい)
間接照準射撃	(かんせつしょうじゅんしゃげき)
間借り	(まがり)
間近	(まぢか,まじか)
間近い	(まぢかい)
間口	(まぐち)
間狂言	(あいきょうげん)
間膜	(かんまく)
間男	(まおとこ)
間判	(あいばん)
間欠	(かんけつ)
間取	(まどり)
間取り	(まどり)
間食	(かんしょく)
間数	(まかず)
間投詞	(かんとうし)
間違い	(まちがい)
間違える	(まちがえる)
間誤つく	(まごつく)
間誤付く	(まごつく)
間隙	(かんげき)
間暇	(かんか,かんが)
間歇	(かんけつ)
間鴨	(あいがも,アイガモ)
間延び	(まのび)
間一発	(かんいっぱつ)
間一髪	(かんいっぱつ)
間一髪のところ	(かんいっぱつのところ)
間一髪の所	(かんいっぱつのところ)
間一髪を入れず	(かんいっぱつをいれず)
間者	(かんじゃ)
間着	(あいぎ)
間中	(あいだじゅう)
間奏曲	(かんそうきょく)
煎	(せん)
煎じつめる	(せんじつめる)
煎じる	(せんじる)
煎じ出す	(せんじだす)
煎じ詰める	(せんじつめる)
煎じ詰めると	(せんじつめると)
煎じ薬	(せんじぐすり)
煎りたて	(いりたて)
煎りつく	(いりつく)
煎りつける	(いりつける)
煎り豆腐	(いりどうふ)
煎り付ける	(いりつける)
煎り鍋	(いりなべ)
煎り立て	(いりたて)
煎り卵	(いりたまご)
煎り子	(いりこ)
煎る	(いる)
煎餅	(せんべい)
煎餅布団	(せんべいぶとん)
煎餅蒲団	(せんべいぶとん)
煎餠	(せんべい)
煎茶	(せんちゃ)
煎豆腐	(いりどうふ)
煎鍋	(いりなべ)
煎海鼠	(いりこ)
煎剤	(せんざい)
煎薬	(せんやく)
監査	(かんさ)
監査記録	(かんさきろく)
監査役	(かんさやく)
監査証跡	(かんさしょうせき)
監察	(かんさつ)
監察医	(かんさつい)
監督	(かんとく)
監督者	(かんとくしゃ)
監房	(かんぼう)
監禁	(かんきん)
監理	(かんり)
監視	(かんし)
監視塔	(かんしとう)
監視者	(かんししゃ)
監修	(かんしゅう)
監訳	(かんやく)
監獄	(かんごく)
樫	(かし,かしい,カシ)
緘口令	(かんこうれい)
艱苦	(かんく)
艱難	(かんなん)
艱難辛苦	(かんなんしんく)
殱滅	(せんめつ)
鰔	(たら,タラ)
殲滅	(せんめつ)
鰹	(カツオ,かつお)
鰹節	(かつおぶし,かつぶし)
柬埔寨	(カンボジア,カンボディア)
倹	(けん)
倹しい	(つましい)
倹素	(けんそ)
倹約	(けんやく)
倹約家	(けんやくか)
剪み切る	(はさみきる)
剪む	(はさむ)
剪る	(きる)
剪裁	(せんさい)
剪裁機	(せんさいき)
剪除	(せんじょ)
剪刀	(せんとう)
剪定	(せんてい)
剪定バサミ	(せんていばさみ)
剪定ばさみ	(せんていばさみ)
剪定鋏	(せんていばさみ)
剪断	(せんだん)
剪断安定性	(せんだんあんていせい)
剪毛	(せんもう)
剪枝	(せんし)
検める	(あらためる)
検便	(けんべん)
検波	(けんぱ)
検査	(けんさ)
検察	(けんさつ)
検出	(けんしゅつ)
検定	(けんてい)
検挙	(けんきょ)
検量線	(けんりょうせん)
検尿	(けんにょう)
検屍	(けんし)
検事	(けんじ)
検束	(けんそく)
検死	(けんし)
検算	(けんざん)
検索	(けんさく)
検討	(けんとう)
検討委員会	(けんとういいんかい)
検温器	(けんおんき)
検問	(けんもん)
検問所	(けんもんじょ,けんもんしょ)
検眼	(けんがん)
検眼医	(けんがんい)
検疫	(けんえき)
検印	(けんいん)
検閲	(けんえつ)
検札	(けんさつ)
検針	(けんしん)
検診	(けんしん)
検証	(けんしょう)
減らす	(へらす)
減る	(へる)
減産	(げんさん)
減点	(げんてん)
減段	(げんたん)
減額	(げんがく)
減法	(げんぽう)
減反	(げんたん)
減俸	(げんぽう)
減圧	(げんあつ)
減量	(げんりょう)
減免	(げんめん)
減配	(げんぱい)
減少	(げんしょう)
減食	(げんしょく)
減収	(げんしゅう)
減数	(げんすう)
減衰	(げんすい)
減衰器	(げんすいき)
減税	(げんぜい)
減価	(げんか)
減価償却	(げんかしょうきゃく)
減速	(げんそく)
減退	(げんたい)
減刑	(げんけい)
減資	(げんし)
檢察	(けんさつ)
檢事	(けんじ)
蹇	(びっこ,ちんば,あしなえ)
繭	(まゆ)
繭をかける	(まゆをかける)
繭を掛ける	(まゆをかける)
繭紬	(けんちゅう,きぬつむぎ)
繭糸	(きぬいと,けんし)
繭価	(まゆか,けんか)
繭玉	(まゆだま)
瞼	(まぶた)
簡	(ふだ,ふみた,ふんだ)
簡便	(かんべん)
簡単	(かんたん)
簡単に言うと	(かんたんにいうと)
簡単に言えば	(かんたんにいえば)
簡端	(かんたん)
簡短	(かんたん)
簡潔	(かんけつ)
簡略	(かんりゃく)
簡略化	(かんりゃくか)
簡明強固	(かんめいきょうこ)
簡素	(かんそ)
簡素化	(かんそか)
簡体字	(かんたいじ)
簡易	(かんい)
簡易化	(かんいか)
簡約	(かんやく)
鹹草	(あしたば,あしたぐさ,アシタバ)
鹹湖	(かんこ)
鹹気	(しおけ)
鹹水	(かんすい)
鹹味	(かんみ)
件	(けん)
件名	(けんめい)
件数	(けんすう)
見あきる	(みあきる)
見あげる	(みあげる)
見あたる	(みあたる)
見あわせる	(みあわせる)
見いだす	(みいだす,みだす)
見い出す	(みいだす,みだす)
見うける	(みうける)
見うしなう	(みうしなう)
見え	(みえ)
見えすく	(みえすく)
見える	(みえる)
見えをはる	(みえをはる)
見えを張る	(みえをはる)
見え透く	(みえすく)
見おさめ	(みおさめ)
見おぼえ	(みおぼえ)
見おろす	(みおろす)
見かけ	(みかけ)
見かける	(みかける)
見かけ上	(みかけじょう)
見かたによって	(みかたによって)
見きわめる	(みきわめる)
見くびる	(みくびる)
見こみ	(みこみ)
見ごろ	(みごろ)
見しらぬ	(みしらぬ)
見すえる	(みすえる)
見すかす	(みすかす)
見すてる	(みすてる)
見すぼらしい	(みすぼらしい)
見すます	(みすます)
見す見す	(みすみす)
見せかけ	(みせかけ)
見せかける	(みせかける)
見せしめ	(みせしめ)
見せつける	(みせつける)
見せびらかす	(みせびらかす)
見せる	(みせる)
見せ付ける	(みせつける)
見せ掛け	(みせかけ)
見せ掛ける	(みせかける)
見せ物	(みせもの)
見そこなう	(みそこなう)
見たてる	(みたてる)
見ちがえる	(みちがえる)
見つかる	(みつかる)
見つける	(みつける)
見っともない	(みっともない)
見っとも無い	(みっともない)
見つめる	(みつめる)
見てとる	(みてとる)
見て取る	(みてとる)
見とおし	(みとおし)
見とおす	(みとおす)
見とがめる	(みとがめる)
見とどける	(みとどける)
見なおす	(みなおす)
見なす	(みなす)
見ならう	(みならう)
見なれる	(みなれる)
見ぬく	(みぬく)
見のがす	(みのがす)
見はからう	(みはからう)
見はらし	(みはらし)
見はる	(みはる)
見ひらく	(みひらく)
見まちがえる	(みまちがえる)
見まわす	(みまわす)
見やぶる	(みやぶる)
見やる	(みやる)
見る	(みる)
見わける	(みわける)
見わたす	(みわたす)
見抜く	(みぬく)
見飽きる	(みあきる)
見本	(みほん)
見本市	(みほんいち)
見比べる	(みくらべる)
見参	(けんざん,げんざん)
見澄ます	(みすます)
見醜しい	(みぐるしい)
見出し	(みだし)
見出し語	(みだしご)
見出す	(みいだす,みだす)
見出だす	(みいだす,みだす)
見当	(けんとう)
見当がつかない	(けんとうがつかない)
見当が付かない	(けんとうがつかない)
見当たる	(みあたる)
見当る	(みあたる)
見得	(みえ)
見地	(けんち)
見渡す	(みわたす)
見遁す	(みのがす)
見返	(みかえし)
見返し	(みかえし)
見返す	(みかえす)
見返り	(みかえり)
見方	(みかた)
見方によって	(みかたによって)
見倣う	(みならう)
見放す	(みはなす)
見分ける	(みわける)
見付かる	(みつかる)
見付ける	(みつける)
見付る	(みつかる)
見附ける	(みつける)
見掛け	(みかけ)
見掛ける	(みかける)
見掛け上	(みかけじょう)
見慣れる	(みなれる)
見果てる	(みはてる)
見合	(みあい)
見合い	(みあい)
見合う	(みあう)
見合せる	(みあわせる)
見合わせる	(みあわせる)
見回す	(みまわす)
見廻す	(みまわす)
見積	(みつもり)
見積もり	(みつもり)
見積もり書	(みつもりしょ)
見積もる	(みつもる)
見積り	(みつもり)
見積り書	(みつもりしょ)
見積る	(みつもる)
見積書	(みつもりしょ)
見極める	(みきわめる)
見計らう	(みはからう)
見間違い	(みまちがい)
見間違える	(みまちがえる)
見交わす	(みかわす)
見較べる	(みくらべる)
見詰める	(みつめる)
見解	(けんかい)
見届ける	(みとどける)
見境	(みさかい)
見境い	(みさかい)
見咎める	(みとがめる)
見据える	(みすえる)
見覚え	(みおぼえ)
見覚える	(みおぼえる)
見開き	(みひらき)
見開く	(みひらく)
見苦しい	(みぐるしい)
見離す	(みはなす)
見立てる	(みたてる)
見劣り	(みおとり)
見落	(みおとし)
見落し	(みおとし)
見落す	(みおとす)
見落とし	(みおとし)
見落とす	(みおとす)
見目良い	(みめよい)
見幕	(けんまく)
見納め	(みおさめ)
見破る	(みやぶる)
見棄てる	(みすてる)
見遣る	(みやる)
見切り	(みきり)
見晴し	(みはらし)
見晴す	(みはらす)
見晴らし	(みはらし)
見晴らす	(みはらす)
見頃	(みごろ)
見栄	(みえ)
見栄をはる	(みえをはる)
見栄を張る	(みえをはる)
見殺し	(みごろし)
見上げる	(みあげる)
見捨てる	(みすてる)
見失う	(みうしなう)
見識	(けんしき)
見世	(みせ)
見世番	(みせばん)
見世物	(みせもの)
見事	(みごと)
見収め	(みおさめ)
見守る	(みまもる)
見受ける	(みうける)
見戍る	(みまもる)
見送り	(みおくり)
見送る	(みおくる)
見損う	(みそこなう)
見損なう	(みそこなう)
見損ねる	(みそこねる)
見逃がす	(みのがす)
見逃す	(みのがす)
見通	(みとおし)
見通し	(みとおし)
見通す	(みとおす)
見透かす	(みすかす)
見透し	(みとおし)
見透す	(みとおす)
見違える	(みちがえる)
見聞	(けんぶん,けんもん)
見聞き	(みきき)
見舞	(みまい)
見舞い	(みまい)
見舞う	(みまう)
見物	(けんぶつ)
見物人	(けんぶつにん)
見誤る	(みあやまる)
見習	(みならい)
見習い	(みならい)
見習う	(みならう)
見下げる	(みさげる)
見下す	(みくだす)
見下ろす	(みおろす)
見向く	(みむく)
見学	(けんがく)
見学者	(けんがくしゃ)
見馴れる	(みなれる)
見逸れる	(みそれる)
見憶え	(みおぼえ)
見縊る	(みくびる)
見優り	(みまさり)
見込	(みこみ)
見込み	(みこみ)
見込む	(みこむ)
見猿	(みざる)
見越す	(みこす)
見在	(げんざい)
見憎い	(みにくい)
見窄らしい	(みすぼらしい)
見張る	(みはる)
見者	(けんしゃ)
見知らぬ	(みしらぬ)
見直し	(みなおし)
見直す	(みなおす)
見做す	(みなす)
建ち並ぶ	(たちならぶ)
建つ	(たつ)
建てもの	(たてもの)
建てる	(たてる)
建て回す	(たてまわす)
建て坪	(たてつぼ)
建て前	(たてまえ)
建て物	(たてもの)
建て増す	(たてます)
建もの	(たてもの)
建白	(けんぱく)
建碑	(けんぴ)
建材	(けんざい)
建策	(けんさく)
建国	(けんこく)
建国記念の日	(けんこくきねんのひ)
建具	(たてぐ)
建立	(こんりゅう,けんりつ)
建坪	(たてつぼ)
建前	(たてまえ)
建設	(けんせつ)
建設大臣	(けんせつだいじん)
建設的	(けんせつてき)
建設的関係	(けんせつてきかんけい)
建設会社	(けんせつがいしゃ)
建設者	(けんせつしゃ)
建物	(たてもの)
建言	(けんげん)
建議	(けんぎ)
建造	(けんぞう)
建造物	(けんぞうぶつ)
建築	(けんちく)
建築家	(けんちくか)
健か	(したたか)
健か者	(したたかもの)
健やか	(すこやか)
健棒	(けんぼう)
健筆	(けんぴつ)
健筆家	(けんぴつか)
健歩	(けんぽ)
健啖	(けんたん)
健啖家	(けんたんか)
健闘	(けんとう)
健児	(けんじ)
健否	(けんぴ)
健脚	(けんきゃく)
健脚家	(けんきゃくか)
健康	(けんこう)
健康保険	(けんこうほけん)
健康保険医	(けんこうほけんい)
健康不安	(けんこうふあん)
健康地	(けんこうち)
健康的	(けんこうてき)
健康児	(けんこうじ)
健康法	(けんこうほう)
健康方	(けんこうほう)
健康美	(けんこうび)
健康体	(けんこうたい)
健康問題	(けんこうもんだい)
健康者	(けんこうしゃ)
健康診断	(けんこうしんだん)
健康証明書	(けんこうしょうめいしょ)
健脳剤	(けんのうざい)
健気	(けなげ)
健全	(けんぜん)
健勝	(けんしょう)
健実	(けんじつ)
健投	(けんとう)
健忘	(けんぼう)
健忘症	(けんぼうしょう)
健胃錠	(けんいじょう)
健胃剤	(けんいざい)
健祥	(けんしょう)
健在	(けんざい)
健者	(したたかもの)
剣	(けん,つるぎ)
剣を抜く	(つるぎをぬく,けんをぬく)
剣帯	(けんたい)
剣道	(けんどう)
剣法	(けんぽう)
剣付き鉄砲	(けんつきでっぽう)
剣豪	(けんごう)
剣戟	(けんげき)
剣劇	(けんげき)
剣客	(けんかく,けんきゃく)
剣幕	(けんまく)
剣難	(けんなん)
剣橋	(ケンブリッジ)
剣山	(けんざん)
剣士	(けんし)
剣術	(けんじゅつ)
剣突	(けんつく)
剣突く	(けんつく)
剣突を食わす	(けんつくをくわす)
剣吞	(けんのん)
剣呑	(けんのん)
剣舞	(けんぶ)
剣璽	(けんじ)
剣先	(けんさき)
剣形	(けんがた)
剣玉	(けんだま)
剣状	(けんじょう)
践む	(ふむ)
腱	(けん)
腱鞘	(けんしょう)
腱鞘炎	(けんしょうえん)
僭する	(せんする)
僭称	(せんしょう)
僭取	(せんしゅ)
僭上	(せんじょう,せんしょう)
僭王	(せんおう)
僭位	(せんい)
僭用	(せんよう)
僭越	(せんえつ)
僭主	(せんしゅ)
漸	(やや)
漸く	(ようやく)
漸て	(やがて)
漸と	(やっと)
漸次	(ぜんじ)
漸減	(ぜんげん)
漸近	(ぜんきん)
漸近的自由	(ぜんきんてきじゆう)
漸近線	(ぜんきんせん)
漸進	(ぜんしん)
漸時	(ぜんじ)
漸増	(ぜんぞう)
賤しい	(いやしい)
賤しむ	(いやしむ)
賤しめる	(いやしめる)
賤しん坊	(いやしんぼう)
箭	(や,さ)
劍	(けん,つるぎ)
薦め	(すすめ)
薦める	(すすめる)
薦骨	(せんこつ)
鍵	(かぎ,カギ)
鍵をかける	(かぎをかける)
鍵を掛ける	(かぎをかける)
鍵孔	(かぎあな)
鍵括弧	(カギカッコ,かぎかっこ,カギかっこ)
鍵盤	(けんばん)
鍵穴	(かぎあな)
劒	(けん,つるぎ)
餞	(はなむけ,せん)
餞別	(せんべつ)
諫める	(いさめる)
濺ぐ	(そそぐ)
艦	(かん)
艦長	(かんちょう)
艦船	(かんせん)
艦隊	(かんたい)
艦橋	(かんきょう)
艦上	(かんじょう)
艦艇	(かんてい)
艦載機	(かんさいき)
鑒みる	(かんがみる)
鑒識	(かんしき)
鑑みる	(かんがみる)
鑑別	(かんべつ)
鑑査	(かんさ)
鑑定	(かんてい)
鑑賞	(かんしょう)
鑑識	(かんしき)
鑑札	(かんさつ)
江	(え)
江に	(えん,えにし,えに)
江川る	(えがわる)
江湖	(こうこ,ごうこ)
江戸	(えど)
江戸っこ	(えどっこ)
江戸っ児	(えどっこ)
江戸っ子	(えどっこ)
江戸前ずし	(えどまえずし)
江戸前鮨	(えどまえずし)
江戸前寿司	(えどまえずし)
江戸前鮓	(えどまえずし)
江戸時代	(えどじだい)
将補	(しょうほ)
将官	(しょうかん)
将几	(しょうぎ)
将軍	(しょうぐん)
将来	(しょうらい)
将来像	(しょうらいぞう)
将来性	(しょうらいせい)
将来展望	(しょうらいてんぼう)
将棊	(しょうぎ)
将棋	(しょうぎ)
将棋倒し	(しょうぎだおし)
将棋盤	(しょうぎばん)
将校	(しょうこう)
將來	(しょうらい)
將校	(しょうこう)
僵屍	(キョンシー)
漿液	(しょうえき)
薑	(しょうが,ショウガ)
橿	(かし,かしい,カシ)
殭屍	(キョンシー)
疆界	(きょうかい)
奨め	(すすめ)
奨める	(すすめる)
奨励	(しょうれい)
奨励金	(しょうれいきん)
奨学金	(しょうがくきん,しょうがっきん)
奨学生	(しょうがくせい)
講読	(こうどく)
講話	(こうわ)
講究	(こうきゅう)
講評	(こうひょう)
講師	(こうし)
講談	(こうだん)
講壇	(こうだん)
講堂	(こうどう)
講習	(こうしゅう)
講習会場	(こうしゅうかいじょう)
講演	(こうえん)
講演会	(こうえんかい)
講義	(こうぎ)
講座	(こうざ)
匠	(たくみ)
匠気	(しょうき)
杢目	(もくめ)
降す	(くだす)
降り	(くだり)
降りかかる	(ふりかかる)
降りこめる	(ふりこめる)
降りしきる	(ふりしきる)
降りそそぐ	(ふりそそぐ)
降りだす	(ふりだす)
降りたつ	(おりたつ)
降りはじめる	(ふりはじめる)
降りる	(おりる)
降り出す	(ふりだす)
降り掛かる	(ふりかかる)
降り立つ	(おりたつ)
降り籠める	(ふりこめる)
降り頻る	(ふりしきる)
降り始める	(ふりはじめる)
降り懸かる	(ふりかかる)
降り込める	(ふりこめる)
降り注ぐ	(ふりそそぐ)
降る	(くだる)
降ろし	(おろし)
降ろす	(おろす)
降参	(こうさん)
降誕	(こうたん)
降伏	(こうふく)
降服	(こうふく)
降給	(こうきゅう)
降圧変圧器	(こうあつへんあつき)
降臨	(こうりん,ごうりん)
降霊術	(こうれいじゅつ)
降魔術	(こうまじゅつ)
降頻る	(ふりしきる)
降三世明王	(ごうざんぜみょうおう)
降霜	(こうそう)
降水	(こうすい)
降水量	(こうすいりょう)
降順	(こうじゅん)
降下	(こうか)
降雪	(こうせつ)
降雨	(こうう)
降雨量	(こううりょう)
降職	(こうしょく)
降注ぐ	(ふりそそぐ)
醤油	(しょうゆ,しょうゆう)
醬油	(しょうゆ,しょうゆう)
交	(こもごも)
交うる	(まじえる,まじうる)
交える	(まじえる,まじうる)
交ざる	(まざる)
交じる	(まじる)
交す	(かわす)
交ぜる	(まぜる)
交ぜ合せる	(まぜあわせる)
交ぜ合わせる	(まぜあわせる)
交ぜ織り	(まぜおり)
交る	(まじる)
交わす	(かわす)
交わり	(まじわり)
交わる	(まじわる)
交叉	(こうさ)
交叉点	(こうさてん)
交差	(こうさ)
交差点	(こうさてん)
交差対称性	(こうさたいしょうせい)
交錯	(こうさく)
交代	(こうたい,こうだい)
交代で	(こうたいで)
交代操業	(こうたいそうぎょう)
交代投手	(こうたいとうしゅ)
交代員	(こうたいいん)
交代制	(こうたいせい)
交代作業	(こうたいさぎょう)
交点	(こうてん)
交迭	(こうてつ)
交読	(こうどく)
交読文	(こうどくぶん)
交番	(こうばん)
交付	(こうふ)
交付金	(こうふきん)
交付者	(こうふしゃ)
交感	(こうかん)
交感神経	(こうかんしんけい)
交合	(こうごう)
交互	(こうご)
交歓	(こうかん)
交歓会	(こうかんかい)
交驩	(こうかん)
交換	(こうかん)
交換船	(こうかんせん)
交換機能	(こうかんきのう)
交換教授	(こうかんきょうじゅ)
交換局	(こうかんきょく)
交換貿易制	(こうかんぼうえきせい)
交換品	(こうかんひん)
交換器	(こうかんき)
交換手	(こうかんしゅ)
交換所	(こうかんじょ)
交換台	(こうかんだい)
交換学生	(こうかんがくせい)
交換円	(こうかんえん)
交際	(こうさい)
交際法	(こうさいほう)
交際範囲	(こうさいはんい)
交際費	(こうさいひ)
交際国	(こうさいこく)
交際好き	(こうさいずき)
交際家	(こうさいか)
交際上	(こうさいじょう)
交際社会	(こうさいしゃかい)
交際嫌い	(こうさいぎらい)
交々	(こもごも)
交交	(こもごも)
交接	(こうせつ)
交款	(こうかん)
交霊術	(こうれいじゅつ)
交流	(こうりゅう)
交流人事	(こうりゅうじんじ)
交配	(こうはい)
交情	(こうじょう)
交譲	(こうじょう)
交渉	(こうしょう)
交渉委員	(こうしょういいん)
交渉員	(こうしょういん)
交替	(こうたい,こうだい)
交替制	(こうたいせい)
交通	(こうつう)
交通安全	(こうつうあんぜん)
交通道徳	(こうつうどうとく)
交通妨害	(こうつうぼうがい)
交通費	(こうつうひ)
交通公社	(こうつうこうしゃ)
交通規則	(こうつうきそく)
交通機関	(こうつうきかん)
交通量	(こうつうりょう)
交通路	(こうつうろ)
交通事故	(こうつうじこ)
交通網	(こうつうもう)
交通違反	(こうつういはん)
交通信号	(こうつうしんごう)
交通巡査	(こうつうじゅんさ)
交通運輸業	(こうつううんゆぎょう)
交通遮断	(こうつうしゃだん)
交通整理	(こうつうせいり)
交尾	(こうび)
交響曲	(こうきょうきょく)
交響楽	(こうきょうがく)
交響楽団	(こうきょうがくだん)
交信	(こうしん)
交詢	(こうじゅん)
交宜	(こうぎ)
交易	(こうえき)
交易会	(こうえきかい)
交誼	(こうぎ)
交遊	(こうゆう)
交游	(こうゆう)
交友	(こうゆう)
交友関係	(こうゆうかんけい)
交戦	(こうせん)
交戦国	(こうせんこく)
交戦権	(こうせんけん)
交織	(こうしょく)
交織り	(まぜおり)
郊外	(こうがい)
郊野	(こうの,こうや)
蛟竜	(こうりょう,こうりゅう)
蛟龍	(こうりょう,こうりゅう)
焦がす	(こがす)
焦がれる	(こがれる)
焦げくさい	(こげくさい)
焦げつく	(こげつく)
焦げる	(こげる)
焦げ茶	(こげちゃ)
焦げ臭い	(こげくさい)
焦げ付く	(こげつく)
焦らす	(じらす)
焦り	(あせり)
焦る	(あせる)
焦れったい	(じれったい)
焦れる	(じれる)
焦茶	(こげちゃ)
焦臭い	(こげくさい)
焦点	(しょうてん)
焦慮	(しょうりょ)
焦熱地獄	(しょうねつじごく)
焦燥	(しょうそう)
焦躁	(しょうそう)
蕉風	(しょうふう)
膠	(にかわ)
膠化	(こうか)
膠漆	(こうしつ)
膠原病	(こうげんびょう)
膠着	(こうちゃく)
膠着語	(こうちゃくご)
膠着状態	(こうちゃくじょうたい)
膠質	(こうしつ,にかわしつ)
嬌名	(きょうめい)
嬌声	(きょうせい)
嬌態	(きょうたい)
嬌笑	(きょうしょう)
嬌羞	(きょうしゅう)
嬌姿	(きょうし)
鮫	(サメ,さめ)
驕傲	(きょうごう)
驕児	(きょうじ)
驕奢	(きょうしゃ)
驕肆	(きょうし)
驕恣	(きょうし)
鷦鷯	(ミソサザイ,みそさざい)
角	(すみ,すま)
角すい	(かくすい)
角材	(かくざい)
角鴟	(ミミズク,みみずく,みみづく)
角笛	(つのぶえ)
角度	(かくど)
角界	(かくかい,かっかい)
角力	(すもう,すまい)
角立てる	(かどだてる)
角帽	(かくぼう)
角膜	(かくまく)
角皮	(かくひ)
角砂糖	(かくざとう)
角速度	(かくそくど)
角運動量	(かくうんどうりょう)
角錐	(かくすい)
狡い	(ずるい,こすい,ズルイ)
狡猾	(こうかつ)
狡黠	(こうかつ)
狡休み	(ずるやすみ)
狡知	(こうち)
狡智	(こうち)
脚	(あし)
脚ワザ	(あしわざ)
脚を組む	(あしをくむ)
脚半	(きゃはん)
脚絆	(きゃはん)
脚本	(きゃくほん)
脚部	(きゃくぶ)
脚達	(きゃたつ)
脚付き	(あしつき)
脚技	(あしわざ)
脚力	(きゃくりょく,きゃくりき)
脚立	(きゃたつ)
脚気	(かっけ)
脚取り	(あしどり)
脚色	(きゃくしょく)
脚榻	(きゃたつ)
脚線美	(きゃくせんび)
脚韻	(きゃくいん)
脚注	(きゃくちゅう)
脚註	(きゃくちゅう)
絞まる	(しまる)
絞めあげる	(しめあげる)
絞める	(しめる)
絞め殺す	(しめころす)
絞め上げる	(しめあげる)
絞り	(しぼり,シボリ)
絞りとる	(しぼりとる)
絞り取る	(しぼりとる)
絞る	(しぼる,シボる)
絞殺	(こうさつ)
絞殺す	(しめころす)
絞首台	(こうしゅだい)
絞首刑	(こうしゅけい)
剿討	(そうとう)
勦討	(そうとう)
僥幸	(ぎょうこう)
僥倖	(ぎょうこう)
餃子	(ギョーザ,チャオズ,ぎょうざ)
撹拌	(かくはん,こうはん)
矯めなおす	(ためなおす)
矯める	(ためる)
矯め直す	(ためなおす)
矯風	(きょうふう)
矯激	(きょうげき)
矯正	(きょうせい)
攪拌	(かくはん,こうはん)
叫く	(わめく)
叫び	(さけび)
叫び声	(さけびごえ)
叫ぶ	(さけぶ)
叫号	(きょうごう)
叫換	(きょうかん)
叫喚	(きょうかん)
教え	(おしえ)
教えこむ	(おしえこむ)
教える	(おしえる)
教え方	(おしえかた)
教え込む	(おしえこむ)
教え子	(おしえご)
教べん	(きょうべん)
教わる	(おそわる)
教本	(きょうほん)
教鞭	(きょうべん)
教材	(きょうざい)
教材費	(きょうざいひ)
教導	(きょうどう)
教典	(きょうてん)
教父	(きょうふ)
教官	(きょうかん)
教化	(きょうか)
教皇	(きょうこう,きょうおう)
教会	(きょうかい)
教会史	(きょうかいし)
教会旋法	(きょうかいせんぽう)
教会音楽	(きょうかいおんがく)
教誨	(きょうかい)
教戒	(きょうかい)
教誡	(きょうかい)
教科	(きょうか)
教科書	(きょうかしょ)
教理	(きょうり)
教練	(きょうれん)
教料書	(きょうかしょ)
教派	(きょうは)
教区	(きょうく)
教師	(きょうし)
教示	(きょうじ,きょうし)
教室	(きょうしつ)
教授	(きょうじゅ)
教書	(きょうしょ)
教唆	(きょうさ)
教壇	(きょうだん)
教条	(きょうじょう)
教徒	(きょうと)
教団	(きょうだん)
教王	(きょうおう)
教務	(きょうむ)
教習	(きょうしゅう)
教習生	(きょうしゅうせい)
教習所	(きょうしゅうじょ,きょうしゅうしょ)
教訓	(きょうくん)
教養	(きょうよう)
教養番組	(きょうようばんぐみ)
教義	(きょうぎ)
教育	(きょういく)
教育機関	(きょういくきかん)
教育省	(きょういくしょう)
教喩	(きょうゆ)
教諭	(きょうゆ)
教員	(きょういん)
教則	(きょうそく)
教職	(きょうしょく)
教職員	(きょうしょくいん)
教祖	(きょうそ)
窖	(あなぐら)
較べ	(くらべ)
較べる	(くらべる)
較優位論	(かくゆういろん)
較正	(こうせい)
酵母	(こうぼ)
酵母菌	(こうぼきん)
酵素	(こうそ)
酵素学	(こうそがく)
皆	(みな,みんな)
皆さま	(みなさま)
皆さん	(みなさん)
皆んな	(みな,みんな)
皆既	(かいき)
皆既日食	(かいきにっしょく)
皆既日蝕	(かいきにっしょく)
皆既食	(かいきしょく)
皆既蝕	(かいきしょく)
皆済	(かいさい)
皆目	(かいもく)
皆勤	(かいきん)
皆殺し	(みなごろし)
皆無	(かいむ)
皆様	(みなさま)
掲げる	(かかげる)
掲示	(けいじ)
掲示板	(けいじばん)
掲揚	(けいよう)
掲載	(けいさい)
接ぎ足す	(つぎたす)
接ぐ	(つぐ)
接する	(せっする)
接衝	(せっしょう)
接触	(せっしょく)
接触線	(せっしょくせん)
接辞	(せつじ)
接待	(せったい)
接待ゴルフ	(せったいゴルフ)
接地	(せっち)
接点	(せってん)
接断	(せつだん)
接合	(せつごう)
接見	(せっけん)
接近	(せっきん)
接近経路	(せっきんけいろ)
接客	(せっきゃく)
接取	(せっしゅ)
接収	(せっしゅう)
接受	(せつじゅ)
接頭	(せっとう)
接頭辞	(せっとうじ)
接頭語	(せっとうご)
接尾	(せつび)
接尾辞	(せつびじ)
接尾語	(せつびご)
接吻	(せっぷん)
接線	(せっせん)
接続	(せつぞく)
接続る	(つながる)
接続詞	(せつぞくし)
接続口	(せつぞくぐち)
接続性	(せつぞくせい)
接続語	(せつぞくご)
接戦	(せっせん)
接着	(せっちゃく)
接着剤	(せっちゃくざい)
接着力	(せっちゃくりょく)
接種	(せっしゅ)
階	(しな)
階層	(かいそう)
階段	(かいだん)
階級	(かいきゅう)
階級闘争	(かいきゅうとうそう)
階級章	(かいきゅうしょう)
階名	(かいめい)
階数	(かいすう)
階下	(かいか)
階子	(はしご,ハシゴ)
嗟	(ああ,あー,あぁ)
街	(がい)
街はずれ	(まちはずれ)
街並	(まちなみ)
街並み	(まちなみ)
街娼	(がいしょう)
街道	(かいどう)
街灯	(がいとう)
街燈	(がいとう)
街角	(まちかど)
街路	(がいろ)
街路アドレス	(がいろアドレス)
街路樹	(がいろじゅ)
街区	(がいく)
街衢	(がいく)
街頭	(がいとう)
街図	(まちず,がいず)
街外れ	(まちはずれ)
孑々	(ボウフラ,ぼうふら,ボーフラ)
孑孑	(ボウフラ,ぼうふら,ボーフラ)
孑孒	(ボウフラ,ぼうふら,ボーフラ)
劫	(こう,ごう,コウ)
劫かす	(おびやかす)
劫盗	(ごうとう)
劫罰	(ごうばつ)
劫火	(ごうか,こうか)
劫掠	(きょうりゃく,ごうりゃく)
劫略	(きょうりゃく,ごうりゃく)
拮抗	(きっこう)
桝	(ます,マス)
訐く	(あばく)
捷い	(はやい,はえー,はっやい)
捷報	(しょうほう)
捷径	(しょうけい)
捷利	(しょうり)
傑れる	(すぐれる)
傑出	(けっしゅつ)
傑人	(けつじん)
傑士	(けっし)
傑物	(けつぶつ)
傑作	(けっさく)
結う	(ゆう,いう)
結さつ	(けっさつ)
結び	(むすび)
結びつき	(むすびつき)
結びつく	(むすびつく)
結びつける	(むすびつける)
結び付き	(むすびつき)
結び付く	(むすびつく)
結び付ける	(むすびつける)
結び合せる	(むすびあわせる)
結び合わせる	(むすびあわせる)
結び目	(むすびめ)
結ぶ	(むすぶ)
結わえる	(ゆわえる)
結腸	(けっちょう)
結成	(けっせい)
結党	(けっとう)
結髪	(けっぱつ)
結構	(けっこう)
結果	(けっか)
結果論	(けっかろん)
結合	(けつごう)
結合子	(けつごうし)
結核	(けっかく)
結婚	(けっこん)
結婚披露宴	(けっこんひろうえん)
結婚式	(けっこんしき)
結婚指輪	(けっこんゆびわ)
結婚祝	(けっこんいわい)
結婚祝い	(けっこんいわい)
結集	(けっしゅう)
結節	(けっせつ)
結晶	(けっしょう)
結晶系	(けっしょうけい)
結局	(けっきょく)
結論	(けつろん)
結膜	(けつまく)
結膜炎	(けつまくえん)
結末	(けつまつ)
結納	(ゆいのう)
結球	(けっきゅう)
結社	(けっしゃ)
結社の自由	(けっしゃのじゆう)
結審	(けっしん)
結石	(けっせき)
結束	(けっそく)
結托	(けったく)
結託	(けったく)
結言	(けつげん)
結語	(けつご)
結紮	(けっさつ)
結紮糸	(けっさつし)
結紮術	(けっさつじゅつ)
結着	(けっちゃく)
睫	(まつげ)
睫毛	(まつげ)
節	(ぶし)
節する	(せっする)
節操	(せっそう)
節点	(せってん)
節電	(せつでん)
節度	(せつど)
節分	(せつぶん,せちぶん,せちぶ)
節倹	(せっけん)
節減	(せつげん)
節々	(ふしぶし)
節節	(ふしぶし)
節介	(せっかい)
節酒	(せっしゅ)
節迫	(せっぱく)
節食	(せっしょく)
節水	(せっすい)
節税	(せつぜい)
節煙	(せつえん)
節欲	(せつよく)
節慾	(せつよく)
節約	(せつやく)
節制	(せっせい)
詰	(つめ,ツメ)
詰まらせる	(つまらせる)
詰まらない	(つまらない,つまらねー)
詰まる	(つまる)
詰む	(つむ)
詰め	(つめ,ツメ)
詰めかける	(つめかける)
詰めこむ	(つめこむ)
詰めよる	(つめよる)
詰める	(つめる)
詰め掛ける	(つめかける)
詰め合せる	(つめあわせる)
詰め合わせる	(つめあわせる)
詰め寄る	(つめよる)
詰め込む	(つめこむ)
詰らない	(つまらない,つまらねー)
詰る	(つまる)
詰掛ける	(つめかける)
詰合せる	(つめあわせる)
詰合わせる	(つめあわせる)
詰寄る	(つめよる)
詰問	(きつもん)
詰込む	(つめこむ)
截ち割る	(たちわる)
截ち切る	(たちきる)
截つ	(たつ)
截り口	(きりくち)
截断	(せつだん)
截断機	(せつだんき)
截断面	(せつだんめん)
截拳道	(ジークンドー)
截然	(せつぜん,さいぜん)
竭きる	(つきる)
竭す	(つくす)
潔い	(いさぎよい)
潔よい	(いさぎよい)
潔白	(けっぱく)
潔良い	(いさぎよい)
潔癖	(けっぺき)
姐	(あね)
姐さん	(ねえさん,あねさん)
姐貴	(あねき,アネキ)
姐御	(あねご)
解かす	(とかす)
解く	(とく)
解ける	(とける)
解け込む	(とけこむ)
解せない	(げせない)
解り	(わかり)
解りにくい	(わかりにくい)
解る	(わかる)
解れる	(ほぐれる)
解除	(かいじょ)
解答	(かいとう)
解凍	(かいとう)
解毒	(げどく)
解毒剤	(げどくざい)
解毒薬	(げどくやく)
解読	(かいどく)
解法	(かいほう)
解放	(かいほう)
解雇	(かいこ)
解雇者	(かいこしゃ)
解集合	(かいしゅうごう)
解禁	(かいきん)
解決	(かいけつ)
解決策	(かいけつさく)
解纜	(かいらん)
解離	(かいり)
解明	(かいめい)
解剖	(かいぼう)
解剖学	(かいぼうがく)
解熱	(げねつ)
解熱剤	(げねつざい)
解熱薬	(げねつやく)
解任	(かいにん)
解散	(かいさん)
解釈	(かいしゃく)
解説	(かいせつ)
解説者	(かいせつしゃ)
解題	(かいだい)
解体	(かいたい)
解脱	(げだつ)
解析	(かいせき)
解析性	(かいせきせい)
解像度	(かいぞうど)
解像力	(かいぞうりょく)
解消	(かいしょう)
解約	(かいやく)
解折	(かいせき)
解職	(かいしょく)
檞	(かしわ,カシワ)
介	(かい)
介して	(かいして)
介抱	(かいほう)
介病	(かいびょう)
介錯	(かいしゃく)
介副	(かいぞえ)
介護	(かいご)
介甲	(かいこう)
介殻	(かいかく)
介鱗	(かいりん)
介卵	(かいらん)
介入	(かいにゅう)
介添	(かいぞえ)
介添え	(かいぞえ)
介意	(かいい)
介在	(かいざい)
戒め	(いましめ)
戒める	(いましめる)
戒告	(かいこく)
戒護	(かいご)
戒律	(かいりつ)
戒名	(かいみょう)
戒厳令	(かいげんれい)
芥	(ゴミ,ごみ)
芥子	(からし,カラシ)
屆ける	(とどける)
届	(とどけ)
届く	(とどく)
届け	(とどけ)
届ける	(とどける)
届け出	(とどけで)
届け出る	(とどけでる)
届け先	(とどけさき)
届出	(とどけで)
界	(さかい,きょう)
界わい	(かいわい)
界面	(かいめん)
界隈	(かいわい)
疥癬	(かいせん)
借り	(かり)
借りきり	(かりきり)
借りこむ	(かりこむ)
借りっぱなし	(かりっぱなし)
借りっ放し	(かりっぱなし)
借りる	(かりる)
借り出す	(かりだす)
借り貸し	(かりかし)
借り倒す	(かりたおす)
借り地	(かりち)
借り店	(かりだな)
借り方	(かりかた)
借り換え	(かりかえ)
借り換える	(かりかえる)
借り火	(かりび)
借り集める	(かりあつめる)
借り間	(かりま)
借り賃	(かりちん)
借り名	(かりな)
借り切り	(かりきり)
借り切る	(かりきる)
借り取り	(かりどり)
借り入れ	(かりいれ)
借り入れる	(かりいれる)
借り入れ金	(かりいれきん)
借り上げる	(かりあげる)
借り手	(かりて)
借り受ける	(かりうける)
借り受け金	(かりうけきん)
借り受け人	(かりうけにん)
借り逃げ	(かりにげ)
借り物	(かりもの)
借り衣裳	(かりいしょう)
借り衣装	(かりいしょう)
借り込む	(かりこむ)
借り越し	(かりこし)
借り越し金	(かりこしきん)
借り越す	(かりこす)
借り宅	(かりたく)
借り着	(かりぎ)
借り主	(かりぬし)
借り住い	(かりずまい)
借り住まい	(かりずまい)
借る	(かる)
借財	(しゃくざい)
借貸	(しゃくたい)
借地	(しゃくち)
借地権	(しゃくちけん)
借方	(かりかた)
借換	(かりかえ)
借集める	(かりあつめる)
借家	(しゃくや,しゃっか)
借家人	(しゃくやにん,しゃっかにん)
借家争議	(しゃっかそうぎ)
借家住まい	(しゃくやずまい)
借金	(しゃっきん)
借金取り	(しゃっきんとり)
借款	(しゃっかん)
借覧	(しゃくらん)
借料	(しゃくりょう)
借賃	(かりちん)
借銭	(しゃくせん)
借切	(かりきり)
借切り	(かりきり)
借切る	(かりきる)
借人	(かりにん)
借入	(かりいれ)
借入れ	(かりいれ)
借入れる	(かりいれる)
借入金	(かりいれきん)
借上げる	(かりあげる)
借手	(かりて)
借問	(しゃもん,しゃくもん)
借屋	(しゃくや,しゃっか)
借屋住居	(しゃくやずまい)
借物	(かりもの)
借用	(しゃくよう)
借用書	(しゃくようしょ)
借用者	(しゃくようしゃ)
借用証書	(しゃくようしょうしょ)
借越	(かりこし)
借越し	(かりこし)
借越金	(かりこしきん)
借主	(かりぬし)
借住い	(かりずまい)
借住まい	(かりずまい)
誡め	(いましめ)
誡める	(いましめる)
誡告	(かいこく)
巾	(はば)
巾広	(はばびろ)
巾着	(きんちゃく)
斤	(きん)
斤量	(きんりょう)
今	(いま)
今イチ	(いまいち,イマイチ)
今いち	(いまいち,イマイチ)
今いま	(いまいま)
今おもうと	(いまおもうと)
今が今	(いまがいま)
今か今か	(いまかいまか)
今が今まで	(いまがいままで)
今ごろ	(いまごろ)
今さら	(いまさら)
今しがた	(いましがた)
今じぶん	(いまじぶん)
今し方	(いましがた)
今だに	(いまだに)
今でき	(いまでき)
今では	(いまでは)
今でも	(いまでも)
今どき	(いまどき,イマドキ)
今なお	(いまなお)
今に	(いまに)
今にも	(いまにも)
今のところ	(いまのところ)
今の処	(いまのところ)
今の所	(いまのところ)
今ふう	(いまふう)
今ほど	(いまほど)
今まで	(いままで)
今めかしい	(いまめかしい)
今めかす	(いまめかす)
今もって	(いまもって)
今や	(いまや)
今や遅しと	(いまやおそしと)
今般	(こんぱん)
今朝	(けさ,こんちょう)
今朝がた	(けさがた)
今朝方	(けさがた)
今程	(いまほど)
今出来	(いまでき)
今春	(こんしゅん)
今次	(こんじ)
今道心	(いまどうしん)
今冬	(こんとう)
今度	(こんど)
今方	(いまがた)
今風	(いまふう)
今更	(いまさら)
今古	(きんこ)
今後	(こんご)
今回	(こんかい)
今々	(いまいま)
今今	(いまいま)
今明日	(こんみょうにち)
今年	(ことし,こんねん)
今期	(こんき)
今迄	(いままで)
今頃	(いまごろ)
今秋	(こんしゅう)
今人	(こんじん)
今日	(きょう,こんにち,こんち)
今日は	(こんにちは,こんにちわ,こにちわ)
今日び	(きょうび)
今日わ	(こんにちは,こんにちわ,こにちわ)
今日的	(こんにちてき)
今日明日	(きょうあす)
今日日	(きょうび)
今日様	(こんにちさま)
今日中に	(きょうじゅうに)
今上	(きんじょう)
今上陛下	(きんじょうへいか)
今尚	(いまなお)
今少し	(いますこし)
今生	(こんじょう)
今時	(いまどき,イマドキ)
今時分	(いまじぶん)
今世紀	(こんせいき)
今世界	(こんせかい)
今思うと	(いまおもうと)
今晩	(こんばん)
今晩は	(こんばんは,こんばんわ)
今夕	(こんせき,こんゆう)
今昔	(こんじゃく,こんせき)
今夏	(こんか)
今宵	(こよい)
今暁	(こんぎょう)
今様	(いまよう)
今夜	(こんや)
今一	(いまいち,イマイチ)
今一度	(いまいちど)
今以て	(いまもって)
今猶	(いまなお)
今月	(こんげつ)
今月分	(こんげつぶん)
今月末	(こんげつまつ)
今週	(こんしゅう)
今週中に	(こんしゅうちゅうに)
金	(かね,かな)
金しばり	(かなしばり)
金ぞく	(きんぞく)
金づる	(かねづる)
金ぱく	(きんぱく)
金ムク	(きんむく)
金め	(かねめ)
金メダル	(きんメダル)
金もうけ	(かねもうけ)
金を遣う	(かねをつかう)
金を使う	(かねをつかう)
金杯	(きんぱい)
金盃	(きんぱい)
金餅糖	(コンペイトー,こんぺいとう,コンペートー)
金箔	(きんぱく)
金蔵	(かねぐら,きんぞう)
金持	(かねもち)
金持ち	(かねもち)
金歯	(きんば)
金儲け	(かねもうけ)
金袋	(かねぶくろ)
金貸し	(かねかし)
金額	(きんがく)
金髪	(きんぱつ,キンパツ)
金縛り	(かなしばり)
金柑	(きんかん,キンカン)
金剛	(こんごう)
金剛薩埵	(こんごうさった)
金剛石	(こんごうせき)
金剛手	(こんごうしゅ)
金高	(きんだか)
金冠	(きんかん,こんかん)
金管	(きんかん)
金鯱	(きんしゃち,きんこ)
金環食	(きんかんしょく)
金環蝕	(きんかんしょく)
金婚式	(きんこんしき)
金貨	(きんか)
金将	(きんしょう)
金將	(きんしょう)
金橘	(きんかん,キンカン)
金具	(かなぐ)
金科玉条	(きんかぎょくじょう)
金坑	(きんこう)
金庫	(かねぐら,きんぞう)
金塊	(きんかい)
金鉱地	(きんこうち)
金力	(きんりょく)
金利	(きんり)
金利鞘	(きんりしょう)
金輪際	(こんりんざい)
金脈	(きんみゃく)
金満家	(きんまんか)
金蔓	(かねづる)
金米糖	(コンペイトー,こんぺいとう,コンペートー)
金糸雀	(カナリア,カナリヤ)
金木犀	(きんもくせい,キンモクセイ)
金目	(かねめ)
金目鯛	(きんめだい,キンメダイ)
金平	(きんぴら,キンピラ)
金平糖	(コンペイトー,こんぺいとう,コンペートー)
金銭	(きんせん)
金銭的ダメージ	(きんせんてきダメージ)
金欠	(きんけつ)
金権政治	(きんけんせいじ)
金券	(きんけん)
金融	(きんゆう)
金融機関	(きんゆうきかん)
金入れ	(かねいれ)
金色	(きんいろ,こんじき,きんしょく)
金時計	(きんどけい)
金属	(きんぞく)
金属間	(きんぞくかん)
金属探知機	(きんぞくたんちき)
金鎖	(きんぐさり)
金探し	(きんさがし)
金網	(かなあみ)
金無垢	(きんむく)
金物	(かなもの)
金星	(きんせい)
金型	(かながた,かねがた)
金言	(きんげん)
金眼鯛	(きんめだい,キンメダイ)
金曜	(きんよう)
金曜日	(きんようび)
金銀	(きんぎん)
金印	(きんいん)
金魚	(きんぎょ,キンギョ)
金玉	(きんたま,キンタマ)
金玉が上がったり下がったり	(きんたまがあがったりさがったり)
金字塔	(きんじとう)
津波	(つなみ)
津々浦々	(つつうらうら,つづうらうら)
津津浦浦	(つつうらうら,つづうらうら)
津浪	(つなみ)
衿	(えり)
衿元	(えりもと)
衿足	(えりあし)
筋	(すじ,スジ)
筋道	(すじみち)
筋骨	(きんこつ,すじぼね)
筋合	(すじあい)
筋合い	(すじあい)
筋交い	(すじかい)
筋力	(きんりょく)
筋目	(すじめ)
筋肉	(きんにく)
筋肉痛	(きんにくつう)
筋書	(すじがき)
筋書き	(すじがき)
筋違い	(すじちがい)
襟	(えり)
襟もと	(えりもと)
襟髪	(えりがみ)
襟巻	(えりまき,エリマキ)
襟巻き	(えりまき,エリマキ)
襟巻き蜥蜴	(えりまきとかげ,エリマキトカゲ)
襟巻蜥蜴	(えりまきとかげ,エリマキトカゲ)
襟首	(えりくび)
襟元	(えりもと)
襟足	(えりあし)
尽かす	(つかす)
尽きはてる	(つきはてる)
尽きる	(つきる)
尽き果てる	(つきはてる)
尽く	(ことごとく)
尽くす	(つくす)
尽す	(つくす)
尽力	(じんりょく)
僅か	(わずか)
僅差	(きんさ)
僅々	(きんきん)
僅僅	(きんきん)
僅少	(きんしょう)
僅少差	(きんしょうさ)
緊い	(かたい)
緊まる	(しまる)
緊縛	(きんばく)
緊急	(きんきゅう)
緊急着陸	(きんきゅうちゃくりく)
緊々	(ひしひし,ヒシヒシ)
緊緊	(ひしひし,ヒシヒシ)
緊褌	(きんこん)
緊褌一番	(きんこんいちばん)
緊密	(きんみつ)
緊迫	(きんぱく)
緊縮	(きんしゅく)
緊要	(きんよう)
緊要地形	(きんようちけい)
緊張	(きんちょう)
儘	(まま,まんま,ママ)
儘ならない	(ままならない)
儘ならぬ	(ままならぬ)
錦	(にしき)
錦絵	(にしきえ)
錦鯉	(にしきごい)
錦蛇	(にしきへび,ニシキヘビ)
謹み	(つつしみ)
謹む	(つつしむ)
謹んで	(つつしんで)
謹呈	(きんてい)
謹賀新年	(きんがしんねん)
謹啓	(きんけい)
謹慎	(きんしん)
謹聴	(きんちょう)
謹言	(きんげん)
謹製	(きんせい)
近い	(ちかい)
近いうちに	(ちかいうちに)
近い将来	(ちかいしょうらい)
近い内に	(ちかいうちに)
近く	(ちかく)
近ごろ	(ちかごろ)
近ぢか	(ちかぢか,きんきん)
近づき	(ちかづき)
近づく	(ちかづく,ちかずく)
近づける	(ちかづける)
近め	(きんがん,ちかめ)
近よる	(ちかよる)
近傍	(きんぼう)
近代	(きんだい)
近代的	(きんだいてき)
近代化	(きんだいか)
近代科学	(きんだいかがく)
近代史	(きんだいし)
近代音楽	(きんだいおんがく)
近道	(ちかみち)
近東	(きんとう)
近辺	(きんぺん)
近付き	(ちかづき)
近付く	(ちかづく,ちかずく)
近付ける	(ちかづける)
近海	(きんかい)
近畿	(きんき)
近寄る	(ちかよる)
近郊	(きんこう)
近接	(きんせつ)
近接航空支援	(きんせつこうくうしえん)
近々	(ちかぢか,きんきん)
近近	(ちかぢか,きんきん)
近距離	(きんきょり)
近刊	(きんかん)
近況	(きんきょう)
近来	(きんらい)
近隣	(きんりん)
近隣諸国	(きんりんしょこく)
近路	(ちかみち)
近目	(きんがん,ちかめ)
近年	(きんねん)
近頃	(ちかごろ)
近親	(きんしん)
近親婚	(きんしんこん)
近親相姦	(きんしんそうかん)
近日	(きんじつ)
近日点	(きんじつてん)
近世	(きんせい)
近似	(きんじ)
近似値	(きんじち)
近視	(きんし)
近所	(きんじょ)
近未来	(きんみらい)
近県	(きんけん)
近郷	(きんごう)
近眼	(きんがん,ちかめ)
近縁	(きんえん)
近縁属	(きんえんぞく)
近在	(きんざい)
侭	(まま,まんま,ママ)
侭ならない	(ままならない)
侭ならぬ	(ままならぬ)
勁い	(つよい)
勁敵	(けいてき)
勁悍	(けいかん)
勁捷	(けいしょう)
浸かる	(つかる)
浸ける	(つける)
浸す	(ひたす)
浸みる	(しみる)
浸み込む	(しみこむ)
浸る	(ひたる)
浸出	(しんしゅつ)
浸潤	(しんじゅん)
浸食	(しんしょく)
浸蝕	(しんしょく)
浸水	(しんすい)
浸透	(しんとう)
浸漬	(しんし,しんせき)
進み	(すすみ)
進み出る	(すすみでる)
進む	(すすむ)
進める	(すすめる)
進歩	(しんぽ)
進捗	(しんちょく)
進呈	(しんてい)
進出	(しんしゅつ)
進度	(しんど)
進化	(しんか)
進撃	(しんげき)
進級	(しんきゅう)
進境	(しんきょう)
進路	(しんろ)
進入	(しんにゅう)
進数	(しんすう)
進退	(しんたい,しんだい)
進退伺	(しんたいうかがい)
進退伺い	(しんたいうかがい)
進行	(しんこう)
進行状況	(しんこうじょうきょう)
進学	(しんがく)
進学率	(しんがくりつ)
進展	(しんてん)
進陟	(しんちょく)
進駐	(しんちゅう)
禁じる	(きんじる)
禁ずる	(きんずる)
禁める	(いさめる)
禁断	(きんだん)
禁断症状	(きんだんしょうじょう)
禁反言	(きんはんげん)
禁固	(きんこ)
禁錮	(きんこ)
禁忌	(きんき)
禁酒	(きんしゅ)
禁句	(きんく)
禁猟	(きんりょう)
禁令	(きんれい)
禁書	(きんしょ)
禁輸	(きんゆ)
禁所	(きんしょ)
禁物	(きんもつ)
禁烟	(きんえん)
禁煙	(きんえん)
禁煙車	(きんえんしゃ)
禁漁	(きんりょう,きんぎょ)
禁欲	(きんよく)
禁慾	(きんよく)
禁則	(きんそく)
禁止	(きんし)
禁止条約	(きんしじょうやく)
禁制	(きんせい)
禁足	(きんそく)
盡す	(つくす)
噤む	(つぐむ)
贐	(はなむけ,せん)
茎	(くき)
京	(みやこ)
京おんな	(きょうおんな)
京阪	(けいはん)
京阪神	(けいはんしん)
京坂	(けいはん)
京表	(きょうおもて)
京地	(きょうち)
京都府	(きょうとふ)
京方	(きょうがた)
京風	(きょうふう)
京華	(けいか)
京洛	(きょうらく,けいらく)
京女	(きょうおんな)
京人	(けいじん,きょうびと)
京人形	(きょうにんぎょう)
京師	(けいし)
京物	(きょうもの)
京響	(きょうきょう)
京形	(きょうがた)
京葉	(けいよう)
荊	(いばら,イバラ)
荊冠	(けいかん)
荊棘	(おどろ)
荊妻	(けいさい)
旌	(はた)
経	(たて,タテ)
経つ	(たつ)
経る	(へる)
経常費	(けいじょうひ)
経常収支	(けいじょうしゅうし)
経典	(きょうてん,けいてん,きょうでん)
経度	(けいど)
経費	(けいひ)
経費削減	(けいひさくげん)
経過	(けいか)
経済	(けいざい)
経済成長	(けいざいせいちょう)
経済発展	(けいざいはってん)
経済復興	(けいざいふっこう)
経済改革	(けいざいかいかく)
経済格差	(けいざいかくさ)
経済回復	(けいざいかいふく)
経済活動	(けいざいかつどう)
経済界	(けいざいかい)
経済力	(けいざいりょく)
経済企画庁	(けいざいきかくちょう)
経済企画庁長官	(けいざいきかくちょうちょうかん)
経済社会	(けいざいしゃかい)
経済社会システム	(けいざいしゃかいシステム)
経済効果	(けいざいこうか)
経済協力	(けいざいきょうりょく)
経済性	(けいざいせい)
経済性向上	(けいざいせいこうじょう)
経済学	(けいざいがく)
経済援助	(けいざいえんじょ)
経済制裁	(けいざいせいさい)
経済状況	(けいざいじょうきょう)
経済状態	(けいざいじょうたい)
経口	(けいこう)
経理	(けいり)
経理士	(けいりし)
経歴	(けいれき)
経路	(けいろ)
経路積分	(けいろせきぶん)
経企庁	(けいきちょう)
経世	(けいせい)
経緯	(けいい,いきさつ)
経文	(きょうもん)
経線	(けいせん)
経験	(けいけん)
経験が浅い	(けいけんがあさい)
経験済み	(けいけんずみ)
経験者	(けいけんしゃ)
経営	(けいえい)
経営グループ	(けいえいグループ)
経営基盤	(けいえいきばん)
経営破綻	(けいえいはたん)
経営学	(けいえいがく)
経営学修士	(けいえいがくしゅうし)
経営再建	(けいえいさいけん)
経営戦略	(けいえいせんりゃく)
経営者	(けいえいしゃ)
経営陣	(けいえいじん)
経営転換	(けいえいてんかん)
経営資源	(けいえいしげん)
経由	(けいゆ,けいゆう)
晶化	(しょうか)
睛	(ひとみ)
經文	(きょうもん)
精	(せい)
精いっぱい	(せいいっぱい)
精しい	(くわしい)
精白率	(せいはくりつ)
精薄	(せいはく)
精兵	(せいびょう,せいへい)
精査	(せいさ)
精巣	(せいそう)
精読	(せいどく)
精度	(せいど)
精進	(しょうじん,そうじん,しょうじ)
精々	(せいぜい)
精精	(せいぜい)
精力	(せいりょく)
精励	(せいれい)
精煉	(せいれん)
精錬	(せいれん)
精錬所	(せいれんしょ,せいれんじょ)
精霊	(せいれい)
精霊信仰	(せいれいしんこう)
精米	(せいまい)
精密	(せいみつ)
精密誘導ミサイル	(せいみつゆうどうミサイル)
精嚢	(せいのう)
精巧	(せいこう)
精肉	(せいにく)
精鋭	(せいえい)
精神	(せいしん)
精神薄弱	(せいしんはくじゃく)
精神的苦痛	(せいしんてきくつう)
精神的指導者	(せいしんてきしどうしゃ)
精神分裂症	(せいしんぶんれつしょう)
精神科	(せいしんか)
精神衛生	(せいしんえいせい)
精神医学者	(せいしんいがくしゃ)
精神異常者	(せいしんいじょうしゃ)
精算	(せいさん)
精髄	(せいずい)
精粋	(せいすい)
精通	(せいつう)
精細	(せいさい)
精選	(せいせん)
精液	(せいえき)
精一	(せいいつ)
精一杯	(せいいっぱい)
精製	(せいせい)
精緻	(せいち)
精子	(せいし)
鯨	(クジラ,くじら)
鯨肉	(げいにく,くじらにく,クジラにく)
鯨飲	(げいいん)
鯨油	(げいゆ,くじらあぶら)
鶁	(むくどり,ムクドリ)
驚がく	(きょうがく)
驚かす	(おどろかす)
驚き	(おどろき,オドロキ)
驚き入る	(おどろきいる)
驚く	(おどろく)
驚くべき	(おどろくべき)
驚愕	(きょうがく)
驚嘆	(きょうたん)
驚歎	(きょうたん)
驚天動地	(きょうてんどうち)
驚威	(きょうい)
驚喜	(きょうき)
驚異	(きょうい)
井の中の蛙、大海を知らず	(いのなかのかわず、たいかいをしらず)
井の中の蛙大海を知らず	(いのなかのかわず、たいかいをしらず)
井底	(せいてい)
井綱	(いづな)
井桁	(いげた)
井戸	(いど)
井戸側	(いどがわ)
井戸車	(いどぐるま)
井戸端	(いどばた)
井戸端会議	(いどばたかいぎ)
井戸綱	(いどづな)
井戸掘り	(いどほり)
井戸浚え	(いどさらえ)
井戸水	(いどみず)
井戸替え	(いどがえ)
井戸屋形	(いどやかた)
井篭	(せいろ,せいろう)
井籠	(せいろ,せいろう)
井泉	(せいせん)
井然	(せいぜん)
井守	(いもり,イモリ)
井筒	(いづつ)
丼	(どんぶり,どん)
丼ぶり	(どんぶり,どん)
丼もの	(どんぶりもの,どんもの)
丼鉢	(どんぶりばち)
丼勘定	(どんぶりかんじょう,ドンブリかんじょう)
丼物	(どんぶりもの,どんもの)
景	(かげ)
景観	(けいかん)
景況	(けいきょう)
景品	(けいひん)
景気	(けいき)
景色	(けしき,けいしょく)
景勝	(けいしょう)
景勝地	(けいしょうち)
憬れ	(あこがれ)
憬れる	(あこがれる)
頸	(くび,クビ)
頸っ丈	(くびったけ)
頸部	(けいぶ)
頸動脈	(けいどうみゃく)
頸環	(くびわ)
頸筋	(くびすじ)
頸静脈	(けいじょうみゃく)
頸輪	(くびわ)
頸肉	(けいにく)
頸飾り	(くびかざり)
警め	(いましめ)
警める	(いましめる)
警棒	(けいぼう)
警報	(けいほう)
警報音	(けいほうおん)
警備	(けいび)
警備強化	(けいびきょうか)
警部	(けいぶ)
警察	(けいさつ,ケーサツ,ケイサツ)
警察当局	(けいさつとうきょく)
警察官	(けいさつかん)
警察署	(けいさつしょ)
警察庁	(けいさつちょう)
警笛	(けいてき)
警告	(けいこく)
警告メッセージ	(けいこくメッセージ)
警告音	(けいこくおん)
警官	(けいかん)
警護	(けいご)
警戒	(けいかい)
警戒心	(けいかいしん)
警句	(けいく)
警視	(けいし)
警視庁	(けいしちょう)
警手	(けいしゅ)
警衛	(けいえい)
警務	(けいむ)
警鐘	(けいしょう)
径	(みち)
径路	(けいろ)
浄い	(きよい)
浄め	(きよめ)
浄める	(きよめる)
浄化	(じょうか)
浄瑠璃	(じょうるり)
浄水	(じょうすい)
浄水場	(じょうすいじょう)
浄水器	(じょうすいき)
浄土	(じょうど)
逕路	(けいろ)
脛	(すね,はぎ)
脛当	(すねあて)
脛当て	(すねあて)
脛骨	(けいこつ)
竟に	(ついに)
敬う	(うやまう)
敬愛	(けいあい)
敬称	(けいしょう)
敬具	(けいぐ)
敬老	(けいろう)
敬老の日	(けいろうのひ)
敬礼	(けいれい)
敬慕	(けいぼ)
敬体	(けいたい)
敬意	(けいい)
敬語	(けいご)
敬遠	(けいえん)
痙る	(つる)
痙れん	(けいれん)
痙攣	(けいれん)
静か	(しずか)
静けさ	(しずけさ)
静まる	(しずまる)
静める	(しずめる)
静的	(せいてき)
静電気	(せいでんき)
静電容量	(せいでんようりょう)
静岡県	(しずおかけん)
静観	(せいかん)
静寂	(せいじゃく)
静脈	(じょうみゃく)
静脈炎	(じょうみゃくえん)
静粛	(せいしゅく)
静穏	(せいおん)
静物	(せいぶつ)
静夜	(せいや)
静止	(せいし)
静止軌道	(せいしきどう)
静止画	(せいしが)
静止衛星	(せいしえいせい)
静注	(じょうちゅう)
境	(さかい,きょう)
境い	(さかい,きょう)
境い目	(さかいめ)
境地	(きょうち)
境界	(きょうかい)
境界調整	(きょうかいちょうせい)
境界線	(きょうかいせん)
境界値問題	(きょうかいちもんだい)
境目	(さかいめ)
境内	(けいだい)
境遇	(きょうぐう)
頚	(くび,クビ)
頚部	(けいぶ)
頚動脈	(けいどうみゃく)
頚筋	(くびすじ)
頚静脈	(けいじょうみゃく)
頚輪	(くびわ)
頚肉	(けいにく)
頚飾り	(くびかざり)
靜岡縣	(しずおかけん)
鏡	(かがみ)
鏡板	(かがみいた)
鏡面	(きょうめん)
鏡台	(きょうだい)
鏡像	(きょうぞう)
競う	(きそう)
競べ	(くらべ)
競べる	(くらべる)
競る	(せる)
競歩	(きょうほ)
競漕	(きょうそう)
競合	(きょうごう)
競合者	(きょうごうしゃ)
競技	(きょうぎ)
競技者	(きょうぎしゃ)
競輪	(けいりん,ケイリン)
競馬	(けいば)
競売	(きょうばい,けいばい)
競艇	(きょうてい)
競演	(きょうえん)
競泳	(きょうえい)
競争	(きょうそう)
競争関係	(きょうそうかんけい)
競争力	(きょうそうりょく)
競争売買	(きょうそうばいばい)
競争市場	(きょうそうしじょう)
競走	(きょうそう)
競作	(きょうさく)
窘める	(たしなめる)
究極	(きゅうきょく)
究明	(きゅうめい)
糺明	(きゅうめい)
糺弾	(きゅうだん)
糺問	(きゅうもん)
糾合	(きゅうごう)
糾明	(きゅうめい)
糾弾	(きゅうだん)
糾問	(きゅうもん)
鳩	(はと,ハト)
鳩合	(きゅうごう)
鳩舎	(きゅうしゃ)
鳩尾	(みぞおち,みずおち)
鬮	(くじ,クジ)
九	(きゅう,く,ここの)
九つ	(ここのつ)
九拝	(きゅうはい)
九寸五分	(くすんごぶ)
九地	(きゅうち)
九分	(くぶ)
九分九厘	(くぶくりん)
九穀	(きゅうこく)
九官鳥	(きゅうかんちょう,キュウカンチョウ)
九々	(くく)
九々の表	(くくのひょう)
九九	(くく)
九九の表	(くくのひょう)
九〇	(きゅうじゅう,くじゅう)
九輪	(くりん)
九牛の一毛	(きゅうぎゅうのいちもう)
九牛一毛	(きゅうぎゅうのいちもう)
九泉	(きゅうせん)
九日	(ここのか,ここぬか)
九十	(きゅうじゅう,くじゅう)
九死に一生	(きゅうしにいっしょう)
九死一生	(きゅうしいっしょう)
九天	(きゅうてん)
九天直下	(きゅうてんちょっか)
九夏	(きゅうか)
九星	(きゅうせい)
九星家	(きゅうせいか)
九星術	(きゅうせいじゅつ)
九月	(くがつ)
九折	(きゅうせつ)
九重	(ここのえ,きゅうちょう,くじゅう)
九重の天	(きゅうちょうのてん)
九州	(きゅうしゅう)
九族	(きゅうぞく)
久しい	(ひさしい)
久しく	(ひさしく)
久しぶり	(ひさしぶり)
久しぶりに	(ひさしぶりに)
久し振り	(ひさしぶり)
久し振りに	(ひさしぶりに)
久慈目	(くじめ,クジメ)
久方	(ひさかた)
久方ぶり	(ひさかたぶり)
久方振り	(ひさかたぶり)
久懐	(きゅうかい)
久堅	(ひさかた)
久々	(ひさびさ)
久久	(ひさびさ)
久痾	(きゅうあ)
久闊	(きゅうかつ)
久濶	(きゅうかつ)
久濶を叙す	(きゅうかつをじょす)
久留子	(クルス)
久遠	(くおん,きゅうえん)
玖	(きゅう,く,ここの)
玖馬	(キューバ)
韭	(にら,みら,かみら)
酒	(さけ)
酒どころ	(さけどころ,さかどころ)
酒を過ごす	(さけをすごす)
酒菜	(さかな)
酒場	(さかば)
酒池肉林	(しゅちにくりん)
酒処	(さけどころ,さかどころ)
酒代	(さかだい,さかしろ)
酒豪	(しゅごう)
酒好き	(さけずき)
酒類	(しゅるい,さけるい)
酒名	(しゅめい)
酒気	(しゅき,さかけ)
酒気おび運転	(しゅきおびうんてん)
酒気帯び運転	(しゅきおびうんてん)
酒気帯運転	(しゅきおびうんてん)
酒石酸	(しゅせきさん)
酒所	(さけどころ,さかどころ)
酒屋	(さかや)
酒仙	(しゅせん)
酒宴	(しゅえん)
酒肴	(しゅこう,さけさかな)
酒造	(しゅぞう)
韮	(にら,みら,かみら)
韮葱	(にらねぎ,ニラネギ)
旧	(きゅう)
旧い	(ふるい)
旧かなづかい	(きゅうかなづかい)
旧ソ連	(きゅうソれん)
旧版	(きゅうはん,きゅうばん)
旧邦	(きゅうほう)
旧弊	(きゅうへい)
旧幣	(きゅうへい)
旧波	(きゅうは)
旧蔵	(きゅうぞう)
旧臣	(きゅうしん)
旧称	(きゅうしょう)
旧村	(きゅうそん)
旧大陸	(きゅうたいりく)
旧道	(きゅうどう)
旧地	(きゅうち)
旧敵	(きゅうてき)
旧典	(きゅうてん)
旧冬	(きゅうとう)
旧都	(きゅうと)
旧悪	(きゅうあく)
旧恩	(きゅうおん)
旧法	(きゅうほう)
旧藩	(きゅうはん)
旧藩主	(きゅうはんしゅ)
旧仮名遣	(きゅうかなづかい)
旧仮名遣い	(きゅうかなづかい)
旧仮名使い	(きゅうかなづかい)
旧封	(きゅうほう)
旧風	(きゅうふう)
旧夫	(きゅうふ)
旧婦	(きゅうふ)
旧稿	(きゅうこう)
旧故	(きゅうこ)
旧官	(きゅうかん)
旧観	(きゅうかん)
旧慣	(きゅうかん)
旧規	(きゅうき)
旧国	(きゅうこく)
旧好	(きゅうこう)
旧号	(きゅうごう)
旧恨	(きゅうこん)
旧懐	(きゅうかい)
旧歓	(きゅうかん)
旧記	(きゅうき)
旧跡	(きゅうせき)
旧蹟	(きゅうせき)
旧家	(きゅうか)
旧交	(きゅうこう)
旧教	(きゅうきょう)
旧教徒	(きゅうきょうと)
旧居	(きゅうきょ)
旧劇	(きゅうげき)
旧刊	(きゅうかん)
旧勘定	(きゅうかんじょう)
旧痾	(きゅうあ)
旧臘	(きゅうろう)
旧来	(きゅうらい)
旧例	(きゅうれい)
旧暦	(きゅうれき)
旧領	(きゅうりょう)
旧流	(きゅうりゅう)
旧夢	(きゅうむ)
旧名	(きゅうめい)
旧幕	(きゅうばく)
旧年	(きゅうねん,ふるとし)
旧年末	(きゅうねんまつ)
旧盤	(きゅうばん)
旧盆	(きゅうぼん)
旧妻	(きゅうさい)
旧栖	(きゅうせい)
旧棲	(きゅうせい)
旧人	(ふるびと)
旧師	(きゅうし)
旧石器時代	(きゅうせっきじだい)
旧時	(きゅうじ)
旧識	(きゅうしき)
旧世界	(きゅうせかい)
旧市街	(きゅうしがい)
旧式	(きゅうしき)
旧事	(きゅうじ,くじ)
旧説	(きゅうせつ)
旧思想	(きゅうしそう)
旧俗	(きゅうぞく)
旧態	(きゅうたい)
旧態依然	(きゅうたいいぜん)
旧套	(きゅうとう)
旧体制	(きゅうたいせい)
旧土	(きゅうど)
旧聞	(きゅうぶん)
旧物	(きゅうぶつ)
旧習	(きゅうしゅう)
旧新約全書	(きゅうしんやくぜんしょ)
旧新約聖書	(きゅうしんやくせいしょ)
旧形式	(きゅうけいしき)
旧型	(きゅうがた)
旧姓	(きゅうせい)
旧墟	(きゅうきょ)
旧衣	(きゅうい)
旧儀	(きゅうぎ)
旧訳	(きゅうやく,くやく)
旧誼	(きゅうぎ)
旧詠	(きゅうえい)
旧友	(きゅうゆう)
旧縁	(きゅうえん)
旧怨	(きゅうえん)
旧約	(きゅうやく)
旧約全書	(きゅうやくぜんしょ)
旧約聖書	(きゅうやくせいしょ)
旧宅	(きゅうたく)
旧債	(きゅうさい)
旧章	(きゅうしょう)
旧正月	(きゅうしょうがつ)
旧知	(きゅうち)
旧址	(きゅうし)
旧趾	(きゅうし)
旧制	(きゅうせい)
旧制度	(きゅうせいど)
旧製	(きゅうせい)
旧株	(きゅうかぶ)
旧主	(きゅうしゅ)
旧主人	(きゅうしゅじん)
旧字	(きゅうじ)
旧字体	(きゅうじたい)
旧作	(きゅうさく)
臼	(うす)
臼歯	(きゅうし,うすば)
臼砲	(きゅうほう)
咎める	(とがめる)
咎人	(とがにん)
柾目	(まさめ)
救い	(すくい)
救い出す	(すくいだす)
救い上げる	(すくいあげる)
救う	(すくう)
救ける	(たすける)
救出	(きゅうしゅつ)
救出作戦	(きゅうしゅつさくせん)
救護	(きゅうご)
救護班	(きゅうごはん)
救護活動	(きゅうごかつどう)
救急	(きゅうきゅう)
救急ヘリコプター	(きゅうきゅうヘリコプター)
救急車	(きゅうきゅうしゃ)
救急箱	(きゅうきゅうばこ)
救済	(きゅうさい)
救済策	(きゅうさいさく)
救済者	(きゅうさいしゃ)
救命	(きゅうめい)
救命センター	(きゅうめいセンター)
救命ボート	(きゅうめいボート)
救命艇	(きゅうめいてい)
救難	(きゅうなん)
救難ヘリコプター	(きゅうなんヘリコプター)
救貧	(きゅうひん)
救世	(きゅうせい,ぐぜ,くせ)
救世軍	(きゅうせいぐん)
救世主	(きゅうせいしゅ)
救援	(きゅうえん)
救助	(きゅうじょ)
厩	(うまや,まや)
厩肥	(きゅうひ,うまやごえ)
厩舎	(きゅうしゃ)
就いては	(ついては)
就きましては	(つきましては)
就く	(つく)
就ける	(つける)
就床	(しゅうしょう)
就航	(しゅうこう)
就労	(しゅうろう)
就眠	(しゅうみん)
就寝	(しゅうしん)
就任	(しゅうにん)
就任式	(しゅうにんしき)
就任演説	(しゅうにんえんぜつ)
就学	(しゅうがく)
就学児童	(しゅうがくじどう)
就学年齢	(しゅうがくねんれい)
就学義務	(しゅうがくぎむ)
就業	(しゅうぎょう)
就業地	(しゅうぎょうち)
就業規則	(しゅうぎょうきそく)
就業率	(しゅうぎょうりつ)
就業日数	(しゅうぎょうにっすう)
就業時間	(しゅうぎょうじかん)
就役	(しゅうえき)
就職	(しゅうしょく)
就職あっせん	(しゅうしょくあっせん)
就職口	(しゅうしょくぐち)
就職難	(しゅうしょくなん)
就職時	(しゅうしょくじ)
就職斡旋	(しゅうしょくあっせん)
就職先	(しゅうしょくさき)
就職運動	(しゅうしょくうんどう)
就中	(なかんずく,なかんづく)
廐	(うまや,まや)
廐肥	(きゅうひ,うまやごえ)
廐舎	(きゅうしゃ)
舅	(しゅうと,しうと,しいと)
舅姑	(きゅうこ)
廏肥	(きゅうひ,うまやごえ)
廏舎	(きゅうしゃ)
舊字	(きゅうじ)
舊字體	(きゅうじたい)
鷲	(わし,ワシ)
圧さえる	(おさえる)
圧し	(おし,オシ)
圧しあう	(へしあう)
圧しこむ	(へしこむ)
圧しころす	(おしころす)
圧し合う	(へしあう)
圧し潰す	(おしつぶす)
圧し殺す	(おしころす)
圧し石	(おしいし)
圧し込む	(へしこむ)
圧し折る	(へしおる)
圧す	(おす)
圧する	(あっする)
圧ろ器	(あつろき)
圧出	(あっしゅつ)
圧倒	(あっとう)
圧倒的	(あっとうてき)
圧倒的多数	(あっとうてきたすう)
圧電気	(あつでんき)
圧電効果	(あつでんこうか)
圧伏	(あっぷく)
圧服	(あっぷく)
圧観	(あっかん)
圧痕	(あっこん)
圧接	(あっせつ)
圧巻	(あっかん)
圧覚	(あっかく)
圧力	(あつりょく)
圧力波	(あつりょくは)
圧力調整器	(あつりょくちょうせいき)
圧力鍋	(あつりょくなべ)
圧力計	(あつりょくけい)
圧力団体	(あつりょくだんたい)
圧濾器	(あつろき)
圧排	(あっぱい)
圧迫	(あっぱく)
圧迫感	(あっぱくかん)
圧迫性	(あっぱくせい)
圧入	(あつにゅう)
圧殺	(あっさつ)
圧神	(あっしん)
圧勝	(あっしょう)
圧死	(あっし)
圧砕	(あっさい)
圧砕機	(あっさいき)
圧縮	(あっしゅく)
圧縮空気	(あっしゅくくうき)
圧縮率	(あっしゅくりつ)
圧縮性	(あっしゅくせい)
圧痛点	(あっつうてん)
圧延	(あつえん)
圧延鋼	(あつえんこう)
圧延工場	(あつえんこうじょう)
圧延機	(あつえんき)
圧搾	(あっさく)
圧搾機	(あっさくき)
圧搾空気	(あっさくくうき)
圧搾器	(あっさくき)
圧着	(あっちゃく)
圧着端子	(あっちゃくたんし,あつぎたんし)
圧政	(あっせい)
圧制	(あっせい)
圧制的	(あっせいてき)
圧制者	(あっせいしゃ)
拘らず	(かかわらず)
拘り	(こだわり)
拘る	(かかわる)
拘わらず	(かかわらず)
拘わり	(こだわり)
拘わる	(こだわる)
拘禁	(こうきん)
拘留	(こうりゅう)
拘泥	(こうでい)
拘束	(こうそく)
拘引	(こういん)
拘引状	(こういんじょう)
拘置	(こうち)
拘置所	(こうちしょ)
狙い	(ねらい)
狙いすます	(ねらいすます)
狙いどころ	(ねらいどころ)
狙い澄ます	(ねらいすます)
狙い打ち	(ねらいうち)
狙い撃ち	(ねらいうち)
狙い所	(ねらいどころ)
狙う	(ねらう)
狙撃	(そげき)
狙撃兵	(そげきへい)
居あわせる	(いあわせる)
居すわる	(いすわる)
居つく	(いつく)
居どころ	(いどころ,きょしょ,いどこ)
居らっしゃる	(いらっしゃる)
居る	(いる)
居並ぶ	(いならぶ)
居残り	(いのこり)
居残る	(いのこる)
居処	(いどころ,きょしょ,いどこ)
居敷	(いしき)
居付く	(いつく)
居合せる	(いあわせる)
居合わせる	(いあわせる)
居候	(いそうろう)
居間	(いま)
居間兼寝室	(いまけんしんしつ)
居酒や	(いざかや)
居酒屋	(いざかや)
居据わる	(いすわる)
居留	(きょりゅう)
居留地	(きょりゅうち)
居留守	(いるす)
居炉裏	(いろり)
居眠り	(いねむり)
居睡り	(いねむり)
居所	(いどころ,きょしょ,いどこ)
居心地のいい	(いごこちのいい,いごこちのよい)
居心地のよい	(いごこちのいい,いごこちのよい)
居心地の良い	(いごこちのいい,いごこちのよい)
居着く	(いつく)
居直る	(いなおる)
居住	(きょじゅう)
居住地	(きょじゅうち)
居坐る	(いすわる)
居座り	(いすわり)
居座る	(いすわる)
俥	(くるま)
痀瘻	(くる)
痀瘻病	(くるびょう)
掬いあげる	(すくいあげる)
掬いだす	(すくいだす)
掬い出す	(すくいだす)
掬い取る	(すくいとる)
掬い上げる	(すくいあげる)
掬う	(すくう)
娵	(よめ)
娵入り	(よめいり)
裾	(すそ)
裾野産業	(すそのさんぎょう)
駒	(こま)
駒鳥	(こまどり,コマドリ)
鞠	(まり)
局	(つぼね)
局部	(きょくぶ)
局長	(きょくちょう)
局地	(きょくち)
局地戦争	(きょくちせんそう)
局番	(きょくばん)
局留	(きょくどめ)
局留め	(きょくどめ)
局面	(きょくめん)
局所	(きょくしょ)
局所分岐	(きょくしょぶんき)
局外者	(きょくがいしゃ)
局限	(きょくげん)
局員	(きょくいん)
桔梗	(ききょう,キキョウ)
菊	(きく,キク)
菊のご紋	(きくのごもん)
菊の花	(きくのはな)
菊の御紋	(きくのごもん)
菊花	(きっか,きくか)
菊人形	(きくにんぎょう)
菊石	(きくいし)
菊作り	(きくづくり)
橘	(たちばな,タチバナ)
鵙	(もず,モズ)
咀嚼	(そしゃく)
沮む	(はばむ)
沮喪	(そそう)
沮止	(そし)
矩尺	(かねじゃく,きょくしゃく)
矩形	(くけい,さしがた)
挙げた	(あげた)
挙げて	(あげて)
挙げ句	(あげく)
挙げ句の果て	(あげくのはて)
挙って	(こぞって)
挙兵	(きょへい)
挙措	(きょそ)
挙党	(きょとう)
挙動	(きょどう)
挙国	(きょこく)
挙句	(あげく)
挙句の果て	(あげくのはて)
挙式	(きょしき)
挙手	(きょしゅ)
挙行	(きょこう)
挙証	(きょしょう)
挙止	(きょし)
筥	(はこ,ハコ)
蒟蒻	(こんにゃく,コンニャク)
齟齬	(そご)
巨いなる	(おおいなる)
巨かい	(きょかい)
巨きい	(おおきい)
巨なる	(おおいなる)
巨波	(きょは)
巨舶	(きょはく)
巨擘	(きょはく)
巨歩	(きょほ)
巨材	(きょざい)
巨財	(きょざい)
巨船	(きょせん)
巨大	(きょだい)
巨大分子	(きょだいぶんし)
巨大症	(きょだいしょう)
巨盗	(きょとう)
巨額	(きょがく)
巨費	(きょひ)
巨峰	(きょほう)
巨富	(きょふ)
巨漢	(きょかん)
巨艦	(きょかん)
巨匠	(きょしょう)
巨口	(きょこう)
巨魁	(きょかい)
巨利	(きょり)
巨砲	(きょほう)
巨躯	(きょく)
巨軀	(きょく)
巨人	(きょじん)
巨人国	(きょじんこく)
巨乳	(きょにゅう)
巨刹	(きょさつ)
巨商	(きょしょう)
巨石	(きょせき)
巨石記念物	(きょせききねんぶつ)
巨視的	(きょしてき)
巨獣	(きょじゅう)
巨弾	(きょだん)
巨体	(きょたい)
巨頭	(きょとう)
巨万	(きょまん)
巨細	(きょさい,こさい)
巨像	(きょぞう)
巨星	(きょせい)
巨岩	(きょがん)
巨巌	(きょがん)
巨賊	(きょぞく)
巨鐘	(きょしょう)
巨資	(きょし)
巨嘴鳥	(おおはし,オオハシ)
句	(く)
句点	(くてん)
句読	(くとう)
句読点	(くとうてん)
句読法	(くとうほう)
句法	(くほう)
句会	(くかい)
句集	(くしゅう)
句節	(くせつ)
句々	(くく)
句句	(くく)
句切	(くぎり)
句切り	(くぎり)
句切る	(くぎる)
句意	(くい)
句義	(くぎ)
句作	(くさく)
拒ぐ	(ふせぐ)
拒む	(こばむ)
拒否	(きょひ)
拒否権	(きょひけん)
拒絶	(きょぜつ)
拒絶反応	(きょぜつはんのう)
拒食	(きょしょく)
拒食症	(きょしょくしょう)
拠る	(よる)
拠点	(きょてん)
拠点とする	(きょてんとする)
具	(ぐ)
具える	(そなえる)
具さに	(つぶさに)
具に	(つぶさに)
具わる	(そなわる)
具備	(ぐび)
具陳	(ぐちん)
具合	(ぐあい,ぐわい)
具合い	(ぐあい,ぐわい)
具体	(ぐたい)
具体策	(ぐたいさく)
具体的	(ぐたいてき)
具体化	(ぐたいか)
具体例	(ぐたいれい)
具現	(ぐげん)
具象	(ぐしょう)
具象的	(ぐしょうてき)
具象美術	(ぐしょうびじゅつ)
具有	(ぐゆう)
具足	(ぐそく)
炬燵	(こたつ,コタツ)
炬燵布団	(こたつぶとん)
炬燵掛	(こたつがけ)
炬燵掛け	(こたつがけ)
炬火	(きょか,こか)
俱楽部	(クラブ)
俱樂部	(クラブ)
倶に	(ともに)
倶発	(ぐはつ)
倶楽部	(クラブ)
倶樂部	(クラブ)
倶者	(くしゃ)
倨傲	(きょごう)
据えつける	(すえつける)
据える	(すえる)
据え付ける	(すえつける)
据え置く	(すえおく)
据付ける	(すえつける)
距たる	(へだたる)
距てる	(へだてる)
距離	(きょり)
聚集	(しゅうしゅう)
聚落	(しゅうらく,じゅらく)
劇	(げき)
劇しい	(はげしい)
劇変	(げきへん)
劇場	(げきじょう)
劇場通い	(げきじょうがよい)
劇臭	(げきしゅう)
劇道	(げきどう)
劇的	(げきてき)
劇毒	(げきどく)
劇化	(げきか)
劇剤	(げきざい)
劇界	(げきかい)
劇烈	(げきれつ)
劇論	(げきろん)
劇評	(げきひょう)
劇甚	(げきじん)
劇詩	(げきし)
劇暑	(げきしょ)
劇談	(げきだん)
劇壇	(げきだん)
劇通	(げきつう)
劇痛	(げきつう)
劇団	(げきだん)
劇文学	(げきぶんがく)
劇務	(げきむ)
劇薬	(げきやく)
劇映画	(げきえいが)
劇戦	(げきせん)
劇震	(げきしん)
劇作	(げきさく)
劇作家	(げきさっか,げきさくか)
踞む	(かがむ,こごむ,くぐむ)
踞る	(うずくまる,つくばる)
遽しい	(あわただしい)
鋸	(のこぎり,ノコギリ)
鋸歯	(きょし,のこぎりば)
鋸屑	(のこくず,のこぎりくず,きょせつ)
窶れる	(やつれる)
颶風	(ぐふう)
懼る	(おそる)
懼れる	(おそれる)
鐫る	(ほる,える)
呟く	(つぶやく)
巻	(まき)
巻き	(まき)
巻きこむ	(まきこむ)
巻きじゃく	(まきじゃく)
巻きつく	(まきつく)
巻きつける	(まきつける)
巻きもどす	(まきもどす)
巻きもの	(まきもの)
巻き貝	(まきがい)
巻き尺	(まきじゃく)
巻き付く	(まきつく)
巻き付ける	(まきつける)
巻き上がる	(まきあがる)
巻き上げる	(まきあげる)
巻き戻し	(まきもどし)
巻き戻す	(まきもどす)
巻き物	(まきもの)
巻き揚げる	(まきあげる)
巻き込む	(まきこむ)
巻き雲	(けんうん,まきぐも)
巻く	(まく)
巻つける	(まきつける)
巻貝	(まきがい)
巻尺	(まきじゃく)
巻付く	(まきつく)
巻付ける	(まきつける)
巻末	(かんまつ)
巻上げる	(まきあげる)
巻戻し	(まきもどし)
巻戻す	(まきもどす)
巻頭	(かんとう)
巻尾	(かんび)
巻物	(まきもの)
巻込む	(まきこむ)
巻雲	(けんうん,まきぐも)
巻柱	(まきばしら)
捲き上げる	(まきあげる)
捲き込む	(まきこむ)
捲く	(まく)
捲くし立てる	(まくしたてる)
捲したてる	(まくしたてる)
捲し立てる	(まくしたてる)
捲り上げる	(まくりあげる)
捲る	(まくる)
倦きる	(あきる)
倦み疲れる	(うみつかれる)
倦む	(あぐむ,うむ)
倦憊	(けんぱい)
倦怠	(けんたい)
倦怠感	(けんたいかん)
倦怠期	(けんたいき)
倦厭	(けんえん)
眷属	(けんぞく)
眷族	(けんぞく)
雋	(しゅん)
絹	(きぬ)
絹さや	(きぬさや)
絹本	(けんぽん)
絹布	(けんぷ)
絹紬	(けんちゅう,きぬつむぎ)
絹地	(きぬじ)
絹莢	(きぬさや)
絹糸	(きぬいと,けんし)
絹綿	(きぬわた)
絹目	(きぬめ)
絹雲	(けんうん,まきぐも)
絹針	(きぬばり)
絹織物	(きぬおりもの)
羂	(わな)
抉る	(えぐる,くる)
決して	(けっして,けして)
決する	(けっする)
決まりきった	(きまりきった)
決まり悪い	(きまりわるい)
決まり切った	(きまりきった)
決まり文句	(きまりもんく)
決まる	(きまる,キマる)
決めこむ	(きめこむ)
決めつける	(きめつける)
決める	(きめる,キメる)
決め付ける	(きめつける)
決め手	(きめて)
決め込む	(きめこむ)
決り悪い	(きまりわるい)
決り切った	(きまりきった)
決り文句	(きまりもんく)
決る	(きまる,キマる)
決別	(けつべつ)
決裁	(けっさい)
決定	(けってい)
決定版	(けっていばん)
決定的	(けっていてき)
決定権	(けっていけん)
決闘	(けっとう)
決断	(けつだん)
決壊	(けっかい)
決済	(けっさい)
決済手段	(けっさいしゅだん)
決潰	(けっかい)
決裂	(けつれつ)
決起	(けっき)
決然	(けつぜん)
決勝	(けっしょう)
決勝戦	(けっしょうせん)
決死	(けっし)
決死隊	(けっしたい)
決算	(けっさん)
決心	(けっしん)
決行	(けっこう)
決意	(けつい)
決議	(けつぎ)
決込む	(きめこむ)
決戦	(けっせん)
決着	(けっちゃく)
倔強	(くっきょう)
掘りあてる	(ほりあてる)
掘りおこす	(ほりおこす)
掘りかえす	(ほりかえす)
掘りさげる	(ほりさげる)
掘りだす	(ほりだす)
掘りぬく	(ほりぬく)
掘り抜く	(ほりぬく)
掘り出し物	(ほりだしもの)
掘り出す	(ほりだす)
掘り当てる	(ほりあてる)
掘り返す	(ほりかえす)
掘り起こす	(ほりおこす)
掘り起す	(ほりおこす)
掘り下げる	(ほりさげる)
掘る	(ほる)
掘抜く	(ほりぬく)
掘出し物	(ほりだしもの)
掘出す	(ほりだす)
掘当てる	(ほりあてる)
掘返す	(ほりかえす)
掘割	(ほりわり)
掘鼠	(ホリネズミ,ほりねずみ)
掘下げる	(ほりさげる)
訣別	(けつべつ)
厥冷	(けつれい)
覚え	(おぼえ)
覚える	(おぼえる)
覚え書	(おぼえがき)
覚え書き	(おぼえがき)
覚しい	(おぼしい)
覚せい剤	(かくせいざい)
覚ます	(さます)
覚める	(さめる)
覚り	(さとり)
覚る	(さとる)
覚書	(おぼえがき)
覚書き	(おぼえがき)
覚悟	(かくご)
覚醒剤	(かくせいざい)
覚者	(かくしゃ)
絶えず	(たえず)
絶える	(たえる)
絶え果てる	(たえはてる)
絶え間なく	(たえまなく)
絶え間無く	(たえまなく)
絶え入る	(たえいる)
絶つ	(たつ)
絶やす	(たやす)
絶版	(ぜっぱん)
絶壁	(ぜっぺき)
絶大	(ぜつだい)
絶頂	(ぜっちょう)
絶対	(ぜったい)
絶対アドレス	(ぜったいアドレス)
絶対必要	(ぜったいひつよう)
絶対絶命	(ぜったいぜつめい)
絶対論	(ぜったいろん)
絶対湿度	(ぜったいしつど)
絶対位置	(ぜったいいち)
絶対誤差	(ぜったいごさ)
絶対値	(ぜったいち)
絶果てる	(たえはてる)
絶好	(ぜっこう)
絶間なく	(たえまなく)
絶間無く	(たえまなく)
絶交	(ぜっこう)
絶叫	(ぜっきょう)
絶句	(ぜっく,ぜく)
絶倫	(ぜつりん)
絶妙	(ぜつみょう)
絶滅	(ぜつめつ)
絶命	(ぜつめい)
絶入る	(たえいる)
絶体絶命	(ぜったいぜつめい)
絶望	(ぜつぼう)
絶縁	(ぜつえん)
絶縁抵抗	(ぜつえんていこう)
蕨	(わらび)
鴃舌	(げきぜつ)
爵位	(しゃくい)
蹶る	(ける)
蹶起	(けっき)
譎詐	(きっさ,けっさ)
矍鑠	(かくしゃく)
嚼む	(かむ)
攫う	(さらう)
攫む	(つかむ)
均しい	(ひとしい)
均す	(ならす)
均等	(きんとう)
均分	(きんぶん)
均衡	(きんこう)
均斉	(きんせい)
均一	(きんいつ,きんいち)
均一化	(きんいつか)
均整	(きんせい)
均質	(きんしつ)
均質性	(きんしつせい)
君	(きみ,キミ)
君たち	(きみたち)
君臣	(くんしん)
君達	(きみたち)
君臨	(くんりん)
君主	(くんしゅ)
君子	(くんし)
君子豹変	(くんしひょうへん)
軍	(ぐん)
軍備	(ぐんび)
軍備撤廃	(ぐんびてっぱい)
軍備管理	(ぐんびかんり)
軍備拡張	(ぐんびかくちょう)
軍備縮小	(ぐんびしゅくしょう)
軍備制限	(ぐんびせいげん)
軍兵	(ぐんぴょう,ぐんぺい,ぐんびょう)
軍部	(ぐんぶ)
軍部独裁	(ぐんぶどくさい)
軍曹	(ぐんそう)
軍長	(ぐんちょう)
軍車	(ぐんしゃ)
軍船	(ぐんせん,いくさぶね)
軍刀	(ぐんとう)
軍道	(ぐんどう)
軍隊	(ぐんたい)
軍隊化	(ぐんたいか)
軍隊生活	(ぐんたいせいかつ)
軍隊式	(ぐんたいしき)
軍隊行進曲	(ぐんたいこうしんきょく)
軍隊葬	(ぐんたいそう)
軍閥	(ぐんばつ)
軍法	(ぐんぽう)
軍法会議	(ぐんぽうかいぎ)
軍放送	(ぐんほうそう)
軍費	(ぐんぴ)
軍夫	(ぐんぷ)
軍服	(ぐんぷく)
軍港	(ぐんこう)
軍歌	(ぐんか)
軍功	(ぐんこう)
軍鼓	(ぐんこ)
軍官憲	(ぐんかんけん)
軍管区	(ぐんかんく)
軍規	(ぐんき)
軍国	(ぐんこく)
軍国色	(ぐんこくしょく)
軍国主義	(ぐんこくしゅぎ)
軍機	(ぐんき)
軍鶏	(しゃも,ぐんけい,シャモ)
軍籍	(ぐんせき)
軍紀	(ぐんき)
軍記	(ぐんき)
軍記物語	(ぐんきものがたり)
軍艦	(ぐんかん)
軍艦鳥	(ぐんかんちょう,ぐんかんどり)
軍将	(ぐんしょう)
軍拡	(ぐんかく)
軍拡競争	(ぐんかくきょうそう)
軍礼	(ぐんれい)
軍令	(ぐんれい)
軍令部	(ぐんれいぶ)
軍路	(ぐんろ)
軍旅	(ぐんりょ)
軍律	(ぐんりつ)
軍略	(ぐんりゃく)
軍馬	(ぐんば)
軍帽	(ぐんぼう)
軍門	(ぐんもん)
軍民	(ぐんみん)
軍配	(ぐんばい)
軍票	(ぐんぴょう)
軍旗	(ぐんき)
軍器	(ぐんき)
軍情	(ぐんじょう)
軍犬	(ぐんけん)
軍人	(ぐんじん)
軍人生活	(ぐんじんせいかつ)
軍容	(ぐんよう)
軍僧	(ぐんそう)
軍扇	(ぐんせん)
軍神	(ぐんしん,いくさがみ,ぐんじん)
軍師	(ぐんし)
軍使	(ぐんし)
軍士	(ぐんし)
軍事	(ぐんじ)
軍事裁判	(ぐんじさいばん)
軍事裁判所	(ぐんじさいばんしょ)
軍事産業	(ぐんじさんぎょう)
軍事当局者	(ぐんじとうきょくしゃ)
軍事的	(ぐんじてき)
軍事的侵略	(ぐんじてきしんりゃく)
軍事犯	(ぐんじはん)
軍事費	(ぐんじひ)
軍事工場	(ぐんじこうじょう)
軍事公債	(ぐんじこうさい)
軍事顧問	(ぐんじこもん)
軍事会議	(ぐんじかいぎ)
軍事基地	(ぐんじきち)
軍事教練	(ぐんじきょうれん)
軍事警察	(ぐんじけいさつ)
軍事力	(ぐんじりょく)
軍事秘密	(ぐんじひみつ)
軍事面	(ぐんじめん)
軍事上	(ぐんじじょう)
軍事施設	(ぐんじしせつ)
軍事輸送	(ぐんじゆそう)
軍事通	(ぐんじつう)
軍事通信員	(ぐんじつうしんいん)
軍事同盟	(ぐんじどうめい)
軍事協定	(ぐんじきょうてい)
軍事協力	(ぐんじきょうりょく)
軍事行動	(ぐんじこうどう)
軍事訓練	(ぐんじくんれん)
軍事演習	(ぐんじえんしゅう)
軍事戦略	(ぐんじせんりゃく)
軍勢	(ぐんぜい)
軍手	(ぐんて)
軍書	(ぐんしょ)
軍属	(ぐんぞく)
軍司令部	(ぐんしれいぶ)
軍司令官	(ぐんしれいかん)
軍縮	(ぐんしゅく)
軍縮協定	(ぐんしゅくきょうてい)
軍談	(ぐんだん)
軍荼利	(ぐんだり)
軍団	(ぐんだん)
軍団長	(ぐんだんちょう)
軍務	(ぐんむ)
軍需	(ぐんじゅ)
軍需産業	(ぐんじゅさんぎょう)
軍需工場	(ぐんじゅこうじょう)
軍需工業	(ぐんじゅこうぎょう)
軍需景気	(ぐんじゅけいき)
軍需品	(ぐんじゅひん)
軍靴	(ぐんか)
軍学	(ぐんがく)
軍衣	(ぐんい)
軍医	(ぐんい)
軍医監	(ぐんいかん)
軍医学校	(ぐんいがっこう)
軍医総監	(ぐんいそうかん)
軍役	(ぐんえき,ぐんやく)
軍議	(ぐんぎ)
軍営	(ぐんえい)
軍用	(ぐんよう)
軍用地図	(ぐんようちず)
軍用機	(ぐんようき)
軍用艦	(ぐんようかん)
軍用金	(ぐんようきん)
軍用鳩	(ぐんようばと)
軍用品	(ぐんようひん)
軍用犬	(ぐんようけん)
軍用輸送機	(ぐんようゆそうき)
軍楽	(ぐんがく)
軍楽長	(ぐんがくちょう)
軍楽隊	(ぐんがくたい)
軍楽手	(ぐんがくしゅ)
軍陣	(ぐんじん)
軍陣医学	(ぐんじんいがく)
軍政	(ぐんせい)
軍政部	(ぐんせいぶ)
軍政府	(ぐんせいふ)
軍職	(ぐんしょく)
軍制	(ぐんせい)
軍装	(ぐんそう)
軍資	(ぐんし)
軍資金	(ぐんしきん)
軍卒	(ぐんそつ)
菌	(きのこ,たけ,キノコ)
菌毒	(きんどく)
菌類	(きんるい)
菌糸	(きんし)
俊	(しゅん)
俊抜	(しゅんばつ)
俊才	(しゅんさい)
俊徳	(しゅんとく)
俊豪	(しゅんごう)
俊傑	(しゅんけつ)
俊敏	(しゅんびん)
俊士	(しゅんし)
俊童	(しゅんどう)
俊偉	(しゅんい)
俊賢	(しゅんけん)
俊秀	(しゅんしゅう)
俊逸	(しゅんいつ)
俊英	(しゅんえい)
俊足	(しゅんそく)
郡	(ぐん,こおり)
郡部	(ぐんぶ)
郡県	(ぐんけん)
峻しい	(けわしい)
峻別	(しゅんべつ)
浚う	(さらう)
浚渫	(しゅんせつ)
竣成	(しゅんせい)
竣工	(しゅんこう)
竣功	(しゅんこう)
儁	(しゅん)
儁才	(しゅんさい)
儁秀	(しゅんしゅう)
駿才	(しゅんさい)
駿馬	(しゅんめ,しゅんば)
駿足	(しゅんそく)
咖哩	(カレー,カリー)
咖喱	(カレー,カリー)
喀痰	(かくたん)
喀血	(かっけつ)
裃	(かみしも)
開きなおる	(ひらきなおる)
開き直る	(ひらきなおる)
開き治る	(ひらきなおる)
開く	(あく)
開けたて	(あけたて)
開けはなつ	(あけはなつ)
開ける	(あける)
開け閉て	(あけたて)
開け渡す	(あけわたす)
開け放す	(あけはなす)
開け放つ	(あけはなつ)
開さく	(かいさく)
開閉	(かいへい)
開場	(かいじょう)
開城	(かいじょう)
開催	(かいさい)
開催式	(かいさいしき)
開催中	(かいさいちゅう)
開店	(かいてん)
開発	(かいはつ,かいほつ)
開発途上国	(かいはつとじょうこく)
開放	(かいほう)
開扉	(かいひ)
開封	(かいふう)
開港	(かいこう)
開館	(かいかん)
開花	(かいか)
開化	(かいか)
開回路	(かいかいろ)
開会	(かいかい)
開襟シャツ	(かいきんシャツ)
開局	(かいきょく)
開墾	(かいこん)
開墾地	(かいこんち)
開口	(かいこう)
開口部	(かいこうぶ)
開口一番	(かいこういちばん)
開立	(かいりゅう)
開門	(かいもん)
開明	(かいめい)
開幕	(かいまく)
開闢	(かいびゃく,かいひゃく)
開票	(かいひょう)
開平	(かいへい)
開山	(かいさん)
開設	(かいせつ)
開始	(かいし)
開示	(かいじ)
開拓	(かいたく)
開拓者	(かいたくしゃ)
開廷	(かいてい)
開通	(かいつう)
開校	(かいこう)
開削	(かいさく)
開眼	(かいがん,かいげん)
開演	(かいえん)
開業	(かいぎょう)
開業医	(かいぎょうい)
開園	(かいえん)
開院	(かいいん)
開運	(かいうん)
開鑿	(かいさく)
開戦	(かいせん)
開祖	(かいそ)
剴切	(がいせつ)
凱歌	(がいか)
凱旋	(がいせん)
凱旋軍	(がいせんぐん)
凱旋門	(がいせんもん)
楷書	(かいしょ)
鎧	(よろい)
刊行	(かんこう)
刊行会	(かんこうかい)
栞	(しおり)
勘	(かん)
勘える	(かんがえる)
勘ぐる	(かんぐる)
勘づく	(かんづく)
勘どころ	(かんどころ)
勘弁	(かんべん)
勘辨	(かんべん)
勘査	(かんさ)
勘当	(かんどう)
勘定	(かんじょう)
勘定場	(かんじょうば)
勘定高い	(かんじょうだかい)
勘定尻	(かんじょうじり)
勘定取り	(かんじょうとり)
勘定日	(かんじょうび)
勘定書き	(かんじょうがき)
勘定違い	(かんじょうちがい)
勘定係	(かんじょうがかり)
勘付く	(かんづく)
勘合	(かんごう)
勘合貿易	(かんごうぼうえき)
勘検	(かんけん)
勘進	(かんしん)
勘決	(かんけつ)
勘考	(かんこう)
勘例	(かんれい)
勘気	(かんき)
勘忍	(かんにん)
勘審	(かんしん)
勘所	(かんどころ)
勘違い	(かんちがい)
勘校	(かんこう)
勘繰る	(かんぐる)
勘責	(かんせき)
堪えかねる	(たえかねる)
堪えしのぶ	(たえしのぶ)
堪える	(たえる)
堪え兼ねる	(たえかねる)
堪え忍ぶ	(たえしのぶ)
堪らない	(たまらない)
堪能	(たんのう)
堪忍	(かんにん)
堪忍袋の緒が切れる	(かんにんぶくろのおがきれる)
龕	(がん)
龕灯	(がんどう)
龕燈	(がんどう)
坎軻	(かんか)
坎坷	(かんか)
侃々諤々	(かんかんがくがく)
侃侃諤々	(かんかんがくがく)
侃々諤諤	(かんかんがくがく)
侃侃諤諤	(かんかんがくがく)
檻	(おり)
檻房	(かんぼう)
轗軻	(かんか)
看る	(みる)
看板	(かんばん)
看板倒れ	(かんばんだおれ)
看板娘	(かんばんむすめ)
看板屋	(かんばんや)
看病	(かんびょう)
看病疲れ	(かんびょうづかれ)
看病人	(かんびょうにん)
看点	(かんてん)
看貫	(かんかん)
看過	(かんか)
看護	(かんご)
看護兵	(かんごへい)
看護長	(かんごちょう)
看護法	(かんごほう)
看護婦	(かんごふ)
看護婦長	(かんごふちょう)
看護婦学院	(かんごふがくいん)
看護婦養成所	(かんごふようせいじょ)
看護疲れ	(かんごつかれ)
看護士	(かんごし)
看護学	(かんごがく)
看護卒	(かんごそつ)
看客	(かんかく,かんきゃく)
看破	(かんぱ)
看破る	(みやぶる)
看取	(かんしゅ)
看取る	(みとる)
看守	(かんしゅ)
看守者	(かんしゅしゃ)
看做す	(みなす)
康煕字典	(こうきじてん)
康熙字典	(こうきじてん)
糠喜び	(ぬかよろこび)
亢ぶる	(たかぶる)
亢奮	(こうふん,コーフン)
伉配	(こうはい)
抗うつ	(こううつ)
抗弁	(こうべん)
抗辯	(こうべん)
抗菌	(こうきん)
抗菌性	(こうきんせい)
抗凝固	(こうぎょうこ)
抗日	(こうにち)
抗生剤	(こうせいざい)
抗生物質	(こうせいぶっしつ)
抗体	(こうたい)
抗議	(こうぎ)
抗議活動	(こうぎかつどう)
抗鬱	(こううつ)
抗元	(こうげん)
抗原	(こうげん)
抗真菌	(こうしんきん)
抗争	(こうそう)
尻	(しり)
尻の穴	(けつのあな,しりのあな)
尻軽女	(しりがるおんな)
尻取	(しりとり)
尻取り	(しりとり)
尻上がり	(しりあがり)
尻上り	(しりあがり)
尻尾	(しっぽ,しりお)
考え	(かんがえ)
考えごと	(かんがえごと)
考えこむ	(かんがえこむ)
考えだす	(かんがえだす)
考えつく	(かんがえつく)
考えてみれば	(かんがえてみれば)
考えて見れば	(かんがえてみれば)
考えなおす	(かんがえなおす)
考える	(かんがえる)
考え抜く	(かんがえぬく)
考え出す	(かんがえだす)
考え方	(かんがえかた)
考え付く	(かんがえつく)
考え事	(かんがえごと)
考え込む	(かんがえこむ)
考え直す	(かんがえなおす)
考按	(こうあん)
考案	(こうあん)
考査	(こうさ)
考察	(こうさつ)
考古学	(こうこがく)
考古学者	(こうこがくしゃ)
考課	(こうか)
考慮	(こうりょ)
考証	(こうしょう)
拷問	(ごうもん)
拷問具	(ごうもんぐ)
犒う	(ねぎらう)
靠れる	(もたれる)
靠れ掛かる	(もたれかかる)
苛む	(さいなむ)
苛め	(いじめ,イジメ)
苛めっ子	(いじめっこ)
苛める	(いじめる,イジメる,イジめる)
苛々	(いらいら,イライラ)
苛苛	(いらいら,イライラ)
苛酷	(かこく)
苛立つ	(いらだつ)
苛立てる	(いらだてる)
苛斂	(かれん)
苛烈	(かれつ)
苛虐	(かぎゃく)
苛税	(かぜい)
苛性	(かせい)
苛性ソーダ	(かせいソーダ)
苛政	(かせい)
科	(か)
科する	(かする)
科白	(せりふ,だいし,セリフ)
科挙	(かきょ)
科料	(かりょう,とがりょう)
科目	(かもく)
科人	(とがにん)
科威都	(クウェート,クウェイト)
科学	(かがく)
科学的	(かがくてき)
科学技術	(かがくぎじゅつ)
科学技術庁	(かがくぎじゅつちょう)
科学技術庁長官	(かがくぎじゅつちょうちょうかん)
科学院	(かがくいん)
科学者	(かがくしゃ)
科學	(かがく)
蝌蚪	(おたまじゃくし,オタマジャクシ)
顆粒	(かりゅう)
殻	(から)
可	(か)
可からず	(べからず)
可き	(べき)
可なり	(かなり)
可哀そう	(かわいそう)
可哀相	(かわいそう)
可哀想	(かわいそう)
可愛い	(かわいい,カワイイ,カワイい)
可愛がる	(かわいがる)
可愛そう	(かわいそう)
可愛らしい	(かわいらしい)
可変	(かへん)
可変長	(かへんちょう)
可変抵抗器	(かへんていこうき)
可変数	(かへんすう)
可変性	(かへんせい)
可成	(かなり)
可成り	(かなり)
可動	(かどう)
可動橋	(かどうきょう)
可動性	(かどうせい)
可動堰	(かどうぜき)
可読	(かどく)
可読性	(かどくせい)
可鍛鉄	(かたんてつ)
可鍛性	(かたんせい)
可分	(かぶん)
可分性	(かぶんせい)
可否	(かひ)
可怪しい	(おかしい,オカシイ)
可換群	(かかんぐん)
可及的	(かきゅうてき)
可圧性	(かあつせい)
可決	(かけつ)
可憐	(かれん)
可憐しい	(いじらしい)
可撓	(かとう)
可能	(かのう)
可能であれば	(かのうであれば)
可能動詞	(かのうどうし)
可能法	(かのうほう)
可能性	(かのうせい)
可能性が高い	(かのうせいがたかい)
可能選択	(かのうせんたく)
可逆	(かぎゃく)
可逆反応	(かぎゃくはんのう)
可燃	(かねん)
可燃物	(かねんぶつ)
可燃性	(かねんせい)
可溶	(かよう)
可溶片	(かようへん)
可溶性	(かようせい)
可鎔片	(かようへん)
可鎔性	(かようせい)
可視	(かし)
可視光線	(かしこうせん)
可視化	(かしか)
可塑	(かそ)
可塑剤	(かそざい)
可塑物	(かそぶつ)
可塑物質	(かそぶっしつ)
可塑性	(かそせい)
可聴	(かちょう)
可聴度	(かちょうど)
可聴距離	(かちょうきょり)
可惜	(あたら,あったら)
可笑しい	(おかしい,オカシイ)
可也	(かなり)
可用	(かよう)
可用性	(かようせい)
渇き	(かわき)
渇く	(かわく)
渇水	(かっすい)
渇望	(かつぼう)
渇望者	(かつぼうしゃ)
克つ	(かつ)
克服	(こくふく)
克復	(こくふく)
克己	(こっき)
克己心	(こっきしん)
克明	(こくめい)
刻	(こく)
刻み	(きざみ)
刻みつける	(きざみつける)
刻み出す	(きざみだす)
刻み付ける	(きざみつける)
刻み目	(きざみめ)
刻み足	(きざみあし)
刻む	(きざむ)
刻薄	(こくはく)
刻本	(こくほん)
刻々	(こっこく,こくこく)
刻刻	(こっこく,こくこく)
刻々に	(こっこくに)
刻刻に	(こっこくに)
刻苦	(こっく)
刻苦勉励	(こっくべんれい)
刻下	(こっか)
刻限	(こくげん)
刻一刻	(こくいっこく)
刻印	(こくいん)
刻字	(こくじ)
刻足	(きざみあし)
剋	(こく)
客	(きゃく,かく)
客扱い	(きゃくあつかい)
客車	(きゃくしゃ,かくしゃ)
客船	(きゃくせん)
客観	(きゃっかん,かっかん,かくかん)
客観的	(きゃっかんてき,かっかんてき)
客間	(きゃくま)
客商売	(きゃくしょうばい)
客室	(きゃくしつ)
客体	(きゃくたい,かくたい)
客土	(きゃくど,かくど)
客席	(きゃくせき)
客演	(きゃくえん)
客引き	(きゃくひき)
客員	(きゃくいん,かくいん)
客員研究員	(きゃくいんけんきゅういん)
客止め	(きゃくどめ)
課	(か)
課す	(かす)
課する	(かする)
課長	(かちょう)
課程	(かてい)
課金	(かきん)
課目	(かもく)
課税	(かぜい)
課税控除	(かぜいこうじょ)
課税所得	(かぜいしょとく)
課題	(かだい)
課外	(かがい)
課業	(かぎょう)
課員	(かいん)
課徴金	(かちょうきん)
課制	(かせい)
肯く	(うなずく,うなづく)
肯定	(こうてい)
肯定的	(こうていてき)
肯定応答	(こうていおうとう)
懇	(ねんごろ,ねもころ)
懇ろ	(ねんごろ,ねもころ)
懇篤	(こんとく)
懇話	(こんわ)
懇切	(こんせつ)
懇情	(こんじょう)
懇請	(こんせい)
懇親	(こんしん)
懇親会	(こんしんかい)
懇談	(こんだん)
懇談会	(こんだんかい)
懇望	(こんもう,こんぼう)
懇意	(こんい)
懇願	(こんがん)
坑道	(こうどう)
坑夫	(こうふ)
坑口	(こうこう,こうぐち)
坑内	(こうない)
坑内事故	(こうないじこ)
吭	(のど,のんど,のみと)
空	(から,カラ)
空オケ	(カラオケ,からオケ)
空き	(あき)
空きカン	(あきかん)
空きビン	(あきびん,からびん)
空きびん	(あきびん,からびん)
空き部屋	(あきべや)
空き巣	(あきす)
空き巣ねらい	(あきすねらい)
空き巣狙い	(あきすねらい)
空き地	(あきち)
空き缶	(あきかん)
空き瓶	(あきびん,からびん)
空く	(あく)
空ける	(あける)
空しい	(むなしい)
空しく	(むなしく)
空せき	(からせき,からぜき)
空っぽ	(からっぽ,カラッポ)
空で	(そらで)
空とぶ円盤	(そらとぶえんばん)
空に帰する	(くうにきする)
空ふく	(くうふく)
空ろ	(うつろ)
空白	(くうはく)
空包	(くうほう)
空部屋	(あきべや)
空巣	(あきす)
空巣狙い	(あきすねらい)
空車	(くうしゃ,からぐるま)
空処	(くうしょ)
空撮	(くうさつ)
空地	(あきち)
空調	(くうちょう)
空洞	(くうどう)
空洞化	(くうどうか)
空胴	(くうどう)
空豆	(そらまめ,ソラマメ)
空対地	(くうたいち)
空対地ミサイル	(くうたいちミサイル)
空対空	(くうたいくう)
空飛ぶ	(そらとぶ)
空飛ぶ円盤	(そらとぶえんばん)
空費	(くうひ)
空風	(からかぜ)
空缶	(あきかん)
空腹	(くうふく)
空腹時	(くうふくじ)
空港	(くうこう)
空咳	(からせき,からぜき)
空集合	(くうしゅうごう)
空間	(くうかん)
空間軸	(くうかんじく)
空軍	(くうぐん)
空軍基地	(くうぐんきち)
空軍連絡将校	(くうぐんれんらくしょうこう)
空々しい	(そらぞらしい)
空空しい	(そらぞらしい)
空恐ろしい	(そらおそろしい)
空頼み	(そらだのみ)
空欄	(くうらん)
空涙	(そらなみだ)
空冷	(くうれい)
空冷式	(くうれいしき)
空理	(くうり)
空陸	(くうりく)
空路	(くうろ)
空論	(くうろん)
空名	(くうめい)
空模様	(そらもよう)
空漠	(くうばく)
空母	(くうぼ)
空瓶	(あきびん,からびん)
空気	(くうき)
空気調整	(くうきちょうせい)
空気孔	(くうきこう)
空前	(くうぜん)
空前絶後	(くうぜんぜつご)
空色	(そらいろ)
空似	(そらに)
空手	(からて)
空手家	(からてか)
空手形	(からてがた,くうてがた)
空疎	(くうそ)
空輸	(くうゆ)
空所	(くうしょ)
空挺	(くうてい)
空挺部隊	(くうていぶたい)
空挺隊	(くうていたい)
空挺隊員	(くうていたいいん)
空挺降下地域	(くうていこうかちいき)
空桶	(からおけ)
空位	(くうい)
空席	(くうせき)
空襲	(くうしゅう)
空隙	(くうげき)
空相場	(からそうば,くうそうば)
空想	(くうそう)
空想科学小説	(くうそうかがくしょうせつ)
空行	(くうぎょう)
空虚	(くうきょ)
空言	(そらごと,くうげん,むなこと)
空揚げ	(からあげ)
空域管理	(くういきかんり)
空中	(くうちゅう)
空中浮揚	(くうちゅうふよう)
空中浮遊	(くうちゅうふゆう)
空中機動	(くうちゅうきどう)
空中楼閣	(くうちゅうろうかく)
空中投下	(くうちゅうとうか)
空中戦	(くうちゅうせん)
空転	(くうてん)
倥偬	(こうそう)
孔	(あな)
孔雀	(くじゃく,クジャク)
孔雀石	(くじゃくせき)
孔子	(こうし,くじ)
恐い	(こわい)
恐がる	(こわがる)
恐らく	(おそらく)
恐る	(おそる)
恐るべき	(おそるべき)
恐る恐る	(おそるおそる)
恐れ	(おそれ)
恐れいる	(おそれいる)
恐れおののく	(おそれおののく)
恐れる	(おそれる)
恐れ慄く	(おそれおののく)
恐れ入る	(おそれいる)
恐れ戦く	(おそれおののく)
恐ろしい	(おそろしい)
恐怖	(きょうふ,くふ)
恐怖政治	(きょうふせいじ)
恐怖症	(きょうふしょう)
恐喝	(きょうかつ)
恐慌	(きょうこう)
恐懼	(きょうく)
恐竜	(きょうりゅう)
恐龍	(きょうりゅう)
恐妻病	(きょうさいびょう)
恐妻家	(きょうさいか)
恐縮	(きょうしゅく)
恐嚇	(きょうかく)
控え	(ひかえ)
控えめ	(ひかえめ)
控える	(ひかえる)
控え目	(ひかえめ)
控え室	(ひかえしつ)
控除	(こうじょ)
控目	(ひかえめ)
控室	(ひかえしつ)
控訴	(こうそ)
控訴裁判所	(こうそさいばんしょ)
控訴審	(こうそしん)
口	(くち)
口あたり	(くちあたり)
口あんぐり	(くちあんぐり)
口がうまい	(くちがうまい)
口がかるい	(くちがかるい)
口がわるい	(くちがわるい)
口が悪い	(くちがわるい)
口が巧い	(くちがうまい)
口が軽い	(くちがかるい)
口が上手い	(くちがうまい)
口が重い	(くちがおもい)
口きき	(くちきき)
口ぎたない	(くちぎたない)
口ぐせ	(くちぐせ)
口ごたえ	(くちごたえ)
口コミ	(くちコミ,クチコミ)
口ごもる	(くちごもる)
口さがない	(くちさがない)
口さき	(くちさき)
口ずから	(くちずから)
口ずさむ	(くちずさむ)
口だし	(くちだし)
口つき煙草	(くちつきタバコ)
口づけ	(くちづけ)
口づける	(くちづける)
口どけ	(くちどけ)
口どめ	(くちどめ)
口なおし	(くちなおし)
口にする	(くちにする)
口ぶえ	(くちぶえ)
口ぶり	(くちぶり)
口べた	(くちべた)
口べらし	(くちべらし)
口まめ	(くちまめ)
口もと	(くちもと)
口をだす	(くちをだす)
口をつける	(くちをつける)
口を出す	(くちをだす)
口を付ける	(くちをつける)
口を入れる	(くちをいれる)
口八丁	(くちはっちょう)
口抜き	(くちぬき)
口弁	(こうべん)
口辯	(こうべん)
口不調法	(くちぶちょうほう)
口才	(こうざい,こうさい)
口茶	(くちぢゃ)
口車	(くちぐるま)
口承	(こうしょう)
口臭	(こうしゅう)
口出し	(くちだし)
口唇	(こうしん,くちびる)
口詞	(くちことば)
口答	(こうとう)
口答え	(くちごたえ)
口当たり	(くちあたり)
口笛	(くちぶえ)
口調	(くちょう)
口耳	(こうじ)
口耳の学	(こうじのがく)
口辺に	(こうへんに)
口返答	(くちへんとう)
口分け	(くちわけ)
口付きタバコ	(くちつきタバコ)
口付け	(くちづけ)
口付ける	(くちづける)
口蓋	(こうがい)
口供	(こうきょう)
口供書	(こうきょうしょ)
口固め	(くちがため)
口紅	(くちべに)
口許	(くちもと)
口荒	(くちあら)
口回し	(くちまわし)
口絵	(くちえ)
口穢い	(くちぎたない)
口火	(くちび)
口火を切る	(くちびをきる)
口減らし	(くちべらし)
口角	(こうかく)
口解け	(くちどけ)
口金	(くちがね)
口径	(こうけい)
口可笑	(くちおかし)
口々	(くちぐち)
口口	(くちぐち)
口々に	(くちぐちに)
口口に	(くちぐちに)
口利き	(くちきき)
口篭もる	(くちごもる)
口篭る	(くちごもる)
口籠る	(くちごもる)
口論	(こうろん)
口内	(こうない)
口内性交	(こうないせいこう)
口内炎	(こうないえん)
口拍子	(くちびょうし)
口癖	(くちぐせ)
口綺麗	(くちぎれい)
口気	(こうき)
口前	(くちまえ)
口銭	(こうせん)
口腔	(こうこう,こうくう)
口腔外科	(こうくうげか,こうこうげか)
口巧者	(くちごうしゃ)
口切り	(くちきり)
口取	(くちとり)
口取り	(くちとり)
口任せ	(くちまかせ)
口溶け	(くちどけ)
口入れ	(くちいれ)
口入れ屋	(くちいれや)
口入屋	(くちいれや)
口三味線	(くちじゃみせん,くちざみせん)
口上	(こうじょう)
口上手	(くちじょうず)
口舌	(こうぜつ)
口実	(こうじつ)
口拭き	(くちふき)
口受	(くじゅ)
口授	(くうじゅ,こうじゅ,くじゅ)
口書	(くちがき)
口書き	(くちがき)
口述	(こうじゅつ)
口述試験	(こうじゅつしけん)
口述書	(こうじゅつしょ)
口数	(くちかず)
口数が少ない	(くちかずがすくない)
口説	(くぜつ)
口説き文句	(くどきもんく)
口説く	(くどく)
口速	(くちばや)
口頭	(こうとう)
口頭審理	(こうとうしんり)
口外	(こうがい)
口味	(こうみ)
口吻	(こうふん)
口惜しい	(くやしい,くやしーい)
口下手	(くちべた)
口先	(くちさき)
口小言	(くちこごと)
口脇	(くちわき)
口性ない	(くちさがない)
口性無い	(くちさがない)
口宣	(こうせん)
口言葉	(くちことば)
口炎	(こうえん)
口演	(こうえん)
口移し	(くちうつし)
口吟	(こうぎん)
口吟む	(くちずさむ)
口応え	(くちごたえ)
口遊む	(くちずさむ)
口汚い	(くちぎたない)
口汚し	(くちよごし)
口汚ない	(くちぎたない)
口語	(こうご)
口語英語	(こうごえいご)
口元	(くちもと)
口約	(こうやく)
口約束	(くちやくそく)
口伝	(くでん,こうでん)
口伝え	(くちづたえ)
口早	(くちばや)
口振り	(くちぶり)
口争い	(くちあらそい)
口直し	(くちなおし)
口止め	(くちどめ)
口止め料	(くちどめりょう)
口中	(こうちゅう)
口忠実	(くちまめ)
口重	(くちおも)
口重い	(くちおもい)
口走る	(くちばしる)
口嘴	(くちばし,はし,クチバシ)
口座	(こうざ)
口座係	(こうざがかり)
叩き	(たたき,タタキ)
叩きこむ	(たたきこむ)
叩きつける	(たたきつける)
叩きつぶす	(たたきつぶす)
叩きのめす	(たたきのめす)
叩きふせる	(たたきふせる)
叩き出す	(たたきだす)
叩き伏せる	(たたきふせる)
叩き付ける	(たたきつける)
叩き割る	(たたきわる)
叩き潰す	(たたきつぶす)
叩き落す	(たたきおとす)
叩き落とす	(たたきおとす)
叩き起こす	(たたきおこす)
叩き起す	(たたきおこす)
叩き切る	(たたききる)
叩き消す	(たたきけす)
叩き込む	(たたきこむ)
叩き斬る	(たたききる)
叩く	(たたく)
扣え	(ひかえ)
扣える	(ひかえる)
扣除	(こうじょ)
釦	(ボタン)
寇	(あだ,あた,あたん)
刳り抜く	(くりぬく)
刳り船	(くりふね,くりぶね)
刳り貫く	(くりぬく)
刳り形	(くりかた,くりがた)
刳り舟	(くりふね,くりぶね)
刳る	(えぐる,くる)
刳船	(くりふね,くりぶね)
刳形	(くりかた,くりがた)
刳舟	(くりふね,くりぶね)
枯らす	(からす)
枯らびる	(からびる)
枯れる	(かれる)
枯れ木	(かれき,こぼく)
枯れ野	(かれの)
枯れ葉	(かれは)
枯れ枝	(かれえだ)
枯草熱	(こそうねつ)
枯淡	(こたん)
枯渇	(こかつ)
枯木	(かれき,こぼく)
枯死	(こし)
枯野	(かれの)
枯葉	(かれは)
枯枝	(かれえだ)
堀	(ほり)
堀り抜く	(ほりぬく)
堀り出し物	(ほりだしもの)
堀り返す	(ほりかえす)
堀り割り	(ほりわり)
堀り鼠	(ホリネズミ,ほりねずみ)
堀川	(ほりかわ)
堀割	(ほりわり)
堀割り	(ほりわり)
堀散らす	(ほりちらす)
窟	(いわや)
苦い	(にがい)
苦しい	(くるしい)
苦しいときの神頼み	(くるしいときのかみだのみ)
苦しい時の神頼み	(くるしいときのかみだのみ)
苦しみ	(くるしみ)
苦しむ	(くるしむ)
苦しめる	(くるしめる)
苦にする	(くにする)
苦になる	(くになる)
苦み	(にがみ)
苦る	(にがる)
苦敗	(くはい)
苦杯	(くはい)
苦盃	(くはい)
苦闘	(くとう)
苦界	(くがい)
苦境	(くきょう)
苦々しい	(にがにがしい)
苦苦しい	(にがにがしい)
苦況	(くきょう)
苦労	(くろう)
苦労人	(くろうにん)
苦労性	(くろうしょう)
苦勞	(くろう)
苦力	(クーリー,クリー)
苦慮	(くりょ)
苦悶	(くもん)
苦難	(くなん)
苦悩	(くのう)
苦脳	(くのう)
苦情	(くじょう)
苦肉の策	(くにくのさく)
苦渋	(くじゅう)
苦手	(にがて)
苦痛	(くつう)
苦土	(くど)
苦味	(にがみ)
苦笑	(くしょう)
苦笑い	(にがわらい)
苦心	(くしん)
苦行	(くぎょう)
苦学	(くがく)
苦学生	(くがくせい)
苦言	(くげん)
苦塩	(にがり,にがしお)
苦役	(くえき)
苦楽	(くらく)
苦戦	(くせん)
苦汁	(にがり,にがしお)
苦衷	(くちゅう)
庫	(くら)
庫出し	(くらだし)
庫裡	(くり)
庫裏	(くり)
庫入れ	(くらいれ)
袴	(はかま)
袴着	(はかまぎ)
酷い	(ひどい,ヒドイ,ヒドい)
酷い目にあう	(ひどいめにあう)
酷い目に遭う	(ひどいめにあう)
酷しい	(きびしい)
酷薄	(こくはく)
酷寒	(こっかん,こくかん)
酷烈	(こくれつ)
酷評	(こくひょう)
酷使	(こくし)
酷似	(こくじ)
酷暑	(こくしょ)
酷税	(こくぜい)
酷刑	(こっけい)
誇らしい	(ほこらしい)
誇り	(ほこり)
誇り高い	(ほこりたかい)
誇る	(ほこる)
誇称	(こしょう)
誇大	(こだい)
誇大妄想	(こだいもうそう)
誇大妄想狂	(こだいもうそうきょう)
誇示	(こじ)
誇張	(こちょう)
胯	(また)
胯間	(こかん)
跨がる	(またがる)
跨ぐ	(またぐ)
跨る	(またがる)
跨線橋	(こせんきょう)
快い	(こころよい)
快刀	(かいとう)
快刀乱麻	(かいとうらんま)
快調	(かいちょう)
快方	(かいほう)
快復	(かいふく)
快感	(かいかん)
快豁	(かいかつ)
快活	(かいかつ)
快霽	(かいせい)
快挙	(かいきょ)
快闊	(かいかつ)
快濶	(かいかつ)
快眠	(かいみん)
快諾	(かいだく)
快晴	(かいせい)
快事	(かいじ)
快適	(かいてき)
快適さ	(かいてきさ)
快速	(かいそく)
快速電車	(かいそくでんしゃ)
快楽	(かいらく,けらく)
快楽主義	(かいらくしゅぎ)
快哉	(かいさい)
快走	(かいそう)
快作	(かいさく)
塊	(かたまり)
塊まり	(かたまり)
塊り	(かたまり)
塊根	(かいこん)
塊状	(かいじょう)
膾炙	(かいしゃ)
寛い	(ひろい)
寛ぎ	(くつろぎ)
寛ぐ	(くつろぐ)
寛げる	(くつろげる)
寛大	(かんだい)
寛厚	(かんこう)
寛容	(かんよう)
寛厳	(かんげん)
款待	(かんたい)
款冬	(ふき,ふふき,フキ)
款談	(かんだん)
匡体	(きょうたい)
匡正	(きょうせい)
筐体	(きょうたい)
筺体	(きょうたい)
狂い	(くるい)
狂い咲き	(くるいざき)
狂う	(くるう)
狂おしい	(くるおしい)
狂しい	(くるおしい)
狂暴	(きょうぼう)
狂奔	(きょうほん)
狂乱	(きょうらん)
狂女	(きょうじょ)
狂気	(きょうき)
狂犬	(きょうけん)
狂犬病	(きょうけんびょう)
狂人	(きょうじん)
狂騒	(きょうそう)
狂詩曲	(きょうしきょく)
狂喜	(きょうき)
狂想曲	(きょうそうきょく)
狂信	(きょうしん)
狂信者	(きょうしんしゃ)
狂言	(きょうげん)
狂躁	(きょうそう)
誑かす	(たぶらかす)
誑しこむ	(たらしこむ)
誑し込む	(たらしこむ)
誑す	(たらす)
況して	(まして)
框	(わく)
鉱	(あらがね,あらかね)
鉱層	(こうそう)
鉱床	(こうしょう)
鉱夫	(こうふ)
鉱化	(こうか)
鉱脈	(こうみゃく)
鉱泉	(こうせん)
鉱山	(こうざん)
鉱山技師	(こうざんぎし)
鉱山業	(こうざんぎょう)
鉱石	(こうせき)
鉱物	(こうぶつ)
鉱物学	(こうぶつがく)
鉱業	(こうぎょう)
鉱質	(こうしつ)
曠野	(こうや,あれの,あらの)
礦石	(こうせき)
礦業	(こうぎょう)
鑛	(あらがね,あらかね)
窺い知る	(うかがいしる)
窺う	(うかがう)
窺く	(のぞく)
窺知	(きち)
揆を一にする	(きをいつにする)
葵	(あおい,アオイ)
葵祭	(あおいまつり)
葵祭り	(あおいまつり)
魁	(さきがけ)
魁ける	(さきがける)
魁偉	(かいい)
傀儡	(かいらい,くぐつ)
傀儡師	(かいらいし,くぐつし)
傀儡政府	(かいらいせいふ)
傀儡子	(かいらいし,くぐつし)
愧じる	(はじる)
潰す	(つぶす)
潰れる	(つぶれる)
潰乱	(かいらん)
潰滅	(かいめつ)
饋還	(きかん)
昆布	(こんぶ,こぶ,コンブ)
昆布茶	(こぶちゃ,こんぶちゃ)
昆虫	(こんちゅう)
昆虫採集	(こんちゅうさいしゅう)
昆虫学	(こんちゅうがく)
菎蒻	(こんにゃく,コンニャク)
焜炉	(こんろ,コンロ)
褌	(ふんどし,ふどし,たふさ)
悃篤	(こんとく)
悃願	(こんがん)
梱	(こうり)
梱包	(こんぽう)
壼	(つぼ,ツボ)
困ぱい	(こんぱい)
困らせる	(こまらせる)
困りきる	(こまりきる)
困りはてる	(こまりはてる)
困り果てる	(こまりはてる)
困り切る	(こまりきる)
困り者	(こまりもの)
困る	(こまる)
困憊	(こんぱい)
困惑	(こんわく)
困苦	(こんく)
困難	(こんなん)
困窮	(こんきゅう)
拡がり	(ひろがり)
拡がる	(ひろがる)
拡げた腕	(ひろげたうで)
拡げる	(ひろげる)
拡充	(かくじゅう)
拡大	(かくだい)
拡大率	(かくだいりつ)
拡散	(かくさん)
拡声機	(かくせいき)
拡声器	(かくせいき)
拡声装置	(かくせいそうち)
拡張	(かくちょう)
拡張倍精度	(かくちょうばいせいど)
拡張化	(かくちょうか)
拡張可能	(かくちょうかのう)
括りつける	(くくりつける)
括り付ける	(くくりつける)
括る	(くくる)
括弧	(かっこ,カッコ)
括約筋	(かつやくきん)
蛞蝓	(ナメクジ,なめくじ)
筈	(はず)
拉丁	(ラテン)
拉丁語	(ラテンご)
拉麺	(ラーメン,らーめん,らあめん)
拉致	(らち,らっち)
喇叭	(らっぱ,ラッパ)
喇叭手	(らっぱしゅ)
喇叭水仙	(ラッパずいせん,らっぱずいせん,らっぱすいせん)
喇叭飲み	(らっぱのみ,ラッパのみ)
喇嘛	(らま,ラマ)
喇嘛教	(ラマきょう,らまきょう)
蝋	(ろう,ロウ)
蝋人形	(ろうにんぎょう)
蝋纈染	(ろうけつぞめ)
蝋纈染め	(ろうけつぞめ)
蝋燭	(ろうそく,ローソク,ロウソク)
辣腕	(らつわん)
辣油	(ラーユ)
蝲蛄	(ザリガニ,ざりがに)
蠟	(ろう,ロウ)
蠟人形	(ろうにんぎょう)
蠟燭	(ろうそく,ローソク,ロウソク)
来	(らい)
来あわせる	(きあわせる)
来かかる	(きかかる)
来がけ	(きがけ)
来し方	(きしかた,こしかた)
来す	(きたす)
来たす	(きたす)
来たて	(きたて)
来たる	(きたる)
来つける	(きつける)
来にくい	(きにくい)
来る	(くる,クる)
来る年	(くるとし)
来る日	(くるひ)
来る日も来る日も	(くるひもくるひも)
来阪	(らいはん)
来賓	(らいひん)
来賓席	(らいひんせき)
来場	(らいじょう,らいば)
来場者	(らいじょうしゃ)
来朝	(らいちょう)
来車	(らいしゃ)
来春	(らいしゅん,らいはる)
来邸	(らいてい)
来店	(らいてん)
来電	(らいでん)
来方	(きかた)
来訪	(らいほう)
来訪者	(らいほうしゃ)
来付ける	(きつける)
来復	(らいふく)
来攻	(らいこう)
来貢	(らいこう)
来掛かる	(きかかる)
来掛け	(きがけ)
来観	(らいかん)
来観者	(らいかんしゃ)
来光	(らいこう)
来航	(らいこう)
来合せる	(きあわせる)
来合わせる	(きあわせる)
来賀	(らいが)
来会	(らいかい)
来会者	(らいかいしゃ)
来季	(らいき)
来駕	(らいが)
来客	(らいきゃく,らいかく)
来客芳名録	(らいきゃくほうめいろく)
来客攻め	(らいきゃくぜめ)
来客筋	(らいきゃくすじ)
来冦	(らいこう)
来々週	(らいらいしゅう)
来来週	(らいらいしゅう)
来立て	(きたて)
来歴	(らいれき)
来臨	(らいりん)
来難い	(きにくい)
来年	(らいねん)
来任	(らいにん)
来日	(らいにち)
来社	(らいしゃ)
来世	(らいせ,らいせい)
来世紀	(らいせいき)
来書	(らいしょ)
来談	(らいだん)
来聴	(らいちょう)
来襲	(らいしゅう)
来向かう	(きむかう)
来信	(らいしん)
来学期	(らいがっき)
来意	(らいい)
来遊	(らいゆう)
来遊者	(らいゆうしゃ)
来援	(らいえん)
来院	(らいいん)
来月	(らいげつ)
来宅	(らいたく)
来着	(らいちゃく)
来診	(らいしん)
来週	(らいしゅう)
来状	(らいじょう)
來る	(くる,クる)
來年	(らいねん)
來月	(らいげつ)
頼み込む	(たのみこむ)
頼む	(たのむ)
頼もしい	(たのもしい)
頼り	(たより)
頼りない	(たよりない)
頼り無い	(たよりない)
頼る	(たよる)
頼母しい	(たのもしい)
頼信紙	(らいしんし)
瀬	(せ)
瀬戸	(せと)
瀬戸もの	(せともの,セトモノ)
瀬戸際	(せとぎわ)
瀬戸内海	(せとないかい)
瀬戸物	(せともの,セトモノ)
瀬戸物市	(せとものいち)
癩病	(らいびょう)
癩病患者	(らいびょうかんじゃ)
嵐	(あらし,アラシ)
藍	(あい,アイ)
藍色	(あいいろ,らんしょく)
藍藻	(らんそう)
闌干	(らんかん)
襤褸	(ぼろ,ボロ)
蘭	(らん,ラン)
蘭国	(らんこく)
蘭塔	(らんとう)
蘭学	(らんがく)
欄	(らん)
欄参照	(らんさんしょう)
欄杆	(らんかん)
欄干	(らんかん)
欄檻	(らんかん)
欄外	(らんがい)
覧る	(みる)
懶い	(ものうい)
懶ける	(なまける)
懶け者	(なまけもの)
濫りがわしい	(みだりがわしい)
濫りに	(みだりに)
濫発	(らんぱつ)
濫伐	(らんばつ)
濫費	(らんぴ)
濫獲	(らんかく)
濫立	(らんりつ)
濫入	(らんにゅう)
濫用	(らんよう)
濫作	(らんさく)
爛らかす	(ただらかす)
爛れる	(ただれる)
爛漫	(らんまん)
爛熳	(らんまん)
爛熟	(らんじゅく)
爛死	(らんし)
郎党	(ろうどう,ろうとう)
郎等	(ろうどう,ろうとう)
狼	(おおかみ,おおかめ,おいぬ)
狼ぜき	(ろうぜき,ろうじゃく)
狼狽	(ろうばい)
狼狽える	(うろたえる)
狼藉	(ろうぜき,ろうじゃく)
狼藉者	(ろうぜきもの)
狼烟	(のろし,ろうえん,ほうか)
狼煙	(のろし,ろうえん,ほうか)
廊下	(ろうか)
朗らか	(ほがらか)
朗報	(ろうほう)
朗読	(ろうどく)
朗々	(ろうろう)
朗朗	(ろうろう)
朗詠	(ろうえい)
莨	(タバコ,たばこ)
浪	(なみ)
浪打際	(なみうちぎわ)
浪費	(ろうひ)
浪花	(なにわ)
浪花節	(なにわぶし)
浪華	(なにわ)
浪曼	(ロマン,ローマン,ろうまん)
浪漫	(ロマン,ローマン,ろうまん)
浪漫的	(ロマンてき,ローマンてき)
浪漫派	(ロマンは,ローマンは)
浪漫主義	(ロマンしゅぎ,ローマンしゅぎ)
浪人	(ろうにん)
浪人生	(ろうにんせい)
浪速	(なにわ)
労	(ろう)
労う	(ねぎらう)
労き	(いたずき,いたつき,いたづき)
労しい	(いたわしい)
労り	(いたわり)
労る	(いたわる)
労わしい	(いたわしい)
労わる	(いたわる)
労動	(ろうどう)
労動者	(ろうどうしゃ)
労働	(ろうどう)
労働大臣	(ろうどうだいじん)
労働党	(ろうどうとう)
労働歌	(ろうどうか)
労働攻勢	(ろうどうこうせい)
労働祭	(ろうどうさい)
労働階級	(ろうどうかいきゅう)
労働力	(ろうどうりょく)
労働省	(ろうどうしょう)
労働時間	(ろうどうじかん)
労働市場	(ろうどうしじょう)
労働収容所	(ろうどうしゅうようしょ)
労働条件	(ろうどうじょうけん)
労働同盟	(ろうどうどうめい)
労働委員会	(ろうどういいんかい)
労働運動	(ろうどううんどう)
労働運動者	(ろうどううんどうしゃ)
労働災害	(ろうどうさいがい)
労働者	(ろうどうしゃ)
労働争議	(ろうどうそうぎ)
労働組合	(ろうどうくみあい)
労功	(ろうこう)
労苦	(ろうく)
労々	(ろうろう)
労労	(ろうろう)
労力	(ろうりょく)
労連	(ろうれん)
労賃	(ろうちん)
労農	(ろうのう)
労農党	(ろうのうとう)
労農政府	(ろうのうせいふ)
労使	(ろうし)
労務	(ろうむ)
労務者	(ろうむしゃ)
労役	(ろうえき)
労役場	(ろうえきじょう)
労銀	(ろうぎん)
労災	(ろうさい)
労災保険	(ろうさいほけん)
労資	(ろうし)
労組	(ろうそ,ろうくみ)
労作	(ろうさく)
労作教育	(ろうさくきょういく)
牢人	(ろうにん)
牢屋	(ろうや)
醪	(もろみ)
老いる	(おいる)
老け	(ふけ)
老ける	(ふける)
老功	(ろうこう)
老後	(ろうご)
老齢	(ろうれい)
老麺	(ラーメン,らーめん,らあめん)
老婆	(ろうば)
老婆心	(ろうばしん)
老舗	(しにせ)
老妻	(ろうさい)
老巧	(ろうこう)
老人	(ろうじん)
老人ホーム	(ろうじんホーム)
老人性	(ろうじんせい)
老若	(ろうにゃく,ろうじゃく)
老若男女	(ろうにゃくなんにょ,ろうじゃくだんじょ)
老弱	(ろうじゃく)
老師	(ろうし)
老衰	(ろうすい)
老翁	(ろうおう,おじ)
老朽	(ろうきゅう)
老子	(ろうし)
姥桜	(うばざくら)
蛯	(えび,エビ)
烙印	(らくいん)
酪農	(らくのう)
酪農場	(らくのうじょう)
酪農家	(らくのうか)
酪農製品	(らくのうせいひん)
酪製品	(らくせいひん)
了	(りょう)
了い	(しまい)
了う	(しまう)
了える	(おえる)
了る	(おわる)
了承	(りょうしょう)
了簡	(りょうけん)
了簡違い	(りょうけんちがい)
了見	(りょうけん)
了見違い	(りょうけんちがい)
了解	(りょうかい)
了覚	(りょうかく)
了知	(りょうち)
雷	(かみなり)
雷電	(らいでん)
雷管	(らいかん)
雷光	(らいこう)
雷鳴	(らいめい)
雷鳥	(らいちょう,ライチョウ)
雷魚	(はたはた,かみなりうお,ハタハタ)
雷雨	(らいう)
擂りつぶす	(すりつぶす)
擂り鉢	(すりばち)
擂り粉木	(すりこぎ)
擂り潰す	(すりつぶす)
擂る	(する)
擂れる	(すれる)
擂鉢	(すりばち)
擂粉木	(すりこぎ)
羸弱	(るいじゃく)
鱩	(はたはた,かみなりうお,ハタハタ)
鼺鼠	(むささび,むざさび,ムササビ)
塁	(るい)
塁審	(るいしん)
蕾	(つぼみ)
肋	(あばら)
肋骨	(あばらぼね,ろっこつ)
泪	(なみだ,なみた,なだ)
涙	(なみだ,なみた,なだ)
涙ぐましい	(なみだぐましい)
涙声	(なみだごえ)
累乗	(るいじょう)
累積	(るいせき)
累計	(るいけい)
累加	(るいか)
累進	(るいしん)
累進課税	(るいしんかぜい)
累進税	(るいしんぜい)
累々	(るいるい)
累累	(るいるい)
累算	(るいさん)
類	(るい)
類い	(たぐい)
類比	(るいひ)
類別	(るいべつ)
類人猿	(るいじんえん)
類似	(るいじ)
類推	(るいすい)
類形	(るいけい)
類型	(るいけい)
類型的	(るいけいてき)
類義語	(るいぎご)
類義語辞典	(るいぎごじてん)
類語	(るいご)
類韻	(るいいん)
冷	(ひや)
冷え	(ひえ)
冷えきる	(ひえきる)
冷えこむ	(ひえこむ)
冷える	(ひえる)
冷え腹	(ひえばら)
冷え冷え	(ひえびえ)
冷え募る	(ひえつのる)
冷え切る	(ひえきる)
冷え入る	(ひえいる)
冷え上がる	(ひえあがる)
冷え性	(ひえしょう)
冷え込む	(ひえこむ)
冷え症	(ひえしょう)
冷かす	(ひやかす)
冷す	(ひやす)
冷ぞう庫	(れいぞうこ)
冷たい	(つめたい,つべたい)
冷ます	(さます)
冷める	(さめる)
冷や	(ひや)
冷やか	(ひややか)
冷やかす	(ひやかす)
冷やす	(ひやす)
冷やっこ	(ひややっこ)
冷ややか	(ひややか)
冷ややっこ	(ひややっこ)
冷や飯	(ひやめし,れいはん,ひえめし)
冷や汗	(ひやあせ,れいかん)
冷や酒	(ひやざけ,れいしゅ)
冷や冷や	(ひやひや,ヒヤヒヤ)
冷や麦	(ひやむぎ)
冷や奴	(ひややっこ)
冷や水	(ひやみず)
冷んやり	(ひんやり)
冷蔵	(れいぞう)
冷蔵車	(れいぞうしゃ)
冷蔵船	(れいぞうせん)
冷蔵法	(れいぞうほう)
冷蔵庫	(れいぞうこ)
冷嘲	(れいちょう)
冷徹	(れいてつ)
冷淡	(れいたん)
冷凍	(れいとう)
冷凍車	(れいとうしゃ)
冷凍船	(れいとうせん)
冷凍剤	(れいとうざい)
冷凍庫	(れいとうこ)
冷凍食品	(れいとうしょくひん)
冷凍業	(れいとうぎょう)
冷凍魚	(れいとうぎょ)
冷飯	(ひやめし,れいはん,ひえめし)
冷房	(れいぼう)
冷房車	(れいぼうしゃ)
冷房完備	(れいぼうかんび)
冷房装置	(れいぼうそうち)
冷剛	(れいごう)
冷光	(れいこう)
冷害	(れいがい)
冷汗	(ひやあせ,れいかん)
冷静	(れいせい)
冷酒	(ひやざけ,れいしゅ)
冷覚	(れいかく)
冷酷	(れいこく)
冷罵	(れいば)
冷麦	(ひやむぎ)
冷奴	(ひややっこ)
冷評	(れいひょう)
冷気	(れいき)
冷泉	(れいせん)
冷却	(れいきゃく)
冷却期間	(れいきゃくきかん)
冷却器	(れいきゃくき)
冷然	(れいぜん)
冷肉	(れいにく)
冷湿布	(れいしっぷ)
冷水	(れいすい)
冷水摩擦	(れいすいまさつ)
冷水浴	(れいすいよく)
冷笑	(れいしょう)
冷笑的	(れいしょうてき)
冷性	(ひえしょう)
冷血	(れいけつ)
冷血動物	(れいけつどうぶつ)
冷血漢	(れいけつかん)
冷厳	(れいげん)
冷眼	(れいがん)
冷罨法	(れいあんぽう)
冷雨	(れいう)
冷語	(れいご)
冷遇	(れいぐう)
冷戦	(れいせん)
冷戦型思考	(れいせんがたしこう)
哩	(マイル)
厘	(りん,り)
厘毛	(りんもう)
狸	(たぬき,タヌキ)
狸蕎麦	(たぬきそば)
梨	(なし,ナシ)
梨のつぶて	(なしのつぶて)
梨の礫	(なしのつぶて)
梨園	(りえん)
梨子	(なし,ナシ)
犂	(すき)
蜊蛄	(ザリガニ,ざりがに)
貍	(たぬき,タヌキ)
黎巴嫩	(レバノン)
黎明	(れいめい)
糎	(センチメートル,センチメーター)
罹る	(かかる)
罹病	(りびょう)
罹患	(りかん)
罹災	(りさい)
罹災民	(りさいみん)
罹災者	(りさいしゃ)
釐	(りん,り)
藜	(あかざ,アカザ)
邌り歩く	(ねりあるく)
邌る	(ねる)
鯏	(あさり,アサリ)
離す	(はなす)
離れる	(はなれる)
離別	(りべつ)
離反	(りはん)
離隔	(りかく)
離宮	(りきゅう)
離婚	(りこん)
離婚訴訟	(りこんそしょう)
離魂病	(りこんびょう)
離礁	(りしょう)
離苦	(りく)
離陸	(りりく)
離叛	(りはん)
離乳	(りにゅう)
離散	(りさん)
離脱	(りだつ)
籬	(かき)
礼	(れい)
礼を言う	(れいをいう)
礼拝	(れいはい)
礼服	(れいふく)
礼節	(れいせつ)
礼金	(れいきん)
礼式	(れいしき)
礼儀	(れいぎ)
礼儀正しい	(れいぎただしい)
礼儀作法	(れいぎさほう)
礼義	(れいぎ)
礼賛	(らいさん)
礼讃	(らいさん)
礼状	(れいじょう)
李	(すもも,スモモ)
李下に冠を整さず	(りかにかんむりをたださず)
李下に冠を正さず	(りかにかんむりをたださず)
里	(さと)
里がえり	(さとがえり)
里方	(さとかた)
里帰	(さとがえり)
里帰り	(さとがえり)
里心	(さとごころ)
里言	(りげん)
里諺	(りげん)
里謡	(りよう)
里語	(りご)
里芋	(さといも,サトイモ)
里子	(さとご)
俚耳	(りじ)
俚俗	(りぞく)
俚言	(りげん)
俚諺	(りげん)
俚謡	(りよう)
俚語	(りご)
浬	(ノット)
理不尽	(りふじん)
理法	(りほう)
理髪	(りはつ)
理髪店	(りはつてん)
理髪師	(りはつし)
理非	(りひ)
理非曲直	(りひきょくちょく)
理工	(りこう)
理工学部	(りこうがくぶ)
理化学	(りかがく)
理解	(りかい)
理科	(りか)
理窟	(りくつ)
理論	(りろん)
理念	(りねん)
理屈	(りくつ)
理容師	(りようし)
理神	(りしん)
理事	(りじ)
理事長	(りじちょう)
理系	(りけい)
理想	(りそう)
理想的	(りそうてき)
理想主義	(りそうしゅぎ)
理性	(りせい)
理学	(りがく)
理学部	(りがくぶ)
理由	(りゆう,わけ)
理知	(りち)
理智	(りち)
裡	(うち)
豊	(ゆたか)
豊か	(ゆたか)
豊富	(ほうふ)
豊満	(ほうまん)
豊年	(ほうねん)
豊熟	(ほうじゅく)
豊沃	(ほうよく)
豊漁	(ほうりょう)
豊作	(ほうさく)
裏	(うら)
裏がわ	(うらがわ)
裏だな	(うらだな)
裏つき	(うらつき)
裏づけ	(うらづけ)
裏づける	(うらづける)
裏ワザ	(うらわざ)
裏板	(うらいた)
裏背戸	(うらせど)
裏表	(うらおもて)
裏表紙	(うらびょうし)
裏側	(うらがわ)
裏長屋	(うらながや)
裏打ち	(うらうち)
裏打ち紙	(うらうちがみ)
裏貸屋	(うらがしや)
裏道	(うらみち)
裏地	(うらじ,うらち)
裏店	(うらだな)
裏町	(うらまち)
裏釘	(うらくぎ)
裏反る	(うらがえる)
裏返し	(うらがえし)
裏返す	(うらがえす)
裏返る	(うらがえる)
裏方	(うらかた)
裏付	(うらづけ)
裏付き	(うらつき)
裏付け	(うらづけ)
裏付ける	(うらづける)
裏付け物資	(うらづけぶっし)
裏腹	(うらはら)
裏鬼門	(うらきもん)
裏合わせ	(うらあわせ)
裏話	(うらばなし,ウラばなし)
裏技	(うらわざ)
裏街	(うらまち)
裏金	(うらがね)
裏衿	(うらえり)
裏襟	(うらえり)
裏口	(うらぐち)
裏口営業	(うらぐちえいぎょう)
裏毛	(うらけ,うらげ)
裏門	(うらもん)
裏面	(うらめん)
裏面史	(りめんし)
裏名	(うらな)
裏木戸	(うらきど)
裏目	(うらめ)
裏千家	(うらせんけ)
裏切	(うらぎり)
裏切り	(うらぎり)
裏切り者	(うらぎりもの)
裏切る	(うらぎる)
裏切者	(うらぎりもの)
裏情	(うらなさけ)
裏日本	(うらにっぽん,うらにほん)
裏若い	(うらわかい)
裏山	(うらやま)
裏声	(うらごえ)
裏手	(うらて)
裏書	(うらがき)
裏書き	(うらがき)
裏書き人	(うらがきにん)
裏書譲渡	(うらがきじょうと)
裏書人	(うらがきにん)
裏庭	(うらにわ)
裏囲い	(うらがこい)
裏通	(うらどおり,うらとおり)
裏通り	(うらどおり,うらとおり)
裏紋	(うらもん)
裏問う	(うらどう)
裏屋	(うらや)
裏作	(うらさく)
鯉	(こい,コイ)
鯉のぼり	(こいのぼり)
鯉幟	(こいのぼり)
醴	(あまざけ)
鱧	(はも,はむ,ハモ)
力	(りき)
力いっぱい	(ちからいっぱい)
力およばず	(ちからおよばず)
力こぶ	(ちからこぶ)
力こぶを入れる	(ちからこぶをいれる)
力ずく	(ちからずく,ちからづく)
力ずくで	(ちからずくで,ちからづくで)
力づく	(ちからずく,ちからづく)
力づくで	(ちからずくで,ちからづくで)
力づける	(ちからづける)
力なげ	(ちからなげ)
力まかせ	(ちからまかせ)
力む	(りきむ)
力めて	(つとめて)
力める	(つとめる)
力もち	(ちからもち)
力を入れる	(ちからをいれる)
力抜け	(ちからぬけ)
力比べ	(ちからくらべ)
力不足	(ちからぶそく)
力漕	(りきそう)
力持ち	(ちからもち)
力帯	(ちからおび)
力点	(りきてん)
力動的	(りきどうてき)
力闘	(りきとう)
力付く	(ちからづく)
力付ける	(ちからづける)
力革	(ちからがわ)
力合わせ	(ちからあわせ)
力及ばず	(ちからおよばず)
力技	(ちからわざ)
力尽	(ちからずく,ちからづく)
力尽く	(ちからずく,ちからづく)
力尽くで	(ちからずくで,ちからづくで)
力尽ける	(ちからづける)
力尽で	(ちからずくで,ちからづくで)
力競べ	(ちからくらべ)
力倆	(りきりょう)
力量	(りきりょう)
力瘤	(ちからこぶ)
力瘤を入れる	(ちからこぶをいれる)
力強い	(ちからづよい)
力任せ	(ちからまかせ)
力弱い	(ちからよわい)
力石	(ちからいし)
力士	(りきし,りきじ)
力仕事	(ちからしごと)
力試し	(ちからだめし)
力説	(りきせつ)
力添え	(ちからぞえ)
力投	(りきとう)
力無げ	(ちからなげ)
力行	(りっこう,りょっこう)
力学	(りきがく)
力学的	(りきがくてき)
力業	(ちからわざ)
力一杯	(ちからいっぱい)
力役	(りきえき,りょくえき)
力泳	(りきえい)
力戦	(りきせん)
力織機	(りきしょっき)
力自慢	(ちからじまん)
力走	(りきそう)
力足	(ちからあし)
力作	(りきさく,りょくさく)
立ち	(たち)
立ちあがる	(たちあがる)
立ちあげる	(たちあげる)
立ちこめる	(たちこめる)
立ちすくむ	(たちすくむ)
立ちどまる	(たちどまる,たちとまる)
立ちなおる	(たちなおる)
立ちのく	(たちのく)
立ちはだかる	(たちはだかる)
立ちふさがる	(たちふさがる)
立ちふるまう	(たちふるまう)
立ちまじる	(たちまじる)
立ちまわる	(たちまわる)
立ちむかう	(たちむかう)
立ちゆく	(たちゆく,たちいく)
立ちよる	(たちよる)
立ち並ぶ	(たちならぶ)
立ち喰い	(たちぐい)
立ち到る	(たちいたる)
立ち読み	(たちよみ)
立ち返る	(たちかえる)
立ち方	(たちかた)
立ち帰る	(たちかえる)
立ち話	(たちばなし)
立ち回り先	(たちまわりさき)
立ち回る	(たちまわる)
立ち会う	(たちあう)
立ち混じる	(たちまじる)
立ち寄る	(たちよる)
立ち交じる	(たちまじる)
立ち交る	(たちまじる)
立ち開かる	(たちはだかる)
立ち葵	(たちあおい,タチアオイ)
立ち籠める	(たちこめる)
立ち去る	(たちさる)
立ち入り禁止	(たちいりきんし)
立ち入禁止	(たちいりきんし)
立ち塞がる	(たちふさがる)
立ち上がる	(たちあがる)
立ち上げる	(たちあげる)
立ち食い	(たちぐい)
立ち竦む	(たちすくむ)
立ち戻る	(たちもどる)
立ち退かせる	(たちのかせる)
立ち退く	(たちのく)
立ち向う	(たちむかう)
立ち向かう	(たちむかう)
立ち行く	(たちゆく,たちいく)
立ち泳ぎ	(たちおよぎ)
立ち込める	(たちこめる)
立ち振る舞う	(たちふるまう)
立ち振舞う	(たちふるまう)
立ち直り	(たちなおり)
立ち直る	(たちなおる)
立ち止まる	(たちどまる,たちとまる)
立ち止る	(たちどまる,たちとまる)
立ち至る	(たちいたる)
立つ	(たつ)
立つ鳥あとを濁さず	(たつとりあとをにごさず)
立つ鳥後を濁さず	(たつとりあとをにごさず)
立つ鳥跡を濁さず	(たつとりあとをにごさず)
立てかける	(たてかける)
立てこむ	(たてこむ)
立てこもる	(たてこもる,たてごもる)
立てる	(たてる)
立て掛ける	(たてかける)
立て篭もる	(たてこもる,たてごもる)
立て籠もる	(たてこもる,たてごもる)
立て前	(たてまえ)
立て替える	(たてかえる)
立て通す	(たてとおす)
立て込む	(たてこむ)
立て直る	(たてなおる)
立案	(りつあん)
立並ぶ	(たちならぶ)
立喰い	(たちぐい)
立場	(たちば)
立春	(りっしゅん)
立冬	(りっとう)
立読み	(たちよみ)
立法	(りっぽう)
立法府	(りっぽうふ)
立法者	(りっぽうしゃ)
立返る	(たちかえる)
立方	(たちかた)
立方体	(りっぽうたい)
立腹	(りっぷく)
立縞	(たてじま)
立帰る	(たちかえる)
立候補	(りっこうほ)
立話	(たちばなし)
立回り先	(たちまわりさき)
立回る	(たちまわる)
立会う	(たちあう)
立寄る	(たちよる)
立脚	(りっきゃく)
立葵	(たちあおい,タチアオイ)
立論	(りつろん)
立派	(りっぱ)
立前	(たてまえ)
立秋	(りっしゅう)
立去る	(たちさる)
立入り禁止	(たちいりきんし)
立入禁止	(たちいりきんし)
立塞がる	(たちふさがる)
立上がる	(たちあがる)
立上げる	(たちあげる)
立食い	(たちぐい)
立体	(りったい)
立体感	(りったいかん)
立体化学	(りったいかがく)
立体派	(りったいは)
立戻る	(たちもどる)
立替える	(たてかえる)
立田姫	(たつたひめ)
立退く	(たちのく)
立夏	(りっか)
立憲	(りっけん)
立憲君主政	(りっけんくんしゅせい)
立憲君主制	(りっけんくんしゅせい)
立向う	(たちむかう)
立行く	(たちゆく,たちいく)
立泳ぎ	(たちおよぎ)
立込む	(たてこむ)
立正佼成会	(りっしょうこうせいかい)
立証	(りっしょう)
立直る	(たちなおる)
立止る	(たちどまる,たちとまる)
立至る	(たちいたる)
吏	(り)
吏臭	(りしゅう)
吏党	(りとう)
吏道	(りどう)
吏人	(りじん)
吏務	(りむ)
吏員	(りいん)
励ます	(はげます)
励み	(はげみ)
励み合い	(はげみあい)
励み合う	(はげみあう)
励む	(はげむ)
励磁	(れいじ)
励精	(れいせい)
励起	(れいき)
励声	(れいせい)
励行	(れいこう)
利	(り)
利かん気	(きかんき)
利き目	(ききめ)
利く	(きく)
利比利亜	(リベリア)
利得	(りとく)
利徳	(りとく)
利点	(りてん)
利払い	(りばらい)
利害	(りがい)
利回り	(りまわり)
利己	(りこ)
利己的	(りこてき)
利金	(りきん)
利口	(りこう)
利率	(りりつ)
利尿	(りにょう)
利巧	(りこう)
利権	(りけん)
利潤	(りじゅん)
利他	(りた)
利息	(りそく)
利益	(りえき,りやく)
利用	(りよう)
利用者	(りようしゃ)
利殖	(りしょく)
利子	(りし)
利子補給	(りしほきゅう)
例	(れい)
例え	(たとえ)
例えば	(たとえば)
例える	(たとえる)
例によって	(れいによって)
例規	(れいき)
例話	(れいわ)
例会	(れいかい)
例祭	(れいさい)
例解	(れいかい)
例刻	(れいこく)
例年	(れいねん)
例年祭	(れいねんさい)
例日	(れいじつ)
例時	(れいじ)
例示	(れいじ)
例式	(れいしき)
例数	(れいすう)
例題	(れいだい)
例外	(れいがい)
例外なく	(れいがいなく)
例外処理	(れいがいしょり)
例外的	(れいがいてき)
例外無く	(れいがいなく)
例文	(れいぶん)
例言	(れいげん)
例月	(れいげつ)
例証	(れいしょう)
例證	(れいしょう)
茘枝	(れいし,レイシ)
栃木県	(とちぎけん)
栃木縣	(とちぎけん)
栗	(くり,クリ)
栗毛	(くりげ)
栗鼠	(りす,リス)
悧口	(りこう)
悧巧	(りこう)
笠	(かさ)
笠子	(かさご,カサゴ)
粒	(つぶ,りゅう,つび)
粒々辛苦	(りゅうりゅうしんく)
粒粒辛苦	(りゅうりゅうしんく)
粒状	(りゅうじょう,つぶじょう)
粒子	(りゅうし)
慄え	(ふるえ)
慄える	(ふるえる)
慄く	(おののく)
慄然	(りつぜん)
厲精	(れいせい)
厲行	(れいこう)
歴る	(へる)
歴朝	(れきちょう)
歴代	(れきだい)
歴代史	(れきだいし)
歴法の改正	(れきほうのかいせい)
歴訪	(れきほう)
歴覧	(れきらん)
歴々	(れきれき)
歴歴	(れきれき)
歴年	(れきねん)
歴年齢	(れきねんれい)
歴青	(れきせい,チャン)
歴任	(れきにん)
歴日	(れきじつ)
歴史	(れきし)
歴史地理	(れきしちり)
歴史地図	(れきしちず)
歴史的	(れきしてき)
歴史観	(れきしかん)
歴史画	(れきしが)
歴史家	(れきしか)
歴史劇	(れきしげき)
歴史上	(れきしじょう)
歴史学	(れきしがく)
歴史学派	(れきしがくは)
歴史哲学	(れきしてつがく)
歴世	(れきせい)
歴仕	(れきし)
歴遊	(れきゆう)
歴伝	(れきでん)
歴戦	(れきせん)
暦	(こよみ,れき)
暦法	(れきほう)
暦改正	(こよみかいせい)
暦年	(れきねん)
暦年度	(れきねんど)
暦年齢	(れきねんれい)
暦日	(れきじつ)
暦術	(れきじゅつ)
暦数	(れきすう)
暦学	(れきがく)
暦月	(れきげつ)
隷	(しもべ)
隷従	(れいじゅう)
隷属	(れいぞく)
歷史	(れきし)
麗しい	(うるわしい)
麗々しい	(れいれいしい)
麗麗しい	(れいれいしい)
麗人	(れいじん)
瀝青	(れきせい,チャン)
礫	(つぶて)
礫岩	(れきがん)
蠣	(かき,ぼれい,カキ)
轢き殺す	(ひきころす)
轢き逃げ	(ひきにげ)
轢る	(きしる)
轢殺す	(ひきころす)
轢死	(れきし)
轢逃げ	(ひきにげ)
怜悧	(れいり)
連	(れん)
連なる	(つらなる)
連ねる	(つらねる)
連らく	(れんらく)
連れ	(つれ,ツレ)
連れこむ	(つれこむ)
連れション	(つれしょん,つれション)
連れしょん	(つれしょん,つれション)
連れそう	(つれそう)
連れだす	(つれだす)
連れだつ	(つれだつ)
連れて	(つれて)
連れていく	(つれていく,つれてゆく)
連れてゆく	(つれていく,つれてゆく)
連れて行く	(つれていく,つれてゆく)
連れる	(つれる)
連れ出す	(つれだす)
連れ合い	(つれあい)
連れ立つ	(つれだつ)
連れ去る	(つれさる)
連れ戻す	(つれもどす)
連れ添う	(つれそう)
連れ込む	(つれこむ)
連れ子	(つれこ,つれご)
連覇	(れんぱ)
連敗	(れんぱい)
連邦	(れんぽう)
連邦当局	(れんぽうとうきょく)
連邦取引委員会	(れんぽうとりひきいいんかい)
連邦首相	(れんぽうしゅしょう)
連邦議会	(れんぽうぎかい)
連邦予算	(れんぽうよさん)
連邦制度	(れんぽうせいど)
連出す	(つれだす)
連打	(れんだ)
連帯	(れんたい)
連帯感	(れんたいかん)
連動	(れんどう)
連隊	(れんたい)
連発	(れんぱつ)
連番	(れんばん)
連峯	(れんぽう)
連峰	(れんぽう)
連歌	(れんが)
連合	(れんごう)
連合会	(れんごうかい)
連合王国	(れんごうおうこく)
連合作戦	(れんごうさくせん)
連捷	(れんしょう)
連結	(れんけつ)
連結決算	(れんけつけっさん)
連立	(れんりつ)
連立つ	(つれだつ)
連絡	(れんらく)
連絡船	(れんらくせん)
連絡会	(れんらくかい)
連絡先	(れんらくさき)
連絡線	(れんらくせん)
連絡駅	(れんらくえき)
連盟	(れんめい)
連去る	(つれさる)
連日	(れんじつ)
連日連夜	(れんじつれんや)
連射	(れんしゃ)
連勝	(れんしょう)
連署	(れんしょ)
連鎖	(れんさ)
連体詞	(れんたいし)
連体形	(れんたいけい)
連係	(れんけい)
連繋	(れんけい)
連想	(れんそう)
連携	(れんけい)
連行	(れんこう)
連休	(れんきゅう)
連続	(れんぞく)
連続殺人	(れんぞくさつじん)
連用	(れんよう)
連用形	(れんようけい)
連語	(れんご)
連載	(れんさい)
連載小説	(れんさいしょうせつ)
連戦	(れんせん)
連戦連敗	(れんせんれんぱい)
連戦連勝	(れんせんれんしょう)
連中	(れんちゅう,れんじゅう,れんぢゅう)
連濁	(れんだく)
連子	(つれこ,つれご)
連坐	(れんざ)
連座	(れんざ)
蓮	(はす,はちす,ハス)
蓮根	(れんこん,はすね,レンコン)
蓮花	(れんげ,レンゲ)
蓮華	(れんげ,レンゲ)
廉い	(やすい)
廉売	(れんばい)
廉価	(れんか)
漣	(さざなみ,ささなみ)
憐れ	(あわれ,あはれ)
憐れみ	(あわれみ)
憐れむ	(あわれむ)
憐愍	(れんびん)
憐憫	(れんびん)
聯邦	(れんぽう)
聯動	(れんどう)
聯隊	(れんたい)
聯合	(れんごう)
聯合王国	(れんごうおうこく)
聯合王國	(れんごうおうこく)
聯立	(れんりつ)
聯絡	(れんらく)
聯盟	(れんめい)
聯繋	(れんけい)
聯想	(れんそう)
鎌イタチ	(かまいたち,カマイタチ)
鎌倉時代	(かまくらじだい)
鎌切	(かまきり,とうろう,いもじり)
鎌首	(かまくび)
鎌鼬	(かまいたち,カマイタチ)
鎌止め	(かまどめ)
鎌足	(かまあし)
簾	(すだれ,す)
鰱	(タナゴ,たなご)
恋	(こい)
恋いこがれる	(こいこがれる)
恋いしい	(こいしい)
恋い初める	(こいそめる)
恋い焦がれる	(こいこがれる)
恋い籠る	(こいこもる)
恋い乱る	(こいみだる)
恋い慕う	(こいしたう)
恋い暮らす	(こいくらす)
恋い忍ぶ	(こいしのぶ)
恋い死に	(こいじに)
恋う	(こう)
恋がたき	(こいがたき)
恋こがれる	(こいこがれる)
恋しい	(こいしい)
恋しがる	(こいしがる)
恋の悩み	(こいのなやみ)
恋わずらい	(こいわずらい)
恋をする	(こいをする)
恋愛	(れんあい)
恋愛関係	(れんあいかんけい)
恋愛観	(れんあいかん)
恋愛結婚	(れんあいけっこん)
恋愛遊戯	(れんあいゆうぎ)
恋愛至上主義	(れんあいしじょうしゅぎ)
恋病	(こいやまい,こいやみ)
恋草	(こいぐさ)
恋仇	(こいがたき)
恋敵	(こいがたき)
恋煩い	(こいわずらい)
恋風	(こいかぜ)
恋歌	(こいうた,れんか,こいか)
恋河	(こいかわ)
恋患い	(こいわずらい)
恋焦がれる	(こいこがれる)
恋路	(こいじ)
恋猫	(こいねこ)
恋慕	(れんぼ)
恋慕う	(こいしたう)
恋疲れ	(こいづかれ)
恋妻	(こいづま)
恋情	(れんじょう,こいなさけ)
恋人	(こいびと)
恋盛り	(こいざかり)
恋水	(こいみず)
恋死	(こいじに)
恋死に	(こいじに)
恋慰め	(こいなぐさめ)
恋文	(こいぶみ)
恋物語	(こいものがたり)
恋心	(こいごころ)
恋占い	(こいうらない)
恋着	(れんちゃく)
恋仲	(こいなか)
煉り合わせる	(ねりあわせる)
煉り上げる	(ねりあげる)
煉る	(ねる)
煉乳	(れんにゅう)
煉瓦	(れんが,レンガ)
練りあげる	(ねりあげる)
練り歩く	(ねりあるく)
練り合わせる	(ねりあわせる)
練り上げる	(ねりあげる)
練る	(ねる)
練歩く	(ねりあるく)
練成	(れんせい)
練功	(れんこう)
練乳	(れんにゅう)
練上げる	(ねりあげる)
練習	(れんしゅう)
練習場	(れんしゅうじょう)
錬る	(ねる)
錬成	(れんせい)
錬金術	(れんきんじゅつ)
鏈	(くさり)
鰊	(にしん,かど,ニシン)
戀	(こい)
簗	(やな)
良い	(よい,えい)
良い加減	(いいかげん)
良かったら	(よかったら)
良がる	(よがる)
良かれ悪しかれ	(よかれあしかれ)
良く	(よく)
良し	(よし,えし)
良しあし	(よしあし,よしわるし)
良し悪し	(よしあし,よしわるし)
良否	(りょうひ)
良好	(りょうこう)
良品	(りょうひん)
良妻	(りょうさい)
良人	(おっと)
良識	(りょうしき)
良心	(りょうしん)
良心的	(りょうしんてき)
良行	(らぎょう)
良性	(りょうせい)
良質	(りょうしつ)
凉しい	(すずしい)
凉む	(すずむ)
涼しい	(すずしい)
涼む	(すずむ)
涼風	(りょうふう,すずかぜ)
涼気	(りょうき)
涼味	(りょうみ)
梁	(やな)
椋鳥	(むくどり,ムクドリ)
糧食	(りょうしょく)
両てんびん	(りょうてんびん)
両はし	(りょうたん,りょうはし,りょうはじ)
両ワキ	(りょうわき)
両わき	(りょうわき)
両岸	(りょうがん,りょうぎし)
両陛下	(りょうへいか)
両便	(りょうべん)
両部神道	(りょうぶしんとう)
両側	(りょうがわ,りょうそく)
両成敗	(りょうせいばい)
両党	(りょうとう)
両刀	(りょうとう)
両刀つかい	(りょうとうづかい,りょうとうつかい)
両刀づかい	(りょうとうづかい,りょうとうつかい)
両刀遣い	(りょうとうづかい,りょうとうつかい)
両刀使い	(りょうとうづかい,りょうとうつかい)
両得	(りょうとく)
両度	(りょうど)
両端	(りょうたん,りょうはし,りょうはじ)
両断	(りょうだん)
両耳	(りょうみみ)
両方	(りょうほう)
両分	(りょうぶん)
両蓋	(りょうぶた)
両蓋時計	(りょうぶたどけい)
両国	(りょうこく,りょうごく)
両国語	(りょうこくご)
両虎	(りょうこ)
両極	(りょうきょく)
両極地方	(りょうきょくちほう)
両極端	(りょうきょくたん)
両家	(りょうけ)
両脚	(りょうあし,りょうきゃく)
両脚規	(りょうきゃくき)
両脚器	(りょうきゃくき)
両軍	(りょうぐん)
両開き	(りょうびらき)
両口	(りょうぐち)
両立	(りょうりつ)
両々	(りょうりょう)
両両	(りょうりょう)
両隣	(りょうどなり)
両隣り	(りょうどなり)
両輪	(りょうりん)
両論	(りょうろん)
両面	(りょうめん)
両面刷り	(りょうめんずり)
両名	(りょうめい)
両棲	(りょうせい)
両棲動物	(りょうせいどうぶつ)
両切り	(りょうぎり)
両切りタバコ	(りょうぎりタバコ)
両切りたばこ	(りょうぎりタバコ)
両切り煙草	(りょうぎりタバコ)
両親	(りょうしん,ふたおや)
両全	(りょうぜん)
両人	(りょうにん)
両刃	(もろは,りょうば)
両刃の剣	(もろはのつるぎ,もろはのけん,りょうばのけん)
両日	(りょうじつ)
両三日	(りょうさんにち)
両生	(りょうせい)
両生動物	(りょうせいどうぶつ)
両氏	(りょうし)
両手	(りょうて)
両手きき	(りょうてきき)
両手に花	(りょうてにはな)
両手利き	(りょうてきき)
両思い	(りょうおもい)
両損	(りょうそん,りょうぞん)
両替	(りょうがえ)
両替機	(りょうがえき)
両替人	(りょうがえにん)
両替商	(りょうがえしょう)
両替屋	(りょうがえや)
両天秤	(りょうてんびん)
両頭	(りょうとう)
両凸	(りょうとつ)
両腕	(りょううで,もろうで)
両舷	(りょうげん)
両想い	(りょうおもい)
両像	(りょうぞう)
両脇	(りょうわき)
両形	(ふたなり)
両性	(りょうせい)
両性的	(りょうせいてき)
両雄	(りょうゆう)
両袖	(りょうそで)
両眼	(りょうがん)
両洋	(りょうよう)
両様	(りょうよう)
両義	(りょうぎ)
両翼	(りょうよく)
両議院	(りょうぎいん)
両用	(りょうよう)
両用機	(りょうようき)
両院	(りょういん)
両者	(りょうしゃ)
両種	(りょうしゅ)
両肘	(りょうひじ)
両足	(りょうあし,りょうそく)
量	(りょう)
量らう	(はからう)
量る	(はかる)
量産	(りょうさん)
量的	(りょうてき)
量感	(りょうかん)
量見	(りょうけん)
量子	(りょうし)
量子化	(りょうしか)
量子色力学	(りょうしいろりきがく)
諒とする	(りょうとする)
諒承	(りょうしょう)
諒解	(りょうかい)
僚船	(りょうせん)
僚機	(りょうき)
僚艦	(りょうかん)
僚友	(りょうゆう)
寮	(りょう)
寮長	(りょうちょう)
寮母	(りょうぼ)
寮生	(りょうせい)
療法	(りょうほう)
療養	(りょうよう)
療養所	(りょうようじょ,りょうようしょ)
蓼	(たで,タデ)
蓼食う虫も好きずき	(たでくうむしもすきずき)
蓼食う虫も好き好き	(たでくうむしもすきずき)
料	(りょう)
料簡	(りょうけん)
料簡違い	(りょうけんちがい)
料金	(りょうきん)
料金所	(りょうきんじょ,りょうきんしょ)
料理	(りょうり)
料理道具	(りょうりどうぐ)
料理店	(りょうりてん)
料理法	(りょうりほう)
料理屋	(りょうりや)
料率	(りょうりつ)
料亭	(りょうてい)
毟りとる	(むしりとる)
毟り取る	(むしりとる)
毟る	(むしる)
挘る	(むしる)
列	(れつ)
列なる	(つらなる)
列ねる	(つらねる)
列ぶ	(ならぶ)
列車	(れっしゃ)
列島	(れっとう)
列国	(れっこく)
列記	(れっき)
列見出し	(れつみだし)
列挙	(れっきょ)
列席	(れっせき)
列卒	(せこ,せご)
劣る	(おとる)
劣敗	(れっぱい)
劣才	(れっさい)
劣等	(れっとう)
劣等複合	(れっとうふくごう)
劣等感	(れっとうかん)
劣悪	(れつあく)
劣化	(れっか)
劣情	(れつじょう)
劣弱	(れつじゃく)
劣弱意識	(れつじゃくいしき)
劣勢	(れっせい)
劣勢感	(れっせいかん)
劣性	(れっせい)
劣者	(れっしゃ)
冽々	(れつれつ)
冽冽	(れつれつ)
烈しい	(はげしい)
烈風	(れっぷう)
烈火	(れっか)
烈女	(れつじょ)
烈震	(れっしん)
捩じくれる	(ねじくれる)
捩じ伏せる	(ねじふせる)
捩じ開ける	(ねじあける)
捩じ切る	(ねじきる)
捩じ曲げる	(ねじまげる)
捩じ取る	(ねじとる)
捩じ上げる	(ねじあげる)
捩じ込む	(ねじこむ)
捩り	(もじり)
捩れる	(ねじれる)
捩伏せる	(ねじふせる)
捩開ける	(ねじあける)
捩曲げる	(ねじまげる)
捩子	(ネジ,ねじ)
猟	(りょう)
猟る	(かる)
猟銃	(りょうじゅう)
猟虎	(らっこ,ラッコ)
猟犬	(りょうけん,かりいぬ)
猟人	(かりゅうど,かりうど,りょうじん)
猟師	(りょうし)
裂く	(さく)
裂ける	(さける)
裂け目	(さけめ)
裂れ痔	(きれじ)
裂目	(さけめ)
裂傷	(れっしょう)
裂痔	(きれじ)
鬣	(たてがみ,タテガミ)
林	(はやし)
林道	(りんどう)
林間	(りんかん)
林立	(りんりつ)
林内	(りんない)
林檎	(りんご,リンゴ)
林檎病	(りんごびょう)
林学	(りんがく)
林業	(りんぎょう)
淋しい	(さびしい,さみしい)
淋しがる	(さびしがる)
淋巴	(リンパ)
淋病	(りんびょう)
鄰	(となり)
隣	(となり)
隣の芝生は青い	(となりのしばふはあおい)
隣り	(となり)
隣りあう	(となりあう)
隣り合う	(となりあう)
隣国	(りんごく,りんこく)
隣合う	(となりあう)
隣家	(りんか)
隣接	(りんせつ)
隣接部隊	(りんせつぶたい)
隣人	(りんじん)
隣席	(りんせき)
燐	(りん,リン)
燐寸	(マッチ)
燐灰石	(りんかいせき)
燐酸	(りんさん)
臨く	(のぞく)
臨む	(のぞむ)
臨兵闘者皆陣列在前	(りんぴょうとうしゃかいじんれつざいぜん)
臨兵闘者皆陣烈在前	(りんぴょうとうしゃかいじんれつざいぜん)
臨兵闘者皆陣裂在前	(りんぴょうとうしゃかいじんれつざいぜん)
臨場	(りんじょう)
臨場感	(りんじょうかん)
臨床	(りんしょう)
臨床試験	(りんしょうしけん)
臨機目標	(りんきもくひょう)
臨機応変	(りんきおうへん)
臨界	(りんかい)
臨時	(りんじ)
臨時国会	(りんじこっかい)
臨時記号	(りんじきごう)
臨席	(りんせき)
臨月	(りんげつ)
臨終	(りんじゅう)
鱗	(うろこ,こけ,こけら)
凛	(りん)
凛冽	(りんれつ)
凛烈	(りんれつ)
凛々	(りんりん)
凛凛	(りんりん)
凛々しい	(りりしい)
凛凛しい	(りりしい)
凛然	(りんぜん)
凜	(りん)
凜冽	(りんれつ)
凜烈	(りんれつ)
凜々	(りんりん)
凜々しい	(りりしい)
凜凜	(りんりん)
凜凜しい	(りりしい)
凜然	(りんぜん)
吝しむ	(おしむ)
吝嗇	(りんしょく)
吝嗇ん坊	(けちんぼう,けちんぼ,ケチンボ)
悋嗇	(りんしょく)
賃貸	(ちんたい)
賃借	(ちんしゃく)
賃借り	(ちんがり)
賃金	(ちんぎん,ちんきん)
賃上げ	(ちんあげ)
賃銀	(ちんぎん,ちんきん)
〇点	(れいてん)
伶俐	(れいり)
伶人	(れいじん)
凌ぎ	(しのぎ)
凌ぎ場	(しのぎば)
凌ぐ	(しのぐ)
凌波性	(りょうはせい)
凌駕	(りょうが)
凌雲	(りょううん)
陵	(みささぎ,みはか,りょう)
陵駕	(りょうが)
陵雲	(りょううん)
菱形	(ひしがた,りょうけい)
羚羊	(れいよう,レイヨウ)
零	(れい)
零し話	(こぼしばなし)
零す	(こぼす)
零れる	(こぼれる)
零点	(れいてん)
零度	(れいど)
零落れる	(おちぶれる)
零時	(れいじ)
零細	(れいさい)
零下	(れいか)
零行列	(れいぎょうれつ)
零戦	(ゼロせん,れいせん)
鈴	(すず,りん,れい)
鈴虫	(すずむし,スズムシ)
鈴蘭	(すずらん,スズラン)
綾布	(あやぬの)
綾錦	(あやにしき)
綾糸	(あやいと)
綾取	(あやとり)
綾取り	(あやとり)
綾織	(あやおり)
綾織り	(あやおり)
霊	(たましい,たま)
霊きゅう	(れいきゅう)
霊きゅう車	(れいきゅうしゃ)
霊安室	(れいあんしつ)
霊長	(れいちょう)
霊長類	(れいちょうるい)
霊的	(れいてき)
霊峰	(れいほう)
霊感	(れいかん)
霊魂	(れいこん)
霊魂消滅	(れいこんしょうめつ)
霊界	(れいかい)
霊柩	(れいきゅう)
霊柩車	(れいきゅうしゃ)
霊媒	(れいばい)
霊能	(れいのう)
霊気	(れいき)
霊肉	(れいにく)
霊送り	(たまおくり)
霊性	(れいせい)
霊薬	(れいやく)
霊園	(れいえん)
霊苑	(れいえん)
齢	(よわい)
領	(えり)
領布	(りょうふ)
領承	(りょうしょう)
領地	(りょうち)
領会	(りょうかい)
領脚	(えりあし)
領解	(りょうかい)
領巾	(ひれ)
領事	(りょうじ)
領事館	(りょうじかん)
領収	(りょうしゅう)
領収書	(りょうしゅうしょ)
領収証	(りょうしゅうしょう)
領土	(りょうど)
領有	(りょうゆう)
領域	(りょういき)
嶺	(みね)
令	(れい)
令む	(しむ)
令弟	(れいてい)
令夫人	(れいふじん)
令閨	(れいけい)
令妹	(れいまい)
令名	(れいめい)
令娘	(れいじょう)
令嬢	(れいじょう)
令色	(れいしょく)
令室	(れいしつ)
令孫	(れいそん)
令堂	(れいどう)
令望	(れいぼう)
令聞	(れいぶん)
令息	(れいそく)
令兄	(れいけい)
令婿	(れいせい)
令姪	(れいてつ)
令旨	(りょうじ,れいし)
令状	(れいじょう)
令姉	(れいし)
溜まり	(たまり)
溜まる	(たまる)
溜める	(ためる)
溜め池	(ためいけ)
溜め息	(ためいき)
溜め込む	(ためこむ)
溜り	(たまり)
溜る	(たまる)
溜池	(ためいけ)
溜息	(ためいき)
留まる	(とまる)
留め	(とめ)
留める	(とめる)
留め金	(とめがね)
留め置く	(とめおく)
留保	(りゅうほ)
留金	(とめがね)
留守	(るす)
留守ばん	(るすばん)
留守電	(るすでん)
留守番	(るすばん)
留守番電話	(るすばんでんわ)
留守居	(るすい)
留守中	(るすちゅう)
留学	(りゅうがく)
留学生	(りゅうがくせい)
留意	(りゅうい)
留置	(りゅうち)
留置く	(とめおく)
留主	(るす)
流	(りゅう)
流し	(ながし)
流しこむ	(ながしこむ)
流し込む	(ながしこむ)
流す	(ながす)
流ちょう	(りゅうちょう)
流れ	(ながれ)
流れつく	(ながれつく)
流れもの	(ながれもの)
流れる	(ながれる)
流れ出す	(ながれだす)
流れ出る	(ながれでる)
流れ弾	(ながれだま)
流れ図	(ながれず)
流れ星	(ながれぼし)
流れ込む	(ながれこむ)
流れ玉	(ながれだま)
流れ者	(ながれもの)
流れ着く	(ながれつく)
流氷	(りゅうひょう)
流布	(るふ)
流産	(りゅうざん)
流暢	(りゅうちょう)
流出	(りゅうしゅつ)
流鏑馬	(やぶさめ)
流動	(りゅうどう)
流動的	(りゅうどうてき)
流動負債	(りゅうどうふさい)
流動性	(りゅうどうせい)
流動資産	(りゅうどうしさん)
流感	(りゅうかん)
流浪	(るろう)
流浪の民	(るろうのたみ)
流浪者	(るろうしゃ)
流離	(さすらい,りゅうり)
流離う	(さすらう)
流量	(りゅうりょう)
流派	(りゅうは)
流入	(りゅうにゅう)
流石	(さすが)
流水	(りゅうすい)
流弾	(りゅうだん)
流体	(りゅうたい)
流体力学	(りゅうたいりきがく)
流通	(りゅうつう)
流星	(りゅうせい)
流星雨	(りゅうせいう)
流刑	(りゅうけい,るけい)
流刑地	(りゅうけいち,るけいち)
流行	(りゅうこう)
流行る	(はやる)
流行歌	(りゅうこうか)
流行性感冒	(りゅうこうせいかんぼう)
流血	(りゅうけつ)
流言飛語	(りゅうげんひご)
流言蜚語	(りゅうげんひご)
流儀	(りゅうぎ)
流音	(りゅうおん)
流用	(りゅうよう)
流域	(りゅういき)
琉璃	(るり)
硫化処理ゴム	(りゅうかしょりゴム)
硫化水素	(りゅうかすいそ)
硫黄	(いおう,ゆおう)
硫黄酸化物	(いおうさんかぶつ)
硫酸	(りゅうさん)
瑠璃	(るり)
榴弾砲	(りゅうだんほう,りゅうだんぽう)
瘤	(こぶ)
鰡	(ぼら,ボラ)
柳	(やなぎ,ようりゅう,ヤナギ)
柳川鍋	(やながわなべ)
柳眉	(りゅうび)
柳腰	(やなぎごし,りゅうよう)
六	(ろく,む,むう)
六かしい	(むずかしい,むつかしい,むづかしい)
六ヶ敷い	(むずかしい,むつかしい,むづかしい)
六つ	(むっつ,むつ)
六つ子	(むつご)
六百六号	(ろっぴゃくろくごう)
六本	(ろっぽん)
六部	(ろくぶ)
六大州	(ろくだいしゅう)
六大洲	(ろくだいしゅう)
六法	(ろっぽう)
六法全書	(ろっぽうぜんしょ)
六辺形	(ろくへんけい)
六方	(ろっぽう)
六分儀	(ろくぶんぎ)
六府	(ろっぷ)
六腑	(ろっぷ)
六感	(ろっかん)
六根清浄	(ろっこんしょうじょう)
六合	(りくごう)
六花	(りっか,ろっか)
六角	(ろっかく)
六角堂	(ろっかくどう)
六角形	(ろっかっけい,ろっかくけい)
六借しい	(むずかしい,むつかしい,むづかしい)
六連発	(ろくれんぱつ)
六情	(ろくじょう)
六親	(ろくしん)
六日	(むいか,むゆか,むよか)
六三制	(ろくさんせい)
六十路	(むそじ)
六十四分音符	(ろくじゅうしぶおんぷ)
六書	(りくしょ,ろくしょ)
六月	(ろくがつ)
六重唱	(ろくじゅうしょう)
六重奏	(ろくじゅうそう)
竜の口	(たつのくち)
竜の落し子	(タツノオトシゴ,たつのおとしご)
竜の落とし子	(タツノオトシゴ,たつのおとしご)
竜車	(りゅうしゃ)
竜胆	(りんどう,りゅうたん,リンドウ)
竜宮	(りゅうぐう)
竜骨	(りゅうこつ)
竜虎	(りゅうこ,りょうこ)
竜巻	(たつまき)
竜巻き	(たつまき)
竜攘虎搏	(りゅうじょうこはく)
竜舌蘭	(りゅうぜつらん,リュウゼツラン)
竜神	(りゅうじん)
竜田比女	(たつたひめ)
竜田姫	(たつたひめ)
竜頭	(りゅうず,リューズ,リュウズ)
竜頭蛇尾	(りゅうとうだび)
竜顔	(りゅうがん,りょうがん)
竜舟	(りゅうしゅう)
竜座	(りゅうざ)
隆々	(りゅうりゅう)
隆隆	(りゅうりゅう)
隆起	(りゅうき)
隆盛	(りゅうせい)
篭	(かご,カゴ)
篭める	(こめる)
篭もる	(こもる)
篭る	(こもる)
篭城	(ろうじょう)
龍の落し子	(タツノオトシゴ,たつのおとしご)
龍の落とし子	(タツノオトシゴ,たつのおとしご)
龍車	(りゅうしゃ)
龍胆	(りんどう,りゅうたん,リンドウ)
龍宮	(りゅうぐう)
龍骨	(りゅうこつ)
龍虎	(りゅうこ,りょうこ)
龍巻	(たつまき)
龍巻き	(たつまき)
龍舌蘭	(りゅうぜつらん,リュウゼツラン)
龍神	(りゅうじん)
龍頭蛇尾	(りゅうとうだび)
龍顔	(りゅうがん,りょうがん)
龍舟	(りゅうしゅう)
瀧	(たき)
朧げ	(おぼろげ)
朧ろ気	(おぼろげ)
朧気	(おぼろげ)
籠	(かご,カゴ)
籠める	(こめる)
籠もる	(こもる)
籠城	(ろうじょう)
聾	(つんぼ)
聾する	(ろうする)
聾学校	(ろうがっこう)
聾唖	(ろうあ)
聾唖学校	(ろうあがっこう)
聾唖者	(ろうあしゃ)
聾啞	(ろうあ)
聾啞学校	(ろうあがっこう)
聾啞者	(ろうあしゃ)
聾桟敷	(つんぼさじき)
聾者	(ろうしゃ)
壟	(おか)
壟断	(ろうだん)
楼閣	(ろうかく)
楼門	(ろうもん)
螻	(けら,おけら,ろうこ)
螻蛄	(けら,おけら,ろうこ)
漏えい	(ろうえい,ろうせつ)
漏らす	(もらす)
漏る	(もる)
漏れ	(もれ)
漏れる	(もれる)
漏れ聴く	(もれきく)
漏れ聞く	(もれきく)
漏出	(ろうしゅつ)
漏電	(ろうでん)
漏斗	(じょうご,ろうと,ロート)
漏話	(ろうわ)
漏水	(ろうすい)
漏泄	(ろうえい,ろうせつ)
漏洩	(ろうえい,ろうせつ)
芦	(あし,よし,アシ)
芦笛	(あしぶえ,よしぶえ,ろてき)
芦毛	(あしげ)
炉端	(ろばた)
炉端焼き	(ろばたやき)
盧溝橋	(ろこうきょう)
蘆	(あし,よし,アシ)
蘆笛	(あしぶえ,よしぶえ,ろてき)
蘆溝橋	(ろこうきょう)
蘆毛	(あしげ)
廬	(いおり,あん,いお)
瀘過器	(ろかき)
艫	(とも)
鱸	(すずき,スズキ)
虜	(とりこ)
滷汁	(にがり,にがしお)
魯	(ろ,ロ)
魯国	(ろこく)
櫓	(やぐら)
艪	(ろ)
陸	(ろく)
陸でなし	(ろくでなし,ロクデナシ)
陸で無し	(ろくでなし,ロクデナシ)
陸に	(ろくに)
陸曹	(りくそう)
陸曹等	(りくそうとう)
陸稲	(おかぼ,りくとう)
陸釣	(おかづり)
陸釣り	(おかづり)
陸風	(りくふう,りくかぜ)
陸符	(おか)
陸将	(りくしょう)
陸軍	(りくぐん)
陸路	(りくろ)
陸棚	(りくだな,りくほう)
陸上	(りくじょう)
陸上競技	(りくじょうきょうぎ)
陸上作戦本部	(りくじょうさくせんほんぶ)
陸湯	(おかゆ)
陸相	(りくしょう)
陸行	(りっこう)
陸運	(りくうん)
陸運局	(りくうんきょく)
陸戦	(りくせん)
鹿	(しか,かせぎ,か)
鹿児島県	(かごしまけん)
鹿兒島縣	(かごしまけん)
鹿驚	(かかし,かがし,あんざんし)
鹿追	(しかおい)
碌	(ろく)
碌でなし	(ろくでなし,ロクデナシ)
碌で無し	(ろくでなし,ロクデナシ)
碌に	(ろくに)
路	(みち)
路傍	(ろぼう)
路地	(ろじ)
路肩	(ろかた,ろけん)
路線	(ろせん)
漉す	(こす)
蕗	(ふき,ふふき,フキ)
録る	(とる)
録画	(ろくが)
録音	(ろくおん)
録音テープ	(ろくおんテープ)
錄音	(ろくおん)
轆轤	(ろくろ)
露	(あらわ)
露わ	(あらわ)
露呈	(ろてい)
露出	(ろしゅつ)
露出症	(ろしゅつしょう)
露店	(ろてん)
露骨	(ろこつ)
露光	(ろこう)
露国	(ろこく)
露見	(ろけん)
露路	(ろじ)
露天	(ろてん)
露天風呂	(ろてんぶろ)
露顕	(ろけん)
露営	(ろえい)
露語	(ろご)
攣る	(つる)
卵	(たまご)
卵の殻	(たまごのから)
卵白	(らんぱく)
卵胞	(らんぽう,らんほう)
卵巣	(らんそう)
卵巣炎	(らんそうえん)
卵割	(かいわり)
卵割り	(かいわり)
卵管	(らんかん)
卵黄	(らんおう)
卵黄嚢	(らんおうのう)
卵殻	(らんかく,たまごがら)
卵嚢	(らんのう)
卵泡立て器	(たまごあわだてき)
卵色	(たまごいろ)
卵焼	(たまごやき)
卵焼き	(たまごやき)
卵生	(らんせい)
卵塔	(らんとう)
卵塔場	(らんとうば)
卵細胞	(らんさいぼう)
卵形	(らんけい,たまごがた)
卵型	(らんけい,たまごがた)
卵円	(らんえん)
卵状	(らんじょう)
卵子	(らんし)
乱す	(みだす)
乱れる	(みだれる)
乱れ髪	(みだれがみ)
乱暴	(らんぼう)
乱筆	(らんぴつ)
乱吹	(ふぶき)
乱丁	(らんちょう)
乱闘	(らんとう)
乱発	(らんぱつ)
乱伐	(らんばつ)
乱費	(らんぴ)
乱高下	(らんこうげ)
乱獲	(らんかく)
乱交	(らんこう)
乱交パーティ	(らんこうパーティー)
乱交パーティー	(らんこうパーティー)
乱立	(らんりつ)
乱脈	(らんみゃく)
乱入	(らんにゅう)
乱射	(らんしゃ)
乱視	(らんし)
乱数	(らんすう)
乱塔場	(らんとうば)
乱舞	(らんぶ,らっぷ)
乱心	(らんしん)
乱用	(らんよう)
乱雑	(らんざつ)
乱作	(らんさく)
亂暴	(らんぼう)
擽ぐったい	(くすぐったい)
擽ぐる	(くすぐる)
擽ったい	(くすぐったい)
擽る	(くすぐる)
倫敦	(ロンドン)
倫理	(りんり)
倫理的	(りんりてき)
倫理学	(りんりがく)
輪	(りん)
輪かく	(りんかく)
輪ゴム	(わゴム)
輪番	(りんばん)
輪郭	(りんかく)
輪郭線	(りんかくせん)
輪回	(りんね)
輪廻	(りんね)
輪講	(りんこう)
輪廓	(りんかく)
輪留め	(わどめ)
輪奈	(わな)
輪切り	(わぎり)
輪投げ	(わなげ)
輪止め	(わどめ)
輪転	(りんてん)
輪転機	(りんてんき)
論う	(あげつらう)
論じつくす	(ろんじつくす)
論じる	(ろんじる)
論じ尽くす	(ろんじつくす)
論ずる	(ろんずる)
論点	(ろんてん)
論調	(ろんちょう)
論断	(ろんだん)
論究	(ろんきゅう)
論拠	(ろんきょ)
論考	(ろんこう)
論攷	(ろんこう)
論客	(ろんきゃく,ろんかく)
論理	(ろんり)
論理的	(ろんりてき)
論理回路	(ろんりかいろ)
論理素子	(ろんりそし)
論理演算	(ろんりえんざん)
論判	(ろんぱん)
論評	(ろんぴょう)
論破	(ろんぱ)
論説	(ろんせつ)
論外	(ろんがい)
論文	(ろんぶん)
論義	(ろんぎ)
論議	(ろんぎ)
論戦	(ろんせん)
論者	(ろんしゃ,ろんじゃ)
論争	(ろんそう)
論争者	(ろんそうしゃ)
論証	(ろんしょう)
論旨	(ろんし)
螺旋	(ネジ,ねじ)
螺子	(ネジ,ねじ)
螺子回し	(ねじまわし)
螺子山	(ねじやま)
羅典	(ラテン)
羅典語	(ラテンご)
羅甸	(ラテン)
羅甸語	(ラテンご)
羅漢	(らかん)
羅患	(りかん)
羅列	(られつ)
羅馬字	(ローマじ)
羅紗	(ラシャ)
羅宇	(ラオス)
羅針	(らしん)
羅針盤	(らしんばん)
騾馬	(ラバ,らば)
蘿	(こけ,コケ)
裸	(はだか)
裸になる	(はだかになる)
裸の質量	(はだかのしつりょう)
裸婦	(らふ)
裸馬	(はだかうま)
裸体	(らたい)
裸体画	(らたいが)
裸眼	(らがん)
裸一貫	(はだかいっかん)
裸足	(はだし,せんそく)
洛中	(らくちゅう)
落	(おち,オチ)
落しもの	(おとしもの)
落し入れる	(おとしいれる)
落し物	(おとしもの)
落し穴	(おとしあな)
落す	(おとす)
落ち	(おち,オチ)
落ちこぼれ	(おちこぼれ)
落ちこむ	(おちこむ)
落ちついた	(おちついた)
落ちつく	(おちつく)
落ちのびる	(おちのびる)
落ちぶれる	(おちぶれる)
落ちる	(おちる)
落ち度	(おちど)
落ち付き	(おちつき)
落ち付く	(おちつく)
落ち合う	(おちあう)
落ち零れ	(おちこぼれ)
落ち入る	(おちいる)
落ち穂拾い	(おちぼひろい)
落ち延びる	(おちのびる)
落ち葉	(おちば,らくよう)
落ち込む	(おちこむ)
落ち着いた	(おちついた)
落ち着き	(おちつき)
落ち着き払う	(おちつきはらう)
落ち着く	(おちつく)
落っこちる	(おっこちる)
落としもの	(おとしもの)
落とし入れる	(おとしいれる)
落とし物	(おとしもの)
落とし穴	(おとしあな)
落とす	(おとす)
落ばん	(らくばん)
落る	(おちる)
落差	(らくさ)
落成	(らくせい)
落成式	(らくせいしき)
落胆	(らくたん)
落地	(らくち)
落第	(らくだい)
落丁	(らくちょう)
落度	(おちど)
落付き	(おちつき)
落合う	(おちあう)
落後	(らくご)
落後者	(らくごしゃ)
落花狼藉	(らっかろうぜき)
落花枝に帰らず破鏡再び照らさず	(らっかえだにかえらずはきょうふたたびてらさず)
落款	(らっかん)
落雷	(らくらい)
落雷にあう	(らくらいにあう)
落磐	(らくばん)
落盤	(らくばん)
落魄れる	(おちぶれる)
落石	(らくせき)
落首	(らくしゅ)
落書	(らくがき)
落書き	(らくがき)
落穂拾い	(おちぼひろい)
落伍	(らくご)
落伍者	(らくごしゃ)
落下	(らっか)
落下傘	(らっかさん)
落延びる	(おちのびる)
落葉	(おちば,らくよう)
落込む	(おちこむ)
落語	(らくご)
落語家	(らくごか)
落札	(らくさつ)
落着き	(おちつき)
落着く	(おちつく)
絡まる	(からまる)
絡みあう	(からみあう)
絡みつく	(からみつく)
絡み付く	(からみつく)
絡み合う	(からみあう)
絡む	(からむ)
絡めとる	(からめとる)
絡め取る	(からめとる)
絡め手	(からめて,からめで)
絡繰	(からくり,カラクリ)
絡繰り	(からくり,カラクリ)
驢	(うさぎうま,ろ)
驢馬	(ろば,ロバ)
呂律が回らない	(ろれつがまわらない)
侶	(とも)
侶伴	(りょはん)
旅	(たび)
旅だつ	(たびだつ)
旅程	(りょてい)
旅愁	(りょしゅう)
旅費	(りょひ)
旅館	(りょかん)
旅客	(りょかく,りょきゃく)
旅客機	(りょかくき,りょかっき)
旅立ち	(たびだち)
旅立つ	(たびだつ)
旅路	(たびじ)
旅券	(りょけん)
旅人	(たびびと,りょじん,たびと)
旅団	(りょだん)
旅先	(たびさき)
旅行	(りょこう)
旅行代理店	(りょこうだいりてん)
旅行者	(りょこうしゃ)
屡	(しばしば)
屡々	(しばしば)
屡屡	(しばしば)
履	(くつ)
履きかえる	(はきかえる)
履きもの	(はきもの)
履き古し	(はきふるし)
履き替える	(はきかえる)
履き違える	(はきちがえる)
履き物	(はきもの)
履く	(はく)
履む	(ふむ)
履歴	(りれき)
履歴書	(りれきしょ)
履替える	(はきかえる)
履違える	(はきちがえる)
履物	(はきもの)
履習	(りしゅう)
履行	(りこう)
履修	(りしゅう)
律	(りつ)
律動	(りつどう)
律令	(りつりょう,りつれい)
律儀	(りちぎ,りつぎ)
律義	(りちぎ,りつぎ)
率	(りつ)
率いる	(ひきいる)
率爾	(そつじ)
率然	(そつぜん)
率塔婆	(そとば,そとうば)
率土	(そっと,そつど)
率先	(そっせん)
率先躬行	(そっせんきゅうこう)
率直	(そっちょく)
緑	(みどり)
緑の日	(みどりのひ)
緑地	(りょくち)
緑青	(ろくしょう,りょくしょう)
緑色	(みどりいろ,りょくしょく)
緑藻	(りょくそう)
緑啄木鳥	(あおげら,アオゲラ)
綠	(みどり)
綠色	(みどりいろ,りょくしょく)
慮る	(おもんばかる,おもんぱかる)
慮外	(りょがい)
濾す	(こす)
濾過	(ろか)
濾過器	(ろかき)
濾紙	(ろし)
鑢	(やすり,ヤスリ)
掠う	(さらう)
掠めとる	(かすめとる)
掠める	(かすめる)
掠め奪う	(かすめうばう)
掠め取る	(かすめとる)
掠り	(かすり)
掠れる	(かすれる)
掠奪	(りゃくだつ)
掠取	(りゃくしゅ)
略	(ほぼ)
略す	(りゃくす)
略称	(りゃくしょう)
略奪	(りゃくだつ)
略奪行為	(りゃくだつこうい)
略記	(りゃっき)
略歴	(りゃくれき)
略〻	(ほぼ)
略名	(りゃくめい)
略取	(りゃくしゅ)
略式	(りゃくしき)
略儀	(りゃくぎ)
略語	(りゃくご)
略装	(りゃくそう)
略字	(りゃくじ)
麻	(あさ,お)
麻しん	(はしか,ましん)
麻痺	(まひ,マヒ)
麻布	(あさぬの,まふ)
麻袋	(あさぶくろ)
麻幹	(おがら)
麻綱	(あさづな)
麻将	(マージャン,まーじゃん,まあじゃん)
麻裏	(あさうら)
麻裏草履	(あさうらぞうり)
麻呂	(まろ)
麻糸	(あさいと,まし)
麻婆豆腐	(マーボーどうふ,マーボどうふ,マーボードーフ)
麻雀	(マージャン,まーじゃん,まあじゃん)
麻雀屋	(マージャンや)
麻縄	(あさなわ)
麻睡	(ますい)
麻絲	(あさいと,まし)
麻屑	(あさくず)
麻行	(まぎょう)
麻薬	(まやく)
麻薬常習	(まやくじょうしゅう)
麻薬常用	(まやくじょうよう)
麻衣	(あさごろも,まい)
麻疹	(はしか,ましん)
麻織	(あさおり)
麻織り	(あさおり)
麻酔	(ますい)
麻酔をかける	(ますいをかける)
麻酔剤	(ますいざい)
麻酔薬	(ますいやく)
痲痺	(まひ,マヒ)
痲薬	(まやく)
痲酔	(ますい)
痳病	(りんびょう)
蟇	(ひきがえる,ひき,がまがえる)
蟇蛙	(ひきがえる,ひき,がまがえる)
蟆	(ぶゆ,ぶよ,ぶと)
蟆子	(ぶゆ,ぶよ,ぶと)
馬	(うま,ウマ)
馬とび	(うまとび)
馬の耳に念仏	(うまのみみにねんぶつ)
馬の合う	(うまのあう)
馬喰	(ばくろう,はくらく)
馬車	(ばしゃ,うまぐるま)
馬刀貝	(まてがい,マテガイ)
馬丁	(ばてい)
馬耳東風	(ばじとうふう)
馬飛	(うまとび)
馬飛び	(うまとび)
馬蛤貝	(まてがい,マテガイ)
馬稼	(ばか,バカ)
馬脚	(ばきゃく)
馬具	(ばぐ)
馬尻	(バケツ)
馬克	(マルク)
馬来西亜	(マレーシア)
馬力	(ばりき)
馬鹿	(ばか,バカ)
馬鹿げた	(ばかげた,バカげた)
馬鹿にする	(ばかにする,バカにする)
馬鹿にできない	(ばかにできない,バカにできない)
馬鹿にならない	(ばかにならない,バカにならない)
馬鹿に出来ない	(ばかにできない,バカにできない)
馬鹿は死ななきゃ直らない	(ばかはしななきゃなおらない)
馬鹿は死ななきゃ治らない	(ばかはしななきゃなおらない)
馬鹿やろう	(ばかやろう,バカヤロー,バカヤロウ)
馬鹿を見る	(ばかをみる)
馬鹿話	(ばかばなし)
馬鹿力	(ばかぢから)
馬鹿々々しい	(ばかばかしい,バカバカしい)
馬鹿馬鹿しい	(ばかばかしい,バカバカしい)
馬鹿受け	(ばかうけ)
馬鹿野郎	(ばかやろう,バカヤロー,バカヤロウ)
馬鹿者	(ばかもの,ばかもん)
馬鹿正直	(ばかしょうじき)
馬面	(うまづら,ばめん,うまがお)
馬尼剌	(マニラ)
馬匹	(ばひつ)
馬肉	(ばにく)
馬舎	(うまや,まや)
馬市	(うまいち)
馬術	(ばじゅつ)
馬跳び	(うまとび)
馬頭	(めず)
馬屋	(うまや,まや)
馬小屋	(うまごや)
馬穴	(バケツ)
馬酔木	(あせび,あしび,あせぼ)
瑪瑙	(めのう,メノウ)
碼	(ヤード)
碼碯	(めのう,メノウ)
罵る	(ののしる)
罵倒	(ばとう)
罵声	(ばせい)
埋まる	(うまる,うずまる)
埋めあわせる	(うめあわせる)
埋めこむ	(うめこむ)
埋める	(うめる)
埋め合せる	(うめあわせる)
埋め合わせる	(うめあわせる)
埋め立てる	(うめたてる)
埋め立て地	(うめたてち)
埋め込	(うめこみ)
埋め込み	(うめこみ)
埋め込む	(うめこむ)
埋もれる	(うもれる,うずもれる,うづもれる)
埋蔵	(まいぞう)
埋蔵金	(まいぞうきん)
埋立て地	(うめたてち)
埋立地	(うめたてち)
埋没	(まいぼつ)
埋込	(うめこみ)
埋込み	(うめこみ)
埋込む	(うめこむ)
埋葬	(まいそう)
買いあおる	(かいあおる)
買いあさる	(かいあさる)
買いオペ	(かいオペ)
買いオペレーション	(かいオペレーション)
買いかぶる	(かいかぶる)
買いこむ	(かいこむ)
買いもの	(かいもの,かいもん)
買いもん	(かいもの,かいもん)
買い被る	(かいかぶる)
買い出し	(かいだし)
買い掛け金	(かいかけきん)
買い集める	(かいあつめる)
買い切る	(かいきる)
買い求める	(かいもとめる)
買い取り	(かいとり)
買い取る	(かいとる)
買い入れる	(かいいれる)
買い煽る	(かいあおる)
買い上げる	(かいあげる)
買い手	(かいて)
買い受ける	(かいうける)
買い戻す	(かいもどす)
買い物	(かいもの,かいもん)
買い物袋	(かいものぶくろ)
買い込む	(かいこむ)
買い漁る	(かいあさる)
買い占め	(かいしめ)
買い占める	(かいしめる)
買い主	(かいぬし)
買い足す	(かいたす)
買う	(かう)
買ってでる	(かってでる)
買って出る	(かってでる)
買出し	(かいだし)
買掛金	(かいかけきん)
買切る	(かいきる)
買求める	(かいもとめる)
買取	(かいとり)
買取り	(かいとり)
買入れる	(かいいれる)
買上げる	(かいあげる)
買収	(ばいしゅう)
買手	(かいて)
買受ける	(かいうける)
買戻す	(かいもどす)
買物	(かいもの,かいもん)
買物袋	(かいものぶくろ)
買込む	(かいこむ)
買占め	(かいしめ)
買占める	(かいしめる)
買主	(かいぬし)
買足す	(かいたす)
麦	(むぎ)
麦こがし	(むぎこがし)
麦の秋	(むぎのあき)
麦めし	(むぎめし,ばくはん,むぎいい)
麦わら	(むぎわら,ばっかん)
麦わらぼうし	(むぎわらぼうし)
麦わら帽子	(むぎわらぼうし)
麦扱き	(むぎこき)
麦茶	(むぎちゃ)
麦打ち	(むぎうち)
麦搗き	(むぎつき)
麦笛	(むぎぶえ)
麦飯	(むぎめし,ばくはん,むぎいい)
麦粉	(むぎこ)
麦稈	(むぎわら,ばっかん)
麦稈帽子	(むぎわらぼうし)
麦藁	(むぎわら,ばっかん)
麦藁帽子	(むぎわらぼうし)
麦焦がし	(むぎこがし)
麦焦し	(むぎこがし)
麦角	(ばっかく)
麦酒	(ばくしゅ,ビール)
麦粒腫	(ばくりゅうしゅ)
麦秋	(ばくしゅう,むぎあき)
麦蒔	(むぎまき)
麦束	(むぎたば)
麦価	(ばくか,ばっか)
麦踏み	(むぎふみ)
麦湯	(むぎゆ)
麦田	(むぎた)
麦畑	(むぎばたけ)
麦芽	(ばくが)
麦芽糖	(ばくがとう)
麦刈り	(むぎかり)
麦作	(むぎさく)
売りオペ	(うりオペ)
売りオペレーション	(うりオペレーション)
売りつける	(うりつける)
売りとばす	(うりとばす)
売りはらう	(うりはらう)
売りもの	(うりもの)
売り歩く	(うりあるく)
売り場	(うりば)
売り出し	(うりだし)
売り出す	(うりだす)
売り渡す	(うりわたす)
売り児	(うりこ)
売り払う	(うりはらう)
売り飛ばす	(うりとばす)
売り付ける	(うりつける)
売り掛け金	(うりかけきん)
売り広げる	(うりひろげる)
売り家	(うりや,うりいえ)
売り切れ	(うりきれ)
売り切れる	(うりきれる)
売り上	(うりあげ)
売り上げ	(うりあげ)
売り手	(うりて)
売り物	(うりもの)
売り込み	(うりこみ)
売り込む	(うりこむ)
売り子	(うりこ)
売る	(うる)
売れゆき	(うれゆき)
売れる	(うれる)
売れ残り	(うれのこり)
売れ行き	(うれゆき)
売卜	(ばいぼく)
売歩く	(うりあるく)
売残	(うれのこり)
売残り	(うれのこり)
売場	(うりば)
売出	(うりだし)
売出し	(うりだし)
売出す	(うりだす)
売春	(ばいしゅん)
売春婦	(ばいしゅんふ)
売店	(ばいてん)
売渡す	(うりわたす)
売払う	(うりはらう)
売付ける	(うりつける)
売掛金	(うりかけきん)
売国	(ばいこく)
売国奴	(ばいこくど)
売家	(うりや,うりいえ)
売買	(ばいばい)
売買高	(ばいばいだか)
売名	(ばいめい)
売女	(ばいた)
売切	(うりきれ)
売切れ	(うりきれ)
売切れる	(うりきれる)
売却	(ばいきゃく)
売上	(うりあげ)
売上げ	(うりあげ)
売上票	(うりあげぴょう)
売手	(うりて)
売物	(うりもの)
売笑婦	(ばいしょうふ)
売行	(うれゆき)
売行き	(うれゆき)
売込み	(うりこみ)
売約	(ばいやく)
売約済	(ばいやくずみ)
売約済み	(ばいやくずみ)
売子	(うりこ)
脉	(みゃく)
脈	(みゃく)
脈うつ	(みゃくうつ)
脈搏	(みゃくはく)
脈搏つ	(みゃくうつ)
脈搏数	(みゃくはくすう)
脈打つ	(みゃくうつ)
脈動	(みゃくどう)
脈絡	(みゃくらく)
脈略	(みゃくらく)
脈拍	(みゃくはく)
邁進	(まいしん)
蛮カラ	(ばんカラ,ばんから,バンカラ)
蛮から	(ばんカラ,ばんから,バンカラ)
蛮的	(ばんてき)
蛮風	(ばんぷう)
蛮骨	(ばんこつ)
蛮襟	(ばんカラ,ばんから,バンカラ)
蛮境	(ばんきょう)
蛮力	(ばんりょく)
蛮隷	(ばんれい)
蛮民	(ばんみん)
蛮人	(ばんじん)
蛮声	(ばんせい)
蛮習	(ばんしゅう)
蛮行	(ばんこう)
蛮夷	(ばんい)
蛮勇	(ばんゆう)
蛮語	(ばんご)
蛮族	(ばんぞく)
瞞す	(だます)
饅頭	(まんじゅう)
鬘	(かつら,かずら,カツラ)
鰻	(うなぎ,むなぎ,ウナギ)
鰻どんぶり	(うなどん,うなぎどんぶり,うなぎどん)
鰻登り	(うなぎのぼり)
鰻丼	(うなどん,うなぎどんぶり,うなぎどん)
鰻上り	(うなぎのぼり)
満たす	(みたす)
満タン	(まんタン,マンタン)
満ちる	(みちる)
満ち潮	(まんちょう,みちしお)
満ち干	(みちひ,まんかん)
満ち引き	(みちひき)
満俺	(マンガン)
満杯	(まんぱい)
満遍なく	(まんべんなく)
満遍無く	(まんべんなく)
満場	(まんじょう)
満場一致	(まんじょういっち)
満潮	(まんちょう,みちしお)
満喫	(まんきつ)
満点	(まんてん)
満腹	(まんぷく)
満干	(みちひ,まんかん)
満更でもない	(まんざらでもない)
満開	(まんかい)
満了	(まんりょう)
満塁	(まんるい)
満々	(まんまん)
満満	(まんまん)
満身創痍	(まんしんそうい)
満席	(まんせき)
満一年	(まんいちねん)
満引き	(みちひき)
満員	(まんいん)
満月	(まんげつ)
満悦	(まんえつ)
満載	(まんさい)
満州	(まんしゅう)
満州国	(まんしゅうこく)
満州國	(まんしゅうこく)
満洲	(まんしゅう)
満洲国	(まんしゅうこく)
満足	(まんぞく)
満作	(まんさく,マンサク)
滿洲國	(まんしゅうこく)
滿足	(まんぞく)
蟎	(ダニ,だに)
曼谷	(バンコク,バンコック,バンコーク)
曼荼羅	(まんだら,まだら,マンダラ)
曼陀羅	(まんだら,まだら,マンダラ)
曼珠沙華	(まんじゅしゃげ,マンジュシャゲ)
蔓る	(はびこる)
蔓延	(まんえん)
蔓延る	(はびこる)
蔓衍	(まんえん)
幔幕	(まんまく)
漫りに	(みだりに)
漫ろに	(そぞろに)
漫ろ歩き	(そぞろあるき)
漫才	(まんざい)
漫画	(まんが,マンガ)
漫然	(まんぜん)
漫談	(まんだん)
慢性	(まんせい)
慢性的	(まんせいてき)
慢性疲労症候群	(まんせいひろうしょうこうぐん)
芒	(ススキ,すすき)
芒果	(マンゴー,マンゴ)
芒洋	(ぼうよう)
忙がしい	(いそがしい)
忙しい	(いそがしい)
忙殺	(ぼうさつ)
尨	(むく)
尨大	(ぼうだい)
尨毛	(むくげ)
尨犬	(むくいぬ,ムクいぬ)
盲	(めくら,メクラ)
盲愛	(もうあい)
盲壁	(めくらかべ)
盲腸	(もうちょう)
盲腸炎	(もうちょうえん)
盲窓	(めくらまど)
盲従	(もうじゅう)
盲打ち	(めくらうち)
盲導犬	(もうどうけん)
盲点	(もうてん)
盲動	(もうどう,ぼうどう)
盲断	(もうだん)
盲管銃創	(もうかんじゅうそう)
盲貫銃創	(もうかんじゅうそう)
盲亀	(もうき)
盲撃ち	(めくらうち)
盲進	(もうしん)
盲暦	(めくらごよみ)
盲買い	(めくらがい)
盲滅法	(めくらめっぽう)
盲目	(もうもく)
盲目的	(もうもくてき)
盲目飛行	(もうもくひこう)
盲判	(めくらばん)
盲人	(もうじん)
盲射	(もうしゃ)
盲探り	(めくらさぐり)
盲想	(もうそう,ぼうそう)
盲信	(もうしん,ぼうしん)
盲学校	(もうがっこう)
盲唖	(もうあ)
盲唖学校	(もうあがっこう)
盲啞	(もうあ)
盲啞学校	(もうあがっこう)
盲執	(もうしゅう)
茫然	(ぼうぜん,もうぜん,ボーゼン)
茫然自失	(ぼうぜんじしつ)
茫洋	(ぼうよう)
厖大	(ぼうだい)
蟒	(うわばみ,ウワバミ)
蟒蛇	(うわばみ,ウワバミ)
蠎	(うわばみ,ウワバミ)
猫	(ねこ,ネコ)
猫かぶり	(ねこかぶり)
猫なで声	(ねこなでごえ)
猫に小判	(ねこにこばん,ネコにこばん)
猫の額のような	(ねこのひたいのような)
猫ばば	(ねこばば,ネコババ)
猫背	(ねこぜ)
猫被	(ねこかぶり)
猫被り	(ねこかぶり)
猫糞	(ねこばば,ネコババ)
猫撫で声	(ねこなでごえ)
猫目石	(ねこめいし)
猫婆	(ねこばば,ネコババ)
猫舌	(ねこじた)
猫眼石	(ねこめいし)
毛	(け)
毛あな	(けあな)
毛ガニ	(けがに)
毛がに	(けがに)
毛抜き	(けぬき)
毛筆	(もうひつ)
毛並	(けなみ)
毛並み	(けなみ)
毛布	(もうふ)
毛虫	(けむし)
毛髪	(もうはつ)
毛革	(けがわ,もうひ)
毛孔	(けあな)
毛糸	(けいと)
毛皮	(けがわ,もうひ)
毛唐	(けとう)
毛頭	(もうとう)
毛嫌い	(けぎらい)
毛蟹	(けがに)
毛穴	(けあな)
毛織り物	(けおりもの)
毛織物	(けおりもの)
矛	(ほこ,とかり)
矛盾	(むじゅん)
矛楯	(むじゅん)
矛先	(ほこさき)
茅	(かや)
茅場	(かやば)
茅舎	(ぼうしゃ)
茅屋	(ぼうおく,かやや)
錨	(いかり)
卯	(う,ぼう)
卯の花	(うのはな,ウノハナ)
卯年	(うさぎどし,うどし)
卯月	(うづき,うつき,うずき)
昴	(すばる,すまる,ぼう)
茂み	(しげみ)
茂る	(しげる)
茂林	(もりん)
冒す	(おかす)
冒とく	(ぼうとく)
冒涜	(ぼうとく)
冒瀆	(ぼうとく)
冒讀	(ぼうとく)
冒頭	(ぼうとう)
冒険	(ぼうけん)
冒険小説	(ぼうけんしょうせつ)
冒険者	(ぼうけんしゃ)
耄ける	(ボケる,ぼける)
耄れる	(ほれる)
耄碌	(もうろく)
帽章	(ぼうしょう)
帽子	(ぼうし,ボウシ)
貿易	(ぼうえき)
貿易法	(ぼうえきほう)
貿易港	(ぼうえきこう)
貿易会社	(ぼうえきがいしゃ)
貿易品	(ぼうえきひん)
貿易収支	(ぼうえきしゅうし)
貿易業	(ぼうえきぎょう)
貌	(かたち)
沒落	(ぼつらく)
没	(ぼつ)
没後	(ぼつご)
没交渉	(ぼっこうしょう,ぼつこうしょう)
没落	(ぼつらく)
没年	(ぼつねん)
没入	(ぼつにゅう)
没収	(ぼっしゅう)
没書	(ぼっしょ)
没頭	(ぼっとう)
没我的	(ぼつがてき)
苺	(いちご,イチゴ)
枚	(まい)
枚挙	(まいきょ)
枚数	(まいすう)
栂指	(ぼし)
眉	(まゆ,まみえ)
眉つばもの	(まゆつばもの)
眉尖刀	(なぎなた)
眉間	(みけん)
眉尻	(まゆじり)
眉毛	(まゆげ)
眉墨	(まゆずみ)
眉目	(びもく)
眉唾もの	(まゆつばもの)
眉唾物	(まゆつばもの)
眉雪	(びせつ)
眉宇	(びう)
莓	(いちご,イチゴ)
梅	(うめ,むめ,ウメ)
梅毒	(ばいどく)
梅干	(うめぼし)
梅干し	(うめぼし)
梅花	(ばいか)
梅見	(うめみ)
梅酒	(うめしゅ)
梅林	(ばいりん)
梅雨	(つゆ,ばいう)
梅雨期	(ばいうき)
梅雨晴れ	(つゆばれ)
梅雨入り	(つゆいり,にゅうばい,ついり)
媒	(なかだち)
媒介	(ばいかい)
媒介物	(ばいかいぶつ)
媒鳥	(おとり,オトリ)
媒染剤	(ばいせんざい)
媒人	(なこうど,ちゅうにん)
媒妁	(ばいしゃく)
媒妁人	(ばいしゃくにん)
媒体	(ばいたい)
媒体終端	(ばいたいしゅうたん)
媒質	(ばいしつ)
媒酌	(ばいしゃく)
媒酌人	(ばいしゃくにん)
楳	(うめ,むめ,ウメ)
煤	(すす,スス)
煤ける	(すすける)
煤烟	(ばいえん)
煤煙	(ばいえん)
黴	(カビ,かび)
黴臭い	(かびくさい,カビくさい)
黴毒	(ばいどく)
黴菌	(ばいきん,バイキン)
黴雨	(つゆ,ばいう)
毎	(ごと)
毎に	(ごとに)
毎朝	(まいあさ,まいちょう)
毎度	(まいど)
毎回	(まいかい)
毎々	(まいまい)
毎毎	(まいまい)
毎秒	(まいびょう)
毎年	(まいとし,まいねん)
毎日	(まいにち)
毎時	(まいじ)
毎晩	(まいばん)
毎月	(まいつき,まいげつ)
毎週	(まいしゅう)
美	(び)
美しい	(うつくしい)
美醜	(びしゅう)
美辞麗句	(びじれいく)
美大	(びだい)
美徳	(びとく)
美的	(びてき)
美的嫌悪	(びてきけんお)
美点	(びてん)
美風	(びふう)
美港	(びこう)
美観	(びかん)
美化	(びか)
美空	(みそら)
美貌	(びぼう)
美名	(びめい)
美男	(びなん,びだん)
美男子	(びだんし,びなんし)
美女	(びじょ)
美人	(びじん)
美人局	(つつもたせ,びじんきょく)
美容	(びよう)
美容師	(びようし)
美容体操	(びようたいそう)
美容院	(びよういん)
美容整形	(びようせいけい)
美少年	(びしょうねん)
美少女	(びしょうじょ)
美事	(みごと)
美術	(びじゅつ)
美術大学	(びじゅつだいがく)
美術館	(びじゅつかん)
美術品	(びじゅつひん)
美術学校	(びじゅつがっこう)
美味	(びみ)
美味い	(うまい)
美味しい	(おいしい,オイシイ)
美学	(びがく)
美姫	(びき)
美粧院	(びしょういん)
躾	(しつけ)
躾け	(しつけ)
躾ける	(しつける)
躾け方	(しつけかた)
躾る	(しつける)
躾方	(しつけかた)
妹	(いもうと)
妹さん	(いもうとさん)
寐る	(ねる)
寐坊	(ねぼう)
媚	(こび)
媚かしい	(なまめかしい)
媚び	(こび)
媚びる	(こびる)
媚る	(こびる)
媚態	(びたい)
媚薬	(びやく)
魅かれる	(ひかれる)
魅す	(ばかす)
魅惑	(みわく)
魅了	(みりょう)
魅力	(みりょく)
魅力的	(みりょくてき)
門	(もん)
門歯	(もんし)
門地	(もんち)
門弟	(もんてい)
門閥	(もんばつ)
門番	(もんばん)
門扉	(もんぴ)
門戸	(もんこ)
門口	(かどぐち)
門松	(かどまつ)
門徒	(もんと)
門外不出	(もんがいふしゅつ)
門外漢	(もんがいかん)
門下生	(もんかせい)
門限	(もんげん)
悶える	(もだえる)
悶々	(もんもん)
悶悶	(もんもん)
悶死	(もんし)
悶着	(もんちゃく,もんぢゃく)
虻	(あぶ,あむ,アブ)
萌え出る	(もえでる)
萌え木	(もえぎ)
萌し	(きざし)
萌す	(きざす)
萌む	(めぐむ)
萌やし	(もやし,モヤシ)
萌黄色	(もえぎいろ)
萌木	(もえぎ)
萌木色	(もえぎいろ)
萌芽	(ほうが)
蒙る	(こうむる)
蒙古	(もうこ)
蒙昧	(もうまい)
盟う	(ちかう)
盟友	(めいゆう)
盟約	(めいやく)
盟主	(めいしゅ)
儚い	(はかない)
蝱	(あぶ,あむ,アブ)
濛々	(もうもう)
濛濛	(もうもう)
檬果	(マンゴー,マンゴ)
曚昧	(もうまい)
朦朧	(もうろう)
朦々	(もうもう)
朦朦	(もうもう)
矇昧	(もうまい)
艨艟	(もうどう)
猛きん	(もうきん)
猛し	(たけし)
猛打	(もうだ)
猛打者	(もうだしゃ)
猛毒	(もうどく)
猛攻	(もうこう)
猛攻撃	(もうこうげき)
猛虎	(もうこ)
猛烈	(もうれつ)
猛々しい	(たけだけしい)
猛猛しい	(たけだけしい)
猛鳥	(もうちょう)
猛禽	(もうきん)
猛犬	(もうけん)
猛獣	(もうじゅう)
猛暑	(もうしょ)
猛威	(もうい)
猛者	(もさ,もうざ)
夢	(ゆめ)
夢にも	(ゆめにも)
夢みる	(ゆめみる)
夢を見る	(ゆめをみる)
夢幻	(むげん,ゆめまぼろし)
夢見る	(ゆめみる)
夢精	(むせい)
夢想	(むそう)
夢想家	(むそうか)
夢心地	(ゆめごこち)
夢遊病	(むゆうびょう)
夢中	(むちゅう)
夣	(ゆめ)
弥次	(やじ,ヤジ)
弥次る	(やじる,ヤジる)
弥縫	(びほう)
弥久	(びきゅう)
弥々	(いよいよ)
弥撒	(ミサ)
弥生	(やよい,いやおい)
弥生時代	(やよいじだい)
迷いこむ	(まよいこむ)
迷い込む	(まよいこむ)
迷い子	(まよいご)
迷う	(まよう)
迷わす	(まよわす)
迷彩	(めいさい)
迷児	(まいご)
迷宮	(めいきゅう)
迷惑	(めいわく)
迷路	(めいろ)
迷夢	(めいむ)
迷妄	(めいもう)
迷信	(めいしん)
迷子	(まいご)
謎	(なぞ)
謎々	(なぞなぞ)
謎謎	(なぞなぞ)
糜爛	(びらん,ビラン)
糜爛剤	(びらんざい,ビランざい)
糜爛性	(びらんせい)
靡かす	(なびかす)
靡かせる	(なびかせる)
靡く	(なびく)
米	(こめ,コメ)
米ソ	(べいソ)
米ドル	(べいドル)
米苞	(こめだわら)
米俵	(こめだわら)
米東部時間	(べいとうぶじかん)
米飯	(べいはん)
米粉	(こめこ,べいふん)
米穀	(べいこく)
米国	(べいこく)
米国民	(べいこくみん)
米国人	(べいこくじん)
米海兵隊	(べいかいへいたい)
米海軍	(べいかいぐん)
米航空宇宙局	(べいこうくううちゅうきょく)
米話	(べいわ)
米軍	(べいぐん)
米空軍	(べいくうぐん)
米粒	(こめつぶ)
米陸軍	(べいりくぐん)
米麦	(べいばく)
米上院	(べいじょういん)
米価	(べいか)
米俗	(べいぞく)
米突	(メートル)
米屋	(こめや)
米議会	(べいぎかい)
米印	(こめじるし)
米語	(べいご)
米作	(べいさく)
弭	(はず)
糸	(いと)
糸ミミズ	(イトミミズ,いとみみず)
糸みみず	(イトミミズ,いとみみず)
糸車	(いとぐるま)
糸電話	(いとでんわ)
糸瓜	(へちま,ヘチマ)
糸口	(いとぐち)
糸切り歯	(いときりば)
糸切歯	(いときりば)
糸蚯蚓	(イトミミズ,いとみみず)
糸爪	(へちま,ヘチマ)
糸竹	(しちく)
泌尿器	(ひにょうき,ひつにょうき)
泌尿器科	(ひにょうきか)
秘けつ	(ひけつ)
秘めごと	(ひめごと)
秘める	(ひめる)
秘め事	(ひめごと)
秘奥	(ひおう)
秘宝	(ひほう)
秘蔵	(ひぞう,ひそう)
秘法	(ひほう)
秘話	(ひわ)
秘結	(ひけつ)
秘境	(ひきょう)
秘決	(ひけつ)
秘訣	(ひけつ)
秘露	(ペルー)
秘密	(ひみつ)
秘密投票	(ひみつとうひょう)
秘匿	(ひとく)
秘書	(ひしょ)
秘書室	(ひしょしつ)
秘術	(ひじゅつ)
秘湯	(ひとう)
秘薬	(ひやく)
秘儀	(ひぎ)
秘伝	(ひでん)
秘中	(ひちゅう)
密閉	(みっぺい)
密度	(みつど)
密封	(みっぷう)
密告	(みっこく)
密航	(みっこう)
密会	(みっかい)
密集	(みっしゅう)
密教	(みっきょう)
密接	(みっせつ)
密猟	(みつりょう)
密猟者	(みつりょうしゃ)
密令	(みつれい)
密売	(みつばい)
密売品	(みつばいひん)
密入国	(みつにゅうこく,みつにゅうごく)
密室	(みっしつ)
密輸	(みつゆ)
密通	(みっつう)
密着	(みっちゃく)
蜜蜂	(ミツバチ,みつばち)
蜜柑	(みかん,ミカン)
蜜柑畑	(みかんばたけ)
蜜接	(みっせつ)
冪	(べき)
冪乗	(べきじょう)
羃	(べき)
芇	(じご,ジゴ)
眠い	(ねむい)
眠け	(ねむけ)
眠たい	(ねむたい,ねぶたい)
眠り	(ねむり,ねぶり)
眠り薬	(ねむりぐすり)
眠る	(ねむる,ねぶる)
眠気	(ねむけ)
棉	(わた,ワタ)
綿	(わた,ワタ)
綿あめ	(わたあめ)
綿布	(めんぷ)
綿津見	(かいじん,かいしん,わたつみ)
綿密	(めんみつ)
綿羊	(めんよう)
綿飴	(わたあめ)
綿織物	(めんおりもの)
免	(めん)
免じて	(めんじて)
免じる	(めんじる)
免ずる	(めんずる)
免れる	(まぬがれる,まぬかれる)
免除	(めんじょ)
免黜	(めんちゅつ)
免官	(めんかん)
免許	(めんきょ)
免許皆伝	(めんきょかいでん)
免許証	(めんきょしょう)
免許状	(めんきょじょう)
免囚	(めんしゅう)
免税	(めんぜい)
免税表	(めんぜいひょう)
免税品	(めんぜいひん)
免訴	(めんそ)
免役	(めんえき)
免疫	(めんえき)
免疫性	(めんえきせい)
免疫血清	(めんえきけっせい)
免責	(めんせき)
免責条項	(めんせきじょうこう)
免職	(めんしょく)
免状	(めんじょう)
免租	(めんそ)
免租地	(めんそち)
免罪	(めんざい)
免罪符	(めんざいふ)
勉めて	(つとめて)
勉める	(つとめる)
勉励	(べんれい)
勉強	(べんきょう)
勉強家	(べんきょうか)
勉強中	(べんきょうちゅう)
勉学	(べんがく)
冕	(べん)
冕冠	(べんかん)
緬羊	(めんよう)
面	(めん)
面くらう	(めんくらう)
面する	(めんする)
面白	(おもしろ)
面白い	(おもしろい)
面白み	(おもしろみ)
面白味	(おもしろみ)
面喰い	(めんくい)
面喰う	(めんくらう)
面喰らう	(めんくらう)
面従腹背	(めんじゅうふくはい)
面倒	(めんどう)
面倒くさい	(めんどくさい,めんどうくさい,メンドくさい)
面倒臭い	(めんどくさい,めんどうくさい,メンドくさい)
面画	(めんが)
面会	(めんかい)
面積	(めんせき)
面接	(めんせつ)
面々	(めんめん)
面面	(めんめん)
面目	(めんぼく,めんもく,めいぼく)
面皰	(にきび,ニキビ)
面前	(めんぜん)
面食い	(めんくい)
面食らう	(めんくらう)
面相	(めんそう)
面相筆	(めんそうふで)
面影	(おもかげ)
面汚し	(つらよごし)
面子	(メンツ)
麪	(めん)
麪棒	(めんぼう)
麪類	(めんるい)
麺	(めん)
麺棒	(めんぼう)
麺類	(めんるい)
麵	(めん)
麵類	(めんるい)
苗	(なえ)
苗床	(なえどこ)
苗代	(なわしろ,なえしろ)
苗木	(なえぎ)
苗字	(みょうじ)
描きだす	(えがきだす)
描きなぐる	(かきなぐる)
描き出す	(えがきだす)
描き分ける	(かきわける)
描き殴る	(かきなぐる)
描き文字	(かきもじ)
描き写す	(かきうつす)
描く	(えがく,かく)
描出	(びょうしゅつ)
描画	(びょうが)
描写	(びょうしゃ)
描写す	(かきうつす)
描寫	(びょうしゃ)
杪	(こずえ)
秒	(びょう)
秒読み	(びょうよみ)
秒速	(びょうそく)
秒針	(びょうしん)
妙	(みょう)
妙案	(みょうあん)
妙技	(みょうぎ)
妙手	(みょうしゅ)
妙味	(みょうみ)
妙薬	(みょうやく)
滅す	(ほろぼす)
滅びる	(ほろびる)
滅ぼす	(ほろぼす)
滅茶苦茶	(めちゃくちゃ,メチャクチャ,めっちゃくちゃ)
滅茶滅茶	(めちゃめちゃ,メチャメチャ)
滅多	(めった)
滅多にない	(めったにない)
滅多に無い	(めったにない)
滅法	(めっぽう)
滅金	(メッキ,めっき)
滅裂	(めつれつ)
滅却	(めっきゃく)
滅入る	(めいる)
滅亡	(めつぼう)
蔑む	(さげすむ)
蔑ろ	(ないがしろ)
蔑ろにする	(ないがしろにする)
蔑視	(べっし)
民	(たみ)
民本主義	(みんぽんしゅぎ)
民兵	(みんぺい)
民草	(たみくさ,たみぐさ)
民徳	(みんとく)
民度	(みんど)
民法	(みんぽう)
民風	(みんぷう)
民福	(みんぷく)
民国	(みんこく)
民戸	(みんこ)
民話	(みんわ)
民家	(みんか)
民間	(みんかん)
民間飛行	(みんかんひこう)
民間航空機	(みんかんこうくうき)
民間人	(みんかんじん)
民力	(みんりょく)
民利	(みんり)
民論	(みんろん)
民情	(みんじょう)
民権	(みんけん)
民人	(みんじん)
民生	(みんせい)
民生委員	(みんせいいいん)
民事	(みんじ)
民事裁判	(みんじさいばん)
民事的	(みんじてき)
民事上	(みんじじょう)
民事事件	(みんじじけん)
民事訴訟	(みんじそしょう)
民数記	(みんすうき)
民俗	(みんぞく)
民俗学	(みんぞくがく)
民宿	(みんしゅく)
民譚集	(みんだんしゅう)
民団	(みんだん)
民望	(みんぼう)
民心	(みんしん)
民需	(みんじゅ)
民需品	(みんじゅひん)
民選	(みんせん)
民謡	(みんよう)
民業	(みんぎょう)
民意	(みんい)
民営	(みんえい)
民営化	(みんえいか)
民営化企業	(みんえいかきぎょう)
民有	(みんゆう)
民約説	(みんやくせつ)
民芸	(みんげい)
民芸品	(みんげいひん)
民政	(みんせい)
民政長官	(みんせいちょうかん)
民衆	(みんしゅう)
民衆的	(みんしゅうてき)
民衆駅	(みんしゅうえき)
民主	(みんしゅ)
民主党	(みんしゅとう)
民主党全国委員会	(みんしゅとうぜんこくいいんかい)
民主的	(みんしゅてき)
民主国	(みんしゅこく)
民主化	(みんしゅか)
民主化運動	(みんしゅかうんどう)
民主活動家	(みんしゅかつどうか)
民主政体	(みんしゅせいたい)
民主政治	(みんしゅせいじ)
民主主義	(みんしゅしゅぎ)
民族	(みんぞく)
民族大虐殺	(みんぞくだいぎゃくさつ)
民族的	(みんぞくてき)
民族精神	(みんぞくせいしん)
民族史	(みんぞくし)
民族学	(みんぞくがく)
民族学者	(みんぞくがくしゃ)
民族意識	(みんぞくいしき)
民族主義	(みんぞくしゅぎ)
民族自決	(みんぞくじけつ)
民族宗教	(みんぞくしゅうきょう)
罠	(わな)
皿	(さら)
皿ばかり	(さらばかり)
皿秤	(さらばかり)
皿洗い	(さらあらい)
皿洗い機	(さらあらいき)
敏しょう	(びんしょう)
敏感	(びんかん)
敏活	(びんかつ)
敏捷	(びんしょう)
敏速	(びんそく)
敏腕	(びんわん)
黽勉	(びんべん)
愍れみ	(あわれみ)
愍れむ	(あわれむ)
憫れ	(あわれ,あはれ)
憫れみ	(あわれみ)
憫れむ	(あわれむ)
名	(な)
名づける	(なづける)
名づけ親	(なづけおや)
名のり	(なのり)
名のる	(なのる)
名まえ	(なまえ)
名もない	(なもない)
名も無い	(なもない)
名案	(めいあん)
名簿	(めいぼ)
名残	(なごり)
名残り	(なごり)
名残り惜しい	(なごりおしい)
名残惜しい	(なごりおしい)
名茶	(めいちゃ)
名産	(めいさん)
名称	(めいしょう)
名乗り	(なのり)
名乗り出る	(なのりでる)
名乗る	(なのる)
名詞	(めいし,なことば)
名刺	(めいし)
名答	(めいとう)
名付ける	(なづける)
名付け親	(なづけおや)
名付親	(なづけおや)
名高い	(なだかい)
名告り	(なのり)
名告る	(なのる)
名工	(めいこう)
名画	(めいが)
名家	(めいか)
名鑑	(めいかん)
名匠	(めいしょう)
名酒	(めいしゅ)
名門	(めいもん)
名木	(めいぼく)
名目	(めいもく,みょうもく)
名盤	(めいばん)
名前	(なまえ)
名前をはせる	(なまえをはせる)
名前を馳せる	(なまえをはせる)
名前空間	(なまえくうかん)
名曲	(めいきょく)
名人	(めいじん)
名声	(めいせい)
名実	(めいじつ)
名士	(めいし)
名手	(めいしゅ)
名所	(めいしょ)
名湯	(めいとう)
名文	(めいぶん)
名物	(めいぶつ)
名香	(めいこう)
名言	(めいげん)
名医	(めいい)
名儀	(めいぎ)
名義	(めいぎ)
名義で	(めいぎで)
名誉	(めいよ)
名誉除隊	(めいよじょたい)
名誉教授	(めいよきょうじゅ)
名誉市民	(めいよしみん)
名誉心	(めいよしん)
名誉職	(めいよしょく)
名札	(なふだ)
名折れ	(なおれ)
名著	(めいちょ)
名状	(めいじょう)
名字	(みょうじ)
名作	(めいさく)
明い	(あかるい)
明かす	(あかす)
明かり	(あかり)
明かり採り	(あかりとり)
明かり取り	(あかりとり)
明かり障子	(あかりしょうじ)
明かん	(あかん,アカン,あかーん)
明き	(あき)
明き巣	(あきす)
明き地	(あきち)
明く	(あく)
明くる	(あくる)
明くる日	(あくるひ)
明けがた	(あけがた)
明けましておめでとうございます	(あけましておめでとうございます)
明けましておめでとう御座います	(あけましておめでとうございます)
明けましてお目出度うございます	(あけましておめでとうございます)
明けまして御目出度う御座います	(あけましておめでとうございます)
明ける	(あける)
明け渡す	(あけわたす)
明け方	(あけがた)
明け放す	(あけはなす)
明け放つ	(あけはなつ)
明せき	(めいせき)
明らか	(あきらか)
明らかにする	(あきらかにする)
明らかになる	(あきらかになる)
明らむ	(あからむ)
明りとり	(あかりとり)
明りょう	(めいりょう)
明り取り	(あかりとり)
明るい	(あかるい)
明るさ	(あかるさ)
明暗	(めいあん)
明白	(あからさま)
明察	(めいさつ)
明朝	(みょうちょう,みょうあさ)
明澄	(めいちょう)
明赤色	(めいせきしょく)
明度	(めいど)
明渡す	(あけわたす)
明方	(あけがた)
明後日	(あさって,みょうごにち)
明記	(めいき)
明解	(めいかい)
明快	(めいかい)
明朗	(めいろう)
明了	(めいりょう)
明亮	(めいりょう)
明瞭	(めいりょう)
明瞭度	(めいりょうど)
明敏	(めいびん)
明々	(あかあか)
明明	(あかあか)
明々後日	(しあさって,みょうみょうごにち)
明明後日	(しあさって,みょうみょうごにち)
明確	(めいかく)
明日	(あした,あす,みょうにち)
明日葉	(あしたば,あしたぐさ,アシタバ)
明示	(めいじ)
明示的	(めいじてき)
明晩	(みょうばん)
明文	(めいぶん)
明晳	(めいせき)
明晰	(めいせき)
明細	(めいさい)
明細書	(めいさいしょ)
明星	(みょうじょう)
明言	(めいげん)
明治時代	(めいじじだい)
明治維新	(めいじいしん)
茗荷	(みょうが,ミョウガ)
冥い	(くらい)
冥闇	(めいあん)
冥暗	(めいあん)
冥罰	(みょうばつ,めいばつ)
冥福	(めいふく,みょうふく)
冥府	(めいふ)
冥界	(めいかい)
冥境	(めいきょう)
冥利	(みょうり)
冥々	(めいめい)
冥冥	(めいめい)
冥途	(めいど)
冥土	(めいど)
冥王星	(めいおうせい)
冥想	(めいそう)
榠樝	(かりん,カリン)
鳴き声	(なきごえ)
鳴く	(なく)
鳴らす	(ならす)
鳴りひびく	(なりひびく)
鳴り渡る	(なりわたる)
鳴り響く	(なりひびく)
鳴る	(なる)
鳴動	(めいどう)
鳴家	(やなり)
鳴門巻	(なるとまき)
鳴門巻き	(なるとまき)
鳴声	(なきごえ)
鳴蜩	(あぶらぜみ,アブラゼミ)
鳴屋	(やなり)
鳴響く	(なりひびく)
鳴咽	(おえつ)
銘柄	(めいがら)
銘茶	(めいちゃ)
銘記	(めいき)
銘酒	(めいしゅ)
銘々	(めいめい)
銘名	(めいめい)
銘銘	(めいめい)
銘木	(めいぼく)
銘作	(めいさく)
瞑る	(つぶる,つむる)
瞑々	(めいめい)
瞑瞑	(めいめい)
瞑想	(めいそう)
螟虫	(ずいむし,めいちゅう)
螟蛾	(めいが,メイガ)
酩酊	(めいてい)
命	(みこと)
命がけ	(いのちがけ)
命からがら	(いのちからがら)
命しらず	(いのちしらず)
命じる	(めいじる)
命じ終わる	(めいじおわる)
命ずる	(めいずる)
命とり	(いのちとり)
命の綱	(いのちのつな)
命綱	(いのちづな)
命根	(めいこん)
命掛け	(いのちがけ)
命令	(めいれい)
命令法	(めいれいほう)
命令書	(めいれいしょ)
命令文	(めいれいぶん)
命令形	(めいれいけい)
命令一下	(めいれいいっか)
命脈	(めいみゃく)
命名	(めいめい)
命冥加	(いのちみょうが)
命取り	(いのちとり)
命日	(めいにち)
命拾い	(いのちびろい)
命数	(めいすう)
命題	(めいだい)
命辛々	(いのちからがら)
命辛辛	(いのちからがら)
命懸け	(いのちがけ)
命運	(めいうん)
命知らず	(いのちしらず)
命中	(めいちゅう)
命中数	(めいちゅうすう)
命中弾	(めいちゅうだん)
謬	(あやまり)
謬り	(あやまり)
謬る	(あやまる)
謬見	(びゅうけん)
謬論	(びゅうろん)
謬説	(びゅうせつ)
摸倣	(もほう)
摸擬	(もぎ)
摸索	(もさく)
摸写	(もしゃ)
摸造	(もぞう)
模る	(かたどる)
模範	(もはん)
模倣	(もほう)
模倣者	(もほうしゃ)
模擬	(もぎ)
模擬試験	(もぎしけん)
模索	(もさく)
模写	(もしゃ)
模型	(もけい)
模様	(もよう)
模造	(もぞう)
膜	(まく)
魹	(とど,トド)
摩り寄る	(すりよる)
摩り枯らし	(すりからし)
摩り切る	(すりきる)
摩り切れる	(すりきれる)
摩り替える	(すりかえる)
摩り込む	(すりこむ)
摩る	(する)
摩れる	(すれる)
摩れ合う	(すれあう,こすれあう)
摩れ摩れ	(すれすれ,スレスレ)
摩擦	(まさつ)
摩擦音	(まさつおん)
摩耗	(まもう)
摩訶不思議	(まかふしぎ)
摩利支	(まりし)
摩利支天	(まりしてん)
摩洛哥	(モロッコ)
摩滅	(まめつ)
摩損	(まそん)
摩天楼	(まてんろう)
磨き粉	(みがきこ)
磨き砂	(みがきずな)
磨き上げる	(みがきあげる)
磨ぎ汁	(とぎしる,とぎじる)
磨き紙	(みがきがみ)
磨く	(みがく)
磨ぐ	(とぐ)
磨りガラス	(すりガラス)
磨り崩す	(すりくずす)
磨り出す	(すりだす)
磨り減らす	(すりへらす)
磨り潰す	(すりつぶす)
磨り砕く	(すりくだく)
磨り消す	(すりけす)
磨り硝子	(すりガラス)
磨る	(する)
磨れる	(すれる)
磨耗	(まもう)
磨滅	(まめつ)
磨石	(とぎいし)
磨損	(まそん)
磨硝子	(すりガラス)
磨研紙	(まけんし)
魔よけ	(まよけ)
魔除け	(まよけ)
魔導	(まどう)
魔道	(まどう)
魔法	(まほう)
魔法つかい	(まほうつかい)
魔法びん	(まほうびん,マホービン)
魔法的	(まほうてき)
魔法瓶	(まほうびん,マホービン)
魔法遣い	(まほうつかい)
魔法使	(まほうつかい)
魔法使い	(まほうつかい)
魔風	(まかぜ,まふう)
魔街	(まがい)
魔界	(まかい)
魔境	(まきょう)
魔窟	(まくつ)
魔力	(まりょく)
魔魅	(まみ)
魔女	(まじょ)
魔球	(まきゅう)
魔神	(まじん,ましん)
魔手	(ましゅ)
魔術	(まじゅつ)
魔術師	(まじゅつし)
魔弾	(まだん)
魔王	(まおう)
魔物	(まもの)
魔性	(ましょう)
抹茶	(まっちゃ)
抹殺	(まっさつ)
抹香	(まっこう)
抹消	(まっしょう)
抹消登録証明書	(まっしょうとうろくしょうめいしょ)
麿	(まろ)
末	(うれ)
末えい	(まつえい,ばつえい)
末つ方	(すえつかた)
末っ子	(すえっこ)
末に	(すえに)
末の末	(すえのすえ)
末の世	(すえのよ)
末輩	(まっぱい)
末筆ながら	(まっぴつながら)
末筆乍ら	(まっぴつながら)
末茶	(まっちゃ)
末成	(うらなり)
末成り	(うらなり)
末代	(まつだい)
末弟	(ばってい,まってい)
末端	(まったん)
末法	(まっぽう)
末法思想	(まっぽうしそう)
末広	(すえひろ)
末広がり	(すえひろがり)
末技	(まつぎ)
末節	(まっせつ)
末恐ろしい	(すえおそろしい)
末枯れ	(うらがれ)
末頼もしい	(すえたのもしい)
末僚	(ばつりょう)
末流	(ばつりゅう,まつりゅう)
末路	(まつろ,ばつろ)
末々	(すえずえ)
末末	(すえずえ)
末男	(まつなん,ばつなん)
末年	(まつねん)
末女	(まつじょ)
末派	(まっぱ)
末期	(まっき)
末日	(まつじつ)
末若い	(うらわかい)
末梢	(まっしょう)
末梢的	(まっしょうてき)
末梢神経	(まっしょうしんけい)
末社	(まっしゃ)
末生	(すえなり)
末生り	(うらなり)
末始終	(すえしじゅう)
末世	(まっせ,まっせい)
末寺	(まつじ)
末尾	(まつび)
末席	(まっせき,ばっせき)
末席を汚す	(まっせきをけがす,ばっせきをけがす)
末香	(まっこう)
末項	(まっこう)
末行	(まぎょう)
末葉	(まつよう,ばつよう)
末裔	(まつえい,ばつえい)
末座	(まつざ)
歿	(ぼつ)
歿後	(ぼつご)
歿年	(ぼつねん)
沫	(あわ,あぶく)
沫雪	(あわゆき)
陌	(ひゃく,はく)
莫	(まな)
莫れ	(なかれ)
莫大	(ばくだい)
莫大小	(メリヤス,メリアス)
莫迦	(ばか,バカ)
莫迦々々しい	(ばかばかしい,バカバカしい)
莫迦莫迦しい	(ばかばかしい,バカバカしい)
莫迦者	(ばかもの,ばかもん)
莫斯科	(モスクワ)
漠然	(ばくぜん)
靺鞨	(まっかつ,まつかつ)
黙とう	(もくとう)
黙りこくる	(だまりこくる)
黙りこむ	(だまりこむ)
黙り込む	(だまりこむ)
黙る	(だまる)
黙従	(もくじゅう)
黙祷	(もくとう)
黙禱	(もくとう)
黙読	(もくどく)
黙否	(もくひ)
黙否権	(もくひけん)
黙劇	(もくげき)
黙考	(もっこう)
黙礼	(もくれい)
黙秘	(もくひ)
黙秘権	(もくひけん)
黙々	(もくもく)
黙黙	(もくもく)
黙認	(もくにん)
黙殺	(もくさつ)
黙示	(もくし)
黙示録	(もくしろく)
黙坐	(もくざ)
黙座	(もくざ)
墨	(すみ)
墨つき	(すみつき)
墨つぼ	(すみつぼ)
墨池	(ぼくち)
墨堤	(ぼくてい)
墨付き	(すみつき)
墨付け	(すみつけ)
墨痕	(ぼっこん)
墨壷	(すみつぼ)
墨壺	(すみつぼ)
墨画	(ぼくが)
墨絵	(すみえ)
墨客	(ぼっかく,ぼっきゃく)
墨糸	(すみいと)
墨描き	(すみがき)
墨染	(すみぞめ)
墨染め	(すみぞめ)
墨染めの衣	(すみぞめのころも)
墨染め衣	(すみぞめごろも)
墨色	(すみいろ)
墨縄	(すみなわ)
墨繩	(すみなわ)
墨守	(ぼくしゅ)
墨書	(ぼくしょ)
墨書き	(すみがき)
墨西哥	(メキシコ)
墨消し	(すみけし)
墨刑	(ぼっけい,ぼくけい)
墨汁	(ぼくじゅう)
驀っしぐら	(まっしぐら)
驀ら	(まっしぐら)
驀地	(まっしぐら)
驀進	(ばくしん)
眸	(ひとみ)
眸子	(ぼうし)
鉾	(ほこ,とかり)
鉾先	(ほこさき)
謀	(はかりごと)
謀らずも	(はからずも)
謀る	(はかる)
謀臣	(ぼうしん)
謀反	(むほん,ぼうはん)
謀略	(ぼうりゃく)
謀叛	(むほん,ぼうはん)
謀殺	(ぼうさつ)
謀議	(ぼうぎ)
某	(なにがし,なにぼう)
某国	(ぼうこく)
某々	(ぼうぼう)
某某	(ぼうぼう)
某日	(ぼうじつ)
某氏	(ぼうし)
某所	(ぼうしょ)
嘸	(さぞ)
母	(はは)
母さん	(かあさん,かかさん)
母の日	(ははのひ)
母斑	(ぼはん)
母船	(ぼせん)
母方	(ははかた)
母港	(ぼこう)
母国	(ぼこく)
母国語	(ぼこくご)
母集団	(ぼしゅうだん)
母家	(おもや)
母娘丼	(おやこどん,おやこどんぶり)
母親	(ははおや)
母乳	(ぼにゅう)
母上	(ははうえ)
母胎	(ぼたい)
母堂	(ぼどう)
母体	(ぼたい)
母屋	(おもや)
母細胞	(ぼさいぼう)
母校	(ぼこう)
母形	(ぼけい)
母型	(ぼけい)
母性	(ぼせい)
母性愛	(ぼせいあい)
母音	(ぼいん,ぼおん)
母印	(ぼいん)
母語	(ぼご)
母指	(ぼし)
母子	(ぼし,ははこ,おやこ)
牡	(おす,おん,オス)
牡丹	(ぼたん,ぼうたん,ボタン)
牡丹餅	(ぼたもち)
牡鶏	(おんどり,オンドリ)
牡蛎	(かき,ぼれい,カキ)
牡蠣	(かき,ぼれい,カキ)
牡牛	(おうし)
牡牛座	(おうしざ)
牡羊	(おひつじ)
牡羊座	(おひつじざ)
拇印	(ぼいん)
拇指	(ぼし)
畝	(うね)
畝り	(うねり)
畝る	(うねる)
畝溝	(うねみぞ)
畝間	(うねま)
畝立て	(うねたて,うねだて)
木	(き)
木いちご	(きいちご,キイチゴ)
木くず	(きくず)
木こり	(きこり,しょうふ)
木っ端微塵	(こっぱみじん)
木のぼり	(きのぼり)
木のみ	(きのみ,このみ)
木の実	(きのみ,このみ)
木の芽	(きのめ,このめ)
木の葉	(このは,きのは)
木版画	(もくはんが)
木材	(もくざい)
木場	(きば)
木登り	(きのぼり)
木彫	(もくちょう)
木彫り	(きぼり)
木端微塵	(こっぱみじん)
木工場	(もっこうじょう)
木瓜	(ぼけ,ボケ,ぼっか)
木管	(もっかん)
木管楽器	(もっかんがっき)
木戸	(きど)
木戸御免	(きどごめん)
木剣	(ぼっけん,ぼくけん,もくけん)
木枯	(こがらし)
木枯し	(こがらし)
木枯らし	(こがらし)
木立	(こだち,きだち)
木立ち	(こだち,きだち)
木漏れ日	(こもれび)
木漏れ陽	(こもれび)
木馬	(もくば)
木苺	(きいちご,キイチゴ)
木莓	(きいちご,キイチゴ)
木棉	(もめん,きわた)
木綿	(もめん,きわた)
木々	(きぎ)
木木	(きぎ)
木目	(きめ,きり)
木乃伊	(ミイラ)
木訥	(ぼくとつ)
木片	(もくへん)
木樵	(きこり,しょうふ)
木切れ	(きぎれ)
木琴	(もっきん)
木石	(ぼくせき)
木鼠	(きねずみ)
木炭	(もくたん,きずみ)
木天蓼	(またたび,マタタビ)
木菟	(ミミズク,みみずく,みみづく)
木箱	(きばこ)
木洩れ日	(こもれび)
木洩れ陽	(こもれび)
木屑	(きくず)
木星	(もくせい)
木曜	(もくよう)
木曜日	(もくようび)
木葉微塵	(こっぱみじん)
木陰	(こかげ)
木蔭	(こかげ)
木造	(もくぞう)
木製	(もくせい)
木製品	(もくせいひん)
目	(め)
目あて	(めあて)
目かくし	(めかくし)
目がける	(めがける)
目がテンになる	(めがてんになる)
目がない	(めがない)
目がまわる	(めがまわる)
目から火が出る	(めからひがでる)
目が点になる	(めがてんになる)
目が回る	(めがまわる)
目が無い	(めがない)
目ざす	(めざす)
目ざとい	(めざとい)
目ざまし	(めざまし)
目ざましい	(めざましい)
目ざめる	(めざめる)
目ざわり	(めざわり)
目じり	(めじり)
目じるし	(めじるし)
目だつ	(めだつ)
目つき	(めつき)
目にあう	(めにあう)
目にあまる	(めにあまる)
目につく	(めにつく)
目にとまる	(めにとまる)
目に付く	(めにつく)
目に会う	(めにあう)
目に留まる	(めにとまる)
目に余る	(めにあまる)
目に遭う	(めにあう)
目に止まる	(めにとまる)
目の当たり	(まのあたり)
目の当り	(まのあたり)
目の辺り	(まのあたり)
目ぼし	(めぼし)
目まい	(めまい)
目まぐるしい	(めまぐるしい)
目ヤニ	(めやに)
目やに	(めやに)
目をさます	(めをさます)
目をつぶる	(めをつぶる,めをつむる)
目をつむる	(めをつぶる,めをつむる)
目をとおす	(めをとおす)
目をとめる	(めをとめる)
目をはなす	(めをはなす)
目をやる	(めをやる)
目を放す	(めをはなす)
目を伏せる	(めをふせる)
目を覚ます	(めをさます)
目を離す	(めをはなす)
目を留める	(めをとめる)
目を瞑る	(めをつぶる,めをつむる)
目を遣る	(めをやる)
目を三角にして怒る	(めをさんかくにしておこる)
目を三角にする	(めをさんかくにする)
目を通す	(めをとおす)
目を真ん円にする	(めをまんまるにする)
目を止める	(めをとめる)
目安	(めやす)
目抜き通り	(めぬきどおり)
目白	(めじろ,メジロ)
目白押し	(めじろおし)
目鼻	(めはな)
目鼻がつく	(めはながつく)
目鼻が付く	(めはながつく)
目標	(めじるし)
目標管理	(もくひょうかんり)
目撥	(メバチ,めばち)
目測	(もくそく)
目茶苦茶	(めちゃくちゃ,メチャクチャ,めっちゃくちゃ)
目茶目茶	(めちゃめちゃ,メチャメチャ)
目差	(まなざし)
目差し	(まなざし)
目差す	(めざす)
目出度い	(めでたい)
目処	(めど,もくと,メド)
目次	(もくじ)
目聡い	(めざとい)
目当	(めあて)
目当て	(めあて)
目的	(もくてき)
目的地	(もくてきち)
目的語	(もくてきご)
目方	(めかた)
目紛しい	(めまぐるしい)
目付き	(めつき)
目蓋	(まぶた)
目高	(めだか,メダカ)
目掛ける	(めがける)
目撃	(もくげき)
目撃者	(もくげきしゃ)
目近	(まぢか,まじか)
目覚し	(めざまし)
目覚しい	(めざましい)
目覚し時計	(めざましどけい)
目覚まし	(めざまし)
目覚ましい	(めざましい)
目覚まし時計	(めざましどけい)
目覚める	(めざめる)
目尻	(めじり)
目立つ	(めだつ)
目利安	(メリヤス,メリアス)
目録	(もくろく)
目論み	(もくろみ)
目論む	(もくろむ)
目論見	(もくろみ)
目敏い	(めざとい)
目前	(もくぜん)
目上	(めうえ)
目深	(まぶか,めぶか)
目盛	(めもり)
目盛り	(めもり)
目戍る	(みまもる)
目途	(めど,もくと,メド)
目下	(もっか)
目先	(めさき)
目新しい	(めあたらしい)
目星	(めぼし)
目醒しい	(めざましい)
目醒める	(めざめる)
目眩	(めまい)
目眩い	(めまい)
目薬	(めぐすり)
目医者	(めいしゃ)
目移り	(めうつり)
目隠し	(めかくし)
目印	(めじるし)
目玉	(めだま)
目玉焼	(めだまやき)
目玉焼き	(めだまやき)
目障り	(めざわり)
目脂	(めやに)
目指	(めざし)
目指し	(めざし)
目指す	(めざす)
凩	(こがらし)
沐浴	(もくよく)
牧草	(ぼくそう)
牧草地	(ぼくそうち)
牧場	(ぼくじょう,まきば)
牧場鳥	(まきばどり,マキバドリ)
牧畜	(ぼくちく)
牧畜業	(ぼくちくぎょう)
牧人	(ぼくじん,まきびと)
牧師	(ぼくし)
牧童	(ぼくどう)
牧羊	(ぼくよう)
牧羊者	(ぼくようしゃ)
牧野	(ぼくや)
募る	(つのる)
募集	(ぼしゅう)
募金	(ぼきん)
募債	(ぼさい)
墓	(はか)
墓じるし	(ぼひょう,はかじるし)
墓碑	(ぼひ)
墓碑銘	(ぼひめい)
墓標	(ぼひょう,はかじるし)
墓表	(ぼひょう,はかじるし)
墓参	(はかまいり,ぼさん)
墓参り	(はかまいり,ぼさん)
墓地	(ぼち,はかち)
墓石	(ぼせき,はかいし)
墓穴	(ぼけつ,はかあな)
墓穴を掘る	(ぼけつをほる)
墓誌	(ぼし)
幕	(まく)
幕あい	(まくあい,まくま)
幕府	(ばくふ)
幕合	(まくあい,まくま)
幕間	(まくあい,まくま)
幕開け	(まくあけ)
幕僚	(ばくりょう)
幕僚長	(ばくりょうちょう)
幕明け	(まくあけ)
幕末	(ばくまつ)
幕内	(まくうち)
幕切れ	(まくぎれ)
幕営	(ばくえい)
睦まじい	(むつまじい)
睦言	(むつごと)
睦月	(むつき)
慕う	(したう)
慕情	(ぼじょう)
暮	(くれ)
暮し	(くらし,ぐらし)
暮す	(くらす)
暮らし	(くらし,ぐらし)
暮らす	(くらす)
暮れ	(くれ)
暮れる	(くれる)
暮春	(ぼしゅん)
暮色	(ぼしょく)
拏捕	(だほ)
拿捕	(だほ)
雫	(しずく)
那辺	(なへん)
那落	(ならく)
納まる	(おさまる)
納める	(おさめる)
納得	(なっとく)
納豆	(なっとう)
納付	(のうふ)
納棺	(のうかん)
納会	(のうかい)
納品	(のうひん)
納期	(のうき)
納入	(のうにゅう)
納税	(のうぜい)
納屋	(なや)
捺く	(つく)
捺す	(おす)
捺落	(ならく)
捺染	(なっせん,なせん,おしぞめ)
捺印	(なついん)
乃	(の)
乃ち	(すなわち,つなわち)
乃父	(だいふ)
乃至	(ないし)
奈辺	(なへん)
奈何	(いかん)
奈良時代	(ならじだい)
奈良県	(ならけん)
奈良縣	(ならけん)
奈良漬	(ならづけ)
奈良漬け	(ならづけ)
奈落	(ならく)
奈落迦	(ならく)
耐えしのぶ	(たえしのぶ)
耐える	(たえる)
耐え忍ぶ	(たえしのぶ)
耐乏生活	(たいぼうせいかつ)
耐火	(たいか)
耐兼ねる	(たえかねる)
耐久	(たいきゅう)
耐熱	(たいねつ)
耐震	(たいしん)
耐震性	(たいしんせい)
男	(おとこ,おっこ)
男っぽい	(おとこっぽい)
男のコ	(おとこのこ)
男の人	(おとこのひと)
男の子	(おとこのこ)
男まえ	(おとこまえ,オトコマエ)
男らしい	(おとこらしい)
男便所	(おとこべんじょ)
男娼	(だんしょう)
男風呂	(おとこぶろ)
男根	(だんこん)
男爵	(だんしゃく)
男女	(だんじょ,なんにょ)
男女同権	(だんじょどうけん)
男気	(おとこぎ,きょうき)
男泣	(おとこなき)
男泣き	(おとこなき)
男前	(おとこまえ,オトコマエ)
男親	(おとこおや)
男色	(だんしょく,なんしょく)
男滝	(おだき)
男性	(だんせい)
男性用	(だんせいよう)
男優	(だんゆう)
男装	(だんそう)
男子	(だんし)
男子高	(だんしこう)
男子用	(だんしよう)
男尊女卑	(だんそんじょひ)
南	(みなみ)
南アジア	(みなみアジア)
南アフリカ	(みなみアフリカ)
南ア戦争	(なんあせんそう,なんアせんそう)
南がわ	(みなみがわ)
南クリル	(みなみクリル)
南シナ海	(みなみシナかい,みなみしなかい)
南阿戦争	(なんあせんそう,なんアせんそう)
南岸	(なんがん)
南岸沿いに	(なんがんぞいに)
南半	(なんはん,なんぱん)
南半球	(みなみはんきゅう)
南北	(なんぼく)
南北朝	(なんぼくちょう)
南北戦争	(なんぼくせんそう)
南氷洋	(なんひょうよう,なんぴょうよう)
南部	(なんぶ)
南側	(みなみがわ)
南朝	(なんちょう)
南船北馬	(なんせんほくば)
南東	(なんとう,みなみひがし)
南都	(なんと)
南端	(なんたん)
南方	(なんぽう)
南方産	(なんぽうさん)
南風	(なんぷう,みなみかぜ,はえ)
南仏	(なんふつ)
南瓜	(かぼちゃ,ぼうぶら,なんか)
南光	(なんこう)
南国	(なんごく)
南海	(なんかい)
南航	(なんこう)
南回帰線	(みなみかいきせん)
南極	(なんきょく)
南極大陸	(なんきょくたいりく)
南極帯	(なんきょくたい)
南極光	(なんきょくこう)
南極海	(なんきょくかい)
南極圏	(なんきょくけん)
南極星	(なんきょくせい)
南極洋	(なんきょくよう)
南寄り	(なんより,みなみより)
南郊	(なんこう)
南進	(なんしん)
南京	(ナンキン)
南京虫	(ナンキンむし,ナンキンムシ)
南京袋	(ナンキンぶくろ)
南京町	(ナンキンまち)
南京錠	(ナンキンじょう)
南京豆	(ナンキンまめ,ナンキンマメ)
南京花火	(ナンキンはなび)
南京米	(ナンキンまい)
南京木綿	(ナンキンもめん)
南京繻子	(ナンキンじゅす)
南京焼き	(ナンキンやき)
南京玉	(ナンキンだま)
南口	(みなみぐち)
南蛮	(なんばん)
南蛮船	(なんばんせん)
南蛮人	(なんばんじん)
南満	(なんまん)
南門	(なんもん)
南米	(なんべい)
南面	(なんめん)
南溟	(なんめい)
南々東	(なんなんとう)
南々西	(なんなんせい)
南南東	(なんなんとう)
南南西	(なんなんせい)
南欧	(なんおう)
南山	(なんざん)
南山の寿	(なんざんのじゅ)
南十字星	(みなみじゅうじせい)
南宋	(なんそう)
南太平洋	(みなみたいへいよう)
南緯	(なんい)
南無	(なむ,なも)
南無阿弥陀仏	(なむあみだぶつ,なもあみだぶつ)
南無阿弥陀佛	(なむあみだぶつ,なもあみだぶつ)
南無阿弥陀彿	(なむあみだぶつ,なもあみだぶつ)
南無妙法蓮華経	(なむみょうほうれんげきょう)
南西	(なんせい,みなみにし)
南下	(なんか)
南向き	(みなみむき)
南行	(なんこう)
南洋	(なんよう)
南洋諸島	(なんようしょとう)
南隅	(なんぐう)
南征北伐	(なんせいほくばつ)
南支	(なんし)
南支那海	(みなみシナかい,みなみしなかい)
南中	(なんちゅう)
遖	(あっぱれ)
楠	(くすのき,くす,クスノキ)
難	(なん)
難い	(かたい)
難がある	(なんがある)
難しい	(むずかしい,むつかしい,むづかしい)
難しさ	(むずかしさ)
難病	(なんびょう)
難波	(なにわ)
難波船	(なんぱせん)
難波節	(なにわぶし)
難産	(なんざん)
難船	(なんせん)
難点	(なんてん)
難読	(なんどく)
難攻不落	(なんこうふらく)
難関	(なんかん)
難航	(なんこう)
難詰	(なんきつ)
難解	(なんかい)
難局	(なんきょく)
難民	(なんみん)
難民帰還	(なんみんきかん)
難癖	(なんくせ)
難破	(なんぱ)
難破船	(なんぱせん)
難色	(なんしょく)
難渋	(なんじゅう)
難所	(なんしょ)
難題	(なんだい)
難聴	(なんちょう)
難問	(なんもん)
難物	(なんぶつ)
難行	(なんぎょう)
難儀	(なんぎ)
難易	(なんい)
難易度	(なんいど)
赧らむ	(あからむ)
赧らめる	(あからめる)
嚢	(ふくろ)
蠰	(カミキリムシ,かみきりむし)
曩に	(さきに)
呶鳴り付ける	(どなりつける)
呶鳴り立てる	(どなりたてる)
呶鳴る	(どなる)
撓垂れる	(しなだれる)
撓垂れ掛かる	(しなだれかかる)
悩ましい	(なやましい)
悩ます	(なやます)
悩み	(なやみ)
悩む	(なやむ)
悩殺	(のうさつ)
脳	(のう)
脳ある鷹は爪を隠す	(のうあるたかはつめをかくす)
脳いっ血	(のういっけつ)
脳こうそく	(のうこうそく)
脳ミソ	(のうみそ)
脳みそ	(のうみそ)
脳みそを絞る	(のうみそをしぼる)
脳波	(のうは)
脳出血	(のうしゅっけつ)
脳巓	(のうてん)
脳梗塞	(のうこうそく)
脳裡	(のうり)
脳裏	(のうり)
脳貧血	(のうひんけつ)
脳珊瑚	(のうさんご)
脳死	(のうし)
脳髄	(のうずい)
脳天	(のうてん)
脳味噌	(のうみそ)
脳味噌を絞る	(のうみそをしぼる)
脳細胞	(のうさいぼう)
脳下垂体	(のうかすいたい)
脳性	(のうせい)
脳炎	(のうえん)
脳溢血	(のういっけつ)
脳硬塞	(のうこうそく)
脳卒中	(のうそっちゅう)
嫐る	(なぶる)
臑	(すね,はぎ)
臑当て	(すねあて)
訥弁	(とつべん)
內容	(ないよう)
内	(うち)
内かぶと	(うちかぶと)
内がわ	(うちがわ,ないそく)
内のり	(うちのり)
内また	(うちまた)
内ワニ	(うちわに)
内奥	(ないおう)
内包	(ないほう)
内宝	(ないほう)
内報	(ないほう)
内壁	(ないへき)
内弁慶	(うちべんけい)
内部	(ないぶ)
内部的	(ないぶてき)
内部闘争	(ないぶとうそう)
内部生活	(ないぶせいかつ)
内部仕様	(ないぶしよう)
内倉	(うちぐら)
内蔵	(ないぞう)
内側	(うちがわ,ないそく)
内層	(ないそう)
内挿	(ないそう)
内池	(うちいけ)
内出血	(ないしゅっけつ)
内達	(ないたつ)
内大臣	(ないだいじん,うちのおとど,うちのおおまえつぎみ)
内貸し	(うちがし)
内地	(ないち)
内地米	(ないちまい)
内地人	(ないちじん)
内的	(ないてき)
内的生活	(ないてきせいかつ)
内弟子	(うちでし)
内典	(ないてん)
内殿	(ないでん)
内定	(ないてい)
内兜	(うちかぶと)
内渡し	(うちわたし)
内鰐	(うちわに)
内耳	(ないじ)
内耳炎	(ないじえん)
内法	(うちのり)
内反脚	(ないはんきゃく)
内払い	(うちばらい)
内方	(ないほう)
内分	(ないぶん)
内分泌	(ないぶんぴつ,ないぶんぴ)
内分泌腺	(ないぶんぴつせん,ないぶんぴせん)
内紛	(ないふん)
内服	(ないふく)
内服薬	(ないふくやく)
内福	(ないふく)
内港	(ないこう)
内割引	(うちわりびき)
内閣	(ないかく)
内閣閣僚	(ないかくかくりょう)
内閣官房長官	(ないかくかんぼうちょうかん)
内閣総理大臣	(ないかくそうりだいじん)
内攻	(ないこう)
内宮	(ないくう,ないぐう)
内股	(うちまた)
内股に	(うちまたに)
内股膏薬	(うちまたこうやく,うちまたごうやく)
内掛	(うちがけ)
内掛け	(うちがけ)
内観	(ないかん)
内規	(ないき)
内国	(ないこく)
内国産	(ないこくさん)
内海	(ないかい,うちうみ)
内含	(ないがん)
内航	(ないこう)
内壕	(うちぼり)
内濠	(うちぼり)
内訌	(ないこう)
内踝	(うちくるぶし)
内懐	(うちぶところ)
内患	(ないかん)
内火艇	(ないかてい)
内惑星	(ないわくせい)
内積	(ないせき)
内済	(ないさい)
内寄り合い	(うちよりあい)
内寄合い	(うちよりあい)
内検	(ないけん)
内交渉	(うちこうしょう,ないこうしょう)
内角	(ないかく)
内接	(ないせつ)
内界	(ないかい)
内借り	(うちがり)
内金	(うちきん)
内径	(ないけい)
内圧	(ないあつ)
内局	(ないきょく)
内勘定	(うちかんじょう)
内科	(ないか)
内科医	(ないかい)
内堀	(うちぼり)
内覧	(ないらん)
内裏	(だいり)
内裏びな	(だいりびな)
内裏雛	(だいりびな)
内力	(ないりょく)
内陸	(ないりく)
内陸国	(ないりくこく)
内陸霧	(ないりくむ)
内乱	(ないらん)
内輪	(うちわ)
内輪ゲンカ	(うちわげんか)
内輪げんか	(うちわげんか)
内輪もめ	(うちわもめ)
内輪揉め	(うちわもめ)
内輪同志	(うちわどうし)
内輪喧嘩	(うちわげんか)
内蒙	(ないもう)
内密	(ないみつ)
内密に	(ないみつに)
内面	(ないめん)
内面的	(ないめんてき)
内命	(ないめい)
内膜	(ないまく)
内幕	(うちまく,ないまく)
内幕話	(うちまくばなし)
内々	(うちうち,ないない)
内内	(うちうち,ないない)
内諾	(ないだく)
内妻	(ないさい)
内気	(うちき)
内腔	(ないこう,ないくう)
内切	(ないせつ)
内勤	(ないきん)
内情	(ないじょう)
内親王	(ないしんのう)
内曲球	(ないきょっきゅう)
内燃機関	(ないねんきかん)
内容	(ないよう)
内容見本	(ないようみほん)
内容物	(ないようぶつ)
内容証明	(ないようしょうめい)
内沙汰	(うちざた)
内傷	(ないしょう)
内申	(ないしん)
内申書	(ないしんしょ)
内省	(ないせい)
内実	(ないじつ)
内示	(ないじ,ないし)
内事	(ないじ)
内侍	(ないし,ないじ)
内室	(ないしつ)
内所	(ないしょ,ないしょう)
内談	(ないだん)
内探	(ないたん)
内湯	(うちゆ)
内帑	(ないど)
内帑金	(ないどきん)
内廷	(ないてい)
内庭	(うちにわ,ないてい)
内通	(ないつう)
内通者	(ないつうしゃ)
内外	(ないがい,うちそと)
内外人	(ないがいじん)
内外野	(ないがいや)
内聞	(ないぶん)
内務	(ないむ)
内務大臣	(ないむだいじん)
内務省	(ないむしょう)
内鮮人	(ないせんじん)
内線	(ないせん)
内相	(ないしょう)
内向	(ないこう)
内向性	(ないこうせい)
内斜視	(ないしゃし)
内心	(ないしん)
内需	(ないじゅ)
内需型	(ないじゅがた)
内需主導型	(ないじゅしゅどうがた)
内緒	(ないしょ,ないしょう)
内緒話	(ないしょばなし)
内玄関	(うちげんかん,ないげんかん)
内訓	(ないくん)
内炎	(ないえん)
内宴	(ないえん)
内焔	(ないえん)
内野	(ないや)
内野手	(ないやしゅ)
内野席	(ないやせき)
内謁	(ないえつ)
内衣嚢	(うちかくし)
内儀	(ないぎ,おかみ)
内訳	(うちわけ)
内意	(ないい)
内義	(ないぎ,おかみ)
内藝者	(うちげいしゃ)
内議	(ないぎ)
内因	(ないいん)
内隠し	(うちかくし)
内応	(ないおう)
内用	(ないよう)
内用薬	(ないようやく)
内憂	(ないゆう)
内憂外患	(ないゆうがいかん)
内遊星	(ないゆうせい)
内縁	(ないえん)
内苑	(ないえん)
内約	(ないやく)
内閲	(ないえつ)
内芸者	(うちげいしゃ)
内在	(ないざい)
内在的	(ないざいてき)
内在性	(ないざいせい)
内臓	(ないぞう)
内造り	(うちづくり)
内債	(ないさい)
内戦	(ないせん)
内張り	(うちばり)
内偵	(ないてい)
内診	(ないしん)
内争	(ないそう)
内政	(ないせい)
内政干渉	(ないせいかんしょう)
内証	(ないしょ,ないしょう)
内証話	(ないしょばなし)
内職	(ないしょく)
内旨	(ないし)
内治	(ないち,ないじ)
内冑	(うちかぶと)
内助	(ないじょ)
内住	(ないじゅう)
内祝	(うちいわい)
内祝い	(うちいわい)
内祝言	(ないしゅうげん)
内装	(ないそう)
内状	(ないじょう)
内奏	(ないそう)
嫩	(ふたば)
嫩葉	(わかば,どんよう)
能	(のう)
能ある鷹は爪を隠す	(のうあるたかはつめをかくす)
能く	(よく)
能なし	(のうなし)
能筆	(のうひつ)
能弁	(のうべん)
能弁家	(のうべんか)
能辯	(のうべん)
能動	(のうどう)
能動的	(のうどうてき)
能動免疫	(のうどうめんえき)
能動態	(のうどうたい)
能狂言	(のうきょうげん)
能力	(のうりょく)
能吏	(のうり)
能率	(のうりつ)
能率的	(のうりつてき)
能率給	(のうりつきゅう)
能率賃金	(のうりつちんぎん)
能面	(のうめん)
能事	(のうじ)
能書	(のうしょ)
能書き	(のうがき)
能文	(のうぶん)
能文家	(のうぶんか)
能無し	(のうなし)
能舞台	(のうぶたい)
能役者	(のうやくしゃ)
能有る鷹は爪を隠す	(のうあるたかはつめをかくす)
能楽	(のうがく)
能楽堂	(のうがくどう)
尼	(あま,アマ)
尼加拉瓦	(ニカラグア,ニカラグァ)
尼羅	(ナイル)
尼僧	(にそう)
尼寺	(あまでら)
泥	(どろ)
泥のように寝る	(どろのようにねる)
泥の様に寝る	(どろのようにねる)
泥はね	(どろはね)
泥レス	(どろレス,ドロレス)
泥をかぶる	(どろをかぶる)
泥を被る	(どろをかぶる)
泥んこ	(どろんこ)
泥棒	(どろぼう,ドロボー,どろぼー)
泥坊	(どろぼう,ドロボー,どろぼー)
泥々	(どろどろ,ドロドロ)
泥泥	(どろどろ,ドロドロ)
泥濘	(ぬかるみ)
泥鰌	(どじょう,どんじょう,どんじょ)
泥水	(どろみず,でいすい)
泥炭	(でいたん,すくも)
泥跳ね	(どろはね)
泥土	(でいど)
泥沼	(どろぬま,ドロぬま,でいしょう)
泥状	(でいじょう)
泥酔	(でいすい)
籾	(もみ)
猊鼻渓	(げいびけい)
猊下	(げいか)
霓	(にじ)
鯢	(サンショウウオ,さんしょううお)
擬い	(まがい)
擬える	(なぞらえる,なずらえる)
擬宝珠	(ぎぼし,ぎぼうし,ぎぼうしゅ)
擬革	(ぎかく)
擬革紙	(ぎかくし)
擬古	(ぎこ)
擬古文	(ぎこぶん)
擬人	(ぎじん)
擬人化	(ぎじんか)
擬声語	(ぎせいご)
擬似	(ぎじ)
擬勢	(ぎせい)
擬死	(ぎし)
擬態語	(ぎたいご)
擬薬	(ぎやく)
擬音	(ぎおん)
擬制	(ぎせい)
擬製	(ぎせい)
擬装	(ぎそう)
昵懇	(じっこん,じゅこん,じゅっこん)
逆	(ぎゃく)
逆さ	(さかさ)
逆さま	(さかさま)
逆さま事	(さかさまごと)
逆しま	(さかしま)
逆なで	(さかなで)
逆に	(ぎゃくに)
逆らう	(さからう)
逆比	(はんぴ,ぎゃくひ)
逆点	(ぎゃくてん)
逆児	(さかご)
逆風	(ぎゃくふう)
逆撫で	(さかなで)
逆恨み	(さかうらみ)
逆接	(ぎゃくせつ)
逆境	(ぎゃっきょう)
逆立	(さかだち)
逆立ち	(さかだち)
逆立つ	(さかだつ)
逆鱗	(げきりん)
逆流	(ぎゃくりゅう)
逆茂木	(さかもぎ)
逆噴射	(ぎゃくふんしゃ)
逆三角形	(ぎゃくさんかくけい,ぎゃくさんかっけい)
逆上	(ぎゃくじょう)
逆上せる	(のぼせる)
逆上る	(さかのぼる)
逆輸入	(ぎゃくゆにゅう)
逆数	(ぎゃくすう)
逆説	(ぎゃくせつ)
逆算	(ぎゃくさん)
逆探知	(ぎゃくたんち)
逆提案	(ぎゃくていあん)
逆戻り	(ぎゃくもどり)
逆襲	(ぎゃくしゅう)
逆効果	(ぎゃくこうか,ぎゃっこうか)
逆行	(ぎゃっこう,ぎゃくこう)
逆行列	(ぎゃくぎょうれつ)
逆様	(さかさま)
逆様事	(さかさまごと)
逆用	(ぎゃくよう)
逆転	(ぎゃくてん)
逆子	(さかご)
匿	(とく)
匿う	(かくまう)
匿す	(かくす)
匿まう	(かくまう)
匿れる	(かくれる)
匿名	(とくめい)
匿名性	(とくめいせい)
睨みあう	(にらみあう)
睨みあわせる	(にらみあわせる)
睨みつける	(にらみつける)
睨み付ける	(にらみつける)
睨み合う	(にらみあう)
睨み合せる	(にらみあわせる)
睨み合わせる	(にらみあわせる)
睨む	(にらむ)
溺れる	(おぼれる)
溺れ込む	(おぼれこむ)
溺愛	(できあい)
溺水	(できすい)
溺死	(できし)
膩	(あぶら)
拈くる	(ひねくる)
拈くれる	(ひねくれる)
拈る	(ひねる)
拈出	(ねんしゅつ)
年	(とし)
年おいる	(としおいる)
年がいもない	(としがいもない)
年かさ	(としかさ)
年がら年じゅう	(ねんがらねんじゅう)
年がら年中	(ねんがらねんじゅう)
年が寄る	(としがよる)
年が年	(としがとし)
年が年中	(ねんがねんじゅう)
年ごとに	(としごとに)
年ごろ	(としごろ)
年じゅう	(ねんじゅう,ねんちゅう,ねんぢゅう)
年とる	(としとる)
年の豆	(としのまめ)
年の功	(としのこう)
年の瀬	(としのせ)
年の暮	(としのくれ)
年の暮れ	(としのくれ)
年の市	(としのいち)
年ぶり	(ねんぶり)
年までに	(ねんまでに)
年より	(としより)
年をとる	(としをとる)
年を取る	(としをとる)
年を拾う	(としをひろう)
年を越す	(としをこす)
年百年じゅう	(ねんびゃくねんじゅう)
年百年中	(ねんびゃくねんじゅう)
年棒	(ねんぽう)
年報	(ねんぽう)
年輩	(ねんぱい)
年輩者	(ねんぱいしゃ)
年表	(ねんぴょう)
年別	(ねんべつ)
年柄年中	(ねんがらねんじゅう)
年波	(としなみ)
年差	(ねんさ)
年産	(ねんさん)
年産額	(ねんさんがく)
年長	(ねんちょう)
年長者	(ねんちょうしゃ)
年歯	(としは,ねんし)
年初	(ねんしょ)
年次	(ねんじ)
年次報告	(ねんじほうこく)
年代	(ねんだい)
年代記	(ねんだいき)
年代順	(ねんだいじゅん)
年度	(ねんど)
年端	(としは,ねんし)
年額	(ねんがく)
年分	(ねんぶん)
年俸	(ねんぽう)
年甫	(ねんぽ)
年賦	(ねんぷ)
年改まる	(としあらたまる)
年割り	(ねんわり)
年給	(ねんきゅう)
年功	(ねんこう)
年功加俸	(ねんこうかほう)
年功序列	(ねんこうじょれつ)
年功制度	(ねんこうせいど)
年貢	(ねんぐ)
年貢米	(ねんぐまい)
年掛	(ねんがけ)
年掛け	(ねんがけ)
年号	(ねんごう)
年賀	(ねんが)
年賀葉書	(ねんがはがき)
年賀郵便	(ねんがゆうびん)
年賀状	(ねんがじょう)
年後	(ねんご)
年回	(ねんかい)
年回り	(としまわり)
年会	(ねんかい)
年会費	(ねんかいひ)
年忌	(ねんき)
年季	(ねんき)
年季明け	(ねんきあけ)
年祭	(ねんさい)
年祭り	(としまつり)
年寄	(としより)
年寄り	(としより)
年寄りくさい	(としよりくさい)
年寄りじみた	(としよりじみた)
年寄り臭い	(としよりくさい)
年寄り染みた	(としよりじみた)
年寄り役	(としよりやく)
年寄り子	(としよりご)
年寄る	(としよる)
年甲斐もない	(としがいもない)
年甲斐も無い	(としがいもない)
年間	(ねんかん)
年間収益	(ねんかんしゅうえき)
年鑑	(ねんかん)
年金	(ねんきん)
年久しく	(としひさしく)
年刊	(ねんかん)
年来	(ねんらい)
年老	(としおい)
年老い	(としおい)
年老いる	(としおいる)
年礼	(ねんれい)
年利	(ねんり)
年齢	(ねんれい)
年齢層	(ねんれいそう)
年齢差	(ねんれいさ)
年令	(ねんれい)
年輪	(ねんりん)
年毎に	(としごとに)
年明け	(としあけ)
年明ける	(としあける)
年末	(ねんまつ)
年暮れる	(としくれる)
年男	(としおとこ)
年内	(ねんない)
年内に	(ねんないに)
年々	(ねんねん,としどし)
年々歳々	(ねんねんさいさい)
年年	(ねんねん,としどし)
年年歳歳	(ねんねんさいさい)
年配	(ねんぱい)
年配者	(ねんぱいしゃ)
年譜	(ねんぷ)
年期	(ねんき)
年期明け	(ねんきあけ)
年期者	(ねんきもの)
年強い	(としづよい)
年頃	(としごろ)
年頃日頃	(としごろひごろ)
年取る	(としとる)
年若	(としわか)
年若い	(としわかい)
年弱	(としよわ)
年上	(としうえ)
年少	(ねんしょう)
年少者	(ねんしょうしゃ)
年生	(ねんせい)
年盛り	(としざかり)
年始	(ねんし)
年始状	(ねんしじょう)
年収	(ねんしゅう)
年数	(ねんすう)
年税	(ねんぜい)
年嵩	(としかさ)
年頭	(ねんとう,としがしら)
年忘れ	(としわすれ)
年下	(としした)
年限	(ねんげん)
年益	(ねんえき)
年魚	(あゆ,アユ)
年玉	(としだま)
年月	(としつき,ねんげつ)
年月日	(ねんがっぴ)
年越	(としこし)
年越し	(としこし)
年増	(としま)
年振り	(ねんぶり)
年中	(ねんじゅう,ねんちゅう,ねんぢゅう)
年中失言	(ねんじゅうしつげん)
年中行事	(ねんちゅうぎょうじ,ねんじゅうぎょうじ,ねんぢゅうぎょうじ)
年子	(としご)
年租	(ねんそ)
鮎	(あゆ,アユ)
鮎並	(あいなめ,アイナメ)
鮎並女	(あいなめ,アイナメ)
鮎魚女	(あいなめ,アイナメ)
黏稠	(ねんちゅう)
鯰	(なまず,ナマズ)
鯰髭	(なまずひげ)
捻くり回す	(ひねくりまわす)
捻くる	(ひねくる)
捻くれる	(ひねくれる)
捻じくれる	(ねじくれる)
捻じれる	(ねじれる)
捻じ伏せる	(ねじふせる)
捻じ桔梗	(ねじききょう)
捻じ切る	(ねじきる)
捻じ曲げる	(ねじまげる)
捻じ上げる	(ねじあげる)
捻じ込む	(ねじこむ)
捻り出す	(ひねりだす)
捻り潰す	(ひねりつぶす)
捻る	(ひねる)
捻れる	(ねじれる)
捻出	(ねんしゅつ)
捻挫	(ねんざ)
捻切る	(ねじきる)
捻転	(ねんてん)
捻子	(ネジ,ねじ)
撚る	(ひねる)
碾	(うす)
碾く	(ひく)
廿	(にじゅう,はた)
廿日大根	(はつかだいこん,ハツカダイコン)
廿日鼠	(はつかねずみ,ハツカネズミ)
念	(ねん)
念い	(おもい)
念う	(おもう)
念じる	(ねんじる)
念ずる	(ねんずる)
念のため	(ねんのため)
念の為	(ねんのため)
念仏	(ねんぶつ)
念力	(ねんりき)
念々	(ねんねん)
念念	(ねんねん)
念入り	(ねんいり)
念入れ	(ねんいれ)
念書	(ねんしょ)
念頭	(ねんとう)
念校	(ねんこう)
念写	(ねんしゃ,ねんず)
念押し	(ねんおし)
念願	(ねんがん)
念珠	(ねんじゅ,ねんず)
唸り	(うなり)
唸る	(うなる)
娘	(むすめ,こ)
娘さん	(むすめさん)
娘盛り	(むすめざかり)
娘心	(むすめごころ)
娘婿	(むすめむこ)
嬢	(じょう)
醸しだす	(かもしだす)
醸し出す	(かもしだす)
醸す	(かもす)
醸成	(じょうせい)
醸造	(じょうぞう)
醸造所	(じょうぞうしょ,じょうぞうじょ)
醸造学	(じょうぞうがく)
鳥	(とり,トリ)
鳥渡	(ちょっと,ちょと,チョット)
鳥膚	(とりはだ)
鳥観	(ちょうかん)
鳥肌	(とりはだ)
鳥居	(とりい)
鳥瞰	(ちょうかん)
鳥類	(ちょうるい)
鳥龍茶	(ウーロンちゃ,ウーロンチャ)
鳥取県	(とっとりけん)
鳥取縣	(とっとりけん)
鳥肉	(とりにく,けいにく,ちょうにく)
鳥獣保護区域	(ちょうじゅうほごくいき)
鳥屋	(とりや)
蔦	(つた,ツタ)
嬲る	(なぶる)
尿	(にょう,ゆばり,いばり)
尿道	(にょうどう)
尿管	(にょうかん)
尿素	(にょうそ)
尿酸	(にょうさん)
捏ね	(つくね)
捏ねる	(こねる)
捏造	(ねつぞう,でつぞう)
涅槃	(ねはん)
噛みあう	(かみあう)
噛みくだく	(かみくだく)
噛みこなす	(かみこなす)
噛みしめる	(かみしめる)
噛みつく	(かみつく)
噛み締める	(かみしめる)
噛み分ける	(かみわける)
噛み付く	(かみつく)
噛み合う	(かみあう)
噛み合せる	(かみあわせる)
噛み合わせる	(かみあわせる)
噛み切る	(かみきる)
噛み殺す	(かみころす)
噛み熟す	(かみこなす)
噛み砕く	(かみくだく)
噛む	(かむ)
噛り付く	(かぶりつく,かじりつく)
噛締める	(かみしめる)
噛分ける	(かみわける)
噛付く	(かみつく)
噛合う	(かみあう)
噛殺す	(かみころす)
噛熟す	(かみこなす)
噛砕く	(かみくだく)
嚙む	(かむ)
齧り付く	(かぶりつく,かじりつく)
齧り散らす	(かじりちらす)
齧歯類	(げっしるい)
囁く	(ささやく)
糵	(もやし,モヤシ)
鑷	(けぬき)
顳	(こめかみ,コメカミ)
顳かみ	(こめかみ,コメカミ)
顳顬	(こめかみ,コメカミ)
苧	(あさ,お)
苧殻	(おがら)
寧	(むしろ)
寧ろ	(むしろ)
寧楽時代	(ならじだい)
凝	(しこり,こり)
凝った	(こった)
凝らす	(こごらす)
凝らせる	(こごらせる)
凝り	(しこり,こり)
凝り固まる	(こりかたまる)
凝り性	(こりしょう)
凝る	(こる)
凝固	(ぎょうこ)
凝固まり	(こりかたまり)
凝固まる	(こりかたまる)
凝固点	(ぎょうこてん)
凝乎と	(じっと,じーっと,じーと)
凝集	(ぎょうしゅう)
凝集力	(ぎょうしゅうりょく)
凝結	(ぎょうけつ)
凝聚	(ぎょうしゅう)
凝塊	(ぎょうかい)
凝立	(ぎょうりつ)
凝念	(ぎょうねん)
凝然として	(ぎょうぜんとして)
凝乳	(ぎょうにゅう)
凝視	(ぎょうし)
凝視める	(みつめる)
凝縮	(ぎょうしゅく)
凝望	(ぎょうぼう)
凝血	(ぎょうけつ)
凝議	(ぎょうぎ)
凝着	(ぎょうちゃく)
凝着力	(ぎょうちゃくりょく)
凝脂	(ぎょうし)
凝滞	(ぎょうたい)
獰猛	(どうもう,ねいもう)
檸檬	(レモン)
佞	(ねい)
佞弁	(ねいべん)
佞臣	(ねいしん)
佞悪	(ねいあく)
佞奸	(ねいかん)
佞姦	(ねいかん)
佞人	(ねいじん)
佞者	(ねいしゃ)
佞智	(ねいち)
牛	(うし,ぎゅう,ウシ)
牛蒡	(ごぼう,ごんぼ,うまふぶき)
牛歩戦術	(ぎゅうほせんじゅつ)
牛車	(ぎゅうしゃ,ぎっしゃ,うしぐるま)
牛痘	(ぎゅうとう)
牛耳る	(ぎゅうじる)
牛革	(ぎゅうかわ,ぎゅうがわ,ぎゅうひ)
牛角	(ごかく)
牛津	(オックスフォード,オクスフォード)
牛馬	(ぎゅうば)
牛皮	(ぎゅうかわ,ぎゅうがわ,ぎゅうひ)
牛肉	(ぎゅうにく)
牛乳	(ぎゅうにゅう)
牛乳屋	(ぎゅうにゅうや)
牛舎	(ぎゅうしゃ)
牛飼い	(うしかい)
牛尾魚	(こち,コチ)
牛小屋	(うしごや)
牛脂	(ぎゅうし)
忸怩	(じくじ)
紐	(ひも,ヒモ)
紐帯	(ちゅうたい,じゅうたい)
紐付き	(ひもつき,ヒモつき)
紐育	(ニューヨーク,ニュー・ヨーク)
紐約	(ニューヨーク,ニュー・ヨーク)
鈕	(ボタン)
農	(のう)
農産	(のうさん)
農産物	(のうさんぶつ)
農場	(のうじょう)
農村	(のうそん)
農地	(のうち)
農夫	(のうふ)
農耕	(のうこう)
農工	(のうこう)
農家	(のうか)
農林	(のうりん)
農林水産大臣	(のうりんすいさんだいじん)
農民	(のうみん)
農奴	(のうど)
農閑期	(のうかんき)
農協	(のうきょう)
農学	(のうがく)
農薬	(のうやく)
農業	(のうぎょう)
農園	(のうえん)
農作業	(のうさぎょう)
濃い	(こい)
濃やか	(こまやか)
濃淡	(のうたん)
濃淡画像	(のうたんがぞう)
濃度	(のうど)
濃紺	(のうこん)
濃褐色	(のうかっしょく)
濃厚	(のうこう)
濃緑色	(のうりょくしょく)
濃密	(のうみつ)
濃青色	(のうせいしょく)
濃縮	(のうしゅく)
濃霧	(のうむ)
膿	(うみ,のう)
膿み	(うみ,のう)
膿む	(うむ)
膿疱	(のうほう)
膿瘍	(のうよう)
弄する	(ろうする)
弄り	(いじり)
弄りまわす	(いじりまわす)
弄り回す	(いじりまわす)
弄る	(いじる,イジる)
奴	(やっこ)
奴隷	(どれい)
努めて	(つとめて)
努める	(つとめる)
努力	(どりょく)
努力家	(どりょくか)
弩級	(どきゅう,ドきゅう)
怒らす	(おこらす,いからす)
怒り	(いかり)
怒る	(おこる)
怒髪天をつく	(どはつてんをつく)
怒髪天を衝く	(どはつてんをつく)
怒髪天を突く	(どはつてんをつく)
怒号	(どごう)
怒鳴りつける	(どなりつける)
怒鳴り付ける	(どなりつける)
怒鳴り立てる	(どなりたてる)
怒鳴る	(どなる)
怒気	(どき)
暖い	(あたたかい,あったかい,あったけー)
暖かい	(あたたかい,あったかい,あったけー)
暖かい人	(あたたかいひと)
暖かさ	(あたたかさ)
暖まる	(あたたまる,あったまる,ぬくまる)
暖める	(あたためる,あっためる)
暖冬	(だんとう)
暖房	(だんぼう)
暖房機	(だんぼうき)
暖房器	(だんぼうき)
暖簾	(のれん,のうれん,のんれん)
暖流	(だんりゅう)
暖炉	(だんろ)
暖気	(のんき,ノンキ)
暖色	(だんしょく)
虐げる	(しいたげる)
虐め	(いじめ,イジメ)
虐めっ子	(いじめっこ)
虐める	(いじめる,イジメる,イジめる)
虐待	(ぎゃくたい)
虐殺	(ぎゃくさつ)
虐政	(ぎゃくせい)
儺	(な)
搦む	(からむ)
搦め捕る	(からめとる)
搦め手	(からめて,からめで)
搦手	(からめて,からめで)
諾否	(だくひ)
諾威	(ノルウェー)
女	(じょ)
女だてらに	(おんなだてらに)
女たらし	(おんなたらし)
女ねじ	(めねじ,めすねじ,メネジ)
女のコ	(おんなのこ)
女のこ	(おんなのこ)
女の人	(おんなのひと)
女の子	(おんなのこ)
女らしい	(おんならしい)
女便所	(おんなべんじょ)
女垂らし	(おんなたらし)
女蕩し	(おんなたらし)
女帝	(じょてい,にょてい)
女児	(じょじ)
女方	(おんながた,おやま)
女房	(にょうぼう,にょうぼ,にゅうぼう)
女臈	(じょろう,じょろ,じょうろ)
女好き	(おんなずき)
女将	(おかみ,じょしょう,にょしょう)
女狂い	(おんなぐるい)
女誑し	(おんなたらし)
女郎	(じょろう,じょろ,じょうろ)
女郎花	(おみなえし,オミナエシ)
女流	(じょりゅう)
女難	(じょなん)
女々しい	(めめしい)
女女しい	(めめしい)
女親	(おんなおや)
女囚	(じょしゅう)
女権	(じょけん)
女権拡張	(じょけんかくちょう)
女権拡張論者	(じょけんかくちょうろんしゃ)
女権運動	(じょけんうんどう)
女人	(にょにん,じょじん)
女三人よればかしましい	(おんなさんにんよればかしましい)
女三人よれば姦しい	(おんなさんにんよればかしましい)
女三人寄ればかしましい	(おんなさんにんよればかしましい)
女三人寄れば姦しい	(おんなさんにんよればかしましい)
女神	(めがみ)
女生	(じょせい)
女声	(じょせい)
女史	(じょし)
女滝	(めだき)
女湯	(おんなゆ)
女体	(にょたい,じょたい)
女王	(じょおう,じょうおう,にょおう)
女王らしい	(じょおうらしい)
女王陛下	(じょおうへいか)
女形	(おんながた,おやま)
女性	(じょせい,にょしょう)
女性差別	(じょせいさべつ)
女性美	(じょせいび)
女性器	(じょせいき)
女性像	(じょせいぞう)
女性一般	(じょせいいっぱん)
女性用	(じょせいよう)
女学生	(じょがくせい)
女一般	(おんないっぱん)
女医	(じょい)
女優	(じょゆう)
女中	(じょちゅう)
女装	(じょそう)
女子	(じょし)
女子大	(じょしだい)
女子高	(じょしこう)
女子高生	(じょしこうせい,ジョシコーセー)
女尊	(じょそん)
欧風	(おうふう)
欧化	(おうか)
欧露	(おうろ)
欧羅巴	(ヨーロッパ,ヨーロパ,ヨオロッパ)
欧米	(おうべい)
欧米諸国	(おうべいしょこく)
欧文	(おうぶん)
欧亜	(おうあ)
欧州	(おうしゅう)
欧州共同体	(おうしゅうきょうどうたい)
欧州連合	(おうしゅうれんごう)
欧州通貨単位	(おうしゅうつうかたんい)
欧州委員会	(おうしゅういいんかい)
欧州諸国	(おうしゅうしょこく)
欧洲	(おうしゅう)
欧字	(おうじ)
殴りあう	(なぐりあう)
殴りこみ	(なぐりこみ)
殴りころす	(なぐりころす)
殴りたおす	(なぐりたおす)
殴りつける	(なぐりつける)
殴り倒す	(なぐりたおす)
殴り付ける	(なぐりつける)
殴り合い	(なぐりあい)
殴り合う	(なぐりあう)
殴り殺す	(なぐりころす)
殴り込み	(なぐりこみ)
殴る	(なぐる)
殴打	(おうだ)
殴殺	(おうさつ)
鴎	(カモメ,かもめ)
謳いあげる	(うたいあげる)
謳い上げる	(うたいあげる)
謳う	(うたう)
謳われる	(うたわれる)
謳歌	(おうか)
鷗	(カモメ,かもめ)
偶	(たまたま)
偶さか	(たまさか)
偶成	(ぐうせい)
偶発	(ぐうはつ)
偶発的	(ぐうはつてき)
偶感	(ぐうかん)
偶力	(ぐうりょく)
偶々	(たまたま)
偶偶	(たまたま)
偶然	(ぐうぜん)
偶人	(ぐうじん)
偶数	(ぐうすう)
偶像	(ぐうぞう)
偶像崇拝	(ぐうぞうすうはい)
偶像化	(ぐうぞうか)
偶像教	(ぐうぞうきょう)
偶像教徒的	(ぐうぞうきょうとてき)
偶像礼拝	(ぐうぞうれいはい)
偶像破壊	(ぐうぞうはかい)
偶像視	(ぐうぞうし)
偶因	(ぐういん)
偶吟	(ぐうぎん)
偶詠	(ぐうえい)
偶有	(ぐうゆう)
偶語	(ぐうご)
偶作	(ぐうさく)
嘔き気	(はきけ,はきげ)
嘔く	(えずく,えづく)
嘔吐	(へど,ヘド)
嘔吐く	(えずく,えづく)
藕	(はす,はちす,ハス)
爬虫	(はちゅう)
爬虫類	(はちゅうるい)
拍つ	(うつ)
拍車	(はくしゃ)
拍車をかける	(はくしゃをかける)
拍車を掛ける	(はくしゃをかける)
拍手	(はくしゅ)
拍手を打つ	(かしわでをうつ)
拍数	(はくすう)
拍子	(ひょうし)
拍子木	(ひょうしぎ)
俳号	(はいごう)
俳画	(はいが)
俳徊	(はいかい)
俳句	(はいく)
俳名	(はいめい,はいみょう)
俳人	(はいじん)
俳聖	(はいせい)
俳壇	(はいだん)
俳味	(はいみ)
俳文	(はいぶん)
俳諧	(はいかい)
俳諧師	(はいかいし)
俳優	(はいゆう)
俳友	(はいゆう)
排せつ	(はいせつ)
排便	(はいべん)
排斥	(はいせき)
排斥運動	(はいせきうんどう)
排出	(はいしゅつ)
排除	(はいじょ)
排撃	(はいげき)
排列	(はいれつ)
排卵	(はいらん)
排尿	(はいにょう)
排気	(はいき)
排気ガス	(はいきガス)
排気量	(はいきりょう)
排日	(はいにち)
排水	(はいすい)
排水溝	(はいすいこう)
排他	(はいた)
排他的	(はいたてき)
排他律	(はいたりつ)
排泄	(はいせつ)
排液	(はいえき)
徘徊	(はいかい)
徘回	(はいかい)
牌	(パイ)
派	(は)
派出所	(はしゅつじょ,はしゅつしょ)
派閥	(はばつ)
派遣	(はけん)
派生	(はせい)
派生的	(はせいてき)
派生語	(はせいご)
派手	(はで)
萠黄色	(もえぎいろ)
萠芽	(ほうが)
磐	(いわ)
磐石	(ばんじゃく)
盤	(ばん)
盤秤	(さらばかり)
盤根	(ばんこん)
盤谷	(バンコク,バンコック,バンコーク)
盤石	(ばんじゃく)
盤陀	(はんだ,ハンダ)
蹣跚めく	(よろめく)
蟠りなく	(わだかまりなく)
蟠り無く	(わだかまりなく)
判	(はん,ばん)
判じる	(はんじる)
判じ絵	(はんじえ)
判じ物	(はんじもの)
判り	(わかり)
判りにくい	(わかりにくい)
判る	(わかる)
判別	(はんべつ)
判別式	(はんべつしき)
判定	(はんてい)
判定勝ち	(はんていがち)
判読	(はんどく)
判読しがたい	(はんどくしがたい)
判読し難い	(はんどくしがたい)
判断	(はんだん)
判断規準	(はんだんきじゅん)
判断基準	(はんだんきじゅん)
判断力	(はんだんりょく)
判官	(はんがん,ほうがん,じょう)
判官びいき	(ほうがんびいき,はんがんびいき)
判官贔屓	(ほうがんびいき,はんがんびいき)
判検事	(はんけんじ)
判決	(はんけつ)
判例	(はんれい)
判明	(はんめい)
判取り	(はんとり)
判取り帳	(はんとりちょう)
判然	(はんぜん)
判任官	(はんにんかん)
判士	(はんし)
判事	(はんじ)
判者	(はんじゃ)
判子	(はんこ,ハンコ)
叛く	(そむく)
叛する	(はんする)
叛臣	(はんしん)
叛跡	(はんせき)
叛将	(はんしょう)
叛軍	(はんぐん)
叛乱	(はんらん)
叛乱軍	(はんらんぐん)
叛乱者	(はんらんしゃ)
叛逆	(はんぎゃく)
叛旗	(はんき)
叛徒	(はんと)
叛心	(はんしん)
叛意	(はんい)
叛賊	(はんぞく)
畔	(あぜ,くろ)
畔道	(あぜみち)
袢纏	(はんてん)
彷彿	(ほうふつ)
彷徨	(ほうこう)
彷徨う	(さまよう)
彷徨く	(うろつく,ウロつく)
旁	(かたわら)
旁点	(ぼうてん)
旁々	(かたがた)
旁旁	(かたがた)
旁若無人	(ぼうじゃくぶじん)
旁証	(ぼうしょう)
旁註	(ぼうちゅう)
抛り出す	(ほうりだす)
抛り込む	(ほうりこむ,ホウリコむ)
抛る	(ほうる,ほる)
抛棄	(ほうき)
抛物線	(ほうぶつせん)
咆える	(ほえる)
咆吼	(ほうこう)
咆哮	(ほうこう)
庖丁	(ほうちょう)
蚫	(あわび,アワビ)
鞄	(かばん,カバン)
泡	(あわ,あぶく)
泡だつ	(あわだつ)
泡を食う	(あわをくう)
泡立つ	(あわだつ)
泡沫	(うたかた,ほうまつ,うたがた)
泡沫的	(ほうまつてき)
泡盛	(あわもり)
泡雪	(あわゆき)
炮烙	(ほうろく,ほうらく)
砲	(ほう)
砲兵	(ほうへい)
砲火	(ほうか)
砲撃	(ほうげき)
砲艦外交	(ほうかんがいこう)
砲手	(ほうしゅ)
砲弾	(ほうだん)
砲烟	(ほうえん)
砲煙	(ほうえん)
疱瘡	(ほうそう)
疱疹	(ほうしん)
胚乳	(はいにゅう)
胚殊	(はいしゅ)
胚胎	(はいたい)
胚芽	(はいが)
胚珠	(はいしゅ)
胚子	(はいし)
陪審	(ばいしん)
陪審員	(ばいしんいん)
陪食	(ばいしょく)
陪席	(ばいせき)
培う	(つちかう)
培養	(ばいよう)
培養液	(ばいようえき)
賠償	(ばいしょう)
賠償金	(ばいしょうきん)
賠責	(ばいせき)
佩	(はい)
佩く	(はく)
佩びる	(おびる)
佩刀	(はいとう)
佩剣	(はいけん)
佩用	(はいよう)
珮	(はい)
配う	(あしらう)
配る	(くばる)
配備	(はいび)
配布	(はいふ)
配乗	(はいじょう)
配達	(はいたつ,はいだつ)
配当	(はいとう)
配電	(はいでん)
配分	(はいぶん)
配給	(はいきゅう)
配給系	(はいきゅうけい)
配管工	(はいかんこう)
配管工業	(はいかんこうぎょう)
配合	(はいごう)
配列	(はいれつ)
配慮	(はいりょ)
配偶	(はいぐう)
配偶者	(はいぐうしゃ)
配色	(はいしょく)
配属	(はいぞく)
配水	(はいすい)
配送	(はいそう)
配下	(はいか)
配線	(はいせん)
配置	(はいち)
噴き出す	(ふきだす)
噴き出る	(ふきでる)
噴き上げる	(ふきあげる)
噴出	(ふんしゅつ)
噴出る	(ふきでる)
噴火	(ふんか)
噴火孔	(ふんかこう)
噴火口	(ふんかこう)
噴火山	(ふんかざん)
噴射	(ふんしゃ)
噴水	(ふんすい)
噴霧機	(ふんむき)
噴霧器	(ふんむき)
盆	(ぼん)
盆地	(ぼんち)
盆灯籠	(ぼんとうろう,ぼんどうろう)
盆画	(ぼんが)
盆祭り	(ぼんまつり)
盆景	(ぼんけい)
盆暮	(ぼんくれ)
盆暮れ	(ぼんくれ)
盆石	(ぼんせき)
盆踊	(ぼんおどり)
盆踊り	(ぼんおどり)
盆栽	(ぼんさい)
烹る	(にる)
朋	(とも)
朋輩	(ほうばい)
朋党	(ほうとう)
朋友	(ほうゆう)
棚	(たな)
棚ざらし	(たなざらし)
棚幡	(たなばた,しちせき)
棚機	(たなばた,しちせき)
棚晒し	(たなざらし)
棚上げ	(たなあげ)
棚卸	(たなおろし)
棚卸し	(たなおろし)
蓬	(よもぎ,ヨモギ)
硼素	(ホウそ,ほうそ)
硼酸	(ホウさん,ほうさん)
膨よか	(ふくよか)
膨らし粉	(ふくらしこ)
膨らます	(ふくらます)
膨らみ	(ふくらみ)
膨らむ	(ふくらむ)
膨れっ面	(ふくれっつら)
膨れる	(ふくれる)
膨大	(ぼうだい)
膨満	(ぼうまん)
膨張	(ぼうちょう)
膨張度	(ぼうちょうど)
膨張率	(ぼうちょうりつ)
膨脹	(ぼうちょう)
鵬程	(ほうてい)
鵬翼	(ほうよく)
捧げる	(ささげる)
捧呈	(ほうてい)
捧持	(ほうじ)
捧腹	(ほうふく)
捧腹絶倒	(ほうふくぜっとう)
批点	(ひてん)
批難	(ひなん)
批判	(ひはん)
批判的	(ひはんてき)
批評	(ひひょう)
批評家	(ひひょうか)
批評眼	(ひひょうがん)
批准	(ひじゅん)
披見	(ひけん)
披歴	(ひれき)
披瀝	(ひれき)
披露	(ひろう)
披露目	(ひろめ)
披露宴	(ひろうえん)
砒素	(ひそ)
紕う	(まよう)
劈	(へき)
劈く	(つんざく)
劈開	(へきかい)
劈頭	(へきとう)
霹靂	(へきれき)
皮	(かわ)
皮フ	(ひふ)
皮ふ	(ひふ)
皮フ科	(ひふか,ひフか,ヒフか)
皮ふ科	(ひふか,ひフか,ヒフか)
皮をはぐ	(かわをはぐ)
皮を剥ぐ	(かわをはぐ)
皮を剝ぐ	(かわをはぐ)
皮剥	(かわはぎ,カワハギ)
皮剥ぎ	(かわはぎ,カワハギ)
皮剝	(かわはぎ,カワハギ)
皮剝ぎ	(かわはぎ,カワハギ)
皮膚	(ひふ)
皮膚病	(ひふびょう)
皮膚科	(ひふか,ひフか,ヒフか)
皮膚移植	(ひふいしょく)
皮革	(ひかく)
皮切り	(かわきり)
皮肉	(ひにく)
皮下	(ひか)
皮下脂肪	(ひかしぼう)
皮下注射	(ひかちゅうしゃ)
皮相	(ひそう)
皮靴	(かわぐつ)
皮質	(ひしつ)
枇杷	(びわ,ビワ)
疲らす	(つからす)
疲れ	(つかれ)
疲れる	(つかれる)
疲れ果て	(つかれはて)
疲れ果てる	(つかれはてる)
疲弊	(ひへい)
疲労	(ひろう)
疲労こんぱい	(ひろうこんぱい)
疲労困ぱい	(ひろうこんぱい)
疲労困憊	(ひろうこんぱい)
豼貅	(ひきゅう)
琵琶	(びわ)
琵琶行	(びわこう)
脾肉	(ひにく)
脾臓	(ひぞう)
脾臟	(ひぞう)
脾腫	(ひしゅ)
蜱	(ダニ,だに)
貔貅	(ひきゅう)
匹	(ひき,き)
匹儔	(ひっちゅう)
匹敵	(ひってき)
匹夫	(ひっぷ)
匹夫の勇	(ひっぷのゆう)
匹夫匹婦	(ひっぷひっぷ)
匹婦	(ひっぷ)
癖	(くせ,へき,クセ)
癖になる	(くせになる,クセになる)
癖のある	(くせのある)
癖者	(くせもの,クセモノ)
屁と火事はもとから騒ぐ	(へとかじはもとからさわぐ)
屁をひって尻すぼめ	(へをひってしりつぼめ,へをひってしりすぼめ)
屁をひって尻つぼめ	(へをひってしりつぼめ,へをひってしりすぼめ)
屁をひって尻窄め	(へをひってしりつぼめ,へをひってしりすぼめ)
屁理窟	(へりくつ)
屁理屈	(へりくつ)
辟	(へき)
辟易	(へきえき,ヘキエキ)
僻	(ひがみ)
僻み	(ひがみ)
僻み根性	(ひがみこんじょう)
僻み心	(ひがみごころ)
僻む	(ひがむ)
僻村	(へきそん)
僻地	(へきち)
僻見	(へきけん)
僻境	(へききょう)
僻論	(へきろん)
僻目	(ひがめ)
僻事	(ひがごと)
僻書	(へきしょ)
僻説	(へきせつ)
僻言	(へきげん)
僻邑	(へきゆう)
僻隅	(へきぐう)
僻遠	(へきえん)
僻在	(へきざい)
僻陬	(へきすう)
譬え	(たとえ)
譬える	(たとえる)
譬喩	(ひゆ)
偏	(へん)
偏に	(ひとえに)
偏り	(かたより)
偏り見る	(かたよりみる)
偏る	(かたよる)
偏れる	(ふれる)
偏愛	(へんあい)
偏差	(へんさ)
偏辺	(かたほとり)
偏光	(へんこう)
偏好	(へんこう)
偏見	(へんけん)
偏降り	(かたぶり)
偏窟	(へんくつ)
偏狂	(へんきょう)
偏流	(へんりゅう)
偏旁	(へんぼう)
偏癖	(へんぺき)
偏片	(かたはら)
偏平	(へんぺい)
偏平足	(へんぺいそく)
偏頗	(へんぱ)
偏屈	(へんくつ)
偏人	(へんじん)
偏食	(へんしょく)
偏頭痛	(へんずつう,へんとうつう,かたずつう)
偏土	(へんど)
偏物	(へんぶつ)
偏狭	(へんきょう)
偏向	(へんこう)
偏向板	(へんこうばん)
偏向回路	(へんこうかいろ)
偏斜	(へんしゃ)
偏心	(へんしん)
偏芯	(へんしん)
偏性	(へんせい)
偏在	(へんざい)
偏照り	(へんでり)
偏針	(へんしん)
偏執	(へんしゅう,へんしつ)
偏重	(へんちょう,へんじゅう)
篇	(へん)
翩翻	(へんぽん)
翩々	(へんぺん)
翩翩	(へんぺん)
胼胝	(たこ,タコ)
片	(かた)
片かな	(カタカナ,かたかな)
片すみ	(かたすみ)
片づく	(かたづく)
片づけ	(かたづけ)
片づける	(かたづける)
片っ端から	(かたっぱしから)
片りん	(へんりん)
片側	(かたがわ)
片持ち	(かたもち)
片道	(かたみち)
片端	(かたはし)
片辺	(かたほとり)
片仮名	(カタカナ,かたかな)
片方	(かたほう)
片付く	(かたづく)
片付け	(かたづけ)
片付ける	(かたづける)
片腹痛い	(かたはらいたい)
片寄り	(かたより)
片寄る	(かたよる)
片口鰯	(かたくちいわし,カタクチイワシ)
片栗粉	(かたくりこ)
片鱗	(へんりん)
片面	(かためん)
片目	(かため)
片手	(かたて)
片手間	(かたてま)
片手落ち	(かたておち)
片思い	(かたおもい)
片田舎	(かたいなか)
片頭痛	(へんずつう,へんとうつう,かたずつう)
片腕	(かたうで)
片想い	(かたおもい)
片袖机	(かたそでづくえ,かたそでつくえ)
片言	(かたこと,カタコト)
片言隻語	(へんげんせきご)
片眼	(かため)
片一方	(かたいっぽう)
片隅	(かたすみ)
騙しとる	(だましとる)
騙し取る	(だましとる)
騙す	(だます)
剽盗	(ひょうとう)
剽悍	(ひょうかん)
剽窃	(ひょうせつ)
剽竊	(ひょうせつ)
剽軽	(ひょうきん)
剽軽者	(ひょうきんもの)
縹緻	(きりょう)
飄々	(ひょうひょう)
飄飄	(ひょうひょう)
飄然	(ひょうぜん)
瓢虫	(てんとうむし,テントウムシ)
票	(ひょう)
票決	(ひょうけつ)
僄悍	(ひょうかん)
漂う	(ただよう)
漂白	(ひょうはく)
漂白剤	(ひょうはくざい)
漂流	(ひょうりゅう)
漂流木	(ひょうりゅうぼく)
漂々	(ひょうひょう)
漂漂	(ひょうひょう)
漂泊者	(ひょうはくしゃ)
漂着	(ひょうちゃく)
慓悍	(ひょうかん)
拼音	(ピンイン)
貧	(ひん)
貧しい	(まずしい)
貧乏	(びんぼう,ビンボー)
貧乏くじ	(びんぼうくじ)
貧乏ゆすり	(びんぼうゆすり)
貧乏ゆるぎ	(びんぼうゆるぎ)
貧乏暮し	(びんぼうぐらし)
貧乏暮らし	(びんぼうぐらし)
貧乏籤	(びんぼうくじ)
貧乏人	(びんぼうにん)
貧乏神	(びんぼうがみ)
貧乏所帯	(びんぼうじょたい)
貧乏性	(びんぼうしょう)
貧乏揺すり	(びんぼうゆすり)
貧乏揺るぎ	(びんぼうゆるぎ)
貧富	(ひんぷ)
貧寒	(ひんかん)
貧家	(ひんか)
貧賎	(ひんせん)
貧賤	(ひんせん)
貧苦	(ひんく)
貧鉱	(ひんこう)
貧困	(ひんこん)
貧民	(ひんみん)
貧民街	(ひんみんがい)
貧民窟	(ひんみんくつ)
貧農	(ひんのう)
貧窮	(ひんきゅう)
貧窮化	(ひんきゅうか)
貧弱	(ひんじゃく)
貧素	(ひんそう)
貧土	(ひんど)
貧相	(ひんそう)
貧血	(ひんけつ)
貧血症	(ひんけつしょう)
貧者	(ひんじゃ)
貧之	(びんぼう,ビンボー)
頻ぴん	(ひんぴん)
頻りに	(しきりに)
頻出	(ひんしゅつ)
頻度	(ひんど)
頻発	(ひんぱつ)
頻繁	(ひんぱん)
頻々	(ひんぴん)
頻頻	(ひんぴん)
顰める	(しかめる)
顰蹙	(ひんしゅく,ヒンシュク)
顰蹙を買う	(ひんしゅくをかう)
品	(しな)
品ぞろえ	(しなぞろえ)
品プリ	(しなプリ)
品もの	(しなもの)
品薄	(しなうす)
品詞	(ひんし)
品格	(ひんかく)
品揃え	(しなぞろえ)
品名	(ひんめい)
品目	(ひんもく,しなめ)
品々	(しなじな)
品品	(しなじな)
品切れ	(しなぎれ)
品物	(しなもの)
品性	(ひんせい)
品質	(ひんしつ)
品質保持期限	(ひんしつほじきげん)
品質保証	(ひんしつほしょう)
品質管理	(ひんしつかんり)
品種	(ひんしゅ)
牝	(めす,メス,めん)
牝牛	(めうし,びんぎゅう,めうじ)
牝犬	(メスいぬ,めすいぬ,めいぬ)
平	(ひら,ヒラ)
平か	(たいらか)
平す	(ならす)
平たい	(ひらたい)
平タン	(へいたん)
平たん	(へいたん)
平つくばる	(へいつくばる)
平に	(ひらに)
平ら	(たいら)
平らか	(たいらか)
平らぐ	(たいらぐ)
平らげる	(たいらげる)
平安	(へいあん)
平安朝	(へいあんちょう)
平安京	(へいあんきょう)
平安時代	(へいあんじだい)
平板	(へいばん)
平板測量	(へいばんそくりょう)
平版	(へいはん)
平常	(へいじょう)
平常どおり	(へいじょうどおり)
平常通り	(へいじょうどおり)
平成	(へいせい)
平成時代	(へいせいじだい)
平城京	(へいじょうきょう)
平城時代	(ならじだい)
平淡	(へいたん)
平地	(へいち,ひらち)
平等	(びょうどう)
平等観	(びょうどうかん)
平等権	(びょうどうけん)
平等主義	(びょうどうしゅぎ)
平底	(ひらぞこ)
平底船	(ひらぞこぶね)
平底舟	(ひらぞこぶね)
平定	(へいてい)
平凡	(へいぼん)
平仮名	(ひらがな)
平方	(へいほう)
平方キロメートル	(へいほうキロメートル)
平方メートル	(へいほうメートル)
平方根	(へいほうこん)
平方和	(へいほうわ)
平方形	(へいほうけい)
平分	(へいぶん)
平伏	(へいふく)
平伏す	(ひれふす)
平服	(へいふく)
平復	(へいふく)
平鍋	(ひらなべ)
平和	(へいわ)
平和産業	(へいわさんぎょう)
平和的	(へいわてき)
平和的解決	(へいわてきかいけつ)
平和攻勢	(へいわこうせい)
平和共存	(へいわきょうぞん,へいわきょうそん)
平和国	(へいわこく)
平和国家	(へいわこっか)
平和会議	(へいわかいぎ)
平和教育	(へいわきょういく)
平和論者	(へいわろんしゃ)
平和条約	(へいわじょうやく)
平和維持	(へいわいじ)
平和維持活動	(へいわいじかつどう)
平和維持軍	(へいわいじぐん)
平和協定	(へいわきょうてい)
平和主義	(へいわしゅぎ)
平和主義者	(へいわしゅぎしゃ)
平衡	(へいこう)
平衡感覚	(へいこうかんかく)
平滑	(へいかつ)
平滑化	(へいかつか)
平家	(へいけ)
平家物語	(へいけものがたり)
平角	(へいかく)
平静	(へいせい)
平臼	(ひらうす)
平絹	(ひらぎぬ)
平均	(へいきん,へいぎん)
平均点	(へいきんてん)
平均給与	(へいきんきゅうよ)
平均律	(へいきんりつ)
平均寿命	(へいきんじゅみょう)
平均余命	(へいきんよめい)
平均値	(へいきんち)
平炉	(ひらろ,へいろ)
平炉法	(へいろほう)
平落	(ひらおち)
平脈	(へいみゃく)
平面	(へいめん)
平面幾何学	(へいめんきかがく)
平面鏡	(へいめんきょう)
平面三角法	(へいめんさんかくほう)
平面図	(へいめんず)
平面図形	(へいめんずけい)
平面形	(へいめんけい)
平民	(へいみん)
平民主義	(へいみんしゅぎ)
平明	(へいめい)
平目	(ひらめ,ヒラメ)
平年	(へいねん)
平年並	(へいねんなみ)
平年並み	(へいねんなみ)
平年作	(へいねんさく)
平々	(へいへい)
平平	(へいへい)
平気	(へいき)
平然	(へいぜん)
平熱	(へいねつ)
平日	(へいじつ,ひらび)
平身低頭	(へいしんていとう)
平生	(へいぜい)
平生着	(へいぜいぎ)
平時	(へいじ)
平氏	(へいし)
平手	(ひらて)
平手うち	(ひらてうち)
平手打ち	(ひらてうち)
平水	(へいすい)
平価	(へいか)
平価切り下げ	(へいかきりさげ)
平価切下げ	(へいかきりさげ)
平素	(へいそ)
平台型貨車	(ひらだいがたかしゃ)
平坦	(へいたん)
平庭	(ひらにわ)
平土間	(ひらどま)
平温	(へいおん)
平穏	(へいおん)
平穏無事	(へいおんぶじ)
平臥	(へいが)
平屋	(ひらや)
平屋根	(ひらやね)
平謝り	(ひらあやまり)
平信	(へいしん)
平信徒	(ひらしんと,へいしんと)
平行棒	(へいこうぼう)
平行四辺形	(へいこうしへんけい)
平行線	(へいこうせん)
平行移動	(へいこういどう)
平袖	(ひらそで)
平野	(へいや)
平易	(へいい)
平易化	(へいいか)
平泳ぎ	(ひらおよぎ)
平癒	(へいゆ)
平原	(へいげん)
平仄	(ひょうそく)
平政	(ひらまさ,ヒラマサ)
平芝	(ひらしば)
平織	(ひらおり)
平織り	(ひらおり)
平準	(へいじゅん)
平作	(へいさく)
坪	(つぼ)
坪当	(つぼあたり)
坪当たり	(つぼあたり)
坪当り	(つぼあたり)
坪数	(つぼすう)
凭せかける	(もたせかける)
凭せ掛ける	(もたせかける)
凭り掛かる	(よりかかる)
凭る	(よる)
凭れかかる	(もたれかかる)
凭れる	(もたれる)
凭れ掛かる	(もたれかかる)
凭れ椅子	(もたれいす)
屏	(へい)
屏風	(びょうぶ)
屏風岩	(びょうぶいわ)
屏居	(へいきょ)
屏息	(へいそく)
瓶	(びん,ビン)
瓶詰	(びんづめ)
瓶詰め	(びんづめ)
屛風	(びょうぶ)
塀	(へい)
評	(ひょう)
評する	(ひょうする)
評定	(ひょうてい)
評決	(ひょうけつ)
評論	(ひょうろん)
評論家	(ひょうろんか)
評判	(ひょうばん)
評価	(ひょうか)
評議	(ひょうぎ)
評議会	(ひょうぎかい)
評議員	(ひょうぎいん)
鮃	(ひらめ,ヒラメ)
憑き物	(つきもの)
憑く	(つく)
憑む	(たのむ)
憑り付かれる	(とりつかれる)
憑拠	(ひょうきょ)
憑物	(つきもの)
憑依	(ひょうい)
泊まり込み	(とまりこみ)
泊まり込む	(とまりこむ)
泊まる	(とまる)
泊める	(とめる)
泊り客	(とまりきゃく)
泊り賃	(とまりちん)
泊り込み	(とまりこみ)
泊り込む	(とまりこむ)
泊る	(とまる)
醱酵	(はっこう)
婆	(ばば,ババ)
婆抜き	(ばばぬき,ババぬき)
迫る	(せまる,せる)
迫持	(せりもち)
迫害	(はくがい)
迫撃砲	(はくげきほう)
迫力	(はくりょく)
迫真	(はくしん)
破たん	(はたん)
破る	(わる)
破れる	(やぶれる)
破れ目	(やぶれめ,やれめ)
破れ物	(われもの)
破擦音	(はさつおん)
破茶滅茶	(はちゃめちゃ,ハチャメチャ)
破茶目茶	(はちゃめちゃ,ハチャメチャ)
破産	(はさん)
破格	(はかく)
破瓜	(はか)
破瓜病	(はかびょう)
破壊	(はかい)
破壊的	(はかいてき)
破壊者	(はかいしゃ)
破毀	(はき)
破家	(ばか,バカ)
破戒	(はかい)
破局	(はきょく)
破廉恥	(はれんち,ハレンチ)
破裂	(はれつ)
破裂音	(はれつおん)
破落戸	(ごろつき,ゴロツキ)
破門	(はもん)
破滅	(はめつ)
破目	(はめ)
破目板	(はめいた)
破片	(はへん)
破棄	(はき)
破傷風	(はしょうふう)
破水	(はすい)
破算	(はさん)
破損	(はそん)
破天荒	(はてんこう)
破天連	(バテレン)
破物	(われもの)
破線	(はせん)
破約	(はやく)
破綻	(はたん)
粕	(かす,カス)
魄	(たましい,たま)
頗る	(すこぶる)
頗梨	(はり)
剖検	(ぼうけん)
抔	(など)
仆す	(たおす)
仆れる	(たおれる)
撲つ	(うつ)
撲り倒す	(はりたおす)
撲る	(なぐる)
撲滅	(ぼくめつ)
撲殺	(ぼくさつ)
鋪	(ほ)
鋪道	(ほどう)
鋪装	(ほそう)
匍う	(はう)
匍匐	(ほふく)
匍球	(ほきゅう)
菩薩	(ぼさつ,ぼさち)
菩提樹	(ぼだいじゅ,ボダイジュ)
葡萄	(ぶどう,ブドウ,えび)
葡萄酒	(ぶどうしゅ)
葡萄棚	(ぶどうだな)
葡萄糖	(ぶどうとう)
葡萄牙	(ポルトガル)
蒲	(がま,かま,ガマ)
蒲伏	(ほふく)
蒲公英	(たんぽぽ,タンポポ,ほこうえい)
蒲柳	(ほりゅう)
蒲鉾	(かまぼこ,カマボコ)
蒲色	(かばいろ)
蒲焼	(かばやき)
蒲焼き	(かばやき)
蒲団	(ふとん)
僕	(ぼく,ボク)
僕婢	(ぼくひ)
僕仲間	(ぼくなかま)
朴とつ	(ぼくとつ)
朴の木	(ほおのき,ほうのき,ホオノキ)
朴訥	(ぼくとつ)
朴念仁	(ぼくねんじん)
朴直	(ぼくちょく)
浦	(うら)
浦波	(うらなみ)
浦辺	(うらべ)
普く	(あまねく)
普遍	(ふへん)
普遍的法則	(ふへんてきほうそく)
普遍妥当性	(ふへんだとうせい)
普遍性	(ふへんせい)
普段	(ふだん)
普段着	(ふだんぎ)
普辺	(ふへん)
普及	(ふきゅう)
普及版	(ふきゅうばん)
普及率	(ふきゅうりつ)
普偏	(ふへん)
普偏性	(ふへんせい)
普請	(ふしん)
普請場	(ふしんば)
普通	(ふつう,フツー)
普通便	(ふつうびん)
普通法	(ふつうほう)
普通科	(ふつうか)
普通列車	(ふつうれっしゃ)
普通名詞	(ふつうめいし)
普通人	(ふつうじん)
普通弾	(ふつうだん)
普通選挙	(ふつうせんきょ)
普通預金	(ふつうよきん)
普通株	(ふつうかぶ)
普賢	(ふげん)
普選	(ふせん)
樸直	(ぼくちょく)
譜面	(ふめん)
譜面台	(ふめんだい)
舗	(ほ)
舗道	(ほどう)
舗石	(ほせき)
舗装	(ほそう)
舗装道路	(ほそうどうろ)
舗装煉瓦	(ほそうれんが)
瀑布	(ばくふ)
曝	(さらし)
曝く	(あばく)
曝けだす	(さらけだす)
曝け出す	(さらけだす)
曝し	(さらし)
曝す	(さらす)
曝露	(ばくろ)
曝首	(ドクロ,どくろ,しゃれこうべ)
曝書	(ばくしょ)
七	(しち,なな,なあ)
七つ	(ななつ)
七つの海	(ななつのうみ)
七つ屋	(ななつや)
七りん	(しちりん)
七宝	(しっぽう,しちほう)
七宝焼	(しっぽうやき)
七宝焼き	(しっぽうやき)
七不思議	(ななふしぎ)
七草	(ななくさ)
七道	(しちどう)
七辺形	(しちへんけい)
七分搗き	(しちぶづき)
七分三分	(しちぶさんぶ)
七分袖	(しちぶそで)
七福神	(しちふくじん)
七回忌	(しちかいき)
七角形	(しちかっけい,しちかくけい,ななかっけい)
七厘	(しちりん)
七〇	(ななじゅう,しちじゅう,ななそ)
七輪	(しちりん)
七面倒	(しちめんどう)
七面鶏	(しちめんちょう,シチメンチョウ)
七面鳥	(しちめんちょう,シチメンチョウ)
七年忌	(しちねんき)
七曲がり	(ななまがり)
七日	(なのか,なぬか)
七色	(なないろ,しちしょく)
七生	(しちしょう)
七十	(ななじゅう,しちじゅう,ななそ)
七十路	(ななそじ)
七十人訳聖書	(しちじゅうにんやくせいしょ,ななじゅうにんやくせいしょ)
七堂伽藍	(しちどうがらん)
七屋	(ななつや)
七五調	(しちごちょう)
七五三	(しちごさん)
七五三縄	(しめなわ)
七夕	(たなばた,しちせき)
七賢	(しちけん)
七星	(しちせい,しちしょう)
七曜	(しちよう)
七夜	(しちや)
七月	(しちがつ,なながつ)
七種	(ななくさ)
七重	(ななえ)
七週の祭	(ななまわりのいわい)
七週の祭り	(ななしゅうのまつり)
七転び八起き	(ななころびやおき)
妻	(つま)
妻帯	(さいたい)
妻帯者	(さいたいしゃ)
妻鈍ジー	(さいのろジー,サイノロジー)
妻神	(めがみ)
妻楊枝	(つまようじ)
妻子	(さいし,つまこ,めこ)
妻子持ち	(さいしもち)
柒	(しち,なな,なあ)
栖	(す)
栖息	(せいそく)
凄い	(すごい,スゴイ,すごーい)
凄じい	(すさまじい)
凄まじい	(すさまじい)
凄み	(すごみ)
凄む	(すごむ)
凄惨	(せいさん)
凄腕	(すごうで)
凄味	(すごみ)
凄文句	(すごもんく)
凄艶	(せいえん)
悽惨	(せいさん)
期	(き)
期待	(きたい)
期待どおり	(きたいどおり)
期待通り	(きたいどおり)
期待値	(きたいち)
期間	(きかん)
期末	(きまつ)
期末試験	(きまつしけん)
期内	(きない)
期日	(きじつ,きにち,ごじつ)
期限	(きげん)
欺き惑わす	(あざむきまどわす)
欺く	(あざむく)
欺す	(だます)
欺まん	(ぎまん)
欺瞞	(ぎまん)
欺騙	(きへん,ぎへん)
棲まう	(すまう)
棲み分け	(すみわけ)
棲家	(すみか)
棲息	(せいそく)
漆	(うるし,ウルシ)
漆喰	(しっくい)
漆黒	(しっこく)
漆器	(しっき)
漆食	(しっくい)
漆塗り	(うるしぬり)
岐	(ちまた)
岐れる	(わかれる)
岐阜県	(ぎふけん)
岐阜縣	(ぎふけん)
岐路	(えだみち)
其	(それ)
其の	(その,そん)
其のため	(そのため)
其のまま	(そのまま,そのまんま)
其の反面	(そのはんめん)
其の後	(そのあと,そのご,そののち)
其の儘	(そのまま,そのまんま)
其の内	(そのうち)
其の上	(そのうえ)
其の上で	(そのうえで)
其の実	(そのじつ)
其の他	(そのほか,そのた)
其の外	(そのほか,そのた)
其の為	(そのため)
其れ	(それ)
其れから	(それから)
其れだけ	(それだけ)
其れでこそ	(それでこそ)
其れでは	(それでは)
其れでも	(それでも)
其れなら	(それなら)
其れなり	(それなり)
其れに	(それに)
其れ程	(それほど)
其れ処か	(それどころか)
其れ等	(それら)
其れ故	(それゆえ)
其れ故に	(それゆえに)
其れ其れ	(それぞれ)
其れ丈	(それだけ)
其程	(それほど)
其処	(そこ)
其処いら	(そこいら)
其処で	(そこで)
其処まで	(そこまで)
其処ら	(そこら)
其処迄	(そこまで)
其等	(それら)
其方	(そちら,そっち)
其後	(そのあと,そのご,そののち)
其儘	(そのまま,そのまんま)
其内	(そのうち)
其奴	(そいつ,そやつ,すやつ)
其所	(そこ)
奇しくも	(くしくも)
奇っ怪	(きかい,きっかい)
奇抜	(きばつ)
奇弁	(きべん)
奇病	(きびょう)
奇策	(きさく)
奇怪	(きかい,きっかい)
奇怪しい	(おかしい,オカシイ)
奇跡	(きせき)
奇跡的	(きせきてき)
奇蹟	(きせき)
奇蹟的	(きせきてき)
奇矯	(ききょう)
奇捷	(きしょう)
奇麗	(きれい,キレイ,きれーい)
奇妙	(きみょう)
奇癖	(きへき)
奇瑞	(きずい)
奇勝	(きしょう)
奇術	(きじゅつ)
奇数	(きすう)
奇特	(きとく,きどく)
奇習	(きしゅう)
奇襲	(きしゅう)
奇想天外	(きそうてんがい)
奇形	(きけい)
奇型	(きけい)
奇異	(きい)
奇遇	(きぐう)
斉う	(ととのう)
斉える	(ととのえる)
斉しい	(ひとしい)
斉備	(せいび)
斉唱	(せいしょう)
斉列	(せいれつ)
斉射	(せいしゃ)
斉一	(せいいつ)
斉魚	(えつ,エツ)
祈とう	(きとう)
祈とう書	(きとうしょ)
祈とう者	(きとうしゃ)
祈り	(いのり)
祈る	(いのる)
祈祷	(きとう)
祈祷書	(きとうしょ)
祈祷者	(きとうしゃ)
祈禱	(きとう)
祈禱書	(きとうしょ)
祈禱者	(きとうしゃ)
祈念	(きねん)
祈誓	(きせい)
祈願	(きがん)
祇園祭	(ぎおんまつり)
祇園祭り	(ぎおんまつり)
俟つ	(まつ)
埼	(さき)
埼玉県	(さいたまけん)
埼玉縣	(さいたまけん)
畦	(あぜ,くろ)
畦道	(あぜみち)
跂及	(ききゅう)
崎	(さき)
棋譜	(きふ)
棋士	(きし)
碁会所	(ごかいしょ)
碁盤	(ごばん)
碁盤の目	(ごばんのめ)
碁石	(ごいし)
碕	(さき)
旗	(はた)
旗二流	(はたにりゅう)
旗二旒	(はたにりゅう)
旗艦	(きかん)
旗挙	(はたあげ)
旗挙げ	(はたあげ)
旗色	(はたいろ,きしょく)
旗手	(きしゅ)
旗頭	(はたがしら)
旗下	(きか)
旗揚	(はたあげ)
旗揚げ	(はたあげ)
旗魚	(かじき,カジキ)
旗幟	(きし,きしょく)
鮨	(すし)
鮨飯	(すしめし)
鮨詰	(すしづめ)
鮨詰め	(すしづめ)
騏驎	(きりん,キリン)
騎兵	(きへい)
騎兵隊	(きへいたい)
騎乗	(きじょう)
騎馬	(きば)
騎馬戦	(きばせん)
騎射	(きしゃ)
騎士	(きし)
騎士道	(きしどう)
騎手	(きしゅ)
騎行	(きこう)
臍	(へそ,ほぞ,ヘソ)
臍のゴマ	(へそのゴマ)
臍の緒	(へそのお)
臍帯	(さいたい,せいたい)
臍曲がり	(へそまがり)
臍曲り	(へそまがり)
臍下	(せいか)
臍下丹田	(せいかたんでん)
臍繰	(へそくり,ヘソクリ)
臍繰り	(へそくり,ヘソクリ)
臍繰り金	(へそくりがね)
麒麟	(きりん,キリン)
鰭	(ひれ,はた)
鰭脚類	(ききゃくるい,ひれあしるい)
乞い	(こい)
乞い取る	(こいとる)
乞う	(こう)
乞丐	(こつがい,かたい,かったい)
乞高評	(こうこうひょう)
乞食	(こじき,こつじき)
乞婿	(こいむこ)
企て	(くわだて)
企てる	(くわだてる)
企み	(たくらみ)
企む	(たくらむ)
企画	(きかく)
企画書	(きかくしょ)
企劃	(きかく)
企及	(ききゅう)
企図	(きと)
企業	(きぎょう)
企業プラン	(きぎょうプラン)
企業合同	(きぎょうごうどう)
企業化	(きぎょうか)
企業家	(きぎょうか)
企業連合	(きぎょうれんごう)
企業内	(きぎょうない)
企業体質	(きぎょうたいしつ)
企業心	(きぎょうしん)
企業戦略	(きぎょうせんりゃく)
企業者	(きぎょうしゃ)
企業整備	(きぎょうせいび)
杞憂	(きゆう)
起きあがる	(おきあがる)
起きる	(おきる)
起き上がる	(おきあがる)
起き上る	(おきあがる)
起こす	(おこす)
起こりうる	(おこりうる)
起こり得る	(おこりうる)
起こる	(おこる)
起す	(おこす)
起ち上がる	(たちあがる)
起ち上げる	(たちあげる)
起つ	(たつ)
起る	(おこる)
起案	(きあん)
起爆	(きばく)
起爆装置	(きばくそうち)
起草	(きそう)
起床	(きしょう)
起点	(きてん)
起電	(きでん)
起動	(きどう)
起動時	(きどうじ)
起動時間	(きどうじかん)
起伏	(きふく)
起稿	(きこう)
起工	(きこう)
起居	(ききょ)
起立	(きりつ)
起請	(きしょう)
起上がる	(おきあがる)
起死回生	(きしかいせい)
起訴	(きそ)
起算	(きさん)
起臥	(きが)
起業	(きぎょう)
起因	(きいん)
起用	(きよう)
起原	(きげん)
起源	(きげん)
起債	(きさい)
起重機	(きじゅうき)
啓く	(ひらく)
啓もう	(けいもう)
啓発	(けいはつ)
啓蒙	(けいもう)
啓示	(けいじ)
啓蟄	(けいちつ)
綺麗	(きれい,キレイ,きれーい)
綺羅	(きら)
綺羅びやか	(きらびやか)
気	(き)
気おくれ	(きおくれ)
気があう	(きがあう)
気がある	(きがある)
気がかり	(きがかり)
気がきく	(きがきく)
気がくるう	(きがくるう)
気がすむ	(きがすむ)
気がする	(きがする)
気がたつ	(きがたつ)
気がつく	(きがつく)
気がね	(きがね)
気がひける	(きがひける)
気が変わる	(きがかわる)
気が大きい	(きがおおきい)
気が短い	(きがみじかい)
気が付く	(きがつく)
気が合う	(きがあう)
気が済む	(きがすむ)
気が狂う	(きがくるう)
気が立つ	(きがたつ)
気が利く	(きがきく)
気が退ける	(きがひける)
気が小さい	(きがちいさい)
気が引ける	(きがひける)
気が重い	(きがおもい)
気さく	(きさく)
気ずく	(きづく,きずく)
気だて	(きだて)
気だるい	(けだるい)
気づかい	(きづかい)
気づかう	(きづかう)
気づかれ	(きづかれ)
気づく	(きづく,きずく)
気づまり	(きづまり)
気どり	(きどり)
気どる	(きどる)
気にいる	(きにいる)
気にかける	(きにかける)
気にくわない	(きにくわない)
気にさわる	(きにさわる)
気にする	(きにする)
気になる	(きになる)
気に喰わない	(きにくわない)
気に触る	(きにさわる)
気に掛ける	(きにかける)
気に入る	(きにいる)
気に食わない	(きにくわない)
気に障る	(きにさわる)
気のきいた	(きのきいた)
気のせい	(きのせい)
気のどく	(きのどく)
気のない	(きのない)
気の毒	(きのどく)
気の利いた	(きのきいた)
気の所為	(きのせい)
気の無い	(きのない)
気ばらし	(きばらし)
気まえ	(きまえ)
気まぐれ	(きまぐれ)
気まじめ	(きまじめ)
気まずい	(きまずい)
気まま	(きまま)
気むずかしい	(きむずかしい)
気をつかう	(きをつかう)
気をつけ	(きをつけ)
気をつけて	(きをつけて)
気をつける	(きをつける)
気をゆるす	(きをゆるす)
気を悪くする	(きをわるくする)
気を付け	(きをつけ)
気を付けて	(きをつけて)
気を付ける	(きをつける)
気を許す	(きをゆるす)
気を遣う	(きをつかう)
気を取りなおす	(きをとりなおす)
気を取り直す	(きをとりなおす)
気を使う	(きをつかう)
気安め	(きやすめ)
気胞	(きほう)
気不味い	(きまずい)
気長	(きなが)
気乗り	(きのり)
気持	(きもち)
気持ち	(きもち)
気持ちいい	(きもちいい,きもちよい)
気持ちよい	(きもちいい,きもちよい)
気持ち好い	(きもちいい,きもちよい)
気持ち良い	(きもちいい,きもちよい)
気触れる	(かぶれる)
気吹	(いぶき)
気怠い	(けだるい)
気道	(きどう)
気分	(きぶん)
気分屋	(きぶんや)
気分転換	(きぶんてんかん)
気紛れ	(きまぐれ)
気風	(きふう)
気付	(きづけ)
気付く	(きづく,きずく)
気付け	(きづけ)
気附	(きづけ)
気附く	(きづく,きずく)
気負い	(きおい)
気概	(きがい)
気高い	(けだかい)
気功	(きこう)
気構え	(きがまえ)
気骨	(きこつ)
気掛かり	(きがかり)
気掛り	(きがかり)
気管	(きかん)
気管支	(きかんし)
気合	(きあい)
気合い	(きあい)
気後れ	(きおくれ)
気候	(きこう)
気化	(きか)
気化器	(きかき)
気化熱	(きかねつ)
気兼ね	(きがね)
気詰まり	(きづまり)
気詰り	(きづまり)
気儘	(きまま)
気侭	(きまま)
気圧	(きあつ)
気圧計	(きあつけい)
気絶	(きぜつ)
気慨	(きがい)
気孔	(きこう)
気苦労	(きぐろう)
気狂い	(キチガイ,きちがい,キチゲェ)
気力	(きりょく)
気立	(きだて)
気立て	(きだて)
気量	(きりょう)
気流	(きりゅう)
気密	(きみつ)
気密室	(きみつしつ)
気難しい	(きむずかしい)
気泡	(きほう)
気配	(けはい,きはい)
気疲れ	(きづかれ)
気品	(きひん)
気迫	(きはく)
気魄	(きはく)
気前	(きまえ)
気前のいい	(きまえのいい,きまえのよい)
気前のよい	(きまえのいい,きまえのよい)
気前の良い	(きまえのいい,きまえのよい)
気遣い	(きづかい)
気遣う	(きづかう)
気軽	(きがる)
気晴し	(きばらし)
気晴らし	(きばらし)
気球	(ききゅう)
気取り	(きどり)
気取る	(きどる)
気圏	(きけん)
気色	(けしき)
気勢	(きせい)
気体	(きたい)
気筒	(きとう)
気団	(きだん)
気違い	(キチガイ,きちがい,キチゲェ)
気味	(きみ,きび)
気温	(きおん)
気息	(きそく)
気息奄々	(きそくえんえん)
気息奄奄	(きそくえんえん)
気嫌	(きげん)
気相	(きそう)
気象	(きしょう)
気象台	(きしょうだい)
気象庁	(きしょうちょう)
気象学	(きしょうがく)
気懈い	(けだるい)
気心	(きごころ)
気性	(きしょう)
気胸	(ききょう)
気休め	(きやすめ)
気休めに	(きやすめに)
気懸かり	(きがかり)
気学	(きがく)
気炎万丈	(きえんばんじょう)
気焔万丈	(きえんばんじょう)
気宇	(きう)
気宇広大	(きうこうだい)
気楽	(きらく)
気運	(きうん)
気丈	(きじょう)
気障	(きざ,キザ)
気真面目	(きまじめ)
気質	(きしつ,かたぎ)
気転	(きてん)
迄	(まで)
迄に	(までに)
汽車	(きしゃ)
汽車賃	(きしゃちん)
汽船	(きせん)
汽笛	(きてき)
汽水	(きすい)
泣かす	(なかす)
泣かせる	(なかせる)
泣き	(なき)
泣きさけぶ	(なきさけぶ)
泣きじゃくる	(なきじゃくる)
泣きつく	(なきつく)
泣きっ面に蜂	(なきつらにはち,なきっつらにはち)
泣きどころ	(なきどころ)
泣きはらす	(なきはらす)
泣きわめく	(なきわめく)
泣き崩れる	(なきくずれる)
泣き別れ	(なきわかれ)
泣き虫	(なきむし)
泣き処	(なきどころ)
泣き伏す	(なきふす)
泣き付く	(なきつく)
泣き喚く	(なきわめく)
泣き噦る	(なきじゃくる)
泣き叫ぶ	(なきさけぶ)
泣き潰す	(なきつぶす)
泣き落す	(なきおとす)
泣き落とす	(なきおとす)
泣き面に蜂	(なきつらにはち,なきっつらにはち)
泣き明かす	(なきあかす)
泣き明す	(なきあかす)
泣き暮す	(なきくらす)
泣き暮らす	(なきくらす)
泣き寝入り	(なきねいり)
泣き上戸	(なきじょうご)
泣き沈む	(なきしずむ)
泣き声	(なきごえ)
泣き所	(なきどころ)
泣き笑い	(なきわらい)
泣き腫らす	(なきはらす)
泣く	(なく)
泣ける	(なける)
泣崩れる	(なきくずれる)
泣別れ	(なきわかれ)
泣虫	(なきむし)
泣伏す	(なきふす)
泣付く	(なきつく)
泣喚く	(なきわめく)
泣叫ぶ	(なきさけぶ)
泣潰す	(なきつぶす)
泣落す	(なきおとす)
泣落とす	(なきおとす)
泣明す	(なきあかす)
泣暮す	(なきくらす)
泣寝入り	(なきねいり)
泣上戸	(なきじょうご)
泣沈む	(なきしずむ)
泣声	(なきごえ)
泣笑	(なきわらい)
泣腫らす	(なきはらす)
契り	(ちぎり)
契る	(ちぎる)
契機	(けいき)
契情	(けいせい)
契印	(けいいん)
契約	(けいやく)
契約期間	(けいやくきかん)
契約書	(けいやくしょ)
氣	(き)
氣持ち	(きもち)
氣功	(きこう)
氣儘	(きまま)
氣象	(きしょう)
棄す	(こぼす)
棄てる	(すてる)
棄て児	(すてご,きじ)
棄て売り	(すてうり)
棄て去る	(すてさる)
棄て子	(すてご,きじ)
棄背	(きはい)
棄児	(すてご,きじ)
棄捐	(きえん)
棄老	(きろう)
棄権	(きけん)
棄権者	(きけんしゃ)
棄却	(ききゃく)
棄世	(きせい)
棄市	(きし)
棄死	(きし)
棄損	(きそん)
棄言葉	(すてことば)
棄約	(きやく)
磧	(かわら)
器	(うつわ)
器材	(きざい)
器官	(きかん)
器管	(きかん)
器機	(きき)
器具	(きぐ)
器量	(きりょう)
器物	(きぶつ,うつわもの)
器械	(きかい)
器用	(きよう)
器用貧乏	(きようびんぼう)
器宇	(きう)
器楽	(きがく)
器質的	(きしつてき)
憩	(いこい)
憩い	(いこい)
憩う	(いこう)
峠	(とうげ)
峠を越す	(とうげをこす)
峠道	(とうげみち)
洽く	(あまねく)
恰も	(あたかも,あだかも)
恰もよし	(あたかもよし)
恰も好し	(あたかもよし)
恰度	(ちょうど)
恰幅	(かっぷく)
恰好	(かっこう,かっこ,カッコ)
恰好つける	(かっこうつける)
恰好悪い	(かっこわるい,かっこうわるい)
恰好付ける	(かっこうつける)
千	(せん,ち)
千般	(せんぱん)
千倍	(せんばい)
千編一律	(せんぺんいちりつ)
千変万化	(せんぺんばんか)
千波万波	(せんぱばんぱ)
千擦り	(センズリ,せんずり)
千草	(ちぐさ,ちくさ)
千差万別	(せんさばんべつ,せんさまんべつ)
千代	(ちよ)
千代紙	(ちよがみ)
千島	(ちしま)
千度	(せんど,ちたび)
千分率	(せんぶんりつ)
千古	(せんこ)
千金	(せんきん)
千軍万馬	(せんぐんばんば)
千鈞	(せんきん)
千客万来	(せんきゃくばんらい,せんかくばんらい)
千客萬来	(せんきゃくばんらい,せんかくばんらい)
千里眼	(せんりがん)
千両	(せんりょう,センリョウ)
千両役者	(せんりょうやくしゃ)
千慮	(せんりょ)
千慮の一失	(せんりょのいっしつ)
千枚通し	(せんまいどおし)
千木	(ちぎ)
千年	(せんねん)
千年間	(せんねんかん)
千鳥	(ちどり,チドリ)
千鳥足	(ちどりあし)
千篇	(せんぺん)
千篇一律	(せんぺんいちりつ)
千々	(ちぢ)
千々に	(ちぢに)
千千	(ちぢ)
千千に	(ちぢに)
千切り	(せんぎり)
千切り大根	(せんぎりだいこん)
千切る	(ちぎる)
千秋	(せんしゅう)
千秋楽	(せんしゅうらく)
千秋樂	(せんしゅうらく)
千穐楽	(せんしゅうらく)
千龝楽	(せんしゅうらく)
千人力	(せんにんりき)
千仞	(せんじん,ちひろ)
千仭	(せんじん,ちひろ)
千日	(せんにち)
千三屋	(せんみつや)
千世	(ちよ)
千思万考	(せんしばんこう)
千態万様	(せんたいばんよう)
千万	(せんまん)
千万長者	(せんばんちょうじゃ)
千万無量	(せんまんむりょう)
千辛万苦	(せんしんばんく)
千尋	(せんじん,ちひろ)
千言万語	(せんげんばんご)
千夜	(ちよ,せんや)
千葉県	(ちばけん)
千葉縣	(ちばけん)
千億	(せんおく)
千羽鶴	(せんばづる)
千載一偶	(せんざいいちぐう)
千載一隅	(せんざいいちぐう)
千載一遇	(せんざいいちぐう)
千摺り	(センズリ,せんずり)
千種	(ちぐさ,ちくさ)
千状万態	(せんじょうばんたい)
千姿万態	(せんしばんたい)
千卒長	(せんそつちょう)
仟	(せん,ち)
阡	(せん,ち)
粁	(キロメートル,キロメーター,キロ・メートル)
牽く	(ひく)
牽連	(けんれん)
牽強	(けんきょう)
牽強付会	(けんきょうふかい)
牽強附会	(けんきょうふかい)
牽束	(けんそく)
牽引	(けんいん,けんびき)
牽引車	(けんいんしゃ)
牽引力	(けんいんりょく)
牽制	(けんせい)
牽制球	(けんせいきゅう)
鉛	(なまり)
鉛板	(えんばん)
鉛版	(えんばん)
鉛筆	(えんぴつ,エンピツ)
鉛筆削り	(えんぴつけずり)
鉛毒	(えんどく)
鉛管	(えんかん)
鉛色	(なまりいろ)
鉛直	(えんちょく)
鉛製	(えんせい)
鉛中毒	(なまりちゅうどく,えんちゅうどく)
遷す	(うつす)
遷る	(うつる)
遷移	(せんい)
謙そん	(けんそん)
謙る	(へりくだる)
謙称	(けんしょう)
謙譲	(けんじょう)
謙譲の美徳	(けんじょうのびとく)
謙譲語	(けんじょうご)
謙虚	(けんきょ)
謙遜	(けんそん)
謙遜語	(けんそんご)
籤	(くじ,クジ)
籤引	(くじびき)
籤引き	(くじびき)
瓩	(キログラム,キロ・グラム)
前	(さき)
前あき	(まえあき,まえびらき)
前かがみ	(まえかがみ)
前かけ	(まえかけ)
前だれ	(まえだれ)
前に述べたように	(まえにのべたように)
前の世	(まえのよ)
前ぶれ	(まえぶれ)
前もって	(まえもって)
前板	(まえいた)
前半	(ぜんはん,ぜんぱん)
前半期	(ぜんはんき)
前半戦	(ぜんはんせん,ぜんぱんせん)
前鼻緒	(まえはなお)
前編	(ぜんぺん)
前便	(ぜんびん)
前表	(ぜんぴょう)
前膊	(ぜんはく)
前部	(ぜんぶ)
前菜	(ぜんさい)
前場	(ぜんば)
前車	(ぜんしゃ)
前車軸	(ぜんしゃじく)
前陳	(ぜんちん)
前歯	(まえば,ぜんし)
前翅	(ぜんし)
前触れ	(まえぶれ)
前垂	(まえだれ)
前垂れ	(まえだれ)
前代	(ぜんだい)
前代未聞	(ぜんだいみもん)
前貸し	(まえがし)
前登録	(ぜんとうろく)
前電	(ぜんでん)
前渡し	(まえわたし)
前渡し金	(まえわたしきん,ぜんときん)
前渡金	(まえわたしきん,ぜんときん)
前端	(ぜんたん)
前段	(ぜんだん)
前額	(ぜんがく)
前額部	(ぜんがくぶ)
前厄	(まえやく)
前髪	(まえがみ)
前払	(まえばらい)
前払い	(まえばらい)
前方	(まえかた)
前方不注意	(ぜんぽうふちゅうい)
前方後円墳	(ぜんぽうこうえんふん)
前方再補給点	(ぜんぽうさいほきゅうてん)
前坊	(ぜんぼう)
前非	(ぜんぴ)
前夫	(ぜんぷ,せんぷ)
前婦	(ぜんぷ,せんぷ)
前古	(ぜんこ)
前掛	(まえかけ)
前掛け	(まえかけ)
前官	(ぜんかん)
前号	(ぜんごう)
前後	(ぜんご)
前後ろ	(まえうしろ)
前後不覚	(ぜんごふかく)
前後策	(ぜんごさく)
前後左右	(ぜんごさゆう)
前回	(ぜんかい)
前記	(ぜんき)
前件	(ぜんけん)
前脚	(まえあし,ぜんし,ぜんきゃく)
前掲	(ぜんけい)
前節	(ぜんせつ)
前借	(ぜんしゃく)
前借り	(まえがり)
前借金	(ぜんしゃくきん,ぜんしゃっきん)
前金	(まえきん,ぜんきん)
前金払い	(まえきんばらい,ぜんきんばらい)
前進	(ぜんしん)
前進部隊	(ぜんしんぶたい)
前進基地	(ぜんしんきち)
前進力	(ぜんしんりょく)
前進運動	(ぜんしんうんどう)
前進軸	(ぜんしんじく)
前景	(ぜんけい)
前景気	(まえげいき)
前軍	(ぜんぐん)
前開き	(まえあき,まえびらき)
前勘定	(まえかんじょう)
前科	(ぜんか)
前科者	(ぜんかしゃ,ぜんかもの)
前口上	(まえこうじょう)
前立	(まえだて)
前立て	(まえだて)
前立腺	(ぜんりつせん)
前例	(ぜんれい)
前歴	(ぜんれき)
前列	(ぜんれつ)
前輪	(ぜんりん,まえわ)
前略	(ぜんりゃく)
前売	(まえうり)
前売り	(まえうり)
前売り券	(まえうりけん)
前売券	(まえうりけん)
前門	(ぜんもん)
前面	(ぜんめん)
前名	(ぜんめい)
前明き	(まえあき,まえびらき)
前納	(ぜんのう)
前脳	(ぜんのう)
前年	(ぜんねん)
前年度	(ぜんねんど)
前篇	(ぜんぺん)
前期	(ぜんき)
前々	(まえまえ)
前々回	(ぜんぜんかい)
前前	(まえまえ)
前前回	(ぜんぜんかい)
前屈	(ぜんくつ)
前屈み	(まえかがみ)
前駆	(ぜんく,せんぐ,ぜんぐ)
前駆戦	(ぜんくせん)
前人	(ぜんじん)
前人未到	(ぜんじんみとう)
前人未踏	(ぜんじんみとう)
前任	(ぜんにん)
前任地	(ぜんにんち)
前任者	(ぜんにんしゃ)
前日	(ぜんじつ,まえび)
前山	(ぜんざん)
前哨	(ぜんしょう)
前哨地	(ぜんしょうち)
前哨騎兵	(ぜんしょうきへい)
前哨勤務	(ぜんしょうきんむ)
前哨線	(ぜんしょうせん)
前哨戦	(ぜんしょうせん)
前身	(ぜんしん)
前審	(ぜんしん)
前生	(ぜんしょう)
前史	(ぜんし)
前史時代	(ぜんしじだい)
前世	(ぜんせ)
前世紀	(ぜんせいき)
前世界	(ぜんせかい)
前世生存	(ぜんせせいぞん)
前受収益	(まえうけしゅうえき)
前書	(ぜんしょ)
前書き	(まえがき)
前述	(ぜんじゅつ)
前水	(せんすい)
前説	(ぜんせつ)
前提	(ぜんてい)
前提条件	(ぜんていじょうけん)
前条	(ぜんじょう)
前庭	(ぜんてい,まえにわ)
前頭	(まえがしら)
前頭部	(ぜんとうぶ)
前途	(ぜんと)
前途有望	(ぜんとゆうぼう)
前腕	(ぜんわん,まえうで)
前衛	(ぜんえい)
前衛戦	(ぜんえいせん)
前文	(ぜんぶん)
前舞台	(まえぶたい)
前戯	(ぜんぎ)
前下がり	(まえさがり)
前賢	(ぜんけん)
前線	(ぜんせん)
前向き	(まえむき)
前項	(ぜんこう)
前行	(ぜんぎょう)
前言	(ぜんげん)
前夜	(ぜんや)
前夜祭	(ぜんやさい)
前葉	(ぜんよう)
前以って	(まえもって)
前以て	(まえもって)
前輿	(さきごし)
前約	(ぜんやく)
前栽	(せんざい)
前栽物	(せんざいもの)
前章	(ぜんしょう)
前兆	(ぜんちょう)
前照灯	(ぜんしょうとう)
前哲	(ぜんてつ)
前者	(ぜんしゃ)
前徴	(ぜんちょう)
前知らせ	(まえじらせ)
前肢	(まえあし,ぜんし,ぜんきゃく)
前置	(ぜんち)
前置き	(まえおき)
前置詞	(ぜんちし)
前週	(ぜんしゅう)
前祝い	(まえいわい)
前著	(ぜんちょ)
前装	(ぜんそう)
前装砲	(ぜんそうほう)
前蹤	(ぜんしょう)
前奏	(ぜんそう)
前奏曲	(ぜんそうきょく)
前足	(まえあし,ぜんし,ぜんきゃく)
前座	(ぜんざ)
虔み	(つつしみ)
虔み深い	(つつしみぶかい)
虔む	(つつしむ)
乾	(ほし)
乾かす	(かわかす)
乾き	(かわき)
乾く	(かわく)
乾し	(ほし)
乾し草	(ほしくさ,ほしぐさ)
乾し海苔	(ほしのり)
乾し葡萄	(ほしぶどう)
乾し物	(ほしもの)
乾し魚	(ほしうお,ほしいお)
乾す	(ほす)
乾せん	(かんせん)
乾パン	(かんパン)
乾びる	(からびる)
乾る	(ひる)
乾板	(かんぱん)
乾杯	(かんぱい)
乾盃	(かんぱい)
乾材	(かんざい)
乾菜	(かんさい)
乾草	(ほしくさ,ほしぐさ)
乾芻	(かんすう)
乾船渠	(かんせんきょ)
乾徳	(けんとく)
乾地農法	(かんちのうほう)
乾電池	(かんでんち)
乾児	(こぶん)
乾飯	(かれい,かれいい)
乾分	(こぶん)
乾風	(からかぜ)
乾干し	(からぼし)
乾固	(かんこ)
乾固まる	(ひかたまる)
乾果	(かんか)
乾菓子	(ひがし)
乾咳	(からせき,からぜき)
乾海苔	(ほしのり)
乾涸びる	(ひからびる)
乾季	(かんき)
乾枯	(かんこ)
乾坤	(けんこん)
乾坤一擲	(けんこんいってき)
乾酪	(かんらく)
乾酪素	(かんらくそ)
乾裂	(かんれつ)
乾溜	(かんりゅう)
乾留	(かんりゅう)
乾皮	(かんぴ)
乾瓢	(かんぴょう)
乾期	(かんき)
乾漆像	(かんしつぞう)
乾上がる	(ひあがる)
乾生姜	(かんしょうが)
乾生植物	(かんせいしょくぶつ)
乾湿	(かんしつ)
乾湿計	(かんしつけい)
乾食	(かんしょく)
乾蝕	(かんしょく)
乾拭	(からぶき)
乾拭き	(からぶき)
乾所帯	(かんじょたい)
乾田	(かんでん)
乾物	(ほしもの)
乾物屋	(かんぶつや)
乾舷	(かんげん)
乾性	(かんせい)
乾性油	(かんせいゆ)
乾癬	(かんせん)
乾燥	(かんそう)
乾燥材	(かんそうざい)
乾燥地	(かんそうち)
乾燥地農業	(かんそうちのうぎょう)
乾燥腐朽	(かんそうふきゅう)
乾燥果	(かんそうか)
乾燥機	(かんそうき)
乾燥季	(かんそうき)
乾燥剤	(かんそうざい)
乾燥炉	(かんそうろ)
乾燥卵	(かんそうらん,かんそうたまご)
乾燥牛乳	(かんそうぎゅうにゅう)
乾燥期	(かんそうき)
乾燥器	(かんそうき)
乾燥室	(かんそうしつ)
乾燥無味	(かんそうむみ)
乾燥洗濯	(かんそうせんたく)
乾燥野菜	(かんそうやさい)
鉗む	(つぐむ)
鉗口令	(かんこうれい)
鉗子	(かんし)
箝口令	(かんこうれい)
銭	(せん)
銭別	(せんべつ)
銭湯	(せんとう)
銭箱	(ぜにばこ)
蕁麻	(いらくさ,イラクサ,じんま)
蕁麻疹	(じんましん,ジンマシン)
潜む	(ひそむ)
潜める	(ひそめる)
潜り	(もぐり)
潜りこむ	(もぐりこむ)
潜り戸	(くぐりど)
潜り込む	(もぐりこむ)
潜伏	(せんぷく)
潜航	(せんこう)
潜熱	(せんねつ)
潜入	(せんにゅう)
潜時	(せんじ)
潜水	(せんすい)
潜水夫	(せんすいふ)
潜水艦	(せんすいかん)
潜望鏡	(せんぼうきょう)
潜心	(せんしん)
潜在	(せんざい)
潛む	(ひそむ)
潛心	(せんしん)
錢	(せん)
濳む	(ひそむ)
濳める	(ひそめる)
籖	(くじ,クジ)
浅い	(あさい)
浅はか	(あさはか)
浅ましい	(あさましい)
浅薄	(せんぱく)
浅海	(せんかい)
浅黒い	(あさぐろい)
浅間しい	(あさましい)
浅見	(せんけん)
浅瀬	(あさせ)
浅蜊	(あさり,アサリ)
浅緑	(あさみどり,せんりょく)
浅墓	(あさはか)
浅学	(せんがく)
浅学非才	(せんがくひさい)
浅学菲才	(せんがくひさい)
淺見	(せんけん)
遣い	(つかい)
遣いもの	(つかいもの,つかいもん)
遣い出	(つかいで)
遣い方	(つかいかた)
遣い果す	(つかいはたす)
遣い果たす	(つかいはたす)
遣い切る	(つかいきる)
遣い捨て	(つかいすて,つかいずて)
遣い手	(つかいて)
遣い物	(つかいもの,つかいもん)
遣い込む	(つかいこむ)
遣う	(つかう)
遣える	(つかえる)
遣す	(よこす)
遣って来る	(やってくる)
遣られる	(やられる)
遣りあう	(やりあう)
遣りなおす	(やりなおす)
遣り方	(やりかた)
遣り合う	(やりあう)
遣り切る	(やりきる)
遣り取り	(やりとり)
遣り遂げる	(やりとげる)
遣り通す	(やりとおす)
遣り様	(やりよう)
遣り込める	(やりこめる)
遣り繰り	(やりくり)
遣り直し	(やりなおし)
遣り直す	(やりなおす)
遣る	(やる,ヤる)
遣る瀬ない	(やるせない)
遣る瀬無い	(やるせない)
遣わす	(つかわす)
遣唐使	(けんとうし)
遣外	(けんがい)
遣直	(やりなおし)
譴責	(けんせき)
鑓	(やり)
欠	(あくび,アクビ)
欠かす	(かかす)
欠き氷	(かきごおり)
欠く	(かく)
欠け	(かけ)
欠けら	(かけら)
欠ける	(かける)
欠除	(けつじょ)
欠唇	(いぐち)
欠点	(けってん)
欠乏	(けつぼう)
欠番	(けつばん)
欠航	(けっこう)
欠課	(けっか)
欠礼	(けつれい)
欠落	(けつらく)
欠片	(かけら)
欠勤	(けっきん)
欠勤届	(けっきんとどけ)
欠勤届け	(けっきんとどけ)
欠如	(けつじょ)
欠伸	(あくび,アクビ)
欠損	(けっそん)
欠文	(けつぶん)
欠席	(けっせき)
欠席届	(けっせきとどけ)
欠席届け	(けっせきとどけ)
欠陥	(けっかん)
欠員	(けついん)
欠字	(けつじ)
茜	(あかね,アカネ)
茜さす	(あかねさす)
茜色	(あかねいろ)
倩	(つらつら)
倩々	(つらつら)
嵌まる	(はまる,ハマる)
嵌めこむ	(はめこむ)
嵌める	(はめる,ハメる)
嵌め込む	(はめこむ)
嵌る	(はまる,ハマる)
塹壕	(ざんごう)
篏める	(はめる,ハメる)
槍	(やり)
槍玉	(やりだま,ヤリだま)
錆	(さび)
錆び	(さび)
錆びつく	(さびつく,サビつく)
錆びる	(さびる)
錆び付く	(さびつく,サビつく)
錆付く	(さびつく,サビつく)
錆止め	(さびどめ)
鎗	(やり)
強い	(つよい)
強いて	(しいて)
強いていえば	(しいていえば)
強いて言えば	(しいていえば)
強いる	(しいる)
強か	(したたか)
強がり	(つよがり)
強か者	(したたかもの)
強き	(つよき)
強さ	(つよさ)
強じん	(きょうじん)
強の者	(ごうのもの,こうのもの)
強まる	(つよまる)
強み	(つよみ)
強める	(つよめる)
強弁	(きょうべん)
強辯	(きょうべん)
強打	(きょうだ)
強打者	(きょうだしゃ)
強大	(きょうだい)
強盗	(ごうとう)
強盗にはいる	(ごうとうにはいる)
強盗に入る	(ごうとうにはいる)
強敵	(きょうてき)
強調	(きょうちょう)
強度	(きょうど)
強奪	(ごうだつ)
強風	(きょうふう)
強剛	(きょうごう)
強固	(きょうこ)
強国	(きょうこく)
強含み	(つよふくみ,つよぶくみ)
強豪	(きょうごう)
強化	(きょうか)
強姦	(ごうかん)
強健	(きょうけん)
強力	(ごうりき)
強力粉	(きょうりきこ)
強烈	(きょうれつ)
強慢	(ごうまん)
強綿薬	(きょうめんやく)
強膜	(きょうまく)
強迫	(きょうはく)
強気	(つよき)
強情	(ごうじょう)
強請	(きょうせい,ごうせい)
強請る	(ねだる)
強靭	(きょうじん)
強靱	(きょうじん)
強弱	(きょうじゃく)
強勢	(ごうせい,こうせい)
強縮	(きょうしゅく)
強突く張り	(ごうつくばり)
強突張り	(ごうつくばり)
強味	(つよみ)
強心剤	(きょうしんざい)
強行	(きょうこう)
強要	(きょうよう)
強意	(きょうい)
強音	(きょうおん)
強引	(ごういん)
強硬	(きょうこう)
強硬派	(きょうこうは)
強欲	(ごうよく)
強慾	(ごうよく)
強者	(きょうしゃ)
強震	(きょうしん)
強制	(きょうせい)
強制的	(きょうせいてき)
強制収容	(きょうせいしゅうよう)
強制送還	(きょうせいそうかん)
強制中断	(きょうせいちゅうだん)
強壮	(きょうそう)
墻壁	(しょうへき)
薔薇	(ばら,しょうび,そうび)
薔薇薔薇	(バラバラ,ばらばら)
薔薇色	(バラいろ,ばらいろ)
薔薇十字団	(ばらじゅうじだん)
檣	(ほばしら)
牆	(かき)
牆壁	(しょうへき)
襁褓	(おしめ,むつき)
蹌踉めく	(よろめく)
悄れる	(しおれる)
悄気る	(しょげる)
悄気込む	(しょげこむ)
悄々	(しおしお)
悄悄	(しおしお)
悄然	(しょうぜん)
敲き	(たたき,タタキ)
敲く	(たたく)
橇	(ソリ,そり)
鍬	(くわ)
鍬入れ式	(くわいれしき)
喬木	(きょうぼく)
蕎麦	(そば,そばむぎ,そまむぎ)
蕎麦殻	(そばがら)
蕎麦滓	(そばかす,ソバカス)
憔悴	(しょうすい)
橋	(はし)
橋わたし	(はしわたし)
橋渡し	(はしわたし)
橋脚	(きょうきゃく)
橋脚舟	(きょうきゃくしゅう)
橋梁	(きょうりょう)
橋頭保	(きょうとうほ,きょうとうほう)
橋頭堡	(きょうとうほ,きょうとうほう)
樵	(きこり,しょうふ)
樵夫	(きこり,しょうふ)
顦顇	(しょうすい)
巧い	(うまい)
巧く	(うまく)
巧み	(たくみ)
巧妙	(こうみょう)
巧手	(こうしゅ)
巧言	(こうげん)
巧言令色	(こうげんれいしょく)
巧者	(こうしゃ)
巧拙	(こうせつ)
鞘	(さや,サヤ)
茄	(なす,なすび,ナス)
茄子	(なす,なすび,ナス)
且	(かつ)
且つ	(かつ)
且つ又	(かつまた)
且又	(かつまた)
切	(きり,キリ)
切っかけ	(きっかけ,キッカケ)
切っての	(きっての)
切っ掛け	(きっかけ,キッカケ)
切っ先	(きっさき,ほう)
切ない	(せつない)
切らす	(きらす)
切らず	(おから,きらず,せっかさい)
切らない	(きらない)
切ら無い	(きらない)
切り	(きり,キリ)
切りあげ	(きりあげ)
切りあげる	(きりあげる)
切りおろす	(きりおろす)
切りがいい	(きりがいい,きりがよい,キリがいい)
切りがない	(きりがない,キリがない)
切りがよい	(きりがいい,きりがよい,キリがいい)
切りかわる	(きりかわる)
切りが良い	(きりがいい,きりがよい,キリがいい)
切りが無い	(きりがない,キリがない)
切りくず	(きりくず)
切りこむ	(きりこむ)
切りさく	(きりさく)
切りさげる	(きりさげる)
切りそろえる	(きりそろえる)
切りだす	(きりだす)
切りたつ	(きりたつ)
切りつける	(きりつける)
切りっぱし	(きりっぱし)
切りつめる	(きりつめる)
切りっ端	(きりっぱし)
切りとる	(きりとる)
切りなおす	(きりなおす)
切りぬき	(きりぬき)
切りぬく	(きりぬく)
切りのない	(きりのない,キリのない)
切りの無い	(きりのない,キリのない)
切りはずす	(きりはずす)
切りひらく	(きりひらく)
切りまくる	(きりまくる)
切りまわす	(きりまわす)
切りもり	(きりもり)
切りわける	(きりわける)
切り岸	(きりぎし)
切り抜き	(きりぬき)
切り抜く	(きりぬく)
切り抜ける	(きりぬける)
切り崩す	(きりくずす)
切り幣	(きりぬさ)
切り変える	(きりかえる)
切り場	(きりば)
切り出し	(きりだし)
切り出す	(きりだす)
切り除ける	(きりのける)
切り窓	(きりまど)
切り疵	(きりきず)
切り倒す	(きりたおす)
切り調える	(きりととのえる)
切り釘	(きりくぎ)
切り端	(きりは)
切り髪	(きりかみ,きりがみ)
切り払う	(きりはらう)
切り返し	(きりかえし)
切り方	(きりかた)
切り放す	(きりはなす)
切り放つ	(きりはなつ)
切り分かつ	(きりわかつ)
切り分ける	(きりわける)
切り伏せる	(きりふせる)
切り付ける	(きりつける)
切り干し	(きりぼし)
切り割く	(きりさく)
切り割る	(きりわる)
切り広げる	(きりひろげる)
切り杭	(きりくい)
切り合い	(きりあい)
切り戸	(きりど)
切り花	(きりばな)
切り換え	(きりかえ)
切り換える	(きりかえる)
切り換え時	(きりかえとき,きりかえどき)
切り回す	(きりまわす)
切り火	(きりび)
切り継ぎ	(きりつぎ)
切り揃える	(きりそろえる)
切り接ぎ	(きりつぎ)
切り結ぶ	(きりむすぶ)
切り詰め	(きりつめ)
切り詰める	(きりつめる)
切り解く	(きりほどく)
切り据える	(きりすえる)
切り捲る	(きりまくる)
切り開き	(きりひらき)
切り開く	(きりひらく)
切り刻む	(きりきざむ)
切り口	(きりくち)
切り口上	(きりこうじょう)
切り枯らす	(きりからす)
切り狂言	(きりきょうげん)
切り拡げる	(きりひろげる)
切り離す	(きりはなす)
切り離れる	(きりはなれる)
切り立つ	(きりたつ)
切り立った	(きりたった)
切り立て	(きりたて)
切り立てる	(きりたてる)
切り裂く	(きりさく)
切り賃	(きりちん)
切り籠	(きりこ)
切り落す	(きりおとす)
切り落とす	(きりおとす)
切り売り	(きりうり)
切り売り主義	(きりうりしゅぎ)
切り暖簾	(きりのれん)
切り破る	(きりやぶる)
切り起こす	(きりおこす)
切り乾し	(きりぼし)
切り取り	(きりとり,きりどり)
切り取り強盗	(きりとりごうとう)
切り取り線	(きりとりせん,キリトリせん)
切り取る	(きりとる)
切り去る	(きりさる)
切り入る	(きりいる)
切り入れる	(きりいれる)
切り散らす	(きりちらす)
切り殺す	(きりころす)
切り傷	(きりきず)
切り上げ	(きりあげ)
切り上げる	(きりあげる)
切り捨てる	(きりすてる)
切り身	(きりみ)
切り盛り	(きりもり)
切り石	(きりいし)
切り手	(きりて)
切り死に	(きりじに)
切り拓く	(きりひらく)
切り炭	(きりずみ)
切り替え	(きりかえ)
切り替える	(きりかえる)
切り替え時	(きりかえとき,きりかえどき)
切り替わる	(きりかわる)
切り畑	(きりはた)
切り貼り	(きりばり)
切り通し	(きりどおし,きりとおし)
切り通す	(きりとおす)
切り外す	(きりはずす)
切り細裂く	(きりこまざく)
切り下げる	(きりさげる)
切り下ろす	(きりおろす)
切り屑	(きりくず)
切り込み炭	(きりこみたん)
切り込む	(きりこむ)
切り羽	(きりは)
切り札	(きりふだ)
切り張り	(きりばり)
切り整える	(きりととのえる)
切り枝	(きりえだ)
切り直す	(きりなおす)
切り紙	(きりかみ,きりがみ)
切り株	(きりかぶ)
切り子	(きりこ)
切り組む	(きりくむ)
切る	(きる,キる)
切れ	(きれ)
切れっぱし	(きれっぱし)
切れっ端	(きれっぱし)
切れない	(きれない)
切れはし	(きれはし)
切れる	(きれる)
切れ端	(きれはし)
切れ間	(きれま)
切れ目	(きれめ)
切れ切れ	(きれぎれ)
切れ手	(きれて)
切れ味	(きれあじ)
切れ屋	(きれや)
切れ無い	(きれない)
切れ物	(きれもの)
切れ屑	(きれくず)
切れ込み	(きれこみ)
切れ込む	(きれこむ)
切れ者	(きれもの)
切れ痔	(きれじ)
切愛	(せつあい)
切抜	(きりぬき)
切抜き	(きりぬき)
切抜く	(きりぬく)
切抜ける	(きりぬける)
切歯	(せっし)
切歯扼腕	(せっしやくわん)
切出す	(きりだす)
切除	(せつじょ)
切窓	(きりまど)
切疵	(きりきず)
切瑳	(せっさ)
切瑳琢磨	(せっさたくま)
切磋	(せっさ)
切磋琢磨	(せっさたくま)
切倒す	(きりたおす)
切点	(せってん)
切諌	(せっかん)
切端	(きりは)
切断	(せつだん)
切断患者	(せつだんかんじゃ)
切断機	(せつだんき)
切断面	(せつだんめん)
切断図	(せつだんず)
切髪	(きりかみ,きりがみ)
切払う	(きりはらう)
切放す	(きりはなす)
切分ける	(きりわける)
切符	(きっぷ)
切符売り	(きっぷうり)
切符売り場	(きっぷうりば)
切符売場	(きっぷうりば)
切符切り	(きっぷきり)
切腹	(せっぷく)
切干	(きりぼし)
切干し	(きりぼし)
切割る	(きりわる)
切掛	(きっかけ,キッカケ)
切掛け	(きっかけ,キッカケ)
切広げる	(きりひろげる)
切合い	(きりあい)
切花	(きりばな)
切換え	(きりかえ)
切回す	(きりまわす)
切火	(きりび)
切継ぎ	(きりつぎ)
切尖	(きっさき,ほう)
切角	(せっかく)
切接ぎ	(きりつぎ)
切結ぶ	(きりむすぶ)
切詰める	(きりつめる)
切解く	(きりほどく)
切開	(せっかい)
切口	(きりくち)
切狂言	(きりきょうげん)
切拡げる	(きりひろげる)
切離す	(きりはなす)
切立	(きりたて)
切立つ	(きりたつ)
切立て	(きりたて)
切裂く	(きりさく)
切籠	(きりこ)
切論	(せつろん)
切落す	(きりおとす)
切落とす	(きりおとす)
切売り	(きりうり)
切片	(せっぺん)
切迫	(せっぱく)
切破る	(きりやぶる)
切々	(せつせつ)
切切	(せつせつ)
切情	(せつじょう)
切取り	(きりとり,きりどり)
切取り線	(きりとりせん,キリトリせん)
切取る	(きりとる)
切取線	(きりとりせん,キリトリせん)
切散らす	(きりちらす)
切殺す	(きりころす)
切傷	(きりきず)
切上	(きりあげ)
切上げ	(きりあげ)
切上げる	(きりあげる)
切捨てる	(きりすてる)
切身	(きりみ)
切盛	(きりもり)
切盛り	(きりもり)
切石	(きりいし)
切実	(せつじつ)
切手	(きれて)
切死丹	(キリシタン)
切炭	(きりずみ)
切替え	(きりかえ)
切替える	(きりかえる)
切替る	(きりかわる)
切替わる	(きりかわる)
切畑	(きりはた)
切貼り	(きりばり)
切通	(きりどおし,きりとおし)
切通し	(きりどおし,きりとおし)
切望	(せつぼう)
切味	(きれあじ)
切物	(きれもの)
切下ろす	(きりおろす)
切先	(きっさき,ほう)
切線	(せっせん)
切言	(せつげん)
切羽	(きりは)
切羽つまる	(せっぱつまる)
切羽詰まる	(せっぱつまる)
切羽詰る	(せっぱつまる)
切願	(せつがん)
切札	(きりふだ)
切張り	(きりばり)
切者	(きれもの)
切支丹	(キリシタン)
切紙	(きりかみ,きりがみ)
切痔	(きれじ)
切株	(きりかぶ)
切子	(きりこ)
怯える	(おびえる)
怯む	(ひるむ)
窃盗	(せっとう)
窃盗犯	(せっとうはん)
窃盗罪	(せっとうざい)
窃取	(せっしゅ)
侵す	(おかす)
侵犯	(しんぱん)
侵攻	(しんこう)
侵害	(しんがい)
侵害者	(しんがいしゃ)
侵撃	(しんげき)
侵冦	(しんこう)
侵掠	(しんりゃく)
侵略	(しんりゃく)
侵略的	(しんりゃくてき)
侵略国	(しんりゃくこく)
侵略軍	(しんりゃくぐん)
侵略戦争	(しんりゃくせんそう)
侵略者	(しんりゃくしゃ)
侵入	(しんにゅう)
侵入軍	(しんにゅうぐん)
侵入者	(しんにゅうしゃ)
侵食	(しんしょく)
侵蝕	(しんしょく)
侵水	(しんすい)
衾	(ふすま)
琴	(こと,そう)
琴線	(きんせん)
禽	(とり,トリ)
禽鳥	(きんちょう)
禽舎	(きんしゃ)
禽獣	(きんじゅう)
勤まらない	(つとまらない)
勤まる	(つとまる)
勤め	(つとめ)
勤める	(つとめる)
勤め働く	(つとめはたらく)
勤め奉公	(つとめぼうこう)
勤め口	(つとめぐち)
勤め気	(つとめぎ)
勤め人	(つとめにん)
勤め上げる	(つとめあげる)
勤め盛り	(つとめざかり)
勤め先	(つとめさき)
勤め向き	(つとめむき)
勤め行なう	(つとめおこなう)
勤め振り	(つとめぶり)
勤怠	(きんたい)
勤惰	(きんだ)
勤番	(きんばん)
勤皇	(きんのう)
勤皇家	(きんのうか)
勤皇攘夷	(きんのうじょうい)
勤倹	(きんけん)
勤恪	(きんかく)
勤苦	(きんく)
勤労	(きんろう)
勤労大衆	(きんろうたいしゅう)
勤労奉仕	(きんろうほうし)
勤労感謝の日	(きんろうかんしゃのひ)
勤労階級	(きんろうかいきゅう)
勤労所得	(きんろうしょとく)
勤労者	(きんろうしゃ)
勤勉	(きんべん)
勤求	(ごんぐ)
勤王	(きんのう)
勤王家	(きんのうか)
勤王攘夷	(きんのうじょうい)
勤務	(きんむ)
勤務地手当	(きんむちてあて)
勤務地手当て	(きんむちてあて)
勤務交代	(きんむこうたい)
勤務年限	(きんむねんげん)
勤務評定	(きんむひょうてい)
勤務実績	(きんむじっせき)
勤務先	(きんむさき)
勤務員	(きんむいん)
勤務者	(きんむしゃ)
勤行	(ごんぎょう)
勤続	(きんぞく)
勤続者	(きんぞくしゃ)
擒	(とりこ)
寝かす	(ねかす)
寝かせる	(ねかせる)
寝こむ	(ねこむ)
寝ころぶ	(ねころぶ)
寝すぎる	(ねすぎる)
寝ずの番	(ねずのばん)
寝そべる	(ねそべる)
寝つき	(ねつき)
寝つく	(ねつく)
寝どこ	(ねどこ)
寝なおす	(ねなおす)
寝る	(ねる)
寝不足	(ねぶそく)
寝床	(ねどこ)
寝袋	(ねぶくろ)
寝道具	(ねどうぐ)
寝返る	(ねがえる)
寝坊	(ねぼう)
寝付き	(ねつき)
寝付く	(ねつく)
寝過ぎる	(ねすぎる)
寝化粧	(ねげしょう)
寝間着	(ねまき)
寝静まる	(ねしずまる)
寝具	(しんぐ)
寝具類	(しんぐるい)
寝巻	(ねまき)
寝巻き	(ねまき)
寝覚める	(ねざめる)
寝苦しい	(ねぐるしい)
寝淋しい	(ねさびしい)
寝乱れ髪	(ねみだれがみ)
寝起き	(ねおき)
寝食	(しんしょく)
寝食い	(ねぐい)
寝室	(しんしつ)
寝損う	(ねそこなう)
寝損なう	(ねそこなう)
寝台	(しんだい,ねだい)
寝台車	(しんだいしゃ)
寝台虫	(しんだいむし)
寝台券	(しんだいけん)
寝物語	(ねものがたり)
寝息	(ねいき)
寝醒める	(ねざめる)
寝言	(ねごと)
寝言を言う	(ねごとをいう)
寝顔	(ねがお)
寝様	(ねざま)
寝衣	(ねまき)
寝込み	(ねこみ,ねごみ)
寝込む	(ねこむ)
寝直す	(ねなおす)
寝転ぶ	(ねころぶ)
沁みる	(しみる)
沁み渡る	(しみわたる)
沁み沁み	(しみじみ)
沁み透る	(しみとおる)
沁み込む	(しみこむ)
沁沁	(しみじみ)
青	(あお)
青い	(あおい)
青い鳥	(あおいとり)
青カビ	(あおかび,アオカビ)
青かび	(あおかび,アオカビ)
青くさい	(あおくさい)
青ざめる	(あおざめる)
青ジソ	(あおじそ,あおジソ)
青じそ	(あおじそ,あおジソ)
青じろい	(あおじろい)
青すじ	(あおすじ)
青ぶくれ	(あおぶくれ)
青白い	(あおじろい)
青菜	(あおな)
青草	(あおくさ,せいそう)
青虫	(あおむし)
青臭い	(あおくさい)
青春	(せいしゅん)
青春期	(せいしゅんき)
青大将	(あおだいしょう,アオダイショウ)
青砥	(あおと)
青畳	(あおだたみ)
青二才	(あおにさい)
青二歳	(あおにさい)
青浮草	(あおうきくさ)
青果	(せいか)
青海原	(あおうなばら)
青筋	(あおすじ)
青空	(あおぞら)
青空市場	(あおぞらいちば)
青嵐	(あおあらし,せいらん)
青藍色	(せいらんしょく)
青竜蝦	(しゃこ,シャコ)
青黴	(あおかび,アオカビ)
青年	(せいねん)
青膨れ	(あおぶくれ)
青萍	(あおうきくさ)
青々	(あおあお)
青青	(あおあお)
青色	(あおいろ,せいしょく)
青森県	(あおもりけん)
青森縣	(あおもりけん)
青少年	(せいしょうねん)
青酸	(せいさん)
青天のへきれき	(せいてんのへきれき)
青天の霹靂	(せいてんのへきれき)
青天白日	(せいてんはくじつ)
青天井	(あおてんじょう)
青天井予算	(あおてんじょうよさん)
青田買い	(あおたがい)
青条	(あおすじ)
青桐	(あおぎり,ごとう,アオギリ)
青銅	(せいどう)
青銅器時代	(せいどうきじだい)
青銅色	(せいどうしょく)
青図	(あおず)
青褪める	(あおざめる)
青物	(あおもの)
青信号	(あおしんごう)
青懸巣	(あおかけす,アオカケス)
青眼	(せいがん)
青玉	(せいぎょく)
青脹れ	(あおぶくれ)
青紫蘇	(あおじそ,あおジソ)
卿	(きょう)
清い	(きよい)
清し汁	(すましじる)
清まし汁	(すましじる)
清ます	(すます)
清まる	(きよまる)
清む	(すむ)
清め	(きよめ)
清める	(きよめる)
清らか	(きよらか)
清澄	(せいちょう)
清純	(せいじゅん)
清潔	(せいけつ)
清浄	(せいじょう,しょうじょう)
清酒	(せいしゅ)
清廉	(せいれん)
清廉潔白	(せいれんけっぱく)
清涼	(せいりょう)
清涼飲料	(せいりょういんりょう)
清涼飲料水	(せいりょういんりょうすい)
清流	(せいりゅう)
清明	(せいめい)
清貧	(せいひん)
清々	(せいせい)
清々しい	(すがすがしい)
清清	(せいせい)
清清しい	(すがすがしい)
清栄	(せいえい)
清掃	(せいそう)
清掃車	(せいそうしゃ)
清掃夫	(せいそうふ)
清勝	(せいしょう)
清書	(せいしょ)
清水	(しみず,せいすい,きよみず)
清算	(せいさん)
清粋	(せいすい)
清祥	(せいしょう)
清元節	(きよもとぶし)
清濁	(せいだく)
軽い	(かるい,かろい)
軽べつ	(けいべつ)
軽やか	(かろやか,かるやか)
軽んじる	(かろんじる)
軽薄	(けいはく)
軽輩	(けいはい)
軽便	(けいべん,けいびん)
軽度	(けいど)
軽犯罪	(けいはんざい)
軽歌劇	(けいかげき)
軽工業	(けいこうぎょう)
軽機	(けいき)
軽機関銃	(けいきかんじゅう)
軽減	(けいげん)
軽金属	(けいきんぞく)
軽挙妄動	(けいきょもうどう)
軽口	(かるくち)
軽快	(けいかい)
軽労働	(けいろうどう)
軽量	(けいりょう)
軽率	(けいそつ)
軽妙	(けいみょう)
軽蔑	(けいべつ)
軽目焼	(カルメやき)
軽騎兵	(けいきへい)
軽気球	(けいききゅう)
軽々	(かるがる,かろがろ)
軽々しい	(かるがるしい,かろがろしい)
軽軽	(かるがる,かろがろ)
軽軽しい	(かるがるしい,かろがろしい)
軽傷	(けいしょう)
軽焼き	(かるやき)
軽少	(けいしょう)
軽石	(かるいし)
軽食	(けいしょく)
軽視	(けいし)
軽輸送ヘリコプター	(けいゆそうヘリコプター)
軽水炉	(けいすいろ)
軽佻浮薄	(けいちょうふはく)
軽侮	(けいぶ)
軽業	(かるわざ)
軽音楽	(けいおんがく)
軽油	(けいゆ)
軽震	(けいしん)
軽症	(けいしょう)
軽装	(けいそう)
軽卒	(けいそつ)
傾	(ななめ,なのめ)
傾き	(かたむき)
傾く	(かたむく,かたぶく)
傾ぐ	(かしぐ,かたぐ)
傾ける	(かたむける)
傾げる	(かしげる,かたげる)
傾れる	(なだれる)
傾れ落ちる	(なだれおちる)
傾れ込む	(なだれこむ)
傾差	(けいさ)
傾城	(けいせい)
傾倒	(けいとう)
傾度	(けいど)
傾覆	(けいふく)
傾国	(けいこく)
傾角	(けいかく)
傾聴	(けいちょう)
傾聽	(けいちょう)
傾向	(けいこう)
傾斜	(けいしゃ)
傾斜度	(けいしゃど)
傾斜角	(けいしゃかく)
傾斜面	(けいしゃめん)
傾瀉	(けいしゃ)
傾注	(けいちゅう)
蜻蛉	(かげろう,カゲロウ)
蜻蜓	(とんぼ,とんぼう,トンボ)
蜻蜒	(とんぼ,とんぼう,トンボ)
鯖	(さば,サバ)
鯖を読む	(さばをよむ)
情	(じょう)
情け	(なさけ)
情けない	(なさけない,なっさけない)
情け深い	(なさけぶかい)
情け無い	(なさけない,なっさけない)
情け知らず	(なさけしらず)
情ない	(なさけない,なっさけない)
情愛	(じょうあい)
情報	(じょうほう)
情報処理	(じょうほうしょり)
情報工学	(じょうほうこうがく)
情報化	(じょうほうか)
情報機器	(じょうほうきき)
情報技術	(じょうほうぎじゅつ)
情報科学	(じょうほうかがく)
情報理論	(じょうほうりろん)
情報量	(じょうほうりょう)
情報通信	(じょうほうつうしん)
情報元	(じょうほうげん)
情報源	(じょうほうげん)
情報主要素	(じょうほうしゅようそ)
情夫	(じょうふ)
情婦	(じょうふ)
情感	(じょうかん)
情機	(じょうき)
情景	(じょうけい)
情況	(じょうきょう)
情念	(じょうねん)
情趣	(じょうしゅ)
情熱	(じょうねつ)
情深い	(なさけぶかい)
情事	(じょうじ)
情勢	(じょうせい)
情死	(じょうし)
情態	(じょうたい)
情無い	(なさけない,なっさけない)
情緒	(じょうちょ,じょうしょ)
情緒てんめん	(じょうしょてんめん,じょうちょてんめん)
情緒纏綿	(じょうしょてんめん,じょうちょてんめん)
情緒纒綿	(じょうしょてんめん,じょうちょてんめん)
情意	(じょうい)
情欲	(じょうよく)
情慾	(じょうよく)
情知らず	(なさけしらず)
情状酌量	(じょうじょうしゃくりょう)
晴	(はれ)
晴らす	(はらす)
晴れ	(はれ)
晴れる	(はれる)
晴れ後雨	(はれのちあめ)
晴れ間	(はれま)
晴れ上がる	(はれあがる)
晴れ舞台	(はれぶたい)
晴れ着	(はれぎ)
晴れ着姿	(はれぎすがた)
晴耕雨読	(せいこううどく)
晴後雨	(はれのちあめ)
晴間	(はれま)
晴朗	(せいろう)
晴々	(せいせい)
晴晴	(せいせい)
晴曇	(せいどん)
晴天	(せいてん,せいでん)
晴天のへきれき	(せいてんのへきれき)
晴天の霹靂	(せいてんのへきれき)
晴天白日	(せいてんはくじつ)
晴舞台	(はれぶたい)
晴夜	(せいや)
晴一時小雨	(はれいちじこさめ)
晴着	(はれぎ)
頃	(ころ,ごろ)
頃合	(ころあい)
頃合い	(ころあい)
頃刻	(けいこく)
請い	(こい)
請う	(こう)
請ける	(うける,ウケる)
請け負う	(うけおう)
請け合う	(うけあう)
請け売り	(うけうり)
請待	(しょうたい,しょうだい)
請負う	(うけおう)
請負人	(うけおいにん)
請合う	(うけあう)
請売り	(うけうり)
請求	(せいきゅう)
請求書	(せいきゅうしょ)
請取	(うけとり)
請願	(せいがん)
謦咳	(けいがい)
慶び	(よろこび)
慶ぶ	(よろこぶ)
慶安	(けいあん)
慶庵	(けいあん)
慶弔	(けいちょう)
慶賀	(けいが)
慶事	(けいじ)
慶祝	(けいしゅく)
親	(おや)
親しい	(したしい)
親しみやすい	(したしみやすい)
親しみ易い	(したしみやすい)
親しむ	(したしむ)
親しらず	(おやしらず)
親せき	(しんせき)
親の七光	(おやのななひかり)
親の七光り	(おやのななひかり)
親バカ	(おやばか)
親ばか	(おやばか)
親ぼく	(しんぼく)
親ぼく会	(しんぼくかい)
親もと	(おやもと)
親愛	(しんあい)
親不孝	(おやふこう)
親不幸	(おやふこう)
親不知	(おやしらず)
親方	(おやかた,おやがた)
親分	(おやぶん)
親父	(おやじ,オヤジ)
親和	(しんわ)
親和性	(しんわせい)
親許	(おやもと)
親画面	(おやがめん)
親近感	(しんきんかん)
親局	(おやきょく)
親類	(しんるい)
親馬鹿	(おやばか)
親密	(しんみつ)
親密感	(しんみつかん)
親睦	(しんぼく)
親睦会	(しんぼくかい)
親戚	(しんせき)
親戚知己	(しんせきちき)
親切	(しんせつ)
親譲り	(おやゆずり)
親仁	(おやじ,オヤジ)
親日	(しんにち)
親善	(しんぜん)
親身	(しんみ)
親衛	(しんえい)
親孝行	(おやこうこう)
親爺	(おやじ,オヤジ)
親友	(しんゆう)
親玉	(おやだま)
親元	(おやもと)
親展	(しんてん)
親知らず	(おやしらず)
親指	(おやゆび)
親子	(おやこ,しんし)
親子どん	(おやこどん,おやこどんぶり)
親子どんぶり	(おやこどん,おやこどんぶり)
親子丼	(おやこどん,おやこどんぶり)
親字	(おやじ)
親族	(しんぞく)
蛩	(こおろぎ,コオロギ)
蛬	(こおろぎ,コオロギ)
跫	(あしおと)
跫音	(あしおと)
窮まる	(きわまる)
窮み	(きわみ)
窮める	(きわめる)
窮地	(きゅうち)
窮乏	(きゅうぼう)
窮極	(きゅうきょく)
窮境	(きゅうきょう)
窮民	(きゅうみん)
窮迫	(きゅうはく)
窮屈	(きゅうくつ)
窮状	(きゅうじょう)
丘	(おか)
丘しん	(きゅうしん)
丘辺	(おかべ)
丘陵	(きゅうりょう)
丘陵地帯	(きゅうりょうちたい)
丘上	(きゅうじょう)
丘疹	(きゅうしん)
秋	(とき)
秋の色	(あきのいろ)
秋りん	(しゅうりん)
秋刀魚	(さんま,サンマ)
秋分	(しゅうぶん)
秋分の日	(しゅうぶんのひ)
秋風	(あきかぜ,しゅうふう)
秋口	(あきぐち)
秋霖	(しゅうりん)
秋気	(しゅうき)
秋晴	(あきばれ,しゅうせい)
秋晴れ	(あきばれ,しゅうせい)
秋田県	(あきたけん)
秋田縣	(あきたけん)
秋雨	(あきさめ,しゅうう)
蚯蚓	(ミミズ,みみず,めめず)
萩	(はぎ,ハギ)
萩原	(はぎはら,はぎわら)
鞦韆	(ぶらんこ,ブランコ)
鰍	(かじか,とふぎょ,カジカ)
鰌	(どじょう,どんじょう,どんじょ)
囚われる	(とらわれる)
囚人	(しゅうじん,めしゅうど,めしうど)
囚人労働	(しゅうじんろうどう)
求ム	(もとむ)
求む	(もとむ)
求め	(もとめ)
求める	(もとめる)
求愛	(きゅうあい)
求愛誇示	(きゅうあいこじ)
求償	(きゅうしょう)
求道	(きゅうどう,ぐどう)
求道者	(きゅうどうしゃ,ぐどうしゃ)
求法者	(ぐほうしゃ)
求婚	(きゅうこん)
求婚者	(きゅうこんしゃ)
求積	(きゅうせき)
求妻広告	(きゅうさいこうこく)
求人	(きゅうじん)
求人広告	(きゅうじんこうこく)
求人口	(きゅうじんぐち)
求人者	(きゅうじんしゃ)
求人誌	(きゅうじんし)
求心力	(きゅうしんりょく)
求刑	(きゅうけい)
求縁	(きゅうえん)
求職	(きゅうしょく)
求職広告	(きゅうしょくこうこく)
求職係	(きゅうしょくがかり)
求職者	(きゅうしょくしゃ)
球	(たま)
球場	(きゅうじょう)
球根	(きゅうこん)
球技	(きゅうぎ)
球茎	(きゅうけい)
球菌	(きゅうきん)
球面	(きゅうめん)
球面三角法	(きゅうめんさんかくほう)
球審	(きゅうしん)
球拾い	(たまひろい)
球体	(きゅうたい)
球団	(きゅうだん)
球戯	(きゅうぎ)
球形	(きゅうけい)
球状	(きゅうじょう)
球撞き	(たまつき)
毬	(まり)
区	(く)
区別	(くべつ)
区裁判所	(くさいばんしょ)
区長	(くちょう)
区処	(くしょ)
区点	(くてん)
区費	(くひ)
区分	(くぶん)
区分け	(くわけ)
区画	(くかく)
区画整理	(くかくせいり)
区劃	(くかく)
区劃整理	(くかくせいり)
区会	(くかい)
区会議員	(くかいぎいん)
区間	(くかん)
区間列車	(くかんれっしゃ)
区検	(くけん)
区民	(くみん)
区内	(くない)
区切	(くぎり)
区切り	(くぎり)
区切る	(くぎる)
区々	(まちまち)
区区	(まちまち)
区役所	(くやくしょ)
区議	(くぎ)
区域	(くいき)
曲	(きょく)
曲がりかど	(まがりかど)
曲がりくねる	(まがりくねる)
曲がり尺	(まがりがね,まがりじゃく)
曲がり道	(まがりみち)
曲がり角	(まがりかど)
曲がり金	(まがりがね,まがりじゃく)
曲がり路	(まがりみち)
曲がり目	(まがりめ)
曲がる	(まがる)
曲げる	(まげる)
曲げ物	(まげもの,わげもの)
曲げ易い	(まげやすい)
曲ごま	(きょくごま)
曲りくねる	(まがりくねる)
曲り尺	(まがりがね,まがりじゃく)
曲り道	(まがりみち)
曲り角	(まがりかど)
曲り金	(まがりがね,まがりじゃく)
曲り路	(まがりみち)
曲り目	(まがりめ)
曲る	(まがる)
曲筆	(きょくひつ)
曲庇	(きょくひ)
曲乗り	(きょくのり)
曲尺	(かねじゃく,きょくしゃく)
曲調	(きょくちょう)
曲独楽	(きょくごま)
曲悪	(きょくあく)
曲飛び	(きょくとび)
曲技	(きょくぎ)
曲節	(きょくせつ)
曲解	(きょっかい)
曲流	(きょくりゅう)
曲路	(きょくろ)
曲論	(きょくろん)
曲率	(きょくりつ)
曲馬	(きょくば)
曲馬師	(きょくばし)
曲馬団	(きょくばだん)
曲面	(きょくめん)
曲名	(きょくめい)
曲目	(きょくもく)
曲譜	(きょくふ)
曲球	(きょっきゅう)
曲射	(きょくしゃ)
曲射砲	(きょくしゃほう)
曲事	(くせごと)
曲水	(きょくすい)
曲説	(きょくせつ)
曲弾	(きょくびき)
曲弾き	(きょくびき)
曲舞	(くせまい)
曲物	(まげもの,わげもの)
曲線	(きょくせん)
曲線美	(きょくせんび)
曲学	(きょくがく)
曲学阿世	(きょくがくあせい)
曲飲み	(きょくのみ)
曲玉	(まがたま)
曲芸	(きょくげい)
曲芸師	(きょくげいし)
曲折	(きょくせつ)
曲者	(くせもの,クセモノ)
曲直	(きょくちょく)
屈する	(くっする)
屈む	(かがむ,こごむ,くぐむ)
屈める	(かがめる,こごめる)
屈従	(くつじゅう)
屈伏	(くっぷく)
屈服	(くっぷく)
屈強	(くっきょう)
屈曲	(くっきょく)
屈辱	(くつじょく)
屈伸	(くっしん)
屈托	(くったく)
屈託	(くったく)
屈折	(くっせつ)
屈指	(くっし)
區	(く)
區別	(くべつ)
區畫	(くかく)
區劃	(くかく)
躯	(からだ)
駆けあがる	(かけあがる)
駆けこむ	(かけこむ)
駆けだす	(かけだす)
駆けつける	(かけつける)
駆けっこ	(かけっこ)
駆けぬける	(かけぬける)
駆けのぼる	(かけのぼる)
駆けまわる	(かけまわる)
駆けよる	(かけよる)
駆ける	(かける)
駆け抜ける	(かけぬける)
駆け出す	(かけだす)
駆け登る	(かけのぼる)
駆け付ける	(かけつける)
駆け回る	(かけまわる)
駆け寄る	(かけよる)
駆け降りる	(かけおりる)
駆け落ち	(かけおち)
駆け上がる	(かけあがる)
駆け上る	(かけあがる)
駆け下りる	(かけおりる)
駆け引き	(かけひき)
駆け込み	(かけこみ)
駆け込み寺	(かけこみでら)
駆け込む	(かけこむ)
駆け足	(かけあし)
駆りだす	(かりだす)
駆りたてる	(かりたてる)
駆り出す	(かりだす)
駆り立てる	(かりたてる)
駆る	(かる)
駆抜ける	(かけぬける)
駆虫剤	(くちゅうざい)
駆出す	(かけだす)
駆除	(くじょ)
駆動	(くどう)
駆動機	(くどうき)
駆付ける	(かけつける)
駆寄る	(かけよる)
駆落ち	(かけおち)
駆使	(くし)
駆下りる	(かけおりる)
駆引き	(かけひき)
駆込み	(かけこみ)
駆込み寺	(かけこみでら)
駆逐	(くちく)
駆逐艦	(くちくかん)
駆足	(かけあし)
麹	(こうじ,かむだち)
麹カビ	(コウジカビ,こうじかび)
麹菌	(こうじきん,きくきん)
麹黴	(コウジカビ,こうじかび)
駈けっこ	(かけっこ)
駈ける	(かける)
駈け抜ける	(かけぬける)
駈け出す	(かけだす)
駈け付ける	(かけつける)
駈け回る	(かけまわる)
駈け寄る	(かけよる)
駈け降りる	(かけおりる)
駈け落ち	(かけおち)
駈け込み	(かけこみ)
駈け込む	(かけこむ)
駈け足	(かけあし)
駈る	(かる)
駈落ち	(かけおち)
駈込み	(かけこみ)
駈足	(かけあし)
髷	(まげ)
趨く	(おもむく)
趨る	(はしる)
趨勢	(すうせい)
麴菌	(こうじきん,きくきん)
渠魁	(きょかい)
衢	(ちまた)
取っかえ引っかえ	(とっかえひっかえ)
取っちめる	(とっちめる)
取って参る	(とってまいる)
取っ締める	(とっちめる)
取っ換え引っ換え	(とっかえひっかえ)
取っ手	(とって,はしゅ)
取っ替え引っ替え	(とっかえひっかえ)
取っ組み合う	(とっくみあう)
取っ組合う	(とっくみあう)
取らぬ狸の皮算用	(とらぬたぬきのかわざんよう)
取りあう	(とりあう)
取りあえず	(とりあえず)
取りあげる	(とりあげる)
取りあつかう	(とりあつかう)
取りいる	(とりいる)
取りかえる	(とりかえる)
取りかかる	(とりかかる)
取りかこむ	(とりかこむ)
取りかわす	(とりかわす)
取りこぼす	(とりこぼす)
取りこみ	(とりこみ)
取りこむ	(とりこむ)
取りざた	(とりざた)
取りさる	(とりさる)
取りしきる	(とりしきる)
取りすがる	(とりすがる)
取りだす	(とりだす)
取りたてる	(とりたてる)
取りつかれる	(とりつかれる)
取りつく	(とりつく)
取りつぐ	(とりつぐ)
取りつくろう	(とりつくろう)
取りつける	(とりつける)
取りなおす	(とりなおす)
取りなす	(とりなす)
取りのぞく	(とりのぞく)
取りはずす	(とりはずす)
取りまく	(とりまく)
取りもどす	(とりもどす)
取りわけ	(とりわけ)
取り柄	(とりえ)
取り残す	(とりのこす)
取り扱	(とりあつかい)
取り扱い	(とりあつかい)
取り扱い方	(とりあつかいかた)
取り扱い説明書	(とりあつかいせつめいしょ)
取り扱い注意	(とりあつかいちゅうい)
取り扱う	(とりあつかう)
取り扱説明書	(とりあつかいせつめいしょ)
取り成す	(とりなす)
取り持つ	(とりもつ)
取り出す	(とりだす)
取り除く	(とりのぞく)
取り次ぎ	(とりつぎ)
取り次ぐ	(とりつぐ)
取り得	(とりえ)
取り締まり	(とりしまり)
取り締まる	(とりしまる)
取り調べ	(とりしらべ)
取り調べる	(とりしらべる)
取り返す	(とりかえす)
取り分け	(とりわけ)
取り付かれる	(とりつかれる)
取り付く	(とりつく)
取り付ける	(とりつける)
取り敢えず	(とりあえず)
取り掛かる	(とりかかる)
取り掛る	(とりかかる)
取り合い	(とりあい)
取り合う	(とりあう)
取り合えず	(とりあえず)
取り換える	(とりかえる)
取り混ぜる	(とりまぜる)
取り急ぎ	(とりいそぎ)
取り急ぐ	(とりいそぐ)
取り極め	(とりきめ)
取り計らう	(とりはからう)
取り寄せる	(とりよせる)
取り継ぐ	(とりつぐ)
取り交わす	(とりかわす)
取り結ぶ	(とりむすぶ)
取り巻く	(とりまく)
取り決め	(とりきめ)
取り立てる	(とりたてる)
取り零す	(とりこぼす)
取り乱す	(とりみだす)
取り憑かれる	(とりつかれる)
取り去る	(とりさる)
取り入る	(とりいる)
取り入れる	(とりいれる)
取り沙汰	(とりざた)
取り繕う	(とりつくろう)
取り上げる	(とりあげる)
取り縄	(とりなわ)
取り仕切る	(とりしきる)
取り説	(とりせつ,トリセツ)
取り戻す	(とりもどす)
取り替え	(とりかえ)
取り替える	(とりかえる)
取り囲む	(とりかこむ)
取り外し	(とりはずし)
取り外す	(とりはずす)
取り違える	(とりちがえる)
取り下げる	(とりさげる)
取り消し	(とりけし)
取り消す	(とりけす)
取り行う	(とりおこなう)
取り引き	(とりひき)
取り引き先	(とりひきさき)
取り込み	(とりこみ)
取り込み中	(とりこみちゅう)
取り込む	(とりこむ)
取り直す	(とりなおす)
取り縋る	(とりすがる)
取り組	(とりくみ)
取り組み	(とりくみ)
取り組む	(とりくむ)
取る	(とる)
取れる	(とれる)
取柄	(とりえ)
取材	(しゅざい)
取残す	(とりのこす)
取扱	(とりあつかい)
取扱い	(とりあつかい)
取扱い方	(とりあつかいかた)
取扱い説明書	(とりあつかいせつめいしょ)
取扱う	(とりあつかう)
取扱方	(とりあつかいかた)
取扱説明書	(とりあつかいせつめいしょ)
取扱注意	(とりあつかいちゅうい)
取成す	(とりなす)
取持つ	(とりもつ)
取出す	(とりだす)
取除く	(とりのぞく)
取次	(とりつぎ)
取次ぎ	(とりつぎ)
取次ぐ	(とりつぐ)
取得	(とりえ)
取得者	(しゅとくしゃ)
取締	(とりしまり)
取締まり	(とりしまり)
取締まる	(とりしまる)
取締り	(とりしまり)
取締る	(とりしまる)
取締役会	(とりしまりやくかい)
取調	(とりしらべ)
取調べ	(とりしらべ)
取調べる	(とりしらべる)
取返す	(とりかえす)
取分け	(とりわけ)
取付く	(とりつく)
取付ける	(とりつける)
取敢えず	(とりあえず)
取掛る	(とりかかる)
取合い	(とりあい)
取合う	(とりあう)
取混ぜる	(とりまぜる)
取急ぎ	(とりいそぎ)
取急ぐ	(とりいそぐ)
取極め	(とりきめ)
取計らう	(とりはからう)
取寄せる	(とりよせる)
取交す	(とりかわす)
取交わす	(とりかわす)
取結ぶ	(とりむすぶ)
取詰める	(とっちめる)
取巻く	(とりまく)
取決め	(とりきめ)
取立てる	(とりたてる)
取零す	(とりこぼす)
取乱す	(とりみだす)
取去る	(とりさる)
取入る	(とりいる)
取入れる	(とりいれる)
取沙汰	(とりざた)
取繕う	(とりつくろう)
取上げる	(とりあげる)
取捨	(しゅしゃ)
取捨選択	(しゅしゃせんたく)
取縄	(とりなわ)
取仕切る	(とりしきる)
取手	(とって,はしゅ)
取説	(とりせつ,トリセツ)
取戻す	(とりもどす)
取替	(とりかえ)
取替える	(とりかえる)
取囲む	(とりかこむ)
取外	(とりはずし)
取外し	(とりはずし)
取外す	(とりはずす)
取違える	(とりちがえる)
取下げる	(とりさげる)
取消	(とりけし)
取消し	(とりけし)
取消す	(とりけす)
取引	(とりひき)
取引き	(とりひき)
取引先	(とりひきさき)
取込	(とりこみ)
取込み	(とりこみ)
取込み中	(とりこみちゅう)
取込む	(とりこむ)
取込中	(とりこみちゅう)
取直す	(とりなおす)
取縋る	(とりすがる)
取組	(とりくみ)
取組み	(とりくみ)
取組む	(とりくむ)
齲歯	(むしば)
齲食	(うしょく)
齲蝕	(うしょく)
去たん	(きょたん)
去なす	(いなす)
去る	(さる)
去就	(きょしゅう)
去来	(きょらい)
去年	(きょねん,こぞ)
去勢	(きょせい)
去痰	(きょたん)
去月	(きょげつ)
趣	(おもむき)
趣き	(おもむき)
趣く	(おもむく)
趣好	(しゅこう)
趣味	(しゅみ)
趣向	(しゅこう)
趣旨	(しゅし)
圏	(けん)
圏内	(けんない)
圏外	(けんがい)
全	(ぜん)
全う	(まっとう)
全き	(まったき)
全く	(まったく)
全くのところ	(まったくのところ)
全くの所	(まったくのところ)
全くもって	(まったくもって)
全く以て	(まったくもって)
全っ然	(ぜんぜん,ぜんっぜん)
全て	(すべて)
全岸	(ぜんがん)
全敗	(ぜんぱい)
全般	(ぜんぱん)
全般に	(ぜんぱんに)
全般的	(ぜんぱんてき)
全般的に	(ぜんぱんてきに)
全般前哨	(ぜんぱんぜんしょう)
全般前哨線	(ぜんぱんぜんしょうせん)
全般支援	(ぜんぱんしえん)
全豹	(ぜんぴょう)
全備	(ぜんび)
全編	(ぜんぺん)
全便	(ぜんびん)
全波受信機	(ぜんぱじゅしんき)
全部	(ぜんぶ)
全部保険	(ぜんぶほけん)
全長	(ぜんちょう)
全単射	(ぜんたんしゃ)
全島	(ぜんとう)
全道	(ぜんどう)
全地	(ぜんち)
全店	(ぜんてん)
全都	(ぜんと)
全段	(ぜんだん)
全隊	(ぜんたい)
全額	(ぜんがく)
全二重	(ぜんにじゅう)
全反射	(ぜんはんしゃ)
全廃	(ぜんぱい)
全廃論者	(ぜんぱいろんしゃ)
全幅	(ぜんぷく)
全幅的	(ぜんぷくてき)
全館	(ぜんかん)
全国	(ぜんこく)
全国大会	(ぜんこくたいかい)
全国的	(ぜんこくてき)
全国放送	(ぜんこくほうそう)
全国津々浦々	(ぜんこくつつうらうら)
全国津津浦浦	(ぜんこくつつうらうら)
全国民	(ぜんこくみん)
全国区	(ぜんこくく)
全国中継	(ぜんこくちゅうけい)
全荷重	(ぜんかじゅう)
全候補	(ぜんこうほ)
全戸	(ぜんこ)
全壊	(ぜんかい)
全会一致	(ぜんかいいっち)
全級	(ぜんきゅう)
全集	(ぜんしゅう)
全家	(ぜんか)
全甲	(ぜんこう)
全角	(ぜんかく)
全景	(ぜんけい)
全景写真	(ぜんけいしゃしん)
全局	(ぜんきょく)
全巻	(ぜんかん)
全軍	(ぜんぐん)
全開	(ぜんかい)
全科	(ぜんか)
全快	(ぜんかい)
全潰	(ぜんかい)
全力	(ぜんりょく)
全量	(ぜんりょう)
全霊	(ぜんれい)
全裸	(ぜんら)
全裸体	(ぜんらたい)
全貌	(ぜんぼう)
全米	(ぜんべい)
全免	(ぜんめん)
全面	(ぜんめん)
全面的	(ぜんめんてき)
全面広告	(ぜんめんこうこく)
全面禁止	(ぜんめんきんし)
全面戦争	(ぜんめんせんそう)
全滅	(ぜんめつ)
全民衆	(ぜんみんしゅう)
全納	(ぜんのう)
全能	(ぜんのう)
全能力	(ぜんのうりょく)
全能者	(ぜんのうしゃ)
全欧	(ぜんおう)
全篇	(ぜんぺん)
全品	(ぜんぴん)
全強風	(ぜんきょうふう)
全曲	(ぜんきょく)
全躯	(ぜんく)
全権	(ぜんけん)
全権大使	(ぜんけんたいし)
全権公使	(ぜんけんこうし)
全権委員	(ぜんけんいいん)
全然	(ぜんぜん,ぜんっぜん)
全人	(ぜんじん)
全人格	(ぜんじんかく)
全人生	(ぜんじんせい)
全日	(ぜんじつ)
全日制	(ぜんにちせい)
全容	(ぜんよう)
全乳	(ぜんにゅう)
全山	(ぜんざん)
全焼	(ぜんしょう)
全社	(ぜんしゃ)
全射	(ぜんしゃ)
全身	(ぜんしん)
全身病	(ぜんしんびょう)
全身不随	(ぜんしんふずい)
全身麻酔	(ぜんしんますい)
全身衰弱	(ぜんしんすいじゃく)
全身像	(ぜんしんぞう)
全身浴	(ぜんしんよく)
全生涯	(ぜんしょうがい)
全盛	(ぜんせい)
全盛期	(ぜんせいき)
全盛時代	(ぜんせいじだい)
全勝	(ぜんしょう)
全勝軍	(ぜんしょうぐん)
全史	(ぜんし)
全世界	(ぜんせかい)
全市	(ぜんし)
全市民	(ぜんしみん)
全勢力	(ぜんせいりょく)
全書	(ぜんしょ)
全数	(ぜんすう)
全速	(ぜんそく)
全速力	(ぜんそくりょく)
全損	(ぜんそん)
全体	(ぜんたい)
全体で	(ぜんたいで)
全体として	(ぜんたいとして)
全体に	(ぜんたいに)
全体主義	(ぜんたいしゅぎ)
全体主義国	(ぜんたいしゅぎこく)
全天	(ぜんてん)
全天候	(ぜんてんこう)
全通	(ぜんつう)
全図	(ぜんず)
全土	(ぜんど)
全文	(ぜんぶん)
全席	(ぜんせき)
全線	(ぜんせん)
全校	(ぜんこう)
全心	(ぜんしん)
全形	(ぜんけい)
全休止符	(ぜんきゅうしふ)
全訳	(ぜんやく)
全翼飛行機	(ぜんよくひこうき)
全音	(ぜんおん)
全音符	(ぜんおんぷ)
全優	(ぜんゆう)
全域	(ぜんいき)
全癒	(ぜんゆ)
全員	(ぜんいん,ぜいいん)
全責任	(ぜんせきにん)
全知	(ぜんち)
全知全能	(ぜんちぜんのう)
全紙	(ぜんし)
全治	(ぜんち,ぜんじ)
全智	(ぜんち)
全智全能	(ぜんちぜんのう)
全製品	(ぜんせいひん)
全質化	(ぜんしつか)
全住民	(ぜんじゅうみん)
泉	(いずみ)
泉貨紙	(せんかし)
泉水	(せんすい)
拳	(こぶし)
拳銃	(けんじゅう)
拳闘	(けんとう)
拳法	(けんぽう)
拳骨	(げんこつ,ゲンコツ)
拳螺	(さざえ,さざい,サザエ)
拳玉	(けんだま)
詮	(かい)
詮衡	(せんこう)
詮術	(せんすべ)
詮索	(せんさく)
銓衡	(せんこう)
権	(けん)
権柄	(けんぺい)
権柄ずく	(けんぺいずく,けんぺいづく)
権柄づく	(けんぺいずく,けんぺいづく)
権柄尽く	(けんぺいずく,けんぺいづく)
権殿	(かりどの,ごんでん)
権化	(ごんげ)
権力	(けんりょく)
権力闘争	(けんりょくとうそう)
権利	(けんり)
権利行使	(けんりこうし)
権謀	(けんぼう)
権謀術数	(けんぼうじゅっすう)
権幕	(けんまく)
権能	(けんのう)
権勢	(けんせい)
権威	(けんい)
権限	(けんげん)
権益	(けんえき)
権原	(けんげん)
犬	(いぬ,イヌ)
犬かき	(いぬかき)
犬薄荷	(いぬはっか,イヌハッカ)
犬歯	(けんし)
犬儒学派	(けんじゅがくは)
犬掻き	(いぬかき)
犬搔き	(いぬかき)
犬舎	(けんしゃ)
犬小屋	(いぬごや)
犬猿の仲	(けんえんのなか)
犬張り子	(いぬはりこ)
犬張子	(いぬはりこ)
犬追物	(いぬおうもの)
券	(けん)
券面	(けんめん)
勧め	(すすめ)
勧める	(すすめる)
勧告	(かんこく)
勧告案	(かんこくあん)
勧告者	(かんこくしゃ)
勧告状	(かんこくじょう)
勧工	(かんこう)
勧工場	(かんこうば)
勧化	(かんげ)
勧奨	(かんしょう)
勧降	(かんこう)
勧進	(かんじん)
勧進元	(かんじんもと)
勧進帳	(かんじんちょう)
勧農	(かんのう)
勧善懲悪	(かんぜんちょうあく)
勧善懲悪劇	(かんぜんちょうあくげき)
勧賞	(かんしょう)
勧説	(かんぜい)
勧学	(かんがく)
勧業	(かんぎょう)
勧誘	(かんゆう)
勧誘員	(かんゆういん)
缺け	(かけ)
缺ける	(かける)
缺乏	(けつぼう)
闕く	(かく)
闕け	(かけ)
闕ける	(かける)
闕乏	(けつぼう)
闕文	(けつぶん)
闕員	(けついん)
闕字	(けつじ)
却ける	(しりぞける)
却って	(かえって)
却下	(きゃっか)
雀	(すずめ,スズメ)
雀の涙	(すずめのなみだ)
雀斑	(そばかす,ソバカス)
雀蜂	(スズメバチ,すずめばち)
雀躍	(じゃくやく)
確	(たしか)
確か	(たしか)
確かに	(たしかに)
確かめる	(たしかめる)
確り	(しっかり)
確保	(かくほ)
確報	(かくほう)
確答	(かくとう)
確定	(かくてい)
確固	(かっこ)
確乎	(かっこ)
確立	(かくりつ)
確率	(かくりつ)
確率モデル	(かくりつモデル)
確率変数	(かくりつへんすう)
確率標本	(かくりつひょうほん)
確率過程	(かくりつかてい)
確率論	(かくりつろん)
確率密度関数	(かくりつみつどかんすう)
確率誤差	(かくりつごさ)
確認	(かくにん)
確認書	(かくにんしょ)
確実	(かくじつ)
確実度	(かくじつど)
確実性	(かくじつせい)
確信	(かくしん)
確言	(かくげん)
確約	(かくやく)
確証	(かくしょう)
確執	(かくしつ,かくしゅう)
裙蔕菜	(わかめ,ワカメ)
群	(ぐん)
群がる	(むらがる)
群れ	(むれ)
群れる	(むれる)
群れ集まる	(むれあつまる)
群れ居る	(むれいる)
群島	(ぐんとう)
群盗	(ぐんとう)
群発地震	(ぐんぱつじしん)
群集	(ぐんしゅう)
群居	(ぐんきょ)
群居る	(むれいる)
群聚	(ぐんしゅう)
群立ち	(そうだち,むらだち)
群落	(ぐんらく)
群馬県	(ぐんまけん)
群馬縣	(ぐんまけん)
群棲	(ぐんせい)
群生	(ぐんせい)
群時雨	(むらしぐれ)
群体	(ぐんたい)
群像	(ぐんぞう)
群雄	(ぐんゆう)
群雄割拠	(ぐんゆうかっきょ)
群雨	(むらさめ)
群衆	(ぐんしゅう,ぐんしゅ,ぐんじゅ)
然	(ぜん)
然う然う	(そうそう)
然う言う	(そういう,そうゆう,そーゆー)
然し	(しかし,しっかし)
然して	(そして,しかして)
然しながら	(しかしながら)
然し乍ら	(しかしながら)
然も	(さも)
然もないと	(さもないと)
然も無いと	(さもないと)
然らずんば	(しからずんば)
然りげない	(さりげない)
然りげ無い	(さりげない)
然る	(さる,しかる)
然るに	(しかるに)
然るべき	(しかるべき)
然る可き	(しかるべき)
然程	(さほど)
然様なら	(さようなら,サヨウナラ,さよーなら)
髯	(ひげ,ヒゲ)
燃えあがる	(もえあがる)
燃えうつる	(もえうつる)
燃えつく	(もえつく)
燃える	(もえる)
燃え付く	(もえつく)
燃え広がる	(もえひろがる)
燃え尽きる	(もえつきる)
燃え立つ	(もえたつ)
燃え上がる	(もえあがる)
燃え移る	(もえうつる)
燃す	(もやす,もす)
燃やす	(もやす,もす)
燃費	(ねんぴ)
燃付く	(もえつく)
燃立つ	(もえたつ)
燃料	(ねんりょう)
燃焼	(ねんしょう)
染まり工合	(そまりぐあい)
染まり具合	(そまりぐあい)
染まる	(そまる)
染み	(しみ,シミ)
染みとおる	(しみとおる)
染みる	(じみる)
染みわたる	(しみわたる)
染み出る	(しみでる)
染み渡る	(しみわたる)
染み染み	(しみじみ)
染み通る	(しみとおる)
染み透る	(しみとおる)
染み込む	(しみこむ)
染めつける	(そめつける)
染める	(そめる)
染め出す	(そめだす,そめいだす)
染め分ける	(そめわける)
染め付ける	(そめつける)
染る	(そまる)
染筆	(せんぴつ)
染出す	(そめだす,そめいだす)
染料	(せんりょう)
染色	(せんしょく)
染織	(せんしょく)
蘘荷	(みょうが,ミョウガ)
攘夷	(じょうい)
譲りあう	(ゆずりあう)
譲りうける	(ゆずりうける)
譲りわたす	(ゆずりわたす)
譲り渡す	(ゆずりわたす)
譲り合う	(ゆずりあう)
譲り受ける	(ゆずりうける)
譲る	(ゆずる)
譲歩	(じょうほ)
譲渡	(じょうと)
譲受ける	(ゆずりうける)
橈骨	(とうこつ)
饒舌	(じょうぜつ,にょうぜつ)
蟯虫	(ぎょうちゅう,ギョウチュウ)
繞る	(めぐる)
惹かれる	(ひかれる)
惹句	(じゃっく)
熱	(ねつ)
熱い	(あつい,あっつい)
熱がり	(あつがり)
熱かん	(あつかん)
熱する	(ねっする)
熱る	(ほてる)
熱愛	(ねつあい)
熱愛者	(ねつあいしゃ)
熱弁	(ねつべん)
熱辯	(ねつべん)
熱病	(ねつびょう)
熱帯	(ねったい)
熱帯魚	(ねったいぎょ)
熱可塑	(ねつかそ)
熱可塑樹脂	(ねつかそじゅし)
熱可塑性	(ねつかそせい)
熱苦しい	(あつくるしい)
熱狂	(ねっきょう)
熱狂的信者	(ねっきょうてきしんじゃ)
熱狂者	(ねっきょうしゃ)
熱拡散	(ねつかくさん)
熱燗	(あつかん)
熱力学	(ねつりきがく)
熱力学的	(ねつりきがくてき)
熱量	(ねつりょう)
熱烈	(ねつれつ)
熱膨張係数	(ねつぼうちょうけいすう)
熱気	(ねっき)
熱情	(ねつじょう)
熱々	(あつあつ,アツアツ,あっつあつ)
熱熱	(あつあつ,アツアツ,あっつあつ)
熱傷	(やけど,ヤケド)
熱湯	(ねっとう)
熱望	(ねつぼう)
熱線	(ねっせん)
熱心	(ねっしん)
熱血	(ねっけつ)
熱血漢	(ねっけつかん)
熱意	(ねつい)
熱硬化	(ねつこうか)
熱硬化剤	(ねつこうかざい)
熱硬化物	(ねつこうかぶつ)
熱中	(ねっちゅう)
人	(と)
人あたり	(ひとあたり)
人かげ	(ひとかげ,じんえい)
人け	(ひとけ,ひとげ)
人ごと	(ひとごと,たにんごと)
人ごみ	(ひとごみ)
人さがし	(ひとさがし)
人さし指	(ひとさしゆび)
人さらい	(ひとさらい)
人ずて	(ひとづて)
人ずれ	(ひとずれ)
人だかり	(ひとだかり)
人たち	(ひとたち)
人だま	(ひとだま)
人づきあい	(ひとづきあい)
人づき合い	(ひとづきあい)
人づて	(ひとづて)
人でなし	(ひとでなし)
人で無し	(ひとでなし)
人となり	(ひととなり)
人なだれ	(ひとなだれ)
人なつこい	(ひとなつっこい,ひとなつこい)
人なつっこい	(ひとなつっこい,ひとなつこい)
人なれ	(ひとなれ)
人のいい	(ひとのいい,ひとのよい)
人のよい	(ひとのいい,ひとのよい)
人の好い	(ひとのいい,ひとのよい)
人の良い	(ひとのいい,ひとのよい)
人の子	(ひとのこ)
人びと	(ひとびと)
人ぷん	(じんぷん)
人まえ	(ひとまえ)
人まかせ	(ひとまかせ)
人マネ	(ひとまね,ひとマネ)
人まね	(ひとまね,ひとマネ)
人よせ	(ひとよせ)
人らしい	(ひとらしい)
人本主義	(じんぽんしゅぎ)
人別	(にんべつ)
人柄	(ひとがら)
人並	(ひとなみ)
人並に	(ひとなみに)
人並はずれた	(ひとなみはずれた)
人並み	(ひとなみ)
人並みに	(ひとなみに)
人並みはずれた	(ひとなみはずれた)
人並み外れた	(ひとなみはずれた)
人並外れた	(ひとなみはずれた)
人波	(ひとなみ)
人捕り	(ひととり)
人擦れ	(ひとずれ)
人才登用	(じんざいとうよう)
人才開発	(じんざいかいはつ)
人材	(じんざい)
人材登用	(じんざいとうよう)
人材開発	(じんざいかいはつ)
人財	(じんざい)
人財登用	(じんざいとうよう)
人財開発	(じんざいかいはつ)
人参	(にんじん,ニンジン)
人喰	(ひとくい)
人喰い	(ひとくい)
人差し	(ひとさし)
人差し指	(ひとさしゆび)
人差指	(ひとさしゆび)
人車	(じんしゃ)
人臣	(じんしん)
人称	(にんしょう)
人出	(ひとで)
人畜	(じんちく)
人達	(ひとたち)
人代名詞	(じんだいめいし)
人待ち顔	(ひとまちがお)
人当たり	(ひとあたり)
人当り	(ひとあたり)
人道	(じんどう,にんどう)
人道に対する罪	(じんどうにたいするつみ)
人道的	(じんどうてき)
人道的援助	(じんどうてきえんじょ)
人道支援	(じんどうしえん)
人道主義	(じんどうしゅぎ)
人徳	(じんとく,にんとく)
人地名	(じんちめい)
人的	(じんてき)
人的ミス	(じんてきミス)
人的資源	(じんてきしげん)
人払い	(ひとばらい)
人非人	(にんぴにん)
人糞	(じんぷん)
人夫	(にんぷ)
人膚	(ひとはだ)
人付	(ひとづき)
人付き合い	(ひとづきあい)
人付合い	(ひとづきあい)
人格	(じんかく)
人格化	(じんかくか)
人格権	(じんかくけん)
人格者	(じんかくしゃ)
人工	(じんこう)
人工ニューラルネットワーク	(じんこうニューラルネットワーク)
人工ふ化法	(じんこうふかほう)
人工避妊法	(じんこうひにんほう)
人工池	(じんこういけ)
人工地震	(じんこうじしん)
人工的	(じんこうてき)
人工孵化法	(じんこうふかほう)
人工港	(じんこうこう)
人工呼吸	(じんこうこきゅう)
人工呼吸法	(じんこうこきゅうほう)
人工降雨	(じんこうこうう)
人工雷	(じんこうらい)
人工林	(じんこうりん)
人工流産	(じんこうりゅうざん)
人工気胸療法	(じんこうききょうりょうほう)
人工栄養	(じんこうえいよう)
人工栄養児	(じんこうえいようじ)
人工生命	(じんこうせいめい)
人工受紛	(じんこうじゅふん)
人工受精	(じんこうじゅせい)
人工受胎	(じんこうじゅたい)
人工授粉	(じんこうじゅふん)
人工授精	(じんこうじゅせい)
人工頭脳	(じんこうずのう)
人工衛星	(じんこうえいせい)
人工雪	(じんこうゆき)
人工雨	(じんこうう)
人工真珠	(じんこうしんじゅ)
人工芝	(じんこうしば)
人工知能	(じんこうちのう)
人骨	(じんこつ)
人慣れ	(ひとなれ)
人海戦術	(じんかいせんじゅつ)
人好き	(ひとずき)
人後	(じんご)
人懐かしい	(ひとなつかしい)
人懐こい	(ひとなつっこい,ひとなつこい)
人懐っこい	(ひとなつっこい,ひとなつこい)
人皇	(にんのう,じんのう,じんこう)
人魂	(ひとだま)
人混	(ひとごみ)
人混み	(ひとごみ)
人肌	(ひとはだ)
人肌脱ぐ	(ひとはだぬぐ)
人集り	(ひとだかり)
人寄せ	(ひとよせ)
人跡	(じんせき,ひとあと)
人跡未到	(じんせきみとう)
人跡未踏	(じんせきみとう)
人家	(じんか)
人間	(にんげん)
人間の堕落	(にんげんのだらく)
人間の思考	(にんげんのしこう)
人間ばなれ	(にんげんばなれ)
人間愛	(にんげんあい)
人間爆弾	(にんげんばくだん)
人間並み	(にんげんなみ)
人間的	(にんげんてき)
人間工学	(にんげんこうがく)
人間関係	(にんげんかんけい)
人間技	(にんげんわざ)
人間界	(にんげんかい)
人間苦	(にんげんく)
人間離れ	(にんげんばなれ)
人間社会	(にんげんしゃかい)
人間同士	(にんげんどうし)
人間万事塞翁が馬	(にんげんばんじさいおうがうま,じんかんばんじさいおうがうま)
人間味	(にんげんみ)
人間嫌い	(にんげんぎらい)
人間性	(にんげんせい)
人間学	(にんげんがく)
人間業	(にんげんわざ)
人件費	(じんけんひ)
人見しり	(ひとみしり)
人見知	(ひとみしり)
人見知り	(ひとみしり)
人交り	(ひとまじわり)
人傑	(じんけつ)
人境	(じんきょう)
人絹	(じんけん)
人爵	(じんしゃく)
人攫い	(ひとさらい)
人君	(じんくん)
人口	(じんこう)
人口に膾炙する	(じんこうにかいしゃする)
人口調査	(じんこうちょうさ)
人口動態統計	(じんこうどうたいとうけい)
人口密度	(じんこうみつど)
人口密集率	(じんこうみっしゅうりつ)
人口学	(じんこうがく)
人頼み	(ひとだのみ)
人頼り	(ひとだより)
人籟	(じんらい)
人類	(じんるい)
人類愛	(じんるいあい)
人類史	(じんるいし)
人類学	(じんるいがく)
人類学者	(じんるいがくしゃ)
人類猿	(じんるいえん)
人里	(ひとざと)
人里はなれた	(ひとざとはなれた)
人里離れた	(ひとざとはなれた)
人力	(じんりき,じんりょく)
人力車	(じんりきしゃ)
人立ち	(ひとだち)
人倫	(じんりん)
人馬	(じんば)
人買い	(ひとかい)
人脈	(じんみゃく)
人面	(じんめん)
人面獣心	(じんめんじゅうしん,にんめんじゅうしん)
人民	(じんみん)
人民解放軍	(じんみんかいほうぐん)
人民軍	(じんみんぐん)
人民所有	(じんみんしょゆう)
人民投票	(じんみんとうひょう)
人民戦線	(じんみんせんせん)
人名	(じんめい)
人名簿	(じんめいぼ)
人名辞典	(じんめいじてん)
人名辞書	(じんめいじしょ)
人名録	(じんめいろく)
人名事典	(じんめいじてん)
人名用漢字	(じんめいようかんじ)
人命	(じんめい)
人命救助	(じんめいきゅうじょ)
人目	(ひとめ,じんもく)
人目に余る	(ひとめにあまる)
人品	(じんぴん)
人妻	(ひとづま)
人気	(ひとけ,ひとげ)
人気取り	(にんきとり)
人気商売	(にんきしょうばい)
人気投票	(にんきとうひょう)
人気役者	(にんきやくしゃ)
人気者	(にんきもの)
人泣かせ	(ひとなかせ)
人前	(ひとまえ)
人前で	(ひとまえで)
人切り	(ひときり)
人情	(にんじょう)
人情本	(にんじょうぼん)
人情負け	(にんじょうまけ)
人情劇	(にんじょうげき)
人情味	(にんじょうみ)
人取り	(ひととり)
人権	(じんけん)
人権侵害	(じんけんしんがい)
人権蹂躙	(じんけんじゅうりん)
人権蹂躪	(じんけんじゅうりん)
人権団体	(じんけんだんたい)
人権問題	(じんけんもんだい)
人々	(ひとびと)
人人	(ひとびと)
人任せ	(ひとまかせ)
人肉	(じんにく)
人騒がせ	(ひとさわがせ)
人殺し	(ひとごろし)
人山	(ひとやま)
人身	(じんしん,ひとみ)
人身保護	(じんしんほご)
人身保護令状	(じんしんほごれいじょう)
人身攻撃	(じんしんこうげき)
人身売買	(じんしんばいばい)
人身事故	(じんしんじこ)
人身御供	(ひとみごくう)
人生	(じんせい)
人生の真っ盛り	(じんせいのまっさかり)
人生案内欄	(じんせいあんないらん)
人生感	(じんせいかん)
人生観	(じんせいかん)
人生記録	(じんせいきろく)
人生派	(じんせいは)
人生哲学	(じんせいてつがく)
人生最悪	(じんせいさいあく)
人声	(ひとごえ)
人虱	(ひとじらみ,ヒトジラミ)
人食い	(ひとくい)
人食い人種	(ひとくいじんしゅ)
人時	(にんじ)
人使い	(ひとづかい)
人士	(じんし)
人世	(じんせい)
人事	(ひとごと,たにんごと)
人事不省	(じんじふせい)
人事課	(じんじか)
人事欄	(じんじらん)
人事行政	(じんじぎょうせい)
人事異動	(じんじいどう)
人事院	(じんじいん)
人手不足	(ひとでぶそく)
人寿	(じんじゅ)
人受け	(ひとうけ)
人数	(にんずう,にんず,にんじゅ)
人死に	(ひとじに)
人捜し	(ひとさがし)
人探し	(ひとさがし)
人体	(じんてい,にんてい)
人体模型	(じんたいもけい)
人体実験	(じんたいじっけん)
人体学	(じんたいがく)
人通り	(ひとどおり)
人頭	(じんとう,にんとう)
人頭税	(じんとうぜい,にんとうぜい)
人頽	(ひとなだれ)
人頽れ	(ひとなだれ)
人外	(じんがい,にんがい)
人望	(じんぼう)
人望家	(じんぼうか)
人為	(じんい)
人為的	(じんいてき)
人為淘汰	(じんいとうた)
人違い	(ひとちがい)
人違え	(ひとちがえ)
人位	(じんい)
人文	(じんぶん,じんもん)
人文地理	(じんぶんちり,じんもんちり)
人文科学	(じんぶんかがく)
人文史	(じんぶんし)
人文学派	(じんぶんがくは)
人文主義	(じんぶんしゅぎ)
人聞き	(ひとぎき)
人物	(じんぶつ)
人物寸描	(じんぶつすんびょう)
人物画	(じんぶつが)
人物経済	(じんぶつけいざい)
人物評	(じんぶつひょう)
人物像	(じんぶつぞう)
人嫌い	(ひとぎらい)
人相	(にんそう)
人相見	(にんそうみ)
人相書	(にんそうがき)
人相書き	(にんそうがき)
人相占い	(にんそううらない)
人笑い	(ひとわらい)
人笑え	(ひとわらえ)
人笑わせ	(ひとわらわせ)
人笑われ	(ひとわらわれ)
人心	(じんしん,ひとごころ)
人心地	(ひとごこち)
人形	(にんぎょう)
人形回し	(にんぎょうまわし)
人形遣い	(にんぎょうつかい,にんぎょうづかい)
人形師	(にんぎょうし)
人形使い	(にんぎょうつかい,にんぎょうづかい)
人形芝居	(にんぎょうしばい)
人性	(じんせい)
人選	(じんせん,にんせん)
人雪崩	(ひとなだれ)
人馴れ	(ひとなれ)
人煙	(じんえん)
人眼	(ひとめ,じんもく)
人一倍	(ひといちばい)
人影	(ひとかげ,じんえい)
人込み	(ひとごみ)
人魚	(にんぎょ)
人語	(じんご)
人欲	(じんよく)
人垣	(ひとがき)
人員	(じんいん)
人員縮少	(じんいんしゅくしょう)
人員淘汰	(じんいんとうた)
人員削減	(じんいんさくげん)
人員整理	(じんいんせいり)
人伝	(ひとづて)
人伝て	(ひとづて)
人災	(じんさい)
人造	(じんぞう)
人造宝石	(じんぞうほうせき)
人造湖	(じんぞうこ)
人造米	(じんぞうまい)
人造人間	(じんぞうにんげん)
人造石油	(じんぞうせきゆ)
人造真珠	(じんぞうしんじゅ)
人斬り	(ひときり)
人摺れ	(ひとずれ)
人真似	(ひとまね,ひとマネ)
人証	(じんしょう,にんしょう)
人知	(じんち)
人知れず	(ひとしれず)
人知れぬ	(ひとしれぬ)
人指し指	(ひとさしゆび)
人智	(じんち)
人質	(ひとじち)
人中	(ひとなか)
人種	(じんしゅ)
人種差別	(じんしゅさべつ)
人種差別主義者	(じんしゅさべつしゅぎしゃ)
人種的	(じんしゅてき)
人種改良	(じんしゅかいりょう)
人種学	(じんしゅがく)
人助け	(ひとだすけ)
人柱	(ひとばしら,じんちゅう)
人足	(ひとあし)
人祖	(じんそ)
仁	(じん,にん)
仁愛	(じんあい)
仁徳	(じんとく)
仁和加	(にわか)
仁恵	(じんけい)
仁君	(じんくん)
仁輪加	(にわか)
仁人	(じんじん)
仁恕	(じんじょ)
仁術	(じんじゅつ)
仁王	(におう)
仁王力	(におうりき)
仁王門	(におうもん)
仁侠	(にんきょう,じんきょう)
仁俠	(にんきょう,じんきょう)
仁心	(じんしん)
仁兄	(じんけい)
仁義	(じんぎ)
仁義礼智信	(じんぎれいちしん)
仁者	(じんしゃ)
仁政	(じんせい)
仁智	(じんち)
忍	(しのび)
忍ばせる	(しのばせる)
忍び	(しのび)
忍びこむ	(しのびこむ)
忍びよる	(しのびよる)
忍び寄る	(しのびよる)
忍び泣く	(しのびなく)
忍び込む	(しのびこむ)
忍び足	(しのびあし)
忍ぶ	(しのぶ)
忍従	(にんじゅう)
忍法	(にんぽう)
忍苦	(にんく)
忍耐	(にんたい)
忍術	(にんじゅつ)
忍込む	(しのびこむ)
忍者	(にんじゃ)
荏	(え)
荏胡麻	(えごま,エゴマ)
荏胡麻油	(えごまあぶら,えごまゆ)
荏苒	(じんぜん)
稔り	(みのり)
稔る	(みのる)
綛	(かせ)
刃	(は)
刃もの	(はもの)
刃金	(はがね,こう)
刃傷	(にんじょう)
刃傷沙汰	(にんじょうざた)
刃物	(はもの)
刃先	(はさき)
刃向かう	(はむかう)
刃針	(はばり)
扨	(さて)
扨措く	(さておく)
扨置く	(さておく)
任	(にん)
任じる	(にんじる)
任す	(まかす)
任ずる	(にんずる)
任せる	(まかせる)
任地	(にんち)
任官	(にんかん)
任免	(にんめん)
任命	(にんめい)
任命式	(にんめいしき)
任命状	(にんめいじょう)
任期	(にんき)
任期満了	(にんきまんりょう)
任期中	(にんきちゅう)
任務	(にんむ)
任務部隊	(にんむぶたい)
任侠	(にんきょう,じんきょう)
任俠	(にんきょう,じんきょう)
任意	(にんい)
任意出頭	(にんいしゅっとう)
任用	(にんよう)
任職	(にんしょく)
妊産婦	(にんさんぷ)
妊婦	(にんぷ)
妊婦服	(にんぷふく)
妊娠	(にんしん)
妊娠中絶	(にんしんちゅうぜつ)
靭帯	(じんたい)
靱帯	(じんたい)
認める	(したためる)
認定	(にんてい)
認否	(にんぴ)
認可	(にんか)
認識	(にんしき)
認証	(にんしょう)
認証者	(にんしょうしゃ)
認知	(にんち)
仍って	(よって)
日	(ひ)
日かげ	(ひかげ)
日ぐれ	(ひぐれ)
日ごとに	(ひごとに)
日ごろ	(ひごろ)
日ソ	(にっソ)
日だまり	(ひだまり)
日でり	(ひでり)
日どり	(ひどり)
日なた	(ひなた)
日の出	(ひので)
日の入り	(ひのいり)
日の丸	(ひのまる)
日まわり	(ひまわり,ヒマワリ)
日めくり	(ひめくり)
日やけ	(ひやけ)
日ロ	(にちろ,にちロ)
日報	(にっぽう)
日本	(にほん,にっぽん)
日本じゅう	(にほんじゅう,にっぽんじゅう)
日本ふう	(にほんふう)
日本側	(にほんがわ)
日本茶	(にほんちゃ)
日本車	(にほんしゃ)
日本刀	(にほんとう,にっぽんとう)
日本的	(にほんてき,にっぽんてき)
日本髪	(にほんがみ)
日本風	(にほんふう)
日本国特許庁	(にほんこくとっきょちょう)
日本海	(にほんかい)
日本画	(にほんが)
日本間	(にほんま)
日本酒	(にほんしゅ)
日本軍	(にほんぐん,にっぽんぐん)
日本晴	(にほんばれ)
日本晴れ	(にほんばれ)
日本人	(にほんじん,にっぽんじん)
日本人論	(にほんじんろん)
日本食	(にほんしょく)
日本史	(にほんし)
日本式	(にほんしき)
日本書紀	(にほんしょき)
日本文法	(にほんぶんぽう)
日本文学	(にほんぶんがく)
日本学者	(にほんがくしゃ)
日本語	(にほんご,にっぽんご)
日本語ワープロ	(にほんごワープロ)
日本語教本	(にほんごきょうほん)
日本語能力試験	(にほんごのうりょくしけん)
日本語文字	(にほんごもじ)
日本語訳	(にほんごやく)
日本紙	(にほんし)
日本製	(にほんせい)
日本中	(にほんじゅう,にっぽんじゅう)
日歩	(ひぶ)
日差し	(ひざし)
日産	(にっさん)
日常	(にちじょう)
日常茶飯	(にちじょうさはん)
日常会話	(にちじょうかいわ)
日常生活	(にちじょうせいかつ)
日程	(にってい)
日当	(にっとう)
日当たり	(ひあたり)
日当り	(ひあたり)
日帝時代	(にっていじだい)
日独	(にちどく)
日耳曼	(ゲルマン)
日付	(ひづけ)
日付け	(ひづけ)
日付変更線	(ひづけへんこうせん)
日附	(ひづけ)
日光	(にっこう)
日光浴	(にっこうよく)
日帰り	(ひがえり)
日豪	(にちごう)
日濠	(にちごう)
日和	(ひより)
日和見	(ひよりみ)
日和見主義	(ひよりみしゅぎ)
日回り	(ひまわり,ヒマワリ)
日廻り	(ひまわり,ヒマワリ)
日計	(にっけい)
日記	(にっき)
日進月歩	(にっしんげっぽ)
日経	(にっけい)
日捲り	(ひめくり)
日刊	(にっかん)
日刊新聞	(にっかんしんぶん)
日刊紙	(にっかんし)
日課	(にっか)
日溜まり	(ひだまり)
日溜り	(ひだまり)
日露	(にちろ,にちロ)
日輪	(にちりん)
日没	(にちぼつ)
日毎に	(ひごとに)
日米	(にちべい)
日米安全保障条約	(にちべいあんぜんほしょうじょうやく)
日米貿易	(にちべいぼうえき)
日暮	(ひぐれ)
日暮れ	(ひぐれ)
日南	(ひなた)
日内周期	(にちないしゅうき)
日勤	(にっきん)
日頃	(ひごろ)
日取	(ひどり)
日取り	(ひどり)
日々	(ひび,にちにち)
日日	(ひび,にちにち)
日々の糧	(ひびのかて)
日日の糧	(ひびのかて)
日傘	(ひがさ)
日焼	(ひやけ)
日焼け	(ひやけ)
日射	(にっしゃ)
日射し	(ひざし)
日射病	(にっしゃびょう)
日食	(にっしょく)
日時	(にちじ)
日蝕	(にっしょく)
日数	(にっすう,ひかず)
日蘇	(にっソ)
日系	(にっけい)
日系米人	(にっけいべいじん)
日系人	(にっけいじん)
日向	(ひなた)
日新月歩	(にっしんげっぽ)
日曜	(にちよう)
日曜大工	(にちようだいく)
日曜日	(にちようび)
日夜	(にちや)
日陰	(ひかげ)
日蔭	(ひかげ)
日銀	(にちぎん)
日影	(ひかげ)
日傭取	(ひようとり)
日用品	(にちようひん)
日増し	(ひまし)
日照	(にっしょう)
日照り	(ひでり)
日照権	(にっしょうけん)
日誌	(にっし)
日中	(にっちゅう)
日中韓	(にっちゅうかん)
日中韓越	(にっちゅうかんえつ)
戎	(えびす)
茸	(きのこ,たけ,キノコ)
栄え	(はえ)
栄える	(はえる)
栄達	(えいたつ)
栄典	(えいてん)
栄冠	(えいかん)
栄光	(えいこう)
栄花	(えいが)
栄華	(えいが)
栄進	(えいしん)
栄枯	(えいこ)
栄枯盛衰	(えいこせいすい)
栄螺	(さざえ,さざい,サザエ)
栄位	(えいい)
栄養	(えいよう)
栄養不足	(えいようぶそく)
栄養失調	(えいようしっちょう)
栄養士	(えいようし)
栄養価	(えいようか)
栄養素	(えいようそ)
栄養学者	(えいようがくしゃ)
栄耀	(えいよう,えよう)
栄誉	(えいよ)
栄転	(えいてん)
容	(かたち)
容れる	(いれる)
容れ物	(いれもの)
容積	(ようせき)
容量	(ようりょう)
容気	(きしつ,かたぎ)
容器	(ようき)
容認	(ようにん)
容赦	(ようしゃ)
容態	(ようだい,ようたい)
容体	(ようだい,ようたい)
容體	(ようだい,ようたい)
容物	(いれもの)
容疑	(ようぎ)
容疑者	(ようぎしゃ)
容易	(ようい)
容易い	(たやすい)
容姿	(ようし)
容子	(ようす)
容作る	(かたちづくる)
絨緞	(じゅうたん,ジュータン,ジュウタン)
絨緞爆撃	(じゅうたんばくげき)
絨毛	(じゅうもう)
絨毯	(じゅうたん,ジュータン,ジュウタン)
絨毯爆撃	(じゅうたんばくげき)
絨氈	(じゅうたん,ジュータン,ジュウタン)
溶かす	(とかす)
溶く	(とく)
溶けやすい	(とけやすい)
溶ける	(とける)
溶け合う	(とけあう)
溶け易い	(とけやすい)
溶け込む	(とけこむ)
溶ろける	(とろける)
溶材	(ようざい)
溶発	(ようはつ)
溶合う	(とけあう)
溶剤	(ようざい)
溶接	(ようせつ)
溶解	(ようかい)
溶鉱炉	(ようこうろ)
溶媒	(ようばい)
溶融	(ようゆう)
溶岩	(ようがん)
溶液	(ようえき)
溶込む	(とけこむ)
熔く	(とく)
熔剤	(ようざい)
熔接	(ようせつ)
熔解	(ようかい)
熔鉱炉	(ようこうろ)
熔融	(ようゆう)
熔岩	(ようがん)
融かす	(とかす)
融く	(とく)
融ける	(とける)
融け合う	(とけあう)
融け込む	(とけこむ)
融除	(ゆうじょ)
融合	(ゆうごう)
融解	(ゆうかい)
融通	(ゆうずう,ゆうづう,ゆずう)
融通がきく	(ゆうずうがきく)
融通が利く	(ゆうずうがきく)
融雪	(ゆうせつ)
融資	(ゆうし)
鎔く	(とく)
鎔接	(ようせつ)
鎔解	(ようかい)
鎔鉱炉	(ようこうろ)
蠑螺	(さざえ,さざい,サザエ)
蠑螈	(いもり,イモリ)
冗	(じょう)
冗筆	(じょうひつ)
冗長	(じょうちょう)
冗長度	(じょうちょうど)
冗長性	(じょうちょうせい)
冗多	(じょうた)
冗費	(じょうひ)
冗官	(じょうかん)
冗句	(じょうく)
冗漫	(じょうまん)
冗舌	(じょうぜつ,にょうぜつ)
冗談	(じょうだん)
冗談口	(じょうだんぐち)
冗談事	(じょうだんごと)
冗文	(じょうぶん)
冗物	(じょうぶつ)
冗言	(じょうげん)
冗用	(じょうよう)
冗語	(じょうご)
冗員	(じょういん)
柔かい	(やわらかい)
柔やか	(にこやか)
柔らか	(やわらか)
柔らかい	(やわらかい)
柔らぐ	(やわらぐ)
柔んわり	(やんわり)
柔道	(じゅうどう)
柔道場	(じゅうどうじょう)
柔道家	(じゅうどうか)
柔道着	(じゅうどうぎ)
柔和	(にゅうわ)
柔軟	(じゅうなん)
柔軟仕上げ剤	(じゅうなんしあげざい)
柔軟性	(じゅうなんせい)
柔弱	(にゅうじゃく,じゅうじゃく)
柔術	(じゅうじゅつ)
柔順	(じゅうじゅん)
柔魚	(イカ,いか)
揉みあう	(もみあう)
揉み合う	(もみあう)
揉み療治	(もみりょうじ)
揉み上げ	(もみあげ,モミアゲ)
揉み手	(もみで)
揉み消す	(もみけす)
揉む	(もむ)
揉め	(もめ)
揉めごと	(もめごと)
揉める	(もめる,モメる)
揉め事	(もめごと)
揉合う	(もみあう)
揉療治	(もみりょうじ)
揉事	(もめごと)
揉消す	(もみけす)
蹂躙	(じゅうりん)
蹂躪	(じゅうりん)
肉	(にく)
肉ジャガ	(にくじゃが,にくジャガ)
肉じゃが	(にくじゃが,にくジャガ)
肉づきのよい	(にくづきのよい,にくづきのいい)
肉まん	(にくまん)
肉薄	(にくはく)
肉筆	(にくひつ)
肉刺	(まめ,マメ)
肉付きのいい	(にくづきのよい,にくづきのいい)
肉付きのよい	(にくづきのよい,にくづきのいい)
肉付きの良い	(にくづきのよい,にくづきのいい)
肉桂	(にっけい,にっき,ニッケイ)
肉塊	(にくかい,にっかい)
肉類	(にくるい)
肉料理	(にくりょうり)
肉饅	(にくまん)
肉饅頭	(にくまんじゅう)
肉牛	(にくぎゅう)
肉迫	(にくはく)
肉親	(にくしん)
肉色	(にくいろ)
肉食	(にくしょく,にくじき)
肉体	(にくたい)
肉体労働者	(にくたいろうどうしゃ)
肉屋	(にくや)
肉眼	(にくがん,にくげん)
肉汁	(にくじゅう,にくじる)
肉腫	(にくしゅ)
如く	(ごとく)
如し	(ごとし)
如何	(どう)
如何いう	(どういう)
如何して	(どうして,どーして)
如何しても	(どうしても)
如何で	(いかで)
如何なる	(いかなる)
如何なる場合でも	(いかなるばあいでも)
如何に	(いかに)
如何にも	(いかにも)
如何わしい	(いかがわしい)
如何物	(いかもの)
如何言う	(どういう)
如何様	(いかさま,イカサマ)
如何様師	(いかさまし)
如何致しまして	(どういたしまして)
如来	(にょらい)
如來	(にょらい)
如実	(にょじつ)
茹だる	(ゆだる,うだる)
茹でタコ	(ゆでだこ,ゆでタコ,ゆでダコ)
茹でダコ	(ゆでだこ,ゆでタコ,ゆでダコ)
茹でる	(ゆでる,うでる)
茹で蛸	(ゆでだこ,ゆでタコ,ゆでダコ)
茹る	(ゆだる,うだる)
茹蛸	(ゆでだこ,ゆでタコ,ゆでダコ)
儒	(じゅ)
儒道	(じゅどう)
儒仏	(じゅぶつ)
儒艮	(ジュゴン,じゅごん)
儒官	(じゅかん)
儒家	(じゅか)
儒教	(じゅきょう)
儒教的	(じゅきょうてき)
儒教主義	(じゅきょうしゅぎ)
儒良	(ジュゴン,じゅごん)
儒生	(じゅせい)
儒学	(じゅがく)
儒学界	(じゅがくかい)
儒学者	(じゅがくしゃ)
儒者	(じゅしゃ)
濡す	(ぬらす)
濡らす	(ぬらす)
濡る	(ぬれる)
濡れる	(ぬれる)
孺子	(じゅし)
襦袢	(じゅばん,ジバン,ジュバン)
蠕く	(うごめく)
蠕動	(ぜんどう)
繻子	(しゅす)
乳	(ちち,ち)
乳ガン	(にゅうがん)
乳がん	(にゅうがん)
乳くり合う	(ちちくりあう)
乳しぼり	(ちちしぼり)
乳癌	(にゅうがん)
乳白	(にゅうはく)
乳白色	(にゅうはくしょく)
乳棒	(にゅうぼう)
乳鉢	(にゅうばち,にゅうはち)
乳歯	(にゅうし)
乳臭	(にゅうしゅう)
乳臭い	(ちちくさい)
乳臭児	(にゅうしゅうじ)
乳児	(にゅうじ)
乳児脚気	(にゅうじかっけ)
乳児死亡率	(にゅうじしぼうりつ)
乳房	(ちぶさ,にゅうぼう)
乳菓	(にゅうか)
乳化	(にゅうか)
乳化剤	(にゅうかざい)
乳剤	(にゅうざい)
乳酪	(にゅうらく)
乳離れ	(ちちばなれ,ちばなれ)
乳母	(うば,おんば)
乳母車	(うばぐるま)
乳牛	(にゅうぎゅう,ちちうし,ちうし)
乳切り木	(ちぎりき,ちぎりぎ)
乳清	(にゅうせい)
乳色	(にゅうしょく,ちちいろ)
乳石英	(にゅうせきえい)
乳首	(ちくび,ちちくび)
乳酸	(にゅうさん)
乳酸菌	(にゅうさんきん)
乳糖	(にゅうとう)
乳頭	(にゅうとう)
乳呑み児	(ちのみご)
乳呑み子	(ちのみご)
乳腺	(にゅうせん)
乳香	(にゅうこう)
乳兄弟	(ちきょうだい)
乳様突起	(にゅうようとっき)
乳液	(にゅうえき)
乳業	(にゅうぎょう)
乳飲み児	(ちのみご)
乳飲み子	(ちのみご)
乳用牛	(にゅうようぎゅう)
乳幼児	(にゅうようじ)
乳繰り合う	(ちちくりあう)
乳繰る	(ちちくる)
乳搾り	(ちちしぼり)
乳窄	(ちちしぼり)
乳汁	(にゅうじゅう,ちしる,ちちしる)
乳脂肪	(にゅうしぼう)
乳製品	(にゅうせいひん)
乳状	(にゅうじょう)
乳状液	(にゅうじょうえき)
乳濁	(にゅうだく)
乳濁液	(にゅうだくえき)
辱	(はじ,じょく)
辱い	(かたじけない)
辱しめる	(はずかしめる)
辱める	(はずかしめる)
入	(いり)
入り	(いり)
入りかける	(いりかける)
入りこむ	(はいりこむ,いりこむ)
入りびたる	(いりびたる)
入りまじる	(いりまじる)
入りよう	(いりよう)
入り浜	(いりはま)
入り波	(いりなみ)
入り船	(いりふね)
入り掛ける	(いりかける)
入り海	(いりうみ)
入り荷	(いりに)
入り混じる	(いりまじる)
入り江	(いりえ)
入り交じる	(いりまじる)
入り浸り	(いりびたり)
入り浸る	(いりびたる)
入り口	(いりぐち,いりくち,はいりぐち)
入り乱れる	(いりみだれる)
入り母屋	(いりもや)
入り目	(いりめ)
入り日	(いりひ)
入り替わる	(いりかわる)
入り相	(いりあい)
入り婿	(いりむこ)
入り揚げる	(いりあげる)
入り用	(いりよう)
入り込み	(いりごみ)
入り込む	(はいりこむ,いりこむ)
入り組む	(いりくむ)
入る	(いる)
入れ	(いれ)
入れあげる	(いれあげる)
入れかえる	(いれかえる)
入れこむ	(いれこむ)
入れる	(いれる)
入れ歯	(いれば)
入れ代える	(いれかえる)
入れ代る	(いれかわる)
入れ代わる	(いれかわる)
入れ掛け	(いれかけ)
入れ合わせる	(いれあわせる)
入れ換える	(いれかえる)
入れ混ぜる	(いれまぜる)
入れ交ぜる	(いれまぜる)
入れ籠	(いれこ)
入れ毛	(いれげ)
入れ綿	(いれわた)
入れ墨	(いれずみ)
入れ木	(いれき)
入れ目	(いれめ)
入れ替える	(いれかえる)
入れ替る	(いれかわる)
入れ替わる	(いれかわる)
入れ違い	(いれちがい)
入れ違える	(いれちがえる)
入れ物	(いれもの)
入れ揚げる	(いれあげる)
入れ込む	(いれこむ)
入れ知恵	(いれぢえ)
入れ智慧	(いれぢえ)
入れ質	(いれしち,いれじち)
入れ子	(いれこ)
入浜	(いりはま)
入場	(にゅうじょう)
入場お断り	(にゅうじょうおことわり)
入場料	(にゅうじょうりょう)
入場門	(にゅうじょうもん)
入場権	(にゅうじょうけん)
入場券	(にゅうじょうけん)
入場税	(にゅうじょうぜい)
入場者	(にゅうじょうしゃ)
入超	(にゅうちょう)
入朝	(にゅうちょう)
入城	(にゅうじょう)
入歯	(いれば)
入出力	(にゅうしゅつりょく)
入船	(にゅうせん)
入党	(にゅうとう)
入道	(にゅうどう)
入道雲	(にゅうどうぐも)
入電	(にゅうでん)
入定	(にゅうじょう)
入隊	(にゅうたい)
入費	(にゅうひ)
入仏	(にゅうぶつ)
入夫	(にゅうふ)
入府	(にゅうふ)
入港	(にゅうこう)
入港料	(にゅうこうりょう)
入閣	(にゅうかく)
入貢	(にゅうこう)
入掛	(いれかけ)
入棺	(にゅうかん)
入国	(にゅうこく,にゅうごく)
入国査証	(にゅうこくさしょう)
入国管理局	(にゅうこくかんりきょく)
入国税	(にゅうこくぜい)
入海	(いりうみ)
入荷	(にゅうか)
入会	(にゅうかい)
入会金	(にゅうかいきん)
入会権	(いりあいけん)
入会式	(にゅうかいしき)
入会者	(にゅうかいしゃ)
入魂	(じっこん,じゅこん,じゅっこん)
入籍	(にゅうせき)
入寂	(にゅうじゃく)
入監	(にゅうかん)
入江	(いりえ)
入交	(いりまじり)
入金	(にゅうきん)
入津	(にゅうしん)
入浸る	(いりびたる)
入京	(にゅうきょう)
入居	(にゅうきょ)
入坑	(にゅうこう)
入口	(いりぐち,いりくち,はいりぐち)
入冦	(にゅうこう)
入庫	(にゅうこ)
入来	(にゅうらい)
入牢	(にゅうろう)
入力	(にゅうりょく)
入力フィールド	(にゅうりょくフィールド)
入力線	(にゅうりょくせん)
入力装置	(にゅうりょくそうち)
入洛	(じゅらく,にゅうらく)
入梅	(つゆいり,にゅうばい,ついり)
入門	(にゅうもん)
入門テキスト	(にゅうもんテキスト)
入綿	(いれわた)
入滅	(にゅうめつ)
入母屋	(いりもや)
入木	(にゅうぼく)
入目	(いれめ)
入幕	(にゅうまく)
入内	(じゅだい)
入念	(にゅうねん)
入渠	(にゅうきょ)
入日	(いりひ)
入賞	(にゅうしょう)
入賞者	(にゅうしょうしゃ)
入社	(にゅうしゃ)
入社試験	(にゅうしゃしけん)
入舎	(にゅうしゃ)
入射	(にゅうしゃ)
入射角	(にゅうしゃかく)
入伸	(にゅうしん)
入神	(にゅうしん)
入室	(にゅうしつ,にっしつ)
入試	(にゅうし)
入手	(にゅうしゅ)
入手難	(にゅうしゅなん)
入水	(じゅすい,にゅうすい)
入所	(にゅうしょ)
入湯	(にゅうとう)
入湯客	(にゅうとうきゃく)
入唐	(にっとう,にゅうとう)
入替え部品	(いれかえぶひん)
入廷	(にゅうてい)
入団	(にゅうだん)
入物	(いれもの)
入相	(いりあい)
入相の鐘	(いりあいのかね)
入校	(にゅうこう)
入信	(にゅうしん)
入壻	(いりむこ)
入婿	(いりむこ)
入聟	(いりむこ)
入選	(にゅうせん)
入選者	(にゅうせんしゃ)
入学	(にゅうがく)
入学金	(にゅうがくきん)
入学考査	(にゅうがくこうさ)
入学難	(にゅうがくなん)
入学生	(にゅうがくせい)
入学式	(にゅうがくしき)
入学試験	(にゅうがくしけん)
入学願書	(にゅうがくがんしょ)
入学者	(にゅうがくしゃ)
入学志願者	(にゅうがくしがんしゃ)
入営	(にゅうえい)
入用	(いりよう)
入漁料	(にゅうぎょりょう)
入漁権	(にゅうぎょけん)
入漁者	(にゅうぎょしゃ)
入浴	(にゅうよく)
入御	(にゅうぎょ,じゅぎょ)
入獄	(にゅうごく)
入園	(にゅうえん)
入苑	(にゅうえん)
入苑券	(にゅうえんけん)
入院	(にゅういん)
入院患者	(にゅういんかんじゃ)
入札	(にゅうさつ)
入札者	(にゅうさつしゃ)
入知恵	(いれぢえ)
入植	(にゅうしょく)
入智慧	(いれぢえ)
入質	(にゅうしち)
蓐瘡	(じょくそう)
褥瘡	(じょくそう)
褥婦	(じょくふ)
軟こう	(なんこう)
軟らか	(やわらか)
軟らかい	(やわらかい)
軟膏	(なんこう)
軟骨	(なんこつ)
軟化	(なんか)
軟派	(なんぱ,ナンパ)
軟弱	(なんじゃく)
軟式	(なんしき)
軟式テニス	(なんしきテニス)
軟性	(なんせい)
軟着陸	(なんちゃくりく)
蚋	(ぶゆ,ぶよ,ぶと)
瑞典	(スウェーデン,スエーデン,スェーデン)
瑞気	(ずいき)
瑞々しい	(みずみずしい)
瑞瑞しい	(みずみずしい)
瑞穂の国	(みずほのくに)
瑞穂国	(みずほのくに)
瑞西	(スイス)
鋭い	(するどい)
鋭才	(えいさい)
鋭鋒	(えいほう)
鋭感	(えいかん)
鋭角	(えいかく)
鋭利	(えいり)
鋭敏	(えいびん)
鋭気	(えいき)
鋭意	(えいい)
叡感	(えいかん)
叡覧	(えいらん)
叡慮	(えいりょ)
叡聞に	(えいぶんに)
叡知	(えいち)
叡旨	(えいし)
叡智	(えいち)
閏年	(うるうどし,じゅんねん)
閏月	(うるうづき,じゅんげつ)
潤い	(うるおい)
潤う	(うるおう)
潤す	(うるおす)
潤む	(うるむ)
潤滑油	(じゅんかつゆ)
潤色	(じゅんしょく)
潤飾	(じゅんしょく)
若い	(わかい)
若さ	(わかさ)
若し	(ごとし)
若しかしたら	(もしかしたら)
若しかして	(もしかして)
若しかすると	(もしかすると)
若輩	(じゃくはい)
若輩者	(じゃくはいもの)
若布	(わかめ,ワカメ)
若蔵	(わかぞう)
若返る	(わかがえる)
若干	(じゃっかん)
若冠	(じゃっかん)
若齢	(じゃくれい)
若年	(じゃくねん)
若年型	(じゃくねんがた)
若年者	(じゃくねんしゃ,じゃくねんもの)
若鳥丼	(わかどりどん)
若人	(わこうど,わかうど,わかびと)
若々しい	(わかわかしい)
若若しい	(わかわかしい)
若僧	(わかぞう)
若手	(わかて)
若死に	(わかじに)
若葉	(わかば,どんよう)
若造	(わかぞう)
若者	(わかもの,わかもん)
若子	(みずこ,みずご,ちし)
弱	(じゃく)
弱い	(よわい)
弱いもの	(よわいもの)
弱い相互作用	(よわいそうごさよう)
弱い者	(よわいもの)
弱き者	(よわきもの)
弱くする	(よわくする)
弱さ	(よわさ)
弱まる	(よわまる)
弱み	(よわみ)
弱みそ	(よわみそ)
弱める	(よわめる)
弱りきる	(よわりきる)
弱りこむ	(よわりこむ)
弱り目	(よわりめ)
弱り目に祟り目	(よわりめにたたりめ)
弱り切る	(よわりきる)
弱り衰える	(よわりおとろえる)
弱り込む	(よわりこむ)
弱る	(よわる)
弱保合い	(よわもちあい)
弱輩	(じゃくはい)
弱輩者	(じゃくはいもの)
弱材料	(よわざいりょう)
弱虫	(よわむし)
弱敵	(じゃくてき)
弱弟	(じゃくてい)
弱点	(じゃくてん)
弱冠	(じゃっかん)
弱国	(じゃっこく)
弱齢	(じゃくれい)
弱年	(じゃくねん)
弱年者	(じゃくねんしゃ,じゃくねんもの)
弱気	(よわき)
弱肉強食	(じゃくにくきょうしょく)
弱々しい	(よわよわしい)
弱弱しい	(よわよわしい)
弱少	(じゃくしょう)
弱視	(じゃくし)
弱体	(じゃくたい)
弱体化	(じゃくたいか)
弱味	(よわみ)
弱味噌	(よわみそ)
弱小	(じゃくしょう)
弱小国	(じゃくしょうこく)
弱行	(じゃっこう)
弱腰	(よわごし)
弱音	(じゃくおん)
弱音をはく	(よわねをはく)
弱音を吐く	(よわねをはく)
弱音器	(じゃくおんき)
弱者	(じゃくしゃ)
弱震	(じゃくしん)
弱志	(じゃくし)
弱卒	(じゃくそつ)
鰯	(いわし,イワシ)
鰯雲	(いわしぐも)
撒き散らす	(まきちらす)
撒く	(まく)
撒布	(さんぷ,さっぷ)
撒哈拉	(サハラ)
撒収	(てっしゅう)
撒水	(さんすい,さっすい)
洒落	(しゃらく)
洒落こむ	(しゃれこむ)
洒落た	(しゃれた)
洒落っけ	(しゃれっけ)
洒落っ気	(しゃれっけ)
洒落る	(しゃれる)
洒落臭い	(しゃらくさい)
洒落込む	(しゃれこむ)
洒脱	(しゃだつ)
灑落	(しゃらく)
颯っと	(さっと,サッと)
颯と	(さっと,サッと)
颯爽	(さっそう)
薩摩焼	(さつまやき)
薩摩芋	(さつまいも,かんしょ,サツマイモ)
腮	(えら,エラ)
塞がる	(ふさがる,ふたがる)
塞ぎこむ	(ふさぎこむ)
塞ぎ込む	(ふさぎこむ)
塞き止める	(せきとめる)
塞ぐ	(ふさぐ)
塞爾維	(セルビア)
塞栓	(そくせん)
顋	(えら,エラ)
鰓	(えら,エラ)
賽ころ	(さいころ,サイコロ)
賽の河原	(さいのかわら)
賽銭	(さいせん)
賽子	(さいころ,サイコロ)
三	(さん,み)
三が日	(さんがにち)
三くだり半	(みくだりはん)
三ヶ日	(さんがにち)
三ケ日	(さんがにち)
三つ	(みっつ,みつ)
三つぞろい	(みつぞろい)
三つどもえ	(みつどもえ)
三つまた	(みつまた)
三つ巴	(みつどもえ)
三つ半	(みつばん)
三つ叉	(みつまた)
三つ児	(みつご)
三つ股	(みつまた)
三つ揃い	(みつぞろい)
三つ角	(みつかど)
三つ身	(みつみ)
三つ紋	(みつもん)
三つ又	(みつまた)
三つ折	(みつおり)
三つ折り	(みつおり)
三つ子	(みつご)
三つ組	(みつぐみ)
三百	(さんびゃく)
三百代言	(さんびゃくだいげん)
三百諸侯	(さんびゃくしょこう)
三拝	(さんぱい)
三拝九拝	(さんぱいきゅうはい)
三板	(サンパン)
三半規管	(さんはんきかん)
三宝	(さんぼう,さんぽう)
三倍	(さんばい)
三本	(さんぼん)
三本足	(さんぼんあし)
三筆	(さんぴつ)
三鞭酒	(シャンパン,シャンペン)
三部合奏	(さんぶがっそう)
三才	(さんさい)
三曹	(さんそう)
三叉路	(さんさろ)
三差路	(さんさろ)
三唱	(さんしょう)
三乗	(さんじょう)
三乗根	(さんじょうこん)
三尺	(さんじゃく)
三尺の秋水	(さんじゃくのしゅうすい)
三尺の童子	(さんじゃくのどうじ)
三尺帯	(さんじゃくおび)
三春	(さんしゅん)
三次元	(さんじげん)
三寸	(さんずん)
三寸の舌	(さんずんのした)
三大都市	(さんだいとし)
三大国	(さんだいこく)
三大節	(さんだいせつ)
三徳	(さんとく)
三等	(さんとう)
三等分	(さんとうぶん)
三等軍曹	(さんとうぐんそう)
三畳紀	(さんじょうき)
三冬	(さんとう)
三段構え	(さんだんがまえ,さんだんかまえ)
三段論法	(さんだんろんぽう)
三段跳	(さんだんとび)
三段跳び	(さんだんとび)
三番	(さんばん)
三番鶏	(さんばんどり)
三番鳥	(さんばんどり)
三方	(さんぼう,さんぽう)
三分	(さんぶん)
三封	(さんぷう)
三幅対	(さんぷくつい)
三府	(さんぷ)
三竿	(さんかん)
三箇日	(さんがにち)
三更	(さんこう)
三股	(さんまた)
三顧の礼	(さんこのれい)
三顧之礼	(さんこのれい)
三国	(さんごく)
三国同盟	(さんごくどうめい)
三国一	(さんごくいち)
三寒四温	(さんかんしおん)
三韓	(さんかん)
三号雑誌	(さんごうざっし)
三桁	(さんけた,みけた)
三回	(さんかい)
三級	(さんきゅう)
三角	(さんかく)
三角すい	(さんかくすい)
三角波	(さんかくなみ,さんかくは)
三角布	(さんかくきん)
三角測量	(さんかくそくりょう)
三角定規	(さんかくじょうぎ)
三角闘争	(さんかくとうそう)
三角法	(さんかくほう)
三角帆	(さんかくほ)
三角関数	(さんかくかんすう)
三角関係	(さんかくかんけい)
三角函数	(さんかくかんすう)
三角巾	(さんかくきん)
三角筋	(さんかくきん)
三角帽	(さんかくぼう)
三角琴	(さんかくごと)
三角系異常	(さんかくけいいじょう)
三角形	(さんかくけい,さんかっけい)
三角州	(さんかくす)
三角洲	(さんかくす)
三角錐	(さんかくすい)
三脚	(さんきゃく)
三脚架	(さんきゃくか)
三教	(さんきょう,さんぎょう)
三階	(さんがい,さんかい)
三界	(さんがい)
三景	(さんけい)
三軍	(さんぐん)
三塁	(さんるい)
三塁打	(さんるいだ)
三塁手	(さんるいしゅ)
三塁線	(さんるいせん)
三稜鏡	(さんりょうきょう)
三〇〇	(さんびゃく)
三〇〇〇	(さんぜん)
三〇年戦争	(さんじゅうねんせんそう)
三流	(さんりゅう)
三輪	(さんりん)
三輪車	(さんりんしゃ)
三論	(さんろん)
三馬	(さんま,サンマ)
三毛	(みけ,ミケ)
三毛猫	(みけねこ)
三毛作	(さんもうさく)
三枚	(さんまい)
三枚目	(さんまいめ)
三昧	(さんまい,ざんまい)
三門	(さんもん)
三面	(さんめん)
三面記事	(さんめんきじ)
三面鏡	(さんめんきょう)
三面六臂	(さんめんろっぴ)
三幕物	(さんまくもの)
三男	(さんなん)
三女	(さんじょ)
三拍子	(さんびょうし)
三千	(さんぜん)
三千世界	(さんぜんせかい)
三軽	(さんけい)
三秋	(さんしゅう)
三秋の思い	(さんしゅうのおもい)
三球三振	(さんきゅうさんしん)
三曲	(さんきょく)
三権	(さんけん)
三権分立	(さんけんぶんりつ)
三人	(さんにん,みたり)
三人よれば文殊の知恵	(さんにんよればもんじゅのちえ)
三人称	(さんにんしょう)
三人寄れば文殊の知恵	(さんにんよればもんじゅのちえ)
三人殺し	(さんにんごろし,さんにんころし)
三人組	(さんにんぐみ)
三日	(みっか)
三日ぼうず	(みっかぼうず)
三日坊主	(みっかぼうず)
三日路	(みっかじ)
三日三晩	(みっかみばん)
三日天下	(みっかてんか,みっかでんか)
三日月	(みかづき,みかずき)
三々九度	(さんさんくど)
三々五々	(さんさんごご)
三三九度	(さんさんくど)
三三五五	(さんさんごご)
三色	(さんしょく)
三色スミレ	(さんしきスミレ,さんしょくスミレ,さんしきすみれ)
三色すみれ	(さんしきスミレ,さんしょくスミレ,さんしきすみれ)
三色版	(さんしょくばん)
三色菫	(さんしきスミレ,さんしょくスミレ,さんしきすみれ)
三色旗	(さんしょくき,さんしょっき)
三色印刷法	(さんしょくいんさつほう)
三伸	(さんしん)
三省	(さんせい)
三十戸	(さんじっこ)
三十路	(みそじ)
三十年戦争	(さんじゅうねんせんそう)
三十日	(みそか,つごもり,みそ)
三十三才	(ミソサザイ,みそさざい)
三十三所	(さんじゅうさんしょ)
三食	(さんしょく)
三時	(さんじ)
三士	(さんし)
三世	(さんぜ,みよ)
三世相	(さんぜそう)
三思	(さんし)
三死	(さんし)
三嘆	(さんたん)
三歎	(さんたん)
三体	(さんたい)
三頭政治	(さんとうせいじ)
三途の川	(さんずのかわ)
三途の河	(さんずのかわ)
三位	(さんみ,さんい)
三位一体	(さんみいったい)
三味	(さみ)
三味線	(しゃみせん,さみせん)
三味線の駒	(しゃみせんのこま)
三味線弾	(さみせんひき,しゃみせんひき)
三味線弾き	(さみせんひき,しゃみせんひき)
三尉	(さんい)
三文	(さんもん)
三文判	(さんもんばん)
三文々士	(さんもんぶんし)
三文文士	(さんもんぶんし)
三文小説	(さんもんしょうせつ)
三下り半	(みくだりはん)
三下半	(みくだりはん)
三夏	(さんか)
三仙叉	(さんせんさ)
三弦	(さんげん)
三絃	(さんげん)
三相	(さんそう)
三相交流	(さんそうこうりゅう)
三校	(さんこう)
三校終了	(さんこうしゅうりょう)
三行半	(さんぎょうはん)
三行広告	(さんぎょうこうこく)
三行広告欄	(さんぎょうこうこくらん)
三選	(さんせん)
三椏	(みつまた,ミツマタ)
三葉虫	(さんようちゅう)
三業	(さんぎょう)
三業地	(さんぎょうち)
三役	(さんやく)
三又路	(さんさろ)
三羽ガラス	(さんばがらす,さんばガラス)
三羽がらす	(さんばがらす,さんばガラス)
三羽烏	(さんばがらす,さんばガラス)
三育	(さんいく)
三原色	(さんげんしょく)
三猿	(さんえん,さんざる)
三月	(みつき)
三月の節句	(さんがつのせっく)
三災	(さんさい)
三者対立	(さんしゃたいりつ)
三者会談	(さんしゃかいだん)
三振	(さんしん)
三直	(さんちょく)
三種の神器	(さんしゅのじんぎ)
三重	(さんじゅう,みえ)
三重宝冠	(さんじゅうほうかん)
三重唱	(さんじゅうしょう)
三重盗	(さんじゅうとう)
三重冠	(さんじゅうかん)
三重焦点	(さんじゅうしょうてん)
三重結び	(さんじゅうむすび)
三重殺	(さんじゅうさつ)
三重県	(みえけん)
三重縣	(みえけん)
三重奏	(さんじゅうそう)
三助	(さんすけ)
三組	(さんくみ,みくみ)
三佐	(さんさ)
傘	(かさ)
傘持	(かさもち)
傘持ち	(かさもち)
傘歯車	(かさはぐるま)
傘地	(かさじ)
傘立て	(かさたて)
傘屋	(かさや)
傘下	(さんか)
傘形碍子	(かさがたがいし)
傘紙	(かさがみ)
散ける	(ばらける,バラける)
散らかす	(ちらかす)
散らかる	(ちらかる)
散らし	(ちらし,チラシ)
散らし鮨	(ちらしずし)
散らし寿司	(ちらしずし)
散らす	(ちらす)
散らばら	(ちらばら)
散らばる	(ちらばる)
散る	(ちる)
散播く	(ばらまく,バラまく)
散布	(さんぷ,さっぷ)
散步	(さんぽ)
散歩	(さんぽ)
散財	(さんざい)
散策	(さんさく)
散発	(さんぱつ)
散髪	(さんぱつ)
散荷	(ばらに)
散会	(さんかい)
散見	(さんけん)
散乱	(さんらん)
散漫	(さんまん)
散々	(さんざん)
散散	(さんざん)
散蒔く	(ばらまく,バラまく)
散水	(さんすい,さっすい)
散弾	(さんだん)
散弾銃	(さんだんじゅう)
散文	(さんぶん)
散在	(さんざい)
桑	(くわ,クワ)
桑海	(そうかい)
桑苺	(くわいちご)
桑門	(そうもん)
桑苗	(そうびょう)
桑色	(くわいろ)
桑田	(そうでん)
桑畑	(くわばたけ,くわばた)
桑畠	(くわばたけ,くわばた)
桑原桑原	(くわばらくわばら,クワバラクワバラ)
桑園	(そうえん)
桑摘み	(くわつみ)
喪	(も,そう)
喪う	(うしなう)
喪服	(もふく)
喪祭	(そうさい)
喪家	(そうか)
喪神	(そうしん)
喪失	(そうしつ)
喪心	(そうしん)
喪章	(もしょう)
喪中	(もちゅう)
喪主	(もしゅ)
掻きこむ	(かきこむ)
掻きたてる	(かきたてる)
掻きまわす	(かきまわす)
掻きむしる	(かきむしる)
掻き氷	(かきごおり)
掻き合せる	(かきあわせる)
掻き合わせる	(かきあわせる)
掻き回す	(かきまわす)
掻き混ぜる	(かきまぜる)
掻き集める	(かきあつめる)
掻き交ぜる	(かきまぜる)
掻き立てる	(かきたてる)
掻き毟る	(かきむしる)
掻き乱す	(かきみだす)
掻き鳴らす	(かきならす)
掻き込む	(かきこむ)
掻き雑ぜる	(かきまぜる)
掻く	(かく)
掻っさらう	(かっさらう)
掻っ攫う	(かっさらう)
掻攫う	(かっさらう)
掻痒	(そうよう)
掻癢	(そうよう)
搔き回す	(かきまわす)
搔き集める	(かきあつめる)
搔き立てる	(かきたてる)
搔き毟る	(かきむしる)
搔き乱す	(かきみだす)
搔き鳴らす	(かきならす)
搔き込む	(かきこむ)
搔く	(かく)
騒がしい	(さわがしい)
騒がす	(さわがす)
騒ぎ	(さわぎ)
騒ぎたてる	(さわぎたてる)
騒ぎ立てる	(さわぎたてる)
騒ぐ	(さわぐ)
騒めく	(ざわめく)
騒動	(そうどう)
騒霊	(そうれい)
騒乱	(そうらん)
騒然	(そうぜん)
騒々しい	(そうぞうしい)
騒騒しい	(そうぞうしい)
騒音	(そうおん)
騷ぐ	(さわぐ)
掃う	(はらう)
掃きだす	(はきだす)
掃きたて	(はきたて)
掃きだめ	(はきだめ)
掃きだめに鶴	(はきだめにつる)
掃き出す	(はきだす)
掃き集める	(はきあつめる)
掃き寄せる	(はきよせる)
掃き立て	(はきたて)
掃き溜め	(はきだめ)
掃き溜めに鶴	(はきだめにつる)
掃く	(はく)
掃出す	(はきだす)
掃除	(そうじ)
掃除婦	(そうじふ)
掃除機	(そうじき)
掃除器	(そうじき)
掃蕩	(そうとう)
掃盪	(そうとう)
掃海	(そうかい)
掃海艇	(そうかいてい)
掃立て	(はきたて)
掃溜	(はきだめ)
掃溜め	(はきだめ)
掃討	(そうとう)
嫂	(あによめ)
瘙痒	(そうよう)
色	(いろ)
色いろ	(いろいろ)
色えんぴつ	(いろえんぴつ)
色きちがい	(いろきちがい,いろぐるい)
色ごと	(いろごと)
色っぽい	(いろっぽい)
色つや	(いろつや)
色どり	(いろどり)
色どる	(いろどる)
色めがねで見る	(いろめがねでみる)
色めく	(いろめく)
色よい	(いろよい)
色わけ	(いろわけ)
色んな	(いろんな)
色抜き	(いろぬき)
色彩	(しきさい)
色調	(しきちょう)
色分	(いろわけ)
色分け	(いろわけ)
色付け	(いろづけ,いろつけ)
色好い	(いろよい)
色合	(いろあい,いろあわい)
色合い	(いろあい,いろあわい)
色即是空	(しきそくぜくう)
色狂	(いろきちがい,いろぐるい)
色狂い	(いろきちがい,いろぐるい)
色恋	(いろこい)
色良い	(いろよい)
色流れ	(いろながれ)
色盲	(しきもう)
色魔	(しきま)
色目	(いろめ)
色男	(いろおとこ)
色女	(いろおんな)
色気	(いろけ)
色気違い	(いろきちがい,いろぐるい)
色鉛筆	(いろえんぴつ)
色情	(しきじょう)
色取り	(いろどり)
色取る	(いろどる)
色弱	(しきじゃく)
色々	(いろいろ)
色色	(いろいろ)
色仕掛け	(いろじかけ)
色事	(いろごと)
色収差	(いろしゅうさ)
色刷	(いろずり)
色刷り	(いろずり)
色素	(しきそ)
色褪める	(いろざめる)
色香	(いろか)
色消し	(いろけし)
色眼鏡	(いろめがね)
色眼鏡で見る	(いろめがねでみる)
色艶	(いろつや)
色葉	(いろは,イロハ)
色欲	(しきよく)
色慾	(しきよく)
色摺	(いろずり)
色摺り	(いろずり)
色直し	(いろなおし)
色紙	(いろがみ)
渋い	(しぶい)
渋み	(しぶみ)
渋る	(しぶる)
渋面	(じゅうめん,しぶづら,しぶつら)
渋々	(しぶしぶ)
渋渋	(しぶしぶ)
渋柿	(しぶがき)
渋味	(しぶみ)
渋滞	(じゅうたい)
澁い	(しぶい)
森	(もり)
森林	(しんりん)
森羅万象	(しんらばんしょう)
森閑	(しんかん)
森厳	(しんげん)
僧	(そう)
僧庵	(そうあん)
僧庵生活	(そうあんせいかつ)
僧兵	(そうへい)
僧坊	(そうぼう)
僧房	(そうぼう)
僧服	(そうふく)
僧号	(そうごう)
僧籍	(そうせき)
僧家	(そうか,そうけ)
僧侶	(そうりょ)
僧門	(そうもん)
僧尼	(そうに)
僧寺	(そうじ)
僧俗	(そうぞく)
僧堂	(そうどう)
僧体	(そうたい)
僧徒	(そうと)
僧位	(そうい)
僧形	(そうぎょう)
僧衣	(そうい)
僧院	(そういん)
僧正	(そうじょう)
僧職	(そうしょく)
沙	(すな,いさご)
沙門	(しゃもん,さもん)
沙漠	(さばく)
沙丘	(さきゅう,しゃきゅう)
沙汰	(さた)
沙魚	(ハゼ,はぜ)
刹	(さつ,せつ)
刹那	(せつな)
刹那い	(せつない)
刹那的	(せつなてき)
砂	(すな,いさご)
砂あそび	(すなあそび)
砂浜	(すなはま)
砂場	(すなば)
砂地	(すなじ,すなち)
砂防	(さぼう)
砂金	(さきん,しゃきん)
砂嵐	(すなあらし)
砂利	(じゃり,ざり)
砂礫	(されき)
砂漠	(さばく)
砂丘	(さきゅう,しゃきゅう)
砂時計	(すなどけい)
砂時計ポインタ	(すなどけいポインタ)
砂糖	(さとう)
砂糖大根	(さとうだいこん)
砂鉄	(さてつ)
砂岩	(さがん,しゃがん)
砂遊び	(すなあそび)
砂州	(さす)
砂洲	(さす)
砂子	(すな,いさご)
砂嘴	(さし)
殺ぐ	(そぐ)
殺し	(ころし)
殺し文句	(ころしもんく)
殺し屋	(ころしや)
殺す	(ころす)
殺める	(あやめる)
殺りく	(さつりく)
殺虫	(さっちゅう)
殺虫剤	(さっちゅうざい)
殺到	(さっとう)
殺倒	(さっとう)
殺伐	(さつばつ)
殺風景	(さっぷうけい)
殺害	(さつがい,せつがい,せちがい)
殺菌	(さっきん)
殺戮	(さつりく)
殺那	(せつな)
殺気	(さっき)
殺人	(さつじん)
殺人的	(さつじんてき)
殺人鬼	(さつじんき)
殺人未遂	(さつじんみすい)
殺人者	(さつじんしゃ)
殺傷	(さっしょう)
殺生	(せっしょう)
殺意	(さつい)
殺真菌薬	(さつしんきんやく)
殺陣	(たて,さつじん)
鯊	(ハゼ,はぜ)
篩いにかける	(ふるいにかける)
篩い分ける	(ふるいわける)
篩にかける	(ふるいにかける)
篩に掛ける	(ふるいにかける)
晒	(さらし)
晒し	(さらし)
晒し木綿	(さらしもめん)
晒す	(さらす)
晒木綿	(さらしもめん)
山	(やま,ヤマ)
山いも	(やまいも,ヤマイモ)
山かい	(さんきょう,やまかい)
山なみ	(やまなみ)
山のいただき	(やまのいただき)
山の頂	(やまのいただき)
山の頂き	(やまのいただき)
山の幸	(やまのさち)
山はだ	(やまはだ)
山びこ	(やまびこ)
山わけ	(やまわけ)
山奥	(やまおく)
山崩れ	(やまくずれ)
山並	(やまなみ)
山並み	(やまなみ)
山菜	(さんさい)
山茶	(つばき,さんちゃ,ツバキ)
山茶花	(さざんか,さんざか,さんさか)
山車	(だし,さんしゃ)
山城	(やまじろ,さんじょう)
山出し	(やまだし)
山川	(さんせん,やまかわ)
山鶉	(やまうずら,ヤマウズラ)
山刀	(やまがたな)
山道	(やまみち,さんどう,せんどう)
山地	(さんち)
山登り	(やまのぼり)
山頂	(さんちょう)
山分け	(やまわけ)
山膚	(やまはだ)
山伏	(やまぶし)
山腹	(さんぷく)
山火事	(やまかじ)
山肌	(やまはだ)
山間	(さんかん)
山間部	(さんかんぶ)
山椒	(さんしょう,さんしょ,サンショウ)
山椒魚	(サンショウウオ,さんしょううお)
山口県	(やまぐちけん)
山口縣	(やまぐちけん)
山葵	(わさび,ワサビ)
山梨県	(やまなしけん)
山梨縣	(やまなしけん)
山林	(さんりん)
山林学	(さんりんがく)
山脈	(やまなみ)
山猫	(やまねこ,ヤマネコ)
山猫争議	(やまねこそうぎ)
山女	(やまめ,ヤマメ)
山女魚	(やまめ,ヤマメ)
山々	(やまやま)
山山	(やまやま)
山上	(さんじょう)
山焼け	(やまやけ)
山師	(やまし)
山水	(さんすい,やまみず)
山水画	(さんすいが)
山寺	(やまでら)
山臥	(やまぶし)
山峡	(さんきょう,やまかい)
山小屋	(やまごや)
山形県	(やまがたけん)
山形縣	(やまがたけん)
山彦	(やまびこ)
山羊	(やぎ,ヤギ)
山羊座	(やぎざ)
山陰	(やまかげ,さんいん)
山桜	(やまざくら,ヤマザクラ)
山影	(やまかげ,さんいん)
山芋	(やまいも,ヤマイモ)
山猿	(やまざる)
山岳	(さんがく)
山岳部	(さんがくぶ)
山岳地帯	(さんがくちたい)
山嶽	(さんがく)
山賊	(さんぞく)
山梔子	(くちなし,クチナシ,しし)
山中	(さんちゅう,やまなか)
山荘	(さんそう)
山紫水明	(さんしすいめい)
芟除	(さんじょ)
杉	(すぎ,スギ)
杉並木	(すぎなみき)
杉材	(すぎざい)
刪定	(さんてい)
刪修	(さんしゅう)
珊	(サンチ)
珊瑚	(さんご,サンゴ)
珊瑚礁	(さんごしょう,サンゴしょう)
舢板	(サンパン)
閊える	(つかえる,つっかえる)
煽ぐ	(あおぐ)
煽て	(おだて)
煽てる	(おだてる)
煽り	(あおり)
煽りを食う	(あおりをくう)
煽る	(あおる)
煽動	(せんどう)
煽情	(せんじょう)
閃かす	(ひらめかす)
閃き	(ひらめき)
閃く	(ひらめく,ひろめく)
閃光	(せんこう)
扇	(おうぎ,おおぎ)
扇ぐ	(あおぐ)
扇動	(せんどう)
扇風機	(せんぷうき)
扇風器	(せんぷうき)
扇情	(せんじょう)
扇形	(おうぎがた,せんけい)
扇子	(せんす)
善	(ぜん)
善い	(よい,えい)
善い悪い	(よいわるい)
善がる	(よがる)
善かれ悪しかれ	(よかれあしかれ)
善く	(よく)
善し	(よし,えし)
善しあし	(よしあし,よしわるし)
善し悪し	(よしあし,よしわるし)
善は急げ	(ぜんはいそげ)
善処	(ぜんしょ)
善導	(ぜんどう)
善道	(ぜんどう)
善徳	(ぜんとく)
善悪	(ぜんあく)
善感	(ぜんかん)
善根	(ぜんこん)
善果	(ぜんか)
善後	(ぜんご)
善後策	(ぜんごさく)
善良	(ぜんりょう)
善隣	(ぜんりん)
善隣友好	(ぜんりんゆうこう)
善霊	(ぜんれい)
善美	(ぜんび)
善男善女	(ぜんなんぜんにょ)
善人	(ぜんにん)
善事	(ぜんじ)
善書	(ぜんしょ)
善心	(ぜんしん)
善行	(ぜんこう)
善性	(ぜんせい)
善業	(ぜんごう)
善意	(ぜんい)
善因善果	(ぜんいんぜんか)
善用	(ぜんよう)
善玉	(ぜんだま)
善哉	(ぜんざい)
善戦	(ぜんせん)
善政	(ぜんせい)
善知識	(ぜんちしき,ぜんぢしき)
善智識	(ぜんちしき,ぜんぢしき)
擅断	(せんだん)
擅横	(せんおう)
擅制	(せんせい)
膳	(ぜん)
繕い	(つくろい)
繕う	(つくろう)
商	(しょう)
商い	(あきない)
商う	(あきなう)
商標	(しょうひょう)
商標権	(しょうひょうけん)
商才	(しょうさい)
商策	(しょうさく)
商船	(しょうせん)
商船大学	(しょうせんだいがく)
商船隊	(しょうせんたい)
商船旗	(しょうせんき)
商船学校	(しょうせんがっこう)
商大	(しょうだい)
商店	(しょうてん)
商店街	(しょうてんがい)
商法	(しょうほう)
商港	(しょうこう)
商工	(しょうこう)
商工会議所	(しょうこうかいぎしょ)
商工業	(しょうこうぎょう)
商工業者	(しょうこうぎょうしゃ)
商館	(しょうかん)
商慣習	(しょうかんしゅう)
商慣習法	(しょうかんしゅうほう)
商号	(しょうごう)
商会	(しょうかい)
商魂	(しょうこん)
商機	(しょうき)
商家	(しょうか)
商経	(しょうけい)
商科	(しょうか)
商科大学	(しょうかだいがく)
商況	(しょうきょう)
商利	(しょうり)
商量	(しょうりょう)
商略	(しょうりゃく)
商売	(しょうばい)
商売がたき	(しょうばいがたき)
商売がら	(しょうばいがら)
商売柄	(しょうばいがら)
商売仇	(しょうばいがたき)
商売道具	(しょうばいどうぐ)
商売敵	(しょうばいがたき)
商売筋	(しょうばいすじ)
商売気	(しょうばいぎ)
商売気質	(しょうばいかたぎ)
商売人	(しょうばいにん)
商売替え	(しょうばいがえ)
商品	(しょうひん)
商品目録	(しょうひんもくろく)
商品券	(しょうひんけん)
商品学	(しょうひんがく)
商品在高	(しょうひんざいだか)
商舗	(しょうほ)
商取引	(しょうとりひき)
商権	(しょうけん)
商人	(しょうにん,あきんど,あきうど)
商社	(しょうしゃ)
商事	(しょうじ)
商事会社	(しょうじがいしゃ)
商談	(しょうだん)
商務	(しょうむ)
商務官	(しょうむかん)
商務省	(しょうむしょう)
商行為	(しょうこうい)
商学博士	(しょうがくはくし)
商学士	(しょうがくし)
商業	(しょうぎょう)
商業道徳	(しょうぎょうどうとく)
商業地	(しょうぎょうち)
商業地区	(しょうぎょうちく)
商業都市	(しょうぎょうとし)
商業放送	(しょうぎょうほうそう)
商業港	(しょうぎょうこう)
商業化	(しょうぎょうか)
商業街	(しょうぎょうがい)
商業界	(しょうぎょうかい)
商業美術	(しょうぎょうびじゅつ)
商業目的	(しょうぎょうもくてき)
商業史	(しょうぎょうし)
商業数学	(しょうぎょうすうがく)
商業算術	(しょうぎょうさんじゅつ)
商業文	(しょうぎょうぶん)
商業学	(しょうぎょうがく)
商業学校	(しょうぎょうがっこう)
商業主義	(しょうぎょうしゅぎ)
商業組合	(しょうぎょうくみあい)
商議	(しょうぎ)
商議員	(しょうぎいん)
商用	(しょうよう)
商用化	(しょうようか)
商用文	(しょうようぶん)
商用語	(しょうようご)
商運	(しょううん)
商状	(しょうじょう)
傷	(きず,キズ)
傷ぐすり	(きずぐすり)
傷つく	(きずつく)
傷つける	(きずつける)
傷ましい	(いたましい)
傷み	(いたみ)
傷み入る	(いたみいる)
傷む	(いたむ)
傷める	(いためる)
傷もの	(きずもの,キズモノ)
傷兵	(しょうへい)
傷病	(しょうびょう)
傷病兵	(しょうびょうへい)
傷創	(しょうそう)
傷忰	(しょうすい)
傷悴	(しょうすい)
傷付く	(きずつく)
傷付ける	(きずつける)
傷害	(しょうがい)
傷害保険	(しょうがいほけん)
傷痕	(きずあと,しょうこん)
傷跡	(きずあと,しょうこん)
傷咎め	(きずとがめ)
傷口	(きずぐち)
傷々しい	(いたいたしい)
傷傷しい	(いたいたしい)
傷手	(いたで)
傷嘆	(しょうたん)
傷歎	(しょうたん)
傷物	(きずもの,キズモノ)
傷心	(しょうしん)
傷薬	(きずぐすり)
傷痍	(しょうい)
傷痍軍人	(しょういぐんじん)
傷者	(しょうしゃ)
觴	(さかずき,さかづき,うき)
賞	(しょう)
賞でる	(めでる)
賞める	(ほめる)
賞詞	(しょうし)
賞罰	(しょうばつ)
賞金	(しょうきん)
賞品	(しょうひん)
賞玩	(しょうがん,しょうかん)
賞翫	(しょうがん,しょうかん)
賞味	(しょうみ)
賞味期限	(しょうみきげん)
賞与	(しょうよ)
賞賛	(しょうさん)
賞讃	(しょうさん)
賞状	(しょうじょう)
上	(じょう)
上あご	(うわあご,じょうがく)
上がったり	(あがったり)
上がり	(あがり)
上がりこむ	(あがりこむ)
上がり場	(あがりば)
上がり段	(あがりだん)
上がり高	(あがりだか)
上がり口	(あがりくち,あがりぐち)
上がり目	(あがりめ)
上がり湯	(あがりゆ)
上がり物	(あがりもの)
上がり下がり	(あがりさがり)
上がり込む	(あがりこむ)
上がる	(あがる,アガる)
上がわ	(うわかわ,うわがわ)
上くちびる	(うわくちびる,じょうしん)
上げ	(あげ)
上げる	(あげる,アゲる)
上げ板	(あげいた)
上げ潮	(あげしお)
上げ畳	(あげだたみ)
上げ蓋	(あげぶた)
上げ離す	(あげはなす)
上げ下げ	(あげさげ)
上げ下ろし	(あげおろし)
上げ相場	(あげそうば)
上さん	(かみさん,カミさん)
上す	(のぼす)
上すべり	(うわすべり)
上ずる	(うわずる)
上せる	(のぼせる)
上つき	(うわつき)
上っ側	(うわっかわ)
上っ調子	(うわっちょうし)
上つ方	(うえつがた)
上っ面	(うわっつら)
上っ張り	(うわっぱり)
上の句	(かみのく)
上の空	(うわのそら)
上ばき	(うわばき)
上ぶた	(あげぶた)
上べ	(うわべ)
上まぶた	(うわまぶた)
上まわる	(うわまわる,うわまる)
上り	(のぼり)
上り坂	(のぼりざか)
上り道	(のぼりみち)
上り詰める	(のぼりつめる)
上り口	(のぼりぐち,のぼりくち)
上り列車	(のぼりれっしゃ)
上り下り	(のぼりくだり,のぼりおり)
上ル	(あがる,アガる)
上る	(あがる,アガる)
上白	(じょうはく)
上板	(あげいた)
上半	(じょうはん)
上半期	(かみはんき)
上半身	(じょうはんしん,かみはんしん)
上包	(うわづつみ)
上包み	(うわづつみ)
上背	(うわぜい)
上表	(じょうひょう)
上表紙	(うわびょうし)
上膊	(じょうはく)
上部	(じょうぶ)
上部構造	(じょうぶこうぞう)
上擦る	(うわずる)
上裁	(じょうさい)
上草履	(うわぞうり)
上側	(うわかわ,うわがわ)
上策	(じょうさく)
上層	(じょうそう)
上層風	(じょうそうふう)
上層建築	(じょうそうけんちく)
上層階	(じょうそうかい)
上層階級	(じょうそうかいきゅう)
上層気流	(じょうそうきりゅう)
上層土	(じょうそうど)
上層雲	(じょうそううん)
上長	(じょうちょう)
上場	(じょうじょう)
上場株	(じょうじょうかぶ)
上潮	(あげしお)
上乗	(じょうじょう)
上乗り	(うわのり)
上程	(じょうてい)
上澄	(うわずみ)
上澄み	(うわずみ)
上歯	(うわば)
上出来	(じょうでき)
上船	(じょうせん)
上唇	(うわくちびる,じょうしん)
上蔟	(じょうぞく)
上簇	(じょうぞく)
上達	(じょうたつ)
上代	(じょうだい,うわだい)
上帯	(うわおび)
上等	(じょうとう)
上等兵	(じょうとうへい)
上等兵曹	(じょうとうへいそう)
上等品	(じょうとうひん)
上帝	(じょうてい,しょうてい)
上調子	(うわちょうし)
上棟	(じょうとう)
上棟式	(じょうとうしき)
上働き	(うわばたらき)
上端	(じょうたん)
上段	(じょうだん)
上顎	(うわあご,じょうがく)
上番	(じょうばん)
上辺	(じょうへん)
上方	(じょうほう)
上方贅六	(かみがたぜいろく,かみがたぜえろく)
上分別	(じょうふんべつ)
上敷	(うわしき,うわじき)
上敷き	(うわしき,うわじき)
上服	(うわふく)
上付く	(うわつく)
上覆	(うわおおい)
上蓋	(あげぶた)
上告	(じょうこく)
上臈	(じょうろう)
上古	(じょうこ)
上古史	(じょうこし)
上掛け水車	(うわがけすいしゃ)
上官	(じょうかん)
上菓子	(じょうがし)
上海	(シャンハイ)
上航	(じょうこう)
上荷	(うわに)
上戸	(じょうご)
上滑り	(うわすべり)
上皇	(じょうこう)
上回る	(うわまわる,うわまる)
上廻る	(うわまわる,うわまる)
上絵	(うわえ)
上機嫌	(じょうきげん)
上積み	(うわづみ)
上汲む	(うわぐむ)
上級	(じょうきゅう)
上級曹長	(じょうきゅうそうちょう)
上級副社長	(じょうきゅうふくしゃちょう)
上級管理職	(じょうきゅうかんりしょく)
上級生	(じょうきゅうせい)
上計	(じょうけい)
上記	(じょうき)
上記のことから	(じょうきのことから)
上家	(うわや)
上甲板	(じょうかんぱん)
上瞼	(うわまぶた)
上掲	(じょうけい)
上界	(じょうかい)
上京	(じょうきょう)
上景気	(じょうけいき)
上酒	(じょうしゅ)
上臼	(うわうす)
上句	(かみく)
上巻	(じょうかん)
上客	(じょうきゃく,じょうかく)
上空	(じょうくう)
上枯れる	(うわがれる)
上欄	(じょうらん)
上覧	(じょうらん)
上例	(じょうれい)
上流	(じょうりゅう)
上流社会	(じょうりゅうしゃかい)
上陸	(じょうりく)
上陸用舟艇	(じょうりくようしゅうてい)
上洛	(じょうらく,しょうらく)
上履	(うわばき)
上履き	(うわばき)
上略	(じょうりゃく)
上馬	(じょうば)
上米	(じょうまい)
上面	(うわつら)
上目	(うわめ)
上納	(じょうのう)
上納金	(じょうのうきん)
上納米	(じょうのうまい)
上噛合わせ	(うわかみあわせ)
上紐	(うわひも)
上女中	(かみじょちゅう)
上皮	(うわかわ,じょうひ)
上品	(じょうひん)
上気	(うわき)
上気せる	(のぼせる)
上前	(うわまえ)
上人	(しょうにん)
上々	(じょうじょう)
上上	(じょうじょう)
上申	(じょうしん)
上申書	(じょうしんしょ)
上昇	(じょうしょう)
上昇気流	(じょうしょうきりゅう)
上昇限度	(じょうしょうげんど)
上昇線	(じょうしょうせん)
上盛り	(うわもり)
上石	(うわいし)
上使	(じょうし)
上世	(かみつよ,じょうせい)
上手	(うわて,かみて)
上手い	(うまい)
上手く	(うまく)
上手くいく	(うまくいく)
上手く行く	(うまくいく)
上手投げ	(うわてなげ)
上手者	(じょうずもの)
上首尾	(じょうしゅび)
上書	(じょうしょ)
上書き	(うわがき)
上疏	(じょうそ)
上述	(じょうじゅつ)
上水	(じょうすい)
上水道	(じょうすいどう)
上司	(じょうし)
上宿	(じょうやど)
上訴	(じょうそ)
上騰	(じょうとう)
上提	(じょうてい)
上体	(じょうたい)
上天	(じょうてん)
上天気	(じょうてんき)
上田	(じょうでん)
上貼り	(うわばり)
上図	(じょうず)
上塗	(うわぬり)
上塗り	(うわぬり)
上腿	(じょうたい)
上腕	(じょうわん)
上位	(じょうい)
上位構造	(じょういこうぞう)
上位互換性	(じょういごかんせい)
上文	(じょうぶん)
上聞	(じょうぶん)
上屋	(うわや)
上屋敷	(かみやしき)
上物	(じょうもの)
上席	(じょうせき)
上蓆	(うわむしろ)
上下	(うえした)
上下動	(じょうげどう)
上下水道	(じょうげすいどう)
上下線	(じょうげせん)
上弦	(じょうげん)
上限	(じょうげん)
上線	(じょうせん)
上箱	(うわばこ)
上向	(じょうこう)
上向き	(うわむき,うえむき)
上向きの互換性	(じょうむきのごかんせい)
上向く	(うわむく,うえむく)
上向線	(じょうこうせん)
上靴	(うわぐつ)
上旬	(じょうじゅん)
上筵	(うわむしろ)
上演	(じょうえん)
上様	(うえさま,うえざま,かみさま)
上薬	(うわぐすり,ゆうやく,ゆう)
上衣	(うわぎ,じょうい)
上役	(うわやく)
上意	(じょうい)
上翼	(じょうよく)
上議	(じょうぎ)
上映	(じょうえい)
上玉	(じょうだま,じょうたま)
上御一人	(かみごいちにん)
上諭	(じょうゆ)
上院	(じょういん)
上院議員	(じょういんぎいん)
上越	(じょうえつ)
上張り	(うわばり)
上着	(うわぎ,じょうい)
上知	(じょうち)
上肢	(じょうし)
上値	(うわね)
上旨	(じょうし)
上紙	(うわがみ)
上智	(じょうち)
上製	(じょうせい)
上製本	(じょうせいぼん,じょうせいほん)
上質	(じょうしつ)
上中下	(じょうちゅうげ)
上梓	(じょうし)
上奏	(じょうそう)
上奏文	(じょうそうぶん)
上足	(じょうそく)
上作	(じょうさく)
上座	(かみざ,じょうざ)
上﨟	(じょうろう)
尚	(なお)
尚お	(なお)
尚かつ	(なおかつ)
尚さら	(なおさら)
尚ぶ	(とうとぶ,たっとぶ)
尚更	(なおさら)
尚且つ	(なおかつ)
尚武	(しょうぶ)
尚早	(しょうそう)
裳裾	(もすそ)
裳脱け	(もぬけ)
梢	(こずえ)
稍	(やや)
焼きいも	(やきいも)
焼きがまわる	(やきがまわる,ヤキがまわる)
焼きが回る	(やきがまわる,ヤキがまわる)
焼きそば	(やきそば,ヤキソバ)
焼きたて	(やきたて)
焼きつく	(やきつく)
焼きつけ	(やきつけ)
焼きつける	(やきつける)
焼きはらう	(やきはらう)
焼きもち	(やきもち,ヤキモチ)
焼きもち焼き	(やきもちやき,ヤキモチやき)
焼きもの	(やきもの)
焼き餅	(やきもち,ヤキモチ)
焼き餅焼き	(やきもちやき,ヤキモチやき)
焼き餠	(やきもち,ヤキモチ)
焼き豆腐	(やきどうふ)
焼き払う	(やきはらう)
焼き付く	(やきつく)
焼き付け	(やきつけ)
焼き付ける	(やきつける)
焼き鶏	(やきとり)
焼き金	(やきがね)
焼き立て	(やきたて)
焼き鳥	(やきとり)
焼き蕎麦	(やきそば,ヤキソバ)
焼き切る	(やききる)
焼き肉	(やきにく)
焼き入れ	(やきいれ)
焼き殺す	(やきころす)
焼き捨てる	(やきすてる)
焼き豚	(やきぶた)
焼き物	(やきもの)
焼き肴	(やきざかな)
焼き印	(やきいん)
焼き印を押す	(やきいんをおす)
焼き魚	(やきざかな)
焼き芋	(やきいも)
焼き増し	(やきまし)
焼く	(やく)
焼け	(やけ,ヤケ)
焼けこげ	(やけこげ)
焼けつく	(やけつく)
焼ける	(やける)
焼け付く	(やけつく)
焼け焦げ	(やけこげ)
焼け落ちる	(やけおちる)
焼け死ぬ	(やけしぬ)
焼そば	(やきそば,ヤキソバ)
焼餅	(やきもち,ヤキモチ)
焼払う	(やきはらう)
焼付く	(やきつく)
焼付け	(やきつけ)
焼付ける	(やきつける)
焼鶏	(やきとり)
焼売	(しゅうまい,シュウマイ,シューマイ)
焼鳥	(やきとり)
焼蕎麦	(やきそば,ヤキソバ)
焼却	(しょうきゃく)
焼肉	(やきにく)
焼入れ	(やきいれ)
焼豚	(やきぶた)
焼物	(やきもの)
焼肴	(やきざかな)
焼印	(やきいん)
焼印を押す	(やきいんをおす)
焼魚	(やきざかな)
焼芋	(やきいも)
焼増し	(やきまし)
焼酎	(しょうちゅう)
焼藷	(やきいも)
蛸	(タコ,たこ)
蛸焼き	(たこやき,タコヤキ)
燒賣	(しゅうまい,シュウマイ,シューマイ)
鮹	(タコ,たこ)
勺	(しゃく,せき)
芍薬	(しゃくやく,シャクヤク)
少い	(すくない)
少くとも	(すくなくとも)
少し	(すこし)
少しずつ	(すこしずつ,すこしづつ)
少しずつ違う	(すこしずつちがう)
少しづつ	(すこしずつ,すこしづつ)
少しも	(すこしも)
少し宛	(すこしずつ,すこしづつ)
少と	(ちっと,ちと)
少ない	(すくない)
少なからず	(すくなからず)
少なくとも	(すくなくとも)
少なくも	(すくなくも)
少なげ	(すくなげ)
少敵	(しょうてき)
少額	(しょうがく)
少恩	(しょうおん)
少関	(しょうかん)
少国民	(しょうこくみん)
少将	(しょうしょう)
少量	(しょうりょう)
少年	(しょうねん)
少年法	(しょうねんほう)
少年犯罪	(しょうねんはんざい)
少年感化院	(しょうねんかんかいん)
少年会	(しょうねんかい)
少年労働	(しょうねんろうどう)
少年少女	(しょうねんしょうじょ)
少年審判所	(しょうねんしんぱんじょ,しょうねんしんぱんしょ)
少年団	(しょうねんだん)
少年文学	(しょうねんぶんがく)
少年院	(しょうねんいん)
少女	(しょうじょ)
少女心	(おとめごころ)
少々	(しょうしょう)
少少	(しょうしょう)
少食	(しょうしょく)
少食家	(しょうしょくか)
少時	(しょうじ)
少数	(しょうすう)
少数党	(しょうすうとう)
少数点	(しょうすうてん)
少数民族	(しょうすうみんぞく)
少数者	(しょうすうしゃ)
少水	(しょうすい)
少尉	(しょうい)
少閑	(しょうかん)
少者	(しょうしゃ)
少壮	(しょうそう)
少壮気鋭	(しょうそうきえい)
少壮士官	(しょうそうしかん)
少壮有為	(しょうそうゆうい)
少資本	(しょうしほん)
少佐	(しょうさ)
紹継	(しょうけい)
紹介	(しょうかい)
紹介者	(しょうかいしゃ)
奢る	(おごる)
奢侈	(しゃし)
舌	(した)
舌うち	(したうち)
舌たらず	(したたらず)
舌打ち	(したうち)
舌鼓を打つ	(したつづみをうつ)
舌禍	(ぜっか)
舌先	(したさき)
舌戦	(ぜっせん)
舌足らず	(したたらず)
蛇	(へび,じゃ,くちなわ)
蛇ノ目	(じゃのめ,ジャノメ)
蛇の目	(じゃのめ,ジャノメ)
蛇毒	(じゃどく,へびどく)
蛇腹	(じゃばら)
蛇口	(じゃぐち)
蛇目	(じゃのめ,ジャノメ)
蛇年	(みどし,へびどし)
蛇行	(だこう,じゃこう)
蛇足	(だそく)
捨てさる	(すてさる)
捨てせりふ	(すてぜりふ)
捨てゼリフ	(すてぜりふ)
捨てぜりふ	(すてぜりふ)
捨てネコ	(すてねこ)
捨てばち	(すてばち)
捨てる	(すてる)
捨て鉢	(すてばち)
捨て場	(すてば)
捨て金	(すてがね)
捨て売り	(すてうり)
捨て猫	(すてねこ)
捨て去る	(すてさる)
捨て犬	(すていぬ)
捨て身	(すてみ)
捨て台詞	(すてぜりふ)
捨て子	(すてご,きじ)
捨鉢	(すてばち)
捨場	(すてば)
捨売り	(すてうり)
捨猫	(すてねこ)
捨身	(すてみ)
捨象	(しゃしょう)
社	(やしろ)
社長	(しゃちょう)
社歌	(しゃか)
社会	(しゃかい)
社会党	(しゃかいとう)
社会悪	(しゃかいあく)
社会福祉	(しゃかいふくし)
社会科学	(しゃかいかがく)
社会面	(しゃかいめん)
社会人	(しゃかいじん)
社会人枠	(しゃかいじんわく)
社会生物学	(しゃかいせいぶつがく)
社会学	(しゃかいがく)
社会諸科学	(しゃかいしょかがく)
社会主義	(しゃかいしゅぎ)
社会主義者	(しゃかいしゅぎしゃ)
社交	(しゃこう)
社交的	(しゃこうてき)
社名	(しゃめい)
社内	(しゃない)
社内情報	(しゃないじょうほう)
社説	(しゃせつ)
社団法人	(しゃだんほうじん)
社外	(しゃがい)
社外発信	(しゃがいはっしん)
社外秘	(しゃがいひ)
社用	(しゃよう)
社用車	(しゃようしゃ)
社用族	(しゃようぞく)
社員	(しゃいん)
社員教育	(しゃいんきょういく)
社員寮	(しゃいんりょう)
社宅	(しゃたく)
社債	(しゃさい)
舎	(しゃ)
舎弟	(しゃてい)
舎監	(しゃかん)
舎利	(しゃり,さり)
舎利別	(しゃりべつ)
舎利塩	(しゃりえん)
舎路	(シアトル)
舎兄	(しゃけい)
舎営	(しゃえい)
舎宅	(しゃたく)
射す	(さす)
射ち殺す	(うちころす)
射つ	(うつ)
射る	(いる)
射程	(しゃてい)
射的	(しゃてき)
射的場	(しゃてきじょう)
射法	(しゃほう)
射撃	(しゃげき)
射撃禁止地域	(しゃげききんしちいき)
射角	(しゃかく)
射精	(しゃせい)
射殺	(しゃさつ)
射手	(いて,しゃしゅ)
射手座	(いてざ)
射影	(しゃえい)
射止める	(いとめる)
赦し	(ゆるし)
赦す	(ゆるす)
赦免	(しゃめん)
設える	(しつらえる)
設ける	(もうける)
設備	(せつび)
設定	(せってい)
設計	(せっけい)
設計図	(せっけいず)
設計者	(せっけいしゃ)
設立	(せつりつ)
設問	(せつもん)
設営	(せつえい)
設置	(せっち)
渉る	(わたる)
渉外	(しょうがい)
渉外部	(しょうがいぶ)
摂待	(せったい)
摂動	(せつどう)
摂動論	(せつどうろん)
摂理	(せつり)
摂取	(せっしゅ)
摂生	(せっせい)
摂食	(せっしょく)
摂氏	(せっし)
摂政	(せっしょう)
麝香	(じゃこう,ジャコウ)
麝香鹿	(じゃこうじか,ジャコウジカ)
麝香猫	(じゃこうねこ,ジャコウネコ)
麝香鼠	(じゃこうねずみ,ジャコウネズミ)
麝香水	(じゃこうすい)
麝香豌豆	(ジャコウエンドウ,じゃこうえんどう)
申	(さる)
申しあげる	(もうしあげる)
申しあわせる	(もうしあわせる)
申しおくれる	(もうしおくれる)
申しかねる	(もうしかねる)
申しこむ	(もうしこむ)
申しつける	(もうしつける)
申しにくい	(もうしにくい)
申しよう	(もうしよう)
申しわけ	(もうしわけ)
申し遅れる	(もうしおくれる)
申し出	(もうしで)
申し出る	(もうしでる)
申し渡す	(もうしわたす)
申し分	(もうしぶん)
申し分け	(もうしわけ)
申し付ける	(もうしつける)
申し合せる	(もうしあわせる)
申し合わせ	(もうしあわせ)
申し合わせる	(もうしあわせる)
申し後れる	(もうしおくれる)
申し兼ねる	(もうしかねる)
申し開らく	(もうしひらく)
申し立て	(もうしたて)
申し立てる	(もうしたてる)
申し立て人	(もうしたてにん)
申し難い	(もうしにくい)
申し遣わす	(もうしつかわす)
申し入れ	(もうしいれ)
申し入れる	(もうしいれる)
申し上げる	(もうしあげる)
申し受ける	(もうしうける)
申し述べる	(もうしのべる)
申し送る	(もうしおくる)
申し添える	(もうしそえる)
申し聞かせる	(もうしきかせる)
申し様	(もうしよう)
申し訳	(もうしわけ)
申し込み	(もうしこみ)
申し込み書	(もうしこみしょ)
申し込み順	(もうしこみじゅん)
申し込む	(もうしこむ)
申し越す	(もうしこす)
申し子	(もうしご)
申す	(もうす)
申遅れる	(もうしおくれる)
申出	(もうしで)
申出る	(もうしでる)
申渡す	(もうしわたす)
申付ける	(もうしつける)
申告	(しんこく)
申告箱	(しんこくばこ)
申合せ	(もうしあわせ)
申兼ねる	(もうしかねる)
申立	(もうしたて)
申立て	(もうしたて)
申命記	(しんめいき)
申年	(さるどし)
申請	(しんせい)
申請書	(しんせいしょ)
申入	(もうしいれ)
申上げる	(もうしあげる)
申受ける	(もうしうける)
申述べる	(もうしのべる)
申送る	(もうしおくる)
申聞かせる	(もうしきかせる)
申訳	(もうしわけ)
申込	(もうしこみ)
申込み	(もうしこみ)
申込み順	(もうしこみじゅん)
申込む	(もうしこむ)
申込書	(もうしこみしょ)
申越す	(もうしこす)
伸し	(のし)
伸しかかる	(のしかかる)
伸し餅	(のしもち)
伸し掛かる	(のしかかる)
伸し掛る	(のしかかる)
伸し上がる	(のしあがる)
伸し上げる	(のしあげる)
伸し上る	(のしあがる)
伸す	(のす)
伸ばす	(のばす)
伸び	(のび,ノビ)
伸びあがる	(のびあがる)
伸びちぢみ	(のびちぢみ)
伸びのび	(のびのび)
伸びやか	(のびやか)
伸びる	(のびる)
伸び広がる	(のびひろがる)
伸び率	(のびりつ)
伸び悩む	(のびなやむ)
伸び上がる	(のびあがる)
伸び上る	(のびあがる)
伸び伸び	(のびのび)
伸び縮み	(のびちぢみ)
伸べる	(のべる)
伸べ広げる	(のべひろげる)
伸るか反るか	(のるかそるか)
伸餅	(のしもち)
伸長	(しんちょう)
伸暢	(しんちょう)
伸度	(しんど)
伸筋	(しんきん)
伸縮	(しんしゅく)
伸縮法	(しんしゅくほう)
伸縮税率	(しんしゅくぜいりつ)
伸縮性	(しんしゅくせい)
伸縮自在	(しんしゅくじざい)
伸展	(しんてん)
伸張	(しんちょう)
身	(み)
身うち	(みうち)
身がまえ	(みがまえ)
身からでたサビ	(みからでたさび)
身から出たサビ	(みからでたさび)
身から出た錆	(みからでたさび)
身じろぎもしない	(みじろぎもしない)
身じろぐ	(みじろぐ)
身づくろい	(みづくろい)
身なり	(みなり)
身にしみる	(みにしみる)
身に沁みる	(みにしみる)
身に染みる	(みにしみる)
身のまわり	(みのまわり)
身の代金	(みのしろきん)
身の回り	(みのまわり)
身の廻り	(みのまわり)
身の上	(みのうえ)
身の周り	(みのまわり)
身ぶり	(みぶり)
身ぶるい	(みぶるい)
身もと	(みもと)
身より	(みより)
身をかがめる	(みをかがめる)
身を屈める	(みをかがめる)
身を投じる	(みをとうじる)
身柄	(みがら)
身長	(しんちょう)
身代り	(みがわり)
身代わり	(みがわり)
身代金	(みのしろきん)
身動ぐ	(みじろぐ)
身辺	(しんぺん)
身方	(みかた)
身分	(みぶん)
身分証明書	(みぶんしょうめいしょ)
身幅	(みはば)
身構え	(みがまえ)
身許	(みもと)
身寄	(みより)
身寄り	(みより)
身巾	(みはば)
身近	(みぢか)
身空	(みそら)
身内	(みうち)
身繕い	(みづくろい)
身上	(しんじょう)
身神	(しんしん,しんじん)
身体	(からだ)
身体つき	(からだつき)
身体付き	(からだつき)
身体障がい者	(しんたいしょうがいしゃ)
身体障碍者	(しんたいしょうがいしゃ)
身体障害者	(しんたいしょうがいしゃ)
身替り	(みがわり)
身替わり	(みがわり)
身投げ	(みなげ)
身心	(しんしん,しんじん)
身形	(みなり)
身元	(みもと)
身元確認	(みもとかくにん)
身丈	(みたけ)
身振	(みぶり)
身振い	(みぶるい)
身振り	(みぶり)
身震い	(みぶるい)
呻き	(うめき)
呻く	(うめく)
呻り	(うなり)
呻る	(うなる)
深い	(ふかい)
深えん	(しんえん)
深ける	(ふける)
深さ	(ふかさ)
深まる	(ふかまる)
深み	(ふかみ)
深める	(ふかめる)
深奥	(しんおう)
深層	(しんそう)
深度	(しんど)
深海	(しんかい)
深紅	(しんく,しんこう)
深呼吸	(しんこきゅう)
深刻	(しんこく)
深刻化	(しんこくか)
深謀遠慮	(しんぼうえんりょ)
深切	(しんせつ)
深々	(ふかぶか)
深深	(ふかぶか)
深味	(ふかみ)
深閑	(しんかん)
深夜	(しんや)
深淵	(しんえん)
深遠	(しんえん)
深在性真菌症	(しんざいせいしんきんしょう)
紳士	(しんし)
紳士服	(しんしふく)
紳士協定	(しんしきょうてい)
紳士用	(しんしよう)
鯵	(アジ,あじ)
鰺	(アジ,あじ)
什	(じゅう,とお,と)
什宝	(じゅうほう)
什器	(じゅうき)
什物	(じゅうもつ)
什一	(じゅういち)
什一献金	(じゅういちけんきん)
神	(かみ)
神さま	(かみさま)
神わざ	(かみわざ,かむわざ,かんわざ)
神参り	(かみまいり)
神出鬼没	(しんしゅつきぼつ)
神代	(かみよ,じんだい,しんだい)
神道	(しんとう,しんどう)
神道信者	(しんとうしんじゃ)
神徳	(しんとく)
神殿	(しんでん)
神風	(かみかぜ,しんぷう,かむかぜ)
神仏	(しんぶつ,かみほとけ)
神父	(しんぷ)
神宮	(じんぐう)
神官	(しんかん,かんづかさ,かみづかさ)
神化	(しんか)
神話	(しんわ)
神経	(しんけい)
神経ガス	(しんけいガス)
神経が鋭い	(しんけいがするどい)
神経の鈍い	(しんけいのにぶい)
神経の鋭い	(しんけいのするどい)
神経回路網	(しんけいかいろもう)
神経節	(しんけいせつ)
神経科	(しんけいか)
神経科医	(しんけいかい)
神経衰弱	(しんけいすいじゃく)
神経戦	(しんけいせん)
神経症	(しんけいしょう)
神経質	(しんけいしつ)
神秘	(しんぴ)
神秘的	(しんぴてき)
神秘学	(しんぴがく)
神妙	(しんみょう,しんびょう)
神奈川県	(かながわけん)
神奈川縣	(かながわけん)
神棚	(かみだな)
神蛇	(しんじゃ)
神社	(じんじゃ,じんしゃ)
神身	(しんしん,しんじん)
神々	(かみがみ)
神神	(かみがみ)
神聖	(しんせい)
神世	(かみよ,じんだい,しんだい)
神事	(かみわざ,かむわざ,かんわざ)
神司	(しんかん,かんづかさ,かみづかさ)
神髄	(しんずい)
神童	(しんどう)
神託	(しんたく)
神巫	(いちこ)
神武	(じんむ)
神性	(しんせい)
神興	(みこし,しんよ)
神学	(しんがく)
神厳	(しんげん)
神様	(かみさま)
神謡集	(しんようしゅう)
神業	(かみわざ,かむわざ,かんわざ)
神隠し	(かみかくし,かみがくし)
神輿	(みこし,しんよ)
神楽	(かぐら)
神主	(かんぬし)
神子	(みこ,ふじょ)
榊	(さかき)
鰰	(はたはた,かみなりうお,ハタハタ)
沈む	(しずむ)
沈める	(しずめる)
沈菜	(キムチ)
沈殿	(ちんでん)
沈澱	(ちんでん)
沈丁花	(じんちょうげ,ちんちょうげ,ぢんちょうげ)
沈降	(ちんこう)
沈静	(ちんせい)
沈淪	(ちんりん)
沈没	(ちんぼつ)
沈黙	(ちんもく)
沈思	(ちんし)
沈思黙考	(ちんしもっこう)
沈痛	(ちんつう)
沈下	(ちんか)
沈渣	(ちんさ)
沈着	(ちんちゃく)
沈滞	(ちんたい)
沈酔	(ちんすい)
哂う	(わらう)
審査	(しんさ)
審査官	(しんさかん)
審査員	(しんさいん)
審理	(しんり)
審美	(しんび)
審美眼	(しんびがん)
審美主義	(しんびしゅぎ)
審判	(しんぱん,しんばん)
審判役	(しんぱんやく)
審問	(しんもん)
審議	(しんぎ)
審議会	(しんぎかい)
甚い	(いたい,イタイ,イタい)
甚く	(いたく)
甚しい	(はなはだしい)
甚だ	(はなはだ)
甚だしい	(はなはだしい)
甚だもって	(はなはだもって)
甚だ以て	(はなはだもって)
甚大	(じんだい)
甚句	(じんく)
甚六	(じんろく)
腎不全	(じんふぜん)
腎臓	(じんぞう)
椹	(さわら,サワラ)
蜃気楼	(しんきろう)
慎しみ	(つつしみ)
慎み	(つつしみ)
慎み深い	(つつしみぶかい)
慎む	(つつしむ)
慎重	(しんちょう)
滲みる	(しみる)
滲み出る	(しみでる)
滲み渡る	(しみわたる)
滲み込む	(しみこむ)
滲む	(にじむ)
滲出	(しんしゅつ)
滲透	(しんとう)
升	(ます,マス)
生	(なま)
生いしげる	(おいしげる)
生いたち	(おいたち)
生い立ち	(おいたち)
生い茂る	(おいしげる)
生う	(おう)
生える	(はえる)
生かじり	(なまかじり)
生かす	(いかす)
生き	(いき,イキ)
生きいき	(いきいき,イキイキ)
生きがい	(いきがい)
生きがいい	(いきがいい,いきがよい,イキがいい)
生きかえる	(いきかえる)
生きが良い	(いきがいい,いきがよい,イキがいい)
生きながらえる	(いきながらえる)
生きのいい	(いきのいい,いきのよい,イキのいい)
生きのびる	(いきのびる)
生きの良い	(いきのいい,いきのよい,イキのいい)
生きもの	(いきもの)
生きる	(いきる)
生き残る	(いきのこる)
生き長らえる	(いきながらえる)
生き存える	(いきながらえる)
生き返る	(いきかえる)
生き方	(いきかた)
生き甲斐	(いきがい)
生き埋める	(いきうめる)
生き生き	(いきいき,イキイキ)
生き物	(いきもの)
生き血	(いきち)
生き延びる	(いきのびる)
生き永らえる	(いきながらえる)
生き字引	(いきじびき)
生き字引き	(いきじびき)
生ぐさい	(なまぐさい)
生ける	(いける)
生け捕り	(いけどり)
生け方	(いけかた)
生け花	(いけばな,せいか)
生け籬	(いけがき)
生け擒	(いけどり)
生け垣	(いけがき)
生ゴミ	(なまごみ)
生ごみ	(なまごみ)
生じる	(しょうじる)
生ずる	(しょうずる)
生たまご	(なまたまご)
生っ粋	(きっすい)
生ぬるい	(なまぬるい)
生ビール	(なまビール)
生まじめ	(きまじめ)
生まれ	(うまれ)
生まれかわり	(うまれかわり)
生まれかわる	(うまれかわる)
生まれた場所	(うまれたばしょ)
生まれつき	(うまれつき)
生まれつく	(うまれつく)
生まれる	(うまれる)
生まれ変わり	(うまれかわり)
生まれ変わる	(うまれかわる)
生まれ付き	(うまれつき)
生まれ付く	(うまれつく)
生みだす	(うみだす)
生みつける	(うみつける)
生み出す	(うみだす)
生み付ける	(うみつける)
生む	(うむ)
生めかしい	(なまめかしい)
生もの	(なまもの)
生やす	(はやす)
生れ	(うまれ)
生れつき	(うまれつき)
生れる	(うまれる)
生れ付き	(うまれつき)
生れ付く	(うまれつく)
生保	(せいほ)
生別	(せいべつ)
生残	(せいざん)
生産	(せいさん)
生産地	(せいさんち)
生産高	(せいさんだか)
生産技術	(せいさんぎじゅつ)
生産性	(せいさんせい)
生産者	(せいさんしゃ)
生長	(せいちょう)
生塵	(なまごみ)
生成	(せいせい)
生臭い	(なまぐさい)
生存	(せいぞん)
生存期間	(せいぞんきかん)
生存者	(せいぞんしゃ)
生誕	(せいたん)
生得	(せいとく,しょうとく)
生地	(きじ)
生番組	(なまばんぐみ)
生返る	(いきかえる)
生放送	(なまほうそう)
生後	(せいご)
生花	(いけばな,せいか)
生化学	(せいかがく)
生活	(せいかつ)
生活費	(せいかつひ)
生活難	(せいかつなん)
生活協同組合	(せいかつきょうどうくみあい)
生計	(せいけい)
生家	(せいか,しょうか)
生甲斐	(いきがい)
生検	(せいけん)
生姜	(しょうが,ショウガ)
生姜焼き	(しょうがやき)
生薑	(しょうが,ショウガ)
生芥	(なまごみ)
生絹	(すずし)
生理	(せいり)
生理的	(せいりてき)
生理日	(せいりび)
生立ち	(おいたち)
生録	(なまろく)
生卵	(なまたまご)
生毛	(うぶげ)
生茂る	(おいしげる)
生糸	(きいと)
生命	(せいめい)
生命保険	(せいめいほけん)
生命科学	(せいめいかがく)
生命倫理	(せいめいりんり)
生母	(せいぼ)
生年	(せいねん)
生年月日	(せいねんがっぴ)
生噛じり	(なまかじり)
生齧り	(なまかじり)
生前	(せいぜん)
生擒	(いけどり)
生殺し	(なまごろし)
生殺与奪	(せいさつよだつ)
生身	(なまみ)
生々しい	(なまなましい)
生生しい	(なまなましい)
生石灰	(せいせっかい)
生死	(せいし,しょうじ,しょうし)
生死にかかわる問題	(せいしにかかわるもんだい)
生死に関わる問題	(せいしにかかわるもんだい)
生粋	(きっすい)
生態	(せいたい)
生態系	(せいたいけい)
生態学	(せいたいがく)
生体	(せいたい)
生体解剖	(せいたいかいぼう)
生体力学	(せいたいりきがく)
生徒	(せいと)
生温い	(なまぬるい)
生物	(なまもの)
生物兵器	(せいぶつへいき)
生物学	(せいぶつがく)
生物学者	(せいぶつがくしゃ)
生物戦	(せいぶつせん)
生息	(せいそく)
生協	(せいきょう)
生涯	(しょうがい)
生涯教育	(しょうがいきょういく)
生意気	(なまいき)
生玉子	(なまたまご)
生育	(せいいく)
生垣	(いけがき)
生憎	(あいにく)
生者必滅	(しょうじゃひつめつ)
生真面目	(きまじめ)
生殖	(せいしょく)
生殖器	(せいしょくき,せいしょっき)
生殖腺	(せいしょくせん)
生中継	(なまちゅうけい)
生煮え	(なまにえ)
生字引	(いきじびき)
声	(こえ)
声をかける	(こえをかける)
声を掛ける	(こえをかける)
声を立てる	(こえをたてる)
声変り	(こえがわり)
声変わり	(こえがわり)
声帯	(せいたい)
声高	(こわだか)
声門	(せいもん)
声明	(せいめい)
声色	(こわいろ)
声望	(せいぼう)
声紋	(せいもん)
声優	(せいゆう)
声援	(せいえん)
声楽	(せいがく)
声楽家	(せいがくか)
枡	(ます,マス)
昇り	(のぼり)
昇り坂	(のぼりざか)
昇り降り	(のぼりくだり,のぼりおり)
昇り詰める	(のぼりつめる)
昇り口	(のぼりぐち,のぼりくち)
昇る	(のぼる)
昇格	(しょうかく)
昇給	(しょうきゅう)
昇級	(しょうきゅう)
昇進	(しょうしん,しょうじん)
昇任	(しょうにん)
昇順	(しょうじゅん)
昇天	(しょうてん)
陞進	(しょうしん,しょうじん)
陞任	(しょうにん)
甥	(おい)
聲	(こえ)
縄	(なわ)
縄とび	(なわとび)
縄飛び	(なわとび)
縄跳び	(なわとび)
縄文	(じょうもん)
縄張	(なわばり)
縄張り	(なわばり)
繩	(なわ)
繩張り	(なわばり)
省エネ	(しょうエネ)
省く	(はぶく)
省筆	(しょうひつ,せいひつ)
省察	(せいさつ,しょうさつ)
省電力	(しょうでんりょく)
省令	(しょうれい)
省略	(しょうりゃく)
省略記号	(しょうりゃくきごう)
省略時	(しょうりゃくじ)
省庁	(しょうちょう)
省線	(しょうせん)
省営	(しょうえい)
盛	(もり)
盛り	(さかり)
盛りあがり	(もりあがり)
盛りあがる	(もりあがる)
盛りあげる	(もりあげる)
盛り場	(さかりば)
盛り返す	(もりかえす)
盛り合せ	(もりあわせ)
盛り合わせ	(もりあわせ)
盛り上がり	(もりあがり)
盛り上がる	(もりあがる)
盛り上げる	(もりあげる)
盛り上る	(もりあがる)
盛り込む	(もりこむ)
盛る	(さかる,サカる)
盛ん	(さかん)
盛んになる	(さかんになる)
盛んに成る	(さかんになる)
盛大	(せいだい)
盛合せ	(もりあわせ)
盛合わせ	(もりあわせ)
盛況	(せいきょう)
盛名	(せいめい)
盛上がる	(もりあがる)
盛衰	(せいすい)
盛業	(せいぎょう)
盛込む	(もりこむ)
盛運	(せいうん)
盛者必衰	(じょうしゃひっすい,しょうしゃひっすい,しょうじゃひっすい)
盛装	(せいそう)
剰	(あまつさえ,あまっさえ)
剰え	(あまつさえ,あまっさえ)
剰す	(あます)
剰り	(あまり,あんまり)
剰費	(じょうひ)
剰余	(じょうよ)
剰余金	(じょうよきん)
剰語	(じょうご)
剰員	(じょういん)
勝たれぬ	(かたれぬ)
勝ち	(かち)
勝ちみ	(かちみ)
勝ち抜く	(かちぬく)
勝ち誇る	(かちほこる)
勝ち目	(かちめ)
勝ち通す	(かちとおす)
勝ち味	(かちみ)
勝ち越し	(かちこし)
勝つ	(かつ)
勝る	(まさる)
勝れた	(すぐれた)
勝れる	(すぐれる)
勝抜く	(かちぬく)
勝敗	(しょうはい)
勝報	(しょうほう)
勝負	(しょうぶ)
勝利	(しょうり)
勝利者	(しょうりしゃ)
勝男武士	(かつおぶし,かつぶし)
勝手	(かって)
勝手に	(かってに)
勝訴	(しょうそ)
勝算	(しょうさん)
勝越し	(かちこし)
勝楽	(しょうらく)
勝者	(しょうしゃ)
聖エルモの火	(せいエルモのひ)
聖餐	(せいさん,せいざん)
聖典	(せいてん)
聖断	(せいだん)
聖歌	(せいか)
聖歌隊	(せいかたい)
聖霊	(せいれい)
聖母	(せいぼ)
聖人	(せいじん)
聖書	(せいしょ)
聖堂	(せいどう)
聖域	(せいいき)
聖伝	(せいでん)
聖戦	(せいせん)
聖週	(せいしゅう)
失う	(うしなう)
失くす	(なくす)
失くなる	(なくなる)
失する	(しっする)
失せる	(うせる)
失せ去る	(うせさる)
失せ物	(うせもの)
失そう	(しっそう)
失なう	(うしなう)
失敗	(しっぱい)
失敗は成功のもと	(しっぱいはせいこうのもと)
失敗は成功の基	(しっぱいはせいこうのもと)
失敗は成功の元	(しっぱいはせいこうのもと)
失策	(しっさく)
失錯	(しっさく)
失当	(しっとう)
失地	(しっち)
失点	(しってん)
失調	(しっちょう)
失費	(しっぴ)
失格	(しっかく)
失格者	(しっかくしゃ)
失火	(しっか)
失跡	(しっせき)
失脚	(しっきゃく)
失禁	(しっきん)
失敬	(しっけい)
失考	(しっこう)
失礼	(しつれい,しつらい,しちらい)
失礼しました	(しつれいしました)
失恋	(しつれん)
失名	(しつめい)
失名氏	(しつめいし)
失明	(しつめい)
失明者	(しつめいしゃ)
失命	(しつめい)
失念	(しつねん)
失権	(しっけん)
失神	(しっしん)
失速	(しっそく)
失態	(しったい)
失体	(しったい)
失透	(しっとう)
失望	(しつぼう)
失陥	(しっかん)
失効	(しっこう)
失笑	(しっしょう)
失心	(しっしん)
失血	(しっけつ)
失言	(しつげん)
失業	(しつぎょう)
失業保険	(しつぎょうほけん)
失業率	(しつぎょうりつ)
失業手当	(しつぎょうてあて)
失業手当て	(しつぎょうてあて)
失業者	(しつぎょうしゃ)
失意	(しつい)
失語	(しつご)
失語症	(しつごしょう)
失着	(しっちゃく)
失政	(しっせい)
失職	(しっしょく)
失職者	(しっしょくしゃ)
失墜	(しっつい)
失踪	(しっそう)
虱	(しらみ,しし,シラミ)
虱潰し	(しらみつぶし)
施し	(ほどこし)
施し物	(ほどこしもの)
施す	(ほどこす)
施策	(しさく)
施錠	(せじょう)
施肥	(せひ,しひ)
施療	(せりょう)
施設	(しせつ)
施行	(しこう,せこう,しぎょう)
施政	(しせい)
屍骸	(しがい)
屍体	(したい)
屍陀林王	(しだりんおう)
師表	(しひょう)
師長	(しちょう)
師道	(しどう)
師弟	(してい)
師恩	(しおん)
師範	(しはん)
師範学校	(しはんがっこう)
師父	(しふ)
師家	(しか)
師匠	(ししょう)
師門	(しもん)
師儒	(しじゅ)
師僧	(しそう)
師事	(しじ)
師説	(しせつ)
師団	(しだん)
師団長	(しだんちょう)
師訓	(しくん)
師友	(しゆう)
師伝	(しでん)
師子	(しし)
師走	(しわす,しはす)
湿しん	(しっしん)
湿す	(しめす)
湿り	(しめり)
湿る	(しめる,しとる)
湿布	(しっぷ)
湿地	(しっち)
湿電池	(しつでんち)
湿度	(しつど)
湿度計	(しつどけい)
湿気	(しっけ,しっき)
湿気る	(しける,しっける)
湿潤	(しつじゅん)
湿性	(しっせい)
湿原	(しつげん)
湿疹	(しっしん)
獅子	(しし)
獅子奮迅	(ししふんじん)
獅子女	(スフィンクス)
獅子唐	(ししとう,シシトウ)
獅子座	(ししざ)
詩	(うた)
詩編	(しへん)
詩抄	(ししょう)
詩的	(してき)
詩哥	(しいか,しか)
詩歌	(しいか,しか)
詩集	(ししゅう)
詩句	(しく)
詩篇	(しへん)
詩情	(しじょう)
詩人	(しじん)
詩形	(しけい)
詩型	(しけい)
詩吟	(しぎん)
詩藻	(しそう)
蝨	(しらみ,しし,シラミ)
蝨潰し	(しらみつぶし)
鰤	(ブリ,ぶり)
十	(じゅう,とお,と)
十八	(じゅうはち)
十八番	(おはこ,じゅうはちばん)
十倍	(じゅうばい)
十本	(じっぽん,じゅっぽん)
十部門分類法	(じゅうぶもんぶんるいほう)
十代	(じゅうだい)
十二	(じゅうに)
十二ひとえ	(じゅうにひとえ)
十二単	(じゅうにひとえ)
十二分	(じゅうにぶん)
十二宮	(じゅうにきゅう)
十二時	(じゅうにじ)
十二使徒	(じゅうにしと)
十二月	(じゅうにがつ)
十二折り	(じゅうにおり)
十二指腸	(じゅうにしちょう)
十二指腸虫	(じゅうにしちょうちゅう)
十分	(じっぷん,じゅっぷん)
十分の一	(じゅうぶんのいち)
十干	(じっかん)
十回	(じっかい,じゅっかい)
十戒	(じっかい,じゅっかい)
十誡	(じっかい,じゅっかい)
十進	(じっしん,じゅっしん)
十進法	(じっしんほう,じゅっしんほう)
十進分類法	(じっしんぶんるいほう)
十進制	(じっしんせい)
十九	(じゅうきゅう)
十両	(じゅうりょう)
十六	(じゅうろく)
十六夜	(いざよい)
十露盤	(そろばん,ソロバン)
十目	(じゅうもく)
十能	(じゅうのう)
十年一日	(じゅうねんいちじつ,じゅうねんいちにち)
十七	(じゅうなな,じゅうしち)
十全	(じゅうぜん)
十人並	(じゅうにんなみ)
十人並み	(じゅうにんなみ)
十人力	(じゅうにんりき)
十人十色	(じゅうにんといろ)
十日	(とおか)
十日の菊	(とおかのきく)
十三	(じゅうさん)
十手	(じって,じってい)
十数	(じゅうすう)
十四	(じゅうし,じゅうよん)
十万億土	(じゅうまんおくど)
十文字	(じゅうもんじ)
十文字に	(じゅうもんじに)
十五	(じゅうご)
十五夜	(じゅうごや)
十一	(じゅういち)
十一面観世音	(じゅういちめんかんぜおん)
十一面観音	(じゅういちめんかんのん)
十一面觀音	(じゅういちめんかんのん)
十一献金	(じゅういちけんきん)
十一月	(じゅういちがつ)
十雨	(じゅうう)
十月	(じゅうがつ)
十月革命	(じゅうがつかくめい)
十哲	(じってつ,じゅってつ)
十指	(じっし,じゅっし)
十種競技	(じっしゅきょうぎ)
十重	(とえ)
十重二十重	(とえはたえ)
十字	(じゅうじ)
十字に	(じゅうじに)
十字火	(じゅうじか)
十字架	(じゅうじか)
十字架像	(じゅうじかぞう)
十字架状	(じゅうじかじょう)
十字街	(じゅうじがい)
十字軍	(じゅうじぐん)
十字軍騎士	(じゅうじぐんきし)
十字路	(じゅうじろ)
十字砲火	(じゅうじほうか)
十字線	(じゅうじせん)
十字形	(じゅうじけい)
辻	(つじ)
辻風	(せんぷう,つむじかぜ,つじかぜ)
辻褄	(つじつま)
辻褄の合わない	(つじつまのあわない)
石	(いし)
石うす	(いしうす)
石けり	(いしけり)
石けん	(せっけん)
石けん水	(せっけんすい)
石こう	(せっこう)
石だたみ	(いしだたみ)
石斑魚	(うぐい,ウグイ)
石版画	(せきばんが)
石碑	(せきひ)
石部金吉	(いしべきんきち)
石持	(いしもち,イシモチ)
石川県	(いしかわけん)
石川縣	(いしかわけん)
石蹴り	(いしけり)
石灯篭	(いしどうろう)
石灯籠	(いしどうろう)
石燈篭	(いしどうろう)
石燈籠	(いしどうろう)
石畳	(いしだたみ)
石畳み	(いしだたみ)
石段	(いしだん)
石仏	(せきぶつ,いしぼとけ)
石膏	(せっこう)
石工	(いしく,せっこう)
石棺	(せっかん,せきかん)
石亀	(いしがめ,イシガメ)
石槨	(せっかく)
石化	(せきか,せっか)
石灰	(せっかい,いしばい)
石火	(せっか)
石鹸	(せっけん)
石鹸水	(せっけんすい)
石鹼	(せっけん)
石臼	(いしうす)
石決明	(あわび,アワビ)
石竜子	(トカゲ,とかげ)
石龍子	(トカゲ,とかげ)
石綿	(いしわた,せきめん)
石木	(いわき)
石塀	(いしべい)
石器時代	(せっきじだい)
石橋	(いしばし,せっきょう)
石切り	(いしきり)
石室	(せきしつ,いしむろ)
石首魚	(いしもち,イシモチ)
石筍	(せきじゅん)
石炭	(せきたん,いしずみ)
石炭酸	(せきたんさん)
石庭	(せきてい)
石頭	(いしあたま)
石蓴	(あおさ,アオサ)
石屋	(いわや)
石崖	(いしがき,いしがけ)
石英	(せきえい)
石油	(せきゆ)
石垣	(いしがき,いしがけ)
実	(じつ,じち)
実に	(まことに)
実のところ	(じつのところ)
実の所	(じつのところ)
実は	(じつは)
実り	(みのり)
実る	(みのる)
実を言えば	(じつをいえば)
実測	(じっそく)
実測図	(じっそくず)
実存	(じつぞん)
実存主義	(じつぞんしゅぎ)
実地	(じっち)
実働時間	(じつどうじかん)
実費	(じっぴ)
実父	(じっぷ)
実感	(じっかん)
実害	(じつがい)
実話	(じつわ)
実際	(じっさい)
実際に	(じっさいに)
実績	(じっせき)
実家	(じっか)
実践	(じっせん)
実践的	(じっせんてき)
実践躬行	(じっせんきゅうこう)
実況	(じっきょう)
実力	(じつりょく)
実力行使	(じつりょくこうし)
実力者	(じつりょくしゃ)
実利	(じつり)
実例	(じつれい)
実録	(じつろく)
実名	(じつめい)
実母	(じつぼ)
実情	(じつじょう)
実施	(じっし)
実施例	(じっしれい)
実時間	(じつじかん)
実手	(じって,じってい)
実数	(じっすう)
実態	(じったい)
実弾	(じつだん)
実体	(じったい)
実物	(じつぶつ)
実物取引	(じつぶつとりひき)
実務	(じつむ)
実習	(じっしゅう)
実現	(じつげん)
実線	(じっせん)
実効	(じっこう)
実行	(じっこう)
実行に移す	(じっこうにうつす)
実行に移る	(じっこうにうつる)
実行可能	(じっこうかのう)
実行権	(じっこうけん)
実行時	(じっこうじ)
実行委員	(じっこういいん)
実行者	(じっこうしゃ)
実行中	(じっこうちゅう)
実兄	(じっけい)
実需	(じつじゅ)
実演	(じつえん)
実験	(じっけん)
実験的	(じっけんてき)
実験的研究	(じっけんてきけんきゅう)
実験群	(じっけんぐん)
実験室	(じっけんしつ)
実業	(じつぎょう)
実業家	(じつぎょうか)
実意	(じつい)
実印	(じついん)
実用	(じつよう)
実用的	(じつようてき)
実用化	(じつようか)
実用新案	(じつようしんあん)
実在	(じつざい)
実証	(じっしょう)
実証的	(じっしょうてき)
実直	(じっちょく)
実質	(じっしつ)
実質的	(じっしつてき)
実装	(じっそう)
実状	(じつじょう)
拾	(じゅう,とお,と)
拾いあげる	(ひろいあげる)
拾いもの	(ひろいもの)
拾い出す	(ひろいだす)
拾い集める	(ひろいあつめる)
拾い上げる	(ひろいあげる)
拾い物	(ひろいもの)
拾う	(ひろう)
拾得	(しゅうとく)
拾得物	(しゅうとくぶつ)
拾集	(しゅうしゅう)
拾壱	(じゅういち)
食いしんぼう	(くいしんぼう,くいしんぼ)
食いしん坊	(くいしんぼう,くいしんぼ)
食いちがう	(くいちがう)
食いっぱぐれる	(くいはぐれる,くいっぱぐれる)
食いつぶす	(くいつぶす)
食いっ逸れる	(くいはぐれる,くいっぱぐれる)
食いとめる	(くいとめる)
食いはぐれる	(くいはぐれる,くいっぱぐれる)
食い倒す	(くいたおす)
食い合わす	(くいあわす)
食い荒す	(くいあらす)
食い荒らす	(くいあらす)
食い詰める	(くいつめる)
食い潰す	(くいつぶす)
食い気	(くいけ)
食い入る	(くいいる)
食い散らす	(くいちらす)
食い殺す	(くいころす)
食い伸ばす	(くいのばす)
食い逃げ	(くいにげ)
食い違い	(くいちがい)
食い違う	(くいちがう)
食い延ばす	(くいのばす)
食い逸れ	(くいはぐれ)
食い逸れる	(くいはぐれる,くいっぱぐれる)
食い込む	(くいこむ)
食い止める	(くいとめる)
食う	(くう)
食えない	(くえない)
食っ付く	(くっつく)
食パン	(しょくパン)
食べすぎ	(たべすぎ)
食べすぎる	(たべすぎる)
食べにくい	(たべにくい)
食べもの	(たべもの)
食べもの屋	(たべものや)
食べる	(たべる)
食べ残し	(たべのこし)
食べ方	(たべかた)
食べ放題	(たべほうだい)
食べ過ぎ	(たべすぎ)
食べ過ぎる	(たべすぎる)
食べ難い	(たべにくい)
食べ散らす	(たべちらす)
食べ物	(たべもの)
食べ物屋	(たべものや)
食み出し	(はみだし)
食み出す	(はみだす)
食み出る	(はみでる)
食らいつく	(くらいつく)
食らい付く	(くらいつく)
食らう	(くらう)
食らわす	(くらわす)
食出	(はみだし)
食道	(しょくどう)
食費	(しょくひ)
食管法	(しょっかんほう)
食後	(しょくご)
食荒らす	(くいあらす)
食火鶏	(ヒクイドリ,ひくいどり)
食尽	(しょくじん)
食刻	(しょっこく)
食客	(しょっかく,しょっきゃく)
食糧	(しょくりょう)
食糧不足	(しょくりょうぶそく)
食糧配給	(しょくりょうはいきゅう)
食糧援助	(しょくりょうえんじょ)
食料	(しょくりょう)
食料品	(しょくりょうひん)
食品	(しょくひん)
食品添加物	(しょくひんてんかぶつ)
食器	(しょっき)
食前	(しょくぜん)
食券	(しょっけん)
食肉	(しょくにく)
食入る	(くいいる)
食散らす	(くいちらす)
食甚	(しょくじん)
食生活	(しょくせいかつ)
食事	(しょくじ)
食事つき	(しょくじつき)
食事付き	(しょくじつき)
食堂	(しょくどう)
食堂車	(しょくどうしゃ)
食通	(しょくつう)
食違い	(くいちがい)
食違う	(くいちがう)
食物	(しょくもつ)
食物繊維	(しょくもつせんい)
食塩	(しょくえん)
食用	(しょくよう)
食込む	(くいこむ)
食育	(しょくいく)
食欲	(しょくよく)
食慾	(しょくよく)
食指	(しょくし,ひとさしゆび)
食指が動く	(しょくしがうごく)
食卓	(しょくたく)
時	(とき)
時おり	(ときおり,ときより)
時どき	(ときどき)
時には	(ときには)
時の帝	(ときのみかど)
時報	(じほう)
時差	(じさ)
時差ボケ	(じさぼけ,じさボケ)
時差ぼけ	(じさぼけ,じさボケ)
時差惚け	(じさぼけ,じさボケ)
時代	(じだい)
時代錯誤	(じだいさくご)
時代劇	(じだいげき)
時点	(じてん)
時短	(じたん)
時分	(じぶん)
時給	(じきゅう)
時化る	(しける)
時機尚早	(じきしょうそう)
時計	(とけい)
時計店	(とけいてん)
時計皿	(とけいざら)
時計台	(とけいだい)
時計屋	(とけいや)
時間	(じかん)
時間の歪み	(じかんのひずみ)
時間表	(じかんひょう)
時間帯	(じかんたい)
時間反転	(じかんはんてん)
時間割	(じかんわり)
時間割り	(じかんわり)
時間給	(じかんきゅう)
時間稼ぎ	(じかんかせぎ)
時間切れ	(じかんぎれ)
時間順序積	(じかんじゅんじょせき)
時間外	(じかんがい)
時間軸	(じかんじく)
時節	(じせつ)
時局	(じきょく)
時刻	(じこく)
時刻表	(じこくひょう)
時剋	(じこく)
時空	(じくう)
時輪金剛	(じりんこんごう)
時鳥	(ホトトギス,ほととぎす)
時期	(じき)
時期が早い	(じきがはやい)
時期に差しかける	(じきにさしかける)
時期に差し掛ける	(じきにさしかける)
時期尚早	(じきしょうそう)
時々	(ときどき)
時時	(ときどき)
時々刻々	(じじこっこく,じじこくこく)
時時刻刻	(じじこっこく,じじこくこく)
時勢	(じせい)
時価	(じか)
時速	(じそく)
時系列	(じけいれつ)
時下	(じか)
時限	(じげん)
時限爆弾	(じげんばくだん)
時相	(じそう)
時効	(じこう)
時宜	(じぎ)
時雨	(しぐれ,じう)
時折	(ときおり,ときより)
時折り	(ときおり,ときより)
寔に	(まことに)
蒔絵	(まきえ)
蝕ばむ	(むしばむ)
蝕む	(むしばむ)
蝕甚	(しょくじん)
實手	(じって,じってい)
識す	(しるす,きす)
識る	(しる)
識別	(しきべつ)
識別子	(しきべつし)
識見	(しきけん,しっけん)
識者	(しきしゃ)
識字	(しきじ)
識字率	(しきじりつ)
史筆	(しひつ)
史乗	(しじょう)
史的	(してき)
史的唯物論	(してきゆいぶつろん)
史的現在	(してきげんざい)
史官	(しかん)
史観	(しかん)
史籍	(しせき)
史跡	(しせき)
史蹟	(しせき)
史家	(しか)
史劇	(しげき)
史料	(しりょう)
史料編纂	(しりょうへんさん)
史料館	(しりょうかん)
史論	(しろん)
史略	(しりゃく)
史上	(しじょう)
史上に	(しじょうに)
史上最大	(しじょうさいだい)
史詩	(しし)
史実	(しじつ)
史書	(ししょ)
史談	(しだん)
史学	(しがく)
史学家	(しがっか)
史学者	(しがくしゃ)
史眼	(しがん)
史伝	(しでん)
矢	(や,さ)
矢っ張り	(やっぱり)
矢表	(やおもて)
矢倉	(やぐら)
矢面	(やおもて)
矢面に立つ	(やおもてにたつ)
矢鱈	(やたら)
矢印	(やじるし)
豕	(ぶた,ブタ)
使い	(つかい)
使いかって	(つかいがって,つかいかって)
使いがって	(つかいがって,つかいかって)
使いきる	(つかいきる)
使いこなす	(つかいこなす)
使いこむ	(つかいこむ)
使いすぎる	(つかいすぎる)
使いで	(つかいで)
使いどころ	(つかいどころ)
使いなれる	(つかいなれる)
使いみち	(つかいみち)
使いもの	(つかいもの,つかいもん)
使いやすい	(つかいやすい)
使いよう	(つかいよう)
使いわけ	(つかいわけ)
使いわける	(つかいわける)
使い歩き	(つかいあるき)
使い残し	(つかいのこし)
使い残り	(つかいのこり)
使い出	(つかいで)
使い処	(つかいどころ)
使い道	(つかいみち)
使い方	(つかいかた)
使い分け	(つかいわけ)
使い分ける	(つかいわける)
使い古す	(つかいふるす)
使い慣らす	(つかいならす)
使い慣れる	(つかいなれる)
使い果す	(つかいはたす)
使い果たす	(つかいはたす)
使い過ぎる	(つかいすぎる)
使い尽くす	(つかいつくす)
使い立て	(つかいだて)
使い料	(つかいりょう)
使い賃	(つかいちん)
使い切る	(つかいきる)
使い頃	(つかいごろ)
使い捨	(つかいすて,つかいずて)
使い捨て	(つかいすて,つかいずて)
使い勝手	(つかいがって,つかいかって)
使い手	(つかいて)
使い熟す	(つかいこなす)
使い所	(つかいどころ)
使い途	(つかいみち)
使い物	(つかいもの,つかいもん)
使い先	(つかいさき)
使い馴れる	(つかいなれる)
使い様	(つかいよう)
使い易い	(つかいやすい)
使い込む	(つかいこむ)
使う	(つかう)
使える	(つかえる)
使む	(しむ)
使わす	(つかわす)
使臣	(ししん)
使丁	(してい)
使分け	(つかいわけ)
使節	(しせつ)
使節団	(しせつだん)
使命	(しめい)
使命者	(しめいしゃ)
使聘	(しへい)
使嗾	(しそう,しぞく)
使徒	(しと)
使徒承伝	(しとしょうでん)
使徒達	(しとたち)
使徒継承	(しとけいしょう)
使徒書	(しとしょ)
使徒書簡	(しとしょかん)
使徒信経	(しとしんきょう)
使徒信条	(しとしんじょう)
使徒行伝	(しとぎょうでん)
使途	(しと)
使役	(しえき)
使役動詞	(しえきどうし)
使用	(しよう)
使用法	(しようほう)
使用方	(しようほう)
使用方法	(しようほうほう)
使用許可	(しようきょか)
使用禁止	(しようきんし)
使用可能	(しようかのう)
使用例	(しようれい)
使用量	(しようりょう)
使用料	(しようりょう)
使用権	(しようけん)
使用人	(しようにん)
使用価値	(しようかち)
使用者	(しようしゃ)
使者	(ししゃ)
使者を遣わす	(ししゃをつかわす)
始まる	(はじまる)
始め	(はじめ)
始めから	(はじめから)
始めて	(はじめて)
始めに	(はじめに)
始めは	(はじめは)
始める	(はじめる)
始動	(しどう)
始発	(しはつ)
始末	(しまつ)
始業	(しぎょう)
始終	(しじゅう)
始祖	(しそ)
始祖鳥	(しそちょう)
屎	(くそ,クソ)
屎尿	(しにょう)
士	(さむらい)
士・農・工・商	(しのうこうしょう)
士長	(しちょう)
士篤恒	(ストックホルム)
士官	(しかん)
士官学校	(しかんがっこう)
士君子	(しくんし)
士農工商	(しのうこうしょう)
士女	(しじょ)
士気	(しき)
氏	(うじ)
氏名	(しめい,うじな)
氏神	(うじがみ)
氏子	(うじこ)
氏子札	(うじこふだ)
氏子帳	(うじこちょう)
示し合せる	(しめしあわせる)
示し合わせる	(しめしあわせる)
示す	(しめす)
示教	(しきょう)
示力図	(しりょくず)
示唆	(しさ)
示談	(じだん)
世	(よ)
世に出る	(よにでる)
世に立つ	(よにたつ)
世の常	(よのつね)
世の中	(よのなか)
世変	(せいへん)
世柄	(よがら)
世才	(せさい)
世辞	(せじ)
世代	(せだい)
世帯	(せたい)
世帯主	(せたいぬし)
世故	(せいこ,せこ)
世話	(せわ)
世話になる	(せわになる)
世話をやく	(せわをやく)
世話を焼く	(せわをやく)
世話人	(せわにん)
世話人間	(せわにんげん)
世話焼	(せわやき)
世話焼き	(せわやき)
世紀	(せいき)
世紀末	(せいきまつ)
世間	(せけん)
世間ばなし	(せけんばなし)
世間話	(せけんばなし)
世界	(せかい)
世界チャンピオン	(せかいチャンピオン)
世界保健機関	(せかいほけんきかん)
世界大戦	(せかいたいせん)
世界的	(せかいてき)
世界貿易機関	(せかいぼうえききかん)
世界人	(せかいじん)
世界史	(せかいし)
世界一	(せかいいち)
世界一周	(せかいいっしゅう)
世界最大	(せかいさいだい)
世局	(せいきょく)
世論	(よろん,せろん,せいろん)
世論調査	(よろんちょうさ,せろんちょうさ)
世迷い事	(よまいごと)
世迷い言	(よまいごと)
世迷事	(よまいごと)
世迷言	(よまいごと)
世人	(せじん,よひと)
世上	(せじょう)
世捨てびと	(よすてびと)
世捨て人	(よすてびと)
世捨人	(よすてびと)
世々限りなく	(よよかぎりなく)
世々限り無く	(よよかぎりなく)
世世限りなく	(よよかぎりなく)
世世限り無く	(よよかぎりなく)
世事	(せじ,せいじ)
世事に疎い	(せじにうとい)
世嗣	(せいし)
世俗	(せぞく,せいぞく)
世俗的	(せぞくてき)
世俗化	(せぞくか)
世俗心	(せぞくしん)
世俗主義	(せぞくしゅぎ)
世途	(せいと)
世襲	(せしゅう)
世相	(せそう)
世伝	(せいでん,せでん)
世知	(せち)
世知辛い	(せちがらい)
世直し	(よなおし)
世智	(せち)
世智辛い	(せちがらい)
世子	(せいし)
仕	(し)
仕あげ	(しあげ)
仕える	(つかえる)
仕え奉る	(つかえまつる)
仕え女	(つかえめ)
仕かける	(しかける)
仕こむ	(しこむ)
仕なおす	(しなおす)
仕る	(つかまつる)
仕を致す	(しをいたす)
仕草	(しぐさ)
仕出かす	(しでかす)
仕出し	(しだし)
仕出し屋	(しだしや)
仕出す	(しだす)
仕出来す	(しでかす)
仕出屋	(しだしや)
仕拵え	(しこしらえ)
仕打ち	(しうち)
仕度	(したく)
仕返し	(しかえし)
仕方	(しかた)
仕方がない	(しかたがない)
仕方が無い	(しかたがない)
仕方ない	(しかたない)
仕方なく	(しかたなく)
仕方なしに	(しかたなしに)
仕方のない	(しかたのない)
仕方の無い	(しかたのない)
仕方咄	(しかたばなし)
仕方話	(しかたばなし)
仕方無い	(しかたない)
仕方無く	(しかたなく)
仕方無しに	(しかたなしに)
仕方噺	(しかたばなし)
仕放題	(しほうだい)
仕分	(しわけ)
仕分け	(しわけ)
仕分ける	(しわける)
仕付	(しつけ)
仕付け	(しつけ)
仕付ける	(しつける)
仕付け方	(しつけかた)
仕付け糸	(しつけいと)
仕掛	(しかけ)
仕掛かり	(しかかり)
仕掛け	(しかけ)
仕掛ける	(しかける)
仕掛け地雷	(しかけじらい)
仕掛け花火	(しかけはなび)
仕掛地雷	(しかけじらい)
仕官	(しかん)
仕合	(しあい)
仕合い	(しあい)
仕合せ	(しあわせ,しやわせ)
仕合せ者	(しあわせもの)
仕合わせ	(しあわせ,しやわせ)
仕合わせ者	(しあわせもの)
仕済ます	(しすます)
仕兼ねない	(しかねない)
仕兼ねる	(しかねる)
仕口	(しくち)
仕来たり	(しきたり)
仕来り	(しきたり)
仕立	(したて)
仕立て	(したて)
仕立てる	(したてる)
仕立て方	(したてかた)
仕立て屋	(したてや)
仕立て物	(したてもの)
仕立て下ろし	(したておろし)
仕立て直し	(したてなおし)
仕立券	(したてけん)
仕立屋	(したてや)
仕立物	(したてもの)
仕留める	(しとめる)
仕末	(しまつ)
仕納め	(しおさめ)
仕切	(しきり)
仕切り	(しきり)
仕切る	(しきる)
仕切れない	(しきれない)
仕入	(しいれ)
仕入れ	(しいれ)
仕入れる	(しいれる)
仕入れ物	(しいれもの)
仕入れ先	(しいれさき)
仕入先	(しいれさき)
仕上	(しあげ)
仕上がり	(しあがり)
仕上がる	(しあがる)
仕上げ	(しあげ)
仕上げる	(しあげる)
仕上げ払い	(しあげばらい)
仕上げ工	(しあげこう)
仕上り	(しあがり)
仕上る	(しあがる)
仕上工	(しあげこう)
仕始める	(しはじめる)
仕事	(しごと)
仕事がら	(しごとがら)
仕事柄	(しごとがら)
仕事部屋	(しごとべや)
仕事場	(しごとば)
仕事日	(しごとび)
仕事師	(しごとし)
仕事台	(しごとだい)
仕事箱	(しごとばこ)
仕事着	(しごとぎ)
仕事中	(しごとちゅう)
仕手	(して,シテ)
仕手株	(してかぶ)
仕送り	(しおくり)
仕遂げる	(しとげる)
仕損じる	(しそんじる)
仕損なう	(しそこなう,しぞこなう)
仕替える	(しかえる)
仕舞	(しまい)
仕舞い	(しまい)
仕舞いこむ	(しまいこむ)
仕舞い込む	(しまいこむ)
仕舞う	(しまう)
仕舞た屋	(しもたや)
仕舞った	(しまった)
仕舞屋	(しもたや)
仕舞物	(しまいもの)
仕向ける	(しむける)
仕向る	(しむける)
仕形噺	(しかたばなし)
仕馴れる	(しなれる)
仕様	(しよう)
仕様がない	(しょうがない,しようがない,しょーがない)
仕様が無い	(しょうがない,しようがない,しょーがない)
仕様のない	(しようのない,しょうのない)
仕様の無い	(しようのない,しょうのない)
仕様書	(しようしょ)
仕様書き	(しようがき)
仕樣	(しよう)
仕業	(しわざ)
仕儀	(しぎ)
仕訳	(しわけ)
仕訳ける	(しわける)
仕訳表	(しわけひょう)
仕訳書	(しわけしょ)
仕訳帳	(しわけちょう)
仕込	(しこみ)
仕込み	(しこみ)
仕込みづえ	(しこみづえ)
仕込み杖	(しこみづえ)
仕込む	(しこむ)
仕込杖	(しこみづえ)
仕着	(しきせ)
仕着せ	(しきせ)
仕直す	(しなおす)
仕置	(しおき)
仕置き	(しおき)
仕置き場	(しおきば)
仕置き者	(しおきもの)
仕置場	(しおきば)
仕置者	(しおきもの)
仕種	(しぐさ)
仕組	(しくみ)
仕組み	(しくみ)
仕組む	(しくむ)
市	(し)
市部	(しぶ)
市参事会	(しさんじかい)
市長	(しちょう)
市長選	(しちょうせん)
市場	(いちば)
市場トライアル	(しじょうトライアル)
市場の飽和状態	(しじょうのほうわじょうたい)
市場撤退	(しじょうてったい)
市場成長	(しじょうせいちょう)
市場調査	(しじょうちょうさ)
市場分析	(しじょうぶんせき)
市場改革	(しじょうかいかく)
市場規模	(しじょうきぼ)
市場環境	(しじょうかんきょう)
市場経済	(しじょうけいざい)
市場拡大	(しじょうかくだい)
市場区分	(しじょうくぶん)
市場性	(しじょうせい)
市場原理	(しじょうげんり)
市場展開	(しじょうてんかい)
市場自由化	(しじょうじゆうか)
市塵	(しじん)
市電	(しでん)
市町	(しちょう)
市町村	(しちょうそん)
市販	(しはん)
市費	(しひ)
市会	(しかい)
市会議員	(しかいぎいん)
市街	(しがい)
市街地	(しがいち)
市街戦	(しがいせん)
市井	(しせい,いちい)
市井の人	(しせいのひと)
市況	(しきょう)
市立	(しりつ,いちりつ)
市立学校	(しりつがっこう)
市吏員	(しりいん)
市門	(しもん)
市民	(しみん)
市民法	(しみんほう)
市民会館	(しみんかいかん)
市民権	(しみんけん)
市民団体	(しみんだんたい)
市民運動	(しみんうんどう)
市内	(しない)
市区	(しく)
市人	(いちびと)
市日	(いちび)
市上	(しじょう)
市勢	(しせい)
市勢調査	(しせいちょうさ)
市税	(しぜい)
市価	(しか)
市肆	(しし)
市松	(いちまつ)
市庁	(しちょう)
市庭	(いちば)
市外	(しがい)
市外電話	(しがいでんわ)
市役所	(しやくしょ)
市議	(しぎ)
市営	(しえい)
市営住宅	(しえいじゅうたく)
市有	(しゆう)
市有財産	(しゆうざいさん)
市有地	(しゆうち)
市有物	(しゆうぶつ)
市葬	(しそう)
市債	(しさい)
市政	(しせい)
市制	(しせい)
市中	(しちゅう,いちなか)
市子	(いちこ)
式	(しき)
式場	(しきじょう)
式辞	(しきじ)
式次第	(しきしだい)
式典	(しきてん)
式服	(しきふく)
似	(に)
似あう	(にあう)
似かよう	(にかよう)
似げない	(にげない)
似せる	(にせる)
似たり	(にたり)
似たりよったり	(にたりよったり)
似たり寄ったり	(にたりよったり)
似た者	(にたもの)
似つかわしい	(につかわしい)
似つく	(につく)
似て非なる	(にてひなる)
似る	(にる)
似而非	(えせ,エセ)
似而非なる	(にてひなる)
似非	(えせ,エセ)
似非理屈	(えせりくつ)
似非親	(えせおや)
似非事	(えせごと)
似非笑い	(えせわらい)
似非者	(えせもの)
似付かわしい	(につかわしい)
似付く	(につく)
似合い	(にあい)
似合う	(にあう)
似合しい	(にあわしい)
似合わしい	(にあわしい)
似寄り	(により)
似寄る	(による)
似気ない	(にげない)
似気無い	(にげない)
似通う	(にかよう)
似顔	(にがお)
似顔画	(にがおえ)
似顔絵	(にがおえ)
似顔書き	(にがおがき)
柹	(かき,カキ)
事	(こと)
事える	(つかえる)
事がある	(ことがある)
事ができる	(ことができる)
事がら	(ことがら)
事が出来る	(ことができる)
事ごとに	(ことごとに)
事ども	(ことども)
事なかれ主義	(ことなかれしゅぎ)
事なく	(ことなく)
事にすると	(ことにすると)
事になる	(ことになる)
事によって	(ことによって)
事による	(ことによる)
事のほか	(ことのほか)
事の他	(ことのほか)
事ム所	(じむしょ)
事もなげに	(こともなげに)
事も無げに	(こともなげに)
事を好む	(ことをこのむ)
事変	(じへん)
事柄	(ことがら)
事大	(じだい)
事大思想	(じだいしそう)
事大主義	(じだいしゅぎ)
事典	(じてん,ことてん)
事犯	(じはん)
事共	(ことども)
事故	(じこ,ことゆえ)
事故歴	(じこれき)
事故原因	(じこげんいん)
事後	(じご)
事後承諾	(じごしょうだく)
事迹	(じせき)
事寄す	(ことよす)
事寄せて	(ことよせて)
事寄せる	(ことよせる)
事跡	(じせき)
事績	(じせき)
事蹟	(じせき)
事件	(じけん)
事件表	(じけんひょう)
事局	(じきょく)
事理	(じり)
事立てる	(ことだてる)
事例	(じれい)
事毎に	(ことごとに)
事前	(じぜん)
事前の同意	(じぜんのどうい)
事前割当	(じぜんわりあて)
事前後	(じぜんご)
事前検閲	(じぜんけんえつ)
事前日付	(じぜんひづけ)
事前通報	(じぜんつうほう)
事前研修	(じぜんけんしゅう)
事欠かない	(ことかかない)
事欠く	(ことかく)
事切れる	(こときれる)
事情	(じじょう)
事実	(じじつ)
事実調査	(じじつちょうさ)
事実上	(じじつじょう)
事実無根	(じじつむこん)
事々	(ことごと)
事々しい	(ことごとしい)
事々物々	(じじぶつぶつ)
事事	(ことごと)
事事しい	(ことごとしい)
事事物物	(じじぶつぶつ)
事態	(じたい)
事体	(じたい)
事無かれ主義	(ことなかれしゅぎ)
事無く	(ことなく)
事無し	(ことなし)
事勿れ主義	(ことなかれしゅぎ)
事物	(じぶつ)
事務	(じむ)
事務長	(じむちょう)
事務長官	(じむちょうかん)
事務処	(じむしょ)
事務次官	(じむじかん)
事務当局	(じむとうきょく)
事務的	(じむてき)
事務服	(じむふく)
事務官	(じむかん)
事務会	(じむかい)
事務机	(じむづくえ)
事務家	(じむか)
事務局	(じむきょく)
事務局長	(じむきょくちょう)
事務量	(じむりょう)
事務器	(じむき)
事務取り扱い	(じむとりあつかい)
事務取扱	(じむとりあつかい)
事務取扱い	(じむとりあつかい)
事務室	(じむしつ)
事務所	(じむしょ)
事務引き継ぎ	(じむひきつぎ)
事務員	(じむいん)
事務総長	(じむそうちょう)
事務総局	(じむそうきょく)
事誤り	(ことあやまり)
事細か	(ことこまか)
事細かに	(ことこまかに)
事相	(じそう)
事象	(じしょう)
事項	(じこう)
事項索引	(じこうさくいん)
事新しく	(ことあたらしく)
事業	(じぎょう)
事業本部	(じぎょうほんぶ)
事業部	(じぎょうぶ)
事業部長	(じぎょうぶちょう)
事業化	(じぎょうか)
事業家	(じぎょうか)
事業界	(じぎょうかい)
事業拡充	(じぎょうかくじゅう)
事業年度	(じぎょうねんど)
事業税	(じぎょうぜい)
事業所	(じぎょうしょ)
事業者	(じぎょうしゃ)
事業主	(じぎょうぬし,じぎょうしゅ)
事宜	(じぎ)
事由	(じゆう)
事珍し	(ことめずらし)
事足りる	(ことたりる)
事足る	(ことたる)
侍	(さむらい)
侍する	(じする)
侍る	(はべる)
侍婢	(じひ)
侍臣	(じしん)
侍従	(じじゅう)
侍従長	(じじゅうちょう)
侍従官	(じじゅうかん)
侍従武官	(じじゅうぶかん)
侍従職	(じじゅうしょく)
侍読	(じどく)
侍祭	(じさい)
侍講	(じこう)
侍立	(じりつ)
侍女	(じじょ)
侍気質	(さむらいかたぎ)
侍僧	(じそう)
侍史	(じし)
侍衛	(じえい)
侍衛長	(じえいちょう)
侍医	(じい)
侍者	(じしゃ)
拭う	(ぬぐう)
拭き取る	(ふきとる)
拭く	(ふく)
柿	(かき,カキ)
是	(ここ)
是から	(これから)
是か非か	(ぜかひか)
是が非でも	(ぜがひでも)
是ほど	(これほど)
是程	(これほど)
是等	(これら)
是非	(ぜひ)
是否	(ぜひ)
是迄	(これまで)
是認	(ぜにん)
是々非々	(ぜぜひひ)
是是非非	(ぜぜひひ)
是正	(ぜせい)
恃む	(たのむ)
室	(しつ)
室長	(しつちょう)
室町	(むろまち)
室内	(しつない)
室内楽	(しつないがく)
室外	(しつがい)
室温	(しつおん)
逝去	(せいきょ)
舐ぶる	(ねぶる)
舐めずる	(なめずる)
舐める	(なめる,ナメる)
舐る	(ねぶる)
笹舟	(ささぶね)
釈放	(しゃくほう)
釈迦	(しゃか)
釈明	(しゃくめい)
釈然	(しゃくぜん,せきぜん)
釈義	(しゃくぎ)
視える	(みえる)
視る	(みる)
視察	(しさつ)
視差	(しさ)
視点	(してん)
視付ける	(みつける)
視界	(しかい)
視覚	(しかく)
視覚化	(しかくか)
視力	(しりょく)
視神経	(ししんけい)
視聴	(しちょう,してい)
視聴覚	(しちょうかく)
視聴覚機器	(しちょうかくきき)
視聴覚教材	(しちょうかくきょうざい)
視聴率	(しちょうりつ)
視聴者	(しちょうしゃ)
視線	(しせん)
視野	(しや)
貰いもの	(もらいもの,もらいもん)
貰い泣き	(もらいなき)
貰い物	(もらいもの,もらいもん)
貰う	(もらう)
貰泣き	(もらいなき)
勢	(いきおい,いきよい)
勢い	(いきおい,いきよい)
勢いこむ	(いきおいこむ)
勢いづく	(いきおいづく)
勢いよく	(いきおいよく,いきよいよく)
勢い付く	(いきおいづく)
勢い良く	(いきおいよく,いきよいよく)
勢い込む	(いきおいこむ)
勢ぞろい	(せいぞろい)
勢み	(はずみ)
勢み車	(はずみぐるま)
勢む	(はずむ)
勢車	(はずみぐるま)
勢家	(せいか)
勢揃	(せいぞろい)
勢揃い	(せいぞろい)
勢力	(せいりょく)
勢力範囲	(せいりょくはんい)
勢力家	(せいりょくか,せいりょっか)
勢力圏	(せいりょくけん)
勢力下に	(せいりょくかに)
勢門	(せいもん)
勢望	(せいぼう)
勢運	(せいうん)
勢子	(せこ,せご)
嗜める	(たしなめる)
嗜好	(しこう)
嗜好品	(しこうひん)
飾り	(かざり)
飾りけ	(かざりけ)
飾りたてる	(かざりたてる)
飾りつけ	(かざりつけ)
飾りつける	(かざりつける)
飾り付け	(かざりつけ)
飾り付ける	(かざりつける)
飾り立てる	(かざりたてる)
飾り皿	(かざりざら)
飾り気	(かざりけ)
飾る	(かざる)
飾付	(かざりつけ)
試	(ためし)
試し	(ためし)
試す	(ためす)
試み	(こころみ)
試みる	(こころみる)
試案	(しあん)
試供品	(しきょうひん)
試合	(しあい)
試合い	(しあい)
試金石	(しきんせき)
試筋	(ためすじ)
試掘	(しくつ)
試煉	(しれん)
試練	(しれん)
試錬	(しれん)
試料	(しりょう)
試論	(しろん)
試食	(ししょく)
試算	(しさん)
試算表	(しさんひょう)
試聴	(しちょう)
試問	(しもん)
試写	(ししゃ)
試行	(しこう)
試行錯誤	(しこうさくご)
試験	(しけん)
試験法	(しけんほう)
試験官	(しけんかん)
試験管	(しけんかん)
試験勉強	(しけんべんきょう)
試薬	(しやく)
試用	(しよう)
試用期間	(しようきかん)
試運転	(しうんてん)
試着	(しちゃく)
試着室	(しちゃくしつ)
試作	(しさく)
試作機	(しさくき)
試作品	(しさくひん)
誓い	(ちかい)
誓う	(ちかう)
誓文	(せいもん)
誓言	(せいげん,せいごん)
誓願	(せいがん)
誓約	(せいやく)
適	(たまたま)
適する	(てきする)
適わない	(かなわない)
適材適所	(てきざいてきしょ)
適当	(てきとう,テキトー)
適度	(てきど)
適法	(てきほう)
適否	(てきひ)
適格	(てきかく,てっかく)
適合	(てきごう)
適例	(てきれい)
適量	(てきりょう)
適齢期	(てきれいき)
適切	(てきせつ)
適確	(てきかく,てっかく)
適任	(てきにん)
適任者	(てきにんしゃ)
適性	(てきせい)
適宜	(てきぎ)
適応	(てきおう)
適応性	(てきおうせい)
適用	(てきよう)
適用性	(てきようせい)
適用業務	(てきようぎょうむ)
適正	(てきせい)
適中	(てきちゅう)
餝る	(かざる)
螫す	(さす)
釋義	(しゃくぎ)
匙	(さじ,しゃじ,かい)
収まる	(おさまる)
収める	(おさめる)
収る	(おさまる)
収れん	(しゅうれん)
収蔵	(しゅうぞう)
収差	(しゅうさ)
収得	(しゅうとく)
収奪	(しゅうだつ)
収賄	(しゅうわい)
収穫	(しゅうかく)
収穫感謝祭	(しゅうかくかんしゃさい)
収穫高	(しゅうかくだか)
収穫期	(しゅうかくき)
収穫時	(しゅうかくじ)
収穫物	(しゅうかくぶつ)
収穫予想	(しゅうかくよそう)
収集	(しゅうしゅう)
収監	(しゅうかん)
収監力	(しゅうかんりょく)
収監状	(しゅうかんじょう)
収繭	(しゅうけん)
収金	(しゅうきん)
収覧	(しゅうらん)
収攬	(しゅうらん)
収斂	(しゅうれん)
収量	(しゅうりょう)
収録	(しゅうろく)
収率	(しゅうりつ)
収没	(しゅうぼつ)
収納	(しゅうのう)
収納額	(しゅうのうがく)
収納係り	(しゅうのうかかり)
収容	(しゅうよう)
収容患者	(しゅうようかんじゃ)
収容力	(しゅうようりょく)
収容能力	(しゅうようのうりょく)
収容設備	(しゅうようせつび)
収容所	(しゅうようじょ)
収容者	(しゅうようしゃ)
収入	(しゅうにゅう)
収入役	(しゅうにゅうやく)
収入印紙	(しゅうにゅういんし)
収入源	(しゅうにゅうげん)
収拾	(しゅうしゅう)
収受	(しゅうじゅ)
収束	(しゅうそく)
収税	(しゅうぜい)
収税官	(しゅうぜいかん)
収税吏	(しゅうぜいり)
収税人	(しゅうぜいにん)
収税所	(しゅうぜいしょ)
収縮	(しゅうしゅく)
収縮期血圧	(しゅうしゅくきけつあつ)
収益	(しゅうえき)
収用	(しゅうよう)
収載	(しゅうさい)
収着	(しゅうちゃく)
収支	(しゅうし)
收錄	(しゅうろく)
手	(て)
手あか	(てあか)
手あたりしだい	(てあたりしだい)
手あみ	(てあみ)
手おくれ	(ておくれ)
手おち	(ておち)
手がかり	(てがかり)
手がき	(てがき)
手がける	(てがける)
手かげん	(てかげん)
手かせ	(てかせ,てがせ,てかし)
手がら	(てがら)
手きびしい	(てきびしい)
手ぎわ	(てぎわ)
手こずる	(てこずる)
手ごたえ	(てごたえ)
手ごめ	(てごめ)
手ごろ	(てごろ)
手ごわい	(てごわい)
手さぐり	(てさぐり)
手さげ	(てさげ)
手ざわり	(てざわり)
手すり	(てすり)
手ぜま	(てぜま)
手だて	(てだて)
手づくり	(てづくり)
手つだい	(てつだい)
手つだう	(てつだう)
手づよい	(てづよい)
手どり	(てどり)
手なずける	(てなずける,てなづける)
手なづける	(てなずける,てなづける)
手にいれる	(てにいれる)
手にはいる	(てにはいる)
手に入る	(てにはいる)
手に入れる	(てにいれる)
手ぬぐい	(てぬぐい)
手のひら	(てのひら,たなごころ,しょう)
手の甲	(てのこう)
手の平	(てのひら,たなごころ,しょう)
手の指	(てのゆび)
手はず	(てはず)
手ばなす	(てばなす)
手ばやい	(てばやい)
手びき	(てびき)
手ぶくろ	(てぶくろ)
手ぶり	(てぶり)
手まねき	(てまねき)
手まめ	(てまめ)
手もと	(てもと)
手もなく	(てもなく)
手も無く	(てもなく)
手わたす	(てわたす)
手をたたく	(てをたたく)
手を抜く	(てをぬく)
手を叩く	(てをたたく)
手を切る	(てをきる)
手抜	(てぬき)
手抜き	(てぬき)
手本	(てほん)
手編み	(てあみ)
手柄	(てがら)
手差	(てざし)
手差し	(てざし)
手持	(てもち)
手持ち	(てもち)
手持ち現金	(てもちげんきん)
手遅れ	(ておくれ)
手初めに	(てはじめに)
手触り	(てざわり)
手答え	(てごたえ)
手袋	(てぶくろ)
手当	(てあて)
手当たりしだい	(てあたりしだい)
手当たり次第	(てあたりしだい)
手当て	(てあて)
手当り次第	(てあたりしだい)
手堤	(てさげ)
手錠	(てじょう,てぐさり)
手動	(しゅどう)
手渡し	(てわたし)
手渡す	(てわたす)
手段	(しゅだん)
手法	(しゅほう)
手放す	(てばなす)
手分け	(てわけ)
手風琴	(てふうきん)
手綱	(たづな)
手根管症候群	(しゅこんかんしょうこうぐん)
手工芸	(しゅこうげい)
手垢	(てあか)
手古摺る	(てこずる)
手掛かり	(てがかり)
手掛ける	(てがける)
手掛り	(てがかり)
手合わせ	(てあわせ)
手荷物	(てにもつ)
手荷物一時預かり所	(てにもついちじあずかりしょ)
手厚い	(てあつい)
手後れ	(ておくれ)
手許	(てもと)
手話	(しゅわ)
手懐ける	(てなずける,てなづける)
手回し	(てまわし)
手技	(しゅぎ)
手記	(しゅき)
手跡	(しゅせき)
手際	(てぎわ)
手蹟	(しゅせき)
手加減	(てかげん)
手枷	(てかせ,てがせ,てかし)
手堅い	(てがたい)
手間	(てま)
手間どる	(てまどる)
手間取る	(てまどる)
手詰まり	(てづまり)
手詰り	(てづまり)
手近	(てぢか,てじか)
手近か	(てぢか,てじか)
手頸	(てくび)
手頚	(てくび)
手鏡	(てかがみ)
手巻き鮨	(てまきずし)
手巻き寿司	(てまきずし)
手巻鮨	(てまきずし)
手巻寿司	(てまきずし)
手控え	(てびかえ)
手口	(てぐち)
手筈	(てはず)
手離す	(てばなす)
手裏剣	(しゅりけん)
手立て	(てだて)
手練手管	(てれんてくだ)
手料理	(てりょうり)
手篭め	(てごめ)
手籠め	(てごめ)
手落ち	(ておち)
手名付ける	(てなずける,てなづける)
手拍子	(てびょうし)
手配	(てはい)
手品	(てじな)
手品師	(てじなし)
手前	(てまえ)
手前のほう	(てまえのほう)
手前の方	(てまえのほう)
手前みそ	(てまえみそ)
手前味噌	(てまえみそ)
手強い	(てづよい)
手軽	(てがる)
手頃	(てごろ)
手取	(てどり)
手取り	(てどり)
手入れ	(ていれ)
手上げ	(てあげ)
手焼き	(てやき)
手始め	(てはじめ)
手始めに	(てはじめに)
手拭	(てぬぐい)
手拭い	(てぬぐい)
手首	(てくび)
手書	(てがき)
手書き	(てがき)
手術	(しゅじゅつ,しゅずつ)
手術室	(しゅじゅつしつ)
手数	(てすう,てかず)
手数料	(てすうりょう)
手順	(てじゅん)
手鎖	(てじょう,てぐさり)
手探り	(てさぐり)
手提	(てさげ)
手提げ	(てさげ)
手帖	(てちょう)
手痛い	(ていたい)
手腕	(しゅわん)
手違い	(てちがい)
手習	(てならい)
手習い	(てならい)
手洗	(てあらい)
手洗い	(てあらい)
手狭	(てぜま)
手先	(てさき)
手相	(てそう)
手箱	(てばこ)
手械	(てかせ,てがせ,てかし)
手心	(てごころ)
手信語	(てしんご)
手形	(てがた)
手続	(てつづき)
手続き	(てつづき)
手懸かり	(てがかり)
手懸ける	(てがける)
手厳しい	(てきびしい)
手淫	(しゅいん)
手引	(てびき)
手引き	(てびき)
手応え	(てごたえ)
手込め	(てごめ)
手元	(てもと)
手伝い	(てつだい)
手伝い手	(てつだいて)
手伝う	(てつだう)
手芸	(しゅげい)
手早い	(てばやい)
手繰る	(たぐる)
手造り	(てづくり)
手掌	(しゅしょう)
手帳	(てちょう)
手招き	(てまねき)
手招く	(てまねく)
手摺	(てすり)
手摺り	(てすり)
手振り	(てぶり)
手直し	(てなおし)
手指	(てゆび,しゅし)
手紙	(てがみ)
手桎	(てかせ,てがせ,てかし)
手製	(てせい)
手中にする	(しゅちゅうにする)
手忠実	(てまめ)
手助け	(てだすけ)
手酌	(てじゃく)
手子摺る	(てこずる)
手足	(てあし,しゅそく)
手作り	(てづくり)
守	(まもり)
守り	(まもり)
守りぬく	(まもりぬく)
守り抜く	(まもりぬく)
守る	(まもる)
守備	(しゅび)
守公	(しゅく)
守宮	(しゅく)
守護	(しゅご,すご)
守護る	(まもる)
守護天使	(しゅごてんし)
守銭奴	(しゅせんど)
守衛	(しゅえい)
首	(くび,クビ)
首すじ	(くびすじ)
首ったけ	(くびったけ)
首つり	(くびつり)
首っ丈	(くびったけ)
首にする	(くびにする,クビにする)
首をかしげる	(くびをかしげる)
首をながくする	(くびをながくする)
首を長くする	(くびをながくする)
首を切る	(くびをきる)
首を傾げる	(くびをかしげる)
首を縮める	(くびをちぢめる)
首を斬る	(くびをきる)
首班	(しゅはん)
首長	(しゅちょう)
首唱	(しゅしょう)
首吊り	(くびつり)
首釣り	(くびつり)
首都	(しゅと)
首都圏	(しゅとけん)
首府	(しゅふ)
首筋	(くびすじ)
首肯	(しゅこう)
首肯く	(うなずく,うなづく)
首領	(しゅりょう)
首輪	(くびわ)
首謀	(しゅぼう)
首謀者	(しゅぼうしゃ)
首脳	(しゅのう)
首脳会談	(しゅのうかいだん)
首脳者	(しゅのうしゃ)
首飾り	(くびかざり)
首尾	(しゅび)
首尾一貫した	(しゅびいっかんした)
首位	(しゅい)
首席	(しゅせき)
首相	(しゅしょう)
首相兼外相	(しゅしょうけんがいしょう)
寿	(ことぶき)
寿く	(ことぶく)
寿ぐ	(ことほぐ)
寿し	(すし)
寿盃	(じゅはい)
寿府	(ジュネーブ,ジュネーヴ)
寿老人	(じゅろうじん)
寿齢	(じゅれい)
寿留女	(するめ,スルメ)
寿命	(じゅみょう)
寿司	(すし)
寿司飯	(すしめし)
寿司詰め	(すしづめ)
寿像	(じゅぞう)
寿語録	(すごろく,すぐろく,スゴロク)
受かる	(うかる)
受けいれる	(うけいれる)
受けたまわる	(うけたまわる)
受けつぐ	(うけつぐ)
受けつけ	(うけつけ)
受けつける	(うけつける)
受けとめる	(うけとめる)
受けとる	(うけとる)
受ける	(うける,ウケる)
受け持ち	(うけもち)
受け持つ	(うけもつ)
受け賜る	(うけたまわる)
受け賜わる	(うけたまわる)
受け渡し	(うけわたし)
受け渡す	(うけわたす)
受け付け	(うけつけ)
受け付ける	(うけつける)
受け付け係	(うけつけがかり)
受け合う	(うけあう)
受け継ぐ	(うけつぐ)
受け流す	(うけながす)
受け売り	(うけうり)
受け皿	(うけざら)
受け取り	(うけとり)
受け取る	(うけとる)
受け容れる	(うけいれる)
受け入れ	(うけいれ)
受け入れる	(うけいれる)
受け身	(うけみ)
受け身形	(うけみけい)
受け止める	(うけとめる)
受持	(うけもち)
受持ち	(うけもち)
受動	(じゅどう)
受動喫煙	(じゅどうきつえん)
受動的	(じゅどうてき)
受渡	(うけわたし)
受渡し	(うけわたし)
受渡す	(うけわたす)
受粉	(じゅふん)
受付	(うけつけ)
受付け	(うけつけ)
受付ける	(うけつける)
受付係	(うけつけがかり)
受合う	(うけあう)
受話機	(じゅわき)
受話器	(じゅわき)
受検	(じゅけん)
受講	(じゅこう)
受精卵	(じゅせいらん)
受理	(じゅり)
受領	(じゅりょう)
受流す	(うけながす)
受売り	(うけうり)
受皿	(うけざら)
受難	(じゅなん)
受諾	(じゅだく)
受取	(うけとり)
受取り	(うけとり)
受取る	(うけとる)
受取手形	(うけとりてがた)
受容	(じゅよう)
受容者	(じゅようしゃ)
受入	(うけいれ)
受入れ	(うけいれ)
受入れる	(うけいれる)
受賞	(じゅしょう)
受賞者	(じゅしょうしゃ)
受身	(うけみ)
受身形	(うけみけい)
受授	(じゅじゅ)
受胎	(じゅたい)
受託	(じゅたく)
受託販売	(じゅたくはんばい)
受託会社	(じゅたくがいしゃ)
受洗	(じゅせん)
受像	(じゅぞう)
受像機	(じゅぞうき)
受信	(じゅしん)
受信エラー	(じゅしんエラー)
受信側	(じゅしんがわ)
受信機	(じゅしんき)
受信器	(じゅしんき)
受信者	(じゅしんしゃ)
受刑	(じゅけい)
受験	(じゅけん)
受験地獄	(じゅけんじごく)
受益者	(じゅえきしゃ)
受注	(じゅちゅう)
受註	(じゅちゅう)
狩	(かり,がり)
狩り	(かり,がり)
狩り出す	(かりだす)
狩り立てる	(かりたてる)
狩り小屋	(かりごや)
狩る	(かる)
狩猟	(しゅりょう)
狩猟期	(しゅりょうき)
狩人	(かりゅうど,かりうど,りょうじん)
授かる	(さずかる)
授ける	(さずける)
授粉	(じゅふん)
授爵	(じゅしゃく)
授乳	(じゅにゅう)
授賞	(じゅしょう)
授受	(じゅじゅ)
授業	(じゅぎょう)
授業を受ける	(じゅぎょうをうける)
授業料	(じゅぎょうりょう)
授与	(じゅよ)
痩せこける	(やせこける)
痩せっぽち	(やせっぽち)
痩せる	(やせる)
痩せ衰える	(やせおとろえる)
痩せ我慢	(やせがまん)
痩る	(やせる)
痩我慢	(やせがまん)
壽	(ことぶき)
獣	(けもの,けだもの,じゅう)
獣姦	(じゅうかん)
獣肉	(じゅうにく)
獣医	(じゅうい)
疋	(ひき,き)
抒情	(じょじょう)
抒情詩	(じょじょうし)
枢機	(すうき)
枢機卿	(すうききょう,すうきけい)
枢密	(すうみつ)
枢要	(すうよう)
枢軸	(すうじく)
叔父	(おじ,はくふ,しゅくふ)
叔母	(おば,はくぼ,しゅくぼ)
殊に	(ことに)
殊の外	(ことのほか)
殊更	(ことさら)
殊勝	(しゅしょう)
殊勲	(しゅくん)
書	(ふみ)
書きおくる	(かきおくる)
書きかえる	(かきかえる)
書きかた	(かきかた)
書きことば	(かきことば)
書きこむ	(かきこむ)
書きしるす	(かきしるす)
書きだし	(かきだし)
書きだす	(かきだす)
書きちらす	(かきちらす)
書きつける	(かきつける)
書きとめる	(かきとめる,かきとどめる)
書きなおす	(かきなおす)
書きなぐる	(かきなぐる)
書きまくる	(かきまくる)
書きもの机	(かきものづくえ)
書き抜く	(かきぬく)
書き変える	(かきかえる)
書き表す	(かきあらわす)
書き表わす	(かきあらわす)
書き並べる	(かきならべる)
書き出し	(かきだし)
書き出す	(かきだす)
書き初め	(かきぞめ)
書き方	(かきかた)
書き分ける	(かきわける)
書き付ける	(かきつける)
書き換える	(かきかえる)
書き記す	(かきしるす)
書き加える	(かきくわえる)
書き捲くる	(かきまくる)
書き捲る	(かきまくる)
書き立てる	(かきたてる)
書き留め	(かきとめ)
書き留める	(かきとめる,かきとどめる)
書き流す	(かきながす)
書き殴る	(かきなぐる)
書き取り	(かきとり)
書き取る	(かきとる)
書き入れる	(かきいれる)
書き入れ時	(かきいれどき)
書き散らす	(かきちらす)
書き捨てる	(かきすてる)
書き順	(かきじゅん)
書き送る	(かきおくる)
書き替える	(かきかえる)
書き添える	(かきそえる)
書き物机	(かきものづくえ)
書き下す	(かきくだす)
書き下ろす	(かきおろす)
書き写す	(かきうつす)
書き言葉	(かきことば)
書き込み	(かきこみ)
書き込む	(かきこむ)
書き直す	(かきなおす)
書き止める	(かきとめる,かきとどめる)
書く	(かく)
書抜く	(かきぬく)
書出し	(かきだし)
書出す	(かきだす)
書初	(かきぞめ)
書初め	(かきぞめ)
書道	(しょどう)
書店	(しょてん)
書房	(しょぼう)
書付ける	(かきつける)
書翰	(しょかん)
書籍	(しょせき,しょじゃく)
書記	(しょき)
書記す	(かきしるす)
書記長	(しょきちょう)
書架	(しょか)
書簡	(しょかん)
書簡集	(しょかんしゅう)
書庫	(しょこ)
書類	(しょるい)
書留	(かきとめ)
書留め	(かきとめ)
書留める	(かきとめる,かきとどめる)
書留郵便	(かきとめゆうびん)
書面	(しょめん)
書名	(しょめい)
書棚	(しょだな)
書評	(しょひょう)
書斉	(しょさい)
書取	(かきとり)
書取る	(かきとる)
書入れ時	(かきいれどき)
書散らす	(かきちらす)
書生	(しょせい)
書式	(しょしき)
書式送り	(しょしきおくり)
書送る	(かきおくる)
書体	(しょたい)
書添える	(かきそえる)
書物	(しょもつ)
書下す	(かきくだす)
書下ろす	(かきおろす)
書写す	(かきうつす)
書込み	(かきこみ)
書院	(しょいん)
書斎	(しょさい)
書誌	(しょし)
書誌学	(しょしがく)
菽	(まめ,マメ)
梳かす	(とかす)
梳く	(とく)
淑やか	(しとやか)
淑徳	(しゅくとく)
淑女	(しゅくじょ)
疎い	(うとい)
疎か	(おろそか)
疎ましい	(うとましい)
疎む	(うとむ)
疎ら	(まばら)
疎んじる	(うとんじる)
疎隔	(そかく)
疎結合ニューラルネットワーク	(そけつごうニューラルネットワーク)
疎開	(そかい)
疎開者	(そかいしゃ)
疎漏	(そろう)
疎々しい	(うとうとしい)
疎疎しい	(うとうとしい)
疎通	(そつう)
疎外	(そがい)
疎外感	(そがいかん)
疎遠	(そえん)
疏ら	(まばら)
疏通	(そつう)
疏外	(そがい)
疏外感	(そがいかん)
蔬菜	(そさい)
輸出	(ゆしゅつ,しゅしゅつ)
輸出規制	(ゆしゅつきせい)
輸出入	(ゆしゅつにゅう)
輸入	(ゆにゅう,しゅにゅう)
輸入額	(ゆにゅうがく)
輸送	(ゆそう)
輸送機	(ゆそうき)
輸血	(ゆけつ)
輸液	(ゆえき)
輸贏	(ゆえい,しゅえい)
孰れ	(いずれ,いづれ)
孰れにしても	(いずれにしても)
塾	(じゅく)
塾生	(じゅくせい)
熟	(つらつら)
熟す	(じゅくす)
熟する	(じゅくする)
熟れる	(うれる)
熟成	(じゅくせい)
熟達	(じゅくたつ)
熟読	(じゅくどく)
熟考	(じゅっこう)
熟練	(じゅくれん)
熟慮	(じゅくりょ)
熟慮断行	(じゅくりょだんこう)
熟々	(つらつら)
熟熟	(つくづく,つくつく,つくずく)
熟睡	(じゅくすい)
熟語	(じゅくご)
熟知	(じゅくち)
熟字訓	(じゅくじくん)
贖う	(あがなう)
贖罪	(しょくざい,ぞくざい,とくざい)
鼡径	(そけい)
暑い	(あつい,あづい,あぢぃ)
暑がり	(あつがり)
暑くるしい	(あつくるしい)
暑さ	(あつさ)
暑苦しい	(あつくるしい)
暑気	(しょき,あつけ)
暑中	(しょちゅう)
暑中伺	(しょちゅううかがい)
暑中伺い	(しょちゅううかがい)
暑中見舞	(しょちゅうみまい)
暑中見舞い	(しょちゅうみまい)
黍	(きび,きみ,キビ)
黍団子	(きびだんご)
属する	(ぞくする)
属名	(ぞくめい)
属託	(しょくたく)
属望	(しょくぼう)
属性	(ぞくせい)
属性値	(ぞくせいち)
署名	(しょめい)
署名式	(しょめいしき)
蜀黍	(もろこし,モロコシ)
鼠	(ネズミ,ねずみ)
鼠輩	(そはい)
鼠捕り	(ねずみとり,ネズミとり)
鼠巣	(そそう)
鼠盗	(そとう)
鼠海豚	(ねずみいるか,ネズミイルカ)
鼠害	(そがい)
鼠径	(そけい)
鼠径部	(そけいぶ)
鼠頚	(そけい)
鼠落し	(ねずみおとし)
鼠鳴き	(ねずみなき)
鼠蹊	(そけい)
鼠蹊部	(そけいぶ)
鼠取り	(ねずみとり,ネズミとり)
鼠入らず	(ねずみいらず)
鼠色	(ねずみいろ)
鼠頭魚	(きす,キス)
鼠咬症	(そこうしょう)
鼠疫	(そえき)
鼠賊	(そぞく)
鼠族	(そぞく)
薯	(いも,イモ)
薯蕷芋	(とろろいも,トロロイモ)
薯蕷藷	(とろろいも,トロロイモ)
曙	(あけぼの)
戍る	(まもる)
束	(たば)
束ね	(たばね)
束ねる	(たばねる,つかねる)
束ね積む	(たばねつむ)
束の間	(つかのま)
束帯	(そくたい)
束髪	(そくはつ)
束縛	(そくばく)
束修	(そくしゅう)
束脩	(そくしゅう)
述べる	(のべる)
述部	(じゅつぶ)
述懐	(じゅっかい)
述語	(じゅつご)
術	(すべ)
術策	(じゅっさく)
術語	(じゅつご)
庶民	(しょみん)
庶民的	(しょみんてき)
庶民劇	(しょみんげき)
庶事	(しょじ)
庶務	(しょむ)
庶務課	(しょむか)
庶政	(しょせい)
庶子	(しょし)
竪	(たて,タテ)
竪縞	(たてじま)
竪琴	(たてごと)
竪子	(じゅし)
数	(かず)
数えきれない	(かぞえきれない)
数える	(かぞえる)
数え切れない	(かぞえきれない)
数え上げる	(かぞえあげる)
数え込む	(かぞえこむ)
数ヵ月	(すうかげつ)
数カ月	(すうかげつ)
数か月	(すうかげつ)
数ヶ月	(すうかげつ)
数に入れる	(かずにいれる)
数の子	(かずのこ,カズノコ)
数百	(すうひゃく)
数表示	(すうひょうじ)
数冊	(すうさつ)
数詞	(すうし)
数多	(あまた)
数多く	(かずおおく)
数個	(すうこ)
数回	(すうかい)
数寄	(すき)
数寄屋	(すきや)
数寄屋造り	(すきやづくり)
数理	(すうり)
数理論理学	(すうりろんりがく)
数量	(すうりょう)
数列	(すうれつ)
数枚	(すうまい)
数秒	(すうびょう)
数名	(すうめい)
数年	(すうねん)
数匹	(すうひき)
数奇	(すうき,さっき)
数奇屋	(すきや)
数奇屋造り	(すきやづくり)
数千	(すうせん)
数人	(すうにん)
数日	(すうじつ)
数日後	(すうじつご)
数日間	(すうじつかん)
数式	(すうしき)
数々	(かずかず)
数数	(かずかず)
数係数	(すうけいすう)
数学	(すうがく)
数学的帰納法	(すうがくてききのうほう)
数億年	(すうおくねん)
数隻	(すうせき)
数値	(すうち)
数値計算	(すうちけいさん)
数値目標	(すうちもくひょう)
数値制御	(すうちせいぎょ)
数珠	(じゅず,ずず)
数字	(すうじ)
漱	(うがい)
豎子	(じゅし)
樹	(き)
樹氷	(じゅひょう)
樹立	(じゅりつ)
樹齢	(じゅれい)
樹木	(じゅもく)
樹皮	(じゅひ)
樹々	(きぎ)
樹樹	(きぎ)
樹陰	(こかげ)
樹蔭	(こかげ)
樹脂	(じゅし)
刷りこむ	(すりこむ)
刷りたて	(すりたて)
刷りなおす	(すりなおす)
刷り本	(すりほん)
刷り出す	(すりだす)
刷り立て	(すりたて)
刷り上がる	(すりあがる)
刷り上げる	(すりあげる)
刷り損なう	(すりそこなう)
刷り違い	(すりちがい)
刷り物	(すりもの)
刷り込む	(すりこむ)
刷り直す	(すりなおす)
刷る	(する)
刷本	(すりほん)
刷毛	(はけ,ハケ)
刷毛目	(はけめ)
刷毛先	(はけさき)
刷数	(さつすう)
刷物	(すりもの)
刷新	(さっしん)
刷込む	(すりこむ)
刷子	(はけ,ハケ)
衰える	(おとろえる)
衰え果てる	(おとろえはてる)
衰幣	(すいへい)
衰残	(すいざん)
衰耗	(すいもう)
衰躯	(すいく)
衰弱	(すいじゃく)
衰色	(すいしょく)
衰世	(すいせい)
衰勢	(すいせい)
衰死	(すいし)
衰態	(すいたい)
衰替	(すいたい)
衰頽	(すいたい)
衰退	(すいたい)
衰亡	(すいぼう)
衰微	(すいび)
衰運	(すいうん)
衰兆	(すいちょう)
帥	(そち,そつ)
帥先	(そっせん)
蟀谷	(こめかみ,コメカミ)
栓抜	(せんぬき)
栓抜き	(せんぬき)
双	(そう)
双つ	(ふたつ)
双ぶ	(ならぶ)
双べる	(ならべる)
双暗車	(そうあんしゃ)
双壁	(そうへき)
双璧	(そうへき)
双成り	(ふたなり)
双胴機	(そうどうき)
双対	(そうつい)
双発	(そうはつ)
双発機	(そうはつき)
双方	(そうほう)
双峰駱駝	(そうほうらくだ)
双幅	(そうふく)
双肩	(そうけん)
双脚	(そうきゃく)
双節棍	(ぬんちゃく,ヌンチャク)
双殻類	(そうかくるい)
双六	(すごろく,すぐろく,スゴロク)
双陸	(すごろく,すぐろく,スゴロク)
双輪	(そうりん)
双眸	(そうぼう)
双目	(ざらめ,ザラメ)
双曲線	(そうきょくせん)
双刃	(もろは,りょうば)
双射	(そうしゃ)
双生	(そうせい)
双生児	(そうせいじ)
双十節	(そうじゅうせつ)
双書	(そうしょ)
双蹄	(そうてい)
双蹄獸	(そうていじゅう)
双頭	(そうとう)
双務契約	(そうむけいやく)
双眼	(そうがん)
双眼鏡	(そうがんきょう)
双葉	(ふたば)
双翼	(そうよく)
双紙	(そうし)
双子	(ふたご,そうし)
双子葉	(そうしよう)
双子葉植物	(そうしようしょくぶつ)
双子座	(ふたござ)
滝	(たき)
滝つぼ	(たきつぼ)
滝川	(たきがわ)
滝登り	(たきのぼり)
滝壷	(たきつぼ)
滝壺	(たきつぼ)
滝口	(たきぐち)
霜	(しも)
霜害	(そうがい)
霜降	(しもふり)
霜降り	(しもふり)
霜解け	(しもどけ)
霜焼	(しもやけ)
霜焼け	(しもやけ)
霜月	(しもつき,そうげつ)
霜柱	(しもばしら)
雙六	(すごろく,すぐろく,スゴロク)
孀	(かふ,やもめ,やまめ)
爽やか	(さわやか)
爽快	(そうかい)
爽凉	(そうりょう)
爽涼	(そうりょう)
爽々	(さわさわ,サワサワ)
爽爽	(さわさわ,サワサワ)
誰	(だれ,だあれ,だーれ)
誰がし	(だれそれ,たれがし)
誰それ	(だれそれ,たれがし)
誰そ彼	(たそがれ,こうこん)
誰でも	(だれでも)
誰も	(だれも)
誰某	(だれそれ,たれがし)
誰知らぬ	(だれしらぬ)
水	(みず)
水あげ	(みずあげ)
水かけ論	(みずかけろん)
水かさ	(みずかさ)
水がめ	(みずがめ)
水がめ座	(みずがめざ)
水ぎわ	(みずぎわ,すいさい)
水け	(みずけ,すいき)
水たき	(みずたき,みずだき)
水たまり	(みずたまり)
水びたし	(みずびたし)
水ぼうそう	(みずぼうそう)
水まき	(みずまき)
水をさす	(みずをさす)
水を差す	(みずをさす)
水を刺す	(みずをさす)
水を注す	(みずをさす)
水芭蕉	(みずばしょう)
水兵	(すいへい)
水兵服	(すいへいふく)
水彩画	(すいさいが)
水槽	(すいそう)
水産物	(すいさんぶつ)
水産業	(すいさんぎょう)
水車	(すいしゃ,みずぐるま)
水虫	(みずむし)
水炊	(みずたき,みずだき)
水炊き	(みずたき,みずだき)
水道	(すいどう)
水道管	(すいどうかん)
水道栓	(すいどうせん)
水道屋	(すいどうや)
水稲	(すいとう)
水滴	(すいてき)
水痘	(すいとう)
水分	(すいぶん)
水夫	(すいふ,かこ,すいしゅ)
水割り	(みずわり)
水瓜	(すいか,スイカ)
水掛け論	(みずかけろん)
水掛論	(みずかけろん)
水亀	(いしがめ,イシガメ)
水菓子	(みずがし)
水害	(すいがい)
水滸伝	(すいこでん)
水化	(すいか)
水化物	(すいかぶつ)
水撃	(すいげき)
水際	(みずぎわ,すいさい)
水浸し	(みずびたし)
水晶	(すいしょう)
水精	(すいしょう)
水雷	(すいらい)
水冷式	(すいれいしき)
水力	(すいりょく)
水力学	(すいりきがく)
水溜	(みずたまり)
水溜まり	(みずたまり)
水溜り	(みずたまり)
水流	(すいりゅう)
水流ポンプ	(すいりゅうポンプ)
水陸	(すいりく)
水陸両用	(すいりくりょうよう)
水路	(すいろ)
水馬	(あめんぼ,あめんぼう,アメンボ)
水脈占い	(すいみゃくうらない)
水没	(すいぼつ)
水門	(すいもん)
水面	(すいめん,みなも)
水面下	(すいめんか)
水黽	(あめんぼ,あめんぼう,アメンボ)
水沫	(すいほう,みなわ)
水墨画	(すいぼくが)
水母	(クラゲ,くらげ)
水鳥	(みずとり,みずどり,すいちょう)
水牛	(すいぎゅう,スイギュウ)
水盤	(すいばん)
水泡	(すいほう,みなわ)
水疱瘡	(みずぼうそう)
水平	(すいへい)
水平タブ	(すいへいタブ)
水平線	(すいへいせん)
水瓶	(みずがめ)
水瓶座	(みずがめざ)
水棲	(すいせい)
水気	(みずけ,すいき)
水溶性	(すいようせい)
水撒き	(みずまき)
水色	(みずいろ)
水商売	(みずしょうばい)
水上	(すいじょう)
水上警察	(すいじょうけいさつ)
水生	(すいせい)
水勢	(すいせい)
水手	(すいふ,かこ,すいしゅ)
水々しい	(みずみずしい)
水水しい	(みずみずしい)
水死	(すいし)
水嵩	(みずかさ)
水素	(すいそ)
水素化物	(すいそかぶつ)
水酸化	(すいさんか)
水酸化ナトリウム	(すいさんかナトリウム)
水酸化物	(すいさんかぶつ)
水田	(すいでん)
水筒	(すいとう)
水温	(すいおん)
水甕	(みずがめ)
水無月	(みなづき,みなつき)
水洗	(すいせん)
水洗便所	(すいせんべんじょ)
水仙	(すいせん,スイセン)
水星	(すいせい)
水性	(すいせい)
水揚げ	(みずあげ)
水薬	(すいやく,みずぐすり)
水曜	(すいよう)
水曜日	(すいようび)
水銀	(すいぎん)
水銀柱	(すいぎんちゅう)
水泳	(すいえい)
水玉	(みずたま)
水玉模様	(みずたまもよう)
水域	(すいいき)
水源	(すいげん)
水源地	(すいげんち)
水蚤	(ミジンコ,みじんこ)
水増し	(みずまし)
水着	(みずぎ)
水蒸気	(すいじょうき)
水中	(すいちゅう)
水中メガネ	(すいちゅうめがね)
水中めがね	(すいちゅうめがね)
水中眼鏡	(すいちゅうめがね)
水主	(すいふ,かこ,すいしゅ)
水煮	(みずに)
水柱	(みずばしら,すいちゅう)
水準	(すいじゅん)
水子	(みずこ,みずご,ちし)
水子供養	(みずこくよう,みずごくよう)
水族館	(すいぞくかん,すいぞっかん)
税別	(ぜいべつ)
税別価格	(ぜいべつかかく)
税額	(ぜいがく)
税法	(ぜいほう)
税関	(ぜいかん)
税金	(ぜいきん)
税金申告	(ぜいきんしんこく)
税理士	(ぜいりし)
税率	(ぜいりつ)
税収	(ぜいしゅう)
税務	(ぜいむ)
税務署	(ぜいむしょ)
税引	(ぜいびき,ぜいひき)
税引き	(ぜいびき,ぜいひき)
税引前当期利益	(ぜいびきまえとうきりえき)
税込	(ぜいこみ)
税込み	(ぜいこみ)
税制	(ぜいせい)
税制改革	(ぜいせいかいかく)
睡	(ねむり,ねぶり)
睡い	(ねむい)
睡たい	(ねむたい,ねぶたい)
睡り	(ねむり,ねぶり)
睡る	(ねむる,ねぶる)
睡眠	(すいみん)
睡眠不足	(すいみんぶそく)
睡眠剤	(すいみんざい)
睡眠薬	(すいみんやく)
睡気	(ねむけ)
吮癰舐痔	(せんようしじ)
順	(じゅん,ずん)
順う	(したがう)
順ぐり	(じゅんぐり)
順じる	(じゅんじる)
順ずる	(じゅんずる)
順に	(じゅんに)
順次	(じゅんじ)
順調	(じゅんちょう)
順法	(じゅんぽう)
順番	(じゅんばん)
順風	(じゅんぷう)
順風満帆	(じゅんぷうまんぱん,じゅんぷうまんぽ)
順奉	(じゅんぽう)
順化	(じゅんか)
順境	(じゅんきょう)
順礼	(じゅんれい)
順列	(じゅんれつ)
順守	(じゅんしゅ)
順々	(じゅんじゅん)
順々に	(じゅんじゅんに)
順順	(じゅんじゅん)
順順に	(じゅんじゅんに)
順位	(じゅんい)
順行	(じゅんこう,じゅんぎょう)
順序	(じゅんじょ)
順序だてる	(じゅんじょだてる)
順序どおり	(じゅんじょどおり)
順序不同	(じゅんじょふどう)
順序立てる	(じゅんじょだてる)
順序通り	(じゅんじょどおり)
順延	(じゅんえん)
順応	(じゅんのう,じゅんおう)
順繰り	(じゅんぐり)
瞬き	(まばたき,またたき,まだたき)
瞬く	(またたく,まばたく,まだたく)
瞬断	(しゅんだん)
瞬間	(しゅんかん)
瞬間電断	(しゅんかんでんだん)
瞬刻	(しゅんこく)
瞬時	(しゅんじ)
説	(せつ)
説き出す	(ときいだす)
説き伏せる	(ときふせる)
説き明かす	(ときあかす)
説き聞かせる	(とききかせる)
説く	(とく)
説得	(せっとく)
説得力	(せっとくりょく)
説伏せる	(ときふせる)
説話	(せつわ)
説教	(せっきょう)
説明	(せつめい)
説明書	(せつめいしょ)
説諭	(せつゆ)
碩儒	(せきじゅ)
碩学	(せきがく)
厶る	(ござる)
司どる	(つかさどる)
司る	(つかさどる)
司法	(しほう)
司法権	(しほうけん)
司法制度	(しほうせいど)
司会	(しかい)
司会者	(しかいしゃ)
司教	(しきょう)
司令	(しれい)
司令部	(しれいぶ)
司令官	(しれいかん)
司令室	(しれいしつ)
司書	(ししょ)
私あて	(わたしあて,わたくしあて)
私ごと	(しじ,わたくしごと)
私財	(しざい)
私的	(してき)
私邸	(してい)
私費	(しひ)
私費で	(しひで)
私腹をこやす	(しふくをこやす)
私腹を肥やす	(しふくをこやす)
私見	(しけん)
私立	(しりつ,わたくしりつ)
私立大学	(しりつだいがく)
私立探偵	(しりつたんてい)
私設	(しせつ)
私生児出産	(しせいじしゅっさん)
私生活	(しせいかつ)
私事	(しじ,わたくしごと)
私室	(ししつ)
私書箱	(ししょばこ)
私淑	(ししゅく)
私塾	(しじゅく)
私鉄	(してつ)
私通	(しつう)
私宛	(わたしあて,わたくしあて)
私宛て	(わたしあて,わたくしあて)
私物	(しぶつ)
私信	(ししん)
私刑	(しけい)
私儀	(わたくしぎ)
私用	(しよう)
私有	(しゆう)
私有地	(しゆうち)
私語く	(ささやく)
私製	(しせい)
私自身	(わたしじしん,わたくしじしん)
思い	(おもい)
思いあがる	(おもいあがる)
思いあたる	(おもいあたる)
思いいれ	(おもいいれ)
思いがけず	(おもいがけず)
思いきって	(おもいきって)
思いきる	(おもいきる)
思いこがれる	(おもいこがれる)
思いこむ	(おもいこむ)
思いすごし	(おもいすごし)
思いだす	(おもいだす)
思いたつ	(おもいたつ)
思いちがい	(おもいちがい)
思いつき	(おもいつき)
思いっきり	(おもいっきり)
思いつく	(おもいつく)
思いつめる	(おもいつめる)
思いっ切り	(おもいっきり)
思いで	(おもいで)
思いとどまる	(おもいとどまる)
思いなおす	(おもいなおす)
思いのまま	(おもいのまま)
思いめぐらす	(おもいめぐらす)
思いやり	(おもいやり)
思い残す	(おもいのこす)
思い出	(おもいで)
思い出す	(おもいだす)
思い当たる	(おもいあたる)
思い当る	(おもいあたる)
思い返す	(おもいかえす)
思い浮かぶ	(おもいうかぶ)
思い付き	(おもいつき)
思い付く	(おもいつく)
思い掛けず	(おもいがけず)
思い過ごし	(おもいすごし)
思い過ごす	(おもいすごす)
思い過す	(おもいすごす)
思い惑う	(おもいまどう)
思い焦がれる	(おもいこがれる)
思い詰める	(おもいつめる)
思い立つ	(おもいたつ)
思い留まる	(おもいとどまる)
思い乱れる	(おもいみだれる)
思い悩む	(おもいなやむ)
思い遣り	(おもいやり)
思い切った	(おもいきった)
思い切って	(おもいきって)
思い切る	(おもいきる)
思い入れ	(おもいいれ)
思い上がる	(おもいあがる)
思い違い	(おもいちがい)
思い巡らす	(おもいめぐらす)
思い込む	(おもいこむ)
思い知る	(おもいしる)
思い直す	(おもいなおす)
思い止どまる	(おもいとどまる)
思い止まる	(おもいとどまる)
思う	(おもう)
思うぞんぶん	(おもうぞんぶん)
思う存分	(おもうぞんぶん)
思える	(おもえる)
思しい	(おぼしい)
思わく	(おもわく)
思わく買い	(おもわくがい)
思わず	(おもわず)
思われる	(おもわれる)
思案	(しあん)
思案に余る	(しあんにあまる)
思案投げ首	(しあんなげくび)
思案投首	(しあんなげくび)
思弁	(しべん)
思辨	(しべん)
思潮	(しちょう)
思出す	(おもいだす)
思春期	(ししゅんき)
思惑	(おもわく)
思惑買	(おもわくがい)
思惑買い	(おもわくがい)
思考	(しこう)
思慮	(しりょ)
思慮深い	(しりょぶかい)
思慕	(しぼ)
思入れ	(おもいいれ)
思索	(しさく)
思惟	(しい,しゆい)
思想	(しそう)
思想犯	(しそうはん)
斯う	(こう)
斯くて	(かくて)
斯の	(この,こん)
絲口	(いとぐち)
嘶き	(いななき)
嘶く	(いななく)
死	(し)
死がい	(しがい)
死に神	(しにがみ)
死ぬ	(しぬ,ﾀﾋぬ)
死別	(しべつ)
死蔵	(しぞう)
死産	(しざん,しさん)
死闘	(しとう)
死骸	(しがい)
死後	(しご)
死灰	(しかい)
死活	(しかつ)
死角	(しかく)
死霊	(しりょう,しれい)
死期	(しき)
死球	(しきゅう)
死去	(しきょ)
死人	(しにん,しびと)
死傷者	(ししょうしゃ)
死神	(しにがみ)
死体	(したい)
死亡	(しぼう)
死亡率	(しぼうりつ)
死亡数	(しぼうすう)
死亡者	(しぼうしゃ)
死亡診断書	(しぼうしんだんしょ)
死刑	(しけい)
死刑囚	(しけいしゅう)
死因	(しいん)
死語	(しご)
死者	(ししゃ)
死罪	(しざい)
巳	(み,し)
巳年	(みどし,へびどし)
四	(し,よん,よ)
四つ	(よっつ,よつ)
四つんばい	(よつんばい)
四つん這い	(よつんばい)
四つ角	(よつかど)
四つ脚	(よつあし)
四つ葉のクローバー	(よつばのクローバー)
四つ足	(よつあし)
四阿	(あずまや)
四半期	(しはんき)
四川	(しせん,スーチョワン)
四次元	(よじげん,しじげん)
四畳半	(よじょうはん)
四辺	(しへん)
四方	(しほう,よも,よほう)
四方八方	(しほうはっぽう)
四分	(しぶん)
四分五裂	(しぶんごれつ,しぶごれつ)
四股名	(しこな)
四国	(しこく)
四桁	(よけた)
四季	(しき)
四季施	(しきせ)
四角	(しかく)
四角い	(しかくい)
四角形	(しかくけい,しかっけい)
四苦八苦	(しくはっく)
四六時中	(しろくじちゅう)
四輪車	(よんりんしゃ)
四輪駆動車	(よんりんくどうしゃ)
四面楚歌	(しめんそか)
四球	(しきゅう)
四日	(よっか)
四捨五入	(ししゃごにゅう)
四十八手	(しじゅうはって)
四十雀	(しじゅうから,しじゅうがら,シジュウカラ)
四時	(よじ)
四通八達	(しつうはったつ)
四頭立ての馬車	(よんとうだてのばしゃ)
四隅	(よすみ,しぐう)
四元速度	(しげんそくど)
四月	(しがつ)
四肢	(しし)
四重奏	(しじゅうそう)
四字熟語	(よじじゅくご)
寺	(てら)
寺院	(じいん)
祀る	(まつる)
価	(あたい)
価する	(あたいする)
価電子	(かでんし)
価電子帯	(かでんしたい)
価電子状態	(かでんしじょうたい)
価額	(かがく)
価格	(かかく)
価格表	(かかくひょう)
価格差	(かかくさ)
価格帯	(かかくたい)
価格規制	(かかくきせい)
価格競争	(かかくきょうそう)
価格圧力	(かかくあつりょく)
価格性能	(かかくせいのう)
価格戦争	(かかくせんそう)
価値	(かち)
価値ある	(かちある)
価値高い	(かちたかい)
価値観	(かちかん)
価値有る	(かちある)
覗う	(うかがう)
覗き	(のぞき,ノゾキ)
覗きこむ	(のぞきこむ)
覗きみ	(のぞきみ)
覗き見	(のぞきみ)
覗き魔	(のぞきま)
覗き込む	(のぞきこむ)
覗く	(のぞく)
肆	(し,よん,よ)
肆意	(しい)
嗣ぐ	(つぐ,ツぐ)
嗣子	(しし)
飼いならす	(かいならす)
飼い慣らす	(かいならす)
飼い犬	(かいいぬ)
飼い馴らす	(かいならす)
飼い主	(かいぬし)
飼う	(かう)
飼料	(しりょう)
飼犬	(かいいぬ)
飼育	(しいく)
飼主	(かいぬし)
松	(まつ,マツ)
松かさ	(まつかさ)
松の木	(まつのき)
松虫	(まつむし,マツムシ)
松楓	(しょうふう)
松笠	(まつかさ)
松林	(まつばやし)
松毬	(まつかさ)
松茸	(まつたけ,まったけ,マツタケ)
松傘	(まつかさ)
松葉	(まつば)
松葉づえ	(まつばづえ)
松葉杖	(まつばづえ)
松魚	(カツオ,かつお)
松原	(まつばら)
松竹梅	(しょうちくばい)
嵩む	(かさむ)
嵩張る	(かさばる)
竦む	(すくむ)
竦める	(すくめる)
聳える	(そびえる)
送り	(おくり)
送りオオカミ	(おくりおおかみ)
送りがな	(おくりがな)
送りこむ	(おくりこむ)
送りだす	(おくりだす)
送り出す	(おくりだす)
送り仮名	(おくりがな)
送り返す	(おくりかえす)
送り火	(おくりび)
送り届ける	(おくりとどける)
送り狼	(おくりおおかみ)
送り先	(おくりさき)
送り穴	(おくりあな)
送り込む	(おくりこむ)
送る	(おくる)
送別	(そうべつ)
送別会	(そうべつかい)
送出	(そうしゅつ)
送電	(そうでん)
送付	(そうふ)
送附	(そうふ)
送還	(そうかん)
送検	(そうけん)
送金	(そうきん)
送金小切手	(そうきんこぎって)
送料	(そうりょう)
送受	(そうじゅ)
送受信	(そうじゅしん)
送信	(そうしん)
送迎	(そうげい)
送葬	(そうそう)
頌詞	(しょうし)
頌栄	(しょうえい)
誦経	(じゅきょう,ずきょう)
誦習	(しょうしゅう)
鎹	(かすがい)
捜しだす	(さがしだす)
捜しもとめる	(さがしもとめる)
捜し出す	(さがしだす)
捜し当てる	(さがしあてる)
捜し回る	(さがしまわる)
捜し求める	(さがしもとめる)
捜す	(さがす)
捜査	(そうさ)
捜査本部	(そうさほんぶ)
捜査当局	(そうさとうきょく)
捜索	(そうさく)
蒐荷	(しゅうか)
蒐集	(しゅうしゅう)
嗾す	(そそのかす)
薮をつついて蛇を出す	(やぶをつついてへびをだす)
薮蛇	(やぶへび,ヤブヘビ)
薮蛇になる	(やぶへびになる)
薮蛇に成る	(やぶへびになる)
藪をつついて蛇を出す	(やぶをつついてへびをだす)
藪を突いて蛇を出す	(やぶをつついてへびをだす)
藪蛇	(やぶへび,ヤブヘビ)
嗽	(うがい)
甦	(よみがえ)
甦える	(よみがえる)
甦る	(よみがえる)
甦生	(こうせい)
蘇える	(よみがえる)
蘇り	(よみがえり)
蘇る	(よみがえる)
蘇格蘭	(スコットランド)
蘇連	(ソれん)
蘇生	(そせい)
蘇維埃	(ソビエト,ソヴィエト)
俗	(ぞく,しょく)
俗っぽい	(ぞくっぽい)
俗に	(ぞくに)
俗に言う	(ぞくにいう)
俗輩	(ぞくはい)
俗才	(ぞくさい)
俗塵	(ぞくじん)
俗称	(ぞくしょう)
俗臭	(ぞくしゅう)
俗諦	(ぞくたい)
俗調	(ぞくちょう)
俗悪	(ぞくあく)
俗耳	(ぞくじ)
俗歌	(ぞっか)
俗化	(ぞっか)
俗話	(ぞくわ)
俗間	(ぞっかん)
俗見	(ぞっけん)
俗解	(ぞっかい)
俗界	(ぞっかい)
俗累	(ぞくるい)
俗吏	(ぞくり)
俗流	(ぞくりゅう)
俗論	(ぞくろん)
俗名	(ぞくみょう,ぞくめい)
俗念	(ぞくねん)
俗気	(ぞっき,ぞっけ,ぞくけ)
俗情	(ぞくじょう)
俗曲	(ぞっきょく)
俗趣味	(ぞくしゅみ)
俗人	(ぞくじん)
俗儒	(ぞくじゅ)
俗僧	(ぞくそう)
俗世	(ぞくせ,ぞくせい)
俗世間	(ぞくせけん)
俗世界	(ぞくせかい)
俗事	(ぞくじ)
俗受け	(ぞくうけ)
俗書	(ぞくしょ)
俗説	(ぞくせつ)
俗談	(ぞくだん)
俗体	(ぞくたい)
俗文	(ぞくぶん)
俗文学	(ぞくぶんがく)
俗物	(ぞくぶつ)
俗務	(ぞくむ)
俗習	(ぞくしゅう)
俗向き	(ぞくむき)
俗信	(ぞくしん)
俗形	(ぞくぎょう)
俗姓	(ぞくしょう,ぞくせい)
俗学	(ぞくがく)
俗言	(ぞくげん)
俗眼	(ぞくがん)
俗諺	(ぞくげん)
俗謡	(ぞくよう)
俗議	(ぞくぎ)
俗用	(ぞくよう)
俗語	(ぞくご)
俗縁	(ぞくえん)
俗楽	(ぞくがく)
俗衆	(ぞくしゅう)
俗字	(ぞくじ)
夙	(しゅく)
夙に	(つとに)
夙成	(しゅくせい)
夙夜	(しゅくや)
夙志	(しゅくし)
泝る	(さかのぼる)
素	(もと)
素っ破抜き	(すっぱぬき)
素っ破抜く	(すっぱぬく)
素っ気ない	(そっけない)
素っ気無い	(そっけない)
素より	(もとより)
素材	(そざい)
素地	(きじ)
素的	(すてき,ステキ)
素敵	(すてき,ステキ)
素膚	(すはだ)
素肌	(すはだ)
素見す	(ひやかす)
素粒子	(そりゅうし)
素粒子加速器	(そりゅうしかそくき)
素面	(すめん)
素麺	(そうめん,ソーメン)
素描	(そびょう)
素片	(そへん)
素破抜き	(すっぱぬき)
素破抜く	(すっぱぬく)
素朴	(そぼく)
素樸	(そぼく)
素気ない	(そっけない)
素気無い	(そっけない)
素薔薇しい	(すばらしい,すんばらしい)
素晴しい	(すばらしい,すんばらしい)
素晴らしい	(すばらしい,すんばらしい)
素人	(しろうと,しろと,しらびと)
素生	(すじょう,そせい,しゅせい)
素適	(すてき,ステキ)
素手	(すで)
素数	(そすう)
素速い	(すばやい)
素行	(そこう)
素形材産業	(そけいざいさんぎょう)
素性	(すじょう,そせい,しゅせい)
素姓	(すじょう,そせい,しゅせい)
素顔	(すがお)
素養	(そよう)
素因	(そいん)
素早い	(すばやい)
素振	(そぶり)
素振り	(そぶり)
素直	(すなお)
素質	(そしつ)
素子	(そし)
素足	(すあし)
速い	(はやい,はえー,はっやい)
速く	(はやく)
速さ	(はやさ)
速まる	(はやまる)
速めに	(はやめに)
速める	(はやめる)
速やか	(すみやか)
速報	(そくほう)
速歩	(はやあし,そくほ)
速達	(そくたつ)
速度	(そくど)
速度計	(そくどけい)
速断	(そくだん)
速耳	(はやみみ)
速記	(そっき)
速口	(はやくち,はやぐち)
速力	(そくりょく)
速力度	(そくりょくど)
速目に	(はやめに)
速業	(はやわざ)
速戦即決	(そくせんそっけつ)
速足	(はやあし,そくほ)
宿	(やど)
宿す	(やどす)
宿る	(やどる)
宿場	(しゅくば)
宿敵	(しゅくてき)
宿借	(ヤドカリ,やどかり)
宿借り	(ヤドカリ,やどかり)
宿命	(しゅくめい)
宿泊	(しゅくはく)
宿泊先	(しゅくはくさき)
宿舎	(しゅくしゃ)
宿題	(しゅくだい)
宿望	(しゅくぼう,しゅくもう)
宿屋	(やどや)
宿縁	(しゅくえん)
宿直	(しゅくちょく)
宿酔	(ふつかよい)
粛として	(しゅくとして)
粛白	(しゅくはく)
粛党	(しゅくとう)
粛軍	(しゅくぐん)
粛清	(しゅくせい)
粛殺	(しゅくさつ)
粛学	(しゅくがく)
粛正	(しゅくせい)
粟	(あわ)
粟だつ	(あわだつ)
粟立つ	(あわだつ)
粟粒	(あわつぶ,ぞくりゅう)
訴え	(うったえ)
訴える	(うったえる)
訴え出る	(うったえでる)
訴人	(そにん)
訴訟	(そしょう)
訴訟費用	(そしょうひよう)
訴訟事件	(そしょうじけん)
訴状	(そじょう)
訴追	(そつい)
塑像	(そぞう)
遡る	(さかのぼる)
遡及	(そきゅう,さっきゅう)
遡源	(さくげん,そげん)
溯る	(さかのぼる)
溯及	(そきゅう,さっきゅう)
溯源	(さくげん,そげん)
酸	(さん)
酸い	(すい)
酸っぱい	(すっぱい)
酸み	(さんみ,すみ)
酸度	(さんど)
酸化	(さんか)
酸化防止剤	(さんかぼうしざい)
酸化物	(さんかぶつ)
酸欠	(さんけつ)
酸素	(さんそ)
酸素供給	(さんそきょうきゅう)
酸桃	(すもも,スモモ)
酸味	(さんみ,すみ)
酸性	(さんせい)
酸性雨	(さんせいう)
酸中毒	(さんちゅうどく)
蒜	(にんにく,ニンニク)
算える	(かぞえる)
算程	(さんてい)
算出	(さんしゅつ)
算定	(さんてい)
算法	(さんぽう)
算盤	(そろばん,ソロバン)
算譜	(さんぷ)
算術	(さんじゅつ)
算数	(さんすう)
算体	(さんたい)
算用	(さんよう)
随う	(したがう)
随える	(したがえる)
随筆	(ずいひつ)
随処	(ずいしょ)
随分	(ずいぶん)
随神	(かんながら,かむながら,かみながら)
随神の道	(かんながらのみち,かむながらのみち)
随時	(ずいじ)
随所	(ずいしょ)
随想	(ずいそう)
随行	(ずいこう)
随行員	(ずいこういん)
随一	(ずいいち,ずいいつ)
随意	(ずいい,ずい)
隨筆	(ずいひつ)
隨分	(ずいぶん)
髄虫	(ずいむし,めいちゅう)
砕く	(くだく)
砕け	(くだけ)
砕ける	(くだける)
砕け散る	(くだけちる)
砕る	(はつる)
砕氷船	(さいひょうせん)
砕片	(さいへん)
砕石	(さいせき)
粋	(いき)
粋狂	(すいきょう)
粋人	(すいじん)
祟り	(たたり)
祟る	(たたる)
遂げる	(とげる)
遂せる	(おおせる)
遂に	(ついに)
遂行	(すいこう)
歳	(とし)
歳とる	(としとる)
歳の瀬	(としのせ)
歳の市	(としのいち)
歳をとる	(としをとる)
歳を取る	(としをとる)
歳出	(さいしゅつ)
歳費	(さいひ)
歳老いる	(としおいる)
歳末	(さいまつ)
歳暮	(せいぼ)
歳取る	(としとる)
歳入	(さいにゅう)
歳入歳出	(さいにゅうさいしゅつ)
歳未満	(さいみまん)
歳月	(さいげつ)
隧道	(すいどう,ずいどう,ついどう)
穂	(ほ)
穂ジソ	(ほじそ)
穂じそ	(ほじそ)
穂先	(ほさき)
穂紫蘇	(ほじそ)
燧石	(ひうちいし,すいせき)
穗	(ほ)
孫	(まご)
孫むすめ	(まごむすめ)
孫娘	(まごむすめ)
孫息子	(まごむすこ)
孫引き	(まごびき)
笋	(たけのこ,タケノコ)
隼	(はやぶさ,ハヤブサ)
筍	(たけのこ,タケノコ)
損	(そん)
損う	(そこなう)
損じ	(そんじ)
損じる	(そんじる)
損なう	(そこなう)
損ねる	(そこねる)
損保	(そんぽ)
損得	(そんとく)
損害	(そんがい)
損害を被る	(そんがいをこうむる)
損害を蒙る	(そんがいをこうむる)
損害保険	(そんがいほけん)
損害賠償	(そんがいばいしょう)
損耗	(そんもう,そんこう)
損耗人員	(そんもうじんいん)
損傷	(そんしょう)
損失	(そんしつ)
損亡	(そんもう,そんぼう)
損益	(そんえき)
唆かす	(そそのかす)
唆す	(そそのかす)
唆る	(そそる)
娑婆	(しゃば,シャバ)
娑婆気	(しゃばけ,しゃばき)
梭魚	(かます,カマス)
梭子魚	(かます,カマス)
縮まる	(ちぢまる)
縮みあがる	(ちぢみあがる)
縮み上がる	(ちぢみあがる)
縮む	(ちぢむ,ちじむ)
縮める	(ちぢめる)
縮らす	(ちぢらす)
縮れる	(ちぢれる)
縮尺	(しゅくしゃく)
縮緬	(ちりめん)
縮緬紙	(ちりめんがみ)
縮緬皺	(ちりめんじわ,ちりめんジワ)
縮少	(しゅくしょう)
縮刷	(しゅくさつ)
縮刷版	(しゅくさつばん)
縮図	(しゅくず)
縮小	(しゅくしょう)
縮約	(しゅくやく)
所	(ところ,とこ)
所が	(ところが)
所せん	(しょせん)
所で	(ところで)
所ではない	(どころではない)
所産	(しょさん)
所長	(しょちょう)
所持	(しょじ)
所持品	(しょじひん)
所持者	(しょじしゃ)
所帯主	(しょたいぬし)
所得	(しょとく)
所得税	(しょとくぜい)
所定	(しょてい)
所感	(しょかん)
所管	(しょかん)
所見	(しょけん)
所詮	(しょせん)
所属	(しょぞく)
所説	(しょせつ)
所々	(ところどころ,しょしょ)
所所	(ところどころ,しょしょ)
所望	(しょもう)
所為	(しょい,そい)
所謂	(いわゆる)
所轄	(しょかつ)
所信	(しょしん)
所以	(ゆえん)
所用	(しょよう)
所有	(しょゆう)
所有地	(しょゆうち)
所有権	(しょゆうけん)
所有物	(しょゆうぶつ)
所有者	(しょゆうしゃ)
所与	(しょよ)
所縁	(ゆかり,しょえん)
所在	(しょざい)
所在地	(しょざいち)
所作	(しょさ,そさ)
索	(さく)
索道	(さくどう)
索敵	(さくてき)
索具	(さくぐ)
索麺	(そうめん,ソーメン)
索莫	(さくばく)
索漠	(さくばく)
索寞	(さくばく)
索然	(さくぜん)
索条	(さくじょう)
索条鉄道	(さくじょうてつどう)
索引	(さくいん)
索隠	(さくいん)
瑣末	(さまつ)
瑣少	(さしょう)
瑣事	(さじ)
瑣細	(ささい)
鎖	(くさり)
鎖す	(とざす)
鎖骨	(さこつ)
鎖国	(さこく)
鎖樋	(くさりとい,くさりどい)
鏁	(くさり)
他	(ほか)
他に	(ほかに)
他のもの	(ほかのもの)
他の物	(ほかのもの)
他愛	(たあい)
他愛ない	(たわいない,たあいない)
他愛もない	(たわいもない,たあいもない)
他愛も無い	(たわいもない,たあいもない)
他愛無い	(たわいない,たあいない)
他称	(たしょう)
他出	(たしゅつ)
他村	(たそん)
他店	(たてん)
他動詞	(たどうし)
他方	(たほう)
他国	(たこく)
他国民	(たこくみん)
他国人	(たこくじん)
他国者	(たこくもの)
他家	(たけ)
他見	(たけん)
他薦	(たせん)
他界	(たかい)
他覚的	(たかくてき)
他覚症	(たかくしょう)
他覚症状	(たかくしょうじょう)
他力	(たりき)
他力本願	(たりきほんがん)
他領	(たりょう)
他流	(たりゅう)
他流試合	(たりゅうじあい)
他律	(たりつ)
他面	(ためん)
他年	(たねん)
他念	(たねん)
他念なく	(たねんなく)
他念無く	(たねんなく)
他派	(たは)
他人	(たにん,ひと,あだびと)
他人ごと	(ひとごと,たにんごと)
他人のそら似	(たにんのそらに)
他人の空似	(たにんのそらに)
他人扱い	(たにんあつかい)
他人事	(ひとごと,たにんごと)
他人行儀	(たにんぎょうぎ)
他日	(たじつ)
他殺	(たさつ)
他山	(たざん)
他山の石	(たざんのいし)
他社	(たしゃ)
他生	(たしょう)
他生の縁	(たしょうのえん)
他世界	(たせかい)
他事	(たじ)
他所	(よそ)
他所行き	(よそゆき,よそいき)
他所者	(よそもの,よそもん)
他聞	(たぶん)
他物	(たぶつ)
他県	(たけん)
他郷	(たきょう)
他心	(たしん)
他行	(たこう,たぎょう)
他姓	(たせい)
他言	(たごん,たげん)
他意	(たい)
他者	(たしゃ)
他宗	(たしゅう)
塔	(とう)
塔婆	(とうば)
獺	(かわうそ,うそ,おそ)
獺虎	(らっこ,ラッコ)
拓本	(たくほん)
拓植	(たくしょく)
拓殖	(たくしょく)
踏まえる	(ふまえる)
踏みいれる	(ふみいれる)
踏みしめる	(ふみしめる)
踏みだす	(ふみだす)
踏みつける	(ふみつける)
踏みとどまる	(ふみとどまる)
踏みにじる	(ふみにじる)
踏みぬく	(ふみぬく)
踏み抜く	(ふみぬく)
踏み車	(ふみぐるま)
踏み出す	(ふみだす)
踏み倒す	(ふみたおす)
踏み締める	(ふみしめる)
踏み分ける	(ふみわける)
踏み付ける	(ふみつける)
踏み固める	(ふみかためる)
踏み貫く	(ふみぬく)
踏み荒す	(ふみあらす)
踏み荒らす	(ふみあらす)
踏み躙る	(ふみにじる)
踏み留まる	(ふみとどまる)
踏み鳴らす	(ふみならす)
踏み破る	(ふみやぶる)
踏み切	(ふみきり)
踏み切り	(ふみきり)
踏み切る	(ふみきる)
踏み入れる	(ふみいれる)
踏み外す	(ふみはずす)
踏み消す	(ふみけす)
踏み込む	(ふみこむ)
踏み止まる	(ふみとどまる)
踏む	(ふむ)
踏んばる	(ふんばる)
踏ん反り返る	(ふんぞりかえる)
踏ん張る	(ふんばる)
踏抜く	(ふみぬく)
踏査	(とうさ)
踏車	(ふみぐるま)
踏出す	(ふみだす)
踏倒す	(ふみたおす)
踏締める	(ふみしめる)
踏付ける	(ふみつける)
踏荒らす	(ふみあらす)
踏切	(ふみきり)
踏切り	(ふみきり)
踏切る	(ふみきる)
胎動	(たいどう)
胎児	(たいじ)
胎教	(たいきょう)
胎内	(たいない)
胎盤	(たいばん)
胎生	(たいせい)
胎仔	(たいじ)
台	(だい)
台なし	(だいなし)
台なしにする	(だいなしにする)
台ばかり	(だいばかり)
台本	(だいほん)
台場	(だいば)
台車	(だいしゃ)
台秤	(だいばかり)
台詞	(せりふ,だいし,セリフ)
台詞まわし	(せりふまわし,セリフまわし)
台詞回し	(せりふまわし,セリフまわし)
台地	(だいち)
台風	(たいふう)
台風眼	(たいふうがん)
台閣	(たいかく,だいかく)
台尻	(だいじり)
台覧	(たいらん)
台臨	(たいりん)
台輪	(だいわ)
台名	(たいめい)
台木	(だいぎ)
台石	(だいいし)
台数	(だいすう)
台所	(だいどころ,だいどこ)
台所道具	(だいどころどうぐ)
台所用品	(だいどころようひん)
台頭	(たいとう)
台湾	(たいわん)
台湾海峡	(たいわんかいきょう)
台湾人	(たいわんじん)
台灣	(たいわん)
台無し	(だいなし)
台無しにする	(だいなしにする)
台下	(だいか)
台形	(だいけい)
台顔	(たいがん,だいがん)
台帳	(だいちょう)
台紙	(だいし)
台座	(だいざ)
苔	(こけ,コケ)
苔類	(こけるい)
苔癬	(たいせん)
苔状	(たいじょう)
跆拳道	(テコンドー,テコンド,テコンドウ)
臺處	(だいどころ,だいどこ)
臺灣	(たいわん)
颱風	(たいふう)
鮐	(ふぐ,ふく,ふくべ)
擡げる	(もたげる)
擡頭	(たいとう)
太い	(ふとい)
太った	(ふとった)
太っちょ	(ふとっちょ)
太っぱら	(ふとっぱら)
太っ腹	(ふとっぱら)
太マラ	(ふとマラ)
太もも	(ふともも,フトモモ)
太る	(ふとる)
太刀	(たち)
太刀打ち	(たちうち)
太古	(たいこ)
太股	(ふともも,フトモモ)
太鼓	(たいこ)
太鼓持	(たいこもち)
太鼓持ち	(たいこもち)
太鼓判	(たいこばん)
太極拳	(たいきょくけん)
太平	(たいへい)
太平洋	(たいへいよう)
太書き	(ふとがき)
太々しい	(ふてぶてしい)
太太しい	(ふてぶてしい)
太腿	(ふともも,フトモモ)
太西洋	(たいせいよう)
太陽	(たいよう)
太陽光発電	(たいようこうはつでん)
太陽光線	(たいようこうせん)
太陽暦	(たいようれき)
太字	(ふとじ)
太祖	(たいそ)
汰る	(ゆる)
泰国	(タイこく)
泰平	(たいへい)
泰然	(たいぜん)
泰然自若	(たいぜんじじゃく)
泰西	(たいせい)
泰西名画	(たいせいめいが)
態	(てい)
態と	(わざと)
態度	(たいど)
態勢	(たいせい)
態々	(わざわざ)
態態	(わざわざ)
態様	(たいよう)
貪	(たん,とん,どん)
貪り食う	(むさぼりくう)
貪り食らう	(むさぼりくらう)
貪る	(むさぼる)
貪婪	(どんらん,たんらん)
貪食	(どんしょく)
貪汚	(たんお)
貪欲	(どんよく,とんよく,たんよく)
貪慾	(どんよく,とんよく,たんよく)
弾	(たま)
弾きだす	(はじきだす)
弾き出す	(はじきだす)
弾き玉	(はじきだま)
弾く	(はじく)
弾ける	(はじける)
弾み	(はずみ)
弾み車	(はずみぐるま)
弾む	(はずむ)
弾車	(はずみぐるま)
弾道	(だんどう)
弾道弾	(だんどうだん)
弾道弾迎撃ミサイル	(だんどうだんげいげきミサイル)
弾劾	(だんがい)
弾痕	(だんこん)
弾機	(ばね,ぜんまい,バネ)
弾圧	(だんあつ)
弾力	(だんりょく)
弾幕	(だんまく)
弾傷	(たまきず)
弾頭	(だんとう)
弾丸	(だんがん)
弾性	(だんせい)
弾薬	(だんやく)
弾雨	(だんう)
痰	(たん)
談じ込む	(だんじこむ)
談合	(だんごう,だんこう)
談話	(だんわ)
談笑	(だんしょう)
談義	(だんぎ)
談議	(だんぎ)
潭	(ふち)
壇	(だん)
曇	(くもり)
曇り	(くもり)
曇りがち	(くもりがち)
曇りガラス	(くもりガラス)
曇り勝ち	(くもりがち)
曇り硝子	(くもりガラス)
曇る	(くもる)
曇勝ち	(くもりがち)
曇天	(どんてん)
檀君	(だんくん)
檀那	(だんな,ダンナ)
壜	(びん,ビン)
壜詰め	(びんづめ)
罎	(びん,ビン)
炭	(すみ)
炭俵	(すみだわら)
炭層	(たんそう)
炭化	(たんか)
炭化水素	(たんかすいそ)
炭化物	(たんかぶつ)
炭坑	(たんこう)
炭鉱	(たんこう)
炭鉱労働者	(たんこうろうどうしゃ)
炭礦	(たんこう)
炭水化物	(たんすいかぶつ)
炭素	(たんそ)
炭素鋼	(たんそこう)
炭素繊維	(たんそせんい)
炭酸	(たんさん,タンサン)
炭酸水	(たんさんすい)
炭酸塩	(たんさんえん)
探しあてる	(さがしあてる)
探しだす	(さがしだす)
探しまわる	(さがしまわる)
探しもとめる	(さがしもとめる)
探し出す	(さがしだす)
探し当てる	(さがしあてる)
探し回る	(さがしまわる)
探し廻る	(さがしまわる)
探し求める	(さがしもとめる)
探す	(さがす)
探りだす	(さぐりだす)
探り出す	(さぐりだす)
探り当てる	(さぐりあてる)
探り回る	(さぐりまわる)
探る	(さぐる)
探査	(たんさ)
探査機	(たんさき)
探訪	(たんぼう)
探検	(たんけん)
探検隊	(たんけんたい)
探究	(たんきゅう)
探鉱	(たんこう)
探求	(たんきゅう)
探求者	(たんきゅうしゃ)
探索	(たんさく)
探索木	(たんさくぎ)
探険	(たんけん)
探険隊	(たんけんたい)
探偵	(たんてい)
探偵小説	(たんていしょうせつ)
探知	(たんち)
探知機	(たんちき)
探知器	(たんちき)
嘆かわしい	(なげかわしい)
嘆き	(なげき)
嘆き悲しむ	(なげきかなしむ)
嘆く	(なげく)
嘆じる	(たんじる)
嘆ずる	(たんずる)
嘆声	(たんせい)
嘆息	(たんそく)
嘆願	(たんがん)
歎き	(なげき)
歎く	(なげく)
歎じる	(たんじる)
歎ずる	(たんずる)
歎声	(たんせい)
歎息	(たんそく)
歎願	(たんがん)
湯	(ゆ)
湯あがり	(ゆあがり)
湯ぶね	(ゆぶね)
湯本	(ゆもと)
湯槽	(ゆぶね)
湯船	(ゆぶね)
湯殿	(ゆどの)
湯豆腐	(ゆどうふ)
湯沸	(ゆわかし)
湯沸かし	(ゆわかし)
湯沸かし器	(ゆわかしき)
湯沸し	(ゆわかし)
湯沸し機	(ゆわかしき)
湯沸し器	(ゆわかしき)
湯沸器	(ゆわかしき)
湯気	(ゆげ)
湯上がり	(ゆあがり)
湯上り	(ゆあがり)
湯桶読	(ゆとうよみ)
湯桶読み	(ゆとうよみ)
湯元	(ゆもと)
湯治	(とうじ)
湯治場	(とうじば)
湯舟	(ゆぶね)
唐	(とう)
唐草	(からくさ)
唐草模様	(からくさもよう)
唐芥子	(とうがらし,とんがらし,トウガラシ)
唐茄子	(とうなす)
唐詩	(とうし)
唐手	(からて)
唐黍	(もろこし,モロコシ)
唐突	(とうとつ)
唐辛子	(とうがらし,とんがらし,トウガラシ)
唐揚	(からあげ)
唐揚げ	(からあげ)
唐様	(からよう)
唐音	(とうおん,とういん)
唐竹割	(からたけわり)
唐竹割り	(からたけわり)
堂	(どう)
堂にいる	(どうにいる)
堂に入る	(どうにいる)
堂々	(どうどう)
堂堂	(どうどう)
堂々回り	(どうどうめぐり)
堂堂回り	(どうどうめぐり)
堂々巡り	(どうどうめぐり)
堂堂巡り	(どうどうめぐり)
糖	(とう)
糖度	(とうど)
糖分	(とうぶん)
糖尿病	(とうにょうびょう)
糖質	(とうしつ)
螳螂	(かまきり,とうろう,いもじり)
螳螂拳	(とうろうけん)
帑	(かねぐら,きんぞう)
倘佯	(しょうよう)
掏り替える	(すりかえる)
掏る	(する,スる)
掏児	(すり,スリ)
掏摸	(すり,スリ)
絛虫	(さなだむし,サナダムシ)
濤	(なみ)
韜晦	(とうかい)
韜略	(とうりゃく)
迯げる	(にげる)
逃がす	(にがす)
逃げうせる	(にげうせる)
逃げおおせる	(にげおおせる)
逃げだす	(にげだす)
逃げのびる	(にげのびる)
逃げまどう	(にげまどう)
逃げまわる	(にげまわる)
逃げる	(にげる)
逃げ出す	(にげだす)
逃げ果せる	(にげおおせる)
逃げ回る	(にげまわる)
逃げ惑う	(にげまどう)
逃げ落ちる	(にげおちる)
逃げ伸びる	(にげのびる)
逃げ失せる	(にげうせる)
逃げ遂せる	(にげおおせる)
逃げ延びる	(にげのびる)
逃げ込む	(にげこむ)
逃げ走る	(にげはしる)
逃す	(のがす)
逃れる	(のがれる)
逃避	(とうひ)
逃出す	(にげだす)
逃回る	(にげまわる)
逃惑う	(にげまどう)
逃亡	(とうぼう)
逃亡者	(とうぼうしゃ)
逃延びる	(にげのびる)
逃走	(とうそう)
桃	(もも,モモ)
桃の節句	(もものせっく)
桃色	(ももいろ)
桃山時代	(ももやまじだい)
桃源境	(とうげんきょう)
桃源郷	(とうげんきょう)
陶磁	(とうじ)
陶磁器	(とうじき)
陶磁器店	(とうじきてん)
陶工	(とうこう)
陶器	(とうき)
陶芸	(とうげい)
陶芸家	(とうげいか)
陶酔	(とうすい)
淘る	(ゆる)
淘汰	(とうた)
綯い交ぜにする	(ないまぜにする)
討ち果す	(うちはたす)
討ち果たす	(うちはたす)
討ち破る	(うちやぶる)
討ち取る	(うちとる)
討ち入る	(うちいる)
討ち死に	(うちじに)
討つ	(うつ)
討伐	(とうばつ)
討論	(とうろん)
討入る	(うちいる)
討死	(うちじに)
討死に	(うちじに)
討議	(とうぎ)
特ダネ	(とくダネ,とくだね)
特に	(とくに)
特になし	(とくになし)
特に無し	(とくになし)
特報	(とくほう)
特筆	(とくひつ)
特筆すべき	(とくひつすべき)
特別	(とくべつ)
特別エディション	(とくべつエディション)
特別幕僚	(とくべつばくりょう)
特別委	(とくべつい)
特別行政区	(とくべつぎょうせいく)
特別総会	(とくべつそうかい)
特産	(とくさん)
特産物	(とくさんぶつ)
特長	(とくちょう)
特撮	(とくさつ)
特大	(とくだい)
特待	(とくたい)
特待生	(とくたいせい)
特典	(とくてん)
特定	(とくてい)
特段	(とくだん)
特功	(とっこう)
特攻隊	(とっこうたい)
特許	(とっきょ)
特許法	(とっきょほう)
特許技術	(とっきょぎじゅつ)
特許明細書	(とっきょめいさいしょ)
特許侵害	(とっきょしんがい)
特許権	(とっきょけん)
特恵関税	(とっけいかんぜい)
特急	(とっきゅう)
特急券	(とっきゅうけん)
特級	(とっきゅう)
特集	(とくしゅう)
特輯	(とくしゅう)
特技	(とくぎ)
特記	(とっき)
特例	(とくれい)
特売	(とくばい)
特命	(とくめい)
特派	(とくは)
特派員	(とくはいん)
特権	(とっけん)
特色	(とくしょく)
特賞	(とくしょう)
特赦	(とくしゃ)
特使	(とくし)
特殊	(とくしゅ)
特殊部隊	(とくしゅぶたい)
特殊撮影	(とくしゅさつえい)
特殊法人	(とくしゅほうじん)
特殊鋼	(とくしゅこう)
特殊機能	(とくしゅきのう)
特殊性	(とくしゅせい)
特効薬	(とっこうやく)
特性	(とくせい)
特需	(とくじゅ)
特訓	(とっくん)
特異	(とくい)
特異点	(とくいてん)
特異性	(とくいせい)
特異値分解	(とくいちぶんかい)
特有	(とくゆう)
特約	(とくやく)
特徴	(とくちょう)
特徴抽出	(とくちょうちゅうしゅつ)
特徴量	(とくちょうりょう)
特志家	(とくしか)
特製	(とくせい)
特質	(とくしつ)
特種	(とくダネ,とくだね)
疼く	(うずく)
疼痛	(とうつう)
謄本	(とうほん)
謄写	(とうしゃ)
謄写版	(とうしゃばん)
謄写機	(とうしゃき)
謄写器	(とうしゃき)
藤	(ふじ,フジ)
藤色	(ふじいろ)
騰がる	(あがる,アガる)
騰げる	(あげる,アゲる)
騰貴	(とうき)
鰧	(オコゼ,おこぜ)
剔	(てき)
剔る	(えぐる,くる)
剔出	(てきしゅつ)
剔除	(てきじょ)
剔抉	(てっけつ)
梯	(はしご,ハシゴ)
梯形	(ていけい)
梯子	(はしご,ハシゴ)
提げる	(さげる)
提案	(ていあん)
提案者	(ていあんしゃ)
提唱	(ていしょう)
提唱者	(ていしょうしゃ)
提出	(ていしゅつ)
提灯	(ちょうちん)
提燈	(ちょうちん)
提督	(ていとく)
提供	(ていきょう)
提供側	(ていきょうがわ)
提起	(ていき)
提挈	(ていけい)
提示	(ていじ)
提訴	(ていそ)
提携	(ていけい)
提言	(ていげん)
提議	(ていぎ)
啼き声	(なきごえ)
啼く	(なく)
醍醐味	(だいごみ)
蹄	(ひづめ,ひずめ,ヒヅメ)
蹄鉄	(ていてつ)
題	(だい)
題材	(だいざい)
題名	(だいめい)
題目	(だいもく)
鵜	(う,ウ)
鵜のみ	(うのみ)
鵜飼	(うかい,うがい)
鵜飼い	(うかい,うがい)
鵜吞み	(うのみ)
鵜呑み	(うのみ)
鵜飲み	(うのみ)
体	(からだ)
体あたり	(たいあたり)
体じゅう	(からだじゅう)
体たらく	(ていたらく,テイタラク)
体つき	(からだつき)
体よく	(ていよく)
体を粉にする	(からだをこにする)
体を惜しむ	(からだをおしむ)
体裁	(ていさい,たいさい)
体裁ぶる	(ていさいぶる)
体裁よく	(ていさいよく)
体裁良く	(ていさいよく)
体裁上	(ていさいじょう)
体裁振る	(ていさいぶる)
体操	(たいそう)
体操場	(たいそうじょう)
体長	(たいちょう)
体臭	(たいしゅう)
体当たり	(たいあたり)
体当り	(たいあたり)
体得	(たいとく)
体調	(たいちょう)
体罰	(たいばつ)
体付き	(からだつき)
体感	(たいかん)
体格	(たいかく)
体格検査	(たいかくけんさ)
体積	(たいせき)
体積抵抗	(たいせきていこう)
体技	(たいぎ)
体力	(たいりょく)
体良く	(ていよく)
体量	(たいりょう)
体量器	(たいりょうき)
体貌	(たいぼう)
体面	(たいめん)
体内	(たいない)
体腔	(たいこう,たいくう)
体腔壁	(たいこうへき)
体躯	(たいく)
体軀	(たいく)
体熱	(たいねつ)
体認	(たいにん)
体外	(たいがい)
体外離脱	(たいがいりだつ)
体外受精	(たいがいじゅせい)
体外授精	(たいがいじゅせい)
体位	(たいい)
体温	(たいおん)
体温計	(たいおんけい)
体温器	(たいおんき)
体系	(たいけい)
体系的	(たいけいてき)
体系化	(たいけいか)
体現	(たいげん)
体刑	(たいけい)
体形	(たいけい)
体型	(たいけい)
体言	(たいげん)
体験	(たいけん)
体験談	(たいけんだん)
体様	(たいよう)
体要	(たいよう)
体液	(たいえき)
体育	(たいいく,たいく)
体育の日	(たいいくのひ)
体育館	(たいいくかん,たいくかん)
体育家	(たいいくか)
体制	(たいせい)
体質	(たいしつ)
体中	(からだじゅう)
体重	(たいじゅう)
躰	(からだ)
戻す	(もどす)
戻り	(もどり)
戻り道	(もどりみち)
戻る	(もどる)
剃りたて	(そりたて)
剃り立て	(そりたて)
剃り落とす	(そりおとす,すりおとす)
剃る	(そる,する)
剃刀	(かみそり,かみすり,そり)
剃刀砥	(かみそりど)
剃刀負け	(かみそりまけ)
剃刀気触れ	(かみそりかぶれ)
剃刀研ぎ	(かみそりとぎ)
剃髪	(ていはつ)
剃上げ額	(すりあげびたい)
洟水	(はなみず)
涕	(なみだ,なみた,なだ)
替え	(かえ)
替える	(かえる)
替え歌	(かえうた)
替え玉	(かえだま)
替り	(かわり)
替る	(かわる)
替わり	(かわり)
替わり目	(かわりめ)
替わる	(かわる)
替歌	(かえうた)
替玉	(かえだま)
嚏	(くしゃみ,くさめ,くっさめ)
嚔	(くしゃみ,くさめ,くっさめ)
天	(てん)
天が下	(あまがした,あめがした)
天つ	(あまつ)
天つ日嗣	(あまつひつぎ)
天つ少女	(あまつおとめ)
天つ神	(あまつかみ)
天の川	(あまのがわ,あまのかわ)
天の河	(あまのがわ,あまのかわ)
天の磐戸	(あまのいわと)
天の使い	(てんのつかい)
天の下	(あめのした)
天の邪鬼	(あまのじゃく,あまんじゃく)
天の岩戸	(あまのいわと)
天の原	(あまのはら)
天びん	(てんびん)
天プラ	(てんぷら,テンプラ)
天ぷら	(てんぷら,テンプラ)
天を摩する	(てんをまする)
天ん邪鬼	(あまのじゃく,あまんじゃく)
天杯	(てんぱい)
天盃	(てんぱい)
天変	(てんぺん)
天変地異	(てんぺんちい)
天兵	(てんぺい)
天稟	(てんぴん)
天才	(てんさい)
天才児	(てんさいじ)
天蚕糸	(てぐす)
天草	(てんぐさ,テングサ)
天測	(てんそく)
天産	(てんさん)
天産物	(てんさんぶつ)
天長地久	(てんちょうちきゅう)
天長節	(てんちょうせつ)
天朝	(てんちょう)
天成	(てんせい)
天成の美	(てんせいのび)
天秤	(てんびん)
天秤にかける	(てんびんにかける)
天秤に掛ける	(てんびんにかける)
天秤棒	(てんびんぼう)
天秤座	(てんびんざ)
天窓	(てんまど,てんそう)
天賜	(てんし)
天道	(てんとう,てんどう)
天道虫	(てんとうむし,テントウムシ)
天道干し	(てんとうぼし)
天道乾	(てんとうぼし)
天道様	(てんとうさま)
天地	(てんち,あめつち)
天地創造	(てんちそうぞう)
天地開闢	(てんちかいびゃく)
天地人	(てんちじん)
天地神明	(てんちしんめい)
天地万物	(てんちばんぶつ)
天地無用	(てんちむよう)
天敵	(てんてき)
天底	(てんてい)
天帝	(てんてい)
天頂	(てんちょう)
天頂点	(てんちょうてん)
天頂儀	(てんちょうぎ)
天動説	(てんどうせつ)
天豆	(そらまめ,ソラマメ)
天鵝絨	(ビロード)
天鵞絨	(ビロード)
天恩	(てんおん)
天爾乎波	(てにをは,テニヲハ)
天爾遠波	(てにをは,テニヲハ)
天罰	(てんばつ)
天罰てきめん	(てんばつてきめん)
天罰覿面	(てんばつてきめん)
天辺	(てっぺん,てへん,てっぺい)
天分	(てんぶん)
天麩羅	(てんぷら,テンプラ)
天福	(てんぷく)
天府	(てんぷ)
天父	(てんぷ)
天婦羅	(てんぷら,テンプラ)
天賦	(てんぷ)
天賦人権	(てんぷじんけん)
天蓋	(てんがい)
天工	(てんこう)
天功	(てんこう)
天宮図	(てんきゅうず)
天狗	(てんぐ)
天狗咄	(てんぐばなし)
天狗風	(てんぐかぜ)
天狗話	(てんぐばなし)
天瓜粉	(てんかふん)
天国	(てんごく,てんこく)
天漢	(てんかん)
天河	(てんが)
天后	(てんこう)
天候	(てんこう)
天花	(てんか)
天花粉	(てんかふん)
天華	(てんか)
天皇	(てんのう)
天皇杯	(てんのうはい)
天皇陛下	(てんのうへいか)
天皇崇拝	(てんのうすうはい)
天皇誕生日	(てんのうたんじょうび)
天皇家	(てんのうけ)
天皇旗	(てんのうき)
天皇制	(てんのうせい)
天恵	(てんけい)
天火	(てんか)
天機	(てんき)
天極	(てんきょく)
天際	(てんさい)
天降り	(あまくだり)
天降る	(あまくだる)
天金	(てんきん)
天津	(あまつ)
天津日嗣	(あまつひつぎ)
天津神	(あまつかみ)
天津乙女	(あまつおとめ)
天津御姉	(あまつみこ)
天津御祖	(あまつみおや)
天井	(てんじょう)
天井抜け	(てんじょうぬけ)
天井板	(てんじょういた)
天井川	(てんじょうがわ)
天井灯	(てんじょうとう)
天井裏	(てんじょううら)
天井桟敷	(てんじょうさじき)
天井棧敷	(てんじょうさじき)
天井知らず	(てんじょうしらず)
天丼	(てんどん)
天警	(てんけい)
天爵	(てんしゃく)
天軍	(てんぐん)
天空	(てんくう)
天空海闊	(てんくうかいかつ)
天空海濶	(てんくうかいかつ)
天来	(てんらい)
天籟	(てんらい)
天覧	(てんらん)
天狼星	(てんろうせい)
天雷	(てんらい)
天理	(てんり)
天領	(てんりょう)
天路歴程	(てんろれきてい)
天馬	(てんば,てんま)
天馬空を行く	(てんばくうをゆく)
天糸瓜	(へちま,ヘチマ)
天明	(てんめい)
天命	(てんめい)
天魔	(てんま)
天幕	(てんまく)
天幕造り	(てんまくづくり)
天幕製造人	(てんまくせいぞうにん)
天牛	(カミキリムシ,かみきりむし)
天女	(てんにょ)
天啓	(てんけい)
天気	(てんき)
天気都合	(てんきつごう)
天気具合	(てんきぐあい)
天気模様	(てんきもよう)
天気図	(てんきず)
天気屋	(てんきや)
天気相談所	(てんきそうだんじょ,てんきそうだんしょ)
天気予報	(てんきよほう)
天気運	(てんきうん)
天泣	(てんきゅう)
天譴	(てんけん)
天晴	(あっぱれ)
天晴れ	(あっぱれ)
天球	(てんきゅう)
天球図	(てんきゅうず)
天球儀	(てんきゅうぎ)
天然	(てんねん)
天然ガラス	(てんねんガラス)
天然に	(てんねんに)
天然痘	(てんねんとう)
天然港	(てんねんこう)
天然果汁	(てんねんかじゅう)
天然記念物	(てんねんきねんぶつ)
天然色	(てんねんしょく)
天然色写真	(てんねんしょくしゃしん)
天然硝子	(てんねんガラス)
天然資源	(てんねんしげん)
天然資源保護論者	(てんねんしげんほごろんしゃ)
天壌	(てんじょう)
天人	(てんじん)
天日	(てんぴ)
天日法	(てんぴほう)
天日瓦	(てんじつがわら)
天日塩	(てんじつえん,てんぴじお)
天色	(てんしょく)
天上	(てんじょう)
天上界	(てんじょうかい)
天神	(てんじん)
天神ひげ	(てんじんひげ)
天神地祇	(てんしんちぎ,てんじんちぎ)
天神地祗	(てんしんちぎ,てんじんちぎ)
天神髭	(てんじんひげ)
天生	(てんせい)
天声	(てんせい)
天使	(てんし)
天手古舞	(てんてこまい)
天手古舞い	(てんてこまい)
天守	(てんしゅ)
天守閣	(てんしゅかく)
天寿	(てんじゅ)
天授	(てんじゅ)
天水	(てんすい)
天水桶	(てんすいおけ)
天孫	(てんそん)
天台	(てんだい)
天堂	(てんどう)
天体	(てんたい)
天体崇拝	(てんたいすうはい)
天体分光術	(てんたいぶんこうじゅつ)
天体力学	(てんたいりきがく)
天体図	(てんたいず)
天体物理学	(てんたいぶつりがく)
天体写真術	(てんたいしゃしんじゅつ)
天体学	(てんたいがく)
天聴	(てんちょう)
天童	(てんどう)
天外	(てんがい)
天王山	(てんのうざん,てんおうざん)
天王星	(てんのうせい,てんおうせい)
天網	(てんもう)
天威	(てんい)
天為	(てんい)
天位	(てんい)
天文	(てんもん)
天文家	(てんもんか)
天文台	(てんもんだい)
天文学	(てんもんがく)
天文学者	(てんもんがくしゃ)
天聞	(てんぶん)
天下	(てんか,てんが,てんげ)
天下り	(あまくだり)
天下る	(あまくだる)
天下分け目	(てんかわけめ)
天下晴れて	(てんかはれて)
天下無比	(てんかむひ)
天下無双	(てんかむそう,てんかぶそう)
天下一	(てんかいち)
天下一品	(てんかいっぴん)
天険	(てんけん)
天嶮	(てんけん)
天象	(てんしょう)
天象儀	(てんしょうぎ)
天邪鬼	(あまのじゃく,あまんじゃく)
天心	(てんしん)
天心爛漫	(てんしんらんまん)
天刑	(てんけい)
天刑病	(てんけいびょう)
天性	(てんせい)
天涯	(てんがい)
天涯孤独	(てんがいこどく)
天顔	(てんがん)
天眼	(てんげん,てんがん)
天眼鏡	(てんがんきょう)
天眼通	(てんげんつう,てんがんつう)
天業	(てんぎょう)
天衣	(てんい)
天衣無縫	(てんいむほう)
天意	(てんい)
天引	(てんびき)
天引き	(てんびき)
天佑	(てんゆう)
天佑神助	(てんゆうしんじょ)
天祐	(てんゆう)
天祐神助	(てんゆうしんじょ)
天魚	(あまご,アマゴ)
天与	(てんよ)
天雲	(あまくも,あまぐも)
天運	(てんうん)
天災	(てんさい)
天則	(てんそく)
天照大神	(あまてらすおおみかみ,てんしょうこうだいじん)
天照大御神	(あまてらすおおみかみ,てんしょうこうだいじん)
天照皇大神	(あまてらすおおみかみ,てんしょうこうだいじん)
天真	(てんしん)
天真らんまん	(てんしんらんまん)
天真爛漫	(てんしんらんまん)
天之邪鬼	(あまのじゃく,あまんじゃく)
天職	(てんしょく)
天質	(てんしつ)
天軸	(てんじく)
天誅	(てんちゅう)
天竺	(てんじく)
天竺浪人	(てんじくろうにん)
天竺牡丹	(てんじくぼたん)
天竺鼠	(てんじくねずみ,テンジクネズミ)
天主	(てんしゅ)
天主教	(てんしゅきょう)
天助	(てんじょ)
天柱	(てんちゅう)
天資	(てんし)
天資英邁	(てんしえいまい)
天子	(てんし)
天祖	(てんそ)
添う	(そう)
添える	(そえる)
添え字	(そえじ)
添乗員	(てんじょういん)
添付	(てんぷ)
添附	(てんぷ)
添加	(てんか)
添加剤	(てんかざい)
添加物	(てんかぶつ)
添景	(てんけい)
添削	(てんさく)
添字	(そえじ)
田	(た)
田ぼ	(たんぼ,でんぽ,でんぼ)
田んぼ	(たんぼ,でんぽ,でんぼ)
田地	(でんち,でんじ)
田畝	(たんぼ,でんぽ,でんぼ)
田圃	(たんぼ,でんぽ,でんぼ)
田舍	(いなか)
田舎	(いなか)
田舎もの	(いなかもの,いなかもん)
田舎もん	(いなかもの,いなかもん)
田舎道	(いなかみち)
田舎風	(いなかふう)
田舎娘	(いなかむすめ)
田舎育ち	(いなかそだち)
田舎者	(いなかもの,いなかもん)
田畑	(たはた,でんぱた,でんばた)
田畠	(たはた,でんぱた,でんばた)
田園	(でんえん,でんおん)
田苑	(でんえん,でんおん)
田植	(たうえ)
田植え	(たうえ)
畑	(はたけ,はた)
畑ちがい	(はたけちがい)
畑打ち	(はたうち)
畑地	(はたち)
畑違い	(はたけちがい)
畠	(はたけ,はた)
填まる	(はまる,ハマる)
填める	(はめる,ハメる)
填め込む	(はめこむ)
塡まる	(はまる,ハマる)
塡める	(はめる,ハメる)
忝い	(かたじけない)
忝くも	(かたじけなくも)
忝涙	(かたじけなみだ)
挑む	(いどむ)
挑撥	(ちょうはつ)
挑灯	(ちょうちん)
挑発	(ちょうはつ)
挑発的	(ちょうはつてき)
挑戦	(ちょうせん)
挑戦者	(ちょうせんしゃ)
条	(すじ,スジ)
条件	(じょうけん)
条件つき	(じょうけんつき)
条件付	(じょうけんつき)
条件付き	(じょうけんつき)
条件付き表現式	(じょうけんつきひょうげんしき)
条件文	(じょうけんぶん)
条理	(じょうり)
条例	(じょうれい)
条令	(じょうれい)
条片	(じょうへん)
条文	(じょうぶん)
条項	(じょうこう)
条約	(じょうやく)
蓚酸	(しゅうさん)
鰷	(はや,はえ,はい)
誂える	(あつらえる)
眺める	(ながめる)
眺望	(ちょうぼう)
跳ね	(はね,ハネ)
跳ねあがる	(はねあがる)
跳ねかける	(はねかける)
跳ねまわる	(はねまわる)
跳ねる	(はねる,ハネる)
跳ね除ける	(はねのける)
跳ね返す	(はねかえす)
跳ね返る	(はねかえる)
跳ね飛ばす	(はねとばす)
跳ね掛ける	(はねかける)
跳ね回る	(はねまわる)
跳ね廻る	(はねまわる)
跳ね起きる	(はねおきる)
跳ね上がる	(はねあがる)
跳ね上る	(はねあがる)
跳びあがる	(とびあがる)
跳びかかる	(とびかかる)
跳びつく	(とびつく)
跳びのく	(とびのく)
跳びはねる	(とびはねる)
跳びまわる	(とびまわる)
跳び乗る	(とびのる)
跳び出す	(とびだす)
跳び出る	(とびでる)
跳び付く	(とびつく)
跳び回る	(とびまわる)
跳び降りる	(とびおりる)
跳び上がる	(とびあがる)
跳び跳ねる	(とびはねる)
跳び退く	(とびのく)
跳び下りる	(とびおりる)
跳び移る	(とびうつる)
跳び越える	(とびこえる)
跳び越す	(とびこす)
跳ぶ	(とぶ)
跳る	(おどる)
跳梁跋扈	(ちょうりょうばっこ)
跳越す	(とびこす)
跳躍	(ちょうやく)
糶る	(せる)
貼りつける	(はりつける)
貼り出す	(はりだす)
貼り付け	(はりつけ)
貼り付ける	(はりつける)
貼り紙	(はりがみ)
貼る	(はる)
貼付	(ちょうふ,てんぷ)
貼付け	(はりつけ)
貼付ける	(はりつける)
貼紙	(はりがみ)
鉄	(てつ)
鉄かぶと	(てつかぶと)
鉄板	(てっぱん,テッパン)
鉄板焼	(てっぱんやき)
鉄板焼き	(てっぱんやき)
鉄鈑	(てっぱん,テッパン)
鉄棒	(てつぼう)
鉄材	(てつざい)
鉄道	(てつどう)
鉄兜	(てつかぶと)
鉄分	(てつぶん)
鉄鋼	(てっこう)
鉄工所	(てっこうじょ)
鉄骨	(てっこつ)
鉄骨工事	(てっこつこうじ)
鉄管	(てっかん)
鉄漿	(おはぐろ)
鉄筋	(てっきん)
鉄筋コンクリート	(てっきんコンクリート)
鉄鉱	(てっこう)
鉄鉱石	(てっこうせき)
鉄帽	(てつぼう)
鉄炮	(てっぽう)
鉄砲	(てっぽう)
鉄砲弾	(てっぽうだま)
鉄砲玉	(てっぽうだま)
鉄瓶	(てつびん)
鉄器時代	(てっきじだい)
鉄橋	(てっきょう)
鉄染色	(てつせんしょく)
鉄扇	(てっせん)
鉄則	(てっそく)
鉄製	(てっせい,てつせい)
僣取	(せんしゅ)
僣用	(せんよう)
僣越	(せんえつ)
鐵	(てつ)
鐵工所	(てっこうじょ)
庁	(ちょう)
庁舎	(ちょうしゃ)
汀	(なぎさ)
汀線	(ていせん,みぎわせん)
听	(ポンド)
聴える	(きこえる)
聴きこむ	(ききこむ)
聴きほれる	(ききほれる)
聴き惚れる	(ききほれる)
聴き取り	(ききとり)
聴き取る	(ききとる)
聴き入る	(ききいる)
聴き手	(ききて)
聴き込む	(ききこむ)
聴く	(きく)
聴こえる	(きこえる)
聴す	(ゆるす)
聴導犬	(ちょうどうけん)
聴講	(ちょうこう)
聴解	(ちょうかい)
聴覚	(ちょうかく)
聴力	(ちょうりょく)
聴取	(ちょうしゅ)
聴取り	(ききとり)
聴入る	(ききいる)
聴手	(ききて)
聴聞会	(ちょうもんかい)
聴診器	(ちょうしんき)
聴衆	(ちょうしゅう)
廷臣	(ていしん)
亭午	(ていご)
亭主	(ていしゅ)
亭主関白	(ていしゅかんぱく)
庭	(にわ)
庭番	(にわばん)
庭木	(にわき)
庭球	(ていきゅう)
庭仕事	(にわしごと)
庭園	(ていえん)
停まる	(とまる)
停める	(とめる)
停車	(ていしゃ)
停車場	(ていしゃじょう,ていしゃば)
停船	(ていせん)
停船場	(ていせんじょう)
停電	(ていでん)
停頓	(ていとん)
停会	(ていかい)
停留	(ていりゅう)
停留所	(ていりゅうじょ,ていりゅうしょ)
停年	(ていねん)
停泊	(ていはく)
停学	(ていがく)
停音	(ていおん)
停音符	(ていおんぷ)
停戦	(ていせん)
停職	(ていしょく)
停止	(ていし,ちょうじ)
停止時間	(ていしじかん)
停止価格	(ていしかかく)
停止線	(ていしせん)
停滞	(ていたい)
挺	(ちょう)
挺す	(ていす)
挺する	(ていする)
梃	(ちょう)
梃子	(てこ,テコ)
梃子摺る	(てこずる)
艇長	(ていちょう)
艇庫	(ていこ)
艇身	(ていしん)
囲い	(かこい)
囲う	(かこう)
囲にょう	(いじょう,いにょう)
囲まう	(かくまう)
囲み記事	(かこみきじ)
囲む	(かこむ,かごむ)
囲炉裡	(いろり)
囲炉裏	(いろり)
囲繞	(いじょう,いにょう)
通	(つう)
通う	(かよう)
通じあう	(つうじあう)
通じて	(つうじて)
通じる	(つうじる)
通し番号	(とおしばんごう)
通じ合う	(つうじあう)
通す	(とおす)
通せんぼ	(とおせんぼ,とおせんぼう)
通せんぼう	(とおせんぼ,とおせんぼう)
通せん坊	(とおせんぼ,とおせんぼう)
通り	(とおり)
通りかかる	(とおりかかる)
通りがかる	(とおりかかる)
通りこす	(とおりこす)
通りすがり	(とおりすがり)
通りすぎる	(とおりすぎる)
通りぬける	(とおりぬける)
通りみち	(とおりみち)
通り抜ける	(とおりぬける)
通り超す	(とおりこす)
通り道	(とおりみち)
通り掛かる	(とおりかかる)
通り掛る	(とおりかかる)
通り過ぎる	(とおりすぎる)
通り路	(とおりみち)
通り名	(とおりな)
通り魔	(とおりま)
通り雨	(とおりあめ)
通り越す	(とおりこす)
通る	(とおる)
通報	(つうほう)
通常	(つうじょう)
通常の場合	(つうじょうのばあい)
通常口語	(つうじょうこうご)
通常条件下で	(つうじょうじょうけんかで)
通常戦力	(つうじょうせんりょく)
通称	(つうしょう)
通達	(つうたつ,つうだつ)
通分	(つうぶん)
通風	(つうふう)
通告	(つうこく)
通関	(つうかん)
通過	(つうか)
通過駅	(つうかえき)
通話	(つうわ)
通貨	(つうか)
通貨統合	(つうかとうごう)
通例	(つうれい)
通路	(つうろ)
通名	(とおりな)
通念	(つうねん)
通気	(つうき)
通気孔	(つうきこう)
通勤	(つうきん)
通勤時間	(つうきんじかん)
通勤者	(つうきんしゃ)
通商	(つうしょう)
通商産業	(つうしょうさんぎょう)
通商産業大臣	(つうしょうさんぎょうだいじん)
通説	(つうせつ)
通俗	(つうぞく)
通俗文学	(つうぞくぶんがく)
通算	(つうさん)
通暁	(つうぎょう)
通信	(つうしん)
通信ケーブル	(つうしんケーブル)
通信販売	(つうしんはんばい)
通信講座	(つうしんこうざ)
通信事業	(つうしんじぎょう)
通信速度	(つうしんそくど)
通信網	(つうしんもう)
通信衛星	(つうしんえいせい)
通信員	(つうしんいん)
通行	(つうこう)
通行人	(つうこうにん)
通行止	(つうこうどめ)
通行止め	(つうこうどめ)
通学	(つうがく)
通研	(つうけん)
通夜	(つや,つうや)
通訳	(つうやく)
通用	(つうよう)
通用期間	(つうようきかん)
通院	(つういん)
通帳	(つうちょう)
通知	(つうち)
通知メッセージ	(つうちメッセージ)
通奏	(つうそう)
樋	(とい,ひ,とよ)
仝	(どう)
同	(どう)
同い年	(おないどし)
同い歳	(おないどし)
同じ	(おなじ,おんなじ,おんなし)
同じく	(おなじく)
同じよう	(おなじよう)
同じる	(どうじる)
同じ年	(おなじとし,おなじどし)
同じ様	(おなじよう)
同ずる	(どうずる)
同せい	(どうせい)
同伴	(どうはん)
同伴者	(どうはんしゃ)
同邦	(どうほう)
同胞	(どうほう,どうぼう,はらから)
同胞愛	(どうほうあい)
同輩	(どうはい)
同筆	(どうひつ)
同病	(どうびょう)
同病相哀れむ	(どうびょうあいあわれむ)
同病相憐れむ	(どうびょうあいあわれむ)
同車	(どうしゃ)
同乗	(どうじょう)
同程度	(どうていど)
同処	(どうしょ)
同船	(どうせん)
同窓	(どうそう)
同窓会	(どうそうかい)
同窓生	(どうそうせい)
同村	(どうそん)
同党	(どうとう)
同道	(どうどう)
同地	(どうち)
同等	(どうとう)
同点	(どうてん)
同店	(どうてん)
同調	(どうちょう)
同調者	(どうちょうしゃ)
同町	(どうちょう)
同定	(どうてい)
同断	(どうだん)
同額	(どうがく)
同藩	(どうはん)
同房	(どうぼう)
同分母	(どうぶんぼ)
同封	(どうふう)
同父母	(どうふぼ)
同腹	(どうふく)
同腹仔	(どうふくし)
同腹子	(どうふくし)
同感	(どうかん)
同格	(どうかく)
同根	(どうこん)
同工異曲	(どうこういきょく)
同国	(どうこく)
同国民	(どうこくみん)
同好	(どうこう)
同好会	(どうこうかい)
同好者	(どうこうしゃ)
同化	(どうか)
同化作用	(どうかさよう)
同級	(どうきゅう)
同級生	(どうきゅうせい)
同家	(どうけ)
同居	(どうきょ)
同居人	(どうきょにん)
同局	(どうきょく)
同労	(どうろう)
同労者	(どうろうしゃ)
同類	(どうるい)
同僚	(どうりょう)
同列	(どうれつ)
同流	(どうりゅう)
同侶	(どうりょ)
同門	(どうもん)
同盟	(どうめい)
同盟罷業	(どうめいひぎょう)
同盟怠業	(どうめいたいぎょう)
同盟国	(どうめいこく)
同盟軍	(どうめいぐん)
同盟条約	(どうめいじょうやく)
同盟休校	(どうめいきゅうこう)
同名	(どうめい,どうみょう)
同名異人	(どうめいいじん)
同年	(どうねん)
同年輩	(どうねんぱい)
同派	(どうは)
同朋	(どうぼう,どうほう)
同期	(どうき)
同期生	(どうきせい)
同期式	(どうきしき)
同期通信	(どうきつうしん)
同期信号	(どうきしんごう)
同棲	(どうせい)
同気	(どうき)
同前	(どうぜん)
同衾	(どうきん)
同情	(どうじょう)
同情心	(どうじょうしん)
同情者	(どうじょうしゃ)
同慶	(どうけい)
同趣味	(どうしゅみ)
同権	(どうけん)
同然	(どうぜん)
同人	(どうじん,どうにん)
同人雑誌	(どうじんざっし,どうにんざっし)
同人種	(どうじんしゅ)
同仁	(どうじん)
同仁教会	(どうじんきょうかい)
同日	(どうじつ)
同色	(どうしょく)
同上	(どうじょう)
同社	(どうしゃ)
同省	(どうしょう)
同時	(どうじ)
同時に	(どうじに)
同時代	(どうじだい)
同士	(どうし,どし)
同士打	(どうしうち,どしうち)
同士打ち	(どうしうち,どしうち)
同士討	(どうしうち,どしうち)
同士討ち	(どうしうち,どしうち)
同氏	(どうし)
同事	(どうじ)
同室	(どうしつ)
同視	(どうし)
同勢	(どうぜい)
同書	(どうしょ)
同数	(どうすう)
同説	(どうせつ)
同価	(どうか)
同素体	(どうそたい)
同宿	(どうしゅく,どうじゅく)
同所	(どうしょ)
同体に	(どうたいに)
同位	(どうい)
同位体	(どういたい)
同位元素	(どういげんそ)
同文	(どうぶん)
同文通達	(どうぶんつうたつ)
同文同種	(どうぶんどうしゅ)
同席	(どうせき)
同系	(どうけい)
同県	(どうけん)
同相	(どうそう)
同郷	(どうきょう)
同校	(どうこう)
同心	(どうしん)
同心円	(どうしんえん)
同信	(どうしん)
同行	(どうこう)
同行者	(どうこうしゃ)
同形	(どうけい)
同型	(どうけい)
同性	(どうせい)
同性愛	(どうせいあい)
同姓	(どうせい)
同穴	(どうけつ)
同学	(どうがく)
同学年	(どうがくねん)
同訓	(どうくん)
同様	(どうよう)
同様に	(どうように)
同夜	(どうや)
同業	(どうぎょう)
同業者	(どうぎょうしゃ)
同業組合	(どうぎょうくみあい)
同一	(どういつ)
同一人	(どういつにん)
同一視	(どういつし)
同役	(どうやく)
同異	(どうい)
同意	(どうい)
同意見	(どういけん)
同意義	(どういぎ)
同意語	(どういご)
同義	(どうぎ)
同義語	(どうぎご)
同音	(どうおん)
同音異義語	(どうおんいぎご)
同音語	(どうおんご)
同語反復	(どうごはんぷく)
同語反覆	(どうごはんぷく)
同月	(どうげつ)
同値	(どうち)
同値性	(どうちせい)
同職	(どうしょく)
同紙	(どうし)
同志	(どうし)
同志的	(どうしてき)
同志会	(どうしかい)
同誌	(どうし)
同質	(どうしつ)
同質的	(どうしつてき)
同種	(どうしゅ)
同種同文	(どうしゅどうぶん)
同舟	(どうしゅう)
同軸ケーブル	(どうじくケーブル)
同字	(どうじ)
同宗	(どうしゅう)
同族	(どうぞく)
同族会	(どうぞくかい)
同族会社	(どうぞくがいしゃ,どうぞくかいしゃ)
同祖	(どうそ)
同罪	(どうざい)
同坐	(どうざ)
同座	(どうざ)
桐	(きり,キリ)
桐油	(とうゆ)
童	(わらべ,わらんべ,わらわ)
童唄	(わらべうた)
童児	(どうじ)
童歌	(わらべうた)
童画	(どうが)
童話	(どうわ)
童心	(どうしん)
童顔	(どうがん)
童謡	(どうよう)
童貞	(どうてい)
童子	(どうじ)
銅	(どう,あか,あかがね)
銅メダル	(どうメダル)
銅版画	(どうはんが,どうばんが)
銅箔	(どうはく)
銅貨	(どうか)
銅羅	(どら,どうら,ドラ)
銅鑼	(どら,どうら,ドラ)
銅山	(どうざん)
銅線	(どうせん)
銅像	(どうぞう)
瞳	(ひとみ)
瞳孔	(どうこう)
桶	(おけ)
筒	(つつ)
筒状	(つつじょう,とうじょう)
統べる	(すべる)
統合	(とうごう)
統合参謀本部	(とうごうさんぼうほんぶ)
統合化	(とうごうか)
統計	(とうけい)
統計的	(とうけいてき)
統計学	(とうけいがく)
統括	(とうかつ)
統括部長	(とうかつぶちょう)
統率	(とうそつ)
統帥	(とうすい)
統轄	(とうかつ)
統一	(とういつ)
統語学	(とうごがく)
統馭	(とうぎょ)
統御	(とうぎょ)
統制	(とうせい)
統制線	(とうせいせん)
統治	(とうち,とうじ)
痛い	(いたい,イタイ,イタい)
痛く	(いたく)
痛ましい	(いたましい)
痛み	(いたみ)
痛みいる	(いたみいる)
痛みどめ	(いたみどめ)
痛み入る	(いたみいる)
痛み止め	(いたみどめ)
痛む	(いたむ)
痛めつける	(いためつける)
痛める	(いためる)
痛め付ける	(いためつける)
痛憤	(つうふん)
痛風	(つうふう)
痛感	(つうかん)
痛恨	(つうこん)
痛快	(つうかい)
痛烈	(つうれつ)
痛切	(つうせつ)
痛手	(いたで)
痛々しい	(いたいたしい)
痛痛しい	(いたいたしい)
痛痒	(つうよう)
痛癢	(つうよう)
痛飲	(つういん)
慟哭	(どうこく)
偸む	(ぬすむ)
偸安	(とうあん)
偸盗	(ちゅうとう,とうとう)
偸視	(とうし)
偸閑	(あからさま)
投かん	(とうかん)
投げかける	(なげかける)
投げこむ	(なげこむ)
投げつける	(なげつける)
投げる	(なげる)
投げ出す	(なげだす)
投げ返す	(なげかえす)
投げ飛ばす	(なげとばす)
投げ付ける	(なげつける)
投げ掛ける	(なげかける)
投げ落とす	(なげおとす)
投げ棄てる	(なげすてる)
投げ入れる	(なげいれる)
投げ上げる	(なげあげる)
投げ捨てる	(なげすてる)
投げ網	(とあみ,なげあみ)
投げ物	(なげもの)
投げ込む	(なげこむ)
投じる	(とうじる)
投る	(ほうる,ほる)
投付ける	(なげつける)
投稿	(とうこう)
投稿者	(とうこうしゃ)
投光機	(とうこうき)
投光器	(とうこうき)
投光照明	(とうこうしょうめい)
投光照明器	(とうこうしょうめいき)
投函	(とうかん)
投機	(とうき)
投降	(とうこう)
投降者	(とうこうしゃ)
投票	(とうひょう)
投票結果	(とうひょうけっか)
投票権	(とうひょうけん)
投球	(とうきゅう)
投入	(とうにゅう)
投捨てる	(なげすてる)
投石	(とうせき)
投手	(とうしゅ)
投書	(とうしょ)
投書欄	(とうしょらん)
投網	(とあみ,なげあみ)
投物	(なげもの)
投薬	(とうやく)
投影	(とうえい)
投与量	(とうよりょう)
投獄	(とうごく)
投資	(とうし)
投資家	(とうしか)
投資有価証券	(とうしゆうかしょうけん)
骰子	(さいころ,サイコロ)
頭	(あたま,かしら)
頭がい骨	(ずがいこつ,とうがいこつ)
頭がおかしい	(あたまがおかしい)
頭が可笑しい	(あたまがおかしい)
頭じらみ	(あたまじらみ,アタマジラミ)
頭にくる	(あたまにくる,あったまくる)
頭に来る	(あたまにくる,あったまくる)
頭を冷やす	(あたまをひやす)
頭を悩ます	(あたまをなやます)
頭を痛める	(あたまをいためる)
頭部	(とうぶ)
頭打ち	(あたまうち,ずうち)
頭頂部	(とうちょうぶ)
頭髪	(とうはつ)
頭蓋骨	(ずがいこつ,とうがいこつ)
頭割	(あたまわり)
頭割り	(あたまわり)
頭垢	(ふけ,フケ)
頭骨	(とうこつ)
頭骸骨	(ずがいこつ,とうがいこつ)
頭角	(とうかく)
頭角をあらわす	(とうかくをあらわす)
頭角を表す	(とうかくをあらわす)
頭角を現す	(とうかくをあらわす)
頭角を現わす	(とうかくをあらわす)
頭巾	(ずきん)
頭金	(あたまきん)
頭目	(とうもく)
頭脳	(ずのう)
頭皮	(とうひ)
頭取	(とうどり)
頭上	(ずじょう)
頭声	(とうせい)
頭虱	(あたまじらみ,アタマジラミ)
頭数	(あたまかず)
頭痛	(ずつう)
頭突きをする	(ずつきをする)
頭文字	(かしらもじ)
頭隠して尻隠さず	(あたまかくしてしりかくさず)
頭韻	(とういん)
頭株	(あたまかぶ)
透かし	(すかし)
透かす	(すかす)
透き	(すき)
透きとおる	(すきとおる)
透き徹る	(すきとおる)
透き間	(すきま)
透き通る	(すきとおる)
透く	(すく)
透ける	(すける)
透す	(とおす)
透っ破抜き	(すっぱぬき)
透る	(とおる)
透徹	(とうてつ)
透過	(とうか)
透過性	(とうかせい)
透間	(すきま)
透明	(とうめい)
透明性	(とうめいせい)
透視	(とうし)
透視図法	(とうしずほう)
凸レンズ	(とつレンズ)
凸凹	(でこぼこ,とつおう,だくぼく)
凸版	(とっぱん)
凸版印刷	(とっぱんいんさつ)
凸坊	(でこぼう)
凸角	(とっかく)
凸鏡	(とっきょう)
凸面	(とつめん)
凸面鏡	(とつめんきょう)
凸起	(とっき)
凸円	(とつえん)
凸状	(とつじょう)
禿	(はげ,ハゲ)
禿げ	(はげ,ハゲ)
禿げあがる	(はげあがる)
禿げる	(はげる,ハゲる)
禿げ上がる	(はげあがる)
禿び	(ちび,チビ)
禿上がる	(はげあがる)
禿鷹	(はげたか,ハゲタカ)
突き	(つき)
突きあげる	(つきあげる)
突きあたり	(つきあたり)
突きあたる	(つきあたる)
突きおとす	(つきおとす)
突きかえす	(つきかえす)
突きかかる	(つきかかる)
突きささる	(つきささる)
突きさす	(つきさす)
突きだす	(つきだす)
突きたてる	(つきたてる)
突きつける	(つきつける)
突きつめる	(つきつめる)
突きでる	(つきでる)
突きとばす	(つきとばす)
突きとめる	(つきとめる)
突きのける	(つきのける)
突きはなす	(つきはなす)
突き抜く	(つきぬく)
突き抜ける	(つきぬける)
突き崩す	(つきくずす)
突き出す	(つきだす)
突き出た	(つきでた)
突き出る	(つきでる)
突き除ける	(つきのける)
突き刺さる	(つきささる)
突き刺す	(つきさす)
突き当たり	(つきあたり)
突き当たる	(つきあたる)
突き当り	(つきあたり)
突き当る	(つきあたる)
突き倒す	(つきたおす)
突き動かす	(つきうごかす)
突き返す	(つきかえす)
突き放す	(つきはなす)
突き飛ばす	(つきとばす)
突き付ける	(つきつける)
突き掛かる	(つきかかる)
突き掛る	(つきかかる)
突き合せる	(つきあわせる)
突き合わせる	(つきあわせる)
突き詰める	(つきつめる)
突き進む	(つきすすむ)
突き立てる	(つきたてる)
突き留める	(つきとめる)
突き落す	(つきおとす)
突き落とす	(つきおとす)
突き破る	(つきやぶる)
突き殺す	(つきころす)
突き上げる	(つきあげる)
突き通る	(つきとおる)
突き退ける	(つきのける)
突き止める	(つきとめる)
突き指	(つきゆび)
突き転ばす	(つきころばす)
突く	(つく)
突っかかる	(つっかかる)
突っかける	(つっかける)
突つく	(つつく,ツツく)
突っこみ	(つっこみ,ツッコミ)
突っこむ	(つっこむ,ツッコむ)
突っつく	(つっつく)
突っ掛かる	(つっかかる)
突っ掛ける	(つっかける)
突っ立つ	(つったつ)
突っ突く	(つっつく)
突っ込み	(つっこみ,ツッコミ)
突っ込む	(つっこむ,ツッコむ)
突っ張り	(つっぱり,ツッパリ)
突っ走る	(つっぱしる)
突んのめる	(つんのめる)
突抜く	(つきぬく)
突抜ける	(つきぬける)
突崩す	(つきくずす)
突出	(とっしゅつ)
突出す	(つきだす)
突出る	(つきでる)
突刺さる	(つきささる)
突刺す	(つきさす)
突当り	(つきあたり)
突堤	(とってい)
突動かす	(つきうごかす)
突端	(とったん,とっぱな)
突発	(とっぱつ)
突発的	(とっぱつてき)
突返す	(つきかえす)
突放す	(つきはなす)
突飛	(とっぴ)
突飛ばす	(つきとばす)
突風	(とっぷう)
突付く	(つつく,ツツく)
突付ける	(つきつける)
突掛かる	(つきかかる)
突掛ける	(つっかける)
突貫	(とっかん)
突撃	(とつげき)
突撃隊員	(とつげきたいいん)
突角	(とっかく)
突詰める	(つきつめる)
突進	(とっしん)
突立	(とったつ)
突立つ	(つったつ)
突立てる	(つきたてる)
突尼斯	(チュニジア,テュニジア)
突破	(とっぱ)
突破る	(つきやぶる)
突破口	(とっぱこう)
突起	(とっき)
突然	(とつぜん)
突然変異	(とつぜんへんい)
突然死	(とつぜんし)
突如	(とつじょ)
突入	(とつにゅう)
突通る	(つきとおる)
突込み	(つっこみ,ツッコミ)
突込む	(つっこむ,ツッコむ)
突張り	(つっぱり,ツッパリ)
突止める	(つきとめる)
突指	(つきゆび)
図	(ず)
図らう	(はからう)
図らずも	(はからずも)
図る	(はかる)
図案	(ずあん)
図版	(ずはん)
図表	(ずひょう)
図柄	(ずがら)
図法	(ずほう)
図画	(ずが,とが)
図鑑	(ずかん)
図解	(ずかい)
図面	(ずめん)
図示	(ずし)
図式	(ずしき)
図書	(としょ,ずしょ)
図書館	(としょかん,ずしょかん)
図書館員	(としょかんいん)
図書室	(としょしつ)
図太い	(ずぶとい)
図々しい	(ずうずうしい,ずーずーしい)
図図しい	(ずうずうしい,ずーずーしい)
図星に当たる	(ずぼしにあたる)
図星を指す	(ずぼしをさす)
図形	(ずけい)
荼枳尼	(だきに)
徒	(ただ,タダ)
徒し心	(あだしごころ)
徒ならぬ	(ただならぬ)
徒歩	(とほ)
徒党	(ととう)
徒弟	(とてい)
徒骨	(むだぼね)
徒花	(あだばな)
徒話	(むだばなし)
徒労	(とろう)
徒遣い	(むだづかい)
徒渉	(としょう)
徒手	(としゅ)
徒手空拳	(としゅくうけん)
徒書き	(いたずらがき)
徒者	(いたずらもの)
徒足	(むだあし)
途	(みち)
途端に	(とたんに)
途方	(とほう)
途方もない	(とほうもない)
途方も無い	(とほうもない)
途惑う	(とまどう)
途絶	(とぜつ)
途絶える	(とだえる)
途切れる	(とぎれる)
途切れ途切れ	(とぎれとぎれ)
途上	(とじょう)
途上国	(とじょうこく)
途轍もない	(とてつもない)
途轍も無い	(とてつもない)
途中	(とちゅう)
途中下車	(とちゅうげしゃ)
屠る	(ほふる,はふる,ほぶる)
屠殺	(とさつ)
屠殺場	(とさつじょう)
塗りかえる	(ぬりかえる)
塗りこむ	(ぬりこむ)
塗りたて	(ぬりたて)
塗りたてる	(ぬりたてる)
塗りつける	(ぬりつける)
塗りつぶし	(ぬりつぶし)
塗りつぶす	(ぬりつぶす)
塗り変える	(ぬりかえる)
塗り付ける	(ぬりつける)
塗り絵	(ぬりえ)
塗り潰し	(ぬりつぶし)
塗り潰す	(ぬりつぶす)
塗り立て	(ぬりたて)
塗り立てる	(ぬりたてる)
塗り替える	(ぬりかえる)
塗り物	(ぬりもの)
塗り込む	(ぬりこむ)
塗る	(ぬる)
塗れる	(まみれる,まぶれる)
塗布	(とふ)
塗絵	(ぬりえ)
塗潰す	(ぬりつぶす)
塗立て	(ぬりたて)
塗立てる	(ぬりたてる)
塗料	(とりょう)
塗抹	(とまつ)
塗炭	(とたん)
塗炭の苦しみ	(とたんのくるしみ)
塗替える	(ぬりかえる)
塗物	(ぬりもの)
塗込む	(ぬりこむ)
塗装	(とそう)
圖	(ず)
圖解	(ずかい)
土	(つち,つし)
土くれ	(つちくれ,どかい)
土のう	(どのう)
土ぼこり	(つちぼこり)
土埃	(つちぼこり)
土筆	(つくし,どひつ,ひっとうさい)
土俵	(どひょう)
土産	(みやげ)
土地	(とち,どおじ,どじ)
土地の人	(とちのひと)
土地柄	(とちがら)
土耳古	(トルコ)
土耳其	(トルコ)
土圭	(とけい)
土鍋	(どなべ,つちなべ)
土間	(どま)
土建屋	(どけんや)
土塊	(つちくれ,どかい)
土塁	(どるい)
土竜	(もぐら,むぐらもち,むぐら)
土龍	(もぐら,むぐらもち,むぐら)
土木	(どぼく)
土嚢	(どのう)
土塀	(どべい)
土器	(どき,かわらけ)
土壌	(どじょう)
土人	(どじん)
土砂崩れ	(どしゃくずれ)
土砂降り	(どしゃぶり)
土石	(どせき)
土手	(どて)
土俗	(どぞく)
土台	(どだい)
土壇場	(どたんば)
土豚	(つちぶた,ツチブタ)
土下座	(どげざ)
土星	(どせい)
土曜	(どよう)
土曜日	(どようび)
土用	(どよう)
土葬	(どそう)
土着	(どちゃく)
土足	(どそく)
土左衛門	(どざえもん)
吐かす	(ぬかす)
吐きけ	(はきけ,はきげ)
吐きすてる	(はきすてる)
吐きだす	(はきだす,ほきだす)
吐き出す	(はきだす,ほきだす)
吐き気	(はきけ,はきげ)
吐き棄てる	(はきすてる)
吐き捨てる	(はきすてる)
吐く	(つく)
吐け口	(はけぐち,はけくち)
吐出す	(はきだす,ほきだす)
吐露	(とろ)
吐気	(はきけ,はきげ)
吐息	(といき)
吐血	(とけつ)
兎	(うさぎ,う,ウサギ)
兎にも角にも	(とにもかくにも)
兎に角	(とにかく)
兎の毛	(うのけ)
兎もあれ	(ともあれ)
兎も角	(ともかく)
兎も角も	(ともかくも)
兎も有れ	(ともあれ)
兎や角	(とやかく)
兎や角言う	(とやかくいう)
兎唇	(いぐち)
兎耳	(うさぎみみ)
兎角	(とかく)
兎結び	(うさぎむすび)
兎馬	(うさぎうま,ろ)
兎肉	(とにく)
兎狩り	(うさぎがり)
兎網	(うさぎあみ)
兔	(うさぎ,う,ウサギ)
兔の毛	(うのけ)
菟	(うさぎ,う,ウサギ)
菟葵	(いそぎんちゃく,イソギンチャク)
湍	(せ)
団長	(だんちょう)
団地	(だんち)
団結	(だんけつ)
団居	(まどい)
団塊の世代	(だんかいのせだい)
団栗	(どんぐり,ドングリ)
団栗の背比べ	(どんぐりのせいくらべ)
団栗眼	(どんぐりまなこ,ドングリまなこ)
団扇	(うちわ)
団扇虫	(うちわむし,ウチワムシ)
団体	(だんたい)
団体旅行	(だんたいりょこう)
団体行動	(だんたいこうどう)
団員	(だんいん)
団子	(だんご,ダンゴ)
蓴菜	(じゅんさい,ジュンサイ)
推し測る	(おしはかる)
推し広める	(おしひろめる)
推し立てる	(おしたてる)
推し量る	(おしはかる)
推す	(おす)
推測	(すいそく)
推測る	(おしはかる)
推察	(すいさつ)
推定	(すいてい)
推計	(すいけい)
推薦	(すいせん)
推薦者	(すいせんしゃ)
推薦状	(すいせんじょう)
推奨	(すいしょう)
推奨文献目録	(すいしょうぶんけんもくろく)
推進	(すいしん)
推進機	(すいしんき)
推進者	(すいしんしゃ)
推挙	(すいきょ)
推理	(すいり)
推量	(すいりょう)
推量る	(おしはかる)
推論	(すいろん)
推敲	(すいこう)
推移	(すいい)
頽る	(すたる)
頽れる	(すたれる)
頽廃	(たいはい)
腿	(もも)
退がる	(さがる,サガる)
退き時	(ひきどき)
退く	(しりぞく,しぞく)
退ける	(のける)
退け時	(ひけどき)
退っ引きならない	(のっぴきならない)
退める	(やめる)
退避	(たいひ)
退歩	(たいほ)
退出	(たいしゅつ)
退廃	(たいはい)
退官	(たいかん)
退紅	(たいこう)
退化	(たいか)
退会	(たいかい)
退屈	(たいくつ)
退去	(たいきょ)
退却	(たいきゃく)
退任	(たいにん)
退散	(たいさん)
退色	(たいしょく)
退社	(たいしゃ)
退位	(たいい)
退学	(たいがく)
退引きならない	(のっぴきならない)
退嬰的	(たいえいてき)
退院	(たいいん)
退陣	(たいじん)
退職	(たいしょく)
退治	(たいじ)
蛻	(もぬけ)
蛻け	(もぬけ)
蛻の殻	(もぬけのから,もぬけのカラ)
褪せる	(あせる)
褪める	(さめる)
褪紅	(たいこう)
褪色	(たいしょく)
吞む	(のむ)
吞舟の魚	(どんしゅうのうお)
呑みこむ	(のみこむ)
呑み代	(のみしろ,のみだい)
呑み口	(のみくち,のみぐち)
呑み屋	(のみや)
呑み込み	(のみこみ)
呑み込む	(のみこむ)
呑み助	(のみすけ)
呑む	(のむ)
呑ん兵衛	(のんべえ)
呑口	(のみくち,のみぐち)
呑気	(のんき,ノンキ)
呑気者	(のんきもの)
呑吐	(どんと)
呑舟の魚	(どんしゅうのうお)
屯	(たむろ,たむら)
屯所	(とんしょ)
屯田	(とんでん)
屯田兵	(とんでんへい)
屯営	(とんえい)
豚	(ぶた,ブタ)
豚カツ	(とんかつ,とんカツ,トンカツ)
豚かつ	(とんかつ,とんカツ,トンカツ)
豚に真珠	(ぶたにしんじゅ)
豚肉	(ぶたにく,とんにく)
豚箱	(ぶたばこ)
豚小屋	(ぶたごや)
豚足	(とんそく)
魨	(ふぐ,ふく,ふくべ)
臀	(しり)
臀部	(でんぶ)
托する	(たくする)
托鉢	(たくはつ)
託け	(ことづけ)
託ける	(ことづける)
託する	(たくする)
託つ	(かこつ)
託つける	(かこつける)
託児所	(たくじしょ)
託送	(たくそう)
託宣	(たくせん)
脱ぎ棄てる	(ぬぎすてる)
脱ぎ捨てる	(ぬぎすてる)
脱ぐ	(ぬぐ)
脱ける	(ぬける)
脱げる	(ぬげる)
脱け出す	(ぬけだす)
脱け出る	(ぬけでる)
脱け殻	(ぬけがら)
脱する	(だっする)
脱そ	(だっそ)
脱腸	(だっちょう)
脱出	(だっしゅつ)
脱出す	(ぬけだす)
脱法行為	(だっぽうこうい)
脱穀	(だっこく)
脱穀機	(だっこくき)
脱臼	(だっきゅう)
脱疽	(だっそ)
脱殻	(ぬけがら)
脱漏	(だつろう)
脱落	(だつらく)
脱毛	(だつもう)
脱帽	(だつぼう)
脱皮	(だっぴ)
脱却	(だっきゃく)
脱色	(だっしょく)
脱捨てる	(ぬぎすてる)
脱水	(だっすい)
脱税	(だつぜい)
脱兎のごとき	(だっとのごとく)
脱兎のごとく	(だっとのごとく)
脱兎の如き	(だっとのごとく)
脱兎の如く	(だっとのごとく)
脱退	(だったい)
脱線	(だっせん)
脱衣場	(だついじょう)
脱衣所	(だついじょ,だついしょ)
脱獄囚	(だつごくしゅう)
脱脂綿	(だっしめん)
脱字	(だつじ)
脱字記号	(だつじきごう)
佗	(わび)
佗しい	(わびしい)
佗び	(わび)
佗びしい	(わびしい)
佗びる	(わびる)
佗び寝	(わびね)
佗歌	(わびうた)
佗寝	(わびね)
佗人	(わびびと)
佗声	(わびごえ)
佗言	(わびこと)
佗住い	(わびずまい)
佗住居	(わびずまい)
陀羅尼	(だらに)
駄じゃれ	(だじゃれ,ダジャレ)
駄ボラ	(だぼら)
駄弁	(だべん)
駄弁る	(だべる,ダベる)
駄辯	(だべん)
駄法螺	(だぼら)
駄菓子	(だがし)
駄酒落	(だじゃれ,ダジャレ)
駄賃	(だちん)
駄目	(だめ,ダメ,だーめ)
駄目になる	(だめになる)
駄目押し	(だめおし)
駄犬	(だけん)
駄洒落	(だじゃれ,ダジャレ)
駄々っ児	(だだっこ)
駄々っ子	(だだっこ)
駄駄っ子	(だだっこ)
駄文	(だぶん)
駄作	(ださく)
駝鳥	(だちょう,ダチョウ)
鴕鳥	(だちょう,ダチョウ)
妥当	(だとう)
妥当性	(だとうせい)
妥結	(だけつ)
妥協	(だきょう)
妥協案	(だきょうあん)
楕円	(だえん)
橢円	(だえん)
唾	(つば,つばき)
唾液	(だえき)
蛙	(かえる,カエル)
蛙とび	(かえるとび,かわずとび)
蛙の子はカエル	(かえるのこはかえる)
蛙の子は蛙	(かえるのこはかえる)
蛙飛び	(かえるとび,かわずとび)
蛙跳び	(かえるとび,かわずとび)
窪まる	(くぼまる)
窪み	(くぼみ,へこみ)
窪む	(くぼむ)
窪地	(くぼち,おうち)
窪溜まり	(くぼたまり)
娃鬟	(あいかん)
瓦	(グラム)
瓦解	(がかい)
瓦礫	(がれき,がりゃく)
瓦斯	(ガス)
瓦無	(グアム,グァム,ガム)
瓲	(トン)
膃肭臍	(おっとせい,オットセイ)
膃肭獣	(おっとせい,オットセイ)
歪	(いびつ)
歪み	(ひずみ)
歪む	(ゆがむ,いがむ)
歪める	(ゆがめる,いがめる)
歪度	(わいど)
歪力	(わいりょく)
歪曲	(わいきょく)
外	(よそ)
外がわ	(そとがわ,がいそく)
外す	(はずす)
外づら	(がいめん,そとづら,げめん)
外に	(ほかに)
外まわり	(そとまわり)
外れ	(はずれ,ハズレ)
外れる	(はずれる)
外壁	(がいへき,そとかべ)
外部	(がいぶ)
外側	(そとがわ,がいそく)
外層	(がいそう)
外場	(がいば)
外車	(がいしゃ)
外出	(がいしゅつ,そとで)
外道	(げどう)
外的	(がいてき)
外灯	(がいとう)
外敵	(がいてき)
外典	(がいてん,げてん,げでん)
外電	(がいでん)
外耳	(がいじ)
外方	(そっぽ)
外付	(そとづけ)
外付け	(そとづけ)
外観	(がいかん)
外郭	(がいかく)
外郭団体	(がいかくだんたい)
外国	(がいこく,そとぐに)
外国部隊	(がいこくぶたい)
外国人	(がいこくじん)
外国人登録	(がいこくじんとうろく)
外国人登録証明書	(がいこくじんとうろくしょうめいしょ)
外国投資家	(がいこくとうしか)
外国為替	(がいこくかわせ)
外国語	(がいこくご)
外国製	(がいこくせい)
外壕	(そとぼり)
外濠	(そとぼり)
外回り	(そとまわり)
外廻り	(そとまわり)
外貨	(がいか)
外見	(がいけん,そとみ)
外交	(がいこう)
外交的	(がいこうてき)
外交官	(がいこうかん)
外交関係	(がいこうかんけい)
外交委員長	(がいこういいんちょう)
外交問題	(がいこうもんだい)
外角	(がいかく)
外接	(がいせつ)
外界	(がいかい)
外径	(がいけい)
外圧	(がいあつ)
外局	(がいきょく)
外科	(げか)
外科学	(げかがく)
外科医	(げかい)
外堀	(そとぼり)
外廓	(がいかく)
外来	(がいらい)
外来患者	(がいらいかんじゃ)
外来語	(がいらいご)
外郎	(ういろう,ういろ)
外良	(ういろう,ういろ)
外乱	(がいらん)
外米	(がいまい)
外面	(がいめん,そとづら,げめん)
外皮	(がいひ)
外泊	(がいはく)
外戚	(がいせき)
外気	(がいき)
外切	(がいせつ)
外勤	(がいきん)
外人	(がいじん,ガイジン)
外柔内剛	(がいじゅうないごう)
外傷	(がいしょう)
外食	(がいしょく)
外湯	(そとゆ)
外庭	(がいてい,そとにわ)
外為	(がいため)
外為法	(がいためほう)
外聞	(がいぶん)
外務	(がいむ)
外務大臣	(がいむだいじん)
外務省	(がいむしょう)
外線	(がいせん)
外相	(がいしょう)
外向	(がいこう)
外向性	(がいこうせい)
外信	(がいしん)
外形	(がいけい)
外需	(がいじゅ)
外様	(とざま)
外野	(がいや)
外野手	(がいやしゅ)
外野席	(がいやせき)
外衣	(がいい)
外因	(がいいん)
外陰部	(がいいんぶ)
外用	(がいよう)
外用薬	(がいようやく)
外遊	(がいゆう)
外語	(がいご)
外債	(がいさい)
外征	(がいせい)
外紙	(がいし)
外周	(がいしゅう)
外注	(がいちゅう)
外註	(がいちゅう)
外資	(がいし)
外字	(がいじ)
外祖父	(がいそふ)
外枠	(そとわく)
弯曲	(わんきょく)
捥ぐ	(もぐ)
湾	(わん)
湾岸	(わんがん)
湾曲	(わんきょく)
湾入	(わんにゅう)
蜿蜿	(えんえん)
蜿蜒	(えんえん)
豌豆	(えんどう,エンドウ)
彎曲	(わんきょく)
彎入	(わんにゅう)
彎月	(わんげつ)
彎月状	(わんげつじょう)
灣	(わん)
丸	(まる,マル)
丸い	(まるい,まろい)
丸ごと	(まるごと)
丸だし	(まるだし)
丸っきり	(まるっきり)
丸っこい	(まるっこい)
丸つぶれ	(まるつぶれ)
丸っ切り	(まるっきり)
丸で	(まるで)
丸のみ	(まるのみ)
丸ボウズ	(まるぼうず)
丸まげ	(まるまげ,まるわげ)
丸み	(まるみ)
丸みえ	(まるみえ)
丸めこむ	(まるめこむ)
丸める	(まるめる)
丸め込む	(まるめこむ)
丸もうけ	(まるもうけ)
丸諳記	(まるあんき)
丸暗記	(まるあんき)
丸本	(まるぼん,まるほん)
丸持ち	(まるもち)
丸出し	(まるだし)
丸儲け	(まるもうけ)
丸窓	(まるまど)
丸帯	(まるおび)
丸底	(まるぞこ)
丸砥石	(まるといし)
丸彫り	(まるぼり)
丸坊主	(まるぼうず)
丸負け	(まるまけ)
丸鋼	(まるこう)
丸公	(まるこう)
丸花蜂	(まるはなばち,マルハナバチ)
丸剤	(がんざい)
丸見え	(まるみえ)
丸潰れ	(まるつぶれ)
丸裸	(まるはだか)
丸裸になる	(まるはだかになる)
丸毎	(まるごと)
丸木	(まるき)
丸木船	(まるきぶね)
丸木橋	(まるきばし)
丸木造り	(まるきづくり)
丸木舟	(まるきぶね)
丸盆	(まるぼん)
丸曲	(まるまげ,まるわげ)
丸髷	(まるまげ,まるわげ)
丸取り	(まるどり)
丸傷	(たまきず)
丸焼き	(まるやき)
丸焼け	(まるやけ)
丸勝ち	(まるがち)
丸十	(まるじゅう)
丸石	(まるいし)
丸事	(まるごと)
丸首	(まるくび)
丸損	(まるぞん)
丸太	(まるた,マルタ)
丸太材	(まるたざい)
丸太小屋	(まるたごや)
丸太足場	(まるたあしば)
丸天井	(まるてんじょう)
丸禿	(まるはげ)
丸呑み	(まるのみ)
丸瓦	(まるがわら)
丸々	(まるまる)
丸丸	(まるまる)
丸味	(まるみ)
丸洗い	(まるあらい)
丸写し	(まるうつし)
丸形	(えんけい,まるがた)
丸型	(えんけい,まるがた)
丸顔	(まるがお)
丸腰	(まるごし)
丸薬	(がんやく)
丸一	(まるいち)
丸刈	(まるがり)
丸刈り	(まるがり)
丸飲み	(まるのみ)
丸鑿	(まるのみ)
丸柱	(えんちゅう,まるばしら)
丸錐	(まるぎり)
完ぺき	(かんぺき)
完敗	(かんぱい)
完備	(かんび)
完壁	(かんぺき)
完璧	(かんぺき)
完成	(かんせい)
完成品	(かんせいひん)
完封	(かんぷう)
完膚なきまで	(かんぷなきまで)
完膚無きまで	(かんぷなきまで)
完済	(かんさい)
完結	(かんけつ)
完結文	(かんけつぶん)
完了	(かんりょう)
完全	(かんぜん)
完全コピー	(かんぜんコピー)
完全主義者	(かんぜんしゅぎしゃ)
完熟	(かんじゅく)
完遂	(かんすい,かんつい)
完訳	(かんやく)
完走	(かんそう)
玩具	(おもちゃ,オモチャ)
玩弄	(がんろう)
玩弄物	(がんろうぶつ)
頑	(かたくな)
頑な	(かたくな)
頑固	(がんこ)
頑健	(がんけん)
頑迷	(がんめい)
頑冥	(がんめい)
頑強	(がんきょう)
頑張る	(がんばる)
頑丈	(がんじょう)
宛	(あて)
宛がう	(あてがう)
宛て	(あて)
宛てがう	(あてがう)
宛てのない	(あてのない)
宛てる	(あてる)
宛て名	(あてな)
宛て先	(あてさき)
宛て字	(あてじ)
宛のない	(あてのない)
宛も	(あたかも,あだかも)
宛ら	(さながら)
宛名	(あてな)
宛先	(あてさき)
宛字	(あてじ)
挽く	(ひく)
挽歌	(ばんか)
挽回	(ばんかい)
盌	(わん)
埦	(わん)
婉曲	(えんきょく)
椀	(わん)
晩	(ばん)
晩い	(おそい,おっそい,おそーい)
晩ごはん	(ばんごはん)
晩ご飯	(ばんごはん)
晩さん	(ばんさん)
晩さん会	(ばんさんかい)
晩メシ	(ばんめし)
晩めし	(ばんめし)
晩餐	(ばんさん)
晩餐会	(ばんさんかい)
晩春	(ばんしゅん)
晩稲	(おくて)
晩飯	(ばんめし)
晩方	(ばんがた)
晩婚	(ばんこん)
晩年	(ばんねん)
晩秋	(ばんしゅう)
晩生	(おくて)
晩熟	(おくて)
晩夏	(ばんか)
晩香波	(バンクーバー)
晩香坡	(バンクーバー)
晩学	(ばんがく)
晩御飯	(ばんごはん)
晩照	(ばんしょう)
晩鐘	(ばんしょう)
晩酌	(ばんしゃく)
碗	(わん)
輓歌	(ばんか)
綰物	(まげもの,わげもの)
踠く	(もがく)
万	(まん,よろず)
万が一	(まんがいち,まんがいつ)
万般	(ばんぱん)
万邦	(ばんぽう)
万宝	(ばんぽう)
万遍なく	(まんべんなく)
万遍無く	(まんべんなく)
万別	(ばんべつ)
万病	(まんびょう)
万博	(ばんぱく)
万歩計	(まんぽけい)
万才	(ばんざい,バンザイ)
万策	(ばんさく)
万場	(まんじょう)
万場一致	(まんじょういっち)
万乗	(ばんじょう)
万代	(ばんだい,まんだい,よろずよ)
万代不易	(ばんだいふえき)
万灯	(まんどう)
万端	(ばんたん)
万朶	(ばんだ)
万方	(ばんぽう)
万分の一	(まんぶんのいち)
万夫	(ばんぷ)
万福	(ばんぷく,まんぷく)
万感	(ばんかん)
万古	(ばんこ)
万骨	(ばんこつ)
万国	(ばんこく)
万国標準時	(ばんこくひょうじゅんじ)
万国民	(ばんこくみん)
万国旗	(ばんこくき,ばんこっき)
万国史	(ばんこくし)
万斛	(ばんこく)
万戸	(ばんこ)
万花鏡	(まんげきょう,ばんかきょう)
万華鏡	(まんげきょう,ばんかきょう)
万化	(ばんか)
万貨	(ばんか)
万劫	(ばんごう,まんごう)
万金	(まんきん)
万境	(ばんきょう)
万巻	(まんがん)
万軍	(ばんぐん)
万口	(ばんこう)
万来	(ばんらい)
万雷	(ばんらい)
万里	(ばんり)
万里の長城	(ばんりのちょうじょう)
万力	(まんりき)
万緑	(ばんりょく)
万民	(ばんみん)
万目	(ばんもく)
万難	(ばんなん)
万難を排して	(ばんなんをはいして)
万能	(ばんのう,まんのう)
万能薬	(ばんのうやく)
万年	(まんねん,よろずとせ)
万年筆	(まんねんひつ,まんねんぴつ,まんねんふで)
万年床	(まんねんどこ)
万年候補	(まんねんこうほ)
万年新造	(まんねんしんぞ,まんねんしんぞう)
万年雪	(まんねんゆき)
万千	(ばんせん)
万頃	(ばんけい)
万全	(ばんぜん)
万全の策	(ばんぜんのさく)
万人	(ばんにん,ばんじん,まんにん)
万人向き	(まんにんむき,ばんにんむき)
万仞	(ばんじん)
万善	(まんぜん)
万世	(ばんせい)
万世不易	(ばんせいふえき)
万世一系	(ばんせいいっけい)
万事	(ばんじ)
万事キュース	(ばんじきゅうす)
万事急す	(ばんじきゅうす)
万事窮す	(ばんじきゅうす)
万事休す	(ばんじきゅうす)
万寿	(ばんじゅ)
万死	(ばんし)
万歳	(ばんざい,バンザイ)
万天	(ばんてん)
万々	(まんまん,ばんばん)
万々一	(まんまんいち,ばんばんいつ)
万万	(まんまん,ばんばん)
万万一	(まんまんいち,ばんばんいつ)
万屋	(よろずや)
万物	(ばんぶつ,ばんもつ)
万物の霊長	(ばんぶつのれいちょう)
万象	(ばんしょう)
万謝	(ばんしゃ)
万尋	(ばんじん)
万言	(まんげん)
万葉がな	(まんようがな)
万葉仮名	(まんようがな)
万葉集	(まんようしゅう)
万一	(まんいち,ばんいち,まんいつ)
万一に備える	(まんいちにそなえる)
万已むを得なければ	(ばんやむをえなければ)
万引	(まんびき)
万引き	(まんびき)
万有	(ばんゆう)
万有神教	(ばんゆうしんきょう)
万有引力	(ばんゆういんりょく)
万愚節	(ばんぐせつ)
万芸	(ばんげい)
万丈	(ばんじょう)
万障	(ばんしょう)
万止むを得ず	(ばんやむをえず)
万止むを得なければ	(ばんやむをえなければ)
万状	(ばんじょう)
万字	(まんじ)
万卒	(ばんそつ)
万作	(まんさく,マンサク)
卐	(まんじ)
卍	(まんじ)
卍巴	(まんじともえ,まんじどもえ)
卍字	(まんじ)
萬	(まん,よろず)
萬花鏡	(まんげきょう,ばんかきょう)
萬華鏡	(まんげきょう,ばんかきょう)
萬歳	(まんざい)
萬葉集	(まんようしゅう)
腕	(うで)
腕きき	(うできき)
腕だめし	(うでだめし)
腕まえ	(うでまえ)
腕白	(わんぱく)
腕環	(うでわ)
腕力	(わんりょく,うでぢから)
腕立	(うでたて)
腕立て	(うでたて)
腕立てふせ	(うでたてふせ)
腕立て伏せ	(うでたてふせ)
腕立伏せ	(うでたてふせ)
腕利き	(うできき)
腕輪	(うでわ)
腕前	(うでまえ)
腕時計	(うでどけい)
腕試	(うでだめし)
腕試し	(うでだめし)
腕章	(わんしょう)
腕組	(うでぐみ)
腕組み	(うでぐみ)
翫弄	(がんろう)
汪溢	(おういつ)
亡い	(ない)
亡う	(うしなう)
亡がら	(なきがら)
亡き	(なき)
亡きがら	(なきがら)
亡き骸	(なきがら)
亡き後	(なきあと)
亡き魂	(なきたま)
亡き親	(なきおや)
亡き人	(なきひと)
亡き者	(なきもの)
亡くなす	(なくなす)
亡くなる	(なくなる)
亡す	(ほろぼす)
亡びる	(ほろびる)
亡ぼす	(ほろぼす)
亡児	(ぼうじ)
亡夫	(ぼうふ)
亡父	(ぼうふ)
亡婦	(ぼうふ)
亡国	(ぼうこく)
亡骸	(なきがら)
亡魂	(ぼうこん)
亡君	(ぼうくん)
亡霊	(ぼうれい)
亡命	(ぼうめい)
亡命者	(ぼうめいしゃ)
亡母	(ぼうぼ)
亡妻	(ぼうさい)
亡親	(ぼうしん)
亡失	(ぼうしつ)
亡兄	(ぼうけい)
亡友	(ぼうゆう)
亡者	(もうじゃ)
亡状	(ぼうじょう)
亡子	(ぼうし)
亡姉	(ぼうし)
亡祖父	(ぼうそふ)
王さま	(おうさま)
王朝	(おうちょう)
王城	(おうじょう)
王道	(おうどう)
王法	(おうほう)
王妃	(おうひ)
王宮	(おうきゅう)
王冠	(おうかん)
王国	(おうこく)
王侯	(おうこう)
王化	(おうか)
王家	(おうけ)
王将	(おうしょう)
王將	(おうしょう)
王立	(おうりつ)
王女	(おうじょ,おうにょ)
王権	(おうけん)
王師	(おうし)
王事	(おうじ)
王室	(おうしつ)
王手	(おうて)
王水	(おうすい)
王統	(おうとう)
王土	(おうど)
王位	(おうい)
王物	(おうもの)
王様	(おうさま)
王者	(おうじゃ,おうしゃ)
王政	(おうせい)
王制	(おうせい)
王子	(おうじ)
王族	(おうぞく)
王座	(おうざ)
枉げる	(まげる)
罔両	(もうりょう)
罔羅	(もうら)
往き	(いき,ゆき)
往き返り	(ゆきかえり)
往き来	(ゆきき,いきき)
往く	(いく,ゆく,イク)
往なす	(いなす)
往返	(おうへん)
往訪	(おうほう)
往復	(おうふく)
往古	(いにしえ)
往還	(おうかん)
往航	(おうこう)
往来	(おうらい)
往路	(おうろ)
往年	(おうねん)
往日	(おうじつ)
往生	(おうじょう)
往時	(おうじ)
往事	(おうじ)
往々	(おうおう)
往往	(おうおう)
往昔	(おうせき)
往信	(おうしん)
往診	(おうしん)
惘れる	(あきれる)
惘然	(ぼうぜん,もうぜん,ボーゼン)
網	(あみ)
網かけ	(あみかけ)
網じゃくし	(あみじゃくし)
網み目	(あみめ)
網杓子	(あみじゃくし)
網袋	(あみぶくろ)
網掛け	(あみかけ)
網戸	(あみど)
網領	(こうりょう)
網羅	(もうら)
網膜	(もうまく)
網目	(あみめ)
網棚	(あみだな)
網状	(もうじょう,あみじょう)
魍魎	(もうりょう)
妄りに	(みだりに)
妄動	(もうどう,ぼうどう)
妄挙	(ぼうきょ)
妄念	(もうねん)
妄評	(ぼうひょう,もうひょう)
妄説	(ぼうせつ,もうせつ)
妄想	(もうそう,ぼうそう)
妄信	(もうしん,ぼうしん)
妄用	(ぼうよう)
妄執	(もうしゅう)
忘る	(わする)
忘れがち	(わすれがち)
忘れっぽい	(わすれっぽい)
忘れな草	(わすれなぐさ,ワスレナグサ)
忘れもの	(わすれもの,わすれもん)
忘れもん	(わすれもの,わすれもん)
忘れる	(わすれる)
忘れ勝ち	(わすれがち)
忘れ物	(わすれもの,わすれもん)
忘れ形見	(わすれがたみ)
忘恩	(ぼうおん)
忘年	(ぼうねん)
忘年会	(ぼうねんかい)
忘却	(ぼうきゃく)
忘我	(ぼうが)
旺ん	(さかん)
旺盛	(おうせい)
望ましい	(のぞましい)
望み	(のぞみ)
望む	(のぞむ)
望楼	(ぼうろう)
望樓	(ぼうろう)
望郷	(ぼうきょう)
望郷の念	(ぼうきょうのねん)
望遠	(ぼうえん)
望遠鏡	(ぼうえんきょう)
望月	(もちづき,ぼうげつ)
危い	(あぶない,アブない,アブナい)
危うい	(あやうい)
危うく	(あやうく)
危ぐ	(きぐ)
危ない	(あぶない,アブない,アブナい)
危ながる	(あぶながる)
危なげ	(あぶなげ)
危なっかしい	(あぶなっかしい)
危な絵	(あぶなえ)
危な気	(あぶなげ)
危ぶむ	(あやぶむ)
危める	(あやめる)
危弁	(きべん)
危殆	(きたい)
危地	(きち)
危篤	(きとく)
危峰	(きほう)
危害	(きがい)
危絵	(あぶなえ)
危機	(きき)
危機打者	(ききだしゃ)
危機管理	(ききかんり)
危機突破	(ききとっぱ)
危機一発	(ききいっぱつ)
危機一髪	(ききいっぱつ)
危急	(ききゅう)
危急存亡	(ききゅうそんぼう)
危極	(ききょく)
危局	(ききょく)
危惧	(きぐ)
危懼	(きく)
危難	(きなん)
危気	(あぶなげ)
危険	(きけん)
危険地帯	(きけんちたい)
危険角度	(きけんかくど)
危険人物	(きけんじんぶつ)
危険視	(きけんし)
危険思想	(きけんしそう)
危険物	(きけんぶつ)
危険信号	(きけんしんごう)
危険性	(きけんせい)
危険因子	(きけんいんし)
危疑	(きぎ)
危虞	(きぐ)
危坐	(きざ)
危座	(きざ)
威かす	(おどかす)
威す	(おどす)
威徳	(いとく)
威風	(いふう)
威伏	(いふく)
威服	(いふく)
威光	(いこう)
威喝	(いかつ)
威圧	(いあつ)
威力	(いりょく)
威令	(いれい)
威名	(いめい)
威権	(いけん)
威容	(いよう)
威勢	(いせい)
威武	(いぶ)
威嚇	(いかく)
威嚇射撃	(いかくしゃげき)
威信	(いしん)
威厳	(いげん)
威儀	(いぎ)
威張りちらす	(いばりちらす,えばりちらす)
威張り散らす	(いばりちらす,えばりちらす)
威張る	(いばる,えばる)
隈なく	(くまなく)
隈無く	(くまなく)
微か	(かすか)
微塵	(みじん,びじん)
微塵切り	(みじんぎり)
微塵子	(ミジンコ,みじんこ)
微調整	(びちょうせい)
微分	(びぶん)
微分断面積	(びぶんだんめんせき)
微分方程式	(びぶんほうていしき)
微風	(そよかぜ,びふう)
微光	(びこう)
微候	(ちょうこう)
微賎	(びせん)
微賤	(びせん)
微力	(びりょく)
微粒子	(びりゅうし)
微量	(びりょう)
微禄	(びろく)
微妙	(びみょう,ビミョー)
微熱	(びねつ)
微弱	(びじゃく)
微少	(びしょう)
微生物	(びせいぶつ)
微生物学	(びせいぶつがく)
微視的	(びしてき)
微睡む	(まどろむ)
微温	(びおん)
微温い	(ぬるい)
微系数	(びけいすう)
微細	(びさい)
微小	(びしょう)
微笑	(びしょう)
微笑ましい	(ほほえましい)
微笑み	(ほほえみ,ほおえみ)
微笑みかける	(ほほえみかける)
微笑み掛ける	(ほほえみかける)
微笑む	(ほほえむ,ほおえむ)
微行	(びこう)
微意	(びい)
微震	(びしん)
微衷	(びちゅう)
微罪	(びざい)
薇	(ぜんまい,ゼンマイ)
為	(ため)
為さる	(なさる)
為しおえる	(なしおえる)
為しおわる	(なしおわる)
為し遂げる	(なしとげる)
為し終える	(なしおえる)
為し終わる	(なしおわる)
為てやる	(してやる)
為て遣る	(してやる)
為に	(ために)
為め	(ため)
為り手	(なりて)
為る	(する)
為ん術	(せんすべ)
為残す	(しのこす)
為出かす	(しでかす)
為出す	(しだす)
為出来す	(しでかす)
為悪い	(しにくい,しがたい)
為放題	(しほうだい)
為付ける	(しつける)
為果せる	(しおおせる)
為過ぎる	(しすぎる)
為合う	(しあう)
為済ます	(しすます)
為兼ねる	(しかねる)
為尽くす	(しつくす)
為尽す	(しつくす)
為来たり	(しきたり)
為来り	(しきたり)
為留める	(しとめる)
為落し	(しおとし)
為落す	(しおとす)
為落ち	(しおち)
為落とし	(しおとし)
為落とす	(しおとす)
為納め	(しおさめ)
為難い	(しにくい,しがたい)
為人	(ひととなり)
為始める	(しはじめる)
為手	(して,シテ)
為送り	(しおくり)
為遂げる	(しとげる)
為損じる	(しそんじる)
為損なう	(しそこなう,しぞこなう)
為体	(ていたらく,テイタラク)
為替	(かわせ,かわし)
為替レート	(かわせレート)
為替管理	(かわせかんり)
為替尻	(かわせじり)
為替手形	(かわせてがた)
為替相場	(かわせそうば)
為替銀行	(かわせぎんこう)
為続ける	(しつづける)
為業	(しわざ)
為着	(しきせ)
為政家	(いせいか)
為政者	(いせいしゃ)
為直す	(しなおす)
為種	(しぐさ)
韋陀天	(いだてん)
唯	(ただ,タダ)
唯でさえ	(ただでさえ)
唯に	(ただに)
唯今	(ただいま)
唯理論	(ゆいりろん)
唯美主義	(ゆいびしゅぎ)
唯々	(ただただ)
唯々諾々	(いいだくだく)
唯唯	(ただただ)
唯唯諾諾	(いいだくだく)
唯我独尊	(ゆいがどくそん)
唯我論	(ゆいがろん)
唯物論	(ゆいぶつろん)
唯心論	(ゆいしんろん)
唯一	(ゆいいつ,ゆいつ,ゆういつ)
唯一無二	(ゆいいつむに,ゆいつむに)
帷幕	(いばく)
帷幄	(いあく)
帷幄の臣	(いあくのしん)
帷幄上奏	(いあくじょうそう)
帷幄之臣	(いあくのしん)
帷帳	(いちょう)
帷子	(かたびら)
惟神	(かんながら,かむながら,かみながら)
惟神の道	(かんながらのみち,かむながらのみち)
惟神道	(かんながらのみち,かむながらのみち)
爲	(ため)
爲さる	(なさる)
爲に	(ために)
違い	(ちがい)
違い棚	(ちがいだな)
違う	(ちがう)
違える	(ちがえる)
違背	(いはい)
違法	(いほう)
違反	(いはん)
違反者	(いはんしゃ)
違和	(いわ)
違和感	(いわかん)
違例	(いれい)
違令	(いれい)
違棚	(ちがいだな)
違式	(いしき)
違算	(いさん)
違憲	(いけん)
違心	(いしん,ことごころ)
違約	(いやく)
違約金	(いやくきん)
維持	(いじ)
維持費	(いじひ)
維新	(いしん)
鮠	(はや,はえ,はい)
尾	(お)
尾をひく	(おをひく)
尾を曳く	(おをひく)
尾を引く	(おをひく)
尾部	(びぶ)
尾長	(おなが,オナガ)
尾灯	(びとう)
尾燈	(びとう)
尾根	(おね)
尾行	(びこう)
尾翼	(びよく)
尾状	(びじょう)
尾状花	(びじょうか)
委しい	(くわしい)
委す	(まかす)
委せる	(まかせる)
委ねる	(ゆだねる)
委付	(いふ)
委曲	(いきょく)
委任	(いにん)
委任状	(いにんじょう)
委縮	(いしゅく)
委托	(いたく)
委託	(いたく)
委託生	(いたくせい)
委細	(いさい)
委細面談	(いさいめんだん)
委員	(いいん)
委員長	(いいんちょう)
委員会	(いいんかい)
委嘱	(いしょく)
萎える	(なえる)
萎びる	(しなびる)
萎む	(しぼむ)
萎れる	(しおれる)
萎靡	(いび)
萎縮	(いしゅく)
萎々	(しおしお)
萎萎	(しおしお)
梶	(かじ)
梶木	(かじき,カジキ)
偽	(にせ,ニセ)
偽もの	(にせもの)
偽り	(いつわり)
偽り誓う	(いつわりちかう)
偽り語る	(いつわりかたる)
偽り者	(いつわりもの)
偽る	(いつわる)
偽版	(ぎはん,にせはん)
偽報	(ぎほう)
偽本	(ぎほん)
偽筆	(ぎひつ)
偽兵	(ぎへい)
偽称	(ぎしょう)
偽電	(ぎでん)
偽悪	(ぎあく)
偽計	(ぎけい)
偽金	(にせがね)
偽君子	(ぎくんし,にせくんし)
偽客	(さくら,サクラ)
偽名	(ぎめい)
偽妊娠	(ぎにんしん)
偽善	(ぎぜん)
偽善者	(ぎぜんしゃ)
偽史	(ぎし)
偽誓	(ぎせい)
偽手紙	(にせてがみ)
偽首	(にせくび)
偽書	(ぎしょ)
偽物	(いかもの)
偽性	(ぎせい)
偽学	(ぎがく)
偽言	(ぎげん)
偽薬	(ぎやく)
偽印	(ぎいん,にせいん)
偽造	(ぎぞう)
偽造罪	(ぎぞうざい)
偽札	(にせさつ)
偽者	(にせもの)
偽証	(ぎしょう)
偽証者	(ぎしょうしゃ)
偽証罪	(ぎしょうざい)
偽製	(ぎせい)
偽装	(ぎそう)
偽作	(ぎさく)
偉	(い)
偉い	(えらい,エライ,エラい)
偉い人	(えらいひと)
偉がる	(えらがる)
偉才	(いさい)
偉大	(いだい)
偉徳	(いとく)
偉功	(いこう)
偉観	(いかん)
偉觀	(いかん)
偉跡	(いせき)
偉績	(いせき)
偉蹟	(いせき)
偉挙	(いきょ)
偉力	(いりょく)
偉烈	(いれつ)
偉人	(いじん)
偉容	(いよう)
偉物	(えらぶつ,えらもの)
偉効	(いこう)
偉勲	(いくん)
偉業	(いぎょう)
偉丈夫	(いじょうふ,いじょうぶ)
葦	(あし,よし,アシ)
葦笛	(あしぶえ,よしぶえ,ろてき)
葦簾	(よしず)
葦鹿	(あしか,みち,アシカ)
葦毛	(あしげ)
葦簀	(よしず)
猥ら	(みだら)
猥りがわしい	(みだりがわしい)
猥りに	(みだりに)
猥本	(わいほん)
猥談	(わいだん)
猥褻	(わいせつ,ワイセツ)
猥雑	(わいざつ)
緯	(よこいと,ぬきいと,ぬき)
緯度	(いど)
緯糸	(よこいと,ぬきいと,ぬき)
緯線	(いせん)
鮪	(マグロ,まぐろ)
鮪釣り	(まぐろつり)
未	(ひつじ)
未だ	(まだ,いまだ)
未だし	(いまだし)
未だに	(いまだに)
未だ未だ	(まだまだ)
未曽有	(みぞう)
未曾有	(みぞう)
未成	(みせい)
未成年	(みせいねん)
未成年者	(みせいねんしゃ)
未成品	(みせいひん)
未処分	(みしょぶん)
未処置	(みしょち)
未登記	(みとうき)
未丁年	(みていねん)
未定	(みてい)
未定稿	(みていこう)
未定義	(みていぎ)
未読	(みどく)
未発表	(みはっぴょう)
未発達	(みはったつ)
未発見	(みはっけん)
未発行	(みはっこう)
未払	(みはらい,みばらい)
未払い	(みはらい,みばらい)
未払い込み	(みはらいこみ)
未払費用	(みはらいひよう)
未耕地	(みこうち)
未公表	(みこうひょう)
未帰還者	(みきかんしゃ)
未婚	(みこん)
未婚者	(みこんしゃ)
未記入	(みきにゅう)
未済	(みさい)
未見	(みけん)
未醤	(みそ,ミソ)
未教育	(みきょういく)
未解決	(みかいけつ)
未解決問題	(みかいけつもんだい)
未届け	(みとどけ)
未進	(みしん)
未経過	(みけいか)
未経験	(みけいけん)
未経験者	(みけいけんしゃ)
未就学児童	(みしゅうがくじどう)
未決	(みけつ)
未決定	(みけってい)
未決済	(みけっさい)
未決監	(みけつかん)
未決囚	(みけつしゅう)
未決算	(みけっさん)
未開	(みかい)
未開発	(みかいはつ)
未開墾	(みかいこん)
未開墾地	(みかいこんち)
未開拓	(みかいたく)
未開拓地	(みかいたくち)
未刊	(みかん)
未刊行	(みかんこう)
未墾	(みこん)
未墾地	(みこんち)
未来	(みらい)
未来派	(みらいは)
未来完了	(みらいかんりょう)
未来像	(みらいぞう)
未来型	(みらいがた)
未来指向	(みらいしこう)
未来志向	(みらいしこう)
未了	(みりょう)
未練	(みれん)
未満	(みまん)
未明	(みめい)
未納	(みのう)
未年	(ひつじどし)
未配当	(みはいとう)
未青年	(みせいねん)
未確定	(みかくてい)
未確認飛行物体	(みかくにんひこうぶったい)
未然	(みぜん)
未然に防ぐ	(みぜんにふせぐ)
未然形	(みぜんけい)
未設	(みせつ)
未使用	(みしよう)
未収	(みしゅう)
未収入金	(みしゅうにゅうきん)
未収載	(みしゅうさい)
未熟	(みじゅく)
未熟児	(みじゅくじ)
未熟者	(みじゅくもの)
未遂	(みすい)
未遂罪	(みすいざい)
未踏	(みとう)
未踏査	(みとうさ)
未通女	(おぼこ)
未完	(みかん)
未完成	(みかんせい)
未亡人	(みぼうじん,びぼうじん)
未聞	(みもん)
未詳	(みしょう)
未消化	(みしょうか)
未信者	(みしんじゃ)
未着	(みちゃく)
未着手	(みちゃくしゅ)
未知	(みち)
未知数	(みちすう)
未製品	(みせいひん)
未組織	(みそしき)
位	(くらい)
位次	(いじ)
位倒れ	(くらいだおれ)
位地	(いち)
位負け	(くらいまけ)
位官	(いかん)
位冠	(いかん)
位記	(いき)
位記追贈	(いきついぞう)
位階	(いかい)
位階勲等	(いかいくんとう)
位牌	(いはい)
位牌堂	(いはいどう)
位取り	(くらいどり)
位取る	(くらいどる)
位相	(いそう)
位相幾何学	(いそうきかがく)
位相空間	(いそうくうかん)
位勲	(いくん)
位置	(いち)
位置そろえ	(いちぞろえ,いちそろえ)
位置ぞろえ	(いちぞろえ,いちそろえ)
位置づけ	(いちづけ,いちつけ)
位置づける	(いちづける,いちずける)
位置付け	(いちづけ,いちつけ)
位置付ける	(いちづける,いちずける)
位置合わせ	(いちあわせ)
位置揃え	(いちぞろえ,いちそろえ)
味	(あじ)
味が薄い	(あじがうすい)
味けない	(あじけない,あじきない)
味つけ	(あじつけ)
味の素	(あじのもと)
味わい	(あじわい)
味わう	(あじわう)
味噌	(みそ,ミソ)
味噌汁	(みそしる)
味方	(みかた)
味付け	(あじつけ)
味覚	(みかく)
味醂	(みりん)
味淋	(みりん)
味気ない	(あじけない,あじきない)
味気無い	(あじけない,あじきない)
味着け	(あじつけ)
畏い	(かしこい)
畏まりました	(かしこまりました)
畏まる	(かしこまる)
畏る	(おそる)
畏るべき	(おそるべき)
畏れ	(おそれ)
畏れる	(おそれる)
畏れ入る	(おそれいる)
畏ろしい	(おそろしい)
畏怖	(いふ)
畏服	(いふく)
畏敬	(いけい)
畏懼	(いく)
畏縮	(いしゅく)
畏友	(いゆう)
胃	(い)
胃ガン	(いがん)
胃がん	(いがん)
胃癌	(いがん)
胃壁	(いへき)
胃病	(いびょう)
胃腸	(いちょう)
胃袋	(いぶくろ)
胃鏡	(いきょう)
胃潰瘍	(いかいよう)
胃嚢	(いぶくろ)
胃弱	(いじゃく)
胃散	(いさん)
胃酸	(いさん)
胃痛	(いつう)
胃洗浄	(いせんじょう)
胃下垂	(いかすい)
胃炎	(いえん)
胃薬	(いぐすり)
胃液	(いえき)
尉	(じょう)
尉官	(いかん)
蝟	(はりねずみ,ハリネズミ)
蝟集	(いしゅう)
衛兵	(えいへい)
衛生	(えいせい)
衛生的	(えいせいてき)
衛生基準	(えいせいきじゅん)
衛視	(えいし)
衛所	(えいしょ)
衛星	(えいせい)
衛星地球局	(えいせいちきゅうきょく)
衛星放送	(えいせいほうそう)
慰み	(なぐさみ)
慰む	(なぐさむ)
慰め	(なぐさめ)
慰める	(なぐさめる)
慰安	(いあん)
慰安婦	(いあんふ)
慰撫	(いぶ)
慰藉	(いしゃ)
慰藉料	(いしゃりょう)
慰労	(いろう)
慰霊祭	(いれいさい)
慰留	(いりゅう)
慰問	(いもん)
慰謝	(いしゃ)
慰謝料	(いしゃりょう)
謂う	(いう,ゆう)
謂れ	(いわれ)
謂わば	(いわば)
謂わゆる	(いわゆる)
謂われ	(いわれ)
温い	(ぬるい)
温かい	(あたたかい,あったかい,あったけー)
温きゅう	(おんきゅう)
温まる	(あたたまる,あったまる,ぬくまる)
温み	(ぬくみ)
温む	(ぬるむ)
温める	(あたためる,あっためる)
温もり	(ぬくもり)
温床	(おんしょう)
温存	(おんぞん)
温帯	(おんたい)
温点	(おんてん)
温度	(おんど)
温度計	(おんどけい)
温海	(あつみ)
温和	(おんわ)
温和しい	(おとなしい)
温厚	(おんこう)
温健	(おんけん)
温灸	(おんきゅう)
温良	(おんりょう)
温暖	(おんだん)
温暖化現象	(おんだんかげんしょう)
温情	(おんじょう)
温泉	(おんせん)
温熱	(おんねつ)
温熱性	(おんねつせい)
温容	(おんよう)
温柔しい	(おとなしい)
温色	(おんしょく)
温室	(おんしつ)
温水	(おんすい)
温順	(おんじゅん)
温湯	(おんとう)
温々	(ぬくぬく)
温温	(ぬくぬく)
温習	(おんしゅう,さらい)
温習う	(さらう)
温雅	(おんが)
温顔	(おんがん)
温浴	(おんよく)
饂飩	(うどん,うんどん)
鰮	(いわし,イワシ)
文	(ふみ)
文案	(ぶんあん)
文筆	(ぶんぴつ)
文部	(もんぶ)
文部大臣	(もんぶだいじん)
文部省	(もんぶしょう)
文調	(ぶんちょう)
文法	(ぶんぽう)
文法的	(ぶんぽうてき)
文房具	(ぶんぼうぐ)
文官	(ぶんかん)
文蛤	(はまぐり,ハマグリ)
文豪	(ぶんごう)
文化	(ぶんか)
文化の日	(ぶんかのひ)
文化財	(ぶんかざい)
文化的	(ぶんかてき)
文化祭	(ぶんかさい)
文節	(ぶんせつ)
文節数	(ぶんせつすう)
文句	(もんく)
文科	(ぶんか)
文科系	(ぶんかけい)
文庫	(ぶんこ)
文庫本	(ぶんこぼん)
文庫化	(ぶんこか)
文例	(ぶんれい)
文脈	(ぶんみゃく)
文盲	(もんもう)
文面	(ぶんめん)
文民	(ぶんみん)
文明	(ぶんめい)
文明社会	(ぶんめいしゃかい)
文目	(もんめ)
文殊	(もんじゅ)
文殊様	(もんじゅさま)
文書	(ぶんしょ,もんじょ,ぶんじょ)
文壇	(ぶんだん)
文体	(ぶんたい)
文通	(ぶんつう)
文系	(ぶんけい)
文献	(ぶんけん)
文型	(ぶんけい)
文学	(ぶんがく)
文学賞	(ぶんがくしょう)
文学史	(ぶんがくし)
文学者	(ぶんがくしゃ)
文学作品	(ぶんがくさくひん)
文意	(ぶんい)
文藝	(ぶんげい)
文語	(ぶんご)
文月	(ふみづき,ふづき)
文楽	(ぶんらく)
文芸	(ぶんげい)
文芸復興	(ぶんげいふっこう)
文芸批評	(ぶんげいひひょう)
文責	(ぶんせき)
文章	(ぶんしょう,もんじょう,もんぞう)
文中	(ぶんちゅう)
文珠	(もんじゅ)
文字	(もじ,もんじ)
文字どうり	(もじどおり)
文字どおり	(もじどおり)
文字典	(じてん,もじてん)
文字読取り装置	(もじよみとりそうち)
文字化け	(もじばけ)
文字列	(もじれつ)
文字情報	(もじじょうほう)
文字通り	(もじどおり)
匁	(もんめ)
蚊	(か,カ)
蚊とりせんこう	(かとりせんこう)
蚊とり線香	(かとりせんこう)
蚊のささやくような声	(かのささやくようなこえ)
蚊の囁くような声	(かのささやくようなこえ)
蚊触れる	(かぶれる)
蚊母鳥	(よたか,ぶんぼちょう,ヨタカ)
蚊取り線香	(かとりせんこう)
蚊取線香	(かとりせんこう)
蚊屋	(かや,かちょう,ぶんちょう)
蚊帳	(かや,かちょう,ぶんちょう)
蚊柱	(かばしら)
紋切り型	(もんきりがた)
紋切型	(もんきりがた)
紋章	(もんしょう)
聞える	(きこえる)
聞かす	(きかす)
聞かせる	(きかせる)
聞かん気	(きかんき)
聞か猿	(きかざる)
聞きおぼえる	(ききおぼえる)
聞きおよぶ	(ききおよぶ)
聞きかえす	(ききかえす)
聞きかじる	(ききかじる)
聞きこむ	(ききこむ)
聞きだす	(ききだす)
聞きつける	(ききつける)
聞きとがめる	(ききとがめる)
聞きとどける	(ききとどける)
聞きとる	(ききとる)
聞きほれる	(ききほれる)
聞きもらす	(ききもらす)
聞きわける	(ききわける)
聞き出す	(ききだす)
聞き返す	(ききかえす)
聞き分け	(ききわけ)
聞き分けのいい	(ききわけのいい,ききわけのよい)
聞き分けのよい	(ききわけのいい,ききわけのよい)
聞き分けの良い	(ききわけのいい,ききわけのよい)
聞き分ける	(ききわける)
聞き付ける	(ききつける)
聞き合せる	(ききあわせる)
聞き合わせる	(ききあわせる)
聞き惚れる	(ききほれる)
聞き及ぶ	(ききおよぶ)
聞き届ける	(ききとどける)
聞き尽くす	(ききつくす)
聞き咎める	(ききとがめる)
聞き覚える	(ききおぼえる)
聞き漏らす	(ききもらす)
聞き齧る	(ききかじる)
聞き取り	(ききとり)
聞き取る	(ききとる)
聞き入る	(ききいる)
聞き入れる	(ききいれる)
聞き捨てる	(ききすてる)
聞き手	(ききて)
聞き洩らす	(ききもらす)
聞き込む	(ききこむ)
聞き伝える	(ききつたえる)
聞く	(きく)
聞こえる	(きこえる)
聞出す	(ききだす)
聞分け	(ききわけ)
聞分ける	(ききわける)
聞付ける	(ききつける)
聞届ける	(ききとどける)
聞取り	(ききとり)
聞取る	(ききとる)
聞入る	(ききいる)
聞入れる	(ききいれる)
聞手	(ききて)
聞込む	(ききこむ)
刎	(はね)
刎頸	(ふんけい)
刎頚	(ふんけい)
刎死	(ふんし)
紊す	(みだす)
紊れる	(みだれる)
穏やか	(おだやか)
穏便	(おんびん)
穏当	(おんとう)
穏和	(おんわ)
穏健	(おんけん)
問	(とい)
問い	(とい)
問いかける	(といかける)
問いただす	(といただす)
問いつめる	(といつめる)
問い返す	(といかえす)
問い掛ける	(といかける)
問い合せ	(といあわせ)
問い合せる	(といあわせる)
問い合わせ	(といあわせ)
問い合わせる	(といあわせる)
問い詰める	(といつめる)
問い糾す	(といただす)
問い正す	(といただす)
問い質す	(といただす)
問う	(とう)
問答	(もんどう)
問答無用	(もんどうむよう)
問返す	(といかえす)
問掛ける	(といかける)
問合せ	(といあわせ)
問合せる	(といあわせる)
問合わせ	(といあわせ)
問合わせる	(といあわせる)
問題	(もんだい)
問題を取り上げる	(もんだいをとりあげる)
問題点	(もんだいてん)
問題児	(もんだいじ)
問題解決	(もんだいかいけつ)
問屋	(とんや,といや)
翁	(おきな,おう)
甕	(みか,みかわ)
甕わ	(みか,みかわ)
倭	(やまと)
倭歌	(わか)
倭絵	(やまとえ)
倭冦	(わこう)
倭寇	(わこう)
倭名	(わめい,わみょう)
倭人	(わじん)
倭語	(わご)
渦	(うず)
渦まく	(うずまく)
渦潮	(うずしお)
渦動	(かどう)
渦巻	(うずまき)
渦巻き	(うずまき)
渦巻く	(うずまく)
渦流	(かりゅう)
渦紋	(かもん)
渦中	(かちゅう)
渦状	(かじょう)
蝸牛	(かたつむり,カタツムリ,かたつぶり)
我	(われ,わ,あれ)
我が	(わが)
我がこころ	(わがこころ)
我がこと	(わがこと)
我がちに	(われがちに)
我がまま	(わがまま)
我がもの	(わがもの)
我がもの顔	(わがものがお)
我が輩	(わがはい)
我が党	(わがとう)
我が方	(わがほう)
我が国	(わがくに)
我が家	(わがや,わがいえ)
我が儘	(わがまま)
我が君	(わがきみ)
我が身	(わがみ)
我が事	(わがこと)
我が物	(わがもの)
我が物顔	(わがものがお)
我が心	(わがこころ)
我が意を得る	(わがいをえる)
我さきに	(われさきに)
我しらず	(われしらず)
我ながら	(われながら)
我も我も	(われもわれも)
我ら	(われら)
我れ	(われ,わ,あれ)
我を出す	(がをだす)
我を立てる	(がをたてる)
我を通す	(がをとおす)
我を張る	(がをはる)
我を折る	(がをおる)
我褒め	(われぼめ)
我輩	(わがはい)
我党	(わがとう)
我等	(われら)
我方	(わがほう)
我国	(わがくに)
我家	(わがや,わがいえ)
我儘	(わがまま)
我侭	(わがまま)
我利	(がり)
我利勉	(がりべん,ガリベン)
我流	(がりゅう)
我慢	(がまん,ガマン)
我毛香	(われもこう,ワレモコウ)
我妹	(わぎも)
我妹子	(わぎもこ)
我情	(がじょう)
我人	(われひと)
我身	(わがみ)
我勝ちに	(われがちに)
我田引水	(がでんいんすい)
我武者ら	(がむしゃら,ガムシャラ)
我武者羅	(がむしゃら,ガムシャラ)
我物	(わがもの)
我先に	(われさきに)
我心	(わがこころ)
我意	(がい)
我欲	(がよく)
我慾	(がよく)
我乍ら	(われながら)
我知らず	(われしらず)
我執	(がしゅう)
沃度チンキ	(ヨードチンキ)
沃度丁幾	(ヨードチンキ)
沃素	(ようそ)
臥し所	(ふしど,ふしどころ)
臥し転ぶ	(ふしまろぶ)
臥せる	(ふせる)
臥床	(がしょう)
臥児狼徳	(グリーンランド)
臥竜	(がりゅう,がりょう)
臥龍	(がりゅう,がりょう)
臥所	(ふしど,ふしどころ)
臥薪嘗胆	(がしんしょうたん)
偓促	(あくせく,あくさく)
握らす	(にぎらす)
握り	(にぎり,ニギリ)
握りしめる	(にぎりしめる)
握りつぶし	(にぎりつぶし)
握りつぶす	(にぎりつぶす)
握り締める	(にぎりしめる)
握り飯	(にぎりめし)
握り緊める	(にぎりしめる)
握り潰し	(にぎりつぶし)
握り潰す	(にぎりつぶす)
握り鮨	(にぎりずし)
握り寿司	(にぎりずし)
握り屋	(にぎりや)
握る	(にぎる)
握飯	(にぎりめし)
握斧	(あくふ)
握力	(あくりょく)
握手	(あくしゅ)
幄舎	(あくしゃ)
渥地	(あくち)
斡旋	(あっせん)
斡旋料	(あっせんりょう)
齷齪	(あくせく,あくさく)
巫	(かんなぎ)
巫女	(みこ,ふじょ)
巫女寄せ	(みこよせ)
巫山戯る	(ふざける)
巫術	(ふじゅつ)
巫者	(ふしゃ)
巫子	(みこ,ふじょ)
屋並	(いえなみ,やなみ)
屋並み	(いえなみ,やなみ)
屋敷	(やしき)
屋根	(やね)
屋号	(やごう)
屋内	(おくない)
屋上	(おくじょう)
屋台	(やたい)
屋体	(やたい)
屋外	(おくがい)
屋形	(やかた)
烏	(カラス,からす)
烏の濡れ羽色	(からすのぬればいろ)
烏の豌豆	(カラスノエンドウ,からすのえんどう)
烏の行水	(からすのぎょうずい)
烏貝	(カラスガイ,からすがい)
烏豆	(くろまめ,クロマメ)
烏合の衆	(うごうのしゅう)
烏滸がましい	(おこがましい)
烏滸の沙汰	(おこのさた)
烏金	(からすがね)
烏克蘭	(ウクライナ)
烏口	(からすぐち)
烏竜茶	(ウーロンちゃ,ウーロンチャ)
烏龍茶	(ウーロンちゃ,ウーロンチャ)
烏帽子	(えぼし)
烏鳴き	(からすなき)
烏蛇	(からすへび,カラスヘビ)
烏犀角	(うさいかく)
烏野豌豆	(カラスノエンドウ,からすのえんどう)
烏有に帰する	(うゆうにきする)
烏有先生	(うゆうせんせい)
烏羽色	(からすばいろ)
烏羽玉	(うばたま,ウバタマ)
烏賊	(イカ,いか)
烏紙	(からすがみ)
嗚呼	(ああ,あー,あぁ)
嗚咽	(おえつ)
誣いる	(しいる)
誣言	(ぶげん,ふげん)
鰞	(イカ,いか)
无れ	(なかれ)
毋れ	(なかれ)
吾	(われ,わ,あれ)
吾が	(わが)
吾が輩	(わがはい)
吾ら	(われら)
吾れ	(われ,わ,あれ)
吾輩	(わがはい)
吾等	(われら)
吾妹	(わぎも)
吾妹子	(わぎもこ)
吾木香	(われもこう,ワレモコウ)
吾妻	(あずま,あづま)
吾嬬	(あずま,あづま)
吾亦紅	(われもこう,ワレモコウ)
吾子	(あこ,わこ)
呉れてやる	(くれてやる)
呉れて遣る	(くれてやる)
呉れる	(くれる)
呉れ手	(くれて)
呉れ呉れも	(くれぐれも)
呉服	(ごふく)
呉服店	(ごふくてん,ごふくだな)
呉服商	(ごふくしょう)
呉服屋	(ごふくや)
呉服物	(ごふくもの)
呉々も	(くれぐれも)
呉呉も	(くれぐれも)
呉音	(ごおん)
呉越	(ごえつ)
呉越同舟	(ごえつどうしゅう)
呉蓙	(ござ)
茣蓙	(ござ)
梧桐	(あおぎり,ごとう,アオギリ)
無い	(ない)
無き者	(なきもの)
無くす	(なくす)
無くなす	(なくなす)
無くなる	(なくなる)
無けなし	(なけなし)
無け無し	(なけなし)
無し	(なし)
無しで	(なしで)
無しですます	(なしですます)
無しで済ます	(なしですます)
無しに	(なしに)
無しのつぶて	(なしのつぶて)
無愛想	(ぶあいそう,ぶあいそ)
無闇に	(むやみに)
無暗に	(むやみに)
無保証	(むほしょう)
無報酬	(むほうしゅう)
無暴	(むぼう)
無比	(むひ)
無残	(むざん)
無慚	(むざん)
無慙	(むざん)
無惨	(むざん)
無茶	(むちゃ,むっちゃ)
無茶苦茶	(むちゃくちゃ,ムチャクチャ)
無差別	(むさべつ)
無常	(むじょう)
無償	(むしょう)
無疵	(むきず)
無慈悲	(むじひ)
無担保	(むたんぽ)
無担保貸付	(むたんぽかしつけ)
無地	(むじ)
無敵	(むてき)
無敵艦隊	(むてきかんたい)
無調法	(ぶちょうほう)
無毒	(むどく)
無断	(むだん)
無断で	(むだんで)
無断転載	(むだんてんさい)
無頓着	(むとんちゃく,むとんじゃく)
無二無三	(むにむさん,むにむざん)
無法	(むほう)
無法者	(むほうしゃ,むほうもの)
無反動銃	(むはんどうじゅう)
無反動砲	(むはんどうほう)
無防備	(むぼうび)
無風流	(ぶふうりゅう)
無感覚	(むかんかく)
無格好	(ぶかっこう)
無給	(むきゅう)
無垢	(むく)
無骨者	(ぶこつもの)
無関係	(むかんけい)
無関心	(むかんしん)
無花果	(いちじく,イチジク,いちぢく)
無機	(むき)
無降水	(むこうすい)
無節操	(むせっそう)
無届	(むとどけ)
無届け	(むとどけ)
無尽蔵	(むじんぞう)
無精	(ぶしょう)
無精ヒゲ	(ぶしょうひげ)
無精ひげ	(ぶしょうひげ)
無精者	(ぶしょうもの)
無精髭	(ぶしょうひげ)
無菌	(むきん)
無口	(むくち)
無礼	(ぶれい)
無礼る	(なめる,ナメる)
無礼講	(ぶれいこう)
無理	(むり,ムリ)
無理じい	(むりじい)
無理やり	(むりやり,ムリヤリ)
無理難題	(むりなんだい)
無理遣り	(むりやり,ムリヤリ)
無理強い	(むりじい)
無理矢理	(むりやり,ムリヤリ)
無理数	(むりすう)
無理算段	(むりさんだん)
無理心中	(むりしんじゅう)
無力	(むりょく)
無料	(むりょう)
無論	(むろん)
無帽	(むぼう)
無躾	(ぶしつけ)
無名	(むめい)
無名戦士	(むめいせんし)
無銘	(むめい)
無謀	(むぼう)
無難	(ぶなん)
無能	(むのう)
無能者	(むのうしゃ)
無念	(むねん)
無気力	(むきりょく)
無気味	(ぶきみ)
無器量	(ぶきりょう,ふきりょう)
無器用	(ぶきよう)
無銭	(むせん)
無銭旅行	(むせんりょこう)
無銭飲食	(むせんいんしょく)
無銭遊興	(むせんゆうきょう)
無欠	(むけつ)
無情	(むじょう)
無缺	(むけつ)
無人	(むじん,ぶにん,むにん)
無人島	(むじんとう)
無色	(むしょく)
無傷	(むきず)
無上	(むじょう)
無神論者	(むしんろんしゃ)
無声	(むせい)
無声音	(むせいおん)
無実	(むじつ)
無事	(ぶじ)
無事に	(ぶじに)
無事息災	(ぶじそくさい)
無視	(むし)
無手法	(むてっぽう)
無手順	(むてじゅん)
無数	(むすう)
無双	(むそう,ぶそう)
無水	(むすい)
無水物	(むすいぶつ)
無税	(むぜい)
無粋	(ぶすい)
無題	(むだい)
無体財産	(むたいざいさん)
無条件	(むじょうけん)
無鉄砲	(むてっぽう)
無駄	(むだ,ムダ)
無駄づかい	(むだづかい)
無駄にする	(むだにする)
無駄骨	(むだぼね)
無駄話	(むだばなし)
無駄遣い	(むだづかい)
無駄使い	(むだづかい)
無駄足	(むだあし)
無為	(むい)
無為徒食	(むいとしょく)
無為無策	(むいむさく)
無味簡素	(むみかんそう)
無味乾燥	(むみかんそう)
無我	(むが)
無我夢中	(むがむちゅう)
無我無中	(むがむちゅう)
無細工	(ぶさいく,ぶざいく,ブサイク)
無限	(むげん)
無限ループ	(むげんループ)
無限大	(むげんだい)
無限小	(むげんしょう)
無限責任	(むげんせきにん)
無線	(むせん)
無線操縦	(むせんそうじゅう)
無線電話	(むせんでんわ)
無線工学	(むせんこうがく)
無線機	(むせんき)
無線技術	(むせんぎじゅつ)
無線周波数	(むせんしゅうはすう)
無効	(むこう)
無邪気	(むじゃき)
無形	(むけい)
無形固定資産	(むけいこていしさん)
無休	(むきゅう)
無学	(むがく)
無言	(むごん)
無言劇	(むごんげき)
無塩	(むえん,ぶえん)
無様	(ぶざま)
無益	(むえき)
無意気	(ぶいき)
無意識	(むいしき)
無意味	(むいみ)
無音	(むおん)
無用	(むよう)
無用心	(ぶようじん,ふようじん)
無欲	(むよく)
無欲恬淡	(むよくてんたん)
無慾	(むよく)
無縁	(むえん)
無遠慮	(ぶえんりょ)
無雑作	(むぞうさ)
無造作	(むぞうさ)
無責任	(むせきにん)
無政府	(むせいふ)
無政府主義	(むせいふしゅぎ)
無症状	(むしょうじょう)
無知	(むち)
無知蒙昧	(むちもうまい)
無職	(むしょく)
無制限	(むせいげん)
無秩序	(むちつじょ)
無智	(むち)
無智蒙昧	(むちもうまい)
無重力	(むじゅうりょく)
無宗派	(むしゅうは)
無罪	(むざい)
無作法	(ぶさほう)
無作為	(むさくい)
蜈蚣	(むかで,ひゃくそく,ムカデ)
蕪	(かぶ,かぶら,カブ)
蕪菁	(かぶ,かぶら,カブ)
鼯鼠	(むささび,むざさび,ムササビ)
五	(ご,いつ,い)
五つ	(いつつ)
五つ子	(いつつご)
五倍	(ごばい)
五倍子	(ふし,ごばいし)
五彩	(ごさい)
五蔵	(ごぞう)
五常	(ごじょう)
五寸くぎ	(ごすんくぎ)
五寸釘	(ごすんくぎ)
五大国	(ごだいこく)
五大洋	(ごたいよう,ごだいよう)
五大州	(ごだいしゅう)
五大洲	(ごだいしゅう)
五徳	(ごとく)
五斗米	(ごとべい)
五段	(ごだん)
五段動詞	(ごだんどうし)
五悪	(ごあく)
五辺形	(ごへんけい)
五分	(ごぶ)
五分試し	(ごぶだめし)
五分五分	(ごぶごぶ)
五分刈り	(ごぶがり)
五感	(ごかん)
五更	(ごこう)
五穀	(ごこく)
五官	(ごかん)
五桁	(ごけた)
五畿内	(ごきない)
五角形	(ごかくけい,ごかっけい)
五節	(ごせつ)
五節供	(ごせっく)
五節句	(ごせっく)
五戒	(ごかい)
五経	(ごきょう)
五稜堡	(ごりょうほ)
五稜郭	(ごりょうかく)
五里夢中	(ごりむちゅう)
五里霧中	(ごりむちゅう)
五倫	(ごりん)
五倫の道	(ごりんのみち)
五輪	(ごりん)
五輪の塔	(ごりんのとう)
五輪大会	(ごりんたいかい)
五輪旗	(ごりんき)
五輪聖火	(ごりんせいか)
五芒	(ごぼう)
五目	(ごもく)
五目ずし	(ごもくずし)
五目めし	(ごもくめし)
五目飯	(ごもくめし)
五目鮨	(ごもくずし)
五目寿司	(ごもくずし)
五情	(ごじょう)
五人ばやし	(ごにんばやし)
五人囃子	(ごにんばやし)
五人組	(ごにんぐみ)
五日	(いつか,ごにち)
五色	(ごしき,ごしょく)
五十	(いそじ)
五十歩百歩	(ごじっぽひゃっぽ,ごじゅっぽひゃっぽ)
五十路	(いそじ)
五十年祭	(ごじゅうねんさい)
五十三次	(ごじゅうさんつぎ)
五十音	(ごじゅうおん)
五十音順	(ごじゅうおんじゅん)
五書	(ごしょ)
五体	(ごたい)
五弦	(ごげん)
五絃	(ごげん)
五線	(ごせん)
五線譜	(ごせんふ)
五線紙	(ごせんし)
五行	(ごぎょう)
五旬節	(ごじゅんせつ)
五音音階	(ごおんおんかい)
五月	(ごがつ)
五月の節句	(ごがつのせっく)
五月闇	(さつきやみ)
五月晴	(さつきばれ)
五月晴れ	(さつきばれ)
五月人形	(ごがつにんぎょう)
五月蝿い	(うるさい,ウルサイ)
五月蠅い	(うるさい,ウルサイ)
五月雨	(さみだれ,さつきあめ)
五月幟	(ごがつのぼり,さつきのぼり)
五臓	(ごぞう)
五臓六腑	(ごぞうろっぷ)
五指	(ごし)
五種競技	(ごしゅきょうぎ)
五重	(いつえ,ごじゅう)
五重の塔	(ごじゅうのとう)
五重塔	(ごじゅうのとう)
午	(うま)
午すぎ	(ひるすぎ)
午餐	(ごさん)
午餐会	(ごさんかい)
午過ぎ	(ひるすぎ)
午后	(ごご)
午後	(ごご)
午後中	(ごごじゅう)
午刻	(ごこく)
午年	(うまどし)
午砲	(ごほう)
午前	(ごぜん)
午前様	(ごぜんさま)
午前中	(ごぜんちゅう)
午睡	(ごすい)
伍	(ご,いつ,い)
伍つ	(いつつ)
伍長	(ごちょう)
武し	(たけし)
武備	(ぶび)
武弁	(ぶべん)
武臣	(ぶしん)
武道	(ぶどう)
武徳	(ぶとく)
武断	(ぶだん)
武断的	(ぶだんてき)
武断政治	(ぶだんせいじ)
武断主義	(ぶだんしゅぎ)
武辺	(ぶへん)
武功	(ぶこう)
武骨者	(ぶこつもの)
武官	(ぶかん)
武漢三鎮	(ぶかんさんちん)
武技	(ぶぎ)
武家	(ぶけ)
武家時代	(ぶけじだい)
武家物	(ぶけもの)
武家政治	(ぶけせいじ)
武鑑	(ぶかん)
武将	(ぶしょう)
武教	(ぶきょう)
武具	(ぶぐ)
武庫	(ぶこ)
武力	(ぶりょく)
武力衝突	(ぶりょくしょうとつ)
武力外交	(ぶりょくがいこう)
武力行使	(ぶりょくこうし)
武力戦	(ぶりょくせん)
武力政治	(ぶりょくせいじ)
武烈	(ぶれつ)
武陵桃源	(ぶりょうとうげん)
武略	(ぶりゃく)
武門	(ぶもん)
武名	(ぶめい)
武器	(ぶき)
武器倉	(ぶきぐら)
武器貸与	(ぶきたいよ)
武器庫	(ぶきこ)
武人	(ぶじん)
武神	(ぶしん)
武士	(ぶし,さむらい)
武士道	(ぶしどう)
武士階級	(ぶしかいきゅう)
武士気質	(ぶしかたぎ,ぶしきしつ)
武事	(ぶじ)
武術	(ぶじゅつ)
武威	(ぶい)
武問	(ぶもん)
武侠	(ぶきょう)
武侠小説	(ぶきょうしょうせつ)
武学	(ぶがく)
武勲	(ぶくん)
武勳	(ぶくん)
武勇	(ぶゆう)
武勇伝	(ぶゆうでん)
武芸	(ぶげい)
武運	(ぶうん)
武張る	(ぶばる)
武者	(むしゃ)
武者ぶるい	(むしゃぶるい)
武者顫い	(むしゃぶるい)
武者絵	(むしゃえ)
武者修業	(むしゃしゅぎょう)
武者振り	(むしゃぶり)
武者振りつく	(むしゃぶりつく)
武者振り付く	(むしゃぶりつく)
武者振るい	(むしゃぶるい)
武者震い	(むしゃぶるい)
武装	(ぶそう)
武装船	(ぶそうせん)
武装都市	(ぶそうとし)
武装集団	(ぶそうしゅうだん)
武装解除	(ぶそうかいじょ)
武装警官	(ぶそうけいかん)
武装具	(ぶそうぐ)
武装平和	(ぶそうへいわ)
武装中立	(ぶそうちゅうりつ)
侮	(ぶ)
侮り	(あなどり)
侮る	(あなどる)
侮慢	(ぶまん)
侮蔑	(ぶべつ)
侮辱	(ぶじょく)
侮言	(ぶげん)
舞いあがる	(まいあがる)
舞い上がる	(まいあがる)
舞い上る	(まいあがる)
舞い戻る	(まいもどる)
舞い踊る	(まいおどる)
舞い込む	(まいこむ)
舞い躍る	(まいおどる)
舞う	(まう)
舞妓	(まいこ,ぶぎ)
舞曲	(ぶきょく)
舞茸	(まいたけ,マイタケ)
舞扇	(まいおうぎ)
舞上がる	(まいあがる)
舞踏	(ぶとう)
舞踏会	(ぶとうかい)
舞踏會	(ぶとうかい)
舞踏曲	(ぶとうきょく)
舞台	(ぶたい)
舞台裏	(ぶたいうら)
舞戻る	(まいもどる)
舞踊	(ぶよう)
舞楽	(ぶがく)
舞姫	(まいひめ,ぶき)
舞子	(まいこ,ぶぎ)
憮然	(ぶぜん)
兀鷹	(はげたか,ハゲタカ)
勿	(まな)
勿れ	(なかれ)
勿論	(もちろん)
勿体	(もったい)
勿体ない	(もったいない)
勿体ぶる	(もったいぶる)
勿体無い	(もったいない)
勿体振る	(もったいぶる)
勿忘草	(わすれなぐさ,ワスレナグサ)
物	(もの,もん,モノ)
物ごと	(ものごと)
物すごい	(ものすごい,ものすっごい,ものすんごい)
物にする	(ものにする)
物の怪	(もののけ)
物の気	(もののけ)
物まね	(ものまね,モノマネ)
物めずらしい	(ものめずらしい)
物もらい	(ものもらい)
物わかり	(ものわかり)
物差	(ものさし)
物差し	(ものさし)
物産	(ぶっさん)
物的	(ぶってき)
物分かり	(ものわかり)
物分り	(ものわかり)
物干	(ものほし)
物干し	(ものほし)
物好き	(ものずき)
物件	(ぶっけん)
物見遊山	(ものみゆさん)
物理	(ぶつり)
物理的	(ぶつりてき)
物理学	(ぶつりがく)
物理学者	(ぶつりがくしゃ)
物品	(ぶっぴん)
物品税	(ぶっぴんぜい)
物凄い	(ものすごい,ものすっごい,ものすんごい)
物情騒然	(ぶつじょうそうぜん)
物柔らか	(ものやわらか)
物騒	(ぶっそう)
物色	(ぶっしょく)
物事	(ものごと)
物貰い	(ものもらい)
物数奇	(ものずき)
物価	(ぶっか)
物価騰貴	(ぶっかとうき)
物損	(ぶっそん)
物損事故	(ぶっそんじこ)
物体	(ぶったい)
物体ない	(もったいない)
物体無い	(もったいない)
物心	(ものごころ)
物腰	(ものごし)
物議	(ぶつぎ)
物音	(ものおと)
物陰	(ものかげ)
物蔭	(ものかげ)
物憂い	(ものうい)
物語	(ものがたり)
物語り	(ものがたり)
物語る	(ものがたる)
物欲	(ぶつよく)
物欲しげ	(ものほしげ)
物慾	(ぶつよく)
物珍しい	(ものめずらしい)
物真似	(ものまね,モノマネ)
物証	(ぶっしょう)
物指	(ものさし)
物指し	(ものさし)
物置	(ものおき)
物置き	(ものおき)
物質	(ぶっしつ)
物資	(ぶっし)
物足りない	(ものたりない)
物足り無い	(ものたりない)
悟り	(さとり)
悟る	(さとる)
悟性	(ごせい)
務まる	(つとまる)
務め	(つとめ)
務める	(つとめる)
誤ち	(あやまち)
誤つ	(あやまつ)
誤り	(あやまり)
誤る	(あやまる)
誤報	(ごほう)
誤変換	(ごへんかん)
誤差	(ごさ)
誤動作	(ごどうさ)
誤読	(ごどく)
誤解	(ごかい)
誤謬	(ごびゅう)
誤摩化す	(ごまかす)
誤魔化し	(ごまかし)
誤魔化す	(ごまかす)
誤認	(ごにん)
誤審	(ごしん)
誤算	(ごさん)
誤聞	(ごぶん)
誤写	(ごしゃ)
誤信	(ごしん)
誤訳	(ごやく)
誤用	(ごよう)
誤診	(ごしん)
誤植	(ごしょく)
誤字	(ごじ)
誤作動	(ごさどう)
霧	(きり)
霧笛	(むてき)
霧雨	(きりさめ,きりあめ)
鶩	(アヒル,あひる)
夕	(しゃく,せき)
夕がた	(ゆうがた)
夕ぐれ	(ゆうぐれ)
夕まぐれ	(ゆうまぐれ)
夕メシ	(ゆうはん,ゆうめし)
夕めし	(ゆうはん,ゆうめし)
夕やけ	(ゆうやけ)
夕やみ	(ゆうやみ)
夕闇	(ゆうやみ)
夕飯	(ゆうはん,ゆうめし)
夕方	(ゆうがた)
夕風	(ゆうかぜ)
夕間暮れ	(ゆうまぐれ)
夕刊	(ゆうかん)
夕刻	(ゆうこく)
夕立	(ゆうだち)
夕立ち	(ゆうだち)
夕涼	(ゆうすずみ)
夕涼み	(ゆうすずみ)
夕暮	(ゆうぐれ)
夕暮れ	(ゆうぐれ)
夕暮れ族	(ゆうぐれぞく)
夕日	(ゆうひ,せきじつ)
夕焼	(ゆうやけ)
夕焼け	(ゆうやけ)
夕食	(ゆうしょく)
夕食後	(ゆうしょくご)
夕霧	(ゆうぎり,せきむ)
夕顔	(ゆうがお,ユウガオ)
夕陽	(ゆうひ,せきじつ)
夕映え	(ゆうばえ)
西	(にし)
西アフリカ	(にしアフリカ)
西ドイツ	(にしドイツ)
西ヨーロッパ	(にしヨーロッパ)
西岸	(せいがん)
西班牙語	(スペインご)
西半球	(にしはんきゅう)
西北	(せいほく,にしきた)
西北西	(せいほくせい)
西比利亜	(シベリア,シベリヤ)
西伯利	(シベリア,シベリヤ)
西伯利亜	(シベリア,シベリヤ)
西部	(せいぶ)
西部劇	(せいぶげき)
西蔵	(チベット)
西側	(にしがわ)
西方	(せいほう,さいほう,にしがた)
西風	(にしかぜ,せいふう)
西貢	(サイゴン)
西瓜	(すいか,スイカ)
西海岸	(にしかいがん)
西寄り	(にしより)
西経	(せいけい)
西口	(にしぐち)
西暦	(せいれき)
西南	(せいなん,にしみなみ)
西南西	(せいなんせい)
西欧	(せいおう)
西日	(にしび)
西向き	(にしむき)
西洋	(せいよう)
西洋ネギ	(せいようねぎ)
西洋ねぎ	(せいようねぎ)
西洋葱	(せいようねぎ)
西洋人	(せいようじん)
西洋松露	(せいようしょうろ)
西陽	(にしび)
吸いあげる	(すいあげる)
吸いがら	(すいがら)
吸いこむ	(すいこむ)
吸いつく	(すいつく)
吸いとる	(すいとる)
吸いもの	(すいもの)
吸い付く	(すいつく)
吸い殻	(すいがら)
吸い口	(すいくち)
吸い取り紙	(すいとりがみ)
吸い取る	(すいとる)
吸い上げる	(すいあげる)
吸い物	(すいもの)
吸い込む	(すいこむ)
吸う	(すう)
吸がら	(すいがら)
吸塵	(きゅうじん)
吸付く	(すいつく)
吸金剛	(ここんごう)
吸殻	(すいがら)
吸口	(すいくち)
吸盤	(きゅうばん)
吸気	(きゅうき)
吸取り紙	(すいとりがみ)
吸取る	(すいとる)
吸取紙	(すいとりがみ)
吸入	(きゅうにゅう)
吸上げる	(すいあげる)
吸収	(きゅうしゅう)
吸物	(すいもの)
吸血	(きゅうけつ)
吸血鬼	(きゅうけつき)
吸引	(きゅういん)
吸込む	(すいこむ)
吸着	(きゅうちゃく)
汐	(しお)
汐風	(しおかぜ)
汐干狩	(しおひがり)
汐干狩り	(しおひがり)
汐時	(しおどき)
希	(まれ)
希わくは	(ねがわくは)
希薄	(きはく)
希臘	(ギリシャ,ギリシア,ギリシヤ)
希硫酸	(きりゅうさん)
希求	(ききゅう)
希少	(きしょう)
希少価値	(きしょうかち)
希世	(きせい)
希釈	(きしゃく)
希釈液	(きしゃくえき)
希書	(きしょ)
希図	(きと)
希土類	(きどるい)
希望	(きぼう)
希望価格	(きぼうかかく)
希望者	(きぼうしゃ)
希元素	(きげんそ)
昔	(むかし,むかーし)
昔ばなし	(むかしばなし)
昔風	(むかしふう)
昔話	(むかしばなし)
昔日	(せきじつ)
昔式	(むかししき)
昔々	(むかしむかし,むかーしむかし,むかーしむかーし)
昔昔	(むかしむかし,むかーしむかし,むかーしむかーし)
息	(むすこ,ムスコ)
息う	(いこう)
息つぎ	(いきつぎ)
息ぬき	(いきぬき)
息をする	(いきをする)
息をつく	(いきをつく)
息を吹き返す	(いきをふきかえす)
息を付く	(いきをつく)
息を殺す	(いきをころす)
息を弾ませる	(いきをはずませる)
息を吐く	(いきをつく)
息抜き	(いきぬき)
息吹	(いぶき)
息吹き	(いぶき)
息継ぎ	(いきつぎ)
息切れ	(いきぎれ)
息子	(むすこ,ムスコ)
息子さん	(むすこさん)
悉	(ことごと)
悉く	(ことごとく)
悉に	(つぶさに)
渓	(たに)
渓谷	(けいこく)
渓間	(けいかん)
渓流	(けいりゅう)
渓流釣り	(けいりゅうづり)
惜	(あたら,あったら)
惜しい	(おしい)
惜しむ	(おしむ)
惜敗	(せきはい)
稀	(まれ)
稀薄	(きはく)
稀硫酸	(きりゅうさん)
稀少	(きしょう)
稀少価値	(きしょうかち)
稀世	(きせい)
稀釈	(きしゃく)
稀書	(きしょ)
稀土類	(きどるい)
稀元素	(きげんそ)
翕然	(きゅうぜん)
犀	(さい,サイ)
溪谷	(けいこく)
溪間	(けいかん)
蜥蜴	(トカゲ,とかげ)
熄む	(やむ)
膝	(ひざ,ヒザ)
膝がしら	(ひざがしら)
膝まずく	(ひざまずく,ひざまづく)
膝まづく	(ひざまずく,ひざまづく)
膝蓋骨	(しつがいこつ)
膝蓋腱反射	(しつがいけんはんしゃ)
膝関節	(ひざかんせつ,しつかんせつ)
膝頭	(ひざがしら)
嬉しい	(うれしい)
嬉しがる	(うれしがる)
嬉し涙	(うれしなみだ)
嬉涙	(うれしなみだ)
嬉々	(きき)
嬉嬉	(きき)
嬉笑	(きしょう)
錫	(すず,スズ)
錫杖	(しゃくじょう,さくじょう)
蟋蟀	(きりぎりす,キリギリス)
犠打	(ぎだ)
犠牲	(ぎせい)
犠牲者	(ぎせいしゃ)
谿	(たに)
谿谷	(けいこく)
谿間	(けいかん)
谿流	(けいりゅう)
鯑	(かずのこ,カズノコ)
席	(せき)
席につく	(せきにつく)
席に着く	(せきにつく)
席巻	(せっけん)
席捲	(せっけん)
席上	(せきじょう)
席駄	(せった,せきだ,せちだ)
習い	(ならい)
習う	(ならう)
習わし	(ならわし)
習得	(しゅうとく)
習慣	(しゅうかん)
習癖	(しゅうへき)
習熟	(しゅうじゅく)
習性	(しゅうせい)
習字	(しゅうじ)
習作	(しゅうさく)
蓆	(むしろ,えん,ムシロ)
媳	(よめ)
覡	(かんなぎ)
檄をとばす	(げきをとばす)
檄を飛ばす	(げきをとばす)
檄文	(げきぶん)
襲	(かさね)
襲いかかる	(おそいかかる)
襲い攻める	(おそいせめる)
襲い掛かる	(おそいかかる)
襲い掛る	(おそいかかる)
襲う	(おそう)
襲ぐ	(つぐ,ツぐ)
襲撃	(しゅうげき)
襲爵	(しゅうしゃく)
襲来	(しゅうらい)
襲雷	(しゅうらい)
襲名	(しゅうめい)
襲用	(しゅうよう)
洗いおとす	(あらいおとす)
洗いだす	(あらいだす)
洗いもの	(あらいもの,あらいもん)
洗いもん	(あらいもの,あらいもん)
洗い出す	(あらいだす)
洗い分ける	(あらいわける)
洗い立てる	(あらいたてる)
洗い流す	(あらいながす)
洗い落す	(あらいおとす)
洗い落とす	(あらいおとす)
洗い清める	(あらいきよめる)
洗い物	(あらいもの,あらいもん)
洗い熊	(あらいぐま,アライグマ)
洗う	(あらう)
洗たく	(せんたく,せんだく)
洗たく機	(せんたくき,せんたっき)
洗車	(せんしゃ)
洗髪	(せんぱつ)
洗剤	(せんざい)
洗浄	(せんじょう)
洗礼	(せんれい)
洗煉	(せんれん)
洗練	(せんれん)
洗錬	(せんれん)
洗面	(せんめん)
洗面器	(せんめんき)
洗面所	(せんめんじょ)
洗脳	(せんのう)
洗湯	(せんとう)
洗物	(あらいもの,あらいもん)
洗熊	(あらいぐま,アライグマ)
洗顔	(せんがん)
洗濯	(せんたく,せんだく)
洗濯のり	(せんたくのり)
洗濯バサミ	(せんたくバサミ,せんたくばさみ)
洗濯ばさみ	(せんたくバサミ,せんたくばさみ)
洗濯もの	(せんたくもの,せんたくもん)
洗濯もん	(せんたくもの,せんたくもん)
洗濯糊	(せんたくのり)
洗濯機	(せんたくき,せんたっき)
洗濯物	(せんたくもの,せんたくもん)
洗濯挟み	(せんたくバサミ,せんたくばさみ)
喜び	(よろこび)
喜びいさむ	(よろこびいさむ)
喜び歌う	(よろこびうたう)
喜び勇む	(よろこびいさむ)
喜ぶ	(よろこぶ)
喜んで	(よろこんで)
喜歌劇	(きかげき)
喜劇	(きげき)
喜劇映画	(きげきえいが)
喜怒哀楽	(きどあいらく)
喜色	(きしょく)
喜色満面	(きしょくまんめん)
喜捨	(きしゃ)
喜々	(きき)
喜喜	(きき)
喜悦	(きえつ)
銑	(ずく)
銑鉄	(せんてつ,ずくてつ)
璽	(じ)
璽書	(じしょ)
鱚	(きす,キス)
系	(けい)
系累	(けいるい)
系列	(けいれつ)
系列化	(けいれつか)
系譜	(けいふ)
系統	(けいとう)
系統的	(けいとうてき)
系統神学	(けいとうしんがく)
系統樹	(けいとうじゅ)
系図	(けいず)
系図学	(けいずがく)
咥内	(こうない)
係	(かかり)
係り	(かかり)
係り官	(かかりかん)
係り合い	(かかりあい)
係り合う	(かかりあう)
係り員	(かかりいん)
係る	(かかる)
係わり	(かかわり)
係わる	(かかわる)
係長	(かかりちょう)
係船	(けいせん)
係官	(かかりかん)
係累	(けいるい)
係留	(けいりゅう)
係属	(けいぞく)
係属中	(けいぞくちゅう)
係数	(けいすう)
係員	(かかりいん)
係争	(けいそう)
係争物	(けいそうぶつ)
細い	(ほそい)
細か	(こまか)
細かい	(こまかい)
細める	(ほそめる)
細やか	(ささやか)
細る	(ほそる)
細胞	(さいぼう,さいほう)
細胞核	(さいぼうかく)
細胞膜	(さいぼうまく)
細胞学	(さいぼうがく)
細胞質	(さいぼうしつ)
細波	(さざなみ,ささなみ)
細部	(さいぶ)
細長い	(ほそながい)
細分	(さいぶん)
細工	(さいく)
細菌	(さいきん)
細孔	(さいこう)
細鱗魚	(あゆ,アユ)
細流	(さいりゅう)
細糸	(ほそいと)
細密	(さいみつ)
細面	(ほそおもて)
細目	(さいもく)
細片	(さいへん)
細身	(ほそみ)
細事	(さいじ)
細説	(さいせつ)
細々	(ほそぼそ)
細細	(ほそぼそ)
細心	(さいしん)
細雪	(ささめゆき)
細腰	(さいよう,ほそごし)
細引	(ほそびき)
細引き	(ほそびき)
細魚	(さより,はりお,サヨリ)
隙	(すき)
隙間	(すきま)
隙取る	(ひまどる)
隙人	(ひまじん)
滊車	(きしゃ)
禊	(みそぎ)
禊ぎ	(みそぎ)
戯える	(そばえる)
戯かす	(じゃらかす)
戯ける	(おどける,たわける)
戯け話	(おどけばなし)
戯け口	(おどけぐち)
戯け者	(たわけもの)
戯け芝居	(おどけしばい)
戯れ	(たわむれ)
戯れる	(たわむれる,ざれる)
戯れ歌	(ざれうた)
戯れ事	(ざれごと,たわむれごと,ざれこと)
戯歌	(ざれうた)
戯画	(ぎが)
戯絵	(ざれえ)
戯交わす	(ざれかわす)
戯評	(ぎひょう)
戯曲	(ぎきょく)
戯事	(ざれごと,たわむれごと,ざれこと)
戯書	(ぎしょ)
戯談	(じょうだん)
戯文	(ぎぶん)
戯笑	(ぎしょう)
戯言	(たわごと,たわこと)
戯作	(げさく,ぎさく)
戯作者	(げさくしゃ)
潟	(かた)
繋がり	(つながり)
繋がる	(つながる)
繋ぎ	(つなぎ,ツナギ)
繋ぎあわせる	(つなぎあわせる)
繋ぎとめる	(つなぎとめる)
繋ぎ合わせる	(つなぎあわせる)
繋ぎ留める	(つなぎとめる)
繋ぎ目	(つなぎめ)
繋ぎ止める	(つなぎとめる)
繋ぐ	(つなぐ)
繋げる	(つなげる)
繋船	(けいせん)
繋累	(けいるい)
繋留	(けいりゅう)
繋属	(けいぞく)
繋争	(けいそう)
戲ける	(おどける,たわける)
戲け者	(たわけもの)
戲言	(たわごと,たわこと)
蝦	(かえる,カエル)
蝦蛄	(しゃこ,シャコ)
蝦虎魚	(ハゼ,はぜ)
蝦蟇	(ひきがえる,ひき,がまがえる)
蝦夷	(えみし,えぞ,エミシ)
鰕	(えび,エビ)
匣	(はこ,ハコ)
侠	(きゃん)
侠骨	(きょうこつ)
侠女	(きょうじょ)
侠気	(おとこぎ,きょうき)
侠勇	(きょうゆう)
狎れ狎れしい	(なれなれしい)
峡部	(きょうぶ)
峡谷	(きょうこく)
峡湾	(きょうわん)
俠女	(きょうじょ)
俠気	(おとこぎ,きょうき)
狭い	(せまい)
狭まる	(せばまる)
狭める	(せばめる)
狭軌	(きょうき)
狭軌鉄道	(きょうきてつどう)
狭苦しい	(せまくるしい)
狭量	(きょうりょう)
狭心症	(きょうしんしょう)
狭義	(きょうぎ)
瑕	(きず,キズ)
瑕疵	(かし)
暇	(ひま,ヒマ)
暇つぶし	(ひまつぶし)
暇どる	(ひまどる)
暇なとき	(ひまなとき)
暇な時	(ひまなとき)
暇潰し	(ひまつぶし)
暇取る	(ひまどる)
暇人	(ひまじん)
轄	(くさび,クサビ)
霞	(かすみ)
霞が関	(かすみがせき)
霞ヶ関	(かすみがせき)
霞ケ関	(かすみがせき)
霞む	(かすむ)
下	(した)
下あご	(したあご,かがく)
下がかる	(しもがかる)
下がり目	(さがりめ)
下がり松	(さがりまつ)
下がる	(さがる,サガる)
下げいこ	(したげいこ)
下げる	(さげる)
下げわたす	(さげわたす)
下げ潮	(さげしお)
下げ渡す	(さげわたす)
下げ髪	(さげがみ)
下げ幕	(さげまく)
下げ相場	(さげそうば)
下げ緒	(さげお)
下げ翼	(さげよく)
下げ札	(さげふだ)
下げ振り	(さげふり)
下げ足	(さげあし)
下ごしらえ	(したごしらえ)
下さい	(ください)
下さる	(くださる)
下し	(くだし)
下し大根	(おろしだいこん)
下し薬	(くだしぐすり)
下す	(くだす)
下っぱ	(したっぱ)
下づみ	(したづみ)
下っ端	(したっぱ)
下っ放れ	(したばなれ,したっぱなれ)
下っ腹	(したっぱら)
下の句	(しものく)
下ばき	(したばき)
下ぶくれ	(しもぶくれ)
下まぶた	(したまぶた)
下らない	(くだらない,くっだらない,くっだらねー)
下り	(くだり)
下りもの	(おりもの,オリモノ)
下りる	(おりる)
下り坂	(くだりざか)
下り腹	(くだりばら)
下り立つ	(おりたつ)
下り列車	(くだりれっしゃ)
下り目	(さがりめ)
下り上り	(おりのぼり)
下り物	(おりもの,オリモノ)
下る	(くだる)
下ろし	(おろし)
下ろし金	(おろしがね)
下ろし薬	(おろしぐすり)
下ろす	(おろす)
下阪	(げはん)
下坂	(しもさか)
下半	(かはん)
下半期	(しもはんき,かはんき)
下半身	(かはんしん,しもはんしん)
下卑	(げび)
下卑る	(げびる)
下輩	(かはい,げはい)
下婢	(かひ)
下表	(かひょう)
下表参照	(かひょうさんしょう)
下部	(かぶ)
下部機関	(かぶきかん)
下草	(したくさ,したぐさ)
下側	(したがわ)
下策	(げさく)
下層	(かそう)
下層階級	(かそうかいきゅう)
下層社会	(かそうしゃかい)
下層土	(かそうど)
下車	(げしゃ)
下臣	(かしん)
下城	(げじょう)
下乗	(げじょう)
下歯	(したば)
下穿	(したばき)
下穿き	(したばき)
下船	(げせん)
下垂	(かすい)
下唇	(したくちびる,かしん)
下賜	(かし)
下拵え	(したごしらえ)
下達	(かたつ,げたつ)
下帯	(したおび)
下道	(したみち)
下地	(したじ)
下等	(かとう)
下等動物	(かとうどうぶつ)
下等植物	(かとうしょくぶつ)
下殿	(げでん)
下調べ	(したしらべ)
下町	(したまち)
下町風	(したまちふう)
下働き	(したばたらき)
下毒	(げどく)
下読	(したよみ)
下読み	(したよみ)
下端	(かたん)
下段	(げだん,かだん)
下顎	(したあご,かがく)
下番	(かばん)
下方	(かほう)
下方に	(かほうに)
下放	(かほう)
下放れ	(したばなれ,したっぱなれ)
下肥	(しもごえ)
下風	(かふう)
下縫い	(したぬい)
下敷	(したじき)
下敷き	(したじき)
下付	(かふ)
下付金	(かふきん)
下腹	(したはら,したばら,かふく)
下腹部	(かふくぶ)
下疳	(げかん)
下掛かる	(しもがかる)
下掛る	(しもがかる)
下国	(げこく)
下戸	(げこ,ゲコ)
下回り	(したまわり)
下回る	(したまわる)
下廻り	(したまわり)
下廻る	(したまわる)
下絵	(したえ)
下火	(したび)
下火になる	(したびになる)
下稽古	(したげいこ)
下積み	(したづみ)
下級	(かきゅう)
下級審	(かきゅうしん)
下級生	(かきゅうせい)
下級職	(かきゅうしょく)
下記	(かき)
下剤	(げざい)
下家	(したや,げや,しもや)
下検査	(したけんさ)
下検分	(したけんぶん)
下瞼	(したまぶた)
下見	(したみ)
下見板	(したみいた)
下賎	(げせん)
下賤	(げせん)
下降	(かこう)
下降線	(かこうせん)
下脚	(かきゃく)
下界	(げかい)
下金	(したがね)
下句	(しもく)
下巻	(げかん)
下瞰	(かかん)
下克上	(げこくじょう)
下剋上	(げこくじょう)
下郎	(げろう)
下吏	(かり)
下痢	(げり)
下僚	(かりょう)
下劣	(げれつ)
下流	(かりゅう)
下流社会	(かりゅうしゃかい)
下露	(したつゆ)
下落	(げらく)
下履	(したばき)
下履き	(したばき)
下略	(げりゃく,かりゃく)
下馬	(げば)
下馬評	(げばひょう)
下馬先	(げばさき)
下糸入れ	(したいといれ)
下民	(げみん,かみん)
下名	(かめい)
下命	(かめい)
下目	(しため)
下男	(げなん)
下紐	(したひも)
下女	(げじょ)
下女下男	(げじょげなん)
下女中	(しもじょちゅう)
下膨れ	(しもぶくれ)
下品	(げひん)
下僕	(げぼく)
下期	(しもき)
下情	(かじょう)
下請	(したうけ)
下請け	(したうけ)
下請け会社	(したうけがいしゃ)
下請け業者	(したうけぎょうしゃ)
下請負	(したうけおい)
下請会社	(したうけがいしゃ)
下取り	(したどり)
下熱	(げねつ)
下人	(げにん)
下渋り	(したしぶり)
下僧	(げそう)
下山	(げざん,げさん)
下生え	(したばえ)
下石	(したいし)
下士	(かし)
下士官	(かしかん)
下士官兵	(かしかんへい)
下世話	(げせわ)
下仕事	(したしごと)
下手	(しもて)
下手くそ	(へたくそ,ヘタクソ)
下手の横好き	(へたのよこずき)
下手糞	(へたくそ,ヘタクソ)
下手人	(げしゅにん)
下手投げ	(したてなげ)
下手物	(ゲテモノ,げてもの)
下書	(げしょ)
下書き	(したがき)
下刷り	(したずり)
下水	(げすい)
下水板	(げすいいた)
下水道	(げすいどう)
下水溝	(げすいこう)
下水管	(げすいかん)
下司	(げす)
下司ばる	(げすばる)
下四半期	(しもしはんき)
下宿	(げしゅく)
下宿料	(げしゅくりょう)
下宿人	(げしゅくにん)
下宿屋	(げしゅくや)
下台所	(しもだいどころ)
下湯	(しもゆ)
下剃り	(したぞり)
下田	(げでん)
下貼	(したばり)
下貼り	(したばり)
下図	(かず)
下塗り	(したぬり)
下腿	(かたい)
下駄	(げた,ゲタ)
下駄ばき	(げたばき)
下駄をあずける	(げたをあずける)
下駄を預ける	(げたをあずける)
下駄番	(げたばん)
下駄掛け	(げたがけ)
下駄履き	(げたばき)
下駄屋	(げたや)
下駄箱	(げたばこ)
下駄直し	(げたなおし)
下位	(かい)
下位互換性	(かいごかんせい)
下聞	(かぶん)
下聞き	(したぎき)
下問	(かもん)
下屋	(したや,げや,しもや)
下屋敷	(しもやしき)
下物	(かぶつ,げぶつ)
下々	(しもじも,したじた)
下下	(しもじも,したじた)
下弦	(かげん)
下弦の月	(かげんのつき)
下限	(かげん)
下線	(かせん)
下線部	(かせんぶ)
下相談	(したそうだん)
下向	(げこう)
下向き	(したむき)
下校	(げこう)
下協議	(したきょうぎ)
下心	(したごころ)
下行	(かこう)
下姓	(げしょう)
下緒	(さげお)
下穴	(したあな)
下血	(げけつ)
下旬	(げじゅん)
下馴し	(したならし)
下押す	(したおす)
下様	(しもざま)
下薬	(げやく)
下野	(げや)
下葉	(したば)
下刈り	(したがり)
下役	(したやく)
下意	(かい)
下御	(げぎょ)
下獄	(げごく)
下院	(かいん)
下院議	(かいんぎ)
下院議長	(かいんぎちょう)
下院議員	(かいんぎいん)
下張	(したばり)
下張り	(したばり)
下脹れ	(しもぶくれ)
下摺り	(したずり)
下着	(したぎ)
下知	(げじ,げち,げぢ)
下肢	(かし)
下値	(したね)
下職	(したしょく)
下種	(げす)
下種ばる	(げすばる)
下種根性	(げすこんじょう)
下種女	(げすおんな)
下種張る	(げすばる)
下衆	(げす)
下衆張る	(げすばる)
下準備	(したじゅんび)
下足	(げそく)
下足番	(げそくばん)
下足料	(げそくりょう)
下作	(げさく,したさく)
下座	(げざ)
夏	(なつ)
夏まつり	(なつまつり)
夏みかん	(なつみかん,ナツミカン)
夏もの	(なつもの)
夏やせ	(なつやせ)
夏蚕	(なつご)
夏草	(なつくさ)
夏蝉	(なつぜみ)
夏場	(なつば)
夏場所	(なつばしょ)
夏虫	(なつむし)
夏大根	(なつだいこん)
夏服	(なつふく)
夏負け	(なつまけ)
夏掛け	(なつがけ)
夏季	(かき,なつき)
夏季休暇	(かききゅうか)
夏祭	(なつまつり)
夏祭り	(なつまつり)
夏菊	(なつぎく)
夏枯れ	(なつがれ)
夏炉冬扇	(かろとうせん)
夏帽子	(なつぼうし)
夏蜜柑	(なつみかん,ナツミカン)
夏眠	(かみん)
夏木立	(なつこだち)
夏期大学	(かきだいがく)
夏期学校	(かきがっこう)
夏日	(かじつ)
夏山	(なつやま)
夏時	(かじ,なつどき)
夏時間	(なつじかん)
夏時刻	(なつじこく)
夏痩	(なつやせ)
夏痩せ	(なつやせ)
夏物	(なつもの)
夏向	(なつむき)
夏向き	(なつむき)
夏休み	(なつやすみ)
夏野	(なつの)
夏衣	(なつごろも)
夏羽織	(なつばおり)
夏越し	(なつごし)
夏着	(なつぎ)
夏至	(げし)
夏至点	(げしてん)
夏至線	(げしせん)
嚇かす	(おどかす)
嚇しつける	(おどしつける)
嚇し付ける	(おどしつける)
嚇す	(おどす)
嚇々	(かくかく,かっかく)
嚇嚇	(かくかく,かっかく)
罅	(ひび,ヒビ)
罅ぜる	(はぜる)
罅割れ	(ひびわれ)
罅焼き	(ひびやき)
仙	(セント)
仙丹	(せんたん)
仙骨	(せんこつ)
仙花紙	(せんかし)
仙界	(せんかい)
仙境	(せんきょう)
仙窟	(せんくつ)
仙蓼	(せんりょう,センリョウ)
仙女	(せんじょ,せんにょ,せんにゅ)
仙人	(せんにん)
仙人掌	(サボテン,シャボテン)
仙術	(せんじゅつ)
仙郷	(せんきょう)
仙薬	(せんやく)
先	(さき)
先がける	(さきがける)
先き	(さき)
先ごろ	(さきごろ)
先ず	(まず)
先ずもって	(まずもって)
先ず隗より始めよ	(まずかいよりはじめよ)
先ず先ず	(まずまず)
先ず以って	(まずもって)
先ず以て	(まずもって)
先だつ	(さきだつ)
先だって	(せんだって)
先つ祖	(さきつおや)
先どり	(さきどり)
先に	(さきに)
先の日	(さきのひ)
先の世	(さきのよ)
先の祖	(さきのおや)
先べん	(せんべん)
先ほど	(さきほど)
先まわり	(さきまわり)
先んじる	(さきんじる)
先んずる	(さきんずる)
先安	(さきやす)
先般	(せんぱん)
先般来	(せんぱんらい)
先棒	(さきぼう)
先輩	(せんぱい)
先妣	(せんぴ)
先鞭	(せんべん)
先便	(せんびん)
先程	(さきほど)
先触れ	(さきぶれ)
先蹴	(せんしゅう)
先達	(せんだつ,せんだち)
先達て	(せんだって)
先代	(せんだい)
先貸し	(さきがし)
先導	(せんどう)
先導者	(せんどうしゃ)
先帝	(せんてい)
先度	(せんど)
先渡	(さきわたし)
先渡し	(さきわたし)
先端	(せんたん)
先端的	(せんたんてき)
先端技術	(せんたんぎじゅつ)
先発	(せんぱつ)
先発隊	(せんぱつたい)
先発投手	(せんぱつとうしゅ)
先番	(せんばん)
先払い	(さきばらい)
先方	(せんぽう,さきかた)
先非	(せんぴ)
先鋒	(せんぽう)
先夫	(ぜんぷ,せんぷ)
先父	(せんぷ)
先付	(さきづけ)
先付け	(さきづけ)
先附	(さきづけ)
先負	(せんぶ,せんぷ,せんまけ)
先婦	(ぜんぷ,せんぷ)
先高	(さきだか)
先攻	(せんこう)
先古	(せんこ)
先皇	(せんこう,せんのう,せんおう)
先回り	(さきまわり)
先見	(せんけん)
先見の明	(せんけんのめい)
先見者	(せんけんしゃ)
先借り	(さきがり)
先金	(さきがね)
先進	(せんしん)
先進兵器	(せんしんへいき)
先進国	(せんしんこく)
先決	(せんけつ)
先決問題	(せんけつもんだい)
先覚	(せんかく)
先覚者	(せんかくしゃ)
先君	(せんくん)
先考	(せんこう)
先刻	(さっき)
先客	(せんきゃく)
先口	(せんくち)
先立つ	(さきだつ)
先立てる	(さきだてる)
先例	(せんれい)
先例にならう	(せんれいにならう)
先例に倣う	(せんれいにならう)
先隣	(さきとなり,さきどなり)
先売り	(さきうり)
先年	(せんねん)
先妻	(せんさい)
先潜り	(さきくぐり)
先遣	(せんけん)
先遣部隊	(せんけんぶたい)
先頃	(さきごろ)
先駆	(せんく)
先駆け	(さきがけ)
先駆ける	(さきがける)
先駆者	(せんくしゃ)
先駈け	(さきがけ)
先駈ける	(さきがける)
先取	(せんしゅ)
先取り	(さきどり)
先取得点	(せんしゅとくてん)
先取特権	(せんしゅとっけん,さきどりとっけん)
先人	(せんじん)
先任	(せんにん)
先任将校	(せんにんしょうこう)
先任順	(せんにんじゅん)
先任者	(せんにんしゃ)
先日	(せんじつ)
先日付	(さきひづけ)
先日付け	(さきひづけ)
先入	(せんにゅう)
先入感	(せんにゅうかん)
先入観	(せんにゅうかん)
先入見	(せんにゅうけん)
先入主	(せんにゅうしゅ)
先鋭	(せんえい)
先山	(さきやま)
先生	(せんせい)
先勝	(せんしょう,せんかち,さきがち)
先聖	(せんせい)
先師	(せんし)
先史学	(せんしがく)
先手	(せんて)
先手を打つ	(せんてをうつ)
先手を取る	(せんてをとる)
先太	(さきぶと)
先天病	(せんてんびょう)
先天的	(せんてんてき)
先天梅毒	(せんてんばいどく)
先天性	(せんてんせい)
先投	(せんとう)
先頭	(せんとう)
先頭打者	(せんとうだしゃ)
先途	(せんど)
先王	(せんおう,せんのう)
先物	(さきもの)
先物買い	(さきものがい)
先物売買	(さきものばいばい)
先務	(せんむ)
先細	(さきぼそ)
先細る	(さきぼそる)
先々	(さきざき)
先先	(さきざき)
先々月	(せんせんげつ)
先先月	(せんせんげつ)
先賢	(せんけん)
先行	(せんこう)
先行き	(さきゆき,さきいき)
先行技術	(せんこうぎじゅつ)
先学期	(せんがっき)
先験的	(せんけんてき)
先験論	(せんけんろん)
先様	(さきさま)
先夜	(せんや)
先役	(せんやく)
先議	(せんぎ)
先議権	(せんぎけん)
先込め銃	(さきごめじゅう)
先約	(せんやく)
先月	(せんげつ)
先在	(せんざい)
先哲	(せんてつ)
先着	(せんちゃく)
先陣	(せんじん)
先知	(せんち)
先制	(せんせい)
先週	(せんしゅう)
先主	(せんしゅ)
先住民	(せんじゅうみん)
先住民族	(せんじゅうみんぞく)
先住者	(せんじゅうしゃ)
先走る	(さきばしる)
先祖	(せんぞ)
先祖伝来	(せんぞでんらい)
僊	(せん)
僊人	(せんにん)
銛	(もり)
暹羅	(シャム,シャムロ)
鮮か	(あざやか)
鮮やか	(あざやか)
鮮度	(せんど)
鮮紅色	(せんこうしょく)
鮮烈	(せんれつ)
鮮明	(せんめい)
鮮魚	(せんぎょ)
繊切り	(せんぎり)
繊維	(せんい)
繊維工業	(せんいこうぎょう)
繊維光学	(せんいこうがく)
繊維性	(せんいせい)
繊細	(せんさい)
弦	(つる)
弦線	(げんせん)
弦音	(つるおと,つるね)
弦月	(げんげつ)
弦楽	(げんがく)
弦楽器	(げんがっき)
弦楽四重奏曲	(げんがくしじゅうそうきょく)
弦楽五重奏曲	(げんがくごじゅうそうきょく)
涎	(よだれ)
舷側	(げんそく)
絃	(つる)
絃声	(げんせい)
絃線	(げんせん)
絃楽	(げんがく)
絃楽器	(げんがっき)
閑	(ひま,ヒマ)
閑か	(しずか)
閑話	(かんわ)
閑話休題	(かんわきゅうだい)
閑寂	(かんじゃく)
閑静	(かんせい)
閑居	(かんきょ)
閑人	(ひまじん)
閑散	(かんさん)
閑談	(かんだん)
閑暇	(かんか,かんが)
閑職	(かんしょく)
嫌	(いや,や,イヤ)
嫌い	(きらい)
嫌う	(きらう)
嫌がらせ	(いやがらせ,イヤガラセ,イヤがらせ)
嫌がる	(いやがる,イヤがる)
嫌けがさす	(いやけがさす)
嫌でも応でも	(いやでもおうでも)
嫌というほど	(いやというほど,イヤというほど)
嫌と言うほど	(いやというほど,イヤというほど)
嫌と言う程	(いやというほど,イヤというほど)
嫌に	(いやに)
嫌み	(いやみ)
嫌らしい	(いやらしい,やらしい)
嫌悪	(けんお)
嫌気	(いやき,いやけ,けんき)
嫌気がさす	(いやけがさす)
嫌気が差す	(いやけがさす)
嫌味	(いやみ)
嫌々	(いやいや,イヤイヤ)
嫌嫌	(いやいや,イヤイヤ)
嫌煙	(けんえん)
嫌疑	(けんぎ)
銜む	(ふくむ,くくむ)
賢い	(かしこい)
賢才	(けんさい)
賢明	(けんめい)
賢母	(けんぼ)
賢木	(さかき)
賢人	(けんじん)
賢哲	(けんてつ)
賢者	(けんじゃ,けんしゃ)
癇しゃく	(かんしゃく)
癇高い	(かんだかい)
癇癪	(かんしゃく)
癇癖	(かんぺき)
険しい	(けわしい)
険しい顔つき	(けわしいかおつき)
険悪	(けんあく)
険路	(けんろ)
険難	(けんのん)
険呑	(けんのん)
険相	(けんそう)
険阻	(けんそ)
尠い	(すくない)
尠からず	(すくなからず)
尠くとも	(すくなくとも)
尠くも	(すくなくも)
跣	(はだし,せんそく)
跣足	(はだし,せんそく)
蜆	(しじみ,シジミ)
嶮しい	(けわしい)
嶮路	(けんろ)
嶮岨	(けんそ)
顕	(あらわ)
顕れる	(あらわれる)
顕わ	(あらわ)
顕花植物	(けんかしょくぶつ)
顕微	(けんび)
顕微鏡	(けんびきょう)
顕現	(けんげん)
顕在	(けんざい)
顕彰	(けんしょう)
顕著	(けんちょ)
蘚	(こけ,コケ)
蘚苔	(せんたい)
顯現	(けんげん)
顯著	(けんちょ)
限	(きり,キリ)
限り	(かぎり)
限りない	(かぎりない)
限りなく	(かぎりなく)
限り無い	(かぎりない)
限り無く	(かぎりなく)
限り無し	(きりなし)
限り限り	(ぎりぎり,ギリギリ)
限る	(かぎる)
限定	(げんてい)
限定的	(げんていてき)
限度	(げんど)
限度額	(げんどがく)
限界	(げんかい)
限界点	(げんかいてん)
限無し	(きりなし)
県	(けん)
県道	(けんどう)
県会	(けんかい)
県警	(けんけい)
県立	(けんりつ)
県民	(けんみん)
県民会館	(けんみんかいかん)
県内	(けんない)
県庁	(けんちょう)
県庁所在地	(けんちょうしょざいち)
県下	(けんか)
県議	(けんぎ)
県営	(けんえい)
県知事	(けんちじ)
陥し穴	(おとしあな)
陥せい	(かんせい)
陥る	(おちいる)
陥れる	(おとしいれる)
陥穽	(かんせい)
陥落	(かんらく)
陥没	(かんぼつ)
現す	(あらわす)
現に	(げんに)
現れる	(あらわれる)
現わす	(あらわす)
現われる	(あらわれる)
現場	(げんば,げんじょう)
現存	(げんぞん,げんそん)
現代	(げんだい)
現代科学	(げんだいかがく)
現代人	(げんだいじん)
現代詩	(げんだいし)
現代文明	(げんだいぶんめい)
現地	(げんち)
現地駐在員	(げんちちゅうざいいん)
現金	(げんきん)
現金払い	(げんきんばらい)
現金及び預金	(げんきんおよびよきん)
現金引き出し	(げんきんひきだし)
現金正価	(げんきんせいか)
現金自動預け払い機	(げんきんじどうあずけばらいき)
現金自動預払機	(げんきんじどうあずけばらいき)
現金自動預金支払機	(げんきんじどうよきんしはらいき)
現金自動支払い機	(げんきんじどうしはらいき)
現金自動支払機	(げんきんじどうしはらいき)
現況	(げんきょう)
現実	(げんじつ)
現実的	(げんじつてき)
現実主義	(げんじつしゅぎ)
現時代	(げんじだい)
現時点	(げんじてん)
現世	(げんせ,げんせい,げんぜ)
現価	(げんか)
現物	(げんぶつ)
現象	(げんしょう)
現像	(げんぞう)
現行	(げんこう)
現業	(げんぎょう)
現役	(げんえき)
現用	(げんよう)
現在	(げんざい)
現在のところ	(げんざいのところ)
現在の所	(げんざいのところ)
現在地	(げんざいち)
現職	(げんしょく)
現住所	(げんじゅうしょ)
現状	(げんじょう)
献げる	(ささげる)
献る	(たてまつる,まつる)
献呈	(けんてい)
献呈本	(けんていぼん)
献金	(けんきん)
献立	(こんだて)
献納	(けんのう)
献上	(けんじょう)
献身	(けんしん)
献体	(けんたい)
献血	(けんけつ)
献言	(けんげん)
腺	(せん)
腺様	(せんよう)
羨しい	(うらやましい)
羨ましい	(うらやましい)
羨む	(うらやむ)
羨望	(せんぼう)
線	(せん)
線グラフ	(せんグラフ)
線分	(せんぶん)
線画	(せんが)
線量	(せんりょう)
線路	(せんろ)
線速度	(せんそくど)
線維	(せんい)
線香	(せんこう)
線形	(せんけい)
線形代数	(せんけいだいすう)
線形論理	(せんけいろんり)
線型	(せんけい)
縣	(けん)
憲兵	(けんぺい)
憲法	(けんぽう,けんぼう)
憲法改正	(けんぽうかいせい)
憲法記念日	(けんぽうきねんび)
憲法解釈	(けんぽうかいしゃく)
憲章	(けんしょう)
憲政	(けんせい)
霰	(あられ)
霰弾	(さんだん)
霰弾銃	(さんだんじゅう)
相	(そう)
相いれない	(あいいれない)
相い性	(あいしょう)
相づち	(あいづち,あいずち)
相づちを打つ	(あいづちをうつ)
相の手	(あいのて)
相伴う	(あいともなう)
相棒	(あいぼう)
相変らず	(あいかわらず)
相変わらず	(あいかわらず)
相補	(そうほ)
相補性	(そうほせい)
相補性原理	(そうほせいげんり)
相場	(そうば)
相称	(そうしょう)
相乗	(そうじょう)
相乗り	(あいのり)
相乗効果	(そうじょうこうか)
相槌	(あいづち,あいずち)
相槌を打つ	(あいづちをうつ)
相鎚	(あいづち,あいずち)
相次いで	(あいついで)
相次ぐ	(あいつぐ)
相打ち	(あいうち)
相当	(そうとう)
相当数	(そうとうすう)
相等しい	(あいひとしい)
相対	(あいたい)
相対ずく	(あいたいずく,あいたいづく)
相対づく	(あいたいずく,あいたいづく)
相対的	(そうたいてき)
相対尽	(あいたいずく,あいたいづく)
相対尽く	(あいたいずく,あいたいづく)
相対論	(そうたいろん)
相対売買	(あいたいばいばい)
相対湿度	(そうたいしつど)
相対死	(あいたいじに)
相対死に	(あいたいじに)
相対誤差	(そうたいごさ)
相対性理論	(そうたいせいりろん)
相対値	(そうたいち)
相反	(そうはん)
相反する	(あいはんする)
相反的	(そうはんてき)
相反定理	(そうはんていり)
相反性	(そうはんせい)
相関	(そうかん)
相関係数	(そうかんけいすう)
相合い傘	(あいあいがさ)
相合傘	(あいあいがさ)
相互	(そうご)
相互配属	(そうごはいぞく)
相互通信	(そうごつうしん)
相互銀行	(そうごぎんこう)
相互支援	(そうごしえん)
相撃ち	(あいうち)
相継ぐ	(あいつぐ)
相見積もり	(あいみつもり)
相見積り	(あいみつもり)
相克	(そうこく)
相剋	(そうこく)
相口	(あいくち)
相判	(あいばん)
相撲	(すもう,すまい)
相撲にならない	(すもうにならない)
相撲取り	(すもうとり,すまいとり)
相容れない	(あいいれない)
相入れない	(あいいれない)
相殺	(そうさい,そうさつ)
相識	(そうしき)
相似	(そうじ)
相手	(あいて)
相手をする	(あいてをする)
相手方	(あいてかた,あいてがた)
相談	(そうだん)
相討ち	(あいうち)
相図	(あいず)
相違	(そうい)
相違点	(そういてん)
相席	(あいせき)
相々傘	(あいあいがさ)
相性	(あいしょう)
相続	(そうぞく)
相異	(そうい)
相応	(そうおう)
相応しい	(ふさわしい)
香	(かおり)
香い	(におい)
香しい	(かんばしい)
香ばしい	(こうばしい)
香り	(かおり)
香る	(かおる)
香草	(こうそう)
香川県	(かがわけん)
香川縣	(かがわけん)
香道	(こうどう)
香典	(こうでん)
香奠	(こうでん)
香港	(ホンコン,ホングコング)
香港返還	(ほんこんへんかん)
香料	(こうりょう)
香炉	(こうろ)
香欒	(ザボン,ざぼん)
香木	(こうぼく)
香蒲	(がま,かま,ガマ)
香気	(こうき)
香水	(こうすい)
香味	(こうみ)
香味料	(こうみりょう)
香辛料	(こうしんりょう)
香蕈	(しいたけ,シイタケ)
香油	(こうゆ)
香魚	(あゆ,アユ)
郷	(さと)
郷に入っては郷に従え	(ごうにいってはごうにしたがえ)
郷愁	(きょうしゅう)
郷軍	(ごうぐん)
郷里	(きょうり)
郷土	(きょうど)
郷土料理	(きょうどりょうり)
郷土小説	(きょうどしょうせつ)
箱	(はこ,ハコ)
箱づめ	(はこづめ)
箱船	(はこぶね)
箱詰	(はこづめ)
箱詰め	(はこづめ)
箱庭	(はこにわ)
箱舟	(はこぶね)
翔く	(はばたく)
翔ける	(かける)
翔ぶ	(とぶ)
翔る	(かける)
詳しい	(くわしい)
詳しく	(くわしく)
詳報	(しょうほう)
詳解	(しょうかい)
詳述	(しょうじゅつ)
詳説	(しょうせつ)
詳細	(しょうさい)
詳細情報	(しょうさいじょうほう)
享ける	(うける,ウケる)
享持	(きょうじ)
享年	(きょうねん)
享受	(きょうじゅ)
享受者	(きょうじゅしゃ)
享宴	(きょうえん)
享有	(きょうゆう)
享楽	(きょうらく)
享楽的	(きょうらくてき)
享楽生活	(きょうらくせいかつ)
享楽主義	(きょうらくしゅぎ)
想	(そう)
想い	(おもい)
想いこがれる	(おもいこがれる)
想いで	(おもいで)
想い出	(おもいで)
想い焦がれる	(おもいこがれる)
想い入れ	(おもいいれ)
想う	(おもう)
想定	(そうてい)
想起	(そうき)
想像	(そうぞう)
想像しにくい	(そうぞうしにくい)
想像し難い	(そうぞうしにくい)
饗宴	(きょうえん)
饗応	(きょうおう)
響	(ひびき)
響き	(ひびき)
響きわたる	(ひびきわたる)
響き渡る	(ひびきわたる)
響く	(ひびく)
響めき	(どよめき)
響笛	(きょうてき)
響動めき	(どよめき)
鱶	(ふか,フカ)
向い	(むかい)
向いがわ	(むかいがわ)
向い波	(むかいなみ)
向い側	(むかいがわ)
向い風	(むかいかぜ)
向い合う	(むかいあう)
向い合せる	(むかいあわせる)
向い合わせる	(むかいあわせる)
向う	(むこう)
向うずね	(むこうずね)
向う岸	(むこうぎし)
向う側	(むこうがわ)
向う見ず	(むこうみず)
向う脛	(むこうずね)
向かい	(むかい)
向かいあう	(むかいあう)
向かいがわ	(むかいがわ)
向かい波	(むかいなみ)
向かい側	(むかいがわ)
向かい風	(むかいかぜ)
向かい合う	(むかいあう)
向かい合せる	(むかいあわせる)
向かい合わせる	(むかいあわせる)
向かう	(むかう)
向かっ腹	(むかっぱら,ムカッパラ)
向き	(むき)
向きあう	(むきあう)
向きになる	(ムキになる,むきになる)
向きに成る	(ムキになる,むきになる)
向き付けに	(むきつけに)
向き合う	(むきあう)
向き向き	(むきむき)
向く	(むく)
向け	(むけ)
向けなおす	(むけなおす)
向ける	(むける)
向け替える	(むけかえる)
向け直す	(むけなおす)
向け直る	(むけなおる)
向こう	(むこう)
向こうがわ	(むこうがわ)
向こうぎし	(むこうぎし)
向こうずね	(むこうずね)
向こうみず	(むこうみず)
向こう岸	(むこうぎし)
向こう鉢巻	(むこうはちまき)
向こう鉢巻き	(むこうはちまき)
向こう側	(むこうがわ)
向こう見ず	(むこうみず)
向こう脛	(むこうずね)
向こう三軒	(むこうさんげん)
向背	(こうはい)
向側	(むこうがわ)
向地性	(こうちせい)
向寒	(こうかん)
向後	(こうご,きょうこう,きょうご)
向米	(こうべい)
向日葵	(ひまわり,ヒマワリ)
向日性	(こうじつせい,こうにちせい)
向上	(こうじょう)
向上心	(こうじょうしん)
向暑	(こうしょ)
向心力	(こうしんりょく)
向学心	(こうがくしん)
巷	(ちまた)
巷談	(こうだん)
象	(しょう)
象る	(かたどる)
象棋	(しょうぎ)
象戯	(しょうぎ)
象形	(しょうけい)
象形文字	(しょうけいもじ)
象牙	(ぞうげ)
象牙の塔	(ぞうげのとう)
象牙取引	(ぞうげとりひき)
象牙色	(ぞうげいろ)
象徴	(しょうちょう)
項	(こう)
項目	(こうもく)
項書換え	(こうかきかえ)
像	(ぞう)
橡	(どんぐり,ドングリ)
嚮後	(こうご,きょうこう,きょうご)
逍遥	(しょうよう)
逍遙	(しょうよう)
消えうせる	(きえうせる)
消える	(きえる)
消え果てる	(きえはてる)
消え入る	(きえいる)
消え失せる	(きえうせる)
消ゴム	(けしゴム,けしごむ,ケシゴム)
消しゴム	(けしゴム,けしごむ,ケシゴム)
消しごむ	(けしゴム,けしごむ,ケシゴム)
消しとぶ	(けしとぶ)
消し飛ぶ	(けしとぶ)
消し印	(けしいん)
消し止める	(けしとめる)
消す	(けす)
消灯	(しょうとう)
消燈	(しょうとう)
消毒	(しょうどく)
消毒剤	(しょうどくざい)
消防	(しょうぼう)
消防車	(しょうぼうしゃ)
消防士	(しょうぼうし)
消防署	(しょうぼうしょ)
消費	(しょうひ)
消費量	(しょうひりょう)
消費税	(しょうひぜい)
消費者	(しょうひしゃ)
消費者信用	(しょうひしゃしんよう)
消耗	(しょうもう,しょうこう)
消耗的	(しょうもうてき,しょうこうてき)
消耗品	(しょうもうひん)
消耗品費	(しょうもうひんひ)
消化	(しょうか)
消化剤	(しょうかざい)
消火	(しょうか)
消火器	(しょうかき)
消火栓	(しょうかせん)
消極	(しょうきょく)
消極的	(しょうきょくてき)
消極性	(しょうきょくせい)
消滅	(しょうめつ)
消去	(しょうきょ)
消失	(しょうしつ)
消失点	(しょうしつてん)
消息	(しょうそく,しょうそこ)
消息筋	(しょうそくすじ)
消音器	(しょうおんき)
消音装置	(しょうおんそうち)
消印	(けしいん)
宵	(よい)
宵っぱり	(よいっぱり)
宵っ張り	(よいっぱり)
宵の口	(よいのくち)
宵宮	(よみや)
宵越し	(よいごし)
梟	(ふくろう,フクロウ)
梟する	(きょうする)
梟敵	(きょうてき)
梟悪	(きょうあく)
梟将	(きょうしょう)
梟首	(きょうしゅ)
梟雄	(きょうゆう)
梟罪	(きょうざい)
硝石	(しょうせき)
硝酸	(しょうさん)
硝酸塩	(しょうさんえん)
硝酸銀	(しょうさんぎん)
硝煙	(しょうえん)
硝子	(ガラス)
霄壌	(しょうじょう)
銷失	(しょうしつ)
蕭	(よもぎ,ヨモギ)
蕭洒	(しょうしゃ)
瀟酒	(しょうしゃ)
瀟洒	(しょうしゃ)
瀟灑	(しょうしゃ)
驍将	(ぎょうしょう)
小がら	(こがら)
小さい	(ちいさい)
小さじ	(こさじ)
小さっぱりした	(こさっぱりした)
小じんまり	(こじんまり,こぢんまり)
小ぜり合い	(こぜりあい)
小ぢんまり	(こじんまり,こぢんまり)
小っちゃい	(ちっちゃい)
小っぽけ	(ちっぽけ)
小ビン	(こびん)
小びん	(こびん)
小ぶり	(こぶり)
小もの	(こもの)
小わき	(こわき)
小包	(こづつみ)
小包み	(こづつみ)
小鼻	(こばな)
小便	(しょうべん,しょんべん,ションベン)
小便をする	(しょうべんをする,しょんべんをする)
小便を垂れる	(しょんべんをたれる)
小便小僧	(しょうべんこぞう)
小変	(しょうへん)
小柄	(こがら)
小波	(さざなみ,ささなみ)
小鉢	(こばち)
小銃	(しょうじゅう)
小川	(おがわ)
小船	(こぶね,おぶね)
小春	(こはる)
小春びより	(こはるびより)
小春日和	(こはるびより)
小刀	(こがたな,しょうとう)
小島	(こじま,しょうとう,おじま)
小道具	(こどうぐ)
小敵	(しょうてき)
小町	(こまち)
小豆	(あずき,しょうず,アズキ)
小隊	(しょうたい)
小楯	(こだて)
小咄	(こばなし,しょうわ)
小額	(しょうがく)
小児	(しょうに,しょうじ)
小児マヒ	(しょうにまひ)
小児まひ	(しょうにまひ)
小児科	(しょうにか)
小児科医	(しょうにかい)
小児麻痺	(しょうにまひ)
小耳	(こみみ)
小耳にはさむ	(こみみにはさむ)
小耳に挟む	(こみみにはさむ)
小高い	(こだかい)
小供	(こども)
小規模	(しょうきぼ)
小規模ビジネス	(しょうきぼビジネス)
小国	(しょうこく)
小国民	(しょうこくみん)
小虎	(ことら)
小話	(こばなし,しょうわ)
小火器	(しょうかき)
小惑星	(しょうわくせい)
小肌	(こはだ,コハダ)
小癪	(こしゃく)
小計	(しょうけい)
小間使	(こまづかい)
小間使い	(こまづかい)
小間物	(こまもの)
小結	(こむすび)
小結び	(こむすび)
小節	(しょうせつ)
小金	(こがね)
小競り合い	(こぜりあい)
小競合い	(こぜりあい)
小康	(しょうこう)
小口現金	(こぐちげんきん)
小量	(しょうりょう)
小馬	(こうま)
小麦	(こむぎ)
小麦粉	(こむぎこ)
小麦色	(こむぎいろ)
小売	(こうり)
小売り	(こうり)
小猫	(こねこ,コネコ)
小米	(こごめ)
小面	(しょうめん)
小皿	(こざら)
小脳	(しょうのう)
小鳥	(ことり)
小牛	(こうし,こうじ)
小女	(しょうじょ)
小判	(こばん)
小判形	(こばんがた)
小判型	(こばんがた)
小片	(しょうへん)
小品	(しょうひん)
小瓶	(こびん)
小鰭	(こはだ,コハダ)
小気味	(こきみ,こきび)
小気味いい	(こきみよい,こきみいい)
小気味よい	(こきみよい,こきみいい)
小気味好い	(こきみよい,こきみいい)
小気味良い	(こきみよい,こきみいい)
小銭	(こぜに)
小遣	(こづかい,こずかい)
小遣い	(こづかい,こずかい)
小遣い銭	(こづかいせん,こづかいぜに)
小遣銭	(こづかいせん,こづかいぜに)
小切手	(こぎって)
小犬	(こいぬ)
小人	(しょうにん)
小僧	(こぞう)
小山	(こやま)
小生	(しょうせい)
小石	(こいし)
小食	(しょうしょく)
小食家	(しょうしょくか)
小匙	(こさじ)
小数	(しょうすう)
小数点	(しょうすうてん)
小滝	(こだき)
小水	(しょうすい)
小説	(しょうせつ)
小説家	(しょうせつか)
小松菜	(こまつな,コマツナ)
小粋	(こいき)
小突く	(こづく)
小委員会	(しょういいんかい)
小文節	(しょうぶんせつ)
小文字	(こもじ)
小屋	(こや,しょうおく)
小物	(こもの)
小物入れ	(こものいれ)
小細工	(こざいく)
小閑	(しょうかん)
小々	(しょうしょう)
小小	(しょうしょう)
小脇	(こわき)
小心	(しょうしん)
小心翼々	(しょうしんよくよく)
小心翼翼	(しょうしんよくよく)
小噺	(こばなし,しょうわ)
小型化	(こがたか)
小型新聞	(こがたしんぶん)
小型自動車	(こがたじどうしゃ)
小熊のプーさん	(こぐまのプーさん)
小学	(しょうがく)
小学生	(しょうがくせい)
小学校	(しょうがっこう)
小雪	(こゆき)
小言	(こごと)
小羊	(こひつじ)
小液胞	(しょうえきほう)
小意気	(こいき)
小踊り	(こおどり)
小雨	(こさめ,しょうう,こあめ)
小躍り	(こおどり)
小憎らしい	(こにくらしい)
小振り	(こぶり)
小枝	(こえだ)
小指	(こゆび)
小舟	(こぶね,おぶね)
小作農	(こさくのう)
暁	(あかつき,あかとき)
暁の空	(あかつきのそら)
暁天	(ぎょうてん)
暁星	(ぎょうせい)
曉	(あかつき,あかとき)
孝	(こう,きょう)
孝道	(こうどう)
孝弟	(こうてい)
孝経	(こうきょう)
孝敬	(こうけい)
孝女	(こうじょ)
孝順	(こうじゅん)
孝悌	(こうてい)
孝心	(こうしん)
孝行	(こうこう)
孝養	(こうよう)
孝子	(こうし)
肖る	(あやかる)
肖像	(しょうぞう)
肖像画	(しょうぞうが)
効	(かい)
効き目	(ききめ)
効く	(きく)
効果	(こうか)
効果てきめん	(こうかてきめん)
効果てき面	(こうかてきめん)
効果的	(こうかてき)
効果覿面	(こうかてきめん)
効果音	(こうかおん)
効力	(こうりょく)
効率	(こうりつ)
効率的	(こうりつてき)
効率化	(こうりつか)
効率向上	(こうりつこうじょう)
効目	(ききめ)
効能	(こうのう,くのう)
効能書き	(こうのうがき)
効験	(こうけん,こうげん)
効用	(こうよう)
咲い	(わらい)
咲う	(わらう)
咲きこぼれる	(さきこぼれる)
咲きだす	(さきだす)
咲き出す	(さきだす)
咲き乱れる	(さきみだれる)
咲き溢れる	(さきこぼれる)
咲く	(さく)
咲乱れる	(さきみだれる)
校しゃ	(こうしゃ)
校長	(こうちょう)
校訂	(こうてい)
校歌	(こうか)
校規	(こうき)
校紀	(こうき)
校了	(こうりょう)
校売	(こうばい)
校門	(こうもん)
校内	(こうない)
校旗	(こうき)
校舎	(こうしゃ)
校庭	(こうてい)
校外	(こうがい)
校医	(こうい)
校友	(こうゆう)
校閲	(こうえつ)
校則	(こうそく)
校章	(こうしょう)
校正	(こうせい)
校正刷	(こうせいずり)
校正刷り	(こうせいずり)
笑	(わらい)
笑い	(わらい)
笑いぐさ	(わらいぐさ)
笑いこける	(わらいこける)
笑いごと	(わらいごと)
笑い草	(わらいぐさ)
笑い倒ける	(わらいこける)
笑い話	(わらいばなし)
笑い茸	(わらいたけ,わらいだけ,ワライタケ)
笑い上戸	(わらいじょうご)
笑い声	(わらいごえ)
笑い事	(わらいごと)
笑い蕈	(わらいたけ,わらいだけ,ワライタケ)
笑い種	(わらいぐさ)
笑い転ける	(わらいこける)
笑う	(わらう)
笑み	(えみ)
笑み割れる	(えみわれる)
笑む	(えむ)
笑茸	(わらいたけ,わらいだけ,ワライタケ)
笑窪	(えくぼ,エクボ)
笑顔	(えがお)
笑止	(しょうし)
笑止千万	(しょうしせんばん)
傚う	(ならう)
嘯く	(うそぶく)
些し	(すこし)
些と	(ちっと,ちと)
些とも	(ちっとも)
些末	(さまつ)
些少	(さしょう)
些事	(さじ)
些細	(ささい)
些々	(ささ)
些些	(ささ)
楔	(くさび,クサビ)
楔形	(くさびがた,けっけい,せっけい)
楔形文字	(くさびがたもじ,せっけいもじ,けっけいもじ)
蝎座	(さそりざ)
蠍	(さそり,サソリ)
蠍座	(さそりざ)
邪	(よこしま)
邪ま	(よこしま)
邪道	(じゃどう)
邪悪	(じゃあく)
邪鬼	(じゃき)
邪教	(じゃきょう)
邪魔	(じゃま)
邪魔くさい	(じゃまくさい)
邪魔臭い	(じゃまくさい)
邪魔物	(じゃまもの)
邪魔者	(じゃまもの)
邪慳	(じゃけん)
邪推	(じゃすい)
邪険	(じゃけん)
邪宗	(じゃしゅう)
協調	(きょうちょう)
協調主義	(きょうちょうしゅぎ)
協調作業	(きょうちょうさぎょう)
協定	(きょうてい)
協定案	(きょうていあん)
協定世界時	(きょうていせかいじ)
協定書	(きょうていしょ)
協和	(きょうわ)
協会	(きょうかい)
協力	(きょうりょく)
協力鋼	(きょうりょくこう)
協力者	(きょうりょくしゃ)
協商	(きょうしょう)
協商国	(きょうしょうこく)
協同	(きょうどう)
協同動作	(きょうどうどうさ)
協同体	(きょうどうたい)
協同戦線	(きょうどうせんせん)
協同組合	(きょうどうくみあい)
協心	(きょうしん)
協業	(きょうぎょう)
協議	(きょうぎ)
協議官	(きょうぎかん)
協議会	(きょうぎかい)
協議会員	(きょうぎかいいん)
協議事項	(きょうぎじこう)
協議所	(きょうぎしょ)
協議員	(きょうぎいん)
協約	(きょうやく)
協約国	(きょうやくこく)
協約書	(きょうやくしょ)
協賛	(きょうさん)
協奏曲	(きょうそうきょく)
挟まる	(はさまる)
挟みこむ	(はさみこむ)
挟み打ち	(はさみうち)
挟み撃ち	(はさみうち)
挟み切る	(はさみきる)
挟み上げる	(はさみあげる)
挟み込む	(はさみこむ)
挟む	(はさむ,ハサむ)
挟撃	(きょうげき)
挾む	(はさむ,ハサむ)
挾撃	(きょうげき)
脇	(わき)
脇差	(わきざし)
脇差し	(わきざし)
脇腹	(わきばら)
脇見	(わきみ,ぼうし)
脇毛	(わきげ)
脇役	(わきやく)
脇指	(わきざし)
脅える	(おびえる)
脅かす	(おどかす)
脅しつける	(おどしつける)
脅し付ける	(おどしつける)
脅し文句	(おどしもんく)
脅す	(おどす)
脅喝	(きょうかつ)
脅迫	(きょうはく)
脅迫的	(きょうはくてき)
脅迫電話	(きょうはくでんわ)
脅迫者	(きょうはくしゃ)
脅迫状	(きょうはくじょう)
脅迫罪	(きょうはくざい)
脅威	(きょうい)
脅嚇	(きょうかく)
偕老	(かいろう)
偕老同穴	(かいろうどうけつ,カイロウドウケツ)
偕楽	(かいらく)
斜	(ななめ,なのめ)
斜め	(ななめ,なのめ)
斜めに	(ななめに)
斜辺	(しゃへん)
斜角	(しゃかく)
斜角柱	(しゃかくちゅう)
斜面	(しゃめん)
斜視	(しゃし)
斜線	(しゃせん)
斜陽	(しゃよう)
携える	(たずさえる)
携る	(たずさわる)
携わる	(たずさわる)
携帯	(けいたい,ケータイ,ケイタイ)
携帯電話	(けいたいでんわ)
携行	(けいこう)
頡頏	(きっこう)
鞋	(くつ)
諧調	(かいちょう)
諧声	(かいせい)
諧謔	(かいぎゃく)
写し	(うつし)
写しだす	(うつしだす)
写し出す	(うつしだす)
写し絵	(うつしえ)
写す	(うつす)
写る	(うつる)
写本	(しゃほん)
写生	(しゃせい)
写生画	(しゃせいが)
写生帖	(しゃせいちょう)
写生文	(しゃせいぶん)
写生帳	(しゃせいちょう)
写実	(しゃじつ)
写実的	(しゃじつてき)
写実主義	(しゃじつしゅぎ)
写象	(しゃしょう)
写像	(しゃぞう)
写真	(しゃしん)
写真うつり	(しゃしんうつり)
写真班	(しゃしんはん)
写真版	(しゃしんばん)
写真測量	(しゃしんそくりょう)
写真電送	(しゃしんでんそう)
写真館	(しゃしんかん)
写真機	(しゃしんき)
写真機店	(しゃしんきてん)
写真家	(しゃしんか)
写真結婚	(しゃしんけっこん)
写真判定	(しゃしんはんてい)
写真判定決勝	(しゃしんはんていけっしょう)
写真器	(しゃしんき)
写真師	(しゃしんし)
写真石版	(しゃしんせきばん)
写真術	(しゃしんじゅつ)
写真凸版	(しゃしんとっぱん)
写真望遠鏡	(しゃしんぼうえんきょう)
写真屋	(しゃしんや)
写真嫌い	(しゃしんぎらい)
写真写り	(しゃしんうつり)
写真顔	(しゃしんがお)
写真帳	(しゃしんちょう)
写真植字	(しゃしんしょくじ)
写植	(しゃしょく,しゃちょく)
写植機	(しゃしょっき)
写字	(しゃじ)
冩眞	(しゃしん)
寫真	(しゃしん)
寫眞	(しゃしん)
泄れ	(もれ)
卸	(おろし)
卸し	(おろし)
卸し大根	(おろしだいこん)
卸し金	(おろしがね)
卸し売り	(おろしうり)
卸し売り物価	(おろしうりぶっか)
卸し商	(おろししょう)
卸し問屋	(おろしどんや)
卸し値	(おろしね)
卸す	(おろす)
卸金	(おろしがね)
卸酒販	(おろししゅはん)
卸売	(おろしうり)
卸売り	(おろしうり)
卸売物価	(おろしうりぶっか)
卸売物価指数	(おろしうりぶっかしすう)
卸商	(おろししょう)
卸問屋	(おろしどんや)
卸相場	(おろしそうば)
卸値	(おろしね)
洩らす	(もらす)
洩る	(もる)
洩れ	(もれ)
洩れる	(もれる)
洩れ聞く	(もれきく)
屑	(くず,クズ)
屑カゴ	(くずかご,クズカゴ)
屑かご	(くずかご,クズカゴ)
屑篭	(くずかご,クズカゴ)
屑籠	(くずかご,クズカゴ)
屑拾い	(くずひろい)
械	(かせ)
紲	(きずな,きづな)
渫う	(さらう)
邂逅	(かいこう)
懈い	(だるい,ダルい,たるい)
謝する	(しゃする)
謝る	(あやまる)
謝辞	(しゃじ)
謝絶	(しゃぜつ)
謝礼	(しゃれい)
謝肉祭	(しゃにくさい)
謝文	(ザボン,ざぼん)
謝意	(しゃい)
謝罪	(しゃざい)
褻	(け)
瀉腹	(くだりばら)
瀉利塩	(しゃりえん)
瀉痢塩	(しゃりえん)
蠏	(かに,カニ)
蠏座	(かにざ)
蟹	(かに,カニ)
蟹座	(かにざ)
心	(しん)
心あたり	(こころあたり)
心がけ	(こころがけ)
心がける	(こころがける)
心がまえ	(こころがまえ)
心づかい	(こころづかい)
心づけ	(こころづけ)
心の底	(こころのそこ)
心の糧	(こころのかて)
心の琴線	(こころのきんせん)
心ぼそい	(こころぼそい)
心みる	(こころみる)
心をこめて	(こころをこめて)
心を籠めて	(こころをこめて)
心を込めて	(こころをこめて)
心を捉える	(こころをとらえる)
心棒	(しんぼう)
心変り	(こころがわり)
心変わり	(こころがわり)
心搏	(しんぱく)
心不全	(しんふぜん)
心残り	(こころのこり)
心持	(こころもち)
心持ち	(こころもち)
心打	(しんうち)
心打ち	(しんうち)
心待ち	(こころまち)
心待ちにする	(こころまちにする)
心当たり	(こころあたり)
心当り	(こころあたり)
心得	(こころえ)
心得る	(こころえる)
心地	(ここち)
心地いい	(ここちよい,ここちいい)
心地よい	(ここちよい,ここちいい)
心地好い	(ここちよい,ここちいい)
心地良い	(ここちよい,ここちいい)
心的	(しんてき)
心底	(しんそこ,しんてい)
心電図	(しんでんず)
心辺り	(こころあたり)
心服	(しんぷく)
心付	(こころづけ)
心付け	(こころづけ)
心構え	(こころがまえ)
心掛け	(こころがけ)
心掛ける	(こころがける)
心寂しい	(こころさびしい)
心見る	(こころみる)
心境	(しんきょう)
心覚え	(こころおぼえ)
心覚えに	(こころおぼえに)
心労	(しんろう)
心理	(しんり)
心理描写	(しんりびょうしゃ)
心理学	(しんりがく)
心理学的	(しんりがくてき)
心理学者	(しんりがくしゃ)
心理戦	(しんりせん)
心良い	(こころよい)
心霊	(しんれい)
心霊手術	(しんれいしゅじゅつ)
心拍	(しんぱく)
心配	(しんぱい)
心気	(しんき)
心遣い	(こころづかい)
心強い	(こころづよい)
心情	(しんじょう)
心身	(しんしん,しんじん)
心神耗弱	(しんしんこうじゃく)
心神耗弱者	(しんしんこうじゃくしゃ)
心使い	(こころづかい)
心停止	(しんていし)
心頭滅却	(しんとうめっきゃく)
心外	(しんがい)
心細い	(こころぼそい)
心懸け	(こころがけ)
心懸ける	(こころがける)
心血	(しんけつ)
心遺い	(こころづかい)
心猿	(しんえん)
心臓	(しんぞう)
心臓部	(しんぞうぶ)
心証	(しんしょう)
心中	(しんじゅう,しんぢゅう)
心酔	(しんすい)
芯	(しん)
辛い	(つらい,ツライ,ツラい)
辛うじて	(かろうじて)
辛くあたる	(つらくあたる)
辛く当たる	(つらくあたる)
辛み	(からみ,しんみ)
辛らつ	(しんらつ)
辛棒	(しんぼう)
辛抱	(しんぼう)
辛党	(からとう)
辛口	(からくち)
辛苦	(しんく)
辛辣	(しんらつ)
辛気	(しんき)
辛勝	(しんしょう)
辛酸	(しんさん)
辛味	(からみ,しんみ)
辛子	(からし,カラシ)
欣しい	(うれしい)
欣快	(きんかい)
欣喜雀躍	(きんきじゃくやく)
新	(しん)
新しい	(あたらしい)
新しがり屋	(あたらしがりや)
新た	(あらた)
新ためて	(あらためて)
新らしい	(あたらしい)
新案	(しんあん)
新板	(しんぱん)
新版	(しんぱん)
新参	(しんざん)
新参もの	(しんざんもの)
新参者	(しんざんもの)
新車	(しんしゃ)
新陳代謝	(しんちんたいしゃ)
新党	(しんとう)
新地	(さらち)
新調	(しんちょう)
新訂版	(しんていばん)
新発売	(しんはつばい)
新風	(しんぷう)
新婦	(しんぷ)
新幹線	(しんかんせん)
新古典派	(しんこてんは)
新館	(しんかん)
新規	(しんき)
新規保管	(しんきほかん)
新規事業	(しんきじぎょう)
新規投資	(しんきとうし)
新規株式公開	(しんきかぶしきこうかい)
新韓国党	(しんかんこくとう)
新婚	(しんこん)
新婚旅行	(しんこんりょこう)
新技術	(しんぎじゅつ)
新記録	(しんきろく)
新加坡	(シンガポール)
新嘉坡	(シンガポール)
新建材	(しんけんざい)
新教	(しんきょう)
新進気鋭	(しんしんきえい)
新旧	(しんきゅう)
新居	(しんきょ)
新刊	(しんかん)
新快速	(しんかいそく)
新郎	(しんろう)
新郎新婦	(しんろうしんぷ)
新羅	(しらぎ,しんら)
新緑	(しんりょく)
新米	(しんまい)
新木	(あらき)
新年	(しんねん)
新年会	(しんねんかい)
新盤	(しんばん)
新妻	(にいづま)
新奇	(しんき)
新橋	(しんばし)
新曲	(しんきょく)
新人	(しんじん)
新任	(しんにん)
新入	(しんにゅう)
新入社員	(しんにゅうしゃいん)
新入社員教育	(しんにゅうしゃいんきょういく)
新入生	(しんにゅうせい)
新鋭	(しんえい)
新設	(しんせつ)
新生	(しんせい)
新生物	(しんせいぶつ)
新石器時代	(しんせっきじだい)
新時代	(しんじだい)
新世紀	(しんせいき)
新式	(しんしき)
新手	(あらて,しんて)
新税	(しんぜい)
新説	(しんせつ)
新体	(しんたい)
新体操	(しんたいそう)
新体制	(しんたいせい)
新庁舎	(しんちょうしゃ)
新味	(しんみ)
新聞	(しんぶん)
新聞広告	(しんぶんこうこく)
新聞記者	(しんぶんきしゃ)
新聞社	(しんぶんしゃ)
新聞紙	(しんぶんし,しんぶんがみ)
新西蘭	(ニュージーランド,ニュージランド)
新潟県	(にいがたけん)
新潟縣	(にいがたけん)
新鮮	(しんせん)
新星	(しんせい)
新形	(しんがた)
新形式	(しんけいしき)
新型	(しんがた)
新興	(しんこう)
新学期	(しんがっき)
新雪	(しんせつ)
新芽	(しんめ)
新顔	(しんがお)
新語	(しんご)
新約	(しんやく)
新約克	(ニューヨーク,ニュー・ヨーク)
新約聖書	(しんやくせいしょ)
新札	(しんさつ)
新着	(しんちゃく)
新制	(しんせい)
新製品	(しんせいひん)
新種	(しんしゅ)
新築	(しんちく)
新字	(しんじ)
新卒者	(しんそつしゃ)
新作	(しんさく)
薪	(まき,たきぎ)
薪水	(しんすい)
薪炭	(しんたん)
噺	(はなし)
噺家	(はなしか)
馨しい	(かんばしい)
馨り	(かおり)
馨る	(かおる)
鐔	(つば)
信	(しん)
信じこむ	(しんじこむ)
信じる	(しんじる)
信じ込ます	(しんじこます)
信じ込む	(しんじこむ)
信ずる	(しんずる)
信ぴょう性	(しんぴょうせい)
信愛	(しんあい)
信販	(しんぱん)
信販会社	(しんぱんがいしゃ)
信奉	(しんぽう)
信奉者	(しんぽうしゃ)
信伏	(しんぷく)
信服	(しんぷく)
信腹	(しんぷく)
信管	(しんかん)
信号	(しんごう)
信号灯	(しんごうとう)
信号電波	(しんごうでんぱ)
信号機	(しんごうき)
信号旗	(しんごうき)
信号器	(しんごうき)
信号手	(しんごうしゅ)
信号所	(しんごうじょ,しんごうしょ)
信号塔	(しんごうとう)
信号無視	(しんごうむし)
信教	(しんきょう)
信教の自由	(しんきょうのじゆう)
信経	(しんきょう)
信頼	(しんらい)
信頼感	(しんらいかん)
信頼回復	(しんらいかいふく)
信頼醸成	(しんらいじょうせい)
信頼性	(しんらいせい)
信念	(しんねん)
信憑	(しんぴょう)
信憑性	(しんぴょうせい)
信任	(しんにん)
信任統治制度	(しんにんとうちせいど)
信任投票	(しんにんとうひょう)
信任状	(しんにんじょう)
信認	(しんにん)
信実	(しんじつ)
信受	(しんじゅ)
信書	(しんしょ)
信天翁	(アホウドリ,あほうどり)
信条	(しんじょう)
信徒	(しんと)
信徒伝動	(しんとでんどう)
信徒伝動者	(しんとでんどうしゃ)
信託	(しんたく)
信託会社	(しんたくがいしゃ)
信託契約	(しんたくけいやく)
信託投資	(しんたくとうし)
信託業	(しんたくぎょう)
信託資金	(しんたくしきん)
信望	(しんぼう)
信心	(しんじん)
信心家	(しんじんか)
信心深い	(しんじんぶかい)
信玄袋	(しんげんぶくろ)
信仰	(しんこう)
信仰的	(しんこうてき)
信仰告白	(しんこうこくはく)
信仰箇条	(しんこうかじょう)
信仰深い	(しんこうぶかい)
信仰生活	(しんこうせいかつ)
信仰者	(しんこうしゃ)
信疑	(しんぎ)
信義	(しんぎ)
信用	(しんよう)
信用貸し	(しんようがし)
信用販売	(しんようはんばい)
信用借り	(しんようがり)
信用取引	(しんようとりひき)
信用協同組合	(しんようきょうどうくみあい)
信用詐欺	(しんようさぎ)
信用状	(しんようじょう)
信用状態	(しんようじょうたい)
信用組合	(しんようくみあい)
信約	(しんやく)
信越	(しんえつ)
信者	(しんじゃ)
星	(ほし,ホシ)
星くず	(ほしくず)
星ぞら	(ほしぞら)
星嘉坡	(シンガポール)
星空	(ほしぞら)
星気体	(せいきたい)
星霜	(せいそう,せいぞう)
星条旗	(せいじょうき)
星図	(せいず)
星団	(せいだん)
星屑	(ほしくず)
星夜	(せいや)
星雲	(せいうん)
星占い	(ほしうらない)
星状体	(せいじょうたい)
星座	(せいざ)
星座投影機	(せいざとうえいき)
猩紅熱	(しょうこうねつ)
猩々	(しょうじょう)
猩猩	(しょうじょう)
猩々緋	(しょうじょうひ)
猩猩緋	(しょうじょうひ)
腥い	(なまぐさい)
刑	(けい)
刑場	(けいじょう)
刑典	(けいてん)
刑罰	(けいばつ)
刑法	(けいほう)
刑具	(けいぐ)
刑吏	(けいり)
刑戮	(けいりく)
刑律	(けいりつ)
刑名	(けいめい)
刑期	(けいき)
刑事	(けいじ)
刑事被告	(けいじひこく)
刑事被告人	(けいじひこくにん)
刑事裁判	(けいじさいばん)
刑事処分	(けいじしょぶん)
刑事犯	(けいじはん)
刑事上	(けいじじょう)
刑事々件	(けいじじけん)
刑事事件	(けいじじけん)
刑事訴訟	(けいじそしょう)
刑死	(けいし)
刑徒	(けいと)
刑務官	(けいむかん)
刑務所	(けいむしょ)
刑務所長	(けいむしょちょう)
刑務作業	(けいむさぎょう)
刑余	(けいよ)
刑余者	(けいよしゃ)
刑獄	(けいごく)
行	(ぎょう)
行い	(おこない)
行う	(おこなう)
行き	(いき,ゆき)
行きかう	(ゆきかう,いきかう)
行きすぎ	(いきすぎ,ゆきすぎ)
行きすぎる	(いきすぎる,ゆきすぎる)
行きずり	(ゆきずり,いきずり)
行きつく	(いきつく,ゆきつく)
行きとどく	(いきとどく,ゆきとどく)
行きなり	(いきなり,ゆきなり,いっきなり)
行きわたる	(いきわたる,ゆきわたる)
行き場	(ゆきば,いきば)
行き成	(いきなり,ゆきなり,いっきなり)
行き成り	(いきなり,ゆきなり,いっきなり)
行き渡る	(いきわたる,ゆきわたる)
行き方	(いきかた,ゆきかた)
行き過ぎ	(いきすぎ,ゆきすぎ)
行き過ぎる	(いきすぎる,ゆきすぎる)
行き合せる	(いきあわせる,ゆきあわせる)
行き合わせる	(いきあわせる,ゆきあわせる)
行き交う	(ゆきかう,いきかう)
行き詰まり	(いきづまり,ゆきづまり)
行き詰り	(いきづまり,ゆきづまり)
行き届く	(いきとどく,ゆきとどく)
行き来	(ゆきき,いきき)
行き摩り	(ゆきずり,いきずり)
行き暮れる	(ゆきくれる)
行き違い	(いきちがい,ゆきちがい)
行き先	(いきさき,ゆきさき)
行き摺り	(ゆきずり,いきずり)
行き着く	(いきつく,ゆきつく)
行き止まり	(いきどまり,ゆきどまり)
行き止り	(いきどまり,ゆきどまり)
行く	(いく,ゆく,イク)
行くえ	(ゆくえ)
行く末	(ゆくすえ)
行く手	(ゆくて)
行けない	(いけない,イケない)
行ったりきたり	(いったりきたり)
行ったり来たり	(いったりきたり)
行ったり来り	(いったりきたり)
行ない	(おこない)
行なう	(おこなう)
行の末尾	(ぎょうのまつび)
行の先頭	(ぎょうのせんとう)
行ベクトル	(ぎょうベクトル)
行る	(やる,ヤる)
行成り	(いきなり,ゆきなり,いっきなり)
行程	(こうてい)
行灯	(あんどん,あんどう)
行燈	(あんどん,あんどう)
行動	(こうどう)
行動地帯	(こうどうちたい)
行動方針	(こうどうほうしん)
行動計画	(こうどうけいかく)
行動命令	(こうどうめいれい)
行動主義	(こうどうしゅぎ)
行動主義心理学	(こうどうしゅぎしんりがく)
行渡る	(いきわたる,ゆきわたる)
行方	(いきかた,ゆきかた)
行方不明	(ゆくえふめい)
行方不明者	(ゆくえふめいしゃ)
行革	(ぎょうかく)
行過ぎる	(いきすぎる,ゆきすぎる)
行火	(あんか)
行間	(ぎょうかん)
行交う	(ゆきかう,いきかう)
行脚	(あんぎゃ)
行詰まり	(いきづまり,ゆきづまり)
行詰り	(いきづまり,ゆきづまり)
行届く	(いきとどく,ゆきとどく)
行進	(こうしん)
行来	(ゆきき,いきき)
行李	(こうり)
行列	(ぎょうれつ)
行列式	(ぎょうれつしき)
行末	(ゆくすえ)
行暮れる	(ゆきくれる)
行商	(ぎょうしょう)
行使	(こうし)
行事	(ぎょうじ)
行殊	(ぎょうじょ)
行書	(ぎょうしょ)
行数	(ぎょうすう)
行司	(ぎょうじ)
行頭	(ぎょうとう)
行為	(こうい)
行違い	(いきちがい,ゆきちがい)
行衛	(ゆくえ)
行先	(いきさき,ゆきさき)
行儀	(ぎょうぎ)
行員	(こういん)
行楽	(こうらく)
行者	(ぎょうじゃ)
行着く	(いきつく,ゆきつく)
行政	(ぎょうせい)
行政府	(ぎょうせいふ)
行政改革	(ぎょうせいかいかく)
行政官	(ぎょうせいかん)
行政区	(ぎょうせいく)
行政区画	(ぎょうせいくかく)
行止まり	(いきどまり,ゆきどまり)
行止り	(いきどまり,ゆきどまり)
行住坐臥	(ぎょうじゅうざが)
行住座臥	(ぎょうじゅうざが)
形	(かたち)
形づくる	(かたちづくる)
形どる	(かたどる)
形なし	(かたなし)
形変換	(かたへんかん)
形成	(けいせい)
形而上	(けいじじょう)
形而上学	(けいじじょうがく)
形而下	(けいじか)
形骸	(けいがい)
形跡	(けいせき)
形見	(かたみ)
形気	(きしつ,かたぎ)
形取る	(かたどる)
形容	(けいよう)
形容詞	(けいようし)
形容詞幹	(けいようしかん)
形容動詞	(けいようどうし)
形勝	(けいしょう)
形式	(けいしき)
形式的	(けいしきてき)
形勢	(けいせい)
形態	(けいたい)
形態素	(けいたいそ)
形体	(けいたい)
形無し	(かたなし)
形相	(ぎょうそう)
形象	(けいしょう)
形意拳	(けいいけん)
形影	(けいえい)
形造る	(かたちづくる)
形状	(けいじょう)
形作る	(かたちづくる)
型	(かた,がた)
型変換	(かたへんかん)
型番	(かたばん)
型録	(カタログ)
型破り	(かたやぶり)
型染	(かたぞめ)
型染め	(かたぞめ)
型紙	(かたがみ)
醒ます	(さます)
醒める	(さめる)
杏	(あんず,アンズ)
杏ジャム	(あんずジャム)
杏林	(きょうりん)
杏仁	(きょうにん,あんにん)
杏茸	(あんずたけ,アンズタケ)
杏子	(あんず,アンズ)
幸	(さち,こう,さき)
幸い	(さいわい)
幸せ	(しあわせ,しやわせ)
幸せもの	(しあわせもの)
幸せ者	(しあわせもの)
幸福	(こうふく)
幸甚	(こうじん)
幸運	(こううん)
性	(さが)
性愛	(せいあい)
性壁	(せいへき)
性表現情報	(せいひょうげんじょうほう)
性別	(せいべつ)
性病	(せいびょう)
性差	(せいさ)
性成熟	(せいせいじゅく)
性的	(せいてき)
性的衝動	(せいてきしょうどう)
性的関係	(せいてきかんけい)
性悪説	(せいあくせつ)
性分	(しょうぶん)
性格	(せいかく)
性根	(しょうね)
性急	(せいきゅう)
性交	(せいこう)
性教育	(せいきょういく)
性能	(せいのう)
性癖	(せいへき)
性器	(せいき)
性生活	(せいせいかつ)
性腺摘除	(せいせんてきじょ)
性向	(せいこう)
性行	(せいこう)
性行為	(せいこうい)
性遊戯	(せいゆうぎ)
性欲	(せいよく)
性慾	(せいよく)
性質	(せいしつ)
性転換	(せいてんかん)
姓	(せい,しょう,そう)
姓名	(せいめい)
姓氏	(せいし)
倖せ	(しあわせ,しやわせ)
興	(きょう)
興がる	(きょうがる)
興ざめ	(きょうざめ)
興ざめる	(きょうざめる)
興じる	(きょうじる)
興す	(おこす)
興ずる	(きょうずる)
興る	(おこる)
興敗	(こうはい)
興廃	(こうはい)
興奮	(こうふん,コーフン)
興奮剤	(こうふんざい)
興国	(こうこく)
興覚め	(きょうざめ)
興冷め	(きょうざめ)
興隆	(こうりゅう)
興起	(こうき)
興趣	(きょうしゅ)
興替	(こうたい)
興亡	(こうぼう)
興味	(きょうみ)
興味しんしん	(きょうみしんしん)
興味ぶかい	(きょうみぶかい)
興味本位	(きょうみほんい)
興味津々	(きょうみしんしん)
興味津津	(きょうみしんしん)
興味深い	(きょうみぶかい)
興信録	(こうしんろく)
興信所	(こうしんじょ)
興行	(こうぎょう)
興行化	(こうぎょうか)
興行師	(こうぎょうし)
興行主	(こうぎょうぬし)
興醒め	(きょうざめ)
興醒める	(きょうざめる)
興亜	(こうあ)
興業	(こうぎょう)
興業銀行	(こうぎょうぎんこう)
凶	(きょう)
凶報	(きょうほう)
凶暴	(きょうぼう)
凶変	(きょうへん)
凶党	(きょうとう)
凶悪	(きょうあく)
凶悍	(きょうかん)
凶漢	(きょうかん)
凶荒	(きょうこう)
凶具	(きょうぐ)
凶類	(きょうるい)
凶猛	(きょうもう)
凶夢	(きょうむ)
凶年	(きょうねん)
凶器	(きょうき)
凶刃	(きょうじん)
凶日	(きょうじつ)
凶事	(きょうじ)
凶手	(きょうしゅ)
凶歳	(きょうさい)
凶弾	(きょうだん)
凶徒	(きょうと)
凶聞	(きょうぶん)
凶行	(きょうこう)
凶音	(きょういん,きょうおん)
凶賊	(きょうぞく)
凶宅	(きょうたく)
凶兆	(きょうちょう)
凶状	(きょうじょう)
凶状持ち	(きょうじょうもち)
凶作	(きょうさく)
匂	(におい)
匂い	(におい)
匂い菖蒲	(においしょうぶ)
匂い袋	(においぶくろ)
匂い油	(においあぶら)
匂う	(におう)
匂わす	(におわす)
匂わせる	(におわせる)
兄	(あに)
兄さん	(にいさん,あにさん)
兄の君	(せのきみ)
兄弟	(きょうだい)
兄弟愛	(きょうだいあい)
兄弟分	(きょうだいぶん)
兄弟子	(あにでし)
兄貴	(あにき,アニキ)
兄嫁	(あによめ)
兄妹	(けいまい,きょうだい)
兄妹げんか	(きょうだいげんか)
兄妹喧嘩	(きょうだいげんか)
兄御	(あにご)
兄姉	(けいし,きょうだい)
兇	(きょう)
兇暴	(きょうぼう)
兇変	(きょうへん)
兇悪	(きょうあく)
兇悍	(きょうかん)
兇漢	(きょうかん)
兇具	(きょうぐ)
兇類	(きょうるい)
兇猛	(きょうもう)
兇器	(きょうき)
兇刃	(きょうじん)
兇手	(きょうしゅ)
兇弾	(きょうだん)
兇徒	(きょうと)
兇行	(きょうこう)
兇賊	(きょうぞく)
兇状	(きょうじょう)
兇状持ち	(きょうじょうもち)
匈	(きょう)
匈奴	(きょうど,フンヌ)
匈牙利	(ハンガリー)
胸	(むね,むな)
胸あて	(むねあて,むなあて)
胸くそが悪い	(むなくそがわるい,むねくそがわるい)
胸さわぎ	(むなさわぎ)
胸もと	(むなもと)
胸やけ	(むねやけ,むなやけ)
胸奥	(きょうおう)
胸板	(むないた)
胸壁	(きょうへき)
胸部	(きょうぶ)
胸当	(むねあて,むなあて)
胸当て	(むねあて,むなあて)
胸糞が悪い	(むなくそがわるい,むねくそがわるい)
胸骨	(きょうこつ)
胸郭	(きょうかく)
胸許	(むなもと)
胸襟	(きょうきん)
胸裡	(きょうり)
胸裏	(きょうり)
胸毛	(むなげ)
胸膜	(きょうまく)
胸腔	(きょうこう,きょうくう)
胸三寸	(むねさんずん)
胸騒ぎ	(むなさわぎ)
胸焼け	(むねやけ,むなやけ)
胸声	(きょうせい)
胸飾り	(むねかざり)
胸囲	(きょうい)
胸像	(きょうぞう)
胸元	(むなもと)
胸中	(きょうちゅう)
胸灼け	(むねやけ,むなやけ)
雄	(おす,おん,オス)
雄しべ	(おしべ,ゆうずい)
雄たけび	(おたけび,おさけび)
雄弁	(ゆうべん)
雄弁家	(ゆうべんか)
雄辯	(ゆうべん)
雄大	(ゆうだい)
雄鶏	(おんどり,オンドリ)
雄叫び	(おたけび,おさけび)
雄猛	(ゆうもう,ゆうみょう)
雄鳥	(おんどり,オンドリ)
雄牛	(おうし)
雄蕋	(おしべ,ゆうずい)
雄蕊	(おしべ,ゆうずい)
雄蘂	(おしべ,ゆうずい)
雄滝	(おだき)
雄羊	(おひつじ)
雄壮	(ゆうそう)
雄姿	(ゆうし)
熊	(くま,クマ)
熊本県	(くまもとけん)
熊本縣	(くまもとけん)
熊手	(くまで)
休けい	(きゅうけい)
休する	(きゅうする)
休ませる	(やすませる)
休まる	(やすまる)
休み	(やすみ)
休みどころ	(やすみどころ)
休み茶屋	(やすみぢゃや,やすみじゃや)
休み場	(やすみば)
休み処	(やすみどころ)
休み所	(やすみどころ)
休み休み	(やすみやすみ)
休み中	(やすみちゅう)
休む	(やすむ)
休め	(やすめ)
休める	(やすめる)
休らう	(やすらう)
休茶屋	(やすみぢゃや,やすみじゃや)
休場	(きゅうじょう)
休錘	(きゅうすい)
休怠	(きゅうたい)
休電	(きゅうでん)
休電日	(きゅうでんび)
休符	(きゅうふ)
休航	(きゅうこう)
休会	(きゅうかい)
休会明け	(きゅうかいあけ)
休火山	(きゅうかざん)
休講	(きゅうこう)
休刊	(きゅうかん)
休眠	(きゅうみん)
休眠期	(きゅうみんき)
休泊所	(きゅうはくじょ)
休戚	(きゅうせき)
休憩	(きゅうけい)
休憩時間	(きゅうけいじかん)
休憩室	(きゅうけいしつ)
休憩所	(きゅうけいじょ)
休日	(きゅうじつ)
休日明け	(きゅうじつあけ)
休廷	(きゅうてい)
休廷日	(きゅうていび)
休息	(きゅうそく)
休息時間	(きゅうそくじかん)
休息所	(きゅうそくじょ)
休暇	(きゅうか)
休暇願い	(きゅうかねがい)
休閑	(きゅうかん)
休閑地	(きゅうかんち)
休祥	(きゅうしょう)
休校	(きゅうこう)
休学	(きゅうがく)
休演	(きゅうえん)
休養	(きゅうよう)
休養室	(きゅうようしつ)
休業	(きゅうぎょう)
休業日	(きゅうぎょうび)
休意	(きゅうい)
休載	(きゅうさい)
休戦	(きゅうせん)
休戦会談	(きゅうせんかいだん)
休戦記念日	(きゅうせんきねんび)
休戦条約	(きゅうせんじょうやく)
休戦協定	(きゅうせんきょうてい)
休診	(きゅうしん)
休診日	(きゅうしんび)
休職	(きゅうしょく)
休止	(きゅうし)
休止符	(きゅうしふ)
休転	(きゅうてん)
休足	(きゅうそく)
修まる	(おさまる)
修める	(おさめる)
修補	(しゅうほ)
修辞	(しゅうじ)
修辞法	(しゅうじほう)
修辞学	(しゅうじがく)
修道	(しゅうどう)
修道会	(しゅうどうかい)
修道女	(しゅうどうじょ)
修道生活	(しゅうどうせいかつ)
修道士	(しゅうどうし)
修道誓願	(しゅうどうせいがん)
修道院	(しゅうどういん)
修道院長	(しゅうどういんちょう)
修道制度	(しゅうどうせいど)
修得	(しゅうとく)
修訂	(しゅうてい)
修法	(しゅほう,ずほう,すほう)
修復	(しゅうふく,しゅふく)
修覆	(しゅうふく,しゅふく)
修改	(しゅうかい)
修好	(しゅうこう)
修交	(しゅうこう)
修了	(しゅうりょう)
修了証書	(しゅうりょうしょうしょ)
修理	(しゅうり,しゅり,すり)
修理代	(しゅうりだい)
修理工	(しゅうりこう)
修理屋	(しゅうりや)
修理中	(しゅうりちゅう)
修煉	(しゅうれん)
修練	(しゅうれん)
修練者	(しゅうれんしゃ)
修錬	(しゅうれん)
修論	(しゅうろん)
修羅	(しゅら,すら)
修羅のちまた	(しゅらのちまた)
修羅の巷	(しゅらのちまた)
修羅場	(しゅらば,しゅらじょう)
修羅道	(しゅらどう)
修繕	(しゅうぜん)
修繕費	(しゅうぜんひ)
修繕工	(しゅうぜんこう)
修繕工場	(しゅうぜんこうじょう)
修身	(しゅうしん)
修史	(しゅうし)
修士	(しゅうし)
修飾	(しゅうしょく)
修飾語	(しゅうしょくご)
修飾子	(しゅうしょくし)
修熟	(しゅうじゅく)
修行者	(しゅぎょうじゃ,すぎょうざ)
修学	(しゅうがく)
修学旅行	(しゅうがくりょこう)
修験道	(しゅげんどう)
修験者	(しゅげんじゃ)
修養	(しゅうよう)
修業	(しゅうぎょう,しゅぎょう)
修業年限	(しゅうぎょうねんげん)
修営	(しゅうえい)
修院	(しゅういん)
修院長	(しゅういんちょう)
修造	(しゅぞう,しゅうぞう)
修整	(しゅうせい)
修正	(しゅうせい)
修正案	(しゅうせいあん)
修正者	(しゅうせいしゃ)
修築	(しゅうちく)
修撰	(しゅうせん)
羞	(はじ,じょく)
羞じらう	(はじらう)
羞じる	(はじる)
羞ずかしい	(はずかしい)
羞む	(はにかむ)
羞恥	(しゅうち)
羞恥む	(はにかむ)
羞恥心	(しゅうちしん)
髤筆	(はけ,ハケ)
朽ちる	(くちる)
朽ち果てる	(くちはてる)
朽ち葉	(くちば)
朽果てる	(くちはてる)
朽葉	(くちば)
秀でる	(ひいでる)
秀才	(しゅうさい)
秀麗	(しゅうれい)
秀逸	(しゅういつ)
袖	(そで)
袖付	(そでつけ)
袖付け	(そでつけ)
袖口	(そでぐち)
嗅ぎつける	(かぎつける)
嗅ぎわける	(かぎわける)
嗅ぎ出す	(かぎだす)
嗅ぎ分ける	(かぎわける)
嗅ぎ付ける	(かぎつける)
嗅ぐ	(かぐ)
嗅覚	(きゅうかく)
銹	(さび)
嚊天下	(かかあでんか)
鏽	(さび)
戌	(いぬ)
戌年	(いぬどし,イヌどし)
虚	(から,カラ)
虚しい	(むなしい)
虚しく	(むなしく)
虚ろ	(うつろ)
虚報	(きょほう)
虚構	(きょこう)
虚空	(こくう)
虚空蔵	(こくうぞう)
虚礼	(きょれい)
虚栄	(きょえい)
虚弱	(きょじゃく)
虚勢	(きょせい)
虚飾	(きょしょく)
虚数	(きょすう)
虚脱	(きょだつ)
虚妄	(きょもう,きょぼう,こもう)
虚偽	(きょぎ,こぎ)
虚無	(きょむ)
虚無僧	(こむそう)
虚無主義	(きょむしゅぎ)
虚像	(きょぞう)
虚心	(きょしん)
虚心たんかい	(きょしんたんかい)
虚心坦懐	(きょしんたんかい)
虚々実々	(きょきょじつじつ)
虚虚実実	(きょきょじつじつ)
虚言	(きょげん,きょごん)
須臾	(しばらく)
需め	(もとめ)
需給	(じゅきゅう)
需品	(じゅひん)
需肉	(れいにく)
需要	(じゅよう)
需要供給	(じゅようきょうきゅう)
嘘	(うそ,ウソ)
嘘つき	(うそつき,ウソつき)
嘘っぱち	(うそっぱち)
嘘っ八	(うそっぱち)
嘘っ八百	(うそっぱっぴゃく)
嘘でかためる	(うそでかためる)
嘘で固める	(うそでかためる)
嘘ぶく	(うそぶく)
嘘をつく	(うそをつく,ウソをつく)
嘘を付く	(うそをつく,ウソをつく)
嘘を吐く	(うそをつく,ウソをつく)
嘘八百	(うそはっぴゃく)
嘘付き	(うそつき,ウソつき)
嘘吐き	(うそつき,ウソつき)
嘘字	(うそじ)
歔欷	(きょき)
噓	(うそ,ウソ)
譃わる	(いつわる)
鬚	(ひげ,ヒゲ)
鬚髯	(しゅぜん)
徐に	(おもむろに)
徐ろに	(おもむろに)
徐歩	(じょほ)
徐航	(じょこう)
徐行	(じょこう)
徐々	(じょじょ)
徐徐	(じょじょ)
徐々に	(じょじょに)
徐徐に	(じょじょに)
旭	(あさひ)
旭光	(きょっこう)
旭暉	(きょっき)
旭旗	(きょっき)
旭日	(きょくじつ)
旭日昇天	(きょくじつしょうてん)
序	(ついで)
序で	(ついで)
序でに	(ついでに)
序に	(ついでに)
序ノ口	(じょのくち)
序の口	(じょのくち)
序列	(じょれつ)
序論	(じょろん)
序幕	(じょまく)
序盤	(じょばん)
序曲	(じょきょく)
序説	(じょせつ)
序文	(じょぶん)
序章	(じょしょう)
叙する	(じょする)
叙賜	(じょし)
叙景	(じょけい)
叙爵	(じょしゃく)
叙利亜	(シリア)
叙情	(じょじょう)
叙情詩	(じょじょうし)
叙任	(じょにん)
叙事	(じょじ)
叙事詩	(じょじし)
叙事文	(じょじぶん)
叙述	(じょじゅつ)
叙説	(じょせつ)
叙位	(じょい)
叙文	(じょぶん)
叙勲	(じょくん)
恤む	(めぐむ)
壻	(むこ)
婿	(むこ)
婿選び	(むこえらび)
婿養子	(むこようし,ムコようし)
蓄える	(たくわえる)
蓄のう症	(ちくのうしょう)
蓄財	(ちくざい)
蓄電池	(ちくでんち)
蓄積	(ちくせき)
蓄積管	(ちくせきかん)
蓄膿症	(ちくのうしょう)
蓄音機	(ちくおんき)
蓄音器	(ちくおんき)
続き柄	(つづきがら,ぞくがら)
続く	(つづく)
続ぐ	(つぐ,ツぐ)
続ける	(つづける)
続報	(ぞくほう)
続編	(ぞくへん)
続柄	(つづきがら,ぞくがら)
続出	(ぞくしゅつ)
続発	(ぞくはつ)
続篇	(ぞくへん)
続騰	(ぞくとう)
続行	(ぞっこう)
続々	(ぞくぞく)
続続	(ぞくぞく)
聟	(むこ)
緒	(いとぐち)
緒論	(しょろん,ちょろん)
緒戦	(しょせん,ちょせん)
緒作	(しょさく)
鱮	(タナゴ,たなご)
宣しく	(よろしく)
宣べる	(のべる)
宣告	(せんこく)
宣教	(せんきょう)
宣教師	(せんきょうし)
宣誓	(せんせい)
宣言	(せんげん)
宣言発表	(せんげんはっぴょう)
宣伝	(せんでん)
宣戦	(せんせん)
軒	(のき)
軒なみ	(のきなみ)
軒昂	(けんこう)
軒並	(のきなみ)
軒並み	(のきなみ)
軒数	(けんすう)
軒下	(のきした)
軒先	(のきさき)
萱	(かや)
喧しい	(やかましい)
喧嘩	(けんか,ケンカ)
喧嘩腰	(けんかごし)
喧騒	(けんそう)
喧々ごうごう	(けんけんごうごう)
喧々囂々	(けんけんごうごう)
喧喧囂囂	(けんけんごうごう)
喧伝	(けんでん)
喧噪	(けんそう)
煖房	(だんぼう)
煖炉	(だんろ)
諠譁	(けんか,ケンカ)
諠譟	(けんそう)
玄関	(げんかん)
玄関番	(げんかんばん)
玄関先	(げんかんさき)
玄關	(げんかん)
玄麦	(げんばく)
玄米	(くろごめ,くろまい,こくまい)
玄米茶	(げんまいちゃ)
玄人	(くろうと,くろと)
玄孫	(げんそん,やしゃご)
玄武岩	(げんぶがん)
旋風	(せんぷう,つむじかぜ,つじかぜ)
旋光	(せんこう)
旋光分析	(せんこうぶんせき)
旋光角	(せんこうかく)
旋回	(せんかい)
旋廻	(せんかい)
旋律	(せんりつ)
旋毛	(つむじ,せんもう)
旋毛曲がり	(つむじまがり)
旋盤	(せんばん)
懸	(かけ)
懸かり	(かかり,カカリ)
懸かる	(かかる)
懸け	(かけ)
懸ける	(かける)
懸け合う	(かけあう)
懸け離れる	(かけはなれる)
懸け引き	(かけひき)
懸り	(かかり,カカリ)
懸る	(かかる)
懸案	(けんあん)
懸垂	(けんすい)
懸隔	(けんかく)
懸鉤子	(きいちご,キイチゴ)
懸絶	(けんぜつ)
懸命	(けんめい)
懸念	(けねん,けんねん)
懸賞	(けんしょう)
懸崖	(けんがい)
選びだす	(えらびだす)
選びとる	(えらびとる)
選び出す	(えらびだす)
選び取る	(えらびとる)
選ぶ	(えらぶ)
選り抜く	(えりぬく,よりぬく)
選り出す	(よりだす,えりだす)
選り分ける	(よりわける,えりわける)
選り好み	(よりごのみ,えりごのみ)
選抜	(せんばつ,センバツ)
選別	(せんべつ)
選出	(せんしゅつ)
選定	(せんてい)
選衡	(せんこう)
選集	(せんしゅう,せんじゅう)
選挙	(せんきょ)
選挙権	(せんきょけん)
選挙戦	(せんきょせん)
選挙準備	(せんきょじゅんび)
選考	(せんこう)
選曲	(せんきょく)
選任	(せんにん)
選手	(せんしゅ)
選手権	(せんしゅけん)
選択	(せんたく,せんだく)
選択科目	(せんたくかもく)
選択項目	(せんたくこうもく)
選択肢	(せんたくし)
選択値群	(せんたくちぐん)
選択状態	(せんたくじょうたい)
選択子	(せんたくし)
眩い	(まぶい)
眩しい	(まぶしい,まぼしい)
眩れる	(くれる)
眩惑	(げんわく)
眩暈	(めまい)
衒う	(てらう)
衒気	(げんき)
衒学	(げんがく)
衒耀	(げんよう)
絢緞子	(あやどんす)
絢爛	(けんらん)
鉉	(つる)
削ぐ	(そぐ)
削りおとす	(けずりおとす)
削りクズ	(けずりくず,けずりクズ)
削りくず	(けずりくず,けずりクズ)
削りとる	(けずりとる)
削り節	(けずりぶし)
削り落す	(けずりおとす)
削り落とす	(けずりおとす)
削り取る	(けずりとる)
削り屑	(けずりくず,けずりクズ)
削る	(けずる)
削氷機	(さくひょうき)
削除	(さくじょ)
削減	(さくげん)
削井	(さくせい)
削摩	(さくま)
削片	(さくへん)
削岩機	(さくがんき)
靴	(くつ)
靴ずれ	(くつずれ)
靴ひも	(くつひも)
靴ベラ	(くつべら)
靴べら	(くつべら)
靴みがき	(くつみがき)
靴箆	(くつべら)
靴篦	(くつべら)
靴擦れ	(くつずれ)
靴底	(くつぞこ)
靴磨	(くつみがき)
靴磨き	(くつみがき)
靴墨	(くつずみ)
靴紐	(くつひも)
靴屋	(くつや)
靴下	(くつした)
靴型	(くつがた)
靴一足	(くついっそく)
靴音	(くつおと)
靴直し	(くつなおし)
穴	(あな)
穴あけ器	(あなあけき)
穴うめ	(あなうめ)
穴ぐら	(あなぐら)
穴だらけにする	(あなだらけにする)
穴ボコ	(あなぼこ,アナボコ)
穴ぼこ	(あなぼこ,アナボコ)
穴凹	(あなぼこ,アナボコ)
穴倉	(あなぐら)
穴蔵	(あなぐら)
穴場	(あなば)
穴居	(けっきょ)
穴居人	(けっきょじん)
穴開け器	(あなあけき)
穴埋め	(あなうめ)
穴熊	(あなぐま,あなくま,アナグマ)
穴子	(あなご,アナゴ)
学ぶ	(まなぶ)
学部	(がくぶ)
学部長	(がくぶちょう)
学部生	(がくぶせい)
学長	(がくちょう)
学閥	(がくばつ)
学費	(がくひ)
学府	(がくふ)
学割	(がくわり)
学割り	(がくわり)
学会	(がっかい)
学級	(がっきゅう)
学籍	(がくせき)
学祭	(がくさい)
学際的	(がくさいてき)
学監	(がっかん)
学界	(がっかい)
学究	(がっきゅう)
学科	(がっか)
学課	(がっか)
学理	(がくり)
学力	(がくりょく)
学歴	(がくれき)
学寮	(がくりょう)
学齢	(がくれい)
学帽	(がくぼう)
学門	(がくもん)
学名	(がくめい)
学内	(がくない)
学年	(がくねん)
学派	(がくは)
学期	(がっき)
学期末	(がっきまつ)
学区	(がっく)
学僧	(がくそう)
学舎	(がくしゃ)
学生	(がくせい)
学生寮	(がくせいりょう)
学生時代	(がくせいじだい)
学生証	(がくせいしょう)
学識	(がくしき)
学士	(がくし)
学術	(がくじゅつ)
学術用語	(がくじゅつようご)
学説	(がくせつ)
学童	(がくどう)
学徒	(がくと)
学位	(がくい)
学位論文	(がくいろんぶん)
学文	(がくもん)
学問	(がくもん)
学問的	(がくもんてき)
学習	(がくしゅう)
学習塾	(がくしゅうじゅく)
学習用	(がくしゅうよう)
学習者	(がくしゅうしゃ)
学校	(がっこう)
学協会	(がくきょうかい)
学業	(がくぎょう)
学友	(がくゆう)
学園	(がくえん)
学園祭	(がくえんさい)
学院	(がくいん)
学芸	(がくげい)
学則	(がくそく)
学者	(がくしゃ)
学者膚	(がくしゃはだ)
学者肌	(がくしゃはだ)
学殖	(がくしょく)
学資	(がくし)
学卒	(がくそつ)
學ぶ	(まなぶ)
學生	(がくせい)
學習	(がくしゅう)
學校	(がっこう)
學園	(がくえん)
學院	(がくいん)
鴬	(うぐいす,ウグイス)
鴬色	(うぐいすいろ)
雪	(ゆき)
雪ぐ	(すすぐ,そそぐ,ゆすぐ)
雪ダルマ	(ゆきだるま,ユキダルマ)
雪だるま	(ゆきだるま,ユキダルマ)
雪どけ	(ゆきどけ)
雪まつり	(ゆきまつり)
雪崩	(なだれ,ナダレ)
雪崩れ	(なだれ,ナダレ)
雪崩れる	(なだれる)
雪崩れ込む	(なだれこむ)
雪崩落ちる	(なだれおちる)
雪崩込む	(なだれこむ)
雪達磨	(ゆきだるま,ユキダルマ)
雪道	(ゆきみち,ゆきじ)
雪国	(ゆきぐに)
雪害	(せつがい)
雪合戦	(ゆきがっせん)
雪花菜	(おから,きらず,せっかさい)
雪祭	(ゆきまつり)
雪祭り	(ゆきまつり)
雪見	(ゆきみ)
雪解け	(ゆきどけ)
雪景	(せっけい)
雪路	(ゆきみち,ゆきじ)
雪男	(ゆきおとこ)
雪女	(ゆきおんな)
雪溶け	(ゆきどけ)
雪融け	(ゆきどけ)
雪辱	(せつじょく)
雪上車	(せつじょうしゃ)
雪焼け	(ゆきやけ)
雪踏	(せった,せきだ,せちだ)
雪特尼	(シドニー)
雪駄	(せった,せきだ,せちだ)
雪渓	(せっけい)
雪像	(せつぞう)
雪中	(せっちゅう)
艝	(ソリ,そり)
轌	(ソリ,そり)
鱈	(たら,タラ)
鱈腹	(たらふく)
鱈子	(たらこ,タラこ)
血	(ち)
血しょう	(けっしょう)
血すじ	(ちすじ)
血の巡りが悪い	(ちのめぐりがわるい)
血の巡りの悪い	(ちのめぐりのわるい)
血まなこ	(ちまなこ,ちめ)
血も涙もない	(ちもなみだもない)
血も涙も無い	(ちもなみだもない)
血を引く	(ちをひく)
血餅	(けっぺい)
血潮	(ちしお)
血豆	(ちまめ)
血管	(けっかん)
血痕	(けっこん)
血祭り	(ちまつり)
血漿	(けっしょう)
血筋	(ちすじ)
血圧	(けつあつ)
血涙	(けつるい)
血目	(ちまなこ,ちめ)
血気	(けっき)
血清	(けっせい)
血球	(けっきゅう)
血肉	(けつにく,ちにく)
血色	(けっしょく)
血色素	(けっしきそ)
血糖	(けっとう)
血統	(けっとう)
血汐	(ちしお)
血相	(けっそう)
血小板	(けっしょうばん)
血行	(けっこう)
血行障害	(けっこうしょうがい)
血眼	(ちまなこ,ちめ)
血液	(けつえき)
血液ガス	(けつえきガス)
血液凝固	(けつえきぎょうこ)
血液型	(けつえきがた)
血液循環	(けつえきじゅんかん)
血友病	(けつゆうびょう)
血縁	(けつえん,けちえん)
血族	(けつぞく)
血族関係	(けつぞくかんけい)
熏蒸	(くんじょう)
熏製	(くんせい)
勲功	(くんこう)
勲記	(くんき)
勲爵	(くんしゃく)
勲位	(くんい)
勲章	(くんしょう)
薫らす	(くゆらす)
薫り	(かおり)
薫る	(かおる)
薫風	(くんぷう)
薫陶	(くんとう)
薫香	(くんこう)
薫蒸	(くんじょう)
薫蒸消毒	(くんじょうしょうどく)
薫製	(くんせい)
燻し	(いぶし)
燻ぶる	(くすぶる,ふすぶる,いぶる)
燻らす	(くゆらす)
燻る	(くすぶる,ふすぶる,いぶる)
燻蒸	(くんじょう)
燻製	(くんせい)
旬	(しゅん)
旬報	(じゅんぽう)
旬刊	(じゅんかん)
旬日	(じゅんじつ)
旬外れ	(じゅんはずれ)
旬余	(じゅんよ)
旬月	(じゅんげつ)
巡り逢う	(めぐりあう)
巡り合い	(めぐりあい)
巡り合う	(めぐりあう)
巡り会う	(めぐりあう)
巡る	(めぐる)
巡査	(じゅんさ)
巡航	(じゅんこう)
巡回	(じゅんかい)
巡廻	(じゅんかい)
巡礼	(じゅんれい)
巡礼者	(じゅんれいしゃ)
巡視	(じゅんし)
巡視艇	(じゅんしてい)
巡行	(じゅんこう)
巡演	(じゅんえん)
巡洋艦	(じゅんようかん)
巡業	(じゅんぎょう)
循還	(じゅんかん)
循環	(じゅんかん)
循守	(じゅんしゅ)
尋ねる	(たずねる)
尋ね人	(たずねびと)
尋常	(じんじょう)
尋常一様	(じんじょういちよう)
尋問	(じんもん)
鱏	(えい,エイ)
鱘魚	(ちょうざめ,チョウザメ)
迅雷	(じんらい)
迅速	(じんそく)
殉国	(じゅんこく)
殉教者	(じゅんきょうしゃ)
殉難	(じゅんなん)
殉死	(じゅんし)
殉職	(じゅんしょく)
訓え	(おしえ)
訓える	(おしえる)
訓み下す	(よみくだす)
訓む	(よむ)
訓辞	(くんじ)
訓点	(くんてん)
訓読	(くんどく)
訓読み	(くんよみ)
訓話	(くんわ)
訓戒	(くんかい)
訓誡	(くんかい)
訓練	(くんれん)
訓令	(くんれい)
訓示	(くんじ)
訓育	(くんいく)
訊き出す	(ききだす)
訊き返す	(ききかえす)
訊ねる	(たずねる)
訊問	(じんもん)
巽	(たつみ)
馴じみ	(なじみ)
馴らす	(ならす)
馴れ	(なれ)
馴れる	(なれる)
馴れ初め	(なれそめ)
馴れ合い	(なれあい)
馴れ合う	(なれあう)
馴れ馴れしい	(なれなれしい)
馴化	(じゅんか)
馴鹿	(となかい,トナカイ)
馴染	(なじみ)
馴染み	(なじみ)
馴染む	(なじむ)
馴々しい	(なれなれしい)
遜る	(へりくだる)
遜色	(そんしょく)
遜色がある	(そんしょくがある)
遜色がない	(そんしょくがない)
遜色が無い	(そんしょくがない)
蕈	(きのこ,たけ,キノコ)
押える	(おさえる)
押え込む	(おさえこむ)
押さえつける	(おさえつける)
押さえる	(おさえる)
押さえ付ける	(おさえつける)
押さえ込む	(おさえこむ)
押し	(おし,オシ)
押しあう	(おしあう)
押しあける	(おしあける)
押しあげる	(おしあげる)
押しあてる	(おしあてる)
押しいる	(おしいる)
押しかえす	(おしかえす)
押しかける	(おしかける)
押しかためる	(おしかためる)
押しきる	(おしきる)
押しこむ	(おしこむ)
押しころす	(おしころす)
押したおす	(おしたおす)
押したてる	(おしたてる)
押しだまる	(おしだまる)
押しつける	(おしつける)
押しつぶす	(おしつぶす)
押しつまる	(おしつまる)
押しつめる	(おしつめる)
押しとおす	(おしとおす)
押しとおる	(おしとおる)
押しながす	(おしながす)
押しなべて	(おしなべて)
押しのける	(おしのける)
押しボタン	(おしボタン,おしぼたん)
押しまくる	(おしまくる)
押しもどす	(おしもどす)
押しよせる	(おしよせる)
押しわける	(おしわける)
押し並べて	(おしなべて)
押し出し	(おしだし)
押し出す	(おしだす)
押し当てる	(おしあてる)
押し倒す	(おしたおす)
押し返す	(おしかえす)
押し分ける	(おしわける)
押し付ける	(おしつける)
押し固める	(おしかためる)
押し掛ける	(おしかける)
押し掛け客	(おしかけきゃく)
押し広める	(おしひろめる)
押し合い	(おしあい)
押し合う	(おしあう)
押し絵	(おしえ)
押し寄せる	(おしよせる)
押し詰まる	(おしつまる)
押し詰める	(おしつめる)
押し詰る	(おしつまる)
押し捲くる	(おしまくる)
押し開ける	(おしあける)
押し釦	(おしボタン,おしぼたん)
押し潰す	(おしつぶす)
押し立てる	(おしたてる)
押し流す	(おしながす)
押し売り	(おしうり)
押し黙る	(おしだまる)
押し破る	(おしやぶる)
押し切り	(おしきり)
押し切る	(おしきる)
押し入る	(おしいる)
押し入れ	(おしいれ)
押し殺す	(おしころす)
押し上げる	(おしあげる)
押し戻す	(おしもどす)
押し通す	(おしとおす)
押し通る	(おしとおる)
押し退ける	(おしのける)
押し問答	(おしもんどう)
押し葉	(おしば)
押し込む	(おしこむ)
押し込める	(おしこめる)
押す	(おす)
押っ忍	(おっす,おす)
押なつ	(おうなつ)
押ボタン	(おしボタン,おしぼたん)
押柄	(おうへい)
押出し	(おしだし)
押出す	(おしだす)
押倒す	(おしたおす)
押返す	(おしかえす)
押分ける	(おしわける)
押付ける	(おしつける)
押掛ける	(おしかける)
押掛け客	(おしかけきゃく)
押広める	(おしひろめる)
押合い	(おしあい)
押合う	(おしあう)
押絵	(おしえ)
押寄せる	(おしよせる)
押詰める	(おしつめる)
押開ける	(おしあける)
押釦	(おしボタン,おしぼたん)
押潰す	(おしつぶす)
押立てる	(おしたてる)
押流す	(おしながす)
押売	(おしうり)
押売り	(おしうり)
押黙る	(おしだまる)
押捺	(おうなつ)
押切	(おしきり)
押切り	(おしきり)
押切る	(おしきる)
押忍	(おっす,おす)
押入	(おしいれ)
押入る	(おしいる)
押入れ	(おしいれ)
押上げる	(おしあげる)
押収	(おうしゅう)
押戻す	(おしもどす)
押通す	(おしとおす)
押問答	(おしもんどう)
押下	(おうか)
押印	(おういん)
押込める	(おしこめる)
押韻	(おういん)
鴉	(カラス,からす)
鴉の濡れ羽色	(からすのぬればいろ)
鴉片	(あへん,アヘン)
鴉片窟	(あへんくつ)
鴨	(かも,カモ)
鴨の嘴	(かものはし,カモノハシ)
鴨打ち	(かもうち)
鴨撃ち	(かもうち)
鴨脚樹	(いちょう,こうそんじゅ,イチョウ)
鴨居	(かもい)
鴨猟	(かもりょう)
鴨嘴	(かものはし,カモノハシ)
牙	(きば,き,キバ)
牙城	(がじょう)
牙買加	(ジャマイカ)
芽	(め)
芽ぐむ	(めぐむ)
芽ばえる	(めばえる)
芽胞	(がほう)
芽出度い	(めでたい)
芽生え	(めばえ)
芽生える	(めばえる)
芽子	(はぎ,ハギ)
厓	(がけ)
蚜虫	(あぶらむし,アブラムシ)
崖	(がけ)
涯	(はて)
涯て	(はて)
唖	(おし,あ,おうし)
唖鈴	(あれい,アレイ)
啞	(おし,あ,おうし)
啞鈴	(あれい,アレイ)
雅びた	(みやびた)
雅びやか	(みやびやか)
雅やか	(みやびやか)
雅称	(がしょう)
雅歌	(がか)
雅号	(がごう)
雅懐	(がかい)
雅客	(がかく)
雅量	(がりょう)
雅趣	(がしゅ)
雅俗	(がぞく)
雅味	(がみ)
雅仙紙	(がせんし)
雅兄	(がけい)
雅語	(がご)
雅楽	(ががく)
雅致	(がち)
亜ぐ	(つぐ)
亜ヒ酸	(あひさん,あヒさん)
亜成層圏	(あせいそうけん)
亜爾加里	(アルカリ)
亜爾然丁	(アルゼンチン)
亜綱	(あこう)
亜寒帯	(あかんたい)
亜科	(あか)
亜拉毘亜	(アラビア)
亜剌比亜	(アラビア)
亜鈴	(あれい,アレイ)
亜流	(ありゅう)
亜硫酸	(ありゅうさん)
亜硫酸塩	(ありゅうさんえん)
亜麻	(あま,アマ)
亜麻布	(あまぬの)
亜麻糸	(あまいと)
亜麻仁	(あまに)
亜麻仁油	(あまにゆ)
亜麻織物	(あまおりもの)
亜麻製	(あませい)
亜美利加	(アメリカ)
亜米利加	(アメリカ)
亜米利加合衆国	(アメリカがっしゅうこく)
亜墨利加	(アメリカ)
亜墨利加合衆国	(アメリカがっしゅうこく)
亜欧	(あおう)
亜砒酸	(あひさん,あヒさん)
亜片	(あへん,アヘン)
亜鉛	(あえん)
亜鉛板	(あえんばん)
亜鉛版	(あえんばん)
亜鉛華	(あえんか)
亜鉛末	(あえんまつ)
亜鉛凸版	(あえんとっぱん)
亜鉛引	(あえんびき)
亜鉛引き	(あえんびき)
亜群	(あぐん)
亜熱帯	(あねったい)
亜聖	(あせい)
亜属	(あぞく)
亜炭	(あたん)
亜温帯	(あおんたい)
亜細亜	(アジア)
亜硝酸	(あしょうさん)
亜硝酸塩	(あしょうさんえん)
亜種	(あしゅ)
亜族	(あぞく)
亞剌比亞	(アラビア)
軋む	(きしむ)
軋る	(きしる)
軋轢	(あつれき)
訝かる	(いぶかる)
訝しい	(いぶかしい)
訝しむ	(いぶかしむ)
訝る	(いぶかる)
烟	(けむり,けむ,けぶ)
烟い	(けむい,けぶい)
烟たい	(けむたい,けぶたい)
烟たがる	(けむたがる)
烟る	(けむる,けぶる)
烟草	(タバコ,たばこ)
烟管	(えんかん)
烟突	(えんとつ)
烟霞	(えんか)
湮滅	(いんめつ,えんめつ)
煙	(けむり,けむ,けぶ)
煙い	(けむい,けぶい)
煙たい	(けむたい,けぶたい)
煙たがる	(けむたがる)
煙る	(けむる,けぶる)
煙草	(タバコ,たばこ)
煙毒	(えんどく)
煙管	(キセル,きせる)
煙害	(えんがい)
煙火	(えんか)
煙幕	(えんまく)
煙死	(えんし)
煙弾	(えんだん)
煙突	(えんとつ)
煙霧	(えんむ)
煙霞	(えんか)
煙雨	(えんう)
閹人	(えんじん)
臙脂	(えんじ)
延いては	(ひいては)
延う	(はう)
延ばす	(のばす)
延び	(のび,ノビ)
延びる	(のびる)
延び率	(のびりつ)
延び延び	(のびのび)
延び延びになる	(のびのびになる)
延べ	(のべ)
延べる	(のべる)
延べ板	(のべいた)
延べ棒	(のべぼう)
延べ払い	(のべばらい)
延べ金	(のべがね)
延べ坪	(のべつぼ)
延べ坪数	(のべつぼすう)
延べ人員	(のべじんいん)
延べ日数	(のべにっすう)
延板	(のべいた)
延棒	(のべぼう)
延長	(えんちょう)
延払い	(のべばらい)
延会	(えんかい)
延金	(のべがね)
延命	(えんめい,えんみょう)
延納	(えんのう)
延年	(えんねん)
延坪	(のべつぼ)
延期	(えんき)
延期になる	(えんきになる)
延人員	(のべじんいん)
延日数	(のべにっすう)
延焼	(えんしょう)
延伸	(えんしん)
延髄	(えんずい)
延性	(えんせい)
延々	(えんえん)
延延	(えんえん)
延引	(えんいん)
延着	(えんちゃく)
延滞	(えんたい)
言いあらわす	(いいあらわす)
言いかえす	(いいかえす)
言いがかり	(いいがかり)
言いかた	(いいかた)
言いきかす	(いいきかす)
言いきかせる	(いいきかせる)
言いきる	(いいきる)
言いたす	(いいたす)
言いだす	(いいだす)
言いたてる	(いいたてる)
言いつける	(いいつける)
言いつのる	(いいつのる)
言いなりになる	(いいなりになる)
言いはなつ	(いいはなつ)
言いはる	(いいはる)
言いふくめる	(いいふくめる)
言いふらす	(いいふらす)
言いまかす	(いいまかす)
言いまわし	(いいまわし)
言いよる	(いいよる)
言いわけ	(いいわけ)
言い抜ける	(いいぬける)
言い表す	(いいあらわす)
言い表わす	(いいあらわす)
言い草	(いいぐさ)
言い出す	(いいだす)
言い触らす	(いいふらす)
言い当てる	(いいあてる)
言い渡す	(いいわたす)
言い返す	(いいかえす)
言い方	(いいかた)
言い放つ	(いいはなつ)
言い分	(いいぶん)
言い分け	(いいわけ)
言い紛らす	(いいまぎらす)
言い付ける	(いいつける)
言い負かす	(いいまかす)
言い改める	(いいあらためる)
言い掛かり	(いいがかり)
言い掛り	(いいがかり)
言い含める	(いいふくめる)
言い合い	(いいあい)
言い合う	(いいあう)
言い回し	(いいまわし)
言い廻し	(いいまわし)
言い及ぶ	(いいおよぶ)
言い寄る	(いいよる)
言い交す	(いいかわす)
言い交わす	(いいかわす)
言い開く	(いいひらく)
言い立てる	(いいたてる)
言い籠める	(いいこめる)
言い募る	(いいつのる)
言い暮らす	(いいくらす)
言い切る	(いいきる)
言い散らす	(いいちらす)
言い捨てる	(いいすてる)
言い送る	(いいおくる)
言い替えるなら	(いいかえるなら)
言い聞かす	(いいきかす)
言い聞かせる	(いいきかせる)
言い習わす	(いいならわす)
言い現す	(いいあらわす)
言い訳	(いいわけ)
言い込める	(いいこめる)
言い伝える	(いいつたえる)
言い張る	(いいはる)
言い争う	(いいあらそう)
言い種	(いいぐさ)
言い足す	(いいたす)
言う	(いう,ゆう)
言うまでもない	(いうまでもない,ゆうまでもない)
言うまでも無い	(いうまでもない,ゆうまでもない)
言う迄もない	(いうまでもない,ゆうまでもない)
言う迄も無い	(いうまでもない,ゆうまでもない)
言える	(いえる)
言たって	(いったって)
言づけ	(ことづけ)
言づける	(ことづける)
言ったって	(いったって)
言づて	(ことづて)
言わぬが花	(いわぬがはな)
言わば	(いわば)
言わゆる	(いわゆる)
言わ猿	(いわざる)
言抜ける	(いいぬける)
言草	(いいぐさ)
言出す	(いいだす)
言触らす	(いいふらす)
言当てる	(いいあてる)
言動	(げんどう)
言渡す	(いいわたす)
言返す	(いいかえす)
言放つ	(いいはなつ)
言分	(いいぶん)
言紛らす	(いいまぎらす)
言付	(ことづけ)
言付け	(ことづけ)
言付ける	(ことづける)
言負かす	(いいまかす)
言改める	(いいあらためる)
言掛かり	(いいがかり)
言含める	(いいふくめる)
言合い	(いいあい)
言合う	(いいあう)
言回し	(いいまわし)
言魂	(ことだま)
言及	(げんきゅう)
言及ぶ	(いいおよぶ)
言寄る	(いいよる)
言交す	(いいかわす)
言交わす	(いいかわす)
言開く	(いいひらく)
言立てる	(いいたてる)
言霊	(ことだま)
言籠める	(いいこめる)
言論	(げんろん)
言論を封殺する	(げんろんをふうさつする)
言明	(げんめい)
言募る	(いいつのる)
言暮らす	(いいくらす)
言切る	(いいきる)
言散らす	(いいちらす)
言捨てる	(いいすてる)
言説	(げんせつ)
言送る	(いいおくる)
言替えるなら	(いいかえるなら)
言外	(げんがい)
言聞かす	(いいきかす)
言聞かせる	(いいきかせる)
言習わす	(いいならわす)
言行	(げんこう)
言行一致	(げんこういっち)
言葉	(ことば,けとば)
言葉づかい	(ことばづかい)
言葉遣い	(ことばづかい)
言葉使い	(ことばづかい)
言訳	(いいわけ)
言込める	(いいこめる)
言語	(げんご,ごんご,げんきょ)
言語道断	(ごんごどうだん)
言語道斷	(ごんごどうだん)
言語特有	(げんごとくゆう)
言語同断	(ごんごどうだん)
言語学	(げんごがく)
言語学者	(げんごがくしゃ)
言伝	(ことづて)
言伝える	(いいつたえる)
言伝て	(ことづて)
言張る	(いいはる)
言争う	(いいあらそう)
言質	(げんち,げんしつ,げんしち)
言種	(いいぐさ)
言祝ぐ	(ことほぐ)
言足す	(いいたす)
岩	(いわ)
岩乗	(がんじょう)
岩床	(がんしょう)
岩登り	(いわのぼり)
岩間	(いわま)
岩礁	(がんしょう)
岩角	(いわかど)
岩木	(いわき)
岩盤	(がんばん)
岩棚	(いわだな)
岩山	(いわやま)
岩石	(がんせき)
岩石圏	(がんせきけん)
岩手県	(いわてけん)
岩手縣	(いわてけん)
岩屋	(いわや)
岩塩	(がんえん,いわしお)
炎	(ほのお,えん)
炎光	(えんこう)
炎熱	(えんねつ)
炎色	(えんしょく)
炎上	(えんじょう)
炎暑	(えんしょ)
炎天	(えんてん)
炎天下	(えんてんか)
炎症	(えんしょう)
炎症病巣	(えんしょうびょうそう)
沿う	(そう)
沿って	(そって)
沿岸	(えんがん)
沿道	(えんどう)
沿革	(えんかく)
沿海	(えんかい)
沿路	(えんろ)
沿線	(えんせん)
莚	(むしろ,えん,ムシロ)
莚席	(えんせき)
研ぎ汁	(とぎしる,とぎじる)
研く	(みがく)
研ぐ	(とぐ)
研さん	(けんさん)
研究	(けんきゅう)
研究チーム	(けんきゅうチーム)
研究発表	(けんきゅうはっぴょう)
研究分野	(けんきゅうぶんや)
研究会	(けんきゅうかい)
研究開発	(けんきゅうかいはつ)
研究論文	(けんきゅうろんぶん)
研究生	(けんきゅうせい)
研究室	(けんきゅうしつ)
研究所	(けんきゅうじょ,けんきゅうしょ)
研究員	(けんきゅういん)
研究者	(けんきゅうしゃ)
研摩	(けんま)
研磨	(けんま)
研修	(けんしゅう)
研修課	(けんしゅうか)
研修生	(けんしゅうせい)
研修員	(けんしゅういん)
研削	(けんさく)
研削盤	(けんさくばん)
研学	(けんがく)
研讃	(けんさん)
研鑚	(けんさん)
研鑽	(けんさん)
硏究	(けんきゅう)
筵	(むしろ,えん,ムシロ)
塩	(しお)
塩かげん	(しおかげん)
塩から	(しおから)
塩け	(しおけ)
塩ざけ	(しおざけ)
塩づけ	(しおづけ)
塩っぱい	(しょっぱい)
塩やき	(しおやき)
塩蔵食品	(えんぞうしょくひん)
塩豆	(しおまめ)
塩分	(えんぶん)
塩風	(しおかぜ)
塩風呂	(しおぶろ)
塩鮭	(しおざけ)
塩害	(えんがい)
塩化	(えんか)
塩化ビニール	(えんかビニール,えんかビニル)
塩化ビニル	(えんかビニール,えんかビニル)
塩化水素	(えんかすいそ)
塩化物	(えんかぶつ)
塩基	(えんき)
塩加減	(しおかげん)
塩類	(えんるい)
塩類溶液	(えんるいようえき)
塩梅	(あんばい)
塩濃度	(えんのうど)
塩気	(しおけ)
塩入れ	(しおいれ)
塩焼	(しおやき)
塩焼き	(しおやき)
塩水	(しおみず,えんすい)
塩素	(えんそ)
塩素酸	(えんそさん)
塩素酸塩	(えんそさんえん)
塩酸	(えんさん)
塩湯	(しおゆ)
塩田	(えんでん,しおた,しおだ)
塩味	(しおあじ,えんみ,しおみ)
塩物	(しおもの)
塩辛	(しおから)
塩煮	(しおに)
塩漬	(しおづけ)
塩漬け	(しおづけ)
閻魔	(えんま)
厳	(げん)
厳か	(おごそか)
厳しい	(きびしい)
厳つい	(いかつい)
厳に	(げんに)
厳存	(げんそん)
厳逹	(げんたつ)
厳達	(げんたつ)
厳冬	(げんとう)
厳罰	(げんばつ)
厳封	(げんぷう)
厳父	(げんぷ)
厳格	(げんかく)
厳寒	(げんかん)
厳戒	(げんかい)
厳禁	(げんきん)
厳君	(げんくん)
厳科	(げんか)
厳酷	(げんこく)
厳律	(げんりつ)
厳美渓	(げんびけい)
厳秘	(げんぴ)
厳密	(げんみつ)
厳密にいえば	(げんみつにいえば)
厳密に言えば	(げんみつにいえば)
厳命	(げんめい)
厳然	(げんぜん)
厳容	(げんよう)
厳守	(げんしゅ)
厳暑	(げんしょ)
厳粛	(げんしゅく)
厳談	(げんだん)
厳探	(げんたん)
厳刑	(げんけい)
厳選	(げんせん)
厳訓	(げんくん)
厳正	(げんせい)
厳正科学	(げんせいかがく)
厳正中立	(げんせいちゅうりつ)
厳旨	(げんし)
厳重	(げんじゅう,げんじょう,げんちょう)
檐	(のき)
顏	(かお)
顔	(かお)
顔いろ	(かおいろ,がんしょく)
顔かたち	(かおかたち,がんぼう,がんよう)
顔から火が出る	(かおからひがでる)
顔だち	(かおだち)
顔つき	(かおつき)
顔なじみ	(かおなじみ)
顔ぶれ	(かおぶれ)
顔をしかめる	(かおをしかめる)
顔をたてる	(かおをたてる)
顔をつぶす	(かおをつぶす)
顔を合わせる	(かおをあわせる)
顔を潰す	(かおをつぶす)
顔を立てる	(かおをたてる)
顔を顰める	(かおをしかめる)
顔触れ	(かおぶれ)
顔付	(かおつき)
顔付き	(かおつき)
顔合せ	(かおあわせ)
顔合わせ	(かおあわせ)
顔立	(かおだち)
顔立ち	(かおだち)
顔料	(がんりょう)
顔貌	(かおかたち,がんぼう,がんよう)
顔面	(がんめん)
顔容	(かおかたち,がんぼう,がんよう)
顔色	(かおいろ,がんしょく)
顔写真	(かおじゃしん,かおしゃしん)
顔形	(かおかたち,がんぼう,がんよう)
顔馴染	(かおなじみ)
顔馴染み	(かおなじみ)
顔役	(かおやく)
巌	(いわ)
簷	(のき)
巖	(いわ)
掩い	(おおい)
掩蔽	(えんぺい)
掩蓋	(えんがい)
掩護	(えんご)
掩護部隊	(えんごぶたい)
菴	(いおり,あん,いお)
眼	(め)
眼つき	(めつき)
眼につく	(めにつく)
眼に付く	(めにつく)
眼に余る	(めにあまる)
眼の当たり	(まのあたり)
眼をつぶる	(めをつぶる,めをつむる)
眼白	(めじろ,メジロ)
眼差し	(まなざし)
眼点	(がんてん)
眼付き	(めつき)
眼蓋	(まぶた)
眼光	(がんこう)
眼界	(がんかい)
眼鏡	(メガネ,めがね)
眼尻	(めじり)
眼科	(がんか)
眼科医	(がんかい)
眼力	(がんりき,がんりょく)
眼目	(がんもく)
眼球	(がんきゅう)
眼軟膏	(がんなんこう)
眼深	(まぶか,めぶか)
眼識	(がんしき)
眼下	(がんか)
眼薬	(めぐすり)
眼医者	(めいしゃ)
眼脂	(めやに)
眼指	(まなざし)
眼中にない	(がんちゅうにない)
眼中に無い	(がんちゅうにない)
偃臥	(えんが)
偃月	(えんげつ)
偃月刀	(えんげつとう)
演じる	(えんじる)
演し物	(だしもの)
演ずる	(えんずる)
演出	(えんしゅつ)
演歌	(えんか)
演技	(えんぎ)
演劇	(えんげき)
演目	(えんもく)
演曲	(えんきょく)
演舌	(えんぜつ)
演説	(えんぜつ)
演算	(えんざん)
演算精度	(えんざんせいど)
演算手順	(えんざんてじゅん)
演算子	(えんざんし)
演壇	(えんだん)
演題	(えんだい)
演武	(えんぶ)
演舞場	(えんぶじょう)
演習	(えんしゅう)
演習問題	(えんしゅうもんだい)
演戯	(えんぎ)
演義	(えんぎ)
演繹	(えんえき)
演繹法	(えんえきほう)
演芸	(えんげい)
演者	(えんじゃ)
演奏	(えんそう)
演奏会	(えんそうかい)
演奏練習	(えんそうれんしゅう)
演奏曲目	(えんそうきょくもく)
蝘蜓	(トカゲ,とかげ)
儼	(げん)
儼存	(げんそん)
儼然	(げんぜん)
魘される	(うなされる)
黶	(あざ,アザ)
咽	(のど,のんど,のみと)
咽せる	(むせる)
咽せ返る	(むせかえる)
咽る	(むせる)
咽喉	(いんこう)
咽頭	(いんとう)
宴	(うたげ,えん)
宴会	(えんかい)
宴席	(えんせき)
宴遊	(えんゆう)
焔	(ほのお,ほむら)
焔色	(えんしょく)
堰き止める	(せきとめる)
堰堤	(えんてい)
雁	(がん,ガン)
雁の便り	(かりのたより)
雁の使い	(かりのつかい)
雁の文	(かりのふみ)
雁骨	(かりがねぼね)
雁木	(がんぎ)
雁木やすり	(がんぎやすり)
雁木車	(ガンギぐるま,がんぎぐるま)
雁木鑢	(がんぎやすり)
雁皮紙	(がんぴし)
雁首	(かりくび)
雁書	(がんしょ)
雁行	(がんこう)
雁爪	(がんづめ)
雁字搦みに	(がんじがらみに)
厭	(いや,や,イヤ)
厭う	(いとう)
厭かす	(あかす)
厭かず	(あかず)
厭がらせ	(いやがらせ,イヤガラセ,イヤがらせ)
厭がる	(いやがる,イヤがる)
厭き	(あき)
厭きる	(あきる)
厭き性	(あきしょう)
厭き厭き	(あきあき)
厭に	(いやに)
厭む	(あぐむ,うむ)
厭らしい	(いやらしい,やらしい)
厭わしい	(いとわしい)
厭悪	(えんお)
厭人	(えんじん)
厭人者	(えんじんしゃ)
厭世	(えんせい)
厭世悲観者	(えんせいひかんしゃ)
厭世的	(えんせいてき)
厭世観	(えんせいかん)
厭世家	(えんせいか)
厭世主義	(えんせいしゅぎ)
厭味	(いやみ)
厭々	(いやいや,イヤイヤ)
厭厭	(いやいや,イヤイヤ)
厭戦	(えんせん)
鴈	(がん,ガン)
燕	(つばめ,つばくらめ,つばくら)
燕巣	(えんそう,えんず)
燕麦	(えんばく,エンばく,エンバク)
燕青拳	(えんせいけん)
燕雀	(えんじゃく)
燕支	(えんじ)
燕脂	(えんじ)
諺	(ことわざ)
験	(ためし)
験し	(ためし)
験す	(ためす)
験をかつぐ	(げんをかつぐ,ゲンをかつぐ)
験を担ぐ	(げんをかつぐ,ゲンをかつぐ)
験算	(けんざん)
贋	(にせ,ニセ)
贋い	(まがい)
贋金	(にせがね)
贋手紙	(にせてがみ)
贋首	(にせくび)
贋物	(にせもの,ぎぶつ,がんぶつ)
贋印	(ぎいん,にせいん)
贋造	(がんぞう)
贋造紙幣	(がんぞうしへい)
贋札	(にせさつ)
贋者	(にせもの)
贋作	(がんさく)
艶	(つや,ツヤ)
艶かしい	(なまめかしい)
艶めかしい	(なまめかしい)
艶めく	(つやめく)
艶やか	(あでやか)
艶出し	(つやだし)
艶歌	(えんか)
艶事	(つやごと)
艶書	(えんしょ,えんじょ,えんぞ)
艶消し	(つやけし)
艶々	(つやつや,ツヤツヤ)
艶艶	(つやつや,ツヤツヤ)
艶種	(つやだね)
讌	(うたげ,えん)
艷やか	(あでやか)
殃	(わざわい)
鞅掌	(おうしょう)
羊	(ひつじ,ヒツジ)
羊かん	(ようかん)
羊歯	(しだ,シダ)
羊羮	(ようかん)
羊羹	(ようかん)
羊駱駝	(アルパカ)
羊毛	(ようもう)
羊肉	(ようにく)
羊飼い	(ひつじかい)
羊頭狗肉	(ようとうくにく)
佯狂	(ようきょう)
洋がらし	(ようがらし)
洋杯	(コップ,コツフ)
洋盃	(コップ,コツフ)
洋裁	(ようさい)
洋風	(ようふう)
洋服	(ようふく)
洋服タンス	(ようふくダンス,ようふくタンス,ようふくだんす)
洋服ダンス	(ようふくダンス,ようふくタンス,ようふくだんす)
洋服だんす	(ようふくダンス,ようふくタンス,ようふくだんす)
洋服箪笥	(ようふくダンス,ようふくタンス,ようふくだんす)
洋館	(ようかん)
洋菓子	(ようがし)
洋紅	(ようこう)
洋画	(ようが)
洋間	(ようま)
洋芥子	(ようがらし)
洋酒	(ようしゅ)
洋袴	(ズボン)
洋食	(ようしょく)
洋式	(ようしき)
洋室	(ようしつ)
洋書	(ようしょ)
洋辛子	(ようがらし)
洋語	(ようご)
洋楽	(ようがく)
陽	(よう)
陽だまり	(ひだまり)
陽の皮	(ようのかわ)
陽差し	(ひざし)
陽当たり	(ひあたり)
陽当り	(ひあたり)
陽電子	(ようでんし)
陽光	(ようこう)
陽画	(ようが)
陽極	(ようきょく)
陽皮	(ようひ)
陽気	(ようき)
陽焼け	(ひやけ)
陽射し	(ひざし)
陽物	(ようぶつ)
陽性	(ようせい)
陽炎	(かげろう,ようえん)
陽子	(ようし)
陽子線	(ようしせん)
揚がり	(あがり)
揚げ	(あげ)
揚げもの	(あげもの)
揚げ板	(あげいた)
揚げ場	(あげば)
揚げ出し豆腐	(あげだしどうふ)
揚げ蓋	(あげぶた)
揚げ句	(あげく)
揚げ句の果て	(あげくのはて)
揚げ幕	(あげまく)
揚げ物	(あげもの)
揚げ卸し	(あげおろし)
揚げ足をとる	(あげあしをとる)
揚げ足を取る	(あげあしをとる)
揚板	(あげいた)
揚出し豆腐	(あげだしどうふ)
揚降	(あげおろし)
揚句	(あげく)
揚陸	(ようりく)
揚陸艦	(ようりくかん)
揚幕	(あげまく)
揚水	(ようすい)
揚水車	(ようすいしゃ)
揚枝	(ようじ)
揚子江	(ようすこう)
楊	(やなぎ,ようりゅう,ヤナギ)
楊柳	(やなぎ,ようりゅう,ヤナギ)
楊枝	(ようじ)
楊子	(ようじ)
仰ぎ奉る	(あおぎたてまつる)
仰ぎ見る	(あおぎみる)
仰ぎ望み	(あおぎのぞみ)
仰ぐ	(あおぐ)
仰け反る	(のけぞる)
仰け様	(のけざま,のけさま)
仰しゃる	(おっしゃる)
仰せ	(おおせ)
仰せつかる	(おおせつかる)
仰せつける	(おおせつける)
仰せられる	(おおせられる)
仰せ付かる	(おおせつかる)
仰せ付ける	(おおせつける)
仰っしゃる	(おっしゃる)
仰のく	(あおのく)
仰のける	(あおのける)
仰むけ	(あおむけ)
仰る	(おっしゃる)
仰るとおり	(おっしゃるとおり,おっしゃるとうり)
仰る通り	(おっしゃるとおり,おっしゃるとうり)
仰反る	(のけぞる)
仰奉る	(あおぎたてまつる)
仰付かる	(おおせつかる)
仰見る	(あおぎみる)
仰角	(ぎょうかく)
仰山	(ぎょうさん,ぎょーさん)
仰視	(ぎょうし)
仰天	(ぎょうてん)
仰望	(ぎょうぼう)
仰臥	(ぎょうが)
仰向け	(あおむけ)
仰々しい	(ぎょうぎょうしい)
仰仰しい	(ぎょうぎょうしい)
仰有る	(おっしゃる)
痒い	(かゆい,かいい)
養い親	(やしないおや)
養う	(やしなう)
養なう	(やしなう)
養蚕	(ようさん)
養成	(ようせい)
養父	(ようふ)
養護	(ようご)
養護ホーム	(ようごホーム)
養鶏	(ようけい)
養老年金	(ようろうねんきん)
養老院	(ようろういん)
養母	(ようぼ)
養女	(ようじょ)
養生	(ようじょう)
養豚	(ようとん)
養魚	(ようぎょ)
養育	(よういく)
養殖	(ようしょく)
養子	(ようし)
養子縁組	(ようしえんぐみ)
養子縁組み	(ようしえんぐみ)
恙虫	(つつがむし,ツツガムシ)
様	(さま)
様に	(ように)
様にする	(ようにする)
様になる	(ようになる)
様みろ	(ざまみろ)
様を見ろ	(ざまをみろ)
様変わる	(さまがわる)
様見ろ	(ざまみろ)
様式	(ようしき)
様態	(ようたい)
様体	(ようだい,ようたい)
様相	(ようそう)
様々	(さまざま)
様様	(さまざま)
様子	(ようす)
夭逝	(ようせい)
夭死	(ようし)
夭折	(ようせつ)
妖怪	(ようかい)
妖精	(ようせい)
妖魔	(ようま)
妖術	(ようじゅつ)
妖術者	(ようじゅつしゃ)
腰	(こし,コシ)
腰かけ	(こしかけ)
腰かける	(こしかける)
腰をおろす	(こしをおろす)
腰を降ろす	(こしをおろす)
腰を下す	(こしをおろす)
腰を下ろす	(こしをおろす)
腰抜け	(こしぬけ)
腰布	(こしぬの)
腰部	(ようぶ)
腰帯	(こしおび)
腰骨	(こしぼね)
腰掛	(こしかけ)
腰掛け	(こしかけ)
腰掛ける	(こしかける)
腰掛る	(こしかける)
腰巻	(こしまき)
腰巻き	(こしまき)
腰湯	(こしゆ)
腰痛	(ようつう)
腰元	(こしもと)
腰折	(こしおれ)
腰折れ	(こしおれ)
邀える	(むかえる)
邀え撃つ	(むかえうつ)
邀撃	(ようげき)
邀撃機	(ようげきき)
肴	(さかな)
揺	(ゆり)
揺さぶる	(ゆさぶる)
揺さ振る	(ゆさぶる)
揺すぶる	(ゆすぶる)
揺すり起こす	(ゆすりおこす)
揺する	(ゆする)
揺す振る	(ゆすぶる)
揺らぐ	(ゆらぐ)
揺らす	(ゆらす)
揺ら揺ら	(ゆらゆら,ユラユラ)
揺り	(ゆり)
揺りかご	(ゆりかご)
揺り動かす	(ゆりうごかす)
揺り動く	(ゆりうごく)
揺り返し	(ゆりかえし)
揺り籃	(ゆりかご)
揺り篭	(ゆりかご)
揺り籠	(ゆりかご)
揺り起こす	(ゆりおこす)
揺る	(ゆる)
揺るぐ	(ゆるぐ)
揺れ	(ゆれ)
揺れる	(ゆれる)
揺れ動く	(ゆれうごく)
揺籃期	(ようらんき)
遥か	(はるか)
遥かに	(はるかに)
遥々	(はるばる)
遥遥	(はるばる)
遙か	(はるか)
遙かに	(はるかに)
遙々	(はるばる)
遙遙	(はるばる)
銚子	(ちょうし)
窯	(かま)
窯出し	(かまだし)
窯業	(ようぎょう)
窯元	(かまもと)
謡	(うたい)
謡い	(うたい)
謡曲	(ようきょく)
鰩	(とびうお,トビウオ)
咬む	(かむ)
要	(かなめ)
要する	(ようする)
要するに	(ようするに)
要らぬ	(いらぬ)
要り用	(いりよう)
要る	(いる)
要点	(ようてん)
要頂	(ようこう)
要綱	(ようこう)
要撃機	(ようげきき)
要撃戦闘機	(ようげきせんとうき)
要件	(ようけん)
要領	(ようりょう)
要目	(ようもく)
要請	(ようせい)
要求	(ようきゅう)
要求送信	(ようきゅうそうしん)
要求者	(ようきゅうしゃ)
要塞	(ようさい)
要慎	(ようじん)
要石	(かなめいし)
要素	(ようそ)
要望	(ようぼう)
要項	(ようこう)
要心	(ようじん)
要因	(よういん)
要員	(よういん)
要約	(ようやく)
要旨	(ようし)
薬	(くすり,クスリ)
薬きょう	(やっきょう)
薬草	(やくそう)
薬缶	(やかん)
薬缶頭	(やかんあたま)
薬罐	(やかん)
薬罐頭	(やかんあたま)
薬鑵	(やかん)
薬鑵頭	(やかんあたま)
薬剤	(やくざい)
薬剤師	(やくざいし)
薬莢	(やっきょう)
薬局	(やっきょく)
薬品	(やくひん)
薬品会社	(やくひんがいしゃ)
薬師	(やくし)
薬価	(やっか,やくか)
薬味	(やくみ)
薬屋	(くすりや)
薬物	(やくぶつ)
薬箱	(くすりばこ)
薬効物	(やっこうぶつ)
薬学	(やくがく)
薬指	(くすりゆび)
曜日	(ようび)
耀かしい	(かがやかしい)
耀かす	(かがやかす)
耀き	(かがやき)
耀く	(かがやく)
鑰	(かぎ,カギ)
掖	(わき)
椰子	(やし,ヤシ)
噎せる	(むせる)
噎せ返る	(むせかえる)
揶揄	(やゆ)
揶揄い	(からかい)
揶揄う	(からかう)
爺	(じじ,じじい,じい)
也	(なり)
也行	(やぎょう)
冶	(や)
冶工	(やこう)
冶金	(やきん)
冶金学	(やきんがく)
冶金学者	(やきんがくしゃ)
冶具	(ジグ)
埜	(の)
野	(の)
野ねずみ	(のねずみ,ノネズミ)
野バラ	(のばら,のバラ,ノバラ)
野ばら	(のばら,のバラ,ノバラ)
野卑	(やひ)
野鄙	(やひ)
野菜	(やさい)
野菜畑	(やさいばたけ)
野草	(やそう,のぐさ)
野次	(やじ,ヤジ)
野次る	(やじる,ヤジる)
野党	(やとう)
野方図	(のほうず)
野放し	(のばなし)
野放図	(のほうず)
野放途	(のほうず)
野鶏	(やけい)
野郎	(やろう)
野良	(のら)
野良ネコ	(のらねこ,ノラネコ)
野良猫	(のらねこ,ノラネコ)
野良犬	(のらいぬ)
野良仕事	(のらしごと)
野呂間	(のろま,ノロマ)
野呂松	(のろま,ノロマ)
野蛮	(やばん)
野蛮人	(やばんじん)
野暮	(やぼ,ヤボ)
野鳥	(やちょう)
野牛	(やぎゅう)
野薔薇	(のばら,のバラ,ノバラ)
野衾	(ももんが,ももんがあ,モモンガ)
野球	(やきゅう)
野球部	(やきゅうぶ)
野球場	(やきゅうじょう)
野趣	(やしゅ)
野犬	(やけん)
野人	(やじん)
野生	(やせい)
野生動物	(やせいどうぶつ)
野生動物保護団体	(やせいどうぶつほごだんたい)
野獣	(やじゅう)
野鼠	(のねずみ,ノネズミ)
野外	(やがい)
野外撮影	(やがいさつえい)
野外劇	(やがいげき)
野望	(やぼう)
野心	(やしん)
野心家	(やしんか)
野性	(やせい)
野羊	(やぎ,ヤギ)
野原	(のはら)
野猿	(やえん)
野戦	(やせん)
野戦病院	(やせんびょういん)
野戦砲兵	(やせんほうへい)
野戦特科	(やせんとっか)
叶う	(かなう)
叶える	(かなえる)
曳き船	(えいせん,ひきふね)
曳き綱	(ひきづな)
曳き網	(ひきあみ)
曳く	(ひく)
曳船	(えいせん,ひきふね)
曳綱	(ひきづな)
曳光弾	(えいこうだん)
曳航	(えいこう)
曳火弾	(えいかだん)
曳網	(ひきあみ)
曳下弾	(えいかだん)
曳々	(えいえい)
曳曳	(えいえい)
曳子	(ひきこ)
夜	(よる,よ)
夜あそび	(よあそび)
夜がらす	(よがらす)
夜ごと	(よごと)
夜たか	(よたか,ぶんぼちょう,ヨタカ)
夜どおし	(よどおし)
夜とぎ	(よとぎ)
夜なか	(よなか)
夜なべ	(よなべ)
夜な夜な	(よなよな)
夜ばい	(よばい)
夜ばなし	(やわ,よばなし)
夜ふかし	(よふかし)
夜ふけ	(よふけ)
夜もすがら	(よもすがら)
夜闇	(やあん,よやみ)
夜暗	(やあん,よやみ)
夜半	(やはん)
夜歩き	(よあるき)
夜叉	(やしゃ)
夜長	(よなが)
夜船	(よぶね,よふね)
夜盗	(やとう)
夜盗虫	(やとうむし,よとうむし)
夜道	(よみち)
夜店	(よみせ)
夜釣	(よづり)
夜釣り	(よづり)
夜働き	(よばたらき)
夜咄	(やわ,よばなし)
夜番	(やばん,よばん)
夜分	(やぶん)
夜風	(よかぜ)
夜伽	(よとぎ)
夜更かし	(よふかし)
夜更け	(よふけ)
夜更し	(よふかし)
夜攻め	(よぜめ)
夜宮	(よみや)
夜光	(やこう)
夜光虫	(やこうちゅう,ヤコウチュウ)
夜光時計	(やこうどけい)
夜光塗料	(やこうとりょう)
夜鍋	(よなべ)
夜寒	(よさむ)
夜話	(やわ,よばなし)
夜回り	(よまわり)
夜会	(やかい)
夜会服	(やかいふく)
夜会結び	(やかいむすび)
夜稼ぎ	(よかせぎ)
夜間	(やかん)
夜間部	(やかんぶ)
夜間撮影	(やかんさつえい)
夜間勤務	(やかんきんむ)
夜間営業	(やかんえいぎょう)
夜間預金々庫	(やかんよきんきんこ)
夜間預金金庫	(やかんよきんきんこ)
夜間中学	(やかんちゅうがく)
夜見の国	(よみのくに)
夜見世	(よみせ)
夜詰め	(よづめ)
夜景	(やけい)
夜警	(やけい)
夜具	(やぐ)
夜空	(よぞら)
夜来	(やらい)
夜嵐	(よあらし)
夜郎自大	(やろうじだい)
夜立ち	(よだち)
夜露	(よつゆ,やろ)
夜盲症	(やもうしょう)
夜毎	(よごと)
夜明	(よあけ)
夜明かし	(よあかし)
夜明け	(よあけ)
夜明けの明星	(よあけのみょうじょう)
夜明し	(よあかし)
夜鳴き	(よなき)
夜目にも明るい	(よめにもあかるい)
夜鳥	(やちょう)
夜尿症	(やにょうしょう)
夜泊	(やはく)
夜気	(やき)
夜汽車	(よぎしゃ)
夜泣き	(よなき)
夜前	(やぜん)
夜勤	(やきん)
夜曲	(やきょく)
夜色	(やしょく)
夜晒	(よざらし)
夜商い	(よあきない)
夜商人	(よあきんど)
夜上がり	(よあがり)
夜深い	(よぶかい)
夜深け	(よふけ)
夜食	(やしょく)
夜仕事	(よしごと)
夜市	(よいち)
夜逃げ	(よにげ)
夜討ち	(ようち)
夜啼き	(よなき)
夜通し	(よどおし)
夜烏	(よがらす)
夜霧	(よぎり)
夜襲	(やしゅう)
夜想曲	(やそうきょく)
夜行	(やこう,やぎょう)
夜学	(やがく)
夜学校	(やがっこう)
夜々	(よよ)
夜夜	(よよ)
夜夜中	(よるよなか)
夜業	(よなべ)
夜陰	(やいん)
夜桜	(よざくら)
夜鷹	(よたか,ぶんぼちょう,ヨタカ)
夜営	(やえい)
夜永	(よなが)
夜遊び	(よあそび)
夜雨	(やう,よさめ)
夜戦	(やせん)
夜這い	(よばい)
夜着	(よぎ)
夜凪	(よなぎ)
夜中	(やちゅう)
夜昼	(よるひる)
頁	(ページ)
頁数	(ページすう)
液	(しる,つゆ)
液化	(えきか)
液晶	(えきしょう)
液量	(えきりょう)
液面	(えきめん)
液体	(えきたい)
液性	(えきせい)
液汁	(えきじゅう)
液状	(えきじょう)
葉	(は)
葉かげ	(はかげ)
葉巻	(はまき)
葉巻き	(はまき)
葉緑素	(ようりょくそ)
葉牡丹	(はぼたん,ハボタン)
葉書	(はがき,ハガキ)
葉書き	(はがき,ハガキ)
葉陰	(はかげ)
葉影	(はかげ)
腋	(わき)
腋臭	(わきが,えきしゅう,わきくさ)
腋毛	(わきげ)
腋窩	(えきか,えきわ)
腋下	(えきか,えきわ)
業	(わざ)
業報	(ごうほう)
業病	(ごうびょう)
業腹	(ごうはら)
業果	(ごうか)
業火	(ごうか)
業績	(ぎょうせき)
業績悪化	(ぎょうせきあっか)
業界	(ぎょうかい)
業界アナリスト	(ぎょうかいアナリスト)
業界初	(ぎょうかいはつ)
業界動向	(ぎょうかいどうこう)
業界団体	(ぎょうかいだんたい)
業界紙	(ぎょうかいし)
業態	(ぎょうたい)
業突く張り	(ごうつくばり)
業突張り	(ごうつくばり)
業物	(わざもの)
業務	(ぎょうむ)
業務提携	(ぎょうむていけい)
業因	(ごういん)
業者	(ぎょうしゃ)
業種	(ぎょうしゅ)
謁する	(えっする)
謁見	(えっけん)
靨	(えくぼ,エクボ)
一	(ひとつ)
一かばちか	(いちかばちか,イチかバチか)
一か八か	(いちかばちか,イチかバチか)
一か罰か	(いちかばちか,イチかバチか)
一ヵ年	(いっかねん)
一カ年	(いっかねん)
一カ所	(いっかしょ)
一か所	(いっかしょ)
一ヵ月	(いっかげつ)
一カ月	(いっかげつ)
一か月	(いっかげつ)
一きわ	(ひときわ)
一くくり	(ひとくくり)
一くさり	(ひとくさり)
一ヶ	(いっこ)
一けり	(ひとけり)
一ヶ年	(いっかねん)
一ヶ所	(いっかしょ)
一ヶ月	(いっかげつ)
一コマ	(ひとコマ,ひとこま)
一こま	(ひとコマ,ひとこま)
一ころ	(ひところ)
一しきり	(ひとしきり)
一しょ	(いっしょ)
一すじ	(ひとすじ)
一そろい	(ひとそろい)
一たび	(いちど,ひとたび)
一つ	(ひとつ)
一つがい	(ひとつがい)
一つかみ	(ひとつかみ)
一つこと	(ひとつこと)
一つずつ	(ひとつずつ,ひとつづつ)
一つづつ	(ひとつずつ,ひとつづつ)
一つひとつ	(ひとつひとつ)
一つ話	(ひとつばなし)
一つ目	(ひとつめ)
一つ身	(ひとつみ)
一つ事	(ひとつこと)
一つ書き	(ひとつがき)
一つ宛	(ひとつずつ,ひとつづつ)
一つ心	(ひとつこころ)
一ツ星	(ひとつぼし)
一つ星	(ひとつぼし)
一つ穴	(ひとつあな)
一つ一つ	(ひとつひとつ)
一つ置き	(ひとつおき)
一つ置きに	(ひとつおきに)
一っ走り	(ひとっぱしり)
一と思いに	(ひとおもいに)
一と足	(ひとあし)
一に	(いつに)
一ぱい	(いっぱい)
一まず	(ひとまず)
一まとめ	(ひとまとめ)
一まわり	(ひとまわり)
一も二もなく	(いちもにもなく)
一も二も無く	(いちもにもなく)
一わたり	(ひとわたり)
一安心	(ひとあんしん)
一案	(いちあん)
一八	(じゅうはち)
一把	(いちわ)
一敗	(いっぱい)
一般	(いっぱん)
一般に	(いっぱんに)
一般的	(いっぱんてき)
一般法	(いっぱんほう)
一般概念	(いっぱんがいねん)
一般化	(いっぱんか)
一般会計	(いっぱんかいけい)
一般論	(いっぱんろん)
一般幕僚	(いっぱんばくりょう)
一般人	(いっぱんじん)
一般社会	(いっぱんしゃかい)
一般生活	(いっぱんせいかつ)
一般投票	(いっぱんとうひょう)
一般性	(いっぱんせい)
一斑	(いっぱん)
一版	(いっぱん)
一半	(いっぱん)
一抱え	(ひとかかえ)
一報	(いっぽう)
一杯	(いっぱい)
一杯機嫌	(いっぱいきげん)
一盃	(いっぱい)
一倍	(いちばい)
一本	(いっぽん)
一本やり	(いっぽんやり)
一本道	(いっぽんみち)
一本釣	(いっぽんづり,いっぽんずり)
一本釣り	(いっぽんづり,いっぽんずり)
一本調子	(いっぽんぢょうし,いっぽんちょうし)
一本立ち	(いっぽんだち)
一本立て	(いっぽんだて)
一本気	(いっぽんぎ)
一本槍	(いっぽんやり)
一本橋	(いっぽんばし)
一本杉	(いっぽんすぎ)
一本松	(いっぽんまつ)
一筆	(いっぴつ,ひとふで)
一筆描き	(ひとふでがき,いっぴつがき)
一筆書き	(ひとふでがき,いっぴつがき)
一臂	(いっぴ)
一変	(いっぺん)
一遍	(いっぺん)
一遍に	(いっぺんに)
一俵	(いっぴょう)
一別	(いちべつ)
一歩	(いっぽ)
一歩金	(いちぶきん)
一歩前進	(いっぽぜんしん)
一歩一歩	(いっぽいっぽ)
一歩銀	(いちぶぎん)
一部	(いちぶ)
一部分	(いちぶぶん)
一部始終	(いちぶしじゅう)
一才	(いっさい)
一曹	(いっそう)
一槽式	(いっそうしき)
一冊	(いっさつ)
一策	(いっさく)
一層	(いっそう)
一纏	(ひとまとめ)
一纏め	(ひとまとめ)
一長一短	(いっちょういったん)
一場	(いちじょう)
一朝	(いっちょう)
一朝一夕	(いっちょういっせき)
一徹	(いってつ)
一徹者	(いってつもの)
一籌	(いっちゅう)
一籌を輸する	(いっちゅうをゆする,いっちゅうをしゅする)
一齣	(ひとくさり)
一処	(いっしょ,ひとところ)
一触即発	(いっしょくそくはつ)
一吹き	(ひとふき)
一炊の夢	(いっすいのゆめ)
一炊之夢	(いっすいのゆめ)
一次	(いちじ)
一次電流	(いちじでんりゅう)
一次記憶	(いちじきおく)
一次線輪	(いちじせんりん)
一次元	(いちじげん)
一叢	(ひとむら)
一蹴	(いっしゅう)
一蹴り	(ひとけり)
一存	(いちぞん)
一寸	(ちょっと,ちょと,チョット)
一寸法師	(いっすんぼうし)
一寸逃れ	(いっすんのがれ)
一寸先	(いっすんさき)
一撮	(ひとつまみ)
一撮み	(ひとつまみ)
一打	(いちだ)
一打ち	(ひとうち)
一大	(いちだい)
一大事	(いちだいじ)
一代	(いちだい)
一代記	(いちだいき)
一帯	(いったい)
一旦	(いったん)
一党	(いっとう)
一党一派	(いっとういっぱ)
一党支配	(いっとうしはい)
一刀	(いっとう,ひとかたな)
一刀彫り	(いっとうぼり)
一刀両断	(いっとうりょうだん)
一道	(いちどう)
一得	(いっとく)
一得一失	(いっとくいっしつ)
一徳	(いっとく)
一等	(いっとう)
一等兵	(いっとうへい)
一等車	(いっとうしゃ)
一等国	(いっとうこく)
一等軍曹	(いっとうぐんそう)
一等親	(いっとうしん)
一等賞	(いっとうしょう)
一等星	(いっとうせい)
一等卒	(いっとうそつ)
一滴	(いってき,ひとしずく)
一点	(いってん)
一点機	(いちてんき)
一点張	(いってんばり)
一点張り	(いってんばり)
一畳	(いちじょう)
一丁	(いっちょう)
一丁羅	(いっちょうら)
一丁字	(いっていじ,いっちょうじ)
一定	(いってい)
一定不変	(いっていふへん)
一定量	(いっていりょう)
一定期間	(いっていきかん)
一定温度	(いっていおんど)
一錠	(いちじょう)
一棟	(ひとむね)
一読	(いちどく)
一度	(いちど,ひとたび)
一度に	(いちどに)
一渡り	(ひとわたり)
一端	(いったん)
一段	(いちだん)
一段動詞	(いちだんどうし)
一段落	(いちだんらく,ひとだんらく)
一対	(いっつい)
一対一	(いちたいいち,いったいいち)
一隊	(いったい)
一朶	(いちだ)
一二	(じゅうに)
一二に及ばず	(いちににおよばず)
一二月	(じゅうにがつ)
一発	(いっぱつ)
一発かます	(いっぱつかます)
一発噛ます	(いっぱつかます)
一髪	(いっぱつ)
一番	(いちばん)
一番のり	(いちばんのり)
一番茶	(いちばんちゃ)
一番乗り	(いちばんのり)
一番多い	(いちばんおおい)
一番鶏	(いちばんどり)
一番手	(いちばんて)
一反	(いったん)
一辺倒	(いっぺんとう)
一飯	(いっぱん)
一方	(いっぽう)
一方ならず	(ひとかたならず)
一方ならぬ	(ひとかたならぬ)
一方的	(いっぽうてき)
一方交通	(いっぽうこうつう)
一方通行	(いっぽうつうこう)
一分	(いちぶ)
一分別	(ひとふんべつ)
一分金	(いちぶきん)
一分一厘	(いちぶいちりん)
一分銀	(いちぶぎん)
一封	(いっぷう)
一風	(いっぷう)
一風かわった	(いっぷうかわった)
一風変った	(いっぷうかわった)
一風変わった	(いっぷうかわった)
一風呂	(ひとふろ)
一夫多妻	(いっぷたさい)
一夫一婦	(いっぷいっぷ)
一服	(いっぷく)
一幅	(いっぷく)
一概に	(いちがいに)
一割	(いちわり)
一個	(いっこ)
一個人	(いっこじん,いちこじん)
一箇	(いっこ)
一箇年	(いっかねん)
一箇所	(いっかしょ)
一更	(いっこう)
一鼓	(いっこ)
一顧	(いっこ)
一掴	(ひとつかみ)
一掴み	(ひとつかみ)
一管	(いっかん)
一貫	(いっかん)
一貫して	(いっかんして)
一貫番号	(いっかんばんごう)
一貫性	(いっかんせい)
一郭	(いっかく)
一国	(いっこく)
一国一党主義	(いっこくいっとうしゅぎ)
一国一票	(いっこくいっぴょう)
一国者	(いっこくもの)
一過	(いっか)
一過性	(いっかせい)
一汗	(ひとあせ)
一毫	(いちごう)
一号	(いちごう)
一喝	(いっかつ)
一合目	(いちごうめ)
一荷	(いっか)
一桁	(ひとけた)
一戸	(いっこ)
一戸建	(いっこだて)
一戸建て	(いっこだて)
一花	(ひとはな)
一画	(いっかく)
一劃	(いっかく)
一環	(いっかん)
一荒れ	(ひとあれ)
一回	(いっかい)
一回り	(ひとまわり)
一回分	(いっかいぶん)
一回忌	(いっかいき)
一回戦	(いっかいせん)
一回転	(いっかいてん)
一獲	(いっかく)
一獲千金	(いっかくせんきん)
一肌脱ぐ	(ひとはだぬぐ)
一撃	(いちげき)
一機軸	(いちきじく)
一級	(いっきゅう)
一己	(いっこ)
一計	(いっけい)
一際	(ひときわ)
一家	(いっか,いっけ)
一家だんらん	(いっかだんらん)
一家団らん	(いっかだんらん)
一家団欒	(いっかだんらん)
一家言	(いっかげん,いっかごと)
一稼ぎ	(ひとかせぎ)
一揃	(ひとそろい)
一揃い	(ひとそろい)
一揃え	(ひとそろえ)
一間	(ひとま)
一件	(いっけん)
一見	(いっけん)
一見識	(いちけんしき,いっけんしき)
一将	(いっしょう)
一角	(いっかく,イッカク)
一角獣	(いっかくじゅう)
一階	(いっかい)
一節	(いっせつ)
一節切り	(ひとよぎり)
一介	(いっかい)
一筋	(ひとすじ)
一筋道	(ひとすじみち)
一筋縄	(ひとすじなわ)
一筋繩	(ひとすじなわ)
一進一退	(いっしんいったい)
一驚	(いっきょう)
一九	(じゅうきゅう)
一局	(いっきょく)
一局部	(いちきょくぶ)
一菊	(いっきく)
一挙	(いっきょ)
一挙に	(いっきょに)
一挙両得	(いっきょりょうとく)
一挙手一投足	(いっきょしゅいっとうそく)
一挙一動	(いっきょいちどう)
一句	(いっく)
一句よむ	(いっくよむ)
一句詠む	(いっくよむ)
一具	(いちぐ)
一巻	(いっかん,ひとまき)
一巻き	(いっかん,ひとまき)
一決	(いっけつ)
一攫	(いっかく)
一攫千金	(いっかくせんきん)
一軍	(いちぐん)
一堪りもなく	(ひとたまりもなく)
一堪りも無く	(ひとたまりもなく)
一考	(いっこう)
一克	(いっこく)
一刻	(いっこく)
一刻でも早く	(いっこくもはやく)
一刻も早く	(いっこくもはやく)
一刻千金	(いっこくせんきん)
一刻者	(いっこくもの)
一剋	(いっこく)
一口	(ひとくち)
一口咄	(ひとくちばなし)
一口話	(ひとくちばなし)
一口商い	(ひとくちあきない)
一口商ひ	(ひとくちあきない)
一口同音	(いっくどうおん)
一口噺	(ひとくちばなし)
一塊	(いっかい,ひとかたまり)
一塊り	(いっかい,ひとかたまり)
一揆	(いっき)
一括	(いっかつ)
一括め	(ひとくるめ)
一括り	(ひとくくり)
一括式	(いっかつしき)
一廓	(いっかく)
一覧	(いちらん)
一覧表	(いちらんひょう)
一了簡	(いちりょうかん)
一塁	(いちるい)
一塁手	(いちるいしゅ)
一塁線	(いちるいせん)
一類	(いちるい)
一礼	(いちれい)
一里塚	(いちりづか)
一理	(いちり)
一利	(いちり)
一利一害	(いちりいちがい)
一例	(いちれい)
一粒	(ひとつぶ,いちりゅう)
一粒選り	(ひとつぶえり,ひとつぶより)
一粒種	(ひとつぶだね)
一粒子既約	(いちりゅうしきやく)
一連	(いちれん)
一連托生	(いちれんたくしょう)
一蓮托生	(いちれんたくしょう)
一蓮託生	(いちれんたくしょう)
一嗹	(いちれん)
一両	(いちりょう)
一両年	(いちりょうねん)
一両日	(いちりょうじつ)
一輛	(いちりょう)
一列	(いちれつ)
一〇〇倍	(ひゃくばい)
一〇日	(とおか)
一〇月	(じゅうがつ)
一溜まりもなく	(ひとたまりもなく)
一溜まりも無く	(ひとたまりもなく)
一流	(いちりゅう)
一旒	(いちりゅう)
一六	(じゅうろく)
一六勝負	(いちろくしょうぶ)
一六銀行	(いちろくぎんこう)
一路	(いちろ)
一卵性双生児	(いちらんせいそうせいじ)
一輪	(いちりん)
一輪挿	(いちりんざし)
一輪挿し	(いちりんざし)
一輪車	(いちりんしゃ)
一律	(いちりつ)
一律に	(いちりつに)
一律減反	(いちりつげんたん)
一率	(いちりつ)
一率に	(いちりつに)
一脈	(いちみゃく)
一毛	(いちもう)
一毛作	(いちもうさく)
一枚貝	(いちまいがい)
一枚看板	(いちまいかんばん)
一枚上	(いちまいうえ)
一枚下	(いちまいした)
一枚岩	(いちまいいわ)
一門	(いちもん)
一夢	(いちむ)
一糸	(いっし)
一糸まとわぬ	(いっしまとわぬ)
一糸纏わぬ	(いっしまとわぬ)
一糸一毫	(いっしいちごう)
一眠	(いちみん)
一眠り	(ひとねむり)
一面	(いちめん)
一面観	(いちめんかん)
一面識	(いちめんしき)
一秒	(いちびょう)
一皿	(ひとさら)
一名	(いちめい)
一命	(いちめい)
一抹	(いちまつ)
一眸	(いちぼう)
一木	(いちぼく)
一目	(ひとめ)
一目ぼれ	(ひとめぼれ)
一目惚れ	(ひとめぼれ)
一目了然	(いちもくりょうぜん)
一目瞭然	(いちもくりょうぜん)
一目散	(いちもくさん)
一目散に	(いちもくさんに)
一幕	(ひとまく)
一幕もの	(ひとまくもの)
一幕物	(ひとまくもの)
一雫	(いってき,ひとしずく)
一男	(いちなん)
一難	(いちなん)
一年	(いちねん,ひととし,ひととせ)
一年じゅう	(いちねんじゅう,いちねんぢゅう)
一年ぢゅう	(いちねんじゅう,いちねんぢゅう)
一年草	(いちねんそう)
一年間	(いちねんかん)
一年生	(いちねんせい)
一年中	(いちねんじゅう,いちねんぢゅう)
一念	(いちねん)
一念ほっき	(いちねんほっき)
一念発起	(いちねんほっき)
一諾	(いちだく)
一派	(いっぱ)
一泡	(ひとあわ)
一泡吹かす	(ひとあわふかせる)
一泡吹かせる	(ひとあわふかせる)
一皮	(ひとかわ)
一匹	(いっぴき)
一癖	(ひとくせ)
一片	(いっぺん)
一票	(いっぴょう)
一瞥	(いちべつ)
一頻り	(ひとしきり)
一顰一笑	(いっぴんいっしょう,いちびんいっしょう)
一品	(いっぴん,ひとしな)
一品料理	(いっぴんりょうり)
一坪本社	(ひとつぼほんしゃ)
一泊	(いっぱく)
一泊行軍	(いっぱくこうぐん)
一七	(じゅうなな,じゅうしち)
一妻多夫	(いっさいたふ)
一期	(いっき)
一期一会	(いちごいちえ)
一斉	(いっせい)
一斉に	(いっせいに)
一斉安	(いっせいやす)
一斉高	(いっせいだか)
一斉検挙	(いっせいけんきょ)
一斉射撃	(いっせいしゃげき)
一旗	(ひとはた)
一騎	(いっき)
一騎打	(いっきうち)
一騎打ち	(いっきうち)
一騎当千	(いっきとうせん)
一騎討	(いっきうち)
一騎討ち	(いっきうち)
一気	(いっき)
一気かせい	(いっきかせい)
一気に	(いっきに)
一気呵成	(いっきかせい)
一切	(いっさい)
一切り	(ひときり)
一切れ	(ひときれ)
一切合財	(いっさいがっさい)
一切合切	(いっさいがっさい)
一切経	(いっさいきょう)
一切衆生	(いっさいしゅじょう)
一寝入り	(ひとねいり)
一頃	(ひところ)
一区	(いっく)
一曲	(いっきょく)
一犬	(いっけん)
一闋	(ひとくさり)
一群	(いちぐん)
一群れ	(ひとむれ)
一人	(ひとり,いちにん)
一人あたり	(ひとりあたり)
一人で	(ひとりで)
一人でに	(ひとりでに)
一人ぼっち	(ひとりぼっち,ひとりぽっち)
一人ぽっち	(ひとりぼっち,ひとりぽっち)
一人まえ	(いちにんまえ,ひとりまえ)
一人よがり	(ひとりよがり)
一人歩き	(ひとりあるき)
一人残らず	(ひとりのこらず)
一人称	(いちにんしょう)
一人乗り	(いちにんのり)
一人当たり	(ひとりあたり)
一人当て	(ひとりあて)
一人腹	(ひとりばら)
一人立ち	(ひとりだち)
一人旅	(ひとりたび)
一人娘	(ひとりむすめ)
一人前	(いちにんまえ,ひとりまえ)
一人前になる	(いちにんまえになる)
一人寝	(ひとりね)
一人善がり	(ひとりよがり)
一人天下	(ひとりてんか,ひとりでんか)
一人舞台	(ひとりぶたい)
一人物	(いちじんぶつ)
一人息子	(ひとりむすこ)
一人相撲	(ひとりずもう)
一人言	(ひとりごと)
一人用	(ひとりよう)
一人占め	(ひとりじめ)
一人芝居	(ひとりしばい)
一人子	(ひとりご)
一任	(いちにん)
一日	(いちにち,いちじつ)
一日じゅう	(いちにちじゅう,いちにちぢゅう)
一日の長	(いちじつのちょう,いちにちのちょう)
一日路	(いちにちじ)
一日片時	(いちにちへんじ)
一日千秋	(いちじつせんしゅう,いちにちせんしゅう)
一日一日	(いちにちいちにち)
一日一夜	(いちにちいちや)
一日増しに	(いちにちましに)
一日置き	(いちにちおき)
一日中	(いちにちじゅう,いちにちぢゅう)
一如	(いちにょ)
一入	(ひとしお)
一三	(じゅうさん)
一散に	(いっさんに)
一掃	(いっそう)
一色	(いっしょく)
一刹那	(いっせつな)
一殺那	(いっせつな)
一山	(ひとやま)
一閃	(いっせん)
一膳	(いちぜん)
一膳飯屋	(いちぜんめしや)
一渉り	(ひとわたり)
一身	(いっしん)
一身上	(いっしんじょう)
一神教	(いっしんきょう)
一神論	(いっしんろん)
一審	(いっしん)
一升	(いっしょう)
一升ビン	(いっしょうびん)
一升びん	(いっしょうびん)
一升瓶	(いっしょうびん)
一升壜	(いっしょうびん)
一生	(いっしょう)
一生けんめい	(いっしょうけんめい)
一生けん命	(いっしょうけんめい)
一生懸命	(いっしょうけんめい)
一生涯	(いっしょうがい)
一声	(いっせい,ひとこえ)
一盛り	(ひともり)
一失	(いっしつ)
一石	(いっせき)
一石二鳥	(いっせきにちょう)
一食	(いっしょく,いちじき)
一時	(ひととき,いっとき)
一時しのぎ	(いちじしのぎ)
一時に	(いちどきに,いちじに,いっときに)
一時のがれ	(いちじのがれ,いっときのがれ)
一時賜金	(いちじしきん)
一時的	(いちじてき)
一時払	(いちじばらい)
一時払い	(いちじばらい)
一時間	(いちじかん)
一時金	(いちじきん)
一時凌ぎ	(いちじしのぎ)
一時逃れ	(いちじのがれ,いっときのがれ)
一時預かり	(いちじあずかり)
一時預け	(いちじあずけ)
一矢	(いっし)
一士	(いっし)
一世	(いっせい)
一世紀	(いっせいき)
一世一代	(いっせいちだい,いっせいいちだい)
一仕事	(ひとしごと)
一式	(いっしき)
一事	(いちじ)
一室	(いっしつ)
一視同人	(いっしどうじん)
一視同仁	(いっしどうじん)
一手	(いって)
一手に	(いってに)
一手販売	(いってはんばい)
一首	(いっしゅ)
一疋	(いっぴき)
一書	(いっしょ)
一束	(いっそく,ひとたば)
一双	(いっそう)
一水	(いっすい)
一睡	(いっすい)
一睡り	(ひとねむり)
一順	(いちじゅん)
一瞬	(いっしゅん)
一瞬間	(いっしゅんかん)
一説	(いっせつ)
一私人	(いちしじん,いっしじん)
一思いに	(ひとおもいに)
一死	(いっし)
一死報国	(いっしほうこく)
一死後	(いっしご)
一四	(じゅうし,じゅうよん)
一宿	(いっしゅく)
一宿一飯	(いっしゅくいっぱん)
一酸化	(いっさんか)
一酸化炭素	(いっさんかたんそ)
一歳	(いっさい)
一所	(いっしょ,ひとところ)
一所懸命	(いっしょけんめい)
一台	(いちだい)
一堂	(いちどう)
一体	(いったい)
一体化	(いったいか)
一体全体	(いったいぜんたい)
一天	(いってん)
一天四海	(いってんしかい)
一天万乗	(いってんばんじょう)
一条	(いちじょう)
一帖	(いちじょう)
一挺	(いっちょう)
一梃	(いっちょう)
一通	(いっつう)
一通り	(ひととおり)
一同	(いちどう)
一統	(いっとう)
一頭	(いっとう)
一頭立て	(いっとうだて)
一頭牽き	(いっとうびき)
一頭引き	(いっとうびき)
一図に	(いちずに)
一途	(いっと)
一途に	(いちずに)
一団	(いちだん)
一呑み	(ひとのみ)
一駄	(いちだ)
一丸	(いちがん)
一晩	(ひとばん)
一往	(いちおう)
一網打尽	(いちもうだじん)
一望	(いちぼう)
一望千里	(いちぼうせんり)
一葦	(いちい)
一位	(いちい)
一味	(いちみ)
一尉	(いちい)
一文	(いちもん)
一文なし	(いちもんなし)
一文商い	(いちもんあきない)
一文無し	(いちもんなし)
一文惜しみ	(いちもんおしみ)
一文惜み	(いちもんおしみ)
一文字	(いちもんじ)
一問一答	(いちもんいっとう)
一握	(いちあく)
一握り	(ひとにぎり)
一五	(じゅうご)
一物	(いちもつ,イチモツ)
一夕	(いっせき)
一夕話	(いっせきわ)
一昔	(ひとむかし)
一昔前	(ひとむかしまえ)
一息	(ひといき)
一席	(いっせき)
一洗	(いっせん)
一喜一憂	(いっきいちゆう)
一系	(いっけい)
一先	(ひとまず)
一先ず	(ひとまず)
一弦琴	(いちげんきん)
一絃琴	(いちげんきん)
一閑張り	(いっかんばり)
一献	(いっこん)
一線	(いっせん)
一向	(いっこう)
一向に	(いっこうに)
一項	(いっこう)
一笑	(いっしょう)
一笑にふす	(いっしょうにふす)
一笑に伏す	(いっしょうにふす)
一笑に付す	(いっしょうにふす)
一瀉千里	(いっしゃせんり)
一心	(いっしん)
一心に	(いっしんに)
一心不乱	(いっしんふらん)
一心地	(ひとごこち)
一心同体	(いっしんどうたい)
一新	(いっしん)
一新紀元	(いっしんきげん,いちしんきげん)
一行	(いちぎょう)
一興	(いっきょう)
一休み	(ひとやすみ)
一緒	(いっしょ)
一緒くた	(いっしょくた)
一緒に	(いっしょに)
一緒にする	(いっしょにする)
一軒	(いっけん)
一軒家	(いっけんや)
一軒屋	(いっけんや)
一軒一軒	(いっけんいっけん)
一旬	(いちじゅん)
一巡	(いちじゅん)
一押し	(ひとおし)
一言	(ひとこと,いちげん,いちごん)
一言半句	(いちげんはんく,いちごんはんく)
一言二言	(ひとことふたこと)
一言居士	(いちげんこじ,いちごんこじ)
一言一行	(いちげんいっこう)
一塩	(ひとしお)
一眼	(いちがん)
一眼レフ	(いちがんレフ)
一様	(いちよう)
一夜	(いちや,ひとや,ひとよ)
一夜づけ	(いちやづけ)
一夜妻	(いちやづま,ひとよづま)
一夜乞食	(いちやこじき)
一夜造り	(いちやづくり)
一夜漬	(いちやづけ)
一夜漬け	(いちやづけ)
一葉	(いちよう,ひとは)
一々	(いちいち)
一一	(いちいち)
一一月	(じゅういちがつ)
一衣帯水	(いちいたいすい)
一儀	(いちぎ)
一役	(ひとやく)
一意	(いちい)
一意摶心	(いちいせんしん)
一意専心	(いちいせんしん)
一義	(いちぎ)
一義的	(いちぎてき)
一翼	(いちよく)
一議	(いちぎ)
一因	(いちいん)
一音節	(いちおんせつ)
一飲み	(ひとのみ)
一応	(いちおう)
一隅	(いちぐう,ひとすみ)
一雨	(ひとあめ)
一語	(いちご)
一語一語	(いちごいちご)
一遇	(いちぐう)
一元	(いちげん)
一元的	(いちげんてき)
一元化	(いちげんか)
一元論	(いちげんろん)
一円	(いちえん)
一円玉	(いちえんだま)
一円札	(いちえんさつ)
一員	(いちいん)
一院制	(いちいんせい)
一月	(いちがつ)
一躍	(いちやく)
一芸	(いちげい)
一再	(いっさい)
一札	(いっさつ)
一摘み	(ひとつまみ)
一戦	(いっせん)
一張	(いっちょう)
一張羅	(いっちょうら)
一張一弛	(いっちょういっし)
一帳羅	(いっちょうら)
一折り	(ひとおり)
一着	(いっちゃく)
一姫二太郎	(いちひめにたろう)
一陣	(いちじん)
一汁一菜	(いちじゅういっさい)
一知半解	(いっちはんかい)
一隻	(いっせき)
一隻眼	(いっせきがん)
一直	(いっちょく)
一直線	(いっちょくせん)
一指	(いっし)
一指当たり	(いちゆびあたり)
一紙半銭	(いっしはんせん)
一致	(いっち)
一致点	(いっちてん)
一種	(いっしゅ)
一重	(ひとえ)
一重に	(ひとえに)
一重ね	(ひとかさね)
一重継ぎ	(ひとえつぎ)
一重桜	(ひとえざくら)
一周	(いっしゅう)
一周忌	(いっしゅうき)
一周年	(いっしゅうねん)
一周期	(いっしゅうき)
一週	(いっしゅう)
一週間	(いっしゅうかん)
一昼夜	(いっちゅうや)
一助	(いちじょ)
一転	(いってん)
一転機	(いってんき,いちてんき)
一子	(いっし)
一子相伝	(いっしそうでん)
一字	(いちじ)
一字千金	(いちじせんきん)
一宗	(いっしゅう)
一走り	(ひとはしり)
一足	(ひとあし)
一足とび	(いっそくとび)
一足飛	(いっそくとび)
一足飛び	(いっそくとび)
一足跳び	(いっそくとび)
一足先に	(ひとあしさきに)
一族	(いちぞく)
一組	(ひとくみ,いちくみ)
一昨	(いっさく)
一昨年	(おととし,いっさくねん)
一昨日	(おととい,おとつい,いっさくじつ)
一昨晩	(いっさくばん)
一昨夜	(いっさくや)
一昨々日	(いっさくさくじつ,さきおとつい,さきおととい)
一昨々夜	(いっさくさくや)
一昨昨日	(いっさくさくじつ,さきおとつい,さきおととい)
一昨昨夜	(いっさくさくや)
一佐	(いっさ)
一座	(いちざ)
弌	(いち)
辷る	(すべる,スベる)
伊達	(だて)
伊達男	(だておとこ)
伊達女	(だておんな)
伊達者	(だてしゃ)
伊達着	(だてぎ)
伊達衆	(だてしゅう)
伊達姿	(だてすがた)
伊艦	(いかん)
伊拉久	(イラク)
伊蘭	(イラン)
伊呂波	(いろは,イロハ)
伊呂葉	(いろは,イロハ)
伊勢エビ	(いせえび,いせエビ,イセエビ)
伊勢えび	(いせえび,いせエビ,イセエビ)
伊勢参り	(いせまいり)
伊勢大廟	(いせたいびょう)
伊勢大神宮	(いせだいじんぐう)
伊勢海老	(いせえび,いせエビ,イセエビ)
伊勢蝦	(いせえび,いせエビ,イセエビ)
伊太利	(イタリア,イタリヤ)
伊太利亜	(イタリア,イタリヤ)
伊語	(いご)
伊佐木	(いさき,いさぎ,イサキ)
衣	(ころも)
衣ずれ	(きぬずれ)
衣鉢	(いはつ,えはつ,えはち)
衣擦れ	(きぬずれ)
衣帯	(いたい)
衣服	(いふく)
衣更え	(ころもがえ)
衣冠	(いかん)
衣桁	(いこう)
衣架	(いか)
衣糧	(いりょう)
衣料	(いりょう)
衣裳	(いしょう)
衣食	(いしょく)
衣食住	(いしょくじゅう)
衣替え	(ころもがえ)
衣文	(えもん)
衣紋	(えもん)
衣香	(いこう)
衣魚	(しみ,とぎょ)
衣摺れ	(きぬずれ)
衣装	(いしょう)
壱	(いち)
壱百萬	(ひゃくまん)
医	(い)
医伯	(いはく)
医博	(いはく)
医長	(いちょう)
医大	(いだい)
医道	(いどう)
医官	(いかん)
医化学	(いかがく)
医籍	(いせき)
医家	(いか)
医界	(いかい)
医局	(いきょく)
医科	(いか)
医科大学	(いかだいがく)
医療	(いりょう)
医療サービス	(いりょうサービス)
医療チーム	(いりょうチーム)
医療保険	(いりょうほけん)
医療報酬	(いりょうほうしゅう)
医療材料	(いりょうざいりょう)
医療車	(いりょうしゃ)
医療法人	(いりょうほうじん)
医療機関	(いりょうきかん)
医療品	(いりょうひん)
医療器械	(いりょうきかい)
医療施設	(いりょうしせつ)
医療輸送機	(いりょうゆそうき)
医療用	(いりょうよう)
医療伝道	(いりょうでんどう)
医療制度	(いりょうせいど)
医師	(いし)
医師法	(いしほう)
医師会	(いしかい)
医事	(いじ)
医事伝道	(いじでんどう)
医書	(いしょ)
医術	(いじゅつ)
医務	(いむ)
医務室	(いむしつ)
医学	(いがく)
医学博士	(いがくはかせ,いがくはくし)
医学部	(いがくぶ)
医学技術士	(いがくぎじゅつし)
医学界	(いがくかい)
医学生	(いがくせい)
医学生物学	(いがくせいぶつがく)
医学史	(いがくし)
医学士	(いがくし)
医学用語	(いがくようご)
医薬	(いやく)
医薬分業	(いやくぶんぎょう)
医薬品	(いやくひん)
医業	(いぎょう)
医用	(いよう)
医員	(いいん)
医院	(いいん)
医院長	(いいんちょう)
医者	(いしゃ)
依って	(よって)
依て	(よって)
依る	(よる)
依存	(いぞん,いそん)
依存度	(いぞんど)
依存性	(いぞんせい)
依怙	(えこ)
依怙ひいき	(えこひいき)
依怙贔負	(えこひいき)
依怙贔屓	(えこひいき)
依怙地	(いこじ,えこじ)
依拠	(いきょ)
依頼	(いらい)
依頼人	(いらいにん)
依頼心	(いらいしん)
依頼者	(いらいしゃ)
依頼状	(いらいじょう)
依然	(いぜん)
依然として	(いぜんとして)
依托	(いたく)
依託	(いたく)
依託射撃	(いたくしゃげき)
依願	(いがん)
依願免官	(いがんめんかん)
依嘱	(いしょく)
噫	(ああ,あー,あぁ)
醫師	(いし)
醫院	(いいん)
醫者	(いしゃ)
夷	(えびす)
夷狄	(いてき)
夷国	(いこく)
夷人	(いじん)
夷俗	(いぞく)
宜しい	(よろしい)
宜しく	(よろしく)
宜敷く	(よろしく)
移す	(うつす)
移りゆく	(うつりゆく)
移り変り	(うつりかわり)
移り変わり	(うつりかわり)
移り気	(うつりぎ)
移り香	(うつりが)
移り行く	(うつりゆく)
移る	(うつる)
移ろう	(うつろう)
移乗	(いじょう)
移出	(いしゅつ)
移調	(いちょう)
移牒	(いちょう)
移動	(いどう)
移動体	(いどうたい)
移動図書館	(いどうとしょかん)
移管	(いかん)
移籍	(いせき)
移民	(いみん)
移譲	(いじょう)
移入	(いにゅう)
移設	(いせつ)
移送	(いそう)
移項	(いこう)
移行	(いこう)
移行計画	(いこうけいかく)
移行性	(いこうせい)
移着	(いちゃく)
移植	(いしょく)
移植性	(いしょくせい)
移殖	(いしょく)
移住	(いじゅう)
移駐	(いちゅう)
移転	(いてん)
飴	(あめ)
飴坊	(あめんぼ,あめんぼう,アメンボ)
飴玉	(あめだま)
疑	(ぎ)
疑い	(うたがい)
疑い深い	(うたがいぶかい)
疑う	(うたがう)
疑り	(うたぐり)
疑わしい	(うたがわしい)
疑辞	(ぎじ)
疑点	(ぎてん)
疑惑	(ぎわく)
疑惧	(ぎく,ぎぐ)
疑懼	(ぎく,ぎぐ)
疑念	(ぎねん)
疑似	(ぎじ)
疑似症	(ぎじしょう)
疑問	(ぎもん)
疑問詞	(ぎもんし)
疑問代名詞	(ぎもんだいめいし)
疑問符	(ぎもんふ)
疑問文	(ぎもんぶん)
疑心	(ぎしん)
疑心暗鬼	(ぎしんあんき)
疑義	(ぎぎ)
疑獄	(ぎごく)
疑雲	(ぎうん)
疑字	(ぎじ)
遺る	(のこる)
遺愛	(いあい)
遺財	(いざい)
遺草	(いそう)
遺産	(いさん)
遺産相続	(いさんそうぞく)
遺臣	(いしん)
遺徳	(いとく)
遺児	(いじ)
遺髪	(いはつ)
遺芳	(いほう)
遺風	(いふう)
遺稿	(いこう)
遺告	(ゆいごう)
遺功	(いこう)
遺構	(いこう)
遺孤	(いこ)
遺骨	(いこつ)
遺骸	(いがい,ゆいがい)
遺憾	(いかん)
遺恨	(いこん)
遺跡	(いせき)
遺蹟	(いせき)
遺家族	(いかぞく)
遺戒	(いかい)
遺誡	(いかい)
遺精	(いせい)
遺留	(いりゅう)
遺留品	(いりゅうひん)
遺漏	(いろう)
遺漏なく	(いろうなく)
遺命	(いめい)
遺品	(いひん)
遺棄	(いき)
遺失	(いしつ)
遺失物	(いしつぶつ)
遺事	(いじ)
遺書	(いしょ)
遺算	(いさん)
遺体	(いたい)
遺脱	(いだつ)
遺文	(いぶん)
遺物	(いぶつ)
遺賢	(いけん)
遺香	(いこう)
遺訓	(いくん)
遺言	(ゆいごん)
遺言書	(ゆいごんしょ,いごんしょ)
遺言状	(ゆいごんじょう)
遺業	(いぎょう)
遺影	(いえい)
遺詠	(いえい)
遺伝	(いでん)
遺伝暗号	(いでんあんごう)
遺伝病	(いでんびょう)
遺伝地図	(いでんちず)
遺伝法	(いでんほう)
遺伝情報	(いでんじょうほう)
遺伝性	(いでんせい)
遺伝学	(いでんがく)
遺伝因子組替え	(いでんいんしくみかえ)
遺伝子	(いでんし)
遺伝子工学	(いでんしこうがく)
遺贈	(いぞう)
遺址	(いし)
遺志	(いし)
遺制	(いせい)
遺著	(いちょ)
遺子	(いし)
遺族	(いぞく)
遺作	(いさく)
儀	(ぎ)
儀じょう	(ぎじょう)
儀じょう兵	(ぎじょうへい)
儀表	(ぎひょう)
儀宸	(ぎしん)
儀刀	(ぎとう)
儀典	(ぎてん)
儀典長	(ぎてんちょう)
儀範	(ぎはん)
儀礼	(ぎれい)
儀礼兵	(ぎれいへい)
儀礼的	(ぎれいてき)
儀容	(ぎよう)
儀式	(ぎしき)
儀式用	(ぎしきよう)
儀式張る	(ぎしきばる)
儀式主義	(ぎしきしゅぎ)
儀刑	(ぎけい)
儀形	(ぎけい)
儀型	(ぎけい)
儀仗	(ぎじょう)
儀仗兵	(ぎじょうへい)
儀杖	(ぎじょう)
儀杖兵	(ぎじょうへい)
儀装	(ぎそう)
儀装馬車	(ぎそうばしゃ)
頤	(あご,アゴ)
頤使	(いし)
頤指	(いし)
乙	(おつ,オツ)
乙嫁	(おとうとよめ,おとよめ)
乙女心	(おとめごころ)
乙女座	(おとめざ)
乙巡	(おつじゅん)
乙夜	(いつや,おつや)
乙姫	(おとひめ)
乙子	(おとご)
已に	(すでに)
已の事	(すんでのこと,すってのこと,すでのこと)
已む	(やむ)
已むなく	(やむなく)
已むを得ず	(やむをえず)
已む無く	(やむなく)
已める	(やめる)
已後	(いご)
已降	(いこう)
已来	(いらい)
已前	(いぜん)
已上	(いじょう)
已往	(いおう)
已下	(いか,いげ)
以って	(もって)
以て	(もって)
以ての外	(もってのほか)
以北	(いほく)
以東	(いとう)
以後	(いご)
以降	(いこう)
以来	(いらい)
以呂波	(いろは,イロハ)
以南	(いなん)
以内	(いない)
以前	(いぜん)
以色列	(イスラエル)
以上	(いじょう)
以外	(いがい)
以往	(いおう)
以西	(いせい)
以下	(いか,いげ)
以下の通り	(いかのとおり)
以心伝心	(いしんでんしん)
以遠	(いえん)
倚り懸かる	(よりかかる)
倚る	(よる)
倚子	(いし)
椅子	(いす,イス)
蟻	(あり,アリ)
蟻喰	(ありくい,アリクイ)
蟻喰い	(ありくい,アリクイ)
蟻地獄	(ありじごく,アリジゴク)
蟻巻	(ありまき,アリマキ)
蟻食	(ありくい,アリクイ)
蟻食い	(ありくい,アリクイ)
蟻酸	(ぎさん)
蟻塚	(ありづか)
艤装	(ぎそう)
靉靆	(あいたい)
刈	(かり)
刈りあげる	(かりあげる)
刈りこむ	(かりこむ)
刈りたて	(かりたて)
刈り干す	(かりほす)
刈り根	(かりね)
刈り跡	(かりあと)
刈り立て	(かりたて)
刈り葺く	(かりふく)
刈り取り機	(かりとりき)
刈り取る	(かりとる)
刈り入れ	(かりいれ)
刈り入れる	(かりいれる)
刈り入れ人	(かりいれびと)
刈り上げる	(かりあげる)
刈り手	(かりて)
刈り穂	(かりほ)
刈り田	(かりた)
刈り込み	(かりこみ)
刈り込む	(かりこむ)
刈り株	(かりかぶ)
刈る	(かる)
刈除	(がいじょ,かいじょ)
刈取る	(かりとる)
刈入	(かりいれ)
刈入れ	(かりいれ)
刈入れる	(かりいれる)
刈上げる	(かりあげる)
刈穂	(かりほ)
刈田	(かりた)
刈込む	(かりこむ)
屹度	(きっと,キッと)
亦	(また)
抑	(そもそも)
抑えこむ	(おさえこむ)
抑えつける	(おさえつける)
抑え付ける	(おさえつける)
抑え込む	(おさえこむ)
抑も	(そもそも)
抑圧	(よくあつ)
抑留	(よくりゅう)
抑揚	(よくよう)
抑々	(そもそも)
抑抑	(そもそも)
抑止	(よくし)
抑制	(よくせい)
苅る	(かる)
杙	(くい)
佚	(いつ)
佚する	(いっする)
佚書	(いっしょ)
佚文	(いつぶん)
佚楽	(いつらく)
役	(やく)
役だつ	(やくだつ)
役にたつ	(やくにたつ)
役に立つ	(やくにたつ)
役柄	(やくがら)
役場	(やくば)
役得	(やくとく)
役割	(やくわり)
役割り	(やくわり)
役立つ	(やくだつ)
役目	(やくめ)
役人	(やくにん)
役所	(やくしょ)
役員	(やくいん)
役者	(やくしゃ)
役職	(やくしょく)
易い	(やすい)
易しい	(やさしい)
易動度	(いどうど)
易感染性	(いかんせんせい)
易経	(えききょう)
易学	(えきがく)
易々	(やすやす)
易易	(やすやす)
易者	(えきしゃ)
奕	(えき)
奕世	(えきせい)
疫病	(えきびょう,やくびょう)
疫病神	(やくびょうがみ,えきびょうがみ)
疫痢	(えきり)
疫癘	(えきれい)
疫学	(えきがく)
益	(えき,やく,よう)
益す	(ます)
益虫	(えきちゅう)
益荒男	(じょうふ,ますらお)
益金	(えききん)
益鳥	(えきちょう)
益々	(ますます)
益友	(えきゆう)
悒鬱	(ゆううつ)
異なる	(ことなる)
異に	(ことに)
異る	(ことなる)
異邦人	(いほうじん)
異本	(いほん)
異変	(いへん)
異才	(いさい)
異彩	(いさい)
異常	(いじょう)
異常発生	(いじょうはっせい)
異常高温	(いじょうこうおん)
異常終了	(いじょうしゅうりょう)
異朝	(いちょう)
異称	(いしょう)
異臭	(いしゅう)
異存	(いぞん)
異動	(いどう)
異端	(いたん)
異端者	(いたんしゃ)
異方導電フィルム	(いほうどうでんフィルム)
異方導電膜	(いほうどうでんまく)
異方性	(いほうせい)
異分子	(いぶんし)
異風	(いふう)
異父	(いふ)
異腹	(いふく)
異国	(いこく)
異和	(いわ)
異和感	(いわかん)
異化	(いか)
異機種	(いきしゅ)
異見	(いけん)
異教	(いきょう)
異境	(いきょう)
異句同音	(いくどうおん,いこうどうおん)
異口同音	(いくどうおん,いこうどうおん)
異類	(いるい)
異例	(いれい)
異論	(いろん)
異名	(いみょう,いめい)
異母	(いぼ)
異人	(いじん)
異色	(いしょく)
異数	(いすう)
異説	(いせつ)
異体	(いたい)
異体字	(いたいじ)
異同	(いどう)
異物	(いぶつ)
異洗浄	(いせんじょう)
異郷	(いきょう)
異象	(いしょう)
異心	(いしん,ことごころ)
異星人	(いせいじん)
異形	(いぎょう)
異性	(いせい)
異性体	(いせいたい)
異姓	(いせい)
異様	(いよう)
異義	(いぎ)
異議	(いぎ)
異議なく	(いぎなく)
異音	(いおん)
異域	(いいき)
異質	(いしつ)
異種	(いしゅ)
異状	(いじょう)
異宗	(いしゅう)
逸する	(いっする)
逸らす	(そらす)
逸る	(はぐる)
逸れる	(それる)
逸れ矢	(それや)
逸材	(いつざい)
逸出	(いっしゅつ)
逸話	(いつわ)
逸機	(いっき)
逸品	(いっぴん)
逸球	(いっきゅう)
逸散に	(いっさんに)
逸事	(いつじ)
逸書	(いっしょ)
逸速く	(いちはやく)
逸脱	(いつだつ)
逸文	(いつぶん)
逸聞	(いつぶん)
逸物	(いちもつ,いつぶつ,いちぶつ)
逸楽	(いつらく)
逸早く	(いちはやく)
逸走	(いっそう)
逸足	(いっそく)
訳	(わけ,ワケ)
訳がわからない	(わけがわからない)
訳が分からない	(わけがわからない)
訳が分らない	(わけがわからない)
訳す	(やくす)
訳本	(やくほん)
訳書	(やくしょ)
訳語	(やくご)
訳者	(やくしゃ)
訳注	(やくちゅう)
訳註	(やくちゅう)
翌る	(あくる)
翌る日	(あくるひ)
翌朝	(よくあさ,よくちょう)
翌年	(よくねん,よくとし)
翌日	(よくじつ)
翌々	(よくよく)
翌翌	(よくよく)
翌々日	(よくよくじつ)
翌翌日	(よくよくじつ)
翌月	(よくげつ)
翌週	(よくしゅう)
軼事	(いつじ)
詣る	(まいる)
意表	(いひょう)
意地	(いじ)
意地っ張り	(いじっぱり)
意地悪	(いじわる,イジワル)
意固地	(いこじ,えこじ)
意見	(いけん)
意見交換	(いけんこうかん)
意匠	(いしょう)
意久地	(いくじ,いきじ)
意力	(いりょく)
意馬	(いば)
意馬心猿	(いばしんえん)
意気	(いき)
意気ごむ	(いきごむ)
意気地	(いくじ,いきじ)
意気地なし	(いくじなし)
意気地のない	(いくじのない)
意気地無し	(いくじなし)
意気沮喪	(いきそそう)
意気投合	(いきとうごう)
意気消沈	(いきしょうちん)
意気銷沈	(いきしょうちん)
意気軒昂	(いきけんこう)
意気軒昻	(いきけんこう)
意気軒高	(いきけんこう)
意気揚々	(いきようよう)
意気揚揚	(いきようよう)
意気込む	(いきごむ)
意気阻喪	(いきそそう)
意氣	(いき)
意氣地	(いくじ,いきじ)
意趣	(いしゅ)
意識	(いしき)
意識不明	(いしきふめい)
意識体	(いしきたい)
意思	(いし)
意思の疎通	(いしのそつう)
意思の疏通	(いしのそつう)
意思表示	(いしひょうじ)
意思決定	(いしけってい)
意思決定機関	(いしけっていきかん)
意図	(いと)
意図的	(いとてき)
意外	(いがい)
意味	(いみ)
意味あい	(いみあい)
意味合	(いみあい)
意味合い	(いみあい)
意味論	(いみろん)
意味深長	(いみしんちょう)
意味深重	(いみしんちょう)
意味慎重	(いみしんちょう)
意想外	(いそうがい)
意向	(いこう)
意嚮	(いこう)
意訳	(いやく)
意義	(いぎ)
意欲	(いよく)
意慾	(いよく)
意張る	(いばる,えばる)
意志	(いし)
意志の強い	(いしのつよい)
意志の疎通	(いしのそつう)
意志の疏通	(いしのそつう)
意志薄弱	(いしはくじゃく)
意志表示	(いしひょうじ)
意志決定	(いしけってい)
意志決定機関	(いしけっていきかん)
意中	(いちゅう)
義歯	(ぎし)
義弟	(ぎてい,おとうと)
義憤	(ぎふん)
義父	(ぎふ)
義捐金	(ぎえんきん)
義理	(ぎり)
義理チョコ	(ぎりチョコ)
義妹	(ぎまい,いもうと)
義母	(ぎぼ,はは)
義気	(ぎき)
義手	(ぎしゅ)
義塾	(ぎじゅく)
義太夫節	(ぎだゆうぶし)
義務	(ぎむ)
義務教育	(ぎむきょういく)
義侠	(ぎきょう)
義侠心	(ぎきょうしん)
義俠心	(ぎきょうしん)
義兄	(ぎけい,あに)
義訓	(ぎくん)
義眼	(ぎがん)
義援金	(ぎえんきん)
義姉	(ぎし,あね)
義足	(ぎそく)
溢す	(こぼす)
溢れ	(あふれ)
溢れでる	(あふれでる)
溢れる	(あぶれる)
溢れ出る	(あふれでる)
溢流	(いつりゅう)
溢水	(いっすい)
駅	(えき)
駅弁	(えきべん)
駅長	(えきちょう)
駅夫	(えきふ)
駅名	(えきめい)
駅前	(えきまえ)
駅前通り	(えきまえどおり)
駅舎	(えきしゃ)
駅頭	(えきとう)
駅員	(えきいん)
駅伝	(えきでん)
駅伝競走	(えきでんきょうそう)
億	(おく)
億劫	(おっくう,おくこう,おっこう)
億万長者	(おくまんちょうじゃ)
億兆	(おくちょう)
誼	(よしみ,ぎ,よしび)
誼み	(よしみ,ぎ,よしび)
毅然として	(きぜんとして)
殪す	(たおす)
殪れる	(たおれる)
憶う	(おもう)
憶える	(おぼえる)
憶病	(おくびょう)
憶測	(おくそく)
憶念	(おくねん)
憶説	(おくせつ)
縊り殺す	(くびりころす)
縊死	(いし)
檍	(かし,かしい,カシ)
翳	(かげ)
翳み	(かすみ)
翳む	(かすむ)
翳る	(かげる)
臆病	(おくびょう)
臆測	(おくそく)
臆面	(おくめん)
臆面もない	(おくめんもない)
臆面もなく	(おくめんもなく)
臆面も無い	(おくめんもない)
臆面も無く	(おくめんもなく)
臆念	(おくねん)
臆説	(おくせつ)
翼	(つばさ,よく)
藝術	(げいじゅつ)
藝者	(げいしゃ)
鯣	(するめ,スルメ)
饐える	(すえる)
議る	(はかる)
議案	(ぎあん)
議長	(ぎちょう)
議場	(ぎじょう)
議定	(ぎてい,ぎじょう)
議会	(ぎかい)
議決	(ぎけつ)
議決権	(ぎけつけん)
議論	(ぎろん)
議士	(ぎし)
議事	(ぎじ)
議事録	(ぎじろく)
議事堂	(ぎじどう)
議題	(ぎだい)
議席	(ぎせき)
議員	(ぎいん)
議院	(ぎいん)
囈言	(うわごと)
囈語	(うわごと)
懿徳	(いとく)
驛	(えき)
因	(よし)
因って	(よって)
因に	(ちなみに)
因みに	(ちなみに)
因る	(よる)
因果	(いんが)
因果関係	(いんがかんけい)
因果者	(いんがもの)
因数	(いんすう)
因習	(いんしゅう)
因襲	(いんしゅう)
因循	(いんじゅん)
因循姑息	(いんじゅんこそく)
因業	(いんごう)
因由	(いんゆ)
因縁	(いんねん,いんえん)
因子	(いんし)
因子分析	(いんしぶんせき)
音	(おと)
音いろ	(ねいろ,おんしょく)
音さ	(おんさ)
音さた	(おとさた)
音をたてる	(おとをたてる)
音を立てる	(おとをたてる)
音便	(おんびん)
音標文字	(おんぴょうもじ)
音波	(おんぱ)
音部記号	(おんぶきごう)
音叉	(おんさ)
音程	(おんてい)
音痴	(おんち)
音大	(おんだい)
音締	(ねじめ)
音締め	(ねじめ)
音調	(おんちょう)
音読	(おんどく)
音読み	(おんよみ)
音符	(おんぷ)
音感	(おんかん)
音合せ	(おとあわせ)
音合わせ	(おとあわせ)
音呼	(いんこ,インコ)
音階	(おんかい)
音節	(おんせつ)
音力	(おんりょく)
音量	(おんりょう)
音律	(おんりつ)
音名	(おんめい)
音盤	(おんばん)
音譜	(おんぷ)
音曲	(おんぎょく)
音容	(おんよう)
音色	(ねいろ,おんしょく)
音沙汰	(おとさた)
音声	(おんせい,おんじょう)
音声圧縮	(おんせいあっしゅく)
音声学	(おんせいがく)
音詩	(おんし)
音栓	(おんせん)
音価	(おんか)
音素	(おんそ)
音速	(おんそく)
音頭	(おんど)
音響	(おんきょう)
音響カプラ	(おんきょうカプラ,おんきょうカプラー)
音響カプラー	(おんきょうカプラ,おんきょうカプラー)
音響設計	(おんきょうせっけい)
音像	(おんぞう)
音信	(おんしん,いんしん)
音訓	(おんくん)
音訳	(おんやく)
音域	(おんいき)
音源	(おんげん)
音楽	(おんがく)
音楽コンクール	(おんがくコンクール)
音楽の素質	(おんがくのそしつ)
音楽大学	(おんがくだいがく)
音楽会	(おんがくかい,おんがっかい)
音楽祭	(おんがくさい)
音楽教育	(おんがくきょういく)
音楽療法	(おんがくりょうほう)
音楽美学	(おんがくびがく)
音楽史	(おんがくし)
音楽図書館	(おんがくとしょかん)
音楽形式	(おんがくけいしき)
音楽学	(おんがくがく)
音樂	(おんがく)
音樂會	(おんがくかい,おんがっかい)
音韻	(おんいん)
音韻学	(おんいんがく)
音質	(おんしつ)
音字	(おんじ)
姻戚	(いんせき)
姻族	(いんぞく)
殷富	(いんぷ)
殷盛	(いんせい)
殷々	(いんいん)
殷殷	(いんいん)
殷賑	(いんしん)
陰	(かげ)
陰うつ	(いんうつ)
陰のう	(いんのう)
陰ひなた	(かげひなた)
陰る	(かげる)
陰蔽	(いんぺい)
陰弁慶	(かげべんけい)
陰部	(いんぶ)
陰惨	(いんさん)
陰唇	(いんしん)
陰徳	(いんとく)
陰電気	(いんでんき)
陰電子	(いんでんし)
陰干	(かげぼし)
陰干し	(かげぼし)
陰核	(いんかく)
陰画	(いんが)
陰画紙	(いんがし)
陰極	(いんきょく)
陰極線	(いんきょくせん)
陰極線管	(いんきょくせんかん)
陰茎	(いんけい,いんきょう)
陰口	(かげぐち)
陰暦	(いんれき)
陰毛	(いんもう)
陰門	(いんもん)
陰謀	(いんぼう)
陰嚢	(いんのう)
陰囊	(いんのう)
陰気	(いんき)
陰乾	(かげぼし)
陰乾し	(かげぼし)
陰晴	(いんせい)
陰日向	(かげひなた)
陰膳	(かげぜん)
陰神	(めがみ)
陰湿	(いんしつ)
陰萎	(いんい)
陰文	(いんぶん)
陰武者	(かげむしゃ)
陰険	(いんけん)
陰性	(いんせい)
陰性反応	(いんせいはんのう)
陰陽	(いんよう,おんみょう,おんよう)
陰陽道	(おんみょうどう,おんようどう)
陰翳	(いんえい)
陰影	(いんえい)
陰語	(いんご)
陰欝	(いんうつ)
陰鬱	(いんうつ)
堙滅	(いんめつ,えんめつ)
蔭	(かげ)
蔭る	(かげる)
蔭口	(かげぐち)
慇懃	(いんぎん)
慇懃無礼	(いんぎんぶれい)
吟唱	(ぎんしょう)
吟誦	(ぎんしょう)
吟味	(ぎんみ)
吟詠	(ぎんえい)
吟遊詩人	(ぎんゆうしじん)
淫ら	(みだら)
淫奔	(いんぽん)
淫祠	(いんし)
淫蕩	(いんとう)
淫風	(いんぷう)
淫婦	(いんぷ)
淫乱	(いんらん)
淫売	(いんばい)
淫賣	(いんばい)
淫靡	(いんび)
淫事	(いんじ)
淫心	(いんしん)
淫行	(いんこう)
淫欲	(いんよく)
淫慾	(いんよく)
寅	(とら)
寅年	(とらどし)
寅歳	(とらどし)
婬婦	(いんぷ)
欽定	(きんてい)
欽慕	(きんぼ)
銀	(ぎん)
銀ギツネ	(ぎんぎつね)
銀ぎつね	(ぎんぎつね)
銀メダル	(ぎんメダル)
銀杯	(ぎんぱい)
銀盃	(ぎんぱい)
銀持	(かねもち)
銀漢	(ぎんかん)
銀河	(ぎんが)
銀狐	(ぎんぎつね)
銀婚式	(ぎんこんしき)
銀貨	(ぎんか)
銀幕	(ぎんまく)
銀盤	(ぎんばん)
銀器	(ぎんき)
銀色	(ぎんいろ)
銀山	(ぎんざん)
銀行	(ぎんこう)
銀行系カード	(ぎんこうけいカード)
銀行員	(ぎんこういん)
銀杏	(いちょう,こうそんじゅ,イチョウ)
銀紙	(ぎんがみ)
銀座	(ぎんざ)
尹	(いん)
引かれる	(ひかれる)
引きあう	(ひきあう)
引きあげる	(ひきあげる)
引きあわせる	(ひきあわせる)
引きいれる	(ひきいれる)
引きうける	(ひきうける)
引きおこす	(ひきおこす)
引きおろす	(ひきおろす)
引きかえす	(ひきかえす)
引きこむ	(ひきこむ)
引きこもる	(ひきこもる)
引きさがる	(ひきさがる)
引きさく	(ひきさく)
引きさる	(ひきさる)
引きしぼる	(ひきしぼる)
引きしまる	(ひきしまる)
引きしめる	(ひきしめる)
引きずり	(ひきずり)
引きずり込む	(ひきずりこむ)
引きずる	(ひきずる)
引きだす	(ひきだす)
引きたつ	(ひきたつ)
引きたてる	(ひきたてる)
引きちぎる	(ひきちぎる)
引きつぐ	(ひきつぐ)
引きつける	(ひきつける)
引きつづく	(ひきつづく)
引きつり	(ひきつり)
引きつる	(ひきつる)
引きつれる	(ひきつれる)
引きどき	(ひきどき)
引きとめる	(ひきとめる)
引きとる	(ひきとる)
引きぬく	(ひきぬく)
引きはがす	(ひきはがす)
引きはなす	(ひきはなす)
引きはなつ	(ひきはなつ)
引きはらう	(ひきはらう)
引きまわす	(ひきまわす)
引きもどす	(ひきもどす)
引きよせる	(ひきよせる)
引きわける	(ひきわける)
引きわたす	(ひきわたす)
引き抜き	(ひきぬき)
引き抜く	(ひきぬく)
引き剥がす	(ひきはがす)
引き剥し強度	(ひきはがしきょうど)
引き剝がす	(ひきはがす)
引き潮	(ひきしお)
引き出し	(ひきだし)
引き出す	(ひきだす)
引き出物	(ひきでもの)
引き船	(えいせん,ひきふね)
引き窓	(ひきまど)
引き当て	(ひきあて)
引き当てる	(ひきあてる)
引き締まる	(ひきしまる)
引き締める	(ひきしめる)
引き締る	(ひきしまる)
引き吊り	(ひきつり)
引き渡す	(ひきわたす)
引き払う	(ひきはらう)
引き返す	(ひきかえす)
引き放つ	(ひきはなつ)
引き分け	(ひきわけ)
引き分ける	(ひきわける)
引き付ける	(ひきつける)
引き綱	(ひきづな)
引き合い	(ひきあい)
引き合う	(ひきあう)
引き合せる	(ひきあわせる)
引き合わせ	(ひきあわせ)
引き合わせる	(ひきあわせる)
引き戸	(ひきど)
引き換え	(ひきかえ)
引き換えて	(ひきかえて)
引き換える	(ひきかえる)
引き回す	(ひきまわす)
引き廻す	(ひきまわす)
引き寄せる	(ひきよせる)
引き継ぎ	(ひきつぎ)
引き継ぐ	(ひきつぐ)
引き降ろす	(ひきおろす)
引き絞る	(ひきしぼる)
引き金	(ひきがね)
引き金を引く	(ひきがねをひく)
引き離す	(ひきはなす)
引き立つ	(ひきたつ)
引き立てる	(ひきたてる)
引き連れる	(ひきつれる)
引き裂く	(ひきさく)
引き留める	(ひきとめる)
引き篭もる	(ひきこもる)
引き篭る	(ひきこもる)
引き籠もる	(ひきこもる)
引き攣り	(ひきつり)
引き攣る	(ひきつる)
引き落す	(ひきおとす)
引き落とす	(ひきおとす)
引き馬	(ひきうま)
引き眉	(ひきまゆ)
引き綿	(ひきわた)
引き幕	(ひきまく)
引き起こす	(ひきおこす)
引き起す	(ひきおこす)
引き千切る	(ひきちぎる)
引き取り人	(ひきとりにん)
引き取る	(ひきとる)
引き去る	(ひきさる)
引き入れる	(ひきいれる)
引き上げる	(ひきあげる)
引き伸ばす	(ひきのばす)
引き時	(ひきどき)
引き手	(ひきて)
引き受ける	(ひきうける)
引き数	(ひきすう)
引き算	(ひきざん)
引き戻す	(ひきもどす)
引き替え	(ひきかえ)
引き替える	(ひきかえる)
引き鉄	(ひきがね)
引き網	(ひきあみ)
引き汐	(ひきしお)
引き下がる	(ひきさがる)
引き下げ	(ひきさげ)
引き下げる	(ひきさげる)
引き下る	(ひきさがる)
引き下ろす	(ひきおろす)
引き続き	(ひきつづき)
引き続く	(ひきつづく)
引き延す	(ひきのばす)
引き延ばす	(ひきのばす)
引き揚げる	(ひきあげる)
引き込み線	(ひきこみせん)
引き込む	(ひきこむ)
引き摺り	(ひきずり)
引き摺りこむ	(ひきずりこむ)
引き摺り込む	(ひきずりこむ)
引き摺る	(ひきずる)
引き値	(ひきね)
引き止める	(ひきとめる)
引く	(ひく)
引く手	(ひくて)
引く手あまた	(ひくてあまた)
引く手数多	(ひくてあまた)
引ける	(ひける)
引け目	(ひけめ)
引け時	(ひけどき)
引け値	(ひけね)
引っかかる	(ひっかかる)
引っかく	(ひっかく)
引っかける	(ひっかける)
引っくり返す	(ひっくりかえす,ひっくりがえす)
引っくり返る	(ひっくりかえる,ひっくりがえる)
引っこし	(ひっこし)
引っこす	(ひっこす)
引っこむ	(ひっこむ)
引っこめる	(ひっこめる)
引ったくり	(ひったくり)
引ったくる	(ひったくる)
引っぱたく	(ひっぱたく)
引っぱり出す	(ひっぱりだす)
引っぱる	(ひっぱる)
引っ掛かる	(ひっかかる)
引っ掛ける	(ひっかける)
引っ掛る	(ひっかかる)
引っ叩く	(ひっぱたく)
引っ切りなし	(ひっきりなし)
引っ切り無し	(ひっきりなし)
引っ掻く	(ひっかく)
引っ搔く	(ひっかく)
引っ手繰り	(ひったくり)
引っ手繰る	(ひったくる)
引っ懸ける	(ひっかける)
引っ込み	(ひっこみ)
引っ込みじあん	(ひっこみじあん)
引っ込み思案	(ひっこみじあん)
引っ込む	(ひっこむ)
引っ込める	(ひっこめる)
引っ越し	(ひっこし)
引っ越す	(ひっこす)
引っ繰り返す	(ひっくりかえす,ひっくりがえす)
引っ繰り返る	(ひっくりかえる,ひっくりがえる)
引っ張たく	(ひっぱたく)
引っ張りダコ	(ひっぱりだこ)
引っ張りだこ	(ひっぱりだこ)
引っ張りだす	(ひっぱりだす)
引っ張り出す	(ひっぱりだす)
引っ張り剪断強度	(ひっぱりせんだんきょうど)
引っ張り蛸	(ひっぱりだこ)
引っ張り凧	(ひっぱりだこ)
引っ張る	(ひっぱる)
引抜き	(ひきぬき)
引抜く	(ひきぬく)
引潮	(ひきしお)
引出し	(ひきだし)
引出す	(ひきだす)
引出物	(ひきでもの)
引船	(えいせん,ひきふね)
引窓	(ひきまど)
引当	(ひきあて)
引当て	(ひきあて)
引当てる	(ひきあてる)
引当る	(ひきあてる)
引当金	(ひきあてきん)
引導	(いんどう)
引締まる	(ひきしまる)
引締める	(ひきしめる)
引渡す	(ひきわたす)
引払う	(ひきはらう)
引返す	(ひきかえす)
引分け	(ひきわけ)
引分ける	(ひきわける)
引付ける	(ひきつける)
引綱	(ひきづな)
引合	(ひきあい)
引合い	(ひきあい)
引合う	(ひきあう)
引合せる	(ひきあわせる)
引戸	(ひきど)
引換え	(ひきかえ)
引換えて	(ひきかえて)
引換える	(ひきかえる)
引換て	(ひきかえて)
引回す	(ひきまわす)
引火	(いんか)
引火点	(いんかてん)
引火温度	(いんかおんど)
引寄せる	(ひきよせる)
引継	(ひきつぎ)
引継ぎ	(ひきつぎ)
引継ぐ	(ひきつぐ)
引見	(いんけん)
引絞る	(ひきしぼる)
引接	(いんせつ)
引金	(ひきがね)
引離す	(ひきはなす)
引力	(いんりょく)
引立つ	(ひきたつ)
引立てる	(ひきたてる)
引例	(いんれい)
引連れる	(ひきつれる)
引裂く	(ひきさく)
引攣り	(ひきつり)
引落す	(ひきおとす)
引落とす	(ひきおとす)
引率	(いんそつ)
引馬	(ひきうま)
引眉	(ひきまゆ)
引幕	(ひきまく)
引切り無し	(ひっきりなし)
引取り人	(ひきとりにん)
引取る	(ひきとる)
引取人	(ひきとりにん)
引去る	(ひきさる)
引入れる	(ひきいれる)
引掻く	(ひっかく)
引上げる	(ひきあげる)
引時	(ひきどき)
引手	(ひきて)
引受ける	(ひきうける)
引受る	(ひきうける)
引数	(ひきすう)
引算	(ひきざん)
引戻す	(ひきもどす)
引替え	(ひきかえ)
引替える	(ひきかえる)
引鉄	(ひきがね)
引退	(いんたい)
引網	(ひきあみ)
引汐	(ひきしお)
引下げ	(ひきさげ)
引下げる	(ひきさげる)
引下る	(ひきさがる)
引下ろす	(ひきおろす)
引続き	(ひきつづき)
引続く	(ひきつづく)
引延ばす	(ひきのばす)
引用	(いんよう)
引用符	(いんようふ)
引用句	(いんようく)
引用文	(いんようぶん)
引用終わり	(いんようおわり)
引込み思案	(ひっこみじあん)
引込み線	(ひきこみせん)
引込む	(ひきこむ)
引込線	(ひきこみせん)
引越	(ひっこし)
引越し	(ひっこし)
引越す	(ひっこす)
引繰り返る	(ひっくりかえる,ひっくりがえる)
引責	(いんせき)
引責辞任	(いんせきじにん)
引張る	(ひっぱる)
引照	(いんしょう)
引摺り	(ひきずり)
引摺り込む	(ひきずりこむ)
引摺る	(ひきずる)
引証	(いんしょう)
引止める	(ひきとめる)
引致	(いんち)
引卒	(いんそつ)
飲みあかす	(のみあかす)
飲みくだす	(のみくだす)
飲みこみ	(のみこみ)
飲みこむ	(のみこむ)
飲みしろ	(のみしろ,のみだい)
飲みで	(のみで)
飲みほす	(のみほす)
飲みまわす	(のみまわす)
飲みまわる	(のみまわる)
飲みもの	(のみもの)
飲み抜け	(のみぬけ)
飲み出	(のみで)
飲み代	(のみしろ,のみだい)
飲み放題	(のみほうだい)
飲み干す	(のみほす)
飲み回す	(のみまわす)
飲み回る	(のみまわる)
飲み口	(のみくち,のみぐち)
飲み明かす	(のみあかす)
飲み乾す	(のみほす)
飲み食い	(のみくい)
飲み手	(のみて)
飲み水	(のみみず)
飲み逃げ	(のみにげ)
飲み屋	(のみや)
飲み物	(のみもの)
飲み下す	(のみくだす)
飲み薬	(のみぐすり)
飲み込み	(のみこみ)
飲み込む	(のみこむ)
飲み助	(のみすけ)
飲む	(のむ)
飲んだくれ	(のんだくれ)
飲んだくれる	(のんだくれる)
飲んべえ	(のんべえ)
飲ん兵衛	(のんべえ)
飲抜け	(のみぬけ)
飲兵衛	(のんべえ)
飲代	(のみしろ,のみだい)
飲干す	(のみほす)
飲酒	(いんしゅ)
飲酒癖	(いんしゅへき)
飲酒運転	(いんしゅうんてん)
飲口	(のみくち,のみぐち)
飲料	(いんりょう)
飲料水	(いんりょうすい)
飲食	(いんしょく,おんじき)
飲食店	(いんしょくてん)
飲食物	(いんしょくぶつ)
飲手	(のみて)
飲水	(のみみず)
飲水量	(いんすいりょう)
飲逃げ	(のみにげ)
飲屋	(のみや)
飲物	(のみもの)
飲下す	(のみくだす)
飲薬	(のみぐすり)
飲用	(いんよう)
飲助	(のみすけ)
飮み屋	(のみや)
飮む	(のむ)
隠くす	(かくす)
隠しカメラ	(かくしカメラ)
隠しごと	(かくしごと,かくしこと)
隠しだて	(かくしだて)
隠しどり	(かくしどり)
隠し場所	(かくしばしょ)
隠し撮り	(かくしどり)
隠し立て	(かくしだて)
隠し食い	(かくしぐい)
隠し事	(かくしごと,かくしこと)
隠し引き出し	(かくしひきだし)
隠し芸	(かくしげい)
隠し子	(かくしご)
隠す	(かくす)
隠とん	(いんとん)
隠ぺい	(いんぺい)
隠る	(こもる)
隠れみの	(かくれみの,カクレミノ)
隠れる	(かくれる)
隠れんぼ	(かくれんぼ,かくれんぼう)
隠れん坊	(かくれんぼ,かくれんぼう)
隠れ借金	(かくれしゃっきん)
隠れ蓑	(かくれみの,カクレミノ)
隠蔽	(いんぺい)
隠蔽子	(いんぺいし)
隠遁	(いんとん)
隠坊	(おんぼう)
隠見	(いんけん)
隠居	(いんきょ)
隠密	(おんみつ)
隠面	(いんめん)
隠滅	(いんめつ,えんめつ)
隠謀	(いんぼう)
隠匿	(いんとく)
隠匿物資	(いんとくぶっし)
隠匿者	(いんとくしゃ)
隠栖	(いんせい)
隠棲	(いんせい)
隠然	(いんぜん)
隠忍	(いんにん)
隠士	(いんし)
隠退	(いんたい)
隠退生活	(いんたいせいかつ)
隠亡	(おんぼう)
隠微	(いんび)
隠顕	(いんけん)
隠線	(いんせん)
隠語	(いんご)
隠喩	(いんゆ)
隠元	(いんげん,インゲン)
隠元豆	(いんげんまめ,インゲンマメ)
隠者	(いんじゃ)
隱す	(かくす)
隱忍	(いんにん)
隱語	(いんご)
印	(いん)
印ばんてん	(しるしばんてん)
印半纏	(しるしばんてん)
印半天	(しるしばんてん)
印本	(いんぽん)
印材	(いんざい)
印池	(いんち)
印刀	(いんとう)
印度	(インド)
印度教	(インドきょう)
印度尼西亜	(インドネシア)
印度支那	(インドシナ)
印画	(いんが)
印画紙	(いんがし)
印環	(いんかん)
印加電圧	(いんかでんあつ)
印鑑	(いんかん)
印鑑証明	(いんかんしょうめい)
印刻	(いんこく)
印刻師	(いんこくし)
印篭	(いんろう,インロー)
印籠	(いんろう,インロー)
印棉	(いんめん)
印綿	(いんめん)
印欧語族	(いんおうごぞく)
印判	(いんばん,いんぱん)
印判師	(いんばんし)
印譜	(いんぷ)
印肉	(いんにく)
印綬	(いんじゅ)
印書	(いんしょ)
印刷	(いんさつ)
印刷工	(いんさつこう)
印刷機	(いんさつき)
印刷媒体	(いんさつばいたい)
印刷人	(いんさつにん)
印刷社	(いんさつしゃ)
印刷術	(いんさつじゅつ)
印刷所	(いんさつじょ,いんさつしょ)
印刷物	(いんさつぶつ)
印刷業	(いんさつぎょう)
印刷用	(いんさつよう)
印刷者	(いんさつしゃ)
印刷紙	(いんさつし)
印税	(いんぜい)
印璽	(いんじ)
印匣	(いんばこ,いんこう)
印相	(いんぞう,いんそう)
印箱	(いんばこ,いんこう)
印象	(いんしょう)
印象づける	(いんしょうづける)
印象的	(いんしょうてき)
印象付ける	(いんしょうづける)
印象派	(いんしょうは)
印象主義	(いんしょうしゅぎ)
印象主義音楽	(いんしょうしゅぎおんがく)
印行	(いんこう)
印形	(いんぎょう)
印章	(いんしょう)
印紙	(いんし)
印字	(いんじ)
印字機	(いんじき)
胤	(たね)
胤違い	(たねちがい)
憖	(なまじ)
憖い	(なまじい)
憖っか	(なまじっか)
憗っか	(なまじっか)
応え	(こたえ)
応える	(こたえる)
応じて	(おうじて)
応じる	(おうじる)
応ずる	(おうずる)
応報	(おうほう)
応酬	(おうしゅう)
応答	(おうとう)
応答能	(おうとうのう)
応待	(おうたい)
応対	(おうたい)
応分	(おうぶん)
応急	(おうきゅう)
応急渡河	(おうきゅうとか)
応急攻撃	(おうきゅうこうげき)
応接	(おうせつ)
応接セット	(おうせつセット)
応接間	(おうせつま)
応接室	(おうせつしつ)
応力	(おうりょく)
応募	(おうぼ)
応募者	(おうぼしゃ)
応諾	(おうだく)
応用	(おうよう)
応用力	(おうようりょく)
応用問題	(おうようもんだい)
応用物理学	(おうようぶつりがく)
応援	(おうえん)
応援歌	(おうえんか)
応援団	(おうえんだん)
応援団長	(おうえんだんちょう)
応戦	(おうせん)
応召	(おうしょう)
英れい	(えいれい)
英才	(えいさい)
英単語	(えいたんご)
英断	(えいだん)
英国	(えいこく)
英国人	(えいこくじん)
英国石油	(えいこくせきゆ)
英國	(えいこく)
英和	(えいわ)
英和辞典	(えいわじてん)
英会話	(えいかいわ)
英吉利	(イギリス)
英斤	(ポンド)
英京	(えいきょう,えいけい)
英蘭	(イングランド)
英連邦	(えいれんぽう)
英霊	(えいれい)
英靈	(えいれい)
英米	(えいべい)
英名	(えいめい)
英気	(えいき)
英詩	(えいし)
英書	(えいしょ)
英数	(えいすう)
英数字	(えいすうじ)
英听	(ポンド)
英文	(えいぶん)
英文法	(えいぶんぽう)
英文学	(えいぶんがく)
英小文字	(えいこもじ)
英雄	(えいゆう)
英雄的	(えいゆうてき)
英訳	(えいやく)
英語	(えいご)
英語版	(えいごばん)
英語基礎能力試験	(えいごきそのうりょくしけん)
英知	(えいち)
英智	(えいち)
英姿	(えいし)
英資	(えいし)
英字	(えいじ)
英字コード	(えいじコード)
英字集合	(えいじしゅうごう)
英作文	(えいさくぶん)
桜	(さくら,サクラ)
桜んぼ	(さくらんぼ,さくらんぼう,サクランボ)
桜ん坊	(さくらんぼ,さくらんぼう,サクランボ)
桜飯	(さくらめし)
桜花	(おうか,さくらばな)
桜皮	(かば,かんば,かにわ)
桜肉	(さくらにく)
桜色	(さくらいろ)
桜桃	(さくらんぼ,さくらんぼう,サクランボ)
霙	(みぞれ)
嬰	(えい)
嬰ヘ長調	(えいヘちょうちょう)
嬰児	(えいじ)
嬰記号	(えいきごう)
嬰音	(えいおん)
膺懲	(ようちょう)
罌粟	(ケシ,けし)
櫻	(さくら,サクラ)
櫻花	(おうか,さくらばな)
鶯	(うぐいす,ウグイス)
鶯色	(うぐいすいろ)
軈て	(やがて)
鷹	(たか,タカ)
鷹揚	(おうよう,おおよう,ようよう)
鸚哥	(いんこ,インコ)
鸚鵡	(オウム,おうむ)
鸚鵡貝	(おうむがい,オウムガイ)
迎え	(むかえ)
迎えいれる	(むかえいれる)
迎えうつ	(むかえうつ)
迎える	(むかえる)
迎え撃つ	(むかえうつ)
迎え酒	(むかえざけ)
迎え入れる	(むかえいれる)
迎え討つ	(むかえうつ)
迎賓館	(げいひんかん)
迎合	(げいごう)
迎撃	(げいげき)
迎撃機	(げいげきき)
盈ちる	(みちる)
盈虧	(えいき)
蛍	(ほたる,ホタル)
蛍光	(けいこう)
蛍光灯	(けいこうとう)
蛍光燈	(けいこうとう)
蛍光塗料	(けいこうとりょう)
蛍光物質	(けいこうぶっしつ)
蛍火	(ほたるび,けいか)
蛍狩	(ほたるがり,ホタルがり)
蛍狩り	(ほたるがり,ホタルがり)
蛍雪の功	(けいせつのこう)
営み	(いとなみ)
営む	(いとなむ)
営倉	(えいそう)
営巣	(えいそう)
営利	(えいり)
営林	(えいりん)
営林署	(えいりんしょ)
営繕	(えいぜん)
営所	(えいしょ)
営団	(えいだん)
営養	(えいよう)
営業	(えいぎょう)
営業マン	(えいぎょうマン)
営業部	(えいぎょうぶ)
営業時間	(えいぎょうじかん)
営業収支	(えいぎょうしゅうし)
営業畑	(えいぎょうばたけ)
営業中	(えいぎょうちゅう)
営造	(えいぞう)
蝿	(はえ,ハエ)
螢	(ほたる,ホタル)
螢光	(けいこう)
螢光灯	(けいこうとう)
螢光燈	(けいこうとう)
螢火	(ほたるび,けいか)
蠅	(はえ,ハエ)
贏つ	(かつ)
贏余	(えいよ)
影	(かげ)
影ぼうし	(かげぼうし)
影法師	(かげぼうし)
影画	(かげえ)
影絵	(かげえ)
影口	(かげぐち)
影武者	(かげむしゃ)
影響	(えいきょう)
影響を及ぼす	(えいきょうをおよぼす)
影響力	(えいきょうりょく)
影像	(えいぞう)
穎才	(えいさい)
穎悟	(えいご)
映え	(はえ)
映える	(はえる)
映しだす	(うつしだす)
映し出す	(うつしだす)
映し絵	(うつしえ)
映す	(うつす)
映り行く	(うつりゆく)
映る	(うつる)
映画	(えいが)
映画館	(えいがかん)
映画化	(えいがか)
映画監督	(えいがかんとく)
映画評	(えいがひょう)
映画社	(えいがしゃ)
映画音楽	(えいがおんがく)
映畫	(えいが)
映畵	(えいが)
映日果	(いちじく,イチジク,いちぢく)
映像	(えいぞう)
映写	(えいしゃ)
映写機	(えいしゃき)
硬い	(かたい)
硬変	(こうへん)
硬度	(こうど)
硬骨	(こうこつ)
硬化	(こうか)
硬貨	(こうか)
硬派	(こうは)
硬球	(こうきゅう)
硬軟	(こうなん)
硬塞	(こうそく)
硬式	(こうしき)
硬式テニス	(こうしきテニス)
硬水	(こうすい)
硬玉	(こうぎょく)
硬直	(こうちょく)
硬質	(こうしつ)
庸人	(ようじん)
庸愚	(ようぐ)
傭い兵	(やといへい)
傭う	(やとう)
傭兵	(ようへい)
傭船	(ようせん)
傭船契約	(ようせんけいやく)
傭聘	(ようへい)
傭人	(ようにん)
擁く	(いだく)
擁する	(ようする)
擁壁	(ようへき)
擁護	(ようご)
擁立	(ようりつ)
永い	(ながい,ながーい,なっがい)
永らく	(ながらく)
永別	(えいべつ)
永存	(えいそん,えいぞん)
永代	(えいたい)
永代借地	(えいたいしゃくち)
永劫	(えいごう)
永久	(えいきゅう)
永久歯	(えいきゅうし)
永久脱毛	(えいきゅうだつもう)
永久性	(えいきゅうせい)
永訣	(えいけつ)
永牢	(えいろう)
永眠	(えいみん)
永年	(ながねん)
永年間	(ながねんかん)
永日	(えいじつ)
永生	(えいせい)
永世	(えいせい)
永世中立	(えいせいちゅうりつ)
永世中立国	(えいせいちゅうりつこく)
永寿	(えいじゅ)
永小作	(えいこさく)
永続	(えいぞく)
永続き	(ながつづき)
永続性	(えいぞくせい)
永々	(ながなが)
永永	(ながなが)
永遠	(えいえん)
永住	(えいじゅう)
永住権	(えいじゅうけん)
永住者	(えいじゅうしゃ)
永子作	(えいこさく)
永子作権	(えいこさくけん)
泳ぐ	(およぐ)
泳法	(えいほう)
勇	(ゆう)
勇ましい	(いさましい)
勇みたつ	(いさみたつ)
勇み肌	(いさみはだ)
勇み立つ	(いさみたつ)
勇み足	(いさみあし)
勇む	(いさむ)
勇断	(ゆうだん)
勇飛	(ゆうひ)
勇夫	(ゆうふ)
勇婦	(ゆうふ)
勇敢	(ゆうかん)
勇敢さ	(ゆうかんさ)
勇悍	(ゆうかん)
勇健	(ゆうけん)
勇将	(ゆうしょう)
勇進	(ゆうしん)
勇決	(ゆうけつ)
勇力	(ゆうりょく)
勇烈	(ゆうれつ)
勇邁	(ゆうまい)
勇猛	(ゆうもう,ゆうみょう)
勇猛心	(ゆうもうしん)
勇名	(ゆうめい)
勇気	(ゆうき)
勇気づけ	(ゆうきづけ)
勇気づける	(ゆうきづける)
勇気付け	(ゆうきづけ)
勇気付ける	(ゆうきづける)
勇士	(ゆうし)
勇図	(ゆうと)
勇退	(ゆうたい)
勇往	(ゆうおう)
勇往邁進	(ゆうおうまいしん)
勇武	(ゆうぶ)
勇躍	(ゆうやく)
勇戦	(ゆうせん)
勇者	(ゆうしゃ,ゆうじゃ)
勇壮	(ゆうそう)
涌き出す	(わきだす)
涌き出る	(わきでる)
涌き起こる	(わきおこる)
涌き上がる	(わきあがる)
涌く	(わく)
詠う	(うたう)
詠む	(よむ)
詠草	(えいそう)
詠唱	(えいしょう)
詠歌	(えいか,えいが)
詠進	(えいしん)
詠誦	(えいしょう)
詠嘆	(えいたん)
詠歎	(えいたん)
詠吟	(えいぎん)
湧き出す	(わきだす)
湧き出る	(わきでる)
湧き起こる	(わきおこる)
湧き上がる	(わきあがる)
湧く	(わく)
蛹	(さなぎ)
蛹虫	(ようちゅう)
蛹化	(ようか)
踊り	(おどり)
踊り場	(おどりば)
踊り狂う	(おどりくるう)
踊り上がる	(おどりあがる)
踊り子	(おどりこ)
踊り字	(おどりじ)
踊る	(おどる)
踊場	(おどりば)
踊子	(おどりこ)
踊字	(おどりじ)
鯒	(こち,コチ)
用	(よう)
用いる	(もちいる)
用船	(ようせん)
用地	(ようち)
用度	(ようど,ようと)
用法	(ようほう)
用件	(ようけん)
用具	(ようぐ)
用例	(ようれい)
用量	(ようりょう)
用命	(ようめい)
用品	(ようひん)
用事	(ようじ)
用水	(ようすい)
用途	(ようと)
用心	(ようじん)
用心棒	(ようじんぼう)
用心深い	(ようじんぶかい)
用言	(ようげん)
用意	(ようい)
用意周到	(よういしゅうとう)
用語	(ようご)
用語集	(ようごしゅう)
用紙	(ようし)
幽か	(かすか)
幽す	(ゆうす)
幽闇	(ゆうあん)
幽暗	(ゆうあん)
幽閉	(ゆうへい)
幽愁	(ゆうしゅう)
幽窓	(ゆうそう)
幽窻	(ゆうそう)
幽谷	(ゆうこく)
幽鬼	(ゆうき)
幽魂	(ゆうこん)
幽寂	(ゆうじゃく)
幽寂味	(ゆうじゃくみ)
幽界	(ゆうかい)
幽景	(ゆうけい)
幽境	(ゆうきょう)
幽居	(ゆうきょ)
幽客	(ゆうかく)
幽林	(ゆうりん)
幽霊	(ゆうれい)
幽霊船	(ゆうれいせん)
幽霊話	(ゆうれいばなし)
幽霊会社	(ゆうれいがいしゃ)
幽霊人口	(ゆうれいじんこう)
幽霊屋敷	(ゆうれいやしき)
幽霊株	(ゆうれいかぶ)
幽門	(ゆうもん)
幽明	(ゆうめい)
幽明相隔てる	(ゆうめいあいへだてる)
幽冥	(ゆうめい)
幽冥界	(ゆうめいかい)
幽鳥	(ゆうちょう)
幽契	(ゆうけい)
幽囚	(ゆうしゅう)
幽趣	(ゆうしゅ)
幽然	(ゆうぜん)
幽勝	(ゆうしょう)
幽室	(ゆうしつ)
幽邃	(ゆうすい)
幽邃境	(ゆうすいきょう)
幽体	(ゆうたい)
幽微	(ゆうび)
幽閑	(ゆうかん)
幽香	(ゆうこう)
幽玄	(ゆうげん)
幽雅	(ゆうが)
幽々	(ゆうゆう)
幽幽	(ゆうゆう)
幽鬱	(ゆううつ)
悠長	(ゆうちょう)
悠久	(ゆうきゅう)
悠然	(ゆうぜん)
悠揚	(ゆうよう)
悠々	(ゆうゆう)
悠悠	(ゆうゆう)
悠々自適	(ゆうゆうじてき)
悠悠自適	(ゆうゆうじてき)
憂い	(うれい)
憂い悩む	(うれいなやむ)
憂い事	(うれいごと)
憂い顔	(うれいがお)
憂うつ	(ゆううつ)
憂える	(うれえる)
憂き目	(うきめ)
憂き世	(うきよ,ふせい)
憂さばらし	(うさばらし)
憂さをはらしに	(うさをはらしに)
憂さを晴らしに	(うさをはらしに)
憂さ晴らし	(うさばらし)
憂愁	(ゆうしゅう)
憂憤	(ゆうふん)
憂国	(ゆうこく)
憂患	(ゆうかん)
憂懼	(ゆうく)
憂哭	(うきね)
憂苦	(ゆうく)
憂慮	(ゆうりょ)
憂悶	(ゆうもん)
憂目	(うきめ)
憂戚	(ゆうせき)
憂慼	(ゆうせき)
憂色	(ゆうしょく)
憂世	(ゆうせい)
憂事	(うれいごと)
憂思	(ゆうし)
憂心	(ゆうしん)
憂欝症	(ゆううつしょう)
憂鬱	(ゆううつ)
憂鬱症	(ゆううつしょう)
優	(ゆう)
優しい	(やさしい)
優しげ	(やさしげ)
優に	(ゆうに)
優る	(まさる)
優れた	(すぐれた)
優れる	(すぐれる)
優待	(ゆうたい)
優待券	(ゆうたいけん)
優等	(ゆうとう)
優等賞	(ゆうとうしょう)
優等賞状	(ゆうとうしょうじょう)
優等生	(ゆうとうせい)
優等卒業生	(ゆうとうそつぎょうせい)
優利	(ゆうり)
優良	(ゆうりょう)
優良児	(ゆうりょうじ)
優良馬	(ゆうりょうば)
優良品	(ゆうりょうひん)
優良株	(ゆうりょうかぶ)
優劣	(ゆうれつ)
優美	(ゆうび)
優男	(やさおとこ,やさお)
優女	(やさおんな,やさめ,ゆうじょ)
優諚	(ゆうじょう)
優柔	(ゆうじゅう)
優柔不断	(ゆうじゅうふだん)
優生	(ゆうせい)
優生結婚	(ゆうせいけっこん)
優生学	(ゆうせいがく)
優勝	(ゆうしょう)
優勝杯	(ゆうしょうはい)
優勝劣敗	(ゆうしょうれっぱい)
優勝馬	(ゆうしょうば)
優勝旗	(ゆうしょうき)
優勝者	(ゆうしょうしゃ)
優勢	(ゆうせい)
優曇華	(うどんげ)
優婉	(ゆうえん)
優位	(ゆうい)
優位性	(ゆういせい)
優渥	(ゆうあく)
優先	(ゆうせん)
優先扱い	(ゆうせんあつかい)
優先的	(ゆうせんてき)
優先権	(ゆうせんけん)
優先順位	(ゆうせんじゅんい)
優先外貨	(ゆうせんがいか)
優先株	(ゆうせんかぶ)
優形	(やさがた)
優性	(ゆうせい)
優秀	(ゆうしゅう)
優秀品	(ゆうしゅうひん)
優雅	(ゆうが)
優艶	(ゆうえん)
優遊自適	(ゆうゆうじてき)
優游自適	(ゆうゆうじてき)
優遇	(ゆうぐう)
優越	(ゆうえつ)
優越複合	(ゆうえつふくごう)
優越感	(ゆうえつかん)
優越権	(ゆうえつけん)
優越性	(ゆうえつせい)
優者	(ゆうしゃ)
優姿	(やさすがた)
尤なる	(ゆうなる)
尤める	(とがめる)
尤も	(もっとも)
尤もらしい	(もっともらしい)
尤度	(ゆうど)
尤物	(ゆうぶつ)
由	(よし)
由なし事	(よしなしごと)
由る	(よる)
由来	(ゆらい)
由来書	(ゆらいがき)
由来書き	(ゆらいがき)
由無し事	(よしなしごと)
由緒	(ゆいしょ)
由々しい	(ゆゆしい)
由由しい	(ゆゆしい)
由有る	(よしある)
由縁	(ゆえん)
油	(あぶら)
油け	(あぶらけ)
油じみる	(あぶらじみる)
油っこい	(あぶらっこい)
油っ濃い	(あぶらっこい)
油をうる	(あぶらをうる)
油をしぼる	(あぶらをしぼる)
油を絞る	(あぶらをしぼる)
油を売る	(あぶらをうる)
油を搾る	(あぶらをしぼる)
油菜	(あぶらな,アブラナ)
油蝉	(あぶらぜみ,アブラゼミ)
油虫	(あぶらむし,アブラムシ)
油断	(ゆだん)
油断大敵	(ゆだんたいてき)
油汗	(あぶらあせ)
油画	(あぶらえ)
油絵	(あぶらえ)
油井	(ゆせい)
油気	(あぶらけ)
油染みる	(あぶらじみる)
油田	(ゆでん)
油揚	(あぶらあげ,あぶらげ)
油揚げ	(あぶらあげ,あぶらげ)
油薬	(こうやく,あぶらぐすり)
油脂	(ゆし)
疣	(いぼ,イボ)
郵便	(ゆうびん)
郵便袋	(ゆうびんぶくろ)
郵便番号	(ゆうびんばんごう)
郵便局	(ゆうびんきょく)
郵便料金	(ゆうびんりょうきん)
郵便配達	(ゆうびんはいたつ)
郵便私書箱	(ゆうびんししょばこ)
郵便為替	(ゆうびんかわせ,ゆうびんがわせ)
郵便屋	(ゆうびんや)
郵便物	(ゆうびんぶつ)
郵便貯金	(ゆうびんちょきん)
郵袋	(ゆうたい)
郵税	(ゆうぜい)
郵送	(ゆうそう)
郵送料	(ゆうそうりょう)
郵政大臣	(ゆうせいだいじん)
郵政省	(ゆうせいしょう)
蚰蜒	(ゲジゲジ,げじげじ,げじ)
蚰蜒眉	(げじげじまゆ)
猶	(なお)
猶お	(なお)
猶更	(なおさら)
猶太	(ユダヤ)
猶余	(ゆうよ)
猶与	(ゆうよ)
猶予	(ゆうよ)
猶予なく	(ゆうよなく)
猶子	(ゆうし)
遊ばせ言葉	(あそばせことば)
遊び	(あそび)
遊びゴコロ	(あそびごころ,あそびゴコロ)
遊びごころ	(あそびごころ,あそびゴコロ)
遊び半分	(あそびはんぶん)
遊び歩く	(あそびあるく)
遊び場	(あそびば)
遊び道具	(あそびどうぐ)
遊び人	(あそびにん)
遊び相手	(あそびあいて)
遊び心	(あそびごころ,あそびゴコロ)
遊ぶ	(あそぶ,あすぶ)
遊歩道	(ゆうほどう)
遊蕩	(ゆうとう)
遊底	(ゆうてい)
遊郭	(ゆうかく)
遊撃	(ゆうげき)
遊撃隊員	(ゆうげきたいいん)
遊撃手	(ゆうげきしゅ)
遊撃戦	(ゆうげきせん)
遊廓	(ゆうかく)
遊覧船	(ゆうらんせん)
遊離	(ゆうり)
遊里	(ゆうり)
遊牧	(ゆうぼく)
遊女	(ゆうじょ)
遊説	(ゆうぜい)
遊戯	(ゆうぎ)
遊興	(ゆうきょう)
遊休	(ゆうきゅう)
遊魚	(ゆうぎょ)
遊園地	(ゆうえんち)
游ぐ	(およぐ)
游撃	(ゆうげき)
游魚	(ゆうぎょ)
友	(とも)
友だち	(ともだち,トモダチ)
友だちがい	(ともだちがい)
友だちづきあい	(ともだちづきあい)
友だち付き合い	(ともだちづきあい)
友愛	(ゆうあい)
友白髪	(ともしらが)
友邦	(ゆうほう)
友成	(ともなり)
友達	(ともだち,トモダチ)
友達がい	(ともだちがい)
友達づきあい	(ともだちづきあい)
友達付き合い	(ともだちづきあい)
友達甲斐	(ともだちがい)
友党	(ゆうとう)
友釣	(ともづり)
友釣り	(ともづり)
友好	(ゆうこう)
友好的	(ゆうこうてき)
友好国	(ゆうこうこく)
友好条約	(ゆうこうじょうやく)
友好通商航海	(ゆうこうつうしょうこうかい)
友交	(ゆうこう)
友軍	(ゆうぐん)
友軍部隊	(ゆうぐんぶたい)
友朋	(ゆうほう)
友情	(ゆうじょう)
友人	(ゆうじん)
友討ち	(ともうち)
友宜	(ゆうぎ)
友義	(ゆうぎ)
友誼	(ゆうぎ)
友誼国家	(ゆうぎこっか)
友引	(ともびき,ゆういん)
友垣	(ともがき)
有	(ゆう)
有する	(ゆうする)
有らゆる	(あらゆる)
有らん限り	(あらんかぎり)
有りあまる	(ありあまる)
有りうる	(ありうる)
有りがとう	(ありがとう)
有りさま	(ありさま,ありよう)
有りそう	(ありそう)
有りつく	(ありつく)
有りのまま	(ありのまま)
有りの儘	(ありのまま)
有りの侭	(ありのまま)
有りふれた	(ありふれた)
有り触れた	(ありふれた)
有り得ない程	(ありえないほど)
有り得べき	(ありうべき)
有り得る	(ありうる)
有り方	(ありかた)
有り付く	(ありつく)
有り難い	(ありがたい)
有り難う	(ありがとう)
有り難うございます	(ありがとうございます)
有り無し	(ありなし)
有り様	(ありさま,ありよう)
有り余る	(ありあまる)
有る	(ある)
有償	(ゆうしょう)
有袋類	(ゆうたいるい)
有頂点	(うちょうてん)
有頂天	(うちょうてん)
有毒	(ゆうどく)
有段者	(ゆうだんしゃ)
有感地震	(ゆうかんじしん)
有給	(ゆうきゅう)
有給休暇	(ゆうきゅうきゅうか)
有功	(ゆうこう)
有害	(ゆうがい)
有害無益	(ゆうがいむえき)
有機	(ゆうき)
有機塩溶媒	(ゆうきえんようばい)
有理式	(ゆうりしき)
有理数	(ゆうりすう)
有力	(ゆうりょく)
有利	(ゆうり)
有料	(ゆうりょう)
有料道路	(ゆうりょうどうろ)
有名	(ゆうめい)
有名人	(ゆうめいじん)
有名無実	(ゆうめいむじつ)
有難い	(ありがたい)
有難う	(ありがとう)
有難うございます	(ありがとうございます)
有難う御座います	(ありがとうございます)
有能	(ゆうのう)
有平糖	(アルヘイとう)
有権者	(ゆうけんしゃ)
有人	(ゆうじん)
有神論	(ゆうしんろん)
有声	(ゆうせい)
有声音	(ゆうせいおん)
有識者	(ゆうしきしゃ)
有数	(ゆうすう)
有価証券	(ゆうかしょうけん)
有体	(ゆうたい)
有体動産	(ゆうたいどうさん)
有体物	(ゆうたいぶつ)
有体資産	(ゆうたいしさん)
有田焼	(ありたやき)
有田焼き	(ありたやき)
有望	(ゆうぼう)
有為	(ゆうい)
有為転変	(ういてんぺん)
有無	(うむ,ゆうむ)
有繋	(さすが)
有閑マダム	(ゆうかんマダム)
有限	(ゆうげん)
有限個	(ゆうげんこ)
有限会社	(ゆうげんがいしゃ)
有線	(ゆうせん)
有線放送	(ゆうせんほうそう)
有効	(ゆうこう)
有効ポテンシャル	(ゆうこうポテンシャル)
有効期限	(ゆうこうきげん)
有効数字	(ゆうこうすうじ)
有効性	(ゆうこうせい)
有効作用	(ゆうこうさよう)
有形	(ゆうけい)
有形固定資産	(ゆうけいこていしさん)
有様	(ありさま,ありよう)
有益	(ゆうえき)
有意	(ゆうい)
有意義	(ゆういぎ)
有用	(ゆうよう)
有用性	(ゆうようせい)
有余る	(ありあまる)
有志	(ゆうし)
有終	(ゆうしゅう)
有罪	(ゆうざい)
酉	(とり)
酉年	(とりどし,トリどし)
牖	(まど)
又	(また)
又しても	(またしても)
又と	(またと)
又とない	(またとない)
又と無い	(またとない)
又ない	(またない)
又の名	(またのな)
又の日	(またのひ)
又もや	(またもや)
又従弟	(またいとこ)
又従兄	(またいとこ)
又従兄弟	(またいとこ)
又従姉妹	(またいとこ)
又貸し	(またがし)
又弟子	(またでし)
又家来	(またげらい)
又借り	(またがり)
又頼み	(まただのみ)
又隣	(またどなり)
又買い	(またがい)
又木	(またぎ)
又請け	(またうけ)
又請負	(またうけおい)
又聞き	(またぎき)
又無い	(またない)
又小作	(またこさく)
又写し	(またうつし)
又々	(またまた)
又又	(またまた)
右	(みぎ)
右から左へ	(みぎからひだりへ)
右がわ	(みぎがわ,うそく,みぎっかわ)
右っかわ	(みぎがわ,うそく,みぎっかわ)
右づめ	(みぎづめ)
右といえば左	(みぎといえばひだり)
右と言えば左	(みぎといえばひだり)
右はし	(みぎはし,うたん)
右岸	(うがん)
右側	(みぎがわ,うそく,みぎっかわ)
右大臣	(うだいじん)
右端	(みぎはし,うたん)
右辺	(うへん)
右方	(うほう)
右回り	(みぎまわり)
右脚	(みぎあし,うそく)
右詰め	(みぎづめ)
右面	(うめん)
右目	(みぎめ)
右脳	(うのう)
右派	(うは)
右傾	(うけい)
右上	(みぎうえ)
右手	(みぎて)
右腕	(みぎうで,うわん)
右往左往	(うおうさおう)
右下	(みぎした)
右舷	(うげん)
右小括弧	(みぎしょうかっこ)
右葉	(うよう)
右翼	(うよく,ウヨク)
右翼団体	(うよくだんたい)
右縁	(うえん)
右折	(うせつ)
右折禁止	(うせつきんし)
右中括弧	(みぎちゅうかっこ)
右足	(みぎあし,うそく)
幼い	(おさない)
幼なじみ	(おさななじみ,おさなじみ)
幼ななじみ	(おさななじみ,おさなじみ)
幼な児	(おさなご)
幼な子	(おさなご)
幼虫	(ようちゅう)
幼児	(おさなご)
幼児ポルノ	(ようじポルノ)
幼児語	(ようじご)
幼年	(ようねん)
幼女	(ようじょ)
幼若	(ようじゃく)
幼少	(ようしょう)
幼生	(ようせい)
幼時	(ようじ,おさなどき)
幼心	(おさなごころ)
幼形進化	(ようけいしんか)
幼馴染	(おさななじみ,おさなじみ)
幼馴染み	(おさななじみ,おさなじみ)
幼魚	(ようぎょ)
幼稚	(ようち)
幼稚園	(ようちえん)
幼子	(おさなご)
佑助	(ゆうじょ)
柚	(ゆず,ゆ,ゆう)
柚子	(ゆず,ゆ,ゆう)
宥める	(なだめる)
宥和	(ゆうわ)
祐助	(ゆうじょ)
釉	(うわぐすり,ゆうやく,ゆう)
釉薬	(うわぐすり,ゆうやく,ゆう)
誘い	(さそい,いざない)
誘いかける	(さそいかける)
誘いをかける	(さそいをかける)
誘い出す	(さそいだす)
誘い掛ける	(さそいかける)
誘い合う	(さそいあう)
誘い水	(さそいみず)
誘う	(さそう,いざなう)
誘かい	(ゆうかい)
誘き出す	(おびきだす)
誘導	(ゆうどう)
誘電	(ゆうでん)
誘電率	(ゆうでんりつ)
誘電体	(ゆうでんたい)
誘電正接	(ゆうでんせいせつ)
誘発	(ゆうはつ)
誘拐	(ゆうかい)
誘拐犯	(ゆうかいはん)
誘拐犯人	(ゆうかいはんにん)
誘惑	(ゆうわく)
誘惑物	(ゆうわくもの)
誘起	(ゆうき)
誘因	(ゆういん)
誘致	(ゆうち)
鼬	(イタチ,いたち)
鼬ごっこ	(いたちごっこ,イタチごっこ,イタチゴッコ)
鼬鼠	(イタチ,いたち)
込みあう	(こみあう)
込み合う	(こみあう)
込み入る	(こみいる)
込む	(こむ)
込める	(こめる)
込入る	(こみいる)
迂回	(うかい)
迂廻	(うかい)
迂闊	(うかつ)
迂濶	(うかつ)
迂路	(うろ)
迂曲	(うきょく)
迂遠	(うえん)
紆曲	(うきょく)
紆余	(うよ)
紆余曲折	(うよきょくせつ)
淤泥	(おでい)
汚い	(きたない)
汚いやり方	(きたないやりかた)
汚す	(よごす,けがす)
汚ない	(きたない)
汚らわしい	(けがらわしい)
汚れ	(けがれ)
汚れる	(よごれる)
汚点	(おてん)
汚名	(おめい)
汚泥	(おでい)
汚染	(おせん)
汚染除去	(おせんじょきょ)
汚染菌	(おせんきん)
汚染源	(おせんげん)
汚辱	(おじょく)
汚水	(おすい)
汚損	(おそん)
汚物	(おぶつ)
汚職	(おしょく)
汚濁	(おだく)
余	(よ)
余し物	(あましもの)
余す	(あます)
余すところなく	(あますところなく)
余す所なく	(あますところなく)
余す所無く	(あますところなく)
余の儀	(よのぎ)
余り	(あまり,あんまり)
余りに	(あまりに,あんまりに)
余りにも	(あまりにも)
余りもの	(あまりもの)
余り物	(あまりもの)
余る	(あまる)
余白	(よはく)
余白注	(よはくちゅう)
余弊	(よへい)
余病	(よびょう)
余波	(よは,なごり,なごろ)
余財	(よざい)
余塵	(よじん)
余程	(よほど)
余臭	(よしゅう)
余喘	(よぜん)
余党	(よとう)
余得	(よとく)
余徳	(よとく)
余地	(よち)
余滴	(よてき)
余芳	(よほう)
余分	(よぶん)
余憤	(よふん)
余風	(よふう)
余光	(よこう)
余寒	(よかん)
余技	(よぎ)
余計	(よけい)
余計なお世話	(よけいなおせわ)
余計な御世話	(よけいなおせわ)
余角	(よかく)
余燼	(よじん)
余類	(よるい)
余力	(よりょく)
余瀝	(よれき)
余烈	(よれつ)
余齢	(よれい)
余禄	(よろく)
余録	(よろく)
余命	(よめい)
余命いくばくもない	(よめいいくばくもない)
余命いくばくも無い	(よめいいくばくもない)
余命幾ばくもない	(よめいいくばくもない)
余命幾許もない	(よめいいくばくもない)
余念	(よねん)
余念なく	(よねんなく)
余念無く	(よねんなく)
余情	(よじょう)
余慶	(よけい)
余熱	(よねつ)
余人	(よじん,よにん)
余日	(よじつ)
余栄	(よえい)
余色	(よしょく)
余生	(よせい)
余剰	(よじょう)
余世	(よせい)
余事	(よじ)
余勢	(よせい)
余水路	(よすいろ)
余水吐	(よすいはき)
余所	(よそ)
余所ながら	(よそながら)
余所見	(よそみ)
余所目	(よそめ)
余所事	(よそごと)
余所々々しい	(よそよそしい)
余所聞き	(よそぎき)
余所行き	(よそゆき,よそいき)
余所余所しい	(よそよそしい)
余所乍ら	(よそながら)
余所者	(よそもの,よそもん)
余談	(よだん)
余聞	(よぶん)
余習	(よしゅう)
余暇	(よか)
余弦	(よげん)
余香	(よこう)
余興	(よきょう)
余薫	(よくん)
余煙	(よえん)
余炎	(よえん)
余殃	(よおう)
余業	(よぎょう)
余業なく	(よぎょうなく)
余業無く	(よぎょうなく)
余儀	(よぎ)
余意	(よい)
余猶	(よゆう)
余裕	(よゆう)
余裕しゃくしゃく	(よゆうしゃくしゃく)
余裕綽々	(よゆうしゃくしゃく)
余裕綽綽	(よゆうしゃくしゃく)
余蘊	(ようん)
余韻	(よいん)
余韻嫋々	(よいんじょうじょう)
余韻嫋嫋	(よいんじょうじょう)
余沢	(よたく)
余賊	(よぞく)
余震	(よしん)
余罪	(よざい)
盂蘭盆	(うらぼん)
盂蘭盆会	(うらぼんえ)
於	(おいて)
於いて	(おいて)
於て	(おいて)
於多福	(おたふく)
於乎	(ああ,あー,あぁ)
於転婆	(おてんば)
舁き入れる	(かきいれる)
舁き上げる	(かきあげる)
娯しい	(たのしい)
娯楽	(ごらく)
娯楽番組	(ごらくばんぐみ)
娯楽室	(ごらくしつ)
魚	(さかな,うお)
魚つり	(さかなつり,うおつり,いおつり)
魚貝	(ぎょかい)
魚貝類	(ぎょかいるい)
魚釣	(さかなつり,うおつり,いおつり)
魚釣り	(さかなつり,うおつり,いおつり)
魚狗	(カワセミ,かわせみ)
魚介	(ぎょかい)
魚介類	(ぎょかいるい)
魚精	(ぎょせい)
魚雷	(ぎょらい)
魚雷艇	(ぎょらいてい)
魚類	(ぎょるい)
魚群	(ぎょぐん,なむら)
魚肉	(ぎょにく)
魚市場	(うおいちば)
魚拓	(ぎょたく)
魚網	(ぎょもう)
魚屋	(さかなや)
魚座	(うおざ)
隅	(すみ,すま)
隅々	(すみずみ)
隅隅	(すみずみ)
愉しい	(たのしい)
愉しげ	(たのしげ)
愉しみ	(たのしみ)
愉しむ	(たのしむ)
愉快	(ゆかい)
愉楽	(ゆらく)
虞	(おそれ)
虞美人草	(ぐびじんそう,グビジンソウ)
愚か	(おろか)
愚かしい	(おろかしい)
愚痴	(ぐち,グチ)
愚癡	(ぐち,グチ)
愚鈍	(ぐどん)
愚挙	(ぐきょ)
愚連隊	(ぐれんたい)
愚劣	(ぐれつ)
愚昧	(ぐまい)
愚民	(ぐみん)
愚弄	(ぐろう)
愚妻	(ぐさい)
愚人	(ぐじん,ぐにん)
愚図愚図	(ぐずぐず,グズグズ)
愚問	(ぐもん)
愚行	(ぐこう)
愚直	(ぐちょく)
漁り	(あさり)
漁る	(あさる,すなどる,いさる)
漁場	(ぎょじょう,ぎょば,りょうば)
漁船	(ぎょせん)
漁村	(ぎょそん)
漁夫	(ぎょふ)
漁父	(ぎょふ)
漁港	(ぎょこう)
漁獲	(ぎょかく)
漁撈	(ぎょろう)
漁労	(ぎょろう)
漁色	(ぎょしょく)
漁師	(りょうし)
漁師町	(りょうしまち)
漁網	(ぎょもう)
漁業	(ぎょぎょう)
餘	(よ)
餘り	(あまり,あんまり)
餘地	(よち)
魣	(かます,カマス)
諛う	(へつらう)
輿地	(よち)
輿論	(よろん,せろん,せいろん)
輿論調査	(よろんちょうさ,せろんちょうさ)
輿入れ	(こしいれ)
輿望	(よぼう)
与え	(あたえ)
与える	(あたえる)
与え主	(あたえぬし)
与かる	(あずかる)
与する	(くみする)
与る	(あずかる)
与党	(よとう)
与点	(よてん)
与奪	(よだつ)
与国	(よこく)
与件	(よけん)
与力	(よりき)
与太	(よた,ヨタ)
与太もん	(よたもの,よたもん)
与太る	(よたる)
与太話	(よたばなし,ヨタばなし)
与太郎	(よたろう)
与太者	(よたもの,よたもん)
与信	(よしん)
与野党	(よやとう)
予て	(かねて)
予め	(あらかじめ)
予報	(よほう)
予報音	(よほうおん)
予備	(よび)
予備兵	(よびへい)
予備部品	(よびぶひん)
予備的	(よびてき)
予備隊	(よびたい)
予備費	(よびひ)
予備工作	(よびこうさく)
予備会談	(よびかいだん)
予備会議	(よびかいぎ)
予備艦隊	(よびかんたい)
予備将校	(よびしょうこう)
予備交渉	(よびこうしょう)
予備金	(よびきん)
予備科	(よびか)
予備馬	(よびば)
予備錨	(よびいかり)
予備判事	(よびはんじ)
予備品	(よびひん)
予備士官学校	(よびしかんがっこう)
予備室	(よびしつ)
予備試験	(よびしけん)
予備校	(よびこう)
予備協約	(よびきょうやく)
予備選手	(よびせんしゅ)
予備役	(よびえき)
予備員	(よびいん)
予備運動	(よびうんどう)
予備知識	(よびちしき)
予備装置	(よびそうち)
予備座席	(よびざせき)
予表	(よひょう)
予測	(よそく)
予定	(よてい)
予定どおり	(よていどおり)
予定案	(よていあん)
予定期日	(よていきじつ)
予定期限	(よていきげん)
予定日	(よていび)
予定説	(よていせつ)
予定通り	(よていどおり)
予断	(よだん)
予奪	(よだつ)
予防	(よぼう)
予防策	(よぼうさく)
予防法	(よぼうほう)
予防接種	(よぼうせっしゅ)
予防線	(よぼうせん)
予防薬	(よぼうやく)
予防医学	(よぼういがく)
予防戦争	(よぼうせんそう)
予防注射	(よぼうちゅうしゃ)
予感	(よかん)
予稿	(よこう)
予告	(よこく)
予後	(よご)
予見	(よけん)
予覚	(よかく)
予科	(よか)
予科生	(よかせい)
予鈴	(よれい)
予令	(よれい)
予謀	(よぼう)
予納	(よのう)
予期	(よき)
予審	(よしん)
予審廷	(よしんてい)
予示	(よじ)
予算	(よさん)
予算案	(よさんあん)
予算不足	(よさんぶそく)
予算措置	(よさんそち)
予算上	(よさんじょう)
予算外	(よさんがい)
予習	(よしゅう)
予想	(よそう)
予想どうり	(よそうどおり)
予想どおり	(よそうどおり)
予想高	(よそうだか)
予想利益	(よそうりえき)
予想収穫高	(よそうしゅうかくだか)
予想通り	(よそうどおり)
予想外	(よそうがい)
予想屋	(よそうや)
予行	(よこう)
予行演習	(よこうえんしゅう)
予選	(よせん)
予選会	(よせんかい)
予言	(よげん)
予言者	(よげんしゃ)
予々	(かねがね)
予予	(かねがね)
予約	(よやく)
予約出版	(よやくしゅっぱん)
予約済み	(よやくずみ)
予約名簿	(よやくめいぼ)
予約語	(よやくご)
予約者	(よやくしゃ)
予震	(よしん)
予知	(よち)
予知夢	(よちむ)
予饌会	(よせんかい)
宇	(のき)
宇頂天	(うちょうてん)
宇克蘭	(ウクライナ)
宇柳貝	(ウルグアイ)
宇柳具	(ウルグアイ)
宇内	(うだい)
宇宙	(うちゅう)
宇宙ステーション	(うちゅうステーション)
宇宙船	(うちゅうせん)
宇宙大爆発	(うちゅうだいばくはつ)
宇宙飛行士	(うちゅうひこうし)
宇宙服	(うちゅうふく)
宇宙基地	(うちゅうきち)
宇宙空間	(うちゅうくうかん)
宇宙旅行	(うちゅうりょこう)
宇宙帽	(うちゅうぼう)
宇宙人	(うちゅうじん)
宇宙食	(うちゅうしょく)
宇宙線	(うちゅうせん)
宇宙学	(うちゅうがく)
羽	(はね,は)
羽アリ	(はあり,はねあり)
羽あり	(はあり,はねあり)
羽ばたく	(はばたく)
羽搏く	(はばたく)
羽根	(はね,は)
羽根つき	(はねつき)
羽根突き	(はねつき)
羽化	(うか)
羽撃く	(はばたく)
羽交い締め	(はがいじめ)
羽交い絞め	(はがいじめ)
羽交締め	(はがいじめ)
羽交絞め	(はがいじめ)
羽毛	(うもう)
羽目	(はめ)
羽目板	(はめいた)
羽太	(はた)
羽衣	(はごろも,うい)
羽蟻	(はあり,はねあり)
羽翼	(うよく)
羽音	(はおと,はねおと)
羽振	(はぶり)
羽振り	(はぶり)
羽織	(はおり)
羽織る	(はおる)
羽子	(はご)
羽子つき	(はねつき)
羽子板	(はごいた)
羽子突き	(はねつき)
雨	(あめ)
雨あがり	(あめあがり,あまあがり)
雨あし	(あまあし,あめあし,うきゃく)
雨がえる	(あまがえる,アマガエル)
雨がさ	(あまがさ)
雨ガッパ	(あまガッパ)
雨がっぱ	(あまガッパ)
雨ぐつ	(あまぐつ)
雨ごい	(あまごい)
雨だれ	(あまだれ)
雨ふり	(あめふり)
雨もり	(あまもり)
雨やどり	(あまやどり)
雨垂れ	(あまだれ)
雨滴	(うてき)
雨合羽	(あまガッパ)
雨戸	(あまど)
雨混じりの雪	(あめまじりのゆき)
雨季	(うき)
雨降って地固まる	(あめふってじかたまる)
雨降り	(あめふり)
雨脚	(あまあし,あめあし,うきゃく)
雨具	(あまぐ)
雨空	(あまぞら)
雨笠	(あまがさ)
雨粒	(あまつぶ,あめつぶ)
雨量	(うりょう)
雨量計	(うりょうけい)
雨漏	(あまもり)
雨漏り	(あまもり)
雨模様	(あまもよう,あめもよう)
雨期	(うき)
雨乞い	(あまごい)
雨気	(あまけ,うき)
雨請い	(あまごい)
雨傘	(あまがさ)
雨上がり	(あめあがり,あまあがり)
雨上り	(あめあがり,あまあがり)
雨声	(うせい)
雨仕度	(あまじたく)
雨水	(あまみず,うすい)
雨宿り	(あまやどり)
雨曇	(あまぐもり)
雨曇り	(あまぐもり)
雨天	(うてん)
雨天決行	(うてんけっこう)
雨天順延	(うてんじゅんえん)
雨蛙	(あまがえる,アマガエル)
雨靴	(あまぐつ)
雨雲	(あまぐも)
雨着	(あまぎ)
雨支度	(あまじたく)
雨中	(うちゅう)
雨注	(うちゅう)
雨子	(あまご,アマゴ)
雨足	(あまあし,あめあし,うきゃく)
俣	(また)
與太者	(よたもの,よたもん)
語	(かたり)
語い	(ごい)
語らう	(かたらう)
語り	(かたり)
語りあう	(かたりあう)
語りあかす	(かたりあかす)
語りぐさ	(かたりぐさ)
語りつぐ	(かたりつぐ)
語りべ	(かたりべ)
語り部	(かたりべ)
語り草	(かたりぐさ)
語り合う	(かたりあう)
語り継ぐ	(かたりつぐ)
語り口	(かたりくち)
語り明かす	(かたりあかす)
語り手	(かたりて)
語り種	(かたりぐさ)
語る	(かたる)
語弊	(ごへい)
語部	(かたりべ)
語長	(ごちょう)
語調	(ごちょう)
語法	(ごほう)
語感	(ごかん)
語幹	(ごかん)
語根	(ごこん)
語彙	(ごい)
語句	(ごく)
語類	(ごるい)
語路	(ごろ)
語路合わせ	(ごろあわせ)
語録	(ごろく)
語呂	(ごろ)
語呂合せ	(ごろあわせ)
語呂合わせ	(ごろあわせ)
語末	(ごまつ)
語気	(ごき)
語釈	(ごしゃく)
語数	(ごすう)
語順	(ごじゅん)
語頭	(ごとう)
語尾	(ごび)
語形	(ごけい)
語形変化	(ごけいへんか)
語学	(ごがく)
語意	(ごい)
語義	(ごぎ)
語原	(ごげん)
語源	(ごげん)
語族	(ごぞく)
玉	(たま)
玉つき	(たまつき)
玉にキズ	(たまにきず,たまにキズ)
玉に傷	(たまにきず,たまにキズ)
玉に瑕	(たまにきず,たまにキズ)
玉ネギ	(たまねぎ,タマネギ)
玉ねぎ	(たまねぎ,タマネギ)
玉のこし	(たまのこし)
玉の輿	(たまのこし)
玉の輿にのる	(たまのこしにのる)
玉の輿に乗る	(たまのこしにのる)
玉虫	(たまむし,タマムシ)
玉虫色	(たまむしいろ)
玉垂れ	(たまだれ)
玉葱	(たまねぎ,タマネギ)
玉摧	(ぎょくさい)
玉露	(ぎょくろ)
玉門	(ぎょくもん)
玉砂利	(たまじゃり)
玉石	(ぎょくせき)
玉石混交	(ぎょくせきこんこう)
玉石混淆	(ぎょくせきこんこう)
玉蜀黍	(とうもろこし,トウモロコシ)
玉算	(しゅざん,たまざん)
玉砕	(ぎょくさい)
玉突き	(たまつき)
玉璽	(ぎょくじ)
玉撞き	(たまつき)
玉子	(たまご)
玉子焼き	(たまごやき)
芋	(いも,イモ)
芋づる	(いもづる)
芋づる式	(いもづるしき)
芋ほり	(いもほり)
芋虫	(いもむし,イモムシ)
芋茎	(ずいき)
芋掘	(いもほり)
芋掘り	(いもほり)
芋蔓	(いもづる)
芋蔓式	(いもづるしき)
芋苗	(ずいき)
育くむ	(はぐくむ)
育ち	(そだち)
育ちゆく	(そだちゆく)
育ち行く	(そだちゆく)
育つ	(そだつ)
育て	(そだて)
育てあげる	(そだてあげる)
育ての親	(そだてのおや)
育てる	(そだてる)
育て方	(そだてかた)
育て親	(そだておや)
育て上げる	(そだてあげる)
育む	(はぐくむ)
育成	(いくせい)
育成栽培	(いくせいさいばい)
育雛器	(いくすうき)
育児	(いくじ)
育児法	(いくじほう)
育児食	(いくじしょく)
育児時間	(いくじじかん)
育児室	(いくじしつ)
育児園	(いくじえん)
育児院	(いくじいん)
育毛剤	(いくもうざい)
育苗	(いくびょう)
育生	(いくせい)
育英	(いくえい)
育英会	(いくえいかい)
育種	(いくしゅ)
育種家	(いくしゅか)
育種所	(いくしゅじょ)
浴びせる	(あびせる)
浴びる	(あびる)
浴槽	(よくそう)
浴場	(よくじょう)
浴室	(よくしつ)
浴衣	(ゆかた,よくい)
域内	(いきない)
域外	(いきがい)
欲	(よく)
欲しい	(ほしい)
欲する	(ほっする)
欲ばり	(よくばり)
欲ばる	(よくばる)
欲求	(よっきゅう)
欲求不満	(よっきゅうふまん)
欲深い	(よくぶかい,よくふかい)
欲望	(よくぼう)
欲心	(よくしん)
欲張り	(よくばり)
欲張る	(よくばる)
馭者	(ぎょしゃ)
遇う	(あう)
遇する	(ぐうする)
遇然	(ぐうぜん)
喩	(たとえ)
喩え	(たとえ)
喩える	(たとえる)
御	(ご)
御したし	(おひたし,おしたし)
御ひたし	(おひたし,おしたし)
御八つ	(おやつ)
御伴	(おとも)
御報せ	(おしらせ)
御本尊	(ごほんぞん)
御幣	(ごへい,おんべい,おんべ)
御鞭撻	(ごべんたつ)
御弁当	(おべんとう)
御別れ	(おわかれ)
御餅	(おもち)
御不沙汰	(ごぶさた)
御菜	(おかず,オカズ)
御参り	(おまいり)
御曹司	(おんぞうし)
御曹子	(おんぞうし)
御茶	(おちゃ)
御産	(おさん)
御馳走	(ごちそう)
御馳走様	(ごちそうさま)
御馳走様でした	(ごちそうさまでした)
御歯黒	(おはぐろ)
御出で	(おいで)
御出でになる	(おいでになる)
御出掛け	(おでかけ)
御辞儀	(おじぎ)
御存じ	(ごぞんじ)
御存知	(ごぞんじ)
御大	(おんたい)
御待ち遠様	(おまちどおさま,おまちどうさま)
御袋	(おふくろ,オフクロ)
御誕生日おめでとうございます	(おたんじょうびおめでとうございます)
御得	(おとく,おトク)
御徳	(おとく,おトク)
御殿	(ごてん)
御釣	(おつり)
御釣り	(おつり)
御調	(みつぎ)
御喋り	(おしゃべり)
御多忙中	(ごたぼうちゅう)
御返し	(おかえし)
御飯	(ごはん)
御方	(みかた)
御坊	(おんぼう)
御坊ちゃん	(おぼっちゃん)
御坊っちゃん	(おぼっちゃん)
御封	(ごふ,ごふう)
御風呂に入る	(おふろにはいる)
御符	(ごふ,ごふう)
御釜	(おかま,オカマ)
御父さん	(おとうさん,おとっさん)
御付き	(おつき)
御負けに	(おまけに)
御腹	(おなか)
御伽草子	(おとぎぞうし)
御伽噺	(おとぎばなし)
御高祖頭巾	(おこそずきん)
御供	(おとも)
御宮参り	(おみやまいり)
御構い	(おかまい)
御構いなく	(おかまいなく)
御構い無く	(おかまいなく)
御古	(おふる)
御帰りなさい	(おかえりなさい)
御鍋	(おなべ,オナベ)
御菓子	(おかし)
御好み焼	(おこのみやき)
御好み焼き	(おこのみやき)
御河童	(おかっぱ,オカッパ)
御互い様	(おたがいさま)
御化け	(おばけ,オバケ)
御化け屋敷	(おばけやしき)
御話し中	(おはなしちゅう)
御話中	(おはなしちゅう)
御機嫌	(ごきげん)
御見えになる	(おみえになる)
御見合	(おみあい)
御見合い	(おみあい)
御見舞	(おみまい)
御見舞い	(おみまい)
御絞り	(おしぼり)
御結び	(おむすび)
御節介	(おせっかい)
御節料理	(おせちりょうり)
御姐さん	(おねえさん)
御金	(おかね)
御浸し	(おひたし,おしたし)
御酒	(おさけ)
御尻	(おしり,オシリ)
御殻	(おから,きらず,せっかさい)
御客さま	(おきゃくさま)
御客さん	(おきゃくさん)
御客様	(おきゃくさま)
御苦労	(ごくろう)
御苦労さま	(ごくろうさま,ごくろーさま)
御苦労さん	(ごくろうさん)
御苦労様	(ごくろうさま,ごくろーさま)
御覧	(ごらん)
御覧ください	(ごらんください)
御覧なさい	(ごらんなさい)
御覧下さい	(ごらんください)
御了承	(ごりょうしょう)
御冷	(おひや)
御冷や	(おひや)
御礼	(おれい,おんれい)
御礼奉公	(おれいぼうこう)
御連絡	(ごれんらく)
御陵	(ごりょう)
御令嬢	(ごれいじょう)
御漏らし	(おもらし)
御門	(みかど,ごもん)
御迷惑	(ごめいわく)
御免	(ごめん,ゴメン)
御免ください	(ごめんください)
御免なさい	(ごめんなさい)
御免下さい	(ごめんください)
御墨付き	(おすみつき)
御母さん	(おかあさん,おかーさん)
御母様	(おかあさま)
御目にかかる	(おめにかかる)
御目に掛かる	(おめにかかる)
御目出度う	(おめでとう)
御目出度う御座います	(おめでとうございます)
御年玉	(おとしだま)
御嬢さん	(おじょうさん)
御盆	(おぼん)
御披露目	(おひろめ)
御疲れ様	(おつかれさま)
御婆さん	(おばあさん,おばーさん)
御気の毒	(おきのどく)
御前	(おまえ,おまい)
御前さん	(おまえさん,おめえさん)
御遣い	(おつかい)
御襁褓	(おむつ,オムツ)
御襁褓気触れ	(おむつかぶれ,オムツかぶれ)
御寝小	(おねしょ,オネショ)
御勧め	(おすすめ,オススメ)
御洒落	(おしゃれ,オシャレ)
御三時	(おさんじ)
御上	(おかみ)
御社	(おんしゃ)
御神渡り	(おみわたり)
御神酒	(おみき)
御神籤	(おみくじ)
御神輿	(おみこし)
御生憎様	(おあいにくさま)
御湿	(おしめ,むつき)
御食い初め	(おくいぞめ)
御使い	(おつかい)
御世辞	(おせじ)
御世話になる	(おせわになる)
御仕舞い	(おしまい)
御手上げ	(おてあげ)
御手盛り	(おてもり)
御手洗	(おてあらい)
御手洗い	(おてあらい)
御手玉	(おてだま)
御手伝いさん	(おてつだいさん)
御守	(おまもり)
御守り	(おまもり)
御数	(おかず,オカズ)
御孫さん	(おまごさん)
御所	(ごしょ)
御弾	(おはじき,おハジキ)
御弾き	(おはじき,おハジキ)
御湯	(おゆ)
御天気	(おてんき)
御天気屋	(おてんきや)
御田	(おでん)
御凸	(おでこ)
御屠蘇	(おとそ)
御土産	(おみやげ,おみあげ)
御託	(ごたく)
御碗	(おわん)
御握り	(おにぎり)
御無沙汰	(ごぶさた)
御物	(ぎょぶつ)
御璽	(ぎょじ)
御下げ	(おさげ)
御箱	(おはこ,じゅうはちばん)
御邪魔します	(おじゃまします)
御協力	(ごきょうりょく)
御心配なく	(ごしんぱいなく)
御新香	(おしんこ)
御兄さん	(おにいさん)
御兄ちゃん	(おにいちゃん)
御兄弟	(ごきょうだい)
御休みなさい	(おやすみなさい)
御巡りさん	(おまわりさん)
御尋ね者	(おたずねもの)
御芽出度う	(おめでとう)
御言宣	(みことのり,ちょく,しょう)
御爺さん	(おじいさん)
御意	(ぎょい)
御陰	(おかげ)
御陰で	(おかげで)
御蔭	(おかげ)
御蔭で	(おかげで)
御用	(ごよう)
御用の方	(ごようのかた)
御用納め	(ごようおさめ)
御用始め	(ごようはじめ)
御遊	(ぎょゆう)
御輿	(みこし,しんよ)
御玉杓子	(おたまじゃくし,オタマジャクシ)
御御籤	(おみくじ)
御苑	(ぎょえん)
御願いいたします	(おねがいいたします)
御願いします	(おねがいします)
御願い致します	(おねがいいたします)
御雑煮	(おぞうに)
御竈	(おかま,オカマ)
御札	(おさつ)
御宅	(おたく)
御召	(おめし)
御召し	(おめし)
御召し物	(おめしもの)
御者	(ぎょしゃ)
御知らせ	(おしらせ)
御中	(おんちゅう)
御中元	(おちゅうげん)
御終い	(おしまい)
御呪い	(おまじない)
御猪口	(おちょこ)
御主人	(ごしゅじん)
御注意	(ごちゅうい)
御転婆	(おてんば)
御粧し	(おめかし)
御子さま	(おこさま)
御子さん	(おこさん)
御子様	(おこさま)
御姉さん	(おねえさん)
御祖父さん	(おじいさん)
御祖母さん	(おばあさん,おばーさん)
御座る	(ござる)
寓話	(ぐうわ)
寓意	(ぐうい)
裕に	(ゆうに)
裕福	(ゆうふく)
愈	(いよいよ)
愈々	(いよいよ)
愈愈	(いよいよ)
誉めそやす	(ほめそやす)
誉めたたえる	(ほめたたえる)
誉めたてる	(ほめたてる)
誉めちぎる	(ほめちぎる)
誉める	(ほめる)
誉め称える	(ほめたたえる)
誉め立てる	(ほめたてる)
誉め殺し	(ほめごろし,ほめころし,ホメごろし)
誉め上げる	(ほめあげる)
誉め言葉	(ほめことば)
誉れ	(ほまれ)
預かり	(あずかり)
預かり所	(あずかりじょ,あずかりしょ)
預かり物	(あずかりもの)
預かる	(あずかる)
預け	(あずけ)
預ける	(あずける)
預け金	(あずけきん)
預け入れる	(あずけいれる)
預り	(あずかり)
預備	(よび)
預防	(よぼう)
預金	(よきん)
預言者	(よげんしゃ)
獄吏	(ごくり)
獄舎	(ごくしゃ)
獄死	(ごくし)
獄衣	(ごくい)
獄中	(ごくちゅう)
墺太利	(オーストリア)
慾	(よく)
慾望	(よくぼう)
閾	(しきい,しきみ,しき)
閾値	(いきち,しきいち)
諭す	(さとす)
諭示	(ゆし)
諭旨	(ゆし)
燠	(おき)
燠火	(おきび)
禦ぐ	(ふせぐ)
癒える	(いえる)
癒す	(いやす)
癒やす	(いやす)
癒着	(ゆちゃく)
欝病	(うつびょう)
欝蒼	(うっそう)
欝憤	(うっぷん)
欝積	(うっせき)
欝血	(うっけつ)
欝々	(うつうつ)
欝欝	(うつうつ)
鬱ぎ込む	(ふさぎこむ)
鬱を散じる	(うつをさんじる)
鬱病	(うつびょう)
鬱蒼	(うっそう)
鬱葱	(うっそう)
鬱憤	(うっぷん)
鬱積	(うっせき)
鬱陶しい	(うっとうしい,うっとおしい)
鬱血	(うっけつ)
鬱々	(うつうつ)
鬱鬱	(うつうつ)
鬱滞	(うったい)
冤	(えん)
冤枉	(えんおう)
冤罪	(えんざい)
渊	(ふち)
渕	(ふち)
寃罪	(えんざい)
淵	(ふち)
鳶	(とび,とんび,トビ)
鳶が鷹を生む	(とんびがたかをうむ,とびがたかをうむ)
鳶職人	(とびしょくにん)
鴛鴦	(おしどり,オシドリ)
元	(もと)
元サヤ	(もとサヤ,もとさや)
元さや	(もとサヤ,もとさや)
元どうり	(もとどおり)
元どおり	(もとどおり)
元のもくあみ	(もとのもくあみ)
元の杢阿弥	(もとのもくあみ)
元の木阿弥	(もとのもくあみ)
元より	(もとより)
元本	(がんぽん,げんぽん)
元標	(げんぴょう)
元朝	(がんちょう)
元旦	(がんたん)
元締	(もとじめ)
元締め	(もとじめ)
元悪	(げんあく)
元払	(もとばらい)
元払い	(もとばらい)
元方	(もとかた)
元服	(げんぷく,げんぶく)
元号	(げんごう)
元結	(もとゆい,もとい,もっとい)
元結い	(もとゆい,もとい,もっとい)
元金	(がんきん,もときん)
元軍	(げんぐん)
元寇	(げんこう)
元来	(がんらい)
元老	(げんろう)
元老院	(げんろういん)
元利	(がんり,げんり)
元禄	(げんろく)
元年	(がんねん)
元気	(げんき)
元気づける	(げんきづける)
元気もの	(げんきもの,げんきもん)
元気もん	(げんきもの,げんきもん)
元気よく	(げんきよく)
元気付ける	(げんきづける)
元気良く	(げんきよく)
元気者	(げんきもの,げんきもん)
元氣	(げんき)
元鞘	(もとサヤ,もとさや)
元請け負い人	(もとうけおいにん)
元請け人	(もとうけにん)
元請負人	(もとうけおいにん)
元日	(がんじつ,がんにち)
元三	(がんざん,がんさん)
元師	(げんすい)
元始	(げんし)
元始祭	(げんしさい)
元手	(もとで)
元首	(げんしゅ)
元帥	(げんすい)
元帥府	(げんすいふ)
元栓	(もとせん)
元価	(げんか)
元素	(げんそ)
元通り	(もとどおり)
元凶	(げんきょう)
元兇	(げんきょう)
元勲	(げんくん)
元込め	(もとごめ)
元込め銃	(もとごめじゅう)
元々	(もともと)
元元	(もともと)
元帳	(もとちょう)
元値	(もとね)
元祖	(がんそ)
円	(まる,マル)
円い	(まるい,まろい)
円か	(まどか)
円グラフ	(えんグラフ)
円すい	(えんすい)
円すい形	(えんすいけい)
円み	(まるみ)
円やか	(まろやか)
円ら	(つぶら)
円安	(えんやす)
円鉋	(まるがんな)
円本	(えんぽん)
円虫類	(えんちゅうるい)
円窓	(まるまど)
円頂	(えんちょう)
円墳	(えんぷん,えんふん)
円缶	(まるがま)
円蓋	(えんがい)
円高	(えんだか)
円罐	(まるがま)
円光	(えんこう)
円規	(えんき)
円軌道	(えんきどう)
円弧	(えんこ)
円花蜂	(まるはなばち,マルハナバチ)
円滑	(えんかつ,えんこつ)
円環	(えんかん)
円貨	(えんか)
円記号	(えんきごう)
円寂	(えんじゃく)
円建て	(えんだて)
円借款	(えんしゃっかん)
円鏡	(えんきょう,まるかがみ)
円居	(まどい)
円顱	(えんろ)
円満	(えんまん)
円内	(えんない)
円盤	(えんばん)
円盤投	(えんばんなげ)
円盤投げ	(えんばんなげ)
円盤状	(えんばんじょう)
円盆	(まるぼん)
円丘	(えんきゅう)
円刃刀	(えんじんとう)
円熟	(えんじゅく)
円価	(えんか)
円弾	(えんだん)
円天井	(まるてんじょう)
円筒	(えんとう)
円筒形	(えんとうけい)
円為替	(えんがわせ,えんかわせ)
円味	(まるみ)
円舞	(えんぶ)
円舞曲	(えんぶきょく)
円心	(えんしん)
円形	(えんけい,まるがた)
円型	(えんけい,まるがた)
円顔	(まるがお)
円域	(えんいき)
円運動	(えんうんどう)
円鑿	(まるのみ)
円陣	(えんじん)
円周	(えんしゅう)
円柱	(えんちゅう,まるばしら)
円転	(えんてん)
円転滑脱	(えんてんかつだつ)
円錐	(まるぎり)
円錐曲線	(えんすいきょくせん)
円錐体	(えんすいたい)
円錐形	(えんすいけい)
円卓	(えんたく)
円卓会議	(えんたくかいぎ)
円坐	(えんざ)
円座	(えんざ)
垣	(かき)
垣根	(かきね)
垣間見る	(かいまみる)
原	(ばら)
原っぱ	(はらっぱ)
原案	(げんあん)
原案委員会	(げんあんいいんかい)
原板	(げんぱん,げんばん)
原版	(げんぱん,げんばん)
原爆	(げんばく)
原爆症	(げんばくしょう)
原被	(げんぴ)
原本	(げんぽん)
原簿	(げんぼ)
原材料	(げんざいりょう)
原裁判	(げんさいばん)
原裁判所	(げんさいばんしょ)
原産	(げんさん)
原産地	(げんさんち)
原産物	(げんさんぶつ)
原成岩	(げんせいがん)
原成岩石	(げんせいがんせき)
原虫	(げんちゅう)
原寸	(げんすん)
原寸大	(げんすんだい)
原典	(げんてん)
原点	(げんてん)
原動	(げんどう)
原動機	(げんどうき)
原動力	(げんどうりょく)
原隊	(げんたい)
原発	(げんぱつ)
原付	(げんつき)
原付き	(げんつき)
原稿	(げんこう)
原稿稼ぎ	(げんこうかせぎ)
原稿料	(げんこうりょう)
原稿用紙	(げんこうようし)
原稿紙	(げんこうし)
原告	(げんこく)
原画	(げんが)
原画像	(げんがぞう)
原籍	(げんせき)
原句	(げんく)
原鉱	(げんこう)
原理	(げんり)
原理主義	(げんりしゅぎ)
原理主義者	(げんりしゅぎしゃ)
原料	(げんりょう)
原論	(げんろん)
原毛	(げんもう)
原糸	(げんし)
原綿	(げんめん)
原民	(げんみん)
原木	(げんぼく)
原盤	(げんばん)
原判決	(げんはんけつ)
原票	(げんぴょう)
原品	(げんぴん)
原器	(げんき)
原潜	(げんせん)
原泉	(げんせん)
原人	(げんじん)
原茸	(はらたけ,ハラタケ)
原色	(げんしょく)
原色版	(げんしょくばん)
原色写真版	(げんしょくしゃしんばん)
原審	(げんしん)
原生	(げんせい)
原生動物	(げんせいどうぶつ)
原生林	(げんせいりん)
原詩	(げんし)
原始	(げんし)
原始的	(げんしてき)
原始動物	(げんしどうぶつ)
原始教会	(げんしきょうかい)
原始林	(げんしりん)
原始人	(げんしじん)
原始時代	(げんしじだい)
原書	(げんしょ)
原水爆	(げんすいばく)
原価	(げんか)
原価計算	(げんかけいさん)
原素	(げんそ)
原糖	(げんとう)
原題	(げんだい)
原頭	(げんとう)
原図	(げんず)
原文	(げんぶん)
原物	(げんぶつ)
原繊維	(げんせんい)
原像	(げんぞう)
原形	(げんけい)
原形質	(げんけいしつ)
原型	(げんけい)
原薬	(げんやく)
原野	(げんや)
原意	(げんい)
原義	(げんぎ)
原因	(げんいん,げいいん)
原因不明	(げんいんふめい)
原因調査	(げんいんちょうさ)
原因結果	(げんいんけっか)
原音	(げんおん)
原由	(げんゆ,げんゆう)
原油	(げんゆ)
原油流出	(げんゆりゅうしゅつ)
原語	(げんご)
原則	(げんそく)
原則として	(げんそくとして)
原則的	(げんそくてき)
原振クロック	(げんしんクロック)
原振動	(げんしんどう)
原紙	(げんし)
原種	(げんしゅ)
原住民	(げんじゅうみん)
原注	(げんちゅう)
原著	(げんちょ)
原著者	(げんちょしゃ)
原註	(げんちゅう)
原状	(げんじょう)
原子	(げんし)
原子爆発	(げんしばくはつ)
原子爆弾	(げんしばくだん)
原子兵器	(げんしへいき)
原子病	(げんしびょう)
原子核	(げんしかく)
原子力	(げんしりょく)
原子力発電	(げんしりょくはつでん)
原子力発電所	(げんしりょくはつでんしょ)
原子力学	(げんしりきがく)
原子量	(げんしりょう)
原子炉	(げんしろ)
原子砲	(げんしほう)
原子破壊機	(げんしはかいき)
原子時代	(げんしじだい)
原子説	(げんしせつ)
原子価	(げんしか)
原子弾頭	(げんしだんとう)
原子物理学	(げんしぶつりがく)
原子雲	(げんしぐも,げんしうん)
原子戦	(げんしせん)
原子戦争	(げんしせんそう)
原子症	(げんししょう)
原罪	(げんざい)
原作	(げんさく)
原作者	(げんさくしゃ)
員	(いん)
員数	(いんずう,いんすう,いんず)
員數	(いんずう,いんすう,いんず)
員外	(いんがい)
援ける	(たすける)
援兵	(えんぺい)
援護	(えんご)
援軍	(えんぐん)
援引	(えんいん)
援用	(えんよう)
援助	(えんじょ)
猨	(さる,サル)
園	(その)
園長	(えんちょう)
園児	(えんじ)
園遊会	(えんゆうかい)
園芸	(えんげい)
圓	(えん)
猿	(さる,サル)
猿ぐつわ	(さるぐつわ)
猿ぐつわをかます	(さるぐつわをかます)
猿まね	(さるまね)
猿も木から落ちる	(さるもきからおちる)
猿股	(さるまた)
猿滑	(さるすべり,ひゃくじつこう,しび)
猿滑り	(さるすべり,ひゃくじつこう,しび)
猿回し	(さるまわし)
猿年	(さるどし)
猿轡	(さるぐつわ)
猿轡をかます	(さるぐつわをかます)
猿人	(えんじん)
猿真似	(さるまね)
猿芝居	(さるしばい)
源	(みなもと)
源流	(げんりゅう)
源泉	(げんせん)
源氏	(げんじ)
源氏物語	(げんじものがたり)
縁	(よし)
縁どる	(ふちどる)
縁の下	(えんのした)
縁むすび	(えんむすび)
縁側	(えんがわ)
縁定め	(えんさだめ)
縁故	(えんこ)
縁籍	(えんせき)
縁家	(えんか)
縁結び	(えんむすび)
縁起	(えんぎ,いんえん)
縁切り	(えんきり)
縁取り	(ふちどり,へりとり)
縁取る	(ふちどる)
縁日	(えんにち)
縁台	(えんだい)
縁談	(えんだん)
縁先	(えんさき)
縁語	(えんご)
縁遠い	(えんどおい)
縁者	(えんじゃ)
縁組	(えんぐみ)
縁組み	(えんぐみ)
薗	(その)
遠	(とお)
遠い	(とおい)
遠からず	(とおからず)
遠く	(とおく)
遠ざかる	(とおざかる)
遠ざける	(とおざける)
遠のく	(とおのく)
遠のける	(とおのける)
遠ぼえ	(とおぼえ)
遠まわし	(とおまわし)
遠まわり	(とおまわり)
遠乗り	(とおのり)
遠赤外	(えんせきがい)
遠出	(とおで)
遠大	(えんだい)
遠道	(えんどう,とおみち)
遠地	(えんち)
遠地点	(えんちてん)
遠方	(えんぽう)
遠吠	(とおぼえ)
遠吠え	(とおぼえ)
遠隔	(えんかく)
遠隔操作	(えんかくそうさ)
遠隔地	(えんかくち)
遠隔講義	(えんかくこうぎ)
遠隔教育	(えんかくきょういく)
遠隔視	(えんかくし)
遠隔性	(えんかくせい)
遠古登点	(をことてん,おことてん)
遠国	(えんごく,おんごく)
遠海	(えんかい)
遠回し	(とおまわし)
遠回り	(とおまわり)
遠廻し	(とおまわし)
遠廻り	(とおまわり)
遠火	(とおび)
遠見	(えんけん,とおみ)
遠近	(えんきん,おちこち)
遠近法	(えんきんほう)
遠景	(えんけい)
遠距離	(えんきょり)
遠巻き	(とおまき)
遠来	(えんらい)
遠雷	(えんらい)
遠路	(えんろ)
遠慮	(えんりょ)
遠慮なく	(えんりょなく)
遠慮のない	(えんりょのない)
遠慮の無い	(えんりょのない)
遠慮会釈	(えんりょえしゃく)
遠鳴り	(とおなり)
遠謀	(えんぼう)
遠目	(とおめ)
遠戚	(えんせき)
遠浅	(とおあさ)
遠日点	(えんじつてん,えんにちてん)
遠沈	(えんちん)
遠矢	(とおや)
遠視	(えんし)
遠退く	(とおのく)
遠退ける	(とおのける)
遠望	(えんぼう)
遠心	(えんしん)
遠心分	(えんしんぶん)
遠心分離	(えんしんぶんり)
遠心分離機	(えんしんぶんりき)
遠心機	(えんしんき)
遠心力	(えんしんりょく)
遠眼	(とおめ)
遠眼鏡	(とおめがね,えんがんきょう)
遠洋	(えんよう)
遠洋漁業	(えんようぎょぎょう)
遠因	(えんいん)
遠音	(とおね)
遠泳	(えんえい)
遠縁	(とおえん)
遠征	(えんせい)
遠周り	(とおまわり)
遠足	(えんそく)
遠祖	(えんそ)
苑	(その)
怨しい	(うらめしい)
怨み	(うらみ)
怨み事	(うらみごと)
怨み言	(うらみごと)
怨む	(うらむ)
怨めしい	(うらめしい)
怨敵	(おんてき)
怨恨	(えんこん)
怨霊	(おんりょう)
怨念	(おんねん)
怨声	(えんせい)
院本	(いんぽん)
院長	(いんちょう)
院号	(いんごう)
院生	(いんせい)
院外	(いんがい)
院宣	(いんぜん,いんせん)
院政	(いんせい)
媛	(ひめ)
願	(ねがい)
願い	(ねがい)
願いごと	(ねがいごと)
願い出	(ねがいで)
願い出る	(ねがいでる)
願い求める	(ねがいもとめる)
願い事	(ねがいごと)
願い下げる	(ねがいさげる)
願う	(ねがう)
願かけ	(がんかけ,がんがけ)
願ったりかなったり	(ねがったりかなったり)
願ったり叶ったり	(ねがったりかなったり)
願ほどき	(がんほどき)
願わくは	(ねがわくは)
願わしい	(ねがわしい)
願掛	(がんかけ,がんがけ)
願掛け	(がんかけ,がんがけ)
願解き	(がんほどき)
願酒	(がんしゅ)
願力	(がんりき)
願立て	(がんだて)
願面	(がんめん)
願事	(ねがいごと)
願書	(がんしょ)
願望	(がんぼう,がんもう)
願文	(がんもん)
願意	(がんい)
願主	(がんしゅ)
願状	(がんじょう)
曰	(いわく)
曰く	(いわく)
約	(やく)
約しい	(つましい)
約半分	(やくはんぶん)
約定	(やくじょう)
約款	(やっかん)
約束	(やくそく)
約数	(やくすう)
月	(つき)
月あかり	(つきあかり)
月ぎめ	(つきぎめ,げっきょく)
月とスッポン	(つきとすっぽん)
月とすっぽん	(つきとすっぽん)
月と鼈	(つきとすっぽん)
月のもの	(つきのもの)
月の輪	(つきのわ)
月の物	(つきのもの)
月ロケット	(つきロケット)
月報	(げっぽう)
月別	(つきべつ)
月並	(つきなみ,げつじ)
月並み	(つきなみ,げつじ)
月参り	(つきまいり)
月長石	(げっちょうせき)
月遅れ	(つきおくれ)
月初	(つきはじめ)
月初め	(つきはじめ)
月次	(つきなみ,げつじ)
月代り	(つきがわり)
月代わり	(つきがわり)
月灯かり	(つきあかり)
月額	(げつがく)
月賦	(げっぷ)
月給	(げっきゅう)
月光	(げっこう)
月桂冠	(げっけいかん)
月桂樹	(げっけいじゅ,ゲッケイジュ)
月後れ	(つきおくれ)
月極	(つきぎめ,げっきょく)
月極め	(つきぎめ,げっきょく)
月間	(げっかん)
月見	(つきみ)
月見蕎麦	(つきみそば)
月経	(げっけい)
月経前	(げっけいまえ)
月経周期	(げっけいしゅうき)
月決め	(つきぎめ,げっきょく)
月刊	(げっかん)
月刊誌	(げっかんし)
月例	(げつれい)
月例会	(げつれいかい)
月齢	(げつれい)
月面	(げつめん)
月明	(げつめい)
月明かり	(つきあかり)
月明り	(つきあかり)
月末	(げつまつ,つきずえ)
月頃	(つきごろ)
月日	(つきひ)
月色	(げっしょく)
月食	(げっしょく)
月蝕	(げっしょく)
月始	(つきはじめ)
月始め	(つきはじめ)
月事	(げつじ)
月収	(げっしゅう)
月水金	(げっすいきん)
月替り	(つきがわり)
月替わり	(つきがわり)
月下に	(げっかに)
月下氷人	(げっかひょうじん)
月謝	(げっしゃ)
月曜	(げつよう)
月曜日	(げつようび)
月夜	(つきよ,げつや,つくよ)
月影	(げつえい,つきかげ)
月々	(つきづき)
月月	(つきづき)
岳	(たけ,だけ)
岳父	(がくふ)
悦に入る	(えつにいる)
悦び	(よろこび)
悦ぶ	(よろこぶ)
悦んで	(よろこんで)
悦楽	(えつらく)
越える	(こえる)
越す	(こす)
越冬	(えっとう)
越度	(おちど)
越幾斯	(エキス)
越境	(えっきょう)
越歴	(エレキ)
越歴機	(エレキ)
越南	(えつなん,ベトナム)
越年	(えつねん,おつねん)
越権	(えっけん)
楽	(らく)
楽しい	(たのしい)
楽しげ	(たのしげ)
楽しみ	(たのしみ)
楽しみにする	(たのしみにする)
楽しむ	(たのしむ)
楽む	(たのしむ)
楽才	(がくさい)
楽典	(がくてん)
楽調	(がくちょう)
楽隊	(がくたい)
楽観	(らっかん)
楽観的	(らっかんてき)
楽観論	(らっかんろん)
楽匠	(がくしょう)
楽界	(がっかい)
楽劇	(がくげき)
楽律	(がくりつ)
楽譜	(がくふ)
楽器	(がっき)
楽器演奏者	(がっきえんそうしゃ)
楽曲	(がっきょく)
楽人	(がくじん,うたまいのひと)
楽勝	(らくしょう)
楽聖	(がくせい)
楽師	(がくし)
楽士	(がくし)
楽書	(らくがき)
楽書き	(らくがき)
楽壇	(がくだん)
楽天	(らくてん)
楽天的	(らくてんてき)
楽天家	(らくてんか)
楽天主義	(らくてんしゅぎ)
楽天主義者	(らくてんしゅぎしゃ)
楽団	(がくだん)
楽屋	(がくや)
楽想	(がくそう)
楽員	(がくいん)
楽園	(らくえん)
楽章	(がくしょう)
閲兵	(えっぺい)
閲読	(えつどく)
閲覧	(えつらん)
閲覧室	(えつらんしつ)
閲歴	(えつれき)
樂しい	(たのしい)
樂員	(がくいん)
樂園	(らくえん)
嶽	(たけ,だけ)
躍りかかる	(おどりかかる)
躍り掛かる	(おどりかかる)
躍り掛る	(おどりかかる)
躍り上がる	(おどりあがる)
躍り懸かる	(おどりかかる)
躍り込む	(おどりこむ)
躍り字	(おどりじ)
躍る	(おどる)
躍動	(やくどう)
躍進	(やくしん)
躍起	(やっき)
躍如	(やくじょ)
躍字	(おどりじ)
暈かす	(ぼかす)
暈ける	(ぼける)
暈し	(ぼかし,ボカシ)
暈す	(ぼかす)
云いかた	(いいかた)
云い出す	(いいだす)
云い方	(いいかた)
云い聞かす	(いいきかす)
云う	(いう,ゆう)
云える	(いえる)
云わば	(いわば)
云々	(うんぬん)
云云	(うんぬん)
伝	(つて,ツテ)
伝い	(づたい)
伝う	(つたう)
伝え	(つたえ)
伝える	(つたえる)
伝え話	(つたえばなし)
伝え聞く	(つたえきく)
伝わる	(つたわる)
伝搬	(でんぱん)
伝播	(でんぱ,でんぱん)
伝唱	(でんしょう)
伝承	(でんしょう)
伝承文学	(でんしょうぶんがく)
伝達	(でんたつ)
伝単	(でんたん)
伝導	(でんどう)
伝導度	(でんどうど)
伝導率	(でんどうりつ)
伝導性	(でんどうせい)
伝道	(でんどう)
伝道船	(でんどうせん)
伝道集会	(でんどうしゅうかい)
伝道師	(でんどうし)
伝道者	(でんどうしゃ)
伝法	(でんぽう,でんぼう)
伝法肌	(でんぼうはだ)
伝記	(でんき)
伝記文学	(でんきぶんがく)
伝記物	(でんきもの)
伝記作者	(でんきさくしゃ)
伝家	(でんか)
伝来	(でんらい)
伝令	(でんれい)
伝令者	(でんれいしゃ)
伝馬	(てんま)
伝馬船	(てんません,てんまぶね)
伝票	(でんぴょう)
伝奇	(でんき)
伝奇的	(でんきてき)
伝奇小説	(でんきしょうせつ)
伝染	(でんせん)
伝染病	(でんせんびょう)
伝染毒	(でんせんどく)
伝声管	(でんせいかん)
伝声器	(でんせいき)
伝世	(でんせい)
伝手	(つて,ツテ)
伝授	(でんじゅ)
伝書バト	(でんしょばと)
伝書ばと	(でんしょばと)
伝書鳩	(でんしょばと)
伝説	(でんせつ)
伝送	(でんそう)
伝送エラー	(でんそうエラー)
伝送ブロック終結	(でんそうブロックしゅうけつ)
伝送路	(でんそうろ)
伝送速度	(でんそうそくど)
伝送先	(でんそうさき)
伝送制御拡張	(でんそうせいぎょかくちょう)
伝送終了	(でんそうしゅうりょう)
伝誦	(でんしょう)
伝統	(でんとう)
伝統的	(でんとうてき)
伝聞	(でんぶん)
伝習	(でんしゅう)
伝線	(でんせん)
伝言	(でんごん)
伝言板	(でんごんばん)
伝音器	(でんおんき)
伝奏	(てんそう,でんそう)
芸大	(げいだい)
芸当	(げいとう)
芸風	(げいふう)
芸名	(げいめい)
芸能	(げいのう)
芸能界	(げいのうかい)
芸能人	(げいのうじん)
芸人	(げいにん)
芸術	(げいじゅつ)
芸術的	(げいじゅつてき)
芸術家	(げいじゅつか)
芸術作品	(げいじゅつさくひん)
芸者	(げいしゃ)
雲	(くも)
雲ゆき	(くもゆき)
雲鬢花顔	(うんびんかがん)
雲丹	(うに,ウニ)
雲高	(うんこう)
雲海	(うんかい)
雲合い	(くもあい)
雲間	(くもま)
雲脚	(くもあし,うんきゃく)
雲量	(うんりょう)
雲母	(うんも,うんぼ,きらら)
雲泥	(うんでい)
雲泥の差	(うんでいのさ)
雲泥之差	(うんでいのさ)
雲雀	(ひばり,こくてんし,こうてんし)
雲散霧消	(うんさんむしょう)
雲上	(うんじょう,うんしょう)
雲水	(うんすい,くもみず)
雲呑	(ワンタン)
雲霧	(うんむ,くもきり)
雲霞	(うんか,くもかすみ)
雲行き	(くもゆき)
雲形	(うんけい,くもがた)
雲隠れ	(くもがくれ)
雲影	(うんえい)
雲脂	(ふけ,フケ)
雲助	(くもすけ)
雲足	(くもあし,うんきゃく)
允許	(いんきょ)
隕石	(いんせき)
隕星	(いんせい)
運	(うん)
運がいい	(うんがいい,うんがよい)
運がよい	(うんがいい,うんがよい)
運が悪い	(うんがわるい)
運が良い	(うんがいい,うんがよい)
運びこむ	(はこびこむ)
運びだす	(はこびだす)
運び出す	(はこびだす)
運び込む	(はこびこむ)
運ぶ	(はこぶ)
運よく	(うんよく)
運搬	(うんぱん)
運筆	(うんぴつ)
運動	(うんどう)
運動不足	(うんどうぶそく)
運動場	(うんどうじょう,うんどうば)
運動費	(うんどうひ)
運動会	(うんどうかい)
運動力	(うんどうりょく)
運動量	(うんどうりょう)
運動神経	(うんどうしんけい)
運動員	(うんどういん)
運悪く	(うんわるく)
運航	(うんこう)
運河	(うんが)
運良く	(うんよく)
運賃	(うんちん)
運命	(うんめい,さだめ)
運命論	(うんめいろん)
運気	(うんき)
運上	(うんじょう)
運勢	(うんせい)
運輸	(うんゆ)
運輸大臣	(うんゆだいじん)
運輸省	(うんゆしょう)
運輸相	(うんゆしょう)
運送	(うんそう)
運送会社	(うんそうがいしゃ)
運送屋	(うんそうや)
運算	(うんざん)
運行	(うんこう)
運休	(うんきゅう)
運営	(うんえい)
運営者	(うんえいしゃ)
運用	(うんよう)
運針	(うんしん)
運転	(うんてん)
運転免許	(うんてんめんきょ)
運転士	(うんてんし)
運転手	(うんてんしゅ)
運転停止	(うんてんていし)
運転席	(うんてんせき)
運転者	(うんてんしゃ)
運転資金	(うんてんしきん)
熨	(のし,ぬし)
熨斗	(のし,ぬし)
熨斗を付ける	(のしをつける)
熨斗袋	(のしぶくろ)
熨斗紙	(のしがみ)
薀蓄	(うんちく,ウンチク)
蘊蓄	(うんちく,ウンチク)
韻	(いん)
韻脚	(いんきゃく)
韻律	(いんりつ)
韻事	(いんじ)
韻文	(いんぶん)
韻語	(いんご)
韻字	(いんじ)
魳	(かます,カマス)
雑	(ざつ)
雑える	(まじえる,まじうる)
雑ざる	(まざる)
雑じる	(まじる)
雑ぜる	(まぜる)
雑ぱく	(ざっぱく)
雑報	(ざっぽう)
雑兵	(ぞうひょう,ざっぴょう)
雑駁	(ざっぱく)
雑布	(ぞうきん)
雑草	(ざっそう)
雑炊	(ぞうすい)
雑沓	(ざっとう)
雑多	(ざった)
雑費	(ざっぴ)
雑感	(ざっかん)
雑喉	(ざこ,じゃこ,ざっこ)
雑貨	(ざっか)
雑記	(ざっき)
雑記帳	(ざっきちょう)
雑巾	(ぞうきん)
雑居	(ざっきょ)
雑居ビル	(ざっきょビル)
雑菌	(ざっきん)
雑木	(ぞうき,ざつぼく,ぞうぼく)
雑木林	(ぞうきばやし,ざつぼくりん)
雑鬧	(ざっとう)
雑念	(ざつねん)
雑品	(ざっぴん)
雑然	(ざつぜん)
雑事	(ざつじ)
雑踏	(ざっとう)
雑談	(ざつだん)
雑文	(ざつぶん)
雑学	(ざつがく)
雑言	(ぞうごん,ぞうげん)
雑役	(ざつえき)
雑音	(ざつおん)
雑用	(ざつよう,ぞうよう)
雑魚	(ざこ,じゃこ,ざっこ)
雑誌	(ざっし)
雑種	(ざっしゅ)
雑煮	(ぞうに)
雑作	(ぞうさく)
災い	(わざわい)
災厄	(さいやく)
災害	(さいがい)
災禍	(さいか)
災難	(さいなん)
災難に遭う	(さいなんにあう)
哉	(かな)
栽培	(さいばい)
栽培所	(さいばいじょ)
栽培種	(さいばいしゅ)
仔虫	(しちゅう)
仔馬	(こうま)
仔猫	(こねこ,コネコ)
仔牛	(こうし,こうじ)
仔犬	(こいぬ)
仔細	(しさい)
仔羊	(こひつじ)
宰る	(ほふる,はふる,ほぶる)
宰相	(さいしょう)
載せる	(のせる)
載っかる	(のっかる)
載貨吃水線	(さいかきっすいせん)
載貨喫水線	(さいかきっすいせん)
載貨屯数	(さいかとんすう)
載積	(さいせき)
載録	(さいろく)
載炭	(さいたん)
再	(さい)
再び	(ふたたび)
再び導入	(ふたたびどうにゅう)
再び取る	(ふたたびとる)
再案	(さいあん)
再拝	(さいはい)
再敗	(さいはい)
再版	(さいはん)
再保険	(さいほけん)
再編	(さいへん)
再編成	(さいへんせい)
再変	(さいへん)
再測量	(さいそくりょう)
再出	(さいしゅつ)
再出発	(さいしゅっぱつ)
再処理	(さいしょり)
再創造	(さいそうぞう)
再従弟	(さいじゅうてい)
再従兄	(さいじゅうけい)
再誕	(さいたん)
再調査	(さいちょうさ)
再調整	(さいちょうせい)
再定義	(さいていぎ)
再訂	(さいてい)
再訂版	(さいていばん)
再読	(さいどく)
再度	(さいど)
再度確認	(さいどかくにん)
再度協議	(さいどきょうぎ)
再発	(さいはつ)
再発行	(さいはっこう)
再発足	(さいほっそく)
再犯	(さいはん)
再犯者	(さいはんしゃ)
再販	(さいはん)
再販業者	(さいはんぎょうしゃ)
再放送	(さいほうそう)
再分配	(さいぶんぱい)
再封鎖	(さいふうさ)
再服役	(さいふくえき)
再浮上	(さいふじょう)
再感染	(さいかんせん)
再告	(さいこく)
再割引	(さいわりびき)
再工事	(さいこうじ)
再構成	(さいこうせい)
再構築	(さいこうちく)
再帰	(さいき)
再帰代名詞	(さいきだいめいし)
再帰熱	(さいきねつ)
再会	(さいかい)
再婚	(さいこん)
再嫁	(さいか)
再検査	(さいけんさ)
再検討	(さいけんとう)
再建	(さいけん)
再建築	(さいけんちく)
再降臨	(さいこうりん)
再交付	(さいこうふ)
再教育	(さいきょういく)
再浸礼	(さいしんれい)
再禁止	(さいきんし)
再挙	(さいきょ)
再軍備	(さいぐんび)
再開	(さいかい)
再刊	(さいかん)
再抗弁	(さいこうべん)
再考	(さいこう)
再考慮	(さいこうりょ)
再来	(さいらい)
再来年	(さらいねん)
再来月	(さらいげつ)
再来週	(さらいしゅう)
再來	(さいらい)
再來週	(さらいしゅう)
再臨	(さいりん)
再臨派	(さいりんは)
再録	(さいろく)
再配分	(さいはいぶん)
再配置	(さいはいち)
再評価	(さいひょうか)
再起	(さいき)
再起動	(さいきどう)
再勤	(さいきん)
再確認	(さいかくにん)
再燃	(さいねん)
再任	(さいにん)
再入国	(さいにゅうこく)
再入国許可	(さいにゅうこくきょか)
再入国許可書	(さいにゅうこくきょかしょ)
再入学	(さいにゅうがく)
再三	(さいさん)
再三再四	(さいさんさいし)
再上映	(さいじょうえい)
再設	(さいせつ)
再審	(さいしん)
再審査	(さいしんさ)
再生	(さいせい)
再生産	(さいせいさん)
再生法	(さいせいほう)
再生利用	(さいせいりよう)
再生品	(さいせいひん)
再勝	(さいしょう)
再試合	(さいしあい)
再試行	(さいしこう)
再試験	(さいしけん)
再受浸	(さいじゅしん)
再輸出	(さいゆしゅつ)
再輸入	(さいゆにゅう)
再説	(さいせつ)
再思	(さいし)
再送	(さいそう)
再提案	(さいていあん)
再投稿	(さいとうこう)
再投票	(さいとうひょう)
再投資	(さいとうし)
再武装	(さいぶそう)
再洗礼	(さいせんれい)
再下付	(さいかふ)
再現	(さいげん)
再校	(さいこう)
再協議	(さいきょうぎ)
再興	(さいこう)
再選	(さいせん)
再選挙	(さいせんきょ)
再循環	(さいじゅんかん)
再尋問	(さいじんもん)
再演	(さいえん)
再議	(さいぎ)
再吟味	(さいぎんみ)
再遊	(さいゆう)
再縁	(さいえん)
再々	(さいさい)
再再	(さいさい)
再戦	(さいせん)
再征	(さいせい)
再製	(さいせい)
再製品	(さいせいひん)
再注	(さいちゅう)
再注文	(さいちゅうもん)
再鋳	(さいちゅう)
再転	(さいてん)
再組織	(さいそしき)
在りきたり	(ありきたり)
在りのまま	(ありのまま)
在り方	(ありかた)
在り付く	(ありつく)
在り来たり	(ありきたり)
在り来り	(ありきたり)
在る	(ある)
在韓米軍	(ざいかんべいぐん)
在荷	(ざいか)
在籍	(ざいせき)
在庫	(ざいこ)
在庫品	(ざいこひん)
在来	(ざいらい)
在留	(ざいりゅう)
在留邦人	(ざいりゅうほうじん)
在留期間更新許可	(ざいりゅうきかんこうしんきょか)
在米邦人	(ざいべいほうじん)
在任	(ざいにん)
在日	(ざいにち)
在日米軍	(ざいにちべいぐん)
在日米陸軍	(ざいにちべいりくぐん)
在所	(ざいしょ)
在外	(ざいがい)
在位	(ざいい)
在郷	(ざいごう,ざいきょう)
在校生	(ざいこうせい)
在学	(ざいがく)
在宅	(ざいたく)
在宅勤務	(ざいたくきんむ)
在職	(ざいしょく)
在住	(ざいじゅう)
縡	(こと)
縡切れる	(こときれる)
賛える	(たたえる)
賛成	(さんせい)
賛辞	(さんじ)
賛否	(さんぴ)
賛否両論	(さんぴりょうろん)
賛歌	(さんか)
賛美	(さんび)
賛同	(さんどう)
賛助	(さんじょ)
暫く	(しばらく)
暫くすると	(しばらくすると)
暫らく	(しばらく)
暫定	(ざんてい)
暫定協定	(ざんていきょうてい)
暫定政府	(ざんていせいふ)
暫時	(ざんじ)
讃える	(たたえる)
讃辞	(さんじ)
讃歌	(さんか)
讃美	(さんび)
讃賞	(さんしょう)
讚える	(たたえる)
讚辞	(さんじ)
讚歌	(さんか)
讚美	(さんび)
葬る	(ほうむる,ほうぶる)
葬列	(そうれつ)
葬式	(そうしき)
葬送	(そうそう)
葬送曲	(そうそうきょく)
葬送行進曲	(そうそうこうしんきょく)
葬儀	(そうぎ)
葬儀式	(そうぎしき)
臓	(ぞう)
臓器	(ぞうき)
臓器移植	(ぞうきいしょく)
臓物	(ぞうもつ)
遭う	(あう)
遭わせる	(あわせる)
遭難	(そうなん)
遭難信号	(そうなんしんごう)
遭難者	(そうなんしゃ)
遭遇	(そうぐう)
糟	(かす,カス)
鑿	(のみ,ノミ)
鑿井	(さくせい)
鑿岩機	(さくがんき)
早い	(はやい,はえー,はっやい)
早おき	(はやおき)
早がってん	(はやがてん,はやがってん)
早がてん	(はやがてん,はやがってん)
早く	(はやく)
早さ	(はやさ)
早とちり	(はやとちり)
早まる	(はやまる)
早めに	(はやめに)
早める	(はやめる)
早わざ	(はやわざ)
早朝	(そうちょう)
早稲	(わせ)
早耳	(はやみみ)
早発ち	(はやだち)
早合点	(はやがてん,はやがってん)
早急	(そうきゅう,さっきゅう)
早技	(はやわざ)
早計	(そうけい)
早見	(はやみ)
早口	(はやくち,はやぐち)
早瀬	(はやせ)
早立ち	(はやだち)
早漏	(そうろう)
早目に	(はやめに)
早期	(そうき)
早起	(はやおき)
早起き	(はやおき)
早生	(わせ)
早手	(しっぷう,はやて)
早熟	(そうじゅく)
早送り	(はやおくり)
早速	(さっそく)
早退	(そうたい)
早退け	(はやびけ)
早晩	(そうばん)
早暁	(そうぎょう)
早業	(はやわざ)
早引	(はやびけ)
早引け	(はやびけ)
早月	(さつき,サツキ)
早々	(そうそう)
早早	(そうそう)
早足	(はやあし,そくほ)
蚤	(のみ,ノミ)
棗	(なつめ,ナツメ)
棗椰子	(なつめやし,ナツメヤシ)
藻	(も)
藻抜け	(もぬけ)
藻草	(もぐさ)
藻類	(そうるい)
藻掻く	(もがく)
藻搔く	(もがく)
繰りかえし	(くりかえし)
繰りかえす	(くりかえす)
繰り出す	(くりだす)
繰り返し	(くりかえし)
繰り返し符号	(くりかえしふごう)
繰り返す	(くりかえす)
繰り広げる	(くりひろげる)
繰り合わす	(くりあわす)
繰り拡げる	(くりひろげる)
繰り上げる	(くりあげる)
繰り下げる	(くりさげる)
繰り形	(くりかた,くりがた)
繰り延べ	(くりのべ)
繰り延べる	(くりのべる)
繰り言	(くりごと)
繰り込み	(くりこみ)
繰り込み群	(くりこみぐん)
繰り越	(くりこし)
繰り越し	(くりこし)
繰り越す	(くりこす)
繰る	(くる)
繰出す	(くりだす)
繰返し	(くりかえし)
繰返し符号	(くりかえしふごう)
繰返す	(くりかえす)
繰広げる	(くりひろげる)
繰合わす	(くりあわす)
繰拡げる	(くりひろげる)
繰上げる	(くりあげる)
繰下げる	(くりさげる)
繰形	(くりかた,くりがた)
繰延べ	(くりのべ)
繰延べる	(くりのべる)
繰言	(くりごと)
繰込み	(くりこみ)
繰込み群	(くりこみぐん)
繰越	(くりこし)
繰越し	(くりこし)
繰越す	(くりこす)
造り	(つくり)
造りつけ	(つくりつけ)
造り出す	(つくりだす)
造り付け	(つくりつけ)
造り酒屋	(つくりざかや)
造り上げる	(つくりあげる)
造り手	(つくりて)
造り替える	(つくりかえる)
造り物	(つくりもの,つくりもん)
造る	(つくる)
造兵廠	(ぞうへいしょう)
造船	(ぞうせん)
造酒屋	(つくりざかや)
造林	(ぞうりん)
造形	(ぞうけい)
造形美術	(ぞうけいびじゅつ)
造型	(ぞうけい)
造語	(ぞうご)
造園術	(ぞうえんじゅつ)
造作	(ぞうさく)
造作ない	(ぞうさない)
造作無い	(ぞうさない)
慥か	(たしか)
慥かに	(たしかに)
慥かめる	(たしかめる)
噪音	(そうおん)
燥ぐ	(はしゃぐ)
躁うつ	(そううつ)
躁うつ病	(そううつびょう)
躁病	(そうびょう)
躁欝病	(そううつびょう)
躁鬱	(そううつ)
躁鬱病	(そううつびょう)
竈	(かま)
択ぶ	(えらぶ)
択一	(たくいつ)
択一的	(たくいつてき)
沢	(さわ)
沢庵	(たくあん,たくわん)
沢山	(たくさん)
則	(のり)
則する	(そくする)
則ち	(すなわち,つなわち)
則る	(のっとる)
責め	(せめ)
責めさいなむ	(せめさいなむ)
責めたてる	(せめたてる)
責める	(せめる)
責め苛む	(せめさいなむ)
責め立てる	(せめたてる)
責立てる	(せめたてる)
責任	(せきにん)
責任範囲	(せきにんはんい)
責任分担	(せきにんぶんたん)
責任者	(せきにんしゃ)
責任転嫁	(せきにんてんか)
責務	(せきむ)
嘖む	(さいなむ)
簀垂れ	(すだれ,す)
仄か	(ほのか)
仄めかし	(ほのめかし)
仄めかす	(ほのめかす)
仄めく	(ほのめく)
仄暗い	(ほのぐらい)
仄白い	(ほのじろい)
仄聞	(そくぶん)
仄々	(ほのぼの)
仄仄	(ほのぼの)
賊	(あだ,あた,あたん)
賊軍	(ぞくぐん)
賊名	(ぞくめい)
増える	(ふえる)
増して	(まして)
増す	(ます)
増す増す	(ますます)
増やし	(ふやし)
増やす	(ふやす)
増産	(ぞうさん)
増長	(ぞうちょう)
増大	(ぞうだい)
増訂	(ぞうてい)
増訂版	(ぞうていばん)
増分	(ぞうぶん)
増幅	(ぞうふく)
増幅器	(ぞうふくき)
増化	(ぞうか)
増加	(ぞうか)
増減	(ぞうげん)
増進	(ぞうしん)
増刊	(ぞうかん)
増刊号	(ぞうかんごう)
増強	(ぞうきょう)
増設	(ぞうせつ)
増設率	(ぞうせつりつ)
増収	(ぞうしゅう)
増刷	(ぞうさつ)
増税	(ぞうぜい)
増員	(ぞういん)
増援	(ぞうえん)
増々	(ますます)
増殖	(ぞうしょく)
増殖炉	(ぞうしょくろ)
増築	(ぞうちく)
増資	(ぞうし)
憎い	(にくい,ニクい)
憎しみ	(にくしみ)
憎まれっ子	(にくまれっこ)
憎まれ口	(にくまれぐち)
憎まれ役	(にくまれやく)
憎む	(にくむ)
憎らしい	(にくらしい)
憎悪	(ぞうお)
贈りもの	(おくりもの)
贈り物	(おくりもの)
贈り主	(おくりぬし)
贈る	(おくる)
贈呈	(ぞうてい)
贈答	(ぞうとう)
贈賄	(ぞうわい)
贈収賄	(ぞうしゅうわい)
贈物	(おくりもの)
贈与	(ぞうよ)
贈与証書	(ぞうよしょうしょ)
贈主	(おくりぬし)
囃	(はやし)
囃す	(はやす)
囃子	(はやし)
囃子詞	(はやしことば)
囃子言葉	(はやしことば)
札	(ふだ,ふみた,ふんだ)
札束	(さつたば)
煠でる	(ゆでる,うでる)
煠める	(いためる)
乍ら	(ながら)
柵	(さく)
炸裂	(さくれつ)
炸薬	(さくやく)
詐り	(いつわり)
詐る	(いつわる)
詐称	(さしょう)
詐欺	(さぎ)
詐欺師	(さぎし)
詐取	(さしゅ)
搾り	(しぼり,シボリ)
搾り取る	(しぼりとる)
搾る	(しぼる,シボる)
搾取	(さくしゅ)
搾乳	(さくにゅう)
搾油	(さくゆ)
鮓	(すし)
鮓飯	(すしめし)
斎	(いわい,ゆわい)
斎う	(いわう)
斎く	(いつく)
斎み	(いみ)
斎み垣	(いみがき)
斎む	(いむ)
斎部	(いみべ,いんべ)
斎場	(さいじょう)
斎服	(さいふく)
斎宮	(さいぐう)
斎戒	(さいかい)
斎戒もく浴	(さいかいもくよく)
斎戒沐浴	(さいかいもくよく)
斎日	(いみび)
斎垣	(いがき,いかき)
斎主	(さいしゅ)
摘まみ	(つまみ)
摘まみ出す	(つまみだす)
摘まみ物	(つまみもの)
摘まむ	(つまむ)
摘み	(つまみ)
摘みとる	(つみとる,つまみとる)
摘み出す	(つまみだす)
摘み取る	(つみとる,つまみとる)
摘み物	(つまみもの)
摘む	(つまむ)
摘出	(てきしゅつ)
摘出子	(ちゃくしゅつし,てきしゅつし)
摘発	(てきはつ)
摘要	(てきよう)
齋垣	(いがき,いかき)
宅	(たく)
宅地	(たくち)
宅急便	(たっきゅうびん)
宅配	(たくはい)
宅配便	(たくはいびん)
窄める	(すぼめる,つぼめる)
砦	(とりで)
債	(さい)
債鬼	(さいき)
債権	(さいけん)
債権者	(さいけんしゃ)
債券	(さいけん)
債務	(さいむ)
債務者	(さいむしゃ)
債主	(さいしゅ)
寨	(とりで)
粘り	(ねばり)
粘りけ	(ねばりけ)
粘り気	(ねばりけ)
粘り強い	(ねばりづよい)
粘る	(ねばる)
粘稠	(ねんちゅう)
粘度	(ねんど)
粘膜	(ねんまく)
粘土	(ねんど,ねばつち,へなつち)
粘土質	(ねんどしつ)
粘性	(ねんせい)
粘液	(ねんえき)
粘々	(ねばねば,ネバネバ)
粘粘	(ねばねば,ネバネバ)
粘着	(ねんちゃく)
粘着力	(ねんちゃくりょく)
霑う	(うるおう)
霑す	(うるおす)
譫妄	(せんもう,せんぼう)
譫言	(うわごと)
譫語	(せんご)
展げる	(ひろげる)
展べる	(のべる)
展開	(てんかい)
展覧会	(てんらんかい)
展示	(てんじ)
展示会	(てんじかい)
展示物	(てんじぶつ)
展望	(てんぼう)
展望台	(てんぼうだい)
斬りこむ	(きりこむ)
斬りつける	(きりつける)
斬りまくる	(きりまくる)
斬り倒す	(きりたおす)
斬り払う	(きりはらう)
斬り伏せる	(きりふせる)
斬り付ける	(きりつける)
斬り合い	(きりあい)
斬り結ぶ	(きりむすぶ)
斬り解く	(きりほどく)
斬り捲る	(きりまくる)
斬り刻む	(きりきざむ)
斬り破る	(きりやぶる)
斬り取り	(きりとり,きりどり)
斬り散らす	(きりちらす)
斬り殺す	(きりころす)
斬り捨てる	(きりすてる)
斬り死に	(きりじに)
斬り下げる	(きりさげる)
斬り下ろす	(きりおろす)
斬り込む	(きりこむ)
斬る	(きる)
斬れ味	(きれあじ)
斬合い	(きりあい)
斬結ぶ	(きりむすぶ)
斬解く	(きりほどく)
斬刻む	(きりきざむ)
斬取り	(きりとり,きりどり)
斬殺す	(きりころす)
斬味	(きれあじ)
斬新	(ざんしん)
嶄新	(ざんしん)
輾る	(きしる)
占	(うらない)
占い	(うらない)
占い当てる	(うらないあてる)
占い師	(うらないし)
占い者	(せんしゃ,せんじゃ,うらないしゃ)
占う	(うらなう)
占む	(しむ)
占めた	(しめた)
占める	(しめる)
占卜	(せんぼく)
占地	(しめじ,シメジ)
占法	(せんぽう)
占居	(せんきょ)
占拠	(せんきょ)
占拠地	(せんきょち)
占領	(せんりょう)
占領地	(せんりょうち)
占領地帯	(せんりょうちたい)
占領軍	(せんりょうぐん)
占領下	(せんりょうか)
占取	(せんしゅ)
占取権	(せんしゅけん)
占師	(うらないし)
占書	(うらぶみ)
占算	(うらさん)
占星術	(せんせいじゅつ)
占有	(せんゆう)
占有権	(せんゆうけん)
占者	(せんしゃ,せんじゃ,うらないしゃ)
占住	(せんじゅう)
桟道	(さんどう)
桟敷	(さじき,さんじき)
桟橋	(さんばし,さんきょう)
棧敷	(さじき,さんじき)
棧橋	(さんばし,さんきょう)
戦	(いくさ)
戦い	(たたかい)
戦う	(たたかう)
戦く	(おののく)
戦場	(せんじょう)
戦場航空阻止	(せんじょうこうくうそし)
戦車	(せんしゃ)
戦闘	(せんとう)
戦闘爆撃機	(せんとうばくげきき)
戦闘電子戦情報	(せんとうでんしせんじょうほう)
戦闘服	(せんとうふく)
戦闘機	(せんとうき)
戦闘前哨	(せんとうぜんしょう)
戦闘犠牲者	(せんとうぎせいしゃ)
戦闘陣地	(せんとうじんち)
戦闘陣地の前縁	(せんとうじんちのぜんえん)
戦闘正面幅	(せんとうしょうめんはば)
戦闘支援	(せんとうしえん)
戦闘支援計画	(せんとうしえんけいかく)
戦隊	(せんたい)
戦犯	(せんぱん)
戦国	(せんごく)
戦国時代	(せんごくじだい)
戦後	(せんご)
戦火	(せんか)
戦禍	(せんか)
戦記	(せんき)
戦艦	(せんかん)
戦捷	(せんしょう)
戦局	(せんきょく)
戦力	(せんりょく)
戦力組成	(せんりょくそせい)
戦慄	(せんりつ)
戦慄く	(わななく)
戦列	(せんれつ)
戦乱	(せんらん)
戦略	(せんりゃく)
戦略兵器	(せんりゃくへいき)
戦略兵器削減条約	(せんりゃくへいきさくげんじょうやく)
戦略的パートナーシップ	(せんりゃくてきパートナーシップ)
戦略的提携	(せんりゃくてきていけい)
戦略核兵器	(せんりゃくかくへいき)
戦没	(せんぼつ)
戦没者	(せんぼつしゃ)
戦没者追悼記念日	(せんぼつしゃついとうきねんび)
戦歿	(せんぼつ)
戦前	(せんぜん)
戦勝	(せんしょう)
戦時	(せんじ)
戦士	(せんし)
戦術	(せんじゅつ)
戦術航空統制班	(せんじゅつこうくうとうせいはん)
戦術航空統制本部	(せんじゅつこうくうとうせいほんぶ)
戦死	(せんし)
戦務	(せんむ)
戦線	(せんせん)
戦域	(せんいき)
戦災	(せんさい)
戦々兢々	(せんせんきょうきょう)
戦々恐々	(せんせんきょうきょう)
戦戦兢兢	(せんせんきょうきょう)
戦戦恐恐	(せんせんきょうきょう)
戦争	(せんそう)
戦争犯罪	(せんそうはんざい)
戦争犯罪法廷	(せんそうはんざいほうてい)
戦争後	(せんそうご)
戦争未亡人	(せんそうみぼうじん)
綻びる	(ほころびる)
戰い	(たたかい)
戰う	(たたかう)
戰鬪	(せんとう)
戰隊	(せんたい)
章	(しょう)
章魚	(タコ,たこ)
張り	(はり,ハリ)
張りあう	(はりあう)
張りあげる	(はりあげる)
張りこむ	(はりこむ)
張りたおす	(はりたおす)
張りだす	(はりだす)
張りつめる	(はりつめる)
張りめぐらす	(はりめぐらす)
張り出	(はりだし)
張り出し	(はりだし)
張り出す	(はりだす)
張り倒す	(はりたおす)
張り付け	(はりつけ)
張り付ける	(はりつける)
張り合う	(はりあう)
張り詰める	(はりつめる)
張り裂ける	(はりさける)
張り切る	(はりきる)
張り上げる	(はりあげる)
張り巡らす	(はりめぐらす)
張り込み	(はりこみ)
張り込む	(はりこむ)
張り紙	(はりがみ)
張り子	(はりこ)
張り子のトラ	(はりこのとら)
張り子の虎	(はりこのとら)
張る	(はる)
張出	(はりだし)
張出し	(はりだし)
張出す	(はりだす)
張合う	(はりあう)
張裂ける	(はりさける)
張込み	(はりこみ)
張込む	(はりこむ)
張子	(はりこ)
張子のトラ	(はりこのとら)
張子の虎	(はりこのとら)
樟	(くすのき,くす,クスノキ)
樟脳	(しょうのう)
鱆	(タコ,たこ)
掌	(てのひら,たなごころ,しょう)
掌る	(つかさどる)
掌理	(しょうり)
掌紋	(しょうもん)
掌握	(しょうあく)
掌中	(しょうちゅう)
掌中の玉	(しょうちゅうのたま)
掌中の珠	(しょうちゅうのたま)
漲る	(みなぎる)
丈	(たけ,たき)
丈に	(だけに)
丈比べ	(たけくらべ)
丈長	(たけなが)
丈夫	(じょうぶ)
丈余	(じょうよ)
杖	(つえ)
帳	(ちょう)
帳簿	(ちょうぼ)
帳場	(ちょうば)
帳場の者	(ちょうばのもの)
帳面	(ちょうめん)
帳消し	(ちょうけし)
脹よか	(ふくよか)
脹らし粉	(ふくらしこ)
脹らみ	(ふくらみ)
脹らむ	(ふくらむ)
脹れっ面	(ふくれっつら)
脹れる	(ふくれる)
障がい	(しょうがい)
障る	(さわる)
障碍	(しょうがい)
障碍物	(しょうがいぶつ)
障礙	(しょうがい)
障壁	(しょうへき)
障害	(しょうがい)
障害物	(しょうがいぶつ)
障害物競走	(しょうがいぶつきょうそう)
障泥烏賊	(アオリイカ,あおりいか)
障子	(しょうじ)
招き	(まねき)
招き猫	(まねきねこ)
招く	(まねく)
招へい	(しょうへい)
招待	(しょうたい,しょうだい)
招待券	(しょうたいけん)
招待状	(しょうたいじょう)
招喚	(しょうかん)
招集	(しょうしゅう)
招募	(しょうぼ)
招聘	(しょうへい)
招請	(しょうせい,しょうじょう,ちょうしょう)
招致	(しょうち)
昭和	(しょうわ)
昭和時代	(しょうわじだい)
爪	(つめ)
爪あと	(つめあと)
爪で拾って箕で零す	(つめでひろってみでこぼす)
爪はじき	(つまはじき)
爪ようじ	(つまようじ)
爪痕	(つめあと)
爪跡	(つめあと)
爪立ち	(つまだち)
爪弾	(つまはじき)
爪弾き	(つまはじき)
爪先	(つまさき)
爪先で歩く	(つまさきであるく)
爪楊枝	(つまようじ)
沼	(ぬま)
沼地	(ぬまち,しょうち)
沼沢	(しょうたく)
召し	(めし)
召しあがる	(めしあがる)
召し抱え	(めしかかえ)
召し抱える	(めしかかえる)
召し捕る	(めしとる)
召し出す	(めしだす)
召し換え	(めしかえ)
召し集める	(めしあつめる)
召し寄せる	(めしよせる)
召し連れる	(めしつれる)
召し取る	(めしとる)
召し入れる	(めしいれる)
召し上がりもの	(めしあがりもの)
召し上がり物	(めしあがりもの)
召し上がる	(めしあがる)
召し上げる	(めしあげる)
召し上り物	(めしあがりもの)
召し上る	(めしあがる)
召し使い	(めしつかい)
召し使う	(めしつかう)
召し替え	(めしかえ)
召し物	(めしもの)
召す	(めす)
召抱える	(めしかかえる)
召捕る	(めしとる)
召還	(しょうかん)
召喚	(しょうかん)
召喚令状	(しょうかんれいじょう)
召喚状	(しょうかんじょう)
召集	(しょうしゅう)
召集令	(しょうしゅうれい)
召集者	(しょうしゅうしゃ)
召命	(しょうめい)
召募	(しょうぼ)
召請	(しょうせい,しょうじょう,ちょうしょう)
召取る	(めしとる)
召上がる	(めしあがる)
召上げる	(めしあげる)
召使	(めしつかい)
召使い	(めしつかい)
召使う	(めしつかう)
召致	(しょうち)
召状	(しょうじょう)
兆	(ちょう)
兆し	(きざし)
兆す	(きざす)
兆候	(ちょうこう)
兆民	(ちょうみん)
笊	(ざる,ザル)
笊法	(ざるほう)
棹	(さお)
詔	(みことのり,ちょく,しょう)
詔勅	(しょうちょく)
詔書	(しょうしょ)
照らす	(てらす)
照りつける	(てりつける)
照り返す	(てりかえす)
照り付ける	(てりつける)
照り焼	(てりやき,テリヤキ)
照り焼き	(てりやき,テリヤキ)
照る	(てる)
照る照る坊主	(てるてるぼうず)
照れくさい	(てれくさい)
照れる	(てれる)
照れ臭い	(てれくさい)
照れ屋	(てれや)
照度	(しょうど)
照付ける	(てりつける)
照合	(しょうごう)
照会	(しょうかい)
照明	(しょうめい)
照焼	(てりやき,テリヤキ)
照焼き	(てりやき,テリヤキ)
照射	(しょうしゃ)
照射処理	(しょうしゃしょり)
照射法	(しょうしゃほう)
照々坊主	(てるてるぼうず)
照照坊主	(てるてるぼうず)
照準	(しょうじゅん)
罩める	(こめる)
肇国	(ちょうこく)
櫂	(かい)
遮へい	(しゃへい)
遮る	(さえぎる)
遮蔽	(しゃへい)
遮断	(しゃだん)
遮断機	(しゃだんき)
遮断器	(しゃだんき)
遮二無二	(しゃにむに)
遮光	(しゃこう)
遮光器土偶	(しゃこうきどぐう)
折	(おり)
折から	(おりから)
折ぐ	(はぐ,へぐ)
折も折	(おりもおり)
折り	(おり)
折りかえす	(おりかえす)
折りから	(おりから)
折りこむ	(おりこむ)
折りたたみ	(おりたたみ)
折りたたみ机	(おりたたみつくえ)
折りたたむ	(おりたたむ)
折りも折	(おりもおり)
折り畳み	(おりたたみ)
折り畳み机	(おりたたみつくえ)
折り畳む	(おりたたむ)
折り返し	(おりかえし)
折り返す	(おりかえす)
折り合い	(おりあい)
折り合う	(おりあう)
折り目	(おりめ)
折り曲げる	(おりまげる)
折り込み	(おりこみ,オリコミ)
折り込む	(おりこむ)
折り紙	(おりがみ)
折り重なる	(おりかさなる)
折り重ねる	(おりかさねる)
折る	(おる)
折れる	(おれる)
折れ返る	(おれかえる)
折れ目	(おれめ)
折れ曲がる	(おれまがる)
折半	(せっぱん)
折柄	(おりから)
折衝	(せっしょう)
折畳み	(おりたたみ)
折畳む	(おりたたむ)
折返	(おりかえし)
折返し	(おりかえし)
折返す	(おりかえす)
折返る	(おれかえる)
折合い	(おりあい)
折合う	(おりあう)
折角	(せっかく)
折目	(おりめ)
折曲げる	(おりまげる)
折込	(おりこみ,オリコミ)
折込み	(おりこみ,オリコミ)
折込む	(おりこむ)
折々	(おりおり)
折折	(おりおり)
折紙	(おりがみ)
折中	(せっちゅう)
折中案	(せっちゅうあん)
折衷	(せっちゅう)
折衷案	(せっちゅうあん)
折重なる	(おりかさなる)
折重ねる	(おりかさねる)
哲人	(てつじん)
哲学	(てつがく)
哲学的	(てつがくてき)
哲学者	(てつがくしゃ)
粍	(ミリメートル,ミリメーター)
摺り抜ける	(すりぬける)
摺り本	(すりほん)
摺り鉢	(すりばち)
摺り付ける	(こすりつける,すりつける)
摺り切れる	(すりきれる)
摺り物	(すりもの)
摺り込む	(すりこむ)
摺り子木	(すりこぎ)
摺り足	(すりあし)
摺る	(する)
摺物	(すりもの)
摺足	(すりあし)
輒ち	(すなわち,つなわち)
磔刑	(たっけい,たくけい)
蟄居	(ちっきょ)
轍	(わだち,てつ)
者	(もの,もん)
赭ら顔	(あからがお)
褶襞	(しゅうへき)
褶曲	(しゅうきょく)
柘植	(つげ,ツゲ)
這いまわる	(はいまわる)
這い回る	(はいまわる)
這い廻る	(はいまわる)
這い松	(はいまつ,ハイマツ)
這い這い	(はいはい,ハイハイ)
這う	(はう)
這入り込む	(はいりこむ,いりこむ)
這入る	(はいる)
這入口	(いりぐち,いりくち,はいりぐち)
這松	(はいまつ,ハイマツ)
這々	(ほうほう)
這這	(ほうほう)
蔗糖	(ショとう,しょとう)
鷓鴣	(しゃこ,シャコ)
着	(ちゃく)
着がえ	(きがえ)
着がえる	(きがえる,きかえる)
着く	(はく)
着ける	(つける,ツケる)
着け所	(つけどころ)
着こむ	(きこむ)
着せる	(きせる)
着なおす	(きなおす)
着やせ	(きやせ)
着よい	(きよい)
着る	(きる)
着番号	(きばんごう)
着払	(ちゃくばらい)
着払い	(ちゃくばらい)
着服	(ちゃくふく,ちゃくぶく,ちゃくぼく)
着工	(ちゃっこう)
着換え	(きがえ)
着換える	(きがえる,きかえる)
着良い	(きよい)
着籠む	(きこむ)
着陸	(ちゃくりく)
着陸地帯	(ちゃくりくちたい)
着目	(ちゃくもく)
着任	(ちゃくにん)
着色	(ちゃくしょく)
着実	(ちゃくじつ)
着飾る	(きかざる)
着手	(ちゃくしゅ)
着痩せ	(きやせ)
着替	(きがえ)
着替え	(きがえ)
着替える	(きがえる,きかえる)
着替え所	(きがえじょ)
着物	(きもの)
着物姿	(きものすがた)
着席	(ちゃくせき)
着想	(ちゃくそう)
着心	(きごころ)
着心地	(きごこち)
着信	(ちゃくしん)
着衣	(ちゃくい,ちゃくえ)
着用	(ちゃくよう)
着込む	(きこむ)
着丈	(きたけ)
着々	(ちゃくちゃく)
着着	(ちゃくちゃく)
着直す	(きなおす)
珍	(ちん)
珍しい	(めずらしい)
珍らしい	(めずらしい)
珍道具	(ちんどうぐ)
珍紛漢	(ちんぷんかん,ちんぶんかん)
珍糞漢	(ちんぷんかん,ちんぶんかん)
珍客	(ちんきゃく,ちんかく)
珍品	(ちんぴん)
珍奇	(ちんき)
珍什	(ちんじゅう)
珍獣	(ちんじゅう)
珍説	(ちんせつ)
珍談	(ちんだん)
珍味	(ちんみ)
珍問	(ちんもん)
珍重	(ちんちょう)
貞はる	(さだはる)
貞操	(ていそう)
貞操観念	(ていそうかんねん)
貞節	(ていせつ)
貞潔	(ていけつ)
貞女	(ていじょ)
貞淑	(ていしゅく)
真	(ま)
真すぐ	(ますぐ)
真ちゅう	(しんちゅう)
真っしぐら	(まっしぐら)
真っすぐ	(まっすぐ)
真っただ中	(まっただなか)
真っ暗	(まっくら)
真っ白	(まっしろ,ましろ)
真っ赤	(まっか)
真っ当	(まっとう)
真っ二つ	(まっぷたつ)
真っ二つに	(まっぷたつに)
真っ黒	(まっくろ)
真っ裸	(まっぱだか)
真っ平	(まっぴら)
真っ平ら	(まったいら)
真っ青	(まっさお)
真っ盛り	(まっさかり)
真っ四角	(まっしかく)
真っ先	(まっさき)
真っ向	(まっこう)
真っ向法	(まっこうほう)
真っ正面	(ましょうめん,まっしょうめん)
真っ正直	(まっしょうじき)
真っ直	(まっすぐ)
真っ直ぐ	(まっすぐ)
真っ直中	(まっただなか)
真っ只中	(まっただなか)
真っ昼間	(まっぴるま)
真っ最中	(まっさいちゅう,まっさなか)
真に	(まことに)
真に迫る	(しんにせまる)
真ん前	(まんまえ)
真ん丸	(まんまる)
真ん丸い	(まんまるい)
真ん円	(まんまる)
真ん円い	(まんまるい)
真ん中	(まんなか)
真暗	(まっくら)
真白	(まっしろ,ましろ)
真北	(まきた)
真筆	(しんぴつ)
真部分集合	(しんぶぶんしゅうごう)
真赤	(まっか)
真打	(しんうち)
真打ち	(しんうち)
真当	(まっとう)
真底	(しんそこ,しんてい)
真諦	(しんたい,しんてい)
真鯛	(まだい,マダイ)
真冬	(まふゆ)
真東	(まひがし)
真二つに	(まふたつに)
真帆	(まほ,まぼ)
真否	(しんぴ)
真個	(しんこ)
真箇	(しんこ)
真黒	(まっくろ)
真横	(まよこ)
真紅	(しんく,しんこう)
真後ろ	(まうしろ)
真迹	(しんせき)
真跡	(しんせき)
真際	(まぎわ)
真蹟	(しんせき)
真剣	(しんけん)
真剣勝負	(しんけんしょうぶ)
真近	(まぢか,まじか)
真近い	(まぢかい)
真菌	(しんきん)
真菌症	(しんきんしょう)
真空	(しんくう)
真空帯	(しんくうたい)
真空電球	(しんくうでんきゅう)
真空管	(しんくうかん)
真空掃除機	(しんくうそうじき)
真理	(しんり)
真鯉	(まごい)
真裸	(まっぱだか)
真率	(しんそつ)
真美	(しんび)
真綿	(まわた)
真面	(まとも)
真面目	(しんめんもく,しんめんぼく)
真面目くさる	(まじめくさる,マジメくさる)
真面目腐る	(まじめくさる,マジメくさる)
真木	(まき,マキ)
真南	(まみなみ)
真逆	(まさか)
真逆さま	(まさかさま)
真逆様	(まさかさま)
真平	(まっぴら)
真青	(まっさお)
真清水	(ましみず)
真情	(しんじょう)
真人	(しんじん)
真人間	(まにんげん)
真如	(しんにょ)
真善美	(しんぜんび)
真上	(まうえ)
真深	(まぶか,めぶか)
真盛り	(まさかり)
真実	(しんじつ,しんじち)
真実性	(しんじつせい)
真実一路	(しんじついちろ)
真似	(まね,マネ)
真似し	(まねし)
真似る	(まねる)
真似事	(まねごと)
真薯	(しんじょ)
真水	(まみず)
真四角	(ましかく)
真価	(しんか)
真髄	(しんずい)
真田	(さなだ)
真田編み	(さなだあみ)
真田虫	(さなだむし,サナダムシ)
真田紐	(さなだひも)
真鍮	(しんちゅう)
真偽	(しんぎ)
真味	(しんみ)
真物	(しんぶつ,まもの)
真西	(まにし)
真下	(ました)
真夏	(まなつ)
真先	(まっさき)
真相	(しんそう)
真相調査	(しんそうちょうさ)
真向	(まっこう)
真向い	(まむかい)
真向かい	(まむかい)
真向き	(まむき)
真向法	(まっこうほう)
真心	(まごころ,まこころ)
真新しい	(まあたらしい)
真性	(しんせい)
真鴨	(まがも,マガモ)
真言	(しんごん)
真顔	(まがお)
真贋	(しんがん)
真夜中	(まよなか)
真一文字	(まいちもんじ)
真意	(しんい)
真意義	(しんいぎ)
真義	(しんぎ)
真因	(しんいん)
真影	(しんえい)
真勇	(しんゆう)
真魚板	(まないた)
真魚鰹	(まながつお,マナガツオ)
真円真珠	(しんえんしんじゅ)
真正	(しんせい)
真正面	(まとも)
真正直	(ましょうじき)
真症	(しんしょう)
真直	(ますぐ)
真直ぐ	(まっすぐ)
真摯	(しんし)
真昼	(まひる)
真昼間	(まっぴるま)
真珠	(しんじゅ)
真珠貝	(しんじゅがい)
真珠層	(しんじゅそう)
真珠光	(しんじゅこう)
真珠母	(しんじゅぼ)
真珠取り	(しんじゅとり)
真珠色	(しんじゅいろ)
真珠細工	(しんじゅざいく)
真珠養殖	(しんじゅようしょく)
真珠養殖場	(しんじゅようしょくじょう)
真珠質	(しんじゅしつ)
真竹	(まだけ,マダケ)
真最中	(まっさいちゅう,まっさなか)
砧木	(だいぎ)
針	(はり)
針ねずみ	(はりねずみ,ハリネズミ)
針金	(はりがね)
針灸	(しんきゅう)
針路	(しんろ)
針鰻	(はりうなぎ)
針鼠	(はりねずみ,ハリネズミ)
針術	(しんじゅつ)
針箱	(はりばこ)
針小棒大	(しんしょうぼうだい)
針魚	(さより,はりお,サヨリ)
眞面目	(まじめ,マジメ)
眞言	(しんごん)
偵察	(ていさつ)
偵察隊	(ていさつたい)
偵察機	(ていさつき)
偵察衛星	(ていさつえいせい)
偵知	(ていち)
遉	(さすが)
斟酌	(しんしゃく)
榛の木	(はんのき,ハンノキ)
槇	(まき,マキ)
箴言	(しんげん)
鍼	(はり)
鍼灸	(しんきゅう)
鍼術	(しんじゅつ)
鍼治	(しんじ)
鱵	(さより,はりお,サヨリ)
枕	(まくら)
枕辺	(まくらべ)
姫	(ひめ)
姫さま	(ひめさま)
姫君	(ひめぎみ)
姫様	(ひめさま)
診る	(みる)
診察	(しんさつ)
診察台	(しんさつだい)
診断	(しんだん)
診断書	(しんだんしょ)
診療	(しんりょう)
診療支援	(しんりょうしえん)
陣地	(じんち)
陣容	(じんよう)
陣太鼓	(じんだいこ)
陣痛	(じんつう)
陣頭指揮	(じんとうしき)
陣形	(じんけい)
陣営	(じんえい)
陣中	(じんちゅう)
陣中見舞	(じんちゅうみまい)
陣中見舞い	(じんちゅうみまい)
振とう	(しんとう)
振られる	(ふられる,フラれる)
振り	(ぶり)
振りかえる	(ふりかえる)
振りかかる	(ふりかかる)
振りかけ	(ふりかけ)
振りかける	(ふりかける)
振りかざす	(ふりかざす)
振りがな	(ふりがな,フリガナ)
振りきる	(ふりきる)
振りそで	(ふりそで)
振りたてる	(ふりたてる)
振りほどく	(ふりほどく)
振りまく	(ふりまく)
振りまわす	(ふりまわす)
振りみだす	(ふりみだす)
振りわける	(ふりわける)
振り出	(ふりだし)
振り出し	(ふりだし)
振り出す	(ふりだす)
振り払う	(ふりはらう)
振り仮名	(ふりがな,フリガナ)
振り返る	(ふりかえる)
振り分ける	(ふりわける)
振り幅	(しんぷく,ふりはば)
振り掛け	(ふりかけ)
振り掛ける	(ふりかける)
振り合い	(ふりあい)
振り回す	(ふりまわす)
振り解く	(ふりほどく)
振り立てる	(ふりたてる)
振り乱す	(ふりみだす)
振り落す	(ふりおとす)
振り落とす	(ふりおとす)
振り切る	(ふりきる)
振り撒く	(ふりまく)
振り捨てる	(ふりすてる)
振り替	(ふりかえ)
振り替え	(ふりかえ)
振り替える	(ふりかえる)
振り向く	(ふりむく)
振り向ける	(ふりむける)
振り袖	(ふりそで)
振り翳す	(ふりかざす)
振り込み	(ふりこみ)
振り込む	(ふりこむ)
振り子	(ふりこ,しんし)
振る	(ふる)
振るい落す	(ふるいおとす)
振るい落とす	(ふるいおとす)
振る舞う	(ふるまう)
振れる	(ふれる)
振出	(ふりだし)
振出し	(ふりだし)
振出す	(ふりだす)
振出人	(ふりだしにん)
振盪	(しんとう)
振動	(しんどう)
振払う	(ふりはらう)
振仮名	(ふりがな,フリガナ)
振返る	(ふりかえる)
振分ける	(ふりわける)
振幅	(しんぷく,ふりはば)
振幅変調	(しんぷくへんちょう)
振掛け	(ふりかけ)
振合い	(ふりあい)
振回す	(ふりまわす)
振鈴	(しんれい)
振乱す	(ふりみだす)
振起	(しんき)
振切る	(ふりきる)
振捨てる	(ふりすてる)
振粛	(しんしゅく)
振替	(ふりかえ)
振替え	(ふりかえ)
振替える	(ふりかえる)
振舞う	(ふるまう)
振向く	(ふりむく)
振向ける	(ふりむける)
振興	(しんこう)
振袖	(ふりそで)
振込	(ふりこみ)
振込み	(ふりこみ)
振込む	(ふりこむ)
振子	(ふりこ,しんし)
振作	(しんさく)
賑やか	(にぎやか)
賑やかさ	(にぎやかさ)
賑わい	(にぎわい)
賑わう	(にぎわう)
賑わす	(にぎわす)
震う	(ふるう)
震え	(ふるえ)
震えあがる	(ふるえあがる)
震える	(ふるえる)
震え上がる	(ふるえあがる)
震れる	(ふれる)
震わせる	(ふるわせる)
震蕩	(しんとう)
震盪	(しんとう)
震動	(しんどう)
震度	(しんど)
震駭	(しんがい)
震央	(しんおう)
震源	(しんげん)
震災	(しんさい)
震災地	(しんさいち)
鎮まる	(しずまる)
鎮める	(しずめる)
鎮魂	(ちんこん,たましずめ)
鎮魂ミサ曲	(ちんこんミサきょく)
鎮魂帰神	(ちんこんきしん)
鎮魂曲	(ちんこんきょく)
鎮火	(ちんか)
鎮静	(ちんせい)
鎮静剤	(ちんせいざい)
鎮圧	(ちんあつ)
鎮木	(ちぎ)
鎮守	(ちんじゅ)
鎮守の杜	(ちんじゅのもり)
鎮守の森	(ちんじゅのもり)
鎮痛剤	(ちんつうざい)
鎮痛性	(ちんつうせい)
鎮痛薬	(ちんつうやく)
鎮主	(ちんじゅ)
鎮坐	(ちんざ)
鎮座	(ちんざ)
凧	(たこ,はた)
凧あげ	(たこあげ)
凧上げ	(たこあげ)
凧揚げ	(たこあげ)
争い	(あらそい)
争いごと	(あらそいごと)
争い好き	(あらそいずき)
争い怒る	(あらそいいかる)
争い事	(あらそいごと)
争い訴える	(あらそいうったえる)
争い戦う	(あらそいたたかう)
争う	(あらそう)
争で	(いかで)
争われない	(あらそわれない)
争覇	(そうは)
争覇戦	(そうはせん)
争点	(そうてん)
争闘	(そうとう)
争端	(そうたん)
争奪	(そうだつ)
争奪戦	(そうだつせん)
争乱	(そうらん)
争論	(そうろん)
争訟	(そうしょう)
争議	(そうぎ)
征伐	(せいばつ)
征服	(せいふく)
征服者	(せいふくしゃ)
筝	(こと,そう)
蒸かす	(ふかす)
蒸ける	(ふける)
蒸し返す	(むしかえす)
蒸し器	(むしき)
蒸し暑い	(むしあつい)
蒸し蒸し	(むしむし,ムシムシ)
蒸す	(むす)
蒸らす	(むらす)
蒸れる	(むれる)
蒸発	(じょうはつ)
蒸返す	(むしかえす)
蒸溜	(じょうりゅう)
蒸留	(じょうりゅう)
蒸留水	(じょうりゅうすい)
蒸餾	(じょうりゅう)
蒸篭	(せいろ,せいろう)
蒸籠	(せいろ,せいろう)
蒸気	(じょうき)
蒸汽	(じょうき)
蒸器	(むしき)
蒸散	(じょうさん)
蒸暑い	(むしあつい)
蒸着	(じょうちゃく)
箏	(こと,そう)
徴兵	(ちょうへい)
徴兵制	(ちょうへいせい)
徴候	(ちょうこう)
徴収	(ちょうしゅう)
徴税	(ちょうぜい)
徴傭	(ちょうよう)
徴用	(ちょうよう)
拯う	(すくう)
掟	(おきて)
整う	(ととのう)
整え	(ととのえ)
整える	(ととのえる)
整備	(せいび)
整地	(せいち)
整頓	(せいとん)
整合	(せいごう)
整合性	(せいごうせい)
整理	(せいり)
整理番号	(せいりばんごう)
整理券	(せいりけん)
整列	(せいれつ)
整流	(せいりゅう)
整流器	(せいりゅうき)
整然	(せいぜん)
整数	(せいすう)
整形	(せいけい)
整形外科	(せいけいげか)
正	(せい)
正しい	(ただしい)
正しく	(まさしく)
正す	(ただす)
正に	(まさに)
正北	(せいほく)
正本	(しょうほん)
正比例	(せいひれい)
正編	(せいへん)
正賓	(せいひん)
正兵	(せいへい)
正餐	(せいさん)
正常	(せいじょう)
正常化	(せいじょうか)
正常終了	(せいじょうしゅうりょう)
正朝	(せいちょう)
正出	(せいしゅつ)
正答	(せいとう)
正大	(せいだい)
正当	(せいとう)
正当防衛	(せいとうぼうえい)
正当化	(せいとうか)
正当性	(せいとうせい)
正道	(せいどう,しょうどう)
正嫡	(せいちゃく,せいてき)
正電気	(せいでんき)
正殿	(せいでん)
正調	(せいちょう)
正東	(せいとう)
正多角形	(せいたかくけい)
正反対	(せいはんたい)
正犯	(せいはん)
正犯者	(せいはんしゃ)
正方	(せいほう)
正方行列	(せいほうぎょうれつ)
正方形	(せいほうけい)
正風	(しょうふう)
正否	(せいひ)
正服	(せいふく)
正符号	(せいふごう)
正負	(せいふ)
正副	(せいふく)
正腹	(せいふく)
正割	(せいかつ)
正格	(せいかく)
正攻法	(せいこうほう)
正規	(せいき)
正規表現	(せいきひょうげん)
正規兵	(せいきへい)
正規分布	(せいきぶんぷ)
正規軍	(せいきぐん)
正規曲線	(せいききょくせん)
正号	(せいごう)
正鵠	(せいこく,せいこう)
正会員	(せいかいいん)
正貨	(せいか)
正甲板	(せいかんぱん)
正教	(せいきょう)
正教会	(せいきょうかい)
正教師	(せいきょうし)
正教員	(せいきょういん)
正接	(せいせつ)
正解	(せいかい)
正金	(しょうきん)
正金銀行	(しょうきんぎんこう)
正絹	(しょうけん)
正覚	(しょうがく)
正覚坊	(しょうがくぼう)
正客	(しょうきゃく,せいかく)
正課	(せいか)
正課外	(せいかがい)
正立	(せいりつ)
正路	(せいろ)
正論	(せいろん)
正帽	(せいぼう)
正門	(せいもん)
正夢	(まさゆめ)
正面	(しょうめん)
正面衝突	(しょうめんしょうとつ)
正面攻撃	(しょうめんこうげき)
正面図	(しょうめんず)
正面向き	(しょうめんむき)
正銘	(しょうめい)
正目	(まさめ)
正南	(せいなん)
正篇	(せいへん)
正妻	(せいさい)
正気	(しょうき)
正切	(せいせつ)
正確	(せいかく)
正確爆撃	(せいかくばくげき)
正確度	(せいかくど)
正閏	(せいじゅん)
正三角形	(せいさんかくけい,せいさんかっけい)
正色	(せいしょく)
正社員	(せいしゃいん)
正史	(せいし)
正使	(せいし)
正式	(せいしき)
正式メンバー	(せいしきメンバー)
正式発表	(せいしきはっぴょう)
正室	(せいしつ)
正視	(せいし)
正視眼	(せいしがん)
正書	(せいしょ)
正書法	(せいしょほう)
正数	(せいすう)
正朔	(せいさく)
正価	(せいか)
正体	(しょうたい)
正統	(せいとう,しょうとう)
正統派	(せいとうは)
正統信教	(せいとうしんきょう)
正投手	(せいとうしゅ)
正位	(せいい)
正味	(しょうみ)
正味値段	(しょうみねだん)
正味重量	(しょうみじゅうりょう)
正文	(せいぶん)
正午	(しょうご)
正物	(しょうぶつ)
正誤	(せいご)
正誤表	(せいごひょう)
正西	(せいせい)
正系	(せいけい)
正弦	(せいげん)
正弦波	(せいげんは)
正弦曲線	(せいげんきょくせん)
正邪	(せいじゃ)
正続	(せいぞく)
正訓	(せいくん)
正眼	(せいがん)
正業	(せいぎょう)
正意	(しょうい,せいい)
正義	(せいぎ)
正義感	(せいぎかん)
正音	(せいおん)
正油	(しょうゆ,しょうゆう)
正員	(せいいん)
正月	(しょうがつ)
正伝	(せいでん)
正則	(せいそく)
正則化	(せいそくか)
正札	(しょうふだ)
正札付き	(しょうふだつき)
正札値段	(しょうふだねだん)
正真正銘	(しょうしんしょうめい)
正々	(せいせい)
正々堂々	(せいせいどうどう)
正正	(せいせい)
正正堂堂	(せいせいどうどう)
正直	(しょうじき)
正直もの	(しょうじきもの)
正直者	(しょうじきもの)
正中	(せいちゅう)
正中線	(せいちゅうせん)
正装	(せいそう)
正子	(しょうし)
正字	(せいじ)
正字法	(せいじほう)
正宗	(まさむね)
正坐	(せいざ)
正座	(しょうざ)
政	(まつりごと,せい)
政変	(せいへん)
政策	(せいさく)
政策決定	(せいさくけってい)
政党	(せいとう)
政敵	(せいてき)
政府	(せいふ)
政府保証債	(せいふほしょうさい)
政府高官	(せいふこうかん)
政見	(せいけん)
政教分離	(せいきょうぶんり)
政界	(せいかい)
政局	(せいきょく)
政令	(せいれい)
政略	(せいりゃく)
政情	(せいじょう)
政権	(せいけん)
政体	(せいたい)
政治	(せいじ)
政治的	(せいじてき)
政治改革	(せいじかいかく)
政治家	(せいじか)
政治力	(せいじりょく)
政治学	(せいじがく)
症	(しょう)
症候	(しょうこう)
症候群	(しょうこうぐん)
症状	(しょうじょう)
証	(あかし)
証し	(あかし)
証拠	(しょうこ)
証明	(しょうめい)
証明済み	(しょうめいずみ)
証明書	(しょうめいしょ)
証取り法	(しょうとりほう)
証取法	(しょうとりほう)
証券	(しょうけん)
証券取引所	(しょうけんとりひきじょ)
証券取引委員会	(しょうけんとりひきいいんかい)
証人	(しょうにん)
証人喚問	(しょうにんかんもん)
証書	(しょうしょ)
証言	(しょうげん)
証印	(しょういん)
証正	(ぜせい)
諍い	(いさかい)
諍う	(いさかう)
鄭重	(ていちょう)
證據	(しょうこ)
證券	(しょうけん)
之	(の)
之等	(これら)
支え	(ささえ)
支える	(つかえる,つっかえる)
支部	(しぶ)
支持	(しじ)
支持者	(しじしゃ)
支出	(ししゅつ)
支点	(してん)
支店	(してん)
支店網	(してんもう)
支度	(したく)
支隊	(したい)
支払	(しはらい)
支払い	(しはらい)
支払う	(しはらう)
支給	(しきゅう)
支局	(しきょく)
支離滅裂	(しりめつれつ)
支流	(しりゅう)
支脈	(しみゃく)
支配	(しはい)
支配者	(しはいしゃ)
支社	(ししゃ)
支体	(したい)
支線	(しせん)
支援	(しえん)
支援団体	(しえんだんたい)
支援者	(しえんしゃ)
支障	(ししょう)
支柱	(しちゅう)
支族	(しぞく)
汁	(しる,つゆ)
汁粉	(しるこ)
芝	(しば)
芝草	(しばくさ)
芝居	(しばい)
芝居小屋	(しばいごや)
芝生	(しばふ)
芝刈り機	(しばかりき)
芝刈り器	(しばかりき)
芝刈機	(しばかりき)
巵子	(くちなし,クチナシ,しし)
枝	(えだ)
枝垂れ柳	(しだれやなぎ,シダレヤナギ)
枝垂柳	(しだれやなぎ,シダレヤナギ)
枝道	(えだみち)
枝豆	(えだまめ)
枝隊	(したい)
枝接ぎ	(えだつぎ)
枝切り	(えだきり)
枝葉	(えだは,しよう)
枝葉末節	(しようまっせつ)
枝折	(しおり)
枝折り	(しおり)
枝族	(しぞく)
知ったかぶり	(しったかぶり)
知ったか振り	(しったかぶり)
知らせ	(しらせ)
知らせる	(しらせる)
知らない	(しらない)
知らないあいだに	(しらないあいだに)
知らない間に	(しらないあいだに)
知らん顔	(しらんかお)
知りあい	(しりあい)
知りあう	(しりあう)
知りはじめる	(しりはじめる)
知り合	(しりあい)
知り合い	(しりあい)
知り合う	(しりあう)
知り始める	(しりはじめる)
知る	(しる)
知るかぎり	(しるかぎり)
知る限り	(しるかぎり)
知れる	(しれる)
知れわたる	(しれわたる)
知れ渡る	(しれわたる)
知的	(ちてき)
知的財産	(ちてきざいさん)
知的所有権	(ちてきしょゆうけん)
知合い	(しりあい)
知合う	(しりあう)
知恵	(ちえ)
知恵を絞る	(ちえをしぼる)
知恵者	(ちえしゃ,ちえもの)
知己	(ちき)
知見	(ちけん)
知覚	(ちかく)
知力	(ちりょく)
知名	(ちめい)
知名度	(ちめいど)
知木	(ちぎ)
知能	(ちのう)
知人	(ちじん)
知識	(ちしき)
知識表現	(ちしきひょうげん)
知識工学	(ちしきこうがく)
知事	(ちじ)
知性	(ちせい)
知性的	(ちせいてき)
知遇	(ちぐう)
肢	(あし)
肢体	(したい)
胝	(たこ,タコ)
祗候	(しこう)
隻手	(せきしゅ)
隻眼	(せきがん)
脂	(あぶら)
脂が乗る	(あぶらがのる)
脂け	(あぶらけ)
脂じみる	(あぶらじみる)
脂っこい	(あぶらっこい)
脂っ濃い	(あぶらっこい)
脂肪	(しぼう)
脂肪層	(しぼうそう)
脂肪酸	(しぼうさん)
脂汗	(あぶらあせ)
脂気	(あぶらけ)
脂染みる	(あぶらじみる)
脂身	(あぶらみ)
脂性	(あぶらしょう)
脂薬	(こうやく,あぶらぐすり)
梔	(くちなし,クチナシ,しし)
梔子	(くちなし,クチナシ,しし)
蜘蛛	(くも,ちちゅ,ちちゅう)
蜘蛛助	(くもすけ)
織りこむ	(おりこむ)
織りもの	(おりもの)
織り工	(しょっこう,おりこう)
織り機	(しょっき,おりき)
織り糸	(おりいと)
織り目	(おりめ)
織り物	(おりもの)
織り込む	(おりこむ)
織り姫	(おりひめ)
織る	(おる)
織工	(しょっこう,おりこう)
織機	(しょっき,おりき)
織目	(おりめ)
織女	(たなばた,しちせき)
織物	(おりもの)
織物業	(おりものぎょう)
織込む	(おりこむ)
織姫	(おりひめ)
直	(じき)
直き	(なおき)
直ぐ	(すぐ)
直ぐさま	(すぐさま)
直ぐそば	(すぐそば)
直ぐに	(すぐに)
直ぐ側	(すぐそば)
直ぐ様	(すぐさま)
直し	(なおし)
直し物	(なおしもの)
直す	(なおす)
直ちに	(ただちに)
直と	(ひたと)
直に	(じきに)
直筆	(じきひつ)
直参	(じきさん)
直腸	(ちょくちょう)
直出	(ちょくしゅつ)
直垂	(ひたたれ)
直達	(じきたつ)
直答	(ちょくとう,じきとう)
直刀	(ちょくとう)
直弟子	(じきでし)
直渡し	(じきわたし)
直段	(ねだん)
直払い	(じきはらい)
直方体	(ちょくほうたい)
直感	(ちょっかん)
直感的	(ちょっかんてき)
直観	(ちょっかん)
直観的	(ちょっかんてき)
直航	(ちょっこう)
直後	(ちょくご)
直撃	(ちょくげき)
直撃弾	(ちょくげきだん)
直積み出し	(じきつみだし)
直交	(ちょっこう)
直角	(ちょっかく)
直接	(ちょくせつ)
直接比較	(ちょくせつひかく)
直接的	(ちょくせつてき)
直接法	(ちょくせつほう)
直接費	(ちょくせつひ)
直接購入	(ちょくせつこうにゅう)
直接関係	(ちょくせつかんけい)
直接話法	(ちょくせつわほう)
直接回答	(ちょくせつかいとう)
直接会談	(ちょくせつかいだん)
直接教授法	(ちょくせつきょうじゅほう)
直接接触	(ちょくせつせっしょく)
直接接続	(ちょくせつせつぞく)
直接競争	(ちょくせつきょうそう)
直接目的語	(ちょくせつもくてきご)
直接税	(ちょくせつぜい)
直接協議	(ちょくせつきょうぎ)
直接行動	(ちょくせつこうどう)
直接伝染	(ちょくせつでんせん)
直接照準射撃	(ちょくせつしょうじゅんしゃげき)
直接支援	(ちょくせつしえん)
直結	(ちょっけつ)
直截	(ちょくせつ,ちょくさい)
直截簡明	(ちょくせつかんめい,ちょくさいかんめい)
直進	(ちょくしん)
直径	(ちょっけい)
直巻	(ちょくまき,じかまき)
直巻き	(ちょくまき,じかまき)
直覚	(ちょっかく)
直覧	(じきらん)
直立	(ちょくりつ)
直立不動	(ちょくりつふどう)
直立茎	(ちょくりつけい)
直列	(ちょくれつ)
直流	(ちょくりゅう)
直路	(すぐみち,ちょくろ)
直売	(ちょくばい)
直面	(ちょくめん)
直披	(じきひ,ちょくひ)
直前	(ちょくぜん)
直銭形	(ちょくせんけい)
直切る	(ねぎる)
直情	(ちょくじょう)
直情径行	(ちょくじょうけいこう)
直球	(ちょっきゅう)
直取引	(じきとりひき,じかとりひき)
直上	(ちょくじょう)
直焼き	(じかやき)
直射	(ちょくしゃ)
直視	(ちょくし)
直輸出	(じきゆしゅつ,ちょくゆしゅつ)
直輸入	(ちょくゆにゅう,じきゆにゅう)
直属	(ちょくぞく)
直税	(ちょくぜい)
直送	(ちょくそう)
直訴	(じきそ)
直談	(じかだん,じきだん)
直談判	(じかだんぱん,じきだんぱん)
直通	(ちょくつう)
直往	(ちょくおう)
直往邁進	(ちょくおうまいしん)
直系	(ちょっけい)
直轄	(ちょっかつ)
直轄地	(ちょっかつち)
直轄植民地	(ちょっかつしょくみんち)
直下	(ちょっか)
直線	(ちょくせん)
直向	(ひたむき)
直向き	(ひたむき)
直行	(ちょっこう)
直押しに	(ひたおしに)
直言	(ちょくげん)
直訳	(ちょくやく)
直営	(ちょくえい)
直映館	(ちょくえいかん)
直喩	(ちょくゆ)
直伝	(じきでん)
直々	(じきじき)
直直	(じきじき)
直中	(ただなか)
直走り	(ひたはしり,ひたばしり)
直奏	(じきそう)
直足袋	(じかたび)
姪	(めい)
値	(あたい)
値うち	(ねうち)
値ごろ	(ねごろ)
値ザヤ	(ねざや)
値ざや	(ねざや)
値する	(あたいする)
値安	(ねやす)
値打	(ねうち)
値打ち	(ねうち)
値動き	(ねうごき)
値段	(ねだん)
値段表	(ねだんひょう)
値段付け	(ねだんづけ)
値幅	(ねはば)
値積もり	(ねづもり)
値巾	(ねはば)
値鞘	(ねざや)
値切る	(ねぎる)
値頃	(ねごろ)
値上	(ねあげ)
値上がり	(ねあがり)
値上げ	(ねあげ)
値上り	(ねあがり)
値踏み	(ねぶみ)
値下	(ねさげ)
値下がり	(ねさがり)
値下げ	(ねさげ)
値引	(ねびき)
値引き	(ねびき)
値遇	(ちぐう)
値増し	(ねまし)
埴	(ねんど,ねばつち,へなつち)
埴土	(ねんど,ねばつち,へなつち)
執よう	(しつよう,しつおう)
執り成す	(とりなす)
執り持つ	(とりもつ)
執り行う	(とりおこなう)
執り行なう	(とりおこなう)
執る	(とる)
執拗	(しつよう,しつおう)
執拗い	(しつこい,しつっこい)
執筆	(しっぴつ)
執筆者	(しっぴつしゃ)
執持つ	(とりもつ)
執達吏	(しったつり)
執刀	(しっとう)
執念	(しゅうねん)
執念ぶかい	(しゅうねんぶかい)
執念深い	(しゅうねんぶかい)
執権	(しっけん)
執事	(しつじ)
執務	(しつむ)
執心	(しゅうしん)
執行	(しっこう,しゅぎょう,しゅうぎょう)
執行猶予	(しっこうゆうよ)
執着	(しゅうちゃく,しゅうじゃく)
執著	(しゅうちゃく,しゅうじゃく)
植えつける	(うえつける)
植える	(うえる)
植え付ける	(うえつける)
植え木	(うえき)
植わる	(うわる)
植付ける	(うえつける)
植林	(しょくりん)
植民	(しょくみん)
植民地	(しょくみんち)
植民地統治	(しょくみんちとうち)
植木	(うえき)
植木鉢	(うえきばち)
植木屋	(うえきや)
植樹	(しょくじゅ)
植物	(しょくぶつ)
植物人間	(しょくぶつにんげん)
植物性脂肪	(しょくぶつせいしぼう)
植物園	(しょくぶつえん)
植字	(しょくじ,ちょくじ)
殖える	(ふえる)
殖やす	(ふやす)
殖民	(しょくみん)
殖民地	(しょくみんち)
職	(しょく,そく)
職別	(しきべつ)
職場	(しょくば)
職工	(しょっこう)
職歴	(しょくれき)
職能	(しょくのう)
職能給	(しょくのうきゅう)
職権	(しょっけん)
職人	(しょくにん)
職務	(しょくむ)
職業	(しょくぎょう)
職員	(しょくいん)
職員室	(しょくいんしつ)
躑躅	(つつじ,ツツジ)
止す	(よす)
止まる	(とまる)
止む	(やむ)
止むなく	(やむなく)
止むを得ず	(やむをえず)
止む無く	(やむなく)
止め	(とめ)
止める	(とめる)
止め金	(とめがね)
止め置く	(とめおく)
止金	(とめがね)
止宿	(ししゅく)
止血	(しけつ)
止血剤	(しけつざい)
止置く	(とめおく)
只	(ただ,タダ)
只ならぬ	(ただならぬ)
只に	(ただに)
只管	(ひたすら)
只今	(ただいま)
只者	(ただもの,タダモノ,タダもの)
只々	(ただただ)
只只	(ただただ)
只中	(ただなか)
凪	(なぎ)
凪ぐ	(なぐ)
旨	(むね)
旨い	(うまい)
旨い汁	(うまいしる)
旨がる	(うまがる)
旨く	(うまく)
旨く行く	(うまくいく)
旨み	(うまみ)
旨味	(うまみ)
旨味しい	(おいしい,オイシイ)
旨々	(うまうま,ウマウマ)
旨旨	(うまうま,ウマウマ)
址	(あと)
指	(ゆび,および,おゆび)
指さす	(ゆびさす)
指し示す	(さししめす)
指す	(さす)
指ぬき	(ゆびぬき)
指標	(しひょう)
指叉	(さすまた,サスマタ)
指差す	(ゆびさす)
指導	(しどう)
指導部	(しどうぶ)
指導者	(しどうしゃ)
指定	(してい)
指定券	(していけん)
指定席	(していせき)
指貫	(ゆびぬき)
指貫き	(ゆびぬき)
指話法	(しわほう)
指環	(ゆびわ)
指揮	(しき)
指揮棒	(しきぼう)
指揮官	(しきかん)
指揮所	(しきじょ)
指揮所演習	(しきじょえんしゅう)
指揮者	(しきしゃ)
指麾	(しき)
指結び	(ゆびむすび)
指圧	(しあつ)
指令	(しれい)
指輪	(ゆびわ)
指名	(しめい)
指名試合	(しめいじあい)
指名手配	(しめいてはい)
指名手配人	(しめいてはいじん)
指南	(しなん)
指示	(しじ,しし)
指示す	(さししめす)
指示詞	(しじし)
指示先	(しじさき)
指示装置	(しじそうち)
指数	(しすう)
指数部	(しすうぶ)
指数関数	(しすうかんすう)
指嗾	(しそう,しぞく)
指弾	(しだん)
指図	(さしず)
指紋	(しもん)
指先	(ゆびさき)
指向	(しこう)
指向性爆薬	(しこうせいばくやく)
指摘	(してき)
指針	(ししん)
指指す	(ゆびさす)
咫尺	(しせき)
紙	(かみ)
紙くず	(かみくず)
紙つぶて	(かみつぶて)
紙包み	(かみづつみ)
紙幣	(しへい)
紙袋	(かみぶくろ,かんぶくろ)
紙幅	(しふく)
紙礫	(かみつぶて)
紙面	(しめん)
紙屑	(かみくず)
紙型	(かみがた,しけい)
紙一枚	(かみいちまい)
紙魚	(しみ,とぎょ)
紙鳶	(たこ,はた)
紙凧	(たこ,はた)
紙芝居	(かみしばい)
至って	(いたって)
至らない	(いたらない)
至る	(いたる)
至る処	(いたるところ)
至る所	(いたるところ)
至れりつくせり	(いたれりつくせり)
至れり尽くせり	(いたれりつくせり)
至れり尽せり	(いたれりつくせり)
至宝	(しほう)
至東京	(いたるとうきょう)
至福	(しふく)
至高	(しこう)
至急	(しきゅう)
至急便	(しきゅうびん)
至極	(しごく)
至難	(しなん)
至上	(しじょう)
至言	(しげん)
志	(こころざし)
志す	(こころざす)
志ん板	(しんぱん)
志集	(ししゅう)
志士	(しし)
志望	(しぼう)
志向	(しこう)
志願	(しがん)
志願兵	(しがんへい)
志願者	(しがんしゃ)
制	(せい)
制する	(せいする)
制覇	(せいは)
制裁	(せいさい)
制定	(せいてい)
制動	(せいどう)
制動放射	(せいどうほうしゃ)
制動機	(せいどうき)
制動手	(せいどうしゅ)
制度	(せいど)
制服	(せいふく)
制服制帽	(せいふくせいぼう)
制海権	(せいかいけん)
制圧	(せいあつ)
制空	(せいくう)
制空権	(せいくうけん)
制令	(せいれい)
制帽	(せいぼう)
制球	(せいきゅう)
制球力	(せいきゅうりょく)
制勝	(せいしょう)
制酸剤	(せいさんざい)
制限	(せいげん)
制限漢字	(せいげんかんじ)
制限事項	(せいげんじこう)
制限速度	(せいげんそくど)
制限外の字	(せいげんがいのじ)
制欲	(せいよく)
制馭	(せいぎょ)
制御	(せいぎょ)
制御コード	(せいぎょコード)
制御システム	(せいぎょシステム)
制御機	(せいぎょき)
制御盤	(せいぎょばん)
制御器	(せいぎょき)
制御下	(せいぎょか)
制御装置	(せいぎょそうち)
制慾	(せいよく)
制禦	(せいぎょ)
制約	(せいやく)
制約条件	(せいやくじょうけん)
制約伝搬	(せいやくでんぱん)
制造	(せいぞう)
制札	(せいさつ)
制止	(せいし)
制肘	(せいちゅう)
制作	(せいさく)
制作室	(せいさくしつ)
炙りだす	(あぶりだす)
炙り出し	(あぶりだし)
炙り出す	(あぶりだす)
炙る	(あぶる)
治まる	(おさまる)
治める	(おさめる)
治る	(なおる)
治安	(ちあん)
治安部隊	(ちあんぶたい)
治具	(ジグ)
治療	(ちりょう,じりょう)
治水	(ちすい)
治癒	(ちゆ)
桎	(あしかせ,あしがせ)
桎梏	(しっこく)
致す	(いたす)
致命	(ちめい)
致命的	(ちめいてき)
致命傷	(ちめいしょう)
致死	(ちし)
致死量	(ちしりょう)
秩序	(ちつじょ)
痔ろう	(じろう)
痔核	(じかく)
痔瘻	(じろう)
窒扶斯	(チフス,チブス,チプス)
窒素	(ちっそ)
窒息	(ちっそく)
窒息ガス	(ちっそくガス)
窒息死	(ちっそくし)
蛭	(ひる,ヒル)
蛭子	(えびす,ゑびす,ひるこ)
智恵	(ちえ)
智慧	(ちえ)
智見	(ちけん)
智覚	(ちかく)
智力	(ちりょく)
智利	(チリ)
智能	(ちのう)
智識	(ちしき)
痣	(あざ,アザ)
滞り	(とどこおり)
滞る	(とどこおる)
滞納	(たいのう)
滞納者	(たいのうしゃ)
滞日	(たいにち)
滞在	(たいざい)
置きかえる	(おきかえる)
置きもの	(おきもの)
置き場	(おきば)
置き換える	(おきかえる)
置き替える	(おきかえる)
置き物	(おきもの)
置き引き	(おきびき)
置く	(おく)
置場	(おきば)
置換	(ちかん)
置換える	(おきかえる)
置換キャラクタ	(ちかんキャラクタ)
置換モード	(ちかんモード)
置物	(おきもの)
置引き	(おきびき)
雉	(キジ,きじ)
雉子	(キジ,きじ)
稚児	(ちご)
稚海藻	(わかめ,ワカメ)
稚気	(ちき)
稚鰤	(わらさ,ワラサ)
稚魚	(ちぎょ)
稚拙	(ちせつ)
稚子	(みずこ,みずご,ちし)
製	(せい)
製版	(せいはん)
製本	(せいほん)
製氷	(せいひょう)
製法	(せいほう)
製粉	(せいふん)
製粉所	(せいふんじょ,せいふんしょ)
製缶工場	(せいかんこうじょう)
製鋼	(せいこう)
製鋼所	(せいこうじょ,せいこうしょ)
製鋼業	(せいこうぎょう)
製菓	(せいか)
製錬	(せいれん)
製品	(せいひん)
製品ライン	(せいひんライン)
製品戦略	(せいひんせんりゃく)
製糖	(せいとう)
製鉄	(せいてつ)
製図	(せいず)
製図家	(せいずか)
製靴	(せいか)
製薬	(せいやく)
製造	(せいぞう)
製造品	(せいぞうひん)
製造者	(せいぞうしゃ)
製作	(せいさく)
製作者	(せいさくしゃ)
誌	(し)
誌す	(しるす,きす)
誌等で	(しとうで)
誌面	(しめん)
誌上	(しじょう)
質	(しつ)
質・量	(しつりょう)
質す	(ただす)
質的	(しつてき)
質点	(しつてん)
質点系	(しつてんけい)
質量	(しつりょう)
質朴	(しつぼく)
質樸	(しつぼく)
質実剛健	(しつじつごうけん)
質素	(しっそ)
質問	(しつもん)
質問用紙	(しつもんようし)
質問者	(しつもんしゃ)
質屋	(しちや)
質疑	(しつぎ)
質疑応答	(しつぎおうとう)
膣	(ちつ)
薙ぎ倒す	(なぎたおす)
薙刀	(なぎなた)
薙鉈	(なぎなた)
緻密	(ちみつ)
擲り込み	(なぐりこみ)
擲る	(なぐる)
擲弾	(てきだん)
擲弾発射筒	(てきだんはっしゃとう)
櫛	(くし,クシ)
櫛比	(しっぴ)
穉気	(ちき)
躓く	(つまずく,つまづく)
中	(うち)
中くらい	(ちゅうくらい,ちゅうぐらい)
中ぐらい	(ちゅうくらい,ちゅうぐらい)
中ぐり盤	(なかぐりばん)
中ごろ	(なかごろ)
中ソ	(ちゅうソ)
中たり	(あたり,アタリ)
中たる	(あたる)
中だるみ	(なかだるみ,なかだゆみ)
中っ腹	(ちゅうっぱら,ちゅっぱら)
中テン	(ちゅうてん,なかてん,ちゅうテン)
中には	(なかには)
中ば	(なかば)
中ほど	(なかほど)
中り	(あたり,アタリ)
中る	(あたる)
中ロ	(ちゅうろ,ちゅうロ)
中を取る	(なかをとる)
中半	(ちゅうはん)
中保	(ちゅうほ)
中保者	(ちゅうほしゃ)
中背	(ちゅうぜい)
中編	(ちゅうへん)
中柄	(ちゅうがら)
中波	(ちゅうは)
中波長	(ちゅうはちょう)
中部	(ちゅうぶ)
中部アフリカ	(ちゅうぶアフリカ)
中部太平洋	(ちゅうぶたいへいよう)
中産階級	(ちゅうさんかいきゅう)
中長期	(ちゅうちょうき)
中程	(なかほど)
中弛み	(なかだるみ,なかだゆみ)
中春	(ちゅうしゅん)
中次	(なかつぎ)
中次ぎ	(なかつぎ)
中島	(なかじま)
中道	(ちゅうどう)
中道派	(ちゅうどうは)
中稲	(なかて)
中等	(ちゅうとう)
中等教育	(ちゅうとうきょういく)
中等教員	(ちゅうとうきょういん)
中等学校	(ちゅうとうがっこう)
中低	(なかびく)
中砥	(なかと)
中点	(ちゅうてん,なかてん,ちゅうテン)
中冬	(ちゅうとう)
中東	(ちゅうとう)
中働き	(なかばたらき)
中毒	(ちゅうどく)
中段	(ちゅうだん)
中断	(ちゅうだん)
中隊	(ちゅうたい)
中耳	(ちゅうじ)
中耳炎	(ちゅうじえん)
中二階	(ちゅうにかい)
中飯	(ちゅうはん)
中分	(ちゅうぶん)
中風	(ちゅうふう,ちゅうぶ,ちゅうぶう)
中幅	(ちゅうはば)
中腹	(ちゅうふく)
中高	(なかだか)
中高音部	(ちゅうこうおんぶ)
中隔	(ちゅうかく)
中耕機	(ちゅうこうき)
中更	(ちゅうこう)
中宮	(ちゅうぐう)
中共	(ちゅうきょう)
中共軍	(ちゅうきょうぐん)
中古	(ちゅうこ,ちゅうぶる)
中古車	(ちゅうこしゃ)
中古品	(ちゅうこひん)
中規模	(ちゅうきぼ)
中国	(ちゅうごく,ちゅうこく)
中国拳法	(ちゅうごくけんぽう)
中国人	(ちゅうごくじん)
中国語	(ちゅうごくご)
中國	(ちゅうごく,ちゅうこく)
中和	(ちゅうわ)
中核	(ちゅうかく)
中黒	(なかぐろ)
中華	(ちゅうか)
中華街	(ちゅうかがい)
中華料理	(ちゅうかりょうり)
中華民国	(ちゅうかみんこく)
中華人民共和国	(ちゅうかじんみんきょうわこく)
中積み	(なかづみ)
中級	(ちゅうきゅう)
中級品	(ちゅうきゅうひん)
中継	(なかつぎ)
中継ぎ	(なかつぎ)
中継放送	(ちゅうけいほうそう)
中継所	(ちゅうけいじょ)
中甲板	(ちゅうかんぱん)
中堅	(ちゅうけん)
中堅手	(ちゅうけんしゅ)
中間	(ちゅうかん)
中間層	(ちゅうかんそう)
中間国	(ちゅうかんこく)
中間景気	(ちゅうかんけいき)
中間内閣	(ちゅうかんないかく)
中間派	(ちゅうかんは)
中間配当額	(ちゅうかんはいとうがく)
中間商人	(ちゅうかんしょうにん)
中間体	(ちゅうかんたい)
中間小説	(ちゅうかんしょうせつ)
中間選挙	(ちゅうかんせんきょ)
中間駅	(ちゅうかんえき)
中間搾取	(ちゅうかんさくしゅ)
中間子	(ちゅうかんし)
中将	(ちゅうじょう)
中近東	(ちゅうきんとう)
中京	(ちゅうきょう)
中景	(ちゅうけい)
中居	(なかい)
中句	(ちゅうく)
中距離	(ちゅうきょり)
中距離競走	(ちゅうきょりきょうそう)
中巻	(ちゅうかん)
中絶	(ちゅうぜつ)
中空	(ちゅうくう,なかぞら)
中空壁	(ちゅうくうかべ)
中口	(なかぐち)
中刳り	(なかぐり)
中刳り盤	(なかぐりばん)
中刳盤	(なかぐりばん)
中労委	(ちゅうろうい)
中老	(ちゅうろう)
中力粉	(ちゅうりきこ)
中立	(ちゅうりつ)
中立地帯	(ちゅうりつちたい)
中立国	(ちゅうりつこく)
中立面	(ちゅうりつめん)
中立性	(ちゅうりつせい)
中流	(ちゅうりゅう)
中流社会	(ちゅうりゅうしゃかい)
中露	(ちゅうろ,ちゅうロ)
中略	(ちゅうりゃく)
中帽	(なかぼう)
中米	(ちゅうべい)
中糸	(ちゅういと)
中皿	(ちゅうざら)
中幕	(なかまく)
中南米	(ちゅうなんべい)
中脳	(ちゅうのう)
中年	(ちゅうねん)
中年増	(ちゅうどしま)
中年者	(ちゅうねんもの)
中農	(ちゅうのう)
中欧	(ちゅうおう)
中盤	(ちゅうばん)
中盤戦	(ちゅうばんせん)
中判	(ちゅうばん)
中篇	(ちゅうへん)
中瓶	(ちゅうびん)
中破	(ちゅうは)
中期	(ちゅうき)
中気	(ちゅうき)
中前	(ちゅうぜん)
中頃	(なかごろ)
中秋	(ちゅうしゅう,ちゅうじゅう,なかあき)
中秋の名月	(ちゅうしゅうのめいげつ)
中日	(ちゅうにち)
中肉	(ちゅうにく)
中肉中背	(ちゅうにくちゅうぜい)
中入	(なかいり)
中入り	(なかいり)
中傷	(ちゅうしょう)
中身	(あてみ)
中生	(なかて)
中世	(ちゅうせい)
中世史	(ちゅうせいし)
中仕	(なかし)
中仕切	(なかじきり)
中仕切り	(なかじきり)
中手	(なかて)
中枢	(ちゅうすう)
中枢神経系統	(ちゅうすうしんけいけいとう)
中枢性	(ちゅうすうせい)
中数	(ちゅうすう)
中水道	(ちゅうすいどう)
中蘇	(ちゅうソ)
中速	(ちゅうそく)
中堂	(ちゅうどう)
中天	(ちゅうてん)
中庭	(なかにわ)
中通り	(ちゅうどおり)
中途	(ちゅうと)
中途ハンパ	(ちゅうとはんぱ)
中途半端	(ちゅうとはんぱ)
中途退学	(ちゅうとたいがく)
中塗	(なかぬり)
中塗り	(なかぬり)
中退	(ちゅうたい)
中外	(ちゅうがい)
中位	(ちゅうい)
中位数	(ちゅういすう)
中味	(なかみ)
中尉	(ちゅうい)
中西部	(ちゅうせいぶ)
中限	(なかぎり)
中項	(ちゅうこう)
中小	(ちゅうしょう)
中小企業	(ちゅうしょうきぎょう)
中小諸国家	(ちゅうしょうしょこっか)
中心	(ちゅうしん)
中心とする	(ちゅうしんとする)
中心地	(ちゅうしんち)
中心的	(ちゅうしんてき)
中心的役割	(ちゅうしんてきやくわり)
中心点	(ちゅうしんてん)
中心人物	(ちゅうしんじんぶつ)
中心思想	(ちゅうしんしそう)
中形	(ちゅうがた)
中型	(ちゅうがた)
中性	(ちゅうせい)
中性洗剤	(ちゅうせいせんざい)
中性子	(ちゅうせいし)
中興	(ちゅうこう)
中興の祖	(ちゅうこうのそ)
中休み	(なかやすみ)
中学	(ちゅうがく)
中学生	(ちゅうがくせい)
中学校	(ちゅうがっこう)
中旬	(ちゅうじゅん)
中央	(ちゅうおう)
中央アジア	(ちゅうおうアジア)
中央部	(ちゅうおうぶ)
中央処理装置	(ちゅうおうしょりそうち)
中央集権	(ちゅうおうしゅうけん)
中央集権化	(ちゅうおうしゅうけんか)
中央計画	(ちゅうおうけいかく)
中央口	(ちゅうおうぐち)
中央労働	(ちゅうおうろうどう)
中央突破	(ちゅうおうとっぱ)
中央委員会	(ちゅうおういいんかい)
中央政府	(ちゅうおうせいふ)
中夭	(ちゅうよう)
中腰	(ちゅうごし)
中葉	(ちゅうよう)
中衣くし	(なかがくし)
中衣嚢	(なかがくし)
中医	(ちゅうい)
中医学	(ちゅういがく)
中陰	(ちゅういん)
中庸	(ちゅうよう)
中元	(ちゅうげん)
中垣	(なかがき)
中原	(ちゅうげん)
中原の鹿	(ちゅうげんのしか)
中折り	(なかおり)
中折れ	(なかおれ)
中折れ帽	(なかおれぼう)
中折れ帽子	(なかおれぼうし)
中折帽	(なかおれぼう)
中折帽子	(なかおれぼうし)
中震	(ちゅうしん)
中正	(ちゅうせい)
中支	(ちゅうし)
中支那	(なかしな)
中値	(なかね)
中止	(ちゅうし)
中指	(なかゆび,ちゅうし)
中々	(なかなか)
中中	(なかなか)
中州	(なかす)
中洲	(なかす)
中軸	(ちゅうじく)
中柱	(なかばしら)
中尊	(ちゅうぞん,ちゅうそん)
中佐	(ちゅうさ)
中坐	(ちゅうざ)
中座	(ちゅうざ)
忠臣蔵	(ちゅうしんぐら)
忠誠	(ちゅうせい)
忠告	(ちゅうこく)
忠実	(ちゅうじつ)
忠孝	(ちゅうこう)
忠義	(ちゅうぎ)
衷情	(ちゅうじょう)
衷心	(ちゅうしん)
終	(おわり)
終い	(しまい)
終う	(しまう)
終える	(おえる)
終えん	(しゅうえん)
終に	(ついに)
終り	(おわり)
終り値	(おわりね)
終る	(おわる)
終わり	(おわり)
終わり値	(おわりね)
終わる	(おわる)
終点	(しゅうてん)
終電	(しゅうでん)
終電車	(しゅうでんしゃ)
終端	(しゅうたん)
終結	(しゅうけつ)
終局	(しゅうきょく)
終刊	(しゅうかん)
終了	(しゅうりょう)
終末	(しゅうまつ)
終幕	(しゅうまく)
終盤	(しゅうばん)
終盤戦	(しゅうばんせん)
終日	(しゅうじつ)
終身	(しゅうしん)
終身雇用制	(しゅうしんこようせい)
終身刑	(しゅうしんけい)
終審	(しゅうしん)
終始	(しゅうし)
終息	(しゅうそく)
終熄	(しゅうそく)
終焉	(しゅうえん)
終演	(しゅうえん)
終夜	(しゅうや)
終業	(しゅうぎょう)
終戦	(しゅうせん)
終着駅	(しゅうちゃくえき)
終値	(おわりね)
終止	(しゅうし)
終止符	(しゅうしふ)
終止形	(しゅうしけい)
鍾き	(しょうき)
鍾馗	(しょうき)
鍾乳洞	(しょうにゅうどう)
鍾乳石	(しょうにゅうせき)
螽斯	(きりぎりす,キリギリス)
螽蟖	(きりぎりす,キリギリス)
鐘	(かね)
鐘楼	(しょうろう,しゅろう)
鐘木	(しゅもく,しもく)
鐘乳洞	(しょうにゅうどう)
鐘乳石	(しょうにゅうせき)
冢	(つか)
塚	(つか)
腫	(しゅ)
腫れあがる	(はれあがる)
腫れる	(はれる)
腫れ上がる	(はれあがる)
腫大	(しゅだい)
腫上がる	(はれあがる)
腫瘍	(しゅよう)
腫脹	(しゅちょう)
種	(しゅ)
種別	(しゅべつ)
種痘	(しゅとう)
種類	(しゅるい)
種苗	(しゅびょう)
種目	(しゅもく)
種違い	(たねちがい)
種姓	(すじょう,そせい,しゅせい)
種々	(しゅじゅ)
種種	(しゅじゅ)
種子	(しゅし)
種族	(しゅぞく)
踵	(かかと,きびす,くびす)
仲	(なか)
仲がいい	(なかがいい,なかがよい)
仲がよい	(なかがいい,なかがよい)
仲が良い	(なかがいい,なかがよい)
仲たがい	(なかたがい)
仲むつまじい	(なかむつまじい)
仲よく	(なかよく)
仲よし	(なかよし)
仲保	(ちゅうほ)
仲保者	(ちゅうほしゃ)
仲裁	(ちゅうさい)
仲裁々判	(ちゅうさいさいばん)
仲裁裁判	(ちゅうさいさいばん)
仲裁裁判所	(ちゅうさいさいばんしょ)
仲裁人	(ちゅうさいにん)
仲裁者	(ちゅうさいしゃ)
仲春	(ちゅうしゅん)
仲冬	(ちゅうとう)
仲働き	(なかばたらき)
仲好く	(なかよく)
仲好し	(なかよし)
仲核	(ちゅうかく)
仲間	(なかま)
仲間はずれ	(なかまはずれ)
仲間ぼめ	(なかまぼめ)
仲間褒	(なかまぼめ)
仲間褒め	(なかまぼめ)
仲間割れ	(なかまわれ)
仲間入り	(なかまいり)
仲間同士	(なかまどうし)
仲間外れ	(なかまはずれ)
仲間値段	(なかまねだん)
仲介	(ちゅうかい)
仲介物	(ちゅうかいぶつ)
仲介者	(ちゅうかいしゃ)
仲居	(なかい)
仲立	(なかだち)
仲立ち	(なかだち)
仲立人	(なかだちにん)
仲良く	(なかよく)
仲良し	(なかよし)
仲買	(なかがい)
仲買い	(なかがい)
仲買人	(なかがいにん)
仲睦まじい	(なかむつまじい)
仲秋	(ちゅうしゅう,ちゅうじゅう,なかあき)
仲人	(なこうど,ちゅうにん)
仲人口	(なこうどぐち)
仲仕	(なかし)
仲違い	(なかたがい)
仲夏	(ちゅうか)
仲兄	(ちゅうけい)
仲直り	(なかなおり)
仲値	(なかね)
仲々	(なかなか)
仲仲	(なかなか)
狆	(ちん,チン)
重	(おも)
重い	(おもい)
重おもしい	(おもおもしい)
重さ	(おもさ)
重し石	(おもしいし)
重たい	(おもたい)
重なりあう	(かさなりあう)
重なり合う	(かさなりあう)
重なる	(かさなる)
重ね	(かさね)
重ねかける	(かさねかける)
重ねて	(かさねて)
重ねる	(かさねる)
重ね詞	(かさねことば)
重ね掛ける	(かさねかける)
重ね合わせ	(かさねあわせ)
重ね合わせる	(かさねあわせる)
重ね書き	(かさねがき)
重ね言葉	(かさねことば)
重ね着	(かさねぎ)
重ね重ね	(かさねがさね)
重み	(おもみ)
重め	(おもめ)
重り	(おもり)
重る	(おもる)
重んじる	(おもんじる)
重んずる	(おもんずる)
重愛	(じゅうあい)
重版	(じゅうはん)
重宝	(ちょうほう,じゅうほう)
重宝がる	(ちょうほうがる)
重病	(じゅうびょう)
重曹	(じゅうそう)
重臣	(じゅうしん)
重出	(じゅうしゅつ)
重吹く	(しぶく)
重詞	(かさねことば)
重大	(じゅうだい)
重大化	(じゅうだいか)
重大視	(じゅうだいし)
重大性	(じゅうだいせい)
重代	(じゅうだい)
重点	(じゅうてん)
重点主義	(じゅうてんしゅぎ)
重畳	(ちょうじょう,じゅうじょう)
重篤	(じゅうとく)
重噸	(じゅうとん)
重恩	(ちょうおん)
重罰	(じゅうばつ)
重犯	(じゅうはん,じゅうぼん,ちょうはん)
重復	(ちょうふく,じゅうふく)
重複	(ちょうふく,じゅうふく)
重複保険	(ちょうふくほけん)
重工業	(じゅうこうぎょう)
重軌条	(じゅうきじょう)
重合	(じゅうごう)
重荷	(おもに,じゅうか)
重厚	(じゅうこう,ちょうこう)
重患	(じゅうかん)
重婚	(じゅうこん)
重婚者	(じゅうこんしゃ)
重火器	(じゅうかき)
重機	(じゅうき)
重機関銃	(じゅうきかんじゅう)
重積	(じゅうせき)
重詰	(じゅうづめ)
重詰め	(じゅうづめ)
重金属	(じゅうきんぞく)
重謹慎	(じゅうきんしん)
重禁固	(じゅうきんこ)
重禁錮	(じゅうきんこ)
重圧	(じゅうあつ)
重科	(じゅうか)
重刻	(じゅうこく)
重苦しい	(おもくるしい)
重労働	(じゅうろうどう)
重力	(じゅうりょく)
重立つ	(おもだつ)
重利	(じゅうり)
重量	(じゅうりょう)
重量噸	(じゅうりょうとん)
重量噸数	(じゅうりょうとんすう)
重量感	(じゅうりょうかん)
重量感覚	(じゅうりょうかんかく)
重量拳闘選手	(じゅうりょうけんとうせんしゅ)
重量選手	(じゅうりょうせんしゅ)
重母音	(じゅうぼいん)
重目	(おもめ)
重農主義	(じゅうのうしゅぎ)
重砲	(じゅうほう)
重騎兵	(じゅうきへい)
重器	(じゅうき)
重任	(じゅうにん)
重殺	(じゅうさつ)
重商主義	(じゅうしょうしゅぎ)
重傷	(じゅうしょう,おもで)
重傷者	(じゅうしょうしゃ)
重視	(じゅうし)
重手	(じゅうしょう,おもで)
重手代	(おもてだい)
重水	(じゅうすい)
重水素	(じゅうすいそ)
重税	(じゅうぜい)
重説	(じゅうせつ)
重酸素	(じゅうさんそ)
重態	(じゅうたい)
重湯	(おもゆ)
重体	(じゅうたい)
重聴	(じゅうちょう)
重囲	(じゅうい,ちょうい)
重味	(おもみ)
重文	(じゅうぶん)
重箱	(じゅうばこ)
重箱読	(じゅうばこよみ)
重箱読み	(じゅうばこよみ)
重心	(じゅうしん)
重星	(じゅうせい)
重刑	(じゅうけい)
重言葉	(かさねことば)
重陽	(ちょうよう)
重要	(じゅうよう)
重要産業	(じゅうようさんぎょう)
重要視	(じゅうようし)
重要文化財	(じゅうようぶんかざい)
重要性	(じゅうようせい)
重液	(じゅうえき)
重役	(じゅうやく,おもやく)
重役会	(じゅうやっかい)
重訳	(じゅうやく,ちょうやく)
重用	(じゅうよう,ちょうよう)
重油	(じゅうゆ)
重縁	(じゅうえん)
重責	(じゅうせき)
重戦車	(じゅうせんしゃ)
重鎮	(じゅうちん)
重症	(じゅうしょう)
重症例	(じゅうしょうれい)
重症者	(じゅうしょうしゃ)
重職	(じゅうしょく)
重々	(じゅうじゅう)
重重	(じゅうじゅう)
重々しい	(おもおもしい)
重重しい	(おもおもしい)
重奏	(じゅうそう)
重罪	(じゅうざい)
重祚	(じゅうそ,ちょうそ)
衆	(しゅう,しゅ)
衆参両院	(しゅうさんりょういん)
衆目	(しゅうもく)
衆人環視	(しゅうじんかんし)
衆人監視	(しゅうじんかんし)
衆生	(しゅじょう,しゅうせい,すじょう)
衆議院	(しゅうぎいん)
衆院	(しゅういん)
舟	(ふね)
舟唄	(ふなうた)
舟底	(せんてい,ふなぞこ,ふなそこ)
舟歌	(ふなうた)
舟橋	(ふなばし,しゅうきょう)
舟艇	(しゅうてい)
舟酔い	(ふなよい)
州	(しゅう)
州境	(しゅうきょう,しゅうざかい)
州崎	(すさき)
州俗	(しゅうぞく)
州々	(しゅうしゅう)
州州	(しゅうしゅう)
周	(しゅう)
周く	(あまねく)
周り	(まわり)
周る	(まわる)
周波	(しゅうは)
周波変調	(しゅうはへんちょう)
周波帯	(しゅうはたい)
周波数	(しゅうはすう)
周波数変調	(しゅうはすうへんちょう)
周到	(しゅうとう)
周辺	(しゅうへん)
周辺国	(しゅうへんこく)
周辺機器	(しゅうへんきき)
周辺諸国	(しゅうへんしょこく)
周航	(しゅうこう)
周回	(しゅうかい)
周極星	(しゅうきょくせい)
周忌	(しゅうき)
周覧	(しゅうらん)
周流	(しゅうりゅう)
周密	(しゅうみつ)
周年	(しゅうねん)
周期	(しゅうき)
周期性	(しゅうきせい)
周囲	(しゅうい)
周囲長	(しゅういちょう)
周旋	(しゅうせん)
周旋料	(しゅうせんりょう)
周旋人	(しゅうせんにん)
周旋屋	(しゅうせんや)
周旋業	(しゅうせんぎょう)
周旋業者	(しゅうせんぎょうしゃ)
周易	(しゅうえき)
周遊	(しゅうゆう)
周遊券	(しゅうゆうけん)
周縁	(しゅうえん)
周章	(しゅうしょう)
周章てる	(あわてる)
周章ろうばい	(しゅうしょうろうばい)
周章狼狽	(しゅうしょうろうばい)
周知	(しゅうち)
周知徹底	(しゅうちてってい)
洲	(しゅう)
週	(しゅう)
週報	(しゅうほう)
週間	(しゅうかん)
週間紙	(しゅうかんし)
週間誌	(しゅうかんし)
週刊	(しゅうかん)
週刊紙	(しゅうかんし)
週刊誌	(しゅうかんし)
週齢	(しゅうれい)
週齡	(しゅうれい)
週令	(しゅうれい)
週末	(しゅうまつ)
粥	(かゆ,しゅく,かい)
軸	(じく)
軸受	(じくうけ)
軸受け	(じくうけ)
肘	(ひじ,ヒジ)
肘掛け椅子	(ひじかけいす)
肘掛椅子	(ひじかけいす)
肘鉄	(ひじてつ)
帚	(ほうき)
箒	(ほうき)
呪い	(まじない)
呪う	(のろう)
呪縛	(じゅばく)
呪禁	(じゅごん)
呪術	(じゅじゅつ)
呪文	(じゅもん)
咒い	(まじない)
咒文	(じゅもん)
宙づり	(ちゅうづり)
宙吊り	(ちゅうづり)
宙釣り	(ちゅうづり)
宙返り	(ちゅうがえり)
冑	(かぶと)
胄	(かぶと)
昼	(ひる)
昼あんどん	(ひるあんどん)
昼ごはん	(ひるごはん)
昼ご飯	(ひるごはん)
昼すぎ	(ひるすぎ)
昼どき	(ひるどき)
昼なお暗い	(ひるなおくらい)
昼ひなか	(ひるひなか)
昼メシ	(ひるめし,ちゅうはん,ひるはん)
昼めし	(ひるめし,ちゅうはん,ひるはん)
昼も夜も	(ひるもよるも)
昼餐	(ちゅうさん)
昼飯	(ひるめし,ちゅうはん,ひるはん)
昼光色電球	(ちゅうこうしょくでんきゅう)
昼過ぎ	(ひるすぎ)
昼間	(ひるま,ちゅうかん)
昼礼	(ちゅうれい)
昼寐	(ひるね)
昼前	(ひるまえ)
昼寝	(ひるね)
昼頃	(ひるごろ)
昼日なか	(ひるひなか)
昼日中	(ひるひなか)
昼尚暗い	(ひるなおくらい)
昼食	(ちゅうしょく)
昼食会	(ちゅうしょくかい)
昼時	(ひるどき)
昼下がり	(ひるさがり)
昼下り	(ひるさがり)
昼行灯	(ひるあんどん)
昼興行	(ひるこうぎょう)
昼休み	(ひるやすみ)
昼夜	(ちゅうや)
昼夜を舎かず	(ちゅうやをおかず)
昼夜兼行	(ちゅうやけんこう)
昼猶暗い	(ひるなおくらい)
昼御飯	(ひるごはん)
昼鳶	(ひるとんび,ひるとび)
酎	(ちゅう)
酎ハイ	(チューハイ,ちゅうハイ,チュウハイ)
晝	(ひる)
甃	(いしだたみ)
皺	(しわ,シワ)
皺くちゃ	(しわくちゃ,シワクチャ)
皺襞	(しゅうへき)
皺枯れる	(しゃがれる,しわがれる,かれる)
皺苦茶	(しわくちゃ,シワクチャ)
皺曲	(しゅうきょく)
驟雨	(しゅうう)
朱	(あけ)
朱い	(あかい)
朱筆	(しゅひつ)
朱唇	(しゅしん)
朱脣	(しゅしん)
朱点	(しゅてん)
朱欒	(ザボン,ざぼん)
朱門	(しゅもん)
朱墨	(しゅずみ,しゅぼく)
朱鞘	(しゅざや)
朱肉	(しゅにく)
朱儒	(しゅじゅ)
朱色	(しゅいろ,しゅしょく)
朱書	(しゅしょ)
朱書き	(しゅがき)
朱塗	(しゅぬり)
朱塗り	(しゅぬり)
朱文金	(しゅぶんきん)
朱顔	(しゅがん)
朱印	(しゅいん)
朱印船	(しゅいんせん)
朱印状	(しゅいんじょう)
朱子	(しゅす)
朱子学	(しゅしがく)
侏儒	(しゅじゅ)
珠	(たま)
珠暖簾	(たまのれん)
珠盤	(そろばん,ソロバン)
珠数	(じゅず,ずず)
珠算	(しゅざん,たまざん)
珠玉	(しゅぎょく)
株	(かぶ)
株が上がる	(かぶがあがる)
株が下がる	(かぶがさがる)
株券	(かぶけん)
株式	(かぶしき)
株式公開	(かぶしきこうかい)
株式会社	(かぶしきがいしゃ)
株式取引所	(かぶしきとりひきじょ)
株価	(かぶか)
株主	(かぶぬし)
株主総会	(かぶぬしそうかい)
猪	(いのしし,イノシシ)
猪口	(ちょこ,ちょく)
猪口才	(ちょこざい)
猪首	(いくび)
猪突	(ちょとつ)
猪突猛進	(ちょとつもうしん)
諸	(もろもろ)
諸に	(もろに,モロに)
諸般	(しょはん)
諸島	(しょとう)
諸国	(しょこく)
諸侯	(しょこう)
諸候	(しょこう)
諸君	(しょくん)
諸器械	(しょきかい)
諸刃	(もろは,りょうば)
諸刃の剣	(もろはのつるぎ,もろはのけん,りょうばのけん)
諸事	(しょじ)
諸説	(しょせつ)
諸説紛々	(しょせつふんぷん)
諸説紛紛	(しょせつふんぷん)
諸味	(もろみ)
諸問題	(しょもんだい)
諸行無常	(しょぎょうむじょう)
諸行無情	(しょぎょうむじょう)
諸業無常	(しょぎょうむじょう)
諸元	(しょげん)
諸政	(しょせい)
諸々	(もろもろ)
諸諸	(もろもろ)
藷	(いも,イモ)
櫧	(かし,かしい,カシ)
竹	(たけ,タケ)
竹とんぼ	(たけとんぼ)
竹のつえ	(たけのつえ)
竹の杖	(たけのつえ)
竹の子	(たけのこ,タケノコ)
竹みつ	(たけみつ)
竹むら	(たかむら)
竹やぶ	(たけやぶ)
竹やり	(たけやり,ちくそう)
竹材	(ちくざい)
竹串	(たけぐし)
竹叢	(たかむら)
竹刀	(しない,ちくとう)
竹光	(たけみつ)
竹林	(ちくりん,たけばやし)
竹輪	(ちくわ)
竹馬	(たけうま,ちくば)
竹馬の友	(ちくばのとも)
竹槍	(たけやり,ちくそう)
竹蜻蛉	(たけとんぼ)
竹薮	(たけやぶ)
竹藪	(たけやぶ)
竹筒	(たけづつ)
竹細工	(たけざいく)
竹垣	(たけがき)
竹製	(たけせい)
逐い払う	(おいはらう)
逐う	(おう)
逐次	(ちくじ)
逐電	(ちくでん,ちくてん)
逐一	(ちくいち,ちくいつ)
逐語訳	(ちくごやく)
燭魚	(はたはた,かみなりうお,ハタハタ)
主	(ぬし)
主だつ	(おもだつ)
主たる	(しゅたる)
主として	(しゅとして)
主なる	(おもなる)
主に	(おもに)
主の祈り	(しゅのいのり)
主の日	(しゅのひ)
主の晩餐	(しゅのばんさん)
主の箱	(しゅのはこ)
主る	(つかさどる)
主班	(しゅはん)
主筆	(しゅひつ)
主賓	(しゅひん)
主部	(しゅぶ)
主査	(しゅさ)
主産地	(しゅさんち)
主産物	(しゅさんぶつ)
主長	(しゅちょう)
主唱	(しゅしょう)
主潮	(しゅちょう)
主成分	(しゅせいぶん)
主持	(しゅうもち,しゅもち)
主持ち	(しゅうもち,しゅもち)
主従	(しゅうじゅう,しゅじゅう)
主催	(しゅさい)
主催国	(しゅさいこく)
主催者	(しゅさいしゃ)
主導	(しゅどう)
主導権	(しゅどうけん)
主導権を握る	(しゅどうけんをにぎる)
主導者	(しゅどうしゃ)
主調	(しゅちょう)
主動	(しゅどう)
主動的	(しゅどうてき)
主恩	(しゅおん)
主法	(しゅほう)
主帆	(しゅはん)
主犯	(しゅはん)
主犯者	(しゅはんしゃ)
主峰	(しゅほう)
主婦	(しゅふ)
主幹	(しゅかん)
主幹研究員	(しゅかんけんきゅういん)
主格	(しゅかく)
主格補語	(しゅかくほご)
主根	(しゅこん,おもね)
主攻	(しゅこう)
主観	(しゅかん)
主観的	(しゅかんてき)
主観論	(しゅかんろん)
主観性	(しゅかんせい)
主観主義	(しゅかんしゅぎ)
主管	(しゅかん)
主管機関	(しゅかんきかん)
主虹	(しゅにじ)
主計	(しゅけい)
主計局	(しゅけいきょく)
主記憶	(しゅきおく)
主家	(しゅか,しゅけ)
主将	(しゅしょう)
主教	(しゅきょう)
主教冠	(しゅきょうかん)
主教室	(しゅきょうしつ)
主筋	(しゅうすじ,しゅすじ)
主君	(しゅくん)
主客	(しゅかく,しゅきゃく)
主客顛倒	(しゅかくてんとう,しゅきゃくてんとう)
主客転倒	(しゅかくてんとう,しゅきゃくてんとう)
主力	(しゅりょく)
主力部隊	(しゅりょくぶたい)
主力艦	(しゅりょくかん)
主力艦隊	(しゅりょくかんたい)
主力株	(しゅりょくかぶ)
主立つ	(おもだつ)
主領	(しゅりょう)
主流	(しゅりゅう)
主流派	(しゅりゅうは)
主馬	(しゅめ)
主脈	(しゅみゃく)
主命	(しゅめい,しゅうめい)
主謀	(しゅぼう)
主謀者	(しゅぼうしゃ)
主脳	(しゅのう)
主脳会談	(しゅのうかいだん)
主脳者	(しゅのうしゃ)
主砲	(しゅほう)
主情的	(しゅじょうてき)
主情論	(しゅじょうろん)
主取	(しゅうどり)
主取り	(しゅうどり)
主権	(しゅけん)
主権国	(しゅけんこく)
主権回復	(しゅけんかいふく)
主権侵犯	(しゅけんしんぱん)
主権在民	(しゅけんざいみん)
主権者	(しゅけんしゃ)
主權	(しゅけん)
主人	(しゅじん)
主人持ち	(しゅじんもち)
主人公	(しゅじんこう)
主人顔	(しゅじんがお)
主人役	(しゅじんやく)
主任	(しゅにん)
主任者	(しゅにんしゃ)
主日	(しゅじつ)
主色	(しゅしょく)
主殺し	(しゅうごろし)
主上	(しゅじょう,しゅしょう)
主審	(しゅしん)
主食	(しゅしょく)
主食物	(しゅしょくぶつ)
主事	(しゅじ)
主思い	(しゅうおもい)
主訴	(しゅそ)
主題	(しゅだい)
主題歌	(しゅだいか)
主体	(しゅたい)
主体的	(しゅたいてき)
主体性	(しゅたいせい)
主位	(しゅい)
主文	(しゅぶん)
主我	(しゅが)
主我主義	(しゅがしゅぎ)
主屋	(おもや)
主物	(しゅぶつ)
主務	(しゅむ)
主務大臣	(しゅむだいじん)
主席	(しゅせき)
主席判事	(しゅせきはんじ)
主席全権	(しゅせきぜんけん)
主席外交官	(しゅせきがいこうかん)
主席研究員	(しゅせきけんきゅういん)
主刑	(しゅけい)
主眼	(しゅがん)
主眼点	(しゅがんてん)
主演	(しゅえん)
主演者	(しゅえんしゃ)
主要	(しゅよう)
主要点	(しゅようてん)
主要都市	(しゅようとし)
主要工業	(しゅようこうぎょう)
主要国	(しゅようこく)
主要人物	(しゅようじんぶつ)
主要物価	(しゅようぶっか)
主要駅	(しゅようえき)
主薬	(しゅやく)
主役	(しゅやく)
主意	(しゅい)
主義	(しゅぎ)
主義者	(しゅぎしゃ)
主翼	(しゅよく)
主因	(しゅいん)
主音	(しゅおん)
主用	(しゅよう)
主語	(しゅご)
主宰	(しゅさい)
主宰者	(しゅさいしゃ)
主戦	(しゅせん)
主戦闘戦車	(しゅせんとうせんしゃ)
主戦論	(しゅせんろん)
主戦投手	(しゅせんとうしゅ)
主張	(しゅちょう)
主張者	(しゅちょうしゃ)
主陣地	(しゅじんち)
主知的	(しゅちてき)
主知主義	(しゅちしゅぎ)
主旨	(しゅし)
主治効能	(しゅじこうのう)
主治医	(しゅじい)
主製品	(しゅせいひん)
主軸	(しゅじく)
渚	(なぎさ)
煮えたぎる	(にえたぎる)
煮える	(にえる)
煮え返る	(にえかえる)
煮え滾る	(にえたぎる)
煮く	(たく)
煮こむ	(にこむ)
煮つける	(につける)
煮つめる	(につめる)
煮もの	(にもの)
煮やす	(にやす)
煮る	(にる)
煮出す	(にだす)
煮豆	(にまめ)
煮沸	(しゃふつ)
煮付ける	(につける)
煮干	(にぼし)
煮干し	(にぼし)
煮詰まる	(につまる)
煮詰める	(につめる)
煮詰る	(につまる)
煮立つ	(にたつ)
煮立てる	(にたてる)
煮物	(にもの)
煮込み	(にこみ)
煮込む	(にこむ)
嘱託	(しょくたく)
嘱望	(しょくぼう)
囑託	(しょくたく)
矚望	(しょくぼう)
助	(じょ)
助かる	(たすかる)
助け	(たすけ)
助けあう	(たすけあう)
助けだす	(たすけだす)
助けて	(たすけて)
助けぶね	(たすけぶね)
助ける	(たすける)
助け出す	(たすけだす)
助け船	(たすけぶね)
助け合う	(たすけあう)
助け平	(スケベ,すけべ,すけべい)
助け起こす	(たすけおこす)
助け起す	(たすけおこす)
助け上げる	(たすけあげる)
助け手	(たすけて,すけて)
助け守る	(たすけまもる)
助け舟	(たすけぶね)
助っ人	(すけっと)
助兵衛	(スケベ,すけべ,すけべい)
助産	(じょさん)
助産婦	(じょさんぷ)
助産所	(じょさんじょ)
助産院	(じょさんいん)
助長	(じょちょう)
助成	(じょせい)
助成金	(じょせいきん)
助詞	(じょし)
助辞	(じょじ)
助動詞	(じょどうし)
助番	(スケばん,すけばん,スケバン)
助攻	(じょこう)
助祭	(じょさい)
助監督	(じょかんとく)
助教	(じょきょう)
助教授	(じょきょうじゅ)
助教諭	(じょきょうゆ)
助力	(じょりょく)
助命	(じょめい)
助平	(スケベ,すけべ,すけべい)
助勢	(じょせい,すけぜい)
助手	(じょしゅ)
助数詞	(じょすうし)
助太刀	(すけだち)
助言	(じょげん,じょごん)
助言者	(じょげんしゃ,じょごんしゃ)
助演	(じょえん)
助演者	(じょえんしゃ)
助役	(じょやく)
助走	(じょそう)
住	(じゅう)
住い	(すまい)
住う	(すまう)
住する	(じゅうする)
住まい	(すまい)
住まう	(すまう)
住みか	(すみか)
住みここち	(すみごこち,すみここち)
住みごこち	(すみごこち,すみここち)
住みこむ	(すみこむ)
住みつく	(すみつく)
住みなれる	(すみなれる)
住みにくい	(すみにくい)
住み分け	(すみわけ)
住み慣れる	(すみなれる)
住み荒らす	(すみあらす)
住み難い	(すみにくい)
住み所	(すみどころ)
住み替える	(すみかえる)
住み心地	(すみごこち,すみここち)
住み心地のいい	(すみごこちのよい,すみごこちのいい)
住み心地のよい	(すみごこちのよい,すみごこちのいい)
住み心地の良い	(すみごこちのよい,すみごこちのいい)
住み馴れる	(すみなれる)
住み込む	(すみこむ)
住み着く	(すみつく)
住む	(すむ)
住めば都	(すめばみやこ)
住持	(じゅうじ)
住処	(すみか)
住家	(すみか)
住居	(すまい)
住居手当	(じゅうきょてあて)
住民	(じゅうみん)
住民登録	(じゅうみんとうろく)
住民票	(じゅうみんひょう)
住民税	(じゅうみんぜい)
住人	(じゅうにん)
住僧	(じゅうそう)
住生活	(じゅうせいかつ)
住所	(じゅうしょ)
住所録	(じゅうしょろく)
住替える	(すみかえる)
住込む	(すみこむ)
住宅	(じゅうたく)
住宅地	(じゅうたくち)
住宅地帯	(じゅうたくちたい)
住宅地区	(じゅうたくちく)
住宅街	(じゅうたくがい)
住宅難	(じゅうたくなん)
住着く	(すみつく)
住職	(じゅうしょく)
住専	(じゅうせん)
佇い	(たたずまい)
佇まい	(たたずまい)
佇む	(たたずむ)
佇立	(ちょりつ)
注	(ちゅう)
注ぎいれる	(そそぎいれる)
注ぎこむ	(つぎこむ)
注ぎ入れる	(そそぎいれる)
注ぎ込む	(つぎこむ)
注ぐ	(そそぐ)
注告	(ちゅうこく)
注記	(ちゅうき)
注解	(ちゅうかい)
注連縄	(しめなわ)
注目	(ちゅうもく)
注入	(ちゅうにゅう)
注射	(ちゅうしゃ)
注射器	(ちゅうしゃき)
注釈	(ちゅうしゃく)
注釈書	(ちゅうしゃくしょ)
注釈者	(ちゅうしゃくしゃ)
注疎	(ちゅうそ)
注疏	(ちゅうそ)
注文	(ちゅうもん)
注文品	(ちゅうもんひん)
注意	(ちゅうい)
注意報	(ちゅういほう)
注意点	(ちゅういてん)
注意事項	(ちゅういじこう)
柱	(はしら)
柱石	(ちゅうせき)
柱時計	(はしらどけい)
柱頭	(ちゅうとう)
祝	(いわい,ゆわい)
祝い	(いわい,ゆわい)
祝い着	(いわいぎ)
祝う	(いわう)
祝とう	(しゅくとう)
祝杯	(しゅくはい)
祝盃	(しゅくはい)
祝詞	(のりと,しゅくし,のっと)
祝辞	(しゅくじ)
祝祷	(しゅくとう)
祝典	(しゅくてん)
祝電	(しゅくでん)
祝福	(しゅくふく)
祝賀	(しゅくが)
祝祭	(しゅくさい)
祝祭日	(しゅくさいじつ)
祝砲	(しゅくほう)
祝日	(しゅくじつ)
祝宴	(しゅくえん)
祝儀	(しゅうぎ)
著しい	(いちじるしい,いちぢるしい)
著す	(あらわす)
著る	(きる)
著わす	(あらわす)
著名	(ちょめい)
著手	(ちゃくしゅ)
著書	(ちょしょ)
著述	(ちょじゅつ)
著述家	(ちょじゅつか)
著者	(ちょしゃ)
著作	(ちょさく)
著作権	(ちょさくけん)
貯える	(たくわえる)
貯めこむ	(ためこむ)
貯める	(ためる)
貯め込む	(ためこむ)
貯蔵	(ちょぞう)
貯蔵タンク	(ちょぞうタンク)
貯金	(ちょきん)
貯金通帳	(ちょきんつうちょう)
貯金箱	(ちょきんばこ)
貯水	(ちょすい)
貯水池	(ちょすいち)
貯蓄	(ちょちく)
註	(ちゅう)
註記	(ちゅうき)
註解	(ちゅうかい)
註釈	(ちゅうしゃく)
註釈者	(ちゅうしゃくしゃ)
註疎	(ちゅうそ)
註疏	(ちゅうそ)
註文	(ちゅうもん)
箸	(はし)
駐まる	(とまる)
駐車	(ちゅうしゃ)
駐車場	(ちゅうしゃじょう)
駐留	(ちゅうりゅう)
駐留部隊	(ちゅうりゅうぶたい)
駐輪場	(ちゅうりんじょう)
駐日	(ちゅうにち)
駐停車	(ちゅうていしゃ)
駐屯	(ちゅうとん)
駐屯地	(ちゅうとんち)
駐屯所	(ちゅうとんじょ)
駐在	(ちゅうざい)
駐在員	(ちゅうざいいん)
鋳る	(いる)
鋳工	(ちゅうこう)
鋳鉄	(ちゅうてつ)
鋳物	(いもの)
鋳型	(いがた)
鋳造	(ちゅうぞう)
築きあげる	(きずきあげる)
築き上げる	(きずきあげる)
築く	(きずく)
築城	(ちくじょう)
築山	(つきやま)
鑄る	(いる)
抓み	(つまみ)
抓む	(つまむ)
抓める	(つねる,つめる)
抓る	(つねる,つめる)
専ら	(もっぱら,もはら)
専断	(せんだん)
専攻	(せんこう)
専横	(せんおう)
専科	(せんか)
専売	(せんばい)
専門	(せんもん)
専門的	(せんもんてき)
専門店	(せんもんてん)
専門家	(せんもんか)
専門語	(せんもんご)
専門章	(せんもんしょう)
専念	(せんねん)
専任	(せんにん)
専属	(せんぞく)
専問	(せんもん)
専務	(せんむ)
専心	(せんしん)
専修	(せんしゅう)
専業	(せんぎょう)
専用	(せんよう)
専用回線	(せんようかいせん)
専用駐車場	(せんようちゅうしゃじょう)
専制	(せんせい)
專門	(せんもん)
專問	(せんもん)
転がす	(ころがす)
転がり込む	(ころがりこむ)
転がる	(ころがる)
転げまわる	(ころげまわる)
転ける	(こける)
転げる	(ころげる)
転げ回る	(ころげまわる)
転げ落ちる	(ころげおちる)
転じる	(てんじる)
転ずる	(てんずる)
転ぶ	(ころぶ,まろぶ)
転ぷく	(てんぷく)
転変	(てんぺん)
転出	(てんしゅつ)
転調	(てんちょう)
転覆	(てんぷく)
転換	(てんかん)
転回	(てんかい)
転機	(てんき)
転嫁	(てんか)
転借	(てんしゃく)
転居	(てんきょ)
転落	(てんらく)
転売	(てんばい)
転勤	(てんきん)
転任	(てんにん)
転入	(てんにゅう)
転入届	(てんにゅうとどけ)
転身	(てんしん)
転生	(てんせい,てんしょう)
転送	(てんそう)
転送電話	(てんそうでんわ)
転向	(てんこう)
転校	(てんこう)
転校生	(てんこうせい)
転写	(てんしゃ)
転写捺染	(てんしゃなっせん)
転業	(てんぎょう)
転用	(てんよう)
転載	(てんさい)
転職	(てんしょく)
転置行列	(てんちぎょうれつ)
撰ぶ	(えらぶ)
撰集	(せんしゅう,せんじゅう)
篆書	(てんしょ)
轉任	(てんにん)
轉送	(てんそう)
囀る	(さえずる)
庄屋	(しょうや)
庄園	(しょうえん,そうえん)
荘る	(かざる)
荘屋	(しょうや)
荘厳	(そうごん)
荘園	(しょうえん,そうえん)
荘重	(そうちょう)
装う	(よそおう)
装備	(そうび)
装丁	(そうてい)
装釘	(そうてい)
装訂	(そうてい)
装甲	(そうこう)
装甲車	(そうこうしゃ)
装甲回収車	(そうこうかいしゅうしゃ)
装甲人員運搬車	(そうこうじんいんうんぱんしゃ)
装具	(そうぐ)
装飾	(そうしょく)
装束	(しょうぞく,そうぞく,そうずく)
装填	(そうてん)
装塡	(そうてん)
装用	(そうよう)
装着	(そうちゃく)
装幀	(そうてい)
装置	(そうち)
装置制御	(そうちせいぎょ)
粧う	(よそおう)
壮ん	(さかん)
壮大	(そうだい)
壮観	(そうかん)
壮健	(そうけん)
壮絶	(そうぜつ)
壮快	(そうかい)
壮麗	(そうれい)
壮烈	(そうれつ)
壮年	(そうねん)
壮行	(そうこう)
壮行会	(そうこうかい)
壮語	(そうご)
壮者	(そうしゃ)
状	(さま)
状景	(じょうけい)
状況	(じょうきょう)
状況によって	(じょうきょうによって)
状勢	(じょうせい)
状態	(じょうたい)
撞く	(つく)
撞木	(しゅもく,しもく)
撞木杖	(しゅもくづえ)
追いうち	(おいうち)
追いかける	(おいかける)
追いこす	(おいこす)
追いこみ	(おいこみ)
追いこむ	(おいこむ)
追いだす	(おいだす)
追いたてる	(おいたてる)
追いつく	(おいつく)
追いつめる	(おいつめる)
追いぬく	(おいぬく)
追いはらう	(おいはらう)
追いまわす	(おいまわす)
追いやる	(おいやる)
追い抜く	(おいぬく)
追い出す	(おいだす)
追い打ち	(おいうち)
追い払う	(おいはらう)
追い返す	(おいかえす)
追い風	(おいかぜ,おいて)
追い付く	(おいつく)
追い掛ける	(おいかける)
追い回す	(おいまわす)
追い撃ち	(おいうち)
追い詰める	(おいつめる)
追い立てる	(おいたてる)
追い遣る	(おいやる)
追い駆ける	(おいかける)
追い散らす	(おいちらす)
追い討ち	(おいうち)
追い込み	(おいこみ)
追い込む	(おいこむ)
追い越し	(おいこし)
追い越す	(おいこす)
追い着く	(おいつく)
追う	(おう)
追っかける	(おっかける)
追っぱらう	(おっぱらう)
追っ払う	(おっぱらう)
追っ付け	(おっつけ)
追っ掛ける	(おっかける)
追っ手	(おって)
追抜く	(おいぬく)
追出す	(おいだす)
追従	(ついじゅう)
追悼	(ついとう)
追悼会	(ついとうかい)
追悼式	(ついとうしき)
追払う	(おいはらう)
追返す	(おいかえす)
追放	(ついほう)
追風	(おいかぜ,おいて)
追付く	(おいつく)
追掛ける	(おいかける)
追回す	(おいまわす)
追撃	(ついげき)
追及	(ついきゅう)
追跡	(ついせき)
追加	(ついか)
追加料金	(ついかりょうきん)
追究	(ついきゅう)
追立てる	(おいたてる)
追慕	(ついぼ)
追窮	(ついきゅう)
追求	(ついきゅう)
追認	(ついにん)
追散らす	(おいちらす)
追善	(ついぜん)
追申	(ついしん)
追伸	(ついしん)
追試験	(ついしけん)
追手	(おって)
追随	(ついずい)
追体験	(ついたいけん)
追突	(ついとつ)
追想	(ついそう)
追憶	(ついおく)
追込み	(おいこみ)
追越	(おいこし)
追越し	(おいこし)
追越す	(おいこす)
追徴	(ついちょう)
椎茸	(しいたけ,シイタケ)
錐	(きり)
墜ちる	(おちる)
墜とす	(おとす)
墜落	(ついらく)
墜死	(ついし)
綴	(つづり)
綴じる	(とじる)
綴じ込む	(とじこむ)
綴り	(つづり)
綴る	(つづる)
綴込む	(とじこむ)
縋りつく	(すがりつく)
縋り付く	(すがりつく)
贅沢	(ぜいたく)
贅沢品	(ぜいたくひん)
諄い	(くどい,クドい)
准える	(なぞらえる,なずらえる)
准じる	(じゅんじる)
准ずる	(じゅんずる)
准許	(じゅんきょ)
准将	(じゅんしょう)
准教員	(じゅんきょういん)
准拠	(じゅんきょ)
准士官	(じゅんしかん)
准尉	(じゅんい)
準	(じゅん)
準える	(なぞらえる,なずらえる)
準じる	(じゅんじる)
準ずる	(じゅんずる)
準備	(じゅんび)
準備管制	(じゅんびかんせい)
準備金	(じゅんびきん)
準備命令	(じゅんびめいれい)
準備期間	(じゅんびきかん)
準備銀行	(じゅんびぎんこう)
準備中	(じゅんびちゅう)
準備状況	(じゅんびじょうきょう)
準備資金	(じゅんびしきん)
準尺	(じゅんしゃく)
準大手	(じゅんおおて)
準会員	(じゅんかいいん)
準急	(じゅんきゅう)
準教員	(じゅんきょういん)
準禁治産	(じゅんきんちさん)
準拠	(じゅんきょ)
準決勝	(じゅんけっしょう)
準決勝戦	(じゅんけっしょうせん)
準社員	(じゅんしゃいん)
準縄	(じゅんじょう)
準用	(じゅんよう)
準則	(じゅんそく)
準々決勝	(じゅんじゅんけっしょう)
準準決勝	(じゅんじゅんけっしょう)
準々決勝戦	(じゅんじゅんけっしょうせん)
準準決勝戦	(じゅんじゅんけっしょうせん)
拙い	(つたない)
拙策	(せっさく)
拙悪	(せつあく)
拙劣	(せつれつ)
拙速	(せっそく)
拙文	(せつぶん)
拙著	(せっちょ)
捉える	(とらえる)
捉まえる	(つかまえる)
捉まる	(つかまる)
捉われる	(とらわれる)
灼ける	(やける)
灼熱	(しゃくねつ)
卓	(たく,しょく)
卓抜	(たくばつ)
卓筆	(たくひつ)
卓出	(たくしゅつ)
卓話会	(たくわかい)
卓見	(たっけん)
卓論	(たくろん)
卓球	(たっきゅう)
卓上	(たくじょう)
卓上電話	(たくじょうでんわ)
卓識	(たくしき)
卓説	(たくせつ)
卓効	(たっこう)
卓用	(たくよう)
卓越	(たくえつ)
卓越風	(たくえつふう)
卓子	(たくし)
斫る	(はつる)
酌みかわす	(くみかわす)
酌み交す	(くみかわす)
酌み交わす	(くみかわす)
酌み取り	(くみとり)
酌み取る	(くみとる)
酌む	(くむ)
酌交す	(くみかわす)
酌量	(しゃくりょう)
啄木鳥	(きつつき,たくぼくちょう,けら)
濁す	(にごす)
濁り	(にごり)
濁り点	(にごりてん)
濁る	(にごる)
濁点	(だくてん)
濁流	(だくりゅう)
濁音	(だくおん)
擢んでる	(ぬきんでる)
濯ぐ	(すすぐ,そそぐ,ゆすぐ)
茲	(ここ)
咨る	(はかる)
咨詢	(しじゅん)
姿	(すがた)
姿を消す	(すがたをけす)
姿見	(すがたみ)
姿勢	(しせい)
姿態	(したい)
姿体	(したい)
姿造り	(すがたづくり)
姿作り	(すがたづくり)
滋る	(しげる)
滋賀県	(しがけん)
滋賀縣	(しがけん)
滋養	(じよう)
滋養分	(じようぶん)
滋雨	(じう)
觜	(くちばし,はし,クチバシ)
資本	(しほん)
資本金	(しほんきん)
資本利益率	(しほんりえきりつ)
資本主義	(しほんしゅぎ)
資材	(しざい)
資産	(しさん)
資産合計	(しさんごうけい)
資格	(しかく)
資金	(しきん)
資金ぐり	(しきんぐり)
資金繰	(しきんぐり)
資金繰り	(しきんぐり)
資力	(しりょく)
資料	(しりょう)
資料室	(しりょうしつ)
資源	(しげん)
資源節約	(しげんせつやく)
資質	(ししつ)
髭	(ひげ,ヒゲ)
髭そり	(ひげそり)
髭剃り	(ひげそり)
諮らう	(はからう)
諮る	(はかる)
諮問	(しもん)
諮問機関	(しもんきかん)
諮詢	(しじゅん)
鯔	(ぼら,ボラ)
鯔のつまり	(とどのつまり,トドのつまり)
鯔の詰まり	(とどのつまり,トドのつまり)
鯔背	(いなせ)
子	(こ)
子いぬ	(こいぬ)
子ウマ	(こうま)
子ども	(こども)
子どもじみた	(こどもじみた)
子どもたち	(こどもたち)
子どもの日	(こどものひ)
子ども達	(こどもたち)
子ども用	(こどもよう)
子ネコ	(こねこ,コネコ)
子ぼんのう	(こぼんのう)
子ら	(こら)
子持	(こもち)
子持ち	(こもち)
子等	(こら)
子弟	(してい)
子煩悩	(こぼんのう)
子分	(こぶん)
子供	(こども)
子供じみた	(こどもじみた)
子供たち	(こどもたち)
子供の日	(こどものひ)
子供達	(こどもたち)
子供染みた	(こどもじみた)
子供用	(こどもよう)
子宮	(しきゅう)
子宮頸	(しきゅうけい)
子宮頚	(しきゅうけい)
子共	(こども)
子規	(ホトトギス,ほととぎす)
子画面	(こがめん)
子会社	(こがいしゃ)
子局	(こきょく)
子馬	(こうま)
子猫	(こねこ,コネコ)
子年	(ねずみどし,ねどし,ネズミどし)
子牛	(こうし,こうじ)
子女	(しじょ)
子犬	(こいぬ)
子殺し	(こごろし)
子守	(こもり)
子守り	(こもり)
子守り唄	(こもりうた)
子守り歌	(こもりうた)
子守唄	(こもりうた)
子守歌	(こもりうた)
子飼い	(こがい)
子孫	(しそん)
子息	(しそく)
子細	(しさい)
子細に見る	(しさいにみる)
子羊	(こひつじ)
子音	(しいん,しおん)
子胤	(こだね)
子育て	(こそだて)
子種	(こだね)
姉	(あね)
姉さん	(ねえさん,あねさん)
姉弟	(してい,きょうだい)
姉貴	(あねき,アネキ)
姉妹	(しまい,きょうだい)
姉妹都市	(しまいとし)
姉妹会社	(しまいがいしゃ)
姉上	(あねうえ)
姉御	(あねご)
梓	(あずさ,し,アズサ)
梓弓	(あずさゆみ)
紫	(むらさき,ムラサキ)
紫菜	(のり,ノリ)
紫紺	(しこん)
紫萁	(ぜんまい,ゼンマイ)
紫色	(むらさきいろ,ししょく)
紫水晶	(むらさきずいしょう,むらさきすいしょう)
紫蘇	(しそ,ちそ,シソ)
紫外	(しがい)
紫外線	(しがいせん)
紫煙	(しえん)
紫陽花	(あじさい,アジサイ)
紫雲	(しうん)
滓	(かす,カス)
自から	(おのずから)
自ずから	(おのずから)
自ら	(おのずから)
自らの手で	(みずからのてで)
自愛	(じあい)
自白	(じはく)
自暴	(じぼう)
自暴自棄	(じぼうじき)
自筆	(じひつ)
自閉症	(じへいしょう)
自嘲	(じちょう)
自称	(じしょう)
自乗	(にじょう,じじょう)
自炊	(じすい)
自動	(じどう)
自動データ処理	(じどうデータしょり)
自動ロード	(じどうロード)
自動車	(じどうしゃ)
自動車保険料	(じどうしゃほけんりょう)
自動車化	(じどうしゃか)
自動車損害賠償責任保険	(じどうしゃそんがいばいしょうせきにんほけん)
自動詞	(じどうし)
自動的	(じどうてき)
自動販売機	(じどうはんばいき)
自動販売器	(じどうはんばいき)
自動化	(じどうか)
自動金銭出入機	(じどうきんせんしゅつにゅうき)
自動小銃	(じどうしょうじゅう)
自動着信	(じどうちゃくしん)
自働	(じどう)
自働化	(じどうか)
自堕落	(じだらく)
自発	(じはつ)
自発的	(じはつてき)
自販機	(じはんき)
自費	(じひ)
自分	(じぶん)
自分かって	(じぶんかって,じぶんがって)
自分勝手	(じぶんかって,じぶんがって)
自分自身	(じぶんじしん)
自負	(じふ)
自縛	(じばく)
自給	(じきゅう)
自給自足	(じきゅうじそく)
自供	(じきょう)
自国	(じこく)
自国語	(じこくご)
自惚	(うぬぼれ,おのぼれ)
自惚れ	(うぬぼれ,おのぼれ)
自惚れる	(うぬぼれる)
自画像	(じがぞう)
自画自賛	(じがじさん)
自画自讃	(じがじさん)
自活	(じかつ)
自己	(じこ)
自己暗示	(じこあんじ)
自己複製	(じこふくせい)
自己共役	(じこきょうやく)
自己規制	(じこきせい)
自己検査	(じこけんさ)
自己流	(じこりゅう)
自己紹介	(じこしょうかい)
自己双対	(じこそうつい)
自己犠牲	(じこぎせい)
自己嫌悪	(じこけんお)
自己中心	(じこちゅうしん)
自家	(じか)
自家発電	(じかはつでん)
自家製	(じかせい)
自家撞着	(じかどうちゃく)
自薦	(じせん)
自覚	(じかく)
自覚症状	(じかくしょうじょう)
自力	(じりき,じりょく)
自立	(じりつ)
自立心	(じりつしん)
自立語	(じりつご)
自律	(じりつ)
自律神経	(じりつしんけい)
自慢	(じまん)
自滅	(じめつ)
自民党	(じみんとう)
自明	(じめい)
自明の理	(じめいのり)
自鳴鐘	(とけい)
自虐的	(じぎゃくてき)
自賠責保険	(じばいせきほけん)
自棄	(やけ,ヤケ)
自前	(じまえ)
自然	(しぜん)
自然対数	(しぜんたいすう)
自然科学	(しぜんかがく)
自然林	(しぜんりん)
自然描写	(しぜんびょうしゃ)
自然数	(しぜんすう)
自然淘汰	(しぜんとうた)
自然言語	(しぜんげんご)
自然災害	(しぜんさいがい)
自然主義	(しぜんしゅぎ)
自認	(じにん)
自殺	(じさつ)
自殺未遂	(じさつみすい)
自殺者	(じさつしゃ)
自社	(じしゃ)
自身	(じしん)
自縄自縛	(じじょうじばく)
自縄自縛に陥る	(じじょうじばくにおちいる)
自省	(じせい)
自首	(じしゅ)
自説	(じせつ)
自粛	(じしゅく)
自他	(じた)
自体	(じたい)
自衛	(じえい)
自衛隊	(じえいたい)
自慰	(じい)
自我	(じが)
自我自賛	(じがじさん)
自席	(じせき)
自習	(じしゅう)
自信	(じしん)
自信過剰	(じしんかじょう)
自修	(じしゅう)
自叙伝	(じじょでん)
自選	(じせん)
自業自得	(じごうじとく)
自意識	(じいしき)
自営	(じえい)
自由	(じゆう)
自由に	(じゆうに)
自由党	(じゆうとう)
自由度	(じゆうど)
自由化	(じゆうか)
自由貿易	(じゆうぼうえき)
自由貿易帯域	(じゆうぼうえきたいいき)
自由貿易地域	(じゆうぼうえきちいき)
自由民主党	(じゆうみんしゅとう)
自由席	(じゆうせき)
自由業	(じゆうぎょう)
自由主義者	(じゆうしゅぎしゃ)
自由自在	(じゆうじざい)
自伝	(じでん)
自在	(じざい)
自賛	(じさん)
自讃	(じさん)
自責	(じせき)
自宅	(じたく)
自制	(じせい)
自治	(じち)
自治大臣	(じちだいじん)
自治省	(じちしょう)
自治体	(じちたい)
自重	(じちょう)
自主	(じしゅ)
自主的	(じしゅてき)
自主指針	(じしゅししん)
自転	(じてん)
自転車	(じてんしゃ,じでんしゃ)
自転車をこぐ	(じてんしゃをこぐ)
自転車を漕ぐ	(じてんしゃをこぐ)
自転車屋	(じてんしゃや)
自転車置き場	(じてんしゃおきば)
自転車置場	(じてんしゃおきば)
自転軸	(じてんじく)
自撰	(じせん)
自走砲	(じそうほう)
自尊	(じそん)
自尊心	(じそんしん)
自作	(じさく)
字	(あざ)
字典	(じてん,もじてん)
字画	(じかく)
字句	(じく)
字幕	(じまく)
字体	(じたい)
字形	(じけい)
字訳	(じやく)
字義	(じぎ)
字引	(じびき)
字引き	(じびき)
字源	(じげん)
牸	(めす,メス,めん)
恣意	(しい)
恣意的	(しいてき)
漬かる	(つかる)
漬けもの	(つけもの)
漬ける	(つける)
漬け焼き	(つけやき)
漬け物	(つけもの)
漬け物石	(つけものいし)
漬け込む	(つけこむ)
漬す	(ひたす)
漬る	(ひたる)
漬焼き	(つけやき)
漬物	(つけもの)
漬物石	(つけものいし)
漬込む	(つけこむ)
宗	(むね)
宗家	(そうけ,そうか)
宗匠	(そうしょう)
宗教	(しゅうきょう)
宗教的独立性	(しゅうきょうてきどくりつせい)
宗教法人	(しゅうきょうほうじん)
宗教団体	(しゅうきょうだんたい)
宗門	(しゅうもん)
宗派	(しゅうは)
宗徒	(しゅうと)
宗旨	(しゅうし)
宗主国	(そうしゅこく)
宗祖	(しゅうそ)
綜合	(そうごう)
綜括	(そうかつ)
綜覧	(そうらん)
綜理	(そうり)
綜麻繰	(へそくり,ヘソクリ)
綜説	(そうせつ)
惣て	(すべて)
惣菜	(そうざい)
惣嫁	(そうか,そうよめ)
惣領	(そうりょう)
惣社	(そうじゃ)
総	(そう)
総て	(すべて)
総べる	(すべる)
総裁	(そうさい)
総菜	(そうざい)
総長	(そうちょう)
総称	(そうしょう)
総辞職	(そうじしょく)
総代	(そうだい)
総督	(そうとく)
総額	(そうがく)
総攻撃	(そうこうげき)
総合	(そうごう)
総合的	(そうごうてき)
総和	(そうわ)
総会	(そうかい)
総会屋	(そうかいや)
総計	(そうけい)
総嫁	(そうか,そうよめ)
総監	(そうかん)
総決算	(そうけっさん)
総括	(そうかつ)
総覧	(そうらん)
総理	(そうり)
総理大臣	(そうりだいじん)
総理府	(そうりふ)
総理府総務長官	(そうりふそうむちょうかん)
総力	(そうりょく)
総立ち	(そうだち,むらだち)
総量	(そうりょう)
総領	(そうりょう)
総領事	(そうりょうじ)
総売り上げ	(そううりあげ)
総売上	(そううりあげ)
総目録	(そうもくろく)
総評	(そうひょう)
総人口	(そうじんこう)
総社	(そうじゃ)
総身	(そうみ,そうしん)
総勢	(そうぜい)
総収入	(そうしゅうにゅう)
総数	(そうすう)
総帥	(そうすい)
総説	(そうせつ)
総体	(そうたい)
総統	(そうとう)
総統選挙	(そうとうせんきょ)
総務	(そうむ)
総務庁	(そうむちょう)
総選挙	(そうせんきょ)
総意	(そうい)
総資産	(そうしさん)
總督	(そうとく)
總領	(そうりょう)
縦	(たて,タテ)
縦え	(たとえ,たとい)
縦じま	(たてじま)
縦しんば	(よしんば)
縦んば	(よしんば)
縦長	(たてなが)
縦断	(じゅうだん)
縦縞	(たてじま)
縦貫	(じゅうかん)
縦横	(じゅうおう)
縦横無尽	(じゅうおうむじん)
縦覧	(じゅうらん)
縦令	(たとえ,たとい)
縦社会	(たてしゃかい)
縦書	(たてがき)
縦書き	(たてがき)
縦線	(じゅうせん,たてせん)
縦旋盤	(たてせんばん)
走り	(はしり)
走りこむ	(はしりこむ)
走りだす	(はしりだす)
走りぬける	(はしりぬける)
走りまわる	(はしりまわる)
走り抜く	(はしりぬく)
走り抜ける	(はしりぬける)
走り出す	(はしりだす)
走り幅跳	(はしりはばとび)
走り幅跳び	(はしりはばとび)
走り高跳	(はしりたかとび)
走り高跳び	(はしりたかとび)
走り回る	(はしりまわる)
走り廻る	(はしりまわる)
走り去る	(はしりさる)
走り使い	(はしりづかい)
走り書	(はしりがき)
走り書き	(はしりがき)
走り続ける	(はしりつづける)
走り込む	(はしりこむ)
走る	(はしる)
走査	(そうさ)
走査線	(そうさせん)
走幅跳	(はしりはばとび)
走幅跳び	(はしりはばとび)
走高跳	(はしりたかとび)
走高跳び	(はしりたかとび)
走路	(そうろ)
走書き	(はしりがき)
走行	(そうこう)
走行距離	(そうこうきょり)
走行可能	(そうこうかのう)
走行時間	(そうこうじかん)
走召	(ちょう,チョー)
走者	(そうしゃ)
奏でる	(かなでる)
奏法	(そうほう)
奏鳴曲	(そうめいきょく)
奏曲	(そうきょく)
奏者	(そうしゃ)
租界	(そかい)
租借	(そしゃく)
租借地	(そしゃくち)
租税	(そぜい)
鉏鋙	(そご)
足	(あし)
足あと	(あしあと,そくせき)
足がかり	(あしがかり)
足かせ	(あしかせ,あしがせ)
足がつく	(あしがつく)
足が遅い	(あしがおそい)
足が出る	(あしがでる)
足が付く	(あしがつく)
足げ	(あしげ)
足しになる	(たしになる)
足し算	(たしざん)
足す	(たす)
足ずり	(あしずり)
足つき	(あしつき)
足どり	(あしどり)
足ならし	(あしならし)
足の甲	(あしのこう)
足の指	(あしのゆび)
足ふみ	(あしぶみ)
足ぶみ	(あしぶみ)
足もと	(あしもと)
足らず	(たらず)
足りる	(たりる)
足る	(たる)
足を組む	(あしをくむ)
足並	(あしなみ)
足並み	(あしなみ)
足場	(あしば)
足蹴	(あしげ)
足袋	(たび)
足払い	(あしばらい)
足付き	(あしつき)
足固め	(あしがため)
足掛かり	(あしがかり)
足掛り	(あしがかり)
足慣らし	(あしならし)
足許	(あしもと)
足回り	(あしまわり)
足廻り	(あしまわり)
足技	(あしわざ)
足跡	(あしあと,そくせき)
足枷	(あしかせ,あしがせ)
足頸	(あしくび)
足労	(そくろう)
足利時代	(あしかがじだい)
足留	(あしどめ)
足留め	(あしどめ)
足取り	(あしどり)
足首	(あしくび)
足速	(あしばや)
足速い	(あしばやい)
足速に	(あしばやに)
足踏み	(あしぶみ)
足駄	(あしだ)
足萎え	(びっこ,ちんば,あしなえ)
足下	(あしもと)
足械	(あしかせ,あしがせ)
足馴らし	(あしならし)
足腰	(あしこし)
足業	(あしわざ)
足音	(あしおと)
足元	(あしもと)
足早	(あしばや)
足早に	(あしばやに)
足摺	(あしずり)
足摺り	(あしずり)
足止め	(あしどめ)
卒える	(おえる)
卒する	(そっする,しゅっする)
卒る	(おわる)
卒倒	(そっとう)
卒都婆	(そとば,そとうば)
卒爾	(そつじ)
卒論	(そつろん)
卒去	(しゅっきょ,そっきょ)
卒然	(そつぜん)
卒塔婆	(そとば,そとうば)
卒伍	(そつご)
卒先	(そっせん)
卒業	(そつぎょう)
卒業後	(そつぎょうご)
卒業生	(そつぎょうせい)
卒業式	(そつぎょうしき)
卒業試験	(そつぎょうしけん)
卒業証書	(そつぎょうしょうしょ)
卒者	(そつしゃ)
卒直	(そっちょく)
卒中	(そっちゅう)
倅	(せがれ)
族	(ぞく)
阻む	(はばむ)
阻碍	(そがい)
阻礙	(そがい)
阻害	(そがい)
阻喪	(そそう)
阻止	(そし)
俎	(まないた)
俎板	(まないた)
俎上	(そじょう)
祖	(おや)
祖父	(そふ,じじ,じい)
祖父母	(そふぼ)
祖国	(そこく)
祖国復帰	(そこくふっき)
祖母	(そぼ,ばば,おおば)
祖先	(そせん)
祖先崇拝	(そせんすうはい)
祖型	(そけい)
組	(くみ)
組する	(くみする)
組み	(くみ)
組みこむ	(くみこむ)
組みつく	(くみつく)
組みひも	(くみひも)
組み版	(くみはん)
組み方	(くみかた)
組み敷く	(くみしく)
組み伏せる	(くみふせる)
組み付く	(くみつく)
組み合い	(くみあい)
組み合う	(くみあう)
組み合す	(くみあわす)
組み合せ	(くみあわせ)
組み合せる	(くみあわせる)
組み合わす	(くみあわす)
組み合わせ	(くみあわせ)
組み合わせる	(くみあわせる)
組み合わせ錠	(くみあわせじょう)
組み換え	(くみかえ)
組み換える	(くみかえる)
組み立	(くみたて)
組み立て	(くみたて)
組み立てる	(くみたてる)
組み立る	(くみたてる)
組み紐	(くみひも)
組み入れる	(くみいれる)
組み替え	(くみかえ)
組み替える	(くみかえる)
組み込み	(くみこみ)
組み込む	(くみこむ)
組む	(くむ)
組版	(くみはん)
組長	(くみちょう)
組成	(そせい)
組方	(くみかた)
組敷く	(くみしく)
組伏せる	(くみふせる)
組付く	(くみつく)
組閣	(そかく)
組合	(くみあい)
組合す	(くみあわす)
組合せ	(くみあわせ)
組合せる	(くみあわせる)
組合わせ	(くみあわせ)
組合わせる	(くみあわせる)
組換え	(くみかえ)
組換える	(くみかえる)
組立	(くみたて)
組立て	(くみたて)
組立てる	(くみたてる)
組紐	(くみひも)
組曲	(くみきょく)
組入れる	(くみいれる)
組替え	(くみかえ)
組替える	(くみかえる)
組込	(くみこみ)
組込み	(くみこみ)
組込む	(くみこむ)
組織	(そしき,そしょく)
組織的	(そしきてき)
組織化	(そしきか)
組織再編	(そしきさいへん)
組職	(そしき,そしょく)
詛い	(のろい)
詛う	(のろう)
鑚孔機	(さんこうき)
鑽り火	(きりび)
鑽火	(きりび)
鑽孔機	(さんこうき)
嘴	(くちばし,はし,クチバシ)
枠	(わく)
枠内	(わくない)
枠組	(わくぐみ)
枠組み	(わくぐみ)
酔う	(よう,えう)
酔っぱらい	(よっぱらい)
酔っぱらう	(よっぱらう)
酔っ払い	(よっぱらい)
酔っ払う	(よっぱらう)
酔払い	(よっぱらい)
酔払う	(よっぱらう)
酔狂	(すいきょう)
酔生夢死	(すいせいむし,すいせいぼうし)
酔興	(すいきょう)
最も	(もっとも,もとも)
最愛	(さいあい)
最初	(さいしょ)
最大	(さいだい)
最大化	(さいだいか)
最大値	(さいだいち)
最低	(さいてい,サイテー,さいてー)
最低賃金	(さいていちんぎん)
最低賃金制	(さいていちんぎんせい)
最低生活費	(さいていせいかつひ)
最低限	(さいていげん)
最低血圧	(さいていけつあつ)
最短	(さいたん)
最悪	(さいあく)
最高	(さいこう,サイコー)
最高財務責任者	(さいこうざいむせきにんしゃ)
最高裁	(さいこうさい)
最高潮	(さいこうちょう)
最高調	(さいこうちょう)
最高峰	(さいこうほう)
最高機密	(さいこうきみつ)
最高経営責任者	(さいこうけいえいせきにんしゃ)
最高指導者	(さいこうしどうしゃ)
最古	(さいこ)
最後	(さいご)
最後の晩餐	(さいごのばんさん)
最後まで	(さいごまで)
最後列車	(さいごれっしゃ)
最恵国待遇	(さいけいこくたいぐう)
最寄	(もより)
最寄り	(もより)
最尖端	(さいせんたん)
最近	(さいきん)
最良	(さいりょう)
最期	(さいご)
最前	(さいぜん)
最前線	(さいぜんせん)
最前戦	(さいぜんせん)
最強	(さいきょう)
最善	(さいぜん)
最上	(さいじょう)
最少	(さいしょう)
最少限	(さいしょうげん)
最盛期	(さいせいき)
最適	(さいてき)
最適化	(さいてきか)
最外	(さいがい)
最先端	(さいせんたん)
最小	(さいしょう)
最小２乗法	(さいしょうにじょうほう,さいしょうじじょうほう)
最小二乗法	(さいしょうにじょうほう,さいしょうじじょうほう)
最小化	(さいしょうか)
最小限	(さいしょうげん)
最小限度	(さいしょうげんど)
最小値	(さいしょうち)
最小自乗法	(さいしょうじじょうほう)
最新	(さいしん)
最新式	(さいしんしき)
最早	(もはや)
最中	(さいちゅう,さなか)
最終	(さいしゅう)
最終編成	(さいしゅうへんせい)
最終段階	(さいしゅうだんかい)
最終回	(さいしゅうかい)
最終目的	(さいしゅうもくてき)
最左	(さいさ)
罪	(つみ)
罪びと	(つみびと)
罪悪	(ざいあく)
罪悪感	(ざいあくかん)
罪過	(ざいか)
罪科	(ざいか)
罪人	(ざいにん)
罪業	(ざいごう)
罪状	(ざいじょう)
尊	(みこと)
尊い	(とうとい,たっとい)
尊ぶ	(とうとぶ,たっとぶ)
尊卑	(そんぴ)
尊長	(そんちょう)
尊称	(そんしょう)
尊崇	(そんすう)
尊大	(そんだい)
尊父	(そんぷ)
尊公	(そんこう)
尊貴	(そんき)
尊翰	(そんかん)
尊号	(そんごう)
尊皇	(そんのう)
尊皇王	(そんのう)
尊家	(そんか)
尊簡	(そんかん)
尊敬	(そんけい)
尊敬語	(そんけいご)
尊君	(そんくん)
尊来	(そんらい)
尊慮	(そんりょ)
尊名	(そんめい)
尊命	(そんめい)
尊容	(そんよう)
尊上	(そんじょう)
尊書	(そんしょ)
尊属	(そんぞく)
尊台	(そんだい)
尊堂	(そんどう)
尊体	(そんたい)
尊王	(そんのう)
尊王党	(そんのうとう)
尊王家	(そんのうか)
尊王討幕	(そんのうとうばく)
尊下	(そんか)
尊像	(そんぞう)
尊信	(そんしん)
尊兄	(そんけい)
尊厳	(そんげん)
尊顔	(そんがん)
尊意	(そんい)
尊影	(せいえい,そんえい)
尊宅	(そんたく)
尊者	(そんじゃ)
尊重	(そんちょう)
尊族	(そんぞく)
遵う	(したがう)
遵法	(じゅんぽう)
遵奉	(じゅんぽう)
遵守	(じゅんしゅ)
遵行	(じゅんこう)
鱒	(ます,マス)
噂	(うわさ)
噂どおり	(うわさどおり)
噂通り	(うわさどおり)
昨	(さく)
昨春	(さくしゅん)
昨今	(さっこん,さくこん)
昨年	(さくねん)
昨日	(きのう,さくじつ)
昨晩	(さくばん)
昨夕	(ゆうべ,ゆんべ,よべ)
昨夜	(ゆうべ,ゆんべ,よべ)
琢く	(みがく)
左	(ひだり)
左きき	(ひだりきき)
左づめ	(ひだりづめ)
左に曲がる	(ひだりにまがる)
左に折れる	(ひだりにおれる)
左はし	(ひだりはし,さたん)
左岸	(さがん)
左側	(ひだりがわ,さそく,ひだりっかわ)
左程	(さほど)
左大括弧	(ひだりだいかっこ)
左党	(さとう,ひだりとう)
左端	(ひだりはし,さたん)
左官	(さかん,しゃかん)
左回り	(ひだりまわり)
左記	(さき)
左脚	(ひだりあし,さそく)
左詰め	(ひだりづめ)
左利	(ひだりきき)
左利き	(ひだりきき)
左目	(ひだりめ)
左脳	(さのう)
左派	(さは)
左遷	(させん)
左前	(ひだりまえ)
左前になる	(ひだりまえになる)
左傾	(さけい)
左上	(ひだりうえ)
左手	(ひだりて)
左下	(ひだりした)
左舷	(さげん)
左小括弧	(ひだりしょうかっこ)
左行	(さぎょう)
左様なら	(さようなら,サヨウナラ,さよーなら)
左様奈良	(さようなら,サヨウナラ,さよーなら)
左翼	(さよく,サヨク)
左右	(とかく)
左折	(させつ)
左中括弧	(ひだりちゅうかっこ)
左足	(ひだりあし,さそく)
佐官	(さかん)
佐賀県	(さがけん)
佐賀縣	(さがけん)
佐幕	(さばく)
佐行	(さぎょう)
作	(さく)
作す	(なす,さくす)
作り	(つくり)
作りあげる	(つくりあげる)
作りかえる	(つくりかえる)
作りごと	(つくりごと)
作りつけ	(つくりつけ)
作りなおす	(つくりなおす)
作りもの	(つくりもの,つくりもん)
作りもん	(つくりもの,つくりもん)
作り変える	(つくりかえる)
作り病	(つくりやまい)
作り出す	(つくりだす)
作り返す	(つくりかえす)
作り方	(つくりかた)
作り付け	(つくりつけ)
作り話	(つくりばなし)
作り機嫌	(つくりきげん)
作り酒屋	(つくりざかや)
作り立てる	(つくりたてる)
作り盲	(つくりめくら)
作り眉	(つくりまゆ)
作り名	(つくりな)
作り木	(つくりぎ)
作り泣き	(つくりなき)
作り上げる	(つくりあげる)
作り身	(つくりみ)
作り声	(つくりごえ)
作り事	(つくりごと)
作り手	(つくりて)
作り損じる	(つくりそんじる)
作り損なう	(つくりそこなう,つくりぞこなう)
作り替える	(つくりかえる)
作り物	(つくりもの,つくりもん)
作り笑い	(つくりわらい)
作り言	(つくりごと)
作り顔	(つくりがお)
作り直す	(つくりなおす)
作る	(つくる)
作柄	(さくがら)
作病	(さくびょう)
作場	(さくば)
作成	(さくせい)
作成技術	(さくせいぎじゅつ)
作成者	(さくせいしゃ)
作詞	(さくし)
作当たり	(さくあたり)
作動	(さどう)
作法	(さほう,さくほう)
作風	(さくふう)
作付	(さくづけ,さくつけ)
作付け	(さくづけ,さくつけ)
作歌	(さっか)
作家	(さっか)
作例	(さくれい)
作男	(さくおとこ)
作品	(さくひん)
作譜	(さくふ)
作曲	(さっきょく)
作曲家	(さっきょくか)
作曲者	(さっきょくしゃ)
作詩	(さくし)
作詩法	(さくしほう)
作図	(さくず)
作土	(さくど)
作為	(さくい)
作文	(さくぶん)
作物	(さくぶつ)
作務衣	(さむえ,さむい)
作興	(さっこう)
作業	(さぎょう)
作業グループ	(さぎょうグループ)
作業部会	(さぎょうぶかい)
作業部会案	(さぎょうぶかいあん)
作業場	(さぎょうば)
作業費	(さぎょうひ)
作業服	(さぎょうふく)
作業療法	(さぎょうりょうほう)
作業領域	(さぎょうりょういき)
作業衣	(さぎょうい)
作業用	(さぎょうよう)
作意	(さくい)
作用	(さよう)
作用積分	(さようせきぶん)
作戦	(さくせん)
作戦オーバーレー	(さくせんオーバーレー)
作戦地域	(さくせんちいき)
作戦計画	(さくせんけいかく)
作戦命令	(さくせんめいれい)
作戦上	(さくせんじょう)
作者	(さくしゃ)
作者未詳	(さくしゃみしょう)
作製	(さくせい)
坐りこむ	(すわりこむ)
坐り込む	(すわりこむ)
坐る	(すわる)
坐わる	(すわる)
坐禅	(ざぜん)
坐敷	(ざしき)
坐高	(ざこう)
坐蒲団	(ざぶとん)
坐席	(ざせき)
坐薬	(ざやく)
座	(ざ)
座ぶとん	(ざぶとん)
座りこむ	(すわりこむ)
座り込み	(すわりこみ)
座り込む	(すわりこむ)
座る	(すわる)
座わる	(すわる)
座標変換	(ざひょうへんかん)
座標系	(ざひょうけい)
座標軸	(ざひょうじく)
座布団	(ざぶとん)
座禅	(ざぜん)
座長	(ざちょう)
座敷	(ざしき)
座高	(ざこう)
座技	(すわりわざ)
座金	(ざがね)
座蒲団	(ざぶとん)
座談会	(ざだんかい)
座席	(ざせき)
座席表	(ざせきひょう)
座席番号	(ざせきばんごう)
座興	(ざきょう)
座薬	(ざやく)
座右	(ざゆう,ざう)
座右の銘	(ざゆうのめい)
座右銘	(ざゆうめい,ざうめい)
做す	(なす,さくす)
酢	(す)
酢づけ	(すづけ)
酢のもの	(すのもの)
酢の物	(すのもの)
酢酸	(さくさん)
酢桃	(すもも,スモモ)
酢豚	(すぶた)
酢漬	(すづけ)
酢漬け	(すづけ)
蓙	(ござ)
桛	(かせ)
﨟纈染	(ろうけつぞめ)
